task_type,gate_type,seed,q0,q1,separation,method,chi_max,chi0,theta,x_fraction,special_angle,substeps,infidelity,phase_aligned_error_exact,phase_aligned_error_selfref,norm_loss,norm_drift,max_bond,bond_profile,param_count,runtime_s,discarded_weight,variational_converged,variational_failed,failure_message,source
angle_sweep,rzz,11,2,9,7,hybrid_tdvp,8,8,0.0006283185307179,0.0001,0,1,6.246974970647301e-08,,,4.753851978733792e-09,4.753852311800699e-09,8,"[1, 2, 4, 8, 8, 8, 8, 8, 8, 8, 4, 2, 1]",936,0.1918705939897336,1.9015416880857152e-08,,,,corrected_campaign
angle_sweep,rzz,11,2,9,7,tebd_swap,8,8,0.0006283185307179,0.0001,0,1,0.2997672691096946,,,0.1986514720720463,0.1986514720720463,8,"[1, 2, 4, 8, 8, 8, 8, 8, 8, 8, 4, 2, 1]",936,0.0100637680152431,1.0547089884533776,,,,corrected_campaign
angle_sweep,rzz,11,2,9,7,mpo_zipup,8,8,0.0006283185307179,0.0001,0,1,6.247072414922172e-08,,,3.123536274074468e-08,3.1235362851766986e-08,8,"[1, 2, 4, 8, 8, 8, 8, 8, 8, 8, 4, 2, 1]",936,0.0138224289985373,1.249414493247984e-07,,,,corrected_campaign
angle_sweep,rzz,11,2,9,7,variational_mpo,8,8,0.0006283185307179,0.0001,0,1,6.247072370513251e-08,,,0.0,3.3306690738754696e-16,8,"[1, 2, 4, 8, 8, 8, 8, 8, 8, 8, 4, 2, 1]",936,1.5608367570093833,0.0,1.0,0.0,best_init=zipup,corrected_campaign
angle_sweep,rzz,11,2,9,7,hybrid_tdvp,8,8,0.0009222454792211,0.0001467799267622,0,1,1.345920687123581e-07,,,1.0242524273174071e-08,1.0242524828285582e-08,8,"[1, 2, 4, 8, 8, 8, 8, 8, 8, 8, 4, 2, 1]",936,0.1115061179734766,4.097010610619794e-08,,,,corrected_campaign
angle_sweep,rzz,11,2,9,7,tebd_swap,8,8,0.0009222454792211,0.0001467799267622,0,1,0.299767907547655,,,0.1986519590578342,0.1986519590578348,8,"[1, 2, 4, 8, 8, 8, 8, 8, 8, 8, 4, 2, 1]",936,0.0029467360000126,1.0547071754782025,,,,corrected_campaign
angle_sweep,rzz,11,2,9,7,mpo_zipup,8,8,0.0009222454792211,0.0001467799267622,0,1,1.3459658854131362e-07,,,6.729829504781294e-08,6.729829549190215e-08,8,"[1, 2, 4, 8, 8, 8, 8, 8, 8, 8, 4, 2, 1]",936,0.0040928809903562,2.691931883900597e-07,,,,corrected_campaign
angle_sweep,rzz,11,2,9,7,variational_mpo,8,8,0.0009222454792211,0.0001467799267622,0,1,1.3459658909642513e-07,,,-4.440892098500626e-16,1.1102230246251563e-16,8,"[1, 2, 4, 8, 8, 8, 8, 8, 8, 8, 4, 2, 1]",936,1.5100145820179025,0.0,1.0,0.0,best_init=zipup,corrected_campaign
angle_sweep,rzz,11,2,9,7,hybrid_tdvp,8,8,0.0013536712389686,0.0002154434690031,0,1,2.899855690019493e-07,,,2.2068933125396484e-08,2.206893345846339e-08,8,"[1, 2, 4, 8, 8, 8, 8, 8, 8, 8, 4, 2, 1]",936,0.0198865949641913,8.827575263103752e-08,,,,corrected_campaign
angle_sweep,rzz,11,2,9,7,tebd_swap,8,8,0.0013536712389686,0.0002154434690031,0,1,0.2997688777695051,,,0.1986526921524047,0.1986526921524048,8,"[1, 2, 4, 8, 8, 8, 8, 8, 8, 8, 4, 2, 1]",936,0.0030435129883699,1.0547045676356943,,,,corrected_campaign
angle_sweep,rzz,11,2,9,7,mpo_zipup,8,8,0.0013536712389686,0.0002154434690031,0,1,2.90006561876055e-07,,,1.4500329281741386e-07,1.4500329370559228e-07,8,"[1, 2, 4, 8, 8, 8, 8, 8, 8, 8, 4, 2, 1]",936,0.0078909280127845,5.800131742692555e-07,,,,corrected_campaign
angle_sweep,rzz,11,2,9,7,variational_mpo,8,8,0.0013536712389686,0.0002154434690031,0,1,2.900065617650327e-07,,,-8.881784197001252e-16,6.661338147750939e-16,8,"[1, 2, 4, 8, 8, 8, 8, 8, 8, 8, 4, 2, 1]",936,0.9823352320236154,0.0,1.0,0.0,best_init=zipup,corrected_campaign
angle_sweep,rzz,11,2,9,7,hybrid_tdvp,8,8,0.0019869176531592,0.0003162277660168,0,1,6.248034092326549e-07,,,4.755268656619904e-08,4.7552686788243654e-08,8,"[1, 2, 4, 8, 8, 8, 8, 8, 8, 8, 4, 2, 1]",936,0.0330249129910953,1.9021074873286216e-07,,,,corrected_campaign
angle_sweep,rzz,11,2,9,7,tebd_swap,8,8,0.0019869176531592,0.0003162277660168,0,1,0.2997703731723299,,,0.1986538075373073,0.1986538075373077,8,"[1, 2, 4, 8, 8, 8, 8, 8, 8, 8, 4, 2, 1]",936,0.0076641060295514,1.0547008546039245,,,,corrected_campaign
angle_sweep,rzz,11,2,9,7,mpo_zipup,8,8,0.0019869176531592,0.0003162277660168,0,1,6.249009406600337e-07,,,3.124505173479619e-07,3.124505179030735e-07,8,"[1, 2, 4, 8, 8, 8, 8, 8, 8, 8, 4, 2, 1]",936,0.006667491979897,1.2498021185031585e-06,,,,corrected_campaign
angle_sweep,rzz,11,2,9,7,variational_mpo,8,8,0.0019869176531592,0.0003162277660168,0,1,6.249009399938998e-07,,,-4.440892098500626e-16,0.0,8,"[1, 2, 4, 8, 8, 8, 8, 8, 8, 8, 4, 2, 1]",936,1.4560504849650897,0.0,1.0,0.0,best_init=zipup,corrected_campaign
angle_sweep,rzz,11,2,9,7,hybrid_tdvp,8,8,0.0029163962761324,0.0004641588833612,0,1,1.3462450033641105e-06,,,1.0247008108699165e-07,1.0247008208619236e-07,8,"[1, 2, 4, 8, 8, 8, 8, 8, 8, 8, 4, 2, 1]",936,0.0664100960129872,4.098803494943132e-07,,,,corrected_campaign
angle_sweep,rzz,11,2,9,7,tebd_swap,8,8,0.0029163962761324,0.0004641588833612,0,1,0.2997727216031093,,,0.1986555292510824,0.1986555292510831,8,"[1, 2, 4, 8, 8, 8, 8, 8, 8, 8, 4, 2, 1]",936,0.0028591530281119,1.054695652021705,,,,corrected_campaign
angle_sweep,rzz,11,2,9,7,mpo_zipup,8,8,0.0029163962761324,0.0004641588833612,0,1,1.3466984269960849e-06,,,6.733494399835394e-07,6.733494404276286e-07,8,"[1, 2, 4, 8, 8, 8, 8, 8, 8, 8, 4, 2, 1]",936,0.0042115920223295,2.6933979633943445e-06,,,,corrected_campaign
angle_sweep,rzz,11,2,9,7,variational_mpo,8,8,0.0029163962761324,0.0004641588833612,0,1,1.3466984263299508e-06,,,-4.440892098500626e-16,1.1102230246251563e-16,8,"[1, 2, 4, 8, 8, 8, 8, 8, 8, 8, 4, 2, 1]",936,0.954620857955888,0.0,1.0,0.0,best_init=zipup,corrected_campaign
angle_sweep,rzz,11,2,9,7,hybrid_tdvp,8,8,0.0042806843182029,0.0006812920690579,0,1,2.900831910568336e-06,,,2.208315076357437e-07,2.20831508856989e-07,8,"[1, 2, 4, 8, 8, 8, 8, 8, 8, 8, 4, 2, 1]",936,0.3207720009959303,8.833261045726775e-07,,,,corrected_campaign
angle_sweep,rzz,11,2,9,7,tebd_swap,8,8,0.0042806843182029,0.0006812920690579,0,1,0.2997764987907845,,,0.1986582378462145,0.1986582378462148,8,"[1, 2, 4, 8, 8, 8, 8, 8, 8, 8, 4, 2, 1]",936,0.0074515400337986,1.0546885492017997,,,,corrected_campaign
angle_sweep,rzz,11,2,9,7,mpo_zipup,8,8,0.0042806843182029,0.0006812920690579,0,1,2.9029425093751726e-06,,,1.4514723088998591e-06,1.4514723093439486e-06,8,"[1, 2, 4, 8, 8, 8, 8, 8, 8, 8, 4, 2, 1]",936,0.0046792099601589,5.805890171604346e-06,,,,corrected_campaign
angle_sweep,rzz,11,2,9,7,variational_mpo,8,8,0.0042806843182029,0.0006812920690579,0,1,2.9029425101523287e-06,,,-6.661338147750939e-16,2.220446049250313e-16,8,"[1, 2, 4, 8, 8, 8, 8, 8, 8, 8, 4, 2, 1]",936,0.8472057710168883,0.0,1.0,0.0,best_init=zipup,corrected_campaign
angle_sweep,rzz,11,2,9,7,hybrid_tdvp,8,8,0.0062831853071795,0.001,0,1,6.2508908404979024e-06,,,-4.440892098500626e-16,1.1102230246251563e-16,8,"[1, 2, 4, 8, 8, 8, 8, 8, 8, 8, 4, 2, 1]",936,0.0713908289908431,1.9039124345029092e-06,,,,corrected_campaign
angle_sweep,rzz,11,2,9,7,tebd_swap,8,8,0.0062831853071795,0.001,0,1,0.2997827526698399,,,0.1986626022937603,0.1986626022937609,8,"[1, 2, 4, 8, 8, 8, 8, 8, 8, 8, 4, 2, 1]",936,0.0044317130232229,1.0546792747077298,,,,corrected_campaign
angle_sweep,rzz,11,2,9,7,mpo_zipup,8,8,0.0062831853071795,0.001,0,1,6.260737729357757e-06,,,3.1303737638710416e-06,3.130373763982064e-06,8,"[1, 2, 4, 8, 8, 8, 8, 8, 8, 8, 4, 2, 1]",936,0.0092266359715722,1.2521499397578749e-05,,,,corrected_campaign
angle_sweep,rzz,11,2,9,7,variational_mpo,8,8,0.0062831853071795,0.001,0,1,6.260737729357757e-06,,,1.1102230246251563e-16,1.1102230246251563e-16,8,"[1, 2, 4, 8, 8, 8, 8, 8, 8, 8, 4, 2, 1]",936,1.5073946209740825,0.0,1.0,0.0,best_init=zipup,corrected_campaign
angle_sweep,rzz,11,2,9,7,hybrid_tdvp,8,8,0.0092224547922119,0.001467799267622,0,1,1.347040647969866e-05,,,3.3306690738754696e-16,2.220446049250313e-16,8,"[1, 2, 4, 8, 8, 8, 8, 8, 8, 8, 4, 2, 1]",936,0.2259840360493399,4.104539775948792e-06,,,,corrected_campaign
angle_sweep,rzz,11,2,9,7,tebd_swap,8,8,0.0092224547922119,0.001467799267622,0,1,0.2997934560906231,,,0.1986698392375402,0.1986698392375402,8,"[1, 2, 4, 8, 8, 8, 8, 8, 8, 8, 4, 2, 1]",936,0.0083351020002737,1.0546681461471372,,,,corrected_campaign
angle_sweep,rzz,11,2,9,7,mpo_zipup,8,8,0.0092224547922119,0.001467799267622,0,1,1.3516527340939888e-05,,,6.758286505426092e-06,6.758286505537114e-06,8,"[1, 2, 4, 8, 8, 8, 8, 8, 8, 8, 4, 2, 1]",936,0.0103396490449085,2.7033166033635845e-05,,,,corrected_campaign
angle_sweep,rzz,11,2,9,7,variational_mpo,8,8,0.0092224547922119,0.001467799267622,0,1,1.3516527340939888e-05,,,-2.220446049250313e-16,2.220446049250313e-16,8,"[1, 2, 4, 8, 8, 8, 8, 8, 8, 8, 4, 2, 1]",936,1.1525487549952231,0.0,1.0,0.0,best_init=zipup,corrected_campaign
angle_sweep,rzz,11,2,9,7,hybrid_tdvp,8,8,0.0135367123896863,0.0021544346900318,0,1,2.902842296881314e-05,,,-6.661338147750939e-16,1.1102230246251563e-16,8,"[1, 2, 4, 8, 8, 8, 8, 8, 8, 8, 4, 2, 1]",936,0.0304324940079823,8.851509733726027e-06,,,,corrected_campaign
angle_sweep,rzz,11,2,9,7,tebd_swap,8,8,0.0135367123896863,0.0021544346900318,0,1,0.2998124335314477,,,0.1986822306265906,0.198682230626591,8,"[1, 2, 4, 8, 8, 8, 8, 8, 8, 8, 4, 2, 1]",936,0.0029450299916788,1.054657178302635,,,,corrected_campaign
angle_sweep,rzz,11,2,9,7,mpo_zipup,8,8,0.0135367123896863,0.0021544346900318,0,1,2.92455083390486e-05,,,1.4622861083335437e-05,1.462286108355748e-05,8,"[1, 2, 4, 8, 8, 8, 8, 8, 8, 8, 4, 2, 1]",936,0.0163398970034904,5.849153579362012e-05,,,,corrected_campaign
angle_sweep,rzz,11,2,9,7,variational_mpo,8,8,0.0135367123896863,0.0021544346900318,0,1,2.9245508337827356e-05,,,0.0,3.3306690738754696e-16,8,"[1, 2, 4, 8, 8, 8, 8, 8, 8, 8, 4, 2, 1]",936,1.1100379929994233,0.0,1.0,0.0,best_init=zipup,corrected_campaign
angle_sweep,rzz,11,2,9,7,hybrid_tdvp,8,8,0.0198691765315922,0.0031622776601683,0,1,6.254863573262881e-05,,,-1.3322676295501878e-15,6.661338147750939e-16,8,"[1, 2, 4, 8, 8, 8, 8, 8, 8, 8, 4, 2, 1]",936,0.0766023640171624,1.9097195455007367e-05,,,,corrected_campaign
angle_sweep,rzz,11,2,9,7,tebd_swap,8,8,0.0198691765315922,0.0031622776601683,0,1,0.2998472736589743,,,0.1987041658251804,0.1987041658251807,8,"[1, 2, 4, 8, 8, 8, 8, 8, 8, 8, 4, 2, 1]",936,0.0100370430154725,1.054652680431694,,,,corrected_campaign
angle_sweep,rzz,11,2,9,7,mpo_zipup,8,8,0.0198691765315922,0.0031622776601683,0,1,6.356557733278034e-05,,,3.178329375541633e-05,3.178329375586042e-05,8,"[1, 2, 4, 8, 8, 8, 8, 8, 8, 8, 4, 2, 1]",936,0.0135559500195086,0.0001271335841696,,,,corrected_campaign
angle_sweep,rzz,11,2,9,7,variational_mpo,8,8,0.0198691765315922,0.0031622776601683,0,1,6.356557733377954e-05,,,-6.661338147750939e-16,0.0,8,"[1, 2, 4, 8, 8, 8, 8, 8, 8, 8, 4, 2, 1]",936,1.1348333100322634,0.0,1.0,0.0,best_init=zipup,corrected_campaign
angle_sweep,rzz,11,2,9,7,hybrid_tdvp,8,8,0.0291639627613246,0.0046415888336127,0,1,0.0001347165151596,,,-4.440892098500626e-16,2.220446049250313e-16,8,"[1, 2, 4, 8, 8, 8, 8, 8, 8, 8, 4, 2, 1]",936,0.1074633459793403,4.122994195075445e-05,,,,corrected_campaign
angle_sweep,rzz,11,2,9,7,tebd_swap,8,8,0.0291639627613246,0.0046415888336127,0,1,0.2999132820302415,,,0.1987442402648032,0.1987442402648035,8,"[1, 2, 4, 8, 8, 8, 8, 8, 8, 8, 4, 2, 1]",936,0.0056089030113071,1.054671168311099,,,,corrected_campaign
angle_sweep,rzz,11,2,9,7,mpo_zipup,8,8,0.0291639627613246,0.0046415888336127,0,1,0.0001391389593482,,,6.957189979706069e-05,6.957189979717171e-05,8,"[1, 2, 4, 8, 8, 8, 8, 8, 8, 8, 4, 2, 1]",936,0.0083799980347976,0.0002782893125407,,,,corrected_campaign
angle_sweep,rzz,11,2,9,7,variational_mpo,8,8,0.0291639627613246,0.0046415888336127,0,1,0.0001391389593486,,,1.1102230246251563e-16,1.1102230246251563e-16,8,"[1, 2, 4, 8, 8, 8, 8, 8, 8, 8, 4, 2, 1]",936,1.2571029860409908,0.0,1.0,0.0,best_init=zipup,corrected_campaign
angle_sweep,rzz,11,2,9,7,hybrid_tdvp,8,8,0.0428068431820296,0.0068129206905796,0,1,0.0002897825444553,,,-4.440892098500626e-16,4.440892098500626e-16,8,"[1, 2, 4, 8, 8, 8, 8, 8, 8, 8, 4, 2, 1]",936,0.3395382529706694,8.909950360540293e-05,,,,corrected_campaign
angle_sweep,rzz,11,2,9,7,tebd_swap,8,8,0.0428068431820296,0.0068129206905796,0,1,0.3000415831524915,,,0.1988194415064702,0.1988194415064705,8,"[1, 2, 4, 8, 8, 8, 8, 8, 8, 8, 4, 2, 1]",936,0.0046840099967084,1.054752542804428,,,,corrected_campaign
angle_sweep,rzz,11,2,9,7,mpo_zipup,8,8,0.0428068431820296,0.0068129206905796,0,1,0.0003039777345842,,,0.000152000419355,0.0001520004193555,8,"[1, 2, 4, 8, 8, 8, 8, 8, 8, 8, 4, 2, 1]",936,0.0133760959724895,0.0006080078701138,,,,corrected_campaign
angle_sweep,rzz,11,2,9,7,variational_mpo,8,8,0.0428068431820296,0.0068129206905796,0,1,0.000303977734585,,,-6.661338147750939e-16,0.0,8,"[1, 2, 4, 8, 8, 8, 8, 8, 8, 8, 4, 2, 1]",936,1.552305402001366,0.0,1.0,0.0,best_init=zipup,corrected_campaign
angle_sweep,rzz,11,2,9,7,hybrid_tdvp,8,8,0.0628318530717958,0.01,0,1,0.0006213018276534,,,-4.440892098500626e-16,1.1102230246251563e-16,8,"[1, 2, 4, 8, 8, 8, 8, 8, 8, 8, 4, 2, 1]",936,0.3927643810166046,0.0001928179922821,,,,corrected_campaign
angle_sweep,rzz,11,2,9,7,tebd_swap,8,8,0.0628318530717958,0.01,0,1,0.3002952900642627,,,0.1989632819908841,0.1989632819908844,8,"[1, 2, 4, 8, 8, 8, 8, 8, 8, 8, 4, 2, 1]",936,0.0056346970377489,1.0549888136952044,,,,corrected_campaign
angle_sweep,rzz,11,2,9,7,mpo_zipup,8,8,0.0628318530717958,0.01,0,1,0.0006531319983754,,,0.0003266193392834,0.000326619339284,8,"[1, 2, 4, 8, 8, 8, 8, 8, 8, 8, 4, 2, 1]",936,0.013896032993216,0.0013065025600928,,,,corrected_campaign
angle_sweep,rzz,11,2,9,7,variational_mpo,8,8,0.0628318530717958,0.01,0,1,0.0006531319983752,,,-6.661338147750939e-16,2.220446049250313e-16,8,"[1, 2, 4, 8, 8, 8, 8, 8, 8, 8, 4, 2, 1]",936,2.7660845649661496,0.0,1.0,0.0,best_init=zipup,corrected_campaign
angle_sweep,rzz,11,2,9,7,hybrid_tdvp,8,8,0.0922245479221194,0.0146779926762206,0,1,0.0013214663894292,,,-6.661338147750939e-16,1.1102230246251563e-16,8,"[1, 2, 4, 8, 8, 8, 8, 8, 8, 8, 4, 2, 1]",936,0.5599040869856253,0.0004181247374123,,,,corrected_campaign
angle_sweep,rzz,11,2,9,7,tebd_swap,8,8,0.0922245479221194,0.0146779926762206,0,1,0.3007995376087278,,,0.1992405819776078,0.1992405819776083,8,"[1, 2, 4, 8, 8, 8, 8, 8, 8, 8, 4, 2, 1]",936,0.0022798629943281,1.0555841859629147,,,,corrected_campaign
angle_sweep,rzz,11,2,9,7,mpo_zipup,8,8,0.0922245479221194,0.0146779926762206,0,1,0.0014655664782624,,,0.0007330519216908,0.0007330519216913,8,"[1, 2, 4, 8, 8, 8, 8, 8, 8, 8, 4, 2, 1]",936,0.0041167309973388,0.0029324816146278,,,,corrected_campaign
angle_sweep,rzz,11,2,9,7,variational_mpo,8,8,0.0922245479221194,0.0146779926762206,0,1,0.0014655664782624,,,-6.661338147750939e-16,2.220446049250313e-16,8,"[1, 2, 4, 8, 8, 8, 8, 8, 8, 8, 4, 2, 1]",936,1.6829989799880425,0.0,1.0,0.0,best_init=zipup,corrected_campaign
angle_sweep,rzz,11,2,9,7,hybrid_tdvp,8,8,0.1353671238968632,0.0215443469003188,0,1,0.0027544628056772,,,-1.1102230246251563e-15,4.440892098500626e-16,8,"[1, 2, 4, 8, 8, 8, 8, 8, 8, 8, 4, 2, 1]",936,0.0858251029858365,0.0009067078704517,,,,corrected_campaign
angle_sweep,rzz,11,2,9,7,tebd_swap,8,8,0.1353671238968632,0.0215443469003188,0,1,0.3017864704665419,,,0.1997694980749337,0.1997694980749338,8,"[1, 2, 4, 8, 8, 8, 8, 8, 8, 8, 4, 2, 1]",936,0.0092608580016531,1.056967173505525,,,,corrected_campaign
angle_sweep,rzz,11,2,9,7,mpo_zipup,8,8,0.1353671238968632,0.0215443469003188,0,1,0.0024640813020463,,,0.0012328005496188,0.0012328005496198,8,"[1, 2, 4, 8, 8, 8, 8, 8, 8, 8, 4, 2, 1]",936,0.0052518830052576,0.0049324507593743,,,,corrected_campaign
angle_sweep,rzz,11,2,9,7,variational_mpo,8,8,0.1353671238968632,0.0215443469003188,0,1,0.0024640813020456,,,-6.661338147750939e-16,0.0,8,"[1, 2, 4, 8, 8, 8, 8, 8, 8, 8, 4, 2, 1]",936,1.3548801590222863,0.0,1.0,0.0,best_init=zipup,corrected_campaign
angle_sweep,rzz,11,2,9,7,hybrid_tdvp,8,8,0.198691765315922,0.0316227766016837,0,1,0.0054264459280924,,,-6.661338147750939e-16,2.220446049250313e-16,8,"[1, 2, 4, 8, 8, 8, 8, 8, 8, 8, 4, 2, 1]",936,0.0940956010017544,0.0019281312320127,,,,corrected_campaign
angle_sweep,rzz,11,2,9,7,tebd_swap,8,8,0.198691765315922,0.0316227766016837,0,1,0.3036101855432221,,,0.200728281628597,0.2007282816285976,8,"[1, 2, 4, 8, 8, 8, 8, 8, 8, 8, 4, 2, 1]",936,0.0036263589863665,1.0599130906504437,,,,corrected_campaign
angle_sweep,rzz,11,2,9,7,mpo_zipup,8,8,0.198691765315922,0.0316227766016837,0,1,0.0037745889467134,,,0.0018890787826808,0.0018890787826817,8,"[1, 2, 4, 8, 8, 8, 8, 8, 8, 8, 4, 2, 1]",936,0.0096233470248989,0.0075594285588539,,,,corrected_campaign
angle_sweep,rzz,11,2,9,7,variational_mpo,8,8,0.198691765315922,0.0316227766016837,0,1,0.0037745889467124,,,-8.881784197001252e-16,0.0,8,"[1, 2, 4, 8, 8, 8, 8, 8, 8, 8, 4, 2, 1]",936,2.368405221030116,0.0,1.0,0.0,best_init=zipup,corrected_campaign
angle_sweep,rzz,11,2,9,7,hybrid_tdvp,8,8,0.2916396276132463,0.0464158883361277,0,1,0.0085801125535668,,,-6.661338147750939e-16,0.0,8,"[1, 2, 4, 8, 8, 8, 8, 8, 8, 8, 4, 2, 1]",936,0.2277110660215839,0.0039207589351207,,,,corrected_campaign
angle_sweep,rzz,11,2,9,7,tebd_swap,8,8,0.2916396276132463,0.0464158883361277,0,1,0.3064288113829757,,,0.202113419991984,0.2021134199919845,8,"[1, 2, 4, 8, 8, 8, 8, 8, 8, 8, 4, 2, 1]",936,0.0036354210460558,1.0652194614645136,,,,corrected_campaign
angle_sweep,rzz,11,2,9,7,mpo_zipup,8,8,0.2916396276132463,0.0464158883361277,0,1,0.0061373756424778,,,0.0030734107480505,0.0030734107480511,8,"[1, 2, 4, 8, 8, 8, 8, 8, 8, 8, 4, 2, 1]",936,0.0085022550192661,0.0123018011185006,,,,corrected_campaign
angle_sweep,rzz,11,2,9,7,variational_mpo,8,8,0.2916396276132463,0.0464158883361277,0,1,0.0061373756424766,,,-4.440892098500626e-16,1.1102230246251563e-16,8,"[1, 2, 4, 8, 8, 8, 8, 8, 8, 8, 4, 2, 1]",936,1.6416683330317028,0.0,1.0,0.0,best_init=zipup,corrected_campaign
angle_sweep,rzz,11,2,9,7,hybrid_tdvp,8,8,0.4280684318202959,0.068129206905796,0,1,0.0116247371946582,,,-1.1102230246251563e-15,0.0,8,"[1, 2, 4, 8, 8, 8, 8, 8, 8, 8, 4, 2, 1]",936,0.0766764719737693,0.0065550436932519,,,,corrected_campaign
angle_sweep,rzz,11,2,9,7,tebd_swap,8,8,0.4280684318202959,0.068129206905796,0,1,0.310178405609378,,,0.2030873080506984,0.2030873080506989,8,"[1, 2, 4, 8, 8, 8, 8, 8, 8, 8, 4, 2, 1]",936,0.006787443999201,1.073743665917952,,,,corrected_campaign
angle_sweep,rzz,11,2,9,7,mpo_zipup,8,8,0.4280684318202959,0.068129206905796,0,1,0.010166906759734,,,0.0050964402313801,0.0050964402313808,8,"[1, 2, 4, 8, 8, 8, 8, 8, 8, 8, 4, 2, 1]",936,0.0063924900023266,0.0204081264529756,,,,corrected_campaign
angle_sweep,rzz,11,2,9,7,variational_mpo,8,8,0.4280684318202959,0.068129206905796,0,1,0.0101669067597339,,,-4.440892098500626e-16,4.440892098500626e-16,8,"[1, 2, 4, 8, 8, 8, 8, 8, 8, 8, 4, 2, 1]",936,1.5974000970018096,0.0,1.0,0.0,best_init=zipup,corrected_campaign
angle_sweep,rzz,11,2,9,7,hybrid_tdvp,8,8,0.6283185307179586,0.1,0,1,0.0195098442638025,,,-8.881784197001252e-16,2.220446049250313e-16,8,"[1, 2, 4, 8, 8, 8, 8, 8, 8, 8, 4, 2, 1]",936,0.0599554129876196,0.0104812339418805,,,,corrected_campaign
angle_sweep,rzz,11,2,9,7,tebd_swap,8,8,0.6283185307179586,0.1,0,1,0.309515640788113,,,0.2040566101530939,0.2040566101530944,8,"[1, 2, 4, 8, 8, 8, 8, 8, 8, 8, 4, 2, 1]",936,0.0038429549895226,1.0873484199459091,,,,corrected_campaign
angle_sweep,rzz,11,2,9,7,mpo_zipup,8,8,0.6283185307179586,0.1,0,1,0.0155420086489705,,,0.0078014355225922,0.0078014355225928,8,"[1, 2, 4, 8, 8, 8, 8, 8, 8, 8, 4, 2, 1]",936,0.0093088769936002,0.0312586585143764,,,,corrected_campaign
angle_sweep,rzz,11,2,9,7,variational_mpo,8,8,0.6283185307179586,0.1,0,1,0.0155420086489707,,,-6.661338147750939e-16,4.440892098500626e-16,8,"[1, 2, 4, 8, 8, 8, 8, 8, 8, 8, 4, 2, 1]",936,1.3807658409932628,0.0,1.0,0.0,best_init=zipup,corrected_campaign
angle_sweep,rzz,11,2,9,7,hybrid_tdvp,8,8,0.9222454792211944,0.1467799267622069,0,1,0.0314686046295084,,,-4.440892098500626e-16,4.440892098500626e-16,8,"[1, 2, 4, 8, 8, 8, 8, 8, 8, 8, 4, 2, 1]",936,0.0711312929634004,0.0171321644108131,,,,corrected_campaign
angle_sweep,rzz,11,2,9,7,tebd_swap,8,8,0.9222454792211944,0.1467799267622069,0,1,0.3137719672458483,,,0.2074390539588405,0.2074390539588414,8,"[1, 2, 4, 8, 8, 8, 8, 8, 8, 8, 4, 2, 1]",936,0.0054065299918875,1.1086675660764935,,,,corrected_campaign
angle_sweep,rzz,11,2,9,7,mpo_zipup,8,8,0.9222454792211944,0.1467799267622069,0,1,0.0221401395713665,,,0.011132030841006,0.0111320308410067,8,"[1, 2, 4, 8, 8, 8, 8, 8, 8, 8, 4, 2, 1]",936,0.0055644230451434,0.0446371087637549,,,,corrected_campaign
angle_sweep,rzz,11,2,9,7,variational_mpo,8,8,0.9222454792211944,0.1467799267622069,0,1,0.022140139571367,,,-6.661338147750939e-16,3.3306690738754696e-16,8,"[1, 2, 4, 8, 8, 8, 8, 8, 8, 8, 4, 2, 1]",936,1.434149692999199,0.0,1.0,0.0,best_init=zipup,corrected_campaign
angle_sweep,rzz,11,2,9,7,hybrid_tdvp,8,8,1.353671238968633,0.2154434690031882,0,1,0.0453262062492486,,,-2.220446049250313e-16,5.551115123125784e-16,8,"[1, 2, 4, 8, 8, 8, 8, 8, 8, 8, 4, 2, 1]",936,0.3916122849914245,0.0270781179873648,,,,corrected_campaign
angle_sweep,rzz,11,2,9,7,tebd_swap,8,8,1.353671238968633,0.2154434690031882,0,1,0.3271362848446402,,,0.2167051994737411,0.2167051994737411,8,"[1, 2, 4, 8, 8, 8, 8, 8, 8, 8, 4, 2, 1]",936,0.0030216720188036,1.1433138972064487,,,,corrected_campaign
angle_sweep,rzz,11,2,9,7,mpo_zipup,8,8,1.353671238968633,0.2154434690031882,0,1,0.0286051576844919,,,0.0144063503068296,0.0144063503068303,8,"[1, 2, 4, 8, 8, 8, 8, 8, 8, 8, 4, 2, 1]",936,0.0061544609488919,0.0578095196967732,,,,corrected_campaign
angle_sweep,rzz,11,2,9,7,variational_mpo,8,8,1.353671238968633,0.2154434690031882,0,1,0.0286051576844914,,,-6.661338147750939e-16,1.1102230246251563e-16,8,"[1, 2, 4, 8, 8, 8, 8, 8, 8, 8, 4, 2, 1]",936,1.7370769339613616,0.0,1.0,0.0,best_init=zipup,corrected_campaign
angle_sweep,rzz,11,2,9,7,hybrid_tdvp,8,8,1.9869176531592203,0.3162277660168379,0,1,0.058730841743553,,,-4.440892098500626e-16,0.0,8,"[1, 2, 4, 8, 8, 8, 8, 8, 8, 8, 4, 2, 1]",936,0.1735412799753248,0.0394494426594772,,,,corrected_campaign
angle_sweep,rzz,11,2,9,7,tebd_swap,8,8,1.9869176531592203,0.3162277660168379,0,1,0.3244446186793684,,,0.2184634408415928,0.2184634408415934,8,"[1, 2, 4, 8, 8, 8, 8, 8, 8, 8, 4, 2, 1]",936,0.0032301269820891,1.1396068976380185,,,,corrected_campaign
angle_sweep,rzz,11,2,9,7,mpo_zipup,8,8,1.9869176531592203,0.3162277660168379,0,1,0.0264642774510356,,,0.0133208613997348,0.0133208613997353,8,"[1, 2, 4, 8, 8, 8, 8, 8, 8, 8, 4, 2, 1]",936,0.0041865240200422,0.0534410098125856,,,,corrected_campaign
angle_sweep,rzz,11,2,9,7,variational_mpo,8,8,1.9869176531592203,0.3162277660168379,0,1,0.0264642774510363,,,-6.661338147750939e-16,2.220446049250313e-16,8,"[1, 2, 4, 8, 8, 8, 8, 8, 8, 8, 4, 2, 1]",936,1.630120344052557,0.0,1.0,0.0,best_init=zipup,corrected_campaign
angle_sweep,rzz,11,2,9,7,hybrid_tdvp,8,8,2.916396276132464,0.4641588833612777,0,1,0.060620627904339,,,-6.661338147750939e-16,1.1102230246251563e-16,8,"[1, 2, 4, 8, 8, 8, 8, 8, 8, 8, 4, 2, 1]",936,0.1143207210116088,0.0532273201797884,,,,corrected_campaign
angle_sweep,rzz,11,2,9,7,tebd_swap,8,8,2.916396276132464,0.4641588833612777,0,1,0.3054593451505493,,,0.2023211207455212,0.2023211207455216,8,"[1, 2, 4, 8, 8, 8, 8, 8, 8, 8, 4, 2, 1]",936,0.0045866279979236,1.0645347237524934,,,,corrected_campaign
angle_sweep,rzz,11,2,9,7,mpo_zipup,8,8,2.916396276132464,0.4641588833612777,0,1,0.0047420443720884,,,0.0023738397436112,0.0023738397436113,8,"[1, 2, 4, 8, 8, 8, 8, 8, 8, 8, 4, 2, 1]",936,0.0164883030229248,0.0095003337619382,,,,corrected_campaign
angle_sweep,rzz,11,2,9,7,variational_mpo,8,8,2.916396276132464,0.4641588833612777,0,1,0.0047420443720882,,,-2.220446049250313e-16,4.440892098500626e-16,8,"[1, 2, 4, 8, 8, 8, 8, 8, 8, 8, 4, 2, 1]",936,2.228074020007625,0.0,1.0,0.0,best_init=zipup,corrected_campaign
angle_sweep,rzz,11,2,9,7,hybrid_tdvp,8,8,4.280684318202959,0.6812920690579608,0,1,0.0439817924968271,,,2.220446049250313e-16,5.551115123125784e-16,8,"[1, 2, 4, 8, 8, 8, 8, 8, 8, 8, 4, 2, 1]",936,0.1374007779522799,0.0594428132230988,,,,corrected_campaign
angle_sweep,rzz,11,2,9,7,tebd_swap,8,8,4.280684318202959,0.6812920690579608,0,1,0.3208304295573354,,,0.2105197864433445,0.2105197864433449,8,"[1, 2, 4, 8, 8, 8, 8, 8, 8, 8, 4, 2, 1]",936,0.0044842169736512,1.1256410094155576,,,,corrected_campaign
angle_sweep,rzz,11,2,9,7,mpo_zipup,8,8,4.280684318202959,0.6812920690579608,0,1,0.0260523391423638,,,0.0131121335948839,0.013112133594884,8,"[1, 2, 4, 8, 8, 8, 8, 8, 8, 8, 4, 2, 1]",936,0.0056866799714043,0.0526002580614986,,,,corrected_campaign
angle_sweep,rzz,11,2,9,7,variational_mpo,8,8,4.280684318202959,0.6812920690579608,0,1,0.0260523391423639,,,-4.440892098500626e-16,1.1102230246251563e-16,8,"[1, 2, 4, 8, 8, 8, 8, 8, 8, 8, 4, 2, 1]",936,1.697445627010893,0.0,1.0,0.0,best_init=zipup,corrected_campaign
angle_sweep,rzz,11,2,9,7,hybrid_tdvp,8,8,1.5707963267948966,0.25,1,1,0.0509809079591878,,,-6.661338147750939e-16,0.0,8,"[1, 2, 4, 8, 8, 8, 8, 8, 8, 8, 4, 2, 1]",936,0.0772595220478251,0.0316989110231735,,,,corrected_campaign
angle_sweep,rzz,11,2,9,7,tebd_swap,8,8,1.5707963267948966,0.25,1,1,0.3278570487800646,,,0.2198677868974268,0.2198677868974272,8,"[1, 2, 4, 8, 8, 8, 8, 8, 8, 8, 4, 2, 1]",936,0.0065750260255299,1.148984645530133,,,,corrected_campaign
angle_sweep,rzz,11,2,9,7,mpo_zipup,8,8,1.5707963267948966,0.25,1,1,0.0294250883817844,,,0.0148223959010148,0.0148223959010151,8,"[1, 2, 4, 8, 8, 8, 8, 8, 8, 8, 4, 2, 1]",936,0.0040775010129436,0.059485560972783,,,,corrected_campaign
angle_sweep,rzz,11,2,9,7,variational_mpo,8,8,1.5707963267948966,0.25,1,1,0.0294250883817834,,,-2.220446049250313e-16,1.1102230246251563e-16,8,"[1, 2, 4, 8, 8, 8, 8, 8, 8, 8, 4, 2, 1]",936,2.4130529539543204,0.0,1.0,0.0,best_init=zipup,corrected_campaign
angle_sweep,rzz,11,2,9,7,hybrid_tdvp,8,8,3.141592653589793,0.5,1,1,0.0556110359578804,,,-8.881784197001252e-16,2.220446049250313e-16,8,"[1, 2, 4, 8, 8, 8, 8, 8, 8, 8, 4, 2, 1]",936,0.0962482710019685,0.0548069899755704,,,,corrected_campaign
angle_sweep,rzz,11,2,9,7,tebd_swap,8,8,3.141592653589793,0.5,1,1,0.2997659657171155,,,0.1986504649995423,0.1986504649995428,8,"[1, 2, 4, 8, 8, 8, 8, 8, 8, 8, 4, 2, 1]",936,0.009774231002666,1.0547129625349974,,,,corrected_campaign
angle_sweep,rzz,11,2,9,7,mpo_zipup,8,8,3.141592653589793,0.5,1,1,2.220446049250313e-16,,,1.887379141862766e-15,2.55351295663786e-15,8,"[1, 2, 4, 8, 8, 8, 8, 8, 8, 8, 4, 2, 1]",936,0.0043254040065221,1.1348423411752323e-31,,,,corrected_campaign
angle_sweep,rzz,11,2,9,7,variational_mpo,8,8,3.141592653589793,0.5,1,1,1.1102230246251563e-16,,,-6.661338147750939e-16,1.1102230246251563e-16,8,"[1, 2, 4, 8, 8, 8, 8, 8, 8, 8, 4, 2, 1]",936,0.3032058630487881,0.0,1.0,0.0,best_init=zipup,corrected_campaign
angle_sweep,rzz,11,2,9,7,hybrid_tdvp,8,8,6.283185307179586,1.0,1,1,0.0493965161844415,,,-4.440892098500626e-16,0.0,8,"[1, 2, 4, 8, 8, 8, 8, 8, 8, 8, 4, 2, 1]",936,0.4458866830100305,0.061104737209386,,,,corrected_campaign
angle_sweep,rzz,11,2,9,7,tebd_swap,8,8,6.283185307179586,1.0,1,1,0.2997659657171154,,,0.198650464999543,0.1986504649995436,8,"[1, 2, 4, 8, 8, 8, 8, 8, 8, 8, 4, 2, 1]",936,0.0056077649933286,1.0547129625349974,,,,corrected_campaign
angle_sweep,rzz,11,2,9,7,mpo_zipup,8,8,6.283185307179586,1.0,1,1,1.1102230246251563e-16,,,2.4424906541753444e-15,2.886579864025407e-15,8,"[1, 2, 4, 8, 8, 8, 8, 8, 8, 8, 4, 2, 1]",936,0.0062617509975098,4.5913030570503915e-32,,,,corrected_campaign
angle_sweep,rzz,11,2,9,7,variational_mpo,8,8,6.283185307179586,1.0,1,1,1.1102230246251563e-16,,,-4.440892098500626e-16,1.1102230246251563e-16,8,"[1, 2, 4, 8, 8, 8, 8, 8, 8, 8, 4, 2, 1]",936,0.0181247349828481,0.0,1.0,0.0,best_init=input,corrected_campaign
angle_sweep,rxx,11,2,9,7,hybrid_tdvp,8,8,0.0006283185307179,0.0001,0,1,4.3636138924441083e-08,0.0002088926525809,,3.257934144684782e-09,3.2579348108185964e-09,8,"[1, 2, 4, 8, 8, 8, 8, 8, 8, 8, 4, 2, 1]",936,0.0198394909966737,6.51587262344489e-09,,,,paper_benchmarks_ext
angle_sweep,rxx,11,2,9,7,mpo_zipup,8,8,0.0006283185307179,0.0001,0,1,4.363634731330279e-08,0.0002088931498986,,2.1818173601140245e-08,2.1818174378296362e-08,8,"[1, 2, 4, 8, 8, 8, 8, 8, 8, 8, 4, 2, 1]",936,0.0036612870171666,4.363634822167406e-08,,,,paper_benchmarks_ext
angle_sweep,rxx,11,2,9,7,tebd_swap,8,8,0.0006283185307179,0.0001,0,1,0.2997764724527184,0.5713254779346023,,0.198656793281402,0.1986567932814024,8,"[1, 2, 4, 8, 8, 8, 8, 8, 8, 8, 4, 2, 1]",936,0.0038974659983068,0.5273590047571795,,,,paper_benchmarks_ext
angle_sweep,rxx,11,2,9,7,variational_mpo,8,8,0.0006283185307179,0.0001,0,1,4.3636347202280497e-08,0.0002088931498986,,-6.661338147750939e-16,5.551115123125785e-16,8,"[1, 2, 4, 8, 8, 8, 8, 8, 8, 8, 4, 2, 1]",936,0.2864609739626758,0.0,1.0,0.0,best_init=zipup,paper_benchmarks_ext
angle_sweep,rxx,11,2,9,7,hybrid_tdvp,8,8,0.0009222454792211,0.0001467799267622,0,1,9.400912204249324e-08,0.0003066090742286,,7.018653880308534e-09,7.018654657464651e-09,8,"[1, 2, 4, 8, 8, 8, 8, 8, 8, 8, 4, 2, 1]",936,0.0104825039743445,1.4037305420031894e-08,,,,paper_benchmarks_ext
angle_sweep,rxx,11,2,9,7,mpo_zipup,8,8,0.0009222454792211,0.0001467799267622,0,1,9.401008693732393e-08,0.0003066106486972,,4.700504530052997e-08,4.700504607768608e-08,8,"[1, 2, 4, 8, 8, 8, 8, 8, 8, 8, 4, 2, 1]",936,0.0032944380072876,9.401009057752557e-08,,,,paper_benchmarks_ext
angle_sweep,rxx,11,2,9,7,tebd_swap,8,8,0.0009222454792211,0.0001467799267622,0,1,0.2997814261347006,0.5713306587126203,,0.198659774933428,0.1986597749334284,8,"[1, 2, 4, 8, 8, 8, 8, 8, 8, 8, 4, 2, 1]",936,0.0027964049950242,0.5273602020513577,,,,paper_benchmarks_ext
angle_sweep,rxx,11,2,9,7,variational_mpo,8,8,0.0009222454792211,0.0001467799267622,0,1,9.401008682630164e-08,0.0003066106486972,,-6.661338147750939e-16,1.1102230246251563e-16,8,"[1, 2, 4, 8, 8, 8, 8, 8, 8, 8, 4, 2, 1]",936,0.3092668819590471,0.0,1.0,0.0,best_init=zipup,paper_benchmarks_ext
angle_sweep,rxx,11,2,9,7,hybrid_tdvp,8,8,0.0013536712389686,0.0002154434690031,0,1,2.025297473062793e-07,0.0004500330630198,,1.5120085405939676e-08,1.5120086294118096e-08,8,"[1, 2, 4, 8, 8, 8, 8, 8, 8, 8, 4, 2, 1]",936,0.0107430950156413,3.0240173420955645e-08,,,,paper_benchmarks_ext
angle_sweep,rxx,11,2,9,7,mpo_zipup,8,8,0.0013536712389686,0.0002154434690031,0,1,2.0253423638205706e-07,0.0004500380508416,,1.0126712102209725e-07,1.0126712113311953e-07,8,"[1, 2, 4, 8, 8, 8, 8, 8, 8, 8, 4, 2, 1]",936,0.0034030489623546,2.02534250376204e-07,,,,paper_benchmarks_ext
angle_sweep,rxx,11,2,9,7,tebd_swap,8,8,0.0013536712389686,0.0002154434690031,0,1,0.2997887414212835,0.5713383093079749,,0.1986641756641753,0.1986641756641758,8,"[1, 2, 4, 8, 8, 8, 8, 8, 8, 8, 4, 2, 1]",936,0.0026089189923368,0.5273619787678718,,,,paper_benchmarks_ext
angle_sweep,rxx,11,2,9,7,variational_mpo,8,8,0.0013536712389686,0.0002154434690031,0,1,2.025342381584139e-07,0.0004500380508416,,-6.661338147750939e-16,0.0,8,"[1, 2, 4, 8, 8, 8, 8, 8, 8, 8, 4, 2, 1]",936,0.343232512997929,0.0,1.0,0.0,best_init=zipup,paper_benchmarks_ext
angle_sweep,rxx,11,2,9,7,hybrid_tdvp,8,8,0.0019869176531592,0.0003162277660168,0,1,4.363150043484865e-07,0.0006605414838192,,3.257158687208772e-08,3.2571587649243845e-08,8,"[1, 2, 4, 8, 8, 8, 8, 8, 8, 8, 4, 2, 1]",936,0.0133540170500054,6.514317103564148e-08,,,,paper_benchmarks_ext
angle_sweep,rxx,11,2,9,7,mpo_zipup,8,8,0.0019869176531592,0.0003162277660168,0,1,4.363359014103452e-07,0.0006605573014735,,2.1816797535212373e-07,2.1816797601825763e-07,8,"[1, 2, 4, 8, 8, 8, 8, 8, 8, 8, 4, 2, 1]",936,0.0042135769617743,4.3633596325476265e-07,,,,paper_benchmarks_ext
angle_sweep,rxx,11,2,9,7,tebd_swap,8,8,0.0019869176531592,0.0003162277660168,0,1,0.2997995734621099,0.5713496377393087,,0.1986706866591636,0.1986706866591641,8,"[1, 2, 4, 8, 8, 8, 8, 8, 8, 8, 4, 2, 1]",936,0.0026596809620968,0.5273646281197085,,,,paper_benchmarks_ext
angle_sweep,rxx,11,2,9,7,variational_mpo,8,8,0.0019869176531592,0.0003162277660168,0,1,4.363359008552337e-07,0.0006605573014735,,-6.661338147750939e-16,1.1102230246251563e-16,8,"[1, 2, 4, 8, 8, 8, 8, 8, 8, 8, 4, 2, 1]",936,0.5237408250104636,0.0,1.0,0.0,best_init=zipup,paper_benchmarks_ext
angle_sweep,rxx,11,2,9,7,hybrid_tdvp,8,8,0.0029163962761324,0.0004641588833612,0,1,9.399389612196885e-07,0.0009695046068112,,7.016160674666595e-08,7.016160741279975e-08,8,"[1, 2, 4, 8, 8, 8, 8, 8, 8, 8, 4, 2, 1]",936,0.0118064759881235,1.4032321385919984e-07,,,,paper_benchmarks_ext
angle_sweep,rxx,11,2,9,7,mpo_zipup,8,8,0.0029163962761324,0.0004641588833612,0,1,9.400363996103778e-07,0.0009695548572516,,4.700183104944245e-07,4.700183108274914e-07,8,"[1, 2, 4, 8, 8, 8, 8, 8, 8, 8, 4, 2, 1]",936,0.0043440490262582,9.400366896173724e-07,,,,paper_benchmarks_ext
angle_sweep,rxx,11,2,9,7,tebd_swap,8,8,0.0029163962761324,0.0004641588833612,0,1,0.2998156743775296,0.5713664762442293,,0.1986803525562303,0.1986803525562305,8,"[1, 2, 4, 8, 8, 8, 8, 8, 8, 8, 4, 2, 1]",936,0.0027687399997375,0.527368605754865,,,,paper_benchmarks_ext
angle_sweep,rxx,11,2,9,7,variational_mpo,8,8,0.0029163962761324,0.0004641588833612,0,1,9.40036400054467e-07,0.0009695548572516,,-4.440892098500626e-16,2.220446049250313e-16,8,"[1, 2, 4, 8, 8, 8, 8, 8, 8, 8, 4, 2, 1]",936,0.3156873550033197,0.0,1.0,0.0,best_init=zipup,paper_benchmarks_ext
angle_sweep,rxx,11,2,9,7,hybrid_tdvp,8,8,0.0042806843182029,0.0006812920690579,0,1,2.0247902617898106e-06,0.0014229516105935,,1.5112056694910336e-07,1.511205672821703e-07,8,"[1, 2, 4, 8, 8, 8, 8, 8, 8, 8, 4, 2, 1]",936,0.0144248019787482,3.022411518241242e-07,,,,paper_benchmarks_ext
angle_sweep,rxx,11,2,9,7,mpo_zipup,8,8,0.0042806843182029,0.0006812920690579,0,1,2.025245995462832e-06,0.0014231117387053,,1.0126235094887193e-06,1.0126235100438308e-06,8,"[1, 2, 4, 8, 8, 8, 8, 8, 8, 8, 4, 2, 1]",936,0.0042835029889829,2.0252473386979853e-06,,,,paper_benchmarks_ext
angle_sweep,rxx,11,2,9,7,tebd_swap,8,8,0.0042806843182029,0.0006812920690579,0,1,0.2998397343512685,0.5713916378511835,,0.1986947684340495,0.1986947684340495,8,"[1, 2, 4, 8, 8, 8, 8, 8, 8, 8, 4, 2, 1]",936,0.002926898014266,0.5273746343234718,,,,paper_benchmarks_ext
angle_sweep,rxx,11,2,9,7,variational_mpo,8,8,0.0042806843182029,0.0006812920690579,0,1,2.0252459947966983e-06,0.0014231117387053,,-4.440892098500626e-16,1.1102230246251563e-16,8,"[1, 2, 4, 8, 8, 8, 8, 8, 8, 8, 4, 2, 1]",936,0.5074583529494703,0.0,1.0,0.0,best_init=zipup,paper_benchmarks_ext
angle_sweep,rxx,11,2,9,7,hybrid_tdvp,8,8,0.0062831853071795,0.001,0,1,4.361426905852284e-06,0.0020884040944915,,-4.440892098500626e-16,1.1102230246251563e-16,8,"[1, 2, 4, 8, 8, 8, 8, 8, 8, 8, 4, 2, 1]",936,0.015330426977016,6.5091041703685e-07,,,,paper_benchmarks_ext
angle_sweep,rxx,11,2,9,7,mpo_zipup,8,8,0.0062831853071795,0.001,0,1,4.363570046850285e-06,0.0020889171375697,,2.181787403299218e-06,2.181787404076374e-06,8,"[1, 2, 4, 8, 8, 8, 8, 8, 8, 8, 4, 2, 1]",936,0.0054549570195376,4.363576286034094e-06,,,,paper_benchmarks_ext
angle_sweep,rxx,11,2,9,7,tebd_swap,8,8,0.0062831853071795,0.001,0,1,0.2998759458430226,0.5714295060836356,,0.198716398786879,0.1987163987868795,8,"[1, 2, 4, 8, 8, 8, 8, 8, 8, 8, 4, 2, 1]",936,0.0030537330312654,0.5273838889707324,,,,paper_benchmarks_ext
angle_sweep,rxx,11,2,9,7,variational_mpo,8,8,0.0062831853071795,0.001,0,1,4.363570046850285e-06,0.0020889171375697,,-8.881784197001252e-16,2.220446049250313e-16,8,"[1, 2, 4, 8, 8, 8, 8, 8, 8, 8, 4, 2, 1]",936,0.4861697419546544,0.0,1.0,0.0,best_init=zipup,paper_benchmarks_ext
angle_sweep,rxx,11,2,9,7,hybrid_tdvp,8,8,0.0092224547922119,0.001467799267622,0,1,9.393388956890902e-06,0.0030648672102672,,0.0,0.0,8,"[1, 2, 4, 8, 8, 8, 8, 8, 8, 8, 4, 2, 1]",936,0.0119966299971565,1.401523257238109e-06,,,,paper_benchmarks_ext
angle_sweep,rxx,11,2,9,7,mpo_zipup,8,8,0.0092224547922119,0.001467799267622,0,1,9.403565963017613e-06,0.0030665270371718,,4.7017940326687935e-06,4.701794033223905e-06,8,"[1, 2, 4, 8, 8, 8, 8, 8, 8, 8, 4, 2, 1]",936,0.0040690940222702,9.403594956544412e-06,,,,paper_benchmarks_ext
angle_sweep,rxx,11,2,9,7,tebd_swap,8,8,0.0092224547922119,0.001467799267622,0,1,0.2999309510984024,0.5714870250008415,,0.1987490959080197,0.1987490959080199,8,"[1, 2, 4, 8, 8, 8, 8, 8, 8, 8, 4, 2, 1]",936,0.0032852300209924,0.5273983375133685,,,,paper_benchmarks_ext
angle_sweep,rxx,11,2,9,7,variational_mpo,8,8,0.0092224547922119,0.001467799267622,0,1,9.403565961796367e-06,0.0030665270371718,,0.0,5.551115123125785e-16,8,"[1, 2, 4, 8, 8, 8, 8, 8, 8, 8, 4, 2, 1]",936,0.3567298870184459,0.0,1.0,0.0,best_init=zipup,paper_benchmarks_ext
angle_sweep,rxx,11,2,9,7,hybrid_tdvp,8,8,0.0135367123896863,0.0021544346900318,0,1,2.0226377911547463e-05,0.004497385928371,,-6.661338147750939e-16,1.1102230246251563e-16,8,"[1, 2, 4, 8, 8, 8, 8, 8, 8, 8, 4, 2, 1]",936,0.0134967920021153,3.016742724338741e-06,,,,paper_benchmarks_ext
angle_sweep,rxx,11,2,9,7,mpo_zipup,8,8,0.0135367123896863,0.0021544346900318,0,1,2.027554202332915e-05,0.0045028485205032,,1.0137822401445897e-05,1.0137822402445096e-05,8,"[1, 2, 4, 8, 8, 8, 8, 8, 8, 8, 4, 2, 1]",936,0.0038624810404144,2.027567697086664e-05,,,,paper_benchmarks_ext
angle_sweep,rxx,11,2,9,7,tebd_swap,8,8,0.0135367123896863,0.0021544346900318,0,1,0.3000154335299066,0.5715753612866944,,0.1987989267823069,0.1987989267823073,8,"[1, 2, 4, 8, 8, 8, 8, 8, 8, 8, 4, 2, 1]",936,0.0029660949949175,0.5274213865399676,,,,paper_benchmarks_ext
angle_sweep,rxx,11,2,9,7,variational_mpo,8,8,0.0135367123896863,0.0021544346900318,0,1,2.0275542022996085e-05,0.0045028485205032,,-1.1102230246251563e-15,2.220446049250313e-16,8,"[1, 2, 4, 8, 8, 8, 8, 8, 8, 8, 4, 2, 1]",936,0.3610015430022031,0.0,1.0,0.0,best_init=zipup,paper_benchmarks_ext
angle_sweep,rxx,11,2,9,7,hybrid_tdvp,8,8,0.0198691765315922,0.0031622776601683,0,1,4.353445994553784e-05,0.0065981007698368,,-4.440892098500626e-16,0.0,8,"[1, 2, 4, 8, 8, 8, 8, 8, 8, 8, 4, 2, 1]",936,0.0186768279527314,6.490061074152424e-06,,,,paper_benchmarks_ext
angle_sweep,rxx,11,2,9,7,mpo_zipup,8,8,0.0198691765315922,0.0031622776601683,0,1,4.377862814342048e-05,0.0066165782165917,,2.188955364790246e-05,2.1889553648679616e-05,8,"[1, 2, 4, 8, 8, 8, 8, 8, 8, 8, 4, 2, 1]",936,0.0046382430009543,4.37792583662873e-05,,,,paper_benchmarks_ext
angle_sweep,rxx,11,2,9,7,tebd_swap,8,8,0.0198691765315922,0.0031622776601683,0,1,0.3001467103646826,0.5717126100986665,,0.1988754118879903,0.1988754118879907,8,"[1, 2, 4, 8, 8, 8, 8, 8, 8, 8, 4, 2, 1]",936,0.0038212070357985,0.5274591638609619,,,,paper_benchmarks_ext
angle_sweep,rxx,11,2,9,7,variational_mpo,8,8,0.0198691765315922,0.0031622776601683,0,1,4.37786281439756e-05,0.0066165782165917,,-6.661338147750939e-16,1.1102230246251563e-16,8,"[1, 2, 4, 8, 8, 8, 8, 8, 8, 8, 4, 2, 1]",936,0.319030080048833,0.0,1.0,0.0,best_init=zipup,paper_benchmarks_ext
angle_sweep,rxx,11,2,9,7,hybrid_tdvp,8,8,0.0291639627613246,0.0046415888336127,0,1,9.362777258181688e-05,0.0096762577593268,,-4.440892098500626e-16,2.220446049250313e-16,8,"[1, 2, 4, 8, 8, 8, 8, 8, 8, 8, 4, 2, 1]",936,0.0130065929843112,1.3950666564221908e-05,,,,paper_benchmarks_ext
angle_sweep,rxx,11,2,9,7,mpo_zipup,8,8,0.0291639627613246,0.0046415888336127,0,1,9.48757772476494e-05,0.0097405352885469,,4.743901385140248e-05,4.743901385217964e-05,8,"[1, 2, 4, 8, 8, 8, 8, 8, 8, 8, 4, 2, 1]",936,0.0034833130193874,9.487874268881638e-05,,,,paper_benchmarks_ext
angle_sweep,rxx,11,2,9,7,tebd_swap,8,8,0.0291639627613246,0.0046415888336127,0,1,0.3003525972533832,0.5719278226666752,,0.1989931256283355,0.1989931256283355,8,"[1, 2, 4, 8, 8, 8, 8, 8, 8, 8, 4, 2, 1]",936,0.0025386060005985,0.5275232389048791,,,,paper_benchmarks_ext
angle_sweep,rxx,11,2,9,7,variational_mpo,8,8,0.0291639627613246,0.0046415888336127,0,1,9.487577724842657e-05,0.0097405352885469,,-4.440892098500626e-16,2.220446049250313e-16,8,"[1, 2, 4, 8, 8, 8, 8, 8, 8, 8, 4, 2, 1]",936,0.3132927750120871,0.0,1.0,0.0,best_init=zipup,paper_benchmarks_ext
angle_sweep,rxx,11,2,9,7,hybrid_tdvp,8,8,0.0428068431820296,0.0068129206905796,0,1,0.0002010535740114,0.0141796925446802,,-4.440892098500626e-16,4.440892098500626e-16,8,"[1, 2, 4, 8, 8, 8, 8, 8, 8, 8, 4, 2, 1]",936,0.0156034660176374,2.994949835765647e-05,,,,paper_benchmarks_ext
angle_sweep,rxx,11,2,9,7,mpo_zipup,8,8,0.0428068431820296,0.0068129206905796,0,1,0.000207080622948,0.0143906686659661,,0.0001035456723262,0.0001035456723269,8,"[1, 2, 4, 8, 8, 8, 8, 8, 8, 8, 4, 2, 1]",936,0.0048516579554416,0.0002070947372459,,,,paper_benchmarks_ext
angle_sweep,rxx,11,2,9,7,tebd_swap,8,8,0.0428068431820296,0.0068129206905796,0,1,0.300676127749803,0.57226590794678,,0.1991732316786845,0.1991732316786849,8,"[1, 2, 4, 8, 8, 8, 8, 8, 8, 8, 4, 2, 1]",936,0.0028132740408182,0.5276369596872307,,,,paper_benchmarks_ext
angle_sweep,rxx,11,2,9,7,variational_mpo,8,8,0.0428068431820296,0.0068129206905796,0,1,0.0002070806229466,0.0143906686659661,,-4.440892098500626e-16,2.220446049250313e-16,8,"[1, 2, 4, 8, 8, 8, 8, 8, 8, 8, 4, 2, 1]",936,0.4591764690121636,0.0,1.0,0.0,best_init=zipup,paper_benchmarks_ext
angle_sweep,rxx,11,2,9,7,hybrid_tdvp,8,8,0.0628318530717958,0.01,0,1,0.0004304655003085,0.0207487791307849,,-8.881784197001252e-16,2.220446049250313e-16,8,"[1, 2, 4, 8, 8, 8, 8, 8, 8, 8, 4, 2, 1]",936,0.0131614300189539,6.419686548668374e-05,,,,paper_benchmarks_ext
angle_sweep,rxx,11,2,9,7,mpo_zipup,8,8,0.0628318530717958,0.01,0,1,0.0004507849472462,0.0212328933607043,,0.0002254178802343,0.0002254178802347,8,"[1, 2, 4, 8, 8, 8, 8, 8, 8, 8, 4, 2, 1]",936,0.0034343620063737,0.0004508515653321,,,,paper_benchmarks_ext
angle_sweep,rxx,11,2,9,7,tebd_swap,8,8,0.0628318530717958,0.01,0,1,0.3011795683461507,0.5727917555291117,,0.1994448647446198,0.1994448647446202,8,"[1, 2, 4, 8, 8, 8, 8, 8, 8, 8, 4, 2, 1]",936,0.0033375470084138,0.5278514761774631,,,,paper_benchmarks_ext
angle_sweep,rxx,11,2,9,7,variational_mpo,8,8,0.0628318530717958,0.01,0,1,0.0004507849472464,0.0212328933607043,,-4.440892098500626e-16,2.220446049250313e-16,8,"[1, 2, 4, 8, 8, 8, 8, 8, 8, 8, 4, 2, 1]",936,0.5038788450183347,0.0,1.0,0.0,best_init=zipup,paper_benchmarks_ext
angle_sweep,rxx,11,2,9,7,hybrid_tdvp,8,8,0.0922245479221194,0.0146779926762206,0,1,0.0009165997019813,0.0302788678297268,,-4.440892098500626e-16,2.220446049250313e-16,8,"[1, 2, 4, 8, 8, 8, 8, 8, 8, 8, 4, 2, 1]",936,0.0153765419963747,0.0001375492582034,,,,paper_benchmarks_ext
angle_sweep,rxx,11,2,9,7,mpo_zipup,8,8,0.0922245479221194,0.0146779926762206,0,1,0.0009651261348593,0.0310702287473589,,0.0004826795572061,0.0004826795572066,8,"[1, 2, 4, 8, 8, 8, 8, 8, 8, 8, 4, 2, 1]",936,0.0037840150180272,0.0009654358160979,,,,paper_benchmarks_ext
angle_sweep,rxx,11,2,9,7,tebd_swap,8,8,0.0922245479221194,0.0146779926762206,0,1,0.3019490165287113,0.5735948840729543,,0.1998513148244888,0.1998513148244891,8,"[1, 2, 4, 8, 8, 8, 8, 8, 8, 8, 4, 2, 1]",936,0.00275440904079,0.5282859342244915,,,,paper_benchmarks_ext
angle_sweep,rxx,11,2,9,7,variational_mpo,8,8,0.0922245479221194,0.0146779926762206,0,1,0.0009651261348584,0.0310702287473589,,0.0,7.771561172376098e-16,8,"[1, 2, 4, 8, 8, 8, 8, 8, 8, 8, 4, 2, 1]",936,0.7068736429791898,0.0,1.0,0.0,best_init=zipup,paper_benchmarks_ext
angle_sweep,rxx,11,2,9,7,hybrid_tdvp,8,8,0.1353671238968632,0.0215443469003188,0,1,0.0019322739288087,0.04396826414979,,-6.661338147750939e-16,1.1102230246251563e-16,8,"[1, 2, 4, 8, 8, 8, 8, 8, 8, 8, 4, 2, 1]",936,0.0138161309878341,0.0002959893191898,,,,paper_benchmarks_ext
angle_sweep,rxx,11,2,9,7,mpo_zipup,8,8,0.1353671238968632,0.0215443469003188,0,1,0.0020590713029169,0.0453886807390457,,0.0010300661696157,0.0010300661696159,8,"[1, 2, 4, 8, 8, 8, 8, 8, 8, 8, 4, 2, 1]",936,0.0035889709834009,0.0020605698518272,,,,paper_benchmarks_ext
angle_sweep,rxx,11,2,9,7,tebd_swap,8,8,0.1353671238968632,0.0215443469003188,0,1,0.3031156260559771,0.5748112605301781,,0.200476387647885,0.2004763876478853,8,"[1, 2, 4, 8, 8, 8, 8, 8, 8, 8, 4, 2, 1]",936,0.002817168016918,0.5292156557359671,,,,paper_benchmarks_ext
angle_sweep,rxx,11,2,9,7,variational_mpo,8,8,0.1353671238968632,0.0215443469003188,0,1,0.0020590713029168,0.0453886807390457,,-4.440892098500626e-16,3.3306690738754696e-16,8,"[1, 2, 4, 8, 8, 8, 8, 8, 8, 8, 4, 2, 1]",936,0.7596221789717674,0.0,1.0,0.0,best_init=zipup,paper_benchmarks_ext
angle_sweep,rxx,11,2,9,7,hybrid_tdvp,8,8,0.198691765315922,0.0316227766016837,0,1,0.0039906067753764,0.0632028161922098,,-4.440892098500626e-16,4.440892098500626e-16,8,"[1, 2, 4, 8, 8, 8, 8, 8, 8, 8, 4, 2, 1]",936,0.0332979529630392,0.0006426318289016,,,,paper_benchmarks_ext
angle_sweep,rxx,11,2,9,7,mpo_zipup,8,8,0.198691765315922,0.0316227766016837,0,1,0.0036930802998798,0.0607988184189764,,0.0018482481605711,0.0018482481605713,8,"[1, 2, 4, 8, 8, 8, 8, 8, 8, 8, 4, 2, 1]",936,0.0087499959627166,0.0036980196123434,,,,paper_benchmarks_ext
angle_sweep,rxx,11,2,9,7,tebd_swap,8,8,0.198691765315922,0.0316227766016837,0,1,0.3049013397752599,0.576670147662594,,0.2014817964634486,0.2014817964634491,8,"[1, 2, 4, 8, 8, 8, 8, 8, 8, 8, 4, 2, 1]",936,0.0061720890225842,0.5312291613792487,,,,paper_benchmarks_ext
angle_sweep,rxx,11,2,9,7,variational_mpo,8,8,0.198691765315922,0.0316227766016837,0,1,0.0036930802998805,0.0607988184189764,,-2.220446049250313e-16,2.220446049250313e-16,8,"[1, 2, 4, 8, 8, 8, 8, 8, 8, 8, 4, 2, 1]",936,0.8771229979465716,0.0,1.0,0.0,best_init=zipup,paper_benchmarks_ext
angle_sweep,rxx,11,2,9,7,hybrid_tdvp,8,8,0.2916396276132463,0.0464158883361277,0,1,0.00784307843004,0.0886482797598553,,-8.881784197001252e-16,4.440892098500626e-16,8,"[1, 2, 4, 8, 8, 8, 8, 8, 8, 8, 4, 2, 1]",936,0.0337608499685302,0.0014011635399125,,,,paper_benchmarks_ext
angle_sweep,rxx,11,2,9,7,mpo_zipup,8,8,0.2916396276132463,0.0464158883361277,0,1,0.0065974095608228,0.0812916173873257,,0.0033041635287255,0.0033041635287259,8,"[1, 2, 4, 8, 8, 8, 8, 8, 8, 8, 4, 2, 1]",936,0.0074353720410726,0.0066129958367627,,,,paper_benchmarks_ext
angle_sweep,rxx,11,2,9,7,tebd_swap,8,8,0.2916396276132463,0.0464158883361277,0,1,0.3073065057959991,0.579168196408739,,0.2030795689068995,0.2030795689068997,8,"[1, 2, 4, 8, 8, 8, 8, 8, 8, 8, 4, 2, 1]",936,0.0056418830063194,0.5355813516207442,,,,paper_benchmarks_ext
angle_sweep,rxx,11,2,9,7,variational_mpo,8,8,0.2916396276132463,0.0464158883361277,0,1,0.0065974095608233,0.0812916173873257,,-4.440892098500626e-16,1.1102230246251563e-16,8,"[1, 2, 4, 8, 8, 8, 8, 8, 8, 8, 4, 2, 1]",936,0.5133520070230588,0.0,1.0,0.0,best_init=zipup,paper_benchmarks_ext
angle_sweep,rxx,11,2,9,7,hybrid_tdvp,8,8,0.4280684318202959,0.068129206905796,0,1,0.0135268637310292,0.116502874508709,,-4.440892098500626e-16,0.0,8,"[1, 2, 4, 8, 8, 8, 8, 8, 8, 8, 4, 2, 1]",936,0.0168078309507109,0.0029969672313169,,,,paper_benchmarks_ext
angle_sweep,rxx,11,2,9,7,mpo_zipup,8,8,0.4280684318202959,0.068129206905796,0,1,0.0115065479032575,0.1074236467420831,,0.005769919939684,0.0057699199396842,8,"[1, 2, 4, 8, 8, 8, 8, 8, 8, 8, 4, 2, 1]",936,0.0038553299964405,0.0115542849362433,,,,paper_benchmarks_ext
angle_sweep,rxx,11,2,9,7,tebd_swap,8,8,0.4280684318202959,0.068129206905796,0,1,0.3088923753793053,0.5808117928892153,,0.206294077411718,0.2062940774117181,8,"[1, 2, 4, 8, 8, 8, 8, 8, 8, 8, 4, 2, 1]",936,0.0029857400222681,0.5444683728329976,,,,paper_benchmarks_ext
angle_sweep,rxx,11,2,9,7,variational_mpo,8,8,0.4280684318202959,0.068129206905796,0,1,0.0115065479032575,0.1074236467420831,,-2.220446049250313e-16,0.0,8,"[1, 2, 4, 8, 8, 8, 8, 8, 8, 8, 4, 2, 1]",936,0.5423557029571384,0.0,1.0,0.0,best_init=zipup,paper_benchmarks_ext
angle_sweep,rxx,11,2,9,7,hybrid_tdvp,8,8,0.6283185307179586,0.1,0,1,0.022527132832705,0.1505172753823187,,-6.661338147750939e-16,5.551115123125785e-16,8,"[1, 2, 4, 8, 8, 8, 8, 8, 8, 8, 4, 2, 1]",936,0.0235144759644754,0.005554973703039,,,,paper_benchmarks_ext
angle_sweep,rxx,11,2,9,7,mpo_zipup,8,8,0.6283185307179586,0.1,0,1,0.0172836700700175,0.1317535723365949,,0.0086795019117267,0.0086795019117281,8,"[1, 2, 4, 8, 8, 8, 8, 8, 8, 8, 4, 2, 1]",936,0.0045506139867939,0.0173921147321027,,,,paper_benchmarks_ext
angle_sweep,rxx,11,2,9,7,tebd_swap,8,8,0.6283185307179586,0.1,0,1,0.311045797578495,0.5830391900740294,,0.2097398080803891,0.2097398080803898,8,"[1, 2, 4, 8, 8, 8, 8, 8, 8, 8, 4, 2, 1]",936,0.0035195089876651,0.5567389449503546,,,,paper_benchmarks_ext
angle_sweep,rxx,11,2,9,7,variational_mpo,8,8,0.6283185307179586,0.1,0,1,0.0172836700700181,0.1317535723365948,,-1.7763568394002505e-15,4.440892098500626e-16,8,"[1, 2, 4, 8, 8, 8, 8, 8, 8, 8, 4, 2, 1]",936,0.5752547059673816,0.0,1.0,0.0,best_init=zipup,paper_benchmarks_ext
angle_sweep,rxx,11,2,9,7,hybrid_tdvp,8,8,0.9222454792211944,0.1467799267622069,0,1,0.0362659217046712,0.1913134256552321,,-8.881784197001252e-16,2.220446049250313e-16,8,"[1, 2, 4, 8, 8, 8, 8, 8, 8, 8, 4, 2, 1]",936,0.0386017270502634,0.008955435380507,,,,paper_benchmarks_ext
angle_sweep,rxx,11,2,9,7,mpo_zipup,8,8,0.9222454792211944,0.1467799267622069,0,1,0.0242882446151415,0.15632511951703,,0.0122187714960068,0.0122187714960073,8,"[1, 2, 4, 8, 8, 8, 8, 8, 8, 8, 4, 2, 1]",936,0.0076332880416885,0.0245035760294356,,,,paper_benchmarks_ext
angle_sweep,rxx,11,2,9,7,tebd_swap,8,8,0.9222454792211944,0.1467799267622069,0,1,0.3154964447035531,0.5876269219673756,,0.2144124584337768,0.2144124584337772,8,"[1, 2, 4, 8, 8, 8, 8, 8, 8, 8, 4, 2, 1]",936,0.0053980859811417,0.5720605874452822,,,,paper_benchmarks_ext
angle_sweep,rxx,11,2,9,7,variational_mpo,8,8,0.9222454792211944,0.1467799267622069,0,1,0.0242882446151423,0.15632511951703,,-4.440892098500626e-16,1.1102230246251563e-16,8,"[1, 2, 4, 8, 8, 8, 8, 8, 8, 8, 4, 2, 1]",936,0.5204862040118314,0.0,1.0,0.0,best_init=zipup,paper_benchmarks_ext
angle_sweep,rxx,11,2,9,7,hybrid_tdvp,8,8,1.353671238968633,0.2154434690031882,0,1,0.051617730915393,0.2286954199992709,,1.1102230246251563e-16,1.1102230246251563e-16,8,"[1, 2, 4, 8, 8, 8, 8, 8, 8, 8, 4, 2, 1]",936,0.0184395390097051,0.014698039508873,,,,paper_benchmarks_ext
angle_sweep,rxx,11,2,9,7,mpo_zipup,8,8,1.353671238968633,0.2154434690031882,0,1,0.0293286019486961,0.1718919897069685,,0.0147734280627108,0.0147734280627114,8,"[1, 2, 4, 8, 8, 8, 8, 8, 8, 8, 4, 2, 1]",936,0.0035703430185094,0.0296415561820166,,,,paper_benchmarks_ext
angle_sweep,rxx,11,2,9,7,tebd_swap,8,8,1.353671238968633,0.2154434690031882,0,1,0.3193423009578056,0.5915744799037342,,0.2231435830010721,0.2231435830010725,8,"[1, 2, 4, 8, 8, 8, 8, 8, 8, 8, 4, 2, 1]",936,0.0026785520021803,0.5896148502924919,,,,paper_benchmarks_ext
angle_sweep,rxx,11,2,9,7,variational_mpo,8,8,1.353671238968633,0.2154434690031882,0,1,0.0293286019486965,0.1718919897069685,,-4.440892098500626e-16,0.0,8,"[1, 2, 4, 8, 8, 8, 8, 8, 8, 8, 4, 2, 1]",936,0.5335290909861214,0.0,1.0,0.0,best_init=zipup,paper_benchmarks_ext
angle_sweep,rxx,11,2,9,7,hybrid_tdvp,8,8,1.5707963267948966,0.25,1,1,0.0580073787068581,0.242639471476354,,-4.440892098500626e-16,4.440892098500626e-16,8,"[1, 2, 4, 8, 8, 8, 8, 8, 8, 8, 4, 2, 1]",936,0.0424453659798018,0.0175557734872152,,,,paper_benchmarks_ext
angle_sweep,rxx,11,2,9,7,mpo_zipup,8,8,1.5707963267948966,0.25,1,1,0.0301892488610462,0.1744150283644515,,0.0152103010596831,0.0152103010596834,8,"[1, 2, 4, 8, 8, 8, 8, 8, 8, 8, 4, 2, 1]",936,0.0090988400042988,0.0305203897113938,,,,paper_benchmarks_ext
angle_sweep,rxx,11,2,9,7,tebd_swap,8,8,1.5707963267948966,0.25,1,1,0.3155831042277768,0.5877160424604313,,0.2243605733846517,0.2243605733846523,8,"[1, 2, 4, 8, 8, 8, 8, 8, 8, 8, 4, 2, 1]",936,0.0058614439913071,0.5893808869496255,,,,paper_benchmarks_ext
angle_sweep,rxx,11,2,9,7,variational_mpo,8,8,1.5707963267948966,0.25,1,1,0.0301892488610457,0.1744150283644515,,-2.220446049250313e-16,2.220446049250313e-16,8,"[1, 2, 4, 8, 8, 8, 8, 8, 8, 8, 4, 2, 1]",936,0.8593131080269814,0.0,1.0,0.0,best_init=zipup,paper_benchmarks_ext
angle_sweep,rxx,11,2,9,7,hybrid_tdvp,8,8,1.9869176531592203,0.3162277660168379,0,1,0.0662615373729503,0.2596095735501449,,-4.440892098500626e-16,0.0,8,"[1, 2, 4, 8, 8, 8, 8, 8, 8, 8, 4, 2, 1]",936,0.0222433260059915,0.0220150364565541,,,,paper_benchmarks_ext
angle_sweep,rxx,11,2,9,7,mpo_zipup,8,8,1.9869176531592203,0.3162277660168379,0,1,0.0283330233906488,0.1689278185737587,,0.0142683039440435,0.0142683039440439,8,"[1, 2, 4, 8, 8, 8, 8, 8, 8, 8, 4, 2, 1]",936,0.0036676669842563,0.0286248576122093,,,,paper_benchmarks_ext
angle_sweep,rxx,11,2,9,7,tebd_swap,8,8,1.9869176531592203,0.3162277660168379,0,1,0.3132617301625126,0.5853260122132263,,0.2221418811240767,0.222141881124077,8,"[1, 2, 4, 8, 8, 8, 8, 8, 8, 8, 4, 2, 1]",936,0.0028711350169032,0.5777909621265696,,,,paper_benchmarks_ext
angle_sweep,rxx,11,2,9,7,variational_mpo,8,8,1.9869176531592203,0.3162277660168379,0,1,0.0283330233906485,0.1689278185737587,,-6.661338147750939e-16,2.220446049250313e-16,8,"[1, 2, 4, 8, 8, 8, 8, 8, 8, 8, 4, 2, 1]",936,0.786851716984529,0.0,1.0,0.0,best_init=zipup,paper_benchmarks_ext
angle_sweep,rxx,11,2,9,7,hybrid_tdvp,8,8,2.916396276132464,0.4641588833612777,0,1,0.0600124539933848,0.2468621120978132,,0.0,1.1102230246251563e-16,8,"[1, 2, 4, 8, 8, 8, 8, 8, 8, 8, 4, 2, 1]",936,0.0471360320225358,0.0267511742394862,,,,paper_benchmarks_ext
angle_sweep,rxx,11,2,9,7,mpo_zipup,8,8,2.916396276132464,0.4641588833612777,0,1,0.0043201442527214,0.0657633657161294,,0.0021624101351557,0.0021624101351565,8,"[1, 2, 4, 8, 8, 8, 8, 8, 8, 8, 4, 2, 1]",936,0.0074245389550924,0.0043269959450734,,,,paper_benchmarks_ext
angle_sweep,rxx,11,2,9,7,tebd_swap,8,8,2.916396276132464,0.4641588833612777,0,1,0.3019302578489639,0.5735753124011599,,0.2015971499136649,0.2015971499136649,8,"[1, 2, 4, 8, 8, 8, 8, 8, 8, 8, 4, 2, 1]",936,0.0055854780366644,0.5320500401532057,,,,paper_benchmarks_ext
angle_sweep,rxx,11,2,9,7,variational_mpo,8,8,2.916396276132464,0.4641588833612777,0,1,0.004320144252721,0.0657633657161293,,-8.881784197001252e-16,6.661338147750939e-16,8,"[1, 2, 4, 8, 8, 8, 8, 8, 8, 8, 4, 2, 1]",936,0.8728283069794998,0.0,1.0,0.0,best_init=zipup,paper_benchmarks_ext
angle_sweep,rxx,11,2,9,7,hybrid_tdvp,8,8,3.141592653589793,0.5,1,1,0.0573781722829317,0.2413000854271847,,-8.881784197001252e-16,0.0,8,"[1, 2, 4, 8, 8, 8, 8, 8, 8, 8, 4, 2, 1]",936,0.0500452369451522,0.0276708960377501,,,,paper_benchmarks_ext
angle_sweep,rxx,11,2,9,7,mpo_zipup,8,8,3.141592653589793,0.5,1,1,0.0,2.0085721627389e-15,,1.887379141862766e-15,2.1094237467877974e-15,8,"[1, 2, 4, 8, 8, 8, 8, 8, 8, 8, 4, 2, 1]",936,0.0068007539957761,1.9869144677306976e-32,,,,paper_benchmarks_ext
angle_sweep,rxx,11,2,9,7,tebd_swap,8,8,3.141592653589793,0.5,1,1,0.2997659657171168,0.571314489434561,,0.198650464999543,0.1986504649995436,8,"[1, 2, 4, 8, 8, 8, 8, 8, 8, 8, 4, 2, 1]",936,0.0055069840163923,0.5273564812674989,,,,paper_benchmarks_ext
angle_sweep,rxx,11,2,9,7,variational_mpo,8,8,3.141592653589793,0.5,1,1,0.0,1.996257473697552e-15,,-4.440892098500626e-16,2.220446049250313e-16,8,"[1, 2, 4, 8, 8, 8, 8, 8, 8, 8, 4, 2, 1]",936,0.4159405539976433,0.0,1.0,0.0,best_init=zipup,paper_benchmarks_ext
angle_sweep,rxx,11,2,9,7,hybrid_tdvp,8,8,4.280684318202959,0.6812920690579608,0,1,0.0464566251252662,0.2168157944687098,,-6.661338147750939e-16,2.220446049250313e-16,8,"[1, 2, 4, 8, 8, 8, 8, 8, 8, 8, 4, 2, 1]",936,0.0539567850064486,0.0294343094936883,,,,paper_benchmarks_ext
angle_sweep,rxx,11,2,9,7,mpo_zipup,8,8,4.280684318202959,0.6812920690579608,0,1,0.0273288927460526,0.165886122556091,,0.0137591028283484,0.0137591028283489,8,"[1, 2, 4, 8, 8, 8, 8, 8, 8, 8, 4, 2, 1]",936,0.0075161849963478,0.0276012095554516,,,,paper_benchmarks_ext
angle_sweep,rxx,11,2,9,7,tebd_swap,8,8,4.280684318202959,0.6812920690579608,0,1,0.3179929731075426,0.5901912108816713,,0.2189159030460781,0.2189159030460785,8,"[1, 2, 4, 8, 8, 8, 8, 8, 8, 8, 4, 2, 1]",936,0.0052180779748596,0.5818367801223708,,,,paper_benchmarks_ext
angle_sweep,rxx,11,2,9,7,variational_mpo,8,8,4.280684318202959,0.6812920690579608,0,1,0.0273288927460532,0.165886122556091,,-4.440892098500626e-16,1.1102230246251563e-16,8,"[1, 2, 4, 8, 8, 8, 8, 8, 8, 8, 4, 2, 1]",936,1.1341076340177096,0.0,1.0,0.0,best_init=zipup,paper_benchmarks_ext
angle_sweep,rxx,11,2,9,7,hybrid_tdvp,8,8,6.283185307179586,1.0,1,1,0.0564622517079721,0.2393377844372428,,-6.661338147750939e-16,1.1102230246251563e-16,8,"[1, 2, 4, 8, 8, 8, 8, 8, 8, 8, 4, 2, 1]",936,0.0551583819906227,0.032477384439521,,,,paper_benchmarks_ext
angle_sweep,rxx,11,2,9,7,mpo_zipup,8,8,6.283185307179586,1.0,1,1,1.1102230246251563e-16,2.2192004800376604e-15,,2.4424906541753444e-15,2.886579864025407e-15,8,"[1, 2, 4, 8, 8, 8, 8, 8, 8, 8, 4, 2, 1]",936,0.0073431340279057,2.2956515285251955e-32,,,,paper_benchmarks_ext
angle_sweep,rxx,11,2,9,7,tebd_swap,8,8,6.283185307179586,1.0,1,1,0.2997659657171158,0.5713144894345596,,0.1986504649995437,0.1986504649995443,8,"[1, 2, 4, 8, 8, 8, 8, 8, 8, 8, 4, 2, 1]",936,0.0061516140121966,0.5273564812674988,,,,paper_benchmarks_ext
angle_sweep,rxx,11,2,9,7,variational_mpo,8,8,6.283185307179586,1.0,1,1,1.1102230246251563e-16,1.7763615586090202e-16,,-4.440892098500626e-16,1.1102230246251563e-16,8,"[1, 2, 4, 8, 8, 8, 8, 8, 8, 8, 4, 2, 1]",936,0.0200639980030246,0.0,1.0,0.0,best_init=input,paper_benchmarks_ext
angle_sweep,rxx,22,2,9,7,hybrid_tdvp,8,8,0.0006283185307179,0.0001,0,1,6.610471225965142e-08,0.000257108370815,,2.884497307675815e-09,2.884495864385883e-09,8,"[1, 2, 4, 8, 8, 8, 8, 8, 8, 8, 4, 2, 1]",936,0.0189124850439839,5.768994382312287e-09,,,,paper_benchmarks_ext
angle_sweep,rxx,22,2,9,7,mpo_zipup,8,8,0.0006283185307179,0.0001,0,1,6.610501990245157e-08,0.0002571089663941,,3.30525066205567e-08,3.3052505177266767e-08,8,"[1, 2, 4, 8, 8, 8, 8, 8, 8, 8, 4, 2, 1]",936,0.0070598610327579,6.610502112943618e-08,,,,paper_benchmarks_ext
angle_sweep,rxx,22,2,9,7,tebd_swap,8,8,0.0006283185307179,0.0001,0,1,0.3395430102164889,0.6120701764288444,,0.2490622951093704,0.2490622951093689,8,"[1, 2, 4, 8, 8, 8, 8, 8, 8, 8, 4, 2, 1]",936,0.0049754400388337,0.5524842026161689,,,,paper_benchmarks_ext
angle_sweep,rxx,22,2,9,7,variational_mpo,8,8,0.0006283185307179,0.0001,0,1,6.610501857018394e-08,0.0002571089663941,,1.4432899320127037e-15,1.1102230246251563e-16,8,"[1, 2, 4, 8, 8, 8, 8, 8, 8, 8, 4, 2, 1]",936,0.55308512999909,0.0,1.0,0.0,best_init=zipup,paper_benchmarks_ext
angle_sweep,rxx,22,2,9,7,hybrid_tdvp,8,8,0.0009222454792211,0.0001467799267622,0,1,1.424134364880203e-07,0.0003773770547441,,6.214766812284722e-09,6.214764702860975e-09,8,"[1, 2, 4, 8, 8, 8, 8, 8, 8, 8, 4, 2, 1]",936,0.0219066659919917,1.24295418954279e-08,,,,paper_benchmarks_ext
angle_sweep,rxx,22,2,9,7,mpo_zipup,8,8,0.0009222454792211,0.0001467799267622,0,1,1.4241485790655872e-07,0.0003773789373302,,7.120743150679233e-08,7.120742973043549e-08,8,"[1, 2, 4, 8, 8, 8, 8, 8, 8, 8, 4, 2, 1]",936,0.0075680590234696,1.4241486479674829e-07,,,,paper_benchmarks_ext
angle_sweep,rxx,22,2,9,7,tebd_swap,8,8,0.0009222454792211,0.0001467799267622,0,1,0.3395439233383556,0.6120710942859675,,0.2490630851550073,0.2490630851550059,8,"[1, 2, 4, 8, 8, 8, 8, 8, 8, 8, 4, 2, 1]",936,0.0054725249647162,0.5524846397280523,,,,paper_benchmarks_ext
angle_sweep,rxx,22,2,9,7,variational_mpo,8,8,0.0009222454792211,0.0001467799267622,0,1,1.424148572404249e-07,0.0003773789373302,,1.9984014443252818e-15,2.220446049250313e-16,8,"[1, 2, 4, 8, 8, 8, 8, 8, 8, 8, 4, 2, 1]",936,0.5406048899749294,0.0,1.0,0.0,best_init=zipup,paper_benchmarks_ext
angle_sweep,rxx,22,2,9,7,hybrid_tdvp,8,8,0.0013536712389686,0.0002154434690031,0,1,3.068050700161251e-07,0.0005538998955135,,1.3390300868110216e-08,1.3390299091753375e-08,8,"[1, 2, 4, 8, 8, 8, 8, 8, 8, 8, 4, 2, 1]",936,0.0230753660434857,2.6780599858615436e-08,,,,paper_benchmarks_ext
angle_sweep,rxx,22,2,9,7,mpo_zipup,8,8,0.0013536712389686,0.0002154434690031,0,1,3.068116618543115e-07,0.0005539058450985,,1.534058411412076e-07,1.5340583947587305e-07,8,"[1, 2, 4, 8, 8, 8, 8, 8, 8, 8, 4, 2, 1]",936,0.0074898989987559,3.0681169663412295e-07,,,,paper_benchmarks_ext
angle_sweep,rxx,22,2,9,7,tebd_swap,8,8,0.0013536712389686,0.0002154434690031,0,1,0.3395452771377186,0.612072455104482,,0.2490642476998644,0.249064247699863,8,"[1, 2, 4, 8, 8, 8, 8, 8, 8, 8, 4, 2, 1]",936,0.0049874759861268,0.5524852991018503,,,,paper_benchmarks_ext
angle_sweep,rxx,22,2,9,7,variational_mpo,8,8,0.0013536712389686,0.0002154434690031,0,1,3.068116616322669e-07,0.0005539058450985,,1.887379141862766e-15,3.3306690738754696e-16,8,"[1, 2, 4, 8, 8, 8, 8, 8, 8, 8, 4, 2, 1]",936,0.5775078980368562,0.0,1.0,0.0,best_init=zipup,paper_benchmarks_ext
angle_sweep,rxx,22,2,9,7,hybrid_tdvp,8,8,0.0019869176531592,0.0003162277660168,0,1,6.609426914661043e-07,0.000812983886855,,2.8851634858995112e-08,2.885163352672749e-08,8,"[1, 2, 4, 8, 8, 8, 8, 8, 8, 8, 4, 2, 1]",936,0.021254591003526,5.7703272821881215e-08,,,,paper_benchmarks_ext
angle_sweep,rxx,22,2,9,7,mpo_zipup,8,8,0.0019869176531592,0.0003162277660168,0,1,6.609732545737046e-07,0.0008130026843005,,3.304866809106244e-07,3.304866799114237e-07,8,"[1, 2, 4, 8, 8, 8, 8, 8, 8, 8, 4, 2, 1]",936,0.0072703700279816,6.609734175889017e-07,,,,paper_benchmarks_ext
angle_sweep,rxx,22,2,9,7,tebd_swap,8,8,0.0019869176531592,0.0003162277660168,0,1,0.3395472933293255,0.6120744817465764,,0.2490659604180644,0.2490659604180635,8,"[1, 2, 4, 8, 8, 8, 8, 8, 8, 8, 4, 2, 1]",936,0.0051184699987061,0.5524863052532073,,,,paper_benchmarks_ext
angle_sweep,rxx,22,2,9,7,variational_mpo,8,8,0.0019869176531592,0.0003162277660168,0,1,6.609732559059722e-07,0.0008130026843005,,8.881784197001252e-16,1.1102230246251563e-16,8,"[1, 2, 4, 8, 8, 8, 8, 8, 8, 8, 4, 2, 1]",936,0.5425369130098261,0.0,1.0,0.0,best_init=zipup,paper_benchmarks_ext
angle_sweep,rxx,22,2,9,7,hybrid_tdvp,8,8,0.0029163962761324,0.0004641588833612,0,1,1.423802763467208e-06,0.0011932322784627,,6.21688198698678e-08,6.216881853760016e-08,8,"[1, 2, 4, 8, 8, 8, 8, 8, 8, 8, 4, 2, 1]",936,0.0265805289964191,1.2433764631387978e-07,,,,paper_benchmarks_ext
angle_sweep,rxx,22,2,9,7,mpo_zipup,8,8,0.0029163962761324,0.0004641588833612,0,1,1.42394444335725e-06,0.0011932916449989,,7.119724768633873e-07,7.119724754200973e-07,8,"[1, 2, 4, 8, 8, 8, 8, 8, 8, 8, 4, 2, 1]",936,0.0091748350532725,1.423945195584002e-06,,,,paper_benchmarks_ext
angle_sweep,rxx,22,2,9,7,tebd_swap,8,8,0.0029163962761324,0.0004641588833612,0,1,0.3395503152210728,0.6120775192948614,,0.2490684881621814,0.2490684881621805,8,"[1, 2, 4, 8, 8, 8, 8, 8, 8, 8, 4, 2, 1]",936,0.0056690399651415,0.5524878646933905,,,,paper_benchmarks_ext
angle_sweep,rxx,22,2,9,7,variational_mpo,8,8,0.0029163962761324,0.0004641588833612,0,1,1.4239444432462278e-06,0.0011932916449989,,1.6653345369377348e-15,0.0,8,"[1, 2, 4, 8, 8, 8, 8, 8, 8, 8, 4, 2, 1]",936,0.3635931260068901,0.0,1.0,0.0,best_init=zipup,paper_benchmarks_ext
angle_sweep,rxx,22,2,9,7,hybrid_tdvp,8,8,0.0042806843182029,0.0006812920690579,0,1,3.0669959278917247e-06,0.0017512847512997,,1.3396993536751722e-07,1.339699343683165e-07,8,"[1, 2, 4, 8, 8, 8, 8, 8, 8, 8, 4, 2, 1]",936,0.0121028440189547,2.679398899661134e-07,,,,paper_benchmarks_ext
angle_sweep,rxx,22,2,9,7,mpo_zipup,8,8,0.0042806843182029,0.0006812920690579,0,1,3.067652312394032e-06,0.0017514721425161,,1.533827333144444e-06,1.533827331257065e-06,8,"[1, 2, 4, 8, 8, 8, 8, 8, 8, 8, 4, 2, 1]",936,0.0041638750117272,3.0676558057182407e-06,,,,paper_benchmarks_ext
angle_sweep,rxx,22,2,9,7,tebd_swap,8,8,0.0042806843182029,0.0006812920690579,0,1,0.3395548850070726,0.6120821127416669,,0.2490722286917235,0.2490722286917223,8,"[1, 2, 4, 8, 8, 8, 8, 8, 8, 8, 4, 2, 1]",936,0.00401633704314,0.5524903317815594,,,,paper_benchmarks_ext
angle_sweep,rxx,22,2,9,7,variational_mpo,8,8,0.0042806843182029,0.0006812920690579,0,1,3.067652312283009e-06,0.0017514721425161,,1.9984014443252818e-15,1.1102230246251563e-15,8,"[1, 2, 4, 8, 8, 8, 8, 8, 8, 8, 4, 2, 1]",936,0.3071594840148464,0.0,1.0,0.0,best_init=zipup,paper_benchmarks_ext
angle_sweep,rxx,22,2,9,7,hybrid_tdvp,8,8,0.0062831853071795,0.001,0,1,6.606062745939667e-06,0.0025702283276913,,2.887288571562508e-07,2.887288556019385e-07,8,"[1, 2, 4, 8, 8, 8, 8, 8, 8, 8, 4, 2, 1]",936,0.0138258190127089,5.774577692868128e-07,,,,paper_benchmarks_ext
angle_sweep,rxx,22,2,9,7,mpo_zipup,8,8,0.0062831853071795,0.001,0,1,6.609101445786969e-06,0.0025708193957046,,3.30455618058334e-06,3.3045561789180056e-06,8,"[1, 2, 4, 8, 8, 8, 8, 8, 8, 8, 4, 2, 1]",936,0.005446795024909,6.6091176555317175e-06,,,,paper_benchmarks_ext
angle_sweep,rxx,22,2,9,7,tebd_swap,8,8,0.0062831853071795,0.001,0,1,0.3395618802320193,0.6120891441495313,,0.2490777860833373,0.2490777860833359,8,"[1, 2, 4, 8, 8, 8, 8, 8, 8, 8, 4, 2, 1]",936,0.0039393259794451,0.5524943373260552,,,,paper_benchmarks_ext
angle_sweep,rxx,22,2,9,7,variational_mpo,8,8,0.0062831853071795,0.001,0,1,6.609101445120835e-06,0.0025708193957046,,1.7763568394002505e-15,5.551115123125785e-16,8,"[1, 2, 4, 8, 8, 8, 8, 8, 8, 8, 4, 2, 1]",936,0.3025736770359799,0.0,1.0,0.0,best_init=zipup,paper_benchmarks_ext
angle_sweep,rxx,22,2,9,7,hybrid_tdvp,8,8,0.0092224547922119,0.001467799267622,0,1,1.4227255917487192e-05,0.0037719101951533,,8.881784197001252e-16,6.661338147750939e-16,8,"[1, 2, 4, 8, 8, 8, 8, 8, 8, 8, 4, 2, 1]",936,0.0127820069901645,1.2447280595080245e-06,,,,paper_benchmarks_ext
angle_sweep,rxx,22,2,9,7,mpo_zipup,8,8,0.0092224547922119,0.001467799267622,0,1,1.424130997751405e-05,0.0037737727384267,,7.120680340033658e-06,7.120680338146279e-06,8,"[1, 2, 4, 8, 8, 8, 8, 8, 8, 8, 4, 2, 1]",936,0.0037851489614695,1.4241385243994857e-05,,,,paper_benchmarks_ext
angle_sweep,rxx,22,2,9,7,tebd_swap,8,8,0.0092224547922119,0.001467799267622,0,1,0.3395727622461401,0.6121000823645107,,0.249086093373886,0.2490860933738845,8,"[1, 2, 4, 8, 8, 8, 8, 8, 8, 8, 4, 2, 1]",936,0.0026573119685053,0.5525010467074637,,,,paper_benchmarks_ext
angle_sweep,rxx,22,2,9,7,variational_mpo,8,8,0.0092224547922119,0.001467799267622,0,1,1.4241309977736094e-05,0.0037737727384267,,1.9984014443252818e-15,0.0,8,"[1, 2, 4, 8, 8, 8, 8, 8, 8, 8, 4, 2, 1]",936,0.3161803639959544,0.0,1.0,0.0,best_init=zipup,paper_benchmarks_ext
angle_sweep,rxx,22,2,9,7,hybrid_tdvp,8,8,0.0135367123896863,0.0021544346900318,0,1,3.063527555768886e-05,0.0055349354279395,,4.440892098500626e-16,6.661338147750939e-16,8,"[1, 2, 4, 8, 8, 8, 8, 8, 8, 8, 4, 2, 1]",936,0.0122686410322785,2.683707074932053e-06,,,,paper_benchmarks_ext
angle_sweep,rxx,22,2,9,7,mpo_zipup,8,8,0.0135367123896863,0.0021544346900318,0,1,3.070019996054274e-05,0.0055407973785797,,1.5350217796306076e-05,1.5350217794307675e-05,8,"[1, 2, 4, 8, 8, 8, 8, 8, 8, 8, 4, 2, 1]",936,0.0034648370346985,3.070054971979632e-05,,,,paper_benchmarks_ext
angle_sweep,rxx,22,2,9,7,tebd_swap,8,8,0.0135367123896863,0.0021544346900318,0,1,0.3395900392695147,0.6121174483997804,,0.2490986291929362,0.2490986291929351,8,"[1, 2, 4, 8, 8, 8, 8, 8, 8, 8, 4, 2, 1]",936,0.0025230010505765,0.5525126902713557,,,,paper_benchmarks_ext
angle_sweep,rxx,22,2,9,7,variational_mpo,8,8,0.0135367123896863,0.0021544346900318,0,1,3.070019996098683e-05,0.0055407973785797,,1.9984014443252818e-15,6.661338147750939e-16,8,"[1, 2, 4, 8, 8, 8, 8, 8, 8, 8, 4, 2, 1]",936,0.3144024220528081,0.0,1.0,0.0,best_init=zipup,paper_benchmarks_ext
angle_sweep,rxx,22,2,9,7,hybrid_tdvp,8,8,0.0198691765315922,0.0031622776601683,0,1,6.594805441284546e-05,0.008120907691579,,8.881784197001252e-16,2.220446049250313e-16,8,"[1, 2, 4, 8, 8, 8, 8, 8, 8, 8, 4, 2, 1]",936,0.0257143970229662,5.78835428081151e-06,,,,paper_benchmarks_ext
angle_sweep,rxx,22,2,9,7,mpo_zipup,8,8,0.0198691765315922,0.0031622776601683,0,1,6.624755806883265e-05,0.0081393276927232,,3.312432764490669e-05,3.31243276434634e-05,8,"[1, 2, 4, 8, 8, 8, 8, 8, 8, 8, 4, 2, 1]",936,0.0039160100277513,6.624918648798545e-05,,,,paper_benchmarks_ext
angle_sweep,rxx,22,2,9,7,tebd_swap,8,8,0.0198691765315922,0.0031622776601683,0,1,0.3396181373277858,0.6121456906532984,,0.2491178302256609,0.2491178302256597,8,"[1, 2, 4, 8, 8, 8, 8, 8, 8, 8, 4, 2, 1]",936,0.0045078740222379,0.5525336765182558,,,,paper_benchmarks_ext
angle_sweep,rxx,22,2,9,7,variational_mpo,8,8,0.0198691765315922,0.0031622776601683,0,1,6.624755806827753e-05,0.0081393276927232,,1.6653345369377348e-15,1.1102230246251563e-16,8,"[1, 2, 4, 8, 8, 8, 8, 8, 8, 8, 4, 2, 1]",936,0.4529956059996038,0.0,1.0,0.0,best_init=zipup,paper_benchmarks_ext
angle_sweep,rxx,22,2,9,7,hybrid_tdvp,8,8,0.0291639627613246,0.0046415888336127,0,1,0.0001419030473706,0.0119125178634167,,1.1102230246251563e-15,4.440892098500626e-16,8,"[1, 2, 4, 8, 8, 8, 8, 8, 8, 8, 4, 2, 1]",936,0.0181442510220222,1.2491521137412284e-05,,,,paper_benchmarks_ext
angle_sweep,rxx,22,2,9,7,mpo_zipup,8,8,0.0291639627613246,0.0046415888336127,0,1,0.0001432818213393,0.0119702528848419,,7.16434770653418e-05,7.16434770633434e-05,8,"[1, 2, 4, 8, 8, 8, 8, 8, 8, 8, 4, 2, 1]",936,0.0048381219967268,0.0001432894357758,,,,paper_benchmarks_ext
angle_sweep,rxx,22,2,9,7,tebd_swap,8,8,0.0291639627613246,0.0046415888336127,0,1,0.339665008695072,0.6121928009953002,,0.2491479548282394,0.2491479548282379,8,"[1, 2, 4, 8, 8, 8, 8, 8, 8, 8, 4, 2, 1]",936,0.0027791499742306,0.5525729804716897,,,,paper_benchmarks_ext
angle_sweep,rxx,22,2,9,7,variational_mpo,8,8,0.0291639627613246,0.0046415888336127,0,1,0.0001432818213391,0.0119702528848419,,2.220446049250313e-15,7.771561172376098e-16,8,"[1, 2, 4, 8, 8, 8, 8, 8, 8, 8, 4, 2, 1]",936,0.4495653170160949,0.0,1.0,0.0,best_init=zipup,paper_benchmarks_ext
angle_sweep,rxx,22,2,9,7,hybrid_tdvp,8,8,0.0428068431820296,0.0068129206905796,0,1,0.0003051207898938,0.0174683733678556,,1.3322676295501878e-15,0.0,8,"[1, 2, 4, 8, 8, 8, 8, 8, 8, 8, 4, 2, 1]",936,0.013324511994142,2.6979869350291205e-05,,,,paper_benchmarks_ext
angle_sweep,rxx,22,2,9,7,mpo_zipup,8,8,0.0428068431820296,0.0068129206905796,0,1,0.0003114336322127,0.0176481694154361,,0.0001557289418577,0.0001557289418563,8,"[1, 2, 4, 8, 8, 8, 8, 8, 8, 8, 4, 2, 1]",936,0.004514088970609,0.0003114695668762,,,,paper_benchmarks_ext
angle_sweep,rxx,22,2,9,7,tebd_swap,8,8,0.0428068431820296,0.0068129206905796,0,1,0.3397448753607515,0.6122730703636702,,0.249197101686757,0.2491971016867556,8,"[1, 2, 4, 8, 8, 8, 8, 8, 8, 8, 4, 2, 1]",936,0.003212223004084,0.5526494125379726,,,,paper_benchmarks_ext
angle_sweep,rxx,22,2,9,7,variational_mpo,8,8,0.0428068431820296,0.0068129206905796,0,1,0.0003114336322126,0.0176481694154361,,1.3322676295501878e-15,0.0,8,"[1, 2, 4, 8, 8, 8, 8, 8, 8, 8, 4, 2, 1]",936,0.4588861819938756,0.0,1.0,0.0,best_init=zipup,paper_benchmarks_ext
angle_sweep,rxx,22,2,9,7,hybrid_tdvp,8,8,0.0628318530717958,0.01,0,1,0.0006552849432464,0.0256006313988865,,1.887379141862766e-15,2.220446049250313e-16,8,"[1, 2, 4, 8, 8, 8, 8, 8, 8, 8, 4, 2, 1]",936,0.01431172498269,5.834695577043547e-05,,,,paper_benchmarks_ext
angle_sweep,rxx,22,2,9,7,mpo_zipup,8,8,0.0628318530717958,0.01,0,1,0.0006835645498761,0.0261473020585694,,0.0003418407024705,0.0003418407024691,8,"[1, 2, 4, 8, 8, 8, 8, 8, 8, 8, 4, 2, 1]",936,0.0038904669927433,0.000683737146317,,,,paper_benchmarks_ext
angle_sweep,rxx,22,2,9,7,tebd_swap,8,8,0.0628318530717958,0.01,0,1,0.3398817843993208,0.612410656539113,,0.2492824949213525,0.2492824949213513,8,"[1, 2, 4, 8, 8, 8, 8, 8, 8, 8, 4, 2, 1]",936,0.0028834179975092,0.5528037257500646,,,,paper_benchmarks_ext
angle_sweep,rxx,22,2,9,7,variational_mpo,8,8,0.0628318530717958,0.01,0,1,0.0006835645498768,0.0261473020585694,,1.3322676295501878e-15,0.0,8,"[1, 2, 4, 8, 8, 8, 8, 8, 8, 8, 4, 2, 1]",936,0.4457821900141425,0.0,1.0,0.0,best_init=zipup,paper_benchmarks_ext
angle_sweep,rxx,22,2,9,7,hybrid_tdvp,8,8,0.0922245479221194,0.0146779926762206,0,1,0.0014043311365563,0.0374809887748481,,1.3322676295501878e-15,0.0,8,"[1, 2, 4, 8, 8, 8, 8, 8, 8, 8, 4, 2, 1]",936,0.014136744022835,0.0001264246419824,,,,paper_benchmarks_ext
angle_sweep,rxx,22,2,9,7,mpo_zipup,8,8,0.0922245479221194,0.0146779926762206,0,1,0.0015183861555749,0.0389738754513745,,0.0007594814838484,0.0007594814838474,8,"[1, 2, 4, 8, 8, 8, 8, 8, 8, 8, 4, 2, 1]",936,0.0037303769495338,0.0015192311616975,,,,paper_benchmarks_ext
angle_sweep,rxx,22,2,9,7,tebd_swap,8,8,0.0922245479221194,0.0146779926762206,0,1,0.3401094695132647,0.6126394309189755,,0.2494455971061115,0.2494455971061112,8,"[1, 2, 4, 8, 8, 8, 8, 8, 8, 8, 4, 2, 1]",936,0.0030563750187866,0.5531280574917459,,,,paper_benchmarks_ext
angle_sweep,rxx,22,2,9,7,variational_mpo,8,8,0.0922245479221194,0.0146779926762206,0,1,0.0015183861555749,0.0389738754513745,,1.3322676295501878e-15,4.440892098500626e-16,8,"[1, 2, 4, 8, 8, 8, 8, 8, 8, 8, 4, 2, 1]",936,0.4480029169935733,0.0,1.0,0.0,best_init=zipup,paper_benchmarks_ext
angle_sweep,rxx,22,2,9,7,hybrid_tdvp,8,8,0.1353671238968632,0.0215443469003188,0,1,0.0029977561330083,0.0547723118210452,,1.3322676295501878e-15,0.0,8,"[1, 2, 4, 8, 8, 8, 8, 8, 8, 8, 4, 2, 1]",936,0.0141356129897758,0.0002746999158182,,,,paper_benchmarks_ext
angle_sweep,rxx,22,2,9,7,mpo_zipup,8,8,0.1353671238968632,0.0215443469003188,0,1,0.0033251278700271,0.0576879241606269,,0.0016639482969788,0.0016639482969773,8,"[1, 2, 4, 8, 8, 8, 8, 8, 8, 8, 4, 2, 1]",936,0.0037553180009126,0.0033291613713667,,,,paper_benchmarks_ext
angle_sweep,rxx,22,2,9,7,tebd_swap,8,8,0.1353671238968632,0.0215443469003188,0,1,0.3404609798868928,0.612992532747167,,0.2497899549156143,0.249789954915613,8,"[1, 2, 4, 8, 8, 8, 8, 8, 8, 8, 4, 2, 1]",936,0.0028750579804182,0.5538373722719798,,,,paper_benchmarks_ext
angle_sweep,rxx,22,2,9,7,variational_mpo,8,8,0.1353671238968632,0.0215443469003188,0,1,0.0033251278700277,0.0576879241606269,,1.3322676295501878e-15,0.0,8,"[1, 2, 4, 8, 8, 8, 8, 8, 8, 8, 4, 2, 1]",936,0.4478316329768859,0.0,1.0,0.0,best_init=zipup,paper_benchmarks_ext
angle_sweep,rxx,22,2,9,7,hybrid_tdvp,8,8,0.198691765315922,0.0316227766016837,0,1,0.0063487194065899,0.079742260315529,,8.881784197001252e-16,2.220446049250313e-16,8,"[1, 2, 4, 8, 8, 8, 8, 8, 8, 8, 4, 2, 1]",936,0.0138109929976053,0.0005990169010787,,,,paper_benchmarks_ext
angle_sweep,rxx,22,2,9,7,mpo_zipup,8,8,0.198691765315922,0.0316227766016837,0,1,0.0070089596566575,0.0837931039217432,,0.0035106421324201,0.0035106421324184,8,"[1, 2, 4, 8, 8, 8, 8, 8, 8, 8, 4, 2, 1]",936,0.0035379350301809,0.0070278384325299,,,,paper_benchmarks_ext
angle_sweep,rxx,22,2,9,7,tebd_swap,8,8,0.198691765315922,0.0316227766016837,0,1,0.3411019495677766,0.613636123341564,,0.2504413982217573,0.2504413982217565,8,"[1, 2, 4, 8, 8, 8, 8, 8, 8, 8, 4, 2, 1]",936,0.0024734949693083,0.5553682466446217,,,,paper_benchmarks_ext
angle_sweep,rxx,22,2,9,7,variational_mpo,8,8,0.198691765315922,0.0316227766016837,0,1,0.007008959656657,0.0837931039217433,,1.7763568394002505e-15,3.3306690738754696e-16,8,"[1, 2, 4, 8, 8, 8, 8, 8, 8, 8, 4, 2, 1]",936,0.4829528870177455,0.0,1.0,0.0,best_init=zipup,paper_benchmarks_ext
angle_sweep,rxx,22,2,9,7,hybrid_tdvp,8,8,0.2916396276132463,0.0464158883361277,0,1,0.0132084782914493,0.1151190024132331,,1.6653345369377348e-15,1.1102230246251563e-16,8,"[1, 2, 4, 8, 8, 8, 8, 8, 8, 8, 4, 2, 1]",936,0.0168855530209839,0.0013094546586883,,,,paper_benchmarks_ext
angle_sweep,rxx,22,2,9,7,mpo_zipup,8,8,0.2916396276132463,0.0464158883361277,0,1,0.0122705774065721,0.1109434626448918,,0.0061542259518178,0.0061542259518161,8,"[1, 2, 4, 8, 8, 8, 8, 8, 8, 8, 4, 2, 1]",936,0.0042030219919979,0.0123294321642567,,,,paper_benchmarks_ext
angle_sweep,rxx,22,2,9,7,tebd_swap,8,8,0.2916396276132463,0.0464158883361277,0,1,0.3428293272552878,0.6153687679898895,,0.2511273349201822,0.2511273349201813,8,"[1, 2, 4, 8, 8, 8, 8, 8, 8, 8, 4, 2, 1]",936,0.0035090969759039,0.5585783163357562,,,,paper_benchmarks_ext
angle_sweep,rxx,22,2,9,7,variational_mpo,8,8,0.2916396276132463,0.0464158883361277,0,1,0.0122705774065722,0.1109434626448918,,1.7763568394002505e-15,3.3306690738754696e-16,8,"[1, 2, 4, 8, 8, 8, 8, 8, 8, 8, 4, 2, 1]",936,0.5767259370186366,0.0,1.0,0.0,best_init=zipup,paper_benchmarks_ext
angle_sweep,rxx,22,2,9,7,hybrid_tdvp,8,8,0.4280684318202959,0.068129206905796,0,1,0.0262050977393295,0.1624163214095499,,1.1102230246251563e-15,2.220446049250313e-16,8,"[1, 2, 4, 8, 8, 8, 8, 8, 8, 8, 4, 2, 1]",936,0.0194490979774855,0.0028381009138229,,,,paper_benchmarks_ext
angle_sweep,rxx,22,2,9,7,mpo_zipup,8,8,0.4280684318202959,0.068129206905796,0,1,0.0216625686096164,0.1475844622216673,,0.0108905867446248,0.010890586744623,8,"[1, 2, 4, 8, 8, 8, 8, 8, 8, 8, 4, 2, 1]",936,0.0048396729980595,0.0218464824397054,,,,paper_benchmarks_ext
angle_sweep,rxx,22,2,9,7,tebd_swap,8,8,0.4280684318202959,0.068129206905796,0,1,0.3471961978327136,0.6197374476225187,,0.2518697529917894,0.2518697529917884,8,"[1, 2, 4, 8, 8, 8, 8, 8, 8, 8, 4, 2, 1]",936,0.0039177170256152,0.5647635543246972,,,,paper_benchmarks_ext
angle_sweep,rxx,22,2,9,7,variational_mpo,8,8,0.4280684318202959,0.068129206905796,0,1,0.0216625686096169,0.1475844622216674,,1.6653345369377348e-15,3.3306690738754696e-16,8,"[1, 2, 4, 8, 8, 8, 8, 8, 8, 8, 4, 2, 1]",936,0.4601960540167056,0.0,1.0,0.0,best_init=zipup,paper_benchmarks_ext
angle_sweep,rxx,22,2,9,7,hybrid_tdvp,8,8,0.6283185307179586,0.1,0,1,0.045911099775346,0.2155238091222081,,1.887379141862766e-15,4.440892098500626e-16,8,"[1, 2, 4, 8, 8, 8, 8, 8, 8, 8, 4, 2, 1]",936,0.0167003630194813,0.0062012574654155,,,,paper_benchmarks_ext
angle_sweep,rxx,22,2,9,7,mpo_zipup,8,8,0.6283185307179586,0.1,0,1,0.0361148278699867,0.1909107708020835,,0.0182234612041206,0.0182234612041196,8,"[1, 2, 4, 8, 8, 8, 8, 8, 8, 8, 4, 2, 1]",936,0.0047236359678208,0.0366249103645738,,,,paper_benchmarks_ext
angle_sweep,rxx,22,2,9,7,tebd_swap,8,8,0.6283185307179586,0.1,0,1,0.3556072054507475,0.6281069947112359,,0.2537484728316745,0.2537484728316737,8,"[1, 2, 4, 8, 8, 8, 8, 8, 8, 8, 4, 2, 1]",936,0.0032159619731828,0.5748466350955318,,,,paper_benchmarks_ext
angle_sweep,rxx,22,2,9,7,variational_mpo,8,8,0.6283185307179586,0.1,0,1,0.0361148278699868,0.1909107708020835,,1.3322676295501878e-15,0.0,8,"[1, 2, 4, 8, 8, 8, 8, 8, 8, 8, 4, 2, 1]",936,0.4387512900284491,0.0,1.0,0.0,best_init=zipup,paper_benchmarks_ext
angle_sweep,rxx,22,2,9,7,hybrid_tdvp,8,8,0.9222454792211944,0.1467799267622069,0,1,0.0763309016627509,0.2790087769341349,,1.5543122344752196e-15,7.771561172376098e-16,8,"[1, 2, 4, 8, 8, 8, 8, 8, 8, 8, 4, 2, 1]",936,0.0159360579564236,0.0128805304996488,,,,paper_benchmarks_ext
angle_sweep,rxx,22,2,9,7,mpo_zipup,8,8,0.9222454792211944,0.1467799267622069,0,1,0.0575743761315098,0.2417184910797556,,0.0292139144649338,0.0292139144649316,8,"[1, 2, 4, 8, 8, 8, 8, 8, 8, 8, 4, 2, 1]",936,0.0036113929818384,0.0588747521480381,,,,paper_benchmarks_ext
angle_sweep,rxx,22,2,9,7,tebd_swap,8,8,0.9222454792211944,0.1467799267622069,0,1,0.3648298338780221,0.6372195271735315,,0.2584973240963082,0.2584973240963074,8,"[1, 2, 4, 8, 8, 8, 8, 8, 8, 8, 4, 2, 1]",936,0.0024492249940522,0.5882379124389564,,,,paper_benchmarks_ext
angle_sweep,rxx,22,2,9,7,variational_mpo,8,8,0.9222454792211944,0.1467799267622069,0,1,0.0575743761315096,0.2417184910797556,,2.3314683517128287e-15,4.440892098500626e-16,8,"[1, 2, 4, 8, 8, 8, 8, 8, 8, 8, 4, 2, 1]",936,0.4700758560211397,0.0,1.0,0.0,best_init=zipup,paper_benchmarks_ext
angle_sweep,rxx,22,2,9,7,hybrid_tdvp,8,8,1.353671238968633,0.2154434690031882,0,1,0.1259470568454694,0.3608102369274118,,1.3322676295501878e-15,0.0,8,"[1, 2, 4, 8, 8, 8, 8, 8, 8, 8, 4, 2, 1]",936,0.0233731630141846,0.0233058443017796,,,,paper_benchmarks_ext
angle_sweep,rxx,22,2,9,7,mpo_zipup,8,8,1.353671238968633,0.2154434690031882,0,1,0.074769684065961,0.2760835700150753,,0.0381110688161374,0.0381110688161359,8,"[1, 2, 4, 8, 8, 8, 8, 8, 8, 8, 4, 2, 1]",936,0.0041292249807156,0.0769765803701061,,,,paper_benchmarks_ext
angle_sweep,rxx,22,2,9,7,tebd_swap,8,8,1.353671238968633,0.2154434690031882,0,1,0.3734802185880725,0.6457088731140401,,0.2632671499127686,0.2632671499127672,8,"[1, 2, 4, 8, 8, 8, 8, 8, 8, 8, 4, 2, 1]",936,0.0029727080254815,0.6012524226709623,,,,paper_benchmarks_ext
angle_sweep,rxx,22,2,9,7,variational_mpo,8,8,1.353671238968633,0.2154434690031882,0,1,0.0747696840659603,0.2760835700150753,,1.887379141862766e-15,0.0,8,"[1, 2, 4, 8, 8, 8, 8, 8, 8, 8, 4, 2, 1]",936,0.4534667520201765,0.0,1.0,0.0,best_init=zipup,paper_benchmarks_ext
angle_sweep,rxx,22,2,9,7,hybrid_tdvp,8,8,1.5707963267948966,0.25,1,1,0.1495594376011051,0.3944785335481439,,1.3322676295501878e-15,2.220446049250313e-16,8,"[1, 2, 4, 8, 8, 8, 8, 8, 8, 8, 4, 2, 1]",936,0.0214291359880007,0.0286001417890494,,,,paper_benchmarks_ext
angle_sweep,rxx,22,2,9,7,mpo_zipup,8,8,1.5707963267948966,0.25,1,1,0.0754034371756189,0.2772744373035876,,0.0384405567910095,0.0384405567910081,8,"[1, 2, 4, 8, 8, 8, 8, 8, 8, 8, 4, 2, 1]",936,0.0039817719953134,0.077649608363386,,,,paper_benchmarks_ext
angle_sweep,rxx,22,2,9,7,tebd_swap,8,8,1.5707963267948966,0.25,1,1,0.3744175465407053,0.646625540525866,,0.2638348216491013,0.2638348216491001,8,"[1, 2, 4, 8, 8, 8, 8, 8, 8, 8, 4, 2, 1]",936,0.0030297979828901,0.6031307437026445,,,,paper_benchmarks_ext
angle_sweep,rxx,22,2,9,7,variational_mpo,8,8,1.5707963267948966,0.25,1,1,0.075403437175618,0.2772744373035877,,1.887379141862766e-15,6.661338147750939e-16,8,"[1, 2, 4, 8, 8, 8, 8, 8, 8, 8, 4, 2, 1]",936,0.448729490977712,0.0,1.0,0.0,best_init=zipup,paper_benchmarks_ext
angle_sweep,rxx,22,2,9,7,hybrid_tdvp,8,8,1.9869176531592203,0.3162277660168379,0,1,0.1882831672255717,0.4450768672556907,,1.7763568394002505e-15,2.220446049250313e-16,8,"[1, 2, 4, 8, 8, 8, 8, 8, 8, 8, 4, 2, 1]",936,0.02178194897715,0.0386377068427433,,,,paper_benchmarks_ext
angle_sweep,rxx,22,2,9,7,mpo_zipup,8,8,1.9869176531592203,0.3162277660168379,0,1,0.064273360273365,0.2556182944337266,,0.0326703562246042,0.0326703562246026,8,"[1, 2, 4, 8, 8, 8, 8, 8, 8, 8, 4, 2, 1]",936,0.0033857550006359,0.0659014093905946,,,,paper_benchmarks_ext
angle_sweep,rxx,22,2,9,7,tebd_swap,8,8,1.9869176531592203,0.3162277660168379,0,1,0.3698909178475349,0.6421929528696113,,0.2622593713753639,0.2622593713753628,8,"[1, 2, 4, 8, 8, 8, 8, 8, 8, 8, 4, 2, 1]",936,0.0027459490229375,0.5975548604902857,,,,paper_benchmarks_ext
angle_sweep,rxx,22,2,9,7,variational_mpo,8,8,1.9869176531592203,0.3162277660168379,0,1,0.0642733602733651,0.2556182944337266,,1.6653345369377348e-15,2.220446049250313e-16,8,"[1, 2, 4, 8, 8, 8, 8, 8, 8, 8, 4, 2, 1]",936,0.3022545700077899,0.0,1.0,0.0,best_init=zipup,paper_benchmarks_ext
angle_sweep,rxx,22,2,9,7,hybrid_tdvp,8,8,2.916396276132464,0.4641588833612777,0,1,0.2241981419985732,0.4882701095024711,,1.5543122344752196e-15,2.220446049250313e-16,8,"[1, 2, 4, 8, 8, 8, 8, 8, 8, 8, 4, 2, 1]",936,0.0295161150279454,0.0587800090417194,,,,paper_benchmarks_ext
angle_sweep,rxx,22,2,9,7,mpo_zipup,8,8,2.916396276132464,0.4641588833612777,0,1,0.0087495585124517,0.093641771631239,,0.0043843906971164,0.0043843906971149,8,"[1, 2, 4, 8, 8, 8, 8, 8, 8, 8, 4, 2, 1]",936,0.0061903260066173,0.008779433910972,,,,paper_benchmarks_ext
angle_sweep,rxx,22,2,9,7,tebd_swap,8,8,2.916396276132464,0.4641588833612777,0,1,0.3405619722700875,0.6130939621552216,,0.2493081206387237,0.2493081206387225,8,"[1, 2, 4, 8, 8, 8, 8, 8, 8, 8, 4, 2, 1]",936,0.0050740199512802,0.5557236965057076,,,,paper_benchmarks_ext
angle_sweep,rxx,22,2,9,7,variational_mpo,8,8,2.916396276132464,0.4641588833612777,0,1,0.0087495585124517,0.093641771631239,,1.5543122344752196e-15,3.3306690738754696e-16,8,"[1, 2, 4, 8, 8, 8, 8, 8, 8, 8, 4, 2, 1]",936,0.4607341830269433,0.0,1.0,0.0,best_init=zipup,paper_benchmarks_ext
angle_sweep,rxx,22,2,9,7,hybrid_tdvp,8,8,3.141592653589793,0.5,1,1,0.2220664552055629,0.4857871738434377,,1.4432899320127037e-15,2.220446049250313e-16,8,"[1, 2, 4, 8, 8, 8, 8, 8, 8, 8, 4, 2, 1]",936,0.0245474540279246,0.0587492054223421,,,,paper_benchmarks_ext
angle_sweep,rxx,22,2,9,7,mpo_zipup,8,8,3.141592653589793,0.5,1,1,0.0,3.402584959435552e-15,,-1.5543122344752196e-15,2.886579864025407e-15,8,"[1, 2, 4, 8, 8, 8, 8, 8, 8, 8, 4, 2, 1]",936,0.004171947017312,2.7255652592973423e-32,,,,paper_benchmarks_ext
angle_sweep,rxx,22,2,9,7,tebd_swap,8,8,3.141592653589793,0.5,1,1,0.3395410833330916,0.6120682395506034,,0.2490606116092772,0.2490606116092764,8,"[1, 2, 4, 8, 8, 8, 8, 8, 8, 8, 4, 2, 1]",936,0.0034550300333648,0.5524833011295542,,,,paper_benchmarks_ext
angle_sweep,rxx,22,2,9,7,variational_mpo,8,8,3.141592653589793,0.5,1,1,2.220446049250313e-16,3.402992266101404e-15,,1.3322676295501878e-15,0.0,8,"[1, 2, 4, 8, 8, 8, 8, 8, 8, 8, 4, 2, 1]",936,0.2150974969845265,0.0,1.0,0.0,best_init=zipup,paper_benchmarks_ext
angle_sweep,rxx,22,2,9,7,hybrid_tdvp,8,8,4.280684318202959,0.6812920690579608,0,1,0.2222032989456221,0.4859468445985767,,1.7763568394002505e-15,2.220446049250313e-16,8,"[1, 2, 4, 8, 8, 8, 8, 8, 8, 8, 4, 2, 1]",936,0.0248569030081853,0.0822197600536882,,,,paper_benchmarks_ext
angle_sweep,rxx,22,2,9,7,mpo_zipup,8,8,4.280684318202959,0.6812920690579608,0,1,0.06880003513839,0.2646241548365483,,0.0350129716614791,0.0350129716614777,8,"[1, 2, 4, 8, 8, 8, 8, 8, 8, 8, 4, 2, 1]",936,0.0037955300067551,0.0706611359178463,,,,paper_benchmarks_ext
angle_sweep,rxx,22,2,9,7,tebd_swap,8,8,4.280684318202959,0.6812920690579608,0,1,0.3702081217136141,0.6425040418026988,,0.2615080668222198,0.2615080668222187,8,"[1, 2, 4, 8, 8, 8, 8, 8, 8, 8, 4, 2, 1]",936,0.0031173229799605,0.5961387146699894,,,,paper_benchmarks_ext
angle_sweep,rxx,22,2,9,7,variational_mpo,8,8,4.280684318202959,0.6812920690579608,0,1,0.0688000351383901,0.2646241548365483,,1.3322676295501878e-15,1.1102230246251563e-16,8,"[1, 2, 4, 8, 8, 8, 8, 8, 8, 8, 4, 2, 1]",936,0.3404331380152143,0.0,1.0,0.0,best_init=zipup,paper_benchmarks_ext
angle_sweep,rxx,22,2,9,7,hybrid_tdvp,8,8,6.283185307179586,1.0,1,1,0.2550823879396495,0.5232855860616779,,6.661338147750939e-16,8.881784197001252e-16,8,"[1, 2, 4, 8, 8, 8, 8, 8, 8, 8, 4, 2, 1]",936,0.0245252010063268,0.0862820873411577,,,,paper_benchmarks_ext
angle_sweep,rxx,22,2,9,7,mpo_zipup,8,8,6.283185307179586,1.0,1,1,0.0,3.394747620887613e-15,,-1.3322676295501878e-15,2.886579864025407e-15,8,"[1, 2, 4, 8, 8, 8, 8, 8, 8, 8, 4, 2, 1]",936,0.0035535410279408,3.3895990389440686e-32,,,,paper_benchmarks_ext
angle_sweep,rxx,22,2,9,7,tebd_swap,8,8,6.283185307179586,1.0,1,1,0.3395410833330914,0.6120682395506032,,0.2490606116092761,0.2490606116092751,8,"[1, 2, 4, 8, 8, 8, 8, 8, 8, 8, 4, 2, 1]",936,0.0028589630383066,0.5524833011295541,,,,paper_benchmarks_ext
angle_sweep,rxx,22,2,9,7,variational_mpo,8,8,6.283185307179586,1.0,1,1,0.0,3.011975641630372e-16,,1.3322676295501878e-15,1.1102230246251563e-16,8,"[1, 2, 4, 8, 8, 8, 8, 8, 8, 8, 4, 2, 1]",936,0.0096632009954191,0.0,1.0,0.0,best_init=input,paper_benchmarks_ext
angle_sweep,rxx,33,2,9,7,hybrid_tdvp,8,8,0.0006283185307179,0.0001,0,1,7.570377824617226e-08,0.0002751431977439,,2.710341506784175e-09,2.710341839851082e-09,8,"[1, 2, 4, 8, 8, 8, 8, 8, 8, 8, 4, 2, 1]",936,0.0103985560126602,5.4206810135225405e-09,,,,paper_benchmarks_ext
angle_sweep,rxx,33,2,9,7,mpo_zipup,8,8,0.0006283185307179,0.0001,0,1,7.570385307520412e-08,0.0002751433347248,,3.7851928480492354e-08,3.7851928813559255e-08,8,"[1, 2, 4, 8, 8, 8, 8, 8, 8, 8, 4, 2, 1]",936,0.0037163330125622,7.570385501252917e-08,,,,paper_benchmarks_ext
angle_sweep,rxx,33,2,9,7,tebd_swap,8,8,0.0006283185307179,0.0001,0,1,0.4538588050758559,0.7224767628690365,,0.2939052760994526,0.2939052760994527,8,"[1, 2, 4, 8, 8, 8, 8, 8, 8, 8, 4, 2, 1]",936,0.0030095890397205,0.7432628770087286,,,,paper_benchmarks_ext
angle_sweep,rxx,33,2,9,7,variational_mpo,8,8,0.0006283185307179,0.0001,0,1,7.57038529641818e-08,0.0002751433347248,,0.0,0.0,8,"[1, 2, 4, 8, 8, 8, 8, 8, 8, 8, 4, 2, 1]",936,0.2880533129791729,0.0,1.0,0.0,best_init=zipup,paper_benchmarks_ext
angle_sweep,rxx,33,2,9,7,hybrid_tdvp,8,8,0.0009222454792211,0.0001467799267622,0,1,1.6310122907814417e-07,0.0004038579394774,,5.83919768093466e-09,5.8391982360461725e-09,8,"[1, 2, 4, 8, 8, 8, 8, 8, 8, 8, 4, 2, 1]",936,0.0099380539613775,1.1678400244689982e-08,,,,paper_benchmarks_ext
angle_sweep,rxx,33,2,9,7,mpo_zipup,8,8,0.0009222454792211,0.0001467799267622,0,1,1.6310157824328544e-07,0.0004038583724627,,8.155079112004415e-08,8.155079134208877e-08,8,"[1, 2, 4, 8, 8, 8, 8, 8, 8, 8, 4, 2, 1]",936,0.0034349290071986,1.631015867208147e-07,,,,paper_benchmarks_ext
angle_sweep,rxx,33,2,9,7,tebd_swap,8,8,0.0009222454792211,0.0001467799267622,0,1,0.4538588215508369,0.7224767782973548,,0.2939051251131771,0.2939051251131769,8,"[1, 2, 4, 8, 8, 8, 8, 8, 8, 8, 4, 2, 1]",936,0.0025288900360465,0.7432626818296714,,,,paper_benchmarks_ext
angle_sweep,rxx,33,2,9,7,variational_mpo,8,8,0.0009222454792211,0.0001467799267622,0,1,1.6310157868737465e-07,0.0004038583724627,,0.0,4.440892098500626e-16,8,"[1, 2, 4, 8, 8, 8, 8, 8, 8, 8, 4, 2, 1]",936,0.2750353250303305,0.0,1.0,0.0,best_init=zipup,paper_benchmarks_ext
angle_sweep,rxx,33,2,9,7,hybrid_tdvp,8,8,0.0013536712389686,0.0002154434690031,0,1,3.513984579983642e-07,0.0005927887380514,,1.2580009811635762e-08,1.2580009922658064e-08,8,"[1, 2, 4, 8, 8, 8, 8, 8, 8, 8, 4, 2, 1]",936,0.0096988650038838,2.5160026456666428e-08,,,,paper_benchmarks_ext
angle_sweep,rxx,33,2,9,7,mpo_zipup,8,8,0.0013536712389686,0.0002154434690031,0,1,3.514000804782924e-07,0.0005927901064191,,1.757000501756423e-07,1.7570005050870918e-07,8,"[1, 2, 4, 8, 8, 8, 8, 8, 8, 8, 4, 2, 1]",936,0.0033722050138749,3.514001182162704e-07,,,,paper_benchmarks_ext
angle_sweep,rxx,33,2,9,7,tebd_swap,8,8,0.0013536712389686,0.0002154434690031,0,1,0.4538588882936241,0.72247684079994,,0.2939049250868634,0.2939049250868638,8,"[1, 2, 4, 8, 8, 8, 8, 8, 8, 8, 4, 2, 1]",936,0.0023732869885861,0.743262457278576,,,,paper_benchmarks_ext
angle_sweep,rxx,33,2,9,7,variational_mpo,8,8,0.0013536712389686,0.0002154434690031,0,1,3.51400079590114e-07,0.0005927901064191,,-2.220446049250313e-16,0.0,8,"[1, 2, 4, 8, 8, 8, 8, 8, 8, 8, 4, 2, 1]",936,0.4727939899894409,0.0,1.0,0.0,best_init=zipup,paper_benchmarks_ext
angle_sweep,rxx,33,2,9,7,hybrid_tdvp,8,8,0.0019869176531592,0.0003162277660168,0,1,7.57088664316008e-07,0.0008701085036359,,2.7102305732995543e-08,2.7102306288107065e-08,8,"[1, 2, 4, 8, 8, 8, 8, 8, 8, 8, 4, 2, 1]",936,0.0209019629983231,5.420461559194454e-08,,,,paper_benchmarks_ext
angle_sweep,rxx,33,2,9,7,mpo_zipup,8,8,0.0019869176531592,0.0003162277660168,0,1,7.570961879643789e-07,0.0008701128269315,,3.785481640372623e-07,3.785481647033962e-07,8,"[1, 2, 4, 8, 8, 8, 8, 8, 8, 8, 4, 2, 1]",936,0.0067297930363565,7.570963684725049e-07,,,,paper_benchmarks_ext
angle_sweep,rxx,33,2,9,7,tebd_swap,8,8,0.0019869176531592,0.0003162277660168,0,1,0.4538590779679901,0.7224770184241932,,0.2939046779829404,0.2939046779829405,8,"[1, 2, 4, 8, 8, 8, 8, 8, 8, 8, 4, 2, 1]",936,0.0050442119827494,0.7432622611023938,,,,paper_benchmarks_ext
angle_sweep,rxx,33,2,9,7,variational_mpo,8,8,0.0019869176531592,0.0003162277660168,0,1,7.570961880754012e-07,0.0008701128269315,,-6.661338147750939e-16,4.440892098500626e-16,8,"[1, 2, 4, 8, 8, 8, 8, 8, 8, 8, 4, 2, 1]",936,0.5731788959819824,0.0,1.0,0.0,best_init=zipup,paper_benchmarks_ext
angle_sweep,rxx,33,2,9,7,hybrid_tdvp,8,8,0.0029163962761324,0.0004641588833612,0,1,1.63117229368126e-06,0.0012771738172047,,5.8388555879140824e-08,5.8388556434252337e-08,8,"[1, 2, 4, 8, 8, 8, 8, 8, 8, 8, 4, 2, 1]",936,0.0229236230370588,1.1677711620106252e-07,,,,paper_benchmarks_ext
angle_sweep,rxx,33,2,9,7,mpo_zipup,8,8,0.0029163962761324,0.0004641588833612,0,1,1.6312071713375786e-06,0.0012771874713644,,8.156039190687636e-07,8.156039194018305e-07,8,"[1, 2, 4, 8, 8, 8, 8, 8, 8, 8, 4, 2, 1]",936,0.0076196290319785,1.6312080081426596e-06,,,,paper_benchmarks_ext
angle_sweep,rxx,33,2,9,7,tebd_swap,8,8,0.0029163962761324,0.0004641588833612,0,1,0.4538595539997381,0.7224774642133355,,0.2939044153817399,0.2939044153817404,8,"[1, 2, 4, 8, 8, 8, 8, 8, 8, 8, 4, 2, 1]",936,0.0051073849899694,0.7432622605669347,,,,paper_benchmarks_ext
angle_sweep,rxx,33,2,9,7,variational_mpo,8,8,0.0029163962761324,0.0004641588833612,0,1,1.6312071712265563e-06,0.0012771874713644,,0.0,1.1102230246251563e-16,8,"[1, 2, 4, 8, 8, 8, 8, 8, 8, 8, 4, 2, 1]",936,0.5711397510021925,0.0,1.0,0.0,best_init=zipup,paper_benchmarks_ext
angle_sweep,rxx,33,2,9,7,hybrid_tdvp,8,8,0.0042806843182029,0.0006812920690579,0,1,3.5144863435032647e-06,0.0018746971569711,,1.2578936614549008e-07,1.2578936625651238e-07,8,"[1, 2, 4, 8, 8, 8, 8, 8, 8, 8, 4, 2, 1]",936,0.0231821869965642,2.5157873676341777e-07,,,,paper_benchmarks_ext
angle_sweep,rxx,33,2,9,7,mpo_zipup,8,8,0.0042806843182029,0.0006812920690579,0,1,3.5146479514525097e-06,0.0018747402591952,,1.757325519657904e-06,1.7573255201019933e-06,8,"[1, 2, 4, 8, 8, 8, 8, 8, 8, 8, 4, 2, 1]",936,0.0071337890112772,3.514651833429731e-06,,,,paper_benchmarks_ext
angle_sweep,rxx,33,2,9,7,tebd_swap,8,8,0.0042806843182029,0.0006812920690579,0,1,0.4538606786365533,0.7224785174009234,,0.2939042453586552,0.2939042453586552,8,"[1, 2, 4, 8, 8, 8, 8, 8, 8, 8, 4, 2, 1]",936,0.0053335700067691,0.7432628788845357,,,,paper_benchmarks_ext
angle_sweep,rxx,33,2,9,7,variational_mpo,8,8,0.0042806843182029,0.0006812920690579,0,1,3.5146479513414874e-06,0.0018747402591952,,-6.661338147750939e-16,4.440892098500626e-16,8,"[1, 2, 4, 8, 8, 8, 8, 8, 8, 8, 4, 2, 1]",936,0.6041783189866692,0.0,1.0,0.0,best_init=zipup,paper_benchmarks_ext
angle_sweep,rxx,33,2,9,7,hybrid_tdvp,8,8,0.0062831853071795,0.001,0,1,7.572453829651771e-06,0.0027518117969729,,2.709895882135882e-07,2.70989588879722e-07,8,"[1, 2, 4, 8, 8, 8, 8, 8, 8, 8, 4, 2, 1]",936,0.0239235000335611,5.419792325546382e-07,,,,paper_benchmarks_ext
angle_sweep,rxx,33,2,9,7,mpo_zipup,8,8,0.0062831853071795,0.001,0,1,7.57320221556057e-06,0.0027519477745243,,3.786608277489556e-06,3.7866082784887567e-06,8,"[1, 2, 4, 8, 8, 8, 8, 8, 8, 8, 4, 2, 1]",936,0.0079106950433924,7.573220237158064e-06,,,,paper_benchmarks_ext
angle_sweep,rxx,33,2,9,7,tebd_swap,8,8,0.0062831853071795,0.001,0,1,0.4538632474176898,0.7224809229833041,,0.2939044591607489,0.2939044591607491,8,"[1, 2, 4, 8, 8, 8, 8, 8, 8, 8, 4, 2, 1]",936,0.0054343739757314,0.7432651199128806,,,,paper_benchmarks_ext
angle_sweep,rxx,33,2,9,7,variational_mpo,8,8,0.0062831853071795,0.001,0,1,7.573202215005459e-06,0.0027519477745243,,-8.881784197001252e-16,4.440892098500626e-16,8,"[1, 2, 4, 8, 8, 8, 8, 8, 8, 8, 4, 2, 1]",936,0.5906870400067419,0.0,1.0,0.0,best_init=zipup,paper_benchmarks_ext
angle_sweep,rxx,33,2,9,7,hybrid_tdvp,8,8,0.0092224547922119,0.001467799267622,0,1,1.631658815126613e-05,0.0040393879127167,,-6.661338147750939e-16,6.661338147750939e-16,8,"[1, 2, 4, 8, 8, 8, 8, 8, 8, 8, 4, 2, 1]",936,0.0261894239811226,1.1675648887047566e-06,,,,paper_benchmarks_ext
angle_sweep,rxx,33,2,9,7,mpo_zipup,8,8,0.0092224547922119,0.001467799267622,0,1,1.6320051643647915e-05,0.0040398166085114,,8.160059115636109e-06,8.16005911619122e-06,8,"[1, 2, 4, 8, 8, 8, 8, 8, 8, 8, 4, 2, 1]",936,0.0077765650348737,1.6320135319077e-05,,,,paper_benchmarks_ext
angle_sweep,rxx,33,2,9,7,tebd_swap,8,8,0.0092224547922119,0.001467799267622,0,1,0.4538689969931901,0.7224863072705933,,0.2939057687862793,0.2939057687862796,8,"[1, 2, 4, 8, 8, 8, 8, 8, 8, 8, 4, 2, 1]",936,0.0056575540220364,0.7432712809313958,,,,paper_benchmarks_ext
angle_sweep,rxx,33,2,9,7,variational_mpo,8,8,0.0092224547922119,0.001467799267622,0,1,1.6320051644092004e-05,0.0040398166085114,,-4.440892098500626e-16,2.220446049250313e-16,8,"[1, 2, 4, 8, 8, 8, 8, 8, 8, 8, 4, 2, 1]",936,0.5932982109952718,0.0,1.0,0.0,best_init=zipup,paper_benchmarks_ext
angle_sweep,rxx,33,2,9,7,hybrid_tdvp,8,8,0.0135367123896863,0.0021544346900318,0,1,3.515982862234424e-05,0.0059295984418251,,-8.881784197001252e-16,4.440892098500626e-16,8,"[1, 2, 4, 8, 8, 8, 8, 8, 8, 8, 4, 2, 1]",936,0.012244482000824,2.515159960063605e-06,,,,paper_benchmarks_ext
angle_sweep,rxx,33,2,9,7,mpo_zipup,8,8,0.0135367123896863,0.0021544346900318,0,1,3.517585159462655e-05,0.0059309494126137,,1.7588080465480438e-05,1.7588080466146572e-05,8,"[1, 2, 4, 8, 8, 8, 8, 8, 8, 8, 4, 2, 1]",936,0.0034497489687055,3.5176240241430946e-05,,,,paper_benchmarks_ext
angle_sweep,rxx,33,2,9,7,tebd_swap,8,8,0.0135367123896863,0.0021544346900318,0,1,0.4538817036699014,0.7224982066112635,,0.2939098281824075,0.2939098281824078,8,"[1, 2, 4, 8, 8, 8, 8, 8, 8, 8, 4, 2, 1]",936,0.0026719989837147,0.7432865065259551,,,,paper_benchmarks_ext
angle_sweep,rxx,33,2,9,7,variational_mpo,8,8,0.0135367123896863,0.0021544346900318,0,1,3.5175851594404506e-05,0.0059309494126137,,-4.440892098500626e-16,0.0,8,"[1, 2, 4, 8, 8, 8, 8, 8, 8, 8, 4, 2, 1]",936,0.3245739979902282,0.0,1.0,0.0,best_init=zipup,paper_benchmarks_ext
angle_sweep,rxx,33,2,9,7,hybrid_tdvp,8,8,0.0198691765315922,0.0031622776601683,0,1,7.576991878188721e-05,0.0087046742676733,,-1.3322676295501878e-15,6.661338147750939e-16,8,"[1, 2, 4, 8, 8, 8, 8, 8, 8, 8, 4, 2, 1]",936,0.0153774129576049,5.417923956849117e-06,,,,paper_benchmarks_ext
angle_sweep,rxx,33,2,9,7,mpo_zipup,8,8,0.0198691765315922,0.0031622776601683,0,1,7.584409444250095e-05,0.0087089340667328,,3.792276628700186e-05,3.7922766287668e-05,8,"[1, 2, 4, 8, 8, 8, 8, 8, 8, 8, 4, 2, 1]",936,0.0046457590069621,7.584590105497384e-05,,,,paper_benchmarks_ext
angle_sweep,rxx,33,2,9,7,tebd_swap,8,8,0.0198691765315922,0.0031622776601683,0,1,0.453909557729628,0.722524290723983,,0.2939203626784703,0.2939203626784707,8,"[1, 2, 4, 8, 8, 8, 8, 8, 8, 8, 4, 2, 1]",936,0.0041163809946738,0.7433221585342564,,,,paper_benchmarks_ext
angle_sweep,rxx,33,2,9,7,variational_mpo,8,8,0.0198691765315922,0.0031622776601683,0,1,7.584409444183482e-05,0.0087089340667328,,-4.440892098500626e-16,2.220446049250313e-16,8,"[1, 2, 4, 8, 8, 8, 8, 8, 8, 8, 4, 2, 1]",936,0.3908739140024408,0.0,1.0,0.0,best_init=zipup,paper_benchmarks_ext
angle_sweep,rxx,33,2,9,7,hybrid_tdvp,8,8,0.0291639627613246,0.0046415888336127,0,1,0.0001633004018433,0.0127791654321855,,0.0,2.220446049250313e-16,8,"[1, 2, 4, 8, 8, 8, 8, 8, 8, 8, 4, 2, 1]",936,0.0155764030059799,1.1670278686669192e-05,,,,paper_benchmarks_ext
angle_sweep,rxx,33,2,9,7,mpo_zipup,8,8,0.0291639627613246,0.0046415888336127,0,1,0.0001636450621422,0.0127926446685817,,8.18258788041204e-05,8.182587880400938e-05,8,"[1, 2, 4, 8, 8, 8, 8, 8, 8, 8, 4, 2, 1]",936,0.0037432180251926,0.0001636534750093,,,,paper_benchmarks_ext
angle_sweep,rxx,33,2,9,7,tebd_swap,8,8,0.0291639627613246,0.0046415888336127,0,1,0.4539702890862196,0.7225811620336949,,0.2939455857529519,0.2939455857529522,8,"[1, 2, 4, 8, 8, 8, 8, 8, 8, 8, 4, 2, 1]",936,0.002687523025088,0.743403089870432,,,,paper_benchmarks_ext
angle_sweep,rxx,33,2,9,7,variational_mpo,8,8,0.0291639627613246,0.0046415888336127,0,1,0.0001636450621423,0.0127926446685817,,2.220446049250313e-16,7.771561172376098e-16,8,"[1, 2, 4, 8, 8, 8, 8, 8, 8, 8, 4, 2, 1]",936,0.3094691670266911,0.0,1.0,0.0,best_init=zipup,paper_benchmarks_ext
angle_sweep,rxx,33,2,9,7,hybrid_tdvp,8,8,0.0428068431820296,0.0068129206905796,0,1,0.0003519821989308,0.0187620142108731,,-1.3322676295501878e-15,8.881784197001252e-16,8,"[1, 2, 4, 8, 8, 8, 8, 8, 8, 8, 4, 2, 1]",936,0.0132517369929701,2.51371248314456e-05,,,,paper_benchmarks_ext
angle_sweep,rxx,33,2,9,7,mpo_zipup,8,8,0.0428068431820296,0.0068129206905796,0,1,0.0003536027642522,0.0188051596246397,,0.0001768170142524,0.000176817014253,8,"[1, 2, 4, 8, 8, 8, 8, 8, 8, 8, 4, 2, 1]",936,0.0043044640333391,0.0003536420955679,,,,paper_benchmarks_ext
angle_sweep,rxx,33,2,9,7,tebd_swap,8,8,0.0428068431820296,0.0068129206905796,0,1,0.4541022026864281,0.7227046867650516,,0.2940032830875659,0.2940032830875664,8,"[1, 2, 4, 8, 8, 8, 8, 8, 8, 8, 4, 2, 1]",936,0.0027452239883132,0.7435832507174908,,,,paper_benchmarks_ext
angle_sweep,rxx,33,2,9,7,variational_mpo,8,8,0.0428068431820296,0.0068129206905796,0,1,0.0003536027642514,0.0188051596246397,,-8.881784197001252e-16,4.440892098500626e-16,8,"[1, 2, 4, 8, 8, 8, 8, 8, 8, 8, 4, 2, 1]",936,0.3827517100144177,0.0,1.0,0.0,best_init=zipup,paper_benchmarks_ext
angle_sweep,rxx,33,2,9,7,hybrid_tdvp,8,8,0.0628318530717958,0.01,0,1,0.0007587220685111,0.0275475232630282,,-6.661338147750939e-16,0.0,8,"[1, 2, 4, 8, 8, 8, 8, 8, 8, 8, 4, 2, 1]",936,0.0124154440127313,5.414518329253748e-05,,,,paper_benchmarks_ext
angle_sweep,rxx,33,2,9,7,mpo_zipup,8,8,0.0628318530717958,0.01,0,1,0.0007666010392147,0.0276902151462226,,0.0003833740074227,0.0003833740074236,8,"[1, 2, 4, 8, 8, 8, 8, 8, 8, 8, 4, 2, 1]",936,0.0033486770116724,0.0007667866339777,,,,paper_benchmarks_ext
angle_sweep,rxx,33,2,9,7,tebd_swap,8,8,0.0628318530717958,0.01,0,1,0.4543877578708514,0.7229720612664579,,0.2941312005028038,0.2941312005028038,8,"[1, 2, 4, 8, 8, 8, 8, 8, 8, 8, 4, 2, 1]",936,0.0025505910161882,0.7439788153202231,,,,paper_benchmarks_ext
angle_sweep,rxx,33,2,9,7,variational_mpo,8,8,0.0628318530717958,0.01,0,1,0.0007666010392147,0.0276902151462225,,-8.881784197001252e-16,4.440892098500626e-16,8,"[1, 2, 4, 8, 8, 8, 8, 8, 8, 8, 4, 2, 1]",936,0.3049643160193227,0.0,1.0,0.0,best_init=zipup,paper_benchmarks_ext
angle_sweep,rxx,33,2,9,7,hybrid_tdvp,8,8,0.0922245479221194,0.0146779926762206,0,1,0.0016353586942861,0.0404478409938033,,-4.440892098500626e-16,0.0,8,"[1, 2, 4, 8, 8, 8, 8, 8, 8, 8, 4, 2, 1]",936,0.0136128000449389,0.0001166501417828,,,,paper_benchmarks_ext
angle_sweep,rxx,33,2,9,7,mpo_zipup,8,8,0.0922245479221194,0.0146779926762206,0,1,0.0016774412410283,0.0409651715964596,,0.0008390726419635,0.0008390726419641,8,"[1, 2, 4, 8, 8, 8, 8, 8, 8, 8, 4, 2, 1]",936,0.0038424070226028,0.0016783392789752,,,,paper_benchmarks_ext
angle_sweep,rxx,33,2,9,7,tebd_swap,8,8,0.0922245479221194,0.0146779926762206,0,1,0.455002792345601,0.7235478397532974,,0.2944070265065688,0.2944070265065688,8,"[1, 2, 4, 8, 8, 8, 8, 8, 8, 8, 4, 2, 1]",936,0.002911577001214,0.7448368017728428,,,,paper_benchmarks_ext
angle_sweep,rxx,33,2,9,7,variational_mpo,8,8,0.0922245479221194,0.0146779926762206,0,1,0.0016774412410293,0.0409651715964595,,-8.881784197001252e-16,4.440892098500626e-16,8,"[1, 2, 4, 8, 8, 8, 8, 8, 8, 8, 4, 2, 1]",936,0.3037517600459978,0.0,1.0,0.0,best_init=zipup,paper_benchmarks_ext
angle_sweep,rxx,33,2,9,7,hybrid_tdvp,8,8,0.1353671238968632,0.0215443469003188,0,1,0.0035232124875763,0.0593828360969593,,-2.220446049250313e-16,6.661338147750939e-16,8,"[1, 2, 4, 8, 8, 8, 8, 8, 8, 8, 4, 2, 1]",936,0.0189897920354269,0.0002514659212841,,,,paper_benchmarks_ext
angle_sweep,rxx,33,2,9,7,mpo_zipup,8,8,0.1353671238968632,0.0215443469003188,0,1,0.0038124457332112,0.0617744798601558,,0.0019080431809992,0.0019080431809999,8,"[1, 2, 4, 8, 8, 8, 8, 8, 8, 8, 4, 2, 1]",936,0.0044686369947157,0.0038172028118432,,,,paper_benchmarks_ext
angle_sweep,rxx,33,2,9,7,tebd_swap,8,8,0.1353671238968632,0.0215443469003188,0,1,0.4563111287610085,0.7247722265087597,,0.2949814305042892,0.2949814305042896,8,"[1, 2, 4, 8, 8, 8, 8, 8, 8, 8, 4, 2, 1]",936,0.0035031809820793,0.7466681298962388,,,,paper_benchmarks_ext
angle_sweep,rxx,33,2,9,7,variational_mpo,8,8,0.1353671238968632,0.0215443469003188,0,1,0.0038124457332125,0.0617744798601558,,-8.881784197001252e-16,4.440892098500626e-16,8,"[1, 2, 4, 8, 8, 8, 8, 8, 8, 8, 4, 2, 1]",936,0.3251575640169903,0.0,1.0,0.0,best_init=zipup,paper_benchmarks_ext
angle_sweep,rxx,33,2,9,7,hybrid_tdvp,8,8,0.198691765315922,0.0316227766016837,0,1,0.0075790831138683,0.0871406817647536,,-6.661338147750939e-16,4.440892098500626e-16,8,"[1, 2, 4, 8, 8, 8, 8, 8, 8, 8, 4, 2, 1]",936,0.0151829309761524,0.0005430094375182,,,,paper_benchmarks_ext
angle_sweep,rxx,33,2,9,7,mpo_zipup,8,8,0.198691765315922,0.0316227766016837,0,1,0.0100681466880248,0.1004669944005387,,0.005046808481939,0.0050468084819392,8,"[1, 2, 4, 8, 8, 8, 8, 8, 8, 8, 4, 2, 1]",936,0.003477095044218,0.0101049243405899,,,,paper_benchmarks_ext
angle_sweep,rxx,33,2,9,7,tebd_swap,8,8,0.198691765315922,0.0316227766016837,0,1,0.458978625742756,0.7272667300428302,,0.2961111492377265,0.2961111492377268,8,"[1, 2, 4, 8, 8, 8, 8, 8, 8, 8, 4, 2, 1]",936,0.0025987810222432,0.7504528490815937,,,,paper_benchmarks_ext
angle_sweep,rxx,33,2,9,7,variational_mpo,8,8,0.198691765315922,0.0316227766016837,0,1,0.0098306546995892,0.0992720234192301,,1.1102230246251563e-16,5.551115123125785e-16,8,"[1, 2, 4, 8, 8, 8, 8, 8, 8, 8, 4, 2, 1]",936,0.3299473180086352,0.0,1.0,0.0,best_init=input,paper_benchmarks_ext
angle_sweep,rxx,33,2,9,7,hybrid_tdvp,8,8,0.2916396276132463,0.0464158883361277,0,1,0.0162374343801988,0.1276866812783244,,-6.661338147750939e-16,0.0,8,"[1, 2, 4, 8, 8, 8, 8, 8, 8, 8, 4, 2, 1]",936,0.028680118964985,0.001177596743688,,,,paper_benchmarks_ext
angle_sweep,rxx,33,2,9,7,mpo_zipup,8,8,0.2916396276132463,0.0464158883361277,0,1,0.0176842440001888,0.1332783784526185,,0.0088815630814811,0.0088815630814814,8,"[1, 2, 4, 8, 8, 8, 8, 8, 8, 8, 4, 2, 1]",936,0.0088327599805779,0.0178014942917121,,,,paper_benchmarks_ext
angle_sweep,rxx,33,2,9,7,tebd_swap,8,8,0.2916396276132463,0.0464158883361277,0,1,0.4613871685515527,0.7295170083572726,,0.297421522400588,0.2974215224005885,8,"[1, 2, 4, 8, 8, 8, 8, 8, 8, 8, 4, 2, 1]",936,0.0053502509836107,0.7566998214249632,,,,paper_benchmarks_ext
angle_sweep,rxx,33,2,9,7,variational_mpo,8,8,0.2916396276132463,0.0464158883361277,0,1,0.0176842440001894,0.1332783784526185,,-2.220446049250313e-16,4.440892098500626e-16,8,"[1, 2, 4, 8, 8, 8, 8, 8, 8, 8, 4, 2, 1]",936,0.3730279020383023,0.0,1.0,0.0,best_init=zipup,paper_benchmarks_ext
angle_sweep,rxx,33,2,9,7,hybrid_tdvp,8,8,0.4280684318202959,0.068129206905796,0,1,0.0343920442824851,0.1862604208626252,,-6.661338147750939e-16,4.440892098500626e-16,8,"[1, 2, 4, 8, 8, 8, 8, 8, 8, 8, 4, 2, 1]",936,0.0160381020396016,0.0025802505871743,,,,paper_benchmarks_ext
angle_sweep,rxx,33,2,9,7,mpo_zipup,8,8,0.4280684318202959,0.068129206905796,0,1,0.0293293253094377,0.1718941253593638,,0.0147737951665302,0.0147737951665294,8,"[1, 2, 4, 8, 8, 8, 8, 8, 8, 8, 4, 2, 1]",936,0.0041245900210924,0.0296552358418357,,,,paper_benchmarks_ext
angle_sweep,rxx,33,2,9,7,tebd_swap,8,8,0.4280684318202959,0.068129206905796,0,1,0.4669197816238459,0.7346789410217598,,0.3000624172192515,0.3000624172192513,8,"[1, 2, 4, 8, 8, 8, 8, 8, 8, 8, 4, 2, 1]",936,0.002928512985818,0.7669640184995749,,,,paper_benchmarks_ext
angle_sweep,rxx,33,2,9,7,variational_mpo,8,8,0.4280684318202959,0.068129206905796,0,1,0.0293293253094379,0.171894125359364,,7.771561172376098e-16,8.881784197001252e-16,8,"[1, 2, 4, 8, 8, 8, 8, 8, 8, 8, 4, 2, 1]",936,0.4930800040019676,0.0,1.0,0.0,best_init=zipup,paper_benchmarks_ext
angle_sweep,rxx,33,2,9,7,hybrid_tdvp,8,8,0.6283185307179586,0.1,0,1,0.0701042439817632,0.2671665151254196,,-6.661338147750939e-16,0.0,8,"[1, 2, 4, 8, 8, 8, 8, 8, 8, 8, 4, 2, 1]",936,0.0183254549629054,0.0058113147729879,,,,paper_benchmarks_ext
angle_sweep,rxx,33,2,9,7,mpo_zipup,8,8,0.6283185307179586,0.1,0,1,0.0446758662376962,0.2125707342270523,,0.0225931585249132,0.0225931585249138,8,"[1, 2, 4, 8, 8, 8, 8, 8, 8, 8, 4, 2, 1]",936,0.004300125001464,0.045438609164629,,,,paper_benchmarks_ext
angle_sweep,rxx,33,2,9,7,tebd_swap,8,8,0.6283185307179586,0.1,0,1,0.4774804027060891,0.7445063191879665,,0.3061564607708171,0.3061564607708178,8,"[1, 2, 4, 8, 8, 8, 8, 8, 8, 8, 4, 2, 1]",936,0.0027150340029038,0.785873012825345,,,,paper_benchmarks_ext
angle_sweep,rxx,33,2,9,7,variational_mpo,8,8,0.6283185307179586,0.1,0,1,0.044675866237696,0.2125707342270523,,-4.440892098500626e-16,0.0,8,"[1, 2, 4, 8, 8, 8, 8, 8, 8, 8, 4, 2, 1]",936,0.6576278140419163,0.0,1.0,0.0,best_init=zipup,paper_benchmarks_ext
angle_sweep,rxx,33,2,9,7,hybrid_tdvp,8,8,0.9222454792211944,0.1467799267622069,0,1,0.1205708838363556,0.3527638856454895,,-6.661338147750939e-16,2.220446049250313e-16,8,"[1, 2, 4, 8, 8, 8, 8, 8, 8, 8, 4, 2, 1]",936,0.0179941799724474,0.0139131583530429,,,,paper_benchmarks_ext
angle_sweep,rxx,33,2,9,7,mpo_zipup,8,8,0.9222454792211944,0.1467799267622069,0,1,0.0653216367460056,0.2577298912298624,,0.0332123484166806,0.0332123484166811,8,"[1, 2, 4, 8, 8, 8, 8, 8, 8, 8, 4, 2, 1]",936,0.0044805700308643,0.0669577445353416,,,,paper_benchmarks_ext
angle_sweep,rxx,33,2,9,7,tebd_swap,8,8,0.9222454792211944,0.1467799267622069,0,1,0.5008488798501014,0.7661510588622628,,0.3151637670576628,0.315163767057663,8,"[1, 2, 4, 8, 8, 8, 8, 8, 8, 8, 4, 2, 1]",936,0.0029756139847449,0.8135030711500045,,,,paper_benchmarks_ext
angle_sweep,rxx,33,2,9,7,variational_mpo,8,8,0.9222454792211944,0.1467799267622069,0,1,0.0653216367460053,0.2577298912298624,,-6.661338147750939e-16,4.440892098500626e-16,8,"[1, 2, 4, 8, 8, 8, 8, 8, 8, 8, 4, 2, 1]",936,0.5326641290448606,0.0,1.0,0.0,best_init=zipup,paper_benchmarks_ext
angle_sweep,rxx,33,2,9,7,hybrid_tdvp,8,8,1.353671238968633,0.2154434690031882,0,1,0.167888896703691,0.4190435763273873,,-4.440892098500626e-16,0.0,8,"[1, 2, 4, 8, 8, 8, 8, 8, 8, 8, 4, 2, 1]",936,0.017374844988808,0.027688371690703,,,,paper_benchmarks_ext
angle_sweep,rxx,33,2,9,7,mpo_zipup,8,8,1.353671238968633,0.2154434690031882,0,1,0.0856226164513949,0.295868817988659,,0.0437691787290035,0.0437691787290038,8,"[1, 2, 4, 8, 8, 8, 8, 8, 8, 8, 4, 2, 1]",936,0.0032861839863471,0.088441745176733,,,,paper_benchmarks_ext
angle_sweep,rxx,33,2,9,7,tebd_swap,8,8,1.353671238968633,0.2154434690031882,0,1,0.4954581696343334,0.7611687329411125,,0.3211222359509894,0.3211222359509894,8,"[1, 2, 4, 8, 8, 8, 8, 8, 8, 8, 4, 2, 1]",936,0.002452096028719,0.8345382825572184,,,,paper_benchmarks_ext
angle_sweep,rxx,33,2,9,7,variational_mpo,8,8,1.353671238968633,0.2154434690031882,0,1,0.0856226164513962,0.2958688179886591,,-4.440892098500626e-16,3.3306690738754696e-16,8,"[1, 2, 4, 8, 8, 8, 8, 8, 8, 8, 4, 2, 1]",936,0.4566540190135129,0.0,1.0,0.0,best_init=zipup,paper_benchmarks_ext
angle_sweep,rxx,33,2,9,7,hybrid_tdvp,8,8,1.5707963267948966,0.25,1,1,0.1927268772779374,0.4505911871797061,,-8.881784197001252e-16,6.661338147750939e-16,8,"[1, 2, 4, 8, 8, 8, 8, 8, 8, 8, 4, 2, 1]",936,0.0192594379768706,0.0333011055808297,,,,paper_benchmarks_ext
angle_sweep,rxx,33,2,9,7,mpo_zipup,8,8,1.5707963267948966,0.25,1,1,0.0888648970842626,0.3015494268338355,,0.0454660284119056,0.0454660284119065,8,"[1, 2, 4, 8, 8, 8, 8, 8, 8, 8, 4, 2, 1]",936,0.0034764789743348,0.0918975155265374,,,,paper_benchmarks_ext
angle_sweep,rxx,33,2,9,7,tebd_swap,8,8,1.5707963267948966,0.25,1,1,0.4959085550506241,0.7615852213759134,,0.322046715806251,0.3220467158062513,8,"[1, 2, 4, 8, 8, 8, 8, 8, 8, 8, 4, 2, 1]",936,0.0028562949737533,0.8368559534129404,,,,paper_benchmarks_ext
angle_sweep,rxx,33,2,9,7,variational_mpo,8,8,1.5707963267948966,0.25,1,1,0.0888648970842621,0.3015494268338353,,-8.881784197001252e-16,6.661338147750939e-16,8,"[1, 2, 4, 8, 8, 8, 8, 8, 8, 8, 4, 2, 1]",936,0.4420000640093349,0.0,1.0,0.0,best_init=zipup,paper_benchmarks_ext
angle_sweep,rxx,33,2,9,7,hybrid_tdvp,8,8,1.9869176531592203,0.3162277660168379,0,1,0.233478723710357,0.4989749330808168,,-4.440892098500626e-16,2.220446049250313e-16,8,"[1, 2, 4, 8, 8, 8, 8, 8, 8, 8, 4, 2, 1]",936,0.0192457630182616,0.0444316221071572,,,,paper_benchmarks_ext
angle_sweep,rxx,33,2,9,7,mpo_zipup,8,8,1.9869176531592203,0.3162277660168379,0,1,0.0807081381740414,0.2870641354804236,,0.0412029089395649,0.0412029089395643,8,"[1, 2, 4, 8, 8, 8, 8, 8, 8, 8, 4, 2, 1]",936,0.0043538730242289,0.0831834763150485,,,,paper_benchmarks_ext
angle_sweep,rxx,33,2,9,7,tebd_swap,8,8,1.9869176531592203,0.3162277660168379,0,1,0.4980068204708895,0.7635250223064997,,0.3188791479005664,0.3188791479005667,8,"[1, 2, 4, 8, 8, 8, 8, 8, 8, 8, 4, 2, 1]",936,0.0028614770271815,0.8264809354237793,,,,paper_benchmarks_ext
angle_sweep,rxx,33,2,9,7,variational_mpo,8,8,1.9869176531592203,0.3162277660168379,0,1,0.0807081381740415,0.2870641354804237,,6.661338147750939e-16,5.551115123125785e-16,8,"[1, 2, 4, 8, 8, 8, 8, 8, 8, 8, 4, 2, 1]",936,0.7721760059939697,0.0,1.0,0.0,best_init=zipup,paper_benchmarks_ext
angle_sweep,rxx,33,2,9,7,hybrid_tdvp,8,8,2.916396276132464,0.4641588833612777,0,1,0.2805060429623901,0.5509448314746894,,-1.1102230246251563e-15,6.661338147750939e-16,8,"[1, 2, 4, 8, 8, 8, 8, 8, 8, 8, 4, 2, 1]",936,0.0210055009811185,0.0712436249517929,,,,paper_benchmarks_ext
angle_sweep,rxx,33,2,9,7,mpo_zipup,8,8,2.916396276132464,0.4641588833612777,0,1,0.0114251093586619,0.1070417227109645,,0.005728965200462,0.0057289652004629,8,"[1, 2, 4, 8, 8, 8, 8, 8, 8, 8, 4, 2, 1]",936,0.0038627500180155,0.0114736013665883,,,,paper_benchmarks_ext
angle_sweep,rxx,33,2,9,7,tebd_swap,8,8,2.916396276132464,0.4641588833612777,0,1,0.4605976862858638,0.728779615198105,,0.2970988741596224,0.2970988741596231,8,"[1, 2, 4, 8, 8, 8, 8, 8, 8, 8, 4, 2, 1]",936,0.003448756004218,0.7534954323908847,,,,paper_benchmarks_ext
angle_sweep,rxx,33,2,9,7,variational_mpo,8,8,2.916396276132464,0.4641588833612777,0,1,0.0114251093586627,0.1070417227109645,,-1.1102230246251563e-15,2.220446049250313e-16,8,"[1, 2, 4, 8, 8, 8, 8, 8, 8, 8, 4, 2, 1]",936,0.4545440020156093,0.0,1.0,0.0,best_init=zipup,paper_benchmarks_ext
angle_sweep,rxx,33,2,9,7,hybrid_tdvp,8,8,3.141592653589793,0.5,1,1,0.2870981566738517,0.5579692667207209,,-1.1102230246251563e-15,6.661338147750939e-16,8,"[1, 2, 4, 8, 8, 8, 8, 8, 8, 8, 4, 2, 1]",936,0.0228185779997147,0.0752732551785353,,,,paper_benchmarks_ext
angle_sweep,rxx,33,2,9,7,mpo_zipup,8,8,3.141592653589793,0.5,1,1,0.0,3.767633605977939e-15,,-1.7763568394002505e-15,1.7763568394002505e-15,8,"[1, 2, 4, 8, 8, 8, 8, 8, 8, 8, 4, 2, 1]",936,0.0033486969769001,2.716668666106184e-32,,,,paper_benchmarks_ext
angle_sweep,rxx,33,2,9,7,tebd_swap,8,8,3.141592653589793,0.5,1,1,0.4538588486548393,0.7224768036794266,,0.2939056388576027,0.2939056388576028,8,"[1, 2, 4, 8, 8, 8, 8, 8, 8, 8, 4, 2, 1]",936,0.0032975919893942,0.7432634089259555,,,,paper_benchmarks_ext
angle_sweep,rxx,33,2,9,7,variational_mpo,8,8,3.141592653589793,0.5,1,1,2.220446049250313e-16,3.783333767836987e-15,,-2.220446049250313e-16,2.220446049250313e-16,8,"[1, 2, 4, 8, 8, 8, 8, 8, 8, 8, 4, 2, 1]",936,0.4323438580031506,0.0,1.0,0.0,best_init=zipup,paper_benchmarks_ext
angle_sweep,rxx,33,2,9,7,hybrid_tdvp,8,8,4.280684318202959,0.6812920690579608,0,1,0.2690538876381665,0.5386021432679249,,-8.881784197001252e-16,4.440892098500626e-16,8,"[1, 2, 4, 8, 8, 8, 8, 8, 8, 8, 4, 2, 1]",936,0.0211678480263799,0.0878072740599949,,,,paper_benchmarks_ext
angle_sweep,rxx,33,2,9,7,mpo_zipup,8,8,4.280684318202959,0.6812920690579608,0,1,0.0775667922005673,0.2813045881077367,,0.0395661356452298,0.0395661356452304,8,"[1, 2, 4, 8, 8, 8, 8, 8, 8, 8, 4, 2, 1]",936,0.0034862590255215,0.0798760472671314,,,,paper_benchmarks_ext
angle_sweep,rxx,33,2,9,7,tebd_swap,8,8,4.280684318202959,0.6812920690579608,0,1,0.4960532700541135,0.7617190359489858,,0.3185773866723178,0.3185773866723179,8,"[1, 2, 4, 8, 8, 8, 8, 8, 8, 8, 4, 2, 1]",936,0.0025880130124278,0.8267180105263616,,,,paper_benchmarks_ext
angle_sweep,rxx,33,2,9,7,variational_mpo,8,8,4.280684318202959,0.6812920690579608,0,1,0.077566792200566,0.2813045881077367,,-4.440892098500626e-16,0.0,8,"[1, 2, 4, 8, 8, 8, 8, 8, 8, 8, 4, 2, 1]",936,0.6427836809889413,0.0,1.0,0.0,best_init=zipup,paper_benchmarks_ext
angle_sweep,rxx,33,2,9,7,hybrid_tdvp,8,8,6.283185307179586,1.0,1,1,0.2468380122431774,0.5141029893622634,,-4.440892098500626e-16,0.0,8,"[1, 2, 4, 8, 8, 8, 8, 8, 8, 8, 4, 2, 1]",936,0.0302771719871088,0.0846982369657955,,,,paper_benchmarks_ext
angle_sweep,rxx,33,2,9,7,mpo_zipup,8,8,6.283185307179586,1.0,1,1,2.220446049250313e-16,3.393485290926285e-15,,-4.440892098500626e-16,4.440892098500626e-16,8,"[1, 2, 4, 8, 8, 8, 8, 8, 8, 8, 4, 2, 1]",936,0.0033979989821091,3.3213975620466904e-32,,,,paper_benchmarks_ext
angle_sweep,rxx,33,2,9,7,tebd_swap,8,8,6.283185307179586,1.0,1,1,0.4538588486548395,0.7224768036794268,,0.2939056388576019,0.293905638857602,8,"[1, 2, 4, 8, 8, 8, 8, 8, 8, 8, 4, 2, 1]",936,0.002655975986272,0.7432634089259555,,,,paper_benchmarks_ext
angle_sweep,rxx,33,2,9,7,variational_mpo,8,8,6.283185307179586,1.0,1,1,1.1102230246251563e-16,1.6017560646702924e-16,,-2.220446049250313e-16,0.0,8,"[1, 2, 4, 8, 8, 8, 8, 8, 8, 8, 4, 2, 1]",936,0.0095604559755884,0.0,1.0,0.0,best_init=input,paper_benchmarks_ext
angle_sweep,ryy,11,2,9,7,hybrid_tdvp,8,8,0.0006283185307179,0.0001,0,1,5.02045831574094e-08,0.0002240637947528,,4.9093551446333095e-09,4.909355255655612e-09,8,"[1, 2, 4, 8, 8, 8, 8, 8, 8, 8, 4, 2, 1]",936,0.020235231029801,9.818716347758278e-09,,,,paper_benchmarks_ext
angle_sweep,ryy,11,2,9,7,mpo_zipup,8,8,0.0006283185307179,0.0001,0,1,5.020493298868445e-08,0.0002240645735019,,2.510246455145193e-08,2.5102465106563443e-08,8,"[1, 2, 4, 8, 8, 8, 8, 8, 8, 8, 4, 2, 1]",936,0.0077504920191131,5.02049333586205e-08,,,,paper_benchmarks_ext
angle_sweep,ryy,11,2,9,7,tebd_swap,8,8,0.0006283185307179,0.0001,0,1,0.2997644594867248,0.5713129141285513,,0.1986460691739675,0.1986460691739677,8,"[1, 2, 4, 8, 8, 8, 8, 8, 8, 8, 4, 2, 1]",936,0.0052102569607086,0.527353171442485,,,,paper_benchmarks_ext
angle_sweep,ryy,11,2,9,7,variational_mpo,8,8,0.0006283185307179,0.0001,0,1,5.020493232255063e-08,0.0002240645735019,,-4.440892098500626e-16,0.0,8,"[1, 2, 4, 8, 8, 8, 8, 8, 8, 8, 4, 2, 1]",936,0.5854702690267004,0.0,1.0,0.0,best_init=zipup,paper_benchmarks_ext
angle_sweep,ryy,11,2,9,7,hybrid_tdvp,8,8,0.0009222454792211,0.0001467799267622,0,1,1.0817108542227061e-07,0.0003288937341965,,1.0577441922343668e-08,1.0577442366432876e-08,8,"[1, 2, 4, 8, 8, 8, 8, 8, 8, 8, 4, 2, 1]",936,0.0228832500288262,2.1154889744428737e-08,,,,paper_benchmarks_ext
angle_sweep,ryy,11,2,9,7,mpo_zipup,8,8,0.0009222454792211,0.0001467799267622,0,1,1.081727066809535e-07,0.0003288961987345,,5.4086351619631046e-08,5.4086352063720256e-08,8,"[1, 2, 4, 8, 8, 8, 8, 8, 8, 8, 4, 2, 1]",936,0.0072527449810877,1.0817271074922209e-07,,,,paper_benchmarks_ext
angle_sweep,ryy,11,2,9,7,tebd_swap,8,8,0.0009222454792211,0.0001467799267622,0,1,0.2997637929831513,0.5713122170583274,,0.1986440325902403,0.1986440325902407,8,"[1, 2, 4, 8, 8, 8, 8, 8, 8, 8, 4, 2, 1]",936,0.0051098000258207,0.5273516624085371,,,,paper_benchmarks_ext
angle_sweep,ryy,11,2,9,7,variational_mpo,8,8,0.0009222454792211,0.0001467799267622,0,1,1.0817270656993117e-07,0.0003288961987345,,-4.440892098500626e-16,2.220446049250313e-16,8,"[1, 2, 4, 8, 8, 8, 8, 8, 8, 8, 4, 2, 1]",936,0.6029313909821212,0.0,1.0,0.0,best_init=zipup,paper_benchmarks_ext
angle_sweep,ryy,11,2,9,7,hybrid_tdvp,8,8,0.0013536712389686,0.0002154434690031,0,1,2.3307436025632453e-07,0.0004827777681778,,2.27901482130477e-08,2.2790148546114608e-08,8,"[1, 2, 4, 8, 8, 8, 8, 8, 8, 8, 4, 2, 1]",936,0.0243058549822308,4.558029991970024e-08,,,,paper_benchmarks_ext
angle_sweep,ryy,11,2,9,7,mpo_zipup,8,8,0.0013536712389686,0.0002154434690031,0,1,2.3308189323056894e-07,0.0004827855710507,,1.1654095177782153e-07,1.1654095211088845e-07,8,"[1, 2, 4, 8, 8, 8, 8, 8, 8, 8, 4, 2, 1]",936,0.0076693180017173,2.330819132192916e-07,,,,paper_benchmarks_ext
angle_sweep,ryy,11,2,9,7,tebd_swap,8,8,0.0013536712389686,0.0002154434690031,0,1,0.2997628586320361,0.5713112398558791,,0.1986410661652753,0.1986410661652758,8,"[1, 2, 4, 8, 8, 8, 8, 8, 8, 8, 4, 2, 1]",936,0.0053353490075096,0.527349492895846,,,,paper_benchmarks_ext
angle_sweep,ryy,11,2,9,7,variational_mpo,8,8,0.0013536712389686,0.0002154434690031,0,1,2.3308189445181426e-07,0.0004827855710507,,-4.440892098500626e-16,4.440892098500626e-16,8,"[1, 2, 4, 8, 8, 8, 8, 8, 8, 8, 4, 2, 1]",936,0.5798253079992719,0.0,1.0,0.0,best_init=zipup,paper_benchmarks_ext
angle_sweep,ryy,11,2,9,7,hybrid_tdvp,8,8,0.0019869176531592,0.0003162277660168,0,1,5.02226719101273e-07,0.0007086796053903,,4.9105314148256696e-08,4.910531403723439e-08,8,"[1, 2, 4, 8, 8, 8, 8, 8, 8, 8, 4, 2, 1]",936,0.0227443809853866,9.821062780116289e-08,,,,paper_benchmarks_ext
angle_sweep,ryy,11,2,9,7,mpo_zipup,8,8,0.0019869176531592,0.0003162277660168,0,1,5.02261758406064e-07,0.0007087043264147,,2.511309096231429e-07,2.511309101782544e-07,8,"[1, 2, 4, 8, 8, 8, 8, 8, 8, 8, 4, 2, 1]",936,0.0075555429793894,5.022618483012236e-07,,,,paper_benchmarks_ext
angle_sweep,ryy,11,2,9,7,tebd_swap,8,8,0.0019869176531592,0.0003162277660168,0,1,0.2997615817460284,0.5713099044075092,,0.198636761399589,0.1986367613995899,8,"[1, 2, 4, 8, 8, 8, 8, 8, 8, 8, 4, 2, 1]",936,0.005297060997691,0.5273464065629948,,,,paper_benchmarks_ext
angle_sweep,ryy,11,2,9,7,variational_mpo,8,8,0.0019869176531592,0.0003162277660168,0,1,5.022617580729971e-07,0.0007087043264147,,-4.440892098500626e-16,0.0,8,"[1, 2, 4, 8, 8, 8, 8, 8, 8, 8, 4, 2, 1]",936,0.5909592590178363,0.0,1.0,0.0,best_init=zipup,paper_benchmarks_ext
angle_sweep,ryy,11,2,9,7,hybrid_tdvp,8,8,0.0029163962761324,0.0004641588833612,0,1,1.0822705329704974e-06,0.0010403224625511,,1.0581104081808237e-07,1.0581104148421617e-07,8,"[1, 2, 4, 8, 8, 8, 8, 8, 8, 8, 4, 2, 1]",936,0.0226012640050612,2.116220856147657e-07,,,,paper_benchmarks_ext
angle_sweep,ryy,11,2,9,7,mpo_zipup,8,8,0.0029163962761324,0.0004641588833612,0,1,1.082433681021122e-06,0.0010404008718816,,5.4121698511711e-07,5.412169856722215e-07,8,"[1, 2, 4, 8, 8, 8, 8, 8, 8, 8, 4, 2, 1]",936,0.0070019899867475,1.082434095048667e-06,,,,paper_benchmarks_ext
angle_sweep,ryy,11,2,9,7,tebd_swap,8,8,0.0029163962761324,0.0004641588833612,0,1,0.2997599108655809,0.5713081568918896,,0.198630549425587,0.1986305494255876,8,"[1, 2, 4, 8, 8, 8, 8, 8, 8, 8, 4, 2, 1]",936,0.0047740309964865,0.5273420882618288,,,,paper_benchmarks_ext
angle_sweep,ryy,11,2,9,7,variational_mpo,8,8,0.0029163962761324,0.0004641588833612,0,1,1.0824336809100998e-06,0.0010404008718816,,-4.440892098500626e-16,0.0,8,"[1, 2, 4, 8, 8, 8, 8, 8, 8, 8, 4, 2, 1]",936,0.5682836410123855,0.0,1.0,0.0,best_init=zipup,paper_benchmarks_ext
angle_sweep,ryy,11,2,9,7,hybrid_tdvp,8,8,0.0042806843182029,0.0006812920690579,0,1,2.332456191744825e-06,0.0015272385378754,,2.28014841674451e-07,2.280148417854733e-07,8,"[1, 2, 4, 8, 8, 8, 8, 8, 8, 8, 4, 2, 1]",936,0.0227110990090295,4.560297227919765e-07,,,,paper_benchmarks_ext
angle_sweep,ryy,11,2,9,7,mpo_zipup,8,8,0.0042806843182029,0.0006812920690579,0,1,2.3332173747503404e-06,0.0015274877204446,,1.1666093695517077e-06,1.1666093697737525e-06,8,"[1, 2, 4, 8, 8, 8, 8, 8, 8, 8, 4, 2, 1]",936,0.0084807960083708,2.333219297290143e-06,,,,paper_benchmarks_ext
angle_sweep,ryy,11,2,9,7,tebd_swap,8,8,0.0042806843182029,0.0006812920690579,0,1,0.2997578951813375,0.5713060487536606,,0.1986216617809096,0.1986216617809101,8,"[1, 2, 4, 8, 8, 8, 8, 8, 8, 8, 4, 2, 1]",936,0.0055301040410995,0.527336207813377,,,,paper_benchmarks_ext
angle_sweep,ryy,11,2,9,7,variational_mpo,8,8,0.0042806843182029,0.0006812920690579,0,1,2.3332173748613627e-06,0.0015274877204446,,1.1102230246251563e-16,6.661338147750939e-16,8,"[1, 2, 4, 8, 8, 8, 8, 8, 8, 8, 4, 2, 1]",936,0.5886086120153777,0.0,1.0,0.0,best_init=zipup,paper_benchmarks_ext
angle_sweep,ryy,11,2,9,7,hybrid_tdvp,8,8,0.0062831853071795,0.001,0,1,5.027416858705003e-06,0.0022421916014264,,-8.881784197001252e-16,2.220446049250313e-16,8,"[1, 2, 4, 8, 8, 8, 8, 8, 8, 8, 4, 2, 1]",936,0.0238467950257472,9.82801218821476e-07,,,,paper_benchmarks_ext
angle_sweep,ryy,11,2,9,7,mpo_zipup,8,8,0.0062831853071795,0.001,0,1,5.030981171327831e-06,0.0022429862904328,,2.5154937476346007e-06,2.5154937483007345e-06,8,"[1, 2, 4, 8, 8, 8, 8, 8, 8, 8, 4, 2, 1]",936,0.0072255950071848,5.030990105469241e-06,,,,paper_benchmarks_ext
angle_sweep,ryy,11,2,9,7,tebd_swap,8,8,0.0062831853071795,0.001,0,1,0.2997558736341408,0.5713039344787946,,0.1986091147654601,0.1986091147654608,8,"[1, 2, 4, 8, 8, 8, 8, 8, 8, 8, 4, 2, 1]",936,0.0055364649742841,0.5273285680741087,,,,paper_benchmarks_ext
angle_sweep,ryy,11,2,9,7,variational_mpo,8,8,0.0062831853071795,0.001,0,1,5.030981170661697e-06,0.0022429862904328,,-4.440892098500626e-16,1.1102230246251563e-16,8,"[1, 2, 4, 8, 8, 8, 8, 8, 8, 8, 4, 2, 1]",936,0.5707636679871939,0.0,1.0,0.0,best_init=zipup,paper_benchmarks_ext
angle_sweep,ryy,11,2,9,7,hybrid_tdvp,8,8,0.0092224547922119,0.001467799267622,0,1,1.0837753550485552e-05,0.0032920788137357,,-2.220446049250313e-16,0.0,8,"[1, 2, 4, 8, 8, 8, 8, 8, 8, 8, 4, 2, 1]",936,0.0257109699887223,2.118315389693904e-06,,,,paper_benchmarks_ext
angle_sweep,ryy,11,2,9,7,mpo_zipup,8,8,0.0092224547922119,0.001467799267622,0,1,1.0854556630079948e-05,0.0032946298859583,,5.427293041981862e-06,5.427293042981063e-06,8,"[1, 2, 4, 8, 8, 8, 8, 8, 8, 8, 4, 2, 1]",936,0.0076269439887255,1.0854598189597995e-05,,,,paper_benchmarks_ext
angle_sweep,ryy,11,2,9,7,tebd_swap,8,8,0.0092224547922119,0.001467799267622,0,1,0.2997549117854399,0.5713029285087522,,0.1985917778734207,0.1985917778734212,8,"[1, 2, 4, 8, 8, 8, 8, 8, 8, 8, 4, 2, 1]",936,0.0055397379910573,0.5273195058218163,,,,paper_benchmarks_ext
angle_sweep,ryy,11,2,9,7,variational_mpo,8,8,0.0092224547922119,0.001467799267622,0,1,1.0854556629302792e-05,0.0032946298859583,,-1.1102230246251563e-15,2.220446049250313e-16,8,"[1, 2, 4, 8, 8, 8, 8, 8, 8, 8, 4, 2, 1]",936,0.574742351018358,0.0,1.0,0.0,best_init=zipup,paper_benchmarks_ext
angle_sweep,ryy,11,2,9,7,hybrid_tdvp,8,8,0.0135367123896863,0.0021544346900318,0,1,2.33663981460408e-05,0.004833894356,,-8.881784197001252e-16,2.220446049250313e-16,8,"[1, 2, 4, 8, 8, 8, 8, 8, 8, 8, 4, 2, 1]",936,0.0258198719820939,4.566436636527397e-06,,,,paper_benchmarks_ext
angle_sweep,ryy,11,2,9,7,mpo_zipup,8,8,0.0135367123896863,0.0021544346900318,0,1,2.3446615446287566e-05,0.0048421847222658,,1.1723376439953803e-05,1.1723376440397892e-05,8,"[1, 2, 4, 8, 8, 8, 8, 8, 8, 8, 4, 2, 1]",936,0.0074217920191586,2.3446809057370512e-05,,,,paper_benchmarks_ext
angle_sweep,ryy,11,2,9,7,tebd_swap,8,8,0.0135367123896863,0.0021544346900318,0,1,0.2997577751924525,0.5713059232610606,,0.1985686735485012,0.1985686735485015,8,"[1, 2, 4, 8, 8, 8, 8, 8, 8, 8, 4, 2, 1]",936,0.0052963920170441,0.527310883999868,,,,paper_benchmarks_ext
angle_sweep,ryy,11,2,9,7,variational_mpo,8,8,0.0135367123896863,0.0021544346900318,0,1,2.3446615447730856e-05,0.0048421847222658,,-6.661338147750939e-16,2.220446049250313e-16,8,"[1, 2, 4, 8, 8, 8, 8, 8, 8, 8, 4, 2, 1]",936,0.5718537280336022,0.0,1.0,0.0,best_init=zipup,paper_benchmarks_ext
angle_sweep,ryy,11,2,9,7,hybrid_tdvp,8,8,0.0198691765315922,0.0031622776601683,0,1,5.0379691377666624e-05,0.007097909968607,,-1.1102230246251563e-15,0.0,8,"[1, 2, 4, 8, 8, 8, 8, 8, 8, 8, 4, 2, 1]",936,0.0275198480230756,9.8451412878013e-06,,,,paper_benchmarks_ext
angle_sweep,ryy,11,2,9,7,mpo_zipup,8,8,0.0198691765315922,0.0031622776601683,0,1,5.077106344753002e-05,0.0071254268565993,,2.538585394395998e-05,2.538585394451509e-05,8,"[1, 2, 4, 8, 8, 8, 8, 8, 8, 8, 4, 2, 1]",936,0.0072814489831216,5.077196790609512e-05,,,,paper_benchmarks_ext
angle_sweep,ryy,11,2,9,7,tebd_swap,8,8,0.0198691765315922,0.0031622776601683,0,1,0.2997710365858343,0.5713197928334768,,0.19853985057895,0.1985398505789507,8,"[1, 2, 4, 8, 8, 8, 8, 8, 8, 8, 4, 2, 1]",936,0.0052237309864722,0.5273084396829476,,,,paper_benchmarks_ext
angle_sweep,ryy,11,2,9,7,variational_mpo,8,8,0.0198691765315922,0.0031622776601683,0,1,5.077106344753002e-05,0.0071254268565993,,-4.440892098500626e-16,3.3306690738754696e-16,8,"[1, 2, 4, 8, 8, 8, 8, 8, 8, 8, 4, 2, 1]",936,0.5762888109893538,0.0,1.0,0.0,best_init=zipup,paper_benchmarks_ext
angle_sweep,ryy,11,2,9,7,hybrid_tdvp,8,8,0.0291639627613246,0.0046415888336127,0,1,0.0001085862990788,0.0104206164397771,,-6.661338147750939e-16,1.1102230246251563e-16,8,"[1, 2, 4, 8, 8, 8, 8, 8, 8, 8, 4, 2, 1]",936,0.0269425899605266,2.1226456637760983e-05,,,,paper_benchmarks_ext
angle_sweep,ryy,11,2,9,7,mpo_zipup,8,8,0.0291639627613246,0.0046415888336127,0,1,0.000110536735291,0.0105137904702734,,5.52698950260222e-05,5.526989502679936e-05,8,"[1, 2, 4, 8, 8, 8, 8, 8, 8, 8, 4, 2, 1]",936,0.0083960780175402,0.0001105409822417,,,,paper_benchmarks_ext
angle_sweep,ryy,11,2,9,7,tebd_swap,8,8,0.0291639627613246,0.0046415888336127,0,1,0.29980951233372,0.5713600319504296,,0.1985085997549759,0.1985085997549763,8,"[1, 2, 4, 8, 8, 8, 8, 8, 8, 8, 4, 2, 1]",936,0.0054865559795871,0.5273271977185008,,,,paper_benchmarks_ext
angle_sweep,ryy,11,2,9,7,variational_mpo,8,8,0.0291639627613246,0.0046415888336127,0,1,0.0001105367352909,0.0105137904702734,,-6.661338147750939e-16,2.220446049250313e-16,8,"[1, 2, 4, 8, 8, 8, 8, 8, 8, 8, 4, 2, 1]",936,0.6077399499481544,0.0,1.0,0.0,best_init=zipup,paper_benchmarks_ext
angle_sweep,ryy,11,2,9,7,hybrid_tdvp,8,8,0.0428068431820296,0.0068129206905796,0,1,0.00023373886814,0.015288967532207,,2.220446049250313e-16,1.1102230246251563e-15,8,"[1, 2, 4, 8, 8, 8, 8, 8, 8, 8, 4, 2, 1]",936,0.029007646953687,4.574920875931941e-05,,,,paper_benchmarks_ext
angle_sweep,ryy,11,2,9,7,mpo_zipup,8,8,0.0428068431820296,0.0068129206905796,0,1,0.0002425793151545,0.0155754302707835,,0.0001212970140597,0.0001212970140604,8,"[1, 2, 4, 8, 8, 8, 8, 8, 8, 8, 4, 2, 1]",936,0.0075843660160899,0.0002425992864266,,,,paper_benchmarks_ext
angle_sweep,ryy,11,2,9,7,tebd_swap,8,8,0.0428068431820296,0.0068129206905796,0,1,0.2999053363486011,0.5714602401326108,,0.1984866829990406,0.1984866829990411,8,"[1, 2, 4, 8, 8, 8, 8, 8, 8, 8, 4, 2, 1]",936,0.0057728299871087,0.527403715834437,,,,paper_benchmarks_ext
angle_sweep,ryy,11,2,9,7,variational_mpo,8,8,0.0428068431820296,0.0068129206905796,0,1,0.0002425793151545,0.0155754302707835,,-8.881784197001252e-16,6.661338147750939e-16,8,"[1, 2, 4, 8, 8, 8, 8, 8, 8, 8, 4, 2, 1]",936,0.5883766550105065,0.0,1.0,0.0,best_init=zipup,paper_benchmarks_ext
angle_sweep,ryy,11,2,9,7,hybrid_tdvp,8,8,0.0628318530717958,0.01,0,1,0.0005012687760554,0.0223904356679675,,-6.661338147750939e-16,1.1102230246251563e-16,8,"[1, 2, 4, 8, 8, 8, 8, 8, 8, 8, 4, 2, 1]",936,0.0296107899630442,9.846782159256162e-05,,,,paper_benchmarks_ext
angle_sweep,ryy,11,2,9,7,mpo_zipup,8,8,0.0628318530717958,0.01,0,1,0.0005250945422099,0.022916445871546,,0.0002625817456909,0.000262581745691,8,"[1, 2, 4, 8, 8, 8, 8, 8, 8, 8, 4, 2, 1]",936,0.0080018589505925,0.0005251846994537,,,,paper_benchmarks_ext
angle_sweep,ryy,11,2,9,7,tebd_swap,8,8,0.0628318530717958,0.01,0,1,0.3001261158036549,0.5716910799885615,,0.1985061292931372,0.1985061292931381,8,"[1, 2, 4, 8, 8, 8, 8, 8, 8, 8, 4, 2, 1]",936,0.0053597859805449,0.5276232220302325,,,,paper_benchmarks_ext
angle_sweep,ryy,11,2,9,7,variational_mpo,8,8,0.0628318530717958,0.01,0,1,0.00052509454221,0.022916445871546,,-2.220446049250313e-16,2.220446049250313e-16,8,"[1, 2, 4, 8, 8, 8, 8, 8, 8, 8, 4, 2, 1]",936,0.6106647929991595,0.0,1.0,0.0,best_init=zipup,paper_benchmarks_ext
angle_sweep,ryy,11,2,9,7,hybrid_tdvp,8,8,0.0922245479221194,0.0146779926762206,0,1,0.0010646052251594,0.0326326327800407,,-4.440892098500626e-16,2.220446049250313e-16,8,"[1, 2, 4, 8, 8, 8, 8, 8, 8, 8, 4, 2, 1]",936,0.0310908760293386,0.0002111033745127,,,,paper_benchmarks_ext
angle_sweep,ryy,11,2,9,7,mpo_zipup,8,8,0.0922245479221194,0.0146779926762206,0,1,0.0011118344205285,0.0333488176161645,,0.0005560718181994,0.0005560718181994,8,"[1, 2, 4, 8, 8, 8, 8, 8, 8, 8, 4, 2, 1]",936,0.0076344310073181,0.0011122354545549,,,,paper_benchmarks_ext
angle_sweep,ryy,11,2,9,7,tebd_swap,8,8,0.0922245479221194,0.0146779926762206,0,1,0.3006119771378777,0.5721988810316592,,0.1986453495572726,0.1986453495572727,8,"[1, 2, 4, 8, 8, 8, 8, 8, 8, 8, 4, 2, 1]",936,0.0061026419862173,0.5281782172863724,,,,paper_benchmarks_ext
angle_sweep,ryy,11,2,9,7,variational_mpo,8,8,0.0922245479221194,0.0146779926762206,0,1,0.0011118344205295,0.0333488176161645,,0.0,4.440892098500626e-16,8,"[1, 2, 4, 8, 8, 8, 8, 8, 8, 8, 4, 2, 1]",936,0.6128117690095678,0.0,1.0,0.0,best_init=zipup,paper_benchmarks_ext
angle_sweep,ryy,11,2,9,7,hybrid_tdvp,8,8,0.1353671238968632,0.0215443469003188,0,1,0.0022057991455118,0.0469788982031809,,-1.1102230246251563e-15,4.440892098500626e-16,8,"[1, 2, 4, 8, 8, 8, 8, 8, 8, 8, 4, 2, 1]",936,0.0338070999714545,0.0004484674249183,,,,paper_benchmarks_ext
angle_sweep,ryy,11,2,9,7,mpo_zipup,8,8,0.1353671238968632,0.0215443469003188,0,1,0.0021440866302012,0.0463167047705117,,0.0010726185703984,0.0010726185703988,8,"[1, 2, 4, 8, 8, 8, 8, 8, 8, 8, 4, 2, 1]",936,0.0081168769975192,0.0021456443597946,,,,paper_benchmarks_ext
angle_sweep,ryy,11,2,9,7,tebd_swap,8,8,0.1353671238968632,0.0215443469003188,0,1,0.3016637009410965,0.5732971592697003,,0.1990894462588494,0.1990894462588502,8,"[1, 2, 4, 8, 8, 8, 8, 8, 8, 8, 4, 2, 1]",936,0.0053731399821117,0.5294913106214415,,,,paper_benchmarks_ext
angle_sweep,ryy,11,2,9,7,variational_mpo,8,8,0.1353671238968632,0.0215443469003188,0,1,0.0021440866302011,0.0463167047705117,,0.0,4.440892098500626e-16,8,"[1, 2, 4, 8, 8, 8, 8, 8, 8, 8, 4, 2, 1]",936,0.5933522609993815,0.0,1.0,0.0,best_init=zipup,paper_benchmarks_ext
angle_sweep,ryy,11,2,9,7,hybrid_tdvp,8,8,0.198691765315922,0.0316227766016837,0,1,0.0042977443872981,0.0655924689921025,,-1.1102230246251563e-15,4.440892098500626e-16,8,"[1, 2, 4, 8, 8, 8, 8, 8, 8, 8, 4, 2, 1]",936,0.0311944400309585,0.0009404697750599,,,,paper_benchmarks_ext
angle_sweep,ryy,11,2,9,7,mpo_zipup,8,8,0.198691765315922,0.0316227766016837,0,1,0.0034197678410922,0.0585038165765104,,0.0017113482770082,0.0017113482770088,8,"[1, 2, 4, 8, 8, 8, 8, 8, 8, 8, 4, 2, 1]",936,0.0079186310176737,0.0034238026830065,,,,paper_benchmarks_ext
angle_sweep,ryy,11,2,9,7,tebd_swap,8,8,0.198691765315922,0.0316227766016837,0,1,0.3041462365708404,0.5758845437341473,,0.2003305969240466,0.2003305969240469,8,"[1, 2, 4, 8, 8, 8, 8, 8, 8, 8, 4, 2, 1]",936,0.0053976739873178,0.532448516642205,,,,paper_benchmarks_ext
angle_sweep,ryy,11,2,9,7,variational_mpo,8,8,0.198691765315922,0.0316227766016837,0,1,0.0034197678410925,0.0585038165765105,,-8.881784197001252e-16,0.0,8,"[1, 2, 4, 8, 8, 8, 8, 8, 8, 8, 4, 2, 1]",936,0.6182146029896103,0.0,1.0,0.0,best_init=zipup,paper_benchmarks_ext
angle_sweep,ryy,11,2,9,7,hybrid_tdvp,8,8,0.2916396276132463,0.0464158883361277,0,1,0.0073733715157947,0.0859477370728074,,-4.440892098500626e-16,2.220446049250313e-16,8,"[1, 2, 4, 8, 8, 8, 8, 8, 8, 8, 4, 2, 1]",936,0.0341058219783008,0.0018853669297305,,,,paper_benchmarks_ext
angle_sweep,ryy,11,2,9,7,mpo_zipup,8,8,0.2916396276132463,0.0464158883361277,0,1,0.005725817989822,0.0757234295786866,,0.0028670188935785,0.002867018893579,8,"[1, 2, 4, 8, 8, 8, 8, 8, 8, 8, 4, 2, 1]",936,0.0075340950279496,0.005737250368269,,,,paper_benchmarks_ext
angle_sweep,ryy,11,2,9,7,tebd_swap,8,8,0.2916396276132463,0.0464158883361277,0,1,0.3087014507282466,0.5806140651134111,,0.2040475135632347,0.2040475135632351,8,"[1, 2, 4, 8, 8, 8, 8, 8, 8, 8, 4, 2, 1]",936,0.004870243021287,0.5372220026467861,,,,paper_benchmarks_ext
angle_sweep,ryy,11,2,9,7,variational_mpo,8,8,0.2916396276132463,0.0464158883361277,0,1,0.005725817989822,0.0757234295786866,,-6.661338147750939e-16,0.0,8,"[1, 2, 4, 8, 8, 8, 8, 8, 8, 8, 4, 2, 1]",936,0.5784586920053698,0.0,1.0,0.0,best_init=zipup,paper_benchmarks_ext
angle_sweep,ryy,11,2,9,7,hybrid_tdvp,8,8,0.4280684318202959,0.068129206905796,0,1,0.0112204662722068,0.1060760049053207,,-2.220446049250313e-16,1.1102230246251563e-16,8,"[1, 2, 4, 8, 8, 8, 8, 8, 8, 8, 4, 2, 1]",936,0.0342630780069157,0.0033654791634429,,,,paper_benchmarks_ext
angle_sweep,ryy,11,2,9,7,mpo_zipup,8,8,0.4280684318202959,0.068129206905796,0,1,0.0095778787780174,0.0979843008325179,,0.004800461604819,0.0048004616048193,8,"[1, 2, 4, 8, 8, 8, 8, 8, 8, 8, 4, 2, 1]",936,0.0078135610092431,0.0096107406196407,,,,paper_benchmarks_ext
angle_sweep,ryy,11,2,9,7,tebd_swap,8,8,0.4280684318202959,0.068129206905796,0,1,0.3091405880041225,0.5810687901714893,,0.2080640661028763,0.2080640661028764,8,"[1, 2, 4, 8, 8, 8, 8, 8, 8, 8, 4, 2, 1]",936,0.0053013400174677,0.5448797635619135,,,,paper_benchmarks_ext
angle_sweep,ryy,11,2,9,7,variational_mpo,8,8,0.4280684318202959,0.068129206905796,0,1,0.0095778787780178,0.0979843008325179,,-4.440892098500626e-16,8.881784197001252e-16,8,"[1, 2, 4, 8, 8, 8, 8, 8, 8, 8, 4, 2, 1]",936,0.5830909489886835,0.0,1.0,0.0,best_init=zipup,paper_benchmarks_ext
angle_sweep,ryy,11,2,9,7,hybrid_tdvp,8,8,0.6283185307179586,0.1,0,1,0.0180959153600249,0.1348277794045697,,-6.661338147750939e-16,3.3306690738754696e-16,8,"[1, 2, 4, 8, 8, 8, 8, 8, 8, 8, 4, 2, 1]",936,0.0341844949871301,0.0055880542029329,,,,paper_benchmarks_ext
angle_sweep,ryy,11,2,9,7,mpo_zipup,8,8,0.6283185307179586,0.1,0,1,0.0147855132346137,0.1218218941446172,,0.0074202869464887,0.0074202869464894,8,"[1, 2, 4, 8, 8, 8, 8, 8, 8, 8, 4, 2, 1]",936,0.0070360879763029,0.0148662780023341,,,,paper_benchmarks_ext
angle_sweep,ryy,11,2,9,7,tebd_swap,8,8,0.6283185307179586,0.1,0,1,0.3138010604282856,0.5858818019203119,,0.2121448401489993,0.2121448401489998,8,"[1, 2, 4, 8, 8, 8, 8, 8, 8, 8, 4, 2, 1]",936,0.0052647700067609,0.55469452406781,,,,paper_benchmarks_ext
angle_sweep,ryy,11,2,9,7,variational_mpo,8,8,0.6283185307179586,0.1,0,1,0.0147855132346129,0.1218218941446171,,-4.440892098500626e-16,4.440892098500626e-16,8,"[1, 2, 4, 8, 8, 8, 8, 8, 8, 8, 4, 2, 1]",936,0.5898518630419858,0.0,1.0,0.0,best_init=zipup,paper_benchmarks_ext
angle_sweep,ryy,11,2,9,7,hybrid_tdvp,8,8,0.9222454792211944,0.1467799267622069,0,1,0.0287679189512377,0.1702288103348036,,-2.220446049250313e-16,2.220446049250313e-16,8,"[1, 2, 4, 8, 8, 8, 8, 8, 8, 8, 4, 2, 1]",936,0.0435118869645521,0.0089831228487775,,,,paper_benchmarks_ext
angle_sweep,ryy,11,2,9,7,mpo_zipup,8,8,0.9222454792211944,0.1467799267622069,0,1,0.0218843380377816,0.1483421633138985,,0.0110026987083204,0.0110026987083216,8,"[1, 2, 4, 8, 8, 8, 8, 8, 8, 8, 4, 2, 1]",936,0.0085287680267356,0.0220644057767659,,,,paper_benchmarks_ext
angle_sweep,ryy,11,2,9,7,tebd_swap,8,8,0.9222454792211944,0.1467799267622069,0,1,0.324680354867869,0.5970287378914065,,0.2151583703627712,0.2151583703627715,8,"[1, 2, 4, 8, 8, 8, 8, 8, 8, 8, 4, 2, 1]",936,0.0063172450172714,0.5681770371696424,,,,paper_benchmarks_ext
angle_sweep,ryy,11,2,9,7,variational_mpo,8,8,0.9222454792211944,0.1467799267622069,0,1,0.0218843380377806,0.1483421633138984,,-1.1102230246251563e-15,4.440892098500626e-16,8,"[1, 2, 4, 8, 8, 8, 8, 8, 8, 8, 4, 2, 1]",936,0.6036151489824988,0.0,1.0,0.0,best_init=zipup,paper_benchmarks_ext
angle_sweep,ryy,11,2,9,7,hybrid_tdvp,8,8,1.353671238968633,0.2154434690031882,0,1,0.0415245859131417,0.2048532353435044,,3.3306690738754696e-16,8.881784197001252e-16,8,"[1, 2, 4, 8, 8, 8, 8, 8, 8, 8, 4, 2, 1]",936,0.0434062770218588,0.0142110522059597,,,,paper_benchmarks_ext
angle_sweep,ryy,11,2,9,7,mpo_zipup,8,8,1.353671238968633,0.2154434690031882,0,1,0.0290635169526415,0.1711076110492412,,0.014638907279487,0.014638907279487,8,"[1, 2, 4, 8, 8, 8, 8, 8, 8, 8, 4, 2, 1]",936,0.007189633033704,0.0293836939633998,,,,paper_benchmarks_ext
angle_sweep,ryy,11,2,9,7,tebd_swap,8,8,1.353671238968633,0.2154434690031882,0,1,0.3310733775260406,0.6035240762519946,,0.217386487547975,0.2173864875479749,8,"[1, 2, 4, 8, 8, 8, 8, 8, 8, 8, 4, 2, 1]",936,0.0051143040182068,0.5843139279196468,,,,paper_benchmarks_ext
angle_sweep,ryy,11,2,9,7,variational_mpo,8,8,1.353671238968633,0.2154434690031882,0,1,0.0290635169526407,0.1711076110492412,,1.1102230246251563e-16,4.440892098500626e-16,8,"[1, 2, 4, 8, 8, 8, 8, 8, 8, 8, 4, 2, 1]",936,0.6017791529884562,0.0,1.0,0.0,best_init=zipup,paper_benchmarks_ext
angle_sweep,ryy,11,2,9,7,hybrid_tdvp,8,8,1.5707963267948966,0.25,1,1,0.0472695961171382,0.2187276976300648,,-1.1102230246251563e-15,4.440892098500626e-16,8,"[1, 2, 4, 8, 8, 8, 8, 8, 8, 8, 4, 2, 1]",936,0.0402689920156262,0.0167638409857501,,,,paper_benchmarks_ext
angle_sweep,ryy,11,2,9,7,mpo_zipup,8,8,1.5707963267948966,0.25,1,1,0.0300353614545286,0.1739665027677933,,0.015132172042626,0.0151321720426264,8,"[1, 2, 4, 8, 8, 8, 8, 8, 8, 8, 4, 2, 1]",936,0.0076303079840727,0.0303778137651855,,,,paper_benchmarks_ext
angle_sweep,ryy,11,2,9,7,tebd_swap,8,8,1.5707963267948966,0.25,1,1,0.3304309681967854,0.6028731556238948,,0.2176096000719828,0.2176096000719835,8,"[1, 2, 4, 8, 8, 8, 8, 8, 8, 8, 4, 2, 1]",936,0.005154050013516,0.5879810092857388,,,,paper_benchmarks_ext
angle_sweep,ryy,11,2,9,7,variational_mpo,8,8,1.5707963267948966,0.25,1,1,0.0300353614545292,0.1739665027677933,,-4.440892098500626e-16,2.220446049250313e-16,8,"[1, 2, 4, 8, 8, 8, 8, 8, 8, 8, 4, 2, 1]",936,0.3838771699811332,0.0,1.0,0.0,best_init=zipup,paper_benchmarks_ext
angle_sweep,ryy,11,2,9,7,hybrid_tdvp,8,8,1.9869176531592203,0.3162277660168379,0,1,0.0558288318354599,0.2379718212337522,,-6.661338147750939e-16,0.0,8,"[1, 2, 4, 8, 8, 8, 8, 8, 8, 8, 4, 2, 1]",936,0.0440468909800984,0.0212164434269344,,,,paper_benchmarks_ext
angle_sweep,ryy,11,2,9,7,mpo_zipup,8,8,1.9869176531592203,0.3162277660168379,0,1,0.026332755560144,0.1628140957423326,,0.0132542148861953,0.0132542148861956,8,"[1, 2, 4, 8, 8, 8, 8, 8, 8, 8, 4, 2, 1]",936,0.0082983150496147,0.0265953092143299,,,,paper_benchmarks_ext
angle_sweep,ryy,11,2,9,7,tebd_swap,8,8,1.9869176531592203,0.3162277660168379,0,1,0.3264916939178576,0.5988730781313474,,0.2177142991422315,0.2177142991422318,8,"[1, 2, 4, 8, 8, 8, 8, 8, 8, 8, 4, 2, 1]",936,0.0051741959759965,0.5830746819954339,,,,paper_benchmarks_ext
angle_sweep,ryy,11,2,9,7,variational_mpo,8,8,1.9869176531592203,0.3162277660168379,0,1,0.0263327555601435,0.1628140957423326,,-4.440892098500626e-16,3.3306690738754696e-16,8,"[1, 2, 4, 8, 8, 8, 8, 8, 8, 8, 4, 2, 1]",936,0.5792046620044857,0.0,1.0,0.0,best_init=zipup,paper_benchmarks_ext
angle_sweep,ryy,11,2,9,7,hybrid_tdvp,8,8,2.916396276132464,0.4641588833612777,0,1,0.0574770495206535,0.2415110267724841,,1.1102230246251563e-16,6.661338147750939e-16,8,"[1, 2, 4, 8, 8, 8, 8, 8, 8, 8, 4, 2, 1]",936,0.0513610430061817,0.0278408800860753,,,,paper_benchmarks_ext
angle_sweep,ryy,11,2,9,7,mpo_zipup,8,8,2.916396276132464,0.4641588833612777,0,1,0.0038911057124743,0.0624091200916087,,0.001947449135304,0.0019474491353047,8,"[1, 2, 4, 8, 8, 8, 8, 8, 8, 8, 4, 2, 1]",936,0.008165311999619,0.0038962745278167,,,,paper_benchmarks_ext
angle_sweep,ryy,11,2,9,7,tebd_swap,8,8,2.916396276132464,0.4641588833612777,0,1,0.3051514626098216,0.5769302317609083,,0.2020301328926165,0.2020301328926165,8,"[1, 2, 4, 8, 8, 8, 8, 8, 8, 8, 4, 2, 1]",936,0.0050406090449541,0.5341933596844229,,,,paper_benchmarks_ext
angle_sweep,ryy,11,2,9,7,variational_mpo,8,8,2.916396276132464,0.4641588833612777,0,1,0.0038911057124744,0.0624091200916086,,-8.881784197001252e-16,2.220446049250313e-16,8,"[1, 2, 4, 8, 8, 8, 8, 8, 8, 8, 4, 2, 1]",936,0.6138747889781371,0.0,1.0,0.0,best_init=zipup,paper_benchmarks_ext
angle_sweep,ryy,11,2,9,7,hybrid_tdvp,8,8,3.141592653589793,0.5,1,1,0.0535964598199358,0.2330976615739845,,1.1102230246251563e-16,6.661338147750939e-16,8,"[1, 2, 4, 8, 8, 8, 8, 8, 8, 8, 4, 2, 1]",936,0.0239382329746149,0.0289551352382882,,,,paper_benchmarks_ext
angle_sweep,ryy,11,2,9,7,mpo_zipup,8,8,3.141592653589793,0.5,1,1,0.0,2.173097431458083e-15,,1.5543122344752196e-15,1.9984014443252818e-15,8,"[1, 2, 4, 8, 8, 8, 8, 8, 8, 8, 4, 2, 1]",936,0.0038409099797718,1.8057396162553856e-32,,,,paper_benchmarks_ext
angle_sweep,ryy,11,2,9,7,tebd_swap,8,8,3.141592653589793,0.5,1,1,0.2997659657171165,0.5713144894345608,,0.1986504649995429,0.1986504649995435,8,"[1, 2, 4, 8, 8, 8, 8, 8, 8, 8, 4, 2, 1]",936,0.0033876409870572,0.5273564812674988,,,,paper_benchmarks_ext
angle_sweep,ryy,11,2,9,7,variational_mpo,8,8,3.141592653589793,0.5,1,1,0.0,2.173262414808801e-15,,-4.440892098500626e-16,1.1102230246251563e-16,8,"[1, 2, 4, 8, 8, 8, 8, 8, 8, 8, 4, 2, 1]",936,0.2221801590058021,0.0,1.0,0.0,best_init=zipup,paper_benchmarks_ext
angle_sweep,ryy,11,2,9,7,hybrid_tdvp,8,8,4.280684318202959,0.6812920690579608,0,1,0.0457627626296611,0.215171220123669,,-1.1102230246251563e-15,4.440892098500626e-16,8,"[1, 2, 4, 8, 8, 8, 8, 8, 8, 8, 4, 2, 1]",936,0.0224795110407285,0.0286933503721062,,,,paper_benchmarks_ext
angle_sweep,ryy,11,2,9,7,mpo_zipup,8,8,4.280684318202959,0.6812920690579608,0,1,0.0261538038564903,0.162256225387694,,0.0131635413385329,0.0131635413385337,8,"[1, 2, 4, 8, 8, 8, 8, 8, 8, 8, 4, 2, 1]",936,0.0034456239663995,0.0264124241048661,,,,paper_benchmarks_ext
angle_sweep,ryy,11,2,9,7,tebd_swap,8,8,4.280684318202959,0.6812920690579608,0,1,0.3301829711287772,0.6026217683591454,,0.2166450989737498,0.2166450989737506,8,"[1, 2, 4, 8, 8, 8, 8, 8, 8, 8, 4, 2, 1]",936,0.0024171799886971,0.5774322636169469,,,,paper_benchmarks_ext
angle_sweep,ryy,11,2,9,7,variational_mpo,8,8,4.280684318202959,0.6812920690579608,0,1,0.0261538038564907,0.162256225387694,,-8.881784197001252e-16,0.0,8,"[1, 2, 4, 8, 8, 8, 8, 8, 8, 8, 4, 2, 1]",936,0.4171395520097576,0.0,1.0,0.0,best_init=zipup,paper_benchmarks_ext
angle_sweep,ryy,11,2,9,7,hybrid_tdvp,8,8,6.283185307179586,1.0,1,1,0.0553306980876645,0.2368923927217306,,-4.440892098500626e-16,2.220446049250313e-16,8,"[1, 2, 4, 8, 8, 8, 8, 8, 8, 8, 4, 2, 1]",936,0.0250630499795079,0.0294258790266937,,,,paper_benchmarks_ext
angle_sweep,ryy,11,2,9,7,mpo_zipup,8,8,6.283185307179586,1.0,1,1,0.0,2.2255881604901523e-15,,2.4424906541753444e-15,2.886579864025407e-15,8,"[1, 2, 4, 8, 8, 8, 8, 8, 8, 8, 4, 2, 1]",936,0.0032142719719558,2.2956515285251955e-32,,,,paper_benchmarks_ext
angle_sweep,ryy,11,2,9,7,tebd_swap,8,8,6.283185307179586,1.0,1,1,0.2997659657171151,0.5713144894345598,,0.1986504649995429,0.1986504649995435,8,"[1, 2, 4, 8, 8, 8, 8, 8, 8, 8, 4, 2, 1]",936,0.0027803679695352,0.5273564812674988,,,,paper_benchmarks_ext
angle_sweep,ryy,11,2,9,7,variational_mpo,8,8,6.283185307179586,1.0,1,1,0.0,1.7589169551250878e-16,,-4.440892098500626e-16,1.1102230246251563e-16,8,"[1, 2, 4, 8, 8, 8, 8, 8, 8, 8, 4, 2, 1]",936,0.0101650550495833,0.0,1.0,0.0,best_init=input,paper_benchmarks_ext
angle_sweep,ryy,22,2,9,7,hybrid_tdvp,8,8,0.0006283185307179,0.0001,0,1,6.748433400982634e-08,0.0002597774734129,,2.517509312127686e-09,2.517507424748544e-09,8,"[1, 2, 4, 8, 8, 8, 8, 8, 8, 8, 4, 2, 1]",936,0.0109689079690724,5.035021132107833e-09,,,,paper_benchmarks_ext
angle_sweep,ryy,22,2,9,7,mpo_zipup,8,8,0.0006283185307179,0.0001,0,1,6.748454062233122e-08,0.0002597778704986,,3.374227119934403e-08,3.37422696450318e-08,8,"[1, 2, 4, 8, 8, 8, 8, 8, 8, 8, 4, 2, 1]",936,0.0045607879874296,6.748454253127487e-08,,,,paper_benchmarks_ext
angle_sweep,ryy,22,2,9,7,tebd_swap,8,8,0.0006283185307179,0.0001,0,1,0.3395442319267837,0.6120714044745021,,0.2490625554810898,0.2490625554810885,8,"[1, 2, 4, 8, 8, 8, 8, 8, 8, 8, 4, 2, 1]",936,0.0033841659897007,0.5524805920695091,,,,paper_benchmarks_ext
angle_sweep,ryy,22,2,9,7,variational_mpo,8,8,0.0006283185307179,0.0001,0,1,6.748454084437584e-08,0.0002597778704986,,1.5543122344752196e-15,0.0,8,"[1, 2, 4, 8, 8, 8, 8, 8, 8, 8, 4, 2, 1]",936,0.3155233860015869,0.0,1.0,0.0,best_init=zipup,paper_benchmarks_ext
angle_sweep,ryy,22,2,9,7,hybrid_tdvp,8,8,0.0009222454792211,0.0001467799267622,0,1,1.4539081483189165e-07,0.0003813014809213,,5.4236607427426975e-09,5.42365996558658e-09,8,"[1, 2, 4, 8, 8, 8, 8, 8, 8, 8, 4, 2, 1]",936,0.0120902140042744,1.0847321963367664e-08,,,,paper_benchmarks_ext
angle_sweep,ryy,22,2,9,7,mpo_zipup,8,8,0.0009222454792211,0.0001467799267622,0,1,1.453917718441389e-07,0.0003813027365518,,7.269588730984823e-08,7.26958854224691e-08,8,"[1, 2, 4, 8, 8, 8, 8, 8, 8, 8, 4, 2, 1]",936,0.0037357250112108,1.4539177936418748e-07,,,,paper_benchmarks_ext
angle_sweep,ryy,22,2,9,7,tebd_swap,8,8,0.0009222454792211,0.0001467799267622,0,1,0.3395457403013524,0.6120729206691434,,0.2490634895080731,0.249063489508072,8,"[1, 2, 4, 8, 8, 8, 8, 8, 8, 8, 4, 2, 1]",936,0.0025875410065054,0.5524793934513144,,,,paper_benchmarks_ext
angle_sweep,ryy,22,2,9,7,variational_mpo,8,8,0.0009222454792211,0.0001467799267622,0,1,1.4539177173311657e-07,0.0003813027365518,,2.1094237467877974e-15,4.440892098500626e-16,8,"[1, 2, 4, 8, 8, 8, 8, 8, 8, 8, 4, 2, 1]",936,0.3081274520372972,0.0,1.0,0.0,best_init=zipup,paper_benchmarks_ext
angle_sweep,ryy,22,2,9,7,hybrid_tdvp,8,8,0.0013536712389686,0.0002154434690031,0,1,3.132356907187273e-07,0.0005596746507409,,1.1684444745085898e-08,1.1684442746684454e-08,8,"[1, 2, 4, 8, 8, 8, 8, 8, 8, 8, 4, 2, 1]",936,0.0110812959610484,2.3368894137747643e-08,,,,paper_benchmarks_ext
angle_sweep,ryy,22,2,9,7,mpo_zipup,8,8,0.0013536712389686,0.0002154434690031,0,1,3.132401332761603e-07,0.0005596786211824,,1.5662007823991078e-07,1.5662007657457624e-07,8,"[1, 2, 4, 8, 8, 8, 8, 8, 8, 8, 4, 2, 1]",936,0.0036687959800474,3.132401704376066e-07,,,,paper_benchmarks_ext
angle_sweep,ryy,22,2,9,7,tebd_swap,8,8,0.0013536712389686,0.0002154434690031,0,1,0.3395479953220042,0.6120751873770303,,0.2490648889318701,0.2490648889318689,8,"[1, 2, 4, 8, 8, 8, 8, 8, 8, 8, 4, 2, 1]",936,0.0030077960109338,0.5524777134052241,,,,paper_benchmarks_ext
angle_sweep,ryy,22,2,9,7,variational_mpo,8,8,0.0013536712389686,0.0002154434690031,0,1,3.132401339422941e-07,0.0005596786211824,,1.5543122344752196e-15,6.661338147750939e-16,8,"[1, 2, 4, 8, 8, 8, 8, 8, 8, 8, 4, 2, 1]",936,0.2846176870516501,0.0,1.0,0.0,best_init=zipup,paper_benchmarks_ext
angle_sweep,ryy,22,2,9,7,hybrid_tdvp,8,8,0.0019869176531592,0.0003162277660168,0,1,6.748478493801002e-07,0.0008214913045546,,2.5171876028018403e-08,2.517187458472847e-08,8,"[1, 2, 4, 8, 8, 8, 8, 8, 8, 8, 4, 2, 1]",936,0.0117803980247117,5.034375832545276e-08,,,,paper_benchmarks_ext
angle_sweep,ryy,22,2,9,7,mpo_zipup,8,8,0.0019869176531592,0.0003162277660168,0,1,6.748684779900316e-07,0.0008215038598245,,3.374342953943455e-07,3.374342938400332e-07,8,"[1, 2, 4, 8, 8, 8, 8, 8, 8, 8, 4, 2, 1]",936,0.0035705540212802,6.748686447545987e-07,,,,paper_benchmarks_ext
angle_sweep,ryy,22,2,9,7,tebd_swap,8,8,0.0019869176531592,0.0003162277660168,0,1,0.3395513938268433,0.6120786034869631,,0.2490670042379053,0.2490670042379044,8,"[1, 2, 4, 8, 8, 8, 8, 8, 8, 8, 4, 2, 1]",936,0.002497378969565,0.5524754182503022,,,,paper_benchmarks_ext
angle_sweep,ryy,22,2,9,7,variational_mpo,8,8,0.0019869176531592,0.0003162277660168,0,1,6.748684775459424e-07,0.0008215038598245,,1.6653345369377348e-15,2.220446049250313e-16,8,"[1, 2, 4, 8, 8, 8, 8, 8, 8, 8, 4, 2, 1]",936,0.3130986769683659,0.0,1.0,0.0,best_init=zipup,paper_benchmarks_ext
angle_sweep,ryy,22,2,9,7,hybrid_tdvp,8,8,0.0029163962761324,0.0004641588833612,0,1,1.4539213915032434e-06,0.0012057868464553,,5.4226462209427963e-08,5.4226460433071124e-08,8,"[1, 2, 4, 8, 8, 8, 8, 8, 8, 8, 4, 2, 1]",936,0.0163076780154369,1.0845292670875133e-07,,,,paper_benchmarks_ext
angle_sweep,ryy,22,2,9,7,mpo_zipup,8,8,0.0029163962761324,0.0004641588833612,0,1,1.4540171457966269e-06,0.0012058265521551,,7.270088349109471e-07,7.270088332456126e-07,8,"[1, 2, 4, 8, 8, 8, 8, 8, 8, 8, 4, 2, 1]",936,0.0040844090399332,1.454017920115859e-06,,,,paper_benchmarks_ext
angle_sweep,ryy,22,2,9,7,tebd_swap,8,8,0.0029163962761324,0.0004641588833612,0,1,0.3395565736175733,0.6120838100905199,,0.2490702407457377,0.2490702407457364,8,"[1, 2, 4, 8, 8, 8, 8, 8, 8, 8, 4, 2, 1]",936,0.0039096790133044,0.5524724174415496,,,,paper_benchmarks_ext
angle_sweep,ryy,22,2,9,7,variational_mpo,8,8,0.0029163962761324,0.0004641588833612,0,1,1.4540171456856044e-06,0.0012058265521551,,1.7763568394002505e-15,4.440892098500626e-16,8,"[1, 2, 4, 8, 8, 8, 8, 8, 8, 8, 4, 2, 1]",936,0.3074661020073108,0.0,1.0,0.0,best_init=zipup,paper_benchmarks_ext
angle_sweep,ryy,22,2,9,7,hybrid_tdvp,8,8,0.0042806843182029,0.0006812920690579,0,1,3.132394189697685e-06,0.0017698578029092,,1.1681264389107326e-07,1.1681264211471645e-07,8,"[1, 2, 4, 8, 8, 8, 8, 8, 8, 8, 4, 2, 1]",936,0.014439760998357,2.3362529548301041e-07,,,,paper_benchmarks_ext
angle_sweep,ryy,22,2,9,7,mpo_zipup,8,8,0.0042806843182029,0.0006812920690579,0,1,3.132838793939996e-06,0.0017699834031788,,1.5664206242105294e-06,1.5664206228782618e-06,8,"[1, 2, 4, 8, 8, 8, 8, 8, 8, 8, 4, 2, 1]",936,0.0043401940492913,3.1328423905559667e-06,,,,paper_benchmarks_ext
angle_sweep,ryy,22,2,9,7,tebd_swap,8,8,0.0042806843182029,0.0006812920690579,0,1,0.339564590982843,0.6120918689100547,,0.249075274128258,0.2490752741282569,8,"[1, 2, 4, 8, 8, 8, 8, 8, 8, 8, 4, 2, 1]",936,0.0045736730098724,0.5524688057603451,,,,paper_benchmarks_ext
angle_sweep,ryy,22,2,9,7,variational_mpo,8,8,0.0042806843182029,0.0006812920690579,0,1,3.13283879316284e-06,0.0017699834031788,,1.3322676295501878e-15,2.220446049250313e-16,8,"[1, 2, 4, 8, 8, 8, 8, 8, 8, 8, 4, 2, 1]",936,0.4746933059650473,0.0,1.0,0.0,best_init=zipup,paper_benchmarks_ext
angle_sweep,ryy,22,2,9,7,hybrid_tdvp,8,8,0.0062831853071795,0.001,0,1,6.748574989945411e-06,0.0025978041449221,,2.516193606805217e-07,2.516193593482541e-07,8,"[1, 2, 4, 8, 8, 8, 8, 8, 8, 8, 4, 2, 1]",936,0.0202565530198626,5.032387624691055e-07,,,,paper_benchmarks_ext
angle_sweep,ryy,22,2,9,7,mpo_zipup,8,8,0.0062831853071795,0.001,0,1,6.750640721087109e-06,0.0025982017077093,,3.3753260558766485e-06,3.375326054211314e-06,8,"[1, 2, 4, 8, 8, 8, 8, 8, 8, 8, 4, 2, 1]",936,0.0071490710251964,6.750657420849288e-06,,,,paper_benchmarks_ext
angle_sweep,ryy,22,2,9,7,tebd_swap,8,8,0.0062831853071795,0.001,0,1,0.3395772581843349,0.6121046014915128,,0.2490832688724098,0.2490832688724086,8,"[1, 2, 4, 8, 8, 8, 8, 8, 8, 8, 4, 2, 1]",936,0.004914438992273,0.5524652129498009,,,,paper_benchmarks_ext
angle_sweep,ryy,22,2,9,7,variational_mpo,8,8,0.0062831853071795,0.001,0,1,6.750640721198131e-06,0.0025982017077093,,1.6653345369377348e-15,2.220446049250313e-16,8,"[1, 2, 4, 8, 8, 8, 8, 8, 8, 8, 4, 2, 1]",936,0.3402484500547871,0.0,1.0,0.0,best_init=zipup,paper_benchmarks_ext
angle_sweep,ryy,22,2,9,7,hybrid_tdvp,8,8,0.0092224547922119,0.001467799267622,0,1,1.4539419509462805e-05,0.0038130660049771,,1.1102230246251563e-15,6.661338147750939e-16,8,"[1, 2, 4, 8, 8, 8, 8, 8, 8, 8, 4, 2, 1]",936,0.0162914950051344,1.0839119143438278e-06,,,,paper_benchmarks_ext
angle_sweep,ryy,22,2,9,7,mpo_zipup,8,8,0.0092224547922119,0.001467799267622,0,1,1.4549032325117396e-05,0.0038143263159055,,7.27454262283711e-06,7.274542620949731e-06,8,"[1, 2, 4, 8, 8, 8, 8, 8, 8, 8, 4, 2, 1]",936,0.0052911239909008,1.454910989331335e-05,,,,paper_benchmarks_ext
angle_sweep,ryy,22,2,9,7,tebd_swap,8,8,0.0092224547922119,0.001467799267622,0,1,0.3395978094381946,0.6121252585141078,,0.2490963024396267,0.249096302439626,8,"[1, 2, 4, 8, 8, 8, 8, 8, 8, 8, 4, 2, 1]",936,0.0037917550071142,0.5524636208005256,,,,paper_benchmarks_ext
angle_sweep,ryy,22,2,9,7,variational_mpo,8,8,0.0092224547922119,0.001467799267622,0,1,1.454903232489535e-05,0.0038143263159055,,1.6653345369377348e-15,3.3306690738754696e-16,8,"[1, 2, 4, 8, 8, 8, 8, 8, 8, 8, 4, 2, 1]",936,0.3234242870239541,0.0,1.0,0.0,best_init=zipup,paper_benchmarks_ext
angle_sweep,ryy,22,2,9,7,hybrid_tdvp,8,8,0.0135367123896863,0.0021544346900318,0,1,3.132412929141015e-05,0.0055968182564888,,1.887379141862766e-15,2.220446049250313e-16,8,"[1, 2, 4, 8, 8, 8, 8, 8, 8, 8, 4, 2, 1]",936,0.0109306200174614,2.334353684560128e-06,,,,paper_benchmarks_ext
angle_sweep,ryy,22,2,9,7,mpo_zipup,8,8,0.0135367123896863,0.0021544346900318,0,1,3.136902253308982e-05,0.005600827487211,,1.5684634270374254e-05,1.5684634268930964e-05,8,"[1, 2, 4, 8, 8, 8, 8, 8, 8, 8, 4, 2, 1]",936,0.0036070169880986,3.136938313497485e-05,,,,paper_benchmarks_ext
angle_sweep,ryy,22,2,9,7,tebd_swap,8,8,0.0135367123896863,0.0021544346900318,0,1,0.3396322629252659,0.6121598884761112,,0.2491182048189054,0.2491182048189048,8,"[1, 2, 4, 8, 8, 8, 8, 8, 8, 8, 4, 2, 1]",936,0.0027737650088965,0.5524692184436898,,,,paper_benchmarks_ext
angle_sweep,ryy,22,2,9,7,variational_mpo,8,8,0.0135367123896863,0.0021544346900318,0,1,3.1369022533422886e-05,0.005600827487211,,1.5543122344752196e-15,3.3306690738754696e-16,8,"[1, 2, 4, 8, 8, 8, 8, 8, 8, 8, 4, 2, 1]",936,0.2971400489914231,0.0,1.0,0.0,best_init=zipup,paper_benchmarks_ext
angle_sweep,ryy,22,2,9,7,hybrid_tdvp,8,8,0.0198691765315922,0.0031622776601683,0,1,6.748418871105333e-05,0.0082149453605979,,1.5543122344752196e-15,1.1102230246251563e-16,8,"[1, 2, 4, 8, 8, 8, 8, 8, 8, 8, 4, 2, 1]",936,0.0128766439738683,5.026628804717765e-06,,,,paper_benchmarks_ext
angle_sweep,ryy,22,2,9,7,mpo_zipup,8,8,0.0198691765315922,0.0031622776601683,0,1,6.769555586483289e-05,0.0082278005308557,,3.384835078867887e-05,3.384835078712456e-05,8,"[1, 2, 4, 8, 8, 8, 8, 8, 8, 8, 4, 2, 1]",936,0.0038612430216744,6.769723543092248e-05,,,,paper_benchmarks_ext
angle_sweep,ryy,22,2,9,7,tebd_swap,8,8,0.0198691765315922,0.0031622776601683,0,1,0.3396923090269035,0.6122202396183026,,0.2491562382071229,0.2491562382071217,8,"[1, 2, 4, 8, 8, 8, 8, 8, 8, 8, 4, 2, 1]",936,0.0029946459690108,0.5524945447154689,,,,paper_benchmarks_ext
angle_sweep,ryy,22,2,9,7,variational_mpo,8,8,0.0198691765315922,0.0031622776601683,0,1,6.769555586383369e-05,0.0082278005308557,,1.5543122344752196e-15,1.1102230246251563e-16,8,"[1, 2, 4, 8, 8, 8, 8, 8, 8, 8, 4, 2, 1]",936,0.3286164519959129,0.0,1.0,0.0,best_init=zipup,paper_benchmarks_ext
angle_sweep,ryy,22,2,9,7,hybrid_tdvp,8,8,0.0291639627613246,0.0046415888336127,0,1,0.0001453792169512,0.0120575495485127,,6.661338147750939e-16,6.661338147750939e-16,8,"[1, 2, 4, 8, 8, 8, 8, 8, 8, 8, 4, 2, 1]",936,0.0183825879939831,1.0822065839324134e-05,,,,paper_benchmarks_ext
angle_sweep,ryy,22,2,9,7,mpo_zipup,8,8,0.0291639627613246,0.0046415888336127,0,1,0.0001463929023843,0.0120995148868448,,7.319913024816938e-05,7.319913024683711e-05,8,"[1, 2, 4, 8, 8, 8, 8, 8, 8, 8, 4, 2, 1]",936,0.0035617840476334,0.0001464007595428,,,,paper_benchmarks_ext
angle_sweep,ryy,22,2,9,7,tebd_swap,8,8,0.0291639627613246,0.0046415888336127,0,1,0.3398016993237925,0.6123301773926658,,0.2492244560628911,0.2492244560628898,8,"[1, 2, 4, 8, 8, 8, 8, 8, 8, 8, 4, 2, 1]",936,0.0025683459825813,0.5525686537371928,,,,paper_benchmarks_ext
angle_sweep,ryy,22,2,9,7,variational_mpo,8,8,0.0291639627613246,0.0046415888336127,0,1,0.0001463929023841,0.0120995148868448,,1.3322676295501878e-15,2.220446049250313e-16,8,"[1, 2, 4, 8, 8, 8, 8, 8, 8, 8, 4, 2, 1]",936,0.4632888730266131,0.0,1.0,0.0,best_init=zipup,paper_benchmarks_ext
angle_sweep,ryy,22,2,9,7,hybrid_tdvp,8,8,0.0428068431820296,0.0068129206905796,0,1,0.0003131469694627,0.017696651902476,,1.7763568394002505e-15,6.661338147750939e-16,8,"[1, 2, 4, 8, 8, 8, 8, 8, 8, 8, 4, 2, 1]",936,0.0170761280460283,2.3295065232871225e-05,,,,paper_benchmarks_ext
angle_sweep,ryy,22,2,9,7,mpo_zipup,8,8,0.0428068431820296,0.0068129206905796,0,1,0.000318219310271,0.0178394122711926,,0.0001591223150909,0.000159122315089,8,"[1, 2, 4, 8, 8, 8, 8, 8, 8, 8, 4, 2, 1]",936,0.0046036610146984,0.0003182564661277,,,,paper_benchmarks_ext
angle_sweep,ryy,22,2,9,7,tebd_swap,8,8,0.0428068431820296,0.0068129206905796,0,1,0.3400112749975654,0.6125407722712767,,0.2493502874590832,0.249350287459082,8,"[1, 2, 4, 8, 8, 8, 8, 8, 8, 8, 4, 2, 1]",936,0.003524480969645,0.5527573488058786,,,,paper_benchmarks_ext
angle_sweep,ryy,22,2,9,7,variational_mpo,8,8,0.0428068431820296,0.0068129206905796,0,1,0.0003182193102703,0.0178394122711927,,2.220446049250313e-15,1.1102230246251563e-16,8,"[1, 2, 4, 8, 8, 8, 8, 8, 8, 8, 4, 2, 1]",936,0.4843514899839647,0.0,1.0,0.0,best_init=zipup,paper_benchmarks_ext
angle_sweep,ryy,22,2,9,7,hybrid_tdvp,8,8,0.0628318530717958,0.01,0,1,0.0006743227676586,0.0259699149748473,,1.3322676295501878e-15,2.220446049250313e-16,8,"[1, 2, 4, 8, 8, 8, 8, 8, 8, 8, 4, 2, 1]",936,0.0214784150011837,5.013901132375328e-05,,,,paper_benchmarks_ext
angle_sweep,ryy,22,2,9,7,mpo_zipup,8,8,0.0628318530717958,0.01,0,1,0.0007023554328171,0.026504316666052,,0.000351239400968,0.0003512394009665,8,"[1, 2, 4, 8, 8, 8, 8, 8, 8, 8, 4, 2, 1]",936,0.0044982339604757,0.0007025367056917,,,,paper_benchmarks_ext
angle_sweep,ryy,22,2,9,7,tebd_swap,8,8,0.0628318530717958,0.01,0,1,0.3404386783235945,0.6129701334627748,,0.2495865250306471,0.2495865250306457,8,"[1, 2, 4, 8, 8, 8, 8, 8, 8, 8, 4, 2, 1]",936,0.0042512139771133,0.5532081193944691,,,,paper_benchmarks_ext
angle_sweep,ryy,22,2,9,7,variational_mpo,8,8,0.0628318530717958,0.01,0,1,0.000702355432817,0.026504316666052,,1.6653345369377348e-15,2.220446049250313e-16,8,"[1, 2, 4, 8, 8, 8, 8, 8, 8, 8, 4, 2, 1]",936,0.6837540449923836,0.0,1.0,0.0,best_init=zipup,paper_benchmarks_ext
angle_sweep,ryy,22,2,9,7,hybrid_tdvp,8,8,0.0922245479221194,0.0146779926762206,0,1,0.0014511011479902,0.0381002356150222,,1.4432899320127037e-15,0.0,8,"[1, 2, 4, 8, 8, 8, 8, 8, 8, 8, 4, 2, 1]",936,0.0312099099974147,0.0001079446877761,,,,paper_benchmarks_ext
angle_sweep,ryy,22,2,9,7,mpo_zipup,8,8,0.0922245479221194,0.0146779926762206,0,1,0.001638052040727,0.0404811486289351,,0.0008193616971576,0.0008193616971567,8,"[1, 2, 4, 8, 8, 8, 8, 8, 8, 8, 4, 2, 1]",936,0.0077762680011801,0.001639038592949,,,,paper_benchmarks_ext
angle_sweep,ryy,22,2,9,7,tebd_swap,8,8,0.0922245479221194,0.0146779926762206,0,1,0.3414028777732273,0.6139381571778502,,0.2500280109998691,0.2500280109998685,8,"[1, 2, 4, 8, 8, 8, 8, 8, 8, 8, 4, 2, 1]",936,0.0058574610156938,0.5542508882266705,,,,paper_benchmarks_ext
angle_sweep,ryy,22,2,9,7,variational_mpo,8,8,0.0922245479221194,0.0146779926762206,0,1,0.0016380520407262,0.0404811486289351,,1.1102230246251563e-15,2.220446049250313e-16,8,"[1, 2, 4, 8, 8, 8, 8, 8, 8, 8, 4, 2, 1]",936,0.8807377059711143,0.0,1.0,0.0,best_init=zipup,paper_benchmarks_ext
angle_sweep,ryy,22,2,9,7,hybrid_tdvp,8,8,0.1353671238968632,0.0215443469003188,0,1,0.0031178792181213,0.055859764651355,,1.5543122344752196e-15,4.440892098500626e-16,8,"[1, 2, 4, 8, 8, 8, 8, 8, 8, 8, 4, 2, 1]",936,0.0292891439748927,0.0002327150095943,,,,paper_benchmarks_ext
angle_sweep,ryy,22,2,9,7,mpo_zipup,8,8,0.1353671238968632,0.0215443469003188,0,1,0.0039040502916642,0.062512943859922,,0.001953934075017,0.0019539340750154,8,"[1, 2, 4, 8, 8, 8, 8, 8, 8, 8, 4, 2, 1]",936,0.0079218869796022,0.0039097563745214,,,,paper_benchmarks_ext
angle_sweep,ryy,22,2,9,7,tebd_swap,8,8,0.1353671238968632,0.0215443469003188,0,1,0.3439065004094966,0.6164479095728913,,0.2508625421846633,0.2508625421846623,8,"[1, 2, 4, 8, 8, 8, 8, 8, 8, 8, 4, 2, 1]",936,0.005457758961711,0.5565828354971024,,,,paper_benchmarks_ext
angle_sweep,ryy,22,2,9,7,variational_mpo,8,8,0.1353671238968632,0.0215443469003188,0,1,0.0039040502916646,0.062512943859922,,1.6653345369377348e-15,2.220446049250313e-16,8,"[1, 2, 4, 8, 8, 8, 8, 8, 8, 8, 4, 2, 1]",936,0.6206650899839588,0.0,1.0,0.0,best_init=zipup,paper_benchmarks_ext
angle_sweep,ryy,22,2,9,7,hybrid_tdvp,8,8,0.198691765315922,0.0316227766016837,0,1,0.0066748872192343,0.0817683501063125,,1.3322676295501878e-15,4.440892098500626e-16,8,"[1, 2, 4, 8, 8, 8, 8, 8, 8, 8, 4, 2, 1]",936,0.0169525179662741,0.0005039952330733,,,,paper_benchmarks_ext
angle_sweep,ryy,22,2,9,7,mpo_zipup,8,8,0.198691765315922,0.0316227766016837,0,1,0.0072871167335475,0.0854426172508307,,0.0036502204213351,0.0036502204213336,8,"[1, 2, 4, 8, 8, 8, 8, 8, 8, 8, 4, 2, 1]",936,0.0044495320180431,0.0073077169221127,,,,paper_benchmarks_ext
angle_sweep,ryy,22,2,9,7,tebd_swap,8,8,0.198691765315922,0.0316227766016837,0,1,0.349646628555982,0.6221818115005654,,0.2524567403916253,0.2524567403916243,8,"[1, 2, 4, 8, 8, 8, 8, 8, 8, 8, 4, 2, 1]",936,0.0028028960223309,0.5613677055806224,,,,paper_benchmarks_ext
angle_sweep,ryy,22,2,9,7,variational_mpo,8,8,0.198691765315922,0.0316227766016837,0,1,0.0072871167335487,0.0854426172508307,,1.3322676295501878e-15,0.0,8,"[1, 2, 4, 8, 8, 8, 8, 8, 8, 8, 4, 2, 1]",936,0.4621848220122047,0.0,1.0,0.0,best_init=zipup,paper_benchmarks_ext
angle_sweep,ryy,22,2,9,7,hybrid_tdvp,8,8,0.2916396276132463,0.0464158883361277,0,1,0.0141626851346308,0.1192190790885871,,1.3322676295501878e-15,0.0,8,"[1, 2, 4, 8, 8, 8, 8, 8, 8, 8, 4, 2, 1]",936,0.016108026029542,0.0011054046839439,,,,paper_benchmarks_ext
angle_sweep,ryy,22,2,9,7,mpo_zipup,8,8,0.2916396276132463,0.0464158883361277,0,1,0.0130242195722908,0.1143105663429001,,0.006533452788816,0.0065334527888145,8,"[1, 2, 4, 8, 8, 8, 8, 8, 8, 8, 4, 2, 1]",936,0.0039467069436796,0.0130903249747519,,,,paper_benchmarks_ext
angle_sweep,ryy,22,2,9,7,tebd_swap,8,8,0.2916396276132463,0.0464158883361277,0,1,0.3563522190295281,0.6288455713101382,,0.2535875393330903,0.253587539333089,8,"[1, 2, 4, 8, 8, 8, 8, 8, 8, 8, 4, 2, 1]",936,0.0029347140225581,0.5695830304233205,,,,paper_benchmarks_ext
angle_sweep,ryy,22,2,9,7,variational_mpo,8,8,0.2916396276132463,0.0464158883361277,0,1,0.0130242195722894,0.1143105663429001,,1.7763568394002505e-15,1.1102230246251563e-16,8,"[1, 2, 4, 8, 8, 8, 8, 8, 8, 8, 4, 2, 1]",936,0.4572913299780339,0.0,1.0,0.0,best_init=zipup,paper_benchmarks_ext
angle_sweep,ryy,22,2,9,7,hybrid_tdvp,8,8,0.4280684318202959,0.068129206905796,0,1,0.0292861114549235,0.1717664954540545,,2.3314683517128287e-15,0.0,8,"[1, 2, 4, 8, 8, 8, 8, 8, 8, 8, 4, 2, 1]",936,0.0164875540067441,0.0025012572265353,,,,paper_benchmarks_ext
angle_sweep,ryy,22,2,9,7,mpo_zipup,8,8,0.4280684318202959,0.068129206905796,0,1,0.0241037141729028,0.1557264870067022,,0.0121253693777277,0.0121253693777262,8,"[1, 2, 4, 8, 8, 8, 8, 8, 8, 8, 4, 2, 1]",936,0.0035758790327236,0.0243307418901449,,,,paper_benchmarks_ext
angle_sweep,ryy,22,2,9,7,tebd_swap,8,8,0.4280684318202959,0.068129206905796,0,1,0.3659364719365904,0.638308607223106,,0.2575268650626128,0.257526865062612,8,"[1, 2, 4, 8, 8, 8, 8, 8, 8, 8, 4, 2, 1]",936,0.0026758709573186,0.5844618837327928,,,,paper_benchmarks_ext
angle_sweep,ryy,22,2,9,7,variational_mpo,8,8,0.4280684318202959,0.068129206905796,0,1,0.0241037141729021,0.1557264870067022,,1.6653345369377348e-15,3.3306690738754696e-16,8,"[1, 2, 4, 8, 8, 8, 8, 8, 8, 8, 4, 2, 1]",936,0.460057872987818,0.0,1.0,0.0,best_init=zipup,paper_benchmarks_ext
angle_sweep,ryy,22,2,9,7,hybrid_tdvp,8,8,0.6283185307179586,0.1,0,1,0.0546255843627332,0.2353564772280513,,1.4432899320127037e-15,0.0,8,"[1, 2, 4, 8, 8, 8, 8, 8, 8, 8, 4, 2, 1]",936,0.018492717994377,0.0054845856165419,,,,paper_benchmarks_ext
angle_sweep,ryy,22,2,9,7,mpo_zipup,8,8,0.6283185307179586,0.1,0,1,0.0411380264234381,0.2038873305374881,,0.0207850217768492,0.0207850217768476,8,"[1, 2, 4, 8, 8, 8, 8, 8, 8, 8, 4, 2, 1]",936,0.004657553974539,0.0418139852703543,,,,paper_benchmarks_ext
angle_sweep,ryy,22,2,9,7,tebd_swap,8,8,0.6283185307179586,0.1,0,1,0.385272430506407,0.6571976225138149,,0.268394545729713,0.2683945457297119,8,"[1, 2, 4, 8, 8, 8, 8, 8, 8, 8, 4, 2, 1]",936,0.0035134259960614,0.6103647354315525,,,,paper_benchmarks_ext
angle_sweep,ryy,22,2,9,7,variational_mpo,8,8,0.6283185307179586,0.1,0,1,0.0411380264234381,0.2038873305374882,,1.6653345369377348e-15,6.661338147750939e-16,8,"[1, 2, 4, 8, 8, 8, 8, 8, 8, 8, 4, 2, 1]",936,0.4546842870186083,0.0,1.0,0.0,best_init=zipup,paper_benchmarks_ext
angle_sweep,ryy,22,2,9,7,hybrid_tdvp,8,8,0.9222454792211944,0.1467799267622069,0,1,0.0924189869117158,0.3076671446290778,,8.881784197001252e-16,8.881784197001252e-16,8,"[1, 2, 4, 8, 8, 8, 8, 8, 8, 8, 4, 2, 1]",936,0.023445620026905,0.0117114916513991,,,,paper_benchmarks_ext
angle_sweep,ryy,22,2,9,7,mpo_zipup,8,8,0.9222454792211944,0.1467799267622069,0,1,0.0688782543132227,0.2647772691423886,,0.0350535011272511,0.0350535011272497,8,"[1, 2, 4, 8, 8, 8, 8, 8, 8, 8, 4, 2, 1]",936,0.0042851199978031,0.0708025334227067,,,,paper_benchmarks_ext
angle_sweep,ryy,22,2,9,7,tebd_swap,8,8,0.9222454792211944,0.1467799267622069,0,1,0.4220413212178104,0.6924796946326959,,0.2879278387483995,0.2879278387483985,8,"[1, 2, 4, 8, 8, 8, 8, 8, 8, 8, 4, 2, 1]",936,0.0032265670015476,0.6535923091024928,,,,paper_benchmarks_ext
angle_sweep,ryy,22,2,9,7,variational_mpo,8,8,0.9222454792211944,0.1467799267622069,0,1,0.0688782543132229,0.2647772691423887,,1.5543122344752196e-15,2.220446049250313e-16,8,"[1, 2, 4, 8, 8, 8, 8, 8, 8, 8, 4, 2, 1]",936,0.4602523900102824,0.0,1.0,0.0,best_init=zipup,paper_benchmarks_ext
angle_sweep,ryy,22,2,9,7,hybrid_tdvp,8,8,1.353671238968633,0.2154434690031882,0,1,0.1481998254715479,0.3926061357586821,,1.3322676295501878e-15,4.440892098500626e-16,8,"[1, 2, 4, 8, 8, 8, 8, 8, 8, 8, 4, 2, 1]",936,0.020879985007923,0.0234809864287199,,,,paper_benchmarks_ext
angle_sweep,ryy,22,2,9,7,mpo_zipup,8,8,1.353671238968633,0.2154434690031882,0,1,0.091967012297083,0.3068952619557423,,0.047092350905439,0.0470923509054376,8,"[1, 2, 4, 8, 8, 8, 8, 8, 8, 8, 4, 2, 1]",936,0.003773831995204,0.0954287257822907,,,,paper_benchmarks_ext
angle_sweep,ryy,22,2,9,7,tebd_swap,8,8,1.353671238968633,0.2154434690031882,0,1,0.4547848774665806,0.72334384907704,,0.3014162611830713,0.3014162611830703,8,"[1, 2, 4, 8, 8, 8, 8, 8, 8, 8, 4, 2, 1]",936,0.00269729597494,0.699525835306807,,,,paper_benchmarks_ext
angle_sweep,ryy,22,2,9,7,variational_mpo,8,8,1.353671238968633,0.2154434690031882,0,1,0.0919670122970824,0.3068952619557423,,1.887379141862766e-15,0.0,8,"[1, 2, 4, 8, 8, 8, 8, 8, 8, 8, 4, 2, 1]",936,0.5448623539996333,0.0,1.0,0.0,best_init=zipup,paper_benchmarks_ext
angle_sweep,ryy,22,2,9,7,hybrid_tdvp,8,8,1.5707963267948966,0.25,1,1,0.1785620225006791,0.4328229285153941,,1.3322676295501878e-15,4.440892098500626e-16,8,"[1, 2, 4, 8, 8, 8, 8, 8, 8, 8, 4, 2, 1]",936,0.0410619989852421,0.0300402661267011,,,,paper_benchmarks_ext
angle_sweep,ryy,22,2,9,7,mpo_zipup,8,8,1.5707963267948966,0.25,1,1,0.0935695411882452,0.3096242395987008,,0.0479335848735367,0.0479335848735356,8,"[1, 2, 4, 8, 8, 8, 8, 8, 8, 8, 4, 2, 1]",936,0.0072340639890171,0.0971602248343668,,,,paper_benchmarks_ext
angle_sweep,ryy,22,2,9,7,tebd_swap,8,8,1.5707963267948966,0.25,1,1,0.4494586131130207,0.7183526127233729,,0.3006949764809703,0.3006949764809687,8,"[1, 2, 4, 8, 8, 8, 8, 8, 8, 8, 4, 2, 1]",936,0.0053498729830607,0.7018790556108266,,,,paper_benchmarks_ext
angle_sweep,ryy,22,2,9,7,variational_mpo,8,8,1.5707963267948966,0.25,1,1,0.0935695411882452,0.3096242395987008,,1.1102230246251563e-15,4.440892098500626e-16,8,"[1, 2, 4, 8, 8, 8, 8, 8, 8, 8, 4, 2, 1]",936,0.5610321790445596,0.0,1.0,0.0,best_init=zipup,paper_benchmarks_ext
angle_sweep,ryy,22,2,9,7,hybrid_tdvp,8,8,1.9869176531592203,0.3162277660168379,0,1,0.2305618758613784,0.4956284458604845,,1.5543122344752196e-15,1.1102230246251563e-16,8,"[1, 2, 4, 8, 8, 8, 8, 8, 8, 8, 4, 2, 1]",936,0.0193454239633865,0.0431896134955795,,,,paper_benchmarks_ext
angle_sweep,ryy,22,2,9,7,mpo_zipup,8,8,1.9869176531592203,0.3162277660168379,0,1,0.0800705582027598,0.2859037497077116,,0.0408704770484681,0.0408704770484672,8,"[1, 2, 4, 8, 8, 8, 8, 8, 8, 8, 4, 2, 1]",936,0.0037881410098634,0.0826702079498012,,,,paper_benchmarks_ext
angle_sweep,ryy,22,2,9,7,tebd_swap,8,8,1.9869176531592203,0.3162277660168379,0,1,0.4228575850783459,0.6932547907677371,,0.2986759206736168,0.2986759206736156,8,"[1, 2, 4, 8, 8, 8, 8, 8, 8, 8, 4, 2, 1]",936,0.0027367080328986,0.6862834784140761,,,,paper_benchmarks_ext
angle_sweep,ryy,22,2,9,7,variational_mpo,8,8,1.9869176531592203,0.3162277660168379,0,1,0.0800705582027597,0.2859037497077117,,1.3322676295501878e-15,3.3306690738754696e-16,8,"[1, 2, 4, 8, 8, 8, 8, 8, 8, 8, 4, 2, 1]",936,0.446874026034493,0.0,1.0,0.0,best_init=zipup,paper_benchmarks_ext
angle_sweep,ryy,22,2,9,7,hybrid_tdvp,8,8,2.916396276132464,0.4641588833612777,0,1,0.2817762264364775,0.5523027437123667,,1.6653345369377348e-15,2.220446049250313e-16,8,"[1, 2, 4, 8, 8, 8, 8, 8, 8, 8, 4, 2, 1]",936,0.0242602999787777,0.0734658754933334,,,,paper_benchmarks_ext
angle_sweep,ryy,22,2,9,7,mpo_zipup,8,8,2.916396276132464,0.4641588833612777,0,1,0.0089123963549385,0.0945110736527602,,0.0044661715214977,0.0044661715214964,8,"[1, 2, 4, 8, 8, 8, 8, 8, 8, 8, 4, 2, 1]",936,0.0037285209982655,0.008943402823129,,,,paper_benchmarks_ext
angle_sweep,ryy,22,2,9,7,tebd_swap,8,8,2.916396276132464,0.4641588833612777,0,1,0.3449013689911757,0.6174437060024975,,0.2534138003632861,0.2534138003632853,8,"[1, 2, 4, 8, 8, 8, 8, 8, 8, 8, 4, 2, 1]",936,0.002626932982821,0.5657996949191256,,,,paper_benchmarks_ext
angle_sweep,ryy,22,2,9,7,variational_mpo,8,8,2.916396276132464,0.4641588833612777,0,1,0.0089123963549385,0.0945110736527601,,1.3322676295501878e-15,2.220446049250313e-16,8,"[1, 2, 4, 8, 8, 8, 8, 8, 8, 8, 4, 2, 1]",936,0.7477893379982561,0.0,1.0,0.0,best_init=zipup,paper_benchmarks_ext
angle_sweep,ryy,22,2,9,7,hybrid_tdvp,8,8,3.141592653589793,0.5,1,1,0.2739678586916391,0.5439205879907197,,1.5543122344752196e-15,0.0,8,"[1, 2, 4, 8, 8, 8, 8, 8, 8, 8, 4, 2, 1]",936,0.0253003260004334,0.0768987770297387,,,,paper_benchmarks_ext
angle_sweep,ryy,22,2,9,7,mpo_zipup,8,8,3.141592653589793,0.5,1,1,0.0,3.507314133088932e-15,,-2.4424906541753444e-15,3.774758283725532e-15,8,"[1, 2, 4, 8, 8, 8, 8, 8, 8, 8, 4, 2, 1]",936,0.0040581589564681,3.000935236715493e-32,,,,paper_benchmarks_ext
angle_sweep,ryy,22,2,9,7,tebd_swap,8,8,3.141592653589793,0.5,1,1,0.3395410833330913,0.6120682395506032,,0.2490606116092761,0.249060611609275,8,"[1, 2, 4, 8, 8, 8, 8, 8, 8, 8, 4, 2, 1]",936,0.0040527789969928,0.5524833011295543,,,,paper_benchmarks_ext
angle_sweep,ryy,22,2,9,7,variational_mpo,8,8,3.141592653589793,0.5,1,1,0.0,3.513532459690038e-15,,1.3322676295501878e-15,1.1102230246251563e-16,8,"[1, 2, 4, 8, 8, 8, 8, 8, 8, 8, 4, 2, 1]",936,0.5006561200134456,0.0,1.0,0.0,best_init=zipup,paper_benchmarks_ext
angle_sweep,ryy,22,2,9,7,hybrid_tdvp,8,8,4.280684318202959,0.6812920690579608,0,1,0.2543356879610861,0.5224584864564329,,6.661338147750939e-16,4.440892098500626e-16,8,"[1, 2, 4, 8, 8, 8, 8, 8, 8, 8, 4, 2, 1]",936,0.0226288029807619,0.096244191027761,,,,paper_benchmarks_ext
angle_sweep,ryy,22,2,9,7,mpo_zipup,8,8,4.280684318202959,0.6812920690579608,0,1,0.0833153874719353,0.2917653864634117,,0.0425635203690714,0.0425635203690696,8,"[1, 2, 4, 8, 8, 8, 8, 8, 8, 8, 4, 2, 1]",936,0.0036220319452695,0.0861461892490804,,,,paper_benchmarks_ext
angle_sweep,ryy,22,2,9,7,tebd_swap,8,8,4.280684318202959,0.6812920690579608,0,1,0.440885616037589,0.7102963943077807,,0.2986636885550598,0.2986636885550592,8,"[1, 2, 4, 8, 8, 8, 8, 8, 8, 8, 4, 2, 1]",936,0.0028236919897608,0.6778825168079368,,,,paper_benchmarks_ext
angle_sweep,ryy,22,2,9,7,variational_mpo,8,8,4.280684318202959,0.6812920690579608,0,1,0.0833153874719362,0.2917653864634118,,1.887379141862766e-15,2.220446049250313e-16,8,"[1, 2, 4, 8, 8, 8, 8, 8, 8, 8, 4, 2, 1]",936,0.4350653029978275,0.0,1.0,0.0,best_init=zipup,paper_benchmarks_ext
angle_sweep,ryy,22,2,9,7,hybrid_tdvp,8,8,6.283185307179586,1.0,1,1,0.2497082523146256,0.5173126172604124,,1.1102230246251563e-15,4.440892098500626e-16,8,"[1, 2, 4, 8, 8, 8, 8, 8, 8, 8, 4, 2, 1]",936,0.0315125079941935,0.088994714715124,,,,paper_benchmarks_ext
angle_sweep,ryy,22,2,9,7,mpo_zipup,8,8,6.283185307179586,1.0,1,1,0.0,3.3931562606046804e-15,,-1.3322676295501878e-15,2.886579864025407e-15,8,"[1, 2, 4, 8, 8, 8, 8, 8, 8, 8, 4, 2, 1]",936,0.0036759279901161,3.3895990389440686e-32,,,,paper_benchmarks_ext
angle_sweep,ryy,22,2,9,7,tebd_swap,8,8,6.283185307179586,1.0,1,1,0.3395410833330917,0.6120682395506031,,0.2490606116092775,0.2490606116092762,8,"[1, 2, 4, 8, 8, 8, 8, 8, 8, 8, 4, 2, 1]",936,0.0029182879952713,0.5524833011295542,,,,paper_benchmarks_ext
angle_sweep,ryy,22,2,9,7,variational_mpo,8,8,6.283185307179586,1.0,1,1,0.0,2.979610810053341e-16,,1.3322676295501878e-15,1.1102230246251563e-16,8,"[1, 2, 4, 8, 8, 8, 8, 8, 8, 8, 4, 2, 1]",936,0.0175732880015857,0.0,1.0,0.0,best_init=input,paper_benchmarks_ext
angle_sweep,ryy,33,2,9,7,hybrid_tdvp,8,8,0.0006283185307179,0.0001,0,1,6.987195899643694e-08,0.0002643330479222,,3.139691062692407e-09,3.1396913957593142e-09,8,"[1, 2, 4, 8, 8, 8, 8, 8, 8, 8, 4, 2, 1]",936,0.0124891400337219,6.279383382538714e-09,,,,paper_benchmarks_ext
angle_sweep,ryy,33,2,9,7,mpo_zipup,8,8,0.0006283185307179,0.0001,0,1,6.987201783825725e-08,0.0002643331585719,,3.4936013526554184e-08,3.493601330450957e-08,8,"[1, 2, 4, 8, 8, 8, 8, 8, 8, 8, 4, 2, 1]",936,0.0038223039591684,6.987201904121013e-08,,,,paper_benchmarks_ext
angle_sweep,ryy,33,2,9,7,tebd_swap,8,8,0.0006283185307179,0.0001,0,1,0.4538602278688318,0.7224780952709502,,0.2939088772513039,0.2939088772513042,8,"[1, 2, 4, 8, 8, 8, 8, 8, 8, 8, 4, 2, 1]",936,0.0027841849951073,0.7432696213216441,,,,paper_benchmarks_ext
angle_sweep,ryy,33,2,9,7,variational_mpo,8,8,0.0006283185307179,0.0001,0,1,6.987201839336876e-08,0.0002643331585719,,3.3306690738754696e-16,1.3322676295501878e-15,8,"[1, 2, 4, 8, 8, 8, 8, 8, 8, 8, 4, 2, 1]",936,0.3056841530487872,0.0,1.0,0.0,best_init=zipup,paper_benchmarks_ext
angle_sweep,ryy,33,2,9,7,hybrid_tdvp,8,8,0.0009222454792211,0.0001467799267622,0,1,1.505346720609424e-07,0.0003879879869463,,6.764225735089724e-09,6.764225624067421e-09,8,"[1, 2, 4, 8, 8, 8, 8, 8, 8, 8, 4, 2, 1]",936,0.0133530850289389,1.35284509638393e-08,,,,paper_benchmarks_ext
angle_sweep,ryy,33,2,9,7,mpo_zipup,8,8,0.0009222454792211,0.0001467799267622,0,1,1.5053494339944964e-07,0.0003879883369625,,7.526747503039388e-08,7.52674753634608e-08,8,"[1, 2, 4, 8, 8, 8, 8, 8, 8, 8, 4, 2, 1]",936,0.0037534100119955,1.5053495110713468e-07,,,,paper_benchmarks_ext
angle_sweep,ryy,33,2,9,7,tebd_swap,8,8,0.0009222454792211,0.0001467799267622,0,1,0.4538608852419813,0.7224787108804663,,0.2939103997064547,0.2939103997064548,8,"[1, 2, 4, 8, 8, 8, 8, 8, 8, 8, 4, 2, 1]",936,0.0029417959740385,0.7432725475232383,,,,paper_benchmarks_ext
angle_sweep,ryy,33,2,9,7,variational_mpo,8,8,0.0009222454792211,0.0001467799267622,0,1,1.5053494373251652e-07,0.0003879883369625,,-4.440892098500626e-16,0.0,8,"[1, 2, 4, 8, 8, 8, 8, 8, 8, 8, 4, 2, 1]",936,0.3211642340174876,0.0,1.0,0.0,best_init=zipup,paper_benchmarks_ext
angle_sweep,ryy,33,2,9,7,hybrid_tdvp,8,8,0.0013536712389686,0.0002154434690031,0,1,3.243174016009931e-07,0.0005694887431539,,1.457296983087275e-08,1.4572970385984265e-08,8,"[1, 2, 4, 8, 8, 8, 8, 8, 8, 8, 4, 2, 1]",936,0.0168439599801786,2.9145943104816823e-08,,,,paper_benchmarks_ext
angle_sweep,ryy,33,2,9,7,mpo_zipup,8,8,0.0013536712389686,0.0002154434690031,0,1,3.243186634804829e-07,0.0005694898505237,,1.621593432865609e-07,1.621593435086055e-07,8,"[1, 2, 4, 8, 8, 8, 8, 8, 8, 8, 4, 2, 1]",936,0.0048113930388353,3.243186967577907e-07,,,,paper_benchmarks_ext
angle_sweep,ryy,33,2,9,7,tebd_swap,8,8,0.0013536712389686,0.0002154434690031,0,1,0.4538618641852937,0.7224796276301569,,0.29391264306422,0.2939126430642202,8,"[1, 2, 4, 8, 8, 8, 8, 8, 8, 8, 4, 2, 1]",936,0.0041542929830029,0.7432768657482473,,,,paper_benchmarks_ext
angle_sweep,ryy,33,2,9,7,variational_mpo,8,8,0.0013536712389686,0.0002154434690031,0,1,3.24318663147416e-07,0.0005694898505237,,0.0,7.771561172376098e-16,8,"[1, 2, 4, 8, 8, 8, 8, 8, 8, 8, 4, 2, 1]",936,0.3129930649884045,0.0,1.0,0.0,best_init=zipup,paper_benchmarks_ext
angle_sweep,ryy,33,2,9,7,hybrid_tdvp,8,8,0.0019869176531592,0.0003162277660168,0,1,6.987213947429183e-07,0.0008358956380754,,3.1396167554653693e-08,3.1396167665676e-08,8,"[1, 2, 4, 8, 8, 8, 8, 8, 8, 8, 4, 2, 1]",936,0.0114537750487215,6.27923403962542e-08,,,,paper_benchmarks_ext
angle_sweep,ryy,33,2,9,7,mpo_zipup,8,8,0.0019869176531592,0.0003162277660168,0,1,6.987272531677746e-07,0.0008358991423496,,3.493636880902429e-07,3.493636885343321e-07,8,"[1, 2, 4, 8, 8, 8, 8, 8, 8, 8, 4, 2, 1]",936,0.0037998239859007,6.987274082522052e-07,,,,paper_benchmarks_ext
angle_sweep,ryy,33,2,9,7,tebd_swap,8,8,0.0019869176531592,0.0003162277660168,0,1,0.4538633313352802,0.7224810015694367,,0.2939159546012905,0.2939159546012908,8,"[1, 2, 4, 8, 8, 8, 8, 8, 8, 8, 4, 2, 1]",936,0.0028078589821234,0.7432832539183692,,,,paper_benchmarks_ext
angle_sweep,ryy,33,2,9,7,variational_mpo,8,8,0.0019869176531592,0.0003162277660168,0,1,6.987272532787969e-07,0.0008358991423496,,-4.440892098500626e-16,0.0,8,"[1, 2, 4, 8, 8, 8, 8, 8, 8, 8, 4, 2, 1]",936,0.3209368429961614,0.0,1.0,0.0,best_init=zipup,paper_benchmarks_ext
angle_sweep,ryy,33,2,9,7,hybrid_tdvp,8,8,0.0029163962761324,0.0004641588833612,0,1,1.505351197694793e-06,0.0012269277746552,,6.763992688174626e-08,6.763992732583547e-08,8,"[1, 2, 4, 8, 8, 8, 8, 8, 8, 8, 4, 2, 1]",936,0.0113591430126689,1.3527985117817613e-07,,,,paper_benchmarks_ext
angle_sweep,ryy,33,2,9,7,mpo_zipup,8,8,0.0029163962761324,0.0004641588833612,0,1,1.505378419697223e-06,0.0012269388678783,,7.526894895137914e-07,7.526894905129922e-07,8,"[1, 2, 4, 8, 8, 8, 8, 8, 8, 8, 4, 2, 1]",936,0.0033765249536372,1.5053791344150996e-06,,,,paper_benchmarks_ext
angle_sweep,ryy,33,2,9,7,tebd_swap,8,8,0.0029163962761324,0.0004641588833612,0,1,0.4538655499566391,0.722483079236288,,0.2939208556314348,0.293920855631435,8,"[1, 2, 4, 8, 8, 8, 8, 8, 8, 8, 4, 2, 1]",936,0.0026994859799742,0.7432927379727602,,,,paper_benchmarks_ext
angle_sweep,ryy,33,2,9,7,variational_mpo,8,8,0.0029163962761324,0.0004641588833612,0,1,1.5053784183649557e-06,0.0012269388678783,,-4.440892098500626e-16,6.661338147750939e-16,8,"[1, 2, 4, 8, 8, 8, 8, 8, 8, 8, 4, 2, 1]",936,0.3471640989882871,0.0,1.0,0.0,best_init=zipup,paper_benchmarks_ext
angle_sweep,ryy,33,2,9,7,hybrid_tdvp,8,8,0.0042806843182029,0.0006812920690579,0,1,3.243182433498859e-06,0.0018008845226,,1.457224969581006e-07,1.457224977352567e-07,8,"[1, 2, 4, 8, 8, 8, 8, 8, 8, 8, 4, 2, 1]",936,0.0155019919620826,2.9144499931704136e-07,,,,paper_benchmarks_ext
angle_sweep,ryy,33,2,9,7,mpo_zipup,8,8,0.0042806843182029,0.0006812920690579,0,1,3.243308987377347e-06,0.0018009196589756,,1.6216558056392216e-06,1.6216558061943331e-06,8,"[1, 2, 4, 8, 8, 8, 8, 8, 8, 8, 4, 2, 1]",936,0.0038272010278888,3.243312309562655e-06,,,,paper_benchmarks_ext
angle_sweep,ryy,33,2,9,7,tebd_swap,8,8,0.0042806843182029,0.0006812920690579,0,1,0.4538689466321229,0.7224862601091702,,0.2939281362722467,0.2939281362722471,8,"[1, 2, 4, 8, 8, 8, 8, 8, 8, 8, 4, 2, 1]",936,0.0033751459559425,0.7433068903768806,,,,paper_benchmarks_ext
angle_sweep,ryy,33,2,9,7,variational_mpo,8,8,0.0042806843182029,0.0006812920690579,0,1,3.2433089875993915e-06,0.0018009196589756,,-8.881784197001252e-16,4.440892098500626e-16,8,"[1, 2, 4, 8, 8, 8, 8, 8, 8, 8, 4, 2, 1]",936,0.3360856520012021,0.0,1.0,0.0,best_init=zipup,paper_benchmarks_ext
angle_sweep,ryy,33,2,9,7,hybrid_tdvp,8,8,0.0062831853071795,0.001,0,1,6.98721391689805e-06,0.0026433361728348,,3.139395474693885e-07,3.139395488016561e-07,8,"[1, 2, 4, 8, 8, 8, 8, 8, 8, 8, 4, 2, 1]",936,0.0117842960171401,6.27879167983072e-07,,,,paper_benchmarks_ext
angle_sweep,ryy,33,2,9,7,mpo_zipup,8,8,0.0062831853071795,0.001,0,1,6.987802794733433e-06,0.0026434475602396,,3.493907500096149e-06,3.493907499985127e-06,8,"[1, 2, 4, 8, 8, 8, 8, 8, 8, 8, 4, 2, 1]",936,0.0039910639752633,6.987818215826642e-06,,,,paper_benchmarks_ext
angle_sweep,ryy,33,2,9,7,tebd_swap,8,8,0.0062831853071795,0.001,0,1,0.4538742337957995,0.7224912113527756,,0.2939390099195664,0.2939390099195669,8,"[1, 2, 4, 8, 8, 8, 8, 8, 8, 8, 4, 2, 1]",936,0.0027634630096144,0.7433281628236406,,,,paper_benchmarks_ext
angle_sweep,ryy,33,2,9,7,variational_mpo,8,8,0.0062831853071795,0.001,0,1,6.987802796065701e-06,0.0026434475602396,,1.1102230246251563e-16,4.440892098500626e-16,8,"[1, 2, 4, 8, 8, 8, 8, 8, 8, 8, 4, 2, 1]",936,0.3262319000205025,0.0,1.0,0.0,best_init=zipup,paper_benchmarks_ext
angle_sweep,ryy,33,2,9,7,hybrid_tdvp,8,8,0.0092224547922119,0.001467799267622,0,1,1.5053388144781188e-05,0.0038798769048029,,-6.661338147750939e-16,8.881784197001252e-16,8,"[1, 2, 4, 8, 8, 8, 8, 8, 8, 8, 4, 2, 1]",936,0.0202535039861686,1.3526651999539616e-06,,,,paper_benchmarks_ext
angle_sweep,ryy,33,2,9,7,mpo_zipup,8,8,0.0092224547922119,0.001467799267622,0,1,1.505613223407032e-05,0.0038802305223591,,7.528094452147194e-06,7.528094452591283e-06,8,"[1, 2, 4, 8, 8, 8, 8, 8, 8, 8, 4, 2, 1]",936,0.0070667889667674,1.505620383639059e-05,,,,paper_benchmarks_ext
angle_sweep,ryy,33,2,9,7,tebd_swap,8,8,0.0092224547922119,0.001467799267622,0,1,0.4538826423302305,0.7224990856302455,,0.293955373026,0.2939553730260001,8,"[1, 2, 4, 8, 8, 8, 8, 8, 8, 8, 4, 2, 1]",936,0.0042982670129276,0.7433604638507463,,,,paper_benchmarks_ext
angle_sweep,ryy,33,2,9,7,variational_mpo,8,8,0.0092224547922119,0.001467799267622,0,1,1.505613223407032e-05,0.0038802305223591,,-2.220446049250313e-16,1.1102230246251563e-16,8,"[1, 2, 4, 8, 8, 8, 8, 8, 8, 8, 4, 2, 1]",936,0.3403072490473278,0.0,1.0,0.0,best_init=zipup,paper_benchmarks_ext
angle_sweep,ryy,33,2,9,7,hybrid_tdvp,8,8,0.0135367123896863,0.0021544346900318,0,1,3.2430858107668215e-05,0.0056948328379706,,0.0,0.0,8,"[1, 2, 4, 8, 8, 8, 8, 8, 8, 8, 4, 2, 1]",936,0.0122297609923407,2.914059428541596e-06,,,,paper_benchmarks_ext
angle_sweep,ryy,33,2,9,7,mpo_zipup,8,8,0.0135367123896863,0.0021544346900318,0,1,3.2443676032389845e-05,0.0056959581445947,,1.6221969595164865e-05,1.622196959549793e-05,8,"[1, 2, 4, 8, 8, 8, 8, 8, 8, 8, 4, 2, 1]",936,0.003584484977182,3.244400865578754e-05,,,,paper_benchmarks_ext
angle_sweep,ryy,33,2,9,7,tebd_swap,8,8,0.0135367123896863,0.0021544346900318,0,1,0.4538963754445482,0.7225119461231092,,0.2939802573113692,0.2939802573113699,8,"[1, 2, 4, 8, 8, 8, 8, 8, 8, 8, 4, 2, 1]",936,0.0026329160318709,0.7434101997593051,,,,paper_benchmarks_ext
angle_sweep,ryy,33,2,9,7,variational_mpo,8,8,0.0135367123896863,0.0021544346900318,0,1,3.2443676033167e-05,0.0056959581445947,,-6.661338147750939e-16,0.0,8,"[1, 2, 4, 8, 8, 8, 8, 8, 8, 8, 4, 2, 1]",936,0.5075597240356728,0.0,1.0,0.0,best_init=zipup,paper_benchmarks_ext
angle_sweep,ryy,33,2,9,7,hybrid_tdvp,8,8,0.0198691765315922,0.0031622776601683,0,1,6.986641301509611e-05,0.0083586861040839,,-4.440892098500626e-16,5.551115123125785e-16,8,"[1, 2, 4, 8, 8, 8, 8, 8, 8, 8, 4, 2, 1]",936,0.012023241026327,6.277703870843512e-06,,,,paper_benchmarks_ext
angle_sweep,ryy,33,2,9,7,mpo_zipup,8,8,0.0198691765315922,0.0031622776601683,0,1,6.99265390202708e-05,0.0083622820744787,,3.496388074708534e-05,3.496388074797352e-05,8,"[1, 2, 4, 8, 8, 8, 8, 8, 8, 8, 4, 2, 1]",936,0.0034060069592669,6.992808546608945e-05,,,,paper_benchmarks_ext
angle_sweep,ryy,33,2,9,7,tebd_swap,8,8,0.0198691765315922,0.0031622776601683,0,1,0.4539195133494237,0.7225336136608719,,0.2940186453736019,0.2940186453736019,8,"[1, 2, 4, 8, 8, 8, 8, 8, 8, 8, 4, 2, 1]",936,0.0029323229682631,0.7434882208412865,,,,paper_benchmarks_ext
angle_sweep,ryy,33,2,9,7,variational_mpo,8,8,0.0198691765315922,0.0031622776601683,0,1,6.99265390208259e-05,0.0083622820744787,,-6.661338147750939e-16,1.1102230246251563e-16,8,"[1, 2, 4, 8, 8, 8, 8, 8, 8, 8, 4, 2, 1]",936,0.5661516340333037,0.0,1.0,0.0,best_init=zipup,paper_benchmarks_ext
angle_sweep,ryy,33,2,9,7,hybrid_tdvp,8,8,0.0291639627613246,0.0046415888336127,0,1,0.0001505033507839,0.0122682115251046,,-4.440892098500626e-16,5.551115123125785e-16,8,"[1, 2, 4, 8, 8, 8, 8, 8, 8, 8, 4, 2, 1]",936,0.024139532004483,1.352391877517078e-05,,,,paper_benchmarks_ext
angle_sweep,ryy,33,2,9,7,mpo_zipup,8,8,0.0291639627613246,0.0046415888336127,0,1,0.0001507875381326,0.0122797891993908,,7.539661138922238e-05,7.539661138977749e-05,8,"[1, 2, 4, 8, 8, 8, 8, 8, 8, 8, 4, 2, 1]",936,0.004886171023827,0.0001507947403934,,,,paper_benchmarks_ext
angle_sweep,ryy,33,2,9,7,tebd_swap,8,8,0.0291639627613246,0.0046415888336127,0,1,0.4539598419015478,0.7225713789590715,,0.2940789919766978,0.2940789919766979,8,"[1, 2, 4, 8, 8, 8, 8, 8, 8, 8, 4, 2, 1]",936,0.0037434169789776,0.7436135868761041,,,,paper_benchmarks_ext
angle_sweep,ryy,33,2,9,7,variational_mpo,8,8,0.0291639627613246,0.0046415888336127,0,1,0.0001507875381319,0.0122797891993908,,-4.440892098500626e-16,1.1102230246251563e-16,8,"[1, 2, 4, 8, 8, 8, 8, 8, 8, 8, 4, 2, 1]",936,0.6214047400280833,0.0,1.0,0.0,best_init=zipup,paper_benchmarks_ext
angle_sweep,ryy,33,2,9,7,hybrid_tdvp,8,8,0.0428068431820296,0.0068129206905796,0,1,0.0003241541512555,0.0180050110939028,,-6.661338147750939e-16,2.220446049250313e-16,8,"[1, 2, 4, 8, 8, 8, 8, 8, 8, 8, 4, 2, 1]",936,0.014358258980792,2.9135392739907064e-05,,,,paper_benchmarks_ext
angle_sweep,ryy,33,2,9,7,mpo_zipup,8,8,0.0428068431820296,0.0068129206905796,0,1,0.0003255165244754,0.0180428107300116,,0.0001627715095208,0.0001627715095211,8,"[1, 2, 4, 8, 8, 8, 8, 8, 8, 8, 4, 2, 1]",936,0.0038782839546911,0.000325550195279,,,,paper_benchmarks_ext
angle_sweep,ryy,33,2,9,7,tebd_swap,8,8,0.0428068431820296,0.0068129206905796,0,1,0.4540325699531814,0.7226394830038693,,0.2941761449897536,0.2941761449897537,8,"[1, 2, 4, 8, 8, 8, 8, 8, 8, 8, 4, 2, 1]",936,0.0028460400062613,0.7438210757978153,,,,paper_benchmarks_ext
angle_sweep,ryy,33,2,9,7,variational_mpo,8,8,0.0428068431820296,0.0068129206905796,0,1,0.0003255165244755,0.0180428107300116,,-2.220446049250313e-16,4.440892098500626e-16,8,"[1, 2, 4, 8, 8, 8, 8, 8, 8, 8, 4, 2, 1]",936,0.4817772939568385,0.0,1.0,0.0,best_init=zipup,paper_benchmarks_ext
angle_sweep,ryy,33,2,9,7,hybrid_tdvp,8,8,0.0628318530717958,0.01,0,1,0.000697905199985,0.0264202008018947,,-6.661338147750939e-16,0.0,8,"[1, 2, 4, 8, 8, 8, 8, 8, 8, 8, 4, 2, 1]",936,0.015396085975226,6.277769827753219e-05,,,,paper_benchmarks_ext
angle_sweep,ryy,33,2,9,7,mpo_zipup,8,8,0.0628318530717958,0.01,0,1,0.0007046128667574,0.0265468836274199,,0.000352368515162,0.0003523685151622,8,"[1, 2, 4, 8, 8, 8, 8, 8, 8, 8, 4, 2, 1]",936,0.0038715560222044,0.0007047716626132,,,,paper_benchmarks_ext
angle_sweep,ryy,33,2,9,7,tebd_swap,8,8,0.0628318530717958,0.01,0,1,0.4541678432732463,0.7227661507205372,,0.2943370781497206,0.2943370781497211,8,"[1, 2, 4, 8, 8, 8, 8, 8, 8, 8, 4, 2, 1]",936,0.0033214300055988,0.7441765491259376,,,,paper_benchmarks_ext
angle_sweep,ryy,33,2,9,7,variational_mpo,8,8,0.0628318530717958,0.01,0,1,0.0007046128667563,0.0265468836274199,,-2.220446049250313e-16,4.440892098500626e-16,8,"[1, 2, 4, 8, 8, 8, 8, 8, 8, 8, 4, 2, 1]",936,0.4841749729821458,0.0,1.0,0.0,best_init=zipup,paper_benchmarks_ext
angle_sweep,ryy,33,2,9,7,hybrid_tdvp,8,8,0.0922245479221194,0.0146779926762206,0,1,0.0015013602299969,0.0387546664809787,,-6.661338147750939e-16,2.220446049250313e-16,8,"[1, 2, 4, 8, 8, 8, 8, 8, 8, 8, 4, 2, 1]",936,0.014985179004725,0.0001353287619441,,,,paper_benchmarks_ext
angle_sweep,ryy,33,2,9,7,mpo_zipup,8,8,0.0922245479221194,0.0146779926762206,0,1,0.0015359270720205,0.0391984348331397,,0.0007682586466833,0.0007682586466836,8,"[1, 2, 4, 8, 8, 8, 8, 8, 8, 8, 4, 2, 1]",936,0.0033941929577849,0.001536692072817,,,,paper_benchmarks_ext
angle_sweep,ryy,33,2,9,7,tebd_swap,8,8,0.0922245479221194,0.0146779926762206,0,1,0.4544255283399507,0.7230074248046197,,0.2946122733731996,0.2946122733732,8,"[1, 2, 4, 8, 8, 8, 8, 8, 8, 8, 4, 2, 1]",936,0.0026770489639602,0.7448090998697269,,,,paper_benchmarks_ext
angle_sweep,ryy,33,2,9,7,variational_mpo,8,8,0.0922245479221194,0.0146779926762206,0,1,0.0015359270720196,0.0391984348331397,,-2.220446049250313e-16,3.3306690738754696e-16,8,"[1, 2, 4, 8, 8, 8, 8, 8, 8, 8, 4, 2, 1]",936,0.5976961139822379,0.0,1.0,0.0,best_init=zipup,paper_benchmarks_ext
angle_sweep,ryy,33,2,9,7,hybrid_tdvp,8,8,0.1353671238968632,0.0215443469003188,0,1,0.0032238461749313,0.0568018368336983,,-6.661338147750939e-16,4.440892098500626e-16,8,"[1, 2, 4, 8, 8, 8, 8, 8, 8, 8, 4, 2, 1]",936,0.0166395530104637,0.0002921019369591,,,,paper_benchmarks_ext
angle_sweep,ryy,33,2,9,7,mpo_zipup,8,8,0.1353671238968632,0.0215443469003188,0,1,0.0034059521094037,0.0583854192948259,,0.0017044285931179,0.0017044285931183,8,"[1, 2, 4, 8, 8, 8, 8, 8, 8, 8, 4, 2, 1]",936,0.0041603490244597,0.0034098135793585,,,,paper_benchmarks_ext
angle_sweep,ryy,33,2,9,7,tebd_swap,8,8,0.1353671238968632,0.0215443469003188,0,1,0.4549219217539944,0.7234721385392762,,0.2950980416584106,0.2950980416584108,8,"[1, 2, 4, 8, 8, 8, 8, 8, 8, 8, 4, 2, 1]",936,0.0029569229809567,0.7459796209774384,,,,paper_benchmarks_ext
angle_sweep,ryy,33,2,9,7,variational_mpo,8,8,0.1353671238968632,0.0215443469003188,0,1,0.0034059521094039,0.0583854192948259,,-6.661338147750939e-16,2.220446049250313e-16,8,"[1, 2, 4, 8, 8, 8, 8, 8, 8, 8, 4, 2, 1]",936,0.5443883360130712,0.0,1.0,0.0,best_init=zipup,paper_benchmarks_ext
angle_sweep,ryy,33,2,9,7,hybrid_tdvp,8,8,0.198691765315922,0.0316227766016837,0,1,0.0068930953286953,0.0830964207243992,,-4.440892098500626e-16,2.220446049250313e-16,8,"[1, 2, 4, 8, 8, 8, 8, 8, 8, 8, 4, 2, 1]",936,0.0140968819614499,0.0006327304751296,,,,paper_benchmarks_ext
angle_sweep,ryy,33,2,9,7,mpo_zipup,8,8,0.198691765315922,0.0316227766016837,0,1,0.0076551985146804,0.087577995962465,,0.0038349526884013,0.0038349526884017,8,"[1, 2, 4, 8, 8, 8, 8, 8, 8, 8, 4, 2, 1]",936,0.0038874159799888,0.0076753387370568,,,,paper_benchmarks_ext
angle_sweep,ryy,33,2,9,7,tebd_swap,8,8,0.198691765315922,0.0316227766016837,0,1,0.4558668739786068,0.7243565445065636,,0.295973401115989,0.2959734011159889,8,"[1, 2, 4, 8, 8, 8, 8, 8, 8, 8, 4, 2, 1]",936,0.0024883990408852,0.74822827293293,,,,paper_benchmarks_ext
angle_sweep,ryy,33,2,9,7,variational_mpo,8,8,0.198691765315922,0.0316227766016837,0,1,0.0076551985146784,0.087577995962465,,0.0,0.0,8,"[1, 2, 4, 8, 8, 8, 8, 8, 8, 8, 4, 2, 1]",936,0.4732349219848402,0.0,1.0,0.0,best_init=zipup,paper_benchmarks_ext
angle_sweep,ryy,33,2,9,7,hybrid_tdvp,8,8,0.2916396276132463,0.0464158883361277,0,1,0.0145820036621016,0.1209774917858757,,-4.440892098500626e-16,1.1102230246251563e-16,8,"[1, 2, 4, 8, 8, 8, 8, 8, 8, 8, 4, 2, 1]",936,0.0305981009732931,0.0013838493422955,,,,paper_benchmarks_ext
angle_sweep,ryy,33,2,9,7,mpo_zipup,8,8,0.2916396276132463,0.0464158883361277,0,1,0.0154699653458523,0.1246204742810624,,0.0077651313050195,0.0077651313050194,8,"[1, 2, 4, 8, 8, 8, 8, 8, 8, 8, 4, 2, 1]",936,0.008044685004279,0.0155552868008241,,,,paper_benchmarks_ext
angle_sweep,ryy,33,2,9,7,tebd_swap,8,8,0.2916396276132463,0.0464158883361277,0,1,0.4579686475078564,0.7263225375304873,,0.2974070542612445,0.2974070542612449,8,"[1, 2, 4, 8, 8, 8, 8, 8, 8, 8, 4, 2, 1]",936,0.0054867379949428,0.7525422259049448,,,,paper_benchmarks_ext
angle_sweep,ryy,33,2,9,7,variational_mpo,8,8,0.2916396276132463,0.0464158883361277,0,1,0.0154699653458528,0.1246204742810624,,1.1102230246251563e-16,6.661338147750939e-16,8,"[1, 2, 4, 8, 8, 8, 8, 8, 8, 8, 4, 2, 1]",936,0.5123468969832174,0.0,1.0,0.0,best_init=zipup,paper_benchmarks_ext
angle_sweep,ryy,33,2,9,7,hybrid_tdvp,8,8,0.4280684318202959,0.068129206905796,0,1,0.0299161976388931,0.1736184122508518,,-2.220446049250313e-16,1.1102230246251563e-16,8,"[1, 2, 4, 8, 8, 8, 8, 8, 8, 8, 4, 2, 1]",936,0.016079336986877,0.0030897583412048,,,,paper_benchmarks_ext
angle_sweep,ryy,33,2,9,7,mpo_zipup,8,8,0.4280684318202959,0.068129206905796,0,1,0.0275501429714029,0.166560965761064,,0.0138712776576285,0.0138712776576288,8,"[1, 2, 4, 8, 8, 8, 8, 8, 8, 8, 4, 2, 1]",936,0.0037441169843077,0.0278299804915649,,,,paper_benchmarks_ext
angle_sweep,ryy,33,2,9,7,tebd_swap,8,8,0.4280684318202959,0.068129206905796,0,1,0.4633988253532219,0.7313950168738566,,0.2992800107827089,0.299280010782709,8,"[1, 2, 4, 8, 8, 8, 8, 8, 8, 8, 4, 2, 1]",936,0.003034949011635,0.7585921259293519,,,,paper_benchmarks_ext
angle_sweep,ryy,33,2,9,7,variational_mpo,8,8,0.4280684318202959,0.068129206905796,0,1,0.0275501429714031,0.166560965761064,,-2.220446049250313e-16,0.0,8,"[1, 2, 4, 8, 8, 8, 8, 8, 8, 8, 4, 2, 1]",936,0.4613641659962013,0.0,1.0,0.0,best_init=zipup,paper_benchmarks_ext
angle_sweep,ryy,33,2,9,7,hybrid_tdvp,8,8,0.6283185307179586,0.1,0,1,0.0566948579027281,0.2398375587640596,,-8.881784197001252e-16,6.661338147750939e-16,8,"[1, 2, 4, 8, 8, 8, 8, 8, 8, 8, 4, 2, 1]",936,0.0190751439658924,0.0069305754256434,,,,paper_benchmarks_ext
angle_sweep,ryy,33,2,9,7,mpo_zipup,8,8,0.6283185307179586,0.1,0,1,0.0447090857702854,0.2126506636739076,,0.0226101523804764,0.0226101523804767,8,"[1, 2, 4, 8, 8, 8, 8, 8, 8, 8, 4, 2, 1]",936,0.0042190949898213,0.0454621130761175,,,,paper_benchmarks_ext
angle_sweep,ryy,33,2,9,7,tebd_swap,8,8,0.6283185307179586,0.1,0,1,0.4671888835974078,0.7349297676854063,,0.3013846391097338,0.301384639109734,8,"[1, 2, 4, 8, 8, 8, 8, 8, 8, 8, 4, 2, 1]",936,0.0031787409679964,0.7644441225775004,,,,paper_benchmarks_ext
angle_sweep,ryy,33,2,9,7,variational_mpo,8,8,0.6283185307179586,0.1,0,1,0.0447090857702854,0.2126506636739077,,-4.440892098500626e-16,4.440892098500626e-16,8,"[1, 2, 4, 8, 8, 8, 8, 8, 8, 8, 4, 2, 1]",936,0.5026559460093267,0.0,1.0,0.0,best_init=zipup,paper_benchmarks_ext
angle_sweep,ryy,33,2,9,7,hybrid_tdvp,8,8,0.9222454792211944,0.1467799267622069,0,1,0.0967373141728431,0.3149560959172539,,-4.440892098500626e-16,8.881784197001252e-16,8,"[1, 2, 4, 8, 8, 8, 8, 8, 8, 8, 4, 2, 1]",936,0.0173483900143764,0.0141016084736747,,,,paper_benchmarks_ext
angle_sweep,ryy,33,2,9,7,mpo_zipup,8,8,0.9222454792211944,0.1467799267622069,0,1,0.0655706534896013,0.2582291332948617,,0.0333411426411063,0.0333411426411072,8,"[1, 2, 4, 8, 8, 8, 8, 8, 8, 8, 4, 2, 1]",936,0.0032984649878926,0.0672371665719738,,,,paper_benchmarks_ext
angle_sweep,ryy,33,2,9,7,tebd_swap,8,8,0.9222454792211944,0.1467799267622069,0,1,0.4749721534763782,0.7421751100898362,,0.3053516356273866,0.3053516356273864,8,"[1, 2, 4, 8, 8, 8, 8, 8, 8, 8, 4, 2, 1]",936,0.0023508400190621,0.7729243432734811,,,,paper_benchmarks_ext
angle_sweep,ryy,33,2,9,7,variational_mpo,8,8,0.9222454792211944,0.1467799267622069,0,1,0.0655706534896005,0.2582291332948617,,-4.440892098500626e-16,0.0,8,"[1, 2, 4, 8, 8, 8, 8, 8, 8, 8, 4, 2, 1]",936,0.4571018530405126,0.0,1.0,0.0,best_init=zipup,paper_benchmarks_ext
angle_sweep,ryy,33,2,9,7,hybrid_tdvp,8,8,1.353671238968633,0.2154434690031882,0,1,0.1507599380617973,0.3961256889112003,,1.1102230246251563e-16,3.3306690738754696e-16,8,"[1, 2, 4, 8, 8, 8, 8, 8, 8, 8, 4, 2, 1]",936,0.0190291089820675,0.0260785745273675,,,,paper_benchmarks_ext
angle_sweep,ryy,33,2,9,7,mpo_zipup,8,8,1.353671238968633,0.2154434690031882,0,1,0.0847190735363198,0.2942680586436533,,0.0432968451689546,0.0432968451689543,8,"[1, 2, 4, 8, 8, 8, 8, 8, 8, 8, 4, 2, 1]",936,0.0038680349825881,0.0875174496762577,,,,paper_benchmarks_ext
angle_sweep,ryy,33,2,9,7,tebd_swap,8,8,1.353671238968633,0.2154434690031882,0,1,0.4854834116475995,0.751933352377272,,0.3105135530480697,0.3105135530480699,8,"[1, 2, 4, 8, 8, 8, 8, 8, 8, 8, 4, 2, 1]",936,0.0030511560034938,0.7827005128745758,,,,paper_benchmarks_ext
angle_sweep,ryy,33,2,9,7,variational_mpo,8,8,1.353671238968633,0.2154434690031882,0,1,0.0847190735363204,0.2942680586436533,,3.3306690738754696e-16,4.440892098500626e-16,8,"[1, 2, 4, 8, 8, 8, 8, 8, 8, 8, 4, 2, 1]",936,0.4646123250131495,0.0,1.0,0.0,best_init=zipup,paper_benchmarks_ext
angle_sweep,ryy,33,2,9,7,hybrid_tdvp,8,8,1.5707963267948966,0.25,1,1,0.1695393249884308,0.4211979318538031,,-6.661338147750939e-16,3.3306690738754696e-16,8,"[1, 2, 4, 8, 8, 8, 8, 8, 8, 8, 4, 2, 1]",936,0.040875043021515,0.0332217528653222,,,,paper_benchmarks_ext
angle_sweep,ryy,33,2,9,7,mpo_zipup,8,8,1.5707963267948966,0.25,1,1,0.0883389164768344,0.3006344996741691,,0.0451905511971681,0.0451905511971686,8,"[1, 2, 4, 8, 8, 8, 8, 8, 8, 8, 4, 2, 1]",936,0.0076268200064077,0.0913837107501132,,,,paper_benchmarks_ext
angle_sweep,ryy,33,2,9,7,tebd_swap,8,8,1.5707963267948966,0.25,1,1,0.4864174318641286,0.7527991064203831,,0.3108803148501724,0.3108803148501728,8,"[1, 2, 4, 8, 8, 8, 8, 8, 8, 8, 4, 2, 1]",936,0.0054628630168735,0.7837649253490291,,,,paper_benchmarks_ext
angle_sweep,ryy,33,2,9,7,variational_mpo,8,8,1.5707963267948966,0.25,1,1,0.0883389164768343,0.3006344996741692,,-6.661338147750939e-16,1.1102230246251563e-16,8,"[1, 2, 4, 8, 8, 8, 8, 8, 8, 8, 4, 2, 1]",936,0.8337250070180744,0.0,1.0,0.0,best_init=zipup,paper_benchmarks_ext
angle_sweep,ryy,33,2,9,7,hybrid_tdvp,8,8,1.9869176531592203,0.3162277660168379,0,1,0.1969797335715276,0.4558201822812609,,-2.220446049250313e-16,0.0,8,"[1, 2, 4, 8, 8, 8, 8, 8, 8, 8, 4, 2, 1]",936,0.0197273480007424,0.047647669275305,,,,paper_benchmarks_ext
angle_sweep,ryy,33,2,9,7,mpo_zipup,8,8,1.9869176531592203,0.3162277660168379,0,1,0.0792082101222969,0.284327399666103,,0.0404210351004424,0.0404210351004429,8,"[1, 2, 4, 8, 8, 8, 8, 8, 8, 8, 4, 2, 1]",936,0.0033034580410458,0.081652550802842,,,,paper_benchmarks_ext
angle_sweep,ryy,33,2,9,7,tebd_swap,8,8,1.9869176531592203,0.3162277660168379,0,1,0.4829242877725683,0.7495601808543823,,0.3073989300473537,0.3073989300473539,8,"[1, 2, 4, 8, 8, 8, 8, 8, 8, 8, 4, 2, 1]",936,0.0026486180140636,0.7790427813367269,,,,paper_benchmarks_ext
angle_sweep,ryy,33,2,9,7,variational_mpo,8,8,1.9869176531592203,0.3162277660168379,0,1,0.0792082101222967,0.2843273996661029,,-2.220446049250313e-16,0.0,8,"[1, 2, 4, 8, 8, 8, 8, 8, 8, 8, 4, 2, 1]",936,0.8450550000416115,0.0,1.0,0.0,best_init=zipup,paper_benchmarks_ext
angle_sweep,ryy,33,2,9,7,hybrid_tdvp,8,8,2.916396276132464,0.4641588833612777,0,1,0.2002954248602557,0.4598651362449793,,-1.5543122344752196e-15,6.661338147750939e-16,8,"[1, 2, 4, 8, 8, 8, 8, 8, 8, 8, 4, 2, 1]",936,0.0509889670065604,0.0748707459408841,,,,paper_benchmarks_ext
angle_sweep,ryy,33,2,9,7,mpo_zipup,8,8,2.916396276132464,0.4641588833612777,0,1,0.0107272302156518,0.1037118793942109,,0.005378076963739,0.005378076963739,8,"[1, 2, 4, 8, 8, 8, 8, 8, 8, 8, 4, 2, 1]",936,0.0076696350006386,0.0107676436309039,,,,paper_benchmarks_ext
angle_sweep,ryy,33,2,9,7,tebd_swap,8,8,2.916396276132464,0.4641588833612777,0,1,0.4557508021802184,0.7242479266694503,,0.2941711717826425,0.2941711717826427,8,"[1, 2, 4, 8, 8, 8, 8, 8, 8, 8, 4, 2, 1]",936,0.0056853289715945,0.7446627970737704,,,,paper_benchmarks_ext
angle_sweep,ryy,33,2,9,7,variational_mpo,8,8,2.916396276132464,0.4641588833612777,0,1,0.0107272302156514,0.103711879394211,,0.0,3.3306690738754696e-16,8,"[1, 2, 4, 8, 8, 8, 8, 8, 8, 8, 4, 2, 1]",936,1.4097124940017238,0.0,1.0,0.0,best_init=zipup,paper_benchmarks_ext
angle_sweep,ryy,33,2,9,7,hybrid_tdvp,8,8,3.141592653589793,0.5,1,1,0.1923312912996752,0.450102421877705,,-4.440892098500626e-16,3.3306690738754696e-16,8,"[1, 2, 4, 8, 8, 8, 8, 8, 8, 8, 4, 2, 1]",936,0.0497508859843947,0.0794399831127267,,,,paper_benchmarks_ext
angle_sweep,ryy,33,2,9,7,mpo_zipup,8,8,3.141592653589793,0.5,1,1,0.0,3.028147536308396e-15,,-2.4424906541753444e-15,2.4424906541753444e-15,8,"[1, 2, 4, 8, 8, 8, 8, 8, 8, 8, 4, 2, 1]",936,0.0070554839912801,2.913918552619815e-32,,,,paper_benchmarks_ext
angle_sweep,ryy,33,2,9,7,tebd_swap,8,8,3.141592653589793,0.5,1,1,0.4538588486548391,0.7224768036794266,,0.2939056388576018,0.293905638857602,8,"[1, 2, 4, 8, 8, 8, 8, 8, 8, 8, 4, 2, 1]",936,0.0056339640286751,0.7432634089259555,,,,paper_benchmarks_ext
angle_sweep,ryy,33,2,9,7,variational_mpo,8,8,3.141592653589793,0.5,1,1,0.0,3.0471541395504813e-15,,0.0,2.220446049250313e-16,8,"[1, 2, 4, 8, 8, 8, 8, 8, 8, 8, 4, 2, 1]",936,0.8220158010371961,0.0,1.0,0.0,best_init=zipup,paper_benchmarks_ext
angle_sweep,ryy,33,2,9,7,hybrid_tdvp,8,8,4.280684318202959,0.6812920690579608,0,1,0.1541283565066014,0.4007173445259688,,-2.220446049250313e-16,9.992007221626409e-16,8,"[1, 2, 4, 8, 8, 8, 8, 8, 8, 8, 4, 2, 1]",936,0.0571221379796043,0.0907832282612366,,,,paper_benchmarks_ext
angle_sweep,ryy,33,2,9,7,mpo_zipup,8,8,4.280684318202959,0.6812920690579608,0,1,0.0764623342658977,0.2792537519948646,,0.0389913290016056,0.0389913290016066,8,"[1, 2, 4, 8, 8, 8, 8, 8, 8, 8, 4, 2, 1]",936,0.0077923209755681,0.0787369869020435,,,,paper_benchmarks_ext
angle_sweep,ryy,33,2,9,7,tebd_swap,8,8,4.280684318202959,0.6812920690579608,0,1,0.4809527220010932,0.7477307558391927,,0.3083177459962789,0.3083177459962793,8,"[1, 2, 4, 8, 8, 8, 8, 8, 8, 8, 4, 2, 1]",936,0.005487831949722,0.7786660904708296,,,,paper_benchmarks_ext
angle_sweep,ryy,33,2,9,7,variational_mpo,8,8,4.280684318202959,0.6812920690579608,0,1,0.0764623342658969,0.2792537519948644,,-6.661338147750939e-16,4.440892098500626e-16,8,"[1, 2, 4, 8, 8, 8, 8, 8, 8, 8, 4, 2, 1]",936,1.1107150930329226,0.0,1.0,0.0,best_init=zipup,paper_benchmarks_ext
angle_sweep,ryy,33,2,9,7,hybrid_tdvp,8,8,6.283185307179586,1.0,1,1,0.1689997470352123,0.4204945831870836,,-8.881784197001252e-16,2.220446049250313e-16,8,"[1, 2, 4, 8, 8, 8, 8, 8, 8, 8, 4, 2, 1]",936,0.0625455090194009,0.0924822806536848,,,,paper_benchmarks_ext
angle_sweep,ryy,33,2,9,7,mpo_zipup,8,8,6.283185307179586,1.0,1,1,2.220446049250313e-16,3.399212391494977e-15,,-4.440892098500626e-16,4.440892098500626e-16,8,"[1, 2, 4, 8, 8, 8, 8, 8, 8, 8, 4, 2, 1]",936,0.0071442450280301,3.3213975620466904e-32,,,,paper_benchmarks_ext
angle_sweep,ryy,33,2,9,7,tebd_swap,8,8,6.283185307179586,1.0,1,1,0.4538588486548395,0.7224768036794268,,0.2939056388576027,0.2939056388576028,8,"[1, 2, 4, 8, 8, 8, 8, 8, 8, 8, 4, 2, 1]",936,0.0053540160297416,0.7432634089259555,,,,paper_benchmarks_ext
angle_sweep,ryy,33,2,9,7,variational_mpo,8,8,6.283185307179586,1.0,1,1,1.1102230246251563e-16,1.5975507162856876e-16,,-2.220446049250313e-16,0.0,8,"[1, 2, 4, 8, 8, 8, 8, 8, 8, 8, 4, 2, 1]",936,0.0189903659629635,0.0,1.0,0.0,best_init=input,paper_benchmarks_ext
angle_sweep,rzz,22,2,9,7,hybrid_tdvp,8,8,0.0006283185307179,0.0001,0,1,7.84155886890403e-08,0.0002800278382908,,3.0690294750002063e-09,3.0690279206879723e-09,8,"[1, 2, 4, 8, 8, 8, 8, 8, 8, 8, 4, 2, 1]",936,0.012388939037919,6.138070257782626e-09,,,,paper_benchmarks_ext
angle_sweep,rzz,22,2,9,7,mpo_zipup,8,8,0.0006283185307179,0.0001,0,1,7.84159445155197e-08,0.0002800284746817,,3.9207974977806266e-08,3.920797331247172e-08,8,"[1, 2, 4, 8, 8, 8, 8, 8, 8, 8, 4, 2, 1]",936,0.0045014779898338,7.841594736187427e-08,,,,paper_benchmarks_ext
angle_sweep,rzz,22,2,9,7,tebd_swap,8,8,0.0006283185307179,0.0001,0,1,0.3395433345396418,0.6120705024339533,,0.2490638889459959,0.2490638889459951,8,"[1, 2, 4, 8, 8, 8, 8, 8, 8, 8, 4, 2, 1]",936,0.0032579650287516,0.5524906273960479,,,,paper_benchmarks_ext
angle_sweep,rzz,22,2,9,7,variational_mpo,8,8,0.0006283185307179,0.0001,0,1,7.84159448485866e-08,0.0002800284746817,,1.6653345369377348e-15,2.220446049250313e-16,8,"[1, 2, 4, 8, 8, 8, 8, 8, 8, 8, 4, 2, 1]",936,0.3113057000446133,0.0,1.0,0.0,best_init=zipup,paper_benchmarks_ext
angle_sweep,rzz,22,2,9,7,hybrid_tdvp,8,8,0.0009222454792211,0.0001467799267622,0,1,1.6894034737813257e-07,0.0004110235473297,,6.612143721440589e-09,6.612142389172959e-09,8,"[1, 2, 4, 8, 8, 8, 8, 8, 8, 8, 4, 2, 1]",936,0.0116518710274249,1.3224285036042722e-08,,,,paper_benchmarks_ext
angle_sweep,rzz,22,2,9,7,mpo_zipup,8,8,0.0009222454792211,0.0001467799267622,0,1,1.689420034978184e-07,0.0004110255602509,,8.44710061898013e-08,8.447100430242217e-08,8,"[1, 2, 4, 8, 8, 8, 8, 8, 8, 8, 4, 2, 1]",936,0.0038402319769375,1.6894201456499448e-07,,,,paper_benchmarks_ext
angle_sweep,rzz,22,2,9,7,tebd_swap,8,8,0.0009222454792211,0.0001467799267622,0,1,0.3395444204240011,0.6120715939490823,,0.249065442654597,0.2490654426545961,8,"[1, 2, 4, 8, 8, 8, 8, 8, 8, 8, 4, 2, 1]",936,0.0026456039631739,0.5524941037350745,,,,paper_benchmarks_ext
angle_sweep,rzz,22,2,9,7,variational_mpo,8,8,0.0009222454792211,0.0001467799267622,0,1,1.68942003719863e-07,0.0004110255602509,,1.887379141862766e-15,2.220446049250313e-16,8,"[1, 2, 4, 8, 8, 8, 8, 8, 8, 8, 4, 2, 1]",936,0.321444098954089,0.0,1.0,0.0,best_init=zipup,paper_benchmarks_ext
angle_sweep,rzz,22,2,9,7,hybrid_tdvp,8,8,0.0013536712389686,0.0002154434690031,0,1,3.639680192790706e-07,0.0006032976480446,,1.4245770119103442e-08,1.4245768231724298e-08,8,"[1, 2, 4, 8, 8, 8, 8, 8, 8, 8, 4, 2, 1]",936,0.0110618579783476,2.849154007840068e-08,,,,paper_benchmarks_ext
angle_sweep,rzz,22,2,9,7,mpo_zipup,8,8,0.0013536712389686,0.0002154434690031,0,1,3.639757032436464e-07,0.0006033040158952,,1.819878686637466e-07,1.819878671094344e-07,8,"[1, 2, 4, 8, 8, 8, 8, 8, 8, 8, 4, 2, 1]",936,0.0035716900019906,3.6397575131001443e-07,,,,paper_benchmarks_ext
angle_sweep,rzz,22,2,9,7,tebd_swap,8,8,0.0013536712389686,0.0002154434690031,0,1,0.3395460520970725,0.6120732340810955,,0.2490677469500971,0.2490677469500959,8,"[1, 2, 4, 8, 8, 8, 8, 8, 8, 8, 4, 2, 1]",936,0.002462609030772,0.5524992630277822,,,,paper_benchmarks_ext
angle_sweep,rzz,22,2,9,7,variational_mpo,8,8,0.0013536712389686,0.0002154434690031,0,1,3.639757026885349e-07,0.0006033040158952,,1.5543122344752196e-15,0.0,8,"[1, 2, 4, 8, 8, 8, 8, 8, 8, 8, 4, 2, 1]",936,0.298452251998242,0.0,1.0,0.0,best_init=zipup,paper_benchmarks_ext
angle_sweep,rzz,22,2,9,7,hybrid_tdvp,8,8,0.0019869176531592,0.0003162277660168,0,1,7.841358924398634e-07,0.0008855145659773,,3.0692673846921537e-08,3.0692672514653914e-08,8,"[1, 2, 4, 8, 8, 8, 8, 8, 8, 8, 4, 2, 1]",936,0.0129662419785745,6.138534748386e-08,,,,paper_benchmarks_ext
angle_sweep,rzz,22,2,9,7,mpo_zipup,8,8,0.0019869176531592,0.0003162277660168,0,1,7.841715790046777e-07,0.0008855347157118,,3.9208586521954913e-07,3.92085864442393e-07,8,"[1, 2, 4, 8, 8, 8, 8, 8, 8, 8, 4, 2, 1]",936,0.0045737400068901,7.841718056800325e-07,,,,paper_benchmarks_ext
angle_sweep,rzz,22,2,9,7,tebd_swap,8,8,0.0019869176531592,0.0003162277660168,0,1,0.3395485284882367,0.6120757233058753,,0.2490711804180364,0.2490711804180356,8,"[1, 2, 4, 8, 8, 8, 8, 8, 8, 8, 4, 2, 1]",936,0.0034269890165887,0.5525069580930055,,,,paper_benchmarks_ext
angle_sweep,rzz,22,2,9,7,variational_mpo,8,8,0.0019869176531592,0.0003162277660168,0,1,7.841715791157e-07,0.0008855347157118,,8.881784197001252e-16,2.220446049250313e-16,8,"[1, 2, 4, 8, 8, 8, 8, 8, 8, 8, 4, 2, 1]",936,0.3011318409699015,0.0,1.0,0.0,best_init=zipup,paper_benchmarks_ext
angle_sweep,rzz,22,2,9,7,hybrid_tdvp,8,8,0.0029163962761324,0.0004641588833612,0,1,1.689338960608744e-06,0.0012997460035548,,6.612888259205364e-08,6.612888203694213e-08,8,"[1, 2, 4, 8, 8, 8, 8, 8, 8, 8, 4, 2, 1]",936,0.0116406540037132,1.3225776968569265e-07,,,,paper_benchmarks_ext
angle_sweep,rzz,22,2,9,7,mpo_zipup,8,8,0.0029163962761324,0.0004641588833612,0,1,1.6895047822984566e-06,0.0012998097924732,,8.447527484189976e-07,8.447527471977523e-07,8,"[1, 2, 4, 8, 8, 8, 8, 8, 8, 8, 4, 2, 1]",936,0.0033681910135783,1.6895058352771369e-06,,,,paper_benchmarks_ext
angle_sweep,rzz,22,2,9,7,tebd_swap,8,8,0.0029163962761324,0.0004641588833612,0,1,0.3395523386195979,0.6120795531721522,,0.2490763305110488,0.249076330511048,8,"[1, 2, 4, 8, 8, 8, 8, 8, 8, 8, 4, 2, 1]",936,0.0024783849949017,0.5525185164609068,,,,paper_benchmarks_ext
angle_sweep,rzz,22,2,9,7,variational_mpo,8,8,0.0029163962761324,0.0004641588833612,0,1,1.6895047822984566e-06,0.0012998097924732,,1.3322676295501878e-15,6.661338147750939e-16,8,"[1, 2, 4, 8, 8, 8, 8, 8, 8, 8, 4, 2, 1]",936,0.3056157730170525,0.0,1.0,0.0,best_init=zipup,paper_benchmarks_ext
angle_sweep,rzz,22,2,9,7,hybrid_tdvp,8,8,0.0042806843182029,0.0006812920690579,0,1,3.63947005432852e-06,0.001907740381874,,1.4248181789966452e-07,1.424818159012631e-07,8,"[1, 2, 4, 8, 8, 8, 8, 8, 8, 8, 4, 2, 1]",936,0.0101642709923908,2.849636524333758e-07,,,,paper_benchmarks_ext
angle_sweep,rzz,22,2,9,7,mpo_zipup,8,8,0.0042806843182029,0.0006812920690579,0,1,3.6402412501024273e-06,0.0019079424947692,,1.8201222827807229e-06,1.8201222814484552e-06,8,"[1, 2, 4, 8, 8, 8, 8, 8, 8, 8, 4, 2, 1]",936,0.0032398049952462,3.640246135910383e-06,,,,paper_benchmarks_ext
angle_sweep,rzz,22,2,9,7,tebd_swap,8,8,0.0042806843182029,0.0006812920690579,0,1,0.3395583083532505,0.612085553800599,,0.2490841280655821,0.2490841280655806,8,"[1, 2, 4, 8, 8, 8, 8, 8, 8, 8, 4, 2, 1]",936,0.0025609569856896,0.5525360501468602,,,,paper_benchmarks_ext
angle_sweep,rzz,22,2,9,7,variational_mpo,8,8,0.0042806843182029,0.0006812920690579,0,1,3.64024125165674e-06,0.0019079424947692,,1.3322676295501878e-15,6.661338147750939e-16,8,"[1, 2, 4, 8, 8, 8, 8, 8, 8, 8, 4, 2, 1]",936,0.301291112031322,0.0,1.0,0.0,best_init=zipup,paper_benchmarks_ext
angle_sweep,rzz,22,2,9,7,hybrid_tdvp,8,8,0.0062831853071795,0.001,0,1,7.840666248704053e-06,0.0028001217147909,,3.070054852560844e-07,3.0700548370177216e-07,8,"[1, 2, 4, 8, 8, 8, 8, 8, 8, 8, 4, 2, 1]",936,0.0143432170152664,6.140110449214167e-07,,,,paper_benchmarks_ext
angle_sweep,rzz,22,2,9,7,mpo_zipup,8,8,0.0062831853071795,0.001,0,1,7.844258908318302e-06,0.002800763162109,,3.922137144729554e-06,3.922137143397286e-06,8,"[1, 2, 4, 8, 8, 8, 8, 8, 8, 8, 4, 2, 1]",936,0.0045447580050677,7.844281594969332e-06,,,,paper_benchmarks_ext
angle_sweep,rzz,22,2,9,7,tebd_swap,8,8,0.0062831853071795,0.001,0,1,0.3395678821345572,0.6120951770623093,,0.2490960875489294,0.2490960875489279,8,"[1, 2, 4, 8, 8, 8, 8, 8, 8, 8, 4, 2, 1]",936,0.0045176750281825,0.5525630121310378,,,,paper_benchmarks_ext
angle_sweep,rzz,22,2,9,7,variational_mpo,8,8,0.0062831853071795,0.001,0,1,7.84425890720808e-06,0.002800763162109,,1.5543122344752196e-15,3.3306690738754696e-16,8,"[1, 2, 4, 8, 8, 8, 8, 8, 8, 8, 4, 2, 1]",936,0.3038766519748606,0.0,1.0,0.0,best_init=zipup,paper_benchmarks_ext
angle_sweep,rzz,22,2,9,7,hybrid_tdvp,8,8,0.0092224547922119,0.001467799267622,0,1,1.6891068308044765e-05,0.0041098831657165,,1.3322676295501878e-15,0.0,8,"[1, 2, 4, 8, 8, 8, 8, 8, 8, 8, 4, 2, 1]",936,0.0116271799779497,1.3230991620468829e-06,,,,paper_benchmarks_ext
angle_sweep,rzz,22,2,9,7,mpo_zipup,8,8,0.0092224547922119,0.001467799267622,0,1,1.6907860536208297e-05,0.004111925583687,,8.45396600179793e-06,8.453966000132596e-06,8,"[1, 2, 4, 8, 8, 8, 8, 8, 8, 8, 4, 2, 1]",936,0.003319151001051,1.6907965963431618e-05,,,,paper_benchmarks_ext
angle_sweep,rzz,22,2,9,7,tebd_swap,8,8,0.0092224547922119,0.001467799267622,0,1,0.3395836786381395,0.6121110550290692,,0.2491147526253753,0.249114752625374,8,"[1, 2, 4, 8, 8, 8, 8, 8, 8, 8, 4, 2, 1]",936,0.0025292240316048,0.5526052337409043,,,,paper_benchmarks_ext
angle_sweep,rzz,22,2,9,7,variational_mpo,8,8,0.0092224547922119,0.001467799267622,0,1,1.6907860536097274e-05,0.004111925583687,,1.6653345369377348e-15,3.3306690738754696e-16,8,"[1, 2, 4, 8, 8, 8, 8, 8, 8, 8, 4, 2, 1]",936,0.2969861059682444,0.0,1.0,0.0,best_init=zipup,paper_benchmarks_ext
angle_sweep,rzz,22,2,9,7,hybrid_tdvp,8,8,0.0135367123896863,0.0021544346900318,0,1,3.638675176542705e-05,0.0060321706516447,,1.5543122344752196e-15,4.440892098500626e-16,8,"[1, 2, 4, 8, 8, 8, 8, 8, 8, 8, 4, 2, 1]",936,0.0111386770149692,2.851393490691385e-06,,,,paper_benchmarks_ext
angle_sweep,rzz,22,2,9,7,mpo_zipup,8,8,0.0135367123896863,0.0021544346900318,0,1,3.646576524451994e-05,0.0060387165596685,,1.8233048845295308e-05,1.823304884385201e-05,8,"[1, 2, 4, 8, 8, 8, 8, 8, 8, 8, 4, 2, 1]",936,0.0031512849964201,3.646625580631659e-05,,,,paper_benchmarks_ext
angle_sweep,rzz,22,2,9,7,tebd_swap,8,8,0.0135367123896863,0.0021544346900318,0,1,0.3396106099127935,0.6121381246775417,,0.2491445528035709,0.24914455280357,8,"[1, 2, 4, 8, 8, 8, 8, 8, 8, 8, 4, 2, 1]",936,0.0024374019703827,0.5526729269637364,,,,paper_benchmarks_ext
angle_sweep,rzz,22,2,9,7,variational_mpo,8,8,0.0135367123896863,0.0021544346900318,0,1,3.6465765243631765e-05,0.0060387165596685,,1.5543122344752196e-15,0.0,8,"[1, 2, 4, 8, 8, 8, 8, 8, 8, 8, 4, 2, 1]",936,0.3032754920423031,0.0,1.0,0.0,best_init=zipup,paper_benchmarks_ext
angle_sweep,rzz,22,2,9,7,hybrid_tdvp,8,8,0.0198691765315922,0.0031622776601683,0,1,7.837869617954851e-05,0.0088532610966052,,1.5543122344752196e-15,2.220446049250313e-16,8,"[1, 2, 4, 8, 8, 8, 8, 8, 8, 8, 4, 2, 1]",936,0.0129400960286147,6.146169955872567e-06,,,,paper_benchmarks_ext
angle_sweep,rzz,22,2,9,7,mpo_zipup,8,8,0.0198691765315922,0.0031622776601683,0,1,7.875555417635738e-05,0.0088745199784001,,3.9378552422975055e-05,3.9378552421531765e-05,8,"[1, 2, 4, 8, 8, 8, 8, 8, 8, 8, 4, 2, 1]",936,0.0044864650117233,7.875784372088505e-05,,,,paper_benchmarks_ext
angle_sweep,rzz,22,2,9,7,tebd_swap,8,8,0.0198691765315922,0.0031622776601683,0,1,0.3396581698577868,0.6121859274117669,,0.2491935059394793,0.2491935059394779,8,"[1, 2, 4, 8, 8, 8, 8, 8, 8, 8, 4, 2, 1]",936,0.0026406310498714,0.5527846727304381,,,,paper_benchmarks_ext
angle_sweep,rzz,22,2,9,7,variational_mpo,8,8,0.0198691765315922,0.0031622776601683,0,1,7.87555541764684e-05,0.0088745199784001,,1.5543122344752196e-15,6.661338147750939e-16,8,"[1, 2, 4, 8, 8, 8, 8, 8, 8, 8, 4, 2, 1]",936,0.443721859017387,0.0,1.0,0.0,best_init=zipup,paper_benchmarks_ext
angle_sweep,rzz,22,2,9,7,hybrid_tdvp,8,8,0.0291639627613246,0.0046415888336127,0,1,0.0001688090469212,0.0129929277550051,,1.6653345369377348e-15,4.440892098500626e-16,8,"[1, 2, 4, 8, 8, 8, 8, 8, 8, 8, 4, 2, 1]",936,0.0140342259546741,1.325250865277971e-05,,,,paper_benchmarks_ext
angle_sweep,rzz,22,2,9,7,mpo_zipup,8,8,0.0291639627613246,0.0046415888336127,0,1,0.0001706562821702,0.0130638265329832,,8.533178184144674e-05,8.533178184011447e-05,8,"[1, 2, 4, 8, 8, 8, 8, 8, 8, 8, 4, 2, 1]",936,0.003913914959412,0.0001706670440712,,,,paper_benchmarks_ext
angle_sweep,rzz,22,2,9,7,tebd_swap,8,8,0.0291639627613246,0.0046415888336127,0,1,0.3397451558422629,0.6122733522494322,,0.249276707105736,0.2492767071057346,8,"[1, 2, 4, 8, 8, 8, 8, 8, 8, 8, 4, 2, 1]",936,0.0028850290109403,0.5529755963212447,,,,paper_benchmarks_ext
angle_sweep,rzz,22,2,9,7,variational_mpo,8,8,0.0291639627613246,0.0046415888336127,0,1,0.000170656282171,0.0130638265329832,,1.4432899320127037e-15,0.0,8,"[1, 2, 4, 8, 8, 8, 8, 8, 8, 8, 4, 2, 1]",936,0.5166181239765137,0.0,1.0,0.0,best_init=zipup,paper_benchmarks_ext
angle_sweep,rzz,22,2,9,7,hybrid_tdvp,8,8,0.0428068431820296,0.0068129206905796,0,1,0.0003634842815204,0.0190661301194073,,1.3322676295501878e-15,0.0,8,"[1, 2, 4, 8, 8, 8, 8, 8, 8, 8, 4, 2, 1]",936,0.0130315690184943,2.85930488700326e-05,,,,paper_benchmarks_ext
angle_sweep,rzz,22,2,9,7,mpo_zipup,8,8,0.0428068431820296,0.0068129206905796,0,1,0.0003730269905366,0.0193148073847586,,0.0001865308921557,0.0001865308921542,8,"[1, 2, 4, 8, 8, 8, 8, 8, 8, 8, 4, 2, 1]",936,0.0051131789805367,0.000373078491423,,,,paper_benchmarks_ext
angle_sweep,rzz,22,2,9,7,tebd_swap,8,8,0.0428068431820296,0.0068129206905796,0,1,0.3399094140621839,0.6124384208368026,,0.2494236955679706,0.249423695567969,8,"[1, 2, 4, 8, 8, 8, 8, 8, 8, 8, 4, 2, 1]",936,0.0032836750033311,0.5533146151930068,,,,paper_benchmarks_ext
angle_sweep,rzz,22,2,9,7,variational_mpo,8,8,0.0428068431820296,0.0068129206905796,0,1,0.0003730269905369,0.0193148073847586,,1.3322676295501878e-15,2.220446049250313e-16,8,"[1, 2, 4, 8, 8, 8, 8, 8, 8, 8, 4, 2, 1]",936,0.4442991209798492,0.0,1.0,0.0,best_init=zipup,paper_benchmarks_ext
angle_sweep,rzz,22,2,9,7,hybrid_tdvp,8,8,0.0628318530717958,0.01,0,1,0.0007822827011366,0.0279720530630724,,1.5543122344752196e-15,0.0,8,"[1, 2, 4, 8, 8, 8, 8, 8, 8, 8, 4, 2, 1]",936,0.0138056919677183,6.176436403158122e-05,,,,paper_benchmarks_ext
angle_sweep,rzz,22,2,9,7,mpo_zipup,8,8,0.0628318530717958,0.01,0,1,0.0008355696247028,0.0289092414603543,,0.0004178721209053,0.0004178721209037,8,"[1, 2, 4, 8, 8, 8, 8, 8, 8, 8, 4, 2, 1]",936,0.0035770059912465,0.0008358282478104,,,,paper_benchmarks_ext
angle_sweep,rzz,22,2,9,7,tebd_swap,8,8,0.0628318530717958,0.01,0,1,0.3402275917827686,0.6127581001886863,,0.2496944560932167,0.2496944560932158,8,"[1, 2, 4, 8, 8, 8, 8, 8, 8, 8, 4, 2, 1]",936,0.0026833669980987,0.5539420848591755,,,,paper_benchmarks_ext
angle_sweep,rzz,22,2,9,7,variational_mpo,8,8,0.0628318530717958,0.01,0,1,0.0008355696247031,0.0289092414603543,,1.6653345369377348e-15,6.661338147750939e-16,8,"[1, 2, 4, 8, 8, 8, 8, 8, 8, 8, 4, 2, 1]",936,0.4459061190136708,0.0,1.0,0.0,best_init=zipup,paper_benchmarks_ext
angle_sweep,rzz,22,2,9,7,hybrid_tdvp,8,8,0.0922245479221194,0.0146779926762206,0,1,0.0016819244830272,0.0410199012174453,,1.5543122344752196e-15,2.220446049250313e-16,8,"[1, 2, 4, 8, 8, 8, 8, 8, 8, 8, 4, 2, 1]",936,0.0133374409633688,0.0001337346495445,,,,paper_benchmarks_ext
angle_sweep,rzz,22,2,9,7,mpo_zipup,8,8,0.0922245479221194,0.0146779926762206,0,1,0.0019636878203681,0.0443244039498579,,0.0009823263927534,0.0009823263927511,8,"[1, 2, 4, 8, 8, 8, 8, 8, 8, 8, 4, 2, 1]",936,0.0036032010102644,0.0019651121554921,,,,paper_benchmarks_ext
angle_sweep,rzz,22,2,9,7,tebd_swap,8,8,0.0922245479221194,0.0146779926762206,0,1,0.3408530771650565,0.6133862763439799,,0.25021363927264,0.2502136392726394,8,"[1, 2, 4, 8, 8, 8, 8, 8, 8, 8, 4, 2, 1]",936,0.0026548300520516,0.5551547669431279,,,,paper_benchmarks_ext
angle_sweep,rzz,22,2,9,7,variational_mpo,8,8,0.0922245479221194,0.0146779926762206,0,1,0.0019636878203687,0.0443244039498579,,2.3314683517128287e-15,1.3322676295501878e-15,8,"[1, 2, 4, 8, 8, 8, 8, 8, 8, 8, 4, 2, 1]",936,0.4673633940401487,0.0,1.0,0.0,best_init=zipup,paper_benchmarks_ext
angle_sweep,rzz,22,2,9,7,hybrid_tdvp,8,8,0.1353671238968632,0.0215443469003188,0,1,0.0036082701579099,0.0600960144007442,,1.3322676295501878e-15,2.220446049250313e-16,8,"[1, 2, 4, 8, 8, 8, 8, 8, 8, 8, 4, 2, 1]",936,0.0132520740153267,0.0002909993366616,,,,paper_benchmarks_ext
angle_sweep,rzz,22,2,9,7,mpo_zipup,8,8,0.1353671238968632,0.0215443469003188,0,1,0.0043877415167268,0.0662764300028916,,0.0021962825869619,0.0021962825869606,8,"[1, 2, 4, 8, 8, 8, 8, 8, 8, 8, 4, 2, 1]",936,0.0032103630364872,0.0043951292624975,,,,paper_benchmarks_ext
angle_sweep,rzz,22,2,9,7,tebd_swap,8,8,0.1353671238968632,0.0215443469003188,0,1,0.3421044840784761,0.6146420325515031,,0.2512149704129101,0.2512149704129086,8,"[1, 2, 4, 8, 8, 8, 8, 8, 8, 8, 4, 2, 1]",936,0.0023332000127993,0.5575772909686387,,,,paper_benchmarks_ext
angle_sweep,rzz,22,2,9,7,variational_mpo,8,8,0.1353671238968632,0.0215443469003188,0,1,0.0043512239938463,0.0659997546002583,,1.1102230246251563e-15,1.1102230246251563e-16,8,"[1, 2, 4, 8, 8, 8, 8, 8, 8, 8, 4, 2, 1]",936,0.4500282880035229,0.0,1.0,0.0,best_init=input,paper_benchmarks_ext
angle_sweep,rzz,22,2,9,7,hybrid_tdvp,8,8,0.198691765315922,0.0316227766016837,0,1,0.0076999782285277,0.0878342643105019,,1.1102230246251563e-15,6.661338147750939e-16,8,"[1, 2, 4, 8, 8, 8, 8, 8, 8, 8, 4, 2, 1]",936,0.0151133409817703,0.0006400057351799,,,,paper_benchmarks_ext
angle_sweep,rzz,22,2,9,7,mpo_zipup,8,8,0.198691765315922,0.0316227766016837,0,1,0.0076691501117043,0.0876579188250625,,0.0038419553663742,0.0038419553663731,8,"[1, 2, 4, 8, 8, 8, 8, 8, 8, 8, 4, 2, 1]",936,0.0035609920159913,0.0076921996745915,,,,paper_benchmarks_ext
angle_sweep,rzz,22,2,9,7,tebd_swap,8,8,0.198691765315922,0.0316227766016837,0,1,0.3450267036141322,0.6175690971933808,,0.2528469506400468,0.2528469506400457,8,"[1, 2, 4, 8, 8, 8, 8, 8, 8, 8, 4, 2, 1]",936,0.0029699910082854,0.562164069752147,,,,paper_benchmarks_ext
angle_sweep,rzz,22,2,9,7,variational_mpo,8,8,0.198691765315922,0.0316227766016837,0,1,0.0076691501117035,0.0876579188250625,,1.3322676295501878e-15,6.661338147750939e-16,8,"[1, 2, 4, 8, 8, 8, 8, 8, 8, 8, 4, 2, 1]",936,0.447277331026271,0.0,1.0,0.0,best_init=zipup,paper_benchmarks_ext
angle_sweep,rzz,22,2,9,7,hybrid_tdvp,8,8,0.2916396276132463,0.0464158883361277,0,1,0.0161721213996054,0.1274285677720171,,1.4432899320127037e-15,2.220446049250313e-16,8,"[1, 2, 4, 8, 8, 8, 8, 8, 8, 8, 4, 2, 1]",936,0.0177858810056932,0.0014400289501948,,,,paper_benchmarks_ext
angle_sweep,rzz,22,2,9,7,mpo_zipup,8,8,0.2916396276132463,0.0464158883361277,0,1,0.013444797163145,0.1161477256443682,,0.0067451470861781,0.0067451470861773,8,"[1, 2, 4, 8, 8, 8, 8, 8, 8, 8, 4, 2, 1]",936,0.003738188999705,0.0135156454042616,,,,paper_benchmarks_ext
angle_sweep,rzz,22,2,9,7,tebd_swap,8,8,0.2916396276132463,0.0464158883361277,0,1,0.3496496386429661,0.6221848110532663,,0.2548133955009981,0.2548133955009973,8,"[1, 2, 4, 8, 8, 8, 8, 8, 8, 8, 4, 2, 1]",936,0.0024384739808738,0.5706415467767267,,,,paper_benchmarks_ext
angle_sweep,rzz,22,2,9,7,variational_mpo,8,8,0.2916396276132463,0.0464158883361277,0,1,0.0134447971631453,0.1161477256443682,,1.3322676295501878e-15,0.0,8,"[1, 2, 4, 8, 8, 8, 8, 8, 8, 8, 4, 2, 1]",936,0.4495401899912394,0.0,1.0,0.0,best_init=zipup,paper_benchmarks_ext
angle_sweep,rzz,22,2,9,7,hybrid_tdvp,8,8,0.4280684318202959,0.068129206905796,0,1,0.0317918837783506,0.1790214036868796,,1.5543122344752196e-15,2.220446049250313e-16,8,"[1, 2, 4, 8, 8, 8, 8, 8, 8, 8, 4, 2, 1]",936,0.0166301729623228,0.0033070845244819,,,,paper_benchmarks_ext
angle_sweep,rzz,22,2,9,7,mpo_zipup,8,8,0.4280684318202959,0.068129206905796,0,1,0.023728043962114,0.1545007899140605,,0.0119352470420349,0.0119352470420336,8,"[1, 2, 4, 8, 8, 8, 8, 8, 8, 8, 4, 2, 1]",936,0.0035434479941613,0.0239465237962488,,,,paper_benchmarks_ext
angle_sweep,rzz,22,2,9,7,tebd_swap,8,8,0.4280684318202959,0.068129206905796,0,1,0.3543705137706319,0.6268800114108749,,0.2595870702595984,0.2595870702595972,8,"[1, 2, 4, 8, 8, 8, 8, 8, 8, 8, 4, 2, 1]",936,0.0029730399837717,0.5831644993135539,,,,paper_benchmarks_ext
angle_sweep,rzz,22,2,9,7,variational_mpo,8,8,0.4280684318202959,0.068129206905796,0,1,0.0237280439621143,0.1545007899140605,,1.5543122344752196e-15,0.0,8,"[1, 2, 4, 8, 8, 8, 8, 8, 8, 8, 4, 2, 1]",936,0.4373361120233312,0.0,1.0,0.0,best_init=zipup,paper_benchmarks_ext
angle_sweep,rzz,22,2,9,7,hybrid_tdvp,8,8,0.6283185307179586,0.1,0,1,0.0535415767094918,0.2329766187340385,,1.1102230246251563e-15,6.661338147750939e-16,8,"[1, 2, 4, 8, 8, 8, 8, 8, 8, 8, 4, 2, 1]",936,0.0181759209954179,0.0068741167685499,,,,paper_benchmarks_ext
angle_sweep,rzz,22,2,9,7,mpo_zipup,8,8,0.6283185307179586,0.1,0,1,0.0388029062201403,0.1979565803262487,,0.0195934038472339,0.0195934038472324,8,"[1, 2, 4, 8, 8, 8, 8, 8, 8, 8, 4, 2, 1]",936,0.0035988130257464,0.0393879886211729,,,,paper_benchmarks_ext
angle_sweep,rzz,22,2,9,7,tebd_swap,8,8,0.6283185307179586,0.1,0,1,0.3632201506401021,0.6356337500848831,,0.2697704485470341,0.2697704485470331,8,"[1, 2, 4, 8, 8, 8, 8, 8, 8, 8, 4, 2, 1]",936,0.0026475029881112,0.6062922077660184,,,,paper_benchmarks_ext
angle_sweep,rzz,22,2,9,7,variational_mpo,8,8,0.6283185307179586,0.1,0,1,0.0388029062201409,0.1979565803262487,,1.4432899320127037e-15,1.1102230246251563e-16,8,"[1, 2, 4, 8, 8, 8, 8, 8, 8, 8, 4, 2, 1]",936,0.4244511779979802,0.0,1.0,0.0,best_init=zipup,paper_benchmarks_ext
angle_sweep,rzz,22,2,9,7,hybrid_tdvp,8,8,0.9222454792211944,0.1467799267622069,0,1,0.0873217659045518,0.2988580058777137,,1.3322676295501878e-15,2.220446049250313e-16,8,"[1, 2, 4, 8, 8, 8, 8, 8, 8, 8, 4, 2, 1]",936,0.0165949130314402,0.012733308147565,,,,paper_benchmarks_ext
angle_sweep,rzz,22,2,9,7,mpo_zipup,8,8,0.9222454792211944,0.1467799267622069,0,1,0.0630339137888005,0.2531004330669589,,0.0320299146093413,0.0320299146093401,8,"[1, 2, 4, 8, 8, 8, 8, 8, 8, 8, 4, 2, 1]",936,0.0048604919575154,0.0645813325918368,,,,paper_benchmarks_ext
angle_sweep,rzz,22,2,9,7,tebd_swap,8,8,0.9222454792211944,0.1467799267622069,0,1,0.3918513731231743,0.6635678612848807,,0.2834441350492221,0.2834441350492207,8,"[1, 2, 4, 8, 8, 8, 8, 8, 8, 8, 4, 2, 1]",936,0.0036705120000988,0.6462435511989078,,,,paper_benchmarks_ext
angle_sweep,rzz,22,2,9,7,variational_mpo,8,8,0.9222454792211944,0.1467799267622069,0,1,0.063033913788801,0.2531004330669589,,1.5543122344752196e-15,2.220446049250313e-16,8,"[1, 2, 4, 8, 8, 8, 8, 8, 8, 8, 4, 2, 1]",936,0.4327971789753064,0.0,1.0,0.0,best_init=zipup,paper_benchmarks_ext
angle_sweep,rzz,22,2,9,7,hybrid_tdvp,8,8,1.353671238968633,0.2154434690031882,0,1,0.1395897996850891,0.3805706547520334,,1.7763568394002505e-15,2.220446049250313e-16,8,"[1, 2, 4, 8, 8, 8, 8, 8, 8, 8, 4, 2, 1]",936,0.0185107460129074,0.0228592528700269,,,,paper_benchmarks_ext
angle_sweep,rzz,22,2,9,7,mpo_zipup,8,8,1.353671238968633,0.2154434690031882,0,1,0.088153568116046,0.3003114907455613,,0.0450934957369167,0.0450934957369154,8,"[1, 2, 4, 8, 8, 8, 8, 8, 8, 8, 4, 2, 1]",936,0.0036568400100804,0.0912244385315454,,,,paper_benchmarks_ext
angle_sweep,rzz,22,2,9,7,tebd_swap,8,8,1.353671238968633,0.2154434690031882,0,1,0.4044721994361484,0.6757152100097203,,0.2945469791874702,0.2945469791874688,8,"[1, 2, 4, 8, 8, 8, 8, 8, 8, 8, 4, 2, 1]",936,0.0027564070187509,0.6735046019850366,,,,paper_benchmarks_ext
angle_sweep,rzz,22,2,9,7,variational_mpo,8,8,1.353671238968633,0.2154434690031882,0,1,0.0881535681160462,0.3003114907455613,,1.6653345369377348e-15,0.0,8,"[1, 2, 4, 8, 8, 8, 8, 8, 8, 8, 4, 2, 1]",936,0.4318094769841991,0.0,1.0,0.0,best_init=zipup,paper_benchmarks_ext
angle_sweep,rzz,22,2,9,7,hybrid_tdvp,8,8,1.5707963267948966,0.25,1,1,0.1630916516941222,0.4127300572450453,,1.5543122344752196e-15,4.440892098500626e-16,8,"[1, 2, 4, 8, 8, 8, 8, 8, 8, 8, 4, 2, 1]",936,0.0212008130038157,0.0290072801485839,,,,paper_benchmarks_ext
angle_sweep,rzz,22,2,9,7,mpo_zipup,8,8,1.5707963267948966,0.25,1,1,0.0920120131029548,0.306972192755951,,0.0471159635626932,0.0471159635626917,8,"[1, 2, 4, 8, 8, 8, 8, 8, 8, 8, 4, 2, 1]",936,0.0039345840341411,0.0953673990489941,,,,paper_benchmarks_ext
angle_sweep,rzz,22,2,9,7,tebd_swap,8,8,1.5707963267948966,0.25,1,1,0.4049214664066229,0.6761459382188372,,0.295264676468511,0.2952646764685099,8,"[1, 2, 4, 8, 8, 8, 8, 8, 8, 8, 4, 2, 1]",936,0.0034018959850072,0.6771282893494331,,,,paper_benchmarks_ext
angle_sweep,rzz,22,2,9,7,variational_mpo,8,8,1.5707963267948966,0.25,1,1,0.0920120131029552,0.306972192755951,,1.7763568394002505e-15,2.220446049250313e-16,8,"[1, 2, 4, 8, 8, 8, 8, 8, 8, 8, 4, 2, 1]",936,0.4328381149680353,0.0,1.0,0.0,best_init=zipup,paper_benchmarks_ext
angle_sweep,rzz,22,2,9,7,hybrid_tdvp,8,8,1.9869176531592203,0.3162277660168379,0,1,0.2032307567971361,0.4634235299428426,,1.7763568394002505e-15,2.220446049250313e-16,8,"[1, 2, 4, 8, 8, 8, 8, 8, 8, 8, 4, 2, 1]",936,0.0198838200303725,0.0407755185606031,,,,paper_benchmarks_ext
angle_sweep,rzz,22,2,9,7,mpo_zipup,8,8,1.9869176531592203,0.3162277660168379,0,1,0.0802442281678199,0.2862202526766125,,0.0409610165211304,0.0409610165211283,8,"[1, 2, 4, 8, 8, 8, 8, 8, 8, 8, 4, 2, 1]",936,0.0035520989913493,0.0827745614817882,,,,paper_benchmarks_ext
angle_sweep,rzz,22,2,9,7,tebd_swap,8,8,1.9869176531592203,0.3162277660168379,0,1,0.3968650468315006,0.6684046133882849,,0.2887869950724374,0.288786995072436,8,"[1, 2, 4, 8, 8, 8, 8, 8, 8, 8, 4, 2, 1]",936,0.0026115399668924,0.6610583624266613,,,,paper_benchmarks_ext
angle_sweep,rzz,22,2,9,7,variational_mpo,8,8,1.9869176531592203,0.3162277660168379,0,1,0.0802442281678196,0.2862202526766126,,2.4424906541753444e-15,6.661338147750939e-16,8,"[1, 2, 4, 8, 8, 8, 8, 8, 8, 8, 4, 2, 1]",936,0.4296209450112656,0.0,1.0,0.0,best_init=zipup,paper_benchmarks_ext
angle_sweep,rzz,22,2,9,7,hybrid_tdvp,8,8,2.916396276132464,0.4641588833612777,0,1,0.2566649765609997,0.5250356357933875,,1.3322676295501878e-15,4.440892098500626e-16,8,"[1, 2, 4, 8, 8, 8, 8, 8, 8, 8, 4, 2, 1]",936,0.0203851149999536,0.0664710388987864,,,,paper_benchmarks_ext
angle_sweep,rzz,22,2,9,7,mpo_zipup,8,8,2.916396276132464,0.4641588833612777,0,1,0.0088077022996597,0.0939530844919581,,0.0044135910427761,0.0044135910427751,8,"[1, 2, 4, 8, 8, 8, 8, 8, 8, 8, 4, 2, 1]",936,0.0033794949995353,0.008838050268154,,,,paper_benchmarks_ext
angle_sweep,rzz,22,2,9,7,tebd_swap,8,8,2.916396276132464,0.4641588833612777,0,1,0.3450881247090709,0.6176305410947677,,0.2502735901712907,0.25027359017129,8,"[1, 2, 4, 8, 8, 8, 8, 8, 8, 8, 4, 2, 1]",936,0.0026784050278365,0.5581844464045902,,,,paper_benchmarks_ext
angle_sweep,rzz,22,2,9,7,variational_mpo,8,8,2.916396276132464,0.4641588833612777,0,1,0.0088077022996594,0.093953084491958,,8.881784197001252e-16,2.220446049250313e-16,8,"[1, 2, 4, 8, 8, 8, 8, 8, 8, 8, 4, 2, 1]",936,0.4356938839773647,0.0,1.0,0.0,best_init=zipup,paper_benchmarks_ext
angle_sweep,rzz,22,2,9,7,hybrid_tdvp,8,8,3.141592653589793,0.5,1,1,0.2515131500587181,0.5193238967975957,,6.661338147750939e-16,2.220446049250313e-16,8,"[1, 2, 4, 8, 8, 8, 8, 8, 8, 8, 4, 2, 1]",936,0.0213018240174278,0.068746889355466,,,,paper_benchmarks_ext
angle_sweep,rzz,22,2,9,7,mpo_zipup,8,8,3.141592653589793,0.5,1,1,0.0,3.119454199642709e-15,,-2.220446049250313e-16,1.5543122344752196e-15,8,"[1, 2, 4, 8, 8, 8, 8, 8, 8, 8, 4, 2, 1]",936,0.0036393829504959,6.956739893305447e-32,,,,paper_benchmarks_ext
angle_sweep,rzz,22,2,9,7,tebd_swap,8,8,3.141592653589793,0.5,1,1,0.3395410833330914,0.612068239550603,,0.2490606116092785,0.2490606116092775,8,"[1, 2, 4, 8, 8, 8, 8, 8, 8, 8, 4, 2, 1]",936,0.0025408639921806,0.5524833011295542,,,,paper_benchmarks_ext
angle_sweep,rzz,22,2,9,7,variational_mpo,8,8,3.141592653589793,0.5,1,1,0.0,3.1396508707065017e-15,,1.3322676295501878e-15,1.1102230246251563e-16,8,"[1, 2, 4, 8, 8, 8, 8, 8, 8, 8, 4, 2, 1]",936,0.2170579339726828,0.0,1.0,0.0,best_init=zipup,paper_benchmarks_ext
angle_sweep,rzz,22,2,9,7,hybrid_tdvp,8,8,4.280684318202959,0.6812920690579608,0,1,0.2642814833418562,0.5334034963580546,,1.3322676295501878e-15,3.3306690738754696e-16,8,"[1, 2, 4, 8, 8, 8, 8, 8, 8, 8, 4, 2, 1]",936,0.0279677299549803,0.0977990155165923,,,,paper_benchmarks_ext
angle_sweep,rzz,22,2,9,7,mpo_zipup,8,8,4.280684318202959,0.6812920690579608,0,1,0.0778169288916925,0.2817671561728307,,0.0396963651488638,0.0396963651488628,8,"[1, 2, 4, 8, 8, 8, 8, 8, 8, 8, 4, 2, 1]",936,0.0041922990349121,0.0801930120074654,,,,paper_benchmarks_ext
angle_sweep,rzz,22,2,9,7,tebd_swap,8,8,4.280684318202959,0.6812920690579608,0,1,0.4015768115637825,0.6729365911347074,,0.2906687771136234,0.2906687771136219,8,"[1, 2, 4, 8, 8, 8, 8, 8, 8, 8, 4, 2, 1]",936,0.003267185005825,0.662691785215434,,,,paper_benchmarks_ext
angle_sweep,rzz,22,2,9,7,variational_mpo,8,8,4.280684318202959,0.6812920690579608,0,1,0.077816928891692,0.2817671561728307,,8.881784197001252e-16,2.220446049250313e-16,8,"[1, 2, 4, 8, 8, 8, 8, 8, 8, 8, 4, 2, 1]",936,0.466762425028719,0.0,1.0,0.0,best_init=zipup,paper_benchmarks_ext
angle_sweep,rzz,22,2,9,7,hybrid_tdvp,8,8,6.283185307179586,1.0,1,1,0.2423625392952851,0.5090702804019328,,1.1102230246251563e-15,0.0,8,"[1, 2, 4, 8, 8, 8, 8, 8, 8, 8, 4, 2, 1]",936,0.0290025889989919,0.0864386498675597,,,,paper_benchmarks_ext
angle_sweep,rzz,22,2,9,7,mpo_zipup,8,8,6.283185307179586,1.0,1,1,0.0,3.3935840106907218e-15,,-1.3322676295501878e-15,2.886579864025407e-15,8,"[1, 2, 4, 8, 8, 8, 8, 8, 8, 8, 4, 2, 1]",936,0.0034642289974726,3.3895990389440686e-32,,,,paper_benchmarks_ext
angle_sweep,rzz,22,2,9,7,tebd_swap,8,8,6.283185307179586,1.0,1,1,0.3395410833330917,0.6120682395506033,,0.2490606116092781,0.249060611609277,8,"[1, 2, 4, 8, 8, 8, 8, 8, 8, 8, 4, 2, 1]",936,0.0026813090080395,0.5524833011295542,,,,paper_benchmarks_ext
angle_sweep,rzz,22,2,9,7,variational_mpo,8,8,6.283185307179586,1.0,1,1,2.220446049250313e-16,3.0041753021323813e-16,,1.3322676295501878e-15,1.1102230246251563e-16,8,"[1, 2, 4, 8, 8, 8, 8, 8, 8, 8, 4, 2, 1]",936,0.0089571489952504,0.0,1.0,0.0,best_init=input,paper_benchmarks_ext
angle_sweep,rzz,33,2,9,7,hybrid_tdvp,8,8,0.0006283185307179,0.0001,0,1,6.67594923786652e-08,0.0002583785846014,,3.603418230468946e-09,3.6034184525135515e-09,8,"[1, 2, 4, 8, 8, 8, 8, 8, 8, 8, 4, 2, 1]",936,0.0093548310105688,7.2068421410158844e-09,,,,paper_benchmarks_ext
angle_sweep,rzz,33,2,9,7,mpo_zipup,8,8,0.0006283185307179,0.0001,0,1,6.67595563275114e-08,0.0002583787101882,,3.337977672046577e-08,3.3379777497621894e-08,8,"[1, 2, 4, 8, 8, 8, 8, 8, 8, 8, 4, 2, 1]",936,0.0031205019913613,6.675955832018456e-08,,,,paper_benchmarks_ext
angle_sweep,rzz,33,2,9,7,tebd_swap,8,8,0.0006283185307179,0.0001,0,1,0.4538466916749984,0.722465419012031,,0.2939035427242727,0.2939035427242729,8,"[1, 2, 4, 8, 8, 8, 8, 8, 8, 8, 4, 2, 1]",936,0.002476571011357,0.7432624377180909,,,,paper_benchmarks_ext
angle_sweep,rzz,33,2,9,7,variational_mpo,8,8,0.0006283185307179,0.0001,0,1,6.675955566137759e-08,0.0002583787101882,,-6.661338147750939e-16,2.220446049250313e-16,8,"[1, 2, 4, 8, 8, 8, 8, 8, 8, 8, 4, 2, 1]",936,0.2967938150395639,0.0,1.0,0.0,best_init=zipup,paper_benchmarks_ext
angle_sweep,rzz,33,2,9,7,hybrid_tdvp,8,8,0.0009222454792211,0.0001467799267622,0,1,1.4382936608381416e-07,0.0003792484293125,,7.763351184131295e-09,7.763351739242808e-09,8,"[1, 2, 4, 8, 8, 8, 8, 8, 8, 8, 4, 2, 1]",936,0.0142183760181069,1.5526700373213415e-08,,,,paper_benchmarks_ext
angle_sweep,rzz,33,2,9,7,mpo_zipup,8,8,0.0009222454792211,0.0001467799267622,0,1,1.4382966828652144e-07,0.0003792488264661,,7.191483419877187e-08,7.191483464286108e-08,8,"[1, 2, 4, 8, 8, 8, 8, 8, 8, 8, 4, 2, 1]",936,0.0055002670269459,1.4382967442615018e-07,,,,paper_benchmarks_ext
angle_sweep,rzz,33,2,9,7,tebd_swap,8,8,0.0009222454792211,0.0001467799267622,0,1,0.4538410313571782,0.7224601182666863,,0.2939025785690019,0.2939025785690018,8,"[1, 2, 4, 8, 8, 8, 8, 8, 8, 8, 4, 2, 1]",936,0.0037351469509303,0.743262027266148,,,,paper_benchmarks_ext
angle_sweep,rzz,33,2,9,7,variational_mpo,8,8,0.0009222454792211,0.0001467799267622,0,1,1.4382966739834302e-07,0.0003792488264661,,-6.661338147750939e-16,8.881784197001252e-16,8,"[1, 2, 4, 8, 8, 8, 8, 8, 8, 8, 4, 2, 1]",936,0.3017166960053146,0.0,1.0,0.0,best_init=zipup,paper_benchmarks_ext
angle_sweep,rzz,33,2,9,7,hybrid_tdvp,8,8,0.0013536712389686,0.0002154434690031,0,1,3.098722046734892e-07,0.0005566616826821,,1.6725681284412985e-08,1.6725681728502195e-08,8,"[1, 2, 4, 8, 8, 8, 8, 8, 8, 8, 4, 2, 1]",936,0.0116096740239299,3.3451357713163715e-08,,,,paper_benchmarks_ext
angle_sweep,rzz,33,2,9,7,mpo_zipup,8,8,0.0013536712389686,0.0002154434690031,0,1,3.098736034434779e-07,0.0005566629386556,,1.5493681415623686e-07,1.5493681426725916e-07,8,"[1, 2, 4, 8, 8, 8, 8, 8, 8, 8, 4, 2, 1]",936,0.0040481980540789,3.098736367897732e-07,,,,paper_benchmarks_ext
angle_sweep,rzz,33,2,9,7,tebd_swap,8,8,0.0013536712389686,0.0002154434690031,0,1,0.4538327539864254,0.722452366696492,,0.293901182320783,0.2939011823207832,8,"[1, 2, 4, 8, 8, 8, 8, 8, 8, 8, 4, 2, 1]",936,0.0033056130050681,0.7432614754646304,,,,paper_benchmarks_ext
angle_sweep,rzz,33,2,9,7,variational_mpo,8,8,0.0013536712389686,0.0002154434690031,0,1,3.098736027773441e-07,0.0005566629386556,,2.220446049250313e-16,6.661338147750939e-16,8,"[1, 2, 4, 8, 8, 8, 8, 8, 8, 8, 4, 2, 1]",936,0.3037174640339799,0.0,1.0,0.0,best_init=zipup,paper_benchmarks_ext
angle_sweep,rzz,33,2,9,7,hybrid_tdvp,8,8,0.0019869176531592,0.0003162277660168,0,1,6.67603139770101e-07,0.0008170699180985,,3.603453802014656e-08,3.603453813116887e-08,8,"[1, 2, 4, 8, 8, 8, 8, 8, 8, 8, 4, 2, 1]",936,0.01689729798818,7.206907783788165e-08,,,,paper_benchmarks_ext
angle_sweep,rzz,33,2,9,7,mpo_zipup,8,8,0.0019869176531592,0.0003162277660168,0,1,6.676096303559476e-07,0.0008170738901425,,3.3380486941236853e-07,3.338048697454355e-07,8,"[1, 2, 4, 8, 8, 8, 8, 8, 8, 8, 4, 2, 1]",936,0.0038615069934166,6.676097861350869e-07,,,,paper_benchmarks_ext
angle_sweep,rzz,33,2,9,7,tebd_swap,8,8,0.0019869176531592,0.0003162277660168,0,1,0.4538206709229474,0.7224410511374101,,0.2938991736855564,0.2938991736855567,8,"[1, 2, 4, 8, 8, 8, 8, 8, 8, 8, 4, 2, 1]",936,0.0028134660096839,0.7432607746836909,,,,paper_benchmarks_ext
angle_sweep,rzz,33,2,9,7,variational_mpo,8,8,0.0019869176531592,0.0003162277660168,0,1,6.676096310220814e-07,0.0008170738901425,,-4.440892098500626e-16,0.0,8,"[1, 2, 4, 8, 8, 8, 8, 8, 8, 8, 4, 2, 1]",936,0.3395761279971339,0.0,1.0,0.0,best_init=zipup,paper_benchmarks_ext
angle_sweep,rzz,33,2,9,7,hybrid_tdvp,8,8,0.0029163962761324,0.0004641588833612,0,1,1.4383182826982477e-06,0.001199299295562,,7.763457154918997e-08,7.763457154918997e-08,8,"[1, 2, 4, 8, 8, 8, 8, 8, 8, 8, 4, 2, 1]",936,0.0209371429518796,1.552691527022981e-07,,,,paper_benchmarks_ext
angle_sweep,rzz,33,2,9,7,mpo_zipup,8,8,0.0029163962761324,0.0004641588833612,0,1,1.4383484151503367e-06,0.0011993118577798,,7.191744648693543e-07,7.191744650913989e-07,8,"[1, 2, 4, 8, 8, 8, 8, 8, 8, 8, 4, 2, 1]",936,0.0076846570009365,1.4383491373455512e-06,,,,paper_benchmarks_ext
angle_sweep,rzz,33,2,9,7,tebd_swap,8,8,0.0029163962761324,0.0004641588833612,0,1,0.4538030786248402,0.7224245761918099,,0.2938963131863382,0.2938963131863386,8,"[1, 2, 4, 8, 8, 8, 8, 8, 8, 8, 4, 2, 1]",936,0.0055351770133711,0.7432599812726001,,,,paper_benchmarks_ext
angle_sweep,rzz,33,2,9,7,variational_mpo,8,8,0.0029163962761324,0.0004641588833612,0,1,1.4383484157054482e-06,0.0011993118577798,,-2.220446049250313e-16,9.992007221626409e-16,8,"[1, 2, 4, 8, 8, 8, 8, 8, 8, 8, 4, 2, 1]",936,0.3676095089758746,0.0,1.0,0.0,best_init=zipup,paper_benchmarks_ext
angle_sweep,rzz,33,2,9,7,hybrid_tdvp,8,8,0.0042806843182029,0.0006812920690579,0,1,3.0987935394355404e-06,0.0017603397231033,,1.6726034657299493e-07,1.6726034690606184e-07,8,"[1, 2, 4, 8, 8, 8, 8, 8, 8, 8, 4, 2, 1]",936,0.012913599028252,3.345207127606226e-07,,,,paper_benchmarks_ext
angle_sweep,rzz,33,2,9,7,mpo_zipup,8,8,0.0042806843182029,0.0006812920690579,0,1,3.098933427203576e-06,0.0017603794559326,,1.54946791675048e-06,1.5494679169725243e-06,8,"[1, 2, 4, 8, 8, 8, 8, 8, 8, 8, 4, 2, 1]",936,0.0034678549855016,3.098936781419252e-06,,,,paper_benchmarks_ext
angle_sweep,rzz,33,2,9,7,tebd_swap,8,8,0.0042806843182029,0.0006812920690579,0,1,0.4537775653242214,0.7224006831399781,,0.2938923034052183,0.2938923034052187,8,"[1, 2, 4, 8, 8, 8, 8, 8, 8, 8, 4, 2, 1]",936,0.0030608259839937,0.743259323513812,,,,paper_benchmarks_ext
angle_sweep,rzz,33,2,9,7,variational_mpo,8,8,0.0042806843182029,0.0006812920690579,0,1,3.098933427536643e-06,0.0017603794559326,,0.0,2.220446049250313e-16,8,"[1, 2, 4, 8, 8, 8, 8, 8, 8, 8, 4, 2, 1]",936,0.3449231110280379,0.0,1.0,0.0,best_init=zipup,paper_benchmarks_ext
angle_sweep,rzz,33,2,9,7,hybrid_tdvp,8,8,0.0062831853071795,0.001,0,1,6.676227870316964e-06,0.0025838419094977,,-2.220446049250313e-16,0.0,8,"[1, 2, 4, 8, 8, 8, 8, 8, 8, 8, 4, 2, 1]",936,0.0148979150108061,7.207149234833753e-07,,,,paper_benchmarks_ext
angle_sweep,rzz,33,2,9,7,mpo_zipup,8,8,0.0062831853071795,0.001,0,1,6.676877387312707e-06,0.0025839675950926,,3.33844426469998e-06,3.3384442649220247e-06,8,"[1, 2, 4, 8, 8, 8, 8, 8, 8, 8, 4, 2, 1]",936,0.004000517015811,6.676892956666339e-06,,,,paper_benchmarks_ext
angle_sweep,rzz,33,2,9,7,tebd_swap,8,8,0.0062831853071795,0.001,0,1,0.4537407822387435,0.7223662355939292,,0.2938868239430191,0.2938868239430189,8,"[1, 2, 4, 8, 8, 8, 8, 8, 8, 8, 4, 2, 1]",936,0.0029269250226207,0.7432594502410113,,,,paper_benchmarks_ext
angle_sweep,rzz,33,2,9,7,variational_mpo,8,8,0.0062831853071795,0.001,0,1,6.676877387312707e-06,0.0025839675950926,,-2.220446049250313e-16,0.0,8,"[1, 2, 4, 8, 8, 8, 8, 8, 8, 8, 4, 2, 1]",936,0.2991608459851704,0.0,1.0,0.0,best_init=zipup,paper_benchmarks_ext
angle_sweep,rzz,33,2,9,7,hybrid_tdvp,8,8,0.0092224547922119,0.001467799267622,0,1,1.43836667129138e-05,0.003792587301104,,-6.661338147750939e-16,0.0,8,"[1, 2, 4, 8, 8, 8, 8, 8, 8, 8, 4, 2, 1]",936,0.0122284570243209,1.552775229842894e-06,,,,paper_benchmarks_ext
angle_sweep,rzz,33,2,9,7,mpo_zipup,8,8,0.0092224547922119,0.001467799267622,0,1,1.4386683194422822e-05,0.0037929849641505,,7.193367467017708e-06,7.1933674674617976e-06,8,"[1, 2, 4, 8, 8, 8, 8, 8, 8, 8, 4, 2, 1]",936,0.0033247219980694,1.438675549381089e-05,,,,paper_benchmarks_ext
angle_sweep,rzz,33,2,9,7,tebd_swap,8,8,0.0092224547922119,0.001467799267622,0,1,0.4536882262746325,0.7223170158290607,,0.2938796535365435,0.2938796535365438,8,"[1, 2, 4, 8, 8, 8, 8, 8, 8, 8, 4, 2, 1]",936,0.0024880180135369,0.7432619901765816,,,,paper_benchmarks_ext
angle_sweep,rzz,33,2,9,7,variational_mpo,8,8,0.0092224547922119,0.001467799267622,0,1,1.4386683193423622e-05,0.0037929849641505,,-4.440892098500626e-16,4.440892098500626e-16,8,"[1, 2, 4, 8, 8, 8, 8, 8, 8, 8, 4, 2, 1]",936,0.2974244190263562,0.0,1.0,0.0,best_init=zipup,paper_benchmarks_ext
angle_sweep,rzz,33,2,9,7,hybrid_tdvp,8,8,0.0135367123896863,0.0021544346900318,0,1,3.098882742058606e-05,0.0055667825088736,,-2.220446049250313e-16,0.0,8,"[1, 2, 4, 8, 8, 8, 8, 8, 8, 8, 4, 2, 1]",936,0.0125243230140768,3.3455060255599507e-06,,,,paper_benchmarks_ext
angle_sweep,rzz,33,2,9,7,mpo_zipup,8,8,0.0135367123896863,0.0021544346900318,0,1,3.100284244395013e-05,0.0055680411943367,,1.550154136942261e-05,1.5501541369977723e-05,8,"[1, 2, 4, 8, 8, 8, 8, 8, 8, 8, 4, 2, 1]",936,0.003714496968314,3.100317830103488e-05,,,,paper_benchmarks_ext
angle_sweep,rzz,33,2,9,7,tebd_swap,8,8,0.0135367123896863,0.0021544346900318,0,1,0.4536141763674568,0.722247664860599,,0.2938709998705435,0.2938709998705436,8,"[1, 2, 4, 8, 8, 8, 8, 8, 8, 8, 4, 2, 1]",936,0.0026989979669451,0.7432707922159383,,,,paper_benchmarks_ext
angle_sweep,rzz,33,2,9,7,variational_mpo,8,8,0.0135367123896863,0.0021544346900318,0,1,3.100284244350604e-05,0.0055680411943367,,-4.440892098500626e-16,8.881784197001252e-16,8,"[1, 2, 4, 8, 8, 8, 8, 8, 8, 8, 4, 2, 1]",936,0.3039245210238732,0.0,1.0,0.0,best_init=zipup,paper_benchmarks_ext
angle_sweep,rzz,33,2,9,7,hybrid_tdvp,8,8,0.0198691765315922,0.0031622776601683,0,1,6.676213509204665e-05,0.0081708781305718,,-6.661338147750939e-16,2.220446049250313e-16,8,"[1, 2, 4, 8, 8, 8, 8, 8, 8, 8, 4, 2, 1]",936,0.0131259629852138,7.208253808013868e-06,,,,paper_benchmarks_ext
angle_sweep,rzz,33,2,9,7,mpo_zipup,8,8,0.0198691765315922,0.0031622776601683,0,1,6.682730325602293e-05,0.0081748651221829,,3.341420988023369e-05,3.341420988012267e-05,8,"[1, 2, 4, 8, 8, 8, 8, 8, 8, 8, 4, 2, 1]",936,0.0036413149791769,6.682886443239638e-05,,,,paper_benchmarks_ext
angle_sweep,rzz,33,2,9,7,tebd_swap,8,8,0.0198691765315922,0.0031622776601683,0,1,0.4535121485083824,0.7221521081089417,,0.2938623012135852,0.2938623012135857,8,"[1, 2, 4, 8, 8, 8, 8, 8, 8, 8, 4, 2, 1]",936,0.0034678460215218,0.743294650221769,,,,paper_benchmarks_ext
angle_sweep,rzz,33,2,9,7,variational_mpo,8,8,0.0198691765315922,0.0031622776601683,0,1,6.6827303256356e-05,0.0081748651221829,,1.1102230246251563e-16,9.992007221626409e-16,8,"[1, 2, 4, 8, 8, 8, 8, 8, 8, 8, 4, 2, 1]",936,0.2889814499649219,0.0,1.0,0.0,best_init=zipup,paper_benchmarks_ext
angle_sweep,rzz,33,2,9,7,hybrid_tdvp,8,8,0.0291639627613246,0.0046415888336127,0,1,0.0001438224329262,0.011992814703892,,-6.661338147750939e-16,2.220446049250313e-16,8,"[1, 2, 4, 8, 8, 8, 8, 8, 8, 8, 4, 2, 1]",936,0.0134102920419536,1.5531988753690655e-05,,,,paper_benchmarks_ext
angle_sweep,rzz,33,2,9,7,mpo_zipup,8,8,0.0291639627613246,0.0046415888336127,0,1,0.000144125926123,0.0120054620722444,,7.206555978178653e-05,7.206555978223061e-05,8,"[1, 2, 4, 8, 8, 8, 8, 8, 8, 8, 4, 2, 1]",936,0.003495738026686,0.0001441331922494,,,,paper_benchmarks_ext
angle_sweep,rzz,33,2,9,7,tebd_swap,8,8,0.0291639627613246,0.0046415888336127,0,1,0.4533767346478559,0.7220252771071577,,0.293858062079515,0.2938580620795151,8,"[1, 2, 4, 8, 8, 8, 8, 8, 8, 8, 4, 2, 1]",936,0.0028553800075314,0.7433532521749497,,,,paper_benchmarks_ext
angle_sweep,rzz,33,2,9,7,variational_mpo,8,8,0.0291639627613246,0.0046415888336127,0,1,0.0001441259261235,0.0120054620722444,,-4.440892098500626e-16,1.1102230246251563e-16,8,"[1, 2, 4, 8, 8, 8, 8, 8, 8, 8, 4, 2, 1]",936,0.2869175900123082,0.0,1.0,0.0,best_init=zipup,paper_benchmarks_ext
angle_sweep,rzz,33,2,9,7,hybrid_tdvp,8,8,0.0428068431820296,0.0068129206905796,0,1,0.0003097791191913,0.0176012247779325,,-4.440892098500626e-16,4.440892098500626e-16,8,"[1, 2, 4, 8, 8, 8, 8, 8, 8, 8, 4, 2, 1]",936,0.012720403028652,3.347192987872821e-05,,,,paper_benchmarks_ext
angle_sweep,rzz,33,2,9,7,mpo_zipup,8,8,0.0428068431820296,0.0068129206905796,0,1,0.0003111966700493,0.017641453586894,,0.0001556104423279,0.0001556104423282,8,"[1, 2, 4, 8, 8, 8, 8, 8, 8, 8, 4, 2, 1]",936,0.0034509859979152,0.000311230576032,,,,paper_benchmarks_ext
angle_sweep,rzz,33,2,9,7,tebd_swap,8,8,0.0428068431820296,0.0068129206905796,0,1,0.4532087681733395,0.721867947624887,,0.2938698673178881,0.293869867317888,8,"[1, 2, 4, 8, 8, 8, 8, 8, 8, 8, 4, 2, 1]",936,0.0026967330486513,0.7434901106861636,,,,paper_benchmarks_ext
angle_sweep,rzz,33,2,9,7,variational_mpo,8,8,0.0428068431820296,0.0068129206905796,0,1,0.0003111966700496,0.017641453586894,,-4.440892098500626e-16,0.0,8,"[1, 2, 4, 8, 8, 8, 8, 8, 8, 8, 4, 2, 1]",936,0.2952087569865398,0.0,1.0,0.0,best_init=zipup,paper_benchmarks_ext
angle_sweep,rzz,33,2,9,7,hybrid_tdvp,8,8,0.0628318530717958,0.01,0,1,0.0006669767892951,0.0258280475628456,,-4.440892098500626e-16,1.1102230246251563e-16,8,"[1, 2, 4, 8, 8, 8, 8, 8, 8, 8, 4, 2, 1]",936,0.0135675510391592,7.215211662037623e-05,,,,paper_benchmarks_ext
angle_sweep,rzz,33,2,9,7,mpo_zipup,8,8,0.0628318530717958,0.01,0,1,0.0006736315643667,0.0259565993046728,,0.0003368725237318,0.0003368725237319,8,"[1, 2, 4, 8, 8, 8, 8, 8, 8, 8, 4, 2, 1]",936,0.0036979500437155,0.0006737906352993,,,,paper_benchmarks_ext
angle_sweep,rzz,33,2,9,7,tebd_swap,8,8,0.0628318530717958,0.01,0,1,0.4530279573633091,0.7216985758960534,,0.2939246595736122,0.2939246595736121,8,"[1, 2, 4, 8, 8, 8, 8, 8, 8, 8, 4, 2, 1]",936,0.0028180760564282,0.7438005542396104,,,,paper_benchmarks_ext
angle_sweep,rzz,33,2,9,7,variational_mpo,8,8,0.0628318530717958,0.01,0,1,0.0006736315643662,0.0259565993046728,,1.1102230246251563e-16,4.440892098500626e-16,8,"[1, 2, 4, 8, 8, 8, 8, 8, 8, 8, 4, 2, 1]",936,0.5066914170165546,0.0,1.0,0.0,best_init=zipup,paper_benchmarks_ext
angle_sweep,rzz,33,2,9,7,hybrid_tdvp,8,8,0.0922245479221194,0.0146779926762206,0,1,0.00143478069863,0.037885296845595,,-6.661338147750939e-16,0.0,8,"[1, 2, 4, 8, 8, 8, 8, 8, 8, 8, 4, 2, 1]",936,0.0126834469847381,0.0001556156741736,,,,paper_benchmarks_ext
angle_sweep,rzz,33,2,9,7,mpo_zipup,8,8,0.0922245479221194,0.0146779926762206,0,1,0.0014662148934907,0.0382982079787966,,0.0007333763671947,0.0007333763671945,8,"[1, 2, 4, 8, 8, 8, 8, 8, 8, 8, 4, 2, 1]",936,0.0036634990246966,0.0014669698176959,,,,paper_benchmarks_ext
angle_sweep,rzz,33,2,9,7,tebd_swap,8,8,0.0922245479221194,0.0146779926762206,0,1,0.4529013135241372,0.7215799372394032,,0.2940794383757714,0.2940794383757716,8,"[1, 2, 4, 8, 8, 8, 8, 8, 8, 8, 4, 2, 1]",936,0.0027753000031225,0.7444920039452805,,,,paper_benchmarks_ext
angle_sweep,rzz,33,2,9,7,variational_mpo,8,8,0.0922245479221194,0.0146779926762206,0,1,0.0014662148934911,0.0382982079787966,,2.220446049250313e-16,1.1102230246251563e-16,8,"[1, 2, 4, 8, 8, 8, 8, 8, 8, 8, 4, 2, 1]",936,0.4961153750191442,0.0,1.0,0.0,best_init=zipup,paper_benchmarks_ext
angle_sweep,rzz,33,2,9,7,hybrid_tdvp,8,8,0.1353671238968632,0.0215443469003188,0,1,0.0030802237860075,0.0555211616481409,,-4.440892098500626e-16,2.220446049250313e-16,8,"[1, 2, 4, 8, 8, 8, 8, 8, 8, 8, 4, 2, 1]",936,0.0204484320129267,0.0003360055395982,,,,paper_benchmarks_ext
angle_sweep,rzz,33,2,9,7,mpo_zipup,8,8,0.1353671238968632,0.0215443469003188,0,1,0.0032296272329348,0.0568527842352041,,0.0016161195376447,0.0016161195376447,8,"[1, 2, 4, 8, 8, 8, 8, 8, 8, 8, 4, 2, 1]",936,0.0070769870071671,0.0032333042522717,,,,paper_benchmarks_ext
angle_sweep,rzz,33,2,9,7,tebd_swap,8,8,0.1353671238968632,0.0215443469003188,0,1,0.4530065032595406,0.7216784783164742,,0.2944279298208313,0.2944279298208312,8,"[1, 2, 4, 8, 8, 8, 8, 8, 8, 8, 4, 2, 1]",936,0.0053952220478095,0.7460119341265461,,,,paper_benchmarks_ext
angle_sweep,rzz,33,2,9,7,variational_mpo,8,8,0.1353671238968632,0.0215443469003188,0,1,0.0032296272329355,0.0568527842352041,,-2.220446049250313e-16,4.440892098500626e-16,8,"[1, 2, 4, 8, 8, 8, 8, 8, 8, 8, 4, 2, 1]",936,0.3224852349958382,0.0,1.0,0.0,best_init=zipup,paper_benchmarks_ext
angle_sweep,rzz,33,2,9,7,hybrid_tdvp,8,8,0.198691765315922,0.0316227766016837,0,1,0.0065816235381076,0.0811941424311974,,-2.220446049250313e-16,3.3306690738754696e-16,8,"[1, 2, 4, 8, 8, 8, 8, 8, 8, 8, 4, 2, 1]",936,0.0146871900069527,0.0007271706053178,,,,paper_benchmarks_ext
angle_sweep,rzz,33,2,9,7,mpo_zipup,8,8,0.198691765315922,0.0316227766016837,0,1,0.0075012711483913,0.0866913572708409,,0.0037576957127314,0.0037576957127315,8,"[1, 2, 4, 8, 8, 8, 8, 8, 8, 8, 4, 2, 1]",936,0.0037095550214871,0.0075218856618913,,,,paper_benchmarks_ext
angle_sweep,rzz,33,2,9,7,tebd_swap,8,8,0.198691765315922,0.0316227766016837,0,1,0.4539684170774606,0.7225794090282586,,0.2948347300644962,0.2948347300644965,8,"[1, 2, 4, 8, 8, 8, 8, 8, 8, 8, 4, 2, 1]",936,0.0028493520221672,0.7492696546868863,,,,paper_benchmarks_ext
angle_sweep,rzz,33,2,9,7,variational_mpo,8,8,0.198691765315922,0.0316227766016837,0,1,0.0075012711483906,0.0866913572708409,,1.1102230246251563e-16,0.0,8,"[1, 2, 4, 8, 8, 8, 8, 8, 8, 8, 4, 2, 1]",936,0.2931336899637244,0.0,1.0,0.0,best_init=zipup,paper_benchmarks_ext
angle_sweep,rzz,33,2,9,7,hybrid_tdvp,8,8,0.2916396276132463,0.0464158883361277,0,1,0.0139000269702455,0.1181044804701778,,-2.220446049250313e-16,2.220446049250313e-16,8,"[1, 2, 4, 8, 8, 8, 8, 8, 8, 8, 4, 2, 1]",936,0.0171601250185631,0.0015804290699332,,,,paper_benchmarks_ext
angle_sweep,rzz,33,2,9,7,mpo_zipup,8,8,0.2916396276132463,0.0464158883361277,0,1,0.014451188756549,0.120431634778281,,0.0072518893276849,0.0072518893276855,8,"[1, 2, 4, 8, 8, 8, 8, 8, 8, 8, 4, 2, 1]",936,0.0043723600101657,0.0145309449400915,,,,paper_benchmarks_ext
angle_sweep,rzz,33,2,9,7,tebd_swap,8,8,0.2916396276132463,0.0464158883361277,0,1,0.4602357232040603,0.7284414650436464,,0.2951968989525548,0.2951968989525548,8,"[1, 2, 4, 8, 8, 8, 8, 8, 8, 8, 4, 2, 1]",936,0.0030271479627117,0.7539444776038936,,,,paper_benchmarks_ext
angle_sweep,rzz,33,2,9,7,variational_mpo,8,8,0.2916396276132463,0.0464158883361277,0,1,0.0144511887565491,0.1204316347782809,,-8.881784197001252e-16,8.881784197001252e-16,8,"[1, 2, 4, 8, 8, 8, 8, 8, 8, 8, 4, 2, 1]",936,0.3122788029722869,0.0,1.0,0.0,best_init=zipup,paper_benchmarks_ext
angle_sweep,rzz,33,2,9,7,hybrid_tdvp,8,8,0.4280684318202959,0.068129206905796,0,1,0.0283937485797075,0.1691100618732941,,-6.661338147750939e-16,4.440892098500626e-16,8,"[1, 2, 4, 8, 8, 8, 8, 8, 8, 8, 4, 2, 1]",936,0.020436700026039,0.0034471929283237,,,,paper_benchmarks_ext
angle_sweep,rzz,33,2,9,7,mpo_zipup,8,8,0.4280684318202959,0.068129206905796,0,1,0.0245354219408751,0.1571234983403105,,0.0123438968653489,0.012343896865349,8,"[1, 2, 4, 8, 8, 8, 8, 8, 8, 8, 4, 2, 1]",936,0.0050455940072424,0.024765428440119,,,,paper_benchmarks_ext
angle_sweep,rzz,33,2,9,7,tebd_swap,8,8,0.4280684318202959,0.068129206905796,0,1,0.4668522861733938,0.7346160258365504,,0.2979024190477273,0.2979024190477276,8,"[1, 2, 4, 8, 8, 8, 8, 8, 8, 8, 4, 2, 1]",936,0.003681555041112,0.7603063223326265,,,,paper_benchmarks_ext
angle_sweep,rzz,33,2,9,7,variational_mpo,8,8,0.4280684318202959,0.068129206905796,0,1,0.0245354219408742,0.1571234983403105,,1.1102230246251563e-16,1.1102230246251563e-16,8,"[1, 2, 4, 8, 8, 8, 8, 8, 8, 8, 4, 2, 1]",936,0.4184471269836649,0.0,1.0,0.0,best_init=zipup,paper_benchmarks_ext
angle_sweep,rzz,33,2,9,7,hybrid_tdvp,8,8,0.6283185307179586,0.1,0,1,0.0524010430862504,0.2304476247577999,,-8.881784197001252e-16,0.0,8,"[1, 2, 4, 8, 8, 8, 8, 8, 8, 8, 4, 2, 1]",936,0.0150341530097648,0.0073016990571019,,,,paper_benchmarks_ext
angle_sweep,rzz,33,2,9,7,mpo_zipup,8,8,0.6283185307179586,0.1,0,1,0.0379765048161298,0.195816423663146,,0.01917203588811,0.0191720358881104,8,"[1, 2, 4, 8, 8, 8, 8, 8, 8, 8, 4, 2, 1]",936,0.0033456669771112,0.0385284846779538,,,,paper_benchmarks_ext
angle_sweep,rzz,33,2,9,7,tebd_swap,8,8,0.6283185307179586,0.1,0,1,0.4746263044127271,0.7418535355561496,,0.3022464104638163,0.3022464104638166,8,"[1, 2, 4, 8, 8, 8, 8, 8, 8, 8, 4, 2, 1]",936,0.0023946410510689,0.7719800426374619,,,,paper_benchmarks_ext
angle_sweep,rzz,33,2,9,7,variational_mpo,8,8,0.6283185307179586,0.1,0,1,0.0379765048161293,0.195816423663146,,-4.440892098500626e-16,0.0,8,"[1, 2, 4, 8, 8, 8, 8, 8, 8, 8, 4, 2, 1]",936,0.4448571800021454,0.0,1.0,0.0,best_init=zipup,paper_benchmarks_ext
angle_sweep,rzz,33,2,9,7,hybrid_tdvp,8,8,0.9222454792211944,0.1467799267622069,0,1,0.0809813798733503,0.2875601205352361,,-6.661338147750939e-16,3.3306690738754696e-16,8,"[1, 2, 4, 8, 8, 8, 8, 8, 8, 8, 4, 2, 1]",936,0.0326978049706667,0.0141174727310519,,,,paper_benchmarks_ext
angle_sweep,rzz,33,2,9,7,mpo_zipup,8,8,0.9222454792211944,0.1467799267622069,0,1,0.0563069654697409,0.2390035913106288,,0.0285613583296904,0.0285613583296906,8,"[1, 2, 4, 8, 8, 8, 8, 8, 8, 8, 4, 2, 1]",936,0.0070236930041573,0.0575297787430023,,,,paper_benchmarks_ext
angle_sweep,rzz,33,2,9,7,tebd_swap,8,8,0.9222454792211944,0.1467799267622069,0,1,0.4841776904181234,0.7507227098809786,,0.3074930166703954,0.3074930166703959,8,"[1, 2, 4, 8, 8, 8, 8, 8, 8, 8, 4, 2, 1]",936,0.0048952540382742,0.7938969062967974,,,,paper_benchmarks_ext
angle_sweep,rzz,33,2,9,7,variational_mpo,8,8,0.9222454792211944,0.1467799267622069,0,1,0.0563069654697415,0.2390035913106288,,0.0,3.3306690738754696e-16,8,"[1, 2, 4, 8, 8, 8, 8, 8, 8, 8, 4, 2, 1]",936,0.454362269025296,0.0,1.0,0.0,best_init=zipup,paper_benchmarks_ext
angle_sweep,rzz,33,2,9,7,hybrid_tdvp,8,8,1.353671238968633,0.2154434690031882,0,1,0.120632070228692,0.3528563535364465,,-4.440892098500626e-16,0.0,8,"[1, 2, 4, 8, 8, 8, 8, 8, 8, 8, 4, 2, 1]",936,0.0186700340127572,0.0241468966814524,,,,paper_benchmarks_ext
angle_sweep,rzz,33,2,9,7,mpo_zipup,8,8,1.353671238968633,0.2154434690031882,0,1,0.07449138656988,0.2755591323918365,,0.0379664177222731,0.0379664177222737,8,"[1, 2, 4, 8, 8, 8, 8, 8, 8, 8, 4, 2, 1]",936,0.0037235060008242,0.0766288130024008,,,,paper_benchmarks_ext
angle_sweep,rzz,33,2,9,7,tebd_swap,8,8,1.353671238968633,0.2154434690031882,0,1,0.4851274069264009,0.751603312103331,,0.3145618689712681,0.3145618689712681,8,"[1, 2, 4, 8, 8, 8, 8, 8, 8, 8, 4, 2, 1]",936,0.0027353359619155,0.8205496686479629,,,,paper_benchmarks_ext
angle_sweep,rzz,33,2,9,7,variational_mpo,8,8,1.353671238968633,0.2154434690031882,0,1,0.0744913865698797,0.2755591323918365,,-6.661338147750939e-16,2.220446049250313e-16,8,"[1, 2, 4, 8, 8, 8, 8, 8, 8, 8, 4, 2, 1]",936,0.4257387600373477,0.0,1.0,0.0,best_init=zipup,paper_benchmarks_ext
angle_sweep,rzz,33,2,9,7,hybrid_tdvp,8,8,1.5707963267948966,0.25,1,1,0.139566530004835,0.3805376946750043,,-6.661338147750939e-16,2.220446049250313e-16,8,"[1, 2, 4, 8, 8, 8, 8, 8, 8, 8, 4, 2, 1]",936,0.019375181000214,0.0294649426037301,,,,paper_benchmarks_ext
angle_sweep,rzz,33,2,9,7,mpo_zipup,8,8,1.5707963267948966,0.25,1,1,0.0773393196533775,0.2808833251719638,,0.0394477211798305,0.0394477211798308,8,"[1, 2, 4, 8, 8, 8, 8, 8, 8, 8, 4, 2, 1]",936,0.0045794570469297,0.0796398205689286,,,,paper_benchmarks_ext
angle_sweep,rzz,33,2,9,7,tebd_swap,8,8,1.5707963267948966,0.25,1,1,0.4829487624159214,0.7495828848012338,,0.3149743805893598,0.31497438058936,8,"[1, 2, 4, 8, 8, 8, 8, 8, 8, 8, 4, 2, 1]",936,0.0025460260221734,0.8223651208853269,,,,paper_benchmarks_ext
angle_sweep,rzz,33,2,9,7,variational_mpo,8,8,1.5707963267948966,0.25,1,1,0.0773393196533783,0.2808833251719639,,-2.220446049250313e-16,3.3306690738754696e-16,8,"[1, 2, 4, 8, 8, 8, 8, 8, 8, 8, 4, 2, 1]",936,0.4179918050067499,0.0,1.0,0.0,best_init=zipup,paper_benchmarks_ext
angle_sweep,rzz,33,2,9,7,hybrid_tdvp,8,8,1.9869176531592203,0.3162277660168379,0,1,0.1704095345010744,0.4223302761460825,,-8.881784197001252e-16,0.0,8,"[1, 2, 4, 8, 8, 8, 8, 8, 8, 8, 4, 2, 1]",936,0.0207986469613388,0.0400096464886506,,,,paper_benchmarks_ext
angle_sweep,rzz,33,2,9,7,mpo_zipup,8,8,1.9869176531592203,0.3162277660168379,0,1,0.0681227804379136,0.263294973572527,,0.03466212155428,0.0346621215542806,8,"[1, 2, 4, 8, 8, 8, 8, 8, 8, 8, 4, 2, 1]",936,0.0034168270067311,0.0699135323480329,,,,paper_benchmarks_ext
angle_sweep,rzz,33,2,9,7,tebd_swap,8,8,1.9869176531592203,0.3162277660168379,0,1,0.4846114988873355,0.7511249759629751,,0.3143957182845682,0.3143957182845683,8,"[1, 2, 4, 8, 8, 8, 8, 8, 8, 8, 4, 2, 1]",936,0.0027058739797212,0.8114877022317183,,,,paper_benchmarks_ext
angle_sweep,rzz,33,2,9,7,variational_mpo,8,8,1.9869176531592203,0.3162277660168379,0,1,0.0681227804379139,0.263294973572527,,-2.220446049250313e-16,0.0,8,"[1, 2, 4, 8, 8, 8, 8, 8, 8, 8, 4, 2, 1]",936,0.4309133890201337,0.0,1.0,0.0,best_init=zipup,paper_benchmarks_ext
angle_sweep,rzz,33,2,9,7,hybrid_tdvp,8,8,2.916396276132464,0.4641588833612777,0,1,0.1951043868772906,0.4535201256218968,,-4.440892098500626e-16,6.661338147750939e-16,8,"[1, 2, 4, 8, 8, 8, 8, 8, 8, 8, 4, 2, 1]",936,0.0201724870130419,0.0618624200865848,,,,paper_benchmarks_ext
angle_sweep,rzz,33,2,9,7,mpo_zipup,8,8,2.916396276132464,0.4641588833612777,0,1,0.0098542717222753,0.0993914923236661,,0.0049393343731655,0.0049393343731658,8,"[1, 2, 4, 8, 8, 8, 8, 8, 8, 8, 4, 2, 1]",936,0.0038647839683108,0.0098906842936632,,,,paper_benchmarks_ext
angle_sweep,rzz,33,2,9,7,tebd_swap,8,8,2.916396276132464,0.4641588833612777,0,1,0.4593005037003177,0.7275675697127044,,0.297628920484032,0.2976289204840321,8,"[1, 2, 4, 8, 8, 8, 8, 8, 8, 8, 4, 2, 1]",936,0.0025076240417547,0.7512688541011912,,,,paper_benchmarks_ext
angle_sweep,rzz,33,2,9,7,variational_mpo,8,8,2.916396276132464,0.4641588833612777,0,1,0.0098542717222764,0.0993914923236661,,-4.440892098500626e-16,2.220446049250313e-16,8,"[1, 2, 4, 8, 8, 8, 8, 8, 8, 8, 4, 2, 1]",936,0.579575877985917,0.0,1.0,0.0,best_init=zipup,paper_benchmarks_ext
angle_sweep,rzz,33,2,9,7,hybrid_tdvp,8,8,3.141592653589793,0.5,1,1,0.1926758513030692,0.450528165222726,,-2.220446049250313e-16,4.440892098500626e-16,8,"[1, 2, 4, 8, 8, 8, 8, 8, 8, 8, 4, 2, 1]",936,0.0199202609946951,0.0670391146072617,,,,paper_benchmarks_ext
angle_sweep,rzz,33,2,9,7,mpo_zipup,8,8,3.141592653589793,0.5,1,1,0.0,3.1271201926045416e-15,,-2.220446049250313e-15,1.9984014443252818e-15,8,"[1, 2, 4, 8, 8, 8, 8, 8, 8, 8, 4, 2, 1]",936,0.0033815650385804,6.600044900818561e-32,,,,paper_benchmarks_ext
angle_sweep,rzz,33,2,9,7,tebd_swap,8,8,3.141592653589793,0.5,1,1,0.4538588486548397,0.7224768036794266,,0.2939056388576019,0.293905638857602,8,"[1, 2, 4, 8, 8, 8, 8, 8, 8, 8, 4, 2, 1]",936,0.0027359260129742,0.7432634089259555,,,,paper_benchmarks_ext
angle_sweep,rzz,33,2,9,7,variational_mpo,8,8,3.141592653589793,0.5,1,1,0.0,3.126245310828986e-15,,-2.220446049250313e-16,0.0,8,"[1, 2, 4, 8, 8, 8, 8, 8, 8, 8, 4, 2, 1]",936,0.3070583110093139,0.0,1.0,0.0,best_init=zipup,paper_benchmarks_ext
angle_sweep,rzz,33,2,9,7,hybrid_tdvp,8,8,4.280684318202959,0.6812920690579608,0,1,0.1573842486856111,0.4051147019611772,,-4.440892098500626e-16,4.440892098500626e-16,8,"[1, 2, 4, 8, 8, 8, 8, 8, 8, 8, 4, 2, 1]",936,0.0218251479673199,0.0834082568118855,,,,paper_benchmarks_ext
angle_sweep,rzz,33,2,9,7,mpo_zipup,8,8,4.280684318202959,0.6812920690579608,0,1,0.0670400112281742,0.2611568893034076,,0.0341014604153117,0.0341014604153122,8,"[1, 2, 4, 8, 8, 8, 8, 8, 8, 8, 4, 2, 1]",936,0.0036315089673735,0.0687747599275692,,,,paper_benchmarks_ext
angle_sweep,rzz,33,2,9,7,tebd_swap,8,8,4.280684318202959,0.6812920690579608,0,1,0.4918160891761967,0.7577991922304573,,0.3108799876134086,0.310879987613409,8,"[1, 2, 4, 8, 8, 8, 8, 8, 8, 8, 4, 2, 1]",936,0.0026719460147432,0.808745583480192,,,,paper_benchmarks_ext
angle_sweep,rzz,33,2,9,7,variational_mpo,8,8,4.280684318202959,0.6812920690579608,0,1,0.0670400112281747,0.2611568893034075,,-8.881784197001252e-16,1.1102230246251563e-15,8,"[1, 2, 4, 8, 8, 8, 8, 8, 8, 8, 4, 2, 1]",936,0.4305547460098751,0.0,1.0,0.0,best_init=zipup,paper_benchmarks_ext
angle_sweep,rzz,33,2,9,7,hybrid_tdvp,8,8,6.283185307179586,1.0,1,1,0.1513117923150535,0.3968809600675514,,-2.220446049250313e-16,4.440892098500626e-16,8,"[1, 2, 4, 8, 8, 8, 8, 8, 8, 8, 4, 2, 1]",936,0.0220450000488199,0.073217643526736,,,,paper_benchmarks_ext
angle_sweep,rzz,33,2,9,7,mpo_zipup,8,8,6.283185307179586,1.0,1,1,2.220446049250313e-16,3.4008222810848205e-15,,-2.220446049250313e-16,4.440892098500626e-16,8,"[1, 2, 4, 8, 8, 8, 8, 8, 8, 8, 4, 2, 1]",936,0.0031259930110536,3.3213975620466904e-32,,,,paper_benchmarks_ext
angle_sweep,rzz,33,2,9,7,tebd_swap,8,8,6.283185307179586,1.0,1,1,0.4538588486548398,0.7224768036794268,,0.2939056388576014,0.2939056388576015,8,"[1, 2, 4, 8, 8, 8, 8, 8, 8, 8, 4, 2, 1]",936,0.0027251100400462,0.7432634089259553,,,,paper_benchmarks_ext
angle_sweep,rzz,33,2,9,7,variational_mpo,8,8,6.283185307179586,1.0,1,1,3.3306690738754696e-16,1.6456113365167021e-16,,-2.220446049250313e-16,0.0,8,"[1, 2, 4, 8, 8, 8, 8, 8, 8, 8, 4, 2, 1]",936,0.0098576179589144,0.0,1.0,0.0,best_init=input,paper_benchmarks_ext
