{
  "case_name": "trivial",
  "L": 2,
  "k": 30,
  "dt": 0.1,
  "cut": 15,
  "J": 0.0,
  "g": 0.0,
  "n_pasts": 32,
  "n_futures": 32,
  "n_seeds": 1,
  "delta": 147.42769081752363,
  "delta_norm": 0.14397235400602312,
  "entropy": 1.8396588161546485,
  "rank": 17,
  "participation_ratio": 4.0894126179008445,
  "max_row_distance": 5.3681928127297915,
  "mean_row_distance": 2.639148775569089,
  "median_row_distance": 2.4155603722781636,
  "delta_z": 107.84147592540872,
  "delta_z_norm": 0.29844862145089973,
  "entropy_z": 1.578882828783876,
  "rank_z": 14,
  "participation_ratio_z": 3.2124087780773345
}