{
  "case_name": "markov_ref",
  "cut": 15,
  "cut_comparison_mode": "cut_comparison_fresh_probes",
  "J": 0.0,
  "g": 1.0,
  "L": 2,
  "k": 20,
  "dt": 0.1,
  "n_pasts": 32,
  "n_futures": 32,
  "fraction_terminated_early": 0.0009765625,
  "fraction_any_prob_skipped_renormalize": 0.0,
  "fraction_weight_lt_1e-12": 0.0322265625,
  "fraction_weight_lt_1e-10": 0.2333984375,
  "fraction_weight_lt_1e-08": 0.5986328125,
  "fraction_weight_lt_1e-06": 0.9423828125,
  "mean_cumulative_weight": 5.425279563775179e-07,
  "median_cumulative_weight": 2.4207713325246016e-09,
  "metrics_V_raw": {
    "frobenius": 31.999999978629276,
    "frobenius_sq": 1023.9999986322737,
    "entropy_sv": 0.0021862499341281667,
    "rank_tol": 2,
    "participation_ratio": 0.9995330675675758,
    "mean_row_norm": 5.65685424571454,
    "std_row_norm": 2.0231300768973875e-10,
    "mean_col_norm": 1.436740588320745,
    "std_col_norm": 1.394047257746021
  },
  "metrics_V_centered_past": {
    "frobenius": 0.4894201791420083,
    "frobenius_sq": 0.2395321117513955,
    "entropy_sv": 2.141404136484463e-27,
    "rank_tol": 1,
    "participation_ratio": 1.0,
    "mean_row_norm": 0.03010701831456596,
    "std_row_norm": 0.08240855539949872,
    "mean_col_norm": 0.004055601197861421,
    "std_col_norm": 0.030378104155170917
  },
  "metrics_V_centered_global": {
    "frobenius": 29.766486774329824,
    "frobenius_sq": 886.0437348863524,
    "entropy_sv": 0.002481793202825109,
    "rank_tol": 2,
    "participation_ratio": 0.9994617959142775,
    "mean_row_norm": 5.262020838759815,
    "std_row_norm": 0.0018755213534430092,
    "mean_col_norm": 1.5134697461370414,
    "std_col_norm": 1.0840239537428094
  },
  "metrics_V_centered_rowcol": {
    "frobenius": 0.4887055124698553,
    "frobenius_sq": 0.23883307791842387,
    "entropy_sv": 2.141404136484463e-27,
    "rank_tol": 1,
    "participation_ratio": 1.0,
    "mean_row_norm": 0.030063055103598656,
    "std_row_norm": 0.08228821984621723,
    "mean_col_norm": 0.005656415039509933,
    "std_col_norm": 0.030074570716022913
  },
  "row_distance_raw": {
    "max_row_distance": 0.4972513992599281,
    "mean_row_distance": 0.03107821245374551,
    "median_row_distance": 0.0
  },
  "row_distance_centered_past": {
    "max_row_distance": 0.4972513992599281,
    "mean_row_distance": 0.03107821245374551,
    "median_row_distance": 0.0
  },
  "delta_norm_centered_past": 0.00023391807819465957,
  "corr_weight_vs_centered_block_norm": -0.009690336258695672,
  "corr_terminated_early_vs_centered_block_norm": 0.9846734798891383,
  "summarize_weights": {
    "mean_weight_by_past": [
      3.1050843998164515e-10,
      4.48998317257253e-08,
      2.5200732470790257e-07,
      1.4078277083032912e-12,
      2.5191474121550873e-09,
      3.5561215402377015e-11,
      6.542267766192941e-07,
      1.619799152742675e-08,
      2.938411188955699e-10,
      5.052920909413491e-10,
      1.6184458577848282e-07,
      1.840423446713621e-10,
      7.709107188171579e-10,
      3.824847203512754e-08,
      1.4418097230949222e-10,
      5.224117071211427e-07,
      2.820245746368692e-10,
      9.241641195362365e-09,
      2.761683106305351e-08,
      2.4688812327474306e-06,
      1.9139082081715397e-07,
      4.4059343134037344e-08,
      9.996796417103937e-08,
      9.372510037257485e-11,
      6.06573729549308e-10,
      7.314574834962046e-08,
      2.932710949799402e-07,
      1.0570914655482342e-08,
      2.035957895170247e-10,
      1.081289611005157e-08,
      5.6304280087617036e-11,
      1.2436092311727255e-05
    ],
    "mean_weight_by_future": [
      8.25471378199534e-07,
      5.048955427802719e-08,
      1.2912264633374776e-07,
      3.5887602933408413e-07,
      3.3736990253491176e-07,
      3.194285105464466e-07,
      1.8132871198565486e-06,
      9.716400004321632e-09,
      2.8230875172651122e-08,
      2.7854155060986073e-08,
      5.263861453738837e-07,
      2.9975581471677727e-07,
      3.0210378391751667e-07,
      4.299326071355755e-07,
      4.0000781801025256e-08,
      1.5047287475888249e-06,
      4.855206714778804e-07,
      1.1411605414334777e-06,
      1.7200247017686537e-07,
      2.1105011624286793e-07,
      8.08829146694893e-07,
      4.0873579535419057e-07,
      3.26820293575275e-08,
      5.165278131509254e-07,
      3.654011421623888e-08,
      1.5191523958225918e-06,
      8.42417648509234e-08,
      3.8686657961152174e-07,
      1.2836736450818593e-08,
      2.3567543028666177e-06,
      2.185163120999541e-06,
      7.655351883036871e-11
    ]
  },
  "mean_centered_block_norm_by_past": [
    0.00048559706958977355,
    0.00048559706958977355,
    0.00048559706958977355,
    0.01505350915728298,
    0.00048559706958977355,
    0.00048559706958977355,
    0.00048559706958977355,
    0.00048559706958977355,
    0.00048559706958977355,
    0.00048559706958977355,
    0.00048559706958977355,
    0.00048559706958977355,
    0.00048559706958977355,
    0.00048559706958977355,
    0.00048559706958977355,
    0.00048559706958977355,
    0.00048559706958977355,
    0.00048559706958977355,
    0.00048559706958977355,
    0.00048559706958977355,
    0.00048559706958977355,
    0.00048559706958977355,
    0.00048559706958977355,
    0.00048559706958977355,
    0.00048559706958977355,
    0.00048559706958977355,
    0.00048559706958977355,
    0.00048559706958977355,
    0.00048559706958977355,
    0.00048559706958977355,
    0.00048559706958977355,
    0.00048559706958977355
  ],
  "mean_centered_block_norm_by_future": [
    0.0,
    0.0,
    0.0,
    0.0,
    0.0,
    0.0,
    0.0,
    0.0,
    0.0,
    0.0,
    0.0,
    0.0,
    0.0,
    0.0,
    0.0,
    0.0,
    0.0,
    0.0,
    0.0,
    0.0,
    0.0,
    0.0,
    0.0,
    0.0,
    0.0,
    0.0,
    0.0,
    0.0,
    0.0,
    0.0,
    0.0,
    0.030107018314565925
  ],
  "weighted_variants": {
    "masked_lt_1e-12_thr1e-12": {
      "frobenius": 31.480152453402866,
      "frobenius_sq": 990.9999984894865,
      "entropy_sv": 0.10236765265606228,
      "rank_tol": 4,
      "participation_ratio": 0.9662756939434022,
      "mean_row_norm": 5.555105340732649,
      "std_row_norm": 0.33628652324120295,
      "mean_col_norm": 1.4097640538597174,
      "std_col_norm": 1.3751530659550368
    },
    "weighted_sqrt_thr1e-12": {
      "frobenius": 0.023570079017651444,
      "frobenius_sq": 0.0005555486248983328,
      "entropy_sv": 2.970808306802521e-12,
      "rank_tol": 2,
      "participation_ratio": 0.9999999999998084,
      "mean_row_norm": 0.0018656824192858933,
      "std_row_norm": 0.003785217241092127,
      "mean_col_norm": 0.0008329759361754438,
      "std_col_norm": 0.0012173956514046123
    },
    "weighted_linear_thr1e-12": {
      "frobenius": 0.000111767176501654,
      "frobenius_sq": 1.2491901743151879e-08,
      "entropy_sv": 5.249858658845165e-23,
      "rank_tol": 1,
      "participation_ratio": 1.0,
      "mean_row_norm": 4.768685234367867e-06,
      "std_row_norm": 1.9480519847578236e-05,
      "mean_col_norm": 2.9731971898533993e-06,
      "std_col_norm": 6.333504729838261e-06
    },
    "masked_lt_1e-10_thr1e-10": {
      "frobenius": 28.01785143827236,
      "frobenius_sq": 784.9999992171005,
      "entropy_sv": 0.40596845023075967,
      "rank_tol": 11,
      "participation_ratio": 0.835839182863145,
      "mean_row_norm": 4.776424902582036,
      "std_row_norm": 1.331316157125382,
      "mean_col_norm": 1.2309571447042265,
      "std_col_norm": 1.247891701623207
    },
    "weighted_sqrt_thr1e-10": {
      "frobenius": 0.023570079017651444,
      "frobenius_sq": 0.0005555486248983328,
      "entropy_sv": 2.970808306802521e-12,
      "rank_tol": 2,
      "participation_ratio": 0.9999999999998084,
      "mean_row_norm": 0.0018656824192858933,
      "std_row_norm": 0.003785217241092127,
      "mean_col_norm": 0.0008329759361754438,
      "std_col_norm": 0.0012173956514046123
    },
    "weighted_linear_thr1e-10": {
      "frobenius": 0.000111767176501654,