{
  "case_name": "trivial",
  "L": 2,
  "k": 20,
  "dt": 0.1,
  "cut": 10,
  "J": 0.0,
  "g": 0.0,
  "n_pasts": 32,
  "n_futures": 32,
  "n_seeds": 1,
  "branch_weight_beta": 1.0,
  "delta": 4.846363724206805e-07,
  "delta_norm": 0.963036266244388,
  "entropy": 2.141404136484463e-27,
  "rank": 1,
  "max_row_distance": 0.0007089608679006593,
  "mean_row_distance": 4.7276598632337426e-05,
  "median_row_distance": 5.363703318035455e-07,
  "weight_preparation": {
    "weight_data_invalid": false,
    "nan_count": 0,
    "posinf_count": 0,
    "neginf_count": 0,
    "negative_count": 0,
    "warnings": []
  }
}