scenario,workers,L,gamma,dt,T,target_se,N_pilot,chi_A,chi_B,alpha,std_A,std_B,kappa_var,N_req_A,N_req_B,N_run_A,N_run_B,P_A,P_B,predicted_TA_TB,time_A_median_s,time_B_median_s,measured_TA_TB,predicted_preferred,measured_preferred,agreement
dephasing,8,16,0.1,0.1,2.0,0.02,250,169.46800000000002,107.748,1.5728180569476928,0.0464838623505958,0.23411798163414982,25.36676757937301,6,138,6,138,6,8,0.22555183259688766,12.825632339110598,155.319691436016,0.08257570061162606,A,A,True
bitflip,8,16,0.1,0.1,2.0,0.02,250,170.324,110.616,1.539777247414479,0.0681476455222616,0.06662919293190613,0.9559328676398284,12,12,12,12,8,8,3.650679389131943,26.530933039961383,13.619277804042213,1.9480425777119386,B,B,True
depolarizing,8,16,0.1,0.1,2.0,0.02,250,144.16,65.876,2.1883538769809943,0.0797098451043773,0.22538876644158964,7.995407494707855,16,128,16,128,8,8,1.3099739858215045,29.368197585106827,48.67558265896514,0.6033455786419385,B,A,False
