{
  "case_name": "trivial",
  "cut": 10,
  "cut_comparison_mode": "asymmetry_grid",
  "J": 0.0,
  "g": 0.0,
  "L": 2,
  "k": 20,
  "dt": 0.1,
  "n_pasts": 32,
  "n_futures": 32,
  "fraction_terminated_early": 0.00390625,
  "fraction_any_prob_skipped_renormalize": 0.0,
  "fraction_weight_lt_1e-12": 0.0771484375,
  "fraction_weight_lt_1e-10": 0.251953125,
  "fraction_weight_lt_1e-08": 0.5888671875,
  "fraction_weight_lt_1e-06": 0.921875,
  "mean_cumulative_weight": 9.355910128701395e-07,
  "median_cumulative_weight": 3.2261092205257684e-09,
  "metrics_V_raw": {
    "frobenius": 32.00000001108089,
    "frobenius_sq": 1024.0000007091771,
    "entropy_sv": 0.015275727208212114,
    "rank_tol": 2,
    "participation_ratio": 0.9957344908993355,
    "mean_row_norm": 5.656854251451227,
    "std_row_norm": 9.855380867889077e-10,
    "mean_col_norm": 1.467552302304743,
    "std_col_norm": 1.3614443053843566
  },
  "metrics_V_centered_past": {
    "frobenius": 1.4912487465165127,
    "frobenius_sq": 2.2238228239870703,
    "entropy_sv": 2.141404136484463e-27,
    "rank_tol": 1,
    "participation_ratio": 1.0,
    "mean_row_norm": 0.09173519040766615,
    "std_row_norm": 0.2510964201704511,
    "mean_col_norm": 0.02016661124691986,
    "std_col_norm": 0.09117338832666129
  },
  "metrics_V_centered_global": {
    "frobenius": 29.47936297374762,
    "frobenius_sq": 869.032841337962,
    "entropy_sv": 0.017559458546179157,
    "rank_tol": 2,
    "participation_ratio": 0.994984600964248,
    "mean_row_norm": 5.211264254302785,
    "std_row_norm": 0.0010959808591240086,
    "mean_col_norm": 1.5016212373185045,
    "std_col_norm": 1.0697022825768423
  },
  "metrics_V_centered_rowcol": {
    "frobenius": 1.4911786527580901,
    "frobenius_sq": 2.2236137744414326,
    "entropy_sv": 2.141404136484463e-27,
    "rank_tol": 1,
    "participation_ratio": 1.0,
    "mean_row_norm": 0.09173087854199634,
    "std_row_norm": 0.25108461778546515,
    "mean_col_norm": 0.020999671989234067,
    "std_col_norm": 0.09097987929219374
  },
  "row_distance_raw": {
    "max_row_distance": 1.5151102415717763,
    "mean_row_distance": 0.09469439009823602,
    "median_row_distance": 0.0
  },
  "row_distance_centered_past": {
    "max_row_distance": 1.5151102415717763,
    "mean_row_distance": 0.09469439009823602,
    "median_row_distance": 0.0
  },
  "delta_norm_centered_past": 0.0021717019750458486,
  "corr_weight_vs_centered_block_norm": -0.011039804590077633,
  "corr_terminated_early_vs_centered_block_norm": 0.7726951197905626,
  "summarize_weights": {
    "mean_weight_by_past": [
      2.415112211965397e-10,
      1.579935494181476e-08,
      8.509936194849463e-07,
      1.5707528994178934e-07,
      1.1687178979412088e-08,
      6.728482677026441e-07,
      2.7041289475896167e-09,
      9.454037886518438e-06,
      1.3158036491103535e-08,
      2.561097881216656e-07,
      4.261785351352746e-08,
      2.3646407546061022e-07,
      1.1916347517793066e-08,
      2.921036490860778e-07,
      1.2862591039688162e-05,
      1.1484834171594804e-07,
      3.6805605095352056e-10,
      4.2934820486750606e-07,
      6.584898691961656e-07,
      1.071901372928585e-06,
      6.297139148631698e-10,
      6.356362780630258e-09,
      1.6471983837506402e-08,
      1.765250564940546e-07,
      3.427830485276351e-09,
      1.416469382328751e-08,
      1.1112123253757509e-07,
      1.3126884649602731e-08,
      1.8530348991469985e-12,
      2.2108378940657286e-06,
      2.3071511121567668e-07,
      2.2992262943211006e-10
    ],
    "mean_weight_by_future": [
      1.1668586474795688e-08,
      4.255747346514699e-11,
      1.1758303513332187e-07,
      7.244006749333671e-11,
      1.9519222556888823e-07,
      8.113867051689581e-07,
      1.0265909526633221e-06,
      2.1357020971483234e-08,
      1.259501740902944e-07,
      8.821087286230015e-07,
      6.001735403791421e-09,
      4.658148636579437e-08,
      7.34780347639121e-08,
      9.894705876857517e-09,
      5.889483080763502e-07,
      7.830777030832278e-09,
      1.48792106972015e-07,
      3.672384121755143e-09,
      1.2741548116116492e-08,
      2.3463315811135571e-07,
      1.8012988546680823e-06,
      2.1214099573065443e-06,
      2.536772429796062e-06,
      2.5512421749524986e-07,
      1.7410384169418454e-07,
      1.4293213769074777e-05,
      2.7480216673571745e-08,
      1.0245995278397948e-06,
      1.6479406083282096e-11,
      3.3787104096607695e-06,
      2.6086826596809988e-11,
      1.6299503289414906e-09
    ]
  },
  "mean_centered_block_norm_by_past": [
    0.0023259093945128045,
    0.0023259093945128045,
    0.0023259093945128045,
    0.0023259093945128045,
    0.0023259093945128045,
    0.0023259093945128045,
    0.0023259093945128045,
    0.0023259093945128045,
    0.0023259093945128045,
    0.0023259093945128045,
    0.0023259093945128045,
    0.0023259093945128045,
    0.0023259093945128045,
    0.0023259093945128045,
    0.0023259093945128045,
    0.0023259093945128045,
    0.0023259093945128045,
    0.0023259093945128045,
    0.0023259093945128045,
    0.0023259093945128045,
    0.0023259093945128045,
    0.0023259093945128045,
    0.0023259093945128045,
    0.0023259093945128045,
    0.0023259093945128045,
    0.0023259093945128045,
    0.0023259093945128045,
    0.0023259093945128045,
    0.07210319122989695,
    0.0023259093945128045,
    0.0023259093945128045,
    0.0023259093945128045
  ],
  "mean_centered_block_norm_by_future": [
    0.0,
    0.0,
    0.0,
    0.033471082608291736,
    0.0,
    0.0,
    0.0,
    0.0,
    0.0,
    0.0,
    0.0,
    0.0,
    0.0,
    0.0,
    0.0,
    0.0,
    0.0,
    0.0,
    0.0,
    0.0,
    0.0,
    0.0,
    0.0,
    0.0,
    0.0,
    0.0,
    0.0,
    0.0,
    0.07949106667751558,
    0.0,
    0.031244233173986537,
    0.0
  ],
  "weighted_variants": {
    "masked_lt_1e-12_thr1e-12": {
      "frobenius": 30.74085231159073,
      "frobenius_sq": 945.000000843033,
      "entropy_sv": 0.21510680687674508,
      "rank_tol": 7,
      "participation_ratio": 0.9204949471852042,
      "mean_row_norm": 5.415898165865515,
      "std_row_norm": 0.4535703049042873,
      "mean_col_norm": 1.4026451130909985,
      "std_col_norm": 1.3155811250708003
    },
    "weighted_sqrt_thr1e-12": {
      "frobenius": 0.030952305122083575,
      "frobenius_sq": 0.0009580451923705611,
      "entropy_sv": 1.8872356970389343e-11,
      "rank_tol": 2,
      "participation_ratio": 0.9999999999987013,
      "mean_row_norm": 0.003038334471905922,
      "std_row_norm": 0.004623355675435608,
      "mean_col_norm": 0.0008643303264377169,
      "std_col_norm": 0.0017340828650071164
    },
    "weighted_linear_thr1e-12": {
      "frobenius": 0.0002651718637127792,
      "frobenius_sq": 7.031611730490876e-08,
      "entropy_sv": 5.317965705965852e-22,
      "rank_tol": 1,
      "participation_ratio": 1.0,
      "mean_row_norm": 1.529799348805061e-05,
      "std_row_norm": 4.501870648912542e-05,
      "mean_col_norm": 4.058868160856346e-06,
      "std_col_norm": 1.6100014389668664e-05
    },
    "masked_lt_1e-10_thr1e-10": {
      "frobenius": 27.67670501667148,
      "frobenius_sq": 766.0000005798482,
      "entropy_sv": 0.4097216985609459,
      "rank_tol": 13,
      "participation_ratio": 0.8474629995560659,
      "mean_row_norm": 4.771887271247052,
      "std_row_norm": 1.097371352386279,
      "mean_col_norm": 1.2280656597290054,
      "std_col_norm": 1.2205990378254505
    },
    "weighted_sqrt_thr1e-10": {
      "frobenius": 0.030952305122083575,
      "frobenius_sq": 0.0009580451923705611,
      "entropy_sv": 1.8872356970389343e-11,
      "rank_tol": 2,
      "participation_ratio": 0.9999999999987013,
      "mean_row_norm": 0.003038334471905922,
      "std_row_norm": 0.004623355675435608,
      "mean_col_norm": 0.0008643303264377169,
      "std_col_norm": 0.0017340828650071164
    },
    "weighted_linear_thr1e-10": {
      "frobenius": 0.0002651718637127792,
      "frobenius_sq": 7.031611730490876e-08,