{
  "case_name": "sweep",
  "L": 2,
  "k": 20,
  "dt": 0.1,
  "cut": 5,
  "J": 1.6,
  "g": 1.0,
  "n_pasts": 32,
  "n_futures": 32,
  "n_seeds": 1,
  "branch_weight_beta": 1.0,
  "delta": 8.458324635706885e-10,
  "delta_norm": 0.7655590706758219,
  "entropy": 0.010635988957825554,
  "rank": 4,
  "max_row_distance": 2.471444530323767e-05,
  "mean_row_distance": 4.334728478015149e-06,
  "median_row_distance": 1.8271328256722992e-06,
  "weight_preparation": {
    "weight_data_invalid": false,
    "nan_count": 0,
    "posinf_count": 0,
    "neginf_count": 0,
    "negative_count": 0,
    "warnings": []
  }
}