{
  "case_name": "nm_mid",
  "cut": 15,
  "cut_comparison_mode": "cut_comparison_fresh_probes",
  "J": 1.0,
  "g": 1.0,
  "L": 2,
  "k": 20,
  "dt": 0.1,
  "n_pasts": 64,
  "n_futures": 16,
  "fraction_terminated_early": 0.0,
  "fraction_any_prob_skipped_renormalize": 0.0,
  "fraction_weight_lt_1e-12": 0.052734375,
  "fraction_weight_lt_1e-10": 0.23828125,
  "fraction_weight_lt_1e-08": 0.6025390625,
  "fraction_weight_lt_1e-06": 0.9404296875,
  "mean_cumulative_weight": 3.996784464295988e-07,
  "median_cumulative_weight": 3.06193088534904e-09,
  "metrics_V_raw": {
    "frobenius": 31.855190101590978,
    "frobenius_sq": 1014.7531364084998,
    "entropy_sv": 0.02335418967177705,
    "rank_tol": 62,
    "participation_ratio": 0.9934624745090423,
    "mean_row_norm": 3.981893051127396,
    "std_row_norm": 0.0067976291804669724,
    "mean_col_norm": 2.0646888149534957,
    "std_col_norm": 1.9218938102623884
  },
  "metrics_V_centered_past": {
    "frobenius": 1.824616448133976,
    "frobenius_sq": 3.329225182801046,
    "entropy_sv": 0.40446059773151066,
    "rank_tol": 63,
    "participation_ratio": 0.8267933233014324,
    "mean_row_norm": 0.19749304674709106,
    "std_row_norm": 0.11498798818843763,
    "mean_col_norm": 0.10300240554574408,
    "std_col_norm": 0.12458465649863651
  },
  "metrics_V_centered_global": {
    "frobenius": 28.312706997898292,
    "frobenius_sq": 801.6093775488389,
    "entropy_sv": 0.0285000211258034,
    "rank_tol": 63,
    "participation_ratio": 0.9917600497529058,
    "mean_row_norm": 3.539057060828762,
    "std_row_norm": 0.015005417813449553,
    "mean_col_norm": 2.079292384096721,
    "std_col_norm": 1.3979932320835338
  },
  "metrics_V_centered_rowcol": {
    "frobenius": 1.8196298290612547,
    "frobenius_sq": 3.311052714809491,
    "entropy_sv": 0.40332797682347643,
    "rank_tol": 63,
    "participation_ratio": 0.8271604116711181,
    "mean_row_norm": 0.1969018266482354,
    "std_row_norm": 0.11476349989511823,
    "mean_col_norm": 0.10643295029515312,
    "std_col_norm": 0.12105416834362537
  },
  "row_distance_raw": {
    "max_row_distance": 0.8668371322053438,
    "mean_row_distance": 0.27624261124493593,
    "median_row_distance": 0.24119552863634736
  },
  "row_distance_centered_past": {
    "max_row_distance": 0.8668371322053438,
    "mean_row_distance": 0.27624261124493593,
    "median_row_distance": 0.24119552863634736
  },
  "delta_norm_centered_past": 0.003280822757132953,
  "corr_weight_vs_centered_block_norm": -0.018980220120653334,
  "corr_terminated_early_vs_centered_block_norm": NaN,
  "summarize_weights": {
    "mean_weight_by_past": [
      1.9559005146326194e-08,
      1.755505260669958e-08,
      2.7077713012844983e-10,
      1.1567672630849098e-08,
      3.255367164061111e-06,
      1.2558807778589315e-09,
      5.299168198572002e-07,
      4.34828187863091e-12,
      1.4543843923286376e-11,
      8.447590303910463e-08,
      2.813599263912875e-10,
      1.4228219965006644e-10,
      1.6053096474595607e-08,
      8.851420142863562e-08,
      2.7665027826164507e-07,
      8.355211743274786e-08,
      3.775540475200396e-07,
      3.2557550292120034e-07,
      2.492272775221828e-07,
      3.08746513748521e-09,
      1.043372293638807e-07,
      2.365375913741032e-07,
      1.3703881444560013e-08,
      1.711718528591156e-07,
      7.586720441917397e-12,
      4.64019860078107e-08,
      1.18317690389558e-05,
      1.1993050366479525e-07,
      4.745408901661859e-09,
      7.877547553583641e-11,
      5.048906775603795e-10,
      3.3982148414460236e-10,
      7.85438433453082e-12,
      2.9514735377338883e-12,
      7.701022250194889e-10,
      1.3151976883579915e-09,
      2.9710093854760758e-06,
      2.1899173201146418e-08,
      6.225940229792589e-07,
      1.2281732209252571e-09,
      1.1226876811650918e-06,
      2.574584281171519e-07,
      2.4619403432150465e-08,
      5.961807644335836e-08,
      1.1760222601540572e-06,
      1.9090996721899883e-07,
      2.8677907758231046e-08,
      2.4766464076293083e-13,
      2.848253643416427e-09,
      8.17360061362495e-11,
      1.7411034115890824e-10,
      6.176615176096235e-07,
      3.2714840133355867e-10,
      7.3882977096865525e-09,
      2.519595913930569e-10,
      5.024149394569112e-09,
      5.791197947357884e-10,
      2.2066566083072443e-09,
      3.761571810446987e-12,
      3.968741829779525e-09,
      1.1808739336832018e-09,
      5.743684091343555e-07,
      8.382229929145988e-09,
      5.9994102637879996e-09
    ],
    "mean_weight_by_future": [
      1.4803681894439843e-06,
      5.926761861161818e-07,
      5.027489980439213e-09,
      6.114477264334396e-08,
      8.64683175236925e-08,
      6.413264411741418e-07,
      1.3872184317768558e-08,
      3.328200170653158e-08,
      1.468420521050578e-07,
      2.2000643582139584e-07,
      4.265684830647461e-08,
      1.5293597373485266e-06,
      1.216926960809989e-08,
      8.083611049852434e-07,
      6.596993539791244e-08,
      6.553241763947865e-07
    ]
  },
  "mean_centered_block_norm_by_past": [
    0.033593614668311886,
    0.04899237854353786,
    0.012669528072816807,
    0.052507805598276176,
    0.009399090821849001,
    0.06864954387148527,
    0.014359547890814872,
    0.1286547537375713,
    0.016969245275956068,
    0.08256779738794386,
    0.04356864123705992,
    0.05917132490519593,
    0.02857244794288516,
    0.07175609664626853,
    0.022810593547898494,
    0.05692625149903008,
    0.024837019416643527,
    0.006249483691627289,
    0.028010935831619628,
    0.01941332598868837,
    0.014941050315215908,
    0.058785708519649996,
    0.07261386239373231,
    0.060935312093265345,
    0.007193286948294473,
    0.036429064555378685,
    0.049670163719342963,
    0.041062318430084926,
    0.06978984592610131,
    0.06165224786858805,
    0.05490122487725153,
    0.04838292050776995,
    0.031634236485336566,
    0.06729120721477294,
    0.08595222172933184,
    0.026828810907035202,
    0.04007353134665434,
    0.03654565742379992,
    0.0059928970686187995,
    0.0355815014469644,
    0.032959218711163016,
    0.005017909546773515,
    0.015156874542098882,
    0.015312149478655064,
    0.06102747238798456,
    0.006575847740959734,
    0.03052138787240788,
    0.09002574308046468,
    0.041950638604807,
    0.04342426194358437,
    0.1180459853630798,
    0.030336092440459914,
    0.020342517185985915,
    0.06048053635937828,
    0.021294775098759166,
    0.05240320234281094,
    0.014117698066876648,
    0.06913532158652617,
    0.04663668714966748,
    0.0335493559901174,
    0.09298273293107873,
    0.01164347364247204,
    0.060711915543506904,
    0.06290078871375163
  ],
  "mean_centered_block_norm_by_future": [
    0.05658906150290451,
    0.04974976871957372,
    0.06407052413757434,
    0.047132164608189975,
    0.052853545133005615,
    0.03973804490448584,
    0.016995132632041814,
    0.046157536462067925,
    0.05424331918927338,
    0.060605417536926706,
    0.022822228439541473,
    0.05061674151874847,
    0.06409133258283292,
    0.03940224510409911,
    0.003659739926474989,
    0.02439546827126898
  ],
  "weighted_variants": {
    "masked_lt_1e-12_thr1e-12": {
      "frobenius": 31.002589069451442,
      "frobenius_sq": 961.16052900927,
      "entropy_sv": 0.15741079208098466,
      "rank_tol": 62,
      "participation_ratio": 0.946955124152662,
      "mean_row_norm": 3.8492041082791832,
      "std_row_norm": 0.45272900736476074,
      "mean_col_norm": 2.009424526912782,
      "std_col_norm": 1.8704578622833659
    },
    "weighted_sqrt_thr1e-12": {
      "frobenius": 0.02012961465017599,
      "frobenius_sq": 0.00040520138596457985,
      "entropy_sv": 0.013836897322190652,
      "rank_tol": 28,
      "participation_ratio": 0.9963261885372572,
      "mean_row_norm": 0.0012620956078625788,
      "std_row_norm": 0.002193991525456695,
      "mean_col_norm": 0.0010426593238910512,
      "std_col_norm": 0.0014473643228686956
    },