{
  "case_name": "trivial",
  "cut": 10,
  "cut_comparison_mode": "asymmetry_grid",
  "J": 0.0,
  "g": 0.0,
  "L": 2,
  "k": 20,
  "dt": 0.1,
  "n_pasts": 64,
  "n_futures": 32,
  "fraction_terminated_early": 0.00146484375,
  "fraction_any_prob_skipped_renormalize": 0.0,
  "fraction_weight_lt_1e-12": 0.0654296875,
  "fraction_weight_lt_1e-10": 0.29150390625,
  "fraction_weight_lt_1e-08": 0.6728515625,
  "fraction_weight_lt_1e-06": 0.96044921875,
  "mean_cumulative_weight": 2.521079600212288e-07,
  "median_cumulative_weight": 1.3261539799043715e-09,
  "metrics_V_raw": {
    "frobenius": 45.254833880515854,
    "frobenius_sq": 2047.9999895530857,
    "entropy_sv": 0.00664389285193852,
    "rank_tol": 2,
    "participation_ratio": 0.9983621484626881,
    "mean_row_norm": 5.656854235064481,
    "std_row_norm": 8.551211960751778e-10,
    "mean_col_norm": 2.0937386707387695,
    "std_col_norm": 1.9053712874637418
  },
  "metrics_V_centered_past": {
    "frobenius": 1.3038785016988679,
    "frobenius_sq": 1.7000991471924847,
    "entropy_sv": 4.351885825758746e-27,
    "rank_tol": 1,
    "participation_ratio": 1.0,
    "mean_row_norm": 0.04042662017975056,
    "std_row_norm": 0.15913971118377998,
    "mean_col_norm": 0.015031515236944844,
    "std_col_norm": 0.08025099977169543
  },
  "metrics_V_centered_global": {
    "frobenius": 42.61786250826369,
    "frobenius_sq": 1816.282204773268,
    "entropy_sv": 0.007373837547974845,
    "rank_tol": 2,
    "participation_ratio": 0.9981552897922941,
    "mean_row_norm": 5.327232797370881,
    "std_row_norm": 0.0004182482890602302,
    "mean_col_norm": 2.169671982872057,
    "std_col_norm": 1.5481402092082992
  },
  "metrics_V_centered_rowcol": {
    "frobenius": 1.3038453555116218,
    "frobenius_sq": 1.7000127110892276,
    "entropy_sv": 4.351885825758746e-27,
    "rank_tol": 1,
    "participation_ratio": 1.0,
    "mean_row_norm": 0.04042559248559005,
    "std_row_norm": 0.15913566565756082,
    "mean_col_norm": 0.01558534650093034,
    "std_col_norm": 0.0801427534318407
  },
  "row_distance_raw": {
    "max_row_distance": 1.3141860020337959,
    "mean_row_distance": 0.04106831256355612,
    "median_row_distance": 0.0
  },
  "row_distance_centered_past": {
    "max_row_distance": 1.3141860020337959,
    "mean_row_distance": 0.04106831256355612,
    "median_row_distance": 0.0
  },
  "delta_norm_centered_past": 0.0008301265409495828,
  "corr_weight_vs_centered_block_norm": -0.007924408995592455,
  "corr_terminated_early_vs_centered_block_norm": 0.7890326021669879,
  "summarize_weights": {
    "mean_weight_by_past": [
      3.5515197985381877e-10,
      6.273023662200631e-08,
      2.5823172651056047e-08,
      1.3998697251919203e-08,
      6.8250276037861666e-09,
      1.2516338987431796e-08,
      8.25703722429961e-09,
      2.6004606036780315e-11,
      5.265190896970681e-10,
      1.0916134345528487e-09,
      1.638090566654214e-10,
      2.1961921704518578e-08,
      6.298941492488613e-08,
      1.4181098654929361e-07,
      5.233731996527449e-09,
      1.9708722150269632e-08,
      1.4216355388742397e-07,
      1.541777267963097e-08,
      1.2630307807093836e-07,
      2.3060105727938836e-06,
      5.314644033077362e-07,
      6.27260091863252e-07,
      5.721015514589591e-08,
      5.044246099228939e-08,
      3.9906854674033285e-08,
      6.056227015820942e-09,
      1.9725320295533613e-07,
      2.93291131940253e-08,
      1.4498679671831802e-06,
      4.110504108855277e-07,
      3.3617331388514203e-12,
      3.5592357278487054e-07,
      1.3827779795321965e-08,
      3.3290165259296026e-07,
      2.379206007014164e-09,
      1.2157427613638335e-09,
      7.555558368004436e-08,
      5.19359339588595e-08,
      2.7189626109053216e-09,
      1.6801249465571077e-09,
      6.5769343196686994e-09,
      5.9855349637852474e-09,
      1.4416944649082335e-07,
      1.2350904456940483e-09,
      9.38034931878755e-09,
      1.736224043766912e-08,
      6.315888484849945e-08,
      5.052161111491341e-08,
      2.035491062427332e-07,
      3.883422550068529e-08,
      6.816118616851942e-06,
      3.244453653936789e-08,
      5.532155371195419e-09,
      1.987040500734541e-08,
      4.125892974036559e-08,
      6.776996635211484e-07,
      5.115448999612267e-08,
      2.6697298237678463e-10,
      3.4550422658774864e-07,
      8.628250969811192e-09,
      3.3968089849162566e-07,
      6.3263617036481785e-09,
      3.760196162648081e-08,
      1.5237693339306956e-10
    ],
    "mean_weight_by_future": [
      3.7610982064148795e-08,
      1.6425081491164654e-09,
      1.3429345379796305e-08,
      8.014418128403415e-07,
      1.0107448247470327e-07,
      1.1615761721974939e-10,
      1.3188496982105238e-11,
      1.8168435186741914e-06,
      3.479000210724536e-08,
      6.801328694998958e-09,
      1.265302263230813e-08,
      3.566493037152535e-07,
      2.1538024344156882e-09,
      1.1868976175989816e-07,
      2.9935072081905736e-08,
      2.5752182481117386e-09,
      3.0135692235542064e-11,
      9.170769164550717e-10,
      1.0835798059004632e-06,
      6.324511373606702e-07,
      5.970779359137386e-10,
      1.0564453113532448e-08,
      5.067047042485042e-07,
      1.636500545920712e-09,
      1.0043112755409722e-09,
      7.768423159913244e-08,
      1.5763537684490959e-06,
      3.0607619323942006e-07,
      8.608241854860341e-09,
      1.4248178987555879e-11,
      5.246787817595071e-07,
      1.345452384437855e-10
    ]
  },
  "mean_centered_block_norm_by_past": [
    0.0008842272570380928,
    0.0008842272570380928,
    0.0008842272570380928,
    0.0008842272570380928,
    0.0008842272570380928,
    0.0008842272570380928,
    0.0008842272570380928,
    0.0008842272570380928,
    0.0008842272570380928,
    0.0008842272570380928,
    0.0008842272570380928,
    0.0008842272570380928,
    0.0008842272570380928,
    0.0008842272570380928,
    0.0008842272570380928,
    0.0008842272570380928,
    0.0008842272570380928,
    0.0008842272570380928,
    0.0008842272570380928,
    0.0008842272570380928,
    0.0008842272570380928,
    0.0008842272570380928,
    0.0008842272570380928,
    0.0008842272570380928,
    0.0008842272570380928,
    0.0008842272570380928,
    0.0008842272570380928,
    0.0008842272570380928,
    0.0008842272570380928,
    0.0008842272570380928,
    0.05570631719339984,
    0.0008842272570380928,
    0.0008842272570380928,
    0.0008842272570380928,
    0.0008842272570380928,
    0.0008842272570380928,
    0.0008842272570380928,
    0.0008842272570380928,
    0.0008842272570380928,
    0.0008842272570380928,
    0.0008842272570380928,
    0.0008842272570380928,
    0.0008842272570380928,
    0.0008842272570380928,
    0.0008842272570380928,
    0.0008842272570380928,
    0.0008842272570380928,
    0.0008842272570380928,
    0.0008842272570380928,
    0.0008842272570380928,
    0.0008842272570380928,
    0.0008842272570380928,
    0.0008842272570380928,
    0.0008842272570380928,
    0.0008842272570380928,
    0.0008842272570380928,
    0.0008842272570380928,
    0.0008842272570380928,
    0.0008842272570380928,
    0.0008842272570380928,
    0.0008842272570380928,
    0.0008842272570380928,
    0.0008842272570380928,
    0.0008842272570380928
  ],
  "mean_centered_block_norm_by_future": [
    0.0,
    0.0,
    0.0,
    0.0,
    0.0,
    0.0,
    0.0,
    0.0,
    0.0,
    0.0,
    0.0,
    0.0,
    0.0,
    0.0,
    0.0,
    0.0,
    0.021422189325587787,
    0.0,
    0.0,
    0.0,
    0.0,
    0.0,
    0.0,
    0.0,
    0.0,
    0.0,
    0.0,
    0.0,
    0.0,
    0.03428412786781207,
    0.0,
    0.0
  ],
  "weighted_variants": {
    "masked_lt_1e-12_thr1e-12": {
      "frobenius": 43.749285610088,
      "frobenius_sq": 1913.999991393053,
      "entropy_sv": 0.22136192936622168,
      "rank_tol": 10,
      "participation_ratio": 0.9221612957661872,
      "mean_row_norm": 5.456482788678122,
      "std_row_norm": 0.3676374230060903,
      "mean_col_norm": 2.0172076006231174,