{
  "case_name": "trivial",
  "cut": 10,
  "cut_comparison_mode": "asymmetry_grid",
  "J": 0.0,
  "g": 0.0,
  "L": 2,
  "k": 20,
  "dt": 0.1,
  "n_pasts": 32,
  "n_futures": 16,
  "fraction_terminated_early": 0.0,
  "fraction_any_prob_skipped_renormalize": 0.0,
  "fraction_weight_lt_1e-12": 0.060546875,
  "fraction_weight_lt_1e-10": 0.306640625,
  "fraction_weight_lt_1e-08": 0.71875,
  "fraction_weight_lt_1e-06": 0.9921875,
  "mean_cumulative_weight": 4.01021114925273e-08,
  "median_cumulative_weight": 1.0131347634219642e-09,
  "metrics_V_raw": {
    "frobenius": 22.62741696548762,
    "frobenius_sq": 511.9999985300369,
    "entropy_sv": 2.141404136484463e-27,
    "rank_tol": 1,
    "participation_ratio": 1.0,
    "mean_row_norm": 3.9999999942579576,
    "std_row_norm": 0.0,
    "mean_col_norm": 1.4393847652180085,
    "std_col_norm": 1.3940423016613435
  },
  "metrics_V_centered_past": {
    "frobenius": 0.0,
    "frobenius_sq": 0.0,
    "entropy_sv": 0.0,
    "rank_tol": 0,
    "participation_ratio": 0.0,
    "mean_row_norm": 0.0,
    "std_row_norm": 0.0,
    "mean_col_norm": 0.0,
    "std_col_norm": 0.0
  },
  "metrics_V_centered_global": {
    "frobenius": 21.491919743357006,
    "frobenius_sq": 461.90261425489865,
    "entropy_sv": 2.141404136484463e-27,
    "rank_tol": 1,
    "participation_ratio": 1.0,
    "mean_row_norm": 3.799270547811196,
    "std_row_norm": 0.0,
    "mean_col_norm": 1.5072374412382037,
    "std_col_norm": 1.1607651973471873
  },
  "metrics_V_centered_rowcol": {
    "frobenius": 0.0,
    "frobenius_sq": 0.0,
    "entropy_sv": 0.0,
    "rank_tol": 0,
    "participation_ratio": 0.0,
    "mean_row_norm": 0.0,
    "std_row_norm": 0.0,
    "mean_col_norm": 0.0,
    "std_col_norm": 0.0
  },
  "row_distance_raw": {
    "max_row_distance": 0.0,
    "mean_row_distance": 0.0,
    "median_row_distance": 0.0
  },
  "row_distance_centered_past": {
    "max_row_distance": 0.0,
    "mean_row_distance": 0.0,
    "median_row_distance": 0.0
  },
  "delta_norm_centered_past": 0.0,
  "corr_weight_vs_centered_block_norm": NaN,
  "corr_terminated_early_vs_centered_block_norm": NaN,
  "summarize_weights": {
    "mean_weight_by_past": [
      3.2100886355575225e-09,
      6.269508660553076e-11,
      3.0227691058696514e-10,
      1.3743379990651352e-09,
      3.3879173591685018e-09,
      2.013835101744421e-07,
      1.152307002325793e-09,
      1.521965271579693e-08,
      8.825378829743899e-09,
      1.0026197122513346e-08,
      1.1142126398825928e-07,
      5.001521926279456e-09,
      1.5983017306025429e-07,
      1.7671238663975167e-08,
      2.2898846225330665e-07,
      3.969372510163324e-08,
      2.7103737669004333e-10,
      1.3452613946231892e-10,
      8.420190812141427e-08,
      1.163473240673629e-08,
      2.3444677394508696e-10,
      1.6149052764254834e-09,
      2.994027661962357e-08,
      2.9610909834616768e-08,
      1.975553682842264e-08,
      9.041833180169471e-08,
      6.373512574898231e-09,
      2.842618920706795e-11,
      1.1621768895098026e-08,
      9.414153146624404e-09,
      1.7951563804983218e-07,
      9.46710896668726e-10
    ],
    "mean_weight_by_future": [
      2.2525046425884473e-08,
      1.7044934974684045e-08,
      1.1487275117551946e-07,
      7.22669666884937e-08,
      2.7411482241257547e-08,
      2.0447823294041453e-09,
      6.73676625699451e-09,
      2.214911941658643e-08,
      2.029059570436472e-10,
      9.805355601615059e-10,
      2.6062718173631115e-07,
      1.2807107253992591e-08,
      1.7632472003510232e-11,
      8.179713459780175e-08,
      1.0448909351793546e-11,
      1.3898788494647505e-10
    ]
  },
  "mean_centered_block_norm_by_past": [
    0.0,
    0.0,
    0.0,
    0.0,
    0.0,
    0.0,
    0.0,
    0.0,
    0.0,
    0.0,
    0.0,
    0.0,
    0.0,
    0.0,
    0.0,
    0.0,
    0.0,
    0.0,
    0.0,
    0.0,
    0.0,
    0.0,
    0.0,
    0.0,
    0.0,
    0.0,
    0.0,
    0.0,
    0.0,
    0.0,
    0.0,
    0.0
  ],
  "mean_centered_block_norm_by_future": [
    0.0,
    0.0,
    0.0,
    0.0,
    0.0,
    0.0,
    0.0,
    0.0,
    0.0,
    0.0,
    0.0,
    0.0,
    0.0,
    0.0,
    0.0,
    0.0
  ],
  "weighted_variants": {
    "masked_lt_1e-12_thr1e-12": {
      "frobenius": 21.931712141611925,
      "frobenius_sq": 480.9999974625279,
      "entropy_sv": 0.2073097736780503,
      "rank_tol": 6,
      "participation_ratio": 0.9212918314232726,
      "mean_row_norm": 3.872193245634559,
      "std_row_norm": 0.19640482003440898,
      "mean_col_norm": 1.3916330970452275,
      "std_col_norm": 1.3548098475786174
    },
    "weighted_sqrt_thr1e-12": {
      "frobenius": 0.00453125597600044,
      "frobenius_sq": 2.0532280720039698e-05,
      "entropy_sv": 2.141404136484463e-27,
      "rank_tol": 1,
      "participation_ratio": 1.0,
      "mean_row_norm": 0.0005756006737190767,
      "std_row_norm": 0.0005659751613520639,
      "mean_col_norm": 0.0002087857035252672,
      "std_col_norm": 0.00034312795254077253
    },
    "weighted_linear_thr1e-12": {
      "frobenius": 3.2961424413375483e-06,
      "frobenius_sq": 1.0864554993586653e-11,
      "entropy_sv": 2.141404136484463e-27,
      "rank_tol": 1,
      "participation_ratio": 1.0,
      "mean_row_norm": 3.08690864551722e-07,
      "std_row_norm": 5.021011785371609e-07,
      "mean_col_norm": 1.0975226915131097e-07,
      "std_col_norm": 2.7093775963726893e-07
    },
    "masked_lt_1e-10_thr1e-10": {
      "frobenius": 18.841443579915637,
      "frobenius_sq": 354.9999961751442,
      "entropy_sv": 0.44760731314657154,
      "rank_tol": 9,
      "participation_ratio": 0.824288830712626,
      "mean_row_norm": 3.274183786962692,
      "std_row_norm": 0.6209008312393404,
      "mean_col_norm": 1.1184424530665242,
      "std_col_norm": 1.2387543448361216
    },
    "weighted_sqrt_thr1e-10": {
      "frobenius": 0.00453125597600044,
      "frobenius_sq": 2.0532280720039698e-05,
      "entropy_sv": 2.141404136484463e-27,
      "rank_tol": 1,
      "participation_ratio": 1.0,
      "mean_row_norm": 0.0005756006737190767,
      "std_row_norm": 0.0005659751613520639,
      "mean_col_norm": 0.0002087857035252672,
      "std_col_norm": 0.00034312795254077253
    },
    "weighted_linear_thr1e-10": {
      "frobenius": 3.2961424413375483e-06,
      "frobenius_sq": 1.0864554993586653e-11,
      "entropy_sv": 2.141404136484463e-27,
      "rank_tol": 1,
      "participation_ratio": 1.0,
      "mean_row_norm": 3.08690864551722e-07,
      "std_row_norm": 5.021011785371609e-07,
      "mean_col_norm": 1.0975226915131097e-07,
      "std_col_norm": 2.7093775963726893e-07
    },
    "masked_lt_1e-08_thr1e-08": {
      "frobenius": 11.999999928568021,
      "frobenius_sq": 143.99999828563253,
      "entropy_sv": 0.700592049025591,
      "rank_tol": 9,
      "participation_ratio": 0.6888503093550543,
      "mean_row_norm": 1.717232183034656,
      "std_row_norm": 1.2653653613805484,
      "mean_col_norm": 0.6145924609598776,
      "std_col_norm": 0.8678480035504085
    },
    "weighted_sqrt_thr1e-08": {
      "frobenius": 0.00453125597600044,
      "frobenius_sq": 2.0532280720039698e-05,
      "entropy_sv": 2.141404136484463e-27,
      "rank_tol": 1,
      "participation_ratio": 1.0,
      "mean_row_norm": 0.0005756006737190767,
      "std_row_norm": 0.0005659751613520639,
      "mean_col_norm": 0.0002087857035252672,
      "std_col_norm": 0.00034312795254077253
    },
    "weighted_linear_thr1e-08": {
      "frobenius": 3.2961424413375483e-06,
      "frobenius_sq": 1.0864554993586653e-11,
      "entropy_sv": 2.141404136484463e-27,
      "rank_tol": 1,
      "participation_ratio": 1.0,
      "mean_row_norm": 3.08690864551722e-07,
      "std_row_norm": 5.021011785371609e-07,
      "mean_col_norm": 1.0975226915131097e-07,
      "std_col_norm": 2.7093775963726893e-07
    }
  },
  "heuristic_control_ok": true
}