{
  "case_name": "markov_ref",
  "cut": 5,
  "cut_comparison_mode": "asymmetry_grid",
  "J": 0.0,
  "g": 1.0,
  "L": 2,
  "k": 20,
  "dt": 0.1,
  "n_pasts": 64,
  "n_futures": 32,
  "fraction_terminated_early": 0.00048828125,
  "fraction_any_prob_skipped_renormalize": 0.0,
  "fraction_weight_lt_1e-12": 0.04052734375,
  "fraction_weight_lt_1e-10": 0.2216796875,
  "fraction_weight_lt_1e-08": 0.61279296875,
  "fraction_weight_lt_1e-06": 0.96337890625,
  "mean_cumulative_weight": 1.8986619616314777e-07,
  "median_cumulative_weight": 3.076144360330248e-09,
  "metrics_V_raw": {
    "frobenius": 45.254833703836574,
    "frobenius_sq": 2047.9999735619028,
    "entropy_sv": 0.0016872925298369989,
    "rank_tol": 2,
    "participation_ratio": 0.9996504238434103,
    "mean_row_norm": 5.656854212979573,
    "std_row_norm": 2.0053292360039381e-10,
    "mean_col_norm": 2.0904268127364825,
    "std_col_norm": 1.909018434933487
  },
  "metrics_V_centered_past": {
    "frobenius": 0.5991567247308469,
    "frobenius_sq": 0.35898878079019586,
    "entropy_sv": 4.351885825758746e-27,
    "rank_tol": 1,
    "participation_ratio": 1.0,
    "mean_row_norm": 0.018576793242068016,
    "std_row_norm": 0.07312769403226775,
    "mean_col_norm": 0.004674918843820658,
    "std_col_norm": 0.03722712141436357
  },
  "metrics_V_centered_global": {
    "frobenius": 42.20117707099035,
    "frobenius_sq": 1780.9393461770815,
    "entropy_sv": 0.0019115314777488042,
    "rank_tol": 2,
    "participation_ratio": 0.9995981751367802,
    "mean_row_norm": 5.275147133873773,
    "std_row_norm": 4.722096564879763e-07,
    "mean_col_norm": 2.182794983599367,
    "std_col_norm": 1.483508424248148
  },
  "metrics_V_centered_rowcol": {
    "frobenius": 0.5991567246527416,
    "frobenius_sq": 0.35898878069660123,
    "entropy_sv": 4.351885825758746e-27,
    "rank_tol": 1,
    "participation_ratio": 1.0,
    "mean_row_norm": 0.018576793239646353,
    "std_row_norm": 0.07312769402273483,
    "mean_col_norm": 0.004675504602634847,
    "std_col_norm": 0.037227047557669396
  },
  "row_distance_raw": {
    "max_row_distance": 0.6038932152342111,
    "mean_row_distance": 0.018871662976069098,
    "median_row_distance": 0.0
  },
  "row_distance_centered_past": {
    "max_row_distance": 0.6038932152342111,
    "mean_row_distance": 0.018871662976069098,
    "median_row_distance": 0.0
  },
  "delta_norm_centered_past": 0.00017528749288303887,
  "corr_weight_vs_centered_block_norm": -0.007922347479863194,
  "corr_terminated_early_vs_centered_block_norm": 0.9923843581959015,
  "summarize_weights": {
    "mean_weight_by_past": [
      1.2771653926409714e-09,
      6.346143668050046e-07,
      2.5334538123246925e-07,
      4.2098025307084975e-08,
      1.550957105602325e-07,
      2.6232972565234024e-08,
      6.641993075959869e-07,
      7.067512849317267e-09,
      4.619223316322277e-08,
      6.487469780203159e-08,
      3.6878888555287834e-08,
      9.748728280589185e-10,
      2.1511232412701667e-09,
      3.781968945245714e-10,
      1.2351449576350913e-08,
      6.044794177383902e-09,
      1.1414953391631048e-08,
      3.22255499128342e-07,
      2.1799131251527277e-09,
      9.861033079652117e-08,
      1.8119465761291088e-11,
      1.341773747853284e-10,
      1.3339291209215619e-07,
      1.0084041316016332e-09,
      1.7797060890410328e-07,
      3.839825786484299e-08,
      3.4907676132646637e-08,
      5.878281252420445e-07,
      4.0133373110383585e-07,
      1.1878477958133992e-09,
      8.063161006097617e-08,
      7.823312877533544e-08,
      1.4214291859158734e-08,
      9.229792517482017e-10,
      5.165027666171149e-07,
      1.7086318962222298e-08,
      2.6572119503774305e-10,
      1.0772358639525118e-07,
      1.1461986319125399e-07,
      2.1049952627226314e-07,
      8.369618364414245e-07,
      1.2492555912182457e-08,
      1.20503006371445e-06,
      1.1287830374308244e-07,
      8.97838814888472e-08,
      9.186913061034895e-09,
      1.8630724097521882e-08,
      7.497323027533295e-08,
      3.306824123384817e-07,
      3.3120400330378706e-08,
      4.5936092066327826e-08,
      3.315914611499284e-08,
      7.975537296581841e-07,
      2.211507366020443e-07,
      8.43395498397644e-09,
      2.4981361141533653e-09,
      2.809972863903888e-08,
      3.044048351935773e-08,
      1.1770187077797995e-07,
      3.608020938617289e-08,
      1.948817332970062e-06,
      2.2901649476288447e-07,
      4.875330249958898e-09,
      1.0188159395178867e-06
    ],
    "mean_weight_by_future": [
      5.546226480620755e-07,
      2.868660771882419e-08,
      1.143704364961257e-07,
      3.682779472013448e-08,
      2.306120145940326e-07,
      1.6312154049141182e-08,
      1.1034520894536497e-08,
      2.651977354255514e-10,
      7.700494879904839e-11,
      5.2285810694400515e-12,
      3.231222523885253e-09,
      4.8720243903444683e-08,
      1.2297990680487245e-07,
      2.485350334582916e-06,
      2.5983205084783056e-08,
      7.525632461996204e-08,
      2.1623241045660796e-07,
      5.6642738783491985e-08,
      1.7712403677996454e-09,
      6.646633390581092e-08,
      5.014040099935189e-10,
      1.1949716795421327e-07,
      5.322890572286628e-07,
      6.308318409278719e-10,
      2.210356020469284e-08,
      4.974632055608285e-09,
      4.5526885882605143e-10,
      8.700411250846904e-11,
      1.27865640938151e-06,
      1.0678657695659768e-08,
      1.033286148903706e-08,
      6.38535553505912e-11
    ]
  },
  "mean_centered_block_norm_by_past": [
    0.00029486973400107966,
    0.00029486973400107966,
    0.00029486973400107966,
    0.00029486973400107966,
    0.00029486973400107966,
    0.00029486973400107966,
    0.00029486973400107966,
    0.00029486973400107966,
    0.00029486973400107966,
    0.00029486973400107966,
    0.00029486973400107966,
    0.00029486973400107966,
    0.00029486973400107966,
    0.00029486973400107966,
    0.00029486973400107966,
    0.00029486973400107966,
    0.00029486973400107966,
    0.00029486973400107966,
    0.00029486973400107966,
    0.00029486973400107966,
    0.01857679324206802,
    0.00029486973400107966,
    0.00029486973400107966,
    0.00029486973400107966,
    0.00029486973400107966,
    0.00029486973400107966,
    0.00029486973400107966,
    0.00029486973400107966,
    0.00029486973400107966,
    0.00029486973400107966,
    0.00029486973400107966,
    0.00029486973400107966,
    0.00029486973400107966,
    0.00029486973400107966,
    0.00029486973400107966,
    0.00029486973400107966,
    0.00029486973400107966,
    0.00029486973400107966,
    0.00029486973400107966,
    0.00029486973400107966,
    0.00029486973400107966,
    0.00029486973400107966,
    0.00029486973400107966,
    0.00029486973400107966,
    0.00029486973400107966,
    0.00029486973400107966,
    0.00029486973400107966,
    0.00029486973400107966,
    0.00029486973400107966,
    0.00029486973400107966,
    0.00029486973400107966,
    0.00029486973400107966,
    0.00029486973400107966,
    0.00029486973400107966,
    0.00029486973400107966,
    0.00029486973400107966,
    0.00029486973400107966,
    0.00029486973400107966,
    0.00029486973400107966,
    0.00029486973400107966,
    0.00029486973400107966,
    0.00029486973400107966,
    0.00029486973400107966,
    0.00029486973400107966
  ],
  "mean_centered_block_norm_by_future": [
    0.0,
    0.0,
    0.0,
    0.0,
    0.0,
    0.0,
    0.0,
    0.0,
    0.0,
    0.018576793242067992,
    0.0,
    0.0,
    0.0,
    0.0,
    0.0,
    0.0,
    0.0,
    0.0,
    0.0,
    0.0,
    0.0,
    0.0,
    0.0,
    0.0,
    0.0,
    0.0,
    0.0,
    0.0,
    0.0,
    0.0,
    0.0,
    0.0
  ],
  "weighted_variants": {
    "masked_lt_1e-12_thr1e-12": {
      "frobenius": 44.32832023577477,
      "frobenius_sq": 1964.9999749253989,
      "entropy_sv": 0.15587003783974124,
      "rank_tol": 7,
      "participation_ratio": 0.9466656308635056,
      "mean_row_norm": 5.536572493930576,