{
  "case_name": "markov_ref",
  "cut": 15,
  "cut_comparison_mode": "asymmetry_grid",
  "J": 0.0,
  "g": 1.0,
  "L": 2,
  "k": 20,
  "dt": 0.1,
  "n_pasts": 32,
  "n_futures": 32,
  "fraction_terminated_early": 0.0009765625,
  "fraction_any_prob_skipped_renormalize": 0.0,
  "fraction_weight_lt_1e-12": 0.0546875,
  "fraction_weight_lt_1e-10": 0.228515625,
  "fraction_weight_lt_1e-08": 0.6142578125,
  "fraction_weight_lt_1e-06": 0.91796875,
  "mean_cumulative_weight": 1.4837058130073555e-06,
  "median_cumulative_weight": 2.442040907972811e-09,
  "metrics_V_raw": {
    "frobenius": 32.000000081927304,
    "frobenius_sq": 1024.0000052433475,
    "entropy_sv": 0.0002024060634272771,
    "rank_tol": 2,
    "participation_ratio": 0.9999662359376165,
    "mean_row_norm": 5.656854263975223,
    "std_row_norm": 4.975916608858729e-10,
    "mean_col_norm": 1.4112127239355399,
    "std_col_norm": 1.4199841742845989
  },
  "metrics_V_centered_past": {
    "frobenius": 0.13148996445256386,
    "frobenius_sq": 0.017289610751736507,
    "entropy_sv": 2.141404136484463e-27,
    "rank_tol": 1,
    "participation_ratio": 1.0,
    "mean_row_norm": 0.008088695433226729,
    "std_row_norm": 0.02214027635530559,
    "mean_col_norm": 0.0008591029091640943,
    "std_col_norm": 0.008189105137435204
  },
  "metrics_V_centered_global": {
    "frobenius": 30.490219129339636,
    "frobenius_sq": 929.6534625551486,
    "entropy_sv": 0.00022114739911834898,
    "rank_tol": 2,
    "participation_ratio": 0.9999628098940727,
    "mean_row_norm": 5.389960176554963,
    "std_row_norm": 4.697831253132025e-10,
    "mean_col_norm": 1.490917064814425,
    "std_col_norm": 1.1891800385658802
  },
  "metrics_V_centered_rowcol": {
    "frobenius": 0.13148996445256386,
    "frobenius_sq": 0.017289610751736507,
    "entropy_sv": 2.141404136484463e-27,
    "rank_tol": 1,
    "participation_ratio": 1.0,
    "mean_row_norm": 0.008088695433226729,
    "std_row_norm": 0.02214027635530559,
    "mean_col_norm": 0.0008591029655598708,
    "std_col_norm": 0.00818910513149563
  },
  "row_distance_raw": {
    "max_row_distance": 0.13359393747780918,
    "mean_row_distance": 0.008349621092363075,
    "median_row_distance": 0.0
  },
  "row_distance_centered_past": {
    "max_row_distance": 0.13359393747780918,
    "mean_row_distance": 0.008349621092363075,
    "median_row_distance": 0.0
  },
  "delta_norm_centered_past": 1.688438541328692e-05,
  "corr_weight_vs_centered_block_norm": -0.007923973487502916,
  "corr_terminated_early_vs_centered_block_norm": 0.9846734798891451,
  "summarize_weights": {
    "mean_weight_by_past": [
      5.3673249115603226e-09,
      2.1316354796123786e-08,
      5.874470000551044e-09,
      1.0176189079102755e-06,
      2.1886136633710685e-07,
      2.006926745883444e-08,
      5.096141141899522e-09,
      1.7880037287723437e-06,
      3.45673186417515e-08,
      2.9580441974473596e-06,
      6.622604121670889e-07,
      6.711940824225291e-08,
      9.712247096702159e-09,
      2.6886098299836585e-08,
      3.1693964771853115e-05,
      3.612850361848607e-11,
      3.9539050459528054e-11,
      2.0764604465918437e-07,
      2.3426993856154384e-12,
      9.9103065412559e-07,
      2.8253583221213438e-09,
      2.401974605904881e-07,
      3.268221522176227e-08,
      6.069904063942021e-09,
      7.310492946748192e-06,
      2.3900724989365533e-08,
      1.1016386077830248e-08,
      3.8149062624749407e-10,
      4.80815194150219e-09,
      2.5669848450375177e-09,
      3.948827087361056e-08,
      7.063939782023412e-08
    ],
    "mean_weight_by_future": [
      5.907840179976018e-08,
      1.6588596203995283e-08,
      5.599450961192503e-07,
      7.956191845085899e-06,
      5.103354124863233e-07,
      2.2229143496453114e-06,
      8.530254594272305e-10,
      1.9119202991775236e-08,
      4.901677819393636e-06,
      4.71896460002244e-06,
      2.806795234998051e-09,
      1.5128987728656673e-07,
      1.2017733123002502e-07,
      1.321317882064653e-08,
      7.333489155984217e-08,
      3.096844436410064e-07,
      4.2508625271149444e-06,
      1.318452619121173e-08,
      7.111409889433198e-08,
      4.951356616591487e-06,
      1.4397088846455358e-07,
      1.1071874140862435e-06,
      2.720903872529521e-09,
      3.470607855688219e-07,
      7.822184134907991e-09,
      1.7056046244526421e-10,
      9.260255535314399e-09,
      1.0376450714913993e-05,
      2.5819873281658606e-07,
      4.188470017105161e-06,
      1.0220335802140875e-07,
      1.2377565480540544e-08
    ]
  },
  "mean_centered_block_norm_by_past": [
    0.00013046282956817302,
    0.00013046282956817302,
    0.00013046282956817302,
    0.00013046282956817302,
    0.00013046282956817302,
    0.00013046282956817302,
    0.00013046282956817302,
    0.00013046282956817302,
    0.00013046282956817302,
    0.00013046282956817302,
    0.00013046282956817302,
    0.00013046282956817302,
    0.00013046282956817302,
    0.00013046282956817302,
    0.00013046282956817302,
    0.00013046282956817302,
    0.00013046282956817302,
    0.00013046282956817302,
    0.0040443477166133635,
    0.00013046282956817302,
    0.00013046282956817302,
    0.00013046282956817302,
    0.00013046282956817302,
    0.00013046282956817302,
    0.00013046282956817302,
    0.00013046282956817302,
    0.00013046282956817302,
    0.00013046282956817302,
    0.00013046282956817302,
    0.00013046282956817302,
    0.00013046282956817302,
    0.00013046282956817302
  ],
  "mean_centered_block_norm_by_future": [
    0.0,
    0.0,
    0.0,
    0.0,
    0.0,
    0.0,
    0.0,
    0.0,
    0.0,
    0.0,
    0.0,
    0.0,
    0.0,
    0.0,
    0.0,
    0.0,
    0.0,
    0.0,
    0.0,
    0.0,
    0.0,
    0.0,
    0.0,
    0.0,
    0.0,
    0.008088695433226729,
    0.0,
    0.0,
    0.0,
    0.0,
    0.0,
    0.0
  ],
  "weighted_variants": {
    "masked_lt_1e-12_thr1e-12": {
      "frobenius": 31.11269846035224,
      "frobenius_sq": 968.0000054848048,
      "entropy_sv": 0.16278463596075946,
      "rank_tol": 5,
      "participation_ratio": 0.943324824375088,
      "mean_row_norm": 5.475779509547104,
      "std_row_norm": 0.5238457632885565,
      "mean_col_norm": 1.372692568482917,
      "std_col_norm": 1.3800015263807128
    },
    "weighted_sqrt_thr1e-12": {
      "frobenius": 0.03897838867784947,
      "frobenius_sq": 0.0015193147839215036,
      "entropy_sv": 1.0872988655959992e-13,
      "rank_tol": 2,
      "participation_ratio": 0.9999999999999938,
      "mean_row_norm": 0.003186933081432089,
      "std_row_norm": 0.006206930114993122,
      "mean_col_norm": 0.0011430804757302593,
      "std_col_norm": 0.0021555370947805336
    },
    "weighted_linear_thr1e-12": {
      "frobenius": 0.00037230479837715644,
      "frobenius_sq": 1.386108628946551e-07,
      "entropy_sv": 5.6177301056703955e-25,
      "rank_tol": 1,
      "participation_ratio": 1.0,
      "mean_row_norm": 1.6867240186672885e-05,
      "std_row_norm": 6.463464105814634e-05,
      "mean_col_norm": 8.346286208159143e-06,
      "std_col_norm": 2.1763233663160498e-05
    },
    "masked_lt_1e-10_thr1e-10": {
      "frobenius": 28.106938742807447,
      "frobenius_sq": 790.0000054919303,
      "entropy_sv": 0.4319643421081297,
      "rank_tol": 8,
      "participation_ratio": 0.8243166164513145,
      "mean_row_norm": 4.827655417153171,
      "std_row_norm": 1.1940684996202227,
      "mean_col_norm": 1.2281249174473636,
      "std_col_norm": 1.2585044928149445
    },
    "weighted_sqrt_thr1e-10": {
      "frobenius": 0.03897838867784947,
      "frobenius_sq": 0.0015193147839215036,
      "entropy_sv": 1.0872988655959992e-13,
      "rank_tol": 2,
      "participation_ratio": 0.9999999999999938,
      "mean_row_norm": 0.003186933081432089,
      "std_row_norm": 0.006206930114993122,
      "mean_col_norm": 0.0011430804757302593,
      "std_col_norm": 0.0021555370947805336
    },
    "weighted_linear_thr1e-10": {
      "frobenius": 0.00037230479837715644,