{
  "case_name": "markov_ref",
  "cut": 10,
  "cut_comparison_mode": "cut_comparison_shared_probe_source",
  "J": 0.0,
  "g": 1.0,
  "L": 2,
  "k": 20,
  "dt": 0.1,
  "n_pasts": 32,
  "n_futures": 32,
  "fraction_terminated_early": 0.0068359375,
  "fraction_any_prob_skipped_renormalize": 0.0,
  "fraction_weight_lt_1e-12": 0.0849609375,
  "fraction_weight_lt_1e-10": 0.294921875,
  "fraction_weight_lt_1e-08": 0.673828125,
  "fraction_weight_lt_1e-06": 0.94921875,
  "mean_cumulative_weight": 2.642647158658139e-07,
  "median_cumulative_weight": 1.14734421029167e-09,
  "metrics_V_raw": {
    "frobenius": 31.999999875148944,
    "frobenius_sq": 1023.9999920095324,
    "entropy_sv": 0.01254377357906621,
    "rank_tol": 4,
    "participation_ratio": 0.9968844565974508,
    "mean_row_norm": 5.6568542274216265,
    "std_row_norm": 8.970189398473087e-10,
    "mean_col_norm": 1.4054424393706588,
    "std_col_norm": 1.4257179391466863
  },
  "metrics_V_centered_past": {
    "frobenius": 1.2674915269505864,
    "frobenius_sq": 1.6065347708915292,
    "entropy_sv": 0.58014952502839,
    "rank_tol": 3,
    "participation_ratio": 0.6093627512560622,
    "mean_row_norm": 0.09979012597823543,
    "std_row_norm": 0.2038244465317707,
    "mean_col_norm": 0.016011754199404985,
    "std_col_norm": 0.07773515734047229
  },
  "metrics_V_centered_global": {
    "frobenius": 29.288520645351998,
    "frobenius_sq": 857.8174415932102,
    "entropy_sv": 0.014602629939575775,
    "rank_tol": 4,
    "participation_ratio": 0.9962933626346799,
    "mean_row_norm": 5.1775271435955,
    "std_row_norm": 0.0028242488509515173,
    "mean_col_norm": 1.454656341658933,
    "std_col_norm": 1.1134032320615486
  },
  "metrics_V_centered_rowcol": {
    "frobenius": 1.2669887177043728,
    "frobenius_sq": 1.605260410790171,
    "entropy_sv": 0.5797104139993362,
    "rank_tol": 3,
    "participation_ratio": 0.60976261668604,
    "mean_row_norm": 0.09971760295733878,
    "std_row_norm": 0.20376023227220671,
    "mean_col_norm": 0.018065780301988018,
    "std_col_norm": 0.07724950845208746
  },
  "row_distance_raw": {
    "max_row_distance": 1.2927545592880998,
    "mean_row_distance": 0.1303410993320584,
    "median_row_distance": 0.0
  },
  "row_distance_centered_past": {
    "max_row_distance": 1.2927545592880998,
    "mean_row_distance": 0.1303410993320584,
    "median_row_distance": 0.0
  },
  "delta_norm_centered_past": 0.001568881624441042,
  "corr_weight_vs_centered_block_norm": -0.01935705365420544,
  "corr_terminated_early_vs_centered_block_norm": 0.7825234101956902,
  "summarize_weights": {
    "mean_weight_by_past": [
      8.925056159418443e-08,
      1.5092197486629473e-07,
      1.2509662442715112e-06,
      1.4257497457531398e-10,
      3.0657482334573026e-07,
      4.2454613907564914e-07,
      7.991058724532532e-08,
      7.140859113137718e-08,
      2.1972939936063174e-09,
      3.613886205489978e-09,
      2.5825412779701196e-07,
      1.949731620116622e-09,
      5.1842114800255115e-08,
      2.510819870107709e-07,
      9.370023749462725e-10,
      1.220216432378767e-08,
      3.353627356471317e-08,
      3.4059317630982435e-09,
      7.518767861760327e-08,
      3.3560988255657076e-07,
      3.7656500110358436e-07,
      2.4838864192069364e-09,
      1.869791680490334e-06,
      1.2282269101119646e-07,
      1.9844817711569904e-10,
      3.6105507421509605e-08,
      3.386431875962427e-08,
      3.2570916139844317e-09,
      2.602220806218149e-06,
      7.809822321443831e-11,
      5.542492964276046e-09,
      1.314171231548367e-12
    ],
    "mean_weight_by_future": [
      1.5502628786869862e-09,
      7.760465126305747e-13,
      3.8763965074356486e-10,
      2.5538801844730282e-09,
      9.928368363015132e-10,
      4.4029977692567986e-08,
      1.150458489697551e-06,
      3.605047820015024e-07,
      2.855884536555105e-06,
      9.851637602441057e-10,
      7.523071881736504e-07,
      5.6741993559368886e-08,
      5.087386110582355e-10,
      1.0288644635391836e-06,
      1.2564820906700022e-08,
      2.638847635060289e-07,
      9.62669539141823e-07,
      6.969599033362296e-10,
      1.4515849924095502e-08,
      1.9216915570035345e-07,
      2.618134215445993e-09,
      3.632453876065754e-08,
      4.263983024247396e-07,
      1.9669670107474852e-10,
      2.5965874311753065e-10,
      5.069339876454759e-09,
      1.0098931604519768e-07,
      5.215875439734053e-08,
      1.6703718743444982e-10,
      1.1765930367851974e-10,
      1.233530202848521e-07,
      6.5466314967636995e-09
    ]
  },
  "mean_centered_block_norm_by_past": [
    0.001796711124805519,
    0.001796711124805519,
    0.001796711124805519,
    0.015974608280758328,
    0.001796711124805519,
    0.001796711124805519,
    0.001796711124805519,
    0.001796711124805519,
    0.001796711124805519,
    0.001796711124805519,
    0.001796711124805519,
    0.001796711124805519,
    0.001796711124805519,
    0.001796711124805519,
    0.001796711124805519,
    0.001796711124805519,
    0.001796711124805519,
    0.001796711124805519,
    0.001796711124805519,
    0.001796711124805519,
    0.001796711124805519,
    0.001796711124805519,
    0.001796711124805519,
    0.001796711124805519,
    0.002921798212451784,
    0.001796711124805519,
    0.001796711124805519,
    0.001796711124805519,
    0.001796711124805519,
    0.015974608280758328,
    0.001796711124805519,
    0.049344189460615896
  ],
  "mean_centered_block_norm_by_future": [
    0.0,
    0.09251270565213433,
    0.0,
    0.0,
    0.0,
    0.0,
    0.0,
    0.0,
    0.0,
    0.0,
    0.0,
    0.0,
    0.0,
    0.0,
    0.0,
    0.0,
    0.0,
    0.0,
    0.0,
    0.0,
    0.0,
    0.0,
    0.0,
    0.006711434628656953,
    0.0,
    0.0,
    0.0,
    0.0,
    0.03050371151769355,
    0.004795263930654006,
    0.0,
    0.0
  ],
  "weighted_variants": {
    "masked_lt_1e-12_thr1e-12": {
      "frobenius": 30.610455613818228,
      "frobenius_sq": 936.9999928855359,
      "entropy_sv": 0.2047831059692581,
      "rank_tol": 8,
      "participation_ratio": 0.928910929912306,
      "mean_row_norm": 5.382827466869889,
      "std_row_norm": 0.5624079470682662,
      "mean_col_norm": 1.3301031143430775,
      "std_col_norm": 1.3778234802853515
    },
    "weighted_sqrt_thr1e-12": {
      "frobenius": 0.016450138688822533,
      "frobenius_sq": 0.00027060706288149593,
      "entropy_sv": 9.280084300431125e-11,
      "rank_tol": 4,
      "participation_ratio": 0.9999999999933953,
      "mean_row_norm": 0.0018952443592374192,
      "std_row_norm": 0.0022408568715532925,
      "mean_col_norm": 0.0004383710987166392,
      "std_col_norm": 0.0009318161531051269
    },
    "weighted_linear_thr1e-12": {
      "frobenius": 4.738551437625543e-05,
      "frobenius_sq": 2.24538697270231e-09,
      "entropy_sv": 1.5318021741879977e-20,
      "rank_tol": 1,
      "participation_ratio": 1.0,
      "mean_row_norm": 3.533313479373884e-06,
      "std_row_norm": 7.716528636445327e-06,
      "mean_col_norm": 8.622645533778299e-07,
      "std_col_norm": 2.8388418874115964e-06
    },
    "masked_lt_1e-10_thr1e-10": {
      "frobenius": 26.8700575833885,
      "frobenius_sq": 721.9999945346138,
      "entropy_sv": 0.5436094456183171,
      "rank_tol": 13,
      "participation_ratio": 0.7753892315368156,
      "mean_row_norm": 4.604494740379622,
      "std_row_norm": 1.1853418790992027,
      "mean_col_norm": 1.1345352968504687,
      "std_col_norm": 1.2406266404379682
    },
    "weighted_sqrt_thr1e-10": {
      "frobenius": 0.016450138688822533,
      "frobenius_sq": 0.00027060706288149593,
      "entropy_sv": 9.280084300431125e-11,
      "rank_tol": 4,
      "participation_ratio": 0.9999999999933953,
      "mean_row_norm": 0.0018952443592374192,
      "std_row_norm": 0.0022408568715532925,
      "mean_col_norm": 0.0004383710987166392,
      "std_col_norm": 0.0009318161531051269
    },
    "weighted_linear_thr1e-10": {
      "frobenius": 4.738551437625543e-05,