{
  "case_name": "trivial",
  "cut": 15,
  "cut_comparison_mode": "asymmetry_grid",
  "J": 0.0,
  "g": 0.0,
  "L": 2,
  "k": 20,
  "dt": 0.1,
  "n_pasts": 16,
  "n_futures": 32,
  "fraction_terminated_early": 0.0,
  "fraction_any_prob_skipped_renormalize": 0.0,
  "fraction_weight_lt_1e-12": 0.009765625,
  "fraction_weight_lt_1e-10": 0.17578125,
  "fraction_weight_lt_1e-08": 0.673828125,
  "fraction_weight_lt_1e-06": 0.9375,
  "mean_cumulative_weight": 3.41728099046763e-07,
  "median_cumulative_weight": 3.0154957586471146e-09,
  "metrics_V_raw": {
    "frobenius": 22.627416925047118,
    "frobenius_sq": 511.99999669990876,
    "entropy_sv": 1.0361632918473208e-27,
    "rank_tol": 1,
    "participation_ratio": 1.0,
    "mean_row_norm": 5.656854231261781,
    "std_row_norm": 0.0,
    "mean_col_norm": 1.0184293256752426,
    "std_col_norm": 0.9831466770721742
  },
  "metrics_V_centered_past": {
    "frobenius": 0.0,
    "frobenius_sq": 0.0,
    "entropy_sv": 0.0,
    "rank_tol": 0,
    "participation_ratio": 0.0,
    "mean_row_norm": 0.0,
    "std_row_norm": 0.0,
    "mean_col_norm": 0.0,
    "std_col_norm": 0.0
  },
  "metrics_V_centered_global": {
    "frobenius": 21.4210695272963,
    "frobenius_sq": 458.86221969326215,
    "entropy_sv": 1.0361632918473208e-27,
    "rank_tol": 1,
    "participation_ratio": 1.0,
    "mean_row_norm": 5.355267381824075,
    "std_row_norm": 0.0,
    "mean_col_norm": 1.0732712835776965,
    "std_col_norm": 0.8018922233734015
  },
  "metrics_V_centered_rowcol": {
    "frobenius": 0.0,
    "frobenius_sq": 0.0,
    "entropy_sv": 0.0,
    "rank_tol": 0,
    "participation_ratio": 0.0,
    "mean_row_norm": 0.0,
    "std_row_norm": 0.0,
    "mean_col_norm": 0.0,
    "std_col_norm": 0.0
  },
  "row_distance_raw": {
    "max_row_distance": 0.0,
    "mean_row_distance": 0.0,
    "median_row_distance": 0.0
  },
  "row_distance_centered_past": {
    "max_row_distance": 0.0,
    "mean_row_distance": 0.0,
    "median_row_distance": 0.0
  },
  "delta_norm_centered_past": 0.0,
  "corr_weight_vs_centered_block_norm": NaN,
  "corr_terminated_early_vs_centered_block_norm": NaN,
  "summarize_weights": {
    "mean_weight_by_past": [
      2.416691983781902e-08,
      4.862914641107011e-11,
      2.3522650221664634e-08,
      9.162735334952899e-07,
      1.4879980216759863e-09,
      7.169499726747153e-09,
      2.542080626975159e-10,
      9.849229838002138e-09,
      3.4587062122155323e-06,
      9.858570416876685e-10,
      4.5427991326528374e-09,
      5.202888667323276e-09,
      9.728034592200803e-07,
      1.0276131410010461e-08,
      1.5074929132648997e-08,
      1.728463957796388e-08
    ],
    "mean_weight_by_future": [
      1.2366921464879005e-08,
      1.0936735255510148e-07,
      3.810652020222097e-09,
      3.3195113018591495e-09,
      2.0793230874388013e-06,
      9.625347183806063e-08,
      5.5483070943856275e-08,
      1.6080494862192555e-09,
      4.5534746400774577e-07,
      2.56943088582835e-07,
      4.4949670627799315e-07,
      3.1721469222159874e-07,
      1.1212040913482905e-07,
      1.2239141448452971e-08,
      6.031267545725902e-07,
      1.9454466975069144e-06,
      6.0850281669471e-08,
      1.1274823270848703e-07,
      1.2212131492682892e-07,
      3.4172240885811036e-07,
      4.86370293614001e-09,
      6.527140045176281e-07,
      1.8081713419267406e-08,
      1.8451298011809765e-09,
      3.622324141654712e-08,
      1.0419162982986543e-07,
      3.7299838937719105e-08,
      2.277784966859112e-07,
      2.5869454176861533e-07,
      2.2207536740994525e-06,
      2.0149577236375633e-07,
      2.0448114755475067e-08
    ]
  },
  "mean_centered_block_norm_by_past": [
    0.0,
    0.0,
    0.0,
    0.0,
    0.0,
    0.0,
    0.0,
    0.0,
    0.0,
    0.0,
    0.0,
    0.0,
    0.0,
    0.0,
    0.0,
    0.0
  ],
  "mean_centered_block_norm_by_future": [
    0.0,
    0.0,
    0.0,
    0.0,
    0.0,
    0.0,
    0.0,
    0.0,
    0.0,
    0.0,
    0.0,
    0.0,
    0.0,
    0.0,
    0.0,
    0.0,
    0.0,
    0.0,
    0.0,
    0.0,
    0.0,
    0.0,
    0.0,
    0.0,
    0.0,
    0.0,
    0.0,
    0.0,
    0.0,
    0.0,
    0.0,
    0.0
  ],
  "weighted_variants": {
    "masked_lt_1e-12_thr1e-12": {
      "frobenius": 22.516660425095687,
      "frobenius_sq": 506.99999669907027,
      "entropy_sv": 0.046309488637928956,
      "rank_tol": 2,
      "participation_ratio": 0.9842442490639851,
      "mean_row_norm": 5.628060366981607,
      "std_row_norm": 0.11517545712069664,
      "mean_col_norm": 1.013717489755306,
      "std_col_norm": 0.9780502223479761
    },
    "weighted_sqrt_thr1e-12": {
      "frobenius": 0.013227425604213637,
      "frobenius_sq": 0.0001749647881150065,
      "entropy_sv": 1.0361632918473208e-27,
      "rank_tol": 1,
      "participation_ratio": 1.0,
      "mean_row_norm": 0.0017267822470375463,
      "std_row_norm": 0.0029126889896458432,
      "mean_col_norm": 0.00044323138904419284,
      "std_col_norm": 0.000699222390696506
    },
    "weighted_linear_thr1e-12": {
      "frobenius": 4.169607730884241e-05,
      "frobenius_sq": 1.7385628629449627e-09,
      "entropy_sv": 1.0361632918473208e-27,
      "rank_tol": 1,
      "participation_ratio": 1.0,
      "mean_row_norm": 3.8425215955868665e-06,
      "std_row_norm": 1.0007741362046149e-05,
      "mean_col_norm": 9.3615285630804e-07,
      "std_col_norm": 2.4368164922656014e-06
    },
    "masked_lt_1e-10_thr1e-10": {
      "frobenius": 20.54263851692195,
      "frobenius_sq": 421.9999972369253,
      "entropy_sv": 0.3628631893654065,
      "rank_tol": 8,
      "participation_ratio": 0.8634801550996951,
      "mean_row_norm": 5.038882772665337,
      "std_row_norm": 1.0248435227002273,
      "mean_col_norm": 0.9187404728997335,
      "std_col_norm": 0.898614355466029
    },
    "weighted_sqrt_thr1e-10": {
      "frobenius": 0.013227425604213637,
      "frobenius_sq": 0.0001749647881150065,
      "entropy_sv": 1.0361632918473208e-27,
      "rank_tol": 1,
      "participation_ratio": 1.0,
      "mean_row_norm": 0.0017267822470375463,
      "std_row_norm": 0.0029126889896458432,
      "mean_col_norm": 0.00044323138904419284,
      "std_col_norm": 0.000699222390696506
    },
    "weighted_linear_thr1e-10": {
      "frobenius": 4.169607730884241e-05,
      "frobenius_sq": 1.7385628629449627e-09,
      "entropy_sv": 1.0361632918473208e-27,
      "rank_tol": 1,
      "participation_ratio": 1.0,
      "mean_row_norm": 3.8425215955868665e-06,
      "std_row_norm": 1.0007741362046149e-05,
      "mean_col_norm": 9.3615285630804e-07,
      "std_col_norm": 2.4368164922656014e-06
    },
    "masked_lt_1e-08_thr1e-08": {
      "frobenius": 12.922847975414035,
      "frobenius_sq": 166.99999979566263,
      "entropy_sv": 0.8179528871659347,
      "rank_tol": 8,
      "participation_ratio": 0.6042167172815213,
      "mean_row_norm": 2.6176429600394773,
      "std_row_norm": 1.9556265003957993,
      "mean_col_norm": 0.5485927667997235,
      "std_col_norm": 0.5939425261252428
    },
    "weighted_sqrt_thr1e-08": {
      "frobenius": 0.013227425604213637,
      "frobenius_sq": 0.0001749647881150065,
      "entropy_sv": 1.0361632918473208e-27,
      "rank_tol": 1,
      "participation_ratio": 1.0,
      "mean_row_norm": 0.0017267822470375463,
      "std_row_norm": 0.0029126889896458432,
      "mean_col_norm": 0.00044323138904419284,
      "std_col_norm": 0.000699222390696506
    },
    "weighted_linear_thr1e-08": {
      "frobenius": 4.169607730884241e-05,
      "frobenius_sq": 1.7385628629449627e-09,
      "entropy_sv": 1.0361632918473208e-27,
      "rank_tol": 1,
      "participation_ratio": 1.0,
      "mean_row_norm": 3.8425215955868665e-06,
      "std_row_norm": 1.0007741362046149e-05,
      "mean_col_norm": 9.3615285630804e-07,
      "std_col_norm": 2.4368164922656014e-06
    }
  },
  "heuristic_control_ok": true
}