{
  "case_name": "markov_ref",
  "cut": 15,
  "cut_comparison_mode": "asymmetry_grid",
  "J": 0.0,
  "g": 1.0,
  "L": 2,
  "k": 20,
  "dt": 0.1,
  "n_pasts": 32,
  "n_futures": 64,
  "fraction_terminated_early": 0.0068359375,
  "fraction_any_prob_skipped_renormalize": 0.0,
  "fraction_weight_lt_1e-12": 0.09716796875,
  "fraction_weight_lt_1e-10": 0.376953125,
  "fraction_weight_lt_1e-08": 0.67041015625,
  "fraction_weight_lt_1e-06": 0.91943359375,
  "mean_cumulative_weight": 3.453006081635924e-06,
  "median_cumulative_weight": 6.265569358194416e-10,
  "metrics_V_raw": {
    "frobenius": 45.25483403247208,
    "frobenius_sq": 2048.0000033065935,
    "entropy_sv": 0.01379198385770184,
    "rank_tol": 2,
    "participation_ratio": 0.9962108529458358,
    "mean_row_norm": 8.00000000645819,
    "std_row_norm": 2.7981622565652214e-10,
    "mean_col_norm": 1.440980066224763,
    "std_col_norm": 1.3882869993941407
  },
  "metrics_V_centered_past": {
    "frobenius": 1.9856409016842225,
    "frobenius_sq": 3.942769790441332,
    "entropy_sv": 2.141404136484463e-27,
    "rank_tol": 1,
    "participation_ratio": 1.0,
    "mean_row_norm": 0.12214806324079279,
    "std_row_norm": 0.33434215674723033,
    "mean_col_norm": 0.02069249539776062,
    "std_col_norm": 0.08536260810989967
  },
  "metrics_V_centered_global": {
    "frobenius": 41.54011691379122,
    "frobenius_sq": 1725.5813132114438,
    "entropy_sv": 0.01598570185544094,
    "rank_tol": 2,
    "participation_ratio": 0.9955034668394414,
    "mean_row_norm": 7.343323476616584,
    "std_row_norm": 0.004108920817945697,
    "mean_col_norm": 1.4831161800593384,
    "std_col_norm": 1.0830204449283813
  },
  "metrics_V_centered_rowcol": {
    "frobenius": 1.9849333358468475,
    "frobenius_sq": 3.939960347756094,
    "entropy_sv": 2.141404136484463e-27,
    "rank_tol": 1,
    "participation_ratio": 1.0,
    "mean_row_norm": 0.1221045368425516,
    "std_row_norm": 0.33422301683230016,
    "mean_col_norm": 0.02271149323651667,
    "std_col_norm": 0.0848143436035396
  },
  "row_distance_raw": {
    "max_row_distance": 2.017413173525352,
    "mean_row_distance": 0.1260883233453345,
    "median_row_distance": 0.0
  },
  "row_distance_centered_past": {
    "max_row_distance": 2.017413173525352,
    "mean_row_distance": 0.1260883233453345,
    "median_row_distance": 0.0
  },
  "delta_norm_centered_past": 0.001925180558630636,
  "corr_weight_vs_centered_block_norm": -0.009145650063459418,
  "corr_terminated_early_vs_centered_block_norm": 0.6891448616863023,
  "summarize_weights": {
    "mean_weight_by_past": [
      3.7414142253483165e-08,
      1.8863373980694264e-07,
      0.00010015687525650677,
      3.034665545241636e-11,
      6.548888680076073e-07,
      1.2197273082152628e-08,
      1.1979008021563277e-11,
      7.543403580065313e-11,
      2.8271259771250377e-14,
      2.6527030041715105e-06,
      6.853298799119401e-10,
      9.229831726333693e-11,
      5.22255346730944e-08,
      1.378481878256676e-11,
      3.7842627018694955e-09,
      3.421114894281603e-11,
      2.5094723272586136e-07,
      1.67837111348047e-10,
      1.7261507612314927e-08,
      2.808391638155265e-08,
      7.125445603410066e-07,
      8.885205783383783e-08,
      2.2772113059061065e-06,
      1.0155444671030275e-10,
      8.917279380309101e-10,
      1.5737775602136446e-07,
      2.510029389724207e-09,
      1.7433150670691468e-09,
      3.19845272747941e-06,
      7.130814517067417e-11,
      2.979287696682916e-10,
      1.4353841533650249e-11
    ],
    "mean_weight_by_future": [
      2.7738859213852495e-06,
      1.1437274906943863e-06,
      6.685903488600094e-06,
      1.4515146281264061e-05,
      4.726520485676844e-07,
      2.134975371512966e-07,
      5.051970035903651e-06,
      1.131038627499423e-06,
      2.5990274639083783e-06,
      3.1435350511713317e-06,
      5.188238448681292e-06,
      1.2757139779107731e-06,
      1.808505644540419e-07,
      1.5002934316673585e-06,
      3.0908040820282364e-08,
      2.4269540964464416e-07,
      1.2516521375205704e-05,
      2.0144023673954445e-06,
      2.5481821264377874e-07,
      6.929615215501996e-07,
      2.092346792002247e-08,
      3.5809624260514856e-08,
      1.219535445880209e-07,
      5.225834402607817e-07,
      4.4350856844882145e-07,
      2.087367901275343e-08,
      1.8309671623374874e-07,
      6.613575490627688e-07,
      1.4260230220229612e-06,
      2.997889865633192e-07,
      1.6276038579619258e-06,
      2.3012192695907462e-08,
      2.395411076440252e-07,
      1.0922551454411448e-07,
      6.891279081190267e-08,
      5.818642229453444e-09,
      2.4364508814534387e-06,
      3.6733123877449767e-06,
      1.4691420975203866e-08,
      3.3209149985567717e-07,
      2.4938460306358175e-05,
      8.55902451526089e-07,
      4.22298035106915e-07,
      5.490913232694797e-08,
      7.336365584143251e-06,
      5.788647744373368e-06,
      3.6482782797462216e-06,
      4.148104570413825e-06,
      8.589441884305924e-06,
      8.924817258480081e-09,
      9.70465057827315e-07,
      1.2836104411165958e-07,
      3.916757103489456e-07,
      4.954173009102784e-07,
      2.649859108635388e-07,
      5.995876862322893e-06,
      4.389860116565128e-09,
      9.029066840844808e-07,
      6.707810598408385e-09,
      5.163492431550956e-06,
      8.82476066119052e-07,
      1.8008234310060878e-06,
      2.2891101792348654e-05,
      5.140801026652168e-05
    ]
  },
  "mean_centered_block_norm_by_past": [
    0.0025903758262374186,
    0.0025903758262374186,
    0.0025903758262374186,
    0.0025903758262374186,
    0.0025903758262374186,
    0.0025903758262374186,
    0.0025903758262374186,
    0.0025903758262374186,
    0.08030165061335996,
    0.0025903758262374186,
    0.0025903758262374186,
    0.0025903758262374186,
    0.0025903758262374186,
    0.0025903758262374186,
    0.0025903758262374186,
    0.0025903758262374186,
    0.0025903758262374186,
    0.0025903758262374186,
    0.0025903758262374186,
    0.0025903758262374186,
    0.0025903758262374186,
    0.0025903758262374186,
    0.0025903758262374186,
    0.0025903758262374186,
    0.0025903758262374186,
    0.0025903758262374186,
    0.0025903758262374186,
    0.0025903758262374186,
    0.0025903758262374186,
    0.0025903758262374186,
    0.0025903758262374186,
    0.0025903758262374186
  ],
  "mean_centered_block_norm_by_future": [
    0.0,
    0.0,
    0.0,
    0.0,
    0.0,
    0.0,
    0.0,
    0.0,
    0.0,
    0.0,
    0.0,
    0.0,
    0.0,
    0.0,
    0.07542063526588448,
    0.0,
    0.0,
    0.0,
    0.0,
    0.0,
    0.029958862013784334,
    0.006254175930550457,
    0.003944268292297052,
    0.0,
    0.0,
    0.007800083658375324,
    0.0,
    0.0,
    0.0,
    0.0,
    0.0,
    0.007291101296368538,
    0.0,
    0.008365276747163647,
    0.007887334363225175,
    0.007686385987759194,
    0.0,
    0.0,
    0.04544858850897025,
    0.0,
    0.0,
    0.0,
    0.0,
    0.061703468297694616,
    0.0,
    0.0,
    0.0,
    0.0,
    0.0,
    0.04459937372869428,
    0.0,
    0.0,
    0.0,
    0.0,
    0.0,
    0.0,
    0.006377555883508758,
    0.0,
    0.008469492479163735,
    0.0,
    0.0,
    0.0,
    0.0,
    0.0
  ],
  "weighted_variants": {
    "masked_lt_1e-12_thr1e-12": {
      "frobenius": 43.000000022509475,
      "frobenius_sq": 1849.000001935815,
      "entropy_sv": 0.23103257898790389,
      "rank_tol": 11,
      "participation_ratio": 0.9123452924000874,
      "mean_row_norm": 7.468771807983529,
      "std_row_norm": 1.436374554715612,
      "mean_col_norm": 1.3662979688595351,
      "std_col_norm": 1.322108920201962
    },
    "weighted_sqrt_thr1e-12": {
      "frobenius": 0.08409373548003274,
      "frobenius_sq": 0.007071756346985717,
      "entropy_sv": 8.753615178810489e-12,
      "rank_tol": 2,
      "participation_ratio": 0.9999999999994138,
      "mean_row_norm": 0.0048369351988864235,
      "std_row_norm": 0.014281824902823814,