{
  "case_name": "sweep",
  "L": 2,
  "k": 20,
  "dt": 0.1,
  "cut": 10,
  "J": 1.6,
  "g": 1.0,
  "n_pasts": 32,
  "n_futures": 32,
  "n_seeds": 1,
  "delta": 6.193141429909641,
  "delta_norm": 0.006166610541357105,
  "entropy": 1.2332578566254577,
  "rank": 31,
  "max_row_distance": 1.265108450903879,
  "mean_row_distance": 0.5840799178098787,
  "median_row_distance": 0.5644710402895516
}