{
  "case_name": "markov_ref",
  "cut": 5,
  "cut_comparison_mode": "cut_comparison_shared_probe_source",
  "J": 0.0,
  "g": 1.0,
  "L": 2,
  "k": 20,
  "dt": 0.1,
  "n_pasts": 16,
  "n_futures": 64,
  "fraction_terminated_early": 0.0,
  "fraction_any_prob_skipped_renormalize": 0.0,
  "fraction_weight_lt_1e-12": 0.04296875,
  "fraction_weight_lt_1e-10": 0.20703125,
  "fraction_weight_lt_1e-08": 0.599609375,
  "fraction_weight_lt_1e-06": 0.9091796875,
  "mean_cumulative_weight": 1.7508056822046896e-06,
  "median_cumulative_weight": 3.321351950798806e-09,
  "metrics_V_raw": {
    "frobenius": 31.999999993434454,
    "frobenius_sq": 1023.999999579805,
    "entropy_sv": 1.0361632918473208e-27,
    "rank_tol": 1,
    "participation_ratio": 1.0,
    "mean_row_norm": 7.999999998358618,
    "std_row_norm": 0.0,
    "mean_col_norm": 0.9712638399651041,
    "std_col_norm": 1.0289384596893392
  },
  "metrics_V_centered_past": {
    "frobenius": 0.0,
    "frobenius_sq": 0.0,
    "entropy_sv": 0.0,
    "rank_tol": 0,
    "participation_ratio": 0.0,
    "mean_row_norm": 0.0,
    "std_row_norm": 0.0,
    "mean_col_norm": 0.0,
    "std_col_norm": 0.0
  },
  "metrics_V_centered_global": {
    "frobenius": 29.950978374549457,
    "frobenius_sq": 897.0611055927293,
    "entropy_sv": 1.0361632918473208e-27,
    "rank_tol": 1,
    "participation_ratio": 1.0,
    "mean_row_norm": 7.487744593637365,
    "std_row_norm": 0.0,
    "mean_col_norm": 1.0201429478483988,
    "std_col_norm": 0.8442588302931439
  },
  "metrics_V_centered_rowcol": {
    "frobenius": 0.0,
    "frobenius_sq": 0.0,
    "entropy_sv": 0.0,
    "rank_tol": 0,
    "participation_ratio": 0.0,
    "mean_row_norm": 0.0,
    "std_row_norm": 0.0,
    "mean_col_norm": 0.0,
    "std_col_norm": 0.0
  },
  "row_distance_raw": {
    "max_row_distance": 0.0,
    "mean_row_distance": 0.0,
    "median_row_distance": 0.0
  },
  "row_distance_centered_past": {
    "max_row_distance": 0.0,
    "mean_row_distance": 0.0,
    "median_row_distance": 0.0
  },
  "delta_norm_centered_past": 0.0,
  "corr_weight_vs_centered_block_norm": NaN,
  "corr_terminated_early_vs_centered_block_norm": NaN,
  "summarize_weights": {
    "mean_weight_by_past": [
      2.56275638430859e-07,
      7.037058130353903e-07,
      4.283696554559353e-06,
      5.342705523224259e-07,
      3.6216998476814513e-07,
      2.5605551089039077e-06,
      1.113319487673944e-06,
      9.150686655890193e-09,
      1.2700187232346755e-06,
      6.7947100393246246e-06,
      4.0846330065527406e-07,
      1.9552779761760855e-07,
      4.0244539680723364e-09,
      7.027434115695012e-06,
      8.837411160383477e-08,
      2.4011945468260146e-06
    ],
    "mean_weight_by_future": [
      7.271699649495945e-08,
      1.0115360360031064e-09,
      2.2038924291351064e-09,
      1.1873274443273894e-10,
      9.248324940306366e-09,
      4.5173141818373034e-05,
      1.374912968570889e-07,
      1.4773052875867478e-09,
      5.482232765428032e-10,
      2.3924792127105603e-08,
      2.2806222934545316e-10,
      1.473159931014221e-10,
      2.8313732965236924e-07,
      3.0619276890923213e-09,
      8.626380687702567e-07,
      2.699860648493314e-09,
      2.335825880909523e-08,
      4.181759476355312e-10,
      9.720833492757996e-08,
      1.9218887741403556e-07,
      9.281331081558635e-07,
      1.1937479895868942e-10,
      9.389764026816312e-06,
      4.215681244417515e-10,
      2.5768521710159302e-06,
      6.4212276035171106e-09,
      1.5829665701258217e-05,
      1.6993526739901683e-10,
      4.228886269520114e-12,
      8.129299707957756e-09,
      2.8776046566439696e-09,
      1.3293127416504887e-10,
      3.0746068231242166e-07,
      1.4826387142641013e-08,
      7.054634877128774e-11,
      8.120172126115315e-07,
      4.588752307701738e-09,
      2.644562737200918e-12,
      3.2612092991285706e-08,
      2.17434603657733e-09,
      8.637875301690793e-08,
      1.645225489106392e-07,
      5.379206832413531e-08,
      1.2481819609895365e-12,
      9.357160493345837e-09,
      1.745093897422723e-08,
      1.9435419299276096e-08,
      1.4764741997708465e-10,
      9.533381833894939e-08,
      9.672440606625137e-08,
      5.1059959012062e-10,
      1.525776125419667e-07,
      1.086019501511143e-08,
      2.092899042204496e-10,
      2.638092079902975e-09,
      5.819371745818351e-08,
      7.842380657615059e-08,
      1.287711258856244e-08,
      1.7975225286964493e-09,
      7.207862826626458e-06,
      3.5957109451331767e-09,
      9.791708783876958e-10,
      2.7008880486628594e-05,
      1.6560053618641918e-07
    ]
  },
  "mean_centered_block_norm_by_past": [
    0.0,
    0.0,
    0.0,
    0.0,
    0.0,
    0.0,
    0.0,
    0.0,
    0.0,
    0.0,
    0.0,
    0.0,
    0.0,
    0.0,
    0.0,
    0.0
  ],
  "mean_centered_block_norm_by_future": [
    0.0,
    0.0,
    0.0,
    0.0,
    0.0,
    0.0,
    0.0,
    0.0,
    0.0,
    0.0,
    0.0,
    0.0,
    0.0,
    0.0,
    0.0,
    0.0,
    0.0,
    0.0,
    0.0,
    0.0,
    0.0,
    0.0,
    0.0,
    0.0,
    0.0,
    0.0,
    0.0,
    0.0,
    0.0,
    0.0,
    0.0,
    0.0,
    0.0,
    0.0,
    0.0,
    0.0,
    0.0,
    0.0,
    0.0,
    0.0,
    0.0,
    0.0,
    0.0,
    0.0,
    0.0,
    0.0,
    0.0,
    0.0,
    0.0,
    0.0,
    0.0,
    0.0,
    0.0,
    0.0,
    0.0,
    0.0,
    0.0,
    0.0,
    0.0,
    0.0,
    0.0,
    0.0,
    0.0,
    0.0
  ],
  "weighted_variants": {
    "masked_lt_1e-12_thr1e-12": {
      "frobenius": 31.30495167593203,
      "frobenius_sq": 979.9999994324397,
      "entropy_sv": 0.14601005091265756,
      "rank_tol": 6,
      "participation_ratio": 0.9501436899221907,
      "mean_row_norm": 7.8222846909835715,
      "std_row_norm": 0.2568780312010009,
      "mean_col_norm": 0.9492567462840228,
      "std_col_norm": 1.0074504778758042
    },
    "weighted_sqrt_thr1e-12": {
      "frobenius": 0.04234176462787126,
      "frobenius_sq": 0.0017928250318020498,
      "entropy_sv": 1.0361632918473208e-27,
      "rank_tol": 1,
      "participation_ratio": 1.0,
      "mean_row_norm": 0.00843733699921859,
      "std_row_norm": 0.006602052921063881,
      "mean_col_norm": 0.0005173353830282075,
      "std_col_norm": 0.001800084501035239
    },
    "weighted_linear_thr1e-12": {
      "frobenius": 0.0003670412578529515,
      "frobenius_sq": 1.3471928496627684e-07,
      "entropy_sv": 1.0361632918473208e-27,
      "rank_tol": 1,
      "participation_ratio": 1.0,
      "mean_row_norm": 5.6303303131606696e-05,
      "std_row_norm": 7.483238776082782e-05,
      "mean_col_norm": 2.8548982611090334e-06,
      "std_col_norm": 1.598349549908271e-05
    },
    "masked_lt_1e-10_thr1e-10": {
      "frobenius": 28.495613673486858,
      "frobenius_sq": 811.9999986286111,
      "entropy_sv": 0.3992216708518527,
      "rank_tol": 10,
      "participation_ratio": 0.8447547857332305,
      "mean_row_norm": 7.074842318099656,
      "std_row_norm": 0.8620014467517833,
      "mean_col_norm": 0.8394198185801074,
      "std_col_norm": 0.9397002427640654
    },
    "weighted_sqrt_thr1e-10": {
      "frobenius": 0.04234176462787126,
      "frobenius_sq": 0.0017928250318020498,
      "entropy_sv": 1.0361632918473208e-27,
      "rank_tol": 1,
      "participation_ratio": 1.0,
      "mean_row_norm": 0.00843733699921859,
      "std_row_norm": 0.006602052921063881,
      "mean_col_norm": 0.0005173353830282075,
      "std_col_norm": 0.001800084501035239
    },
    "weighted_linear_thr1e-10": {
      "frobenius": 0.0003670412578529515,
      "frobenius_sq": 1.3471928496627684e-07,
      "entropy_sv": 1.0361632918473208e-27,
      "rank_tol": 1,
      "participation_ratio": 1.0,
      "mean_row_norm": 5.6303303131606696e-05,
      "std_row_norm": 7.483238776082782e-05,
      "mean_col_norm": 2.8548982611090334e-06,
      "std_col_norm": 1.598349549908271e-05
    },
    "masked_lt_1e-08_thr1e-08": {
      "frobenius": 20.248456678693508,
      "frobenius_sq": 409.9999978689277,