{
  "case_name": "sweep",
  "L": 2,
  "k": 20,
  "dt": 0.1,
  "cut": 10,
  "J": 1.0,
  "g": 1.0,
  "n_pasts": 32,
  "n_futures": 32,
  "n_seeds": 1,
  "branch_weight_beta": 1.0,
  "delta": 1.1870333007731866e-06,
  "delta_norm": 0.9632164193835822,
  "entropy": 9.094093179001049e-05,
  "rank": 4,
  "max_row_distance": 0.0011093586557339257,
  "mean_row_distance": 7.399348570854877e-05,
  "median_row_distance": 1.3924281947115898e-06,
  "weight_preparation": {
    "weight_data_invalid": false,
    "nan_count": 0,
    "posinf_count": 0,
    "neginf_count": 0,
    "negative_count": 0,
    "warnings": []
  }
}