{
  "case_name": "sweep",
  "L": 2,
  "k": 20,
  "dt": 0.1,
  "cut": 10,
  "J": 1.0,
  "g": 1.0,
  "n_pasts": 32,
  "n_futures": 32,
  "n_seeds": 1,
  "delta": 2.0900196161365754,
  "delta_norm": 0.002056902243900916,
  "entropy": 1.1374083097426713,
  "rank": 31,
  "max_row_distance": 0.8683783402057198,
  "mean_row_distance": 0.32868948873821885,
  "median_row_distance": 0.3032886742591491
}