{
  "case_name": "trivial",
  "cut": 15,
  "cut_comparison_mode": "cut_comparison_shared_probe_source",
  "J": 0.0,
  "g": 0.0,
  "L": 2,
  "k": 20,
  "dt": 0.1,
  "n_pasts": 32,
  "n_futures": 32,
  "fraction_terminated_early": 0.0029296875,
  "fraction_any_prob_skipped_renormalize": 0.0,
  "fraction_weight_lt_1e-12": 0.115234375,
  "fraction_weight_lt_1e-10": 0.359375,
  "fraction_weight_lt_1e-08": 0.69140625,
  "fraction_weight_lt_1e-06": 0.9462890625,
  "mean_cumulative_weight": 3.268952207524773e-07,
  "median_cumulative_weight": 8.158861150498726e-10,
  "metrics_V_raw": {
    "frobenius": 31.99999989281386,
    "frobenius_sq": 1023.9999931400871,
    "entropy_sv": 0.01194718111225813,
    "rank_tol": 2,
    "participation_ratio": 0.996790228368658,
    "mean_row_norm": 5.656854230544374,
    "std_row_norm": 7.194788542487635e-10,
    "mean_col_norm": 1.4415751752631443,
    "std_col_norm": 1.3890276084450237
  },
  "metrics_V_centered_past": {
    "frobenius": 1.2906512654189115,
    "frobenius_sq": 1.6657806889274376,
    "entropy_sv": 2.141404136484463e-27,
    "rank_tol": 1,
    "participation_ratio": 1.0,
    "mean_row_norm": 0.07939529864462361,
    "std_row_norm": 0.21731982219075274,
    "mean_col_norm": 0.011032760066491428,
    "std_col_norm": 0.08006418771745227
  },
  "metrics_V_centered_global": {
    "frobenius": 29.73122199976706,
    "frobenius_sq": 883.945561599433,
    "entropy_sv": 0.013593809788943522,
    "rank_tol": 2,
    "participation_ratio": 0.9962737948019478,
    "mean_row_norm": 5.255785262434161,
    "std_row_norm": 0.004552224516165233,
    "mean_col_norm": 1.4850450046882182,
    "std_col_norm": 1.1191273615798965
  },
  "metrics_V_centered_rowcol": {
    "frobenius": 1.2890723569714977,
    "frobenius_sq": 1.6617075415080524,
    "entropy_sv": 2.141404136484463e-27,
    "rank_tol": 1,
    "participation_ratio": 1.0,
    "mean_row_norm": 0.07929817100753553,
    "std_row_norm": 0.21705396563271812,
    "mean_col_norm": 0.014896935162757599,
    "std_col_norm": 0.07933291382654972
  },
  "row_distance_raw": {
    "max_row_distance": 1.3113029969692673,
    "mean_row_distance": 0.08195643731057921,
    "median_row_distance": 0.0
  },
  "row_distance_centered_past": {
    "max_row_distance": 1.3113029969692673,
    "mean_row_distance": 0.08195643731057921,
    "median_row_distance": 0.0
  },
  "delta_norm_centered_past": 0.0016267389649284427,
  "corr_weight_vs_centered_block_norm": -0.010986039525984453,
  "corr_terminated_early_vs_centered_block_norm": 0.5852234356861797,
  "summarize_weights": {
    "mean_weight_by_past": [
      2.75466185512017e-07,
      7.412262980538294e-07,
      4.1360332925171166e-11,
      2.13073449191251e-12,
      9.715000083225717e-11,
      9.348785678042494e-08,
      2.373608050848818e-09,
      2.3092454965516187e-09,
      1.966002464049622e-10,
      9.43559210952311e-09,
      1.1432116693151836e-12,
      4.359449721956513e-08,
      5.468198317563066e-07,
      1.6582190405085325e-08,
      5.02265674945446e-09,
      1.2010805037866097e-08,
      7.457134449298778e-12,
      6.283666917313604e-07,
      6.104335226193068e-09,
      7.872528698546865e-08,
      3.792276247621916e-06,
      1.6906224038413005e-06,
      2.2677097837148707e-06,
      8.485501793984039e-09,
      1.2483912974784622e-11,
      1.9607930998162905e-07,
      3.9833560560794627e-10,
      6.054824600873708e-11,
      3.672153503488353e-08,
      2.6877207775042222e-11,
      4.3626788326461926e-09,
      2.0204355104091407e-09
    ],
    "mean_weight_by_future": [
      2.8472985433497435e-08,
      1.5727814200735324e-08,
      1.4233502215778923e-09,
      4.2286494995530155e-08,
      1.1815108084920513e-09,
      1.7009177093905183e-06,
      8.473602959003976e-08,
      1.613412732122375e-09,
      2.870706922917145e-06,
      1.1420157511660198e-06,
      2.8307043705744455e-09,
      3.0512993932021835e-08,
      2.317800625649832e-09,
      1.0066822227725302e-08,
      1.2184247201496054e-07,
      5.381799295874586e-10,
      1.0843280476870998e-10,
      2.370714579108322e-07,
      5.3246507967456666e-08,
      6.697499891960941e-07,
      1.5079475874614146e-06,
      3.753420135642813e-08,
      7.173440080826566e-08,
      8.279965620798741e-08,
      2.16487945965333e-08,
      2.2295065701158794e-07,
      4.3441027983347e-07,
      6.306404232995103e-08,
      6.291425848848496e-07,
      1.1546337373903889e-07,
      2.7330637405148346e-10,
      2.5631083704034637e-07
    ]
  },
  "mean_centered_block_norm_by_past": [
    0.0012805693329778001,
    0.0012805693329778001,
    0.0012805693329778001,
    0.0012805693329778001,
    0.0012805693329778001,
    0.0012805693329778001,
    0.0012805693329778001,
    0.0012805693329778001,
    0.0012805693329778001,
    0.0012805693329778001,
    0.039697649322311804,
    0.0012805693329778001,
    0.0012805693329778001,
    0.0012805693329778001,
    0.0012805693329778001,
    0.0012805693329778001,
    0.0012805693329778001,
    0.0012805693329778001,
    0.0012805693329778001,
    0.0012805693329778001,
    0.0012805693329778001,
    0.0012805693329778001,
    0.0012805693329778001,
    0.0012805693329778001,
    0.0012805693329778001,
    0.0012805693329778001,
    0.0012805693329778001,
    0.0012805693329778001,
    0.0012805693329778001,
    0.0012805693329778001,
    0.0012805693329778001,
    0.0012805693329778001
  ],
  "mean_centered_block_norm_by_future": [
    0.0,
    0.0,
    0.0,
    0.0,
    0.0,
    0.0,
    0.0,
    0.0,
    0.0,
    0.0,
    0.0,
    0.0,
    0.0,
    0.0,
    0.0,
    0.0,
    0.07939529864462352,
    0.0,
    0.0,
    0.0,
    0.0,
    0.0,
    0.0,
    0.0,
    0.0,
    0.0,
    0.0,
    0.0,
    0.0,
    0.0,
    0.0,
    0.0
  ],
  "weighted_variants": {
    "masked_lt_1e-12_thr1e-12": {
      "frobenius": 30.0998337794534,
      "frobenius_sq": 905.9999935507241,
      "entropy_sv": 0.30657528889431485,
      "rank_tol": 10,
      "participation_ratio": 0.8845640292426047,
      "mean_row_norm": 5.271068369505611,
      "std_row_norm": 0.7384992925640272,
      "mean_col_norm": 1.3512655638400148,
      "std_col_norm": 1.311435115424018
    },
    "weighted_sqrt_thr1e-12": {
      "frobenius": 0.0182959203838753,
      "frobenius_sq": 0.0003347407026931037,
      "entropy_sv": 6.964490932662263e-11,
      "rank_tol": 2,
      "participation_ratio": 0.9999999999949731,
      "mean_row_norm": 0.0017602466310991595,
      "std_row_norm": 0.002756749606725596,
      "mean_col_norm": 0.0005469845716579611,
      "std_col_norm": 0.0010061526792403605
    },
    "weighted_linear_thr1e-12": {
      "frobenius": 5.960005297451643e-05,
      "frobenius_sq": 3.5521663145651644e-09,
      "entropy_sv": 6.1784313179948796e-21,
      "rank_tol": 1,
      "participation_ratio": 1.0,
      "mean_row_norm": 3.997103334724599e-06,
      "std_row_norm": 9.904231080825746e-06,
      "mean_col_norm": 1.1667041020612782e-06,
      "std_col_norm": 3.544506662955638e-06
    },
    "masked_lt_1e-10_thr1e-10": {
      "frobenius": 25.612496850118827,
      "frobenius_sq": 655.9999948973468,
      "entropy_sv": 0.5196753224464721,
      "rank_tol": 16,
      "participation_ratio": 0.8000260255118582,
      "mean_row_norm": 4.137770535061809,
      "std_row_norm": 1.8675786883359509,
      "mean_col_norm": 1.1343264009234466,
      "std_col_norm": 1.1317273291714802
    },
    "weighted_sqrt_thr1e-10": {
      "frobenius": 0.0182959203838753,
      "frobenius_sq": 0.0003347407026931037,
      "entropy_sv": 6.964490932662263e-11,
      "rank_tol": 2,
      "participation_ratio": 0.9999999999949731,
      "mean_row_norm": 0.0017602466310991595,
      "std_row_norm": 0.002756749606725596,
      "mean_col_norm": 0.0005469845716579611,
      "std_col_norm": 0.0010061526792403605
    },
    "weighted_linear_thr1e-10": {
      "frobenius": 5.960005297451643e-05,
      "frobenius_sq": 3.5521663145651644e-09,