{
  "case_name": "sweep",
  "L": 2,
  "k": 20,
  "dt": 0.1,
  "cut": 10,
  "J": 0.2,
  "g": 1.0,
  "n_pasts": 32,
  "n_futures": 32,
  "n_seeds": 1,
  "delta": 0.23141325050301909,
  "delta_norm": 0.0002260623174929223,
  "entropy": 0.18246161773011052,
  "rank": 31,
  "max_row_distance": 0.4846198936876275,
  "mean_row_distance": 0.0486587443573959,
  "median_row_distance": 0.016464492794306444
}