{
  "case_name": "sweep",
  "L": 2,
  "k": 20,
  "dt": 0.1,
  "cut": 10,
  "J": 1.6,
  "g": 1.0,
  "n_pasts": 32,
  "n_futures": 32,
  "n_seeds": 1,
  "branch_weight_beta": 1.0,
  "delta": 1.41526045727452e-06,
  "delta_norm": 0.9634540632568314,
  "entropy": 0.00040568525884046157,
  "rank": 4,
  "max_row_distance": 0.0012112737139962331,
  "mean_row_distance": 8.065931001169072e-05,
  "median_row_distance": 1.6158706388670963e-06,
  "weight_preparation": {
    "weight_data_invalid": false,
    "nan_count": 0,
    "posinf_count": 0,
    "neginf_count": 0,
    "negative_count": 0,
    "warnings": []
  }
}