{
  "case_name": "sweep",
  "L": 2,
  "k": 20,
  "dt": 0.1,
  "cut": 10,
  "J": 1.0,
  "g": 1.0,
  "n_pasts": 32,
  "n_futures": 32,
  "n_seeds": 1,
  "delta": 2.0900196161365754,
  "delta_norm": 0.002056902243900916,
  "entropy": 1.1374083097426713,
  "rank": 31,
  "participation_ratio": 2.2391059328621594,
  "max_row_distance": 0.8683783402057198,
  "mean_row_distance": 0.32868948873821885,
  "median_row_distance": 0.3032886742591491,
  "delta_z": 0.06200533432262472,
  "delta_z_norm": 0.00015533529887179032,
  "entropy_z": 0.9257640416867283,
  "rank_z": 31,
  "participation_ratio_z": 1.9554072397327873
}