{
  "case_name": "trivial",
  "cut": 5,
  "cut_comparison_mode": "cut_comparison_shared_probe_source",
  "J": 0.0,
  "g": 0.0,
  "L": 2,
  "k": 20,
  "dt": 0.1,
  "n_pasts": 16,
  "n_futures": 64,
  "fraction_terminated_early": 0.0,
  "fraction_any_prob_skipped_renormalize": 0.0,
  "fraction_weight_lt_1e-12": 0.046875,
  "fraction_weight_lt_1e-10": 0.220703125,
  "fraction_weight_lt_1e-08": 0.5859375,
  "fraction_weight_lt_1e-06": 0.9326171875,
  "mean_cumulative_weight": 3.6241929497780765e-07,
  "median_cumulative_weight": 3.946269517995199e-09,
  "metrics_V_raw": {
    "frobenius": 31.99999996435551,
    "frobenius_sq": 1023.9999977187526,
    "entropy_sv": 1.0361632918473208e-27,
    "rank_tol": 1,
    "participation_ratio": 1.0,
    "mean_row_norm": 7.999999991088883,
    "std_row_norm": 0.0,
    "mean_col_norm": 0.9907943716243608,
    "std_col_norm": 1.010108568359638
  },
  "metrics_V_centered_past": {
    "frobenius": 0.0,
    "frobenius_sq": 0.0,
    "entropy_sv": 0.0,
    "rank_tol": 0,
    "participation_ratio": 0.0,
    "mean_row_norm": 0.0,
    "std_row_norm": 0.0,
    "mean_col_norm": 0.0,
    "std_col_norm": 0.0
  },
  "metrics_V_centered_global": {
    "frobenius": 29.82521902551456,
    "frobenius_sq": 889.5436899199157,
    "entropy_sv": 1.0361632918473208e-27,
    "rank_tol": 1,
    "participation_ratio": 1.0,
    "mean_row_norm": 7.45630475637864,
    "std_row_norm": 0.0,
    "mean_col_norm": 1.0358787754144032,
    "std_col_norm": 0.8158708662770227
  },
  "metrics_V_centered_rowcol": {
    "frobenius": 0.0,
    "frobenius_sq": 0.0,
    "entropy_sv": 0.0,
    "rank_tol": 0,
    "participation_ratio": 0.0,
    "mean_row_norm": 0.0,
    "std_row_norm": 0.0,
    "mean_col_norm": 0.0,
    "std_col_norm": 0.0
  },
  "row_distance_raw": {
    "max_row_distance": 0.0,
    "mean_row_distance": 0.0,
    "median_row_distance": 0.0
  },
  "row_distance_centered_past": {
    "max_row_distance": 0.0,
    "mean_row_distance": 0.0,
    "median_row_distance": 0.0
  },
  "delta_norm_centered_past": 0.0,
  "corr_weight_vs_centered_block_norm": NaN,
  "corr_terminated_early_vs_centered_block_norm": NaN,
  "summarize_weights": {
    "mean_weight_by_past": [
      3.9317085336917014e-07,
      9.866929758725522e-10,
      7.893581136990841e-07,
      1.0302259727790703e-06,
      6.390931598394836e-08,
      1.0649515746404148e-06,
      9.641741822095129e-08,
      4.3835188370751584e-08,
      4.52878829979968e-09,
      4.04662543900844e-07,
      5.674457117698963e-07,
      2.1416043102933633e-08,
      4.108564921495348e-09,
      5.0377970764706e-07,
      8.04456072758543e-07,
      5.456157205087383e-09
    ],
    "mean_weight_by_future": [
      4.2391400923418717e-08,
      3.527355432779792e-08,
      3.8620839783706006e-12,
      6.880637482757204e-07,
      7.822231251222851e-11,
      1.8695423788094478e-08,
      4.186206187196723e-06,
      6.750224124669104e-13,
      2.1345246335585107e-09,
      1.4255413157363004e-08,
      4.3575743049543546e-10,
      1.5534168937555678e-07,
      4.4721076512267776e-07,
      2.328060536203507e-09,
      2.0854819159933154e-08,
      3.1299911059359853e-07,
      1.5451710264631082e-09,
      9.815495284665287e-07,
      1.8915742215882324e-08,
      1.6929102373679384e-07,
      6.697154881984037e-11,
      5.0252252979129357e-08,
      7.018896327960424e-09,
      6.986021064787631e-06,
      2.285353272295554e-08,
      2.0658355139715046e-07,
      2.1348847156778894e-09,
      2.200141622631252e-09,
      7.254713846045366e-10,
      1.4103763524320135e-06,
      1.1029650807639606e-06,
      2.0086510719082266e-07,
      7.514571984303073e-08,
      3.8632818092645445e-09,
      1.8386937790223567e-08,
      2.3211198790759055e-11,
      7.138949025969449e-07,
      1.4311887385196455e-07,
      3.3493232776478213e-06,
      3.1172377619501263e-07,
      1.5998015119600524e-11,
      1.3178870030181972e-07,
      1.827943107270745e-09,
      1.4497439371081976e-10,
      7.765576920654681e-08,
      4.3494934713354187e-08,
      1.3305239577989015e-09,
      1.4832770932018796e-07,
      9.114268479775926e-08,
      7.168569528571562e-09,
      2.5491128614551008e-11,
      1.378403159682029e-10,
      4.0430881111563844e-09,
      1.0008367178695994e-08,
      6.306012112388664e-09,
      8.326826791846124e-07,
      6.632767971898327e-11,
      8.892162722471797e-09,
      1.2348399253907103e-09,
      8.999644254932471e-12,
      9.024151125024395e-08,
      6.952907542935798e-09,
      1.871371518779426e-08,
      7.505161061180169e-09
    ]
  },
  "mean_centered_block_norm_by_past": [
    0.0,
    0.0,
    0.0,
    0.0,
    0.0,
    0.0,
    0.0,
    0.0,
    0.0,
    0.0,
    0.0,
    0.0,
    0.0,
    0.0,
    0.0,
    0.0
  ],
  "mean_centered_block_norm_by_future": [
    0.0,
    0.0,
    0.0,
    0.0,
    0.0,
    0.0,
    0.0,
    0.0,
    0.0,
    0.0,
    0.0,
    0.0,
    0.0,
    0.0,
    0.0,
    0.0,
    0.0,
    0.0,
    0.0,
    0.0,
    0.0,
    0.0,
    0.0,
    0.0,
    0.0,
    0.0,
    0.0,
    0.0,
    0.0,
    0.0,
    0.0,
    0.0,
    0.0,
    0.0,
    0.0,
    0.0,
    0.0,
    0.0,
    0.0,
    0.0,
    0.0,
    0.0,
    0.0,
    0.0,
    0.0,
    0.0,
    0.0,
    0.0,
    0.0,
    0.0,
    0.0,
    0.0,
    0.0,
    0.0,
    0.0,
    0.0,
    0.0,
    0.0,
    0.0,
    0.0,
    0.0,
    0.0,
    0.0,
    0.0
  ],
  "weighted_variants": {
    "masked_lt_1e-12_thr1e-12": {
      "frobenius": 31.240998677225345,
      "frobenius_sq": 975.9999983503958,
      "entropy_sv": 0.1600877238544688,
      "rank_tol": 7,
      "participation_ratio": 0.9436811344811938,
      "mean_row_norm": 7.806583710442055,
      "std_row_norm": 0.2471181499025882,
      "mean_col_norm": 0.967963496010948,
      "std_col_norm": 0.9854915167218579
    },
    "weighted_sqrt_thr1e-12": {
      "frobenius": 0.019264406465441777,
      "frobenius_sq": 0.00037111735646575494,
      "entropy_sv": 1.0361632918473208e-27,
      "rank_tol": 1,
      "participation_ratio": 1.0,
      "mean_row_norm": 0.0038571320421165152,
      "std_row_norm": 0.0029785664898919,
      "mean_col_norm": 0.00033894522830837264,
      "std_col_norm": 0.0007817597893284257
    },
    "weighted_linear_thr1e-12": {
      "frobenius": 5.290627741735672e-05,
      "frobenius_sq": 2.799074190162309e-09,
      "entropy_sv": 1.0361632918473208e-27,
      "rank_tol": 1,
      "participation_ratio": 1.0,
      "mean_row_norm": 9.166339520142635e-06,
      "std_row_norm": 9.847929416839698e-06,
      "mean_col_norm": 5.561518182965468e-07,
      "std_col_norm": 2.273264207175755e-06
    },
    "masked_lt_1e-10_thr1e-10": {
      "frobenius": 28.248893767881665,
      "frobenius_sq": 797.9999991090635,
      "entropy_sv": 0.3740517400569765,
      "rank_tol": 10,
      "participation_ratio": 0.8535907428443512,
      "mean_row_norm": 7.023687258811172,
      "std_row_norm": 0.7609238137808613,
      "mean_col_norm": 0.8437794017508855,
      "std_col_norm": 0.9210249072380327
    },
    "weighted_sqrt_thr1e-10": {
      "frobenius": 0.019264406465441777,
      "frobenius_sq": 0.00037111735646575494,
      "entropy_sv": 1.0361632918473208e-27,
      "rank_tol": 1,
      "participation_ratio": 1.0,
      "mean_row_norm": 0.0038571320421165152,
      "std_row_norm": 0.0029785664898919,
      "mean_col_norm": 0.00033894522830837264,
      "std_col_norm": 0.0007817597893284257
    },
    "weighted_linear_thr1e-10": {
      "frobenius": 5.290627741735672e-05,
      "frobenius_sq": 2.799074190162309e-09,
      "entropy_sv": 1.0361632918473208e-27,
      "rank_tol": 1,
      "participation_ratio": 1.0,
      "mean_row_norm": 9.166339520142635e-06,
      "std_row_norm": 9.847929416839698e-06,
      "mean_col_norm": 5.561518182965468e-07,
      "std_col_norm": 2.273264207175755e-06
    },
    "masked_lt_1e-08_thr1e-08": {
      "frobenius": 20.591260249827332,
      "frobenius_sq": 423.99999867611916,