{
  "case_name": "markov_ref",
  "cut": 10,
  "cut_comparison_mode": "asymmetry_grid",
  "J": 0.0,
  "g": 1.0,
  "L": 2,
  "k": 20,
  "dt": 0.1,
  "n_pasts": 64,
  "n_futures": 16,
  "fraction_terminated_early": 0.0009765625,
  "fraction_any_prob_skipped_renormalize": 0.0,
  "fraction_weight_lt_1e-12": 0.05859375,
  "fraction_weight_lt_1e-10": 0.259765625,
  "fraction_weight_lt_1e-08": 0.6767578125,
  "fraction_weight_lt_1e-06": 0.9609375,
  "mean_cumulative_weight": 5.200783588750018e-07,
  "median_cumulative_weight": 1.6762234915194715e-09,
  "metrics_V_raw": {
    "frobenius": 31.999999999142183,
    "frobenius_sq": 1023.9999999450997,
    "entropy_sv": 0.00022104730576440028,
    "rank_tol": 2,
    "participation_ratio": 0.9999628282712401,
    "mean_row_norm": 3.9999999998927764,
    "std_row_norm": 6.876967884040148e-10,
    "mean_col_norm": 1.9627734064855606,
    "std_col_norm": 2.0445484089462194
  },
  "metrics_V_centered_past": {
    "frobenius": 0.13797709232493355,
    "frobenius_sq": 0.019037678006443237,
    "entropy_sv": 4.351885825758746e-27,
    "rank_tol": 1,
    "participation_ratio": 1.0,
    "mean_row_norm": 0.004277965698229369,
    "std_row_norm": 0.016840245923188626,
    "mean_col_norm": 0.002038201612606718,
    "std_col_norm": 0.01207128824362239
  },
  "metrics_V_centered_global": {
    "frobenius": 30.033111164909982,
    "frobenius_sq": 901.9877662438406,
    "entropy_sv": 0.0002482626935175945,
    "rank_tol": 2,
    "participation_ratio": 0.9999578017626469,
    "mean_row_norm": 3.7541388956137487,
    "std_row_norm": 6.116309680950317e-10,
    "mean_col_norm": 2.0907639400791953,
    "std_col_norm": 1.6421182619292105
  },
  "metrics_V_centered_rowcol": {
    "frobenius": 0.13797709232493344,
    "frobenius_sq": 0.019037678006443206,
    "entropy_sv": 4.351885825758746e-27,
    "rank_tol": 1,
    "participation_ratio": 1.0,
    "mean_row_norm": 0.0042779656982293674,
    "std_row_norm": 0.01684024592318862,
    "mean_col_norm": 0.002038201836392319,
    "std_col_norm": 0.012071288205539316
  },
  "row_distance_raw": {
    "max_row_distance": 0.1390678373011706,
    "mean_row_distance": 0.004345869915661581,
    "median_row_distance": 0.0
  },
  "row_distance_centered_past": {
    "max_row_distance": 0.1390678373011706,
    "mean_row_distance": 0.004345869915661581,
    "median_row_distance": 0.0
  },
  "delta_norm_centered_past": 1.8591482429163978e-05,
  "corr_weight_vs_centered_block_norm": -0.006330749819159255,
  "corr_terminated_early_vs_centered_block_norm": 0.9926130385587353,
  "summarize_weights": {
    "mean_weight_by_past": [
      1.1112209994376797e-07,
      5.343681043580306e-08,
      1.458666909041084e-07,
      1.525011701230277e-06,
      7.418410374232017e-10,
      1.8181333887559257e-07,
      1.9264371934178685e-06,
      6.722653014291356e-08,
      5.036794193354475e-10,
      4.339136181109556e-08,
      3.0184937115777e-09,
      2.3569287159155936e-09,
      3.6494910635329746e-09,
      1.1460105064991444e-09,
      1.3485891038451363e-08,
      9.078481419367827e-09,
      3.854422626397055e-07,
      2.834288941106342e-07,
      2.1266612747032873e-11,
      3.2293565648775733e-07,
      5.91565492995908e-10,
      7.519513096588824e-09,
      3.4758024258473604e-07,
      3.144111434173265e-08,
      1.0227538445417414e-08,
      8.670312836795038e-07,
      1.558960327878639e-09,
      8.784324666349313e-11,
      7.707567214921533e-08,
      5.574519716200953e-10,
      7.2689007677295645e-09,
      2.828428522744805e-07,
      4.8726056080270533e-08,
      1.1117971322440953e-07,
      2.6192388332475223e-07,
      4.969514395658079e-09,
      4.186941118641067e-09,
      1.5925258963056985e-09,
      9.850103679237264e-12,
      6.941793105819715e-08,
      1.9100685936348438e-08,
      1.883423932874426e-09,
      1.8318876692724595e-08,
      2.08740372239986e-05,
      5.8324171027657517e-08,
      1.47339991384411e-07,
      1.3376965097381883e-10,
      2.0173636252627063e-08,
      3.744386234438582e-09,
      4.72753837038315e-09,
      8.74925208065307e-09,
      9.208262734701953e-10,
      1.4105224050572898e-09,
      2.7401975645988107e-08,
      1.6570708395194838e-08,
      1.2552941458824246e-08,
      8.400595569490852e-10,
      2.920157541107279e-08,
      1.70369348169281e-09,
      2.4632733260103296e-11,
      1.049841931709474e-09,
      4.820558975899283e-06,
      1.3827976851251357e-10,
      2.0400237255768669e-10
    ],
    "mean_weight_by_future": [
      5.2335919600297865e-08,
      2.550222772686704e-11,
      1.2905753753452997e-07,
      8.68164121489676e-07,
      1.2978269789805653e-06,
      2.1094488741823387e-07,
      1.0564766822645454e-06,
      3.078141606416997e-08,
      3.211892361213657e-06,
      2.521121040560343e-09,
      1.6921129603839972e-08,
      3.784797159779478e-08,
      5.762465658332009e-09,
      1.0062657770535813e-07,
      3.870680010965208e-09,
      1.2961983895897765e-06
    ]
  },
  "mean_centered_block_norm_by_past": [
    0.0001358084348644244,
    0.0001358084348644244,
    0.0001358084348644244,
    0.0001358084348644244,
    0.0001358084348644244,
    0.0001358084348644244,
    0.0001358084348644244,
    0.0001358084348644244,
    0.0001358084348644244,
    0.0001358084348644244,
    0.0001358084348644244,
    0.0001358084348644244,
    0.0001358084348644244,
    0.0001358084348644244,
    0.0001358084348644244,
    0.0001358084348644244,
    0.0001358084348644244,
    0.0001358084348644244,
    0.0001358084348644244,
    0.0001358084348644244,
    0.0001358084348644244,
    0.0001358084348644244,
    0.0001358084348644244,
    0.0001358084348644244,
    0.0001358084348644244,
    0.0001358084348644244,
    0.0001358084348644244,
    0.0001358084348644244,
    0.0001358084348644244,
    0.0001358084348644244,
    0.0001358084348644244,
    0.0001358084348644244,
    0.0001358084348644244,
    0.0001358084348644244,
    0.0001358084348644244,
    0.0001358084348644244,
    0.0001358084348644244,
    0.0001358084348644244,
    0.008555931396458738,
    0.0001358084348644244,
    0.0001358084348644244,
    0.0001358084348644244,
    0.0001358084348644244,
    0.0001358084348644244,
    0.0001358084348644244,
    0.0001358084348644244,
    0.0001358084348644244,
    0.0001358084348644244,
    0.0001358084348644244,
    0.0001358084348644244,
    0.0001358084348644244,
    0.0001358084348644244,
    0.0001358084348644244,
    0.0001358084348644244,
    0.0001358084348644244,
    0.0001358084348644244,
    0.0001358084348644244,
    0.0001358084348644244,
    0.0001358084348644244,
    0.0001358084348644244,
    0.0001358084348644244,
    0.0001358084348644244,
    0.0001358084348644244,
    0.0001358084348644244
  ],
  "mean_centered_block_norm_by_future": [
    0.0,
    0.004277965698229368,
    0.0,
    0.0,
    0.0,
    0.0,
    0.0,
    0.0,
    0.0,
    0.0,
    0.0,
    0.0,
    0.0,
    0.0,
    0.0,
    0.0
  ],
  "weighted_variants": {
    "masked_lt_1e-12_thr1e-12": {
      "frobenius": 31.048349401045993,
      "frobenius_sq": 964.000000529433,
      "entropy_sv": 0.17347324584002324,
      "rank_tol": 7,
      "participation_ratio": 0.9395542438536159,
      "mean_row_norm": 3.8762051278218115,
      "std_row_norm": 0.19526799575626297,
      "mean_col_norm": 1.9074707938202442,
      "std_col_norm": 1.9807718657406843
    },
    "weighted_sqrt_thr1e-12": {
      "frobenius": 0.02307726684064777,
      "frobenius_sq": 0.000532560244834461,
      "entropy_sv": 5.731148970722483e-13,
      "rank_tol": 2,
      "participation_ratio": 0.9999999999999649,
      "mean_row_norm": 0.001243489211050739,
      "std_row_norm": 0.002623457243042324,
      "mean_col_norm": 0.0010403247483401462,
      "std_col_norm": 0.0017614171333379895
    },
    "weighted_linear_thr1e-12": {
      "frobenius": 0.00016416961565473437,
      "frobenius_sq": 2.6951662704223202e-08,
      "entropy_sv": 9.554627839013173e-24,