{
  "case_name": "markov_ref",
  "cut": 10,
  "cut_comparison_mode": "cut_comparison_shared_probe_source",
  "J": 0.0,
  "g": 1.0,
  "L": 2,
  "k": 20,
  "dt": 0.1,
  "n_pasts": 16,
  "n_futures": 64,
  "fraction_terminated_early": 0.0,
  "fraction_any_prob_skipped_renormalize": 0.0,
  "fraction_weight_lt_1e-12": 0.021484375,
  "fraction_weight_lt_1e-10": 0.205078125,
  "fraction_weight_lt_1e-08": 0.6103515625,
  "fraction_weight_lt_1e-06": 0.935546875,
  "mean_cumulative_weight": 6.981972753310092e-07,
  "median_cumulative_weight": 3.1657127577648133e-09,
  "metrics_V_raw": {
    "frobenius": 31.999999993434454,
    "frobenius_sq": 1023.999999579805,
    "entropy_sv": 1.0361632918473208e-27,
    "rank_tol": 1,
    "participation_ratio": 1.0,
    "mean_row_norm": 7.999999998358618,
    "std_row_norm": 0.0,
    "mean_col_norm": 0.9712638399651041,
    "std_col_norm": 1.0289384596893392
  },
  "metrics_V_centered_past": {
    "frobenius": 0.0,
    "frobenius_sq": 0.0,
    "entropy_sv": 0.0,
    "rank_tol": 0,
    "participation_ratio": 0.0,
    "mean_row_norm": 0.0,
    "std_row_norm": 0.0,
    "mean_col_norm": 0.0,
    "std_col_norm": 0.0
  },
  "metrics_V_centered_global": {
    "frobenius": 29.950978374549457,
    "frobenius_sq": 897.0611055927293,
    "entropy_sv": 1.0361632918473208e-27,
    "rank_tol": 1,
    "participation_ratio": 1.0,
    "mean_row_norm": 7.487744593637365,
    "std_row_norm": 0.0,
    "mean_col_norm": 1.0201429478483988,
    "std_col_norm": 0.8442588302931439
  },
  "metrics_V_centered_rowcol": {
    "frobenius": 0.0,
    "frobenius_sq": 0.0,
    "entropy_sv": 0.0,
    "rank_tol": 0,
    "participation_ratio": 0.0,
    "mean_row_norm": 0.0,
    "std_row_norm": 0.0,
    "mean_col_norm": 0.0,
    "std_col_norm": 0.0
  },
  "row_distance_raw": {
    "max_row_distance": 0.0,
    "mean_row_distance": 0.0,
    "median_row_distance": 0.0
  },
  "row_distance_centered_past": {
    "max_row_distance": 0.0,
    "mean_row_distance": 0.0,
    "median_row_distance": 0.0
  },
  "delta_norm_centered_past": 0.0,
  "corr_weight_vs_centered_block_norm": NaN,
  "corr_terminated_early_vs_centered_block_norm": NaN,
  "summarize_weights": {
    "mean_weight_by_past": [
      4.140320994650673e-07,
      3.7124220101473733e-09,
      1.6305217812589928e-06,
      2.513294853703713e-09,
      1.4105806907619071e-06,
      1.0624505440239128e-07,
      8.553576051461915e-07,
      1.9239761864890558e-08,
      2.1618126644318954e-08,
      2.0412685032920998e-06,
      4.730416199212831e-10,
      4.9597598367429065e-08,
      2.300703644514395e-08,
      4.5617279101742894e-06,
      2.3196557630512087e-09,
      2.8941823226602597e-08
    ],
    "mean_weight_by_future": [
      1.1533116799847138e-08,
      2.361536445411673e-08,
      1.4337131674400605e-09,
      3.4066640697211206e-07,
      1.1479896316026534e-07,
      2.349812755435655e-06,
      7.452644035283516e-08,
      4.672236130440614e-08,
      2.634653205462089e-09,
      1.3072948529620991e-06,
      8.997099009671951e-08,
      4.0792869396079876e-10,
      6.068071616135955e-08,
      5.3305369621107045e-09,
      1.255197186866675e-06,
      1.0143014015382415e-09,
      2.0814732559157516e-08,
      7.182202405733942e-10,
      2.7285574633558288e-08,
      1.4067718353374877e-07,
      3.0559409753324627e-07,
      1.2452294578197178e-08,
      1.9804851046034044e-06,
      1.874661247312323e-10,
      1.186274105306807e-07,
      1.4002564279058632e-06,
      2.4878138050110444e-07,
      2.3747330277914005e-08,
      5.900656607913874e-10,
      7.436174849885971e-07,
      5.814258320968187e-09,
      1.853776732017387e-09,
      1.585467411700899e-06,
      3.526183209724261e-08,
      9.939193659623595e-10,
      7.669246703862535e-08,
      5.157993323557639e-06,
      6.291291625459994e-10,
      2.3267274972679112e-08,
      1.4574329153906456e-09,
      7.632973339269547e-08,
      8.338835900771393e-08,
      9.548399676435144e-08,
      2.327337617243872e-11,
      3.749575820704183e-07,
      3.1979074732282743e-07,
      8.673680940467121e-08,
      5.9538416035508e-10,
      6.616149965424326e-09,
      3.060447535505674e-08,
      8.491992066865641e-10,
      1.1062389156288772e-07,
      1.994607333054294e-08,
      1.1688771872739258e-07,
      2.209440990937584e-09,
      2.9370442829813207e-08,
      1.0143594128036996e-07,
      1.1128226852480996e-07,
      4.3822507746537075e-09,
      5.801636074292592e-07,
      8.368893228424594e-09,
      1.7880221283122152e-08,
      2.1384866376525596e-05,
      3.522926897138266e-06
    ]
  },
  "mean_centered_block_norm_by_past": [
    0.0,
    0.0,
    0.0,
    0.0,
    0.0,
    0.0,
    0.0,
    0.0,
    0.0,
    0.0,
    0.0,
    0.0,
    0.0,
    0.0,
    0.0,
    0.0
  ],
  "mean_centered_block_norm_by_future": [
    0.0,
    0.0,
    0.0,
    0.0,
    0.0,
    0.0,
    0.0,
    0.0,
    0.0,
    0.0,
    0.0,
    0.0,
    0.0,
    0.0,
    0.0,
    0.0,
    0.0,
    0.0,
    0.0,
    0.0,
    0.0,
    0.0,
    0.0,
    0.0,
    0.0,
    0.0,
    0.0,
    0.0,
    0.0,
    0.0,
    0.0,
    0.0,
    0.0,
    0.0,
    0.0,
    0.0,
    0.0,
    0.0,
    0.0,
    0.0,
    0.0,
    0.0,
    0.0,
    0.0,
    0.0,
    0.0,
    0.0,
    0.0,
    0.0,
    0.0,
    0.0,
    0.0,
    0.0,
    0.0,
    0.0,
    0.0,
    0.0,
    0.0,
    0.0,
    0.0,
    0.0,
    0.0,
    0.0,
    0.0
  ],
  "weighted_variants": {
    "masked_lt_1e-12_thr1e-12": {
      "frobenius": 31.654383572347747,
      "frobenius_sq": 1001.9999993453189,
      "entropy_sv": 0.0892446759006377,
      "rank_tol": 4,
      "participation_ratio": 0.9709642588374171,
      "mean_row_norm": 7.911383866482556,
      "std_row_norm": 0.1932329198786161,
      "mean_col_norm": 0.9602169218951377,
      "std_col_norm": 1.018351697956332
    },
    "weighted_sqrt_thr1e-12": {
      "frobenius": 0.026738623693132162,
      "frobenius_sq": 0.0007149539970029286,
      "entropy_sv": 1.0361632918473208e-27,
      "rank_tol": 1,
      "participation_ratio": 1.0,
      "mean_row_norm": 0.004467315355373085,
      "std_row_norm": 0.005135779676305532,
      "mean_col_norm": 0.000420700153105962,
      "std_col_norm": 0.0011053471036292987
    },
    "weighted_linear_thr1e-12": {
      "frobenius": 0.00017964867391729472,
      "frobenius_sq": 3.2273646040242484e-08,
      "entropy_sv": 1.0361632918473208e-27,
      "rank_tol": 1,
      "participation_ratio": 1.0,
      "mean_row_norm": 2.269565166445091e-05,
      "std_row_norm": 4.002679466612084e-05,
      "mean_col_norm": 1.28469661254265e-06,
      "std_col_norm": 7.842457830228958e-06
    },
    "masked_lt_1e-10_thr1e-10": {
      "frobenius": 28.530685195051124,
      "frobenius_sq": 813.9999976991094,
      "entropy_sv": 0.4525399539745644,
      "rank_tol": 10,
      "participation_ratio": 0.816192671099999,
      "mean_row_norm": 7.054483471464505,
      "std_row_norm": 1.087756250651025,
      "mean_col_norm": 0.8552486239642595,
      "std_col_norm": 0.9274014058158588
    },
    "weighted_sqrt_thr1e-10": {
      "frobenius": 0.026738623693132162,
      "frobenius_sq": 0.0007149539970029286,
      "entropy_sv": 1.0361632918473208e-27,
      "rank_tol": 1,
      "participation_ratio": 1.0,
      "mean_row_norm": 0.004467315355373085,
      "std_row_norm": 0.005135779676305532,
      "mean_col_norm": 0.000420700153105962,
      "std_col_norm": 0.0011053471036292987
    },
    "weighted_linear_thr1e-10": {
      "frobenius": 0.00017964867391729472,
      "frobenius_sq": 3.2273646040242484e-08,
      "entropy_sv": 1.0361632918473208e-27,
      "rank_tol": 1,
      "participation_ratio": 1.0,
      "mean_row_norm": 2.269565166445091e-05,
      "std_row_norm": 4.002679466612084e-05,
      "mean_col_norm": 1.28469661254265e-06,
      "std_col_norm": 7.842457830228958e-06
    },
    "masked_lt_1e-08_thr1e-08": {
      "frobenius": 19.97498428296968,
      "frobenius_sq": 398.9999971048857,