{
  "case_name": "markov_ref",
  "cut": 15,
  "cut_comparison_mode": "asymmetry_grid",
  "J": 0.0,
  "g": 1.0,
  "L": 2,
  "k": 20,
  "dt": 0.1,
  "n_pasts": 64,
  "n_futures": 64,
  "fraction_terminated_early": 0.000244140625,
  "fraction_any_prob_skipped_renormalize": 0.0,
  "fraction_weight_lt_1e-12": 0.052734375,
  "fraction_weight_lt_1e-10": 0.271728515625,
  "fraction_weight_lt_1e-08": 0.655029296875,
  "fraction_weight_lt_1e-06": 0.94384765625,
  "mean_cumulative_weight": 5.741497245017001e-07,
  "median_cumulative_weight": 1.6378100001589315e-09,
  "metrics_V_raw": {
    "frobenius": 64.00000001357772,
    "frobenius_sq": 4096.000001737948,
    "entropy_sv": 4.690532067485653e-05,
    "rank_tol": 2,
    "participation_ratio": 0.9999930898132696,
    "mean_row_norm": 8.000000001697217,
    "std_row_norm": 5.762650356899773e-10,
    "mean_col_norm": 1.987852974277964,
    "std_col_norm": 2.014041494187022
  },
  "metrics_V_centered_past": {
    "frobenius": 0.11896578202349943,
    "frobenius_sq": 0.014152857292462781,
    "entropy_sv": 4.351885825758746e-27,
    "rank_tol": 1,
    "participation_ratio": 1.0,
    "mean_row_norm": 0.0036885219581308357,
    "std_row_norm": 0.014519895962165826,
    "mean_col_norm": 0.00043040578063253346,
    "std_col_norm": 0.0052450721882487845
  },
  "metrics_V_centered_global": {
    "frobenius": 59.846273641646356,
    "frobenius_sq": 3581.5764687908154,
    "entropy_sv": 5.3111677089432875e-05,
    "rank_tol": 2,
    "participation_ratio": 0.9999920973636118,
    "mean_row_norm": 7.480784205205795,
    "std_row_norm": 5.538669523024885e-10,
    "mean_col_norm": 2.0886346615906346,
    "std_col_norm": 1.6241995511604128
  },
  "metrics_V_centered_rowcol": {
    "frobenius": 0.11896578202349942,
    "frobenius_sq": 0.014152857292462778,
    "entropy_sv": 4.351885825758746e-27,
    "rank_tol": 1,
    "participation_ratio": 1.0,
    "mean_row_norm": 0.0036885219581308352,
    "std_row_norm": 0.014519895962165826,
    "mean_col_norm": 0.000430405837932476,
    "std_col_norm": 0.0052450721835376034
  },
  "row_distance_raw": {
    "max_row_distance": 0.11990623762304684,
    "mean_row_distance": 0.003747069925720213,
    "median_row_distance": 0.0
  },
  "row_distance_centered_past": {
    "max_row_distance": 0.11990623762304684,
    "mean_row_distance": 0.003747069925720213,
    "median_row_distance": 0.0
  },
  "delta_norm_centered_past": 3.45528742345158e-06,
  "corr_weight_vs_centered_block_norm": -0.004061293200477941,
  "corr_terminated_early_vs_centered_block_norm": 0.9922704173242531,
  "summarize_weights": {
    "mean_weight_by_past": [
      8.749539342887564e-07,
      5.975514264552885e-11,
      3.195553059958907e-06,
      9.988400654009326e-10,
      1.3745715272492732e-08,
      1.057623651479626e-10,
      1.6543660902124558e-07,
      6.910336598867532e-09,
      1.1265058436866422e-08,
      9.629502765786616e-08,
      3.66707937064501e-08,
      9.623533468188856e-10,
      2.1669773780806766e-07,
      1.139958676383602e-06,
      4.968116751354083e-08,
      1.1434788705762287e-05,
      2.766933741387599e-10,
      3.4066304231815114e-07,
      2.7342306773565272e-08,
      1.9834315250904236e-07,
      9.997064646603773e-08,
      1.1930426199173028e-09,
      4.8160164101822826e-12,
      3.111622525643944e-08,
      1.1723601793349978e-05,
      2.861962518294657e-08,
      1.0711036860566417e-09,
      1.9924523596469383e-08,
      1.9647888622694436e-10,
      5.577362689525777e-11,
      4.823213948147914e-10,
      4.761748452753535e-11,
      1.2223368242039052e-07,
      2.3139426018384933e-09,
      5.916432517087767e-06,
      4.909519182995887e-13,
      4.005498722495505e-11,
      6.04596969586883e-09,
      1.2066068498342215e-08,
      1.2992589560786815e-10,
      3.3262189437672494e-11,
      1.521208640752499e-08,
      5.5041727692814135e-09,
      3.935661956443251e-08,
      9.314775019329916e-13,
      1.0609199703566953e-08,
      4.3843499138394896e-07,
      4.449636651072991e-11,
      1.0945523810126185e-07,
      1.3223013989768786e-10,
      8.479119541941715e-08,
      1.364463812742672e-07,
      6.444760510578787e-09,
      4.251338070550063e-09,
      1.5729464143189072e-09,
      2.33293615391867e-09,
      4.391953855920075e-08,
      6.508857595705514e-08,
      4.709772890736499e-11,
      2.873222934374697e-10,
      1.4213726790475133e-10,
      2.950162726306936e-09,
      1.974942287167356e-09,
      2.9445733287508225e-10
    ],
    "mean_weight_by_future": [
      1.5760286194057012e-06,
      2.3912672933016486e-07,
      5.1642015803123787e-08,
      9.348113571903292e-08,
      6.11685733936395e-07,
      9.912530625471072e-09,
      1.7036622595724096e-07,
      1.4210515939843602e-06,
      4.7293109569859544e-08,
      3.531013439508231e-07,
      1.9903970153238613e-06,
      1.5351269750692669e-07,
      3.301053508816106e-08,
      7.164436983413325e-07,
      5.1585368952119375e-09,
      3.5595810271676825e-06,
      6.014951017704304e-08,
      1.6615381427328817e-07,
      1.8971183731788437e-06,
      2.1063314947945807e-09,
      5.244773273777533e-07,
      2.01551154287684e-07,
      1.7246735065597946e-07,
      1.9960604105805937e-06,
      8.686534863499298e-09,
      9.20400945845354e-08,
      7.082619953595647e-07,
      1.7824704900187584e-08,
      2.517688053121622e-07,
      7.833397453405943e-09,
      2.390062495909312e-07,
      6.32749541629343e-07,
      1.1799042386471366e-06,
      4.189833734968381e-07,
      1.6780437322099681e-07,
      6.395389802784646e-09,
      3.3733782221914016e-08,
      1.2713898351233524e-06,
      4.8881839002042784e-08,
      4.372849585376029e-09,
      3.086787118017025e-06,
      1.523996032563336e-07,
      5.98027264574063e-06,
      6.16880300335054e-08,
      3.1176809920721277e-07,
      7.224079270150426e-08,
      9.238856430119612e-07,
      9.462230194438026e-09,
      3.6247021039488647e-09,
      3.372849507836841e-07,
      5.82733466655427e-07,
      5.892825821607203e-07,
      5.176658509290786e-07,
      1.786592173858339e-08,
      3.579989965068912e-08,
      4.897918388602563e-07,
      7.714149610099984e-07,
      5.766483687300282e-08,
      1.0116193894875362e-09,
      7.731828724202792e-07,
      1.5263089906946056e-07,
      2.1415213043342098e-07,
      2.3876766437885974e-07,
      2.2269018406390194e-07
    ]
  },