campaign_id,case,chi_cap,current_parameter_count,current_peak_bond_dim,fidelity_normalized,infidelity_normalized,method,n_sub,norm_approx,norm_drift,norm_exact,step,time
circuit-infidelity-until-saturation-v2,ising_1d,32,32,1,1.0,0.0,gate_local_2tdvp,2,1.0,0.0,1.0,0,0.0
circuit-infidelity-until-saturation-v2,ising_1d,32,32,1,1.0,0.0,mpo_contract_compress,1,1.0,0.0,1.0,0,0.0
circuit-infidelity-until-saturation-v2,ising_1d,32,32,1,1.0,0.0,tebd_swap,1,1.0,0.0,1.0,0,0.0
circuit-infidelity-until-saturation-v2,ising_1d,32,120,2,1.0,0.0,gate_local_2tdvp,2,0.9999999999999963,-2.55351295663786e-15,0.9999999999999989,1,0.1
circuit-infidelity-until-saturation-v2,ising_1d,32,120,2,1.0,0.0,mpo_contract_compress,1,0.9999999999999983,-5.551115123125783e-16,0.9999999999999989,1,0.1
circuit-infidelity-until-saturation-v2,ising_1d,32,120,2,1.0,0.0,tebd_swap,1,0.9999999999999983,-5.551115123125783e-16,0.9999999999999989,1,0.1
circuit-infidelity-until-saturation-v2,ising_1d,32,248,3,1.0,0.0,gate_local_2tdvp,2,0.9999999999999954,-9.43689570931383e-15,1.0000000000000049,2,0.2
circuit-infidelity-until-saturation-v2,ising_1d,32,424,4,0.9999999999999998,2.220446049250313e-16,mpo_contract_compress,1,1.0000000000000004,-4.440892098500626e-15,1.0000000000000049,2,0.2
circuit-infidelity-until-saturation-v2,ising_1d,32,424,4,0.9999999999999998,2.220446049250313e-16,tebd_swap,1,1.0000000000000004,-4.440892098500626e-15,1.0000000000000049,2,0.2
circuit-infidelity-until-saturation-v2,ising_1d,32,248,3,0.9999999999971589,2.8410607200157756e-12,gate_local_2tdvp,2,1.0000000000000002,-6.439293542825908e-15,1.0000000000000067,3,0.30000000000000004
circuit-infidelity-until-saturation-v2,ising_1d,32,1048,8,0.9999999999999949,5.10702591327572e-15,mpo_contract_compress,1,1.0000000000000018,-4.884981308350689e-15,1.0000000000000067,3,0.30000000000000004
circuit-infidelity-until-saturation-v2,ising_1d,32,1048,8,0.9999999999999949,5.10702591327572e-15,tebd_swap,1,1.0000000000000018,-4.884981308350689e-15,1.0000000000000067,3,0.30000000000000004
circuit-infidelity-until-saturation-v2,ising_1d,32,424,4,0.9999999999892819,1.0718093079731261e-11,gate_local_2tdvp,2,1.0000000000000002,-7.771561172376096e-15,1.000000000000008,4,0.4
circuit-infidelity-until-saturation-v2,ising_1d,32,1440,9,0.999999999999968,3.197442310920451e-14,mpo_contract_compress,1,0.9999999999999996,-8.43769498715119e-15,1.000000000000008,4,0.4
circuit-infidelity-until-saturation-v2,ising_1d,32,1440,9,0.999999999999968,3.197442310920451e-14,tebd_swap,1,0.9999999999999996,-8.43769498715119e-15,1.000000000000008,4,0.4
circuit-infidelity-until-saturation-v2,ising_1d,32,424,4,0.9999999999892077,1.0792255977776222e-11,gate_local_2tdvp,2,1.0000000000000004,-9.992007221626409e-15,1.0000000000000104,5,0.5
circuit-infidelity-until-saturation-v2,ising_1d,32,2208,12,0.9999999999998646,1.354472090042691e-13,mpo_contract_compress,1,1.0000000000000007,-9.769962616701378e-15,1.0000000000000104,5,0.5
circuit-infidelity-until-saturation-v2,ising_1d,32,2208,12,0.9999999999998646,1.354472090042691e-13,tebd_swap,1,1.0000000000000007,-9.769962616701378e-15,1.0000000000000104,5,0.5
circuit-infidelity-until-saturation-v2,ising_1d,32,424,4,0.9999999999859213,1.407873817527161e-11,gate_local_2tdvp,2,0.9999999999999996,-1.1546319456101628e-14,1.000000000000011,6,0.6000000000000001
circuit-infidelity-until-saturation-v2,ising_1d,32,3324,14,0.9999999999998215,1.7852386235972517e-13,mpo_contract_compress,1,1.0,-1.1102230246251565e-14,1.000000000000011,6,0.6000000000000001
circuit-infidelity-until-saturation-v2,ising_1d,32,3324,14,0.9999999999998215,1.7852386235972517e-13,tebd_swap,1,1.0,-1.1102230246251565e-14,1.000000000000011,6,0.6000000000000001
circuit-infidelity-until-saturation-v2,ising_1d,32,620,5,0.9999999999804656,1.953437411827963e-11,gate_local_2tdvp,2,0.9999999999999998,-1.3100631690576847e-14,1.0000000000000129,7,0.7000000000000001
circuit-infidelity-until-saturation-v2,ising_1d,32,5754,21,0.9999999999996794,3.206324095117452e-13,mpo_contract_compress,1,1.000000000000001,-1.176836406102666e-14,1.0000000000000129,7,0.7000000000000001
circuit-infidelity-until-saturation-v2,ising_1d,32,5754,21,0.9999999999996794,3.206324095117452e-13,tebd_swap,1,1.000000000000001,-1.176836406102666e-14,1.0000000000000129,7,0.7000000000000001
circuit-infidelity-until-saturation-v2,ising_1d,32,856,6,0.9999999999765985,2.3401502957653975e-11,gate_local_2tdvp,2,1.0000000000000007,-1.509903313490213e-14,1.0000000000000158,8,0.8
circuit-infidelity-until-saturation-v2,ising_1d,32,7958,25,0.999999999999649,3.510525203864745e-13,mpo_contract_compress,1,1.0,-1.5765166949677223e-14,1.0000000000000158,8,0.8
circuit-infidelity-until-saturation-v2,ising_1d,32,7958,25,0.999999999999649,3.510525203864745e-13,tebd_swap,1,1.0,-1.5765166949677223e-14,1.0000000000000158,8,0.8
circuit-infidelity-until-saturation-v2,ising_1d,32,856,6,0.9999999999728231,2.7176927375194282e-11,gate_local_2tdvp,2,0.9999999999999998,-1.7985612998927536e-14,1.0000000000000178,9,0.9
circuit-infidelity-until-saturation-v2,ising_1d,32,10466,31,0.9999999999995639,4.360956040727615e-13,mpo_contract_compress,1,0.9999999999999994,-1.8318679906315083e-14,1.0000000000000178,9,0.9
circuit-infidelity-until-saturation-v2,ising_1d,32,10466,31,0.9999999999995639,4.360956040727615e-13,tebd_swap,1,0.9999999999999994,-1.8318679906315083e-14,1.0000000000000178,9,0.9
circuit-infidelity-until-saturation-v2,ising_1d,32,1132,7,0.9999999999505211,4.94788654492595e-11,gate_local_2tdvp,2,1.000000000000001,-1.865174681370263e-14,1.0000000000000198,10,1.0
circuit-infidelity-until-saturation-v2,ising_1d,32,12096,32,0.9999999999990528,9.472422846101836e-13,mpo_contract_compress,1,1.0000000000000009,-1.887379141862766e-14,1.0000000000000198,10,1.0
circuit-infidelity-until-saturation-v2,ising_1d,32,12096,32,0.9999999999990528,9.472422846101836e-13,tebd_swap,1,1.0000000000000009,-1.887379141862766e-14,1.0000000000000198,10,1.0
circuit-infidelity-until-saturation-v2,ising_1d,32,1448,8,0.9999999999164229,8.357714520457193e-11,gate_local_2tdvp,2,0.9999999999999988,-2.2315482794965646e-14,1.000000000000021,11,1.1
circuit-infidelity-until-saturation-v2,ising_1d,32,13240,32,0.9999999999913389,8.661071859705771e-12,mpo_contract_compress,1,0.9999999999999988,-2.2315482794965646e-14,1.000000000000021,11,1.1
circuit-infidelity-until-saturation-v2,ising_1d,32,13240,32,0.9999999999913389,8.661071859705771e-12,tebd_swap,1,0.9999999999999988,-2.2315482794965646e-14,1.000000000000021,11,1.1
circuit-infidelity-until-saturation-v2,ising_1d,32,1752,9,0.9999999999140998,8.590017586129761e-11,gate_local_2tdvp,2,1.000000000000001,-2.19824158875781e-14,1.000000000000023,12,1.2000000000000002
circuit-infidelity-until-saturation-v2,ising_1d,32,13624,32,0.9999999999041973,9.580269910713923e-11,mpo_contract_compress,1,0.9999999999999999,-2.3203661214665772e-14,1.000000000000023,12,1.2000000000000002
circuit-infidelity-until-saturation-v2,ising_1d,32,13624,32,0.9999999999041973,9.580269910713923e-11,tebd_swap,1,0.9999999999999999,-2.3203661214665772e-14,1.000000000000023,12,1.2000000000000002
circuit-infidelity-until-saturation-v2,ising_1d,32,2088,10,0.9999999999118891,8.811085194793122e-11,gate_local_2tdvp,2,0.9999999999999998,-2.6201263381153694e-14,1.000000000000026,13,1.3
circuit-infidelity-until-saturation-v2,ising_1d,32,14042,32,0.9999999992163513,7.836487014856175e-10,mpo_contract_compress,1,1.0000000000000009,-2.5091040356528538e-14,1.000000000000026,13,1.3
circuit-infidelity-until-saturation-v2,ising_1d,32,14042,32,0.9999999992163513,7.836487014856175e-10,tebd_swap,1,1.0000000000000009,-2.5091040356528538e-14,1.000000000000026,13,1.3
circuit-infidelity-until-saturation-v2,ising_1d,32,2456,11,0.9999999999064901,9.350986651668336e-11,gate_local_2tdvp,2,1.0000000000000002,-2.708944180085382e-14,1.0000000000000273,14,1.4000000000000001
circuit-infidelity-until-saturation-v2,ising_1d,32,14248,32,0.9999999944507889,5.5492110906385506e-09,mpo_contract_compress,1,1.0000000000000002,-2.708944180085382e-14,1.0000000000000273,14,1.4000000000000001
circuit-infidelity-until-saturation-v2,ising_1d,32,14248,32,0.9999999944507889,5.5492110906385506e-09,tebd_swap,1,1.0000000000000002,-2.708944180085382e-14,1.0000000000000273,14,1.4000000000000001
circuit-infidelity-until-saturation-v2,ising_1d,32,2856,12,0.9999999999016087,9.839129511135525e-11,gate_local_2tdvp,2,1.0,-2.90878432451791e-14,1.000000000000029,15,1.5
circuit-infidelity-until-saturation-v2,ising_1d,32,14248,32,0.9999999669802906,3.3019709411163944e-08,mpo_contract_compress,1,1.0000000000000007,-2.842170943040401e-14,1.000000000000029,15,1.5
circuit-infidelity-until-saturation-v2,ising_1d,32,14248,32,0.9999999669802906,3.3019709411163944e-08,tebd_swap,1,1.0000000000000007,-2.842170943040401e-14,1.000000000000029,15,1.5
circuit-infidelity-until-saturation-v2,ising_1d,32,2856,12,0.9999999998953109,1.0468914624084391e-10,gate_local_2tdvp,2,0.9999999999999998,-3.086420008457935e-14,1.0000000000000306,16,1.6
circuit-infidelity-until-saturation-v2,ising_1d,32,14248,32,0.999999840999111,1.5900088901066312e-07,mpo_contract_compress,1,1.000000000000001,-2.9531932455029164e-14,1.0000000000000306,16,1.6
circuit-infidelity-until-saturation-v2,ising_1d,32,14248,32,0.999999840999111,1.5900088901066312e-07,tebd_swap,1,1.000000000000001,-2.9531932455029164e-14,1.0000000000000306,16,1.6
circuit-infidelity-until-saturation-v2,ising_1d,32,3752,14,0.999999999879079,1.2092105095007355e-10,gate_local_2tdvp,2,1.0000000000000007,-3.2862601528904634e-14,1.0000000000000335,17,1.7000000000000002
circuit-infidelity-until-saturation-v2,ising_1d,32,14824,32,0.9999992773831154,7.226168845519965e-07,mpo_contract_compress,1,1.0,-3.352873534367973e-14,1.0000000000000335,17,1.7000000000000002
circuit-infidelity-until-saturation-v2,ising_1d,32,14824,32,0.9999992773831154,7.226168845519965e-07,tebd_swap,1,1.0,-3.352873534367973e-14,1.0000000000000335,17,1.7000000000000002
circuit-infidelity-until-saturation-v2,ising_1d,32,4776,16,0.9999999998612139,1.387860937285268e-10,gate_local_2tdvp,2,1.0000000000000007,-3.4638958368304884e-14,1.0000000000000353,18,1.8
circuit-infidelity-until-saturation-v2,ising_1d,32,15016,32,0.9999972484589377,2.7515410623291103e-06,mpo_contract_compress,1,1.0000000000000002,-3.5083047578154947e-14,1.0000000000000353,18,1.8
circuit-infidelity-until-saturation-v2,ising_1d,32,15016,32,0.9999972484589377,2.7515410623291103e-06,tebd_swap,1,1.0000000000000002,-3.5083047578154947e-14,1.0000000000000353,18,1.8
circuit-infidelity-until-saturation-v2,ising_1d,32,5720,18,0.9999999998554292,1.445707997760337e-10,gate_local_2tdvp,2,1.0000000000000022,-3.4861002973229915e-14,1.000000000000037,19,1.9000000000000001
circuit-infidelity-until-saturation-v2,ising_1d,32,15016,32,0.9999910063555176,8.993644482369056e-06,mpo_contract_compress,1,0.9999999999999998,-3.730349362740526e-14,1.000000000000037,19,1.9000000000000001
circuit-infidelity-until-saturation-v2,ising_1d,32,15016,32,0.9999910063555176,8.993644482369056e-06,tebd_swap,1,0.9999999999999998,-3.730349362740526e-14,1.000000000000037,19,1.9000000000000001
circuit-infidelity-until-saturation-v2,ising_1d,32,6228,19,0.999999999843189,1.5681100862252606e-10,gate_local_2tdvp,2,0.9999999999999999,-3.8746783559417963e-14,1.0000000000000386,20,2.0
circuit-infidelity-until-saturation-v2,ising_1d,32,15016,32,0.9999742350813481,2.576491865191599e-05,mpo_contract_compress,1,1.0000000000000007,-3.7969627442180354e-14,1.0000000000000386,20,2.0
circuit-infidelity-until-saturation-v2,ising_1d,32,15016,32,0.9999742350813481,2.576491865191599e-05,tebd_swap,1,1.0000000000000007,-3.7969627442180354e-14,1.0000000000000386,20,2.0
circuit-infidelity-until-saturation-v2,ising_1d,32,6760,20,0.9999999998224041,1.7759593795574347e-10,gate_local_2tdvp,2,0.9999999999999999,-4.0967229608668276e-14,1.0000000000000409,21,2.1
circuit-infidelity-until-saturation-v2,ising_1d,32,15016,32,0.9999323101511859,6.7689848814112e-05,mpo_contract_compress,1,1.0000000000000007,-4.0190073491430667e-14,1.0000000000000409,21,2.1
circuit-infidelity-until-saturation-v2,ising_1d,32,15016,32,0.9999323101511859,6.7689848814112e-05,tebd_swap,1,1.0000000000000007,-4.0190073491430667e-14,1.0000000000000409,21,2.1
circuit-infidelity-until-saturation-v2,ising_1d,32,8228,23,0.9999999997963664,2.036335544630674e-10,gate_local_2tdvp,2,1.0000000000000007,-4.263256414560601e-14,1.0000000000000433,22,2.2
circuit-infidelity-until-saturation-v2,ising_1d,32,15016,32,0.9998329767277707,0.00016702327222928304,mpo_contract_compress,1,1.0000000000000002,-4.3076653355456074e-14,1.0000000000000433,22,2.2
circuit-infidelity-until-saturation-v2,ising_1d,32,15016,32,0.9998329767277707,0.00016702327222928304,tebd_swap,1,1.0000000000000002,-4.3076653355456074e-14,1.0000000000000433,22,2.2
circuit-infidelity-until-saturation-v2,ising_1d,32,9128,24,0.999999999780278,2.1972201835751548e-10,gate_local_2tdvp,2,0.9999999999999996,-4.529709940470639e-14,1.0000000000000449,23,2.3000000000000003
circuit-infidelity-until-saturation-v2,ising_1d,32,15016,32,0.9996131601292455,0.0003868398707544962,mpo_contract_compress,1,1.0000000000000002,-4.463096558993129e-14,1.0000000000000449,23,2.3000000000000003
circuit-infidelity-until-saturation-v2,ising_1d,32,15016,32,0.9996131601292455,0.0003868398707544962,tebd_swap,1,1.0000000000000002,-4.463096558993129e-14,1.0000000000000449,23,2.3000000000000003
circuit-infidelity-until-saturation-v2,ising_1d,32,9780,25,0.9999999997577071,2.422928524481449e-10,gate_local_2tdvp,2,1.0,-4.6629367034256575e-14,1.0000000000000466,24,2.4000000000000004
circuit-infidelity-until-saturation-v2,ising_1d,32,15016,32,0.9991844899015271,0.0008155100984729158,mpo_contract_compress,1,1.0000000000000013,-4.529709940470639e-14,1.0000000000000466,24,2.4000000000000004
circuit-infidelity-until-saturation-v2,ising_1d,32,15016,32,0.9991844899015271,0.0008155100984729158,tebd_swap,1,1.0000000000000013,-4.529709940470639e-14,1.0000000000000466,24,2.4000000000000004
circuit-infidelity-until-saturation-v2,ising_1d,32,13032,30,0.9999999997152884,2.847115876392081e-10,gate_local_2tdvp,2,0.9999999999999997,-4.873879078104437e-14,1.0000000000000484,25,2.5
circuit-infidelity-until-saturation-v2,ising_1d,32,15016,32,0.9984361164264131,0.0015638835735869439,mpo_contract_compress,1,1.0000000000000004,-4.796163466380676e-14,1.0000000000000484,25,2.5
circuit-infidelity-until-saturation-v2,ising_1d,32,15016,32,0.9984361164264131,0.0015638835735869439,tebd_swap,1,1.0000000000000004,-4.796163466380676e-14,1.0000000000000484,25,2.5
circuit-infidelity-until-saturation-v2,ising_1d,32,14824,32,0.9999999996417464,3.582536489687982e-10,gate_local_2tdvp,2,0.9999999999999998,-5.1514348342607263e-14,1.0000000000000513,26,2.6
circuit-infidelity-until-saturation-v2,ising_1d,32,15016,32,0.9972064136513622,0.0027935863486378,mpo_contract_compress,1,1.0000000000000004,-5.084821452783217e-14,1.0000000000000513,26,2.6
circuit-infidelity-until-saturation-v2,ising_1d,32,15016,32,0.9972064136513622,0.0027935863486378,tebd_swap,1,1.0000000000000004,-5.084821452783217e-14,1.0000000000000513,26,2.6
circuit-infidelity-until-saturation-v2,ising_1d,32,15016,32,0.9999999991925184,8.074816371106408e-10,gate_local_2tdvp,2,1.0000000000000002,-5.240252676230739e-14,1.0000000000000526,27,2.7
circuit-infidelity-until-saturation-v2,ising_1d,32,15016,32,0.9953685563228324,0.004631443677167613,mpo_contract_compress,1,1.0000000000000013,-5.129230373768223e-14,1.0000000000000526,27,2.7
circuit-infidelity-until-saturation-v2,ising_1d,32,15016,32,0.9953685563228324,0.004631443677167613,tebd_swap,1,1.0000000000000013,-5.129230373768223e-14,1.0000000000000526,27,2.7
circuit-infidelity-until-saturation-v2,ising_1d,32,15016,32,0.9999999968218471,3.1781528520014035e-09,gate_local_2tdvp,2,1.0000000000000002,-5.440092820663267e-14,1.0000000000000546,28,2.8000000000000003
circuit-infidelity-until-saturation-v2,ising_1d,32,15016,32,0.9927719780485965,0.007228021951403485,mpo_contract_compress,1,0.9999999999999998,-5.484501741648273e-14,1.0000000000000546,28,2.8000000000000003
circuit-infidelity-until-saturation-v2,ising_1d,32,15016,32,0.9927719780485965,0.007228021951403485,tebd_swap,1,0.9999999999999998,-5.484501741648273e-14,1.0000000000000546,28,2.8000000000000003
circuit-infidelity-until-saturation-v2,ising_1d,32,15016,32,0.9999999865966493,1.3403350651586265e-08,gate_local_2tdvp,2,1.0000000000000004,-5.595524044110789e-14,1.0000000000000564,29,2.9000000000000004
circuit-infidelity-until-saturation-v2,ising_1d,32,15016,32,0.989414564042843,0.010585435957156997,mpo_contract_compress,1,1.0000000000000007,-5.573319583618286e-14,1.0000000000000564,29,2.9000000000000004
circuit-infidelity-until-saturation-v2,ising_1d,32,15016,32,0.989414564042843,0.010585435957156997,tebd_swap,1,1.0000000000000007,-5.573319583618286e-14,1.0000000000000564,29,2.9000000000000004
circuit-infidelity-until-saturation-v2,ising_1d,32,15016,32,0.9999999367678306,6.323216938941556e-08,gate_local_2tdvp,2,1.0000000000000002,-5.861977570020827e-14,1.0000000000000588,30,3.0
circuit-infidelity-until-saturation-v2,ising_1d,32,15016,32,0.985749576865357,0.014250423134642975,mpo_contract_compress,1,0.9999999999999999,-5.895284260759581e-14,1.0000000000000588,30,3.0
circuit-infidelity-until-saturation-v2,ising_1d,32,15016,32,0.985749576865357,0.014250423134642975,tebd_swap,1,0.9999999999999999,-5.895284260759581e-14,1.0000000000000588,30,3.0
circuit-infidelity-until-saturation-v2,ising_1d,32,15016,32,0.9999997206094826,2.793905173881228e-07,gate_local_2tdvp,2,1.0000000000000004,-6.017408793468348e-14,1.0000000000000606,31,3.1
circuit-infidelity-until-saturation-v2,ising_1d,32,15016,32,0.9824471630173114,0.017552836982688613,mpo_contract_compress,1,0.9999999999999997,-6.09512440519211e-14,1.0000000000000606,31,3.1
circuit-infidelity-until-saturation-v2,ising_1d,32,15016,32,0.9824471630173114,0.017552836982688613,tebd_swap,1,0.9999999999999997,-6.09512440519211e-14,1.0000000000000606,31,3.1
circuit-infidelity-until-saturation-v2,ising_1d,32,15016,32,0.9999989782611586,1.021738841422426e-06,gate_local_2tdvp,2,1.0000000000000004,-6.23945339839338e-14,1.0000000000000628,32,3.2
circuit-infidelity-until-saturation-v2,ising_1d,32,15016,32,0.9804232526871213,0.01957674731287873,mpo_contract_compress,1,1.0,-6.283862319378386e-14,1.0000000000000628,32,3.2
circuit-infidelity-until-saturation-v2,ising_1d,32,15016,32,0.9804232526871213,0.01957674731287873,tebd_swap,1,1.0,-6.283862319378386e-14,1.0000000000000628,32,3.2
circuit-infidelity-until-saturation-v2,ising_1d,32,15016,32,0.9999970748737167,2.9251262833041025e-06,gate_local_2tdvp,2,0.9999999999999994,-6.494804694057166e-14,1.0000000000000644,33,3.3000000000000003
circuit-infidelity-until-saturation-v2,ising_1d,32,15016,32,0.9798793071634316,0.020120692836568366,mpo_contract_compress,1,0.9999999999999992,-6.517009154549669e-14,1.0000000000000644,33,3.3000000000000003
circuit-infidelity-until-saturation-v2,ising_1d,32,15016,32,0.9798793071634316,0.020120692836568366,tebd_swap,1,0.9999999999999992,-6.517009154549669e-14,1.0000000000000644,33,3.3000000000000003
circuit-infidelity-until-saturation-v2,ising_1d,32,15016,32,0.9999926163926977,7.383607302346995e-06,gate_local_2tdvp,2,1.0000000000000004,-6.572520305780927e-14,1.0000000000000662,34,3.4000000000000004
circuit-infidelity-until-saturation-v2,ising_1d,32,15016,32,0.9798581230945373,0.020141876905462652,mpo_contract_compress,1,1.0000000000000002,-6.59472476627343e-14,1.0000000000000662,34,3.4000000000000004
circuit-infidelity-until-saturation-v2,ising_1d,32,15016,32,0.9798581230945373,0.020141876905462652,tebd_swap,1,1.0000000000000002,-6.59472476627343e-14,1.0000000000000662,34,3.4000000000000004
circuit-infidelity-until-saturation-v2,ising_1d,32,15016,32,0.9999820218069885,1.7978193011525256e-05,gate_local_2tdvp,2,0.9999999999999997,-6.872280522429719e-14,1.0000000000000684,35,3.5
circuit-infidelity-until-saturation-v2,ising_1d,32,15016,32,0.9797637949401022,0.02023620505989776,mpo_contract_compress,1,1.0000000000000004,-6.794564910705958e-14,1.0000000000000684,35,3.5
circuit-infidelity-until-saturation-v2,ising_1d,32,15016,32,0.9797637949401022,0.02023620505989776,tebd_swap,1,1.0000000000000004,-6.794564910705958e-14,1.0000000000000684,35,3.5
circuit-infidelity-until-saturation-v2,ising_1d,32,15016,32,0.9999549648763324,4.503512366760276e-05,gate_local_2tdvp,2,1.0000000000000002,-6.972200594645983e-14,1.00000000000007,36,3.6
circuit-infidelity-until-saturation-v2,ising_1d,32,15016,32,0.9793287186726568,0.020671281327343194,mpo_contract_compress,1,1.0000000000000009,-6.905587213168474e-14,1.00000000000007,36,3.6
circuit-infidelity-until-saturation-v2,ising_1d,32,15016,32,0.9793287186726568,0.020671281327343194,tebd_swap,1,1.0000000000000009,-6.905587213168474e-14,1.00000000000007,36,3.6
circuit-infidelity-until-saturation-v2,ising_1d,32,15016,32,0.9998854824789479,0.00011451752105207103,gate_local_2tdvp,2,1.0000000000000002,-7.172040739078511e-14,1.000000000000072,37,3.7
circuit-infidelity-until-saturation-v2,ising_1d,32,15016,32,0.9782235474960118,0.021776452503988186,mpo_contract_compress,1,0.9999999999999997,-7.227551890309769e-14,1.000000000000072,37,3.7
circuit-infidelity-until-saturation-v2,ising_1d,32,15016,32,0.9782235474960118,0.021776452503988186,tebd_swap,1,0.9999999999999997,-7.227551890309769e-14,1.000000000000072,37,3.7
circuit-infidelity-until-saturation-v2,ising_1d,32,15016,32,0.9997137825109585,0.0002862174890414515,gate_local_2tdvp,2,1.0000000000000007,-7.37188088351104e-14,1.0000000000000744,38,3.8000000000000003
circuit-infidelity-until-saturation-v2,ising_1d,32,15016,32,0.9759151695348512,0.024084830465148754,mpo_contract_compress,1,1.0000000000000004,-7.394085344003543e-14,1.0000000000000744,38,3.8000000000000003
circuit-infidelity-until-saturation-v2,ising_1d,32,15016,32,0.9759151695348512,0.024084830465148754,tebd_swap,1,1.0000000000000004,-7.394085344003543e-14,1.0000000000000744,38,3.8000000000000003
circuit-infidelity-until-saturation-v2,ising_1d,32,15016,32,0.9993133566330007,0.0006866433669993066,gate_local_2tdvp,2,0.9999999999999994,-7.693845560652335e-14,1.0000000000000764,39,3.9000000000000004
circuit-infidelity-until-saturation-v2,ising_1d,32,15016,32,0.9715718123621842,0.02842818763781585,mpo_contract_compress,1,1.0000000000000004,-7.593925488436071e-14,1.0000000000000764,39,3.9000000000000004
circuit-infidelity-until-saturation-v2,ising_1d,32,15016,32,0.9715718123621842,0.02842818763781585,tebd_swap,1,1.0000000000000004,-7.593925488436071e-14,1.0000000000000764,39,3.9000000000000004
circuit-infidelity-until-saturation-v2,ising_1d,32,15016,32,0.9984417031831733,0.001558296816826732,gate_local_2tdvp,2,1.0,-7.815970093361102e-14,1.0000000000000782,40,4.0
circuit-infidelity-until-saturation-v2,ising_1d,32,15016,32,0.963971195726182,0.03602880427381805,mpo_contract_compress,1,1.0000000000000018,-7.638334409421077e-14,1.0000000000000782,40,4.0
circuit-infidelity-until-saturation-v2,ising_1d,32,15016,32,0.963971195726182,0.03602880427381805,tebd_swap,1,1.0000000000000018,-7.638334409421077e-14,1.0000000000000782,40,4.0
circuit-infidelity-until-saturation-v2,ising_1d,32,15016,32,0.9966864180638287,0.0033135819361712615,gate_local_2tdvp,2,1.0,-7.971401316808624e-14,1.0000000000000797,41,4.1000000000000005
circuit-infidelity-until-saturation-v2,ising_1d,32,15016,32,0.9514374195020852,0.04856258049791484,mpo_contract_compress,1,1.0000000000000002,-7.949196856316121e-14,1.0000000000000797,41,4.1000000000000005
circuit-infidelity-until-saturation-v2,ising_1d,32,15016,32,0.9514374195020852,0.04856258049791484,tebd_swap,1,1.0000000000000002,-7.949196856316121e-14,1.0000000000000797,41,4.1000000000000005
circuit-infidelity-until-saturation-v2,ising_1d,32,15016,32,0.993444418088777,0.006555581911222963,gate_local_2tdvp,2,1.0000000000000009,-8.126832540256146e-14,1.0000000000000822,42,4.2
circuit-infidelity-until-saturation-v2,ising_1d,32,15016,32,0.9319053276754934,0.06809467232450661,mpo_contract_compress,1,1.0000000000000009,-8.126832540256146e-14,1.0000000000000822,42,4.2
circuit-infidelity-until-saturation-v2,ising_1d,32,15016,32,0.9319053276754934,0.06809467232450661,tebd_swap,1,1.0000000000000009,-8.126832540256146e-14,1.0000000000000822,42,4.2
circuit-infidelity-until-saturation-v2,ising_1d,32,15016,32,0.9879846879325167,0.012015312067483297,gate_local_2tdvp,2,1.0000000000000004,-8.326672684688674e-14,1.0000000000000837,43,4.3
circuit-infidelity-until-saturation-v2,ising_1d,32,15016,32,0.9033429662626629,0.09665703373733714,mpo_contract_compress,1,1.0000000000000002,-8.348877145181177e-14,1.0000000000000837,43,4.3
circuit-infidelity-until-saturation-v2,ising_1d,32,15016,32,0.9033429662626629,0.09665703373733714,tebd_swap,1,1.0000000000000002,-8.348877145181177e-14,1.0000000000000837,43,4.3
circuit-infidelity-until-saturation-v2,ising_1d,32,15016,32,0.9796025177005122,0.02039748229948779,gate_local_2tdvp,2,1.0000000000000009,-8.526512829121202e-14,1.0000000000000862,44,4.4
circuit-infidelity-until-saturation-v2,ising_1d,32,15016,32,0.8647381137886305,0.13526188621136948,mpo_contract_compress,1,0.9999999999999996,-8.659739592076221e-14,1.0000000000000862,44,4.4
circuit-infidelity-until-saturation-v2,ising_1d,32,15016,32,0.8647381137886305,0.13526188621136948,tebd_swap,1,0.9999999999999996,-8.659739592076221e-14,1.0000000000000862,44,4.4
circuit-infidelity-until-saturation-v2,ising_1d,32,15016,32,0.9678660594983344,0.032133940501665625,gate_local_2tdvp,2,1.0000000000000004,-8.704148513061227e-14,1.0000000000000875,45,4.5
circuit-infidelity-until-saturation-v2,ising_1d,32,15016,32,0.8167965736618479,0.18320342633815212,mpo_contract_compress,1,1.0000000000000004,-8.704148513061227e-14,1.0000000000000875,45,4.5
circuit-infidelity-until-saturation-v2,ising_1d,32,15016,32,0.8167965736618479,0.18320342633815212,tebd_swap,1,1.0000000000000004,-8.704148513061227e-14,1.0000000000000875,45,4.5
circuit-infidelity-until-saturation-v2,ising_1d,32,15016,32,0.9529805781798741,0.04701942182012586,gate_local_2tdvp,2,1.0,-8.970602038971265e-14,1.0000000000000897,46,4.6000000000000005
circuit-infidelity-until-saturation-v2,ising_1d,32,15016,32,0.7613580778359142,0.23864192216408575,mpo_contract_compress,1,0.9999999999999996,-9.015010959956271e-14,1.0000000000000897,46,4.6000000000000005
circuit-infidelity-until-saturation-v2,ising_1d,32,15016,32,0.7613580778359142,0.23864192216408575,tebd_swap,1,0.9999999999999996,-9.015010959956271e-14,1.0000000000000897,46,4.6000000000000005
circuit-infidelity-until-saturation-v2,ising_1d,32,15016,32,0.9358779244951491,0.06412207550485094,gate_local_2tdvp,2,0.9999999999999993,-9.303668946358812e-14,1.0000000000000924,47,4.7
circuit-infidelity-until-saturation-v2,ising_1d,32,15016,32,0.701698990933234,0.29830100906676604,mpo_contract_compress,1,1.0000000000000004,-9.192646643896296e-14,1.0000000000000924,47,4.7
circuit-infidelity-until-saturation-v2,ising_1d,32,15016,32,0.701698990933234,0.29830100906676604,tebd_swap,1,1.0000000000000004,-9.192646643896296e-14,1.0000000000000924,47,4.7
circuit-infidelity-until-saturation-v2,ising_1d,32,15016,32,0.917973709848489,0.08202629015151097,gate_local_2tdvp,2,1.0000000000000004,-9.281464485866309e-14,1.0000000000000933,48,4.800000000000001
circuit-infidelity-until-saturation-v2,ising_1d,32,15016,32,0.6427660572763222,0.3572339427236778,mpo_contract_compress,1,1.0,-9.325873406851315e-14,1.0000000000000933,48,4.800000000000001
circuit-infidelity-until-saturation-v2,ising_1d,32,15016,32,0.6427660572763222,0.3572339427236778,tebd_swap,1,1.0,-9.325873406851315e-14,1.0000000000000933,48,4.800000000000001
circuit-infidelity-until-saturation-v2,ising_1d,32,15016,32,0.9009243853600731,0.09907561463992687,gate_local_2tdvp,2,0.9999999999999999,-9.559020242022598e-14,1.0000000000000955,49,4.9
circuit-infidelity-until-saturation-v2,ising_1d,32,15016,32,0.5895671933606578,0.41043280663934223,mpo_contract_compress,1,1.0000000000000004,-9.50350909079134e-14,1.0000000000000955,49,4.9
circuit-infidelity-until-saturation-v2,ising_1d,32,15016,32,0.5895671933606578,0.41043280663934223,tebd_swap,1,1.0000000000000004,-9.50350909079134e-14,1.0000000000000955,49,4.9
circuit-infidelity-until-saturation-v2,ising_1d,32,15016,32,0.8860713816161373,0.1139286183838627,gate_local_2tdvp,2,1.0,-9.792167077193881e-14,1.000000000000098,50,5.0
circuit-infidelity-until-saturation-v2,ising_1d,32,15016,32,0.5455129111040539,0.45448708889594613,mpo_contract_compress,1,1.0,-9.792167077193881e-14,1.000000000000098,50,5.0
circuit-infidelity-until-saturation-v2,ising_1d,32,15016,32,0.5455129111040539,0.45448708889594613,tebd_swap,1,1.0,-9.792167077193881e-14,1.000000000000098,50,5.0
circuit-infidelity-until-saturation-v2,ising_1d,32,15016,32,0.8742178980174541,0.1257821019825459,gate_local_2tdvp,2,1.0000000000000002,-9.947598300641403e-14,1.0000000000000997,51,5.1000000000000005
circuit-infidelity-until-saturation-v2,ising_1d,32,15016,32,0.5121633887491559,0.4878366112508441,mpo_contract_compress,1,1.0000000000000013,-9.836575998178887e-14,1.0000000000000997,51,5.1000000000000005
circuit-infidelity-until-saturation-v2,ising_1d,32,15016,32,0.5121633887491559,0.4878366112508441,tebd_swap,1,1.0000000000000013,-9.836575998178887e-14,1.0000000000000997,51,5.1000000000000005
circuit-infidelity-until-saturation-v2,ising_1d,32,15016,32,0.8656103202623234,0.13438967973767657,gate_local_2tdvp,2,1.0000000000000002,-1.0169642905566434e-13,1.000000000000102,52,5.2
circuit-infidelity-until-saturation-v2,ising_1d,32,15016,32,0.48930418894921085,0.5106958110507891,mpo_contract_compress,1,1.0000000000000004,-1.0147438445073931e-13,1.000000000000102,52,5.2
circuit-infidelity-until-saturation-v2,ising_1d,32,15016,32,0.48930418894921085,0.5106958110507891,tebd_swap,1,1.0000000000000004,-1.0147438445073931e-13,1.000000000000102,52,5.2
circuit-infidelity-until-saturation-v2,ising_1d,32,15016,32,0.859851081083088,0.14014891891691195,gate_local_2tdvp,2,1.0000000000000013,-1.0191847366058937e-13,1.0000000000001033,53,5.300000000000001
circuit-infidelity-until-saturation-v2,ising_1d,32,15016,32,0.4746571662391391,0.5253428337608609,mpo_contract_compress,1,0.9999999999999999,-1.0336176359260207e-13,1.0000000000001033,53,5.300000000000001
circuit-infidelity-until-saturation-v2,ising_1d,32,15016,32,0.4746571662391391,0.5253428337608609,tebd_swap,1,0.9999999999999999,-1.0336176359260207e-13,1.0000000000001033,53,5.300000000000001
circuit-infidelity-until-saturation-v2,ising_1d,32,15016,32,0.8561084715879298,0.1438915284120702,gate_local_2tdvp,2,1.0000000000000009,-1.0391687510491465e-13,1.0000000000001048,54,5.4
circuit-infidelity-until-saturation-v2,ising_1d,32,15016,32,0.46459726367500304,0.5354027363249969,mpo_contract_compress,1,1.000000000000001,-1.0369483049998962e-13,1.0000000000001048,54,5.4
circuit-infidelity-until-saturation-v2,ising_1d,32,15016,32,0.46459726367500304,0.5354027363249969,tebd_swap,1,1.000000000000001,-1.0369483049998962e-13,1.0000000000001048,54,5.4
circuit-infidelity-until-saturation-v2,ising_1d,32,15016,32,0.8535383928667656,0.14646160713323442,gate_local_2tdvp,2,1.0000000000000004,-1.0635936575909e-13,1.0000000000001068,55,5.5
circuit-infidelity-until-saturation-v2,ising_1d,32,15016,32,0.4555943802029546,0.5444056197970454,mpo_contract_compress,1,1.0000000000000004,-1.0635936575909e-13,1.0000000000001068,55,5.5
circuit-infidelity-until-saturation-v2,ising_1d,32,15016,32,0.4555943802029546,0.5444056197970454,tebd_swap,1,1.0000000000000004,-1.0635936575909e-13,1.0000000000001068,55,5.5
circuit-infidelity-until-saturation-v2,ising_1d,32,15016,32,0.8515297364016398,0.14847026359836024,gate_local_2tdvp,2,1.0000000000000002,-1.092459456231154e-13,1.0000000000001095,56,5.6000000000000005
circuit-infidelity-until-saturation-v2,ising_1d,32,15016,32,0.44566277367787005,0.55433722632213,mpo_contract_compress,1,1.0000000000000007,-1.0880185641326534e-13,1.0000000000001095,56,5.6000000000000005
circuit-infidelity-until-saturation-v2,ising_1d,32,15016,32,0.44566277367787005,0.55433722632213,tebd_swap,1,1.0000000000000007,-1.0880185641326534e-13,1.0000000000001095,56,5.6000000000000005
circuit-infidelity-until-saturation-v2,ising_1d,32,15016,32,0.8497523064135505,0.15024769358644952,gate_local_2tdvp,2,0.9999999999999997,-1.1157741397482823e-13,1.0000000000001112,57,5.7
circuit-infidelity-until-saturation-v2,ising_1d,32,15016,32,0.43537381512471224,0.5646261848752878,mpo_contract_compress,1,1.0,-1.1124434706744069e-13,1.0000000000001112,57,5.7
circuit-infidelity-until-saturation-v2,ising_1d,32,15016,32,0.43537381512471224,0.5646261848752878,tebd_swap,1,1.0,-1.1124434706744069e-13,1.0000000000001112,57,5.7
circuit-infidelity-until-saturation-v2,ising_1d,32,15016,32,0.8481507068750286,0.15184929312497142,gate_local_2tdvp,2,1.0000000000000002,-1.13464793116691e-13,1.0000000000001137,58,5.800000000000001
circuit-infidelity-until-saturation-v2,ising_1d,32,15016,32,0.4275006215868901,0.5724993784131098,mpo_contract_compress,1,1.0000000000000002,-1.13464793116691e-13,1.0000000000001137,58,5.800000000000001
circuit-infidelity-until-saturation-v2,ising_1d,32,15016,32,0.4275006215868901,0.5724993784131098,tebd_swap,1,1.0000000000000002,-1.13464793116691e-13,1.0000000000001137,58,5.800000000000001
circuit-infidelity-until-saturation-v2,ising_1d,32,15016,32,0.8468956818918952,0.15310431810810476,gate_local_2tdvp,2,1.0,-1.1524114995609125e-13,1.0000000000001152,59,5.9
circuit-infidelity-until-saturation-v2,ising_1d,32,15016,32,0.4252298206378259,0.5747701793621741,mpo_contract_compress,1,1.0000000000000004,-1.1479706074624119e-13,1.0000000000001152,59,5.9
circuit-infidelity-until-saturation-v2,ising_1d,32,15016,32,0.4252298206378259,0.5747701793621741,tebd_swap,1,1.0000000000000004,-1.1479706074624119e-13,1.0000000000001152,59,5.9
circuit-infidelity-until-saturation-v2,ising_1d,32,15016,32,0.8460643589780475,0.15393564102195245,gate_local_2tdvp,2,1.0000000000000004,-1.1657341758564144e-13,1.000000000000117,60,6.0
circuit-infidelity-until-saturation-v2,ising_1d,32,15016,32,0.42867206506003924,0.5713279349399607,mpo_contract_compress,1,1.0,-1.170175067954915e-13,1.000000000000117,60,6.0
circuit-infidelity-until-saturation-v2,ising_1d,32,15016,32,0.42867206506003924,0.5713279349399607,tebd_swap,1,1.0,-1.170175067954915e-13,1.000000000000117,60,6.0
circuit-infidelity-until-saturation-v2,ising_1d,32,15016,32,0.8455858390067514,0.15441416099324856,gate_local_2tdvp,2,1.0000000000000009,-1.1857181902996672e-13,1.0000000000001195,61,6.1000000000000005
circuit-infidelity-until-saturation-v2,ising_1d,32,15016,32,0.4340602757699251,0.5659397242300749,mpo_contract_compress,1,1.0,-1.1945999744966684e-13,1.0000000000001195,61,6.1000000000000005
circuit-infidelity-until-saturation-v2,ising_1d,32,15016,32,0.4340602757699251,0.5659397242300749,tebd_swap,1,1.0,-1.1945999744966684e-13,1.0000000000001195,61,6.1000000000000005
circuit-infidelity-until-saturation-v2,ising_1d,32,15016,32,0.8455388786524719,0.1544611213475281,gate_local_2tdvp,2,1.0000000000000004,-1.212363542890671e-13,1.0000000000001217,62,6.2
circuit-infidelity-until-saturation-v2,ising_1d,32,15016,32,0.4374654928863981,0.5625345071136019,mpo_contract_compress,1,1.0000000000000007,-1.2101430968414206e-13,1.0000000000001217,62,6.2
circuit-infidelity-until-saturation-v2,ising_1d,32,15016,32,0.4374654928863981,0.5625345071136019,tebd_swap,1,1.0000000000000007,-1.2101430968414206e-13,1.0000000000001217,62,6.2
circuit-infidelity-until-saturation-v2,heisenberg_1d,32,32,1,1.0,0.0,gate_local_2tdvp,2,1.0,0.0,1.0,0,0.0
circuit-infidelity-until-saturation-v2,heisenberg_1d,32,32,1,1.0,0.0,mpo_contract_compress,1,1.0,0.0,1.0,0,0.0
circuit-infidelity-until-saturation-v2,heisenberg_1d,32,32,1,1.0,0.0,tebd_swap,1,1.0,0.0,1.0,0,0.0
circuit-infidelity-until-saturation-v2,heisenberg_1d,32,856,6,0.9999999999985852,1.414757200279837e-12,gate_local_2tdvp,2,0.9999999999999973,-4.440892098500626e-15,1.0000000000000018,1,0.1
circuit-infidelity-until-saturation-v2,heisenberg_1d,32,3240,14,0.9999999999999525,4.75175454539567e-14,mpo_contract_compress,1,0.9999999999999998,-1.9984014443252818e-15,1.0000000000000018,1,0.1
circuit-infidelity-until-saturation-v2,heisenberg_1d,32,3240,14,0.9999999999999525,4.75175454539567e-14,tebd_swap,1,0.9999999999999998,-1.9984014443252818e-15,1.0000000000000018,1,0.1
circuit-infidelity-until-saturation-v2,heisenberg_1d,32,2088,10,0.9999999999885738,1.1426193324837186e-11,gate_local_2tdvp,2,0.9999999999999998,-6.661338147750939e-15,1.0000000000000064,2,0.2
circuit-infidelity-until-saturation-v2,heisenberg_1d,32,14728,32,0.9999999949767444,5.023255589264863e-09,mpo_contract_compress,1,1.0000000000000004,-5.995204332975845e-15,1.0000000000000064,2,0.2
circuit-infidelity-until-saturation-v2,heisenberg_1d,32,14728,32,0.9999999949767444,5.023255589264863e-09,tebd_swap,1,1.0000000000000004,-5.995204332975845e-15,1.0000000000000064,2,0.2
circuit-infidelity-until-saturation-v2,heisenberg_1d,32,5236,17,0.9999999999589957,4.1004311057690757e-11,gate_local_2tdvp,2,0.9999999999999996,-1.0436096431476471e-14,1.00000000000001,3,0.30000000000000004
circuit-infidelity-until-saturation-v2,heisenberg_1d,32,15016,32,0.99999935034548,6.496545199574655e-07,mpo_contract_compress,1,1.0000000000000009,-9.103828801926284e-15,1.00000000000001,3,0.30000000000000004
circuit-infidelity-until-saturation-v2,heisenberg_1d,32,15016,32,0.99999935034548,6.496545199574655e-07,tebd_swap,1,1.0000000000000009,-9.103828801926284e-15,1.00000000000001,3,0.30000000000000004
circuit-infidelity-until-saturation-v2,heisenberg_1d,32,7168,21,0.999999999947147,5.285305526570028e-11,gate_local_2tdvp,2,0.9999999999999993,-1.3988810110276972e-14,1.0000000000000133,4,0.4
circuit-infidelity-until-saturation-v2,heisenberg_1d,32,15016,32,0.9999848757868245,1.512421317551027e-05,mpo_contract_compress,1,0.9999999999999991,-1.4210854715202004e-14,1.0000000000000133,4,0.4
circuit-infidelity-until-saturation-v2,heisenberg_1d,32,15016,32,0.9999848757868245,1.512421317551027e-05,tebd_swap,1,0.9999999999999991,-1.4210854715202004e-14,1.0000000000000133,4,0.4
circuit-infidelity-until-saturation-v2,heisenberg_1d,32,13444,31,0.9999999999138964,8.610356871940894e-11,gate_local_2tdvp,2,0.9999999999999998,-1.5987211554602254e-14,1.0000000000000158,5,0.5
circuit-infidelity-until-saturation-v2,heisenberg_1d,32,15016,32,0.9998107899670146,0.00018921003298544292,mpo_contract_compress,1,0.9999999999999949,-2.0872192862952943e-14,1.0000000000000158,5,0.5
circuit-infidelity-until-saturation-v2,heisenberg_1d,32,15016,32,0.9998107899670146,0.00018921003298544292,tebd_swap,1,0.9999999999999949,-2.0872192862952943e-14,1.0000000000000158,5,0.5
circuit-infidelity-until-saturation-v2,heisenberg_1d,32,15016,32,0.9999999994926043,5.073956810264235e-10,gate_local_2tdvp,2,1.0000000000000002,-1.9095836023552692e-14,1.0000000000000193,6,0.6000000000000001
circuit-infidelity-until-saturation-v2,heisenberg_1d,32,15016,32,0.9987128877951492,0.0012871122048507821,mpo_contract_compress,1,0.9999999999999938,-2.55351295663786e-14,1.0000000000000193,6,0.6000000000000001
circuit-infidelity-until-saturation-v2,heisenberg_1d,32,15016,32,0.9987128877951492,0.0012871122048507821,tebd_swap,1,0.9999999999999938,-2.55351295663786e-14,1.0000000000000193,6,0.6000000000000001
circuit-infidelity-until-saturation-v2,heisenberg_1d,32,15016,32,0.999999982100423,1.7899577042790327e-08,gate_local_2tdvp,2,1.0000000000000009,-2.1316282072803006e-14,1.0000000000000222,7,0.7000000000000001
circuit-infidelity-until-saturation-v2,heisenberg_1d,32,15016,32,0.9942865457617031,0.005713454238296944,mpo_contract_compress,1,0.9999999999999963,-2.5868196473766147e-14,1.0000000000000222,7,0.7000000000000001
circuit-infidelity-until-saturation-v2,heisenberg_1d,32,15016,32,0.9942865457617031,0.005713454238296944,tebd_swap,1,0.9999999999999963,-2.5868196473766147e-14,1.0000000000000222,7,0.7000000000000001
circuit-infidelity-until-saturation-v2,heisenberg_1d,32,15016,32,0.9999995875685465,4.124314535447482e-07,gate_local_2tdvp,2,1.000000000000001,-2.4424906541753444e-14,1.0000000000000255,8,0.8
circuit-infidelity-until-saturation-v2,heisenberg_1d,32,15016,32,0.9813128816915465,0.018687118308453488,mpo_contract_compress,1,0.9999999999999968,-2.8754776337791554e-14,1.0000000000000255,8,0.8
circuit-infidelity-until-saturation-v2,heisenberg_1d,32,15016,32,0.9813128816915465,0.018687118308453488,tebd_swap,1,0.9999999999999968,-2.8754776337791554e-14,1.0000000000000255,8,0.8
circuit-infidelity-until-saturation-v2,heisenberg_1d,32,15016,32,0.9999939998730141,6.000126985927778e-06,gate_local_2tdvp,2,1.0000000000000009,-2.7977620220553945e-14,1.0000000000000289,9,0.9
circuit-infidelity-until-saturation-v2,heisenberg_1d,32,15016,32,0.9503653101354065,0.04963468986459352,mpo_contract_compress,1,0.9999999999999982,-3.064215547965432e-14,1.0000000000000289,9,0.9
circuit-infidelity-until-saturation-v2,heisenberg_1d,32,15016,32,0.9503653101354065,0.04963468986459352,tebd_swap,1,0.9999999999999982,-3.064215547965432e-14,1.0000000000000289,9,0.9
circuit-infidelity-until-saturation-v2,heisenberg_1d,32,15016,32,0.9999400193644862,5.9980635513823266e-05,gate_local_2tdvp,2,1.0000000000000002,-3.108624468950438e-14,1.0000000000000313,10,1.0
circuit-infidelity-until-saturation-v2,heisenberg_1d,32,15016,32,0.8909754094926932,0.10902459050730684,mpo_contract_compress,1,0.9999999999999983,-3.297362383136715e-14,1.0000000000000313,10,1.0
circuit-infidelity-until-saturation-v2,heisenberg_1d,32,15016,32,0.8909754094926932,0.10902459050730684,tebd_swap,1,0.9999999999999983,-3.297362383136715e-14,1.0000000000000313,10,1.0
circuit-infidelity-until-saturation-v2,heisenberg_1d,32,15016,32,0.999569163618998,0.00043083638100205324,gate_local_2tdvp,2,1.000000000000001,-3.3084646133829665e-14,1.0000000000000342,11,1.1
circuit-infidelity-until-saturation-v2,heisenberg_1d,32,15016,32,0.7979845975051977,0.20201540249480232,mpo_contract_compress,1,0.9999999999999999,-3.430589146091734e-14,1.0000000000000342,11,1.1
circuit-infidelity-until-saturation-v2,heisenberg_1d,32,15016,32,0.7979845975051977,0.20201540249480232,tebd_swap,1,0.9999999999999999,-3.430589146091734e-14,1.0000000000000342,11,1.1
circuit-infidelity-until-saturation-v2,heisenberg_1d,32,15016,32,0.9977315589182834,0.0022684410817166434,gate_local_2tdvp,2,1.0000000000000002,-3.730349362740526e-14,1.0000000000000375,12,1.2000000000000002
circuit-infidelity-until-saturation-v2,heisenberg_1d,32,15016,32,0.6780493769659044,0.3219506230340956,mpo_contract_compress,1,0.9999999999999996,-3.7969627442180354e-14,1.0000000000000375,12,1.2000000000000002
circuit-infidelity-until-saturation-v2,heisenberg_1d,32,15016,32,0.6780493769659044,0.3219506230340956,tebd_swap,1,0.9999999999999996,-3.7969627442180354e-14,1.0000000000000375,12,1.2000000000000002
circuit-infidelity-until-saturation-v2,heisenberg_1d,32,15016,32,0.9911289984185614,0.008871001581438609,gate_local_2tdvp,2,1.0000000000000004,-4.0190073491430667e-14,1.0000000000000406,13,1.3
circuit-infidelity-until-saturation-v2,heisenberg_1d,32,15016,32,0.5484229959499971,0.4515770040500029,mpo_contract_compress,1,0.9999999999999996,-4.107825191113079e-14,1.0000000000000406,13,1.3
circuit-infidelity-until-saturation-v2,heisenberg_1d,32,15016,32,0.5484229959499971,0.4515770040500029,tebd_swap,1,0.9999999999999996,-4.107825191113079e-14,1.0000000000000406,13,1.3
circuit-infidelity-until-saturation-v2,heisenberg_1d,32,15016,32,0.9737591875264563,0.026240812473543706,gate_local_2tdvp,2,0.9999999999999999,-4.451994328746878e-14,1.0000000000000444,14,1.4000000000000001
circuit-infidelity-until-saturation-v2,heisenberg_1d,32,15016,32,0.4281773126955033,0.5718226873044967,mpo_contract_compress,1,1.0000000000000007,-4.374278717023117e-14,1.0000000000000444,14,1.4000000000000001
circuit-infidelity-until-saturation-v2,heisenberg_1d,32,15016,32,0.4281773126955033,0.5718226873044967,tebd_swap,1,1.0000000000000007,-4.374278717023117e-14,1.0000000000000444,14,1.4000000000000001
circuit-infidelity-until-saturation-v2,heisenberg_1d,32,15016,32,0.9396256911204893,0.060374308879510674,gate_local_2tdvp,2,1.0000000000000002,-4.707345624410664e-14,1.0000000000000473,15,1.5
circuit-infidelity-until-saturation-v2,heisenberg_1d,32,15016,32,0.32869807421862784,0.6713019257813722,mpo_contract_compress,1,1.0,-4.729550084903167e-14,1.0000000000000473,15,1.5
circuit-infidelity-until-saturation-v2,heisenberg_1d,32,15016,32,0.32869807421862784,0.6713019257813722,tebd_swap,1,1.0,-4.729550084903167e-14,1.0000000000000473,15,1.5
circuit-infidelity-until-saturation-v2,heisenberg_1d,32,15016,32,0.8883975171159775,0.11160248288402252,gate_local_2tdvp,2,0.9999999999999994,-5.0737192225369654e-14,1.0000000000000502,16,1.6
circuit-infidelity-until-saturation-v2,heisenberg_1d,32,15016,32,0.2512672237114096,0.7487327762885905,mpo_contract_compress,1,1.0000000000000007,-4.951594689828198e-14,1.0000000000000502,16,1.6
circuit-infidelity-until-saturation-v2,heisenberg_1d,32,15016,32,0.2512672237114096,0.7487327762885905,tebd_swap,1,1.0000000000000007,-4.951594689828198e-14,1.0000000000000502,16,1.6
circuit-infidelity-until-saturation-v2,heisenberg_1d,32,15016,32,0.8272073991641284,0.17279260083587156,gate_local_2tdvp,2,1.0000000000000002,-5.3290705182007514e-14,1.0000000000000535,17,1.7000000000000002
circuit-infidelity-until-saturation-v2,heisenberg_1d,32,15016,32,0.1920202263761615,0.8079797736238385,mpo_contract_compress,1,1.0000000000000009,-5.262457136723242e-14,1.0000000000000535,17,1.7000000000000002
circuit-infidelity-until-saturation-v2,heisenberg_1d,32,15016,32,0.1920202263761615,0.8079797736238385,tebd_swap,1,1.0000000000000009,-5.262457136723242e-14,1.0000000000000535,17,1.7000000000000002
circuit-infidelity-until-saturation-v2,heisenberg_1d,32,15016,32,0.7638888756577257,0.23611112434227433,gate_local_2tdvp,2,1.0000000000000009,-5.595524044110789e-14,1.0000000000000568,18,1.8
circuit-infidelity-until-saturation-v2,heisenberg_1d,32,15016,32,0.14607178900525464,0.8539282109947454,mpo_contract_compress,1,0.9999999999999998,-5.706546346573305e-14,1.0000000000000568,18,1.8
circuit-infidelity-until-saturation-v2,heisenberg_1d,32,15016,32,0.14607178900525464,0.8539282109947454,tebd_swap,1,0.9999999999999998,-5.706546346573305e-14,1.0000000000000568,18,1.8
circuit-infidelity-until-saturation-v2,heisenberg_1d,32,15016,32,0.7052808878320365,0.29471911216796354,gate_local_2tdvp,2,1.0000000000000004,-5.928590951498336e-14,1.0000000000000597,19,1.9000000000000001
circuit-infidelity-until-saturation-v2,heisenberg_1d,32,15016,32,0.10929431959129983,0.8907056804087001,mpo_contract_compress,1,1.0000000000000007,-5.906386491005833e-14,1.0000000000000597,19,1.9000000000000001
circuit-infidelity-until-saturation-v2,heisenberg_1d,32,15016,32,0.10929431959129983,0.8907056804087001,tebd_swap,1,1.0000000000000007,-5.906386491005833e-14,1.0000000000000597,19,1.9000000000000001
circuit-infidelity-until-saturation-v2,heisenberg_1d,32,15016,32,0.655801339017322,0.34419866098267804,gate_local_2tdvp,2,0.9999999999999999,-6.294964549624638e-14,1.0000000000000628,20,2.0
circuit-infidelity-until-saturation-v2,heisenberg_1d,32,15016,32,0.07969805490867142,0.9203019450913286,mpo_contract_compress,1,1.0,-6.283862319378386e-14,1.0000000000000628,20,2.0
circuit-infidelity-until-saturation-v2,heisenberg_1d,32,15016,32,0.07969805490867142,0.9203019450913286,tebd_swap,1,1.0,-6.283862319378386e-14,1.0000000000000628,20,2.0
circuit-infidelity-until-saturation-v2,heisenberg_1d,32,15016,32,0.6147945988782252,0.3852054011217748,gate_local_2tdvp,2,0.9999999999999997,-6.628031457012185e-14,1.000000000000066,21,2.1
circuit-infidelity-until-saturation-v2,heisenberg_1d,32,15016,32,0.05696296715751638,0.9430370328424836,mpo_contract_compress,1,1.0000000000000004,-6.550315845288424e-14,1.000000000000066,21,2.1
circuit-infidelity-until-saturation-v2,heisenberg_1d,32,15016,32,0.05696296715751638,0.9430370328424836,tebd_swap,1,1.0000000000000004,-6.550315845288424e-14,1.000000000000066,21,2.1
circuit-infidelity-until-saturation-v2,heisenberg_1d,32,15016,32,0.579282975133981,0.42071702486601903,gate_local_2tdvp,2,1.0000000000000004,-6.861178292183467e-14,1.000000000000069,22,2.2
circuit-infidelity-until-saturation-v2,heisenberg_1d,32,15016,32,0.040670703286306065,0.9593292967136939,mpo_contract_compress,1,1.0000000000000002,-6.88338275267597e-14,1.000000000000069,22,2.2
circuit-infidelity-until-saturation-v2,heisenberg_1d,32,15016,32,0.040670703286306065,0.9593292967136939,tebd_swap,1,1.0000000000000002,-6.88338275267597e-14,1.000000000000069,22,2.2
circuit-infidelity-until-saturation-v2,heisenberg_1d,32,15016,32,0.5492248201568823,0.45077517984311766,gate_local_2tdvp,2,0.9999999999999999,-7.227551890309769e-14,1.0000000000000722,23,2.3000000000000003
circuit-infidelity-until-saturation-v2,heisenberg_1d,32,15016,32,0.029119720286556613,0.9708802797134434,mpo_contract_compress,1,1.000000000000001,-7.105427357601002e-14,1.0000000000000722,23,2.3000000000000003
circuit-infidelity-until-saturation-v2,heisenberg_1d,32,15016,32,0.029119720286556613,0.9708802797134434,tebd_swap,1,1.000000000000001,-7.105427357601002e-14,1.0000000000000722,23,2.3000000000000003
circuit-infidelity-until-saturation-v2,heisenberg_1d,32,15016,32,0.5246029421775197,0.4753970578224803,gate_local_2tdvp,2,1.0000000000000009,-7.416289804496046e-14,1.000000000000075,24,2.4000000000000004
circuit-infidelity-until-saturation-v2,heisenberg_1d,32,15016,32,0.020771130625573796,0.9792288693744262,mpo_contract_compress,1,1.0000000000000007,-7.438494264988549e-14,1.000000000000075,24,2.4000000000000004
circuit-infidelity-until-saturation-v2,heisenberg_1d,32,15016,32,0.020771130625573796,0.9792288693744262,tebd_swap,1,1.0000000000000007,-7.438494264988549e-14,1.000000000000075,24,2.4000000000000004
circuit-infidelity-until-saturation-v2,heisenberg_1d,32,15016,32,0.5039985489710963,0.4960014510289037,gate_local_2tdvp,2,1.0000000000000009,-7.771561172376096e-14,1.0000000000000786,25,2.5
circuit-infidelity-until-saturation-v2,heisenberg_1d,32,15016,32,0.014775339208574134,0.9852246607914259,mpo_contract_compress,1,1.0,-7.860379014346108e-14,1.0000000000000786,25,2.5
circuit-infidelity-until-saturation-v2,heisenberg_1d,32,15016,32,0.014775339208574134,0.9852246607914259,tebd_swap,1,1.0,-7.860379014346108e-14,1.0000000000000786,25,2.5
circuit-infidelity-until-saturation-v2,heisenberg_1d,32,15016,32,0.4857722195557752,0.5142277804442248,gate_local_2tdvp,2,1.0000000000000007,-8.104628079763643e-14,1.0000000000000817,26,2.6
circuit-infidelity-until-saturation-v2,heisenberg_1d,32,15016,32,0.010622860592484316,0.9893771394075157,mpo_contract_compress,1,1.0000000000000004,-8.126832540256146e-14,1.0000000000000817,26,2.6
circuit-infidelity-until-saturation-v2,heisenberg_1d,32,15016,32,0.010622860592484316,0.9893771394075157,tebd_swap,1,1.0000000000000004,-8.126832540256146e-14,1.0000000000000817,26,2.6
circuit-infidelity-until-saturation-v2,heisenberg_1d,32,15016,32,0.4706645307979209,0.5293354692020791,gate_local_2tdvp,2,1.0000000000000007,-8.43769498715119e-14,1.000000000000085,27,2.7
circuit-infidelity-until-saturation-v2,heisenberg_1d,32,15016,32,0.007629777641266491,0.9923702223587335,mpo_contract_compress,1,1.0000000000000007,-8.43769498715119e-14,1.000000000000085,27,2.7
circuit-infidelity-until-saturation-v2,heisenberg_1d,32,15016,32,0.007629777641266491,0.9923702223587335,tebd_swap,1,1.0000000000000007,-8.43769498715119e-14,1.000000000000085,27,2.7
circuit-infidelity-until-saturation-v2,heisenberg_1d,32,15016,32,0.45890816894162245,0.5410918310583775,gate_local_2tdvp,2,1.0000000000000007,-8.770761894538737e-14,1.0000000000000884,28,2.8000000000000003
circuit-infidelity-until-saturation-v2,heisenberg_1d,32,15016,32,0.005371965948085374,0.9946280340519146,mpo_contract_compress,1,1.0000000000000007,-8.770761894538737e-14,1.0000000000000884,28,2.8000000000000003
circuit-infidelity-until-saturation-v2,heisenberg_1d,32,15016,32,0.005371965948085374,0.9946280340519146,tebd_swap,1,1.0000000000000007,-8.770761894538737e-14,1.0000000000000884,28,2.8000000000000003
circuit-infidelity-until-saturation-v2,heisenberg_1d,32,15016,32,0.4494946122539443,0.5505053877460557,gate_local_2tdvp,2,1.0000000000000004,-9.059419880941277e-14,1.000000000000091,29,2.9000000000000004
circuit-infidelity-until-saturation-v2,heisenberg_1d,32,15016,32,0.003809634153842251,0.9961903658461577,mpo_contract_compress,1,1.0000000000000007,-9.037215420448774e-14,1.000000000000091,29,2.9000000000000004
circuit-infidelity-until-saturation-v2,heisenberg_1d,32,15016,32,0.003809634153842251,0.9961903658461577,tebd_swap,1,1.0000000000000007,-9.037215420448774e-14,1.000000000000091,29,2.9000000000000004
circuit-infidelity-until-saturation-v2,heisenberg_1d,32,15016,32,0.4420658886266491,0.5579341113733509,gate_local_2tdvp,2,1.0000000000000002,-9.414691248821327e-14,1.0000000000000944,30,3.0
circuit-infidelity-until-saturation-v2,heisenberg_1d,32,15016,32,0.0028175681439426736,0.9971824318560574,mpo_contract_compress,1,1.0000000000000004,-9.392486788328824e-14,1.0000000000000944,30,3.0
circuit-infidelity-until-saturation-v2,heisenberg_1d,32,15016,32,0.0028175681439426736,0.9971824318560574,tebd_swap,1,1.0000000000000004,-9.392486788328824e-14,1.0000000000000944,30,3.0
circuit-infidelity-until-saturation-v2,heisenberg_1d,32,15016,32,0.43574747841833616,0.5642525215816638,gate_local_2tdvp,2,1.0000000000000004,-9.725553695716371e-14,1.0000000000000977,31,3.1
circuit-infidelity-until-saturation-v2,heisenberg_1d,32,15016,32,0.002166528456811047,0.9978334715431889,mpo_contract_compress,1,1.0000000000000004,-9.725553695716371e-14,1.0000000000000977,31,3.1
circuit-infidelity-until-saturation-v2,heisenberg_1d,32,15016,32,0.002166528456811047,0.9978334715431889,tebd_swap,1,1.0000000000000004,-9.725553695716371e-14,1.0000000000000977,31,3.1
circuit-infidelity-until-saturation-v2,heisenberg_1d,32,15016,32,0.4301860210059777,0.5698139789940223,gate_local_2tdvp,2,1.0000000000000004,-1.0014211682118912e-13,1.0000000000001006,32,3.2
circuit-infidelity-until-saturation-v2,heisenberg_1d,32,15016,32,0.0017416444477295508,0.9982583555522705,mpo_contract_compress,1,1.0000000000000004,-1.0014211682118912e-13,1.0000000000001006,32,3.2
circuit-infidelity-until-saturation-v2,heisenberg_1d,32,15016,32,0.0017416444477295508,0.9982583555522705,tebd_swap,1,1.0000000000000004,-1.0014211682118912e-13,1.0000000000001006,32,3.2
circuit-infidelity-until-saturation-v2,heisenberg_1d,32,15016,32,0.4247377714093681,0.5752622285906319,gate_local_2tdvp,2,0.9999999999999998,-1.0391687510491465e-13,1.0000000000001037,33,3.3000000000000003
circuit-infidelity-until-saturation-v2,heisenberg_1d,32,15016,32,0.0014651256406324992,0.9985348743593675,mpo_contract_compress,1,0.9999999999999997,-1.0402789740737717e-13,1.0000000000001037,33,3.3000000000000003
circuit-infidelity-until-saturation-v2,heisenberg_1d,32,15016,32,0.0014651256406324992,0.9985348743593675,tebd_swap,1,0.9999999999999997,-1.0402789740737717e-13,1.0000000000001037,33,3.3000000000000003
circuit-infidelity-until-saturation-v2,heisenberg_1d,32,15016,32,0.41858118363157204,0.581418816368428,gate_local_2tdvp,2,1.0000000000000007,-1.0635936575909e-13,1.000000000000107,34,3.4000000000000004
circuit-infidelity-until-saturation-v2,heisenberg_1d,32,15016,32,0.001306502658304949,0.9986934973416951,mpo_contract_compress,1,1.0000000000000004,-1.0658141036401503e-13,1.000000000000107,34,3.4000000000000004
circuit-infidelity-until-saturation-v2,heisenberg_1d,32,15016,32,0.001306502658304949,0.9986934973416951,tebd_swap,1,1.0000000000000004,-1.0658141036401503e-13,1.000000000000107,34,3.4000000000000004
circuit-infidelity-until-saturation-v2,heisenberg_1d,32,15016,32,0.4118218468169952,0.5881781531830048,gate_local_2tdvp,2,1.0,-1.0946799022804043e-13,1.0000000000001095,35,3.5
circuit-infidelity-until-saturation-v2,heisenberg_1d,32,15016,32,0.001168082429875554,0.9988319175701245,mpo_contract_compress,1,1.0000000000000016,-1.0791367799356522e-13,1.0000000000001095,35,3.5
circuit-infidelity-until-saturation-v2,heisenberg_1d,32,15016,32,0.001168082429875554,0.9988319175701245,tebd_swap,1,1.0000000000000016,-1.0791367799356522e-13,1.0000000000001095,35,3.5
circuit-infidelity-until-saturation-v2,heisenberg_1d,32,15016,32,0.4048632317633871,0.5951367682366129,gate_local_2tdvp,2,1.0000000000000007,-1.1235457009206584e-13,1.000000000000113,36,3.6
circuit-infidelity-until-saturation-v2,heisenberg_1d,32,15016,32,0.000964447328824097,0.9990355526711759,mpo_contract_compress,1,1.0000000000000007,-1.1235457009206584e-13,1.000000000000113,36,3.6
circuit-infidelity-until-saturation-v2,heisenberg_1d,32,15016,32,0.000964447328824097,0.9990355526711759,tebd_swap,1,1.0000000000000007,-1.1235457009206584e-13,1.000000000000113,36,3.6
circuit-infidelity-until-saturation-v2,heisenberg_1d,32,15016,32,0.3972869482477186,0.6027130517522814,gate_local_2tdvp,2,0.9999999999999997,-1.1668443988810395e-13,1.0000000000001164,37,3.7
circuit-infidelity-until-saturation-v2,heisenberg_1d,32,15016,32,0.0007323478099257153,0.9992676521900743,mpo_contract_compress,1,1.0000000000000009,-1.1546319456101628e-13,1.0000000000001164,37,3.7
circuit-infidelity-until-saturation-v2,heisenberg_1d,32,15016,32,0.0007323478099257153,0.9992676521900743,tebd_swap,1,1.0000000000000009,-1.1546319456101628e-13,1.0000000000001164,37,3.7
circuit-infidelity-until-saturation-v2,ising_2d,32,32,1,1.0,0.0,gate_local_2tdvp,2,1.0,0.0,1.0,0,0.0
circuit-infidelity-until-saturation-v2,ising_2d,32,32,1,1.0,0.0,mpo_contract_compress,1,1.0,0.0,1.0,0,0.0
circuit-infidelity-until-saturation-v2,ising_2d,32,32,1,1.0,0.0,tebd_swap,1,1.0,0.0,1.0,0,0.0
circuit-infidelity-until-saturation-v2,ising_2d,32,120,2,0.9999650619426723,3.4938057327682515e-05,gate_local_2tdvp,2,1.0000000000000058,-2.731148640577885e-14,1.000000000000033,1,0.1
circuit-infidelity-until-saturation-v2,ising_2d,32,2728,12,0.9999999999999964,3.552713678800501e-15,mpo_contract_compress,1,1.000000000000017,-1.5987211554602254e-14,1.000000000000033,1,0.1
circuit-infidelity-until-saturation-v2,ising_2d,32,3824,16,0.9999999999999738,2.6201263381153694e-14,tebd_swap,1,1.0000000000000229,-1.021405182655144e-14,1.000000000000033,1,0.1
circuit-infidelity-until-saturation-v2,ising_2d,32,1218,10,0.9997262847220968,0.00027371527790320815,gate_local_2tdvp,2,0.999999999999998,-7.993605777301127e-15,1.000000000000006,2,0.2
circuit-infidelity-until-saturation-v2,ising_2d,32,11784,31,0.9999999999954385,4.561462318974918e-12,mpo_contract_compress,1,0.9999999999999963,-9.658940314238862e-15,1.000000000000006,2,0.2
circuit-infidelity-until-saturation-v2,ising_2d,32,14748,32,0.02483848596231187,0.9751615140376881,tebd_swap,1,1.0,-5.995204332975845e-15,1.000000000000006,2,0.2
circuit-infidelity-until-saturation-v2,ising_2d,32,5136,18,0.9994164065801768,0.0005835934198231696,gate_local_2tdvp,2,1.000000000000002,-7.771561172376096e-15,1.0000000000000098,3,0.30000000000000004
circuit-infidelity-until-saturation-v2,ising_2d,32,14632,32,0.9999939048944383,6.095105561709779e-06,mpo_contract_compress,1,0.9999999999999999,-9.880984919163893e-15,1.0000000000000098,3,0.30000000000000004
circuit-infidelity-until-saturation-v2,ising_2d,32,15016,32,0.0200351510677491,0.9799648489322509,tebd_swap,1,1.000000000000001,-8.659739592076221e-15,1.0000000000000098,3,0.30000000000000004
circuit-infidelity-until-saturation-v2,ising_2d,32,11192,30,0.999416405116703,0.0005835948832969562,gate_local_2tdvp,2,0.9999999999999973,-1.4876988529977098e-14,1.0000000000000122,4,0.4
circuit-infidelity-until-saturation-v2,ising_2d,32,15016,32,0.9999302412974015,6.975870259851025e-05,mpo_contract_compress,1,1.0000000000000004,-1.176836406102666e-14,1.0000000000000122,4,0.4
circuit-infidelity-until-saturation-v2,ising_2d,32,15016,32,0.020119944248810435,0.9798800557511895,tebd_swap,1,1.0,-1.2212453270876722e-14,1.0000000000000122,4,0.4
circuit-infidelity-until-saturation-v2,ising_2d,32,14632,32,0.9994164018314314,0.0005835981685685665,gate_local_2tdvp,2,0.9999999999999996,-1.1102230246251565e-14,1.0000000000000107,5,0.5
circuit-infidelity-until-saturation-v2,ising_2d,32,15016,32,0.9996394989446618,0.00036050105533824706,mpo_contract_compress,1,0.9999999999999992,-1.1435297153639112e-14,1.0000000000000107,5,0.5
circuit-infidelity-until-saturation-v2,ising_2d,32,15016,32,0.014732854262853744,0.9852671457371462,tebd_swap,1,0.9999999999999999,-1.0769163338864018e-14,1.0000000000000107,5,0.5
circuit-infidelity-until-saturation-v2,ising_2d,32,15016,32,0.999416328875201,0.0005836711247989568,gate_local_2tdvp,2,1.0000000000000004,-1.3766765505351941e-14,1.0000000000000142,6,0.6000000000000001
circuit-infidelity-until-saturation-v2,ising_2d,32,15016,32,0.9988400059332683,0.0011599940667317288,mpo_contract_compress,1,1.0000000000000004,-1.3766765505351941e-14,1.0000000000000142,6,0.6000000000000001
circuit-infidelity-until-saturation-v2,ising_2d,32,15016,32,0.011440125632579954,0.9885598743674201,tebd_swap,1,1.0000000000000004,-1.3766765505351941e-14,1.0000000000000142,6,0.6000000000000001
circuit-infidelity-until-saturation-v2,ising_2d,32,15016,32,0.9994154254624575,0.0005845745375424594,gate_local_2tdvp,2,1.000000000000002,-1.6209256159527285e-14,1.0000000000000182,7,0.7000000000000001
circuit-infidelity-until-saturation-v2,ising_2d,32,15016,32,0.9970119014940978,0.0029880985059022036,mpo_contract_compress,1,1.000000000000001,-1.709743457922741e-14,1.0000000000000182,7,0.7000000000000001
circuit-infidelity-until-saturation-v2,ising_2d,32,15016,32,0.016335665979133024,0.983664334020867,tebd_swap,1,0.9999999999999998,-1.84297022087776e-14,1.0000000000000182,7,0.7000000000000001
circuit-infidelity-until-saturation-v2,ising_2d,32,15016,32,0.9994085909656109,0.0005914090343891454,gate_local_2tdvp,2,0.9999999999999981,-2.298161660974074e-14,1.000000000000021,8,0.8
circuit-infidelity-until-saturation-v2,ising_2d,32,15016,32,0.9935002170069644,0.006499782993035552,mpo_contract_compress,1,1.0000000000000027,-1.84297022087776e-14,1.000000000000021,8,0.8
circuit-infidelity-until-saturation-v2,ising_2d,32,15016,32,0.009388612269313916,0.9906113877306861,tebd_swap,1,1.0000000000000002,-2.0872192862952943e-14,1.000000000000021,8,0.8
circuit-infidelity-until-saturation-v2,ising_2d,32,15016,32,0.999372900387103,0.0006270996128969752,gate_local_2tdvp,2,1.0000000000000004,-2.220446049250313e-14,1.0000000000000226,9,0.9
circuit-infidelity-until-saturation-v2,ising_2d,32,15016,32,0.9875834491589072,0.012416550841092833,mpo_contract_compress,1,1.0000000000000007,-2.19824158875781e-14,1.0000000000000226,9,0.9
circuit-infidelity-until-saturation-v2,ising_2d,32,15016,32,0.008867600527528833,0.9911323994724711,tebd_swap,1,1.0000000000000016,-2.1094237467877974e-14,1.0000000000000226,9,0.9
circuit-infidelity-until-saturation-v2,ising_2d,32,15016,32,0.9992377301332195,0.0007622698667805183,gate_local_2tdvp,2,0.9999999999999979,-2.7644553313166398e-14,1.0000000000000255,10,1.0
circuit-infidelity-until-saturation-v2,ising_2d,32,15016,32,0.9788969792242143,0.02110302077578574,mpo_contract_compress,1,1.000000000000001,-2.4424906541753444e-14,1.0000000000000255,10,1.0
circuit-infidelity-until-saturation-v2,ising_2d,32,15016,32,0.005517527376204103,0.9944824726237959,tebd_swap,1,1.000000000000001,-2.4424906541753444e-14,1.0000000000000255,10,1.0
circuit-infidelity-until-saturation-v2,ising_2d,32,15016,32,0.9988597368318283,0.001140263168171729,gate_local_2tdvp,2,0.9999999999999993,-2.930988785010413e-14,1.0000000000000286,11,1.1
circuit-infidelity-until-saturation-v2,ising_2d,32,15016,32,0.9678221016818724,0.03217789831812756,mpo_contract_compress,1,1.0,-2.864375403532904e-14,1.0000000000000286,11,1.1
circuit-infidelity-until-saturation-v2,ising_2d,32,15016,32,0.004844448808196113,0.9951555511918039,tebd_swap,1,0.999999999999999,-2.964295475749168e-14,1.0000000000000286,11,1.1
circuit-infidelity-until-saturation-v2,ising_2d,32,15016,32,0.9980477297303866,0.0019522702696134209,gate_local_2tdvp,2,0.9999999999999974,-3.3861802251067274e-14,1.0000000000000313,12,1.2000000000000002
circuit-infidelity-until-saturation-v2,ising_2d,32,15016,32,0.9553928183625975,0.044607181637402515,mpo_contract_compress,1,1.0000000000000013,-2.9976021664879227e-14,1.0000000000000313,12,1.2000000000000002
circuit-infidelity-until-saturation-v2,ising_2d,32,15016,32,0.002980778693108263,0.9970192213068917,tebd_swap,1,0.9999999999999993,-3.197442310920451e-14,1.0000000000000313,12,1.2000000000000002
circuit-infidelity-until-saturation-v2,ising_2d,32,15016,32,0.9966525553877383,0.003347444612261663,gate_local_2tdvp,2,1.0000000000000004,-3.375077994860476e-14,1.0000000000000342,13,1.3
circuit-infidelity-until-saturation-v2,ising_2d,32,15016,32,0.9427441072030329,0.05725589279696708,mpo_contract_compress,1,1.0000000000000009,-3.3306690738754696e-14,1.0000000000000342,13,1.3
circuit-infidelity-until-saturation-v2,ising_2d,32,15016,32,0.00401441538980114,0.9959855846101988,tebd_swap,1,1.0000000000000007,-3.352873534367973e-14,1.0000000000000342,13,1.3
circuit-infidelity-until-saturation-v2,ising_2d,32,15016,32,0.9947523861474432,0.005247613852556787,gate_local_2tdvp,2,1.0000000000000016,-3.6193270602780103e-14,1.0000000000000377,14,1.4000000000000001
circuit-infidelity-until-saturation-v2,ising_2d,32,15016,32,0.9311077659681412,0.06889223403185885,mpo_contract_compress,1,1.000000000000001,-3.6637359812630166e-14,1.0000000000000377,14,1.4000000000000001
circuit-infidelity-until-saturation-v2,ising_2d,32,15016,32,0.002903453963971648,0.9970965460360284,tebd_swap,1,1.0000000000000016,-3.6193270602780103e-14,1.0000000000000377,14,1.4000000000000001
circuit-infidelity-until-saturation-v2,ising_2d,32,15016,32,0.9926429720105149,0.007357027989485121,gate_local_2tdvp,2,1.0,-3.885780586188048e-14,1.0000000000000389,15,1.5
circuit-infidelity-until-saturation-v2,ising_2d,32,15016,32,0.9214498733994803,0.07855012660051974,mpo_contract_compress,1,1.000000000000001,-3.774758283725532e-14,1.0000000000000389,15,1.5
circuit-infidelity-until-saturation-v2,ising_2d,32,15016,32,0.0011543489901827718,0.9988456510098173,tebd_swap,1,1.0000000000000016,-3.730349362740526e-14,1.0000000000000389,15,1.5
circuit-infidelity-until-saturation-v2,ising_2d,32,15016,32,0.9904893869940008,0.009510613005999202,gate_local_2tdvp,2,1.0000000000000024,-3.7969627442180354e-14,1.0000000000000404,16,1.6
circuit-infidelity-until-saturation-v2,ising_2d,32,15016,32,0.9136511097100111,0.08634889028998893,mpo_contract_compress,1,1.0000000000000002,-4.0190073491430667e-14,1.0000000000000404,16,1.6
circuit-infidelity-until-saturation-v2,ising_2d,32,15016,32,0.00033782412105642505,0.9996621758789436,tebd_swap,1,0.9999999999999998,-4.063416270128073e-14,1.0000000000000404,16,1.6
circuit-infidelity-until-saturation-v2,ising_2d,32,15016,32,0.9882835819628258,0.011716418037174159,gate_local_2tdvp,2,0.9999999999999997,-4.007905118896815e-14,1.0000000000000397,17,1.7000000000000002
circuit-infidelity-until-saturation-v2,ising_2d,32,15016,32,0.9071137151180585,0.0928862848819415,mpo_contract_compress,1,0.9999999999999987,-4.107825191113079e-14,1.0000000000000397,17,1.7000000000000002
circuit-infidelity-until-saturation-v2,ising_2d,32,15016,32,0.001166981063097476,0.9988330189369026,tebd_swap,1,1.0,-3.9745984281580604e-14,1.0000000000000397,17,1.7000000000000002
circuit-infidelity-until-saturation-v2,ising_2d,32,15016,32,0.9860154927485693,0.013984507251430744,gate_local_2tdvp,2,1.0000000000000036,-3.9968028886505635e-14,1.0000000000000435,18,1.8
circuit-infidelity-until-saturation-v2,ising_2d,32,15016,32,0.9018345156171348,0.09816548438286521,mpo_contract_compress,1,1.0000000000000033,-4.0190073491430667e-14,1.0000000000000435,18,1.8
circuit-infidelity-until-saturation-v2,ising_2d,32,15016,32,0.0013462472747561352,0.9986537527252438,tebd_swap,1,0.9999999999999998,-4.374278717023117e-14,1.0000000000000435,18,1.8
circuit-infidelity-until-saturation-v2,ising_2d,32,15016,32,0.9837164564266395,0.01628354357336048,gate_local_2tdvp,2,0.999999999999998,-5.240252676230739e-14,1.0000000000000504,19,1.9000000000000001
circuit-infidelity-until-saturation-v2,ising_2d,32,15016,32,0.8978028468374382,0.10219715316256184,mpo_contract_compress,1,0.9999999999999999,-5.051514762044462e-14,1.0000000000000504,19,1.9000000000000001
circuit-infidelity-until-saturation-v2,ising_2d,32,15016,32,0.0018207696287669138,0.9981792303712331,tebd_swap,1,0.9999999999999999,-5.051514762044462e-14,1.0000000000000504,19,1.9000000000000001
circuit-infidelity-until-saturation-v2,ising_2d,32,15016,32,0.981481621364815,0.018518378635185018,gate_local_2tdvp,2,0.9999999999999993,-5.284661597215745e-14,1.0000000000000522,20,2.0
circuit-infidelity-until-saturation-v2,ising_2d,32,15016,32,0.89376477103953,0.10623522896047,mpo_contract_compress,1,1.0000000000000013,-5.084821452783217e-14,1.0000000000000522,20,2.0
circuit-infidelity-until-saturation-v2,ising_2d,32,15016,32,0.0018318073513788778,0.9981681926486211,tebd_swap,1,1.0000000000000013,-5.084821452783217e-14,1.0000000000000522,20,2.0
circuit-infidelity-until-saturation-v2,ising_2d,32,15016,32,0.979381241954875,0.02061875804512503,gate_local_2tdvp,2,0.9999999999999993,-5.284661597215745e-14,1.0000000000000522,21,2.1
circuit-infidelity-until-saturation-v2,ising_2d,32,15016,32,0.8900708537839601,0.10992914621603989,mpo_contract_compress,1,1.0000000000000004,-5.1736392947532295e-14,1.0000000000000522,21,2.1
circuit-infidelity-until-saturation-v2,ising_2d,32,15016,32,0.0028352730090508097,0.9971647269909492,tebd_swap,1,1.0000000000000007,-5.1514348342607263e-14,1.0000000000000522,21,2.1
circuit-infidelity-until-saturation-v2,ising_2d,32,15016,32,0.9773946268269672,0.022605373173032794,gate_local_2tdvp,2,1.000000000000001,-5.306866057708248e-14,1.0000000000000542,22,2.2
circuit-infidelity-until-saturation-v2,ising_2d,32,15016,32,0.8875256960520128,0.11247430394798719,mpo_contract_compress,1,1.0000000000000004,-5.3734794391857577e-14,1.0000000000000542,22,2.2
circuit-infidelity-until-saturation-v2,ising_2d,32,15016,32,0.0016017913682816055,0.9983982086317184,tebd_swap,1,1.0000000000000009,-5.3290705182007514e-14,1.0000000000000542,22,2.2
circuit-infidelity-until-saturation-v2,ising_2d,32,15016,32,0.9754543920555824,0.024545607944417625,gate_local_2tdvp,2,1.0000000000000038,-5.595524044110789e-14,1.0000000000000597,23,2.3000000000000003
circuit-infidelity-until-saturation-v2,ising_2d,32,15016,32,0.8850386001111357,0.11496139988886434,mpo_contract_compress,1,0.9999999999999996,-6.017408793468348e-14,1.0000000000000597,23,2.3000000000000003
circuit-infidelity-until-saturation-v2,ising_2d,32,15016,32,0.0016190762941623296,0.9983809237058376,tebd_swap,1,1.0000000000000002,-5.950795411990839e-14,1.0000000000000597,23,2.3000000000000003
circuit-infidelity-until-saturation-v2,ising_2d,32,15016,32,0.9734934103167789,0.02650658968322106,gate_local_2tdvp,2,0.9999999999999998,-6.350475700855895e-14,1.0000000000000633,24,2.4000000000000004
circuit-infidelity-until-saturation-v2,ising_2d,32,15016,32,0.8809258135380779,0.11907418646192214,mpo_contract_compress,1,0.9999999999999982,-6.505906924303417e-14,1.0000000000000633,24,2.4000000000000004
circuit-infidelity-until-saturation-v2,ising_2d,32,15016,32,0.0007444288115636048,0.9992555711884364,tebd_swap,1,1.0000000000000004,-6.283862319378386e-14,1.0000000000000633,24,2.4000000000000004
circuit-infidelity-until-saturation-v2,ising_2d,32,15016,32,0.9714885674702212,0.028511432529778835,gate_local_2tdvp,2,1.0000000000000002,-6.483702463810914e-14,1.000000000000065,25,2.5
circuit-infidelity-until-saturation-v2,ising_2d,32,15016,32,0.8750607303231931,0.12493926967680691,mpo_contract_compress,1,0.9999999999999993,-6.572520305780927e-14,1.000000000000065,25,2.5
circuit-infidelity-until-saturation-v2,ising_2d,32,15016,32,8.338543788886646e-05,0.9999166145621111,tebd_swap,1,1.0,-6.505906924303417e-14,1.000000000000065,25,2.5
circuit-infidelity-until-saturation-v2,ising_2d,32,15016,32,0.9694980046315717,0.030501995368428347,gate_local_2tdvp,2,0.9999999999999991,-6.88338275267597e-14,1.000000000000068,26,2.6
circuit-infidelity-until-saturation-v2,ising_2d,32,15016,32,0.8682523613956429,0.13174763860435712,mpo_contract_compress,1,1.0000000000000009,-6.705747068735946e-14,1.000000000000068,26,2.6
circuit-infidelity-until-saturation-v2,ising_2d,32,15016,32,0.00019574411693361367,0.9998042558830664,tebd_swap,1,1.0000000000000013,-6.661338147750939e-14,1.000000000000068,26,2.6
circuit-infidelity-until-saturation-v2,ising_2d,32,15016,32,0.9675759824395208,0.03242401756047919,gate_local_2tdvp,2,0.9999999999999989,-7.238654120556021e-14,1.0000000000000713,27,2.7
circuit-infidelity-until-saturation-v2,ising_2d,32,15016,32,0.8613611821184777,0.13863881788152232,mpo_contract_compress,1,1.0,-7.127631818093505e-14,1.0000000000000713,27,2.7
circuit-infidelity-until-saturation-v2,ising_2d,32,15016,32,0.00040551056693603315,0.999594489433064,tebd_swap,1,1.0,-7.127631818093505e-14,1.0000000000000713,27,2.7
circuit-infidelity-until-saturation-v2,ising_2d,32,15016,32,0.9657607784070726,0.03423922159292736,gate_local_2tdvp,2,0.9999999999999999,-7.427392034742297e-14,1.0000000000000742,28,2.8000000000000003
circuit-infidelity-until-saturation-v2,ising_2d,32,15016,32,0.8553163080458128,0.14468369195418718,mpo_contract_compress,1,1.0000000000000007,-7.349676423018536e-14,1.0000000000000742,28,2.8000000000000003
circuit-infidelity-until-saturation-v2,ising_2d,32,15016,32,0.00043299827828177493,0.9995670017217182,tebd_swap,1,1.0000000000000009,-7.327471962526033e-14,1.0000000000000742,28,2.8000000000000003
circuit-infidelity-until-saturation-v2,ising_2d,32,15016,32,0.9641046006803526,0.03589539931964736,gate_local_2tdvp,2,0.9999999999999991,-7.327471962526033e-14,1.0000000000000724,29,2.9000000000000004
circuit-infidelity-until-saturation-v2,ising_2d,32,15016,32,0.8496178367757072,0.15038216322429276,mpo_contract_compress,1,1.0000000000000013,-7.105427357601002e-14,1.0000000000000724,29,2.9000000000000004
circuit-infidelity-until-saturation-v2,ising_2d,32,15016,32,0.0008256753243965887,0.9991743246756034,tebd_swap,1,1.0000000000000004,-7.194245199571014e-14,1.0000000000000724,29,2.9000000000000004
circuit-infidelity-until-saturation-v2,ising_2d,32,15016,32,0.9625846664025918,0.03741533359740823,gate_local_2tdvp,2,0.9999999999999997,-7.605027718682322e-14,1.0000000000000757,30,3.0
circuit-infidelity-until-saturation-v2,ising_2d,32,15016,32,0.8436384962077215,0.15636150379227853,mpo_contract_compress,1,1.0000000000000018,-7.394085344003543e-14,1.0000000000000757,30,3.0
circuit-infidelity-until-saturation-v2,ising_2d,32,15016,32,0.0005530459487618239,0.9994469540512382,tebd_swap,1,0.9999999999999996,-7.616129948928574e-14,1.0000000000000757,30,3.0
circuit-infidelity-until-saturation-v2,ising_2d,32,15016,32,0.9610959841021197,0.038904015897880284,gate_local_2tdvp,2,1.0000000000000016,-8.01581023779363e-14,1.0000000000000817,31,3.1
circuit-infidelity-until-saturation-v2,ising_2d,32,15016,32,0.8383795972675576,0.16162040273244238,mpo_contract_compress,1,0.9999999999999988,-8.293365993949919e-14,1.0000000000000817,31,3.1
circuit-infidelity-until-saturation-v2,ising_2d,32,15016,32,0.00040460413718151016,0.9995953958628185,tebd_swap,1,1.0000000000000016,-8.01581023779363e-14,1.0000000000000817,31,3.1
circuit-infidelity-until-saturation-v2,ising_2d,32,15016,32,0.959559186670576,0.04044081332942395,gate_local_2tdvp,2,1.0000000000000009,-8.260059303211165e-14,1.0000000000000835,32,3.2
circuit-infidelity-until-saturation-v2,ising_2d,32,15016,32,0.8339930043040263,0.16600699569597366,mpo_contract_compress,1,1.0000000000000013,-8.215650382226158e-14,1.0000000000000835,32,3.2
circuit-infidelity-until-saturation-v2,ising_2d,32,15016,32,0.000351620452030069,0.9996483795479699,tebd_swap,1,1.0000000000000004,-8.304468224196171e-14,1.0000000000000835,32,3.2
circuit-infidelity-until-saturation-v2,ising_2d,32,15016,32,0.9579883866763327,0.04201161332366732,gate_local_2tdvp,2,1.0000000000000009,-8.681944052568724e-14,1.0000000000000877,33,3.3000000000000003
circuit-infidelity-until-saturation-v2,ising_2d,32,15016,32,0.8296498645785665,0.1703501354214335,mpo_contract_compress,1,1.0000000000000024,-8.526512829121202e-14,1.0000000000000877,33,3.3000000000000003
circuit-infidelity-until-saturation-v2,ising_2d,32,15016,32,0.00029987015644235667,0.9997001298435576,tebd_swap,1,0.9999999999999998,-8.79296635503124e-14,1.0000000000000877,33,3.3000000000000003
circuit-infidelity-until-saturation-v2,ising_2d,32,15016,32,0.9564507751665119,0.04354922483348811,gate_local_2tdvp,2,1.0000000000000022,-8.637535131583718e-14,1.0000000000000886,34,3.4000000000000004
circuit-infidelity-until-saturation-v2,ising_2d,32,15016,32,0.8247415860972478,0.1752584139027522,mpo_contract_compress,1,1.0000000000000013,-8.72635297355373e-14,1.0000000000000886,34,3.4000000000000004
circuit-infidelity-until-saturation-v2,ising_2d,32,15016,32,0.0003258386277431526,0.9996741613722568,tebd_swap,1,1.0000000000000002,-8.837375276016246e-14,1.0000000000000886,34,3.4000000000000004
circuit-infidelity-until-saturation-v2,ising_2d,32,15016,32,0.9549682454624079,0.04503175453759212,gate_local_2tdvp,2,1.0000000000000002,-9.103828801926284e-14,1.0000000000000913,35,3.5
circuit-infidelity-until-saturation-v2,ising_2d,32,15016,32,0.8191831319890602,0.18081686801093977,mpo_contract_compress,1,0.9999999999999992,-9.203748874142548e-14,1.0000000000000913,35,3.5
circuit-infidelity-until-saturation-v2,ising_2d,32,15016,32,0.000668840659279812,0.9993311593407201,tebd_swap,1,0.9999999999999999,-9.137135492665038e-14,1.0000000000000913,35,3.5
circuit-infidelity-until-saturation-v2,ising_2d,32,15016,32,0.9535922890121983,0.04640771098780172,gate_local_2tdvp,2,1.0,-9.592326932761353e-14,1.000000000000096,36,3.6
circuit-infidelity-until-saturation-v2,ising_2d,32,15016,32,0.8138682340153374,0.18613176598466263,mpo_contract_compress,1,1.0000000000000004,-9.547918011776346e-14,1.000000000000096,36,3.6
circuit-infidelity-until-saturation-v2,ising_2d,32,15016,32,0.000731409304682727,0.9992685906953173,tebd_swap,1,1.0000000000000002,-9.57012247226885e-14,1.000000000000096,36,3.6
circuit-infidelity-until-saturation-v2,ising_2d,32,15016,32,0.9523543356419973,0.04764566435800266,gate_local_2tdvp,2,0.9999999999999997,-9.736655925962623e-14,1.000000000000097,37,3.7
circuit-infidelity-until-saturation-v2,ising_2d,32,15016,32,0.8096700056503642,0.19032999434963582,mpo_contract_compress,1,0.9999999999999994,-9.758860386455126e-14,1.000000000000097,37,3.7
circuit-infidelity-until-saturation-v2,ising_2d,32,15016,32,0.0007834731210408086,0.9992165268789592,tebd_swap,1,1.0000000000000007,-9.636735853746359e-14,1.000000000000097,37,3.7
circuit-infidelity-until-saturation-v2,ising_2d,32,15016,32,0.9511656793816149,0.04883432061838511,gate_local_2tdvp,2,0.9999999999999993,-9.903189379656396e-14,1.0000000000000984,38,3.8000000000000003
circuit-infidelity-until-saturation-v2,ising_2d,32,15016,32,0.8063133124770572,0.19368668752294282,mpo_contract_compress,1,1.0000000000000016,-9.681144774731365e-14,1.0000000000000984,38,3.8000000000000003
circuit-infidelity-until-saturation-v2,ising_2d,32,15016,32,0.0007875719122923099,0.9992124280877077,tebd_swap,1,0.9999999999999997,-9.869882688917642e-14,1.0000000000000984,38,3.8000000000000003
circuit-infidelity-until-saturation-v2,ising_2d,32,15016,32,0.9499342509037864,0.05006574909621364,gate_local_2tdvp,2,1.000000000000002,-9.9253938401489e-14,1.0000000000001013,39,3.9000000000000004
circuit-infidelity-until-saturation-v2,ising_2d,32,15016,32,0.8030872149261915,0.1969127850738085,mpo_contract_compress,1,1.0000000000000024,-9.880984919163893e-14,1.0000000000001013,39,3.9000000000000004
circuit-infidelity-until-saturation-v2,ising_2d,32,15016,32,0.0007452667710158233,0.9992547332289842,tebd_swap,1,1.0000000000000009,-1.0036416142611415e-13,1.0000000000001013,39,3.9000000000000004
circuit-infidelity-until-saturation-v2,ising_2d,32,15016,32,0.94863053319668,0.051369466803319996,gate_local_2tdvp,2,0.9999999999999993,-1.0369483049998962e-13,1.000000000000103,40,4.0
circuit-infidelity-until-saturation-v2,ising_2d,32,15016,32,0.7995372091028469,0.20046279089715313,mpo_contract_compress,1,1.000000000000001,-1.0191847366058937e-13,1.000000000000103,40,4.0
circuit-infidelity-until-saturation-v2,ising_2d,32,15016,32,0.000324628019085519,0.9996753719809145,tebd_swap,1,1.0000000000000009,-1.021405182655144e-13,1.000000000000103,40,4.0
circuit-infidelity-until-saturation-v2,ising_2d,32,15016,32,0.9472729839065184,0.05272701609348163,gate_local_2tdvp,2,0.9999999999999986,-1.0957901253050295e-13,1.0000000000001081,41,4.1000000000000005
circuit-infidelity-until-saturation-v2,ising_2d,32,15016,32,0.7955143484197268,0.2044856515802732,mpo_contract_compress,1,1.0000000000000013,-1.0680345496894006e-13,1.0000000000001081,41,4.1000000000000005
circuit-infidelity-until-saturation-v2,ising_2d,32,15016,32,0.0003429042968620465,0.999657095703138,tebd_swap,1,1.0000000000000007,-1.0746958878371515e-13,1.0000000000001081,41,4.1000000000000005
circuit-infidelity-until-saturation-v2,ising_2d,32,15016,32,0.9459535047404013,0.054046495259598704,gate_local_2tdvp,2,1.0000000000000002,-1.0813572259849025e-13,1.0000000000001084,42,4.2
circuit-infidelity-until-saturation-v2,ising_2d,32,15016,32,0.7907409039145641,0.20925909608543591,mpo_contract_compress,1,1.0000000000000007,-1.0769163338864018e-13,1.0000000000001084,42,4.2
circuit-infidelity-until-saturation-v2,ising_2d,32,15016,32,0.0006000865919167771,0.9993999134080832,tebd_swap,1,1.0,-1.0835776720341528e-13,1.0000000000001084,42,4.2
circuit-infidelity-until-saturation-v2,ising_2d,32,15016,32,0.9447378927701983,0.05526210722980174,gate_local_2tdvp,2,0.9999999999999998,-1.127986593019159e-13,1.0000000000001126,43,4.3
circuit-infidelity-until-saturation-v2,ising_2d,32,15016,32,0.7853215762174336,0.2146784237825664,mpo_contract_compress,1,0.9999999999999994,-1.1313172620930345e-13,1.0000000000001126,43,4.3
circuit-infidelity-until-saturation-v2,ising_2d,32,15016,32,0.0015968809011429796,0.998403119098857,tebd_swap,1,1.0000000000000004,-1.1213252548714081e-13,1.0000000000001126,43,4.3
circuit-infidelity-until-saturation-v2,ising_2d,32,15016,32,0.9435649018405894,0.05643509815941061,gate_local_2tdvp,2,0.9999999999999991,-1.1546319456101628e-13,1.0000000000001146,44,4.4
circuit-infidelity-until-saturation-v2,ising_2d,32,15016,32,0.780434363284665,0.21956563671533502,mpo_contract_compress,1,1.0000000000000004,-1.141309269314661e-13,1.0000000000001146,44,4.4
circuit-infidelity-until-saturation-v2,ising_2d,32,15016,32,0.0012531910070234166,0.9987468089929766,tebd_swap,1,1.0000000000000009,-1.1368683772161603e-13,1.0000000000001146,44,4.4
circuit-infidelity-until-saturation-v2,ising_2d,32,15016,32,0.9423652650700667,0.05763473492993332,gate_local_2tdvp,2,1.0000000000000009,-1.170175067954915e-13,1.000000000000118,45,4.5
circuit-infidelity-until-saturation-v2,ising_2d,32,15016,32,0.7772993000033998,0.22270069999660025,mpo_contract_compress,1,0.9999999999999994,-1.184607967275042e-13,1.000000000000118,45,4.5
circuit-infidelity-until-saturation-v2,ising_2d,32,15016,32,0.0018742069698417902,0.9981257930301582,tebd_swap,1,1.000000000000001,-1.1679546219056647e-13,1.000000000000118,45,4.5
circuit-infidelity-until-saturation-v2,ising_2d,32,15016,32,0.9411004340554385,0.05889956594456147,gate_local_2tdvp,2,0.9999999999999981,-1.2112533198660458e-13,1.0000000000001192,46,4.6000000000000005
circuit-infidelity-until-saturation-v2,ising_2d,32,15016,32,0.7754330583488617,0.22456694165113833,mpo_contract_compress,1,1.0000000000000007,-1.1857181902996672e-13,1.0000000000001192,46,4.6000000000000005
circuit-infidelity-until-saturation-v2,ising_2d,32,15016,32,0.002189599078012048,0.9978104009219879,tebd_swap,1,0.9999999999999998,-1.1945999744966684e-13,1.0000000000001192,46,4.6000000000000005
circuit-infidelity-until-saturation-v2,ising_2d,32,15016,32,0.9396757512176889,0.06032424878231113,gate_local_2tdvp,2,0.9999999999999986,-1.2467804566540508e-13,1.0000000000001232,47,4.7
circuit-infidelity-until-saturation-v2,ising_2d,32,15016,32,0.7733820078470227,0.2266179921529773,mpo_contract_compress,1,0.9999999999999999,-1.233457780358549e-13,1.0000000000001232,47,4.7
circuit-infidelity-until-saturation-v2,ising_2d,32,15016,32,0.003130988304567646,0.9968690116954324,tebd_swap,1,1.0000000000000004,-1.2279066652354231e-13,1.0000000000001232,47,4.7
circuit-infidelity-until-saturation-v2,ising_2d,32,15016,32,0.9381360166729567,0.06186398332704335,gate_local_2tdvp,2,0.9999999999999974,-1.2800871473928055e-13,1.0000000000001255,48,4.800000000000001
circuit-infidelity-until-saturation-v2,ising_2d,32,15016,32,0.7705509948953657,0.22944900510463428,mpo_contract_compress,1,1.0000000000000004,-1.2501111257279263e-13,1.0000000000001255,48,4.800000000000001
circuit-infidelity-until-saturation-v2,ising_2d,32,15016,32,0.003293585981887765,0.9967064140181122,tebd_swap,1,1.0,-1.254552017826427e-13,1.0000000000001255,48,4.800000000000001
circuit-infidelity-until-saturation-v2,ising_2d,32,15016,32,0.9366588154112985,0.06334118458870153,gate_local_2tdvp,2,0.9999999999999997,-1.31117339208231e-13,1.0000000000001308,49,4.9
circuit-infidelity-until-saturation-v2,ising_2d,32,15016,32,0.7675993516241254,0.2324006483758746,mpo_contract_compress,1,1.0000000000000013,-1.2945200467129325e-13,1.0000000000001308,49,4.9
circuit-infidelity-until-saturation-v2,ising_2d,32,15016,32,0.0031378802938769636,0.996862119706123,tebd_swap,1,1.0000000000000002,-1.305622276959184e-13,1.0000000000001308,49,4.9
circuit-infidelity-until-saturation-v2,ising_2d,32,15016,32,0.9353655246567808,0.0646344753432192,gate_local_2tdvp,2,1.0000000000000013,-1.2678746941219288e-13,1.0000000000001281,50,5.0
circuit-infidelity-until-saturation-v2,ising_2d,32,15016,32,0.7650882213237409,0.23491177867625912,mpo_contract_compress,1,1.0000000000000009,-1.2723155862204294e-13,1.0000000000001281,50,5.0
circuit-infidelity-until-saturation-v2,ising_2d,32,15016,32,0.0022754845001122462,0.9977245154998877,tebd_swap,1,1.0000000000000004,-1.27675647831893e-13,1.0000000000001281,50,5.0
circuit-infidelity-until-saturation-v2,ising_2d,32,15016,32,0.9341893803553362,0.06581061964466384,gate_local_2tdvp,2,1.0000000000000002,-1.3589129821411916e-13,1.0000000000001361,51,5.1000000000000005
circuit-infidelity-until-saturation-v2,ising_2d,32,15016,32,0.7631182949519566,0.2368817050480434,mpo_contract_compress,1,1.000000000000001,-1.3500311979441904e-13,1.0000000000001361,51,5.1000000000000005
circuit-infidelity-until-saturation-v2,ising_2d,32,15016,32,0.0019919840568528983,0.9980080159431471,tebd_swap,1,1.0,-1.361133428190442e-13,1.0000000000001361,51,5.1000000000000005
circuit-infidelity-until-saturation-v2,ising_2d,32,15016,32,0.9329669645360115,0.06703303546398853,gate_local_2tdvp,2,1.0000000000000013,-1.325606291402437e-13,1.000000000000134,52,5.2
circuit-infidelity-until-saturation-v2,ising_2d,32,15016,32,0.7612687815026522,0.2387312184973478,mpo_contract_compress,1,1.0000000000000024,-1.3145040611561853e-13,1.000000000000134,52,5.2
circuit-infidelity-until-saturation-v2,ising_2d,32,15016,32,0.0018699669724661137,0.9981300330275339,tebd_swap,1,0.9999999999999999,-1.340039190722564e-13,1.000000000000134,52,5.2
circuit-infidelity-until-saturation-v2,ising_2d,32,15016,32,0.9316254036113208,0.06837459638867915,gate_local_2tdvp,2,0.9999999999999986,-1.3933298959045715e-13,1.000000000000138,53,5.300000000000001
circuit-infidelity-until-saturation-v2,ising_2d,32,15016,32,0.7590715030679427,0.2409284969320573,mpo_contract_compress,1,0.9999999999999993,-1.3855583347321954e-13,1.000000000000138,53,5.300000000000001
circuit-infidelity-until-saturation-v2,ising_2d,32,15016,32,0.0014595209125255627,0.9985404790874745,tebd_swap,1,1.0000000000000004,-1.3744561044859438e-13,1.000000000000138,53,5.300000000000001
circuit-infidelity-until-saturation-v2,ising_2d,32,15016,32,0.9302460860621954,0.06975391393780461,gate_local_2tdvp,2,0.9999999999999987,-1.438849039914203e-13,1.0000000000001426,54,5.4
circuit-infidelity-until-saturation-v2,ising_2d,32,15016,32,0.756372060346825,0.24362793965317497,mpo_contract_compress,1,0.9999999999999991,-1.4344081478157023e-13,1.0000000000001426,54,5.4
circuit-infidelity-until-saturation-v2,ising_2d,32,15016,32,0.0019211079857800743,0.99807889201422,tebd_swap,1,1.0000000000000009,-1.4166445794216997e-13,1.0000000000001426,54,5.4
circuit-infidelity-until-saturation-v2,ising_2d,32,15016,32,0.9289177119527717,0.07108228804722827,gate_local_2tdvp,2,0.9999999999999999,-1.4066525722000733e-13,1.0000000000001406,55,5.5
circuit-infidelity-until-saturation-v2,ising_2d,32,15016,32,0.7534380446915817,0.2465619553084183,mpo_contract_compress,1,1.0,-1.4055423491754482e-13,1.0000000000001406,55,5.5
circuit-infidelity-until-saturation-v2,ising_2d,32,15016,32,0.0017116544000267168,0.9982883455999733,tebd_swap,1,1.0000000000000009,-1.396660564978447e-13,1.0000000000001406,55,5.5
circuit-infidelity-until-saturation-v2,ising_2d,32,15016,32,0.9276479918382486,0.07235200816175136,gate_local_2tdvp,2,1.0000000000000007,-1.4432899320127035e-13,1.000000000000145,56,5.6000000000000005
circuit-infidelity-until-saturation-v2,ising_2d,32,15016,32,0.7502726786887206,0.2497273213112794,mpo_contract_compress,1,1.0000000000000002,-1.4477308241112041e-13,1.000000000000145,56,5.6000000000000005
circuit-infidelity-until-saturation-v2,ising_2d,32,15016,32,0.0021769515847968888,0.9978230484152031,tebd_swap,1,0.9999999999999999,-1.4510614931850796e-13,1.000000000000145,56,5.6000000000000005
circuit-infidelity-until-saturation-v2,ising_2d,32,15016,32,0.9263127188849415,0.07368728111505851,gate_local_2tdvp,2,0.9999999999999991,-1.467714838554457e-13,1.0000000000001459,57,5.7
circuit-infidelity-until-saturation-v2,ising_2d,32,15016,32,0.7467937626788284,0.25320623732117165,mpo_contract_compress,1,1.0000000000000009,-1.4499512701604544e-13,1.0000000000001459,57,5.7
circuit-infidelity-until-saturation-v2,ising_2d,32,15016,32,0.002975940653090391,0.9970240593469096,tebd_swap,1,1.0,-1.4588330543574557e-13,1.0000000000001459,57,5.7
circuit-infidelity-until-saturation-v2,ising_2d,32,15016,32,0.9248694109458979,0.07513058905410208,gate_local_2tdvp,2,0.9999999999999984,-1.5143442055887135e-13,1.0000000000001499,58,5.800000000000001
circuit-infidelity-until-saturation-v2,ising_2d,32,15016,32,0.7429716714918937,0.2570283285081063,mpo_contract_compress,1,0.9999999999999999,-1.4999113062685865e-13,1.0000000000001499,58,5.800000000000001
circuit-infidelity-until-saturation-v2,ising_2d,32,15016,32,0.0033017822259672983,0.9966982177740327,tebd_swap,1,1.0000000000000004,-1.4943601911454607e-13,1.0000000000001499,58,5.800000000000001
circuit-infidelity-until-saturation-v2,ising_2d,32,15016,32,0.9234324243216544,0.0765675756783456,gate_local_2tdvp,2,1.0000000000000002,-1.5232259897857148e-13,1.0000000000001525,59,5.9
circuit-infidelity-until-saturation-v2,ising_2d,32,15016,32,0.7388748771296294,0.2611251228703706,mpo_contract_compress,1,0.9999999999999984,-1.5409895581797173e-13,1.0000000000001525,59,5.9
circuit-infidelity-until-saturation-v2,ising_2d,32,15016,32,0.00385669736659602,0.996143302633404,tebd_swap,1,1.0,-1.525446435834965e-13,1.0000000000001525,59,5.9
circuit-infidelity-until-saturation-v2,ising_2d,32,15016,32,0.9221968761976861,0.07780312380231391,gate_local_2tdvp,2,1.0000000000000004,-1.5432100042289676e-13,1.0000000000001548,60,6.0
circuit-infidelity-until-saturation-v2,ising_2d,32,15016,32,0.7346907390888966,0.2653092609111034,mpo_contract_compress,1,1.0000000000000013,-1.5343282200319663e-13,1.0000000000001548,60,6.0
circuit-infidelity-until-saturation-v2,ising_2d,32,15016,32,0.005371209783294064,0.9946287902167059,tebd_swap,1,1.0000000000000009,-1.538769112130467e-13,1.0000000000001548,60,6.0
circuit-infidelity-until-saturation-v2,ising_2d,32,15016,32,0.9211789878218347,0.07882101217816528,gate_local_2tdvp,2,0.9999999999999977,-1.5976109324356003e-13,1.0000000000001574,61,6.1000000000000005
circuit-infidelity-until-saturation-v2,ising_2d,32,15016,32,0.7303398922270304,0.26966010777296956,mpo_contract_compress,1,1.0,-1.574296248918472e-13,1.0000000000001574,61,6.1000000000000005
circuit-infidelity-until-saturation-v2,ising_2d,32,15016,32,0.004584886914254491,0.9954151130857455,tebd_swap,1,1.0000000000000002,-1.5720758028692217e-13,1.0000000000001574,61,6.1000000000000005
circuit-infidelity-until-saturation-v2,ising_2d,32,15016,32,0.9201752538418442,0.07982474615815582,gate_local_2tdvp,2,0.9999999999999994,-1.6131540547803525e-13,1.0000000000001608,62,6.2
circuit-infidelity-until-saturation-v2,ising_2d,32,15016,32,0.7253941375404231,0.27460586245957685,mpo_contract_compress,1,0.9999999999999993,-1.6142642778049776e-13,1.0000000000001608,62,6.2
circuit-infidelity-until-saturation-v2,ising_2d,32,15016,32,0.00489189451910414,0.9951081054808959,tebd_swap,1,1.0000000000000007,-1.6009416015094757e-13,1.0000000000001608,62,6.2
circuit-infidelity-until-saturation-v2,ising_2d,32,15016,32,0.9190055128238118,0.08099448717618818,gate_local_2tdvp,2,0.9999999999999999,-1.6353585152728556e-13,1.0000000000001634,63,6.300000000000001
circuit-infidelity-until-saturation-v2,ising_2d,32,15016,32,0.7199458729769882,0.2800541270230118,mpo_contract_compress,1,1.0,-1.6342482922482304e-13,1.0000000000001634,63,6.300000000000001
circuit-infidelity-until-saturation-v2,ising_2d,32,15016,32,0.004523503309697898,0.9954764966903021,tebd_swap,1,1.0000000000000004,-1.6298074001497298e-13,1.0000000000001634,63,6.300000000000001
circuit-infidelity-until-saturation-v2,ising_2d,32,15016,32,0.9176785243437899,0.08232147565621006,gate_local_2tdvp,2,1.0,-1.6364687382974807e-13,1.0000000000001636,64,6.4
circuit-infidelity-until-saturation-v2,ising_2d,32,15016,32,0.7151835021624383,0.2848164978375617,mpo_contract_compress,1,1.0000000000000002,-1.6342482922482304e-13,1.0000000000001636,64,6.4
circuit-infidelity-until-saturation-v2,ising_2d,32,15016,32,0.0035831826569477357,0.9964168173430523,tebd_swap,1,0.9999999999999998,-1.638689184346731e-13,1.0000000000001636,64,6.4
circuit-infidelity-until-saturation-v2,ising_2d,32,15016,32,0.9162961260500698,0.08370387394993017,gate_local_2tdvp,2,1.0000000000000007,-1.674216321134736e-13,1.000000000000168,65,6.5
circuit-infidelity-until-saturation-v2,ising_2d,32,15016,32,0.7119286075572415,0.2880713924427585,mpo_contract_compress,1,0.9999999999999984,-1.6964207816272392e-13,1.000000000000168,65,6.5
circuit-infidelity-until-saturation-v2,ising_2d,32,15016,32,0.004148940998552367,0.9958510590014477,tebd_swap,1,1.0,-1.680877659282487e-13,1.000000000000168,65,6.5
circuit-infidelity-until-saturation-v2,ising_2d,32,15016,32,0.9150355388353162,0.08496446116468381,gate_local_2tdvp,2,1.0000000000000007,-1.694200335577989e-13,1.00000000000017,66,6.6000000000000005
circuit-infidelity-until-saturation-v2,ising_2d,32,15016,32,0.7097093550096982,0.29029064499030177,mpo_contract_compress,1,1.0,-1.7008616737257398e-13,1.00000000000017,66,6.6000000000000005
circuit-infidelity-until-saturation-v2,ising_2d,32,15016,32,0.004341508740311494,0.9956584912596885,tebd_swap,1,1.0000000000000004,-1.6964207816272392e-13,1.00000000000017,66,6.6000000000000005
circuit-infidelity-until-saturation-v2,ising_2d,32,15016,32,0.9139984244663656,0.08600157553363441,gate_local_2tdvp,2,1.0000000000000022,-1.7186252421197423e-13,1.000000000000174,67,6.7
circuit-infidelity-until-saturation-v2,ising_2d,32,15016,32,0.70755333725342,0.29244666274658004,mpo_contract_compress,1,0.9999999999999984,-1.7563728249569976e-13,1.000000000000174,67,6.7
circuit-infidelity-until-saturation-v2,ising_2d,32,15016,32,0.004452315320695762,0.9955476846793042,tebd_swap,1,1.000000000000001,-1.729727472365994e-13,1.000000000000174,67,6.7
circuit-infidelity-until-saturation-v2,ising_2d,32,15016,32,0.9131025632078879,0.08689743679211215,gate_local_2tdvp,2,1.0000000000000027,-1.7785772854495008e-13,1.0000000000001805,68,6.800000000000001
circuit-infidelity-until-saturation-v2,ising_2d,32,15016,32,0.7053492621948664,0.2946507378051336,mpo_contract_compress,1,1.0000000000000013,-1.7918999617450027e-13,1.0000000000001805,68,6.800000000000001
circuit-infidelity-until-saturation-v2,ising_2d,32,15016,32,0.004811871940598194,0.9951881280594018,tebd_swap,1,0.9999999999999994,-1.8107737531636303e-13,1.0000000000001805,68,6.800000000000001
circuit-infidelity-until-saturation-v2,ising_2d,32,15016,32,0.9122168949925614,0.08778310500743858,gate_local_2tdvp,2,1.0000000000000004,-1.780797731498751e-13,1.0000000000001785,69,6.9
circuit-infidelity-until-saturation-v2,ising_2d,32,15016,32,0.7034299469046089,0.2965700530953911,mpo_contract_compress,1,1.0000000000000013,-1.7719159473017498e-13,1.0000000000001785,69,6.9
circuit-infidelity-until-saturation-v2,ising_2d,32,15016,32,0.00548448878879122,0.9945155112112087,tebd_swap,1,1.0,-1.7852386235972517e-13,1.0000000000001785,69,6.9
circuit-infidelity-until-saturation-v2,ising_2d,32,15016,32,0.9111784004405388,0.08882159955946123,gate_local_2tdvp,2,1.0000000000000018,-1.7896795156957523e-13,1.0000000000001807,70,7.0
circuit-infidelity-until-saturation-v2,ising_2d,32,15016,32,0.701640211952735,0.29835978804726504,mpo_contract_compress,1,0.9999999999999996,-1.8118839761882555e-13,1.0000000000001807,70,7.0
circuit-infidelity-until-saturation-v2,ising_2d,32,15016,32,0.006167868525135187,0.9938321314748648,tebd_swap,1,1.0000000000000007,-1.800781745942004e-13,1.0000000000001807,70,7.0
circuit-infidelity-until-saturation-v2,ising_2d,32,15016,32,0.9099160055377336,0.09008399446226645,gate_local_2tdvp,2,0.9999999999999999,-1.8485213360008856e-13,1.0000000000001847,71,7.1000000000000005
circuit-infidelity-until-saturation-v2,ising_2d,32,15016,32,0.6991443921929862,0.3008556078070138,mpo_contract_compress,1,1.0000000000000016,-1.8318679906315083e-13,1.0000000000001847,71,7.1000000000000005
circuit-infidelity-until-saturation-v2,ising_2d,32,15016,32,0.006788528496046761,0.9932114715039533,tebd_swap,1,1.0000000000000002,-1.8451906669270102e-13,1.0000000000001847,71,7.1000000000000005
circuit-infidelity-until-saturation-v2,ising_2d,32,15016,32,0.9086308252124474,0.09136917478755258,gate_local_2tdvp,2,1.0000000000000007,-1.865174681370263e-13,1.0000000000001872,72,7.2
circuit-infidelity-until-saturation-v2,ising_2d,32,15016,32,0.6954948438244827,0.3045051561755173,mpo_contract_compress,1,0.9999999999999999,-1.872946242542639e-13,1.0000000000001872,72,7.2
circuit-infidelity-until-saturation-v2,ising_2d,32,15016,32,0.0077486036724946335,0.9922513963275054,tebd_swap,1,1.0000000000000002,-1.8696155734687636e-13,1.0000000000001872,72,7.2
circuit-infidelity-until-saturation-v2,ising_2d,32,15016,32,0.9074764739551253,0.09252352604487468,gate_local_2tdvp,2,1.0000000000000013,-1.8918200339612667e-13,1.0000000000001905,73,7.300000000000001
circuit-infidelity-until-saturation-v2,ising_2d,32,15016,32,0.690848053286704,0.30915194671329604,mpo_contract_compress,1,0.9999999999999983,-1.921796055626146e-13,1.0000000000001905,73,7.300000000000001
circuit-infidelity-until-saturation-v2,ising_2d,32,15016,32,0.008576899721971823,0.9914231002780282,tebd_swap,1,1.0000000000000004,-1.900701818158268e-13,1.0000000000001905,73,7.300000000000001
circuit-infidelity-until-saturation-v2,ising_2d,32,15016,32,0.9063075654864167,0.09369243451358333,gate_local_2tdvp,2,1.0000000000000004,-1.9317880628477724e-13,1.0000000000001936,74,7.4
circuit-infidelity-until-saturation-v2,ising_2d,32,15016,32,0.6859303771149166,0.31406962288508344,mpo_contract_compress,1,0.9999999999999996,-1.9406698470447736e-13,1.0000000000001936,74,7.4
circuit-infidelity-until-saturation-v2,ising_2d,32,15016,32,0.00957732461802359,0.9904226753819764,tebd_swap,1,0.999999999999999,-1.9462209621678994e-13,1.0000000000001936,74,7.4
circuit-infidelity-until-saturation-v2,heisenberg_2d,32,32,1,1.0,0.0,gate_local_2tdvp,2,1.0,0.0,1.0,0,0.0
circuit-infidelity-until-saturation-v2,heisenberg_2d,32,32,1,1.0,0.0,mpo_contract_compress,1,1.0,0.0,1.0,0,0.0
circuit-infidelity-until-saturation-v2,heisenberg_2d,32,32,1,1.0,0.0,tebd_swap,1,1.0,0.0,1.0,0,0.0
circuit-infidelity-until-saturation-v2,heisenberg_2d,32,15016,32,0.9823242713981609,0.01767572860183908,gate_local_2tdvp,2,0.999999999999998,-7.549516567451064e-15,1.0000000000000056,1,0.1
circuit-infidelity-until-saturation-v2,heisenberg_2d,32,15016,32,0.999133418697543,0.0008665813024569813,mpo_contract_compress,1,1.0000000000000009,-4.6629367034256575e-15,1.0000000000000056,1,0.1
circuit-infidelity-until-saturation-v2,heisenberg_2d,32,15016,32,0.7937041185767658,0.20629588142323418,tebd_swap,1,1.0000000000000009,-4.6629367034256575e-15,1.0000000000000056,1,0.1
circuit-infidelity-until-saturation-v2,heisenberg_2d,32,15016,32,0.9804646323185007,0.019535367681499327,gate_local_2tdvp,2,1.0000000000000007,-9.103828801926284e-15,1.0000000000000098,2,0.2
circuit-infidelity-until-saturation-v2,heisenberg_2d,32,15016,32,0.9894679798321416,0.01053202016785837,mpo_contract_compress,1,1.0000000000000004,-9.325873406851315e-15,1.0000000000000098,2,0.2
circuit-infidelity-until-saturation-v2,heisenberg_2d,32,15016,32,0.4300060533643748,0.5699939466356252,tebd_swap,1,0.9999999999999994,-1.0325074129013956e-14,1.0000000000000098,2,0.2
circuit-infidelity-until-saturation-v2,heisenberg_2d,32,15016,32,0.9608953922183021,0.03910460778169789,gate_local_2tdvp,2,1.0000000000000013,-1.4432899320127035e-14,1.0000000000000158,3,0.30000000000000004
circuit-infidelity-until-saturation-v2,heisenberg_2d,32,15016,32,0.9396888115512263,0.0603111884487737,mpo_contract_compress,1,1.0,-1.5765166949677223e-14,1.0000000000000158,3,0.30000000000000004
circuit-infidelity-until-saturation-v2,heisenberg_2d,32,15016,32,0.21078318028995527,0.7892168197100448,tebd_swap,1,1.0000000000000009,-1.4876988529977098e-14,1.0000000000000158,3,0.30000000000000004
circuit-infidelity-until-saturation-v2,heisenberg_2d,32,15016,32,0.9030642742915665,0.09693572570843345,gate_local_2tdvp,2,0.9999999999999994,-2.0761170560490427e-14,1.0000000000000202,4,0.4
circuit-infidelity-until-saturation-v2,heisenberg_2d,32,15016,32,0.8341038851903334,0.1658961148096666,mpo_contract_compress,1,0.9999999999999999,-2.0317081350640365e-14,1.0000000000000202,4,0.4
circuit-infidelity-until-saturation-v2,heisenberg_2d,32,15016,32,0.11375120030776335,0.8862487996922367,tebd_swap,1,1.0000000000000002,-1.9984014443252818e-14,1.0000000000000202,4,0.4
circuit-infidelity-until-saturation-v2,heisenberg_2d,32,15016,32,0.8263251839930957,0.17367481600690426,gate_local_2tdvp,2,1.0,-2.531308496145357e-14,1.0000000000000253,5,0.5
circuit-infidelity-until-saturation-v2,heisenberg_2d,32,15016,32,0.7143001769613355,0.2856998230386645,mpo_contract_compress,1,0.9999999999999996,-2.5757174171303632e-14,1.0000000000000253,5,0.5
circuit-infidelity-until-saturation-v2,heisenberg_2d,32,15016,32,0.05885841896976838,0.9411415810302316,tebd_swap,1,1.0000000000000002,-2.5091040356528538e-14,1.0000000000000253,5,0.5
circuit-infidelity-until-saturation-v2,heisenberg_2d,32,15016,32,0.7528449893147189,0.24715501068528112,gate_local_2tdvp,2,1.0000000000000002,-2.9976021664879227e-14,1.0000000000000302,6,0.6000000000000001
circuit-infidelity-until-saturation-v2,heisenberg_2d,32,15016,32,0.6149342074630829,0.3850657925369171,mpo_contract_compress,1,0.9999999999999987,-3.1530333899354446e-14,1.0000000000000302,6,0.6000000000000001
circuit-infidelity-until-saturation-v2,heisenberg_2d,32,15016,32,0.03319394088696012,0.9668060591130399,tebd_swap,1,0.9999999999999999,-3.0309088572266774e-14,1.0000000000000302,6,0.6000000000000001
circuit-infidelity-until-saturation-v2,heisenberg_2d,32,15016,32,0.6917258977020362,0.3082741022979638,gate_local_2tdvp,2,1.0000000000000002,-3.530509218307998e-14,1.0000000000000355,7,0.7000000000000001
circuit-infidelity-until-saturation-v2,heisenberg_2d,32,15016,32,0.5377563754419831,0.46224362455801693,mpo_contract_compress,1,0.9999999999999973,-3.8191672047105385e-14,1.0000000000000355,7,0.7000000000000001
circuit-infidelity-until-saturation-v2,heisenberg_2d,32,15016,32,0.02093216959934543,0.9790678304006546,tebd_swap,1,0.9999999999999996,-3.597122599785507e-14,1.0000000000000355,7,0.7000000000000001
circuit-infidelity-until-saturation-v2,heisenberg_2d,32,15016,32,0.647251071389315,0.35274892861068496,gate_local_2tdvp,2,1.0000000000000029,-3.8413716652030416e-14,1.0000000000000413,8,0.8
circuit-infidelity-until-saturation-v2,heisenberg_2d,32,15016,32,0.4879460705634763,0.5120539294365237,mpo_contract_compress,1,0.9999999999999949,-4.6407322429331543e-14,1.0000000000000413,8,0.8
circuit-infidelity-until-saturation-v2,heisenberg_2d,32,15016,32,0.013919944649305195,0.9860800553506948,tebd_swap,1,1.0000000000000002,-4.107825191113079e-14,1.0000000000000413,8,0.8
circuit-infidelity-until-saturation-v2,heisenberg_2d,32,15016,32,0.6158204486964965,0.38417955130350345,gate_local_2tdvp,2,1.0000000000000004,-4.551914400963142e-14,1.000000000000046,9,0.9
circuit-infidelity-until-saturation-v2,heisenberg_2d,32,15016,32,0.4561893892908578,0.5438106107091423,mpo_contract_compress,1,0.9999999999999938,-5.218048215738236e-14,1.000000000000046,9,0.9
circuit-infidelity-until-saturation-v2,heisenberg_2d,32,15016,32,0.010660257165167018,0.989339742834833,tebd_swap,1,1.0,-4.596323321948148e-14,1.000000000000046,9,0.9
circuit-infidelity-until-saturation-v2,heisenberg_2d,32,15016,32,0.5849156066903418,0.4150843933096582,gate_local_2tdvp,2,1.0,-5.129230373768223e-14,1.0000000000000513,10,1.0
circuit-infidelity-until-saturation-v2,heisenberg_2d,32,15016,32,0.42747525093718275,0.5725247490628173,mpo_contract_compress,1,0.9999999999999918,-5.950795411990839e-14,1.0000000000000513,10,1.0
circuit-infidelity-until-saturation-v2,heisenberg_2d,32,15016,32,0.00878117605339748,0.9912188239466025,tebd_swap,1,1.0000000000000009,-5.040412531798211e-14,1.0000000000000513,10,1.0
circuit-infidelity-until-saturation-v2,heisenberg_2d,32,15016,32,0.5578527468683218,0.44214725313167824,gate_local_2tdvp,2,0.9999999999999994,-5.67323965583455e-14,1.0000000000000562,11,1.1
circuit-infidelity-until-saturation-v2,heisenberg_2d,32,15016,32,0.402826907031666,0.597173092968334,mpo_contract_compress,1,0.9999999999999931,-6.306066779870889e-14,1.0000000000000562,11,1.1
circuit-infidelity-until-saturation-v2,heisenberg_2d,32,15016,32,0.008080086743259869,0.9919199132567401,tebd_swap,1,1.0000000000000002,-5.595524044110789e-14,1.0000000000000562,11,1.1
circuit-infidelity-until-saturation-v2,heisenberg_2d,32,15016,32,0.5340603827629001,0.46593961723709987,gate_local_2tdvp,2,1.0000000000000002,-6.17284001691587e-14,1.000000000000062,12,1.2000000000000002
circuit-infidelity-until-saturation-v2,heisenberg_2d,32,15016,32,0.3833299333914689,0.6166700666085311,mpo_contract_compress,1,0.9999999999999964,-6.550315845288424e-14,1.000000000000062,12,1.2000000000000002
circuit-infidelity-until-saturation-v2,heisenberg_2d,32,15016,32,0.006592861824744789,0.9934071381752552,tebd_swap,1,0.9999999999999999,-6.206146707654625e-14,1.000000000000062,12,1.2000000000000002
circuit-infidelity-until-saturation-v2,heisenberg_2d,32,15016,32,0.5139730571013669,0.48602694289863313,gate_local_2tdvp,2,1.0000000000000004,-6.639133687258436e-14,1.0000000000000668,13,1.3
circuit-infidelity-until-saturation-v2,heisenberg_2d,32,15016,32,0.3676248026621583,0.6323751973378418,mpo_contract_compress,1,0.9999999999999968,-7.005507285384738e-14,1.0000000000000668,13,1.3
circuit-infidelity-until-saturation-v2,heisenberg_2d,32,15016,32,0.00553926137864291,0.9944607386213571,tebd_swap,1,1.0,-6.683542608243442e-14,1.0000000000000668,13,1.3
circuit-infidelity-until-saturation-v2,heisenberg_2d,32,15016,32,0.5000879705356269,0.4999120294643731,gate_local_2tdvp,2,0.9999999999999994,-7.16093850883226e-14,1.000000000000071,14,1.4000000000000001
circuit-infidelity-until-saturation-v2,heisenberg_2d,32,15016,32,0.357984591783334,0.642015408216666,mpo_contract_compress,1,0.9999999999999969,-7.416289804496046e-14,1.000000000000071,14,1.4000000000000001
circuit-infidelity-until-saturation-v2,heisenberg_2d,32,15016,32,0.0039018635090904558,0.9960981364909095,tebd_swap,1,1.0000000000000009,-7.016609515630989e-14,1.000000000000071,14,1.4000000000000001
circuit-infidelity-until-saturation-v2,heisenberg_2d,32,15016,32,0.48833247321001305,0.511667526789987,gate_local_2tdvp,2,1.0000000000000009,-7.482903185973555e-14,1.0000000000000757,15,1.5
circuit-infidelity-until-saturation-v2,heisenberg_2d,32,15016,32,0.3558013765950901,0.64419862340491,mpo_contract_compress,1,0.9999999999999979,-7.782663402622347e-14,1.0000000000000757,15,1.5
circuit-infidelity-until-saturation-v2,heisenberg_2d,32,15016,32,0.0022051331453409517,0.997794866854659,tebd_swap,1,0.9999999999999999,-7.582823258189819e-14,1.0000000000000757,15,1.5
circuit-infidelity-until-saturation-v2,heisenberg_2d,32,15016,32,0.47374561305870394,0.5262543869412961,gate_local_2tdvp,2,0.9999999999999999,-8.182343691487404e-14,1.0000000000000817,16,1.6
circuit-infidelity-until-saturation-v2,heisenberg_2d,32,15016,32,0.3549024079897345,0.6450975920102655,mpo_contract_compress,1,0.9999999999999983,-8.337774914934926e-14,1.0000000000000817,16,1.6
circuit-infidelity-until-saturation-v2,heisenberg_2d,32,15016,32,0.0016157890129901884,0.9983842109870098,tebd_swap,1,1.000000000000001,-8.060219158778636e-14,1.0000000000000817,16,1.6
circuit-infidelity-until-saturation-v2,heisenberg_2d,32,15016,32,0.4574196881014188,0.5425803118985812,gate_local_2tdvp,2,1.0000000000000007,-8.570921750106208e-14,1.0000000000000864,17,1.7000000000000002
circuit-infidelity-until-saturation-v2,heisenberg_2d,32,15016,32,0.34449046103580716,0.6555095389641928,mpo_contract_compress,1,0.9999999999999989,-8.748557434046234e-14,1.0000000000000864,17,1.7000000000000002
circuit-infidelity-until-saturation-v2,heisenberg_2d,32,15016,32,0.0019142843581557575,0.9980857156418442,tebd_swap,1,0.9999999999999998,-8.659739592076221e-14,1.0000000000000864,17,1.7000000000000002
circuit-infidelity-until-saturation-v2,heisenberg_2d,32,15016,32,0.4425266497976257,0.5574733502023743,gate_local_2tdvp,2,1.0000000000000004,-9.170442183403793e-14,1.0000000000000921,18,1.8
circuit-infidelity-until-saturation-v2,heisenberg_2d,32,15016,32,0.3270878068541019,0.6729121931458981,mpo_contract_compress,1,1.0,-9.214851104388799e-14,1.0000000000000921,18,1.8
circuit-infidelity-until-saturation-v2,heisenberg_2d,32,15016,32,0.0025534395702231146,0.9974465604297769,tebd_swap,1,0.9999999999999992,-9.29256671611256e-14,1.0000000000000921,18,1.8
circuit-infidelity-until-saturation-v2,heisenberg_2d,32,15016,32,0.4294152686555194,0.5705847313444806,gate_local_2tdvp,2,1.0000000000000009,-9.636735853746359e-14,1.0000000000000973,19,1.9000000000000001
circuit-infidelity-until-saturation-v2,heisenberg_2d,32,15016,32,0.3129005343868945,0.6870994656131055,mpo_contract_compress,1,1.0,-9.725553695716371e-14,1.0000000000000973,19,1.9000000000000001
circuit-infidelity-until-saturation-v2,heisenberg_2d,32,15016,32,0.0035764710997840577,0.9964235289002159,tebd_swap,1,0.9999999999999992,-9.803269307440132e-14,1.0000000000000973,19,1.9000000000000001
circuit-infidelity-until-saturation-v2,heisenberg_2d,32,15016,32,0.42325018378396156,0.5767498162160385,gate_local_2tdvp,2,1.0000000000000007,-1.0147438445073931e-13,1.0000000000001021,20,2.0
circuit-infidelity-until-saturation-v2,heisenberg_2d,32,15016,32,0.3058793244062922,0.6941206755937078,mpo_contract_compress,1,1.0000000000000009,-1.0125233984581428e-13,1.0000000000001021,20,2.0
circuit-infidelity-until-saturation-v2,heisenberg_2d,32,15016,32,0.004543077941458386,0.9954569220585416,tebd_swap,1,1.0000000000000009,-1.0125233984581428e-13,1.0000000000001021,20,2.0
circuit-infidelity-until-saturation-v2,heisenberg_2d,32,15016,32,0.422928900928392,0.5770710990716079,gate_local_2tdvp,2,1.000000000000001,-1.0613732115416497e-13,1.0000000000001072,21,2.1
circuit-infidelity-until-saturation-v2,heisenberg_2d,32,15016,32,0.3076753727364322,0.6923246272635678,mpo_contract_compress,1,1.0,-1.0724754417879012e-13,1.0000000000001072,21,2.1
circuit-infidelity-until-saturation-v2,heisenberg_2d,32,15016,32,0.004654681888407011,0.995345318111593,tebd_swap,1,1.0000000000000004,-1.0680345496894006e-13,1.0000000000001072,21,2.1
circuit-infidelity-until-saturation-v2,heisenberg_2d,32,15016,32,0.4172291098662591,0.582770890133741,gate_local_2tdvp,2,1.0000000000000018,-1.1080025785759062e-13,1.0000000000001126,22,2.2
circuit-infidelity-until-saturation-v2,heisenberg_2d,32,15016,32,0.30768967358540267,0.6923103264145973,mpo_contract_compress,1,1.0000000000000002,-1.1235457009206584e-13,1.0000000000001126,22,2.2
circuit-infidelity-until-saturation-v2,heisenberg_2d,32,15016,32,0.0041350877406481175,0.9958649122593519,tebd_swap,1,0.9999999999999996,-1.1302070390684094e-13,1.0000000000001126,22,2.2
circuit-infidelity-until-saturation-v2,heisenberg_2d,32,15016,32,0.4085975215145207,0.5914024784854792,gate_local_2tdvp,2,1.0000000000000002,-1.170175067954915e-13,1.0000000000001172,23,2.3000000000000003
circuit-infidelity-until-saturation-v2,heisenberg_2d,32,15016,32,0.302448806515418,0.6975511934845819,mpo_contract_compress,1,1.0000000000000004,-1.1679546219056647e-13,1.0000000000001172,23,2.3000000000000003
circuit-infidelity-until-saturation-v2,heisenberg_2d,32,15016,32,0.0037119623316727362,0.9962880376683273,tebd_swap,1,1.0000000000000002,-1.170175067954915e-13,1.0000000000001172,23,2.3000000000000003
circuit-infidelity-until-saturation-v2,heisenberg_2d,32,15016,32,0.3932061632601036,0.6067938367398964,gate_local_2tdvp,2,0.9999999999999998,-1.234568003383174e-13,1.0000000000001232,24,2.4000000000000004
circuit-infidelity-until-saturation-v2,heisenberg_2d,32,15016,32,0.2898637605831057,0.7101362394168943,mpo_contract_compress,1,1.0000000000000004,-1.2279066652354231e-13,1.0000000000001232,24,2.4000000000000004
circuit-infidelity-until-saturation-v2,heisenberg_2d,32,15016,32,0.002868984862667218,0.9971310151373328,tebd_swap,1,1.0,-1.2323475573339238e-13,1.0000000000001232,24,2.4000000000000004
circuit-infidelity-until-saturation-v2,heisenberg_2d,32,15016,32,0.3724210946951309,0.627578905304869,gate_local_2tdvp,2,1.0000000000000004,-1.2723155862204294e-13,1.0000000000001277,25,2.5
circuit-infidelity-until-saturation-v2,heisenberg_2d,32,15016,32,0.27386171421251115,0.7261382857874888,mpo_contract_compress,1,1.0000000000000004,-1.2723155862204294e-13,1.0000000000001277,25,2.5
circuit-infidelity-until-saturation-v2,heisenberg_2d,32,15016,32,0.0022147260150972977,0.9977852739849027,tebd_swap,1,1.0,-1.27675647831893e-13,1.0000000000001277,25,2.5
circuit-infidelity-until-saturation-v2,heisenberg_2d,32,15016,32,0.35763252094997394,0.642367479050026,gate_local_2tdvp,2,1.0000000000000002,-1.3233858453531866e-13,1.0000000000001326,26,2.6
circuit-infidelity-until-saturation-v2,heisenberg_2d,32,15016,32,0.268049887235694,0.731950112764306,mpo_contract_compress,1,1.0000000000000004,-1.3211653993039363e-13,1.0000000000001326,26,2.6
circuit-infidelity-until-saturation-v2,heisenberg_2d,32,15016,32,0.0018734991203275908,0.9981265008796724,tebd_swap,1,1.0000000000000007,-1.318944953254686e-13,1.0000000000001326,26,2.6
circuit-infidelity-until-saturation-v2,heisenberg_2d,32,15016,32,0.3544457250233504,0.6455542749766496,gate_local_2tdvp,2,1.0000000000000007,-1.3811174426336947e-13,1.0000000000001388,27,2.7
circuit-infidelity-until-saturation-v2,heisenberg_2d,32,15016,32,0.27261335881735005,0.72738664118265,mpo_contract_compress,1,0.9999999999999998,-1.389999226830696e-13,1.0000000000001388,27,2.7
circuit-infidelity-until-saturation-v2,heisenberg_2d,32,15016,32,0.0015350304704273862,0.9984649695295726,tebd_swap,1,0.9999999999999999,-1.3888890038060708e-13,1.0000000000001388,27,2.7
circuit-infidelity-until-saturation-v2,heisenberg_2d,32,15016,32,0.35505279781486376,0.6449472021851362,gate_local_2tdvp,2,1.0000000000000004,-1.4299672557172016e-13,1.0000000000001434,28,2.8000000000000003
circuit-infidelity-until-saturation-v2,heisenberg_2d,32,15016,32,0.27630504153208785,0.7236949584679122,mpo_contract_compress,1,1.0000000000000004,-1.4299672557172016e-13,1.0000000000001434,28,2.8000000000000003
circuit-infidelity-until-saturation-v2,heisenberg_2d,32,15016,32,0.0011417807188983027,0.9988582192811017,tebd_swap,1,0.9999999999999998,-1.4366285938649526e-13,1.0000000000001434,28,2.8000000000000003
circuit-infidelity-until-saturation-v2,heisenberg_2d,32,15016,32,0.35127691249707144,0.6487230875029286,gate_local_2tdvp,2,1.0000000000000007,-1.4788170688007085e-13,1.0000000000001485,29,2.9000000000000004
circuit-infidelity-until-saturation-v2,heisenberg_2d,32,15016,32,0.2805852127943195,0.7194147872056804,mpo_contract_compress,1,1.0000000000000004,-1.4810375148499588e-13,1.0000000000001485,29,2.9000000000000004
circuit-infidelity-until-saturation-v2,heisenberg_2d,32,15016,32,0.0009184567502752873,0.9990815432497248,tebd_swap,1,1.0000000000000009,-1.4765966227514582e-13,1.0000000000001485,29,2.9000000000000004
circuit-infidelity-until-saturation-v2,heisenberg_2d,32,15016,32,0.3442208377411356,0.6557791622588645,gate_local_2tdvp,2,1.000000000000001,-1.5232259897857148e-13,1.0000000000001534,30,3.0
circuit-infidelity-until-saturation-v2,heisenberg_2d,32,15016,32,0.2802044922989687,0.7197955077010313,mpo_contract_compress,1,1.0000000000000007,-1.5276668818842154e-13,1.0000000000001534,30,3.0
circuit-infidelity-until-saturation-v2,heisenberg_2d,32,15016,32,0.0006321044597850484,0.999367895540215,tebd_swap,1,1.0000000000000002,-1.532107773982716e-13,1.0000000000001534,30,3.0
circuit-infidelity-until-saturation-v2,heisenberg_2d,32,15016,32,0.33976971895479796,0.6602302810452021,gate_local_2tdvp,2,1.0000000000000007,-1.580957587066223e-13,1.0000000000001588,31,3.1
circuit-infidelity-until-saturation-v2,heisenberg_2d,32,15016,32,0.2763465592944239,0.7236534407055761,mpo_contract_compress,1,0.9999999999999997,-1.5909495942878493e-13,1.0000000000001588,31,3.1
circuit-infidelity-until-saturation-v2,heisenberg_2d,32,15016,32,0.0005394553269003138,0.9994605446730996,tebd_swap,1,0.9999999999999998,-1.5898393712632242e-13,1.0000000000001588,31,3.1
circuit-infidelity-until-saturation-v2,heisenberg_2d,32,15016,32,0.33473176560315915,0.6652682343968408,gate_local_2tdvp,2,1.0,-1.6364687382974807e-13,1.0000000000001636,32,3.2
circuit-infidelity-until-saturation-v2,heisenberg_2d,32,15016,32,0.2663071830747618,0.7336928169252381,mpo_contract_compress,1,1.0000000000000013,-1.6231460620019789e-13,1.0000000000001636,32,3.2
circuit-infidelity-until-saturation-v2,heisenberg_2d,32,15016,32,0.000307888699071553,0.9996921113009285,tebd_swap,1,0.9999999999999998,-1.638689184346731e-13,1.0000000000001636,32,3.2
circuit-infidelity-until-saturation-v2,heisenberg_2d,32,15016,32,0.326270748208906,0.673729251791094,gate_local_2tdvp,2,1.0000000000000002,-1.687538997430238e-13,1.000000000000169,33,3.3000000000000003
circuit-infidelity-until-saturation-v2,heisenberg_2d,32,15016,32,0.2543530294498655,0.7456469705501345,mpo_contract_compress,1,0.9999999999999999,-1.6908696665041134e-13,1.000000000000169,33,3.3000000000000003
circuit-infidelity-until-saturation-v2,heisenberg_2d,32,15016,32,0.00010264717245823826,0.9998973528275418,tebd_swap,1,0.9999999999999997,-1.6930901125533637e-13,1.000000000000169,33,3.3000000000000003
