experiment,method,gate_type,theta,q0,q1,chi_max,tdvp_substeps,sequence,gate_count,infidelity_median,infidelity_min,infidelity_max,n_seeds
A,hybrid_tdvp,rxx,0.025,2,9,16,1,,1,1.1735923344247112e-10,1.1735923344247112e-10,1.1735923344247112e-10,1
A,hybrid_tdvp,rxx,0.025,2,9,16,2,,1,2.931499487601741e-11,2.931499487601741e-11,2.931499487601741e-11,1
A,hybrid_tdvp,rxx,0.025,2,9,16,4,,1,7.319256312143807e-12,7.319256312143807e-12,7.319256312143807e-12,1
A,hybrid_tdvp,rxx,0.025,2,9,16,8,,1,1.822098028014807e-12,1.822098028014807e-12,1.822098028014807e-12,1
A,hybrid_tdvp,rxx,0.025,2,9,64,1,,1,1.1735923344247112e-10,1.1735923344247112e-10,1.1735923344247112e-10,1
A,hybrid_tdvp,rxx,0.025,2,9,64,2,,1,2.931499487601741e-11,2.931499487601741e-11,2.931499487601741e-11,1
A,hybrid_tdvp,rxx,0.025,2,9,64,4,,1,7.319256312143807e-12,7.319256312143807e-12,7.319256312143807e-12,1
A,hybrid_tdvp,rxx,0.025,2,9,64,8,,1,1.822098028014807e-12,1.822098028014807e-12,1.822098028014807e-12,1
A,hybrid_tdvp,rxx,0.025,2,9,8,1,,1,6.885800506839512e-05,6.885800506839512e-05,6.885800506839512e-05,1
A,hybrid_tdvp,rxx,0.025,2,9,8,2,,1,6.886946999318244e-05,6.886946999318244e-05,6.886946999318244e-05,1
A,hybrid_tdvp,rxx,0.025,2,9,8,4,,1,6.887646853814822e-05,6.887646853814822e-05,6.887646853814822e-05,1
A,hybrid_tdvp,rxx,0.025,2,9,8,8,,1,6.888026558327098e-05,6.888026558327098e-05,6.888026558327098e-05,1
A,hybrid_tdvp,rxx,0.05,2,9,16,1,,1,4.699116651352142e-10,4.699116651352142e-10,4.699116651352142e-10,1
A,hybrid_tdvp,rxx,0.05,2,9,16,2,,1,1.173510177920889e-10,1.173510177920889e-10,1.173510177920889e-10,1
A,hybrid_tdvp,rxx,0.05,2,9,16,4,,1,2.9321434169560234e-11,2.9321434169560234e-11,2.9321434169560234e-11,1
A,hybrid_tdvp,rxx,0.05,2,9,16,8,,1,7.301492743749805e-12,7.301492743749805e-12,7.301492743749805e-12,1
A,hybrid_tdvp,rxx,0.05,2,9,64,1,,1,4.699116651352142e-10,4.699116651352142e-10,4.699116651352142e-10,1
A,hybrid_tdvp,rxx,0.05,2,9,64,2,,1,1.173510177920889e-10,1.173510177920889e-10,1.173510177920889e-10,1
A,hybrid_tdvp,rxx,0.05,2,9,64,4,,1,2.9321434169560234e-11,2.9321434169560234e-11,2.9321434169560234e-11,1
A,hybrid_tdvp,rxx,0.05,2,9,64,8,,1,7.301492743749805e-12,7.301492743749805e-12,7.301492743749805e-12,1
A,hybrid_tdvp,rxx,0.05,2,9,8,1,,1,0.0002737367444930472,0.0002737367444930472,0.0002737367444930472,1
A,hybrid_tdvp,rxx,0.05,2,9,8,2,,1,0.0002739409003087445,0.0002739409003087445,0.0002739409003087445,1
A,hybrid_tdvp,rxx,0.05,2,9,8,4,,1,0.00027405920519030236,0.00027405920519030236,0.00027405920519030236,1
A,hybrid_tdvp,rxx,0.05,2,9,8,8,,1,0.0002741218959141367,0.0002741218959141367,0.0002741218959141367,1
A,hybrid_tdvp,rxx,0.1,2,9,16,1,,1,0.0,0.0,0.0,1
A,hybrid_tdvp,rxx,0.1,2,9,16,2,,1,4.699209910086211e-10,4.699209910086211e-10,4.699209910086211e-10,1
A,hybrid_tdvp,rxx,0.1,2,9,16,4,,1,1.1733547466974414e-10,1.1733547466974414e-10,1.1733547466974414e-10,1
A,hybrid_tdvp,rxx,0.1,2,9,16,8,,1,2.930233833353668e-11,2.930233833353668e-11,2.930233833353668e-11,1
A,hybrid_tdvp,rxx,0.1,2,9,64,1,,1,0.0,0.0,0.0,1
A,hybrid_tdvp,rxx,0.1,2,9,64,2,,1,4.699209910086211e-10,4.699209910086211e-10,4.699209910086211e-10,1
A,hybrid_tdvp,rxx,0.1,2,9,64,4,,1,1.1733547466974414e-10,1.1733547466974414e-10,1.1733547466974414e-10,1
A,hybrid_tdvp,rxx,0.1,2,9,64,8,,1,2.930233833353668e-11,2.930233833353668e-11,2.930233833353668e-11,1
A,hybrid_tdvp,rxx,0.1,2,9,8,1,,1,0.0010738649293019487,0.0010738649293019487,0.0010738649293019487,1
A,hybrid_tdvp,rxx,0.1,2,9,8,2,,1,0.0010773574919471507,0.0010773574919471507,0.0010773574919471507,1
A,hybrid_tdvp,rxx,0.1,2,9,8,4,,1,0.0010792441326319402,0.0010792441326319402,0.0010792441326319402,1
A,hybrid_tdvp,rxx,0.1,2,9,8,8,,1,0.0010802127063874734,0.0010802127063874734,0.0010802127063874734,1
A,hybrid_tdvp,rxx,0.2,2,9,16,1,,1,0.0,0.0,0.0,1
A,hybrid_tdvp,rxx,0.2,2,9,16,2,,1,0.0,0.0,0.0,1
A,hybrid_tdvp,rxx,0.2,2,9,16,4,,1,4.698930133884005e-10,4.698930133884005e-10,4.698930133884005e-10,1
A,hybrid_tdvp,rxx,0.2,2,9,16,8,,1,1.1730594273728912e-10,1.1730594273728912e-10,1.1730594273728912e-10,1
A,hybrid_tdvp,rxx,0.2,2,9,64,1,,1,0.0,0.0,0.0,1
A,hybrid_tdvp,rxx,0.2,2,9,64,2,,1,0.0,0.0,0.0,1
A,hybrid_tdvp,rxx,0.2,2,9,64,4,,1,4.698930133884005e-10,4.698930133884005e-10,4.698930133884005e-10,1
A,hybrid_tdvp,rxx,0.2,2,9,64,8,,1,1.1730594273728912e-10,1.1730594273728912e-10,1.1730594273728912e-10,1
A,hybrid_tdvp,rxx,0.2,2,9,8,1,,1,0.0040391829726272865,0.0040391829726272865,0.0040391829726272865,1
A,hybrid_tdvp,rxx,0.2,2,9,8,2,,1,0.0040978289938437,0.0040978289938437,0.0040978289938437,1
A,hybrid_tdvp,rxx,0.2,2,9,8,4,,1,0.004125500678112681,0.004125500678112681,0.004125500678112681,1
A,hybrid_tdvp,rxx,0.2,2,9,8,8,,1,0.004139003195776203,0.004139003195776203,0.004139003195776203,1
A,hybrid_tdvp,ryy,0.025,2,9,16,1,,1,0.0,0.0,0.0,1
A,hybrid_tdvp,ryy,0.025,2,9,16,2,,1,8.193912215403998e-11,8.193912215403998e-11,8.193912215403998e-11,1
A,hybrid_tdvp,ryy,0.025,2,9,16,4,,1,2.0470292128038636e-11,2.0470292128038636e-11,2.0470292128038636e-11,1
A,hybrid_tdvp,ryy,0.025,2,9,16,8,,1,5.114575429843171e-12,5.114575429843171e-12,5.114575429843171e-12,1
A,hybrid_tdvp,ryy,0.025,2,9,64,1,,1,0.0,0.0,0.0,1
A,hybrid_tdvp,ryy,0.025,2,9,64,2,,1,8.193912215403998e-11,8.193912215403998e-11,8.193912215403998e-11,1
A,hybrid_tdvp,ryy,0.025,2,9,64,4,,1,2.0470292128038636e-11,2.0470292128038636e-11,2.0470292128038636e-11,1
A,hybrid_tdvp,ryy,0.025,2,9,64,8,,1,5.114575429843171e-12,5.114575429843171e-12,5.114575429843171e-12,1
A,hybrid_tdvp,ryy,0.025,2,9,8,1,,1,7.978525790730551e-05,7.978525790730551e-05,7.978525790730551e-05,1
A,hybrid_tdvp,ryy,0.025,2,9,8,2,,1,7.980366723381316e-05,7.980366723381316e-05,7.980366723381316e-05,1
A,hybrid_tdvp,ryy,0.025,2,9,8,4,,1,7.981516289712332e-05,7.981516289712332e-05,7.981516289712332e-05,1
A,hybrid_tdvp,ryy,0.025,2,9,8,8,,1,7.98214873100056e-05,7.98214873100056e-05,7.98214873100056e-05,1
A,hybrid_tdvp,ryy,0.05,2,9,16,1,,1,0.0,0.0,0.0,1
A,hybrid_tdvp,ryy,0.05,2,9,16,2,,1,5.773159728050814e-15,5.773159728050814e-15,5.773159728050814e-15,1
A,hybrid_tdvp,ryy,0.05,2,9,16,4,,1,8.192535538853463e-11,8.192535538853463e-11,8.192535538853463e-11,1
A,hybrid_tdvp,ryy,0.05,2,9,16,8,,1,2.0472512574087887e-11,2.0472512574087887e-11,2.0472512574087887e-11,1
A,hybrid_tdvp,ryy,0.05,2,9,64,1,,1,0.0,0.0,0.0,1
A,hybrid_tdvp,ryy,0.05,2,9,64,2,,1,5.773159728050814e-15,5.773159728050814e-15,5.773159728050814e-15,1
A,hybrid_tdvp,ryy,0.05,2,9,64,4,,1,8.192535538853463e-11,8.192535538853463e-11,8.192535538853463e-11,1
A,hybrid_tdvp,ryy,0.05,2,9,64,8,,1,2.0472512574087887e-11,2.0472512574087887e-11,2.0472512574087887e-11,1
A,hybrid_tdvp,ryy,0.05,2,9,8,1,,1,0.0003185140922913332,0.0003185140922913332,0.0003185140922913332,1
A,hybrid_tdvp,ryy,0.05,2,9,8,2,,1,0.000318823361956877,0.000318823361956877,0.000318823361956877,1
A,hybrid_tdvp,ryy,0.05,2,9,8,4,,1,0.0003190104804561278,0.0003190104804561278,0.0003190104804561278,1
A,hybrid_tdvp,ryy,0.05,2,9,8,8,,1,0.000319112148358891,0.000319112148358891,0.000319112148358891,1
A,hybrid_tdvp,ryy,0.1,2,9,16,1,,1,1.3322676295501878e-15,1.3322676295501878e-15,1.3322676295501878e-15,1
A,hybrid_tdvp,ryy,0.1,2,9,16,2,,1,4.440892098500626e-16,4.440892098500626e-16,4.440892098500626e-16,1
A,hybrid_tdvp,ryy,0.1,2,9,16,4,,1,0.0,0.0,0.0,1
A,hybrid_tdvp,ryy,0.1,2,9,16,8,,1,8.18833889582038e-11,8.18833889582038e-11,8.18833889582038e-11,1
A,hybrid_tdvp,ryy,0.1,2,9,64,1,,1,1.3322676295501878e-15,1.3322676295501878e-15,1.3322676295501878e-15,1
A,hybrid_tdvp,ryy,0.1,2,9,64,2,,1,4.440892098500626e-16,4.440892098500626e-16,4.440892098500626e-16,1
A,hybrid_tdvp,ryy,0.1,2,9,64,4,,1,0.0,0.0,0.0,1
A,hybrid_tdvp,ryy,0.1,2,9,64,8,,1,8.18833889582038e-11,8.18833889582038e-11,8.18833889582038e-11,1
A,hybrid_tdvp,ryy,0.1,2,9,8,1,,1,0.0012449569523014237,0.0012449569523014237,0.0012449569523014237,1
A,hybrid_tdvp,ryy,0.1,2,9,8,2,,1,0.0012514557237768287,0.0012514557237768287,0.0012514557237768287,1
A,hybrid_tdvp,ryy,0.1,2,9,8,4,,1,0.0012548912064218598,0.0012548912064218598,0.0012548912064218598,1
A,hybrid_tdvp,ryy,0.1,2,9,8,8,,1,0.0012566579685366897,0.0012566579685366897,0.0012566579685366897,1
A,hybrid_tdvp,ryy,0.2,2,9,16,1,,1,0.0,0.0,0.0,1
A,hybrid_tdvp,ryy,0.2,2,9,16,2,,1,0.0,0.0,0.0,1
A,hybrid_tdvp,ryy,0.2,2,9,16,4,,1,0.0,0.0,0.0,1
A,hybrid_tdvp,ryy,0.2,2,9,16,8,,1,0.0,0.0,0.0,1
A,hybrid_tdvp,ryy,0.2,2,9,64,1,,1,0.0,0.0,0.0,1
A,hybrid_tdvp,ryy,0.2,2,9,64,2,,1,0.0,0.0,0.0,1
A,hybrid_tdvp,ryy,0.2,2,9,64,4,,1,0.0,0.0,0.0,1
A,hybrid_tdvp,ryy,0.2,2,9,64,8,,1,0.0,0.0,0.0,1
A,hybrid_tdvp,ryy,0.2,2,9,8,1,,1,0.004343033797991502,0.004343033797991502,0.004343033797991502,1
A,hybrid_tdvp,ryy,0.2,2,9,8,2,,1,0.004522667424727289,0.004522667424727289,0.004522667424727289,1
A,hybrid_tdvp,ryy,0.2,2,9,8,4,,1,0.004597455647526116,0.004597455647526116,0.004597455647526116,1
A,hybrid_tdvp,ryy,0.2,2,9,8,8,,1,0.004632029224674761,0.004632029224674761,0.004632029224674761,1
A,hybrid_tdvp,rzz,0.025,2,9,16,1,,1,5.823563853368796e-11,5.823563853368796e-11,5.823563853368796e-11,1
A,hybrid_tdvp,rzz,0.025,2,9,16,2,,1,1.4529710767874349e-11,1.4529710767874349e-11,1.4529710767874349e-11,1
A,hybrid_tdvp,rzz,0.025,2,9,16,4,,1,3.6268765768454614e-12,3.6268765768454614e-12,3.6268765768454614e-12,1
A,hybrid_tdvp,rzz,0.025,2,9,16,8,,1,8.757439218243235e-13,8.757439218243235e-13,8.757439218243235e-13,1
A,hybrid_tdvp,rzz,0.025,2,9,64,1,,1,5.823563853368796e-11,5.823563853368796e-11,5.823563853368796e-11,1
A,hybrid_tdvp,rzz,0.025,2,9,64,2,,1,1.4529710767874349e-11,1.4529710767874349e-11,1.4529710767874349e-11,1
A,hybrid_tdvp,rzz,0.025,2,9,64,4,,1,3.6268765768454614e-12,3.6268765768454614e-12,3.6268765768454614e-12,1
A,hybrid_tdvp,rzz,0.025,2,9,64,8,,1,8.757439218243235e-13,8.757439218243235e-13,8.757439218243235e-13,1
A,hybrid_tdvp,rzz,0.025,2,9,8,1,,1,9.901454446703539e-05,9.901454446703539e-05,9.901454446703539e-05,1
A,hybrid_tdvp,rzz,0.025,2,9,8,2,,1,9.90316582468731e-05,9.90316582468731e-05,9.90316582468731e-05,1
A,hybrid_tdvp,rzz,0.025,2,9,8,4,,1,9.904197224541722e-05,9.904197224541722e-05,9.904197224541722e-05,1
A,hybrid_tdvp,rzz,0.025,2,9,8,8,,1,9.904756303236173e-05,9.904756303236173e-05,9.904756303236173e-05,1
A,hybrid_tdvp,rzz,0.05,2,9,16,1,,1,0.0,0.0,0.0,1
A,hybrid_tdvp,rzz,0.05,2,9,16,2,,1,5.823763693513229e-11,5.823763693513229e-11,5.823763693513229e-11,1
A,hybrid_tdvp,rzz,0.05,2,9,16,4,,1,1.45345957491827e-11,1.45345957491827e-11,1.45345957491827e-11,1
A,hybrid_tdvp,rzz,0.05,2,9,16,8,,1,3.6350922272276875e-12,3.6350922272276875e-12,3.6350922272276875e-12,1
A,hybrid_tdvp,rzz,0.05,2,9,64,1,,1,0.0,0.0,0.0,1
A,hybrid_tdvp,rzz,0.05,2,9,64,2,,1,5.823763693513229e-11,5.823763693513229e-11,5.823763693513229e-11,1
A,hybrid_tdvp,rzz,0.05,2,9,64,4,,1,1.45345957491827e-11,1.45345957491827e-11,1.45345957491827e-11,1
A,hybrid_tdvp,rzz,0.05,2,9,64,8,,1,3.6350922272276875e-12,3.6350922272276875e-12,3.6350922272276875e-12,1
A,hybrid_tdvp,rzz,0.05,2,9,8,1,,1,0.00039480613211362314,0.00039480613211362314,0.00039480613211362314,1
A,hybrid_tdvp,rzz,0.05,2,9,8,2,,1,0.00039512707706057526,0.00039512707706057526,0.00039512707706057526,1
A,hybrid_tdvp,rzz,0.05,2,9,8,4,,1,0.0003953098554629886,0.0003953098554629886,0.0003953098554629886,1
A,hybrid_tdvp,rzz,0.05,2,9,8,8,,1,0.00039540650411296063,0.00039540650411296063,0.00039540650411296063,1
A,hybrid_tdvp,rzz,0.1,2,9,16,1,,1,8.881784197001252e-16,8.881784197001252e-16,8.881784197001252e-16,1
A,hybrid_tdvp,rzz,0.1,2,9,16,2,,1,0.0,0.0,0.0,1
A,hybrid_tdvp,rzz,0.1,2,9,16,4,,1,5.823475035526826e-11,5.823475035526826e-11,5.823475035526826e-11,1
A,hybrid_tdvp,rzz,0.1,2,9,16,8,,1,1.4511059021060646e-11,1.4511059021060646e-11,1.4511059021060646e-11,1
A,hybrid_tdvp,rzz,0.1,2,9,64,1,,1,8.881784197001252e-16,8.881784197001252e-16,8.881784197001252e-16,1
A,hybrid_tdvp,rzz,0.1,2,9,64,2,,1,0.0,0.0,0.0,1
A,hybrid_tdvp,rzz,0.1,2,9,64,4,,1,5.823475035526826e-11,5.823475035526826e-11,5.823475035526826e-11,1
A,hybrid_tdvp,rzz,0.1,2,9,64,8,,1,1.4511059021060646e-11,1.4511059021060646e-11,1.4511059021060646e-11,1
A,hybrid_tdvp,rzz,0.1,2,9,8,1,,1,0.001546535884512923,0.001546535884512923,0.001546535884512923,1
A,hybrid_tdvp,rzz,0.1,2,9,8,2,,1,0.0015537667763215746,0.0015537667763215746,0.0015537667763215746,1
A,hybrid_tdvp,rzz,0.1,2,9,8,4,,1,0.0015573929167596035,0.0015573929167596035,0.0015573929167596035,1
A,hybrid_tdvp,rzz,0.1,2,9,8,8,,1,0.0015592069575456335,0.0015592069575456335,0.0015592069575456335,1
A,hybrid_tdvp,rzz,0.2,2,9,16,1,,1,0.0,0.0,0.0,1
A,hybrid_tdvp,rzz,0.2,2,9,16,2,,1,5.329070518200751e-15,5.329070518200751e-15,5.329070518200751e-15,1
A,hybrid_tdvp,rzz,0.2,2,9,16,4,,1,0.0,0.0,0.0,1
A,hybrid_tdvp,rzz,0.2,2,9,16,8,,1,5.821165771635606e-11,5.821165771635606e-11,5.821165771635606e-11,1
A,hybrid_tdvp,rzz,0.2,2,9,64,1,,1,0.0,0.0,0.0,1
A,hybrid_tdvp,rzz,0.2,2,9,64,2,,1,5.329070518200751e-15,5.329070518200751e-15,5.329070518200751e-15,1
A,hybrid_tdvp,rzz,0.2,2,9,64,4,,1,0.0,0.0,0.0,1
A,hybrid_tdvp,rzz,0.2,2,9,64,8,,1,5.821165771635606e-11,5.821165771635606e-11,5.821165771635606e-11,1
A,hybrid_tdvp,rzz,0.2,2,9,8,1,,1,0.005484739329295052,0.005484739329295052,0.005484739329295052,1
A,hybrid_tdvp,rzz,0.2,2,9,8,2,,1,0.005707994178676623,0.005707994178676623,0.005707994178676623,1
A,hybrid_tdvp,rzz,0.2,2,9,8,4,,1,0.005793832883359662,0.005793832883359662,0.005793832883359662,1
A,hybrid_tdvp,rzz,0.2,2,9,8,8,,1,0.005832463607211347,0.005832463607211347,0.005832463607211347,1
A,mpo_zipup,rxx,0.025,2,9,16,,,1,5.551115123125783e-15,5.551115123125783e-15,5.551115123125783e-15,1
A,mpo_zipup,rxx,0.025,2,9,64,,,1,5.551115123125783e-15,5.551115123125783e-15,5.551115123125783e-15,1
A,mpo_zipup,rxx,0.025,2,9,8,,,1,0.10486941980604392,0.10486941980604392,0.10486941980604392,1
A,mpo_zipup,rxx,0.05,2,9,16,,,1,3.552713678800501e-15,3.552713678800501e-15,3.552713678800501e-15,1
A,mpo_zipup,rxx,0.05,2,9,64,,,1,3.552713678800501e-15,3.552713678800501e-15,3.552713678800501e-15,1
A,mpo_zipup,rxx,0.05,2,9,8,,,1,0.10486941980604081,0.10486941980604081,0.10486941980604081,1
A,mpo_zipup,rxx,0.1,2,9,16,,,1,2.220446049250313e-15,2.220446049250313e-15,2.220446049250313e-15,1
A,mpo_zipup,rxx,0.1,2,9,64,,,1,2.220446049250313e-15,2.220446049250313e-15,2.220446049250313e-15,1
A,mpo_zipup,rxx,0.1,2,9,8,,,1,0.10486941980604092,0.10486941980604092,0.10486941980604092,1
A,mpo_zipup,rxx,0.2,2,9,16,,,1,2.886579864025407e-15,2.886579864025407e-15,2.886579864025407e-15,1
A,mpo_zipup,rxx,0.2,2,9,64,,,1,2.886579864025407e-15,2.886579864025407e-15,2.886579864025407e-15,1
A,mpo_zipup,rxx,0.2,2,9,8,,,1,0.1048694198060447,0.1048694198060447,0.1048694198060447,1
A,mpo_zipup,ryy,0.025,2,9,16,,,1,3.774758283725532e-15,3.774758283725532e-15,3.774758283725532e-15,1
A,mpo_zipup,ryy,0.025,2,9,64,,,1,3.774758283725532e-15,3.774758283725532e-15,3.774758283725532e-15,1
A,mpo_zipup,ryy,0.025,2,9,8,,,1,0.09489654743468401,0.09489654743468401,0.09489654743468401,1
A,mpo_zipup,ryy,0.05,2,9,16,,,1,5.10702591327572e-15,5.10702591327572e-15,5.10702591327572e-15,1
A,mpo_zipup,ryy,0.05,2,9,64,,,1,5.10702591327572e-15,5.10702591327572e-15,5.10702591327572e-15,1
A,mpo_zipup,ryy,0.05,2,9,8,,,1,0.09489654743469034,0.09489654743469034,0.09489654743469034,1
A,mpo_zipup,ryy,0.1,2,9,16,,,1,3.552713678800501e-15,3.552713678800501e-15,3.552713678800501e-15,1
A,mpo_zipup,ryy,0.1,2,9,64,,,1,3.552713678800501e-15,3.552713678800501e-15,3.552713678800501e-15,1
A,mpo_zipup,ryy,0.1,2,9,8,,,1,0.09489654743468234,0.09489654743468234,0.09489654743468234,1
A,mpo_zipup,ryy,0.2,2,9,16,,,1,5.329070518200751e-15,5.329070518200751e-15,5.329070518200751e-15,1
A,mpo_zipup,ryy,0.2,2,9,64,,,1,5.329070518200751e-15,5.329070518200751e-15,5.329070518200751e-15,1
A,mpo_zipup,ryy,0.2,2,9,8,,,1,0.09489654743469167,0.09489654743469167,0.09489654743469167,1
A,mpo_zipup,rzz,0.025,2,9,16,,,1,0.0,0.0,0.0,1
A,mpo_zipup,rzz,0.025,2,9,64,,,1,0.0,0.0,0.0,1
A,mpo_zipup,rzz,0.025,2,9,8,,,1,0.10513203263806481,0.10513203263806481,0.10513203263806481,1
A,mpo_zipup,rzz,0.05,2,9,16,,,1,0.0,0.0,0.0,1
A,mpo_zipup,rzz,0.05,2,9,64,,,1,0.0,0.0,0.0,1
A,mpo_zipup,rzz,0.05,2,9,8,,,1,0.10513203263806226,0.10513203263806226,0.10513203263806226,1
A,mpo_zipup,rzz,0.1,2,9,16,,,1,8.881784197001252e-16,8.881784197001252e-16,8.881784197001252e-16,1
A,mpo_zipup,rzz,0.1,2,9,64,,,1,8.881784197001252e-16,8.881784197001252e-16,8.881784197001252e-16,1
A,mpo_zipup,rzz,0.1,2,9,8,,,1,0.10513203263806226,0.10513203263806226,0.10513203263806226,1
A,mpo_zipup,rzz,0.2,2,9,16,,,1,0.0,0.0,0.0,1
A,mpo_zipup,rzz,0.2,2,9,64,,,1,0.0,0.0,0.0,1
A,mpo_zipup,rzz,0.2,2,9,8,,,1,0.10513203263806647,0.10513203263806647,0.10513203263806647,1
A,tebd_swap,rxx,0.025,2,9,16,,,1,1.3322676295501878e-15,1.3322676295501878e-15,1.3322676295501878e-15,1
A,tebd_swap,rxx,0.025,2,9,64,,,1,1.3322676295501878e-15,1.3322676295501878e-15,1.3322676295501878e-15,1
A,tebd_swap,rxx,0.025,2,9,8,,,1,0.5509776627434848,0.5509776627434848,0.5509776627434848,1
A,tebd_swap,rxx,0.05,2,9,16,,,1,0.0,0.0,0.0,1
A,tebd_swap,rxx,0.05,2,9,64,,,1,0.0,0.0,0.0,1
A,tebd_swap,rxx,0.05,2,9,8,,,1,0.5517297650000141,0.5517297650000141,0.5517297650000141,1
A,tebd_swap,rxx,0.1,2,9,16,,,1,0.0,0.0,0.0,1
A,tebd_swap,rxx,0.1,2,9,64,,,1,0.0,0.0,0.0,1
A,tebd_swap,rxx,0.1,2,9,8,,,1,0.5533362344977879,0.5533362344977879,0.5533362344977879,1
A,tebd_swap,rxx,0.2,2,9,16,,,1,0.0,0.0,0.0,1
A,tebd_swap,rxx,0.2,2,9,64,,,1,0.0,0.0,0.0,1
A,tebd_swap,rxx,0.2,2,9,8,,,1,0.5568310761720701,0.5568310761720701,0.5568310761720701,1
A,tebd_swap,ryy,0.025,2,9,16,,,1,0.0,0.0,0.0,1
A,tebd_swap,ryy,0.025,2,9,64,,,1,0.0,0.0,0.0,1
A,tebd_swap,ryy,0.025,2,9,8,,,1,0.5502067491780993,0.5502067491780993,0.5502067491780993,1
A,tebd_swap,ryy,0.05,2,9,16,,,1,0.0,0.0,0.0,1
A,tebd_swap,ryy,0.05,2,9,64,,,1,0.0,0.0,0.0,1
A,tebd_swap,ryy,0.05,2,9,8,,,1,0.5502866682492495,0.5502866682492495,0.5502866682492495,1
A,tebd_swap,ryy,0.1,2,9,16,,,1,0.0,0.0,0.0,1
A,tebd_swap,ryy,0.1,2,9,64,,,1,0.0,0.0,0.0,1
A,tebd_swap,ryy,0.1,2,9,8,,,1,0.5510429147182623,0.5510429147182623,0.5510429147182623,1
A,tebd_swap,ryy,0.2,2,9,16,,,1,1.3322676295501878e-15,1.3322676295501878e-15,1.3322676295501878e-15,1
A,tebd_swap,ryy,0.2,2,9,64,,,1,1.3322676295501878e-15,1.3322676295501878e-15,1.3322676295501878e-15,1
A,tebd_swap,ryy,0.2,2,9,8,,,1,0.5551068628036464,0.5551068628036464,0.5551068628036464,1
A,tebd_swap,rzz,0.025,2,9,16,,,1,0.0,0.0,0.0,1
A,tebd_swap,rzz,0.025,2,9,64,,,1,0.0,0.0,0.0,1
A,tebd_swap,rzz,0.025,2,9,8,,,1,0.5504949679303781,0.5504949679303781,0.5504949679303781,1
A,tebd_swap,rzz,0.05,2,9,16,,,1,1.3322676295501878e-15,1.3322676295501878e-15,1.3322676295501878e-15,1
A,tebd_swap,rzz,0.05,2,9,64,,,1,1.3322676295501878e-15,1.3322676295501878e-15,1.3322676295501878e-15,1
A,tebd_swap,rzz,0.05,2,9,8,,,1,0.5508092908572801,0.5508092908572801,0.5508092908572801,1
A,tebd_swap,rzz,0.1,2,9,16,,,1,1.9984014443252818e-15,1.9984014443252818e-15,1.9984014443252818e-15,1
A,tebd_swap,rzz,0.1,2,9,64,,,1,1.9984014443252818e-15,1.9984014443252818e-15,1.9984014443252818e-15,1
A,tebd_swap,rzz,0.1,2,9,8,,,1,0.551858412938315,0.551858412938315,0.551858412938315,1
A,tebd_swap,rzz,0.2,2,9,16,,,1,5.773159728050814e-15,5.773159728050814e-15,5.773159728050814e-15,1
A,tebd_swap,rzz,0.2,2,9,64,,,1,5.773159728050814e-15,5.773159728050814e-15,5.773159728050814e-15,1
A,tebd_swap,rzz,0.2,2,9,8,,,1,0.5551709402633047,0.5551709402633047,0.5551709402633047,1
A0,hybrid_tdvp,rxx,0.0,2,9,16,1,,1,1.7763568394002505e-15,1.7763568394002505e-15,1.7763568394002505e-15,1
A0,hybrid_tdvp,rxx,0.0,2,9,16,8,,1,0.0,0.0,0.0,1
A0,hybrid_tdvp,rxx,0.0,2,9,64,1,,1,1.7763568394002505e-15,1.7763568394002505e-15,1.7763568394002505e-15,1
A0,hybrid_tdvp,rxx,0.0,2,9,64,8,,1,0.0,0.0,0.0,1
A0,hybrid_tdvp,rxx,0.0,2,9,8,1,,1,1.7763568394002505e-15,1.7763568394002505e-15,1.7763568394002505e-15,1
A0,hybrid_tdvp,rxx,0.0,2,9,8,8,,1,0.0,0.0,0.0,1
A0,hybrid_tdvp,ryy,0.0,2,9,16,1,,1,1.7763568394002505e-15,1.7763568394002505e-15,1.7763568394002505e-15,1
A0,hybrid_tdvp,ryy,0.0,2,9,16,8,,1,0.0,0.0,0.0,1
A0,hybrid_tdvp,ryy,0.0,2,9,64,1,,1,1.7763568394002505e-15,1.7763568394002505e-15,1.7763568394002505e-15,1
A0,hybrid_tdvp,ryy,0.0,2,9,64,8,,1,0.0,0.0,0.0,1
A0,hybrid_tdvp,ryy,0.0,2,9,8,1,,1,1.7763568394002505e-15,1.7763568394002505e-15,1.7763568394002505e-15,1
A0,hybrid_tdvp,ryy,0.0,2,9,8,8,,1,0.0,0.0,0.0,1
A0,hybrid_tdvp,rzz,0.0,2,9,16,1,,1,1.7763568394002505e-15,1.7763568394002505e-15,1.7763568394002505e-15,1
A0,hybrid_tdvp,rzz,0.0,2,9,16,8,,1,0.0,0.0,0.0,1
A0,hybrid_tdvp,rzz,0.0,2,9,64,1,,1,1.7763568394002505e-15,1.7763568394002505e-15,1.7763568394002505e-15,1
A0,hybrid_tdvp,rzz,0.0,2,9,64,8,,1,0.0,0.0,0.0,1
A0,hybrid_tdvp,rzz,0.0,2,9,8,1,,1,1.7763568394002505e-15,1.7763568394002505e-15,1.7763568394002505e-15,1
A0,hybrid_tdvp,rzz,0.0,2,9,8,8,,1,0.0,0.0,0.0,1
A0,mpo_zipup,rxx,0.0,2,9,16,,,1,2.6645352591003757e-15,2.6645352591003757e-15,2.6645352591003757e-15,1
A0,mpo_zipup,rxx,0.0,2,9,64,,,1,2.6645352591003757e-15,2.6645352591003757e-15,2.6645352591003757e-15,1
A0,mpo_zipup,rxx,0.0,2,9,8,,,1,2.6645352591003757e-15,2.6645352591003757e-15,2.6645352591003757e-15,1
A0,mpo_zipup,ryy,0.0,2,9,16,,,1,2.6645352591003757e-15,2.6645352591003757e-15,2.6645352591003757e-15,1
A0,mpo_zipup,ryy,0.0,2,9,64,,,1,2.6645352591003757e-15,2.6645352591003757e-15,2.6645352591003757e-15,1
A0,mpo_zipup,ryy,0.0,2,9,8,,,1,2.6645352591003757e-15,2.6645352591003757e-15,2.6645352591003757e-15,1
A0,mpo_zipup,rzz,0.0,2,9,16,,,1,2.6645352591003757e-15,2.6645352591003757e-15,2.6645352591003757e-15,1
A0,mpo_zipup,rzz,0.0,2,9,64,,,1,2.6645352591003757e-15,2.6645352591003757e-15,2.6645352591003757e-15,1
A0,mpo_zipup,rzz,0.0,2,9,8,,,1,2.6645352591003757e-15,2.6645352591003757e-15,2.6645352591003757e-15,1
A0,tebd_swap,rxx,0.0,2,9,16,,,1,0.0,0.0,0.0,1
A0,tebd_swap,rxx,0.0,2,9,64,,,1,0.0,0.0,0.0,1
A0,tebd_swap,rxx,0.0,2,9,8,,,1,0.550336958220976,0.550336958220976,0.550336958220976,1
A0,tebd_swap,ryy,0.0,2,9,16,,,1,0.0,0.0,0.0,1
A0,tebd_swap,ryy,0.0,2,9,64,,,1,0.0,0.0,0.0,1
A0,tebd_swap,ryy,0.0,2,9,8,,,1,0.550336958220976,0.550336958220976,0.550336958220976,1
A0,tebd_swap,rzz,0.0,2,9,16,,,1,0.0,0.0,0.0,1
A0,tebd_swap,rzz,0.0,2,9,64,,,1,0.0,0.0,0.0,1
A0,tebd_swap,rzz,0.0,2,9,8,,,1,0.550336958220976,0.550336958220976,0.550336958220976,1
B,hybrid_tdvp,rxx,0.1,2,9,64,1,,1,0.0,0.0,0.0,1
B,hybrid_tdvp,rxx,0.1,2,9,64,8,,1,2.930233833353668e-11,2.930233833353668e-11,2.930233833353668e-11,1
B,hybrid_tdvp,rxx,0.1,2,9,8,1,,1,0.0010738649293019487,0.0010738649293019487,0.0010738649293019487,1
B,hybrid_tdvp,rxx,0.1,2,9,8,8,,1,0.0010802127063874734,0.0010802127063874734,0.0010802127063874734,1
B,hybrid_tdvp,rxx,0.1,3,8,64,1,,1,0.0,0.0,0.0,1
B,hybrid_tdvp,rxx,0.1,3,8,64,8,,1,1.5718981671852816e-11,1.5718981671852816e-11,1.5718981671852816e-11,1
B,hybrid_tdvp,rxx,0.1,3,8,8,1,,1,0.0012459357349260403,0.0012459357349260403,0.0012459357349260403,1
B,hybrid_tdvp,rxx,0.1,3,8,8,8,,1,0.001259105711031383,0.001259105711031383,0.001259105711031383,1
B,hybrid_tdvp,rxx,0.1,4,7,64,1,,1,0.0,0.0,0.0,1
B,hybrid_tdvp,rxx,0.1,4,7,64,8,,1,0.0,0.0,0.0,1
B,hybrid_tdvp,rxx,0.1,4,7,8,1,,1,0.0005366655617432547,0.0005366655617432547,0.0005366655617432547,1
B,hybrid_tdvp,rxx,0.1,4,7,8,8,,1,0.0005425381724165623,0.0005425381724165623,0.0005425381724165623,1
B,hybrid_tdvp,ryy,0.1,2,9,64,1,,1,1.3322676295501878e-15,1.3322676295501878e-15,1.3322676295501878e-15,1
B,hybrid_tdvp,ryy,0.1,2,9,64,8,,1,8.18833889582038e-11,8.18833889582038e-11,8.18833889582038e-11,1
B,hybrid_tdvp,ryy,0.1,2,9,8,1,,1,0.0012449569523014237,0.0012449569523014237,0.0012449569523014237,1
B,hybrid_tdvp,ryy,0.1,2,9,8,8,,1,0.0012566579685366897,0.0012566579685366897,0.0012566579685366897,1
B,hybrid_tdvp,ryy,0.1,3,8,64,1,,1,0.0,0.0,0.0,1
B,hybrid_tdvp,ryy,0.1,3,8,64,8,,1,8.886247293560245e-11,8.886247293560245e-11,8.886247293560245e-11,1
B,hybrid_tdvp,ryy,0.1,3,8,8,1,,1,0.0008986430747225382,0.0008986430747225382,0.0008986430747225382,1
B,hybrid_tdvp,ryy,0.1,3,8,8,8,,1,0.0009039485404954695,0.0009039485404954695,0.0009039485404954695,1
B,hybrid_tdvp,ryy,0.1,4,7,64,1,,1,0.0,0.0,0.0,1
B,hybrid_tdvp,ryy,0.1,4,7,64,8,,1,8.539391416206854e-12,8.539391416206854e-12,8.539391416206854e-12,1
B,hybrid_tdvp,ryy,0.1,4,7,8,1,,1,0.0006984095434925397,0.0006984095434925397,0.0006984095434925397,1
B,hybrid_tdvp,ryy,0.1,4,7,8,8,,1,0.0007091448836629155,0.0007091448836629155,0.0007091448836629155,1
B,hybrid_tdvp,rzz,0.1,2,9,64,1,,1,8.881784197001252e-16,8.881784197001252e-16,8.881784197001252e-16,1
B,hybrid_tdvp,rzz,0.1,2,9,64,8,,1,1.4511059021060646e-11,1.4511059021060646e-11,1.4511059021060646e-11,1
B,hybrid_tdvp,rzz,0.1,2,9,8,1,,1,0.001546535884512923,0.001546535884512923,0.001546535884512923,1
B,hybrid_tdvp,rzz,0.1,2,9,8,8,,1,0.0015592069575456335,0.0015592069575456335,0.0015592069575456335,1
B,hybrid_tdvp,rzz,0.1,3,8,64,1,,1,1.1546319456101628e-14,1.1546319456101628e-14,1.1546319456101628e-14,1
B,hybrid_tdvp,rzz,0.1,3,8,64,8,,1,1.3888712402376768e-10,1.3888712402376768e-10,1.3888712402376768e-10,1
B,hybrid_tdvp,rzz,0.1,3,8,8,1,,1,0.000834581030869419,0.000834581030869419,0.000834581030869419,1
B,hybrid_tdvp,rzz,0.1,3,8,8,8,,1,0.0008372336109154777,0.0008372336109154777,0.0008372336109154777,1
B,hybrid_tdvp,rzz,0.1,4,7,64,1,,1,0.0,0.0,0.0,1
B,hybrid_tdvp,rzz,0.1,4,7,64,8,,1,0.0,0.0,0.0,1
B,hybrid_tdvp,rzz,0.1,4,7,8,1,,1,0.0005829784525070991,0.0005829784525070991,0.0005829784525070991,1
B,hybrid_tdvp,rzz,0.1,4,7,8,8,,1,0.00059569611913457,0.00059569611913457,0.00059569611913457,1
B,mpo_zipup,rxx,0.1,2,9,64,,,1,2.220446049250313e-15,2.220446049250313e-15,2.220446049250313e-15,1
B,mpo_zipup,rxx,0.1,2,9,8,,,1,0.10486941980604092,0.10486941980604092,0.10486941980604092,1
B,mpo_zipup,rxx,0.1,3,8,64,,,1,0.0,0.0,0.0,1
B,mpo_zipup,rxx,0.1,3,8,8,,,1,0.07013169394423491,0.07013169394423491,0.07013169394423491,1
B,mpo_zipup,rxx,0.1,4,7,64,,,1,5.329070518200751e-15,5.329070518200751e-15,5.329070518200751e-15,1
B,mpo_zipup,rxx,0.1,4,7,8,,,1,0.03926534834925943,0.03926534834925943,0.03926534834925943,1
B,mpo_zipup,ryy,0.1,2,9,64,,,1,3.552713678800501e-15,3.552713678800501e-15,3.552713678800501e-15,1
B,mpo_zipup,ryy,0.1,2,9,8,,,1,0.09489654743468234,0.09489654743468234,0.09489654743468234,1
B,mpo_zipup,ryy,0.1,3,8,64,,,1,4.440892098500626e-16,4.440892098500626e-16,4.440892098500626e-16,1
B,mpo_zipup,ryy,0.1,3,8,8,,,1,0.076015050076093,0.076015050076093,0.076015050076093,1
B,mpo_zipup,ryy,0.1,4,7,64,,,1,4.218847493575595e-15,4.218847493575595e-15,4.218847493575595e-15,1
B,mpo_zipup,ryy,0.1,4,7,8,,,1,0.031382231573966135,0.031382231573966135,0.031382231573966135,1
B,mpo_zipup,rzz,0.1,2,9,64,,,1,8.881784197001252e-16,8.881784197001252e-16,8.881784197001252e-16,1
B,mpo_zipup,rzz,0.1,2,9,8,,,1,0.10513203263806226,0.10513203263806226,0.10513203263806226,1
B,mpo_zipup,rzz,0.1,3,8,64,,,1,0.0,0.0,0.0,1
B,mpo_zipup,rzz,0.1,3,8,8,,,1,0.0763117827155475,0.0763117827155475,0.0763117827155475,1
B,mpo_zipup,rzz,0.1,4,7,64,,,1,1.1102230246251565e-15,1.1102230246251565e-15,1.1102230246251565e-15,1
B,mpo_zipup,rzz,0.1,4,7,8,,,1,0.03691943897525085,0.03691943897525085,0.03691943897525085,1
B,tebd_swap,rxx,0.1,2,9,64,,,1,0.0,0.0,0.0,1
B,tebd_swap,rxx,0.1,2,9,8,,,1,0.5533362344977879,0.5533362344977879,0.5533362344977879,1
B,tebd_swap,rxx,0.1,3,8,64,,,1,0.0,0.0,0.0,1
B,tebd_swap,rxx,0.1,3,8,8,,,1,0.44645253565123777,0.44645253565123777,0.44645253565123777,1
B,tebd_swap,rxx,0.1,4,7,64,,,1,3.774758283725532e-15,3.774758283725532e-15,3.774758283725532e-15,1
B,tebd_swap,rxx,0.1,4,7,8,,,1,0.3536173239267836,0.3536173239267836,0.3536173239267836,1
B,tebd_swap,ryy,0.1,2,9,64,,,1,0.0,0.0,0.0,1
B,tebd_swap,ryy,0.1,2,9,8,,,1,0.5510429147182623,0.5510429147182623,0.5510429147182623,1
B,tebd_swap,ryy,0.1,3,8,64,,,1,0.0,0.0,0.0,1
B,tebd_swap,ryy,0.1,3,8,8,,,1,0.4450038595722793,0.4450038595722793,0.4450038595722793,1
B,tebd_swap,ryy,0.1,4,7,64,,,1,5.773159728050814e-15,5.773159728050814e-15,5.773159728050814e-15,1
B,tebd_swap,ryy,0.1,4,7,8,,,1,0.3530847082071339,0.3530847082071339,0.3530847082071339,1
B,tebd_swap,rzz,0.1,2,9,64,,,1,1.9984014443252818e-15,1.9984014443252818e-15,1.9984014443252818e-15,1
B,tebd_swap,rzz,0.1,2,9,8,,,1,0.551858412938315,0.551858412938315,0.551858412938315,1
B,tebd_swap,rzz,0.1,3,8,64,,,1,8.881784197001252e-16,8.881784197001252e-16,8.881784197001252e-16,1
B,tebd_swap,rzz,0.1,3,8,8,,,1,0.4445893205243484,0.4445893205243484,0.4445893205243484,1
B,tebd_swap,rzz,0.1,4,7,64,,,1,0.0,0.0,0.0,1
B,tebd_swap,rzz,0.1,4,7,8,,,1,0.35274595137081355,0.35274595137081355,0.35274595137081355,1
C,hybrid_tdvp,rxx,0.05,2,9,16,1,mixed,1,4.699116651352142e-10,4.699116651352142e-10,4.699116651352142e-10,1
C,hybrid_tdvp,rxx,0.05,2,9,16,1,mixed,4,4.7073389863871995e-05,4.7073389863871995e-05,4.7073389863871995e-05,1
C,hybrid_tdvp,rxx,0.05,2,9,16,1,mixed,7,0.0001441055540164493,0.0001441055540164493,0.0001441055540164493,1
C,hybrid_tdvp,rxx,0.05,2,9,16,1,mixed,10,0.00029351025843493694,0.00029351025843493694,0.00029351025843493694,1
C,hybrid_tdvp,rxx,0.05,2,9,16,1,mixed,13,0.000495260260264474,0.000495260260264474,0.000495260260264474,1
C,hybrid_tdvp,rxx,0.05,2,9,16,1,mixed,16,0.0007503284917581565,0.0007503284917581565,0.0007503284917581565,1
C,hybrid_tdvp,rxx,0.05,2,9,16,1,mixed,19,0.001060566006130248,0.001060566006130248,0.001060566006130248,1
C,hybrid_tdvp,rxx,0.05,2,9,16,1,mixed,22,0.0014283877946307255,0.0014283877946307255,0.0014283877946307255,1
C,hybrid_tdvp,rxx,0.05,2,9,16,1,mixed,25,0.001856311072146899,0.001856311072146899,0.001856311072146899,1
C,hybrid_tdvp,rxx,0.05,2,9,16,1,mixed,28,0.002346450336192518,0.002346450336192518,0.002346450336192518,1
C,hybrid_tdvp,rxx,0.05,2,9,16,1,mixed,31,0.002900063106021422,0.002900063106021422,0.002900063106021422,1
C,hybrid_tdvp,rxx,0.05,2,9,16,1,mixed,34,0.0035172139968547844,0.0035172139968547844,0.0035172139968547844,1
C,hybrid_tdvp,rxx,0.05,2,9,16,2,mixed,1,1.173510177920889e-10,1.173510177920889e-10,1.173510177920889e-10,1
C,hybrid_tdvp,rxx,0.05,2,9,16,2,mixed,4,5.527417557227299e-05,5.527417557227299e-05,5.527417557227299e-05,1
C,hybrid_tdvp,rxx,0.05,2,9,16,2,mixed,7,0.0001612418983766295,0.0001612418983766295,0.0001612418983766295,1
C,hybrid_tdvp,rxx,0.05,2,9,16,2,mixed,10,0.00031808517198372854,0.00031808517198372854,0.00031808517198372854,1
C,hybrid_tdvp,rxx,0.05,2,9,16,2,mixed,13,0.0005261751749404686,0.0005261751749404686,0.0005261751749404686,1
C,hybrid_tdvp,rxx,0.05,2,9,16,2,mixed,16,0.0007859266206877713,0.0007859266206877713,0.0007859266206877713,1
C,hybrid_tdvp,rxx,0.05,2,9,16,2,mixed,19,0.0010981826273644968,0.0010981826273644968,0.0010981826273644968,1
C,hybrid_tdvp,rxx,0.05,2,9,16,2,mixed,22,0.0014640548437856449,0.0014640548437856449,0.0014640548437856449,1
C,hybrid_tdvp,rxx,0.05,2,9,16,2,mixed,25,0.0018846058803253518,0.0018846058803253518,0.0018846058803253518,1
C,hybrid_tdvp,rxx,0.05,2,9,16,2,mixed,28,0.0023605326457277753,0.0023605326457277753,0.0023605326457277753,1
C,hybrid_tdvp,rxx,0.05,2,9,16,2,mixed,31,0.0028919388234676102,0.0028919388234676102,0.0028919388234676102,1
C,hybrid_tdvp,rxx,0.05,2,9,16,2,mixed,34,0.0034782296259395773,0.0034782296259395773,0.0034782296259395773,1
C,hybrid_tdvp,rxx,0.05,2,9,16,4,mixed,1,2.9321434169560234e-11,2.9321434169560234e-11,2.9321434169560234e-11,1
C,hybrid_tdvp,rxx,0.05,2,9,16,4,mixed,4,6.304133816548152e-05,6.304133816548152e-05,6.304133816548152e-05,1
C,hybrid_tdvp,rxx,0.05,2,9,16,4,mixed,7,0.00017770802450345347,0.00017770802450345347,0.00017770802450345347,1
C,hybrid_tdvp,rxx,0.05,2,9,16,4,mixed,10,0.0003407169186365744,0.0003407169186365744,0.0003407169186365744,1
C,hybrid_tdvp,rxx,0.05,2,9,16,4,mixed,13,0.0005547593066849155,0.0005547593066849155,0.0005547593066849155,1
C,hybrid_tdvp,rxx,0.05,2,9,16,4,mixed,16,0.0008196830260615018,0.0008196830260615018,0.0008196830260615018,1
C,hybrid_tdvp,rxx,0.05,2,9,16,4,mixed,19,0.0011360471330261745,0.0011360471330261745,0.0011360471330261745,1
C,hybrid_tdvp,rxx,0.05,2,9,16,4,mixed,22,0.0015045322791029658,0.0015045322791029658,0.0015045322791029658,1
C,hybrid_tdvp,rxx,0.05,2,9,16,4,mixed,25,0.0019257149910449911,0.0019257149910449911,0.0019257149910449911,1
C,hybrid_tdvp,rxx,0.05,2,9,16,4,mixed,28,0.0023998276413395025,0.0023998276413395025,0.0023998276413395025,1
C,hybrid_tdvp,rxx,0.05,2,9,16,4,mixed,31,0.0029265955028032753,0.0029265955028032753,0.0029265955028032753,1
C,hybrid_tdvp,rxx,0.05,2,9,16,4,mixed,34,0.0035051753968941,0.0035051753968941,0.0035051753968941,1
C,hybrid_tdvp,rxx,0.05,2,9,16,8,mixed,1,7.301492743749805e-12,7.301492743749805e-12,7.301492743749805e-12,1
C,hybrid_tdvp,rxx,0.05,2,9,16,8,mixed,4,6.594111750601872e-05,6.594111750601872e-05,6.594111750601872e-05,1
C,hybrid_tdvp,rxx,0.05,2,9,16,8,mixed,7,0.0001841121371335408,0.0001841121371335408,0.0001841121371335408,1
C,hybrid_tdvp,rxx,0.05,2,9,16,8,mixed,10,0.00035024446544507093,0.00035024446544507093,0.00035024446544507093,1
C,hybrid_tdvp,rxx,0.05,2,9,16,8,mixed,13,0.000567193548464795,0.000567193548464795,0.000567193548464795,1
C,hybrid_tdvp,rxx,0.05,2,9,16,8,mixed,16,0.0008341444910106022,0.0008341444910106022,0.0008341444910106022,1
C,hybrid_tdvp,rxx,0.05,2,9,16,8,mixed,19,0.0011532141506416238,0.0011532141506416238,0.0011532141506416238,1
C,hybrid_tdvp,rxx,0.05,2,9,16,8,mixed,22,0.0015233276464214907,0.0015233276464214907,0.0015233276464214907,1
C,hybrid_tdvp,rxx,0.05,2,9,16,8,mixed,25,0.0019468549308707672,0.0019468549308707672,0.0019468549308707672,1
C,hybrid_tdvp,rxx,0.05,2,9,16,8,mixed,28,0.002422500735159039,0.002422500735159039,0.002422500735159039,1
C,hybrid_tdvp,rxx,0.05,2,9,16,8,mixed,31,0.002949785816429462,0.002949785816429462,0.002949785816429462,1
C,hybrid_tdvp,rxx,0.05,2,9,16,8,mixed,34,0.003529052341502914,0.003529052341502914,0.003529052341502914,1
C,hybrid_tdvp,rxx,0.05,2,9,64,1,mixed,1,4.699116651352142e-10,4.699116651352142e-10,4.699116651352142e-10,1
C,hybrid_tdvp,rxx,0.05,2,9,64,1,mixed,4,4.740803305480767e-10,4.740803305480767e-10,4.740803305480767e-10,1
C,hybrid_tdvp,rxx,0.05,2,9,64,1,mixed,7,4.745408510586913e-10,4.745408510586913e-10,4.745408510586913e-10,1
C,hybrid_tdvp,rxx,0.05,2,9,64,1,mixed,10,4.751414817150135e-10,4.751414817150135e-10,4.751414817150135e-10,1
C,hybrid_tdvp,rxx,0.05,2,9,64,1,mixed,13,4.758757832235005e-10,4.758757832235005e-10,4.758757832235005e-10,1
C,hybrid_tdvp,rxx,0.05,2,9,64,1,mixed,16,4.765770000858538e-10,4.765770000858538e-10,4.765770000858538e-10,1
C,hybrid_tdvp,rxx,0.05,2,9,64,1,mixed,19,4.771965045335946e-10,4.771965045335946e-10,4.771965045335946e-10,1
C,hybrid_tdvp,rxx,0.05,2,9,64,1,mixed,22,4.781555151822658e-10,4.781555151822658e-10,4.781555151822658e-10,1
C,hybrid_tdvp,rxx,0.05,2,9,64,1,mixed,25,4.792681806975452e-10,4.792681806975452e-10,4.792681806975452e-10,1
C,hybrid_tdvp,rxx,0.05,2,9,64,1,mixed,28,4.801226083372967e-10,4.801226083372967e-10,4.801226083372967e-10,1
C,hybrid_tdvp,rxx,0.05,2,9,64,1,mixed,31,4.812459319936124e-10,4.812459319936124e-10,4.812459319936124e-10,1
C,hybrid_tdvp,rxx,0.05,2,9,64,1,mixed,34,4.822766630496744e-10,4.822766630496744e-10,4.822766630496744e-10,1
C,hybrid_tdvp,rxx,0.05,2,9,64,2,mixed,1,1.173510177920889e-10,1.173510177920889e-10,1.173510177920889e-10,1
C,hybrid_tdvp,rxx,0.05,2,9,64,2,mixed,4,1.209792266365639e-10,1.209792266365639e-10,1.209792266365639e-10,1
C,hybrid_tdvp,rxx,0.05,2,9,64,2,mixed,7,1.2208589694751026e-10,1.2208589694751026e-10,1.2208589694751026e-10,1
C,hybrid_tdvp,rxx,0.05,2,9,64,2,mixed,10,1.2319434361529602e-10,1.2319434361529602e-10,1.2319434361529602e-10,1
C,hybrid_tdvp,rxx,0.05,2,9,64,2,mixed,13,1.2439205221426164e-10,1.2439205221426164e-10,1.2439205221426164e-10,1
C,hybrid_tdvp,rxx,0.05,2,9,64,2,mixed,16,1.2626122369852055e-10,1.2626122369852055e-10,1.2626122369852055e-10,1
C,hybrid_tdvp,rxx,0.05,2,9,64,2,mixed,19,1.2788614611736193e-10,1.2788614611736193e-10,1.2788614611736193e-10,1
C,hybrid_tdvp,rxx,0.05,2,9,64,2,mixed,22,1.2939960214453095e-10,1.2939960214453095e-10,1.2939960214453095e-10,1
C,hybrid_tdvp,rxx,0.05,2,9,64,2,mixed,25,1.307935981742503e-10,1.307935981742503e-10,1.307935981742503e-10,1
C,hybrid_tdvp,rxx,0.05,2,9,64,2,mixed,28,1.3243850460753492e-10,1.3243850460753492e-10,1.3243850460753492e-10,1
C,hybrid_tdvp,rxx,0.05,2,9,64,2,mixed,31,1.3403811394141485e-10,1.3403811394141485e-10,1.3403811394141485e-10,1
C,hybrid_tdvp,rxx,0.05,2,9,64,2,mixed,34,1.3602874382456775e-10,1.3602874382456775e-10,1.3602874382456775e-10,1
C,hybrid_tdvp,rxx,0.05,2,9,64,4,mixed,1,2.9321434169560234e-11,2.9321434169560234e-11,2.9321434169560234e-11,1
C,hybrid_tdvp,rxx,0.05,2,9,64,4,mixed,4,4.2382986009670276e-11,4.2382986009670276e-11,4.2382986009670276e-11,1
C,hybrid_tdvp,rxx,0.05,2,9,64,4,mixed,7,4.443578838220219e-11,4.443578838220219e-11,4.443578838220219e-11,1
C,hybrid_tdvp,rxx,0.05,2,9,64,4,mixed,10,4.707945144843961e-11,4.707945144843961e-11,4.707945144843961e-11,1
C,hybrid_tdvp,rxx,0.05,2,9,64,4,mixed,13,5.028111260685364e-11,5.028111260685364e-11,5.028111260685364e-11,1
C,hybrid_tdvp,rxx,0.05,2,9,64,4,mixed,16,5.3719695358722674e-11,5.3719695358722674e-11,5.3719695358722674e-11,1
C,hybrid_tdvp,rxx,0.05,2,9,64,4,mixed,19,5.708411521254675e-11,5.708411521254675e-11,5.708411521254675e-11,1
C,hybrid_tdvp,rxx,0.05,2,9,64,4,mixed,22,5.962208504683986e-11,5.962208504683986e-11,5.962208504683986e-11,1
C,hybrid_tdvp,rxx,0.05,2,9,64,4,mixed,25,6.17426110238739e-11,6.17426110238739e-11,6.17426110238739e-11,1
C,hybrid_tdvp,rxx,0.05,2,9,64,4,mixed,28,6.366729365936408e-11,6.366729365936408e-11,6.366729365936408e-11,1
C,hybrid_tdvp,rxx,0.05,2,9,64,4,mixed,31,6.553868558967224e-11,6.553868558967224e-11,6.553868558967224e-11,1
C,hybrid_tdvp,rxx,0.05,2,9,64,4,mixed,34,6.73807676321303e-11,6.73807676321303e-11,6.73807676321303e-11,1
C,hybrid_tdvp,rxx,0.05,2,9,64,8,mixed,1,7.301492743749805e-12,7.301492743749805e-12,7.301492743749805e-12,1
C,hybrid_tdvp,rxx,0.05,2,9,64,8,mixed,4,5.834666083615048e-11,5.834666083615048e-11,5.834666083615048e-11,1
C,hybrid_tdvp,rxx,0.05,2,9,64,8,mixed,7,6.366707161475915e-11,6.366707161475915e-11,6.366707161475915e-11,1
C,hybrid_tdvp,rxx,0.05,2,9,64,8,mixed,10,6.891243131690317e-11,6.891243131690317e-11,6.891243131690317e-11,1
C,hybrid_tdvp,rxx,0.05,2,9,64,8,mixed,13,7.505818189201818e-11,7.505818189201818e-11,7.505818189201818e-11,1
C,hybrid_tdvp,rxx,0.05,2,9,64,8,mixed,16,7.860556650030048e-11,7.860556650030048e-11,7.860556650030048e-11,1
C,hybrid_tdvp,rxx,0.05,2,9,64,8,mixed,19,8.252154515275834e-11,8.252154515275834e-11,8.252154515275834e-11,1
C,hybrid_tdvp,rxx,0.05,2,9,64,8,mixed,22,8.683631591566154e-11,8.683631591566154e-11,8.683631591566154e-11,1
C,hybrid_tdvp,rxx,0.05,2,9,64,8,mixed,25,8.961964503839681e-11,8.961964503839681e-11,8.961964503839681e-11,1
C,hybrid_tdvp,rxx,0.05,2,9,64,8,mixed,28,9.2175156396479e-11,9.2175156396479e-11,9.2175156396479e-11,1
C,hybrid_tdvp,rxx,0.05,2,9,64,8,mixed,31,9.526779365387483e-11,9.526779365387483e-11,9.526779365387483e-11,1
C,hybrid_tdvp,rxx,0.05,2,9,64,8,mixed,34,9.749268059522365e-11,9.749268059522365e-11,9.749268059522365e-11,1
C,hybrid_tdvp,rxx,0.05,2,9,8,1,mixed,1,0.0002737367444930472,0.0002737367444930472,0.0002737367444930472,1
C,hybrid_tdvp,rxx,0.05,2,9,8,1,mixed,4,0.0017432808121040644,0.0017432808121040644,0.0017432808121040644,1
C,hybrid_tdvp,rxx,0.05,2,9,8,1,mixed,7,0.004885837984703434,0.004885837984703434,0.004885837984703434,1
C,hybrid_tdvp,rxx,0.05,2,9,8,1,mixed,10,0.009434105025154405,0.009434105025154405,0.009434105025154405,1
C,hybrid_tdvp,rxx,0.05,2,9,8,1,mixed,13,0.015124637216561987,0.015124637216561987,0.015124637216561987,1
C,hybrid_tdvp,rxx,0.05,2,9,8,1,mixed,16,0.021747944870638802,0.021747944870638802,0.021747944870638802,1
C,hybrid_tdvp,rxx,0.05,2,9,8,1,mixed,19,0.029156255429394484,0.029156255429394484,0.029156255429394484,1
C,hybrid_tdvp,rxx,0.05,2,9,8,1,mixed,22,0.03723707807598586,0.03723707807598586,0.03723707807598586,1
C,hybrid_tdvp,rxx,0.05,2,9,8,1,mixed,25,0.045892729291100665,0.045892729291100665,0.045892729291100665,1
C,hybrid_tdvp,rxx,0.05,2,9,8,1,mixed,28,0.05503525964533185,0.05503525964533185,0.05503525964533185,1
C,hybrid_tdvp,rxx,0.05,2,9,8,1,mixed,31,0.06458780689683374,0.06458780689683374,0.06458780689683374,1
C,hybrid_tdvp,rxx,0.05,2,9,8,1,mixed,34,0.07448597801063594,0.07448597801063594,0.07448597801063594,1
C,hybrid_tdvp,rxx,0.05,2,9,8,2,mixed,1,0.0002739409003087445,0.0002739409003087445,0.0002739409003087445,1
C,hybrid_tdvp,rxx,0.05,2,9,8,2,mixed,4,0.0017462025336686393,0.0017462025336686393,0.0017462025336686393,1
C,hybrid_tdvp,rxx,0.05,2,9,8,2,mixed,7,0.004899926361744522,0.004899926361744522,0.004899926361744522,1
C,hybrid_tdvp,rxx,0.05,2,9,8,2,mixed,10,0.009475821253826067,0.009475821253826067,0.009475821253826067,1
C,hybrid_tdvp,rxx,0.05,2,9,8,2,mixed,13,0.015216543596960896,0.015216543596960896,0.015216543596960896,1
C,hybrid_tdvp,rxx,0.05,2,9,8,2,mixed,16,0.021911010222276928,0.021911010222276928,0.021911010222276928,1
C,hybrid_tdvp,rxx,0.05,2,9,8,2,mixed,19,0.02940545008682982,0.02940545008682982,0.02940545008682982,1
C,hybrid_tdvp,rxx,0.05,2,9,8,2,mixed,22,0.03758284675632351,0.03758284675632351,0.03758284675632351,1
C,hybrid_tdvp,rxx,0.05,2,9,8,2,mixed,25,0.0463429747026437,0.0463429747026437,0.0463429747026437,1
C,hybrid_tdvp,rxx,0.05,2,9,8,2,mixed,28,0.055595820992380474,0.055595820992380474,0.055595820992380474,1
C,hybrid_tdvp,rxx,0.05,2,9,8,2,mixed,31,0.06526218098150927,0.06526218098150927,0.06526218098150927,1
C,hybrid_tdvp,rxx,0.05,2,9,8,2,mixed,34,0.07527509675389088,0.07527509675389088,0.07527509675389088,1
C,hybrid_tdvp,rxx,0.05,2,9,8,4,mixed,1,0.00027405920519030236,0.00027405920519030236,0.00027405920519030236,1
C,hybrid_tdvp,rxx,0.05,2,9,8,4,mixed,4,0.0017477184660112943,0.0017477184660112943,0.0017477184660112943,1
C,hybrid_tdvp,rxx,0.05,2,9,8,4,mixed,7,0.004906952388987529,0.004906952388987529,0.004906952388987529,1
C,hybrid_tdvp,rxx,0.05,2,9,8,4,mixed,10,0.009496155057680866,0.009496155057680866,0.009496155057680866,1
C,hybrid_tdvp,rxx,0.05,2,9,8,4,mixed,13,0.01526097850557162,0.01526097850557162,0.01526097850557162,1
C,hybrid_tdvp,rxx,0.05,2,9,8,4,mixed,16,0.021990036735709872,0.021990036735709872,0.021990036735709872,1
C,hybrid_tdvp,rxx,0.05,2,9,8,4,mixed,19,0.02952694291637492,0.02952694291637492,0.02952694291637492,1
C,hybrid_tdvp,rxx,0.05,2,9,8,4,mixed,22,0.03775244307627357,0.03775244307627357,0.03775244307627357,1
C,hybrid_tdvp,rxx,0.05,2,9,8,4,mixed,25,0.04656497556553363,0.04656497556553363,0.04656497556553363,1
C,hybrid_tdvp,rxx,0.05,2,9,8,4,mixed,28,0.05587346406114324,0.05587346406114324,0.05587346406114324,1
C,hybrid_tdvp,rxx,0.05,2,9,8,4,mixed,31,0.06559751513410894,0.06559751513410894,0.06559751513410894,1
C,hybrid_tdvp,rxx,0.05,2,9,8,4,mixed,34,0.07566885129981848,0.07566885129981848,0.07566885129981848,1
C,hybrid_tdvp,rxx,0.05,2,9,8,8,mixed,1,0.0002741218959141367,0.0002741218959141367,0.0002741218959141367,1
C,hybrid_tdvp,rxx,0.05,2,9,8,8,mixed,4,0.0017484898436517238,0.0017484898436517238,0.0017484898436517238,1
C,hybrid_tdvp,rxx,0.05,2,9,8,8,mixed,7,0.004910464593427144,0.004910464593427144,0.004910464593427144,1
C,hybrid_tdvp,rxx,0.05,2,9,8,8,mixed,10,0.009506209890956852,0.009506209890956852,0.009506209890956852,1
C,hybrid_tdvp,rxx,0.05,2,9,8,8,mixed,13,0.015282855366407055,0.015282855366407055,0.015282855366407055,1
C,hybrid_tdvp,rxx,0.05,2,9,8,8,mixed,16,0.02202896911092722,0.02202896911092722,0.02202896911092722,1
C,hybrid_tdvp,rxx,0.05,2,9,8,8,mixed,19,0.029586952919116172,0.029586952919116172,0.029586952919116172,1
C,hybrid_tdvp,rxx,0.05,2,9,8,8,mixed,22,0.03783644887112325,0.03783644887112325,0.03783644887112325,1
C,hybrid_tdvp,rxx,0.05,2,9,8,8,mixed,25,0.046675214757276984,0.046675214757276984,0.046675214757276984,1
C,hybrid_tdvp,rxx,0.05,2,9,8,8,mixed,28,0.056011635741510246,0.056011635741510246,0.056011635741510246,1
C,hybrid_tdvp,rxx,0.05,2,9,8,8,mixed,31,0.06576472057127158,0.06576472057127158,0.06576472057127158,1
C,hybrid_tdvp,rxx,0.05,2,9,8,8,mixed,34,0.07586552377901112,0.07586552377901112,0.07586552377901112,1
C,hybrid_tdvp,ryy,0.05,3,9,16,1,mixed,3,2.9483767134186323e-05,2.9483767134186323e-05,2.9483767134186323e-05,1
C,hybrid_tdvp,ryy,0.05,3,9,16,1,mixed,6,0.00011191519217201851,0.00011191519217201851,0.00011191519217201851,1
C,hybrid_tdvp,ryy,0.05,3,9,16,1,mixed,9,0.0002473265104396827,0.0002473265104396827,0.0002473265104396827,1
C,hybrid_tdvp,ryy,0.05,3,9,16,1,mixed,12,0.0004358652684125497,0.0004358652684125497,0.0004358652684125497,1
C,hybrid_tdvp,ryy,0.05,3,9,16,1,mixed,15,0.0006785367671496845,0.0006785367671496845,0.0006785367671496845,1
C,hybrid_tdvp,ryy,0.05,3,9,16,1,mixed,18,0.000977172518396574,0.000977172518396574,0.000977172518396574,1
C,hybrid_tdvp,ryy,0.05,3,9,16,1,mixed,21,0.001334158815711084,0.001334158815711084,0.001334158815711084,1
C,hybrid_tdvp,ryy,0.05,3,9,16,1,mixed,24,0.0017519827762224605,0.0017519827762224605,0.0017519827762224605,1
C,hybrid_tdvp,ryy,0.05,3,9,16,1,mixed,27,0.00223272234154126,0.00223272234154126,0.00223272234154126,1
C,hybrid_tdvp,ryy,0.05,3,9,16,1,mixed,30,0.0027775860850738354,0.0027775860850738354,0.0027775860850738354,1
C,hybrid_tdvp,ryy,0.05,3,9,16,1,mixed,33,0.0033865745291840055,0.0033865745291840055,0.0033865745291840055,1
C,hybrid_tdvp,ryy,0.05,3,9,16,1,mixed,36,0.004058300063562448,0.004058300063562448,0.004058300063562448,1
C,hybrid_tdvp,ryy,0.05,3,9,16,2,mixed,3,3.736949817778612e-05,3.736949817778612e-05,3.736949817778612e-05,1
C,hybrid_tdvp,ryy,0.05,3,9,16,2,mixed,6,0.00012652409926439123,0.00012652409926439123,0.00012652409926439123,1
C,hybrid_tdvp,ryy,0.05,3,9,16,2,mixed,9,0.0002674143433915033,0.0002674143433915033,0.0002674143433915033,1
C,hybrid_tdvp,ryy,0.05,3,9,16,2,mixed,12,0.000460340267982029,0.000460340267982029,0.000460340267982029,1
C,hybrid_tdvp,ryy,0.05,3,9,16,2,mixed,15,0.0007057518246574856,0.0007057518246574856,0.0007057518246574856,1
C,hybrid_tdvp,ryy,0.05,3,9,16,2,mixed,18,0.0010045147330511872,0.0010045147330511872,0.0010045147330511872,1
C,hybrid_tdvp,ryy,0.05,3,9,16,2,mixed,21,0.0013577535814782715,0.0013577535814782715,0.0013577535814782715,1
C,hybrid_tdvp,ryy,0.05,3,9,16,2,mixed,24,0.0017665306668231961,0.0017665306668231961,0.0017665306668231961,1
C,hybrid_tdvp,ryy,0.05,3,9,16,2,mixed,27,0.0022315223064364176,0.0022315223064364176,0.0022315223064364176,1
C,hybrid_tdvp,ryy,0.05,3,9,16,2,mixed,30,0.002752787905730747,0.002752787905730747,0.002752787905730747,1
C,hybrid_tdvp,ryy,0.05,3,9,16,2,mixed,33,0.003329666133325082,0.003329666133325082,0.003329666133325082,1
C,hybrid_tdvp,ryy,0.05,3,9,16,2,mixed,36,0.003960786181725462,0.003960786181725462,0.003960786181725462,1
C,hybrid_tdvp,ryy,0.05,3,9,16,4,mixed,3,4.588525903215235e-05,4.588525903215235e-05,4.588525903215235e-05,1
C,hybrid_tdvp,ryy,0.05,3,9,16,4,mixed,6,0.00014251644454332801,0.00014251644454332801,0.00014251644454332801,1
C,hybrid_tdvp,ryy,0.05,3,9,16,4,mixed,9,0.0002896392099951406,0.0002896392099951406,0.0002896392099951406,1
C,hybrid_tdvp,ryy,0.05,3,9,16,4,mixed,12,0.0004882188316125413,0.0004882188316125413,0.0004882188316125413,1
C,hybrid_tdvp,ryy,0.05,3,9,16,4,mixed,15,0.0007386836872912417,0.0007386836872912417,0.0007386836872912417,1
C,hybrid_tdvp,ryy,0.05,3,9,16,4,mixed,18,0.0010416206150049012,0.0010416206150049012,0.0010416206150049012,1
C,hybrid_tdvp,ryy,0.05,3,9,16,4,mixed,21,0.0013977426592948206,0.0013977426592948206,0.0013977426592948206,1
C,hybrid_tdvp,ryy,0.05,3,9,16,4,mixed,24,0.001807646057776946,0.001807646057776946,0.001807646057776946,1
C,hybrid_tdvp,ryy,0.05,3,9,16,4,mixed,27,0.0022715578391134805,0.0022715578391134805,0.0022715578391134805,1
C,hybrid_tdvp,ryy,0.05,3,9,16,4,mixed,30,0.0027891675025435436,0.0027891675025435436,0.0027891675025435436,1
C,hybrid_tdvp,ryy,0.05,3,9,16,4,mixed,33,0.0033595670091004504,0.0033595670091004504,0.0033595670091004504,1
C,hybrid_tdvp,ryy,0.05,3,9,16,4,mixed,36,0.003981279918677583,0.003981279918677583,0.003981279918677583,1
C,hybrid_tdvp,ryy,0.05,3,9,16,8,mixed,3,4.991673875731628e-05,4.991673875731628e-05,4.991673875731628e-05,1
C,hybrid_tdvp,ryy,0.05,3,9,16,8,mixed,6,0.00014996660430077746,0.00014996660430077746,0.00014996660430077746,1
C,hybrid_tdvp,ryy,0.05,3,9,16,8,mixed,9,0.00030042222272219643,0.00030042222272219643,0.00030042222272219643,1
C,hybrid_tdvp,ryy,0.05,3,9,16,8,mixed,12,0.0005009213045824579,0.0005009213045824579,0.0005009213045824579,1
C,hybrid_tdvp,ryy,0.05,3,9,16,8,mixed,15,0.000754349388276343,0.000754349388276343,0.000754349388276343,1
C,hybrid_tdvp,ryy,0.05,3,9,16,8,mixed,18,0.0010590393268292697,0.0010590393268292697,0.0010590393268292697,1
C,hybrid_tdvp,ryy,0.05,3,9,16,8,mixed,21,0.0014178924774501667,0.0014178924774501667,0.0014178924774501667,1
C,hybrid_tdvp,ryy,0.05,3,9,16,8,mixed,24,0.001829133818832429,0.001829133818832429,0.001829133818832429,1
C,hybrid_tdvp,ryy,0.05,3,9,16,8,mixed,27,0.00229467470157918,0.00229467470157918,0.00229467470157918,1
C,hybrid_tdvp,ryy,0.05,3,9,16,8,mixed,30,0.0028135709447129065,0.0028135709447129065,0.0028135709447129065,1
C,hybrid_tdvp,ryy,0.05,3,9,16,8,mixed,33,0.0033848891577500373,0.0033848891577500373,0.0033848891577500373,1
C,hybrid_tdvp,ryy,0.05,3,9,16,8,mixed,36,0.0040071540392081495,0.0040071540392081495,0.0040071540392081495,1
C,hybrid_tdvp,ryy,0.05,3,9,64,1,mixed,3,4.739986181334643e-10,4.739986181334643e-10,4.739986181334643e-10,1
C,hybrid_tdvp,ryy,0.05,3,9,64,1,mixed,6,4.744160619907234e-10,4.744160619907234e-10,4.744160619907234e-10,1
C,hybrid_tdvp,ryy,0.05,3,9,64,1,mixed,9,4.749358684108529e-10,4.749358684108529e-10,4.749358684108529e-10,1
C,hybrid_tdvp,ryy,0.05,3,9,64,1,mixed,12,4.756495197710819e-10,4.756495197710819e-10,4.756495197710819e-10,1
C,hybrid_tdvp,ryy,0.05,3,9,64,1,mixed,15,4.764242333976654e-10,4.764242333976654e-10,4.764242333976654e-10,1
C,hybrid_tdvp,ryy,0.05,3,9,64,1,mixed,18,4.770992489966375e-10,4.770992489966375e-10,4.770992489966375e-10,1
C,hybrid_tdvp,ryy,0.05,3,9,64,1,mixed,21,4.781339768555881e-10,4.781339768555881e-10,4.781339768555881e-10,1
C,hybrid_tdvp,ryy,0.05,3,9,64,1,mixed,24,4.792928276486919e-10,4.792928276486919e-10,4.792928276486919e-10,1
C,hybrid_tdvp,ryy,0.05,3,9,64,1,mixed,27,4.801239406049262e-10,4.801239406049262e-10,4.801239406049262e-10,1
C,hybrid_tdvp,ryy,0.05,3,9,64,1,mixed,30,4.812310550050825e-10,4.812310550050825e-10,4.812310550050825e-10,1
C,hybrid_tdvp,ryy,0.05,3,9,64,1,mixed,33,4.822342525301337e-10,4.822342525301337e-10,4.822342525301337e-10,1
C,hybrid_tdvp,ryy,0.05,3,9,64,1,mixed,36,4.832485522854313e-10,4.832485522854313e-10,4.832485522854313e-10,1
C,hybrid_tdvp,ryy,0.05,3,9,64,2,mixed,3,1.2123524406604247e-10,1.2123524406604247e-10,1.2123524406604247e-10,1
C,hybrid_tdvp,ryy,0.05,3,9,64,2,mixed,6,1.2242207247936676e-10,1.2242207247936676e-10,1.2242207247936676e-10,1
C,hybrid_tdvp,ryy,0.05,3,9,64,2,mixed,9,1.2308998265098126e-10,1.2308998265098126e-10,1.2308998265098126e-10,1
C,hybrid_tdvp,ryy,0.05,3,9,64,2,mixed,12,1.2426815132471347e-10,1.2426815132471347e-10,1.2426815132471347e-10,1
C,hybrid_tdvp,ryy,0.05,3,9,64,2,mixed,15,1.2631429235909764e-10,1.2631429235909764e-10,1.2631429235909764e-10,1
C,hybrid_tdvp,ryy,0.05,3,9,64,2,mixed,18,1.2819079131531907e-10,1.2819079131531907e-10,1.2819079131531907e-10,1
C,hybrid_tdvp,ryy,0.05,3,9,64,2,mixed,21,1.2960787998395062e-10,1.2960787998395062e-10,1.2960787998395062e-10,1
C,hybrid_tdvp,ryy,0.05,3,9,64,2,mixed,24,1.3097567475028882e-10,1.3097567475028882e-10,1.3097567475028882e-10,1
C,hybrid_tdvp,ryy,0.05,3,9,64,2,mixed,27,1.3268186549453276e-10,1.3268186549453276e-10,1.3268186549453276e-10,1
C,hybrid_tdvp,ryy,0.05,3,9,64,2,mixed,30,1.343498645667296e-10,1.343498645667296e-10,1.343498645667296e-10,1
C,hybrid_tdvp,ryy,0.05,3,9,64,2,mixed,33,1.3642775797961804e-10,1.3642775797961804e-10,1.3642775797961804e-10,1
C,hybrid_tdvp,ryy,0.05,3,9,64,2,mixed,36,1.379567571291318e-10,1.379567571291318e-10,1.379567571291318e-10,1
C,hybrid_tdvp,ryy,0.05,3,9,64,4,mixed,3,4.425926292128679e-11,4.425926292128679e-11,4.425926292128679e-11,1
C,hybrid_tdvp,ryy,0.05,3,9,64,4,mixed,6,4.511724327471711e-11,4.511724327471711e-11,4.511724327471711e-11,1
C,hybrid_tdvp,ryy,0.05,3,9,64,4,mixed,9,4.8328008261933064e-11,4.8328008261933064e-11,4.8328008261933064e-11,1
C,hybrid_tdvp,ryy,0.05,3,9,64,4,mixed,12,5.120437407413192e-11,5.120437407413192e-11,5.120437407413192e-11,1
C,hybrid_tdvp,ryy,0.05,3,9,64,4,mixed,15,5.463141050654485e-11,5.463141050654485e-11,5.463141050654485e-11,1
C,hybrid_tdvp,ryy,0.05,3,9,64,4,mixed,18,5.7736260217211566e-11,5.7736260217211566e-11,5.7736260217211566e-11,1
C,hybrid_tdvp,ryy,0.05,3,9,64,4,mixed,21,6.050471235141686e-11,6.050471235141686e-11,6.050471235141686e-11,1
C,hybrid_tdvp,ryy,0.05,3,9,64,4,mixed,24,6.269651464663184e-11,6.269651464663184e-11,6.269651464663184e-11,1
C,hybrid_tdvp,ryy,0.05,3,9,64,4,mixed,27,6.489497827999458e-11,6.489497827999458e-11,6.489497827999458e-11,1
C,hybrid_tdvp,ryy,0.05,3,9,64,4,mixed,30,6.628497750682527e-11,6.628497750682527e-11,6.628497750682527e-11,1
C,hybrid_tdvp,ryy,0.05,3,9,64,4,mixed,33,6.824096843160987e-11,6.824096843160987e-11,6.824096843160987e-11,1
C,hybrid_tdvp,ryy,0.05,3,9,64,4,mixed,36,7.047518124636554e-11,7.047518124636554e-11,7.047518124636554e-11,1
C,hybrid_tdvp,ryy,0.05,3,9,64,8,mixed,3,6.535749719205342e-11,6.535749719205342e-11,6.535749719205342e-11,1
C,hybrid_tdvp,ryy,0.05,3,9,64,8,mixed,6,6.672218333392266e-11,6.672218333392266e-11,6.672218333392266e-11,1
C,hybrid_tdvp,ryy,0.05,3,9,64,8,mixed,9,7.060507734024668e-11,7.060507734024668e-11,7.060507734024668e-11,1
C,hybrid_tdvp,ryy,0.05,3,9,64,8,mixed,12,7.662603884739383e-11,7.662603884739383e-11,7.662603884739383e-11,1
C,hybrid_tdvp,ryy,0.05,3,9,64,8,mixed,15,7.942402291405415e-11,7.942402291405415e-11,7.942402291405415e-11,1
C,hybrid_tdvp,ryy,0.05,3,9,64,8,mixed,18,8.44080361162014e-11,8.44080361162014e-11,8.44080361162014e-11,1
C,hybrid_tdvp,ryy,0.05,3,9,64,8,mixed,21,8.944400775590111e-11,8.944400775590111e-11,8.944400775590111e-11,1
C,hybrid_tdvp,ryy,0.05,3,9,64,8,mixed,24,9.168976689011288e-11,9.168976689011288e-11,9.168976689011288e-11,1
C,hybrid_tdvp,ryy,0.05,3,9,64,8,mixed,27,9.342304707615767e-11,9.342304707615767e-11,9.342304707615767e-11,1
C,hybrid_tdvp,ryy,0.05,3,9,64,8,mixed,30,9.692469049582542e-11,9.692469049582542e-11,9.692469049582542e-11,1
C,hybrid_tdvp,ryy,0.05,3,9,64,8,mixed,33,9.850831261815074e-11,9.850831261815074e-11,9.850831261815074e-11,1
C,hybrid_tdvp,ryy,0.05,3,9,64,8,mixed,36,1.0081246948345779e-10,1.0081246948345779e-10,1.0081246948345779e-10,1
C,hybrid_tdvp,ryy,0.05,3,9,8,1,mixed,3,0.0009244215844094184,0.0009244215844094184,0.0009244215844094184,1
C,hybrid_tdvp,ryy,0.05,3,9,8,1,mixed,6,0.003562967350642765,0.003562967350642765,0.003562967350642765,1
C,hybrid_tdvp,ryy,0.05,3,9,8,1,mixed,9,0.007658135033215663,0.007658135033215663,0.007658135033215663,1
C,hybrid_tdvp,ryy,0.05,3,9,8,1,mixed,12,0.012947512965001184,0.012947512965001184,0.012947512965001184,1
C,hybrid_tdvp,ryy,0.05,3,9,8,1,mixed,15,0.019219721420426272,0.019219721420426272,0.019219721420426272,1
C,hybrid_tdvp,ryy,0.05,3,9,8,1,mixed,18,0.026322477744324946,0.026322477744324946,0.026322477744324946,1
C,hybrid_tdvp,ryy,0.05,3,9,8,1,mixed,21,0.034139676976737365,0.034139676976737365,0.034139676976737365,1
C,hybrid_tdvp,ryy,0.05,3,9,8,1,mixed,24,0.042571008878740435,0.042571008878740435,0.042571008878740435,1
C,hybrid_tdvp,ryy,0.05,3,9,8,1,mixed,27,0.051525677747090604,0.051525677747090604,0.051525677747090604,1
C,hybrid_tdvp,ryy,0.05,3,9,8,1,mixed,30,0.06092338639403694,0.06092338639403694,0.06092338639403694,1
C,hybrid_tdvp,ryy,0.05,3,9,8,1,mixed,33,0.07069602899648875,0.07069602899648875,0.07069602899648875,1
C,hybrid_tdvp,ryy,0.05,3,9,8,1,mixed,36,0.08078772262976885,0.08078772262976885,0.08078772262976885,1
C,hybrid_tdvp,ryy,0.05,3,9,8,2,mixed,3,0.0009253493982001038,0.0009253493982001038,0.0009253493982001038,1
C,hybrid_tdvp,ryy,0.05,3,9,8,2,mixed,6,0.003572077829413378,0.003572077829413378,0.003572077829413378,1
C,hybrid_tdvp,ryy,0.05,3,9,8,2,mixed,9,0.007690790681789461,0.007690790681789461,0.007690790681789461,1
C,hybrid_tdvp,ryy,0.05,3,9,8,2,mixed,12,0.013025299033277538,0.013025299033277538,0.013025299033277538,1
C,hybrid_tdvp,ryy,0.05,3,9,8,2,mixed,15,0.0193637009864861,0.0193637009864861,0.0193637009864861,1
C,hybrid_tdvp,ryy,0.05,3,9,8,2,mixed,18,0.02654834587327848,0.02654834587327848,0.02654834587327848,1
C,hybrid_tdvp,ryy,0.05,3,9,8,2,mixed,21,0.03445843353148781,0.03445843353148781,0.03445843353148781,1
C,hybrid_tdvp,ryy,0.05,3,9,8,2,mixed,24,0.04299092467600618,0.04299092467600618,0.04299092467600618,1
C,hybrid_tdvp,ryy,0.05,3,9,8,2,mixed,27,0.05205301268504847,0.05205301268504847,0.05205301268504847,1
C,hybrid_tdvp,ryy,0.05,3,9,8,2,mixed,30,0.06156221283750163,0.06156221283750163,0.06156221283750163,1
C,hybrid_tdvp,ryy,0.05,3,9,8,2,mixed,33,0.0714479668193414,0.0714479668193414,0.0714479668193414,1
C,hybrid_tdvp,ryy,0.05,3,9,8,2,mixed,36,0.08165196905533534,0.08165196905533534,0.08165196905533534,1
C,hybrid_tdvp,ryy,0.05,3,9,8,4,mixed,3,0.0009258672031801085,0.0009258672031801085,0.0009258672031801085,1
C,hybrid_tdvp,ryy,0.05,3,9,8,4,mixed,6,0.0035766495257902875,0.0035766495257902875,0.0035766495257902875,1
C,hybrid_tdvp,ryy,0.05,3,9,8,4,mixed,9,0.007706716151725579,0.007706716151725579,0.007706716151725579,1
C,hybrid_tdvp,ryy,0.05,3,9,8,4,mixed,12,0.013062883844351725,0.013062883844351725,0.013062883844351725,1
C,hybrid_tdvp,ryy,0.05,3,9,8,4,mixed,15,0.019433403379493397,0.019433403379493397,0.019433403379493397,1
C,hybrid_tdvp,ryy,0.05,3,9,8,4,mixed,18,0.02665836218832318,0.02665836218832318,0.02665836218832318,1
C,hybrid_tdvp,ryy,0.05,3,9,8,4,mixed,21,0.03461469056251909,0.03461469056251909,0.03461469056251909,1
C,hybrid_tdvp,ryy,0.05,3,9,8,4,mixed,24,0.04319792075807938,0.04319792075807938,0.04319792075807938,1
C,hybrid_tdvp,ryy,0.05,3,9,8,4,mixed,27,0.05231419339692234,0.05231419339692234,0.05231419339692234,1
C,hybrid_tdvp,ryy,0.05,3,9,8,4,mixed,30,0.06187990513386066,0.06187990513386066,0.06187990513386066,1
C,hybrid_tdvp,ryy,0.05,3,9,8,4,mixed,33,0.07182323744065755,0.07182323744065755,0.07182323744065755,1
C,hybrid_tdvp,ryy,0.05,3,9,8,4,mixed,36,0.08208461589481275,0.08208461589481275,0.08208461589481275,1
C,hybrid_tdvp,ryy,0.05,3,9,8,8,mixed,3,0.0009261387943841903,0.0009261387943841903,0.0009261387943841903,1
C,hybrid_tdvp,ryy,0.05,3,9,8,8,mixed,6,0.0035789413611029275,0.0035789413611029275,0.0035789413611029275,1
C,hybrid_tdvp,ryy,0.05,3,9,8,8,mixed,9,0.007714593275064741,0.007714593275064741,0.007714593275064741,1
C,hybrid_tdvp,ryy,0.05,3,9,8,8,mixed,12,0.013081383934925861,0.013081383934925861,0.013081383934925861,1
C,hybrid_tdvp,ryy,0.05,3,9,8,8,mixed,15,0.019467726242578975,0.019467726242578975,0.019467726242578975,1
C,hybrid_tdvp,ryy,0.05,3,9,8,8,mixed,18,0.02671267944932454,0.02671267944932454,0.02671267944932454,1
C,hybrid_tdvp,ryy,0.05,3,9,8,8,mixed,21,0.03469206701260019,0.03469206701260019,0.03469206701260019,1
C,hybrid_tdvp,ryy,0.05,3,9,8,8,mixed,24,0.04330069605050346,0.04330069605050346,0.04330069605050346,1
C,hybrid_tdvp,ryy,0.05,3,9,8,8,mixed,27,0.052444170471893536,0.052444170471893536,0.052444170471893536,1
C,hybrid_tdvp,ryy,0.05,3,9,8,8,mixed,30,0.06203832212483862,0.06203832212483862,0.06203832212483862,1
C,hybrid_tdvp,ryy,0.05,3,9,8,8,mixed,33,0.0720106946523138,0.0720106946523138,0.0720106946523138,1
C,hybrid_tdvp,ryy,0.05,3,9,8,8,mixed,36,0.08230106536812953,0.08230106536812953,0.08230106536812953,1
C,hybrid_tdvp,rzz,0.05,2,8,16,1,commuting,2,0.0,0.0,0.0,1
C,hybrid_tdvp,rzz,0.05,2,8,16,1,commuting,5,1.5221932404330119e-05,1.5221932404330119e-05,1.5221932404330119e-05,1
C,hybrid_tdvp,rzz,0.05,2,8,16,1,commuting,8,4.838388455086218e-05,4.838388455086218e-05,4.838388455086218e-05,1
C,hybrid_tdvp,rzz,0.05,2,8,16,1,commuting,11,0.00010147157598039414,0.00010147157598039414,0.00010147157598039414,1
C,hybrid_tdvp,rzz,0.05,2,8,16,1,commuting,14,0.00017591213782353066,0.00017591213782353066,0.00017591213782353066,1
C,hybrid_tdvp,rzz,0.05,2,8,16,1,commuting,17,0.00027336765942265195,0.00027336765942265195,0.00027336765942265195,1
C,hybrid_tdvp,rzz,0.05,2,8,16,1,commuting,20,0.000395563333345228,0.000395563333345228,0.000395563333345228,1
C,hybrid_tdvp,rzz,0.05,2,8,16,1,commuting,23,0.0005441313334472175,0.0005441313334472175,0.0005441313334472175,1
C,hybrid_tdvp,rzz,0.05,2,8,16,1,commuting,26,0.0007204918779627478,0.0007204918779627478,0.0007204918779627478,1
C,hybrid_tdvp,rzz,0.05,2,8,16,1,commuting,29,0.000925801007176541,0.000925801007176541,0.000925801007176541,1
C,hybrid_tdvp,rzz,0.05,2,8,16,1,commuting,32,0.0011609696525254343,0.0011609696525254343,0.0011609696525254343,1
C,hybrid_tdvp,rzz,0.05,2,8,16,1,commuting,35,0.0014267199291461141,0.0014267199291461141,0.0014267199291461141,1
C,hybrid_tdvp,rzz,0.05,2,8,16,1,mixed,2,8.968193710767736e-06,8.968193710767736e-06,8.968193710767736e-06,1
C,hybrid_tdvp,rzz,0.05,2,8,16,1,mixed,5,7.25195280627533e-05,7.25195280627533e-05,7.25195280627533e-05,1
C,hybrid_tdvp,rzz,0.05,2,8,16,1,mixed,8,0.00018693404274583436,0.00018693404274583436,0.00018693404274583436,1
C,hybrid_tdvp,rzz,0.05,2,8,16,1,mixed,11,0.0003541022048468845,0.0003541022048468845,0.0003541022048468845,1
C,hybrid_tdvp,rzz,0.05,2,8,16,1,mixed,14,0.0005743545751281109,0.0005743545751281109,0.0005743545751281109,1
C,hybrid_tdvp,rzz,0.05,2,8,16,1,mixed,17,0.0008490153923524923,0.0008490153923524923,0.0008490153923524923,1
C,hybrid_tdvp,rzz,0.05,2,8,16,1,mixed,20,0.0011801991483766372,0.0011801991483766372,0.0011801991483766372,1
C,hybrid_tdvp,rzz,0.05,2,8,16,1,mixed,23,0.00157041757883003,0.00157041757883003,0.00157041757883003,1
C,hybrid_tdvp,rzz,0.05,2,8,16,1,mixed,26,0.0020220726951128976,0.0020220726951128976,0.0020220726951128976,1
C,hybrid_tdvp,rzz,0.05,2,8,16,1,mixed,29,0.0025369484277710797,0.0025369484277710797,0.0025369484277710797,1
C,hybrid_tdvp,rzz,0.05,2,8,16,1,mixed,32,0.003115790753570491,0.003115790753570491,0.003115790753570491,1
C,hybrid_tdvp,rzz,0.05,2,8,16,1,mixed,35,0.0037580331587574456,0.0037580331587574456,0.0037580331587574456,1
C,hybrid_tdvp,rzz,0.05,2,8,16,2,commuting,2,5.85473891590027e-11,5.85473891590027e-11,5.85473891590027e-11,1
C,hybrid_tdvp,rzz,0.05,2,8,16,2,commuting,5,1.7210026740932527e-05,1.7210026740932527e-05,1.7210026740932527e-05,1
C,hybrid_tdvp,rzz,0.05,2,8,16,2,commuting,8,5.448035604049828e-05,5.448035604049828e-05,5.448035604049828e-05,1
C,hybrid_tdvp,rzz,0.05,2,8,16,2,commuting,11,0.00011249997791507038,0.00011249997791507038,0.00011249997791507038,1
C,hybrid_tdvp,rzz,0.05,2,8,16,2,commuting,14,0.000193027616671948,0.000193027616671948,0.000193027616671948,1
C,hybrid_tdvp,rzz,0.05,2,8,16,2,commuting,17,0.00029790490787873214,0.00029790490787873214,0.00029790490787873214,1
C,hybrid_tdvp,rzz,0.05,2,8,16,2,commuting,20,0.00042887579892980643,0.00042887579892980643,0.00042887579892980643,1
C,hybrid_tdvp,rzz,0.05,2,8,16,2,commuting,23,0.0005873816537174115,0.0005873816537174115,0.0005873816537174115,1
C,hybrid_tdvp,rzz,0.05,2,8,16,2,commuting,26,0.0007744095999322465,0.0007744095999322465,0.0007744095999322465,1
C,hybrid_tdvp,rzz,0.05,2,8,16,2,commuting,29,0.000990465368260418,0.000990465368260418,0.000990465368260418,1
C,hybrid_tdvp,rzz,0.05,2,8,16,2,commuting,32,0.0012356937014891267,0.0012356937014891267,0.0012356937014891267,1
C,hybrid_tdvp,rzz,0.05,2,8,16,2,commuting,35,0.001510086520932985,0.001510086520932985,0.001510086520932985,1
C,hybrid_tdvp,rzz,0.05,2,8,16,2,mixed,2,1.003922580744554e-05,1.003922580744554e-05,1.003922580744554e-05,1
C,hybrid_tdvp,rzz,0.05,2,8,16,2,mixed,5,8.170293797371553e-05,8.170293797371553e-05,8.170293797371553e-05,1
C,hybrid_tdvp,rzz,0.05,2,8,16,2,mixed,8,0.000204584142064701,0.000204584142064701,0.000204584142064701,1
C,hybrid_tdvp,rzz,0.05,2,8,16,2,mixed,11,0.0003786821092429671,0.0003786821092429671,0.0003786821092429671,1
C,hybrid_tdvp,rzz,0.05,2,8,16,2,mixed,14,0.0006045021407793394,0.0006045021407793394,0.0006045021407793394,1
C,hybrid_tdvp,rzz,0.05,2,8,16,2,mixed,17,0.0008826673878447044,0.0008826673878447044,0.0008826673878447044,1
C,hybrid_tdvp,rzz,0.05,2,8,16,2,mixed,20,0.0012141894386624719,0.0012141894386624719,0.0012141894386624719,1
C,hybrid_tdvp,rzz,0.05,2,8,16,2,mixed,23,0.0016002349097743451,0.0016002349097743451,0.0016002349097743451,1
C,hybrid_tdvp,rzz,0.05,2,8,16,2,mixed,26,0.002041781631886619,0.002041781631886619,0.002041781631886619,1
C,hybrid_tdvp,rzz,0.05,2,8,16,2,mixed,29,0.002539315830847766,0.002539315830847766,0.002539315830847766,1
C,hybrid_tdvp,rzz,0.05,2,8,16,2,mixed,32,0.003092643405599116,0.003092643405599116,0.003092643405599116,1
C,hybrid_tdvp,rzz,0.05,2,8,16,2,mixed,35,0.0037008309112599447,0.0037008309112599447,0.0037008309112599447,1
C,hybrid_tdvp,rzz,0.05,2,8,16,4,commuting,2,1.454125708733045e-11,1.454125708733045e-11,1.454125708733045e-11,1
C,hybrid_tdvp,rzz,0.05,2,8,16,4,commuting,5,1.8942717855074953e-05,1.8942717855074953e-05,1.8942717855074953e-05,1
C,hybrid_tdvp,rzz,0.05,2,8,16,4,commuting,8,5.8371870814699633e-05,5.8371870814699633e-05,5.8371870814699633e-05,1
C,hybrid_tdvp,rzz,0.05,2,8,16,4,commuting,11,0.00011818648833994416,0.00011818648833994416,0.00011818648833994416,1
C,hybrid_tdvp,rzz,0.05,2,8,16,4,commuting,14,0.00020007717432235506,0.00020007717432235506,0.00020007717432235506,1
C,hybrid_tdvp,rzz,0.05,2,8,16,4,commuting,17,0.00030577107448925833,0.00030577107448925833,0.00030577107448925833,1
C,hybrid_tdvp,rzz,0.05,2,8,16,4,commuting,20,0.0004361867294935262,0.0004361867294935262,0.0004361867294935262,1
C,hybrid_tdvp,rzz,0.05,2,8,16,4,commuting,23,0.0005938743689098969,0.0005938743689098969,0.0005938743689098969,1
C,hybrid_tdvp,rzz,0.05,2,8,16,4,commuting,26,0.0007790345441619495,0.0007790345441619495,0.0007790345441619495,1
C,hybrid_tdvp,rzz,0.05,2,8,16,4,commuting,29,0.0009920908097991177,0.0009920908097991177,0.0009920908097991177,1
C,hybrid_tdvp,rzz,0.05,2,8,16,4,commuting,32,0.0012332193385735657,0.0012332193385735657,0.0012332193385735657,1
C,hybrid_tdvp,rzz,0.05,2,8,16,4,commuting,35,0.0015025542100046696,0.0015025542100046696,0.0015025542100046696,1
C,hybrid_tdvp,rzz,0.05,2,8,16,4,mixed,2,1.0934299295550787e-05,1.0934299295550787e-05,1.0934299295550787e-05,1
C,hybrid_tdvp,rzz,0.05,2,8,16,4,mixed,5,9.143138106693094e-05,9.143138106693094e-05,9.143138106693094e-05,1
C,hybrid_tdvp,rzz,0.05,2,8,16,4,mixed,8,0.00022334098985588025,0.00022334098985588025,0.00022334098985588025,1
C,hybrid_tdvp,rzz,0.05,2,8,16,4,mixed,11,0.00040437624605582645,0.00040437624605582645,0.00040437624605582645,1
C,hybrid_tdvp,rzz,0.05,2,8,16,4,mixed,14,0.0006361590397477856,0.0006361590397477856,0.0006361590397477856,1
C,hybrid_tdvp,rzz,0.05,2,8,16,4,mixed,17,0.0009193229972755956,0.0009193229972755956,0.0009193229972755956,1
C,hybrid_tdvp,rzz,0.05,2,8,16,4,mixed,20,0.001254588311251137,0.001254588311251137,0.001254588311251137,1
C,hybrid_tdvp,rzz,0.05,2,8,16,4,mixed,23,0.0016427101115064069,0.0016427101115064069,0.0016427101115064069,1
C,hybrid_tdvp,rzz,0.05,2,8,16,4,mixed,26,0.002084225987005084,0.002084225987005084,0.002084225987005084,1
C,hybrid_tdvp,rzz,0.05,2,8,16,4,mixed,29,0.002579223649755047,0.002579223649755047,0.002579223649755047,1
C,hybrid_tdvp,rzz,0.05,2,8,16,4,mixed,32,0.0031272060405933555,0.0031272060405933555,0.0031272060405933555,1
C,hybrid_tdvp,rzz,0.05,2,8,16,4,mixed,35,0.0037270631888007832,0.0037270631888007832,0.0037270631888007832,1
C,hybrid_tdvp,rzz,0.05,2,8,16,8,commuting,2,3.594902153736257e-12,3.594902153736257e-12,3.594902153736257e-12,1
C,hybrid_tdvp,rzz,0.05,2,8,16,8,commuting,5,1.897228036973342e-05,1.897228036973342e-05,1.897228036973342e-05,1
C,hybrid_tdvp,rzz,0.05,2,8,16,8,commuting,8,5.656239053442036e-05,5.656239053442036e-05,5.656239053442036e-05,1
C,hybrid_tdvp,rzz,0.05,2,8,16,8,commuting,11,0.00011361593319092478,0.00011361593319092478,0.00011361593319092478,1
C,hybrid_tdvp,rzz,0.05,2,8,16,8,commuting,14,0.00019237858247456163,0.00019237858247456163,0.00019237858247456163,1
C,hybrid_tdvp,rzz,0.05,2,8,16,8,commuting,17,0.0002926224621411233,0.0002926224621411233,0.0002926224621411233,1
C,hybrid_tdvp,rzz,0.05,2,8,16,8,commuting,20,0.0004168517771452329,0.0004168517771452329,0.0004168517771452329,1
C,hybrid_tdvp,rzz,0.05,2,8,16,8,commuting,23,0.0005659725158441153,0.0005659725158441153,0.0005659725158441153,1
C,hybrid_tdvp,rzz,0.05,2,8,16,8,commuting,26,0.000741331914975607,0.000741331914975607,0.000741331914975607,1
C,hybrid_tdvp,rzz,0.05,2,8,16,8,commuting,29,0.0009435240212710694,0.0009435240212710694,0.0009435240212710694,1
C,hybrid_tdvp,rzz,0.05,2,8,16,8,commuting,32,0.0011732199079261818,0.0011732199079261818,0.0011732199079261818,1
C,hybrid_tdvp,rzz,0.05,2,8,16,8,commuting,35,0.0014310442785615551,0.0014310442785615551,0.0014310442785615551,1
C,hybrid_tdvp,rzz,0.05,2,8,16,8,mixed,2,1.175974382705558e-05,1.175974382705558e-05,1.175974382705558e-05,1
C,hybrid_tdvp,rzz,0.05,2,8,16,8,mixed,5,9.558127820608053e-05,9.558127820608053e-05,9.558127820608053e-05,1
C,hybrid_tdvp,rzz,0.05,2,8,16,8,mixed,8,0.00023139839035546395,0.00023139839035546395,0.00023139839035546395,1
C,hybrid_tdvp,rzz,0.05,2,8,16,8,mixed,11,0.0004158088137888871,0.0004158088137888871,0.0004158088137888871,1
C,hybrid_tdvp,rzz,0.05,2,8,16,8,mixed,14,0.0006497461115309022,0.0006497461115309022,0.0006497461115309022,1
C,hybrid_tdvp,rzz,0.05,2,8,16,8,mixed,17,0.00093580335263177,0.00093580335263177,0.00093580335263177,1
C,hybrid_tdvp,rzz,0.05,2,8,16,8,mixed,20,0.0012728484330861711,0.0012728484330861711,0.0012728484330861711,1
C,hybrid_tdvp,rzz,0.05,2,8,16,8,mixed,23,0.0016635019261518336,0.0016635019261518336,0.0016635019261518336,1
C,hybrid_tdvp,rzz,0.05,2,8,16,8,mixed,26,0.0021062391500776823,0.0021062391500776823,0.0021062391500776823,1
C,hybrid_tdvp,rzz,0.05,2,8,16,8,mixed,29,0.002602624552577426,0.002602624552577426,0.002602624552577426,1
C,hybrid_tdvp,rzz,0.05,2,8,16,8,mixed,32,0.0031522354467073965,0.0031522354467073965,0.0031522354467073965,1
C,hybrid_tdvp,rzz,0.05,2,8,16,8,mixed,35,0.00375208692129525,0.00375208692129525,0.00375208692129525,1
C,hybrid_tdvp,rzz,0.05,2,8,64,1,commuting,2,0.0,0.0,0.0,1
C,hybrid_tdvp,rzz,0.05,2,8,64,1,commuting,5,1.0545120332494662e-11,1.0545120332494662e-11,1.0545120332494662e-11,1
C,hybrid_tdvp,rzz,0.05,2,8,64,1,commuting,8,1.582423081458728e-11,1.582423081458728e-11,1.582423081458728e-11,1
C,hybrid_tdvp,rzz,0.05,2,8,64,1,commuting,11,1.5818679699464155e-11,1.5818679699464155e-11,1.5818679699464155e-11,1
C,hybrid_tdvp,rzz,0.05,2,8,64,1,commuting,14,1.582156627932818e-11,1.582156627932818e-11,1.582156627932818e-11,1
C,hybrid_tdvp,rzz,0.05,2,8,64,1,commuting,17,1.5832002375759657e-11,1.5832002375759657e-11,1.5832002375759657e-11,1
C,hybrid_tdvp,rzz,0.05,2,8,64,1,commuting,20,1.5830003974315332e-11,1.5830003974315332e-11,1.5830003974315332e-11,1
C,hybrid_tdvp,rzz,0.05,2,8,64,1,commuting,23,1.5832668509574432e-11,1.5832668509574432e-11,1.5832668509574432e-11,1
C,hybrid_tdvp,rzz,0.05,2,8,64,1,commuting,26,1.582467490379713e-11,1.582467490379713e-11,1.582467490379713e-11,1
C,hybrid_tdvp,rzz,0.05,2,8,64,1,commuting,29,1.5795587060551952e-11,1.5795587060551952e-11,1.5795587060551952e-11,1
C,hybrid_tdvp,rzz,0.05,2,8,64,1,commuting,32,1.5783374607281075e-11,1.5783374607281075e-11,1.5783374607281075e-11,1
C,hybrid_tdvp,rzz,0.05,2,8,64,1,commuting,35,1.5768053529541248e-11,1.5768053529541248e-11,1.5768053529541248e-11,1
C,hybrid_tdvp,rzz,0.05,2,8,64,1,mixed,2,4.736657732706817e-10,4.736657732706817e-10,4.736657732706817e-10,1
C,hybrid_tdvp,rzz,0.05,2,8,64,1,mixed,5,4.741880221814654e-10,4.741880221814654e-10,4.741880221814654e-10,1
C,hybrid_tdvp,rzz,0.05,2,8,64,1,mixed,8,4.747513493441602e-10,4.747513493441602e-10,4.747513493441602e-10,1
C,hybrid_tdvp,rzz,0.05,2,8,64,1,mixed,11,4.75361972007704e-10,4.75361972007704e-10,4.75361972007704e-10,1
C,hybrid_tdvp,rzz,0.05,2,8,64,1,mixed,14,4.760587479779588e-10,4.760587479779588e-10,4.760587479779588e-10,1
C,hybrid_tdvp,rzz,0.05,2,8,64,1,mixed,17,4.767237715697092e-10,4.767237715697092e-10,4.767237715697092e-10,1
C,hybrid_tdvp,rzz,0.05,2,8,64,1,mixed,20,4.775098094711439e-10,4.775098094711439e-10,4.775098094711439e-10,1
C,hybrid_tdvp,rzz,0.05,2,8,64,1,mixed,23,4.784717066996791e-10,4.784717066996791e-10,4.784717066996791e-10,1
C,hybrid_tdvp,rzz,0.05,2,8,64,1,mixed,26,4.796865127332239e-10,4.796865127332239e-10,4.796865127332239e-10,1
C,hybrid_tdvp,rzz,0.05,2,8,64,1,mixed,29,4.807350073576799e-10,4.807350073576799e-10,4.807350073576799e-10,1
C,hybrid_tdvp,rzz,0.05,2,8,64,1,mixed,32,4.815803311686295e-10,4.815803311686295e-10,4.815803311686295e-10,1
C,hybrid_tdvp,rzz,0.05,2,8,64,1,mixed,35,4.824094457234196e-10,4.824094457234196e-10,4.824094457234196e-10,1
C,hybrid_tdvp,rzz,0.05,2,8,64,2,commuting,2,5.824474236248989e-11,5.824474236248989e-11,5.824474236248989e-11,1
C,hybrid_tdvp,rzz,0.05,2,8,64,2,commuting,5,6.345413083863605e-11,6.345413083863605e-11,6.345413083863605e-11,1
C,hybrid_tdvp,rzz,0.05,2,8,64,2,commuting,8,7.434075577350541e-11,7.434075577350541e-11,7.434075577350541e-11,1
C,hybrid_tdvp,rzz,0.05,2,8,64,2,commuting,11,9.071210449462797e-11,9.071210449462797e-11,9.071210449462797e-11,1
C,hybrid_tdvp,rzz,0.05,2,8,64,2,commuting,14,1.2857981346314773e-10,1.2857981346314773e-10,1.2857981346314773e-10,1
C,hybrid_tdvp,rzz,0.05,2,8,64,2,commuting,17,1.5238299511111109e-10,1.5238299511111109e-10,1.5238299511111109e-10,1
C,hybrid_tdvp,rzz,0.05,2,8,64,2,commuting,20,1.5236079065061858e-10,1.5236079065061858e-10,1.5236079065061858e-10,1
C,hybrid_tdvp,rzz,0.05,2,8,64,2,commuting,23,1.52338808234731e-10,1.52338808234731e-10,1.52338808234731e-10,1
C,hybrid_tdvp,rzz,0.05,2,8,64,2,commuting,26,1.523263737368552e-10,1.523263737368552e-10,1.523263737368552e-10,1
C,hybrid_tdvp,rzz,0.05,2,8,64,2,commuting,29,1.5230794403464643e-10,1.5230794403464643e-10,1.5230794403464643e-10,1
C,hybrid_tdvp,rzz,0.05,2,8,64,2,commuting,32,1.5229995042886912e-10,1.5229995042886912e-10,1.5229995042886912e-10,1
C,hybrid_tdvp,rzz,0.05,2,8,64,2,commuting,35,1.5228973637704257e-10,1.5228973637704257e-10,1.5228973637704257e-10,1
C,hybrid_tdvp,rzz,0.05,2,8,64,2,mixed,2,1.2017564721134022e-10,1.2017564721134022e-10,1.2017564721134022e-10,1
C,hybrid_tdvp,rzz,0.05,2,8,64,2,mixed,5,1.211883926544033e-10,1.211883926544033e-10,1.211883926544033e-10,1
C,hybrid_tdvp,rzz,0.05,2,8,64,2,mixed,8,1.2253553727248345e-10,1.2253553727248345e-10,1.2253553727248345e-10,1
C,hybrid_tdvp,rzz,0.05,2,8,64,2,mixed,11,1.2382539438249296e-10,1.2382539438249296e-10,1.2382539438249296e-10,1
C,hybrid_tdvp,rzz,0.05,2,8,64,2,mixed,14,1.25140342532859e-10,1.25140342532859e-10,1.25140342532859e-10,1
C,hybrid_tdvp,rzz,0.05,2,8,64,2,mixed,17,1.268620763994477e-10,1.268620763994477e-10,1.268620763994477e-10,1
C,hybrid_tdvp,rzz,0.05,2,8,64,2,mixed,20,1.2848788699670877e-10,1.2848788699670877e-10,1.2848788699670877e-10,1
C,hybrid_tdvp,rzz,0.05,2,8,64,2,mixed,23,1.3022027900433386e-10,1.3022027900433386e-10,1.3022027900433386e-10,1
C,hybrid_tdvp,rzz,0.05,2,8,64,2,mixed,26,1.3169909607313457e-10,1.3169909607313457e-10,1.3169909607313457e-10,1
C,hybrid_tdvp,rzz,0.05,2,8,64,2,mixed,29,1.3313394831016012e-10,1.3313394831016012e-10,1.3313394831016012e-10,1
C,hybrid_tdvp,rzz,0.05,2,8,64,2,mixed,32,1.3497380990656893e-10,1.3497380990656893e-10,1.3497380990656893e-10,1
C,hybrid_tdvp,rzz,0.05,2,8,64,2,mixed,35,1.3714140933984709e-10,1.3714140933984709e-10,1.3714140933984709e-10,1
C,hybrid_tdvp,rzz,0.05,2,8,64,4,commuting,2,1.4521717162097048e-11,1.4521717162097048e-11,1.4521717162097048e-11,1
C,hybrid_tdvp,rzz,0.05,2,8,64,4,commuting,5,5.6558757677294125e-11,5.6558757677294125e-11,5.6558757677294125e-11,1
C,hybrid_tdvp,rzz,0.05,2,8,64,4,commuting,8,8.362421866081604e-11,8.362421866081604e-11,8.362421866081604e-11,1
C,hybrid_tdvp,rzz,0.05,2,8,64,4,commuting,11,1.739113297816175e-10,1.739113297816175e-10,1.739113297816175e-10,1
C,hybrid_tdvp,rzz,0.05,2,8,64,4,commuting,14,2.568842916161884e-10,2.568842916161884e-10,2.568842916161884e-10,1
C,hybrid_tdvp,rzz,0.05,2,8,64,4,commuting,17,3.2810110184300356e-10,3.2810110184300356e-10,3.2810110184300356e-10,1
C,hybrid_tdvp,rzz,0.05,2,8,64,4,commuting,20,4.483602378257956e-10,4.483602378257956e-10,4.483602378257956e-10,1
C,hybrid_tdvp,rzz,0.05,2,8,64,4,commuting,23,6.344400560465147e-10,6.344400560465147e-10,6.344400560465147e-10,1
C,hybrid_tdvp,rzz,0.05,2,8,64,4,commuting,26,9.042488979815744e-10,9.042488979815744e-10,9.042488979815744e-10,1
C,hybrid_tdvp,rzz,0.05,2,8,64,4,commuting,29,1.0274461281767344e-09,1.0274461281767344e-09,1.0274461281767344e-09,1
C,hybrid_tdvp,rzz,0.05,2,8,64,4,commuting,32,1.1908591890374964e-09,1.1908591890374964e-09,1.1908591890374964e-09,1
C,hybrid_tdvp,rzz,0.05,2,8,64,4,commuting,35,1.4003622705871521e-09,1.4003622705871521e-09,1.4003622705871521e-09,1
C,hybrid_tdvp,rzz,0.05,2,8,64,4,mixed,2,4.0811354296010904e-11,4.0811354296010904e-11,4.0811354296010904e-11,1
C,hybrid_tdvp,rzz,0.05,2,8,64,4,mixed,5,4.29012381175653e-11,4.29012381175653e-11,4.29012381175653e-11,1
C,hybrid_tdvp,rzz,0.05,2,8,64,4,mixed,8,4.5649262148117487e-11,4.5649262148117487e-11,4.5649262148117487e-11,1
C,hybrid_tdvp,rzz,0.05,2,8,64,4,mixed,11,4.84268181111247e-11,4.84268181111247e-11,4.84268181111247e-11,1
C,hybrid_tdvp,rzz,0.05,2,8,64,4,mixed,14,5.214317866375495e-11,5.214317866375495e-11,5.214317866375495e-11,1
C,hybrid_tdvp,rzz,0.05,2,8,64,4,mixed,17,5.500955246873218e-11,5.500955246873218e-11,5.500955246873218e-11,1
C,hybrid_tdvp,rzz,0.05,2,8,64,4,mixed,20,5.815659065433465e-11,5.815659065433465e-11,5.815659065433465e-11,1
C,hybrid_tdvp,rzz,0.05,2,8,64,4,mixed,23,6.084910353365558e-11,6.084910353365558e-11,6.084910353365558e-11,1
C,hybrid_tdvp,rzz,0.05,2,8,64,4,mixed,26,6.264189167382028e-11,6.264189167382028e-11,6.264189167382028e-11,1
C,hybrid_tdvp,rzz,0.05,2,8,64,4,mixed,29,6.482725467549244e-11,6.482725467549244e-11,6.482725467549244e-11,1
C,hybrid_tdvp,rzz,0.05,2,8,64,4,mixed,32,6.63056276550833e-11,6.63056276550833e-11,6.63056276550833e-11,1
C,hybrid_tdvp,rzz,0.05,2,8,64,4,mixed,35,6.840372712701992e-11,6.840372712701992e-11,6.840372712701992e-11,1
C,hybrid_tdvp,rzz,0.05,2,8,64,8,commuting,2,3.594902153736257e-12,3.594902153736257e-12,3.594902153736257e-12,1
C,hybrid_tdvp,rzz,0.05,2,8,64,8,commuting,5,1.3698819856244882e-10,1.3698819856244882e-10,1.3698819856244882e-10,1
C,hybrid_tdvp,rzz,0.05,2,8,64,8,commuting,8,5.558580262743362e-10,5.558580262743362e-10,5.558580262743362e-10,1
C,hybrid_tdvp,rzz,0.05,2,8,64,8,commuting,11,7.978280258669201e-10,7.978280258669201e-10,7.978280258669201e-10,1
C,hybrid_tdvp,rzz,0.05,2,8,64,8,commuting,14,1.007902428185048e-09,1.007902428185048e-09,1.007902428185048e-09,1
C,hybrid_tdvp,rzz,0.05,2,8,64,8,commuting,17,1.4119112545785129e-09,1.4119112545785129e-09,1.4119112545785129e-09,1
C,hybrid_tdvp,rzz,0.05,2,8,64,8,commuting,20,2.095327022999527e-09,2.095327022999527e-09,2.095327022999527e-09,1
C,hybrid_tdvp,rzz,0.05,2,8,64,8,commuting,23,3.1513009979278195e-09,3.1513009979278195e-09,3.1513009979278195e-09,1
C,hybrid_tdvp,rzz,0.05,2,8,64,8,commuting,26,3.786642333025725e-09,3.786642333025725e-09,3.786642333025725e-09,1
C,hybrid_tdvp,rzz,0.05,2,8,64,8,commuting,29,4.681340648460264e-09,4.681340648460264e-09,4.681340648460264e-09,1
C,hybrid_tdvp,rzz,0.05,2,8,64,8,commuting,32,5.525194746169859e-09,5.525194746169859e-09,5.525194746169859e-09,1
C,hybrid_tdvp,rzz,0.05,2,8,64,8,commuting,35,6.156741783058806e-09,6.156741783058806e-09,6.156741783058806e-09,1
C,hybrid_tdvp,rzz,0.05,2,8,64,8,mixed,2,5.487255094749344e-11,5.487255094749344e-11,5.487255094749344e-11,1
C,hybrid_tdvp,rzz,0.05,2,8,64,8,mixed,5,6.040723476985477e-11,6.040723476985477e-11,6.040723476985477e-11,1
C,hybrid_tdvp,rzz,0.05,2,8,64,8,mixed,8,6.484035530718302e-11,6.484035530718302e-11,6.484035530718302e-11,1
C,hybrid_tdvp,rzz,0.05,2,8,64,8,mixed,11,7.062395113166531e-11,7.062395113166531e-11,7.062395113166531e-11,1
C,hybrid_tdvp,rzz,0.05,2,8,64,8,mixed,14,7.593370376923758e-11,7.593370376923758e-11,7.593370376923758e-11,1
C,hybrid_tdvp,rzz,0.05,2,8,64,8,mixed,17,7.974954030487424e-11,7.974954030487424e-11,7.974954030487424e-11,1
C,hybrid_tdvp,rzz,0.05,2,8,64,8,mixed,20,8.348233215826895e-11,8.348233215826895e-11,8.348233215826895e-11,1
C,hybrid_tdvp,rzz,0.05,2,8,64,8,mixed,23,8.75837180558392e-11,8.75837180558392e-11,8.75837180558392e-11,1
C,hybrid_tdvp,rzz,0.05,2,8,64,8,mixed,26,9.061684735911513e-11,9.061684735911513e-11,9.061684735911513e-11,1
C,hybrid_tdvp,rzz,0.05,2,8,64,8,mixed,29,9.354228502900241e-11,9.354228502900241e-11,9.354228502900241e-11,1
C,hybrid_tdvp,rzz,0.05,2,8,64,8,mixed,32,9.637401987561134e-11,9.637401987561134e-11,9.637401987561134e-11,1
C,hybrid_tdvp,rzz,0.05,2,8,64,8,mixed,35,9.884693064066141e-11,9.884693064066141e-11,9.884693064066141e-11,1
C,hybrid_tdvp,rzz,0.05,2,8,8,1,commuting,2,0.0006136719701788085,0.0006136719701788085,0.0006136719701788085,1
C,hybrid_tdvp,rzz,0.05,2,8,8,1,commuting,5,0.002576905062136259,0.002576905062136259,0.002576905062136259,1
C,hybrid_tdvp,rzz,0.05,2,8,8,1,commuting,8,0.005745381888375478,0.005745381888375478,0.005745381888375478,1
C,hybrid_tdvp,rzz,0.05,2,8,8,1,commuting,11,0.0097211060887189,0.0097211060887189,0.0097211060887189,1
C,hybrid_tdvp,rzz,0.05,2,8,8,1,commuting,14,0.014232851100425492,0.014232851100425492,0.014232851100425492,1
C,hybrid_tdvp,rzz,0.05,2,8,8,1,commuting,17,0.019137577931874095,0.019137577931874095,0.019137577931874095,1
C,hybrid_tdvp,rzz,0.05,2,8,8,1,commuting,20,0.02436336443537679,0.02436336443537679,0.02436336443537679,1
C,hybrid_tdvp,rzz,0.05,2,8,8,1,commuting,23,0.029872926256470755,0.029872926256470755,0.029872926256470755,1
C,hybrid_tdvp,rzz,0.05,2,8,8,1,commuting,26,0.035648981896773235,0.035648981896773235,0.035648981896773235,1
C,hybrid_tdvp,rzz,0.05,2,8,8,1,commuting,29,0.04168666641641827,0.04168666641641827,0.04168666641641827,1
C,hybrid_tdvp,rzz,0.05,2,8,8,1,commuting,32,0.047987905901493155,0.047987905901493155,0.047987905901493155,1
C,hybrid_tdvp,rzz,0.05,2,8,8,1,commuting,35,0.0545577041430505,0.0545577041430505,0.0545577041430505,1
C,hybrid_tdvp,rzz,0.05,2,8,8,1,mixed,2,0.0006669118086215509,0.0006669118086215509,0.0006669118086215509,1
C,hybrid_tdvp,rzz,0.05,2,8,8,1,mixed,5,0.002839528585963924,0.002839528585963924,0.002839528585963924,1
C,hybrid_tdvp,rzz,0.05,2,8,8,1,mixed,8,0.006549135643737047,0.006549135643737047,0.006549135643737047,1
C,hybrid_tdvp,rzz,0.05,2,8,8,1,mixed,11,0.011515565852627141,0.011515565852627141,0.011515565852627141,1
C,hybrid_tdvp,rzz,0.05,2,8,8,1,mixed,14,0.017506503417370367,0.017506503417370367,0.017506503417370367,1
C,hybrid_tdvp,rzz,0.05,2,8,8,1,mixed,17,0.024356807031006844,0.024356807031006844,0.024356807031006844,1
C,hybrid_tdvp,rzz,0.05,2,8,8,1,mixed,20,0.03194624016547887,0.03194624016547887,0.03194624016547887,1
C,hybrid_tdvp,rzz,0.05,2,8,8,1,mixed,23,0.040173815728273166,0.040173815728273166,0.040173815728273166,1
C,hybrid_tdvp,rzz,0.05,2,8,8,1,mixed,26,0.04894803902693046,0.04894803902693046,0.04894803902693046,1
C,hybrid_tdvp,rzz,0.05,2,8,8,1,mixed,29,0.058186965781438116,0.058186965781438116,0.058186965781438116,1
C,hybrid_tdvp,rzz,0.05,2,8,8,1,mixed,32,0.0678201277871977,0.0678201277871977,0.0678201277871977,1
C,hybrid_tdvp,rzz,0.05,2,8,8,1,mixed,35,0.07778908401869977,0.07778908401869977,0.07778908401869977,1
C,hybrid_tdvp,rzz,0.05,2,8,8,2,commuting,2,0.0006143599211513306,0.0006143599211513306,0.0006143599211513306,1
C,hybrid_tdvp,rzz,0.05,2,8,8,2,commuting,5,0.00258763704685272,0.00258763704685272,0.00258763704685272,1
C,hybrid_tdvp,rzz,0.05,2,8,8,2,commuting,8,0.0057869716696736795,0.0057869716696736795,0.0057869716696736795,1
C,hybrid_tdvp,rzz,0.05,2,8,8,2,commuting,11,0.009814759110275517,0.009814759110275517,0.009814759110275517,1
C,hybrid_tdvp,rzz,0.05,2,8,8,2,commuting,14,0.014389762147301255,0.014389762147301255,0.014389762147301255,1
C,hybrid_tdvp,rzz,0.05,2,8,8,2,commuting,17,0.01935942020990855,0.01935942020990855,0.01935942020990855,1
C,hybrid_tdvp,rzz,0.05,2,8,8,2,commuting,20,0.02464749328250526,0.02464749328250526,0.02464749328250526,1
C,hybrid_tdvp,rzz,0.05,2,8,8,2,commuting,23,0.030215656968179072,0.030215656968179072,0.030215656968179072,1
C,hybrid_tdvp,rzz,0.05,2,8,8,2,commuting,26,0.036046842978366134,0.036046842978366134,0.036046842978366134,1
C,hybrid_tdvp,rzz,0.05,2,8,8,2,commuting,29,0.042136887993200034,0.042136887993200034,0.042136887993200034,1
C,hybrid_tdvp,rzz,0.05,2,8,8,2,commuting,32,0.04848861627490808,0.04848861627490808,0.04848861627490808,1
C,hybrid_tdvp,rzz,0.05,2,8,8,2,commuting,35,0.0551079067858774,0.0551079067858774,0.0551079067858774,1
C,hybrid_tdvp,rzz,0.05,2,8,8,2,mixed,2,0.0006674078087001156,0.0006674078087001156,0.0006674078087001156,1
C,hybrid_tdvp,rzz,0.05,2,8,8,2,mixed,5,0.0028460516697762506,0.0028460516697762506,0.0028460516697762506,1
C,hybrid_tdvp,rzz,0.05,2,8,8,2,mixed,8,0.006575538345094278,0.006575538345094278,0.006575538345094278,1
C,hybrid_tdvp,rzz,0.05,2,8,8,2,mixed,11,0.011583273544422568,0.011583273544422568,0.011583273544422568,1
C,hybrid_tdvp,rzz,0.05,2,8,8,2,mixed,14,0.017637899179101302,0.017637899179101302,0.017637899179101302,1
C,hybrid_tdvp,rzz,0.05,2,8,8,2,mixed,17,0.02456884814372917,0.02456884814372917,0.02456884814372917,1
C,hybrid_tdvp,rzz,0.05,2,8,8,2,mixed,20,0.03225045968071816,0.03225045968071816,0.03225045968071816,1
C,hybrid_tdvp,rzz,0.05,2,8,8,2,mixed,23,0.04057868154097577,0.04057868154097577,0.04057868154097577,1
C,hybrid_tdvp,rzz,0.05,2,8,8,2,mixed,26,0.04946005553973021,0.04946005553973021,0.04946005553973021,1
C,hybrid_tdvp,rzz,0.05,2,8,8,2,mixed,29,0.0588106067935541,0.0588106067935541,0.0588106067935541,1
C,hybrid_tdvp,rzz,0.05,2,8,8,2,mixed,32,0.06855751680034405,0.06855751680034405,0.06855751680034405,1
C,hybrid_tdvp,rzz,0.05,2,8,8,2,mixed,35,0.07863992200762204,0.07863992200762204,0.07863992200762204,1
C,hybrid_tdvp,rzz,0.05,2,8,8,4,commuting,2,0.0006147531020208596,0.0006147531020208596,0.0006147531020208596,1
C,hybrid_tdvp,rzz,0.05,2,8,8,4,commuting,5,0.0025929803430639886,0.0025929803430639886,0.0025929803430639886,1
C,hybrid_tdvp,rzz,0.05,2,8,8,4,commuting,8,0.005807424356846558,0.005807424356846558,0.005807424356846558,1
C,hybrid_tdvp,rzz,0.05,2,8,8,4,commuting,11,0.009860990220357913,0.009860990220357913,0.009860990220357913,1
C,hybrid_tdvp,rzz,0.05,2,8,8,4,commuting,14,0.014467835218335945,0.014467835218335945,0.014467835218335945,1
C,hybrid_tdvp,rzz,0.05,2,8,8,4,commuting,17,0.019470599847755232,0.019470599847755232,0.019470599847755232,1
C,hybrid_tdvp,rzz,0.05,2,8,8,4,commuting,20,0.02479065960938598,0.02479065960938598,0.02479065960938598,1
C,hybrid_tdvp,rzz,0.05,2,8,8,4,commuting,23,0.0303890156934008,0.0303890156934008,0.0303890156934008,1
C,hybrid_tdvp,rzz,0.05,2,8,8,4,commuting,26,0.036248633209995496,0.036248633209995496,0.036248633209995496,1
C,hybrid_tdvp,rzz,0.05,2,8,8,4,commuting,29,0.04236566739117653,0.04236566739117653,0.04236566739117653,1
C,hybrid_tdvp,rzz,0.05,2,8,8,4,commuting,32,0.048743382099530996,0.048743382099530996,0.048743382099530996,1
C,hybrid_tdvp,rzz,0.05,2,8,8,4,commuting,35,0.05538809964875413,0.05538809964875413,0.05538809964875413,1
C,hybrid_tdvp,rzz,0.05,2,8,8,4,mixed,2,0.0006676951549198229,0.0006676951549198229,0.0006676951549198229,1
C,hybrid_tdvp,rzz,0.05,2,8,8,4,mixed,5,0.0028493331003517364,0.0028493331003517364,0.0028493331003517364,1
C,hybrid_tdvp,rzz,0.05,2,8,8,4,mixed,8,0.006588426542222248,0.006588426542222248,0.006588426542222248,1
C,hybrid_tdvp,rzz,0.05,2,8,8,4,mixed,11,0.011615968267502774,0.011615968267502774,0.011615968267502774,1
C,hybrid_tdvp,rzz,0.05,2,8,8,4,mixed,14,0.01770143263665802,0.01770143263665802,0.01770143263665802,1
C,hybrid_tdvp,rzz,0.05,2,8,8,4,mixed,17,0.02467202541785407,0.02467202541785407,0.02467202541785407,1
C,hybrid_tdvp,rzz,0.05,2,8,8,4,mixed,20,0.03239948806583248,0.03239948806583248,0.03239948806583248,1
C,hybrid_tdvp,rzz,0.05,2,8,8,4,mixed,23,0.04077816160574843,0.04077816160574843,0.04077816160574843,1
C,hybrid_tdvp,rzz,0.05,2,8,8,4,mixed,26,0.049713547330213714,0.049713547330213714,0.049713547330213714,1
C,hybrid_tdvp,rzz,0.05,2,8,8,4,mixed,29,0.05912063054418404,0.05912063054418404,0.05912063054418404,1
C,hybrid_tdvp,rzz,0.05,2,8,8,4,mixed,32,0.06892539132707298,0.06892539132707298,0.06892539132707298,1
C,hybrid_tdvp,rzz,0.05,2,8,8,4,mixed,35,0.0790657059904396,0.0790657059904396,0.0790657059904396,1
C,hybrid_tdvp,rzz,0.05,2,8,8,8,commuting,2,0.0006149613455767033,0.0006149613455767033,0.0006149613455767033,1
C,hybrid_tdvp,rzz,0.05,2,8,8,8,commuting,5,0.002595648946163376,0.002595648946163376,0.002595648946163376,1
C,hybrid_tdvp,rzz,0.05,2,8,8,8,commuting,8,0.005817577609942948,0.005817577609942948,0.005817577609942948,1
C,hybrid_tdvp,rzz,0.05,2,8,8,8,commuting,11,0.009883976442462417,0.009883976442462417,0.009883976442462417,1
C,hybrid_tdvp,rzz,0.05,2,8,8,8,commuting,14,0.014506796344067041,0.014506796344067041,0.014506796344067041,1
C,hybrid_tdvp,rzz,0.05,2,8,8,8,commuting,17,0.01952627574487642,0.01952627574487642,0.01952627574487642,1
C,hybrid_tdvp,rzz,0.05,2,8,8,8,commuting,20,0.024862544135123565,0.024862544135123565,0.024862544135123565,1
C,hybrid_tdvp,rzz,0.05,2,8,8,8,commuting,23,0.03047622574096287,0.03047622574096287,0.03047622574096287,1
C,hybrid_tdvp,rzz,0.05,2,8,8,8,commuting,26,0.03635028261681117,0.03635028261681117,0.03635028261681117,1
C,hybrid_tdvp,rzz,0.05,2,8,8,8,commuting,29,0.04248102019374411,0.04248102019374411,0.04248102019374411,1
C,hybrid_tdvp,rzz,0.05,2,8,8,8,commuting,32,0.04887191904345278,0.04887191904345278,0.04887191904345278,1
C,hybrid_tdvp,rzz,0.05,2,8,8,8,commuting,35,0.055529524135636166,0.055529524135636166,0.055529524135636166,1
C,hybrid_tdvp,rzz,0.05,2,8,8,8,mixed,2,0.000667847772061303,0.000667847772061303,0.000667847772061303,1
C,hybrid_tdvp,rzz,0.05,2,8,8,8,mixed,5,0.0028509795496639567,0.0028509795496639567,0.0028509795496639567,1
C,hybrid_tdvp,rzz,0.05,2,8,8,8,mixed,8,0.006594803902249979,0.006594803902249979,0.006594803902249979,1
C,hybrid_tdvp,rzz,0.05,2,8,8,8,mixed,11,0.011632057210381519,0.011632057210381519,0.011632057210381519,1
C,hybrid_tdvp,rzz,0.05,2,8,8,8,mixed,14,0.017732700888986264,0.017732700888986264,0.017732700888986264,1
C,hybrid_tdvp,rzz,0.05,2,8,8,8,mixed,17,0.0247229429859247,0.0247229429859247,0.0247229429859247,1
C,hybrid_tdvp,rzz,0.05,2,8,8,8,mixed,20,0.03247326300593234,0.03247326300593234,0.03247326300593234,1
C,hybrid_tdvp,rzz,0.05,2,8,8,8,mixed,23,0.0408771855456912,0.0408771855456912,0.0408771855456912,1
C,hybrid_tdvp,rzz,0.05,2,8,8,8,mixed,26,0.049839678290084954,0.049839678290084954,0.049839678290084954,1
C,hybrid_tdvp,rzz,0.05,2,8,8,8,mixed,29,0.05927520099668848,0.05927520099668848,0.05927520099668848,1
C,hybrid_tdvp,rzz,0.05,2,8,8,8,mixed,32,0.06910912716715023,0.06910912716715023,0.06910912716715023,1
C,hybrid_tdvp,rzz,0.05,2,8,8,8,mixed,35,0.07927869146038691,0.07927869146038691,0.07927869146038691,1
C,hybrid_tdvp,rzz,0.05,2,9,16,1,commuting,1,0.0,0.0,0.0,1
C,hybrid_tdvp,rzz,0.05,2,9,16,1,commuting,4,8.993258079903477e-06,8.993258079903477e-06,8.993258079903477e-06,1
C,hybrid_tdvp,rzz,0.05,2,9,16,1,commuting,7,3.334620674455557e-05,3.334620674455557e-05,3.334620674455557e-05,1
C,hybrid_tdvp,rzz,0.05,2,9,16,1,commuting,10,7.715611801206723e-05,7.715611801206723e-05,7.715611801206723e-05,1
C,hybrid_tdvp,rzz,0.05,2,9,16,1,commuting,13,0.00014134586333558463,0.00014134586333558463,0.00014134586333558463,1
C,hybrid_tdvp,rzz,0.05,2,9,16,1,commuting,16,0.0002275820503913062,0.0002275820503913062,0.0002275820503913062,1
C,hybrid_tdvp,rzz,0.05,2,9,16,1,commuting,19,0.0003376524660013702,0.0003376524660013702,0.0003376524660013702,1
C,hybrid_tdvp,rzz,0.05,2,9,16,1,commuting,22,0.0004733233954085092,0.0004733233954085092,0.0004733233954085092,1
C,hybrid_tdvp,rzz,0.05,2,9,16,1,commuting,25,0.000636201182268592,0.000636201182268592,0.000636201182268592,1
C,hybrid_tdvp,rzz,0.05,2,9,16,1,commuting,28,0.0008276396127762098,0.0008276396127762098,0.0008276396127762098,1
C,hybrid_tdvp,rzz,0.05,2,9,16,1,commuting,31,0.0010487183084432194,0.0010487183084432194,0.0010487183084432194,1
C,hybrid_tdvp,rzz,0.05,2,9,16,1,commuting,34,0.0013002801113232154,0.0013002801113232154,0.0013002801113232154,1
C,hybrid_tdvp,rzz,0.05,2,9,16,2,commuting,1,5.823763693513229e-11,5.823763693513229e-11,5.823763693513229e-11,1
C,hybrid_tdvp,rzz,0.05,2,9,16,2,commuting,4,1.0088688978338034e-05,1.0088688978338034e-05,1.0088688978338034e-05,1
C,hybrid_tdvp,rzz,0.05,2,9,16,2,commuting,7,3.877778174010693e-05,3.877778174010693e-05,3.877778174010693e-05,1
C,hybrid_tdvp,rzz,0.05,2,9,16,2,commuting,10,8.729444500610306e-05,8.729444500610306e-05,8.729444500610306e-05,1
C,hybrid_tdvp,rzz,0.05,2,9,16,2,commuting,13,0.00015718069965720005,0.00015718069965720005,0.00015718069965720005,1
C,hybrid_tdvp,rzz,0.05,2,9,16,2,commuting,16,0.00025027322384651995,0.00025027322384651995,0.00025027322384651995,1
C,hybrid_tdvp,rzz,0.05,2,9,16,2,commuting,19,0.0003684363966830473,0.0003684363966830473,0.0003684363966830473,1
C,hybrid_tdvp,rzz,0.05,2,9,16,2,commuting,22,0.0005133585594843115,0.0005133585594843115,0.0005133585594843115,1
C,hybrid_tdvp,rzz,0.05,2,9,16,2,commuting,25,0.000686363740949214,0.000686363740949214,0.000686363740949214,1
C,hybrid_tdvp,rzz,0.05,2,9,16,2,commuting,28,0.0008883024074807233,0.0008883024074807233,0.0008883024074807233,1
C,hybrid_tdvp,rzz,0.05,2,9,16,2,commuting,31,0.0011195778460244554,0.0011195778460244554,0.0011195778460244554,1
C,hybrid_tdvp,rzz,0.05,2,9,16,2,commuting,34,0.0013803008513492143,0.0013803008513492143,0.0013803008513492143,1
C,hybrid_tdvp,rzz,0.05,2,9,16,4,commuting,1,1.45345957491827e-11,1.45345957491827e-11,1.45345957491827e-11,1
C,hybrid_tdvp,rzz,0.05,2,9,16,4,commuting,4,1.0824566802680735e-05,1.0824566802680735e-05,1.0824566802680735e-05,1
C,hybrid_tdvp,rzz,0.05,2,9,16,4,commuting,7,4.143558164182437e-05,4.143558164182437e-05,4.143558164182437e-05,1
C,hybrid_tdvp,rzz,0.05,2,9,16,4,commuting,10,9.17494330744395e-05,9.17494330744395e-05,9.17494330744395e-05,1
C,hybrid_tdvp,rzz,0.05,2,9,16,4,commuting,13,0.00016307259966541476,0.00016307259966541476,0.00016307259966541476,1
C,hybrid_tdvp,rzz,0.05,2,9,16,4,commuting,16,0.00025713520137038426,0.00025713520137038426,0.00025713520137038426,1
C,hybrid_tdvp,rzz,0.05,2,9,16,4,commuting,19,0.0003756648231719728,0.0003756648231719728,0.0003756648231719728,1
C,hybrid_tdvp,rzz,0.05,2,9,16,4,commuting,22,0.0005201806242177698,0.0005201806242177698,0.0005201806242177698,1
C,hybrid_tdvp,rzz,0.05,2,9,16,4,commuting,25,0.0006918336968915195,0.0006918336968915195,0.0006918336968915195,1
C,hybrid_tdvp,rzz,0.05,2,9,16,4,commuting,28,0.0008913459613663077,0.0008913459613663077,0.0008913459613663077,1
C,hybrid_tdvp,rzz,0.05,2,9,16,4,commuting,31,0.00111908529540794,0.00111908529540794,0.00111908529540794,1
C,hybrid_tdvp,rzz,0.05,2,9,16,4,commuting,34,0.0013752413651620943,0.0013752413651620943,0.0013752413651620943,1
C,hybrid_tdvp,rzz,0.05,2,9,16,8,commuting,1,3.6350922272276875e-12,3.6350922272276875e-12,3.6350922272276875e-12,1
C,hybrid_tdvp,rzz,0.05,2,9,16,8,commuting,4,1.1132100102284603e-05,1.1132100102284603e-05,1.1132100102284603e-05,1
C,hybrid_tdvp,rzz,0.05,2,9,16,8,commuting,7,4.042084591882045e-05,4.042084591882045e-05,4.042084591882045e-05,1
C,hybrid_tdvp,rzz,0.05,2,9,16,8,commuting,10,8.90301836909968e-05,8.90301836909968e-05,8.90301836909968e-05,1
C,hybrid_tdvp,rzz,0.05,2,9,16,8,commuting,13,0.00015696594060787827,0.00015696594060787827,0.00015696594060787827,1
C,hybrid_tdvp,rzz,0.05,2,9,16,8,commuting,16,0.0002463097956252325,0.0002463097956252325,0.0002463097956252325,1
C,hybrid_tdvp,rzz,0.05,2,9,16,8,commuting,19,0.0003589174908522619,0.0003589174908522619,0.0003589174908522619,1
C,hybrid_tdvp,rzz,0.05,2,9,16,8,commuting,22,0.0004967077597811675,0.0004967077597811675,0.0004967077597811675,1
C,hybrid_tdvp,rzz,0.05,2,9,16,8,commuting,25,0.0006593065388260655,0.0006593065388260655,0.0006593065388260655,1
C,hybrid_tdvp,rzz,0.05,2,9,16,8,commuting,28,0.0008487192990956904,0.0008487192990956904,0.0008487192990956904,1
C,hybrid_tdvp,rzz,0.05,2,9,16,8,commuting,31,0.0010655007754529766,0.0010655007754529766,0.0010655007754529766,1
C,hybrid_tdvp,rzz,0.05,2,9,16,8,commuting,34,0.0013103081678104145,0.0013103081678104145,0.0013103081678104145,1
C,hybrid_tdvp,rzz,0.05,2,9,64,1,commuting,1,0.0,0.0,0.0,1
C,hybrid_tdvp,rzz,0.05,2,9,64,1,commuting,4,9.426681657487279e-12,9.426681657487279e-12,9.426681657487279e-12,1
C,hybrid_tdvp,rzz,0.05,2,9,64,1,commuting,7,1.2599921106470902e-11,1.2599921106470902e-11,1.2599921106470902e-11,1
C,hybrid_tdvp,rzz,0.05,2,9,64,1,commuting,10,1.5823564680772506e-11,1.5823564680772506e-11,1.5823564680772506e-11,1
C,hybrid_tdvp,rzz,0.05,2,9,64,1,commuting,13,1.580646724619328e-11,1.580646724619328e-11,1.580646724619328e-11,1
C,hybrid_tdvp,rzz,0.05,2,9,64,1,commuting,16,1.5834666911018758e-11,1.5834666911018758e-11,1.5834666911018758e-11,1
C,hybrid_tdvp,rzz,0.05,2,9,64,1,commuting,19,1.5827117394451307e-11,1.5827117394451307e-11,1.5827117394451307e-11,1
C,hybrid_tdvp,rzz,0.05,2,9,64,1,commuting,22,1.584044007074681e-11,1.584044007074681e-11,1.584044007074681e-11,1
C,hybrid_tdvp,rzz,0.05,2,9,64,1,commuting,25,1.582600717142668e-11,1.582600717142668e-11,1.582600717142668e-11,1
C,hybrid_tdvp,rzz,0.05,2,9,64,1,commuting,28,1.5798029551206128e-11,1.5798029551206128e-11,1.5798029551206128e-11,1
C,hybrid_tdvp,rzz,0.05,2,9,64,1,commuting,31,1.5781598250441675e-11,1.5781598250441675e-11,1.5781598250441675e-11,1
C,hybrid_tdvp,rzz,0.05,2,9,64,1,commuting,34,1.5774936912293924e-11,1.5774936912293924e-11,1.5774936912293924e-11,1
C,hybrid_tdvp,rzz,0.05,2,9,64,2,commuting,1,5.823763693513229e-11,5.823763693513229e-11,5.823763693513229e-11,1
C,hybrid_tdvp,rzz,0.05,2,9,64,2,commuting,4,6.079670100689327e-11,6.079670100689327e-11,6.079670100689327e-11,1
C,hybrid_tdvp,rzz,0.05,2,9,64,2,commuting,7,6.758060777656283e-11,6.758060777656283e-11,6.758060777656283e-11,1
C,hybrid_tdvp,rzz,0.05,2,9,64,2,commuting,10,8.11835043634801e-11,8.11835043634801e-11,8.11835043634801e-11,1
C,hybrid_tdvp,rzz,0.05,2,9,64,2,commuting,13,1.0739586997488004e-10,1.0739586997488004e-10,1.0739586997488004e-10,1
C,hybrid_tdvp,rzz,0.05,2,9,64,2,commuting,16,1.3928391773276871e-10,1.3928391773276871e-10,1.3928391773276871e-10,1
C,hybrid_tdvp,rzz,0.05,2,9,64,2,commuting,19,1.523583481599644e-10,1.523583481599644e-10,1.523583481599644e-10,1
C,hybrid_tdvp,rzz,0.05,2,9,64,2,commuting,22,1.5235368522326098e-10,1.5235368522326098e-10,1.5235368522326098e-10,1
C,hybrid_tdvp,rzz,0.05,2,9,64,2,commuting,25,1.5233192485197833e-10,1.5233192485197833e-10,1.5233192485197833e-10,1
C,hybrid_tdvp,rzz,0.05,2,9,64,2,commuting,28,1.5230905425767105e-10,1.5230905425767105e-10,1.5230905425767105e-10,1
C,hybrid_tdvp,rzz,0.05,2,9,64,2,commuting,31,1.5230483541017747e-10,1.5230483541017747e-10,1.5230483541017747e-10,1
C,hybrid_tdvp,rzz,0.05,2,9,64,2,commuting,34,1.5228662775257362e-10,1.5228662775257362e-10,1.5228662775257362e-10,1
C,hybrid_tdvp,rzz,0.05,2,9,64,4,commuting,1,1.45345957491827e-11,1.45345957491827e-11,1.45345957491827e-11,1
C,hybrid_tdvp,rzz,0.05,2,9,64,4,commuting,4,2.923883357652812e-11,2.923883357652812e-11,2.923883357652812e-11,1
C,hybrid_tdvp,rzz,0.05,2,9,64,4,commuting,7,6.673506192100831e-11,6.673506192100831e-11,6.673506192100831e-11,1
C,hybrid_tdvp,rzz,0.05,2,9,64,4,commuting,10,1.211883926544033e-10,1.211883926544033e-10,1.211883926544033e-10,1
C,hybrid_tdvp,rzz,0.05,2,9,64,4,commuting,13,2.1022095175737832e-10,2.1022095175737832e-10,2.1022095175737832e-10,1
C,hybrid_tdvp,rzz,0.05,2,9,64,4,commuting,16,2.8878965885326124e-10,2.8878965885326124e-10,2.8878965885326124e-10,1
C,hybrid_tdvp,rzz,0.05,2,9,64,4,commuting,19,3.831688299982261e-10,3.831688299982261e-10,3.831688299982261e-10,1
C,hybrid_tdvp,rzz,0.05,2,9,64,4,commuting,22,5.349178877622762e-10,5.349178877622762e-10,5.349178877622762e-10,1
C,hybrid_tdvp,rzz,0.05,2,9,64,4,commuting,25,7.614882058248895e-10,7.614882058248895e-10,7.614882058248895e-10,1
C,hybrid_tdvp,rzz,0.05,2,9,64,4,commuting,28,9.621576868568127e-10,9.621576868568127e-10,9.621576868568127e-10,1
C,hybrid_tdvp,rzz,0.05,2,9,64,4,commuting,31,1.1049592352208037e-09,1.1049592352208037e-09,1.1049592352208037e-09,1
C,hybrid_tdvp,rzz,0.05,2,9,64,4,commuting,34,1.290990869762254e-09,1.290990869762254e-09,1.290990869762254e-09,1
C,hybrid_tdvp,rzz,0.05,2,9,64,8,commuting,1,3.6350922272276875e-12,3.6350922272276875e-12,3.6350922272276875e-12,1
C,hybrid_tdvp,rzz,0.05,2,9,64,8,commuting,4,3.940603399144038e-11,3.940603399144038e-11,3.940603399144038e-11,1
C,hybrid_tdvp,rzz,0.05,2,9,64,8,commuting,7,2.951772160031396e-10,2.951772160031396e-10,2.951772160031396e-10,1
C,hybrid_tdvp,rzz,0.05,2,9,64,8,commuting,10,6.565743504438615e-10,6.565743504438615e-10,6.565743504438615e-10,1
C,hybrid_tdvp,rzz,0.05,2,9,64,8,commuting,13,8.899072589940715e-10,8.899072589940715e-10,8.899072589940715e-10,1
C,hybrid_tdvp,rzz,0.05,2,9,64,8,commuting,16,1.1907175245795543e-09,1.1907175245795543e-09,1.1907175245795543e-09,1
C,hybrid_tdvp,rzz,0.05,2,9,64,8,commuting,19,1.7285162190461278e-09,1.7285162190461278e-09,1.7285162190461278e-09,1
C,hybrid_tdvp,rzz,0.05,2,9,64,8,commuting,22,2.5943047710086375e-09,2.5943047710086375e-09,2.5943047710086375e-09,1
C,hybrid_tdvp,rzz,0.05,2,9,64,8,commuting,25,3.4509315405273355e-09,3.4509315405273355e-09,3.4509315405273355e-09,1
C,hybrid_tdvp,rzz,0.05,2,9,64,8,commuting,28,4.212682869209061e-09,4.212682869209061e-09,4.212682869209061e-09,1
C,hybrid_tdvp,rzz,0.05,2,9,64,8,commuting,31,5.263565139301818e-09,5.263565139301818e-09,5.263565139301818e-09,1
C,hybrid_tdvp,rzz,0.05,2,9,64,8,commuting,34,5.823652005076951e-09,5.823652005076951e-09,5.823652005076951e-09,1
C,hybrid_tdvp,rzz,0.05,2,9,8,1,commuting,1,0.00039480613211362314,0.00039480613211362314,0.00039480613211362314,1
C,hybrid_tdvp,rzz,0.05,2,9,8,1,commuting,4,0.00186101817268014,0.00186101817268014,0.00186101817268014,1
C,hybrid_tdvp,rzz,0.05,2,9,8,1,commuting,7,0.004644537921204228,0.004644537921204228,0.004644537921204228,1
C,hybrid_tdvp,rzz,0.05,2,9,8,1,commuting,10,0.008324503291336272,0.008324503291336272,0.008324503291336272,1
C,hybrid_tdvp,rzz,0.05,2,9,8,1,commuting,13,0.012588395656409901,0.012588395656409901,0.012588395656409901,1
C,hybrid_tdvp,rzz,0.05,2,9,8,1,commuting,16,0.01727067295640028,0.01727067295640028,0.01727067295640028,1
C,hybrid_tdvp,rzz,0.05,2,9,8,1,commuting,19,0.022292838276809834,0.022292838276809834,0.022292838276809834,1
C,hybrid_tdvp,rzz,0.05,2,9,8,1,commuting,22,0.027614483501341325,0.027614483501341325,0.027614483501341325,1
C,hybrid_tdvp,rzz,0.05,2,9,8,1,commuting,25,0.0332147606845814,0.0332147606845814,0.0332147606845814,1
C,hybrid_tdvp,rzz,0.05,2,9,8,1,commuting,28,0.039085460829856866,0.039085460829856866,0.039085460829856866,1
C,hybrid_tdvp,rzz,0.05,2,9,8,1,commuting,31,0.045226074747830136,0.045226074747830136,0.045226074747830136,1
C,hybrid_tdvp,rzz,0.05,2,9,8,1,commuting,34,0.05164002095322073,0.05164002095322073,0.05164002095322073,1
C,hybrid_tdvp,rzz,0.05,2,9,8,2,commuting,1,0.00039512707706057526,0.00039512707706057526,0.00039512707706057526,1
C,hybrid_tdvp,rzz,0.05,2,9,8,2,commuting,4,0.0018676032363073025,0.0018676032363073025,0.0018676032363073025,1
C,hybrid_tdvp,rzz,0.05,2,9,8,2,commuting,7,0.004675540908003373,0.004675540908003373,0.004675540908003373,1
C,hybrid_tdvp,rzz,0.05,2,9,8,2,commuting,10,0.008402450504645276,0.008402450504645276,0.008402450504645276,1
C,hybrid_tdvp,rzz,0.05,2,9,8,2,commuting,13,0.01272759291785841,0.01272759291785841,0.01272759291785841,1
C,hybrid_tdvp,rzz,0.05,2,9,8,2,commuting,16,0.017474529787552262,0.017474529787552262,0.017474529787552262,1
C,hybrid_tdvp,rzz,0.05,2,9,8,2,commuting,19,0.022558954417773114,0.022558954417773114,0.022558954417773114,1
C,hybrid_tdvp,rzz,0.05,2,9,8,2,commuting,22,0.02793894785076856,0.02793894785076856,0.02793894785076856,1
C,hybrid_tdvp,rzz,0.05,2,9,8,2,commuting,25,0.03359383581334319,0.03359383581334319,0.03359383581334319,1
C,hybrid_tdvp,rzz,0.05,2,9,8,2,commuting,28,0.03951612079342537,0.03951612079342537,0.03951612079342537,1
C,hybrid_tdvp,rzz,0.05,2,9,8,2,commuting,31,0.0457062109349784,0.0457062109349784,0.0457062109349784,1
C,hybrid_tdvp,rzz,0.05,2,9,8,2,commuting,34,0.05216845582018881,0.05216845582018881,0.05216845582018881,1
C,hybrid_tdvp,rzz,0.05,2,9,8,4,commuting,1,0.0003953098554629886,0.0003953098554629886,0.0003953098554629886,1
C,hybrid_tdvp,rzz,0.05,2,9,8,4,commuting,4,0.001870898532757237,0.001870898532757237,0.001870898532757237,1
C,hybrid_tdvp,rzz,0.05,2,9,8,4,commuting,7,0.004690769954801333,0.004690769954801333,0.004690769954801333,1
C,hybrid_tdvp,rzz,0.05,2,9,8,4,commuting,10,0.008440821792546016,0.008440821792546016,0.008440821792546016,1
C,hybrid_tdvp,rzz,0.05,2,9,8,4,commuting,13,0.012796644782533728,0.012796644782533728,0.012796644782533728,1
C,hybrid_tdvp,rzz,0.05,2,9,8,4,commuting,16,0.01757645793015916,0.01757645793015916,0.01757645793015916,1
C,hybrid_tdvp,rzz,0.05,2,9,8,4,commuting,19,0.022692831348890108,0.022692831348890108,0.022692831348890108,1
C,hybrid_tdvp,rzz,0.05,2,9,8,4,commuting,22,0.02810289191437676,0.02810289191437676,0.02810289191437676,1
C,hybrid_tdvp,rzz,0.05,2,9,8,4,commuting,25,0.03378595519876759,0.03378595519876759,0.03378595519876759,1
C,hybrid_tdvp,rzz,0.05,2,9,8,4,commuting,28,0.03973483945565781,0.03973483945565781,0.03973483945565781,1
C,hybrid_tdvp,rzz,0.05,2,9,8,4,commuting,31,0.04595039876522311,0.04595039876522311,0.04595039876522311,1
C,hybrid_tdvp,rzz,0.05,2,9,8,4,commuting,34,0.05243745229631891,0.05243745229631891,0.05243745229631891,1
C,hybrid_tdvp,rzz,0.05,2,9,8,8,commuting,1,0.00039540650411296063,0.00039540650411296063,0.00039540650411296063,1
C,hybrid_tdvp,rzz,0.05,2,9,8,8,commuting,4,0.0018725482282434536,0.0018725482282434536,0.0018725482282434536,1
C,hybrid_tdvp,rzz,0.05,2,9,8,8,commuting,7,0.004698325914492041,0.004698325914492041,0.004698325914492041,1
C,hybrid_tdvp,rzz,0.05,2,9,8,8,commuting,10,0.008459875316793264,0.008459875316793264,0.008459875316793264,1
C,hybrid_tdvp,rzz,0.05,2,9,8,8,commuting,13,0.012831054240916795,0.012831054240916795,0.012831054240916795,1
C,hybrid_tdvp,rzz,0.05,2,9,8,8,commuting,16,0.01762744151239881,0.01762744151239881,0.01762744151239881,1
C,hybrid_tdvp,rzz,0.05,2,9,8,8,commuting,19,0.022759996639559188,0.022759996639559188,0.022759996639559188,1
C,hybrid_tdvp,rzz,0.05,2,9,8,8,commuting,22,0.028185319688306065,0.028185319688306065,0.028185319688306065,1
C,hybrid_tdvp,rzz,0.05,2,9,8,8,commuting,25,0.03388269520332898,0.03388269520332898,0.03388269520332898,1
C,hybrid_tdvp,rzz,0.05,2,9,8,8,commuting,28,0.039845087979339944,0.039845087979339944,0.039845087979339944,1
C,hybrid_tdvp,rzz,0.05,2,9,8,8,commuting,31,0.04607357093868236,0.04607357093868236,0.04607357093868236,1
C,hybrid_tdvp,rzz,0.05,2,9,8,8,commuting,34,0.052573198408120914,0.052573198408120914,0.052573198408120914,1
C,hybrid_tdvp,rzz,0.05,3,9,16,1,commuting,3,8.958501039879607e-06,8.958501039879607e-06,8.958501039879607e-06,1
C,hybrid_tdvp,rzz,0.05,3,9,16,1,commuting,6,3.5658797849058566e-05,3.5658797849058566e-05,3.5658797849058566e-05,1
C,hybrid_tdvp,rzz,0.05,3,9,16,1,commuting,9,8.122052784020894e-05,8.122052784020894e-05,8.122052784020894e-05,1
C,hybrid_tdvp,rzz,0.05,3,9,16,1,commuting,12,0.0001469603969576072,0.0001469603969576072,0.0001469603969576072,1
C,hybrid_tdvp,rzz,0.05,3,9,16,1,commuting,15,0.00023450699514060425,0.00023450699514060425,0.00023450699514060425,1
C,hybrid_tdvp,rzz,0.05,3,9,16,1,commuting,18,0.00034563018165023607,0.00034563018165023607,0.00034563018165023607,1
C,hybrid_tdvp,rzz,0.05,3,9,16,1,commuting,21,0.0004820842983848106,0.0004820842983848106,0.0004820842983848106,1
C,hybrid_tdvp,rzz,0.05,3,9,16,1,commuting,24,0.0006454624475559223,0.0006454624475559223,0.0006454624475559223,1
C,hybrid_tdvp,rzz,0.05,3,9,16,1,commuting,27,0.0008370971583498976,0.0008370971583498976,0.0008370971583498976,1
C,hybrid_tdvp,rzz,0.05,3,9,16,1,commuting,30,0.0010580334318054385,0.0010580334318054385,0.0010580334318054385,1
C,hybrid_tdvp,rzz,0.05,3,9,16,1,commuting,33,0.0013090647385789467,0.0013090647385789467,0.0013090647385789467,1
C,hybrid_tdvp,rzz,0.05,3,9,16,1,commuting,36,0.001590787313994868,0.001590787313994868,0.001590787313994868,1
C,hybrid_tdvp,rzz,0.05,3,9,16,2,commuting,3,1.1594108735080155e-05,1.1594108735080155e-05,1.1594108735080155e-05,1
C,hybrid_tdvp,rzz,0.05,3,9,16,2,commuting,6,4.2566813947986226e-05,4.2566813947986226e-05,4.2566813947986226e-05,1
C,hybrid_tdvp,rzz,0.05,3,9,16,2,commuting,9,9.325742056920383e-05,9.325742056920383e-05,9.325742056920383e-05,1
C,hybrid_tdvp,rzz,0.05,3,9,16,2,commuting,12,0.00016514418852753288,0.00016514418852753288,0.00016514418852753288,1
C,hybrid_tdvp,rzz,0.05,3,9,16,2,commuting,15,0.00025997494719898206,0.00025997494719898206,0.00025997494719898206,1
C,hybrid_tdvp,rzz,0.05,3,9,16,2,commuting,18,0.00037954937707174174,0.00037954937707174174,0.00037954937707174174,1
C,hybrid_tdvp,rzz,0.05,3,9,16,2,commuting,21,0.0005255145134286376,0.0005255145134286376,0.0005255145134286376,1
C,hybrid_tdvp,rzz,0.05,3,9,16,2,commuting,24,0.0006991731249011979,0.0006991731249011979,0.0006991731249011979,1
C,hybrid_tdvp,rzz,0.05,3,9,16,2,commuting,27,0.0009013672362273573,0.0009013672362273573,0.0009013672362273573,1
C,hybrid_tdvp,rzz,0.05,3,9,16,2,commuting,30,0.0011324927497441406,0.0011324927497441406,0.0011324927497441406,1
C,hybrid_tdvp,rzz,0.05,3,9,16,2,commuting,33,0.0013926421771588426,0.0013926421771588426,0.0013926421771588426,1
C,hybrid_tdvp,rzz,0.05,3,9,16,2,commuting,36,0.0016817968183115983,0.0016817968183115983,0.0016817968183115983,1
C,hybrid_tdvp,rzz,0.05,3,9,16,4,commuting,3,1.297169634584261e-05,1.297169634584261e-05,1.297169634584261e-05,1
C,hybrid_tdvp,rzz,0.05,3,9,16,4,commuting,6,4.5857678270699864e-05,4.5857678270699864e-05,4.5857678270699864e-05,1
C,hybrid_tdvp,rzz,0.05,3,9,16,4,commuting,9,9.823323208879575e-05,9.823323208879575e-05,9.823323208879575e-05,1
C,hybrid_tdvp,rzz,0.05,3,9,16,4,commuting,12,0.00017147614644685838,0.00017147614644685838,0.00017147614644685838,1
C,hybrid_tdvp,rzz,0.05,3,9,16,4,commuting,15,0.0002672400326985125,0.0002672400326985125,0.0002672400326985125,1
C,hybrid_tdvp,rzz,0.05,3,9,16,4,commuting,18,0.00038719174896639785,0.00038719174896639785,0.00038719174896639785,1
C,hybrid_tdvp,rzz,0.05,3,9,16,4,commuting,21,0.0005328107262831949,0.0005328107262831949,0.0005328107262831949,1
C,hybrid_tdvp,rzz,0.05,3,9,16,4,commuting,24,0.0007052221930068381,0.0007052221930068381,0.0007052221930068381,1
C,hybrid_tdvp,rzz,0.05,3,9,16,4,commuting,27,0.0009051261227450702,0.0009051261227450702,0.0009051261227450702,1
C,hybrid_tdvp,rzz,0.05,3,9,16,4,commuting,30,0.0011328624379555174,0.0011328624379555174,0.0011328624379555174,1
C,hybrid_tdvp,rzz,0.05,3,9,16,4,commuting,33,0.0013885813998069096,0.0013885813998069096,0.0013885813998069096,1
C,hybrid_tdvp,rzz,0.05,3,9,16,4,commuting,36,0.001672421874189478,0.001672421874189478,0.001672421874189478,1
C,hybrid_tdvp,rzz,0.05,3,9,16,8,commuting,3,1.3012098925124782e-05,1.3012098925124782e-05,1.3012098925124782e-05,1
C,hybrid_tdvp,rzz,0.05,3,9,16,8,commuting,6,4.482805482108887e-05,4.482805482108887e-05,4.482805482108887e-05,1
C,hybrid_tdvp,rzz,0.05,3,9,16,8,commuting,9,9.45074083734676e-05,9.45074083734676e-05,9.45074083734676e-05,1
C,hybrid_tdvp,rzz,0.05,3,9,16,8,commuting,12,0.00016401602718629782,0.00016401602718629782,0.00016401602718629782,1
C,hybrid_tdvp,rzz,0.05,3,9,16,8,commuting,15,0.00025471717417147044,0.00025471717417147044,0.00025471717417147044,1
C,hybrid_tdvp,rzz,0.05,3,9,16,8,commuting,18,0.0003691727310565218,0.0003691727310565218,0.0003691727310565218,1
C,hybrid_tdvp,rzz,0.05,3,9,16,8,commuting,21,0.0005071478019422759,0.0005071478019422759,0.0005071478019422759,1
C,hybrid_tdvp,rzz,0.05,3,9,16,8,commuting,24,0.0006703998251335053,0.0006703998251335053,0.0006703998251335053,1
C,hybrid_tdvp,rzz,0.05,3,9,16,8,commuting,27,0.0008601899526701207,0.0008601899526701207,0.0008601899526701207,1
C,hybrid_tdvp,rzz,0.05,3,9,16,8,commuting,30,0.001077028269043434,0.001077028269043434,0.001077028269043434,1
C,hybrid_tdvp,rzz,0.05,3,9,16,8,commuting,33,0.0013215151215349996,0.0013215151215349996,0.0013215151215349996,1
C,hybrid_tdvp,rzz,0.05,3,9,16,8,commuting,36,0.0015942065695149221,0.0015942065695149221,0.0015942065695149221,1
C,hybrid_tdvp,rzz,0.05,3,9,64,1,commuting,3,9.418243962500128e-12,9.418243962500128e-12,9.418243962500128e-12,1
C,hybrid_tdvp,rzz,0.05,3,9,64,1,commuting,6,1.2607914712248203e-11,1.2607914712248203e-11,1.2607914712248203e-11,1
C,hybrid_tdvp,rzz,0.05,3,9,64,1,commuting,9,1.5828005572871007e-11,1.5828005572871007e-11,1.5828005572871007e-11,1
C,hybrid_tdvp,rzz,0.05,3,9,64,1,commuting,12,1.581179631671148e-11,1.581179631671148e-11,1.581179631671148e-11,1
C,hybrid_tdvp,rzz,0.05,3,9,64,1,commuting,15,1.582423081458728e-11,1.582423081458728e-11,1.582423081458728e-11,1
C,hybrid_tdvp,rzz,0.05,3,9,64,1,commuting,18,1.5825785126821756e-11,1.5825785126821756e-11,1.5825785126821756e-11,1
C,hybrid_tdvp,rzz,0.05,3,9,64,1,commuting,21,1.5828893751290707e-11,1.5828893751290707e-11,1.5828893751290707e-11,1
C,hybrid_tdvp,rzz,0.05,3,9,64,1,commuting,24,1.5833556687994133e-11,1.5833556687994133e-11,1.5833556687994133e-11,1
C,hybrid_tdvp,rzz,0.05,3,9,64,1,commuting,27,1.581490494118043e-11,1.581490494118043e-11,1.581490494118043e-11,1
C,hybrid_tdvp,rzz,0.05,3,9,64,1,commuting,30,1.5794698882132252e-11,1.5794698882132252e-11,1.5794698882132252e-11,1
C,hybrid_tdvp,rzz,0.05,3,9,64,1,commuting,33,1.5782486428861375e-11,1.5782486428861375e-11,1.5782486428861375e-11,1
C,hybrid_tdvp,rzz,0.05,3,9,64,1,commuting,36,1.5764278771257523e-11,1.5764278771257523e-11,1.5764278771257523e-11,1
C,hybrid_tdvp,rzz,0.05,3,9,64,2,commuting,3,6.080180803280655e-11,6.080180803280655e-11,6.080180803280655e-11,1
C,hybrid_tdvp,rzz,0.05,3,9,64,2,commuting,6,6.759703907732728e-11,6.759703907732728e-11,6.759703907732728e-11,1
C,hybrid_tdvp,rzz,0.05,3,9,64,2,commuting,9,8.120082384266425e-11,8.120082384266425e-11,8.120082384266425e-11,1
C,hybrid_tdvp,rzz,0.05,3,9,64,2,commuting,12,1.0740985878499032e-10,1.0740985878499032e-10,1.0740985878499032e-10,1
C,hybrid_tdvp,rzz,0.05,3,9,64,2,commuting,15,1.3932499598467984e-10,1.3932499598467984e-10,1.3932499598467984e-10,1
C,hybrid_tdvp,rzz,0.05,3,9,64,2,commuting,18,1.5236656381034663e-10,1.5236656381034663e-10,1.5236656381034663e-10,1
C,hybrid_tdvp,rzz,0.05,3,9,64,2,commuting,21,1.5236167882903828e-10,1.5236167882903828e-10,1.5236167882903828e-10,1
C,hybrid_tdvp,rzz,0.05,3,9,64,2,commuting,24,1.5234191685919996e-10,1.5234191685919996e-10,1.5234191685919996e-10,1
C,hybrid_tdvp,rzz,0.05,3,9,64,2,commuting,27,1.5231771399726313e-10,1.5231771399726313e-10,1.5231771399726313e-10,1
C,hybrid_tdvp,rzz,0.05,3,9,64,2,commuting,30,1.5230550154399225e-10,1.5230550154399225e-10,1.5230550154399225e-10,1
C,hybrid_tdvp,rzz,0.05,3,9,64,2,commuting,33,1.52294399313746e-10,1.52294399313746e-10,1.52294399313746e-10,1
C,hybrid_tdvp,rzz,0.05,3,9,64,2,commuting,36,1.5228396321731452e-10,1.5228396321731452e-10,1.5228396321731452e-10,1
C,hybrid_tdvp,rzz,0.05,3,9,64,4,commuting,3,2.9174440641099864e-11,2.9174440641099864e-11,2.9174440641099864e-11,1
C,hybrid_tdvp,rzz,0.05,3,9,64,4,commuting,6,6.661204920987984e-11,6.661204920987984e-11,6.661204920987984e-11,1
C,hybrid_tdvp,rzz,0.05,3,9,64,4,commuting,9,1.2056267095772455e-10,1.2056267095772455e-10,1.2056267095772455e-10,1
C,hybrid_tdvp,rzz,0.05,3,9,64,4,commuting,12,2.1005730488354857e-10,2.1005730488354857e-10,2.1005730488354857e-10,1
C,hybrid_tdvp,rzz,0.05,3,9,64,4,commuting,15,2.890438999259004e-10,2.890438999259004e-10,2.890438999259004e-10,1
C,hybrid_tdvp,rzz,0.05,3,9,64,4,commuting,18,3.835118889128353e-10,3.835118889128353e-10,3.835118889128353e-10,1
C,hybrid_tdvp,rzz,0.05,3,9,64,4,commuting,21,5.353342213965107e-10,5.353342213965107e-10,5.353342213965107e-10,1
C,hybrid_tdvp,rzz,0.05,3,9,64,4,commuting,24,7.619069819497781e-10,7.619069819497781e-10,7.619069819497781e-10,1
C,hybrid_tdvp,rzz,0.05,3,9,64,4,commuting,27,9.624940844332741e-10,9.624940844332741e-10,9.624940844332741e-10,1
C,hybrid_tdvp,rzz,0.05,3,9,64,4,commuting,30,1.1050538262225018e-09,1.1050538262225018e-09,1.1050538262225018e-09,1
C,hybrid_tdvp,rzz,0.05,3,9,64,4,commuting,33,1.2906262725209672e-09,1.2906262725209672e-09,1.2906262725209672e-09,1
C,hybrid_tdvp,rzz,0.05,3,9,64,4,commuting,36,1.5248529106060005e-09,1.5248529106060005e-09,1.5248529106060005e-09,1
C,hybrid_tdvp,rzz,0.05,3,9,64,8,commuting,3,3.984768071063627e-11,3.984768071063627e-11,3.984768071063627e-11,1
C,hybrid_tdvp,rzz,0.05,3,9,64,8,commuting,6,2.9568836268367704e-10,2.9568836268367704e-10,2.9568836268367704e-10,1
C,hybrid_tdvp,rzz,0.05,3,9,64,8,commuting,9,6.572342670096987e-10,6.572342670096987e-10,6.572342670096987e-10,1
C,hybrid_tdvp,rzz,0.05,3,9,64,8,commuting,12,8.871889889405793e-10,8.871889889405793e-10,8.871889889405793e-10,1
C,hybrid_tdvp,rzz,0.05,3,9,64,8,commuting,15,1.1847320902091951e-09,1.1847320902091951e-09,1.1847320902091951e-09,1
C,hybrid_tdvp,rzz,0.05,3,9,64,8,commuting,18,1.7167698374009888e-09,1.7167698374009888e-09,1.7167698374009888e-09,1
C,hybrid_tdvp,rzz,0.05,3,9,64,8,commuting,21,2.5734410158406718e-09,2.5734410158406718e-09,2.5734410158406718e-09,1
C,hybrid_tdvp,rzz,0.05,3,9,64,8,commuting,24,3.4426896888817282e-09,3.4426896888817282e-09,3.4426896888817282e-09,1
C,hybrid_tdvp,rzz,0.05,3,9,64,8,commuting,27,4.198665859433959e-09,4.198665859433959e-09,4.198665859433959e-09,1
C,hybrid_tdvp,rzz,0.05,3,9,64,8,commuting,30,5.2403128503186736e-09,5.2403128503186736e-09,5.2403128503186736e-09,1
C,hybrid_tdvp,rzz,0.05,3,9,64,8,commuting,33,5.827320848084128e-09,5.827320848084128e-09,5.827320848084128e-09,1
C,hybrid_tdvp,rzz,0.05,3,9,64,8,commuting,36,6.534774943389721e-09,6.534774943389721e-09,6.534774943389721e-09,1
C,hybrid_tdvp,rzz,0.05,3,9,8,1,commuting,3,0.0008356226578810633,0.0008356226578810633,0.0008356226578810633,1
C,hybrid_tdvp,rzz,0.05,3,9,8,1,commuting,6,0.0031710392845473168,0.0031710392845473168,0.0031710392845473168,1
C,hybrid_tdvp,rzz,0.05,3,9,8,1,commuting,9,0.0066341404914825874,0.0066341404914825874,0.0066341404914825874,1
C,hybrid_tdvp,rzz,0.05,3,9,8,1,commuting,12,0.010846766327261448,0.010846766327261448,0.010846766327261448,1
C,hybrid_tdvp,rzz,0.05,3,9,8,1,commuting,15,0.01556022984255101,0.01556022984255101,0.01556022984255101,1
C,hybrid_tdvp,rzz,0.05,3,9,8,1,commuting,18,0.02064416885466902,0.02064416885466902,0.02064416885466902,1
C,hybrid_tdvp,rzz,0.05,3,9,8,1,commuting,21,0.02603374696248939,0.02603374696248939,0.02603374696248939,1
C,hybrid_tdvp,rzz,0.05,3,9,8,1,commuting,24,0.03169688256312131,0.03169688256312131,0.03169688256312131,1
C,hybrid_tdvp,rzz,0.05,3,9,8,1,commuting,27,0.037620263599563386,0.037620263599563386,0.037620263599563386,1
C,hybrid_tdvp,rzz,0.05,3,9,8,1,commuting,30,0.043801709062290084,0.043801709062290084,0.043801709062290084,1
C,hybrid_tdvp,rzz,0.05,3,9,8,1,commuting,33,0.05024484737942403,0.05024484737942403,0.05024484737942403,1
C,hybrid_tdvp,rzz,0.05,3,9,8,1,commuting,36,0.05695586803257968,0.05695586803257968,0.05695586803257968,1
C,hybrid_tdvp,rzz,0.05,3,9,8,2,commuting,3,0.0008368846535554697,0.0008368846535554697,0.0008368846535554697,1
C,hybrid_tdvp,rzz,0.05,3,9,8,2,commuting,6,0.003184650532778388,0.003184650532778388,0.003184650532778388,1
C,hybrid_tdvp,rzz,0.05,3,9,8,2,commuting,9,0.006681171702625721,0.006681171702625721,0.006681171702625721,1
C,hybrid_tdvp,rzz,0.05,3,9,8,2,commuting,12,0.010947142429451273,0.010947142429451273,0.010947142429451273,1
C,hybrid_tdvp,rzz,0.05,3,9,8,2,commuting,15,0.01572422424618758,0.01572422424618758,0.01572422424618758,1
C,hybrid_tdvp,rzz,0.05,3,9,8,2,commuting,18,0.02087340750025002,0.02087340750025002,0.02087340750025002,1
C,hybrid_tdvp,rzz,0.05,3,9,8,2,commuting,21,0.026325902666833545,0.026325902666833545,0.026325902666833545,1
C,hybrid_tdvp,rzz,0.05,3,9,8,2,commuting,24,0.03204861054383801,0.03204861054383801,0.03204861054383801,1
C,hybrid_tdvp,rzz,0.05,3,9,8,2,commuting,27,0.03802840102286831,0.03802840102286831,0.03802840102286831,1
C,hybrid_tdvp,rzz,0.05,3,9,8,2,commuting,30,0.04426377205775811,0.04426377205775811,0.04426377205775811,1
C,hybrid_tdvp,rzz,0.05,3,9,8,2,commuting,33,0.050759206278964464,0.050759206278964464,0.050759206278964464,1
C,hybrid_tdvp,rzz,0.05,3,9,8,2,commuting,36,0.057521692740725716,0.057521692740725716,0.057521692740725716,1
C,hybrid_tdvp,rzz,0.05,3,9,8,4,commuting,3,0.0008375645390460429,0.0008375645390460429,0.0008375645390460429,1
C,hybrid_tdvp,rzz,0.05,3,9,8,4,commuting,6,0.0031914185634481784,0.0031914185634481784,0.0031914185634481784,1
C,hybrid_tdvp,rzz,0.05,3,9,8,4,commuting,9,0.006704368365951119,0.006704368365951119,0.006704368365951119,1
C,hybrid_tdvp,rzz,0.05,3,9,8,4,commuting,12,0.010996853081094327,0.010996853081094327,0.010996853081094327,1
C,hybrid_tdvp,rzz,0.05,3,9,8,4,commuting,15,0.015806035557603626,0.015806035557603626,0.015806035557603626,1
C,hybrid_tdvp,rzz,0.05,3,9,8,4,commuting,18,0.0209885207327436,0.0209885207327436,0.0209885207327436,1
C,hybrid_tdvp,rzz,0.05,3,9,8,4,commuting,21,0.026473334474278354,0.026473334474278354,0.026473334474278354,1
C,hybrid_tdvp,rzz,0.05,3,9,8,4,commuting,24,0.03222672850484287,0.03222672850484287,0.03222672850484287,1
C,hybrid_tdvp,rzz,0.05,3,9,8,4,commuting,27,0.03823559576728108,0.03823559576728108,0.03823559576728108,1
C,hybrid_tdvp,rzz,0.05,3,9,8,4,commuting,30,0.04449874481807348,0.04449874481807348,0.04449874481807348,1
C,hybrid_tdvp,rzz,0.05,3,9,8,4,commuting,33,0.05102107956323687,0.05102107956323687,0.05102107956323687,1
C,hybrid_tdvp,rzz,0.05,3,9,8,4,commuting,36,0.05780999726269587,0.05780999726269587,0.05780999726269587,1
C,hybrid_tdvp,rzz,0.05,3,9,8,8,commuting,3,0.0008379163558639435,0.0008379163558639435,0.0008379163558639435,1
C,hybrid_tdvp,rzz,0.05,3,9,8,8,commuting,6,0.003194796334701766,0.003194796334701766,0.003194796334701766,1
C,hybrid_tdvp,rzz,0.05,3,9,8,8,commuting,9,0.006715898578658397,0.006715898578658397,0.006715898578658397,1
C,hybrid_tdvp,rzz,0.05,3,9,8,8,commuting,12,0.011021605722621342,0.011021605722621342,0.011021605722621342,1
C,hybrid_tdvp,rzz,0.05,3,9,8,8,commuting,15,0.015846911313019962,0.015846911313019962,0.015846911313019962,1
C,hybrid_tdvp,rzz,0.05,3,9,8,8,commuting,18,0.02104621838350651,0.02104621838350651,0.02104621838350651,1
C,hybrid_tdvp,rzz,0.05,3,9,8,8,commuting,21,0.026547410428290896,0.026547410428290896,0.026547410428290896,1
C,hybrid_tdvp,rzz,0.05,3,9,8,8,commuting,24,0.032316378347460706,0.032316378347460706,0.032316378347460706,1
C,hybrid_tdvp,rzz,0.05,3,9,8,8,commuting,27,0.03834000822392125,0.03834000822392125,0.03834000822392125,1
C,hybrid_tdvp,rzz,0.05,3,9,8,8,commuting,30,0.044617255690982405,0.044617255690982405,0.044617255690982405,1
C,hybrid_tdvp,rzz,0.05,3,9,8,8,commuting,33,0.05115323314697129,0.05115323314697129,0.05115323314697129,1
C,hybrid_tdvp,rzz,0.05,3,9,8,8,commuting,36,0.05795554367565703,0.05795554367565703,0.05795554367565703,1
C,mpo_zipup,rxx,0.05,2,9,16,,mixed,1,3.552713678800501e-15,3.552713678800501e-15,3.552713678800501e-15,1
C,mpo_zipup,rxx,0.05,2,9,16,,mixed,4,0.3072874491204042,0.3072874491204042,0.3072874491204042,1
C,mpo_zipup,rxx,0.05,2,9,16,,mixed,7,0.34077952929403377,0.34077952929403377,0.34077952929403377,1
C,mpo_zipup,rxx,0.05,2,9,16,,mixed,10,0.3629738379063021,0.3629738379063021,0.3629738379063021,1
C,mpo_zipup,rxx,0.05,2,9,16,,mixed,13,0.3816172493036609,0.3816172493036609,0.3816172493036609,1
C,mpo_zipup,rxx,0.05,2,9,16,,mixed,16,0.39610634293250846,0.39610634293250846,0.39610634293250846,1
C,mpo_zipup,rxx,0.05,2,9,16,,mixed,19,0.41412110695408577,0.41412110695408577,0.41412110695408577,1
C,mpo_zipup,rxx,0.05,2,9,16,,mixed,22,0.42979822571403004,0.42979822571403004,0.42979822571403004,1
C,mpo_zipup,rxx,0.05,2,9,16,,mixed,25,0.44296031181247975,0.44296031181247975,0.44296031181247975,1
C,mpo_zipup,rxx,0.05,2,9,16,,mixed,28,0.4542016537093202,0.4542016537093202,0.4542016537093202,1
C,mpo_zipup,rxx,0.05,2,9,16,,mixed,31,0.46395812507398204,0.46395812507398204,0.46395812507398204,1
C,mpo_zipup,rxx,0.05,2,9,16,,mixed,34,0.4725204191527649,0.4725204191527649,0.4725204191527649,1
C,mpo_zipup,rxx,0.05,2,9,64,,mixed,1,3.552713678800501e-15,3.552713678800501e-15,3.552713678800501e-15,1
C,mpo_zipup,rxx,0.05,2,9,64,,mixed,4,1.1102230246251565e-15,1.1102230246251565e-15,1.1102230246251565e-15,1
C,mpo_zipup,rxx,0.05,2,9,64,,mixed,7,0.0,0.0,0.0,1
C,mpo_zipup,rxx,0.05,2,9,64,,mixed,10,0.0,0.0,0.0,1
C,mpo_zipup,rxx,0.05,2,9,64,,mixed,13,0.0,0.0,0.0,1
C,mpo_zipup,rxx,0.05,2,9,64,,mixed,16,0.0,0.0,0.0,1
C,mpo_zipup,rxx,0.05,2,9,64,,mixed,19,0.0,0.0,0.0,1
C,mpo_zipup,rxx,0.05,2,9,64,,mixed,22,0.0,0.0,0.0,1
C,mpo_zipup,rxx,0.05,2,9,64,,mixed,25,0.0,0.0,0.0,1
C,mpo_zipup,rxx,0.05,2,9,64,,mixed,28,0.0,0.0,0.0,1
C,mpo_zipup,rxx,0.05,2,9,64,,mixed,31,0.0,0.0,0.0,1
C,mpo_zipup,rxx,0.05,2,9,64,,mixed,34,0.0,0.0,0.0,1
C,mpo_zipup,rxx,0.05,2,9,8,,mixed,1,0.10486941980604081,0.10486941980604081,0.10486941980604081,1
C,mpo_zipup,rxx,0.05,2,9,8,,mixed,4,0.6633523188372272,0.6633523188372272,0.6633523188372272,1
C,mpo_zipup,rxx,0.05,2,9,8,,mixed,7,0.6858492641106932,0.6858492641106932,0.6858492641106932,1
C,mpo_zipup,rxx,0.05,2,9,8,,mixed,10,0.7070086503629658,0.7070086503629658,0.7070086503629658,1
C,mpo_zipup,rxx,0.05,2,9,8,,mixed,13,0.7379945603122895,0.7379945603122895,0.7379945603122895,1
C,mpo_zipup,rxx,0.05,2,9,8,,mixed,16,0.7579687475468023,0.7579687475468023,0.7579687475468023,1
C,mpo_zipup,rxx,0.05,2,9,8,,mixed,19,0.7746143100995322,0.7746143100995322,0.7746143100995322,1
C,mpo_zipup,rxx,0.05,2,9,8,,mixed,22,0.7869640926947696,0.7869640926947696,0.7869640926947696,1
C,mpo_zipup,rxx,0.05,2,9,8,,mixed,25,0.7962160059449441,0.7962160059449441,0.7962160059449441,1
C,mpo_zipup,rxx,0.05,2,9,8,,mixed,28,0.8034628511168105,0.8034628511168105,0.8034628511168105,1
C,mpo_zipup,rxx,0.05,2,9,8,,mixed,31,0.80962070467085,0.80962070467085,0.80962070467085,1
C,mpo_zipup,rxx,0.05,2,9,8,,mixed,34,0.8144712196160467,0.8144712196160467,0.8144712196160467,1
C,mpo_zipup,ryy,0.05,3,9,16,,mixed,3,0.2966130413539213,0.2966130413539213,0.2966130413539213,1
C,mpo_zipup,ryy,0.05,3,9,16,,mixed,6,0.3363614081570083,0.3363614081570083,0.3363614081570083,1
C,mpo_zipup,ryy,0.05,3,9,16,,mixed,9,0.35954819650349246,0.35954819650349246,0.35954819650349246,1
C,mpo_zipup,ryy,0.05,3,9,16,,mixed,12,0.3780181065182133,0.3780181065182133,0.3780181065182133,1
C,mpo_zipup,ryy,0.05,3,9,16,,mixed,15,0.39172621705136335,0.39172621705136335,0.39172621705136335,1
C,mpo_zipup,ryy,0.05,3,9,16,,mixed,18,0.41106879637851257,0.41106879637851257,0.41106879637851257,1
C,mpo_zipup,ryy,0.05,3,9,16,,mixed,21,0.42703373797025335,0.42703373797025335,0.42703373797025335,1
C,mpo_zipup,ryy,0.05,3,9,16,,mixed,24,0.4402330709465986,0.4402330709465986,0.4402330709465986,1
C,mpo_zipup,ryy,0.05,3,9,16,,mixed,27,0.4514114756596228,0.4514114756596228,0.4514114756596228,1
C,mpo_zipup,ryy,0.05,3,9,16,,mixed,30,0.461148361724541,0.461148361724541,0.461148361724541,1
C,mpo_zipup,ryy,0.05,3,9,16,,mixed,33,0.4697557169832888,0.4697557169832888,0.4697557169832888,1
C,mpo_zipup,ryy,0.05,3,9,16,,mixed,36,0.47762409769110536,0.47762409769110536,0.47762409769110536,1
C,mpo_zipup,ryy,0.05,3,9,64,,mixed,3,3.552713678800501e-15,3.552713678800501e-15,3.552713678800501e-15,1
C,mpo_zipup,ryy,0.05,3,9,64,,mixed,6,0.0,0.0,0.0,1
C,mpo_zipup,ryy,0.05,3,9,64,,mixed,9,0.0,0.0,0.0,1
C,mpo_zipup,ryy,0.05,3,9,64,,mixed,12,0.0,0.0,0.0,1
C,mpo_zipup,ryy,0.05,3,9,64,,mixed,15,0.0,0.0,0.0,1
C,mpo_zipup,ryy,0.05,3,9,64,,mixed,18,0.0,0.0,0.0,1
C,mpo_zipup,ryy,0.05,3,9,64,,mixed,21,0.0,0.0,0.0,1
C,mpo_zipup,ryy,0.05,3,9,64,,mixed,24,0.0,0.0,0.0,1
C,mpo_zipup,ryy,0.05,3,9,64,,mixed,27,0.0,0.0,0.0,1
C,mpo_zipup,ryy,0.05,3,9,64,,mixed,30,0.0,0.0,0.0,1
C,mpo_zipup,ryy,0.05,3,9,64,,mixed,33,0.0,0.0,0.0,1
C,mpo_zipup,ryy,0.05,3,9,64,,mixed,36,0.0,0.0,0.0,1
C,mpo_zipup,ryy,0.05,3,9,8,,mixed,3,0.6614756716224519,0.6614756716224519,0.6614756716224519,1
C,mpo_zipup,ryy,0.05,3,9,8,,mixed,6,0.6823188830162414,0.6823188830162414,0.6823188830162414,1
C,mpo_zipup,ryy,0.05,3,9,8,,mixed,9,0.7024916797760103,0.7024916797760103,0.7024916797760103,1
C,mpo_zipup,ryy,0.05,3,9,8,,mixed,12,0.7331501224216931,0.7331501224216931,0.7331501224216931,1
C,mpo_zipup,ryy,0.05,3,9,8,,mixed,15,0.7521958925156274,0.7521958925156274,0.7521958925156274,1
C,mpo_zipup,ryy,0.05,3,9,8,,mixed,18,0.7697805774553919,0.7697805774553919,0.7697805774553919,1
C,mpo_zipup,ryy,0.05,3,9,8,,mixed,21,0.7835111532644236,0.7835111532644236,0.7835111532644236,1
C,mpo_zipup,ryy,0.05,3,9,8,,mixed,24,0.7937997619072712,0.7937997619072712,0.7937997619072712,1
C,mpo_zipup,ryy,0.05,3,9,8,,mixed,27,0.8018587546923631,0.8018587546923631,0.8018587546923631,1
C,mpo_zipup,ryy,0.05,3,9,8,,mixed,30,0.8087400157062362,0.8087400157062362,0.8087400157062362,1
C,mpo_zipup,ryy,0.05,3,9,8,,mixed,33,0.8142084313286799,0.8142084313286799,0.8142084313286799,1
C,mpo_zipup,ryy,0.05,3,9,8,,mixed,36,0.8184400631521214,0.8184400631521214,0.8184400631521214,1
C,mpo_zipup,rzz,0.05,2,8,16,,commuting,2,0.0,0.0,0.0,1
C,mpo_zipup,rzz,0.05,2,8,16,,commuting,5,0.19862039072225934,0.19862039072225934,0.19862039072225934,1
C,mpo_zipup,rzz,0.05,2,8,16,,commuting,8,0.2072581086083587,0.2072581086083587,0.2072581086083587,1
C,mpo_zipup,rzz,0.05,2,8,16,,commuting,11,0.21627287809020146,0.21627287809020146,0.21627287809020146,1
C,mpo_zipup,rzz,0.05,2,8,16,,commuting,14,0.22504941199770379,0.22504941199770379,0.22504941199770379,1
C,mpo_zipup,rzz,0.05,2,8,16,,commuting,17,0.23299477295557858,0.23299477295557858,0.23299477295557858,1
C,mpo_zipup,rzz,0.05,2,8,16,,commuting,20,0.23997689754387352,0.23997689754387352,0.23997689754387352,1
C,mpo_zipup,rzz,0.05,2,8,16,,commuting,23,0.2461941623717966,0.2461941623717966,0.2461941623717966,1
C,mpo_zipup,rzz,0.05,2,8,16,,commuting,26,0.2518635137225512,0.2518635137225512,0.2518635137225512,1
C,mpo_zipup,rzz,0.05,2,8,16,,commuting,29,0.2571101199446262,0.2571101199446262,0.2571101199446262,1
C,mpo_zipup,rzz,0.05,2,8,16,,commuting,32,0.26198796430999716,0.26198796430999716,0.26198796430999716,1
C,mpo_zipup,rzz,0.05,2,8,16,,commuting,35,0.26651904560274287,0.26651904560274287,0.26651904560274287,1
C,mpo_zipup,rzz,0.05,2,8,16,,mixed,2,0.1709417496457286,0.1709417496457286,0.1709417496457286,1
C,mpo_zipup,rzz,0.05,2,8,16,,mixed,5,0.32123825448981,0.32123825448981,0.32123825448981,1
C,mpo_zipup,rzz,0.05,2,8,16,,mixed,8,0.3505253569390232,0.3505253569390232,0.3505253569390232,1
C,mpo_zipup,rzz,0.05,2,8,16,,mixed,11,0.3702609647801002,0.3702609647801002,0.3702609647801002,1
C,mpo_zipup,rzz,0.05,2,8,16,,mixed,14,0.3857729736110683,0.3857729736110683,0.3857729736110683,1
C,mpo_zipup,rzz,0.05,2,8,16,,mixed,17,0.39818989389899573,0.39818989389899573,0.39818989389899573,1
C,mpo_zipup,rzz,0.05,2,8,16,,mixed,20,0.4144166916178723,0.4144166916178723,0.4144166916178723,1
C,mpo_zipup,rzz,0.05,2,8,16,,mixed,23,0.4298758252916417,0.4298758252916417,0.4298758252916417,1
C,mpo_zipup,rzz,0.05,2,8,16,,mixed,26,0.44314274511862894,0.44314274511862894,0.44314274511862894,1
C,mpo_zipup,rzz,0.05,2,8,16,,mixed,29,0.45440420292849637,0.45440420292849637,0.45440420292849637,1
C,mpo_zipup,rzz,0.05,2,8,16,,mixed,32,0.46409934782308737,0.46409934782308737,0.46409934782308737,1
C,mpo_zipup,rzz,0.05,2,8,16,,mixed,35,0.47259984277882827,0.47259984277882827,0.47259984277882827,1
C,mpo_zipup,rzz,0.05,2,8,64,,commuting,2,0.0,0.0,0.0,1
C,mpo_zipup,rzz,0.05,2,8,64,,commuting,5,0.0,0.0,0.0,1
C,mpo_zipup,rzz,0.05,2,8,64,,commuting,8,0.0,0.0,0.0,1
C,mpo_zipup,rzz,0.05,2,8,64,,commuting,11,0.0,0.0,0.0,1
C,mpo_zipup,rzz,0.05,2,8,64,,commuting,14,0.0,0.0,0.0,1
C,mpo_zipup,rzz,0.05,2,8,64,,commuting,17,0.0,0.0,0.0,1
C,mpo_zipup,rzz,0.05,2,8,64,,commuting,20,0.0,0.0,0.0,1
C,mpo_zipup,rzz,0.05,2,8,64,,commuting,23,0.0,0.0,0.0,1
C,mpo_zipup,rzz,0.05,2,8,64,,commuting,26,0.0,0.0,0.0,1
C,mpo_zipup,rzz,0.05,2,8,64,,commuting,29,0.0,0.0,0.0,1
C,mpo_zipup,rzz,0.05,2,8,64,,commuting,32,0.0,0.0,0.0,1
C,mpo_zipup,rzz,0.05,2,8,64,,commuting,35,0.0,0.0,0.0,1
C,mpo_zipup,rzz,0.05,2,8,64,,mixed,2,5.10702591327572e-15,5.10702591327572e-15,5.10702591327572e-15,1
C,mpo_zipup,rzz,0.05,2,8,64,,mixed,5,4.440892098500626e-16,4.440892098500626e-16,4.440892098500626e-16,1
C,mpo_zipup,rzz,0.05,2,8,64,,mixed,8,3.1086244689504383e-15,3.1086244689504383e-15,3.1086244689504383e-15,1
C,mpo_zipup,rzz,0.05,2,8,64,,mixed,11,0.0,0.0,0.0,1
C,mpo_zipup,rzz,0.05,2,8,64,,mixed,14,0.0,0.0,0.0,1
C,mpo_zipup,rzz,0.05,2,8,64,,mixed,17,0.0,0.0,0.0,1
C,mpo_zipup,rzz,0.05,2,8,64,,mixed,20,0.0,0.0,0.0,1
C,mpo_zipup,rzz,0.05,2,8,64,,mixed,23,0.0,0.0,0.0,1
C,mpo_zipup,rzz,0.05,2,8,64,,mixed,26,0.0,0.0,0.0,1
C,mpo_zipup,rzz,0.05,2,8,64,,mixed,29,0.0,0.0,0.0,1
C,mpo_zipup,rzz,0.05,2,8,64,,mixed,32,0.0,0.0,0.0,1
C,mpo_zipup,rzz,0.05,2,8,64,,mixed,35,0.0,0.0,0.0,1
C,mpo_zipup,rzz,0.05,2,8,8,,commuting,2,0.10513203263806015,0.10513203263806015,0.10513203263806015,1
C,mpo_zipup,rzz,0.05,2,8,8,,commuting,5,0.4476643049351863,0.4476643049351863,0.4476643049351863,1
C,mpo_zipup,rzz,0.05,2,8,8,,commuting,8,0.4586596577457266,0.4586596577457266,0.4586596577457266,1
C,mpo_zipup,rzz,0.05,2,8,8,,commuting,11,0.47186508757819456,0.47186508757819456,0.47186508757819456,1
C,mpo_zipup,rzz,0.05,2,8,8,,commuting,14,0.48574329807483774,0.48574329807483774,0.48574329807483774,1
C,mpo_zipup,rzz,0.05,2,8,8,,commuting,17,0.4996673014717493,0.4996673014717493,0.4996673014717493,1
C,mpo_zipup,rzz,0.05,2,8,8,,commuting,20,0.5133778728883589,0.5133778728883589,0.5133778728883589,1
C,mpo_zipup,rzz,0.05,2,8,8,,commuting,23,0.5267165472671616,0.5267165472671616,0.5267165472671616,1
C,mpo_zipup,rzz,0.05,2,8,8,,commuting,26,0.5395840675536298,0.5395840675536298,0.5395840675536298,1
C,mpo_zipup,rzz,0.05,2,8,8,,commuting,29,0.5519078578897326,0.5519078578897326,0.5519078578897326,1
C,mpo_zipup,rzz,0.05,2,8,8,,commuting,32,0.5636105982804014,0.5636105982804014,0.5636105982804014,1
C,mpo_zipup,rzz,0.05,2,8,8,,commuting,35,0.5745749284320428,0.5745749284320428,0.5745749284320428,1
C,mpo_zipup,rzz,0.05,2,8,8,,mixed,2,0.4074661394330551,0.4074661394330551,0.4074661394330551,1
C,mpo_zipup,rzz,0.05,2,8,8,,mixed,5,0.6666909241702226,0.6666909241702226,0.6666909241702226,1
C,mpo_zipup,rzz,0.05,2,8,8,,mixed,8,0.6881794413317585,0.6881794413317585,0.6881794413317585,1
C,mpo_zipup,rzz,0.05,2,8,8,,mixed,11,0.7092425636260784,0.7092425636260784,0.7092425636260784,1
C,mpo_zipup,rzz,0.05,2,8,8,,mixed,14,0.7410244923460845,0.7410244923460845,0.7410244923460845,1
C,mpo_zipup,rzz,0.05,2,8,8,,mixed,17,0.7603350423928436,0.7603350423928436,0.7603350423928436,1
C,mpo_zipup,rzz,0.05,2,8,8,,mixed,20,0.7767113685830258,0.7767113685830258,0.7767113685830258,1
C,mpo_zipup,rzz,0.05,2,8,8,,mixed,23,0.7890902086478723,0.7890902086478723,0.7890902086478723,1
C,mpo_zipup,rzz,0.05,2,8,8,,mixed,26,0.7983402340253196,0.7983402340253196,0.7983402340253196,1
C,mpo_zipup,rzz,0.05,2,8,8,,mixed,29,0.8055586098373189,0.8055586098373189,0.8055586098373189,1
C,mpo_zipup,rzz,0.05,2,8,8,,mixed,32,0.8117717114946366,0.8117717114946366,0.8117717114946366,1
C,mpo_zipup,rzz,0.05,2,8,8,,mixed,35,0.816454698462724,0.816454698462724,0.816454698462724,1
C,mpo_zipup,rzz,0.05,2,9,16,,commuting,1,0.0,0.0,0.0,1
C,mpo_zipup,rzz,0.05,2,9,16,,commuting,4,0.19862039072226279,0.19862039072226279,0.19862039072226279,1
C,mpo_zipup,rzz,0.05,2,9,16,,commuting,7,0.20725810860835492,0.20725810860835492,0.20725810860835492,1
C,mpo_zipup,rzz,0.05,2,9,16,,commuting,10,0.216272878090206,0.216272878090206,0.216272878090206,1
C,mpo_zipup,rzz,0.05,2,9,16,,commuting,13,0.225049411997699,0.225049411997699,0.225049411997699,1
C,mpo_zipup,rzz,0.05,2,9,16,,commuting,16,0.23299477295558202,0.23299477295558202,0.23299477295558202,1
C,mpo_zipup,rzz,0.05,2,9,16,,commuting,19,0.2399768975438762,0.2399768975438762,0.2399768975438762,1
C,mpo_zipup,rzz,0.05,2,9,16,,commuting,22,0.24619416237179526,0.24619416237179526,0.24619416237179526,1
C,mpo_zipup,rzz,0.05,2,9,16,,commuting,25,0.25186351372255356,0.25186351372255356,0.25186351372255356,1
C,mpo_zipup,rzz,0.05,2,9,16,,commuting,28,0.25711011994462574,0.25711011994462574,0.25711011994462574,1
C,mpo_zipup,rzz,0.05,2,9,16,,commuting,31,0.26198796430999927,0.26198796430999927,0.26198796430999927,1
C,mpo_zipup,rzz,0.05,2,9,16,,commuting,34,0.26651904560274275,0.26651904560274275,0.26651904560274275,1
C,mpo_zipup,rzz,0.05,2,9,64,,commuting,1,0.0,0.0,0.0,1
C,mpo_zipup,rzz,0.05,2,9,64,,commuting,4,0.0,0.0,0.0,1
C,mpo_zipup,rzz,0.05,2,9,64,,commuting,7,0.0,0.0,0.0,1
C,mpo_zipup,rzz,0.05,2,9,64,,commuting,10,0.0,0.0,0.0,1
C,mpo_zipup,rzz,0.05,2,9,64,,commuting,13,0.0,0.0,0.0,1
C,mpo_zipup,rzz,0.05,2,9,64,,commuting,16,0.0,0.0,0.0,1
C,mpo_zipup,rzz,0.05,2,9,64,,commuting,19,0.0,0.0,0.0,1
C,mpo_zipup,rzz,0.05,2,9,64,,commuting,22,0.0,0.0,0.0,1
C,mpo_zipup,rzz,0.05,2,9,64,,commuting,25,0.0,0.0,0.0,1
C,mpo_zipup,rzz,0.05,2,9,64,,commuting,28,0.0,0.0,0.0,1
C,mpo_zipup,rzz,0.05,2,9,64,,commuting,31,0.0,0.0,0.0,1
C,mpo_zipup,rzz,0.05,2,9,64,,commuting,34,0.0,0.0,0.0,1
C,mpo_zipup,rzz,0.05,2,9,8,,commuting,1,0.10513203263806226,0.10513203263806226,0.10513203263806226,1
C,mpo_zipup,rzz,0.05,2,9,8,,commuting,4,0.4476643049351877,0.4476643049351877,0.4476643049351877,1
C,mpo_zipup,rzz,0.05,2,9,8,,commuting,7,0.45865965774572814,0.45865965774572814,0.45865965774572814,1
C,mpo_zipup,rzz,0.05,2,9,8,,commuting,10,0.471865087578195,0.471865087578195,0.471865087578195,1
C,mpo_zipup,rzz,0.05,2,9,8,,commuting,13,0.48574329807483774,0.48574329807483774,0.48574329807483774,1
C,mpo_zipup,rzz,0.05,2,9,8,,commuting,16,0.4996673014717491,0.4996673014717491,0.4996673014717491,1
C,mpo_zipup,rzz,0.05,2,9,8,,commuting,19,0.5133778728883578,0.5133778728883578,0.5133778728883578,1
C,mpo_zipup,rzz,0.05,2,9,8,,commuting,22,0.5267165472671622,0.5267165472671622,0.5267165472671622,1
C,mpo_zipup,rzz,0.05,2,9,8,,commuting,25,0.5395840675536302,0.5395840675536302,0.5395840675536302,1
C,mpo_zipup,rzz,0.05,2,9,8,,commuting,28,0.5519078578897332,0.5519078578897332,0.5519078578897332,1
C,mpo_zipup,rzz,0.05,2,9,8,,commuting,31,0.5636105982804029,0.5636105982804029,0.5636105982804029,1
C,mpo_zipup,rzz,0.05,2,9,8,,commuting,34,0.5745749284320445,0.5745749284320445,0.5745749284320445,1
C,mpo_zipup,rzz,0.05,3,9,16,,commuting,3,0.19544213541240818,0.19544213541240818,0.19544213541240818,1
C,mpo_zipup,rzz,0.05,3,9,16,,commuting,6,0.20406955400917048,0.20406955400917048,0.20406955400917048,1
C,mpo_zipup,rzz,0.05,3,9,16,,commuting,9,0.21311963420199065,0.21311963420199065,0.21311963420199065,1
C,mpo_zipup,rzz,0.05,3,9,16,,commuting,12,0.22194434592443257,0.22194434592443257,0.22194434592443257,1
C,mpo_zipup,rzz,0.05,3,9,16,,commuting,15,0.23002107533936889,0.23002107533936889,0.23002107533936889,1
C,mpo_zipup,rzz,0.05,3,9,16,,commuting,18,0.23721123649094056,0.23721123649094056,0.23721123649094056,1
C,mpo_zipup,rzz,0.05,3,9,16,,commuting,21,0.243653528979493,0.243653528979493,0.243653528979493,1
C,mpo_zipup,rzz,0.05,3,9,16,,commuting,24,0.24953275575423317,0.24953275575423317,0.24953275575423317,1
C,mpo_zipup,rzz,0.05,3,9,16,,commuting,27,0.25497934429624625,0.25497934429624625,0.25497934429624625,1
C,mpo_zipup,rzz,0.05,3,9,16,,commuting,30,0.26006105537278734,0.26006105537278734,0.26006105537278734,1
C,mpo_zipup,rzz,0.05,3,9,16,,commuting,33,0.26480591217447247,0.26480591217447247,0.26480591217447247,1
C,mpo_zipup,rzz,0.05,3,9,16,,commuting,36,0.2692271006353738,0.2692271006353738,0.2692271006353738,1
C,mpo_zipup,rzz,0.05,3,9,64,,commuting,3,0.0,0.0,0.0,1
C,mpo_zipup,rzz,0.05,3,9,64,,commuting,6,0.0,0.0,0.0,1
C,mpo_zipup,rzz,0.05,3,9,64,,commuting,9,0.0,0.0,0.0,1
C,mpo_zipup,rzz,0.05,3,9,64,,commuting,12,0.0,0.0,0.0,1
C,mpo_zipup,rzz,0.05,3,9,64,,commuting,15,0.0,0.0,0.0,1
C,mpo_zipup,rzz,0.05,3,9,64,,commuting,18,0.0,0.0,0.0,1
C,mpo_zipup,rzz,0.05,3,9,64,,commuting,21,0.0,0.0,0.0,1
C,mpo_zipup,rzz,0.05,3,9,64,,commuting,24,0.0,0.0,0.0,1
C,mpo_zipup,rzz,0.05,3,9,64,,commuting,27,0.0,0.0,0.0,1
C,mpo_zipup,rzz,0.05,3,9,64,,commuting,30,0.0,0.0,0.0,1
C,mpo_zipup,rzz,0.05,3,9,64,,commuting,33,0.0,0.0,0.0,1
C,mpo_zipup,rzz,0.05,3,9,64,,commuting,36,0.0,0.0,0.0,1
C,mpo_zipup,rzz,0.05,3,9,8,,commuting,3,0.44506502544801496,0.44506502544801496,0.44506502544801496,1
C,mpo_zipup,rzz,0.05,3,9,8,,commuting,6,0.4528112578472213,0.4528112578472213,0.4528112578472213,1
C,mpo_zipup,rzz,0.05,3,9,8,,commuting,9,0.4643508891121326,0.4643508891121326,0.4643508891121326,1
C,mpo_zipup,rzz,0.05,3,9,8,,commuting,12,0.47783812334937725,0.47783812334937725,0.47783812334937725,1
C,mpo_zipup,rzz,0.05,3,9,8,,commuting,15,0.4918318454925905,0.4918318454925905,0.4918318454925905,1
C,mpo_zipup,rzz,0.05,3,9,8,,commuting,18,0.5057476514127732,0.5057476514127732,0.5057476514127732,1
C,mpo_zipup,rzz,0.05,3,9,8,,commuting,21,0.5193366450586111,0.5193366450586111,0.5193366450586111,1
C,mpo_zipup,rzz,0.05,3,9,8,,commuting,24,0.5324559727917844,0.5324559727917844,0.5324559727917844,1
C,mpo_zipup,rzz,0.05,3,9,8,,commuting,27,0.5450289588911144,0.5450289588911144,0.5450289588911144,1
C,mpo_zipup,rzz,0.05,3,9,8,,commuting,30,0.5570235402933037,0.5570235402933037,0.5570235402933037,1
C,mpo_zipup,rzz,0.05,3,9,8,,commuting,33,0.5684241527478031,0.5684241527478031,0.5684241527478031,1
C,mpo_zipup,rzz,0.05,3,9,8,,commuting,36,0.5791290667598714,0.5791290667598714,0.5791290667598714,1
C,tebd_swap,rxx,0.05,2,9,16,,mixed,1,0.0,0.0,0.0,1
C,tebd_swap,rxx,0.05,2,9,16,,mixed,4,0.15345019271682558,0.15345019271682558,0.15345019271682558,1
C,tebd_swap,rxx,0.05,2,9,16,,mixed,7,0.27503236487006943,0.27503236487006943,0.27503236487006943,1
C,tebd_swap,rxx,0.05,2,9,16,,mixed,10,0.356791583925384,0.356791583925384,0.356791583925384,1
C,tebd_swap,rxx,0.05,2,9,16,,mixed,13,0.39585193066903734,0.39585193066903734,0.39585193066903734,1
C,tebd_swap,rxx,0.05,2,9,16,,mixed,16,0.42285785019749444,0.42285785019749444,0.42285785019749444,1
C,tebd_swap,rxx,0.05,2,9,16,,mixed,19,0.4432006142705994,0.4432006142705994,0.4432006142705994,1
C,tebd_swap,rxx,0.05,2,9,16,,mixed,22,0.45863567032760955,0.45863567032760955,0.45863567032760955,1
C,tebd_swap,rxx,0.05,2,9,16,,mixed,25,0.4745001377254279,0.4745001377254279,0.4745001377254279,1
C,tebd_swap,rxx,0.05,2,9,16,,mixed,28,0.49544309183176005,0.49544309183176005,0.49544309183176005,1
C,tebd_swap,rxx,0.05,2,9,16,,mixed,31,0.5163416793482667,0.5163416793482667,0.5163416793482667,1
C,tebd_swap,rxx,0.05,2,9,16,,mixed,34,0.536925129667447,0.536925129667447,0.536925129667447,1
C,tebd_swap,rxx,0.05,2,9,64,,mixed,1,0.0,0.0,0.0,1
C,tebd_swap,rxx,0.05,2,9,64,,mixed,4,0.0,0.0,0.0,1
C,tebd_swap,rxx,0.05,2,9,64,,mixed,7,0.0,0.0,0.0,1
C,tebd_swap,rxx,0.05,2,9,64,,mixed,10,0.0,0.0,0.0,1
C,tebd_swap,rxx,0.05,2,9,64,,mixed,13,0.0,0.0,0.0,1
C,tebd_swap,rxx,0.05,2,9,64,,mixed,16,0.0,0.0,0.0,1
C,tebd_swap,rxx,0.05,2,9,64,,mixed,19,0.0,0.0,0.0,1
C,tebd_swap,rxx,0.05,2,9,64,,mixed,22,0.0,0.0,0.0,1
C,tebd_swap,rxx,0.05,2,9,64,,mixed,25,0.0,0.0,0.0,1
C,tebd_swap,rxx,0.05,2,9,64,,mixed,28,0.0,0.0,0.0,1
C,tebd_swap,rxx,0.05,2,9,64,,mixed,31,0.0,0.0,0.0,1
C,tebd_swap,rxx,0.05,2,9,64,,mixed,34,0.0,0.0,0.0,1
C,tebd_swap,rxx,0.05,2,9,8,,mixed,1,0.5517297650000141,0.5517297650000141,0.5517297650000141,1
C,tebd_swap,rxx,0.05,2,9,8,,mixed,4,0.7597570452575172,0.7597570452575172,0.7597570452575172,1
C,tebd_swap,rxx,0.05,2,9,8,,mixed,7,0.7826313379874247,0.7826313379874247,0.7826313379874247,1
C,tebd_swap,rxx,0.05,2,9,8,,mixed,10,0.7976362703629912,0.7976362703629912,0.7976362703629912,1
C,tebd_swap,rxx,0.05,2,9,8,,mixed,13,0.8065664407838079,0.8065664407838079,0.8065664407838079,1
C,tebd_swap,rxx,0.05,2,9,8,,mixed,16,0.8147107975785932,0.8147107975785932,0.8147107975785932,1
C,tebd_swap,rxx,0.05,2,9,8,,mixed,19,0.8220602771685999,0.8220602771685999,0.8220602771685999,1
C,tebd_swap,rxx,0.05,2,9,8,,mixed,22,0.8285805462505488,0.8285805462505488,0.8285805462505488,1
C,tebd_swap,rxx,0.05,2,9,8,,mixed,25,0.8354670831893201,0.8354670831893201,0.8354670831893201,1
C,tebd_swap,rxx,0.05,2,9,8,,mixed,28,0.8409640952787283,0.8409640952787283,0.8409640952787283,1
C,tebd_swap,rxx,0.05,2,9,8,,mixed,31,0.8459089246778457,0.8459089246778457,0.8459089246778457,1
C,tebd_swap,rxx,0.05,2,9,8,,mixed,34,0.851703212589128,0.851703212589128,0.851703212589128,1
C,tebd_swap,ryy,0.05,3,9,16,,mixed,3,0.13863002830343008,0.13863002830343008,0.13863002830343008,1
C,tebd_swap,ryy,0.05,3,9,16,,mixed,6,0.2638168031706817,0.2638168031706817,0.2638168031706817,1
C,tebd_swap,ryy,0.05,3,9,16,,mixed,9,0.34738580105906125,0.34738580105906125,0.34738580105906125,1
C,tebd_swap,ryy,0.05,3,9,16,,mixed,12,0.3898245816737923,0.3898245816737923,0.3898245816737923,1
C,tebd_swap,ryy,0.05,3,9,16,,mixed,15,0.4189082805478903,0.4189082805478903,0.4189082805478903,1
C,tebd_swap,ryy,0.05,3,9,16,,mixed,18,0.4395360350253851,0.4395360350253851,0.4395360350253851,1
C,tebd_swap,ryy,0.05,3,9,16,,mixed,21,0.45436435513193696,0.45436435513193696,0.45436435513193696,1
C,tebd_swap,ryy,0.05,3,9,16,,mixed,24,0.4699922506428589,0.4699922506428589,0.4699922506428589,1
C,tebd_swap,ryy,0.05,3,9,16,,mixed,27,0.4906607134526908,0.4906607134526908,0.4906607134526908,1
C,tebd_swap,ryy,0.05,3,9,16,,mixed,30,0.5102068948100037,0.5102068948100037,0.5102068948100037,1
C,tebd_swap,ryy,0.05,3,9,16,,mixed,33,0.5310962666706615,0.5310962666706615,0.5310962666706615,1
C,tebd_swap,ryy,0.05,3,9,16,,mixed,36,0.5516422916507415,0.5516422916507415,0.5516422916507415,1
C,tebd_swap,ryy,0.05,3,9,64,,mixed,3,0.0,0.0,0.0,1
C,tebd_swap,ryy,0.05,3,9,64,,mixed,6,0.0,0.0,0.0,1
C,tebd_swap,ryy,0.05,3,9,64,,mixed,9,0.0,0.0,0.0,1
C,tebd_swap,ryy,0.05,3,9,64,,mixed,12,0.0,0.0,0.0,1
C,tebd_swap,ryy,0.05,3,9,64,,mixed,15,0.0,0.0,0.0,1
C,tebd_swap,ryy,0.05,3,9,64,,mixed,18,0.0,0.0,0.0,1
C,tebd_swap,ryy,0.05,3,9,64,,mixed,21,0.0,0.0,0.0,1
C,tebd_swap,ryy,0.05,3,9,64,,mixed,24,0.0,0.0,0.0,1
C,tebd_swap,ryy,0.05,3,9,64,,mixed,27,0.0,0.0,0.0,1
C,tebd_swap,ryy,0.05,3,9,64,,mixed,30,0.0,0.0,0.0,1
C,tebd_swap,ryy,0.05,3,9,64,,mixed,33,0.0,0.0,0.0,1
C,tebd_swap,ryy,0.05,3,9,64,,mixed,36,0.0,0.0,0.0,1
C,tebd_swap,ryy,0.05,3,9,8,,mixed,3,0.7495211278899804,0.7495211278899804,0.7495211278899804,1
C,tebd_swap,ryy,0.05,3,9,8,,mixed,6,0.7792591242428637,0.7792591242428637,0.7792591242428637,1
C,tebd_swap,ryy,0.05,3,9,8,,mixed,9,0.7946018104064222,0.7946018104064222,0.7946018104064222,1
C,tebd_swap,ryy,0.05,3,9,8,,mixed,12,0.8045652175621558,0.8045652175621558,0.8045652175621558,1
C,tebd_swap,ryy,0.05,3,9,8,,mixed,15,0.8131552860598761,0.8131552860598761,0.8131552860598761,1
C,tebd_swap,ryy,0.05,3,9,8,,mixed,18,0.8208405433970937,0.8208405433970937,0.8208405433970937,1
C,tebd_swap,ryy,0.05,3,9,8,,mixed,21,0.8277027344078907,0.8277027344078907,0.8277027344078907,1
C,tebd_swap,ryy,0.05,3,9,8,,mixed,24,0.834450382290165,0.834450382290165,0.834450382290165,1
C,tebd_swap,ryy,0.05,3,9,8,,mixed,27,0.8404467966391198,0.8404467966391198,0.8404467966391198,1
C,tebd_swap,ryy,0.05,3,9,8,,mixed,30,0.8454952087499726,0.8454952087499726,0.8454952087499726,1
C,tebd_swap,ryy,0.05,3,9,8,,mixed,33,0.8505120371986442,0.8505120371986442,0.8505120371986442,1
C,tebd_swap,ryy,0.05,3,9,8,,mixed,36,0.856028275698476,0.856028275698476,0.856028275698476,1
C,tebd_swap,rzz,0.05,2,8,16,,commuting,2,0.1298735431608954,0.1298735431608954,0.1298735431608954,1
C,tebd_swap,rzz,0.05,2,8,16,,commuting,5,0.22416652998299536,0.22416652998299536,0.22416652998299536,1
C,tebd_swap,rzz,0.05,2,8,16,,commuting,8,0.27962990412878785,0.27962990412878785,0.27962990412878785,1
C,tebd_swap,rzz,0.05,2,8,16,,commuting,11,0.311865857311877,0.311865857311877,0.311865857311877,1
C,tebd_swap,rzz,0.05,2,8,16,,commuting,14,0.32231926902673724,0.32231926902673724,0.32231926902673724,1
C,tebd_swap,rzz,0.05,2,8,16,,commuting,17,0.33313700798446744,0.33313700798446744,0.33313700798446744,1
C,tebd_swap,rzz,0.05,2,8,16,,commuting,20,0.3537300945619518,0.3537300945619518,0.3537300945619518,1
C,tebd_swap,rzz,0.05,2,8,16,,commuting,23,0.37053820893174827,0.37053820893174827,0.37053820893174827,1
C,tebd_swap,rzz,0.05,2,8,16,,commuting,26,0.3825126190608512,0.3825126190608512,0.3825126190608512,1
C,tebd_swap,rzz,0.05,2,8,16,,commuting,29,0.3934797812766314,0.3934797812766314,0.3934797812766314,1
C,tebd_swap,rzz,0.05,2,8,16,,commuting,32,0.40823384492904935,0.40823384492904935,0.40823384492904935,1
C,tebd_swap,rzz,0.05,2,8,16,,commuting,35,0.42709361682152736,0.42709361682152736,0.42709361682152736,1
C,tebd_swap,rzz,0.05,2,8,16,,mixed,2,0.05816966017015335,0.05816966017015335,0.05816966017015335,1
C,tebd_swap,rzz,0.05,2,8,16,,mixed,5,0.2410030116287245,0.2410030116287245,0.2410030116287245,1
C,tebd_swap,rzz,0.05,2,8,16,,mixed,8,0.32848501568312993,0.32848501568312993,0.32848501568312993,1
C,tebd_swap,rzz,0.05,2,8,16,,mixed,11,0.3706524757770503,0.3706524757770503,0.3706524757770503,1
C,tebd_swap,rzz,0.05,2,8,16,,mixed,14,0.4115144048432806,0.4115144048432806,0.4115144048432806,1
C,tebd_swap,rzz,0.05,2,8,16,,mixed,17,0.43732450149259183,0.43732450149259183,0.43732450149259183,1
C,tebd_swap,rzz,0.05,2,8,16,,mixed,20,0.45302398469643723,0.45302398469643723,0.45302398469643723,1
C,tebd_swap,rzz,0.05,2,8,16,,mixed,23,0.4652303627672736,0.4652303627672736,0.4652303627672736,1
C,tebd_swap,rzz,0.05,2,8,16,,mixed,26,0.48340348846968717,0.48340348846968717,0.48340348846968717,1
C,tebd_swap,rzz,0.05,2,8,16,,mixed,29,0.5034222723192304,0.5034222723192304,0.5034222723192304,1
C,tebd_swap,rzz,0.05,2,8,16,,mixed,32,0.5228477393320496,0.5228477393320496,0.5228477393320496,1
C,tebd_swap,rzz,0.05,2,8,16,,mixed,35,0.5431663631879087,0.5431663631879087,0.5431663631879087,1
C,tebd_swap,rzz,0.05,2,8,64,,commuting,2,0.0,0.0,0.0,1
C,tebd_swap,rzz,0.05,2,8,64,,commuting,5,0.0,0.0,0.0,1
C,tebd_swap,rzz,0.05,2,8,64,,commuting,8,0.0,0.0,0.0,1
C,tebd_swap,rzz,0.05,2,8,64,,commuting,11,0.0,0.0,0.0,1
C,tebd_swap,rzz,0.05,2,8,64,,commuting,14,1.802804128203661e-09,1.802804128203661e-09,1.802804128203661e-09,1
C,tebd_swap,rzz,0.05,2,8,64,,commuting,17,4.423374111439671e-09,4.423374111439671e-09,4.423374111439671e-09,1
C,tebd_swap,rzz,0.05,2,8,64,,commuting,20,4.769472594645663e-09,4.769472594645663e-09,4.769472594645663e-09,1
C,tebd_swap,rzz,0.05,2,8,64,,commuting,23,7.440625893195829e-09,7.440625893195829e-09,7.440625893195829e-09,1
C,tebd_swap,rzz,0.05,2,8,64,,commuting,26,6.807816976817094e-09,6.807816976817094e-09,6.807816976817094e-09,1
C,tebd_swap,rzz,0.05,2,8,64,,commuting,29,8.127659212320282e-09,8.127659212320282e-09,8.127659212320282e-09,1
C,tebd_swap,rzz,0.05,2,8,64,,commuting,32,6.6052687763829e-09,6.6052687763829e-09,6.6052687763829e-09,1
C,tebd_swap,rzz,0.05,2,8,64,,commuting,35,5.145674997208971e-09,5.145674997208971e-09,5.145674997208971e-09,1
C,tebd_swap,rzz,0.05,2,8,64,,mixed,2,0.0,0.0,0.0,1
C,tebd_swap,rzz,0.05,2,8,64,,mixed,5,0.0,0.0,0.0,1
C,tebd_swap,rzz,0.05,2,8,64,,mixed,8,0.0,0.0,0.0,1
C,tebd_swap,rzz,0.05,2,8,64,,mixed,11,0.0,0.0,0.0,1
C,tebd_swap,rzz,0.05,2,8,64,,mixed,14,0.0,0.0,0.0,1
C,tebd_swap,rzz,0.05,2,8,64,,mixed,17,0.0,0.0,0.0,1
C,tebd_swap,rzz,0.05,2,8,64,,mixed,20,0.0,0.0,0.0,1
C,tebd_swap,rzz,0.05,2,8,64,,mixed,23,0.0,0.0,0.0,1
C,tebd_swap,rzz,0.05,2,8,64,,mixed,26,0.0,0.0,0.0,1
C,tebd_swap,rzz,0.05,2,8,64,,mixed,29,0.0,0.0,0.0,1
C,tebd_swap,rzz,0.05,2,8,64,,mixed,32,0.0,0.0,0.0,1
C,tebd_swap,rzz,0.05,2,8,64,,mixed,35,0.0,0.0,0.0,1
C,tebd_swap,rzz,0.05,2,8,8,,commuting,2,0.7311220931011089,0.7311220931011089,0.7311220931011089,1
C,tebd_swap,rzz,0.05,2,8,8,,commuting,5,0.7657664865786488,0.7657664865786488,0.7657664865786488,1
C,tebd_swap,rzz,0.05,2,8,8,,commuting,8,0.7807927131396553,0.7807927131396553,0.7807927131396553,1
C,tebd_swap,rzz,0.05,2,8,8,,commuting,11,0.7902752095276255,0.7902752095276255,0.7902752095276255,1
C,tebd_swap,rzz,0.05,2,8,8,,commuting,14,0.797544670962062,0.797544670962062,0.797544670962062,1
C,tebd_swap,rzz,0.05,2,8,8,,commuting,17,0.8044811802015437,0.8044811802015437,0.8044811802015437,1
C,tebd_swap,rzz,0.05,2,8,8,,commuting,20,0.8119347960349247,0.8119347960349247,0.8119347960349247,1
C,tebd_swap,rzz,0.05,2,8,8,,commuting,23,0.8264179463559773,0.8264179463559773,0.8264179463559773,1
C,tebd_swap,rzz,0.05,2,8,8,,commuting,26,0.848649012867781,0.848649012867781,0.848649012867781,1
C,tebd_swap,rzz,0.05,2,8,8,,commuting,29,0.8641798651974072,0.8641798651974072,0.8641798651974072,1
C,tebd_swap,rzz,0.05,2,8,8,,commuting,32,0.8722209836391929,0.8722209836391929,0.8722209836391929,1
C,tebd_swap,rzz,0.05,2,8,8,,commuting,35,0.8770709331672009,0.8770709331672009,0.8770709331672009,1
C,tebd_swap,rzz,0.05,2,8,8,,mixed,2,0.7294962213763749,0.7294962213763749,0.7294962213763749,1
C,tebd_swap,rzz,0.05,2,8,8,,mixed,5,0.7723990059290612,0.7723990059290612,0.7723990059290612,1
C,tebd_swap,rzz,0.05,2,8,8,,mixed,8,0.7888109407553464,0.7888109407553464,0.7888109407553464,1
C,tebd_swap,rzz,0.05,2,8,8,,mixed,11,0.8013661603078592,0.8013661603078592,0.8013661603078592,1
C,tebd_swap,rzz,0.05,2,8,8,,mixed,14,0.810098582380778,0.810098582380778,0.810098582380778,1
C,tebd_swap,rzz,0.05,2,8,8,,mixed,17,0.8181202231127916,0.8181202231127916,0.8181202231127916,1
C,tebd_swap,rzz,0.05,2,8,8,,mixed,20,0.8261610607824332,0.8261610607824332,0.8261610607824332,1
C,tebd_swap,rzz,0.05,2,8,8,,mixed,23,0.8332070970552974,0.8332070970552974,0.8332070970552974,1
C,tebd_swap,rzz,0.05,2,8,8,,mixed,26,0.8396680525669236,0.8396680525669236,0.8396680525669236,1
C,tebd_swap,rzz,0.05,2,8,8,,mixed,29,0.845012447443639,0.845012447443639,0.845012447443639,1
C,tebd_swap,rzz,0.05,2,8,8,,mixed,32,0.8499488497121649,0.8499488497121649,0.8499488497121649,1
C,tebd_swap,rzz,0.05,2,8,8,,mixed,35,0.8555990823532755,0.8555990823532755,0.8555990823532755,1
C,tebd_swap,rzz,0.05,2,9,16,,commuting,1,1.3322676295501878e-15,1.3322676295501878e-15,1.3322676295501878e-15,1
C,tebd_swap,rzz,0.05,2,9,16,,commuting,4,0.1777268909437395,0.1777268909437395,0.1777268909437395,1
C,tebd_swap,rzz,0.05,2,9,16,,commuting,7,0.2604519320340313,0.2604519320340313,0.2604519320340313,1
C,tebd_swap,rzz,0.05,2,9,16,,commuting,10,0.305238817686142,0.305238817686142,0.305238817686142,1
C,tebd_swap,rzz,0.05,2,9,16,,commuting,13,0.3258483219463394,0.3258483219463394,0.3258483219463394,1
C,tebd_swap,rzz,0.05,2,9,16,,commuting,16,0.3363857962272335,0.3363857962272335,0.3363857962272335,1
C,tebd_swap,rzz,0.05,2,9,16,,commuting,19,0.3494411606072687,0.3494411606072687,0.3494411606072687,1
C,tebd_swap,rzz,0.05,2,9,16,,commuting,22,0.3672112468092137,0.3672112468092137,0.3672112468092137,1
C,tebd_swap,rzz,0.05,2,9,16,,commuting,25,0.38076795188318147,0.38076795188318147,0.38076795188318147,1
C,tebd_swap,rzz,0.05,2,9,16,,commuting,28,0.39100379538269203,0.39100379538269203,0.39100379538269203,1
C,tebd_swap,rzz,0.05,2,9,16,,commuting,31,0.4049633766923435,0.4049633766923435,0.4049633766923435,1
C,tebd_swap,rzz,0.05,2,9,16,,commuting,34,0.42237326399691166,0.42237326399691166,0.42237326399691166,1
C,tebd_swap,rzz,0.05,2,9,64,,commuting,1,1.3322676295501878e-15,1.3322676295501878e-15,1.3322676295501878e-15,1
C,tebd_swap,rzz,0.05,2,9,64,,commuting,4,0.0,0.0,0.0,1
C,tebd_swap,rzz,0.05,2,9,64,,commuting,7,0.0,0.0,0.0,1
C,tebd_swap,rzz,0.05,2,9,64,,commuting,10,0.0,0.0,0.0,1
C,tebd_swap,rzz,0.05,2,9,64,,commuting,13,9.792222588345112e-10,9.792222588345112e-10,9.792222588345112e-10,1
C,tebd_swap,rzz,0.05,2,9,64,,commuting,16,1.0179528331377696e-09,1.0179528331377696e-09,1.0179528331377696e-09,1
C,tebd_swap,rzz,0.05,2,9,64,,commuting,19,4.04703004441842e-09,4.04703004441842e-09,4.04703004441842e-09,1
C,tebd_swap,rzz,0.05,2,9,64,,commuting,22,6.872705959892755e-09,6.872705959892755e-09,6.872705959892755e-09,1
C,tebd_swap,rzz,0.05,2,9,64,,commuting,25,7.022638026654704e-09,7.022638026654704e-09,7.022638026654704e-09,1
C,tebd_swap,rzz,0.05,2,9,64,,commuting,28,6.1097913395258274e-09,6.1097913395258274e-09,6.1097913395258274e-09,1
C,tebd_swap,rzz,0.05,2,9,64,,commuting,31,4.9761237352896615e-09,4.9761237352896615e-09,4.9761237352896615e-09,1
C,tebd_swap,rzz,0.05,2,9,64,,commuting,34,2.9192939177136168e-09,2.9192939177136168e-09,2.9192939177136168e-09,1
C,tebd_swap,rzz,0.05,2,9,8,,commuting,1,0.5508092908572801,0.5508092908572801,0.5508092908572801,1
C,tebd_swap,rzz,0.05,2,9,8,,commuting,4,0.7558040067134337,0.7558040067134337,0.7558040067134337,1
C,tebd_swap,rzz,0.05,2,9,8,,commuting,7,0.7765630885989844,0.7765630885989844,0.7765630885989844,1
C,tebd_swap,rzz,0.05,2,9,8,,commuting,10,0.7882726669906888,0.7882726669906888,0.7882726669906888,1
C,tebd_swap,rzz,0.05,2,9,8,,commuting,13,0.7949072998888558,0.7949072998888558,0.7949072998888558,1
C,tebd_swap,rzz,0.05,2,9,8,,commuting,16,0.8014538030795784,0.8014538030795784,0.8014538030795784,1
C,tebd_swap,rzz,0.05,2,9,8,,commuting,19,0.8086150728421068,0.8086150728421068,0.8086150728421068,1
C,tebd_swap,rzz,0.05,2,9,8,,commuting,22,0.8236038926548923,0.8236038926548923,0.8236038926548923,1
C,tebd_swap,rzz,0.05,2,9,8,,commuting,25,0.8459409827856619,0.8459409827856619,0.8459409827856619,1
C,tebd_swap,rzz,0.05,2,9,8,,commuting,28,0.8605242730237733,0.8605242730237733,0.8605242730237733,1
C,tebd_swap,rzz,0.05,2,9,8,,commuting,31,0.8684007951707591,0.8684007951707591,0.8684007951707591,1
C,tebd_swap,rzz,0.05,2,9,8,,commuting,34,0.8743718636714779,0.8743718636714779,0.8743718636714779,1
C,tebd_swap,rzz,0.05,3,9,16,,commuting,3,0.166652864358926,0.166652864358926,0.166652864358926,1
C,tebd_swap,rzz,0.05,3,9,16,,commuting,6,0.25197077439436977,0.25197077439436977,0.25197077439436977,1
C,tebd_swap,rzz,0.05,3,9,16,,commuting,9,0.29835634282059464,0.29835634282059464,0.29835634282059464,1
C,tebd_swap,rzz,0.05,3,9,16,,commuting,12,0.3205869626596588,0.3205869626596588,0.3205869626596588,1
C,tebd_swap,rzz,0.05,3,9,16,,commuting,15,0.3324060509245371,0.3324060509245371,0.3324060509245371,1
C,tebd_swap,rzz,0.05,3,9,16,,commuting,18,0.34380178723425225,0.34380178723425225,0.34380178723425225,1
C,tebd_swap,rzz,0.05,3,9,16,,commuting,21,0.36214926419170923,0.36214926419170923,0.36214926419170923,1
C,tebd_swap,rzz,0.05,3,9,16,,commuting,24,0.3760388145816911,0.3760388145816911,0.3760388145816911,1
C,tebd_swap,rzz,0.05,3,9,16,,commuting,27,0.38602489422361785,0.38602489422361785,0.38602489422361785,1
C,tebd_swap,rzz,0.05,3,9,16,,commuting,30,0.39948347093667136,0.39948347093667136,0.39948347093667136,1
C,tebd_swap,rzz,0.05,3,9,16,,commuting,33,0.4164493669264131,0.4164493669264131,0.4164493669264131,1
C,tebd_swap,rzz,0.05,3,9,16,,commuting,36,0.43573517585472965,0.43573517585472965,0.43573517585472965,1
C,tebd_swap,rzz,0.05,3,9,64,,commuting,3,0.0,0.0,0.0,1
C,tebd_swap,rzz,0.05,3,9,64,,commuting,6,0.0,0.0,0.0,1
C,tebd_swap,rzz,0.05,3,9,64,,commuting,9,0.0,0.0,0.0,1
C,tebd_swap,rzz,0.05,3,9,64,,commuting,12,1.06580011483004e-09,1.06580011483004e-09,1.06580011483004e-09,1
C,tebd_swap,rzz,0.05,3,9,64,,commuting,15,3.0916913473788554e-10,3.0916913473788554e-10,3.0916913473788554e-10,1
C,tebd_swap,rzz,0.05,3,9,64,,commuting,18,2.689786837706265e-09,2.689786837706265e-09,2.689786837706265e-09,1
C,tebd_swap,rzz,0.05,3,9,64,,commuting,21,6.867163282464617e-09,6.867163282464617e-09,6.867163282464617e-09,1
C,tebd_swap,rzz,0.05,3,9,64,,commuting,24,7.397012113941059e-09,7.397012113941059e-09,7.397012113941059e-09,1
C,tebd_swap,rzz,0.05,3,9,64,,commuting,27,6.3999023858229975e-09,6.3999023858229975e-09,6.3999023858229975e-09,1
C,tebd_swap,rzz,0.05,3,9,64,,commuting,30,5.602189823150638e-09,5.602189823150638e-09,5.602189823150638e-09,1
C,tebd_swap,rzz,0.05,3,9,64,,commuting,33,3.450204122401601e-09,3.450204122401601e-09,3.450204122401601e-09,1
C,tebd_swap,rzz,0.05,3,9,64,,commuting,36,2.2620016970620327e-09,2.2620016970620327e-09,2.2620016970620327e-09,1
C,tebd_swap,rzz,0.05,3,9,8,,commuting,3,0.7496287408378739,0.7496287408378739,0.7496287408378739,1
C,tebd_swap,rzz,0.05,3,9,8,,commuting,6,0.773123270169998,0.773123270169998,0.773123270169998,1
C,tebd_swap,rzz,0.05,3,9,8,,commuting,9,0.7859747415865866,0.7859747415865866,0.7859747415865866,1
C,tebd_swap,rzz,0.05,3,9,8,,commuting,12,0.7932275318626052,0.7932275318626052,0.7932275318626052,1
C,tebd_swap,rzz,0.05,3,9,8,,commuting,15,0.8000461356217782,0.8000461356217782,0.8000461356217782,1
C,tebd_swap,rzz,0.05,3,9,8,,commuting,18,0.8070577121622169,0.8070577121622169,0.8070577121622169,1
C,tebd_swap,rzz,0.05,3,9,8,,commuting,21,0.8201781657073558,0.8201781657073558,0.8201781657073558,1
C,tebd_swap,rzz,0.05,3,9,8,,commuting,24,0.841517042498951,0.841517042498951,0.841517042498951,1
C,tebd_swap,rzz,0.05,3,9,8,,commuting,27,0.8559722361467044,0.8559722361467044,0.8559722361467044,1
C,tebd_swap,rzz,0.05,3,9,8,,commuting,30,0.8676241102294878,0.8676241102294878,0.8676241102294878,1
C,tebd_swap,rzz,0.05,3,9,8,,commuting,33,0.8727488684909559,0.8727488684909559,0.8727488684909559,1
C,tebd_swap,rzz,0.05,3,9,8,,commuting,36,0.8792061702826364,0.8792061702826364,0.8792061702826364,1
local_vs_full,full_tdvp,rxx,0.1,2,9,16,1,,1,0.0,0.0,0.0,1
local_vs_full,full_tdvp,rxx,0.1,2,9,16,4,,1,1.1733547466974414e-10,1.1733547466974414e-10,1.1733547466974414e-10,1
local_vs_full,full_tdvp,rxx,0.1,2,9,64,1,,1,0.0,0.0,0.0,1
local_vs_full,full_tdvp,rxx,0.1,2,9,64,4,,1,1.1733547466974414e-10,1.1733547466974414e-10,1.1733547466974414e-10,1
local_vs_full,hybrid_tdvp,rxx,0.1,2,9,16,1,,1,0.0,0.0,0.0,1
local_vs_full,hybrid_tdvp,rxx,0.1,2,9,16,4,,1,1.1733547466974414e-10,1.1733547466974414e-10,1.1733547466974414e-10,1
local_vs_full,hybrid_tdvp,rxx,0.1,2,9,64,1,,1,0.0,0.0,0.0,1
local_vs_full,hybrid_tdvp,rxx,0.1,2,9,64,4,,1,1.1733547466974414e-10,1.1733547466974414e-10,1.1733547466974414e-10,1
local_vs_full,local_vs_full_cross,rxx,0.1,2,9,16,1,,1,0.0,0.0,0.0,1
local_vs_full,local_vs_full_cross,rxx,0.1,2,9,16,4,,1,0.0,0.0,0.0,1
local_vs_full,local_vs_full_cross,rxx,0.1,2,9,64,1,,1,0.0,0.0,0.0,1
local_vs_full,local_vs_full_cross,rxx,0.1,2,9,64,4,,1,0.0,0.0,0.0,1
