task_id,experiment,method,seed,gate_type,theta,q0,q1,separation,chi_max,tdvp_substeps,gate_index,gate_count,sequence,fidelity,raw_overlap,infidelity,vec_error,norm_before,norm_after,max_obs_error,rms_obs_error,runtime_s,max_bond,bond_profile,param_count,discarded_weight_gate,discarded_weight_cumulative,lanczos_tol
2db4a7978313b1152f4a8ded6daddb65597e7c1dc7ad9f6c6c9f98d51bbeb21c,A,exact,11,rxx,0.025,2,9,7,,,1,1,,0.9999999999999987,0.9999999999999987,1.3322676295501878e-15,0.0,0.9999999999999996,0.9999999999999992,0.0,0.0,0.0,8,"[1, 2, 4, 8, 8, 8, 8, 8, 8, 8, 4, 2, 1]",936,0.0,0.0,1e-12
6377c41ab8b7f866a3b8199215eaba4abc779f46e8c6efa579fb4184b66cf229,A,exact,11,rxx,0.05,2,9,7,,,1,1,,0.999999999999998,0.999999999999998,1.9984014443252818e-15,0.0,0.9999999999999996,0.9999999999999997,0.0,0.0,0.0,8,"[1, 2, 4, 8, 8, 8, 8, 8, 8, 8, 4, 2, 1]",936,0.0,0.0,1e-12
66936168b66c1194a7cc1591f9bed9690c66d041e9043cc6bd074281be3cdaf1,A,exact,11,rxx,0.1,2,9,7,,,1,1,,0.9999999999999987,0.9999999999999987,1.3322676295501878e-15,0.0,0.9999999999999996,0.9999999999999997,0.0,0.0,0.0,8,"[1, 2, 4, 8, 8, 8, 8, 8, 8, 8, 4, 2, 1]",936,0.0,0.0,1e-12
aa4f71f04a573703df1018c3a92afce5824e0dd37069ccdf46e2554ba3301349,A,exact,11,rxx,0.2,2,9,7,,,1,1,,0.9999999999999982,0.9999999999999982,1.7763568394002505e-15,0.0,0.9999999999999996,1.0,0.0,0.0,0.0,8,"[1, 2, 4, 8, 8, 8, 8, 8, 8, 8, 4, 2, 1]",936,0.0,0.0,1e-12
b012ea935982438c210513b8a0d653a912f19ec90fa30f8501bd6bd6218619f5,A,exact,11,ryy,0.025,2,9,7,,,1,1,,0.9999999999999987,0.9999999999999987,1.3322676295501878e-15,0.0,0.9999999999999996,0.9999999999999991,0.0,0.0,0.0,8,"[1, 2, 4, 8, 8, 8, 8, 8, 8, 8, 4, 2, 1]",936,0.0,0.0,1e-12
3179d941bee9c3db5d641b2b5aa2092fe63caa366f4d20f599a820c93fcda933,A,exact,11,ryy,0.05,2,9,7,,,1,1,,0.9999999999999978,0.9999999999999978,2.220446049250313e-15,0.0,0.9999999999999996,0.9999999999999997,0.0,0.0,0.0,8,"[1, 2, 4, 8, 8, 8, 8, 8, 8, 8, 4, 2, 1]",936,0.0,0.0,1e-12
38c7c0659963d025396d3cb4d22490015f869e4dbdb41cf40e682358539b7344,A,exact,11,ryy,0.1,2,9,7,,,1,1,,0.9999999999999984,0.9999999999999984,1.5543122344752192e-15,0.0,0.9999999999999996,0.9999999999999998,0.0,0.0,0.0,8,"[1, 2, 4, 8, 8, 8, 8, 8, 8, 8, 4, 2, 1]",936,0.0,0.0,1e-12
05a63aff705b8ad13207f9b36ef5a8326178bd12e9c4ab000c98dc94186b6f18,A,exact,11,ryy,0.2,2,9,7,,,1,1,,0.9999999999999987,0.9999999999999987,1.3322676295501878e-15,0.0,0.9999999999999996,0.9999999999999996,0.0,0.0,0.0,8,"[1, 2, 4, 8, 8, 8, 8, 8, 8, 8, 4, 2, 1]",936,0.0,0.0,1e-12
d14a7ab3b5f942e7984c5064fc0846d956aeb57b5cf7e902457dcf093a14f1cb,A,exact,11,rzz,0.025,2,9,7,,,1,1,,0.9999999999999987,0.9999999999999987,1.3322676295501878e-15,0.0,0.9999999999999996,0.9999999999999993,0.0,0.0,0.0,8,"[1, 2, 4, 8, 8, 8, 8, 8, 8, 8, 4, 2, 1]",936,0.0,0.0,1e-12
b1ff6053d1627cfba176eae50e4e55c17bcda903afe943d10b9eca806e41bb97,A,exact,11,rzz,0.05,2,9,7,,,1,1,,0.999999999999998,0.999999999999998,1.9984014443252818e-15,0.0,0.9999999999999996,0.9999999999999994,0.0,0.0,0.0,8,"[1, 2, 4, 8, 8, 8, 8, 8, 8, 8, 4, 2, 1]",936,0.0,0.0,1e-12
10878d2eb70c0636d1f0101402f992469a65db2ae058a38426df97b7944a87e1,A,exact,11,rzz,0.1,2,9,7,,,1,1,,0.9999999999999982,0.9999999999999982,1.7763568394002505e-15,0.0,0.9999999999999996,0.9999999999999994,0.0,0.0,0.0,8,"[1, 2, 4, 8, 8, 8, 8, 8, 8, 8, 4, 2, 1]",936,0.0,0.0,1e-12
8d66802dc231a93b23c1fc1020a4118fcf8e19594671401f9b3f2e408cc05426,A,exact,11,rzz,0.2,2,9,7,,,1,1,,0.9999999999999984,0.9999999999999984,1.5543122344752192e-15,0.0,0.9999999999999996,0.9999999999999991,0.0,0.0,0.0,8,"[1, 2, 4, 8, 8, 8, 8, 8, 8, 8, 4, 2, 1]",936,0.0,0.0,1e-12
865b3374ed3fe47e345db601ae41ef2525f81abd535d0a18c39844036dbd73da,A,hybrid_tdvp,11,rxx,0.025,2,9,7,8,1,1,1,,0.9999311419949316,0.9999311419949316,6.885800506839512e-05,0.008298143796370765,0.9999999999999996,1.0,0.0006296098639083682,9.50287003552354e-05,0.031110223033465445,8,"[1, 2, 4, 8, 8, 8, 8, 8, 8, 8, 4, 2, 1]",936,1.0262027948409133e-05,1.0262027948409133e-05,1e-12
74c204f5ee649dad804cc5ae8a4a79775e1c0d2cbfc3ef6e8301ffe2225427ba,A,hybrid_tdvp,11,rxx,0.025,2,9,7,8,2,1,1,,0.9999311305300068,0.9999311305300068,6.886946999318244e-05,0.008298834604073619,0.9999999999999996,1.0000000000000004,0.0006258397313641771,9.456988375984275e-05,0.1266064289957285,8,"[1, 2, 4, 8, 8, 8, 8, 8, 8, 8, 4, 2, 1]",936,5.132431342249524e-06,5.132431342249524e-06,1e-12
dbb9ef77fb5d769c09ee030237b86d6b6e52217ddd823346c2e3be902e713225,A,hybrid_tdvp,11,rxx,0.025,2,9,7,8,4,1,1,,0.9999311235314619,0.9999311235314619,6.887646853814822e-05,0.008299256266086994,0.9999999999999996,1.0000000000000002,0.0006239809032802593,9.435003987170239e-05,0.06106323795393109,8,"[1, 2, 4, 8, 8, 8, 8, 8, 8, 8, 4, 2, 1]",936,2.5665912537264117e-06,2.5665912537264117e-06,1e-12
fccb5c18f59f1abeee35789d21ed1200ab04349bd725c385a7ec1fab8e6489c9,A,hybrid_tdvp,11,rxx,0.025,2,9,7,8,8,1,1,,0.9999311197344167,0.9999311197344167,6.888026558327098e-05,0.008299485029033361,0.9999999999999996,1.0000000000000002,0.0006230568525216994,9.424241714056787e-05,0.22146346099907532,8,"[1, 2, 4, 8, 8, 8, 8, 8, 8, 8, 4, 2, 1]",936,1.283392546689105e-06,1.283392546689105e-06,1e-12
2a1a0ee62151db62ada2f206a715dff895052f40ea53fa8b5b4f8793ca7f8892,A,hybrid_tdvp,11,rxx,0.025,2,9,7,16,1,1,1,,0.9999999998826408,0.9999999998826408,1.1735923344247112e-10,1.0832344231440946e-05,0.9999999999999996,0.999999999999991,6.931215143501923e-08,1.1328806063103269e-08,0.05201624403707683,16,"[1, 2, 4, 8, 16, 16, 16, 16, 16, 8, 4, 2, 1]",2728,2.022245239169169e-14,2.022245239169169e-14,1e-12
1256d0f9ac087adbf78a7ca16e98ea4ac58ec32d31ac8b55d890f9aa98ba921c,A,hybrid_tdvp,11,rxx,0.025,2,9,7,16,2,1,1,,0.999999999970685,0.999999999970685,2.931499487601741e-11,5.414751562273405e-06,0.9999999999999996,1.0000000000000022,3.472967086137757e-08,5.705093564040701e-09,0.22533306799596176,16,"[1, 2, 4, 8, 16, 16, 16, 16, 16, 8, 4, 2, 1]",2728,5.052861327670253e-15,5.052861327670253e-15,1e-12
267ef3308566c03d984713f9dc7e0226839a5554ae0bf97f060e992564a22e58,A,hybrid_tdvp,11,rxx,0.025,2,9,7,16,4,1,1,,0.9999999999926807,0.9999999999926807,7.319256312143807e-12,2.7070161952471427e-06,0.9999999999999996,1.0000000000000042,1.7383158079642413e-08,2.866342861124009e-09,0.04550733300857246,16,"[1, 2, 4, 8, 16, 16, 16, 16, 16, 8, 4, 2, 1]",2728,1.2628720048141901e-15,1.2628720048141901e-15,1e-12
e5e83b5484d808319aae813150edce665c5b16d6a89810bad36cd4a9bb59b099,A,hybrid_tdvp,11,rxx,0.025,2,9,7,16,8,1,1,,0.9999999999981779,0.9999999999981779,1.822098028014807e-12,1.3534176446777342e-06,0.9999999999999996,1.0000000000000044,8.696200301527846e-09,1.437072133122707e-09,0.17851897701621056,16,"[1, 2, 4, 8, 16, 16, 16, 16, 16, 8, 4, 2, 1]",2728,3.1567512565066167e-16,3.1567512565066167e-16,1e-12
436d6dd28cc4868d2083bc2c3c9c5f43b9ae1a438a9855243a31d618323046ef,A,hybrid_tdvp,11,rxx,0.025,2,9,7,64,1,1,1,,0.9999999998826408,0.9999999998826408,1.1735923344247112e-10,1.0832344231440946e-05,0.9999999999999996,0.999999999999991,6.931215143501923e-08,1.1328806063103269e-08,0.12131457403302193,16,"[1, 2, 4, 8, 16, 16, 16, 16, 16, 8, 4, 2, 1]",2728,2.022245239169169e-14,2.022245239169169e-14,1e-12
95381f4e8ee06a6ef92294e961f44d9377e493c7b6d1f6c5cbcbfa10a4c61e4d,A,hybrid_tdvp,11,rxx,0.025,2,9,7,64,2,1,1,,0.999999999970685,0.999999999970685,2.931499487601741e-11,5.414751562273405e-06,0.9999999999999996,1.0000000000000022,3.472967086137757e-08,5.705093564040701e-09,0.025402508035767823,16,"[1, 2, 4, 8, 16, 16, 16, 16, 16, 8, 4, 2, 1]",2728,5.052861327670253e-15,5.052861327670253e-15,1e-12
886b3c730c41bbe45e46bee19127332ffbabf59a5612e84c5f17fa18a28bcd25,A,hybrid_tdvp,11,rxx,0.025,2,9,7,64,4,1,1,,0.9999999999926807,0.9999999999926807,7.319256312143807e-12,2.7070161952471427e-06,0.9999999999999996,1.0000000000000042,1.7383158079642413e-08,2.866342861124009e-09,0.08703035302460194,16,"[1, 2, 4, 8, 16, 16, 16, 16, 16, 8, 4, 2, 1]",2728,1.2628720048141901e-15,1.2628720048141901e-15,1e-12
439286b705c671d10544dfd92489e8050c39bce098cfc77bf1d70a6a1c5918dc,A,hybrid_tdvp,11,rxx,0.025,2,9,7,64,8,1,1,,0.9999999999981779,0.9999999999981779,1.822098028014807e-12,1.3534176446777342e-06,0.9999999999999996,1.0000000000000044,8.696200301527846e-09,1.437072133122707e-09,0.16124045400647447,16,"[1, 2, 4, 8, 16, 16, 16, 16, 16, 8, 4, 2, 1]",2728,3.1567512565066167e-16,3.1567512565066167e-16,1e-12
973604c684cff46406305c14a27c9adc73aa136a61ba80997dfda4915048a51d,A,hybrid_tdvp,11,rxx,0.05,2,9,7,8,1,1,1,,0.999726263255507,0.999726263255507,0.0002737367444930472,0.016545557712237823,0.9999999999999996,1.0000000000000004,0.001296398970579777,0.00019899507974830707,0.015553243982139975,8,"[1, 2, 4, 8, 8, 8, 8, 8, 8, 8, 4, 2, 1]",936,4.0783644865547394e-05,4.0783644865547394e-05,1e-12
fdf313616dd6bd6f4dd5d6fb60c5e7454c7141a3aad9e91e6ae673b9b08eee70,A,hybrid_tdvp,11,rxx,0.05,2,9,7,8,2,1,1,,0.9997260590996913,0.9997260590996913,0.0002739409003087445,0.01655172691238901,0.9999999999999996,1.0000000000000007,0.0012797345524159127,0.0001970628631009577,0.08031941700028256,8,"[1, 2, 4, 8, 8, 8, 8, 8, 8, 8, 4, 2, 1]",936,2.0410737764740687e-05,2.0410737764740687e-05,1e-12
a8bd9977f3388b421d43c70d5dfd61c751e26dec365c6368d028e20be602c8da,A,hybrid_tdvp,11,rxx,0.05,2,9,7,8,4,1,1,,0.9997259407948097,0.9997259407948097,0.00027405920519030236,0.01655530080896197,0.9999999999999996,0.9999999999999998,0.0012717466941535444,0.00019617516336394017,0.6451952570350841,8,"[1, 2, 4, 8, 8, 8, 8, 8, 8, 8, 4, 2, 1]",936,1.0210517125451239e-05,1.0210517125451239e-05,1e-12
d7e14481df849ee75fdfd2840c6acc05574ef6dcb7b384f7ef38773c97e352ba,A,hybrid_tdvp,11,rxx,0.05,2,9,7,8,8,1,1,,0.9997258781040859,0.9997258781040859,0.0002741218959141367,0.016557194333371612,0.9999999999999996,1.0000000000000002,0.001267824384447551,0.00019575002700857196,0.7933165159774944,8,"[1, 2, 4, 8, 8, 8, 8, 8, 8, 8, 4, 2, 1]",936,5.106601621051547e-06,5.106601621051547e-06,1e-12
acfe851206b073b0b17d977bb02d38befe2dbff8a0a73126545f3d9b6bd48c08,A,hybrid_tdvp,11,rxx,0.05,2,9,7,16,1,1,1,,0.9999999995300883,0.9999999995300883,4.699116651352142e-10,2.167576878151595e-05,0.9999999999999996,0.9999999999999647,1.3803122432543002e-07,2.4574595400680237e-08,0.16006309899967164,16,"[1, 2, 4, 8, 16, 16, 16, 16, 16, 8, 4, 2, 1]",2728,8.097819567880028e-14,8.097819567880028e-14,1e-12
4ed6491807cf916696856307b71e7c52c419dd4c1385e056b0171473acd2a1d5,A,hybrid_tdvp,11,rxx,0.05,2,9,7,16,2,1,1,,0.999999999882649,0.999999999882649,1.173510177920889e-10,1.0832344231444861e-05,0.9999999999999996,0.9999999999999953,6.931214116545625e-08,1.2556151665383829e-08,0.2766945959883742,16,"[1, 2, 4, 8, 16, 16, 16, 16, 16, 8, 4, 2, 1]",2728,2.0222452412062407e-14,2.0222452412062407e-14,1e-12
eb8c56b16d266a401f8db4ce455013f607f7e25ab902d29ebbb695002bdafc92,A,hybrid_tdvp,11,rxx,0.05,2,9,7,16,4,1,1,,0.9999999999706786,0.9999999999706786,2.9321434169560234e-11,5.414751562272849e-06,0.9999999999999996,0.999999999999999,3.472968246320818e-08,6.37073335270272e-09,0.14916414098115638,16,"[1, 2, 4, 8, 16, 16, 16, 16, 16, 8, 4, 2, 1]",2728,5.052861327829669e-15,5.052861327829669e-15,1e-12
24fe02e733b71efe9798993748fc57a12ae22cd57f015179a5c1351134ef918a,A,hybrid_tdvp,11,rxx,0.05,2,9,7,16,8,1,1,,0.9999999999926985,0.9999999999926985,7.301492743749805e-12,2.707016195267216e-06,0.9999999999999996,1.0000000000000138,1.7383165865081374e-08,3.211576247312551e-09,0.25178846798371524,16,"[1, 2, 4, 8, 16, 16, 16, 16, 16, 8, 4, 2, 1]",2728,1.2628720048154462e-15,1.2628720048154462e-15,1e-12
15e6500eb4375a407af0e9f075f0b5be9e94b7431c73f970d49ca4dff9735c96,A,hybrid_tdvp,11,rxx,0.05,2,9,7,64,1,1,1,,0.9999999995300883,0.9999999995300883,4.699116651352142e-10,2.167576878151595e-05,0.9999999999999996,0.9999999999999647,1.3803122432543002e-07,2.4574595400680237e-08,0.04286202898947522,16,"[1, 2, 4, 8, 16, 16, 16, 16, 16, 8, 4, 2, 1]",2728,8.097819567880028e-14,8.097819567880028e-14,1e-12
f508d2e998f13ba7a54c9f6547294c1c46fa43f018248301cf1c87a5e9396d55,A,hybrid_tdvp,11,rxx,0.05,2,9,7,64,2,1,1,,0.999999999882649,0.999999999882649,1.173510177920889e-10,1.0832344231444861e-05,0.9999999999999996,0.9999999999999953,6.931214116545625e-08,1.2556151665383829e-08,0.14053599501494318,16,"[1, 2, 4, 8, 16, 16, 16, 16, 16, 8, 4, 2, 1]",2728,2.0222452412062407e-14,2.0222452412062407e-14,1e-12
7443c81736c631923b2182a9dfaa1e850dfb670a8796faea687e7ee556290313,A,hybrid_tdvp,11,rxx,0.05,2,9,7,64,4,1,1,,0.9999999999706786,0.9999999999706786,2.9321434169560234e-11,5.414751562272849e-06,0.9999999999999996,0.999999999999999,3.472968246320818e-08,6.37073335270272e-09,0.0826519190450199,16,"[1, 2, 4, 8, 16, 16, 16, 16, 16, 8, 4, 2, 1]",2728,5.052861327829669e-15,5.052861327829669e-15,1e-12
78d5215bb926269167c8b7f035323ce068263f4fd48f2964ed01e48710beda1f,A,hybrid_tdvp,11,rxx,0.05,2,9,7,64,8,1,1,,0.9999999999926985,0.9999999999926985,7.301492743749805e-12,2.707016195267216e-06,0.9999999999999996,1.0000000000000138,1.7383165865081374e-08,3.211576247312551e-09,0.15465792798204347,16,"[1, 2, 4, 8, 16, 16, 16, 16, 16, 8, 4, 2, 1]",2728,1.2628720048154462e-15,1.2628720048154462e-15,1e-12
f6615d2cfe5956c231caa3464014665ee364d111b6162a514dd93fcc941cb944,A,hybrid_tdvp,11,rxx,0.1,2,9,7,8,1,1,1,,0.998926135070698,0.998926135070698,0.0010738649293019487,0.03277427925482142,0.9999999999999996,1.0000000000000004,0.0026972262863216648,0.00043833183942926425,0.10642471397295594,8,"[1, 2, 4, 8, 8, 8, 8, 8, 8, 8, 4, 2, 1]",936,0.0001615846889029573,0.0001615846889029573,1e-12
d93df2733fb4bc55ab562d9f80a3604d6130241ab5e50b5a086a2e839db3bdfd,A,hybrid_tdvp,11,rxx,0.1,2,9,7,8,2,1,1,,0.9989226425080528,0.9989226425080528,0.0010773574919471507,0.03282754671239742,0.9999999999999996,1.0000000000000004,0.0026375250911895784,0.0004321212653363238,0.05580103496322408,8,"[1, 2, 4, 8, 8, 8, 8, 8, 8, 8, 4, 2, 1]",936,8.083963808156511e-05,8.083963808156511e-05,1e-12
65e334a180beb779952a3264e512483511b86685f991941e65a6a89543436c60,A,hybrid_tdvp,11,rxx,0.1,2,9,7,8,4,1,1,,0.9989207558673681,0.9989207558673681,0.0010792441326319402,0.032856285271554,0.9999999999999996,1.0000000000000007,0.002608218991632171,0.00042934577636137414,0.18461409996962175,8,"[1, 2, 4, 8, 8, 8, 8, 8, 8, 8, 4, 2, 1]",936,4.046330407046103e-05,4.046330407046103e-05,1e-12
d61c903c9a2c001108b470d3b4afcfc1f9cb7fd695db4f54554015bca4b33cf4,A,hybrid_tdvp,11,rxx,0.1,2,9,7,8,8,1,1,,0.9989197872936125,0.9989197872936125,0.0010802127063874734,0.03287102947769823,0.9999999999999996,1.0,0.0025938448679576065,0.00042805654653296787,1.2594185489579104,8,"[1, 2, 4, 8, 8, 8, 8, 8, 8, 8, 4, 2, 1]",936,2.0244747923788245e-05,2.0244747923788245e-05,1e-12
93007c850f3af0f8cd5a5ac98825c045574c56e8501cef18c744dcea78eaf91f,A,hybrid_tdvp,11,rxx,0.1,2,9,7,16,1,1,1,,1.0000000000000098,1.0000000000000098,0.0,2.2310634935857493e-14,0.9999999999999996,1.0000000000000049,2.1316282072803006e-14,7.032056729042043e-15,0.09783782198792323,16,"[1, 2, 4, 8, 16, 16, 16, 16, 16, 8, 4, 2, 1]",2728,1.9190264543978879e-31,1.9190264543978879e-31,1e-12
fd0b52a04319d7fefbe7f8ea69f62d8cf64361c9615be7fb7f279589ea7f81c9,A,hybrid_tdvp,11,rxx,0.1,2,9,7,16,2,1,1,,0.999999999530079,0.999999999530079,4.699209910086211e-10,2.1675768781542768e-05,0.9999999999999996,0.9999999999999594,2.1109095932336785e-07,3.27216549954522e-08,0.10764584998833016,16,"[1, 2, 4, 8, 16, 16, 16, 16, 16, 8, 4, 2, 1]",2728,8.097819599604061e-14,8.097819599604061e-14,1e-12
a657f95a547f237eb3a7ca8f5d81a00a596cb0b3b8627cc5de647b32b6ffe3ea,A,hybrid_tdvp,11,rxx,0.1,2,9,7,16,4,1,1,,0.9999999998826645,0.9999999998826645,1.1733547466974414e-10,1.0832344231442549e-05,0.9999999999999996,1.0000000000000022,1.1288856595348395e-07,1.6904609294591487e-08,0.22260915499646217,16,"[1, 2, 4, 8, 16, 16, 16, 16, 16, 8, 4, 2, 1]",2728,2.0222452413993674e-14,2.0222452413993674e-14,1e-12
bdd72416cdd19c62a0b969cd15239a97c46a634f7b203c1af58c2f15b5699b7c,A,hybrid_tdvp,11,rxx,0.1,2,9,7,16,8,1,1,,0.9999999999706977,0.9999999999706977,2.930233833353668e-11,5.414751562278416e-06,0.9999999999999996,1.0000000000000089,5.828101815041897e-08,8.60474677307849e-09,0.2569119410472922,16,"[1, 2, 4, 8, 16, 16, 16, 16, 16, 8, 4, 2, 1]",2728,5.05286132784982e-15,5.05286132784982e-15,1e-12
0162ffef58b0fb84814e68371e087c4c66c7914c195cf788b85a6f67d2a1ca37,A,hybrid_tdvp,11,rxx,0.1,2,9,7,64,1,1,1,,1.0000000000000098,1.0000000000000098,0.0,2.2310634935857493e-14,0.9999999999999996,1.0000000000000049,2.1316282072803006e-14,7.032056729042043e-15,0.16973687597783282,16,"[1, 2, 4, 8, 16, 16, 16, 16, 16, 8, 4, 2, 1]",2728,1.9190264543978879e-31,1.9190264543978879e-31,1e-12
72bdc2ad43c54276a4d028e678adf69fbda855083751179c46d8f54840d8e8ff,A,hybrid_tdvp,11,rxx,0.1,2,9,7,64,2,1,1,,0.999999999530079,0.999999999530079,4.699209910086211e-10,2.1675768781542768e-05,0.9999999999999996,0.9999999999999594,2.1109095932336785e-07,3.27216549954522e-08,0.18247066799085587,16,"[1, 2, 4, 8, 16, 16, 16, 16, 16, 8, 4, 2, 1]",2728,8.097819599604061e-14,8.097819599604061e-14,1e-12
e566a44a72cd82d56683613b8ae3113c001951642178b953de49fff89e9f1583,A,hybrid_tdvp,11,rxx,0.1,2,9,7,64,4,1,1,,0.9999999998826645,0.9999999998826645,1.1733547466974414e-10,1.0832344231442549e-05,0.9999999999999996,1.0000000000000022,1.1288856595348395e-07,1.6904609294591487e-08,0.06941336701856926,16,"[1, 2, 4, 8, 16, 16, 16, 16, 16, 8, 4, 2, 1]",2728,2.0222452413993674e-14,2.0222452413993674e-14,1e-12
09b641f6f4c773a88e375c41068820724c8b7c5d3f0c29349c45d5db1f92d4cb,A,hybrid_tdvp,11,rxx,0.1,2,9,7,64,8,1,1,,0.9999999999706977,0.9999999999706977,2.930233833353668e-11,5.414751562278416e-06,0.9999999999999996,1.0000000000000089,5.828101815041897e-08,8.60474677307849e-09,0.15403143496951088,16,"[1, 2, 4, 8, 16, 16, 16, 16, 16, 8, 4, 2, 1]",2728,5.05286132784982e-15,5.05286132784982e-15,1e-12
362d875dad62fce98155446625cbcb2088c6850cbc1b543788760e1b9ac0a78b,A,hybrid_tdvp,11,rxx,0.2,2,9,7,8,1,1,1,,0.9959608170273727,0.9959608170273727,0.0040391829726272865,0.06358671229635968,0.9999999999999996,0.9999999999999998,0.005010259961870978,0.0010198926731781928,0.12103534396737814,8,"[1, 2, 4, 8, 8, 8, 8, 8, 8, 8, 4, 2, 1]",936,0.000651246361312402,0.000651246361312402,1e-12
f096d7bd3749eaa53c2a496b2f9150d5d678432a036ef810f77de6e8c72607c0,A,hybrid_tdvp,11,rxx,0.2,2,9,7,8,2,1,1,,0.9959021710061563,0.9959021710061563,0.0040978289938437,0.06404713629818234,0.9999999999999996,1.0000000000000004,0.0050694187857663955,0.0010243942465747564,0.04837278596824035,8,"[1, 2, 4, 8, 8, 8, 8, 8, 8, 8, 4, 2, 1]",936,0.0003208851393801886,0.0003208851393801886,1e-12
e0aef388bb5a91389a15269d55e69fde5cac4e27fbd93f04de5d16fa52d6c77d,A,hybrid_tdvp,11,rxx,0.2,2,9,7,8,4,1,1,,0.9958744993218873,0.9958744993218873,0.004125500678112681,0.06426324312268439,0.9999999999999996,0.9999999999999997,0.005049408497670972,0.0010254974139670549,0.1547720090020448,8,"[1, 2, 4, 8, 8, 8, 8, 8, 8, 8, 4, 2, 1]",936,0.0001603920446059361,0.0001603920446059361,1e-12
72ef20012fa1995a06db1ffe1171edbf7c7d85a1cee381d2bb03c148d875225e,A,hybrid_tdvp,11,rxx,0.2,2,9,7,8,8,1,1,,0.9958609968042238,0.9958609968042238,0.004139003195776203,0.06436843107434595,0.9999999999999996,1.0000000000000002,0.005032887376899071,0.0010260347855499958,0.2603030820027925,8,"[1, 2, 4, 8, 8, 8, 8, 8, 8, 8, 4, 2, 1]",936,8.025122220785039e-05,8.025122220785039e-05,1e-12
aeca2c9aa1c532422a357f02f8a0ef49f88848449e8264f5c51cf92355e2134b,A,hybrid_tdvp,11,rxx,0.2,2,9,7,16,1,1,1,,1.0000000000000044,1.0000000000000044,0.0,1.9377159123084381e-13,0.9999999999999996,1.0000000000000029,1.1610157280017575e-13,3.345101695012224e-14,0.04255904699675739,16,"[1, 2, 4, 8, 16, 16, 16, 16, 16, 8, 4, 2, 1]",2728,1.8638076498042217e-31,1.8638076498042217e-31,1e-12
8ed63644d090ed355679dc909ba704800ac9f236a1c2a559c14d0cfb88bfe6f4,A,hybrid_tdvp,11,rxx,0.2,2,9,7,16,2,1,1,,1.0000000000000173,1.0000000000000173,0.0,3.3248296186110344e-14,0.9999999999999996,1.0000000000000089,4.04121180963557e-14,1.1759670466466308e-14,0.05807232001097873,16,"[1, 2, 4, 8, 16, 16, 16, 16, 16, 8, 4, 2, 1]",2728,5.578775088747243e-31,5.578775088747243e-31,1e-12
79e896d1c54d9f241ca61470b3e3d9f7dd9cb56c2b84e583d6a4c2e707008dab,A,hybrid_tdvp,11,rxx,0.2,2,9,7,16,4,1,1,,0.999999999530107,0.999999999530107,4.698930133884005e-10,2.1675768781463645e-05,0.9999999999999996,0.9999999999999739,4.490003215479321e-07,5.56186207055756e-08,0.21156712697120383,16,"[1, 2, 4, 8, 16, 16, 16, 16, 16, 8, 4, 2, 1]",2728,8.097819603672925e-14,8.097819603672925e-14,1e-12
fee0da15c67aa371998951bc2341505cb8173f9eb66ce17f4d3a17906950760d,A,hybrid_tdvp,11,rxx,0.2,2,9,7,16,8,1,1,,0.9999999998826941,0.9999999998826941,1.1730594273728912e-10,1.0832344231450333e-05,0.9999999999999996,1.000000000000017,2.3188772317606077e-07,2.8534449916999513e-08,0.1795540860039182,16,"[1, 2, 4, 8, 16, 16, 16, 16, 16, 8, 4, 2, 1]",2728,2.022245241494675e-14,2.022245241494675e-14,1e-12
5dd02bb8bb41aaa245647723c5eb1814854bebae35c4ef9974723baf563c5b30,A,hybrid_tdvp,11,rxx,0.2,2,9,7,64,1,1,1,,1.0000000000000044,1.0000000000000044,0.0,1.9377159123084381e-13,0.9999999999999996,1.0000000000000029,1.1610157280017575e-13,3.345101695012224e-14,0.01887337298830971,16,"[1, 2, 4, 8, 16, 16, 16, 16, 16, 8, 4, 2, 1]",2728,1.8638076498042217e-31,1.8638076498042217e-31,1e-12
ed7be291de82e84e3f280641f3b682a248c8623a37a33d359d048623096441c5,A,hybrid_tdvp,11,rxx,0.2,2,9,7,64,2,1,1,,1.0000000000000173,1.0000000000000173,0.0,3.3248296186110344e-14,0.9999999999999996,1.0000000000000089,4.04121180963557e-14,1.1759670466466308e-14,0.06878999498439953,16,"[1, 2, 4, 8, 16, 16, 16, 16, 16, 8, 4, 2, 1]",2728,5.578775088747243e-31,5.578775088747243e-31,1e-12
b04fe19417dde12bdb3f4fadce95c29923a6cda8fffd27474804796d4e8042cc,A,hybrid_tdvp,11,rxx,0.2,2,9,7,64,4,1,1,,0.999999999530107,0.999999999530107,4.698930133884005e-10,2.1675768781463645e-05,0.9999999999999996,0.9999999999999739,4.490003215479321e-07,5.56186207055756e-08,0.09290984499966726,16,"[1, 2, 4, 8, 16, 16, 16, 16, 16, 8, 4, 2, 1]",2728,8.097819603672925e-14,8.097819603672925e-14,1e-12
c58835540c962faa1c092cebe4342bf7814c012d6c6da5306641ca984a5b17b4,A,hybrid_tdvp,11,rxx,0.2,2,9,7,64,8,1,1,,0.9999999998826941,0.9999999998826941,1.1730594273728912e-10,1.0832344231450333e-05,0.9999999999999996,1.000000000000017,2.3188772317606077e-07,2.8534449916999513e-08,0.16747777699492872,16,"[1, 2, 4, 8, 16, 16, 16, 16, 16, 8, 4, 2, 1]",2728,2.022245241494675e-14,2.022245241494675e-14,1e-12
5877716fe1cb011bee5e40d1d577bae731c7f596f9b7f9d0087920ab6218ad82,A,hybrid_tdvp,11,ryy,0.025,2,9,7,8,1,1,1,,0.9999202147420927,0.9999202147420927,7.978525790730551e-05,0.008932348481293715,0.9999999999999996,0.9999999999999997,0.0006715323040346055,0.00014655605109098406,0.0909101499710232,8,"[1, 2, 4, 8, 8, 8, 8, 8, 8, 8, 4, 2, 1]",936,1.5593376763128093e-05,1.5593376763128093e-05,1e-12
7f1583463e47e69a19ed998ea3b7bc4f34a07d4bab4285dbc97edbdbd3dbbffd,A,hybrid_tdvp,11,ryy,0.025,2,9,7,8,2,1,1,,0.9999201963327662,0.9999201963327662,7.980366723381316e-05,0.008933378949497472,0.9999999999999996,1.0000000000000007,0.0006710060045800881,0.0001463131442931464,0.05445360898738727,8,"[1, 2, 4, 8, 8, 8, 8, 8, 8, 8, 4, 2, 1]",936,7.79428754153591e-06,7.79428754153591e-06,1e-12
fbd07a76250685f6d2ac6a979815ac2d1ef0d6e4bd55bb6a18238cfb07f10bc8,A,hybrid_tdvp,11,ryy,0.025,2,9,7,8,4,1,1,,0.9999201848371029,0.9999201848371029,7.981516289712332e-05,0.008934022362546154,0.9999999999999996,0.9999999999999999,0.0006707005418439826,0.00014619341922865274,0.14215697202598676,8,"[1, 2, 4, 8, 8, 8, 8, 8, 8, 8, 4, 2, 1]",936,3.896966690310939e-06,3.896966690310939e-06,1e-12
e0680f6085c33c30c7c5886408f5c3b2c83f45cc1a19ed52a4e93a0e3562432d,A,hybrid_tdvp,11,ryy,0.025,2,9,7,8,8,1,1,,0.99992017851269,0.99992017851269,7.98214873100056e-05,0.008934376320714367,0.9999999999999996,0.9999999999999994,0.000670537334670096,0.00014613387009766412,0.18740614200942218,8,"[1, 2, 4, 8, 8, 8, 8, 8, 8, 8, 4, 2, 1]",936,1.948491584498606e-06,1.948491584498606e-06,1e-12
fcbc6588f509b2f2cc5f3b1d7f5f7cd0f018d7249af6fc3d5d4952ae07599a6f,A,hybrid_tdvp,11,ryy,0.025,2,9,7,16,1,1,1,,1.0000000000000036,1.0000000000000036,0.0,5.9907609330845465e-15,0.9999999999999996,1.0000000000000018,9.325873406851315e-15,2.4186415596323237e-15,0.24603191699134186,16,"[1, 2, 4, 8, 16, 16, 16, 16, 16, 8, 4, 2, 1]",2728,1.8761597328204187e-31,1.8761597328204187e-31,1e-12
2362ed5a3902a2269a36405c1152dbbb525c36524bb7fb5eb3569be3e272dd4e,A,hybrid_tdvp,11,ryy,0.025,2,9,7,16,2,1,1,,0.9999999999180609,0.9999999999180609,8.193912215403998e-11,9.048273232713304e-06,0.9999999999999996,0.9999999999999672,6.112106766195669e-08,1.0020228450356444e-08,0.12003260699566454,16,"[1, 2, 4, 8, 16, 16, 16, 16, 16, 8, 4, 2, 1]",2728,7.617447246877078e-14,7.617447246877078e-14,1e-12
d80bc7fe51a0c94d03f57664769518d334114d6d8f8116650759985c7a656393,A,hybrid_tdvp,11,ryy,0.025,2,9,7,16,4,1,1,,0.9999999999795297,0.9999999999795297,2.0470292128038636e-11,4.52509211839766e-06,0.9999999999999996,1.0000000000000029,3.05748495965652e-08,5.050784848344555e-09,0.1527901139925234,16,"[1, 2, 4, 8, 16, 16, 16, 16, 16, 8, 4, 2, 1]",2728,1.905187177188461e-14,1.905187177188461e-14,1e-12
e0add9fedd1adbe3790a0690a6640452170452bd18834f830cb8c146d1e538e7,A,hybrid_tdvp,11,ryy,0.025,2,9,7,16,8,1,1,,0.9999999999948854,0.9999999999948854,5.114575429843171e-12,2.262784241033961e-06,0.9999999999999996,1.0000000000000027,1.529096468541602e-08,2.536671085222548e-09,0.182759668037761,16,"[1, 2, 4, 8, 16, 16, 16, 16, 16, 8, 4, 2, 1]",2728,4.763999981100991e-15,4.763999981100991e-15,1e-12
e2c24365bba258364b2b8e7057ec6ff5e4044cdc97b89d857e8e070d4e52d4e7,A,hybrid_tdvp,11,ryy,0.025,2,9,7,64,1,1,1,,1.0000000000000036,1.0000000000000036,0.0,5.9907609330845465e-15,0.9999999999999996,1.0000000000000018,9.325873406851315e-15,2.4186415596323237e-15,0.1359087400487624,16,"[1, 2, 4, 8, 16, 16, 16, 16, 16, 8, 4, 2, 1]",2728,1.8761597328204187e-31,1.8761597328204187e-31,1e-12
26e156b53241ab2223867e53130f857bcf6fc3a3fd03adaeb67795cf4c9c97ac,A,hybrid_tdvp,11,ryy,0.025,2,9,7,64,2,1,1,,0.9999999999180609,0.9999999999180609,8.193912215403998e-11,9.048273232713304e-06,0.9999999999999996,0.9999999999999672,6.112106766195669e-08,1.0020228450356444e-08,0.10467887797858566,16,"[1, 2, 4, 8, 16, 16, 16, 16, 16, 8, 4, 2, 1]",2728,7.617447246877078e-14,7.617447246877078e-14,1e-12
be9a43d006001d7edffa41c5a3ec127ae346141d277eb19a96b3463f3199c392,A,hybrid_tdvp,11,ryy,0.025,2,9,7,64,4,1,1,,0.9999999999795297,0.9999999999795297,2.0470292128038636e-11,4.52509211839766e-06,0.9999999999999996,1.0000000000000029,3.05748495965652e-08,5.050784848344555e-09,0.13947208097670227,16,"[1, 2, 4, 8, 16, 16, 16, 16, 16, 8, 4, 2, 1]",2728,1.905187177188461e-14,1.905187177188461e-14,1e-12
4c92ac718290ed0c54aa75902d95f818fdd21148933ffe6e4a3f183120ff3d31,A,hybrid_tdvp,11,ryy,0.025,2,9,7,64,8,1,1,,0.9999999999948854,0.9999999999948854,5.114575429843171e-12,2.262784241033961e-06,0.9999999999999996,1.0000000000000027,1.529096468541602e-08,2.536671085222548e-09,0.13643268798477948,16,"[1, 2, 4, 8, 16, 16, 16, 16, 16, 8, 4, 2, 1]",2728,4.763999981100991e-15,4.763999981100991e-15,1e-12
0bf49c899195f88efbbc02c9bd9da95cb8ece2dc28e6a2c02981c88d4a5f434c,A,hybrid_tdvp,11,ryy,0.05,2,9,7,8,1,1,1,,0.9996814859077087,0.9996814859077087,0.0003185140922913332,0.01784767377379228,0.9999999999999996,0.9999999999999998,0.0013619786301919956,0.0003040573669409779,0.16814650502055883,8,"[1, 2, 4, 8, 8, 8, 8, 8, 8, 8, 4, 2, 1]",936,6.240792176556566e-05,6.240792176556566e-05,1e-12
d2b8ebd859b50397e09aee87b65fe00dce9f00555d825a5633503804ab672aab,A,hybrid_tdvp,11,ryy,0.05,2,9,7,8,2,1,1,,0.9996811766380431,0.9996811766380431,0.000318823361956877,0.0178563371969383,0.9999999999999996,0.9999999999999993,0.0013633512047875884,0.00030329280241250817,0.04755224200198427,8,"[1, 2, 4, 8, 8, 8, 8, 8, 8, 8, 4, 2, 1]",936,3.116748201253706e-05,3.116748201253706e-05,1e-12
f03f2db5af5754ff0688d104a85584baecbd5587bab6143db59ce1c9368072d6,A,hybrid_tdvp,11,ryy,0.05,2,9,7,8,4,1,1,,0.9996809895195439,0.9996809895195439,0.0003190104804561278,0.017861576818290887,0.9999999999999996,1.0000000000000004,0.001363562689871478,0.0003029389803397273,0.3047352110152133,8,"[1, 2, 4, 8, 8, 8, 8, 8, 8, 8, 4, 2, 1]",936,1.5581100871228815e-05,1.5581100871228815e-05,1e-12
3abefcd23218300d2bc1f8047c98d34da5eb72813c165d7ef8a6dc77fe4157a7,A,hybrid_tdvp,11,ryy,0.05,2,9,7,8,8,1,1,,0.9996808878516411,0.9996808878516411,0.000319112148358891,0.017864423040238955,0.9999999999999996,0.9999999999999996,0.001363555893599988,0.00030276694396595233,0.23637890396639705,8,"[1, 2, 4, 8, 8, 8, 8, 8, 8, 8, 4, 2, 1]",936,7.790685741391436e-06,7.790685741391436e-06,1e-12
13993423b7321ca90c0576a8559821deade293a779a507feebd5f6532dcd82e4,A,hybrid_tdvp,11,ryy,0.05,2,9,7,16,1,1,1,,1.000000000000004,1.000000000000004,0.0,5.5515812250844183e-14,0.9999999999999996,1.0000000000000022,3.287864772105742e-14,9.35122161706835e-15,0.01828854897757992,16,"[1, 2, 4, 8, 16, 16, 16, 16, 16, 8, 4, 2, 1]",2728,1.9186129608604678e-31,1.9186129608604678e-31,1e-12
f2189e6cfad6c5a8ff71ea439319d72e96b158b752cd44ffc7906b9c879e4982,A,hybrid_tdvp,11,ryy,0.05,2,9,7,16,2,1,1,,0.9999999999999942,0.9999999999999942,5.773159728050814e-15,1.8949429037831336e-14,0.9999999999999996,0.9999999999999977,1.5210055437364645e-14,4.249561597852566e-15,0.05069350596750155,16,"[1, 2, 4, 8, 16, 16, 16, 16, 16, 8, 4, 2, 1]",2728,5.636917937609504e-31,5.636917937609504e-31,1e-12
09c2cc2769c6371511de13073f7f7963816b6d864a02b7923dcdd12b734de378,A,hybrid_tdvp,11,ryy,0.05,2,9,7,16,4,1,1,,0.9999999999180746,0.9999999999180746,8.192535538853463e-11,9.048273232925016e-06,0.9999999999999996,0.9999999999999731,6.370976000924511e-08,1.2116701235106914e-08,0.15165572299156338,16,"[1, 2, 4, 8, 16, 16, 16, 16, 16, 8, 4, 2, 1]",2728,7.61744724686394e-14,7.61744724686394e-14,1e-12
91332538d513a0eaca59ad78fef50ab15439a200a48537907e12ebd6532d4ab1,A,hybrid_tdvp,11,ryy,0.05,2,9,7,16,8,1,1,,0.9999999999795275,0.9999999999795275,2.0472512574087887e-11,4.525092118438842e-06,0.9999999999999996,1.0000000000000027,3.2893483062346185e-08,6.134706321360252e-09,0.13133079302497208,16,"[1, 2, 4, 8, 16, 16, 16, 16, 16, 8, 4, 2, 1]",2728,1.9051871771886476e-14,1.9051871771886476e-14,1e-12
950deb916791c958d1dd30bf9a7e29b98499a5be772a968a4d7a7974838ded6a,A,hybrid_tdvp,11,ryy,0.05,2,9,7,64,1,1,1,,1.000000000000004,1.000000000000004,0.0,5.5515812250844183e-14,0.9999999999999996,1.0000000000000022,3.287864772105742e-14,9.35122161706835e-15,0.24524133699014783,16,"[1, 2, 4, 8, 16, 16, 16, 16, 16, 8, 4, 2, 1]",2728,1.9186129608604678e-31,1.9186129608604678e-31,1e-12
7b99865b7ab35b5ba621f6cbf9d02ff6eb33e3c04db86c6153aa5faf3083ec33,A,hybrid_tdvp,11,ryy,0.05,2,9,7,64,2,1,1,,0.9999999999999942,0.9999999999999942,5.773159728050814e-15,1.8949429037831336e-14,0.9999999999999996,0.9999999999999977,1.5210055437364645e-14,4.249561597852566e-15,0.08926065196283162,16,"[1, 2, 4, 8, 16, 16, 16, 16, 16, 8, 4, 2, 1]",2728,5.636917937609504e-31,5.636917937609504e-31,1e-12
83c1ed7f2f5b2ca211cc13e35d297df3cafaea26c7d0f9ec8f406075572b4cbf,A,hybrid_tdvp,11,ryy,0.05,2,9,7,64,4,1,1,,0.9999999999180746,0.9999999999180746,8.192535538853463e-11,9.048273232925016e-06,0.9999999999999996,0.9999999999999731,6.370976000924511e-08,1.2116701235106914e-08,0.1695802470203489,16,"[1, 2, 4, 8, 16, 16, 16, 16, 16, 8, 4, 2, 1]",2728,7.61744724686394e-14,7.61744724686394e-14,1e-12
104c96e721705fc620b577c89d2f91b853553509975d74ac06ec4766f67d88d6,A,hybrid_tdvp,11,ryy,0.05,2,9,7,64,8,1,1,,0.9999999999795275,0.9999999999795275,2.0472512574087887e-11,4.525092118438842e-06,0.9999999999999996,1.0000000000000027,3.2893483062346185e-08,6.134706321360252e-09,0.17333249800140038,16,"[1, 2, 4, 8, 16, 16, 16, 16, 16, 8, 4, 2, 1]",2728,1.9051871771886476e-14,1.9051871771886476e-14,1e-12
bfbe6976c0b4d7aed94d7b8f8861683bd1d5118d218e2682546dd6df38ee1211,A,hybrid_tdvp,11,ryy,0.1,2,9,7,8,1,1,1,,0.9987550430476986,0.9987550430476986,0.0012449569523014237,0.03528944138323329,0.9999999999999996,1.0000000000000002,0.002858251502615719,0.0006618553988096867,0.31471582903759554,8,"[1, 2, 4, 8, 8, 8, 8, 8, 8, 8, 4, 2, 1]",936,0.0002477083731674697,0.0002477083731674697,1e-12
67087fbbbdcebbf0ddd8d69b496bcb725e0e36ba36d9199dbe015a6d973b3957,A,hybrid_tdvp,11,ryy,0.1,2,9,7,8,2,1,1,,0.9987485442762232,0.9987485442762232,0.0012514557237768287,0.035381457068926245,0.9999999999999996,1.0,0.0028256384805929596,0.0006608928416041221,0.3827485519577749,8,"[1, 2, 4, 8, 8, 8, 8, 8, 8, 8, 4, 2, 1]",936,0.00012344790896446565,0.00012344790896446565,1e-12
caf1a40db7d1dddbe9a4858432048c378cea03190bd5f63a359a9e8e8cd8baeb,A,hybrid_tdvp,11,ryy,0.1,2,9,7,8,4,1,1,,0.9987451087935781,0.9987451087935781,0.0012548912064218598,0.03543000340980691,0.9999999999999996,1.0000000000000007,0.0028111009603999093,0.000660716439380547,0.0744473000522703,8,"[1, 2, 4, 8, 8, 8, 8, 8, 8, 8, 4, 2, 1]",936,6.170196663546236e-05,6.170196663546236e-05,1e-12
6f7449b1919e8e58d8fb52facd5c9efe9ac160d7069a47fe0d278a4cdcb8d456,A,hybrid_tdvp,11,ryy,0.1,2,9,7,8,8,1,1,,0.9987433420314633,0.9987433420314633,0.0012566579685366897,0.03545494343678283,0.9999999999999996,0.9999999999999998,0.002804025864081336,0.0006606701968912847,0.47512680501677096,8,"[1, 2, 4, 8, 8, 8, 8, 8, 8, 8, 4, 2, 1]",936,3.085521913402281e-05,3.085521913402281e-05,1e-12
a98d2dd5336aa558a1a5c8f58802835ca8ee2330ceabcdba222cd91134463b2c,A,hybrid_tdvp,11,ryy,0.1,2,9,7,16,1,1,1,,0.9999999999999987,0.9999999999999987,1.3322676295501878e-15,2.020412756726546e-14,0.9999999999999996,1.0,1.3988810110276972e-14,3.985447793267913e-15,0.07444722298532724,16,"[1, 2, 4, 8, 16, 16, 16, 16, 16, 8, 4, 2, 1]",2728,1.910224229720939e-31,1.910224229720939e-31,1e-12
137661438d43a8e0329b8d6861c23bc227491fa75cce9ac2bc47e1aa332c0759,A,hybrid_tdvp,11,ryy,0.1,2,9,7,16,2,1,1,,0.9999999999999996,0.9999999999999996,4.440892098500626e-16,5.124920264938604e-14,0.9999999999999996,1.0000000000000004,3.1346453210900904e-14,8.804578418108891e-15,0.15975540404906496,16,"[1, 2, 4, 8, 16, 16, 16, 16, 16, 8, 4, 2, 1]",2728,5.637460463015634e-31,5.637460463015634e-31,1e-12
f037284a2bdf6e78f71bf70f236edb1a3a80f49adc0368ef8624b5a509ab5b13,A,hybrid_tdvp,11,ryy,0.1,2,9,7,16,4,1,1,,1.000000000000004,1.000000000000004,0.0,5.768779880869266e-14,0.9999999999999996,1.0000000000000029,4.3770542745846797e-14,1.1694603721115313e-14,0.07142369699431583,16,"[1, 2, 4, 8, 16, 16, 16, 16, 16, 8, 4, 2, 1]",2728,1.3049325295646407e-30,1.3049325295646407e-30,1e-12
785e56178e3c6c826da0d32af7aa7580af64f1ad6128efa58797ee139f09bfb0,A,hybrid_tdvp,11,ryy,0.1,2,9,7,16,8,1,1,,0.9999999999181166,0.9999999999181166,8.18833889582038e-11,9.048273232644837e-06,0.9999999999999996,0.9999999999999941,1.3137933152496117e-07,1.844189632021271e-08,0.28143135603750125,16,"[1, 2, 4, 8, 16, 16, 16, 16, 16, 8, 4, 2, 1]",2728,7.617447246939505e-14,7.617447246939505e-14,1e-12
95b95ac43024dcc6f0cd39da4d76f5f3e727da10a4dc787f92316953c38e269e,A,hybrid_tdvp,11,ryy,0.1,2,9,7,64,1,1,1,,0.9999999999999987,0.9999999999999987,1.3322676295501878e-15,2.020412756726546e-14,0.9999999999999996,1.0,1.3988810110276972e-14,3.985447793267913e-15,0.04067239904543385,16,"[1, 2, 4, 8, 16, 16, 16, 16, 16, 8, 4, 2, 1]",2728,1.910224229720939e-31,1.910224229720939e-31,1e-12
704ab09f4e6e62e3b6ca362c12056048db94af6138cb25868cd9f70493a1fdfb,A,hybrid_tdvp,11,ryy,0.1,2,9,7,64,2,1,1,,0.9999999999999996,0.9999999999999996,4.440892098500626e-16,5.124920264938604e-14,0.9999999999999996,1.0000000000000004,3.1346453210900904e-14,8.804578418108891e-15,0.0286930039874278,16,"[1, 2, 4, 8, 16, 16, 16, 16, 16, 8, 4, 2, 1]",2728,5.637460463015634e-31,5.637460463015634e-31,1e-12
cf0a74247f8d47528ac268b806d42c57e4d71421044744e2beb3f64e2bb131c1,A,hybrid_tdvp,11,ryy,0.1,2,9,7,64,4,1,1,,1.000000000000004,1.000000000000004,0.0,5.768779880869266e-14,0.9999999999999996,1.0000000000000029,4.3770542745846797e-14,1.1694603721115313e-14,0.05370376101927832,16,"[1, 2, 4, 8, 16, 16, 16, 16, 16, 8, 4, 2, 1]",2728,1.3049325295646407e-30,1.3049325295646407e-30,1e-12
8d472bb524c784e9ca125cd33841c662b0399345546e4ccf89761458ea313749,A,hybrid_tdvp,11,ryy,0.1,2,9,7,64,8,1,1,,0.9999999999181166,0.9999999999181166,8.18833889582038e-11,9.048273232644837e-06,0.9999999999999996,0.9999999999999941,1.3137933152496117e-07,1.844189632021271e-08,0.19908958801534027,16,"[1, 2, 4, 8, 16, 16, 16, 16, 16, 8, 4, 2, 1]",2728,7.617447246939505e-14,7.617447246939505e-14,1e-12
2dae01da29578aa6dec6391014b1e6b7ea6f81aecb71bde29b869b10cce9ed47,A,hybrid_tdvp,11,ryy,0.2,2,9,7,8,1,1,1,,0.9956569662020085,0.9956569662020085,0.004343033797991502,0.06593754280582192,0.9999999999999996,1.0,0.006262809160734378,0.001499113027402335,0.27547095401678234,8,"[1, 2, 4, 8, 8, 8, 8, 8, 8, 8, 4, 2, 1]",936,0.0009523377734593207,0.0009523377734593207,1e-12
1fe9b08896feba5563d2062f3eea8c76d33ac26b4863cd80bdce74c96a448ded,A,hybrid_tdvp,11,ryy,0.2,2,9,7,8,2,1,1,,0.9954773325752727,0.9954773325752727,0.004522667424727289,0.06728887464730725,0.9999999999999996,1.0000000000000007,0.006189935091016299,0.0015563759972898536,0.5344520200160332,8,"[1, 2, 4, 8, 8, 8, 8, 8, 8, 8, 4, 2, 1]",936,0.00047311359804384757,0.00047311359804384757,1e-12
26ab11ff071be9390127c031cd7a4b1c828cd84c0eaa255119596bf66aa6c6a5,A,hybrid_tdvp,11,ryy,0.2,2,9,7,8,4,1,1,,0.9954025443524739,0.9954025443524739,0.004597455647526116,0.06784358465596269,0.9999999999999996,0.9999999999999998,0.006149098805855124,0.001577259988864605,0.4775589979835786,8,"[1, 2, 4, 8, 8, 8, 8, 8, 8, 8, 4, 2, 1]",936,0.00023682556252685964,0.00023682556252685964,1e-12
9c2c23f19d5008e4f5cbdfaa7eee38ebc2b9812602095de40c9ee9f2858360d2,A,hybrid_tdvp,11,ryy,0.2,2,9,7,8,8,1,1,,0.9953679707753252,0.9953679707753252,0.004632029224674761,0.06809849930333238,0.9999999999999996,1.0000000000000002,0.0061277431522120535,0.0015864320620141965,0.23764069500612095,8,"[1, 2, 4, 8, 8, 8, 8, 8, 8, 8, 4, 2, 1]",936,0.00011855148958965108,0.00011855148958965108,1e-12
cf3135e6b295d005aba07b3cb3e1367fc6d613394bc02988a060978c2fe19706,A,hybrid_tdvp,11,ryy,0.2,2,9,7,16,1,1,1,,1.0000000000000027,1.0000000000000027,0.0,9.87942854598558e-14,0.9999999999999996,1.0000000000000016,4.453382107527659e-14,1.7143551678752613e-14,0.053672917012590915,16,"[1, 2, 4, 8, 16, 16, 16, 16, 16, 8, 4, 2, 1]",2728,1.8509065165467223e-31,1.8509065165467223e-31,1e-12
d101acc7341a43a921e09fa72ad3613e076d639081f744fa6a2e8bb0e4b8abb5,A,hybrid_tdvp,11,ryy,0.2,2,9,7,16,2,1,1,,1.0,1.0,0.0,8.159030184882565e-14,0.9999999999999996,1.0000000000000002,5.770384170489251e-14,1.555576390101816e-14,0.028619237011298537,16,"[1, 2, 4, 8, 16, 16, 16, 16, 16, 8, 4, 2, 1]",2728,5.534652870339327e-31,5.534652870339327e-31,1e-12
9cd81a3e5befa38f14507a4a43d945907187af1dfde2fe05f3e04b33649b1870,A,hybrid_tdvp,11,ryy,0.2,2,9,7,16,4,1,1,,1.0000000000000018,1.0000000000000018,0.0,5.4295980351275644e-14,0.9999999999999996,1.0000000000000016,2.1010970741031088e-14,7.038226732405356e-15,0.054653102008160204,16,"[1, 2, 4, 8, 16, 16, 16, 16, 16, 8, 4, 2, 1]",2728,1.2937021242202826e-30,1.2937021242202826e-30,1e-12
54ba15ca15c6b3b5f9299c10ee9744211606ea97cc97063d17b18545ffa550b1,A,hybrid_tdvp,11,ryy,0.2,2,9,7,16,8,1,1,,1.0000000000000018,1.0000000000000018,0.0,1.0232590045403322e-13,0.9999999999999996,1.0000000000000009,8.154588115871775e-14,1.9466685263258414e-14,0.14585911895846948,16,"[1, 2, 4, 8, 16, 16, 16, 16, 16, 8, 4, 2, 1]",2728,2.7749687591293778e-30,2.7749687591293778e-30,1e-12
bbf039b0c4c1500cc906c90a938030845693176b7a58777f37fdd48f9114023b,A,hybrid_tdvp,11,ryy,0.2,2,9,7,64,1,1,1,,1.0000000000000027,1.0000000000000027,0.0,9.87942854598558e-14,0.9999999999999996,1.0000000000000016,4.453382107527659e-14,1.7143551678752613e-14,0.116006264986936,16,"[1, 2, 4, 8, 16, 16, 16, 16, 16, 8, 4, 2, 1]",2728,1.8509065165467223e-31,1.8509065165467223e-31,1e-12
21ad6c60b994a4553ce85676502d5a61bcff752f93eeb95d0cc2b446f709fd44,A,hybrid_tdvp,11,ryy,0.2,2,9,7,64,2,1,1,,1.0,1.0,0.0,8.159030184882565e-14,0.9999999999999996,1.0000000000000002,5.770384170489251e-14,1.555576390101816e-14,0.07179133896715939,16,"[1, 2, 4, 8, 16, 16, 16, 16, 16, 8, 4, 2, 1]",2728,5.534652870339327e-31,5.534652870339327e-31,1e-12
3822da0794f79e144054144e5adcc11144ae782b58ec4b99493d524d5259f163,A,hybrid_tdvp,11,ryy,0.2,2,9,7,64,4,1,1,,1.0000000000000018,1.0000000000000018,0.0,5.4295980351275644e-14,0.9999999999999996,1.0000000000000016,2.1010970741031088e-14,7.038226732405356e-15,0.13934039004379883,16,"[1, 2, 4, 8, 16, 16, 16, 16, 16, 8, 4, 2, 1]",2728,1.2937021242202826e-30,1.2937021242202826e-30,1e-12
2b8b8791f345597914888f0802c3a91746145219749613de617aa5ef18fac6d5,A,hybrid_tdvp,11,ryy,0.2,2,9,7,64,8,1,1,,1.0000000000000018,1.0000000000000018,0.0,1.0232590045403322e-13,0.9999999999999996,1.0000000000000009,8.154588115871775e-14,1.9466685263258414e-14,0.19893528299871832,16,"[1, 2, 4, 8, 16, 16, 16, 16, 16, 8, 4, 2, 1]",2728,2.7749687591293778e-30,2.7749687591293778e-30,1e-12
9090d7cee5ab6e940ff54443b92d308a31945909d3f892434d801f67de8b67c5,A,hybrid_tdvp,11,rzz,0.025,2,9,7,8,1,1,1,,0.999900985455533,0.999900985455533,9.901454446703539e-05,0.009950728393347418,0.9999999999999996,1.0000000000000004,0.0006233524166303628,0.00012134847517611625,0.30134311300935224,8,"[1, 2, 4, 8, 8, 8, 8, 8, 8, 8, 4, 2, 1]",936,1.5134296813262678e-05,1.5134296813262678e-05,1e-12
8cb12ed519c237d51778223e5dd01eb54010e95e6fb30627bcbfd22f3e7bd1ab,A,hybrid_tdvp,11,rzz,0.025,2,9,7,8,2,1,1,,0.9999009683417531,0.9999009683417531,9.90316582468731e-05,0.009951588324747051,0.9999999999999996,1.0000000000000004,0.0006226120855220008,0.00012139938859638262,0.32102894195122644,8,"[1, 2, 4, 8, 8, 8, 8, 8, 8, 8, 4, 2, 1]",936,7.570738140752974e-06,7.570738140752974e-06,1e-12
3b5919a8b466077e60a95e3e6196c5f5d232fff166baca0a2799b985ba71cdda,A,hybrid_tdvp,11,rzz,0.025,2,9,7,8,4,1,1,,0.9999009580277546,0.9999009580277546,9.904197224541722e-05,0.009952106545505787,0.9999999999999996,0.9999999999999996,0.0006222368212793206,0.00012143933202462553,0.07439290499314666,8,"[1, 2, 4, 8, 8, 8, 8, 8, 8, 8, 4, 2, 1]",936,3.7858406447244536e-06,3.7858406447244536e-06,1e-12
d521668503c68b919fcf3dd05ea6e9c7da0677143894a70084917b9d8ad8b622,A,hybrid_tdvp,11,rzz,0.025,2,9,7,8,8,1,1,,0.9999009524369676,0.9999009524369676,9.904756303236173e-05,0.009952387440131357,0.9999999999999996,1.0,0.0006220479564421066,0.0001214630103785186,0.4904150789952837,8,"[1, 2, 4, 8, 8, 8, 8, 8, 8, 8, 4, 2, 1]",936,1.8929875147209184e-06,1.8929875147209184e-06,1e-12
4c74e1a093954cb9a812bbdc9a34852d9cebb95ad66297d0067f90c3f42868df,A,hybrid_tdvp,11,rzz,0.025,2,9,7,16,1,1,1,,0.9999999999417644,0.9999999999417644,5.823563853368796e-11,7.629720798659701e-06,0.9999999999999996,0.9999999999999888,1.739402790690292e-07,2.0144451413816236e-08,0.07386820402462035,16,"[1, 2, 4, 8, 16, 16, 16, 16, 16, 8, 4, 2, 1]",2728,3.071190532757778e-14,3.071190532757778e-14,1e-12
687fbf94e96b7682c4a4784a0f71a052d20912c9f54b39ded991c0f3907330ed,A,hybrid_tdvp,11,rzz,0.025,2,9,7,16,2,1,1,,0.9999999999854703,0.9999999999854703,1.4529710767874349e-11,3.812532526070225e-06,0.9999999999999996,1.0000000000000024,8.682543177138125e-08,1.0034876164794036e-08,0.13201585202477872,16,"[1, 2, 4, 8, 16, 16, 16, 16, 16, 8, 4, 2, 1]",2728,7.668122116687271e-15,7.668122116687271e-15,1e-12
8629511d519aa844f862da1acdf419c59b839b31f099ac2f98b547eea0316184,A,hybrid_tdvp,11,rzz,0.025,2,9,7,16,4,1,1,,0.9999999999963731,0.9999999999963731,3.6268765768454614e-12,1.905683599601846e-06,0.9999999999999996,1.0000000000000024,4.337629157941114e-08,5.013493982390498e-09,0.05306102702161297,16,"[1, 2, 4, 8, 16, 16, 16, 16, 16, 8, 4, 2, 1]",2728,1.915790906956552e-15,1.915790906956552e-15,1e-12
c674292ae638b5ef9dc2c26dc090649bd0d5889161c3ff1a8eb01da71aff5c48,A,hybrid_tdvp,11,rzz,0.025,2,9,7,16,8,1,1,,0.9999999999991243,0.9999999999991243,8.757439218243235e-13,9.526960461434953e-07,0.9999999999999996,1.0000000000000162,2.1679029914983827e-08,2.506440758804792e-09,0.13221479998901486,16,"[1, 2, 4, 8, 16, 16, 16, 16, 16, 8, 4, 2, 1]",2728,4.787922850329641e-16,4.787922850329641e-16,1e-12
d1d97dc33e2333e05b65f0a5f5339a2523b4f2279d95d921428bcdb0819da15f,A,hybrid_tdvp,11,rzz,0.025,2,9,7,64,1,1,1,,0.9999999999417644,0.9999999999417644,5.823563853368796e-11,7.629720798659701e-06,0.9999999999999996,0.9999999999999888,1.739402790690292e-07,2.0144451413816236e-08,0.024103596981149167,16,"[1, 2, 4, 8, 16, 16, 16, 16, 16, 8, 4, 2, 1]",2728,3.071190532757778e-14,3.071190532757778e-14,1e-12
6ff66bb6b8b190549004637cf89dcafb62e07324637489458e367cc3ea46b6c3,A,hybrid_tdvp,11,rzz,0.025,2,9,7,64,2,1,1,,0.9999999999854703,0.9999999999854703,1.4529710767874349e-11,3.812532526070225e-06,0.9999999999999996,1.0000000000000024,8.682543177138125e-08,1.0034876164794036e-08,0.07768561504781246,16,"[1, 2, 4, 8, 16, 16, 16, 16, 16, 8, 4, 2, 1]",2728,7.668122116687271e-15,7.668122116687271e-15,1e-12
bb0e689238afa5beac2ae3420f385b79e81a9fb2799c45253d2be30031d509b7,A,hybrid_tdvp,11,rzz,0.025,2,9,7,64,4,1,1,,0.9999999999963731,0.9999999999963731,3.6268765768454614e-12,1.905683599601846e-06,0.9999999999999996,1.0000000000000024,4.337629157941114e-08,5.013493982390498e-09,0.06250207999255508,16,"[1, 2, 4, 8, 16, 16, 16, 16, 16, 8, 4, 2, 1]",2728,1.915790906956552e-15,1.915790906956552e-15,1e-12
8941702f322dc9941f5111f0b0c75315e9357f372e8fa13fa9efa80605b4268b,A,hybrid_tdvp,11,rzz,0.025,2,9,7,64,8,1,1,,0.9999999999991243,0.9999999999991243,8.757439218243235e-13,9.526960461434953e-07,0.9999999999999996,1.0000000000000162,2.1679029914983827e-08,2.506440758804792e-09,0.15084352798294276,16,"[1, 2, 4, 8, 16, 16, 16, 16, 16, 8, 4, 2, 1]",2728,4.787922850329641e-16,4.787922850329641e-16,1e-12
eceb89d7d3cd0ef8a163d4a4113271015fb9c1d5f058acb05eb64d7591ab8787,A,hybrid_tdvp,11,rzz,0.05,2,9,7,8,1,1,1,,0.9996051938678864,0.9996051938678864,0.00039480613211362314,0.019870709795498397,0.9999999999999996,0.9999999999999998,0.001242675300571594,0.0002514705498507143,0.07367646298371255,8,"[1, 2, 4, 8, 8, 8, 8, 8, 8, 8, 4, 2, 1]",936,6.087739703269894e-05,6.087739703269894e-05,1e-12
4fca0222efa43f8c1578a1190b2416ce0bad99045338cdc6f4421a34e755bcc2,A,hybrid_tdvp,11,rzz,0.05,2,9,7,8,2,1,1,,0.9996048729229394,0.9996048729229394,0.00039512707706057526,0.019878785579718564,0.9999999999999996,0.9999999999999998,0.0012401266014263057,0.00025159749536652715,0.3671927989926189,8,"[1, 2, 4, 8, 8, 8, 8, 8, 8, 8, 4, 2, 1]",936,3.0495753297393947e-05,3.0495753297393947e-05,1e-12
2c328bf670b5b475ed63a35c247d30ee0b13ab0ca70daaa8a08647d95c263589,A,hybrid_tdvp,11,rzz,0.05,2,9,7,8,4,1,1,,0.999604690144537,0.999604690144537,0.0003953098554629886,0.019883383279900753,0.9999999999999996,0.999999999999999,0.001238822449671162,0.00025177479860563254,0.24599498201860115,8,"[1, 2, 4, 8, 8, 8, 8, 8, 8, 8, 4, 2, 1]",936,1.525511101310617e-05,1.525511101310617e-05,1e-12
60479cffaea332ba9e67809f4191b30dd02b3dcbbba9a538a13207b057b7b0c8,A,hybrid_tdvp,11,rzz,0.05,2,9,7,8,8,1,1,,0.999604593495887,0.999604593495887,0.00039540650411296063,0.019885813999390694,0.9999999999999996,1.0000000000000004,0.0012381641151869571,0.00025189272297051704,0.15359156497288495,8,"[1, 2, 4, 8, 8, 8, 8, 8, 8, 8, 4, 2, 1]",936,7.628594348263857e-06,7.628594348263857e-06,1e-12
221dfb1fd0202b1d0ee5158dcc095ee08cbe2fd5392b83c76e4e22ece3d808f3,A,hybrid_tdvp,11,rzz,0.05,2,9,7,16,1,1,1,,1.0000000000000053,1.0000000000000053,0.0,3.65796486075326e-14,0.9999999999999996,1.0000000000000029,1.7263968032921184e-14,5.2191497690945104e-15,0.029533052002079785,16,"[1, 2, 4, 8, 16, 16, 16, 16, 16, 8, 4, 2, 1]",2728,1.8644082488929627e-31,1.8644082488929627e-31,1e-12
2797aad97c06ceec710cb68d54326df2db65a9933db2972a713bd4939327cb4d,A,hybrid_tdvp,11,rzz,0.05,2,9,7,16,2,1,1,,0.9999999999417624,0.9999999999417624,5.823763693513229e-11,7.629720798693345e-06,0.9999999999999996,0.9999999999999882,1.7394029298845037e-07,2.057917197858991e-08,0.03029454400530085,16,"[1, 2, 4, 8, 16, 16, 16, 16, 16, 8, 4, 2, 1]",2728,3.071190532706497e-14,3.071190532706497e-14,1e-12
969d8d0278f8e1bfcbbf8915bef0d5aaabd33d6e72d62e79f9476c778e405049,A,hybrid_tdvp,11,rzz,0.05,2,9,7,16,4,1,1,,0.9999999999854654,0.9999999999854654,1.45345957491827e-11,3.8125325260429327e-06,0.9999999999999996,1.0000000000000002,8.682542122426251e-08,1.0274997119497363e-08,0.11080177000258118,16,"[1, 2, 4, 8, 16, 16, 16, 16, 16, 8, 4, 2, 1]",2728,7.668122116687345e-15,7.668122116687345e-15,1e-12
0e258511a3088ec01ccf395574828ba13e5e0d23676bdc93633aeefbfe0e5c84,A,hybrid_tdvp,11,rzz,0.05,2,9,7,16,8,1,1,,0.9999999999963649,0.9999999999963649,3.6350922272276875e-12,1.9056835995467396e-06,0.9999999999999996,0.9999999999999983,4.33762915100222e-08,5.139153690905482e-09,0.159844001987949,16,"[1, 2, 4, 8, 16, 16, 16, 16, 16, 8, 4, 2, 1]",2728,1.9157909069565523e-15,1.9157909069565523e-15,1e-12
36c072bd4e9ba49afa1d0fe2c76217687786237fbcc8c1f70cca0a8b46c5ca48,A,hybrid_tdvp,11,rzz,0.05,2,9,7,64,1,1,1,,1.0000000000000053,1.0000000000000053,0.0,3.65796486075326e-14,0.9999999999999996,1.0000000000000029,1.7263968032921184e-14,5.2191497690945104e-15,0.027609450044110417,16,"[1, 2, 4, 8, 16, 16, 16, 16, 16, 8, 4, 2, 1]",2728,1.8644082488929627e-31,1.8644082488929627e-31,1e-12
e074a5c9cced02131d9c010e79caa21f1f35121aed0b360c9aa30c505da1ee63,A,hybrid_tdvp,11,rzz,0.05,2,9,7,64,2,1,1,,0.9999999999417624,0.9999999999417624,5.823763693513229e-11,7.629720798693345e-06,0.9999999999999996,0.9999999999999882,1.7394029298845037e-07,2.057917197858991e-08,0.03112825396237895,16,"[1, 2, 4, 8, 16, 16, 16, 16, 16, 8, 4, 2, 1]",2728,3.071190532706497e-14,3.071190532706497e-14,1e-12
6a27b9cc26505928528c7abaec1363fc1ac89ad5d71f3b774ae218cb91b854ca,A,hybrid_tdvp,11,rzz,0.05,2,9,7,64,4,1,1,,0.9999999999854654,0.9999999999854654,1.45345957491827e-11,3.8125325260429327e-06,0.9999999999999996,1.0000000000000002,8.682542122426251e-08,1.0274997119497363e-08,0.09748270700220019,16,"[1, 2, 4, 8, 16, 16, 16, 16, 16, 8, 4, 2, 1]",2728,7.668122116687345e-15,7.668122116687345e-15,1e-12
7a03d6b51096263d86516f698740b654d5d5bdef1027ff11ab5684e5cae830fe,A,hybrid_tdvp,11,rzz,0.05,2,9,7,64,8,1,1,,0.9999999999963649,0.9999999999963649,3.6350922272276875e-12,1.9056835995467396e-06,0.9999999999999996,0.9999999999999983,4.33762915100222e-08,5.139153690905482e-09,0.17701051698531955,16,"[1, 2, 4, 8, 16, 16, 16, 16, 16, 8, 4, 2, 1]",2728,1.9157909069565523e-15,1.9157909069565523e-15,1e-12
6214b906ed70d6e3750e9ff15987e764ad48141c8fe01afe96a518ac96719cae,A,hybrid_tdvp,11,rzz,0.1,2,9,7,8,1,1,1,,0.9984534641154871,0.9984534641154871,0.001546535884512923,0.039333627987263926,0.9999999999999996,0.9999999999999998,0.0024463192055182437,0.0005553841616240188,0.12369291798677295,8,"[1, 2, 4, 8, 8, 8, 8, 8, 8, 8, 4, 2, 1]",936,0.00024620009340164104,0.00024620009340164104,1e-12
4b683f469cca8a5be9a3586e6eec75ae10ee8dbbd2c5358a8a3ba5bc602126b4,A,hybrid_tdvp,11,rzz,0.1,2,9,7,8,2,1,1,,0.9984462332236784,0.9984462332236784,0.0015537667763215746,0.03942550942550934,0.9999999999999996,0.9999999999999991,0.0024397652988051854,0.0005557713829113795,0.048264600976835936,8,"[1, 2, 4, 8, 8, 8, 8, 8, 8, 8, 4, 2, 1]",936,0.0001237374664504603,0.0001237374664504603,1e-12
2699e330434b09e14a5630d0e70c6891c07b680290ca63e129e31cf6e5510147,A,hybrid_tdvp,11,rzz,0.1,2,9,7,8,4,1,1,,0.9984426070832404,0.9984426070832404,0.0015573929167596035,0.03947150564104235,0.9999999999999996,1.000000000000001,0.0024365007301549446,0.0005568386381930477,0.19709881499875337,8,"[1, 2, 4, 8, 8, 8, 8, 8, 8, 8, 4, 2, 1]",936,6.19630431319761e-05,6.19630431319761e-05,1e-12
60d9e7e5dc18a2be81a4087da8c8c62eb4682c1c7c5951719fff685ca0f43f81,A,hybrid_tdvp,11,rzz,0.1,2,9,7,8,8,1,1,,0.9984407930424544,0.9984407930424544,0.0015592069575456335,0.03949449598893421,0.9999999999999996,0.9999999999999992,0.0024348376675840666,0.0005575678834188312,0.2109533190377988,8,"[1, 2, 4, 8, 8, 8, 8, 8, 8, 8, 4, 2, 1]",936,3.0997088915425344e-05,3.0997088915425344e-05,1e-12
e871fa3ad664caba47d2c9b1462af04c48521e313b8a84fca919f5c4aadbc148,A,hybrid_tdvp,11,rzz,0.1,2,9,7,16,1,1,1,,0.9999999999999991,0.9999999999999991,8.881784197001252e-16,1.6191050433204115e-13,0.9999999999999996,0.9999999999999999,6.455946888195285e-14,1.6439681322719684e-14,0.08131420199060813,16,"[1, 2, 4, 8, 16, 16, 16, 16, 16, 8, 4, 2, 1]",2728,1.8625287607597032e-31,1.8625287607597032e-31,1e-12
87299e8616c6ef43d06401bad69dbd345b1938145dcae344db1e0601de491b19,A,hybrid_tdvp,11,rzz,0.1,2,9,7,16,2,1,1,,1.0000000000000115,1.0000000000000115,0.0,3.7946411536996375e-14,0.9999999999999996,1.0000000000000062,2.3314683517128287e-14,7.786401529795046e-15,0.049939961987547576,16,"[1, 2, 4, 8, 16, 16, 16, 16, 16, 8, 4, 2, 1]",2728,5.5790858839013176e-31,5.5790858839013176e-31,1e-12
ab2e28eafcb5cb4390f3eff6e5fb65635d41ed4d72df1cfaf8d1223486a7e094,A,hybrid_tdvp,11,rzz,0.1,2,9,7,16,4,1,1,,0.9999999999417652,0.9999999999417652,5.823475035526826e-11,7.629720798648749e-06,0.9999999999999996,0.9999999999999893,1.7394029214537476e-07,2.2384938099861295e-08,0.06694830197375268,16,"[1, 2, 4, 8, 16, 16, 16, 16, 16, 8, 4, 2, 1]",2728,3.0711905327588116e-14,3.0711905327588116e-14,1e-12
51e8babb3ee4af121c6e7bdcd3f49476cb9315a89b03b63991d37f5342e491cf,A,hybrid_tdvp,11,rzz,0.1,2,9,7,16,8,1,1,,0.9999999999854889,0.9999999999854889,1.4511059021060646e-11,3.812532526122322e-06,0.9999999999999996,1.0000000000000122,8.682545133906205e-08,1.122043482887968e-08,0.13184372999239713,16,"[1, 2, 4, 8, 16, 16, 16, 16, 16, 8, 4, 2, 1]",2728,7.668122116862414e-15,7.668122116862414e-15,1e-12
5e326c3859b550a1b2003d0b7a5dab93bb55c716a36f9a7c9bbeb38909342a31,A,hybrid_tdvp,11,rzz,0.1,2,9,7,64,1,1,1,,0.9999999999999991,0.9999999999999991,8.881784197001252e-16,1.6191050433204115e-13,0.9999999999999996,0.9999999999999999,6.455946888195285e-14,1.6439681322719684e-14,0.03480032901279628,16,"[1, 2, 4, 8, 16, 16, 16, 16, 16, 8, 4, 2, 1]",2728,1.8625287607597032e-31,1.8625287607597032e-31,1e-12
2bb22fbc20e97ccd3111ba14b476fb1977ae50b713a3ea580a14581676ff552f,A,hybrid_tdvp,11,rzz,0.1,2,9,7,64,2,1,1,,1.0000000000000115,1.0000000000000115,0.0,3.7946411536996375e-14,0.9999999999999996,1.0000000000000062,2.3314683517128287e-14,7.786401529795046e-15,0.02527424698928371,16,"[1, 2, 4, 8, 16, 16, 16, 16, 16, 8, 4, 2, 1]",2728,5.5790858839013176e-31,5.5790858839013176e-31,1e-12
7062595bc28a900d5f683710601baf7afc27ac1de679f10648e475830768a779,A,hybrid_tdvp,11,rzz,0.1,2,9,7,64,4,1,1,,0.9999999999417652,0.9999999999417652,5.823475035526826e-11,7.629720798648749e-06,0.9999999999999996,0.9999999999999893,1.7394029214537476e-07,2.2384938099861295e-08,0.17468648904468864,16,"[1, 2, 4, 8, 16, 16, 16, 16, 16, 8, 4, 2, 1]",2728,3.0711905327588116e-14,3.0711905327588116e-14,1e-12
902c825a51fff1fc3ece2976f059d0925c1d6047e3d1ff619092891defa38438,A,hybrid_tdvp,11,rzz,0.1,2,9,7,64,8,1,1,,0.9999999999854889,0.9999999999854889,1.4511059021060646e-11,3.812532526122322e-06,0.9999999999999996,1.0000000000000122,8.682545133906205e-08,1.122043482887968e-08,0.2370007680146955,16,"[1, 2, 4, 8, 16, 16, 16, 16, 16, 8, 4, 2, 1]",2728,7.668122116862414e-15,7.668122116862414e-15,1e-12
4ba8415a08834245873083d492c52f8b471bcaba796b3da3f27e0058bcd0a643,A,hybrid_tdvp,11,rzz,0.2,2,9,7,8,1,1,1,,0.994515260670705,0.994515260670705,0.005484739329295052,0.07410992251976549,0.9999999999999996,1.0000000000000007,0.0059785690621152465,0.0013269756561842942,0.04074081499129534,8,"[1, 2, 4, 8, 8, 8, 8, 8, 8, 8, 4, 2, 1]",936,0.0009762894616230893,0.0009762894616230893,1e-12
dc2e05ded9076b683f2c2132b8bedc051184c721948bb0660187b175750dd067,A,hybrid_tdvp,11,rzz,0.2,2,9,7,8,2,1,1,,0.9942920058213234,0.9942920058213234,0.005707994178676623,0.07560530939019842,0.9999999999999996,1.0000000000000002,0.006434133983449053,0.0013698324095102997,0.08071781898615882,8,"[1, 2, 4, 8, 8, 8, 8, 8, 8, 8, 4, 2, 1]",936,0.0004959439445558881,0.0004959439445558881,1e-12
fab5b608610e77b9885f3924f2f89027a6ee204a431cc96b5268f329ed7539a9,A,hybrid_tdvp,11,rzz,0.2,2,9,7,8,4,1,1,,0.9942061671166403,0.9942061671166403,0.005793832883359662,0.07617249771345079,0.9999999999999996,1.0,0.006608830065176763,0.0013893488500996605,0.08342624397482723,8,"[1, 2, 4, 8, 8, 8, 8, 8, 8, 8, 4, 2, 1]",936,0.0002499696383135178,0.0002499696383135178,1e-12
f2553dadbb00395368378dfe76730c3b5614b785164c22a945c25480e164cfaa,A,hybrid_tdvp,11,rzz,0.2,2,9,7,8,8,1,1,,0.9941675363927887,0.9941675363927887,0.005832463607211347,0.07642638881135745,0.9999999999999996,1.0000000000000002,0.006687988465921446,0.001398920586840077,0.2774789279792458,8,"[1, 2, 4, 8, 8, 8, 8, 8, 8, 8, 4, 2, 1]",936,0.0001254065403970981,0.0001254065403970981,1e-12
34af115e6ba92463c1920d05518f70fc91494efdb46970aab1fdbfcea3c3e5bf,A,hybrid_tdvp,11,rzz,0.2,2,9,7,16,1,1,1,,1.0000000000000053,1.0000000000000053,0.0,1.2196481812115643e-13,0.9999999999999996,1.0000000000000033,6.583622536027178e-14,2.3908543430047494e-14,0.021106022992171347,16,"[1, 2, 4, 8, 16, 16, 16, 16, 16, 8, 4, 2, 1]",2728,1.8549910291709725e-31,1.8549910291709725e-31,1e-12
b9584951ee7b18f90db5a8425f0a5cfded676f9e00349a545a03197d7b146019,A,hybrid_tdvp,11,rzz,0.2,2,9,7,16,2,1,1,,0.9999999999999947,0.9999999999999947,5.329070518200751e-15,2.494674908641885e-14,0.9999999999999996,0.9999999999999978,1.454392162258955e-14,5.205797406548368e-15,0.0413371340255253,16,"[1, 2, 4, 8, 16, 16, 16, 16, 16, 8, 4, 2, 1]",2728,5.561220280192106e-31,5.561220280192106e-31,1e-12
9d19950fee7e352403f52138f5d04a39c8d5a4a44fc18a986640b4e9deb31c34,A,hybrid_tdvp,11,rzz,0.2,2,9,7,16,4,1,1,,1.000000000000015,1.000000000000015,0.0,9.745243242083173e-14,0.9999999999999996,1.0000000000000084,7.241429678117584e-14,1.9899825244310345e-14,0.05283965403214097,16,"[1, 2, 4, 8, 16, 16, 16, 16, 16, 8, 4, 2, 1]",2728,1.2987271150565536e-30,1.2987271150565536e-30,1e-12
d33c71364fe4adfa4f751d4e0f3c71e86ac3ea309cf04dc6201883071e381052,A,hybrid_tdvp,11,rzz,0.2,2,9,7,16,8,1,1,,0.9999999999417883,0.9999999999417883,5.821165771635606e-11,7.629720798667741e-06,0.9999999999999996,1.0000000000000009,1.7394028703140996e-07,2.8662066623161815e-08,0.2035240880213678,16,"[1, 2, 4, 8, 16, 16, 16, 16, 16, 8, 4, 2, 1]",2728,3.07119053270663e-14,3.07119053270663e-14,1e-12
0f1a53d52b370f53cc3ca5d27404bb8537454310979ec6961180f892720cf4f0,A,hybrid_tdvp,11,rzz,0.2,2,9,7,64,1,1,1,,1.0000000000000053,1.0000000000000053,0.0,1.2196481812115643e-13,0.9999999999999996,1.0000000000000033,6.583622536027178e-14,2.3908543430047494e-14,0.040356007986702025,16,"[1, 2, 4, 8, 16, 16, 16, 16, 16, 8, 4, 2, 1]",2728,1.8549910291709725e-31,1.8549910291709725e-31,1e-12
8003c763d5a497df7245afa4183d81c9ed083dfeed981222dd931067556fe8c6,A,hybrid_tdvp,11,rzz,0.2,2,9,7,64,2,1,1,,0.9999999999999947,0.9999999999999947,5.329070518200751e-15,2.494674908641885e-14,0.9999999999999996,0.9999999999999978,1.454392162258955e-14,5.205797406548368e-15,0.037194642005488276,16,"[1, 2, 4, 8, 16, 16, 16, 16, 16, 8, 4, 2, 1]",2728,5.561220280192106e-31,5.561220280192106e-31,1e-12
b480e85de0f2933653680e34aabb424ae87d436a5b6355d28cd6583bbb6a2c79,A,hybrid_tdvp,11,rzz,0.2,2,9,7,64,4,1,1,,1.000000000000015,1.000000000000015,0.0,9.745243242083173e-14,0.9999999999999996,1.0000000000000084,7.241429678117584e-14,1.9899825244310345e-14,0.06800138502148911,16,"[1, 2, 4, 8, 16, 16, 16, 16, 16, 8, 4, 2, 1]",2728,1.2987271150565536e-30,1.2987271150565536e-30,1e-12
1c2d42f80536f7fdb10408d638d6f40c7ad0378b2a8a795ba9a466ef23131f29,A,hybrid_tdvp,11,rzz,0.2,2,9,7,64,8,1,1,,0.9999999999417883,0.9999999999417883,5.821165771635606e-11,7.629720798667741e-06,0.9999999999999996,1.0000000000000009,1.7394028703140996e-07,2.8662066623161815e-08,0.23364829702768475,16,"[1, 2, 4, 8, 16, 16, 16, 16, 16, 8, 4, 2, 1]",2728,3.07119053270663e-14,3.07119053270663e-14,1e-12
5af1fd2854b1fd38e8c68be74da94acdb15edbb4a31ff9ebab76cdbc3d5dfc02,A,mpo_zipup,11,rxx,0.025,2,9,7,8,,1,1,,0.8951305801939561,0.8951305801939561,0.10486941980604392,0.23213485804353295,0.9999999999999996,0.9726836112946006,0.09984166032976738,0.025211314615271416,0.002895869023632258,8,"[1, 2, 4, 8, 8, 8, 8, 8, 8, 8, 4, 2, 1]",936,0.055034124750721475,0.055034124750721475,1e-12
a8f5c9332b385945d08c9c1b428d10694d01e33dbf710c9743a8304fd776f47e,A,mpo_zipup,11,rxx,0.025,2,9,7,16,,1,1,,0.9999999999999944,0.9999999999999944,5.551115123125783e-15,3.3703623704667167e-15,0.9999999999999996,0.9999999999999976,7.105427357601002e-15,2.0092726993991794e-15,0.0024219570332206786,16,"[1, 2, 4, 8, 16, 16, 16, 16, 16, 8, 4, 2, 1]",2728,1.1708878026720665e-31,1.1708878026720665e-31,1e-12
178f21429748e63b2d6f4b66f05490afc3b36fac95685069a95536ceaf0bfe02,A,mpo_zipup,11,rxx,0.025,2,9,7,64,,1,1,,0.9999999999999944,0.9999999999999944,5.551115123125783e-15,3.3703623704667167e-15,0.9999999999999996,0.9999999999999976,7.105427357601002e-15,2.0092726993991794e-15,0.003090899030212313,16,"[1, 2, 4, 8, 16, 16, 16, 16, 16, 8, 4, 2, 1]",2728,1.1708878026720665e-31,1.1708878026720665e-31,1e-12
4b984c5dc35af1ce4171bc5bbad6932e0d9fe58d43b79a42d556b433dab1ca80,A,mpo_zipup,11,rxx,0.05,2,9,7,8,,1,1,,0.8951305801939592,0.8951305801939592,0.10486941980604081,0.23213485804353276,0.9999999999999996,0.9726836112946023,0.09984166032975583,0.025209526677580762,0.00621676497394219,8,"[1, 2, 4, 8, 8, 8, 8, 8, 8, 8, 4, 2, 1]",936,0.055034124750721454,0.055034124750721454,1e-12
e89df729260f1dca81351ad58b21bbcb5f7ba0c13ec7b9923d20780bc8681f87,A,mpo_zipup,11,rxx,0.05,2,9,7,16,,1,1,,0.9999999999999964,0.9999999999999964,3.552713678800501e-15,3.871861222833208e-15,0.9999999999999996,0.999999999999999,3.1086244689504383e-15,1.0618590337903714e-15,0.003147971990983933,16,"[1, 2, 4, 8, 16, 16, 16, 16, 16, 8, 4, 2, 1]",2728,1.2170976694495743e-31,1.2170976694495743e-31,1e-12
a30cd026cdf28a88577b668d7cd6af247b76ba4f293fb8b6c0908ac7cdf3097b,A,mpo_zipup,11,rxx,0.05,2,9,7,64,,1,1,,0.9999999999999964,0.9999999999999964,3.552713678800501e-15,3.871861222833208e-15,0.9999999999999996,0.999999999999999,3.1086244689504383e-15,1.0618590337903714e-15,0.0071598810027353466,16,"[1, 2, 4, 8, 16, 16, 16, 16, 16, 8, 4, 2, 1]",2728,1.2170976694495743e-31,1.2170976694495743e-31,1e-12
a47b7ff1cc0d35d56a5255d6ba2f42b41d5de40a024506bb0f8672aa52961394,A,mpo_zipup,11,rxx,0.1,2,9,7,8,,1,1,,0.8951305801939591,0.8951305801939591,0.10486941980604092,0.23213485804353276,0.9999999999999996,0.9726836112946023,0.09984166032976072,0.025205991695288116,0.0028389740036800504,8,"[1, 2, 4, 8, 8, 8, 8, 8, 8, 8, 4, 2, 1]",936,0.05503412475072148,0.05503412475072148,1e-12
c6fa01161344046f57f45d0b18c47c363aa0fbd3dde0e3d6b1e095602e5f3456,A,mpo_zipup,11,rxx,0.1,2,9,7,16,,1,1,,0.9999999999999978,0.9999999999999978,2.220446049250313e-15,3.796983638669844e-15,0.9999999999999996,0.999999999999999,3.9968028886505635e-15,9.343710483714152e-16,0.0030816129874438047,16,"[1, 2, 4, 8, 16, 16, 16, 16, 16, 8, 4, 2, 1]",2728,1.2154217813561222e-31,1.2154217813561222e-31,1e-12
146e4841e4900e91446b032c940df11f1e2cbaed167563790961692e5693e74e,A,mpo_zipup,11,rxx,0.1,2,9,7,64,,1,1,,0.9999999999999978,0.9999999999999978,2.220446049250313e-15,3.796983638669844e-15,0.9999999999999996,0.999999999999999,3.9968028886505635e-15,9.343710483714152e-16,0.0035060340305790305,16,"[1, 2, 4, 8, 16, 16, 16, 16, 16, 8, 4, 2, 1]",2728,1.2154217813561222e-31,1.2154217813561222e-31,1e-12
03ee011a6f40a80a372e213b350bce685e115c031c4b5fa4c360d6531a54d01b,A,mpo_zipup,11,rxx,0.2,2,9,7,8,,1,1,,0.8951305801939553,0.8951305801939553,0.1048694198060447,0.2321348580435328,0.9999999999999996,0.9726836112946,0.09984166032976982,0.025199208016150245,0.004185136000160128,8,"[1, 2, 4, 8, 8, 8, 8, 8, 8, 8, 4, 2, 1]",936,0.055034124750721475,0.055034124750721475,1e-12
fbdf295db37b8ec3b1155fef0ea6c04b6c2a86ffdf7d770bd2a6e3221a496a3b,A,mpo_zipup,11,rxx,0.2,2,9,7,16,,1,1,,0.9999999999999971,0.9999999999999971,2.886579864025407e-15,3.314722302464933e-15,0.9999999999999996,0.9999999999999988,2.886579864025407e-15,8.886016629368804e-16,0.00364414497744292,16,"[1, 2, 4, 8, 16, 16, 16, 16, 16, 8, 4, 2, 1]",2728,1.1687972592618136e-31,1.1687972592618136e-31,1e-12
c5fdb144614fa380e5350c760ca1f37aab92ee939a94ee218ff38883810ec064,A,mpo_zipup,11,rxx,0.2,2,9,7,64,,1,1,,0.9999999999999971,0.9999999999999971,2.886579864025407e-15,3.314722302464933e-15,0.9999999999999996,0.9999999999999988,2.886579864025407e-15,8.886016629368804e-16,0.00641547201666981,16,"[1, 2, 4, 8, 16, 16, 16, 16, 16, 8, 4, 2, 1]",2728,1.1687972592618136e-31,1.1687972592618136e-31,1e-12
b28460e562cd87f2bbf26c45ee30d325fc0a6cbbc95a93f9edc1d6e32f98eec7,A,mpo_zipup,11,ryy,0.025,2,9,7,8,,1,1,,0.905103452565316,0.905103452565316,0.09489654743468401,0.22052380499758142,0.9999999999999996,0.9753815927263494,0.09016018204190202,0.022441052641079613,0.0029023149982094765,8,"[1, 2, 4, 8, 8, 8, 8, 8, 8, 8, 4, 2, 1]",936,0.04957482314218157,0.04957482314218157,1e-12
4a413e71698e42ba8c19a40287f834c4f438ac909b67ece9fb9de6218acde516,A,mpo_zipup,11,ryy,0.025,2,9,7,16,,1,1,,0.9999999999999962,0.9999999999999962,3.774758283725532e-15,3.1853097072537746e-15,0.9999999999999996,0.9999999999999981,5.329070518200751e-15,1.4938716689777959e-15,0.011837325990200043,16,"[1, 2, 4, 8, 16, 16, 16, 16, 16, 8, 4, 2, 1]",2728,1.2924186251146e-31,1.2924186251146e-31,1e-12
8b97119d5e8db50fc8c4a870ba6ff908ac1fc2ba8b9664d4f03e72b0b126dc6f,A,mpo_zipup,11,ryy,0.025,2,9,7,64,,1,1,,0.9999999999999962,0.9999999999999962,3.774758283725532e-15,3.1853097072537746e-15,0.9999999999999996,0.9999999999999981,5.329070518200751e-15,1.4938716689777959e-15,0.0032617480028420687,16,"[1, 2, 4, 8, 16, 16, 16, 16, 16, 8, 4, 2, 1]",2728,1.2924186251146e-31,1.2924186251146e-31,1e-12
9c3cae205f23f02613cca857bd8bf111df7a57d5025cb797735f5efa231286b2,A,mpo_zipup,11,ryy,0.05,2,9,7,8,,1,1,,0.9051034525653097,0.9051034525653097,0.09489654743469034,0.2205238049975815,0.9999999999999996,0.9753815927263461,0.09016018204191623,0.02245121213566106,0.0028899380122311413,8,"[1, 2, 4, 8, 8, 8, 8, 8, 8, 8, 4, 2, 1]",936,0.04957482314218175,0.04957482314218175,1e-12
1872fa0c68df8f7131586cf61e48eb1b9778c08da6453045353aa203d3bffc3d,A,mpo_zipup,11,ryy,0.05,2,9,7,16,,1,1,,0.9999999999999949,0.9999999999999949,5.10702591327572e-15,3.2878243755025216e-15,0.9999999999999996,0.9999999999999981,5.995204332975845e-15,1.460040989788501e-15,0.003092091006692499,16,"[1, 2, 4, 8, 16, 16, 16, 16, 16, 8, 4, 2, 1]",2728,1.3286269652995747e-31,1.3286269652995747e-31,1e-12
0a575cd30962ee93e6dc224aed4cf47214e0b27804b8cb235ab00d8913661d1b,A,mpo_zipup,11,ryy,0.05,2,9,7,64,,1,1,,0.9999999999999949,0.9999999999999949,5.10702591327572e-15,3.2878243755025216e-15,0.9999999999999996,0.9999999999999981,5.995204332975845e-15,1.460040989788501e-15,0.004479862982407212,16,"[1, 2, 4, 8, 16, 16, 16, 16, 16, 8, 4, 2, 1]",2728,1.3286269652995747e-31,1.3286269652995747e-31,1e-12
93f82cedd9e82e75d21a1d3a8fad645aaf58fe05f6b5e0f9ecb0e5d9ef821dae,A,mpo_zipup,11,ryy,0.1,2,9,7,8,,1,1,,0.9051034525653177,0.9051034525653177,0.09489654743468234,0.22052380499758137,0.9999999999999996,0.9753815927263499,0.09016018204190268,0.022470897441705218,0.0030123559990897775,8,"[1, 2, 4, 8, 8, 8, 8, 8, 8, 8, 4, 2, 1]",936,0.04957482314218159,0.04957482314218159,1e-12
9fe18889d47ed0ec718c24754a1eafb7131ab3ba68a0393039ba33fefd89058a,A,mpo_zipup,11,ryy,0.1,2,9,7,16,,1,1,,0.9999999999999964,0.9999999999999964,3.552713678800501e-15,3.3064793958329856e-15,0.9999999999999996,0.9999999999999986,3.774758283725532e-15,1.058957492381392e-15,0.0030744990217499435,16,"[1, 2, 4, 8, 16, 16, 16, 16, 16, 8, 4, 2, 1]",2728,1.3299141973426816e-31,1.3299141973426816e-31,1e-12
222029f2a8ef1ce030637eabcbd28323a5628b673ae327934ec525a9f5fc5798,A,mpo_zipup,11,ryy,0.1,2,9,7,64,,1,1,,0.9999999999999964,0.9999999999999964,3.552713678800501e-15,3.3064793958329856e-15,0.9999999999999996,0.9999999999999986,3.774758283725532e-15,1.058957492381392e-15,0.005072976986411959,16,"[1, 2, 4, 8, 16, 16, 16, 16, 16, 8, 4, 2, 1]",2728,1.3299141973426816e-31,1.3299141973426816e-31,1e-12
63c64d963184ebf034930dd77238328363efe2abf97d7a3f6333cf7950507c92,A,mpo_zipup,11,ryy,0.2,2,9,7,8,,1,1,,0.9051034525653083,0.9051034525653083,0.09489654743469167,0.22052380499758142,0.9999999999999996,0.975381592726345,0.09016018204192378,0.022507515294198782,0.004261315974872559,8,"[1, 2, 4, 8, 8, 8, 8, 8, 8, 8, 4, 2, 1]",936,0.04957482314218162,0.04957482314218162,1e-12
6887ded51c5928704b9006a3e0545020dff9763c0afdec1a9c479c60f371bf51,A,mpo_zipup,11,ryy,0.2,2,9,7,16,,1,1,,0.9999999999999947,0.9999999999999947,5.329070518200751e-15,3.8276302299240976e-15,0.9999999999999996,0.9999999999999977,6.217248937900877e-15,1.8605333455912407e-15,0.009017459000460804,16,"[1, 2, 4, 8, 16, 16, 16, 16, 16, 8, 4, 2, 1]",2728,1.2766602986120628e-31,1.2766602986120628e-31,1e-12
4a2e2c9b67e251e9f94251d40e95110f0691ec0dccb8ff65b87d901032971092,A,mpo_zipup,11,ryy,0.2,2,9,7,64,,1,1,,0.9999999999999947,0.9999999999999947,5.329070518200751e-15,3.8276302299240976e-15,0.9999999999999996,0.9999999999999977,6.217248937900877e-15,1.8605333455912407e-15,0.019394222006667405,16,"[1, 2, 4, 8, 16, 16, 16, 16, 16, 8, 4, 2, 1]",2728,1.2766602986120628e-31,1.2766602986120628e-31,1e-12
f862d725e35c2e6be44e92fb68c33b8e2954ac888cc0f50ef5c7dbf44fef797d,A,mpo_zipup,11,rzz,0.025,2,9,7,8,,1,1,,0.8948679673619352,0.8948679673619352,0.10513203263806481,0.23243361970696066,0.9999999999999996,0.9726122621219201,0.10023753371294086,0.02544750299512335,0.002829196979291737,8,"[1, 2, 4, 8, 8, 8, 8, 8, 8, 8, 4, 2, 1]",936,0.05518299890421604,0.05518299890421604,1e-12
1c3ea4e40979a5feab748f2ad16196ba75eb025c07973711e02e72c68738deb2,A,mpo_zipup,11,rzz,0.025,2,9,7,16,,1,1,,1.0000000000000062,1.0000000000000062,0.0,9.009594465307123e-15,0.9999999999999996,1.000000000000003,1.3988810110276972e-14,3.772413044958833e-15,0.0032672439701855183,16,"[1, 2, 4, 8, 16, 16, 16, 16, 16, 8, 4, 2, 1]",2728,1.1801544126272974e-31,1.1801544126272974e-31,1e-12
0cc21a4c6201173d8852fd46805baddcc33528dfb2abfd357211d9263edde7eb,A,mpo_zipup,11,rzz,0.025,2,9,7,64,,1,1,,1.0000000000000062,1.0000000000000062,0.0,9.009594465307123e-15,0.9999999999999996,1.000000000000003,1.3988810110276972e-14,3.772413044958833e-15,0.0035428020055405796,16,"[1, 2, 4, 8, 16, 16, 16, 16, 16, 8, 4, 2, 1]",2728,1.1801544126272974e-31,1.1801544126272974e-31,1e-12
707612e9cc3386d04cbc40136720b929decd0758eb119a737d5ec436c5387c55,A,mpo_zipup,11,rzz,0.05,2,9,7,8,,1,1,,0.8948679673619377,0.8948679673619377,0.10513203263806226,0.23243361970696072,0.9999999999999996,0.9726122621219213,0.10023753371293731,0.02544654632200686,0.0032758890301920474,8,"[1, 2, 4, 8, 8, 8, 8, 8, 8, 8, 4, 2, 1]",936,0.055182998904216046,0.055182998904216046,1e-12
ab32df1b7059bf0483e280c085ed5999649417aec1764ae03d35765223474e16,A,mpo_zipup,11,rzz,0.05,2,9,7,16,,1,1,,1.0000000000000027,1.0000000000000027,0.0,5.410979091431461e-15,0.9999999999999996,1.0000000000000018,9.769962616701378e-15,2.3458912805976044e-15,0.003191626979969442,16,"[1, 2, 4, 8, 16, 16, 16, 16, 16, 8, 4, 2, 1]",2728,1.1888390059055768e-31,1.1888390059055768e-31,1e-12
50cf885b6ba38136b1c71d46ed97ff04731416e3f6bd372106d5e27e76c3c51c,A,mpo_zipup,11,rzz,0.05,2,9,7,64,,1,1,,1.0000000000000027,1.0000000000000027,0.0,5.410979091431461e-15,0.9999999999999996,1.0000000000000018,9.769962616701378e-15,2.3458912805976044e-15,0.0034679180243983865,16,"[1, 2, 4, 8, 16, 16, 16, 16, 16, 8, 4, 2, 1]",2728,1.1888390059055768e-31,1.1888390059055768e-31,1e-12
4d8170834af40453f06441ad9be33800c39d22bc2e4232b1eb29270f9a10cc4e,A,mpo_zipup,11,rzz,0.1,2,9,7,8,,1,1,,0.8948679673619377,0.8948679673619377,0.10513203263806226,0.23243361970696078,0.9999999999999996,0.9726122621219216,0.1002375337129362,0.02544494465580058,0.003000447992235422,8,"[1, 2, 4, 8, 8, 8, 8, 8, 8, 8, 4, 2, 1]",936,0.055182998904215935,0.055182998904215935,1e-12
31d6a271b765add5c0b37069b35b72702d58187b51f8f6650215e4f25a114fd1,A,mpo_zipup,11,rzz,0.1,2,9,7,16,,1,1,,0.9999999999999991,0.9999999999999991,8.881784197001252e-16,8.180708317339718e-15,0.9999999999999996,1.0,4.073130721593543e-15,1.3772167749927461e-15,0.004880322958342731,16,"[1, 2, 4, 8, 16, 16, 16, 16, 16, 8, 4, 2, 1]",2728,1.1820819572024469e-31,1.1820819572024469e-31,1e-12
2c1b0417441d62f58847efc7a66fc6cfffc94154b6ffe0c0871d9c50369959dc,A,mpo_zipup,11,rzz,0.1,2,9,7,64,,1,1,,0.9999999999999991,0.9999999999999991,8.881784197001252e-16,8.180708317339718e-15,0.9999999999999996,1.0,4.073130721593543e-15,1.3772167749927461e-15,0.010946447029709816,16,"[1, 2, 4, 8, 16, 16, 16, 16, 16, 8, 4, 2, 1]",2728,1.1820819572024469e-31,1.1820819572024469e-31,1e-12
2d3ba53e11d7afab7a4038d6fae1c8c3dcca6b33d2997bb4e7c5ca89f790b790,A,mpo_zipup,11,rzz,0.2,2,9,7,8,,1,1,,0.8948679673619335,0.8948679673619335,0.10513203263806647,0.23243361970696058,0.9999999999999996,0.9726122621219195,0.10023753371294508,0.025442875389429333,0.004386547952890396,8,"[1, 2, 4, 8, 8, 8, 8, 8, 8, 8, 4, 2, 1]",936,0.055182998904215935,0.055182998904215935,1e-12
73ea49f43faa7dfa9dbbd9c3aa9673494dd1580b713fd66762da4f2f65b0f0fe,A,mpo_zipup,11,rzz,0.2,2,9,7,16,,1,1,,1.0000000000000027,1.0000000000000027,0.0,8.975191081757792e-15,0.9999999999999996,1.0000000000000016,7.549516567451064e-15,2.287513985798435e-15,0.003077588975429535,16,"[1, 2, 4, 8, 16, 16, 16, 16, 16, 8, 4, 2, 1]",2728,1.1920142163852487e-31,1.1920142163852487e-31,1e-12
f62143b868163e937fe1ca1742a050dac124460e9214961a67ab3dae4fe546f4,A,mpo_zipup,11,rzz,0.2,2,9,7,64,,1,1,,1.0000000000000027,1.0000000000000027,0.0,8.975191081757792e-15,0.9999999999999996,1.0000000000000016,7.549516567451064e-15,2.287513985798435e-15,0.003473346005193889,16,"[1, 2, 4, 8, 16, 16, 16, 16, 16, 8, 4, 2, 1]",2728,1.1920142163852487e-31,1.1920142163852487e-31,1e-12
c66d7700a61e946d18b12693d05567aa048be816c0aa63715184da8f5e891669,A,tebd_swap,11,rxx,0.025,2,9,7,8,,1,1,,0.44902233725651514,0.44902233725651514,0.5509776627434848,0.5491038009286868,0.9999999999999996,0.8010602753075664,0.6861768953109466,0.19313437972547848,0.0027271669823676348,8,"[1, 2, 4, 8, 8, 8, 8, 8, 8, 8, 4, 2, 1]",936,0.5274932447518047,0.5274932447518047,1e-12
0dc791cad7d7cb25ae289eda3187900384580e95257fc8c75ed40395a3aa1b3d,A,tebd_swap,11,rxx,0.025,2,9,7,16,,1,1,,0.9999999999999987,0.9999999999999987,1.3322676295501878e-15,4.467596949762146e-15,0.9999999999999996,0.9999999999999989,3.9968028886505635e-15,1.1946846698429357e-15,0.005476050020661205,16,"[1, 2, 4, 8, 16, 16, 16, 16, 16, 8, 4, 2, 1]",2728,1.0397040161065005e-30,1.0397040161065005e-30,1e-12
953f84cd5a5ffb47055c03de9ea2b038a94fa03035980a5aea899530d180ecbf,A,tebd_swap,11,rxx,0.025,2,9,7,64,,1,1,,0.9999999999999987,0.9999999999999987,1.3322676295501878e-15,4.467596949762146e-15,0.9999999999999996,0.9999999999999989,3.9968028886505635e-15,1.1946846698429357e-15,0.006706525979097933,16,"[1, 2, 4, 8, 16, 16, 16, 16, 16, 8, 4, 2, 1]",2728,1.0397040161065005e-30,1.0397040161065005e-30,1e-12
74a1c88df66dcf47a2c34230528efe5c97c3dc8bbc2f516b4b87838d53ec9964,A,tebd_swap,11,rxx,0.05,2,9,7,8,,1,1,,0.4482702349999859,0.4482702349999859,0.5517297650000141,0.5496440119493886,0.9999999999999996,0.8007298309756599,0.6872186491500112,0.19347633871156902,0.003005112987011671,8,"[1, 2, 4, 8, 8, 8, 8, 8, 8, 8, 4, 2, 1]",936,0.5277071190690076,0.5277071190690076,1e-12
78d20025f939a39c47835dde44bc783fe2689a1b948ea2fbce29d780af28e76d,A,tebd_swap,11,rxx,0.05,2,9,7,16,,1,1,,1.0000000000000018,1.0000000000000018,0.0,3.8514439538766986e-15,0.9999999999999996,1.0000000000000022,7.327471962526033e-15,2.1187038240159224e-15,0.0033153569675050676,16,"[1, 2, 4, 8, 16, 16, 16, 16, 16, 8, 4, 2, 1]",2728,1.1457102822953162e-30,1.1457102822953162e-30,1e-12
4fa6e44bba1737d2a3beb9c57d2f72097fe590ef0d986a9b6173bf988a9f2178,A,tebd_swap,11,rxx,0.05,2,9,7,64,,1,1,,1.0000000000000018,1.0000000000000018,0.0,3.8514439538766986e-15,0.9999999999999996,1.0000000000000022,7.327471962526033e-15,2.1187038240159224e-15,0.0033423140412196517,16,"[1, 2, 4, 8, 16, 16, 16, 16, 16, 8, 4, 2, 1]",2728,1.1457102822953162e-30,1.1457102822953162e-30,1e-12
e4ff3ca6a33d783640b975ea855b3884d868d9117f261a560fd77f57512831ee,A,tebd_swap,11,rxx,0.1,2,9,7,8,,1,1,,0.44666376550221215,0.44666376550221215,0.5533362344977879,0.550821671983404,0.9999999999999996,0.8000391764131491,0.6893847197767373,0.19414066278773087,0.005715701961889863,8,"[1, 2, 4, 8, 8, 8, 8, 8, 8, 8, 4, 2, 1]",936,0.5284270673168588,0.5284270673168588,1e-12
82005ad913b1d09902481aa2efcbbdfd4e420d8741ad48768faa659793243dcb,A,tebd_swap,11,rxx,0.1,2,9,7,16,,1,1,,1.0000000000000018,1.0000000000000018,0.0,3.51480422472165e-15,0.9999999999999996,1.0000000000000009,6.217248937900877e-15,1.7149212579700608e-15,0.0031474599963985384,16,"[1, 2, 4, 8, 16, 16, 16, 16, 16, 8, 4, 2, 1]",2728,9.412963206916211e-31,9.412963206916211e-31,1e-12
7bbd66b97cbf95dcdebb8479cbf74c0412eaafaa6a4915aab5b99410b473feff,A,tebd_swap,11,rxx,0.1,2,9,7,64,,1,1,,1.0000000000000018,1.0000000000000018,0.0,3.51480422472165e-15,0.9999999999999996,1.0000000000000009,6.217248937900877e-15,1.7149212579700608e-15,0.005922269017901272,16,"[1, 2, 4, 8, 16, 16, 16, 16, 16, 8, 4, 2, 1]",2728,9.412963206916211e-31,9.412963206916211e-31,1e-12
2cc147216ffbec06e61b4faf427153c0d7c1f5f60a4a35c33295fb0d96284b71,A,tebd_swap,11,rxx,0.2,2,9,7,8,,1,1,,0.44316892382793,0.44316892382793,0.5568310761720701,0.5533337149835102,0.9999999999999996,0.7984966360800677,0.6941801987196285,0.19541213485204334,0.004299482039641589,8,"[1, 2, 4, 8, 8, 8, 8, 8, 8, 8, 4, 2, 1]",936,0.5312787179829651,0.5312787179829651,1e-12
21c1cbc8f4d0d85d3d098805d39d928d76a794a320e9b976188485309bf55f74,A,tebd_swap,11,rxx,0.2,2,9,7,16,,1,1,,1.0000000000000044,1.0000000000000044,0.0,5.093847978102269e-15,0.9999999999999996,1.0000000000000036,1.2878587085651816e-14,3.635710285444553e-15,0.0052987090311944485,16,"[1, 2, 4, 8, 16, 16, 16, 16, 16, 8, 4, 2, 1]",2728,1.1291344997548893e-30,1.1291344997548893e-30,1e-12
8f2914f78a80c6de871dc0bc16a6fcb2516c07cfce2e8d5449d99339fafeb63a,A,tebd_swap,11,rxx,0.2,2,9,7,64,,1,1,,1.0000000000000044,1.0000000000000044,0.0,5.093847978102269e-15,0.9999999999999996,1.0000000000000036,1.2878587085651816e-14,3.635710285444553e-15,0.00530350802000612,16,"[1, 2, 4, 8, 16, 16, 16, 16, 16, 8, 4, 2, 1]",2728,1.1291344997548893e-30,1.1291344997548893e-30,1e-12
b7260bae50fa1aac555119f871ea63766fc47d9b9a9f416943b425aa20217615,A,tebd_swap,11,ryy,0.025,2,9,7,8,,1,1,,0.44979325082190075,0.44979325082190075,0.5502067491780993,0.5486675594393906,0.9999999999999996,0.8014790317873463,0.6848571148141422,0.19271655976590088,0.004371844988781959,8,"[1, 2, 4, 8, 8, 8, 8, 8, 8, 8, 4, 2, 1]",936,0.5273154815514333,0.5273154815514333,1e-12
a4ace438e37d019017afc337b617ab35e63ba2824208ec42d1f9baf664034fc0,A,tebd_swap,11,ryy,0.025,2,9,7,16,,1,1,,1.0,1.0,0.0,4.248047591900519e-15,0.9999999999999996,0.9999999999999998,3.885780586188048e-15,1.1841636544128627e-15,0.010863421019166708,16,"[1, 2, 4, 8, 16, 16, 16, 16, 16, 8, 4, 2, 1]",2728,1.069872035029523e-30,1.069872035029523e-30,1e-12
624b1cdca3200a1cff4af3202a349a874ce7e4b4780e9148e12c32a77c2a6641,A,tebd_swap,11,ryy,0.025,2,9,7,64,,1,1,,1.0,1.0,0.0,4.248047591900519e-15,0.9999999999999996,0.9999999999999998,3.885780586188048e-15,1.1841636544128627e-15,0.00500031397677958,16,"[1, 2, 4, 8, 16, 16, 16, 16, 16, 8, 4, 2, 1]",2728,1.069872035029523e-30,1.069872035029523e-30,1e-12
1f374c8691a42f8183728f65e95dad3994fead2a44010316c6776cc0fee38068,A,tebd_swap,11,ryy,0.05,2,9,7,8,,1,1,,0.4497133317507505,0.4497133317507505,0.5502866682492495,0.5488263237148792,0.9999999999999996,0.8015133886763887,0.6847499809526525,0.19267370351918042,0.002724257006775588,8,"[1, 2, 4, 8, 8, 8, 8, 8, 8, 8, 4, 2, 1]",936,0.5274678144154394,0.5274678144154394,1e-12
fd6a758149980f2e89bfc09bc82cd753959e9c64024d38f0f423cd3ba0d47305,A,tebd_swap,11,ryy,0.05,2,9,7,16,,1,1,,1.0000000000000009,1.0000000000000009,0.0,3.2644166960437092e-15,0.9999999999999996,1.000000000000001,6.439293542825908e-15,1.8946896933081013e-15,0.0033827509614638984,16,"[1, 2, 4, 8, 16, 16, 16, 16, 16, 8, 4, 2, 1]",2728,1.0214697992840316e-30,1.0214697992840316e-30,1e-12
a7833395da46b1fd1e5223d4cb6b17ce47df0d3e11b4b5e62ecb7e2a6cd217ad,A,tebd_swap,11,ryy,0.05,2,9,7,64,,1,1,,1.0000000000000009,1.0000000000000009,0.0,3.2644166960437092e-15,0.9999999999999996,1.000000000000001,6.439293542825908e-15,1.8946896933081013e-15,0.0031366570037789643,16,"[1, 2, 4, 8, 16, 16, 16, 16, 16, 8, 4, 2, 1]",2728,1.0214697992840316e-30,1.0214697992840316e-30,1e-12
c539c23c821be204ef0517d833820f3da34ae7d81b11ca684ec22a6f09997d73,A,tebd_swap,11,ryy,0.1,2,9,7,8,,1,1,,0.44895708528173767,0.44895708528173767,0.5510429147182623,0.5495359984453384,0.9999999999999996,0.8012958335045872,0.6854306915705792,0.19276639977732674,0.017237181949894875,8,"[1, 2, 4, 8, 8, 8, 8, 8, 8, 8, 4, 2, 1]",936,0.5283712916011009,0.5283712916011009,1e-12
0e8d7e7c591fa5622ff6b9abf187b6a11a5a01b8132ba0aef3cb337422930b26,A,tebd_swap,11,ryy,0.1,2,9,7,16,,1,1,,1.0000000000000036,1.0000000000000036,0.0,4.173479967959998e-15,0.9999999999999996,1.0000000000000022,9.769962616701378e-15,2.822675223459971e-15,0.0031726600136607885,16,"[1, 2, 4, 8, 16, 16, 16, 16, 16, 8, 4, 2, 1]",2728,1.204921849170756e-30,1.204921849170756e-30,1e-12
6c3d040d0a4118fc001a4c7ddc8602009bc6df496c84ae2cf3d20bd7512dbe67,A,tebd_swap,11,ryy,0.1,2,9,7,64,,1,1,,1.0000000000000036,1.0000000000000036,0.0,4.173479967959998e-15,0.9999999999999996,1.0000000000000022,9.769962616701378e-15,2.822675223459971e-15,0.003175227961037308,16,"[1, 2, 4, 8, 16, 16, 16, 16, 16, 8, 4, 2, 1]",2728,1.204921849170756e-30,1.204921849170756e-30,1e-12
c88023df76c70bf76413173bfa143884dbd1c794c91db9b2a25337ef42daa556,A,tebd_swap,11,ryy,0.2,2,9,7,8,,1,1,,0.4448931371963536,0.4448931371963536,0.5551068628036464,0.55263727442748,0.9999999999999996,0.7996337660237955,0.6906215869125187,0.19370882831201836,0.007213086006231606,8,"[1, 2, 4, 8, 8, 8, 8, 8, 8, 8, 4, 2, 1]",936,0.5325209971643325,0.5325209971643325,1e-12
37e587c39451d813dc3fef8fd165687ed2200b036dc81d64dc000ea9baaa7951,A,tebd_swap,11,ryy,0.2,2,9,7,16,,1,1,,0.9999999999999987,0.9999999999999987,1.3322676295501878e-15,3.593257818255749e-15,0.9999999999999996,1.0,2.4424906541753444e-15,7.845844853069882e-16,0.0035417250473983586,16,"[1, 2, 4, 8, 16, 16, 16, 16, 16, 8, 4, 2, 1]",2728,1.0073224797419264e-30,1.0073224797419264e-30,1e-12
836f741ff399af20f2640d6bae26d8166e9cca520a5d482532c29153cbd4fc58,A,tebd_swap,11,ryy,0.2,2,9,7,64,,1,1,,0.9999999999999987,0.9999999999999987,1.3322676295501878e-15,3.593257818255749e-15,0.9999999999999996,1.0,2.4424906541753444e-15,7.845844853069882e-16,0.012853209977038205,16,"[1, 2, 4, 8, 16, 16, 16, 16, 16, 8, 4, 2, 1]",2728,1.0073224797419264e-30,1.0073224797419264e-30,1e-12
0effc2c6f4fb366f432850c46ffeec34c8cfa88418a04d5fa1c3325101d0004f,A,tebd_swap,11,rzz,0.025,2,9,7,8,,1,1,,0.44950503206962183,0.44950503206962183,0.5504949679303781,0.5487610270647876,0.9999999999999996,0.8012748552716044,0.6854968572844728,0.19293249474350452,0.0027882889844477177,8,"[1, 2, 4, 8, 8, 8, 8, 8, 8, 8, 4, 2, 1]",936,0.5273295944469574,0.5273295944469574,1e-12
b998dbb20f2fce8ae392ef2f7110207595a885b96119e250fc488b4d4aef6dcf,A,tebd_swap,11,rzz,0.025,2,9,7,16,,1,1,,1.0000000000000009,1.0000000000000009,0.0,4.310424563115811e-15,0.9999999999999996,1.000000000000001,4.440892098500626e-15,1.596397819582768e-15,0.0031325650052167475,16,"[1, 2, 4, 8, 16, 16, 16, 16, 16, 8, 4, 2, 1]",2728,8.924185949514583e-31,8.924185949514583e-31,1e-12
3aa57e895188f33efa8ebfd4d06375aa0e9ffce369f071a53c7a0cdc22651194,A,tebd_swap,11,rzz,0.025,2,9,7,64,,1,1,,1.0000000000000009,1.0000000000000009,0.0,4.310424563115811e-15,0.9999999999999996,1.000000000000001,4.440892098500626e-15,1.596397819582768e-15,0.004104762047063559,16,"[1, 2, 4, 8, 16, 16, 16, 16, 16, 8, 4, 2, 1]",2728,8.924185949514583e-31,8.924185949514583e-31,1e-12
207cf71a0f88abec8d537bbc7e8bc76cfb1eb344cbf7aabdbd670377c7fa32f2,A,tebd_swap,11,rzz,0.05,2,9,7,8,,1,1,,0.44919070914271986,0.44919070914271986,0.5508092908572801,0.548981620294321,0.9999999999999996,0.8011333493487459,0.6859378413919246,0.19308124410493546,0.0029215470422059298,8,"[1, 2, 4, 8, 8, 8, 8, 8, 8, 8, 4, 2, 1]",936,0.5274107228560019,0.5274107228560019,1e-12
108816864bdea9e51110bc5dd3f855a7de5520b7f6f3ec1d96e0b2e93e41e643,A,tebd_swap,11,rzz,0.05,2,9,7,16,,1,1,,0.9999999999999987,0.9999999999999987,1.3322676295501878e-15,3.527790864639439e-15,0.9999999999999996,0.9999999999999998,2.220446049250313e-15,6.317180423183962e-16,0.0032403719960711896,16,"[1, 2, 4, 8, 16, 16, 16, 16, 16, 8, 4, 2, 1]",2728,7.380029975001574e-31,7.380029975001574e-31,1e-12
3072f1813b87d1e0165a1a26f5a1b50af4b9efa15419b76889ed3d6ed0b9cdc2,A,tebd_swap,11,rzz,0.05,2,9,7,64,,1,1,,0.9999999999999987,0.9999999999999987,1.3322676295501878e-15,3.527790864639439e-15,0.9999999999999996,0.9999999999999998,2.220446049250313e-15,6.317180423183962e-16,0.003248200984671712,16,"[1, 2, 4, 8, 16, 16, 16, 16, 16, 8, 4, 2, 1]",2728,7.380029975001574e-31,7.380029975001574e-31,1e-12
7a750a74d9ee9332efc0c85c02e0b5099277399c1deb7883d9df12afccf5e808,A,tebd_swap,11,rzz,0.1,2,9,7,8,,1,1,,0.44814158706168505,0.44814158706168505,0.551858412938315,0.5497375173006076,0.9999999999999996,0.8006740284316335,0.6873624676308305,0.1934653993350074,0.002786958997603506,8,"[1, 2, 4, 8, 8, 8, 8, 8, 8, 8, 4, 2, 1]",936,0.5278949900262279,0.5278949900262279,1e-12
10b3381d0f5cc2662c8f8871e876f6a256343a9e307ad000086af27e741567f4,A,tebd_swap,11,rzz,0.1,2,9,7,16,,1,1,,0.999999999999998,0.999999999999998,1.9984014443252818e-15,3.2531000979551715e-15,0.9999999999999996,0.9999999999999986,2.55351295663786e-15,6.191227773604525e-16,0.0038723250036127865,16,"[1, 2, 4, 8, 16, 16, 16, 16, 16, 8, 4, 2, 1]",2728,9.090679172905534e-31,9.090679172905534e-31,1e-12
76fa16b54ada391777e2867920ecae575003299b3ebec7014165fe14da89b8a7,A,tebd_swap,11,rzz,0.1,2,9,7,64,,1,1,,0.999999999999998,0.999999999999998,1.9984014443252818e-15,3.2531000979551715e-15,0.9999999999999996,0.9999999999999986,2.55351295663786e-15,6.191227773604525e-16,0.011585280997678638,16,"[1, 2, 4, 8, 16, 16, 16, 16, 16, 8, 4, 2, 1]",2728,9.090679172905534e-31,9.090679172905534e-31,1e-12
45c81bc9873711690fe9b16536a08df309ee05f49a307477d1574017c605f2bc,A,tebd_swap,11,rzz,0.2,2,9,7,8,,1,1,,0.4448290597366953,0.4448290597366953,0.5551709402633047,0.5521697676828292,0.9999999999999996,0.7992506389447357,0.6917492953961455,0.19435875499493993,0.004538497014436871,8,"[1, 2, 4, 8, 8, 8, 8, 8, 8, 8, 4, 2, 1]",936,0.5299913304791136,0.5299913304791136,1e-12
b449df05f18ed89b234aef984ad8edc04d0ff1a0ace57eadca9a01cc7eab4782,A,tebd_swap,11,rzz,0.2,2,9,7,16,,1,1,,0.9999999999999942,0.9999999999999942,5.773159728050814e-15,4.7016391200653395e-15,0.9999999999999996,0.9999999999999969,8.43769498715119e-15,2.3729293241433253e-15,0.0031617210479453206,16,"[1, 2, 4, 8, 16, 16, 16, 16, 16, 8, 4, 2, 1]",2728,9.617213657104322e-31,9.617213657104322e-31,1e-12
1c5a5fade68f45a2438be56ca0b65ac5e795733727d0acd233946556114adeca,A,tebd_swap,11,rzz,0.2,2,9,7,64,,1,1,,0.9999999999999942,0.9999999999999942,5.773159728050814e-15,4.7016391200653395e-15,0.9999999999999996,0.9999999999999969,8.43769498715119e-15,2.3729293241433253e-15,0.004584202019032091,16,"[1, 2, 4, 8, 16, 16, 16, 16, 16, 8, 4, 2, 1]",2728,9.617213657104322e-31,9.617213657104322e-31,1e-12
830b6e5c44b0f58b0068f8b6bda9087f8640f70fcfbcdb58c86e794def17360f,A0,exact,11,rxx,0.0,2,9,7,,,1,1,,0.9999999999999973,0.9999999999999973,2.6645352591003757e-15,0.0,0.9999999999999996,0.9999999999999996,0.0,0.0,0.0,8,"[1, 2, 4, 8, 8, 8, 8, 8, 8, 8, 4, 2, 1]",936,0.0,0.0,1e-12
414a115dbf0e6f6e4f21c4f810e3ea6c390a66167322d27a9439d8655df6ea26,A0,exact,11,ryy,0.0,2,9,7,,,1,1,,0.9999999999999973,0.9999999999999973,2.6645352591003757e-15,0.0,0.9999999999999996,0.9999999999999996,0.0,0.0,0.0,8,"[1, 2, 4, 8, 8, 8, 8, 8, 8, 8, 4, 2, 1]",936,0.0,0.0,1e-12
5f59f12099d5a47f87dbb2fb1cb9139d8721097ea6b074e9845ff6184aa3c897,A0,exact,11,rzz,0.0,2,9,7,,,1,1,,0.9999999999999973,0.9999999999999973,2.6645352591003757e-15,0.0,0.9999999999999996,0.9999999999999996,0.0,0.0,0.0,8,"[1, 2, 4, 8, 8, 8, 8, 8, 8, 8, 4, 2, 1]",936,0.0,0.0,1e-12
22dacdd8c30ab14f5f188bb440c2198022117a76f383217193c8d56b6d3f1f1d,A0,hybrid_tdvp,11,rxx,0.0,2,9,7,8,1,1,1,,0.9999999999999982,0.9999999999999982,1.7763568394002505e-15,3.071007892117949e-15,0.9999999999999996,0.9999999999999998,2.220446049250313e-15,7.355344195822935e-16,0.0793558030272834,8,"[1, 2, 4, 8, 8, 8, 8, 8, 8, 8, 4, 2, 1]",936,1.514101646660061e-32,1.514101646660061e-32,1e-12
976d976d49bdce4e7cf374130c55aee532be6971feb6bb76a182af447ed925d4,A0,hybrid_tdvp,11,rxx,0.0,2,9,7,8,8,1,1,,1.0000000000000013,1.0000000000000013,0.0,1.7408194926518814e-14,0.9999999999999996,1.0000000000000013,1.176836406102666e-14,3.5035222240869485e-15,0.07930490298895165,8,"[1, 2, 4, 8, 8, 8, 8, 8, 8, 8, 4, 2, 1]",936,1.2126422128421651e-31,1.2126422128421651e-31,1e-12
58c526d3e1f1ebac4d75dec1a3e30af9c05adb1d5b107d1a3276752dfe5982b0,A0,hybrid_tdvp,11,rxx,0.0,2,9,7,16,1,1,1,,0.9999999999999982,0.9999999999999982,1.7763568394002505e-15,3.071007892117949e-15,0.9999999999999996,0.9999999999999998,2.220446049250313e-15,7.355344195822935e-16,0.10006976703880355,8,"[1, 2, 4, 8, 8, 8, 8, 8, 8, 8, 4, 2, 1]",936,1.514101646660061e-32,1.514101646660061e-32,1e-12
e64f2375e43e07d71737f052ec9c6380f3e5a02ed7ac01387352d9d2964a3a83,A0,hybrid_tdvp,11,rxx,0.0,2,9,7,16,8,1,1,,1.0000000000000013,1.0000000000000013,0.0,1.7408194926518814e-14,0.9999999999999996,1.0000000000000013,1.176836406102666e-14,3.5035222240869485e-15,0.5825204359716736,8,"[1, 2, 4, 8, 8, 8, 8, 8, 8, 8, 4, 2, 1]",936,1.2126422128421651e-31,1.2126422128421651e-31,1e-12
1b1a6158fb8d404027bc9a1b148412afeafb60597f5ef4710a3ed4c023abf71e,A0,hybrid_tdvp,11,rxx,0.0,2,9,7,64,1,1,1,,0.9999999999999982,0.9999999999999982,1.7763568394002505e-15,3.071007892117949e-15,0.9999999999999996,0.9999999999999998,2.220446049250313e-15,7.355344195822935e-16,0.09456966898869723,8,"[1, 2, 4, 8, 8, 8, 8, 8, 8, 8, 4, 2, 1]",936,1.514101646660061e-32,1.514101646660061e-32,1e-12
6124e2ef197f1c4970958ed6b42b08ce09f56547de096fe32f90b5c5e9d8f0f0,A0,hybrid_tdvp,11,rxx,0.0,2,9,7,64,8,1,1,,1.0000000000000013,1.0000000000000013,0.0,1.7408194926518814e-14,0.9999999999999996,1.0000000000000013,1.176836406102666e-14,3.5035222240869485e-15,0.23592592997010797,8,"[1, 2, 4, 8, 8, 8, 8, 8, 8, 8, 4, 2, 1]",936,1.2126422128421651e-31,1.2126422128421651e-31,1e-12
6c05685c98b46c1c2442290a393c6c82f849ba1abab00f43619e8881bfc83827,A0,hybrid_tdvp,11,ryy,0.0,2,9,7,8,1,1,1,,0.9999999999999982,0.9999999999999982,1.7763568394002505e-15,3.071007892117949e-15,0.9999999999999996,0.9999999999999998,2.220446049250313e-15,7.355344195822935e-16,0.05882961896713823,8,"[1, 2, 4, 8, 8, 8, 8, 8, 8, 8, 4, 2, 1]",936,1.514101646660061e-32,1.514101646660061e-32,1e-12
d6854eb18fe05cb477d870d7a2633e106a3bb07e2229af9471ca855a028eb014,A0,hybrid_tdvp,11,ryy,0.0,2,9,7,8,8,1,1,,1.0000000000000013,1.0000000000000013,0.0,1.7408194926518814e-14,0.9999999999999996,1.0000000000000013,1.176836406102666e-14,3.5035222240869485e-15,0.13167222699848935,8,"[1, 2, 4, 8, 8, 8, 8, 8, 8, 8, 4, 2, 1]",936,1.2126422128421651e-31,1.2126422128421651e-31,1e-12
678ac774dbffdf7c5f5508c7c29e42ad76a8f1f02c77a3bcc46b8a3100a16846,A0,hybrid_tdvp,11,ryy,0.0,2,9,7,16,1,1,1,,0.9999999999999982,0.9999999999999982,1.7763568394002505e-15,3.071007892117949e-15,0.9999999999999996,0.9999999999999998,2.220446049250313e-15,7.355344195822935e-16,0.018818937009200454,8,"[1, 2, 4, 8, 8, 8, 8, 8, 8, 8, 4, 2, 1]",936,1.514101646660061e-32,1.514101646660061e-32,1e-12
448ce1cd2677e7331749e58fd4cd91f4665514a380298c82ccfbcb27cbd0dce7,A0,hybrid_tdvp,11,ryy,0.0,2,9,7,16,8,1,1,,1.0000000000000013,1.0000000000000013,0.0,1.7408194926518814e-14,0.9999999999999996,1.0000000000000013,1.176836406102666e-14,3.5035222240869485e-15,0.24745838902890682,8,"[1, 2, 4, 8, 8, 8, 8, 8, 8, 8, 4, 2, 1]",936,1.2126422128421651e-31,1.2126422128421651e-31,1e-12
d06c58bb9ec2e439cc5e7486775bfb49490642d33c330b45187a06b4d76fe251,A0,hybrid_tdvp,11,ryy,0.0,2,9,7,64,1,1,1,,0.9999999999999982,0.9999999999999982,1.7763568394002505e-15,3.071007892117949e-15,0.9999999999999996,0.9999999999999998,2.220446049250313e-15,7.355344195822935e-16,0.01700441597495228,8,"[1, 2, 4, 8, 8, 8, 8, 8, 8, 8, 4, 2, 1]",936,1.514101646660061e-32,1.514101646660061e-32,1e-12
897d48feaaeb7462934bae2edb32caebfb9e65f81b35c17e9813aadc68574a81,A0,hybrid_tdvp,11,ryy,0.0,2,9,7,64,8,1,1,,1.0000000000000013,1.0000000000000013,0.0,1.7408194926518814e-14,0.9999999999999996,1.0000000000000013,1.176836406102666e-14,3.5035222240869485e-15,0.16308099497109652,8,"[1, 2, 4, 8, 8, 8, 8, 8, 8, 8, 4, 2, 1]",936,1.2126422128421651e-31,1.2126422128421651e-31,1e-12
6072cbeec5b00c9a061f5b2de950bc6885e66998e026f10bd89bce998027d38c,A0,hybrid_tdvp,11,rzz,0.0,2,9,7,8,1,1,1,,0.9999999999999982,0.9999999999999982,1.7763568394002505e-15,3.071007892117949e-15,0.9999999999999996,0.9999999999999998,2.220446049250313e-15,7.355344195822935e-16,0.04329569300170988,8,"[1, 2, 4, 8, 8, 8, 8, 8, 8, 8, 4, 2, 1]",936,1.514101646660061e-32,1.514101646660061e-32,1e-12
4d350af4dae470d3882bb5b14dd5c67b28b76e112d84aa73ae7b6f5d759a4b38,A0,hybrid_tdvp,11,rzz,0.0,2,9,7,8,8,1,1,,1.0000000000000013,1.0000000000000013,0.0,1.7408194926518814e-14,0.9999999999999996,1.0000000000000013,1.176836406102666e-14,3.5035222240869485e-15,0.1182691270369105,8,"[1, 2, 4, 8, 8, 8, 8, 8, 8, 8, 4, 2, 1]",936,1.2126422128421651e-31,1.2126422128421651e-31,1e-12
e4a48b0866a0f7204e330c810bc491b22c1c61afc1df4f6c038da723b56c27b4,A0,hybrid_tdvp,11,rzz,0.0,2,9,7,16,1,1,1,,0.9999999999999982,0.9999999999999982,1.7763568394002505e-15,3.071007892117949e-15,0.9999999999999996,0.9999999999999998,2.220446049250313e-15,7.355344195822935e-16,0.012170829984825104,8,"[1, 2, 4, 8, 8, 8, 8, 8, 8, 8, 4, 2, 1]",936,1.514101646660061e-32,1.514101646660061e-32,1e-12
2ac395e619b3f777e0d3ff7b89974323cbbccbf1b825a2eb57f06d4536b7838a,A0,hybrid_tdvp,11,rzz,0.0,2,9,7,16,8,1,1,,1.0000000000000013,1.0000000000000013,0.0,1.7408194926518814e-14,0.9999999999999996,1.0000000000000013,1.176836406102666e-14,3.5035222240869485e-15,0.1433636910514906,8,"[1, 2, 4, 8, 8, 8, 8, 8, 8, 8, 4, 2, 1]",936,1.2126422128421651e-31,1.2126422128421651e-31,1e-12
c8254b9a3bd65a667f275020efb4d4c9eb623e1bf33b5f717943463399365c37,A0,hybrid_tdvp,11,rzz,0.0,2,9,7,64,1,1,1,,0.9999999999999982,0.9999999999999982,1.7763568394002505e-15,3.071007892117949e-15,0.9999999999999996,0.9999999999999998,2.220446049250313e-15,7.355344195822935e-16,0.012390639982186258,8,"[1, 2, 4, 8, 8, 8, 8, 8, 8, 8, 4, 2, 1]",936,1.514101646660061e-32,1.514101646660061e-32,1e-12
8b073405493d43cf9dc999cf1fcd93130327be12ec37edf357d064b9b2d106c7,A0,hybrid_tdvp,11,rzz,0.0,2,9,7,64,8,1,1,,1.0000000000000013,1.0000000000000013,0.0,1.7408194926518814e-14,0.9999999999999996,1.0000000000000013,1.176836406102666e-14,3.5035222240869485e-15,0.15965755900833756,8,"[1, 2, 4, 8, 8, 8, 8, 8, 8, 8, 4, 2, 1]",936,1.2126422128421651e-31,1.2126422128421651e-31,1e-12
67715855580d21690a0696980dd25d064ae349cc12bdfaef85a0f74c1cfe684a,A0,mpo_zipup,11,rxx,0.0,2,9,7,8,,1,1,,0.9999999999999973,0.9999999999999973,2.6645352591003757e-15,1.970766025569129e-15,0.9999999999999996,0.9999999999999993,1.1657341758564144e-15,3.7540263218560483e-16,0.0029164970037527382,8,"[1, 2, 4, 8, 8, 8, 8, 8, 8, 8, 4, 2, 1]",936,8.389806632259644e-33,8.389806632259644e-33,1e-12
f05fd7bf8da001a48a592230ecaeb935aedea097fba00d17e62b02b867c537a2,A0,mpo_zipup,11,rxx,0.0,2,9,7,16,,1,1,,0.9999999999999973,0.9999999999999973,2.6645352591003757e-15,1.970766025569129e-15,0.9999999999999996,0.9999999999999993,1.1657341758564144e-15,3.7540263218560483e-16,0.002555539016611874,8,"[1, 2, 4, 8, 8, 8, 8, 8, 8, 8, 4, 2, 1]",936,8.389806632259644e-33,8.389806632259644e-33,1e-12
37a1bc2f6bf73e13a759ec39ce04d5e1f8b4ccfe3f83b0cb735626d9dbf396f4,A0,mpo_zipup,11,rxx,0.0,2,9,7,64,,1,1,,0.9999999999999973,0.9999999999999973,2.6645352591003757e-15,1.970766025569129e-15,0.9999999999999996,0.9999999999999993,1.1657341758564144e-15,3.7540263218560483e-16,0.0025715240044519305,8,"[1, 2, 4, 8, 8, 8, 8, 8, 8, 8, 4, 2, 1]",936,8.389806632259644e-33,8.389806632259644e-33,1e-12
767654669111cbfd0cdb72894a75fec255a3be1603dd5ee1b3241b47a43281be,A0,mpo_zipup,11,ryy,0.0,2,9,7,8,,1,1,,0.9999999999999973,0.9999999999999973,2.6645352591003757e-15,1.970766025569129e-15,0.9999999999999996,0.9999999999999993,1.1657341758564144e-15,3.7540263218560483e-16,0.0025653750053606927,8,"[1, 2, 4, 8, 8, 8, 8, 8, 8, 8, 4, 2, 1]",936,8.389806632259644e-33,8.389806632259644e-33,1e-12
67d8ca6494ac61b8cdef364ebeace240341a7ff1c086162d3da3747bc35df234,A0,mpo_zipup,11,ryy,0.0,2,9,7,16,,1,1,,0.9999999999999973,0.9999999999999973,2.6645352591003757e-15,1.970766025569129e-15,0.9999999999999996,0.9999999999999993,1.1657341758564144e-15,3.7540263218560483e-16,0.0026449180440977216,8,"[1, 2, 4, 8, 8, 8, 8, 8, 8, 8, 4, 2, 1]",936,8.389806632259644e-33,8.389806632259644e-33,1e-12
8125e5edd1e36e0ed1ff0c5ba5ba63d735ce4071a53325a9b3f2b52c23f4ca5d,A0,mpo_zipup,11,ryy,0.0,2,9,7,64,,1,1,,0.9999999999999973,0.9999999999999973,2.6645352591003757e-15,1.970766025569129e-15,0.9999999999999996,0.9999999999999993,1.1657341758564144e-15,3.7540263218560483e-16,0.01114430499728769,8,"[1, 2, 4, 8, 8, 8, 8, 8, 8, 8, 4, 2, 1]",936,8.389806632259644e-33,8.389806632259644e-33,1e-12
2743fee42dcc9b20415a2cee323bac2e739b12874a82e9bf229516a7c9b2c3fc,A0,mpo_zipup,11,rzz,0.0,2,9,7,8,,1,1,,0.9999999999999973,0.9999999999999973,2.6645352591003757e-15,1.970766025569129e-15,0.9999999999999996,0.9999999999999993,1.1657341758564144e-15,3.7540263218560483e-16,0.0025538470363244414,8,"[1, 2, 4, 8, 8, 8, 8, 8, 8, 8, 4, 2, 1]",936,8.389806632259644e-33,8.389806632259644e-33,1e-12
1128a06680b25a4110ce93064a552a72da8f39754ab9a5722b3b815b4158c17b,A0,mpo_zipup,11,rzz,0.0,2,9,7,16,,1,1,,0.9999999999999973,0.9999999999999973,2.6645352591003757e-15,1.970766025569129e-15,0.9999999999999996,0.9999999999999993,1.1657341758564144e-15,3.7540263218560483e-16,0.0036257500178180635,8,"[1, 2, 4, 8, 8, 8, 8, 8, 8, 8, 4, 2, 1]",936,8.389806632259644e-33,8.389806632259644e-33,1e-12
482836cee9a80551c539aa727e8789c60c587caa51a02a5f1bdabe6185f7c226,A0,mpo_zipup,11,rzz,0.0,2,9,7,64,,1,1,,0.9999999999999973,0.9999999999999973,2.6645352591003757e-15,1.970766025569129e-15,0.9999999999999996,0.9999999999999993,1.1657341758564144e-15,3.7540263218560483e-16,0.0025513109867461026,8,"[1, 2, 4, 8, 8, 8, 8, 8, 8, 8, 4, 2, 1]",936,8.389806632259644e-33,8.389806632259644e-33,1e-12
8e3ea124233ae871a7aec2b9616936ff4ab2ad8d6a4a1ae37ed53a7ac0dc91cd,A0,tebd_swap,11,rxx,0.0,2,9,7,8,,1,1,,0.44966304177902405,0.44966304177902405,0.550336958220976,0.5486553494414753,0.9999999999999996,0.8013495350004576,0.6852622892000908,0.19282230232315103,0.0038950230227783322,8,"[1, 2, 4, 8, 8, 8, 8, 8, 8, 8, 4, 2, 1]",936,0.5273564812674988,0.5273564812674988,1e-12
1ef12d54efa128015abfb9e7cac516cf672c225b014b1cf4ab3e4b747c7ea4fe,A0,tebd_swap,11,rxx,0.0,2,9,7,16,,1,1,,1.0000000000000027,1.0000000000000027,0.0,5.054547363989847e-15,0.9999999999999996,1.000000000000002,1.0658141036401503e-14,2.891371928882311e-15,0.0028711770428344607,8,"[1, 2, 4, 8, 8, 8, 8, 8, 8, 8, 4, 2, 1]",936,1.5214702229090398e-30,1.5214702229090398e-30,1e-12
6b34736eb94d22b06e7477943ff00f5f9fae6a75e3dedb6da5d0dc45d3cb04e6,A0,tebd_swap,11,rxx,0.0,2,9,7,64,,1,1,,1.0000000000000027,1.0000000000000027,0.0,5.054547363989847e-15,0.9999999999999996,1.000000000000002,1.0658141036401503e-14,2.891371928882311e-15,0.0028640280361287296,8,"[1, 2, 4, 8, 8, 8, 8, 8, 8, 8, 4, 2, 1]",936,1.5214702229090398e-30,1.5214702229090398e-30,1e-12
bef20b6d75cf51d0f9aa8e90cf47cbf821844aa11548fcec9457db059d68e435,A0,tebd_swap,11,ryy,0.0,2,9,7,8,,1,1,,0.44966304177902405,0.44966304177902405,0.550336958220976,0.5486553494414753,0.9999999999999996,0.8013495350004576,0.6852622892000908,0.19282230232315103,0.0044342660112306476,8,"[1, 2, 4, 8, 8, 8, 8, 8, 8, 8, 4, 2, 1]",936,0.5273564812674988,0.5273564812674988,1e-12
b902b45e02afb72987eb69ec6ca186e052f8bfbf6dee19c6bd923b5f6b767711,A0,tebd_swap,11,ryy,0.0,2,9,7,16,,1,1,,1.0000000000000027,1.0000000000000027,0.0,5.054547363989847e-15,0.9999999999999996,1.000000000000002,1.0658141036401503e-14,2.891371928882311e-15,0.007001095975283533,8,"[1, 2, 4, 8, 8, 8, 8, 8, 8, 8, 4, 2, 1]",936,1.5214702229090398e-30,1.5214702229090398e-30,1e-12
db928b17241fbfaa097404cf4e222d4bfc64a95ced23ac823401ed923955e12b,A0,tebd_swap,11,ryy,0.0,2,9,7,64,,1,1,,1.0000000000000027,1.0000000000000027,0.0,5.054547363989847e-15,0.9999999999999996,1.000000000000002,1.0658141036401503e-14,2.891371928882311e-15,0.002882600005250424,8,"[1, 2, 4, 8, 8, 8, 8, 8, 8, 8, 4, 2, 1]",936,1.5214702229090398e-30,1.5214702229090398e-30,1e-12
b34818f7a0bc4c5327df38c15ff0308aeda25a91db7c88c88001f08d513210c9,A0,tebd_swap,11,rzz,0.0,2,9,7,8,,1,1,,0.44966304177902405,0.44966304177902405,0.550336958220976,0.5486553494414753,0.9999999999999996,0.8013495350004576,0.6852622892000908,0.19282230232315103,0.0037218090146780014,8,"[1, 2, 4, 8, 8, 8, 8, 8, 8, 8, 4, 2, 1]",936,0.5273564812674988,0.5273564812674988,1e-12
776592698708c6b4776f13d047b0fa1f2fd0282cdb1f1b31a50d40905a7520db,A0,tebd_swap,11,rzz,0.0,2,9,7,16,,1,1,,1.0000000000000027,1.0000000000000027,0.0,5.054547363989847e-15,0.9999999999999996,1.000000000000002,1.0658141036401503e-14,2.891371928882311e-15,0.004536737978924066,8,"[1, 2, 4, 8, 8, 8, 8, 8, 8, 8, 4, 2, 1]",936,1.5214702229090398e-30,1.5214702229090398e-30,1e-12
952e1f6517fe4924e301cca64b048873637db123d8f4dd0929b28b2a96dd07f6,A0,tebd_swap,11,rzz,0.0,2,9,7,64,,1,1,,1.0000000000000027,1.0000000000000027,0.0,5.054547363989847e-15,0.9999999999999996,1.000000000000002,1.0658141036401503e-14,2.891371928882311e-15,0.004458010022062808,8,"[1, 2, 4, 8, 8, 8, 8, 8, 8, 8, 4, 2, 1]",936,1.5214702229090398e-30,1.5214702229090398e-30,1e-12
fd063b74747a65391dd06e2398e410f29c1087ae4600e6139da4667eba6463bc,B,exact,11,rxx,0.1,4,7,3,,,1,1,,0.9999999999999982,0.9999999999999982,1.7763568394002505e-15,0.0,0.9999999999999996,0.9999999999999996,0.0,0.0,0.0,8,"[1, 2, 4, 8, 8, 8, 8, 8, 8, 8, 4, 2, 1]",936,0.0,0.0,1e-12
7e2bf94bb4c2ac93bcc1f18dbcee51e6fc1e4c9318458c73ff221d6f52ca547d,B,exact,11,rxx,0.1,3,8,5,,,1,1,,0.9999999999999978,0.9999999999999978,2.220446049250313e-15,0.0,0.9999999999999996,0.9999999999999998,0.0,0.0,0.0,8,"[1, 2, 4, 8, 8, 8, 8, 8, 8, 8, 4, 2, 1]",936,0.0,0.0,1e-12
81a4b989afd8d7cdd7a2266535ecfd86fcc78db2aa9d21c95e43d1c0452300ae,B,exact,11,rxx,0.1,2,9,7,,,1,1,,0.9999999999999987,0.9999999999999987,1.3322676295501878e-15,0.0,0.9999999999999996,0.9999999999999997,0.0,0.0,0.0,8,"[1, 2, 4, 8, 8, 8, 8, 8, 8, 8, 4, 2, 1]",936,0.0,0.0,1e-12
3eac9e58ce27659b775a4f329b2dae021710dab8775589cd6f82b9b25044ccfc,B,exact,11,ryy,0.1,4,7,3,,,1,1,,0.9999999999999982,0.9999999999999982,1.7763568394002505e-15,0.0,0.9999999999999996,0.9999999999999994,0.0,0.0,0.0,8,"[1, 2, 4, 8, 8, 8, 8, 8, 8, 8, 4, 2, 1]",936,0.0,0.0,1e-12
aefca5ddc8665d7b5cdb9506665e07cd3fa34287e594cbdc81e1052cc981e039,B,exact,11,ryy,0.1,3,8,5,,,1,1,,0.9999999999999982,0.9999999999999982,1.7763568394002505e-15,0.0,0.9999999999999996,0.9999999999999994,0.0,0.0,0.0,8,"[1, 2, 4, 8, 8, 8, 8, 8, 8, 8, 4, 2, 1]",936,0.0,0.0,1e-12
d5e0b6d380faef60af1af85abb7062120374df612abc64eca8f5f31337dc351b,B,exact,11,ryy,0.1,2,9,7,,,1,1,,0.9999999999999984,0.9999999999999984,1.5543122344752192e-15,0.0,0.9999999999999996,0.9999999999999998,0.0,0.0,0.0,8,"[1, 2, 4, 8, 8, 8, 8, 8, 8, 8, 4, 2, 1]",936,0.0,0.0,1e-12
5d8fd802a232a6b325350ba995a7d4ce9929f5910ec2f2c991721ea39464ea88,B,exact,11,rzz,0.1,4,7,3,,,1,1,,0.9999999999999987,0.9999999999999987,1.3322676295501878e-15,0.0,0.9999999999999996,0.9999999999999991,0.0,0.0,0.0,8,"[1, 2, 4, 8, 8, 8, 8, 8, 8, 8, 4, 2, 1]",936,0.0,0.0,1e-12
5ff3a8ec70b65e04ed6f9d92c1eaa3dec56e5dcb7bff1b9cbf5d7ff4cf6644ec,B,exact,11,rzz,0.1,3,8,5,,,1,1,,0.9999999999999973,0.9999999999999973,2.6645352591003757e-15,0.0,0.9999999999999996,0.9999999999999993,0.0,0.0,0.0,8,"[1, 2, 4, 8, 8, 8, 8, 8, 8, 8, 4, 2, 1]",936,0.0,0.0,1e-12
3d2fbe6687c306de19b38ba6bc8e6334b46d7c107c5bda13f51122ab7d853daa,B,exact,11,rzz,0.1,2,9,7,,,1,1,,0.9999999999999982,0.9999999999999982,1.7763568394002505e-15,0.0,0.9999999999999996,0.9999999999999994,0.0,0.0,0.0,8,"[1, 2, 4, 8, 8, 8, 8, 8, 8, 8, 4, 2, 1]",936,0.0,0.0,1e-12
c0a3d188a56de442002a977ec02eec6e209f69528e475e5a9b6ed1574da9e80c,B,hybrid_tdvp,11,rxx,0.1,4,7,3,8,1,1,1,,0.9994633344382567,0.9994633344382567,0.0005366655617432547,0.02316759770781084,0.9999999999999996,0.9999999999999998,0.0023541467575486,0.0004358073116816633,0.03401312499772757,8,"[1, 2, 4, 8, 8, 8, 8, 8, 8, 8, 4, 2, 1]",936,0.00016964124649235764,0.00016964124649235764,1e-12
a84e928d94693672166d8235360cf7cdfae3695402d43647ca398db06f3da4d7,B,hybrid_tdvp,11,rxx,0.1,4,7,3,8,8,1,1,,0.9994574618275834,0.9994574618275834,0.0005425381724165623,0.023294028833600884,0.9999999999999996,0.9999999999999996,0.002415474592312332,0.0004503301243904649,0.5887555470108055,8,"[1, 2, 4, 8, 8, 8, 8, 8, 8, 8, 4, 2, 1]",936,2.149199302835374e-05,2.149199302835374e-05,1e-12
a1c36ad6aae31ff863444c46c249f6106ae9fb9d9ac17dc3d4c7c134092fba93,B,hybrid_tdvp,11,rxx,0.1,4,7,3,64,1,1,1,,1.0,1.0,0.0,1.7206834898662043e-14,0.9999999999999996,1.0000000000000004,1.0269562977782698e-14,2.6009165119248485e-15,0.012675512989517301,16,"[1, 2, 4, 8, 8, 16, 16, 16, 8, 8, 4, 2, 1]",1960,7.250519453379896e-32,7.250519453379896e-32,1e-12
b3b7e19540e4c23497e319b613fe3a16ecf7f2ba591426558cf5400e5f0c2521,B,hybrid_tdvp,11,rxx,0.1,4,7,3,64,8,1,1,,1.000000000000007,1.000000000000007,0.0,7.142930392823745e-14,0.9999999999999996,1.0000000000000038,5.537237335317968e-14,1.2830944157839999e-14,0.13951341598294675,16,"[1, 2, 4, 8, 8, 16, 16, 16, 8, 8, 4, 2, 1]",1960,9.827919059184568e-31,9.827919059184568e-31,1e-12
a1831901235e071efff6f969952bb663d54b8b510f89fa792d67c54a6b756d16,B,hybrid_tdvp,11,rxx,0.1,3,8,5,8,1,1,1,,0.998754064265074,0.998754064265074,0.0012459357349260403,0.03530331522456696,0.9999999999999996,1.0000000000000009,0.00255380516181479,0.0005354953767335519,0.054375763051211834,8,"[1, 2, 4, 8, 8, 8, 8, 8, 8, 8, 4, 2, 1]",936,0.0002676538694431708,0.0002676538694431708,1e-12
6470e49dab25a8c3a71a63c7fef68ce1ea65bbf834dc04ed4603ab4fb9165770,B,hybrid_tdvp,11,rxx,0.1,3,8,5,8,8,1,1,,0.9987408942889686,0.9987408942889686,0.001259105711031383,0.035489467416984416,0.9999999999999996,1.0000000000000016,0.002853336979880057,0.0005626932697598803,0.293467651004903,8,"[1, 2, 4, 8, 8, 8, 8, 8, 8, 8, 4, 2, 1]",936,3.338552620417372e-05,3.338552620417372e-05,1e-12
96efa9b5699996bd3c7ae5026814abc64007321b6fbf1dea05c2698e43775aed,B,hybrid_tdvp,11,rxx,0.1,3,8,5,64,1,1,1,,1.000000000000007,1.000000000000007,0.0,1.943134744778616e-14,0.9999999999999996,1.0000000000000042,2.1094237467877974e-14,5.8259946518369405e-15,0.013292414019815624,16,"[1, 2, 4, 8, 16, 16, 16, 16, 16, 8, 4, 2, 1]",2728,1.930565852236199e-31,1.930565852236199e-31,1e-12
af06b19b1b37a5d6bfed94c1a01d9b135b996fe3359c2042c1ae06e6c175cfe9,B,hybrid_tdvp,11,rxx,0.1,3,8,5,64,8,1,1,,0.999999999984281,0.999999999984281,1.5718981671852816e-11,3.962354714283664e-06,0.9999999999999996,0.9999999999999905,4.0809978146816306e-08,5.890662950305773e-09,0.11530721897725016,16,"[1, 2, 4, 8, 16, 16, 16, 16, 16, 8, 4, 2, 1]",2728,6.084496618467006e-14,6.084496618467006e-14,1e-12
01ddfb327f7262fe8143ed99cb3e112e3e8506b41ada317d799c2ecf157ffd14,B,hybrid_tdvp,11,rxx,0.1,2,9,7,8,1,1,1,,0.998926135070698,0.998926135070698,0.0010738649293019487,0.03277427925482142,0.9999999999999996,1.0000000000000004,0.0026972262863216648,0.00043833183942926425,0.17828212399035692,8,"[1, 2, 4, 8, 8, 8, 8, 8, 8, 8, 4, 2, 1]",936,0.0001615846889029573,0.0001615846889029573,1e-12
e4d043ee82c8d6a087be9ca9edd524c11dfae73c354adca39eb4d151354b9c81,B,hybrid_tdvp,11,rxx,0.1,2,9,7,8,8,1,1,,0.9989197872936125,0.9989197872936125,0.0010802127063874734,0.03287102947769823,0.9999999999999996,1.0,0.0025938448679576065,0.00042805654653296787,0.22309782699448988,8,"[1, 2, 4, 8, 8, 8, 8, 8, 8, 8, 4, 2, 1]",936,2.0244747923788245e-05,2.0244747923788245e-05,1e-12
435665b13af44144b4fd466f7e87056322ebe683906bc920e5ee563f1c5eca46,B,hybrid_tdvp,11,rxx,0.1,2,9,7,64,1,1,1,,1.0000000000000098,1.0000000000000098,0.0,2.2310634935857493e-14,0.9999999999999996,1.0000000000000049,2.1316282072803006e-14,7.032056729042043e-15,0.018752650008536875,16,"[1, 2, 4, 8, 16, 16, 16, 16, 16, 8, 4, 2, 1]",2728,1.9190264543978879e-31,1.9190264543978879e-31,1e-12
c3b0d12571dfb086a535d4b5c8db1d8a7e9b93b2712d9cc3fb43b00ee3b3b16a,B,hybrid_tdvp,11,rxx,0.1,2,9,7,64,8,1,1,,0.9999999999706977,0.9999999999706977,2.930233833353668e-11,5.414751562278416e-06,0.9999999999999996,1.0000000000000089,5.828101815041897e-08,8.60474677307849e-09,0.22475766600109637,16,"[1, 2, 4, 8, 16, 16, 16, 16, 16, 8, 4, 2, 1]",2728,5.05286132784982e-15,5.05286132784982e-15,1e-12
dff96e7f6d93d28ade6e46924f9e561fbcdf030a028f11f08f6a2e9b6f97356a,B,hybrid_tdvp,11,ryy,0.1,4,7,3,8,1,1,1,,0.9993015904565075,0.9993015904565075,0.0006984095434925397,0.02642974706773353,0.9999999999999996,0.9999999999999987,0.0017504654004125986,0.00044704252056452555,0.157138227019459,8,"[1, 2, 4, 8, 8, 8, 8, 8, 8, 8, 4, 2, 1]",936,0.000217047536197613,0.000217047536197613,1e-12
a819fdb31a1056cdbd1d6947778f227a7089f9a53380238d7ebf0bb14e26295c,B,hybrid_tdvp,11,ryy,0.1,4,7,3,8,8,1,1,,0.9992908551163371,0.9992908551163371,0.0007091448836629155,0.026632135661187068,0.9999999999999996,1.0,0.0018409233215480464,0.0004624824962563402,0.15801683999598026,8,"[1, 2, 4, 8, 8, 8, 8, 8, 8, 8, 4, 2, 1]",936,2.733825625855879e-05,2.733825625855879e-05,1e-12
8169f2ef5244b1f3bec7aae5fe261c8932ada28cd9f931c604df9e98f28277f2,B,hybrid_tdvp,11,ryy,0.1,4,7,3,64,1,1,1,,1.0000000000000053,1.0000000000000053,0.0,1.601412605633266e-14,0.9999999999999996,1.0000000000000029,1.1546319456101628e-14,3.908881655946653e-15,0.04653804196277633,16,"[1, 2, 4, 8, 8, 16, 16, 16, 8, 8, 4, 2, 1]",1960,7.246846527274857e-32,7.246846527274857e-32,1e-12
a0db85d082df1b856f2cf49d0a4fadac7f4bb5a867e1fd141e82fc3279e1cd36,B,hybrid_tdvp,11,ryy,0.1,4,7,3,64,8,1,1,,0.9999999999914606,0.9999999999914606,8.539391416206854e-12,2.918777404196414e-06,0.9999999999999996,0.9999999999999901,1.4095138629877102e-07,2.7774942231666105e-08,0.07642785098869354,16,"[1, 2, 4, 8, 8, 16, 16, 16, 8, 8, 4, 2, 1]",1960,2.2926327000162027e-14,2.2926327000162027e-14,1e-12
a8faee6eaa111e2626a5c5ec8dcc70a66ce885bd3b6b047a1137e57a0105a14f,B,hybrid_tdvp,11,ryy,0.1,3,8,5,8,1,1,1,,0.9991013569252775,0.9991013569252775,0.0008986430747225382,0.029980744742758792,0.9999999999999996,1.0000000000000002,0.0032434740286100827,0.0005711613019114003,0.2330995990196243,8,"[1, 2, 4, 8, 8, 8, 8, 8, 8, 8, 4, 2, 1]",936,0.00020373367878574958,0.00020373367878574958,1e-12
c5716ea652216b804d6889a2c017c6642f6f3e64635d1a9e6053e865ef997503,B,hybrid_tdvp,11,ryy,0.1,3,8,5,8,8,1,1,,0.9990960514595045,0.9990960514595045,0.0009039485404954695,0.030069135564852488,0.9999999999999996,1.0000000000000004,0.0032130621426428863,0.0005705539690264808,0.27769569895463064,8,"[1, 2, 4, 8, 8, 8, 8, 8, 8, 8, 4, 2, 1]",936,2.5452511165023398e-05,2.5452511165023398e-05,1e-12
722bbe4b8614a85856035fa3cb9affcbbee8477bfa1e453afad26fbb883fdc2b,B,hybrid_tdvp,11,ryy,0.1,3,8,5,64,1,1,1,,1.000000000000008,1.000000000000008,0.0,2.0238335189878508e-14,0.9999999999999996,1.000000000000004,2.042810365310288e-14,6.0994388095624565e-15,0.07782042695907876,16,"[1, 2, 4, 8, 16, 16, 16, 16, 16, 8, 4, 2, 1]",2728,1.908997203961213e-31,1.908997203961213e-31,1e-12
b381d24db581ebf14a8226c61714f69959ff839ead72c0b2dbe99fca98640793,B,hybrid_tdvp,11,ryy,0.1,3,8,5,64,8,1,1,,0.9999999999111375,0.9999999999111375,8.886247293560245e-11,9.425318404320402e-06,0.9999999999999996,0.9999999999999878,1.0772893363486524e-07,1.4830971172610407e-08,0.15438346395967528,16,"[1, 2, 4, 8, 16, 16, 16, 16, 16, 8, 4, 2, 1]",2728,4.822545075184916e-14,4.822545075184916e-14,1e-12
c88ad58ab59fd55968d5628eb279b343838ec831e2ac9bbe23880928e02fa236,B,hybrid_tdvp,11,ryy,0.1,2,9,7,8,1,1,1,,0.9987550430476986,0.9987550430476986,0.0012449569523014237,0.03528944138323329,0.9999999999999996,1.0000000000000002,0.002858251502615719,0.0006618553988096867,0.05799337098142132,8,"[1, 2, 4, 8, 8, 8, 8, 8, 8, 8, 4, 2, 1]",936,0.0002477083731674697,0.0002477083731674697,1e-12
494ab352715ea2a25e2149f40734f96b1f89fcff215ed143eb08ba35308731a4,B,hybrid_tdvp,11,ryy,0.1,2,9,7,8,8,1,1,,0.9987433420314633,0.9987433420314633,0.0012566579685366897,0.03545494343678283,0.9999999999999996,0.9999999999999998,0.002804025864081336,0.0006606701968912847,0.248696769005619,8,"[1, 2, 4, 8, 8, 8, 8, 8, 8, 8, 4, 2, 1]",936,3.085521913402281e-05,3.085521913402281e-05,1e-12
6d9acf544f15d60022502b675109018cd20c717f3b4b6caf3f6bd6398c629394,B,hybrid_tdvp,11,ryy,0.1,2,9,7,64,1,1,1,,0.9999999999999987,0.9999999999999987,1.3322676295501878e-15,2.020412756726546e-14,0.9999999999999996,1.0,1.3988810110276972e-14,3.985447793267913e-15,0.07006469601765275,16,"[1, 2, 4, 8, 16, 16, 16, 16, 16, 8, 4, 2, 1]",2728,1.910224229720939e-31,1.910224229720939e-31,1e-12
e413336d6bffc3a4ca28f3a25df1820f957f6c40624712fc4277b5d944173804,B,hybrid_tdvp,11,ryy,0.1,2,9,7,64,8,1,1,,0.9999999999181166,0.9999999999181166,8.18833889582038e-11,9.048273232644837e-06,0.9999999999999996,0.9999999999999941,1.3137933152496117e-07,1.844189632021271e-08,0.19403848698129877,16,"[1, 2, 4, 8, 16, 16, 16, 16, 16, 8, 4, 2, 1]",2728,7.617447246939505e-14,7.617447246939505e-14,1e-12
816d4d712921652e333e54a6679fdcb5916ee56bb275b261d168c995e1662d4a,B,hybrid_tdvp,11,rzz,0.1,4,7,3,8,1,1,1,,0.9994170215474929,0.9994170215474929,0.0005829784525070991,0.024146706675065188,0.9999999999999996,1.0000000000000004,0.0010993519782719618,0.00026796300111102004,0.03591636603232473,8,"[1, 2, 4, 8, 8, 8, 8, 8, 8, 8, 4, 2, 1]",936,0.00021504141263881395,0.00021504141263881395,1e-12
39ed88656ad94e8c2c9b8491818117e2a8cbd7f894d4544560fd4db81210dd41,B,hybrid_tdvp,11,rzz,0.1,4,7,3,8,8,1,1,,0.9994043038808654,0.9994043038808654,0.00059569611913457,0.024408704575098823,0.9999999999999996,1.0000000000000007,0.0011193757245071718,0.00028232811379132883,0.22726446599699557,8,"[1, 2, 4, 8, 8, 8, 8, 8, 8, 8, 4, 2, 1]",936,2.7338405326567213e-05,2.7338405326567213e-05,1e-12
97d80fe97c860784e60f7ba6c1789bad442d269e578adcae5168bc4176649797,B,hybrid_tdvp,11,rzz,0.1,4,7,3,64,1,1,1,,1.0000000000000018,1.0000000000000018,0.0,1.4953242606480213e-14,0.9999999999999996,1.0000000000000013,9.325873406851315e-15,3.1858685256579022e-15,0.05449466302525252,16,"[1, 2, 4, 8, 8, 16, 16, 16, 8, 8, 4, 2, 1]",1960,6.686848665577194e-32,6.686848665577194e-32,1e-12
90a33f024aac1e061b1672ca9aecc47839854c689d5b0c0debb74258e8261f98,B,hybrid_tdvp,11,rzz,0.1,4,7,3,64,8,1,1,,1.0000000000000036,1.0000000000000036,0.0,6.640515928246152e-14,0.9999999999999996,1.000000000000002,5.473399511402022e-14,1.103753419162345e-14,0.06530107697471976,16,"[1, 2, 4, 8, 8, 16, 16, 16, 8, 8, 4, 2, 1]",1960,9.757095154200556e-31,9.757095154200556e-31,1e-12
8be89957e0e89799b318a8d25be856dc4e6157cfd3f82d2fde17c0342c038e92,B,hybrid_tdvp,11,rzz,0.1,3,8,5,8,1,1,1,,0.9991654189691306,0.9991654189691306,0.000834581030869419,0.028892131021151037,0.9999999999999996,0.999999999999999,0.0032218452528043895,0.0006368240635646391,0.042544871976133436,8,"[1, 2, 4, 8, 8, 8, 8, 8, 8, 8, 4, 2, 1]",936,0.0001768741625207094,0.0001768741625207094,1e-12
87e51be7fe35b5ecaced6f0af824b4f904a23871b603c2fb1b0a20f56efb81d1,B,hybrid_tdvp,11,rzz,0.1,3,8,5,8,8,1,1,,0.9991627663890845,0.9991627663890845,0.0008372336109154777,0.02893801866647349,0.9999999999999996,0.9999999999999997,0.0031519838187564486,0.0006320636929083107,0.20546980801736936,8,"[1, 2, 4, 8, 8, 8, 8, 8, 8, 8, 4, 2, 1]",936,2.2057706572754596e-05,2.2057706572754596e-05,1e-12
a93f03e8da9887783a99aba5430d7dd012c4107d92b5ada751d21425212972f8,B,hybrid_tdvp,11,rzz,0.1,3,8,5,64,1,1,1,,0.9999999999999885,0.9999999999999885,1.1546319456101628e-14,1.882966063986376e-14,0.9999999999999996,0.9999999999999951,2.2870594307278225e-14,6.4308823685151355e-15,0.045408221951220185,16,"[1, 2, 4, 8, 16, 16, 16, 16, 16, 8, 4, 2, 1]",2728,1.8601731746421397e-31,1.8601731746421397e-31,1e-12
229c4e6c83100cbc0152f705259b93480e1a988850f689683634823cd5a9bdaa,B,hybrid_tdvp,11,rzz,0.1,3,8,5,64,8,1,1,,0.9999999998611129,0.9999999998611129,1.3888712402376768e-10,1.1783924292356118e-05,0.9999999999999996,0.9999999999999868,3.7530885600711716e-08,7.987831761934299e-09,0.10151652299100533,16,"[1, 2, 4, 8, 16, 16, 16, 16, 16, 8, 4, 2, 1]",2728,3.749199026802059e-14,3.749199026802059e-14,1e-12
d5584f82748aae56741d0b9022490abc3f219daa9b7fcf28302e991544b83cff,B,hybrid_tdvp,11,rzz,0.1,2,9,7,8,1,1,1,,0.9984534641154871,0.9984534641154871,0.001546535884512923,0.039333627987263926,0.9999999999999996,0.9999999999999998,0.0024463192055182437,0.0005553841616240188,0.06405947299208492,8,"[1, 2, 4, 8, 8, 8, 8, 8, 8, 8, 4, 2, 1]",936,0.00024620009340164104,0.00024620009340164104,1e-12
a32296b21cb6eb38ef6c139e00345962b4f10b2aa813725f33bcd18626b9fbca,B,hybrid_tdvp,11,rzz,0.1,2,9,7,8,8,1,1,,0.9984407930424544,0.9984407930424544,0.0015592069575456335,0.03949449598893421,0.9999999999999996,0.9999999999999992,0.0024348376675840666,0.0005575678834188312,0.6462893330026418,8,"[1, 2, 4, 8, 8, 8, 8, 8, 8, 8, 4, 2, 1]",936,3.0997088915425344e-05,3.0997088915425344e-05,1e-12
2af4c979a408e1290ea83fd033cb7e36f67b6aac035ca21d1485c993218edc4a,B,hybrid_tdvp,11,rzz,0.1,2,9,7,64,1,1,1,,0.9999999999999991,0.9999999999999991,8.881784197001252e-16,1.6191050433204115e-13,0.9999999999999996,0.9999999999999999,6.455946888195285e-14,1.6439681322719684e-14,0.1136631440022029,16,"[1, 2, 4, 8, 16, 16, 16, 16, 16, 8, 4, 2, 1]",2728,1.8625287607597032e-31,1.8625287607597032e-31,1e-12
60b9496837fbfff03f378d86f61087a6ad2eeb423cf5f2c95aa05eb535a52527,B,hybrid_tdvp,11,rzz,0.1,2,9,7,64,8,1,1,,0.9999999999854889,0.9999999999854889,1.4511059021060646e-11,3.812532526122322e-06,0.9999999999999996,1.0000000000000122,8.682545133906205e-08,1.122043482887968e-08,0.21915976097807288,16,"[1, 2, 4, 8, 16, 16, 16, 16, 16, 8, 4, 2, 1]",2728,7.668122116862414e-15,7.668122116862414e-15,1e-12
9888c7a8c6beb0fc3645056ae437bb5f181baa004783498129b3aca7f7f41f23,B,mpo_zipup,11,rxx,0.1,4,7,3,8,,1,1,,0.9607346516507406,0.9607346516507406,0.03926534834925943,0.14081645583144517,0.9999999999999996,0.9900357194399937,0.03775296509646031,0.009670871608383869,0.0027349520241841674,8,"[1, 2, 4, 8, 8, 8, 8, 8, 8, 8, 4, 2, 1]",936,0.01992546974858927,0.01992546974858927,1e-12
d9725a6f63fe0f0a944edbe16e70e03a5ed03d6c8b3cce807cfd7e7aadfae882,B,mpo_zipup,11,rxx,0.1,4,7,3,64,,1,1,,0.9999999999999947,0.9999999999999947,5.329070518200751e-15,5.578959425433775e-15,0.9999999999999996,0.9999999999999982,6.661338147750939e-15,2.047356645171934e-15,0.0032957649673335254,16,"[1, 2, 4, 8, 8, 16, 16, 16, 8, 8, 4, 2, 1]",1960,4.012896630806123e-32,4.012896630806123e-32,1e-12
c9f4a6bf92b01760e6e7f475f9752b511f94bf83189ebf201b74984813340230,B,mpo_zipup,11,rxx,0.1,3,8,5,8,,1,1,,0.9298683060557651,0.9298683060557651,0.07013169394423491,0.1889529212460876,0.9999999999999996,0.9819861473323177,0.06744644704936542,0.01746680134602788,0.00462821003748104,8,"[1, 2, 4, 8, 8, 8, 8, 8, 8, 8, 4, 2, 1]",936,0.03614586473246873,0.03614586473246873,1e-12
0f7a0b6348f3b487cdab0cb67976f998ba1c6e603bbfb50ab6f24f6c26eb5f1b,B,mpo_zipup,11,rxx,0.1,3,8,5,64,,1,1,,1.0000000000000004,1.0000000000000004,0.0,5.147497454737682e-15,0.9999999999999996,1.0000000000000007,5.329070518200751e-15,1.4024410959216885e-15,0.0030743720126338303,16,"[1, 2, 4, 8, 16, 16, 16, 16, 16, 8, 4, 2, 1]",2728,1.1331195091258492e-31,1.1331195091258492e-31,1e-12
9f0c048f483c8f1e9769e4c9a9ce769a14b7ededa63360553ecdedaf946a9d3d,B,mpo_zipup,11,rxx,0.1,2,9,7,8,,1,1,,0.8951305801939591,0.8951305801939591,0.10486941980604092,0.23213485804353276,0.9999999999999996,0.9726836112946023,0.09984166032976072,0.025205991695288116,0.0025456449948251247,8,"[1, 2, 4, 8, 8, 8, 8, 8, 8, 8, 4, 2, 1]",936,0.05503412475072148,0.05503412475072148,1e-12
3c3dfc0b742c2347361fe054f8aab15e523b17cc3a29d42713f80a7b13d223ba,B,mpo_zipup,11,rxx,0.1,2,9,7,64,,1,1,,0.9999999999999978,0.9999999999999978,2.220446049250313e-15,3.796983638669844e-15,0.9999999999999996,0.999999999999999,3.9968028886505635e-15,9.343710483714152e-16,0.0032910589943639934,16,"[1, 2, 4, 8, 16, 16, 16, 16, 16, 8, 4, 2, 1]",2728,1.2154217813561222e-31,1.2154217813561222e-31,1e-12
ef5f9f07ce44b6c779426c6351986345901bbf100923d7fbc127f28b909d0853,B,mpo_zipup,11,ryy,0.1,4,7,3,8,,1,1,,0.9686177684260339,0.9686177684260339,0.031382231573966135,0.12576244172121953,0.9999999999999996,0.9920603853860499,0.030157484187081085,0.008456696628339403,0.00519626698223874,8,"[1, 2, 4, 8, 8, 8, 8, 8, 8, 8, 4, 2, 1]",936,0.015879973287776808,0.015879973287776808,1e-12
9f6cdaa02adaecdb7f12339d1657e5532a43e431f837173e67549c21f8033687,B,mpo_zipup,11,ryy,0.1,4,7,3,64,,1,1,,0.9999999999999958,0.9999999999999958,4.218847493575595e-15,5.3206213747820375e-15,0.9999999999999996,0.9999999999999983,5.551115123125783e-15,1.8199879378244776e-15,0.003124150971416384,16,"[1, 2, 4, 8, 8, 16, 16, 16, 8, 8, 4, 2, 1]",1960,3.980360827110467e-32,3.980360827110467e-32,1e-12
065ce4c5be6d39e8868f81446945571540c94bc6e1429bc1ab8fc42eccab2c63,B,mpo_zipup,11,ryy,0.1,3,8,5,8,,1,1,,0.923984949923907,0.923984949923907,0.076015050076093,0.19687214422245738,0.9999999999999996,0.9804291707355779,0.07319293522649817,0.019191802693679507,0.0043572629801929,8,"[1, 2, 4, 8, 8, 8, 8, 8, 8, 8, 4, 2, 1]",936,0.039295675388675316,0.039295675388675316,1e-12
459fcd6daf6f04db747e94b2ba9b8b15714659fb61c362eb92c02cad832ea003,B,mpo_zipup,11,ryy,0.1,3,8,5,64,,1,1,,0.9999999999999996,0.9999999999999996,4.440892098500626e-16,5.622416120279189e-15,0.9999999999999996,1.0000000000000004,3.552713678800501e-15,1.00443758473198e-15,0.0035288279759697616,16,"[1, 2, 4, 8, 16, 16, 16, 16, 16, 8, 4, 2, 1]",2728,1.2577722276064636e-31,1.2577722276064636e-31,1e-12
0c00cf8c942d28146ae3585e8cdd4ebb101f575d35f51f7f4bf0ca879e2d4c03,B,mpo_zipup,11,ryy,0.1,2,9,7,8,,1,1,,0.9051034525653177,0.9051034525653177,0.09489654743468234,0.22052380499758137,0.9999999999999996,0.9753815927263499,0.09016018204190268,0.022470897441705218,0.002991829998791218,8,"[1, 2, 4, 8, 8, 8, 8, 8, 8, 8, 4, 2, 1]",936,0.04957482314218159,0.04957482314218159,1e-12
7ab5075cc166c2a9a58f39f410819eae91ed54ca8bdfb5e4b5f00f740584534d,B,mpo_zipup,11,ryy,0.1,2,9,7,64,,1,1,,0.9999999999999964,0.9999999999999964,3.552713678800501e-15,3.3064793958329856e-15,0.9999999999999996,0.9999999999999986,3.774758283725532e-15,1.058957492381392e-15,0.003212499024812132,16,"[1, 2, 4, 8, 16, 16, 16, 16, 16, 8, 4, 2, 1]",2728,1.3299141973426816e-31,1.3299141973426816e-31,1e-12
b20ccdde92565c197c6cc60691a4b65cadfb8ef60d5d8b93a8583bf4f4678c45,B,mpo_zipup,11,rzz,0.1,4,7,3,8,,1,1,,0.9630805610247491,0.9630805610247491,0.03691943897525085,0.1365039185915166,0.9999999999999996,0.9906395309138242,0.03557039518661598,0.009306469963354942,0.007060791016556323,8,"[1, 2, 4, 8, 8, 8, 8, 8, 8, 8, 4, 2, 1]",936,0.018716758045170128,0.018716758045170128,1e-12
70487f0e2f2c629913e405b077ee0c4b2544448f57648b79576a24ffca60dc64,B,mpo_zipup,11,rzz,0.1,4,7,3,64,,1,1,,0.9999999999999989,0.9999999999999989,1.1102230246251565e-15,3.1714134090129096e-15,0.9999999999999996,0.9999999999999999,1.7763568394002505e-15,5.025111097098109e-16,0.012808654981199652,16,"[1, 2, 4, 8, 8, 16, 16, 16, 8, 8, 4, 2, 1]",1960,3.401940285782484e-32,3.401940285782484e-32,1e-12
74d52fcc7f2456b7db304d3e4ef0e4b43a40863ede0773766b11c1f60ad45804,B,mpo_zipup,11,rzz,0.1,3,8,5,8,,1,1,,0.9236882172844525,0.9236882172844525,0.0763117827155475,0.19726378843824985,0.9999999999999996,0.9803504464072982,0.07350008171159206,0.018480733652061425,0.002850865013897419,8,"[1, 2, 4, 8, 8, 8, 8, 8, 8, 8, 4, 2, 1]",936,0.03943735486343976,0.03943735486343976,1e-12
506e15a1019d5cf422cc02f33d4961774d1444c0a369b7edb9022759606246be,B,mpo_zipup,11,rzz,0.1,3,8,5,64,,1,1,,1.0000000000000044,1.0000000000000044,0.0,7.218486358107899e-15,0.9999999999999996,1.0000000000000029,1.176836406102666e-14,3.258927390007903e-15,0.011792091012466699,16,"[1, 2, 4, 8, 16, 16, 16, 16, 16, 8, 4, 2, 1]",2728,1.4662675985553077e-31,1.4662675985553077e-31,1e-12
796e5409eeb86951a9426bf0b3d2c2f66b16e88dd701308be0209c5dae3fb62f,B,mpo_zipup,11,rzz,0.1,2,9,7,8,,1,1,,0.8948679673619377,0.8948679673619377,0.10513203263806226,0.23243361970696078,0.9999999999999996,0.9726122621219216,0.1002375337129362,0.02544494465580058,0.0028874879935756326,8,"[1, 2, 4, 8, 8, 8, 8, 8, 8, 8, 4, 2, 1]",936,0.055182998904215935,0.055182998904215935,1e-12
30900f3bb55c991743a9b40365047c3be47927cf0b126ae4d402eebe096cb749,B,mpo_zipup,11,rzz,0.1,2,9,7,64,,1,1,,0.9999999999999991,0.9999999999999991,8.881784197001252e-16,8.180708317339718e-15,0.9999999999999996,1.0,4.073130721593543e-15,1.3772167749927461e-15,0.003960757981985807,16,"[1, 2, 4, 8, 16, 16, 16, 16, 16, 8, 4, 2, 1]",2728,1.1820819572024469e-31,1.1820819572024469e-31,1e-12
17b43bdbc93d125fa81aa837093298d3add206cd3b3bf26e2fba605315c86262,B,tebd_swap,11,rxx,0.1,4,7,3,8,,1,1,,0.6463826760732164,0.6463826760732164,0.3536173239267836,0.4092386942110739,0.9999999999999996,0.8805877926903523,0.42902381897753106,0.12812859511508007,0.001205490028951317,8,"[1, 2, 4, 8, 8, 8, 8, 8, 8, 8, 4, 2, 1]",936,0.20665379549924956,0.20665379549924956,1e-12
a73633deb19bae5063b948a9710917c062d75a5061aa38b725b5f501065b3d7a,B,tebd_swap,11,rxx,0.1,4,7,3,64,,1,1,,0.9999999999999962,0.9999999999999962,3.774758283725532e-15,2.7135419387639953e-15,0.9999999999999996,0.9999999999999986,5.995204332975845e-15,1.3573553619014418e-15,0.0013693190412595868,16,"[1, 2, 4, 8, 8, 16, 16, 16, 8, 8, 4, 2, 1]",1960,1.4991453618132783e-31,1.4991453618132783e-31,1e-12
13253168da2fb74ff5648c4d0e88cd67cfeaab667ee32296ba35ba64fd10b172,B,tebd_swap,11,rxx,0.1,3,8,5,8,,1,1,,0.5535474643487622,0.5535474643487622,0.44645253565123777,0.4712291150799995,0.9999999999999996,0.8426578711969721,0.5549915834082009,0.15799433353690606,0.0030899459961801767,8,"[1, 2, 4, 8, 8, 8, 8, 8, 8, 8, 4, 2, 1]",936,0.3813372703286771,0.3813372703286771,1e-12
1bb440b3a89ac191c012a1ddee67b443e389edc4180556d10feee29adb302e87,B,tebd_swap,11,rxx,0.1,3,8,5,64,,1,1,,1.0000000000000013,1.0000000000000013,0.0,3.1008438847253196e-15,0.9999999999999996,1.0000000000000013,5.329070518200751e-15,1.7310847168744e-15,0.0029125759610906243,16,"[1, 2, 4, 8, 16, 16, 16, 16, 16, 8, 4, 2, 1]",2728,9.005150018881584e-31,9.005150018881584e-31,1e-12
2e607bc6d9578f699af38b5239be733e3a6c386b44e581c220eecaf34d7e0bab,B,tebd_swap,11,rxx,0.1,2,9,7,8,,1,1,,0.44666376550221215,0.44666376550221215,0.5533362344977879,0.550821671983404,0.9999999999999996,0.8000391764131491,0.6893847197767373,0.19414066278773087,0.005321769043803215,8,"[1, 2, 4, 8, 8, 8, 8, 8, 8, 8, 4, 2, 1]",936,0.5284270673168588,0.5284270673168588,1e-12
d0a9b54587e84d9a91cab5576652cff7ffcdd1a71174ecd4696c74e6455f1a97,B,tebd_swap,11,rxx,0.1,2,9,7,64,,1,1,,1.0000000000000018,1.0000000000000018,0.0,3.51480422472165e-15,0.9999999999999996,1.0000000000000009,6.217248937900877e-15,1.7149212579700608e-15,0.004340142011642456,16,"[1, 2, 4, 8, 16, 16, 16, 16, 16, 8, 4, 2, 1]",2728,9.412963206916211e-31,9.412963206916211e-31,1e-12
411ee3b85e24a3395a96ce4b56dc70af449bfc3eac976014b018368a20fbff0d,B,tebd_swap,11,ryy,0.1,4,7,3,8,,1,1,,0.6469152917928661,0.6469152917928661,0.3530847082071339,0.4097749722838532,0.9999999999999996,0.8812130376544329,0.4267899350783453,0.12775416702709277,0.0012545629870146513,8,"[1, 2, 4, 8, 8, 8, 8, 8, 8, 8, 4, 2, 1]",936,0.20657481767954966,0.20657481767954966,1e-12
faeb326661bae796b4ed847df3105246ef2cd8102faa82a6af464036f3b73218,B,tebd_swap,11,ryy,0.1,4,7,3,64,,1,1,,0.9999999999999942,0.9999999999999942,5.773159728050814e-15,3.1211297378629225e-15,0.9999999999999996,0.9999999999999978,6.8833827526759706e-15,1.9266949115446004e-15,0.0014953560312278569,16,"[1, 2, 4, 8, 8, 16, 16, 16, 8, 8, 4, 2, 1]",1960,1.919833486765946e-31,1.919833486765946e-31,1e-12
75b3ea2488b4966509a5fb586e7391976f191b48683cdd025ec87d251176863a,B,tebd_swap,11,ryy,0.1,3,8,5,8,,1,1,,0.5549961404277207,0.5549961404277207,0.4450038595722793,0.46873066653632284,0.9999999999999996,0.8424189572695415,0.5558394753744382,0.15809704444421124,0.00223685399396345,8,"[1, 2, 4, 8, 8, 8, 8, 8, 8, 8, 4, 2, 1]",936,0.38072464070359746,0.38072464070359746,1e-12
bbdf372c867c13e010c645165e17a7a6b1a292be3edfbcb88b7ca4ab0d485247,B,tebd_swap,11,ryy,0.1,3,8,5,64,,1,1,,1.0000000000000027,1.0000000000000027,0.0,3.771247066746498e-15,0.9999999999999996,1.000000000000002,1.2434497875801753e-14,2.859710946120724e-15,0.0027901569847017527,16,"[1, 2, 4, 8, 16, 16, 16, 16, 16, 8, 4, 2, 1]",2728,9.24492550730375e-31,9.24492550730375e-31,1e-12
4c5f0bbb3493a87bd1913ed8faed5af848465550daec4094116cb86c0f538bef,B,tebd_swap,11,ryy,0.1,2,9,7,8,,1,1,,0.44895708528173767,0.44895708528173767,0.5510429147182623,0.5495359984453384,0.9999999999999996,0.8012958335045872,0.6854306915705792,0.19276639977732674,0.003174087032675743,8,"[1, 2, 4, 8, 8, 8, 8, 8, 8, 8, 4, 2, 1]",936,0.5283712916011009,0.5283712916011009,1e-12
5a3b4d21e03284642a78d64e04bc7cc190bd9dc4c86bf2cd400c7c1da870ed9a,B,tebd_swap,11,ryy,0.1,2,9,7,64,,1,1,,1.0000000000000036,1.0000000000000036,0.0,4.173479967959998e-15,0.9999999999999996,1.0000000000000022,9.769962616701378e-15,2.822675223459971e-15,0.003203983011189848,16,"[1, 2, 4, 8, 16, 16, 16, 16, 16, 8, 4, 2, 1]",2728,1.204921849170756e-30,1.204921849170756e-30,1e-12
13149f9a4a370e512959eeab48e5273abef0a254dc05dafe817edd7321ea1558,B,tebd_swap,11,rzz,0.1,4,7,3,8,,1,1,,0.6472540486291865,0.6472540486291865,0.35274595137081355,0.41016818872482697,0.9999999999999996,0.8816348192208033,0.42542292817922345,0.12744858426871192,0.00334577402099967,8,"[1, 2, 4, 8, 8, 8, 8, 8, 8, 8, 4, 2, 1]",936,0.20654179421409002,0.20654179421409002,1e-12
a08686d3bef5aabb860f331718285acd5911526a7b2a0a3a398d338f68591a30,B,tebd_swap,11,rzz,0.1,4,7,3,64,,1,1,,1.0000000000000009,1.0000000000000009,0.0,2.519927065171303e-15,0.9999999999999996,1.0000000000000007,3.9968028886505635e-15,1.1068503812512152e-15,0.00282696500653401,16,"[1, 2, 4, 8, 8, 16, 16, 16, 8, 8, 4, 2, 1]",1960,1.8366344128712787e-31,1.8366344128712787e-31,1e-12
3ddd2e30ca0ee77e662407872f3202707d310946e4d25a058120c531835ce6e3,B,tebd_swap,11,rzz,0.1,3,8,5,8,,1,1,,0.5554106794756516,0.5554106794756516,0.4445893205243484,0.467925481841477,0.9999999999999996,0.8423015239361064,0.5561291605153686,0.15840382022770733,0.0020781930070370436,8,"[1, 2, 4, 8, 8, 8, 8, 8, 8, 8, 4, 2, 1]",936,0.3803722213640509,0.3803722213640509,1e-12
189ee89de7ff3384b8d66c600104ceb12b75d4f37b9b87216a3ba2ade29d6477,B,tebd_swap,11,rzz,0.1,3,8,5,64,,1,1,,0.9999999999999991,0.9999999999999991,8.881784197001252e-16,2.8896991458815952e-15,0.9999999999999996,1.0,2.4424906541753444e-15,7.861226054859402e-16,0.0059707650216296315,16,"[1, 2, 4, 8, 16, 16, 16, 16, 16, 8, 4, 2, 1]",2728,7.424125980806941e-31,7.424125980806941e-31,1e-12
bc2cbc62fb7fa61068bfbef63c273a401a24afcc48449a94d91caa16b2ebe8a4,B,tebd_swap,11,rzz,0.1,2,9,7,8,,1,1,,0.44814158706168505,0.44814158706168505,0.551858412938315,0.5497375173006076,0.9999999999999996,0.8006740284316335,0.6873624676308305,0.1934653993350074,0.006024885049555451,8,"[1, 2, 4, 8, 8, 8, 8, 8, 8, 8, 4, 2, 1]",936,0.5278949900262279,0.5278949900262279,1e-12
861bcb7bf6b058820eb8cc2848f2b3072e39ec67af321cc5a6df7422038a11db,B,tebd_swap,11,rzz,0.1,2,9,7,64,,1,1,,0.999999999999998,0.999999999999998,1.9984014443252818e-15,3.2531000979551715e-15,0.9999999999999996,0.9999999999999986,2.55351295663786e-15,6.191227773604525e-16,0.0033661850029602647,16,"[1, 2, 4, 8, 16, 16, 16, 16, 16, 8, 4, 2, 1]",2728,9.090679172905534e-31,9.090679172905534e-31,1e-12
1a61925a97207daa4125ccf50bb8976087932537094566849671bea6d1cc9002,C,exact,11,rzz,0.05,2,9,7,,,1,1,commuting,0.999999999999998,0.999999999999998,1.9984014443252818e-15,0.0,0.9999999999999996,0.9999999999999994,0.0,0.0,0.0,8,"[1, 2, 4, 8, 8, 8, 8, 8, 8, 8, 4, 2, 1]",936,0.0,0.0,1e-12
534e74447e12592fc20290e6e715bd0d069ed9a37e1c02d9fbf640ce015638f1,C,exact,11,rxx,0.05,2,9,7,,,1,1,mixed,0.999999999999998,0.999999999999998,1.9984014443252818e-15,0.0,0.9999999999999996,0.9999999999999997,0.0,0.0,0.0,8,"[1, 2, 4, 8, 8, 8, 8, 8, 8, 8, 4, 2, 1]",936,0.0,0.0,1e-12
bc45a36080dc99e2aa1b025ece3c3805c98c4f8b4384549696c70d8dbf479f7d,C,exact,11,rzz,0.05,2,8,6,,,2,2,commuting,0.9999999999999978,0.9999999999999978,2.220446049250313e-15,0.0,0.9999999999999996,0.9999999999999993,0.0,0.0,0.0,8,"[1, 2, 4, 8, 8, 8, 8, 8, 8, 8, 4, 2, 1]",936,0.0,0.0,1e-12
f65225f9237ceb6b74527db47385164e8874476031ffd0417a883d1a5378a81e,C,exact,11,rzz,0.05,2,8,6,,,2,2,mixed,0.9999999999999987,0.9999999999999987,1.3322676295501878e-15,0.0,0.9999999999999996,0.9999999999999993,0.0,0.0,0.0,8,"[1, 2, 4, 8, 8, 8, 8, 8, 8, 8, 4, 2, 1]",936,0.0,0.0,1e-12
6a922b8728fa3a5e588cadedfa481791c3ab58822c2408d4fda018aedceb4c27,C,exact,11,rzz,0.05,3,9,6,,,3,3,commuting,0.9999999999999982,0.9999999999999982,1.7763568394002505e-15,0.0,0.9999999999999996,0.9999999999999992,0.0,0.0,0.0,8,"[1, 2, 4, 8, 8, 8, 8, 8, 8, 8, 4, 2, 1]",936,0.0,0.0,1e-12
a47499f9623e7a3c5284f611143a5bf653a86aa32cc718a0bbb75ebb00db3875,C,exact,11,ryy,0.05,3,9,6,,,3,3,mixed,0.9999999999999982,0.9999999999999982,1.7763568394002505e-15,0.0,0.9999999999999996,0.9999999999999994,0.0,0.0,0.0,8,"[1, 2, 4, 8, 8, 8, 8, 8, 8, 8, 4, 2, 1]",936,0.0,0.0,1e-12
b37b65948913f3d8cf067b9c72b93ebb5578638a96070b4db769a1402cbd0d80,C,exact,11,rzz,0.05,2,9,7,,,4,4,commuting,0.9999999999999982,0.9999999999999982,1.7763568394002505e-15,0.0,0.9999999999999996,0.9999999999999993,0.0,0.0,0.0,8,"[1, 2, 4, 8, 8, 8, 8, 8, 8, 8, 4, 2, 1]",936,0.0,0.0,1e-12
63755e8aa6fc30db216234491bd67ab9dacb4c5f1e9a35fb4d2d1f9af14e5bfe,C,exact,11,rxx,0.05,2,9,7,,,4,4,mixed,0.9999999999999982,0.9999999999999982,1.7763568394002505e-15,0.0,0.9999999999999996,0.9999999999999996,0.0,0.0,0.0,8,"[1, 2, 4, 8, 8, 8, 8, 8, 8, 8, 4, 2, 1]",936,0.0,0.0,1e-12
a53cb2beb9fa7c2e1535338f124b1be8457df736436954548f8efe85bca43acc,C,exact,11,rzz,0.05,2,8,6,,,5,5,commuting,0.9999999999999982,0.9999999999999982,1.7763568394002505e-15,0.0,0.9999999999999996,0.9999999999999997,0.0,0.0,0.0,8,"[1, 2, 4, 8, 8, 8, 8, 8, 8, 8, 4, 2, 1]",936,0.0,0.0,1e-12
7a3574167cdfad2c15894d08696b6f22fed298becb3905ba0338099a529b2120,C,exact,11,rzz,0.05,2,8,6,,,5,5,mixed,0.9999999999999987,0.9999999999999987,1.3322676295501878e-15,0.0,0.9999999999999996,0.9999999999999996,0.0,0.0,0.0,8,"[1, 2, 4, 8, 8, 8, 8, 8, 8, 8, 4, 2, 1]",936,0.0,0.0,1e-12
26e132ec975930cbab1e02186b48a89af9075faf057e9c4e479136a2b5d455e5,C,exact,11,rzz,0.05,3,9,6,,,6,6,commuting,0.9999999999999989,0.9999999999999989,1.1102230246251565e-15,0.0,0.9999999999999996,0.9999999999999993,0.0,0.0,0.0,8,"[1, 2, 4, 8, 8, 8, 8, 8, 8, 8, 4, 2, 1]",936,0.0,0.0,1e-12
6a0ddf0e401488503c1260111042265d324e79c986f25472295800194d8e3c0d,C,exact,11,ryy,0.05,3,9,6,,,6,6,mixed,0.9999999999999993,0.9999999999999993,6.661338147750939e-16,0.0,0.9999999999999996,0.9999999999999996,0.0,0.0,0.0,8,"[1, 2, 4, 8, 8, 8, 8, 8, 8, 8, 4, 2, 1]",936,0.0,0.0,1e-12
8c31c19c8bdffacd20def1202db24057613bc90bc56912fc1c7070165b16ec8c,C,exact,11,rzz,0.05,2,9,7,,,7,7,commuting,0.9999999999999991,0.9999999999999991,8.881784197001252e-16,0.0,0.9999999999999996,0.9999999999999996,0.0,0.0,0.0,8,"[1, 2, 4, 8, 8, 8, 8, 8, 8, 8, 4, 2, 1]",936,0.0,0.0,1e-12
f853bc610fa50986d70bc7935239dbe25c0e96fa3fa99b8ff4ec3d521561a4c0,C,exact,11,rxx,0.05,2,9,7,,,7,7,mixed,0.9999999999999991,0.9999999999999991,8.881784197001252e-16,0.0,0.9999999999999996,1.0,0.0,0.0,0.0,8,"[1, 2, 4, 8, 8, 8, 8, 8, 8, 8, 4, 2, 1]",936,0.0,0.0,1e-12
f690fea9fa3df89d4dd632fde473bf14e0547cff0be609d1989c0c44393eaded,C,exact,11,rzz,0.05,2,8,6,,,8,8,commuting,0.9999999999999987,0.9999999999999987,1.3322676295501878e-15,0.0,0.9999999999999996,0.9999999999999996,0.0,0.0,0.0,8,"[1, 2, 4, 8, 8, 8, 8, 8, 8, 8, 4, 2, 1]",936,0.0,0.0,1e-12
d84fe2b1dd08796a5a9def7ebb0c8fd67052de93f6b065a2f33d6da278dcff08,C,exact,11,rzz,0.05,2,8,6,,,8,8,mixed,0.9999999999999984,0.9999999999999984,1.5543122344752192e-15,0.0,0.9999999999999996,0.9999999999999996,0.0,0.0,0.0,8,"[1, 2, 4, 8, 8, 8, 8, 8, 8, 8, 4, 2, 1]",936,0.0,0.0,1e-12
ae4dc6486977bc7369f80fe0d54bca14b3365e4644c29613eb286babb7f8ff79,C,exact,11,rzz,0.05,3,9,6,,,9,9,commuting,0.9999999999999996,0.9999999999999996,4.440892098500626e-16,0.0,0.9999999999999996,0.9999999999999999,0.0,0.0,0.0,8,"[1, 2, 4, 8, 8, 8, 8, 8, 8, 8, 4, 2, 1]",936,0.0,0.0,1e-12
34c5fa06ccbc866805a17a5c68e71e406805ecde6fdb42e3979e8c24877bb77a,C,exact,11,ryy,0.05,3,9,6,,,9,9,mixed,1.0,1.0,0.0,0.0,0.9999999999999996,0.9999999999999996,0.0,0.0,0.0,8,"[1, 2, 4, 8, 8, 8, 8, 8, 8, 8, 4, 2, 1]",936,0.0,0.0,1e-12
bc40f2d9e2c1dc6ab750b2932e51d1f56e7b9d5f347ce99251825b93f7d0a949,C,exact,11,rzz,0.05,2,9,7,,,10,10,commuting,0.9999999999999996,0.9999999999999996,4.440892098500626e-16,0.0,0.9999999999999996,0.9999999999999999,0.0,0.0,0.0,8,"[1, 2, 4, 8, 8, 8, 8, 8, 8, 8, 4, 2, 1]",936,0.0,0.0,1e-12
10f13466d581a3666d1d015f87e56bbdbaa7e5445e0de7ae0bf9a82022ad0f62,C,exact,11,rxx,0.05,2,9,7,,,10,10,mixed,0.9999999999999991,0.9999999999999991,8.881784197001252e-16,0.0,0.9999999999999996,0.9999999999999997,0.0,0.0,0.0,8,"[1, 2, 4, 8, 8, 8, 8, 8, 8, 8, 4, 2, 1]",936,0.0,0.0,1e-12
32bb62d15cd99f86949b4dd0aa7aac3d9685c62faf90be685bf3bd08febf4e25,C,exact,11,rzz,0.05,2,8,6,,,11,11,commuting,1.0,1.0,0.0,0.0,0.9999999999999996,0.9999999999999999,0.0,0.0,0.0,8,"[1, 2, 4, 8, 8, 8, 8, 8, 8, 8, 4, 2, 1]",936,0.0,0.0,1e-12
291bcb5bebae13173f0b1ad401b334146b3034f97b6eb09a6fb342ed857e9e85,C,exact,11,rzz,0.05,2,8,6,,,11,11,mixed,0.9999999999999996,0.9999999999999996,4.440892098500626e-16,0.0,0.9999999999999996,0.9999999999999999,0.0,0.0,0.0,8,"[1, 2, 4, 8, 8, 8, 8, 8, 8, 8, 4, 2, 1]",936,0.0,0.0,1e-12
b80df00b2618027f57949c87ae5520ca6760fb74f571be842facec3f914be98e,C,exact,11,rzz,0.05,3,9,6,,,12,12,commuting,1.0,1.0,0.0,0.0,0.9999999999999996,1.0,0.0,0.0,0.0,8,"[1, 2, 4, 8, 8, 8, 8, 8, 8, 8, 4, 2, 1]",936,0.0,0.0,1e-12
004cd4e1dfa08a442e5d0f60755328dc60bd96db603e5cd07e614dfffab889ac,C,exact,11,ryy,0.05,3,9,6,,,12,12,mixed,0.9999999999999996,0.9999999999999996,4.440892098500626e-16,0.0,0.9999999999999996,1.0,0.0,0.0,0.0,8,"[1, 2, 4, 8, 8, 8, 8, 8, 8, 8, 4, 2, 1]",936,0.0,0.0,1e-12
c1cb9fab19104de51d0a937de7de526a71888ada2e037afe2bb526f853297c44,C,exact,11,rzz,0.05,2,9,7,,,13,13,commuting,1.0,1.0,0.0,0.0,0.9999999999999996,0.9999999999999999,0.0,0.0,0.0,8,"[1, 2, 4, 8, 8, 8, 8, 8, 8, 8, 4, 2, 1]",936,0.0,0.0,1e-12
fbd318653419ea78df50b186527f2dfddd68a4ed16a22696f2d1e22a36fa2d96,C,exact,11,rxx,0.05,2,9,7,,,13,13,mixed,1.0,1.0,0.0,0.0,0.9999999999999996,0.9999999999999998,0.0,0.0,0.0,8,"[1, 2, 4, 8, 8, 8, 8, 8, 8, 8, 4, 2, 1]",936,0.0,0.0,1e-12
508a2d0bd94de951ee6259582108dff89c48510df2dd74463cfd66672e343ddd,C,exact,11,rzz,0.05,2,8,6,,,14,14,commuting,1.0,1.0,0.0,0.0,0.9999999999999996,1.0,0.0,0.0,0.0,8,"[1, 2, 4, 8, 8, 8, 8, 8, 8, 8, 4, 2, 1]",936,0.0,0.0,1e-12
3947fa5e6d091e7a06b81a6d9d24eb53aa89ba51f1e57029ae2d0adf0dd9e078,C,exact,11,rzz,0.05,2,8,6,,,14,14,mixed,1.0000000000000004,1.0000000000000004,0.0,0.0,0.9999999999999996,1.0000000000000002,0.0,0.0,0.0,8,"[1, 2, 4, 8, 8, 8, 8, 8, 8, 8, 4, 2, 1]",936,0.0,0.0,1e-12
a80c3e8d5ba436e2520c877fff5a6d8e92e250e93b9f26b6b814907bbe378740,C,exact,11,rzz,0.05,3,9,6,,,15,15,commuting,1.0000000000000009,1.0000000000000009,0.0,0.0,0.9999999999999996,0.9999999999999998,0.0,0.0,0.0,8,"[1, 2, 4, 8, 8, 8, 8, 8, 8, 8, 4, 2, 1]",936,0.0,0.0,1e-12
ea5689ffbb4b4ec7813abff9015a93289add3c18160b3788989a288f73498725,C,exact,11,ryy,0.05,3,9,6,,,15,15,mixed,1.0,1.0,0.0,0.0,0.9999999999999996,0.9999999999999994,0.0,0.0,0.0,8,"[1, 2, 4, 8, 8, 8, 8, 8, 8, 8, 4, 2, 1]",936,0.0,0.0,1e-12
952bbe90004e972487aa673b00333529ec56809172b765821cad4ee8e487393b,C,exact,11,rzz,0.05,2,9,7,,,16,16,commuting,1.0000000000000009,1.0000000000000009,0.0,0.0,0.9999999999999996,0.9999999999999999,0.0,0.0,0.0,8,"[1, 2, 4, 8, 8, 8, 8, 8, 8, 8, 4, 2, 1]",936,0.0,0.0,1e-12
6bbd42169b31b45d7fecf08a0c4db74537c4279071ef56c3d9def7937a70564a,C,exact,11,rxx,0.05,2,9,7,,,16,16,mixed,1.0000000000000004,1.0000000000000004,0.0,0.0,0.9999999999999996,0.9999999999999999,0.0,0.0,0.0,8,"[1, 2, 4, 8, 8, 8, 8, 8, 8, 8, 4, 2, 1]",936,0.0,0.0,1e-12
446de646ebe3099ee7d9e7384b3d891311a3893183850c6acf70ab44f2889f6f,C,exact,11,rzz,0.05,2,8,6,,,17,17,commuting,1.0000000000000004,1.0000000000000004,0.0,0.0,0.9999999999999996,1.0000000000000004,0.0,0.0,0.0,8,"[1, 2, 4, 8, 8, 8, 8, 8, 8, 8, 4, 2, 1]",936,0.0,0.0,1e-12
4fc6724c6dd8f7d906867de1ebe3292006b749344a1eb4e78045a74d73a1afaf,C,exact,11,rzz,0.05,2,8,6,,,17,17,mixed,1.0000000000000009,1.0000000000000009,0.0,0.0,0.9999999999999996,1.0000000000000002,0.0,0.0,0.0,8,"[1, 2, 4, 8, 8, 8, 8, 8, 8, 8, 4, 2, 1]",936,0.0,0.0,1e-12
74bdb48ad4d51962fe57c427a59f70056eb4a439ee30f2b7a6c31cf976db4081,C,exact,11,rzz,0.05,3,9,6,,,18,18,commuting,1.0000000000000009,1.0000000000000009,0.0,0.0,0.9999999999999996,1.0,0.0,0.0,0.0,8,"[1, 2, 4, 8, 8, 8, 8, 8, 8, 8, 4, 2, 1]",936,0.0,0.0,1e-12
08e79e97d25702cc8a33a081fcc120aae91b2d35dc9b9225203eddf6d1940534,C,exact,11,ryy,0.05,3,9,6,,,18,18,mixed,1.0,1.0,0.0,0.0,0.9999999999999996,1.0000000000000002,0.0,0.0,0.0,8,"[1, 2, 4, 8, 8, 8, 8, 8, 8, 8, 4, 2, 1]",936,0.0,0.0,1e-12
10c90a4cd2ac54f1c2a2d45998c7d7bdd03293f92f17294f4f2d71f7e038854c,C,exact,11,rzz,0.05,2,9,7,,,19,19,commuting,1.0000000000000004,1.0000000000000004,0.0,0.0,0.9999999999999996,1.0000000000000004,0.0,0.0,0.0,8,"[1, 2, 4, 8, 8, 8, 8, 8, 8, 8, 4, 2, 1]",936,0.0,0.0,1e-12
cddd01abbc2cd90ad4c74bc205434b37fe5e9e3b796d1f097fbfe9b2f81f8f27,C,exact,11,rxx,0.05,2,9,7,,,19,19,mixed,1.0000000000000009,1.0000000000000009,0.0,0.0,0.9999999999999996,1.0000000000000002,0.0,0.0,0.0,8,"[1, 2, 4, 8, 8, 8, 8, 8, 8, 8, 4, 2, 1]",936,0.0,0.0,1e-12
ace664d6ceda13724064c11575b44146530db73c99dac2244b02db8d66e45942,C,exact,11,rzz,0.05,2,8,6,,,20,20,commuting,1.0000000000000013,1.0000000000000013,0.0,0.0,0.9999999999999996,1.0,0.0,0.0,0.0,8,"[1, 2, 4, 8, 8, 8, 8, 8, 8, 8, 4, 2, 1]",936,0.0,0.0,1e-12
f255e85d23be87c90254598e185e0f62b3197f31a41779c21a86b9b6533095c7,C,exact,11,rzz,0.05,2,8,6,,,20,20,mixed,1.0000000000000013,1.0000000000000013,0.0,0.0,0.9999999999999996,1.0000000000000002,0.0,0.0,0.0,8,"[1, 2, 4, 8, 8, 8, 8, 8, 8, 8, 4, 2, 1]",936,0.0,0.0,1e-12
de88afab0d370e335e6b5253515a66c20852629b1c227adb835e5de254d90fd0,C,exact,11,rzz,0.05,3,9,6,,,21,21,commuting,1.0000000000000009,1.0000000000000009,0.0,0.0,0.9999999999999996,1.0000000000000004,0.0,0.0,0.0,8,"[1, 2, 4, 8, 8, 8, 8, 8, 8, 8, 4, 2, 1]",936,0.0,0.0,1e-12
dc7189df01e5118595c82daac1aed263c43837e5a908f1fab8c161e4fb0e8e4f,C,exact,11,ryy,0.05,3,9,6,,,21,21,mixed,1.0000000000000018,1.0000000000000018,0.0,0.0,0.9999999999999996,1.0000000000000007,0.0,0.0,0.0,8,"[1, 2, 4, 8, 8, 8, 8, 8, 8, 8, 4, 2, 1]",936,0.0,0.0,1e-12
48d6dc24fd1d28529ab72949f05c6761da5850020e20d00dc95a54650683498c,C,exact,11,rzz,0.05,2,9,7,,,22,22,commuting,1.0000000000000018,1.0000000000000018,0.0,0.0,0.9999999999999996,0.9999999999999999,0.0,0.0,0.0,8,"[1, 2, 4, 8, 8, 8, 8, 8, 8, 8, 4, 2, 1]",936,0.0,0.0,1e-12
080d6898006ae04c59b3e2b0419e9ea63b7e926bbe7bd31f56fc5d0d5d5cda91,C,exact,11,rxx,0.05,2,9,7,,,22,22,mixed,1.0000000000000018,1.0000000000000018,0.0,0.0,0.9999999999999996,1.0000000000000004,0.0,0.0,0.0,8,"[1, 2, 4, 8, 8, 8, 8, 8, 8, 8, 4, 2, 1]",936,0.0,0.0,1e-12
681798719eb66b9571342e949783110cda53596d992d05ca4ce6def38d2f7505,C,exact,11,rzz,0.05,2,8,6,,,23,23,commuting,1.0000000000000013,1.0000000000000013,0.0,0.0,0.9999999999999996,1.0000000000000002,0.0,0.0,0.0,8,"[1, 2, 4, 8, 8, 8, 8, 8, 8, 8, 4, 2, 1]",936,0.0,0.0,1e-12
6317d56accc6f0c06374cbc8b131522b38d4c422d1ea2887220e6176ff1dac41,C,exact,11,rzz,0.05,2,8,6,,,23,23,mixed,1.0000000000000009,1.0000000000000009,0.0,0.0,0.9999999999999996,1.0000000000000004,0.0,0.0,0.0,8,"[1, 2, 4, 8, 8, 8, 8, 8, 8, 8, 4, 2, 1]",936,0.0,0.0,1e-12
0e6cb1cd71ea8a5e49594e25120c332026a6a838740f7504f4575b2072ae7ffa,C,exact,11,rzz,0.05,3,9,6,,,24,24,commuting,1.0000000000000018,1.0000000000000018,0.0,0.0,0.9999999999999996,1.0000000000000004,0.0,0.0,0.0,8,"[1, 2, 4, 8, 8, 8, 8, 8, 8, 8, 4, 2, 1]",936,0.0,0.0,1e-12
68d9ea69e45463f9196003592ee111dc1fa38eeed150f180c3c12ce5685c394e,C,exact,11,ryy,0.05,3,9,6,,,24,24,mixed,1.0000000000000018,1.0000000000000018,0.0,0.0,0.9999999999999996,1.0000000000000004,0.0,0.0,0.0,8,"[1, 2, 4, 8, 8, 8, 8, 8, 8, 8, 4, 2, 1]",936,0.0,0.0,1e-12
f0fc32c7c150f1f21637eafeac821371d55ba6f8b1a4cc0a6d850d7521d30f44,C,exact,11,rzz,0.05,2,9,7,,,25,25,commuting,1.0000000000000018,1.0000000000000018,0.0,0.0,0.9999999999999996,1.0000000000000007,0.0,0.0,0.0,8,"[1, 2, 4, 8, 8, 8, 8, 8, 8, 8, 4, 2, 1]",936,0.0,0.0,1e-12
92500600da1b39e0c8bbb8b9271647dd5314fc442b3cb8ad18477efc689d71f0,C,exact,11,rxx,0.05,2,9,7,,,25,25,mixed,1.0000000000000022,1.0000000000000022,0.0,0.0,0.9999999999999996,1.0000000000000007,0.0,0.0,0.0,8,"[1, 2, 4, 8, 8, 8, 8, 8, 8, 8, 4, 2, 1]",936,0.0,0.0,1e-12
87c97f12dd0d45df5330201935afce88a088cfa7a6155e76221079e31b4336e5,C,exact,11,rzz,0.05,2,8,6,,,26,26,commuting,1.0000000000000027,1.0000000000000027,0.0,0.0,0.9999999999999996,1.0000000000000004,0.0,0.0,0.0,8,"[1, 2, 4, 8, 8, 8, 8, 8, 8, 8, 4, 2, 1]",936,0.0,0.0,1e-12
330884b5fca369cd25b617ff5157901c18a0fd055404631fd8dfeaf090230d5e,C,exact,11,rzz,0.05,2,8,6,,,26,26,mixed,1.0000000000000027,1.0000000000000027,0.0,0.0,0.9999999999999996,1.0000000000000004,0.0,0.0,0.0,8,"[1, 2, 4, 8, 8, 8, 8, 8, 8, 8, 4, 2, 1]",936,0.0,0.0,1e-12
84c9fde1d61b7cdd735794fd7ec50f6308d0e77ce64ed5c70733e3c8c112a02d,C,exact,11,rzz,0.05,3,9,6,,,27,27,commuting,1.0000000000000022,1.0000000000000022,0.0,0.0,0.9999999999999996,1.0000000000000004,0.0,0.0,0.0,8,"[1, 2, 4, 8, 8, 8, 8, 8, 8, 8, 4, 2, 1]",936,0.0,0.0,1e-12
d0e14581abaa00d835314f8101da81929ed6f19b82b680d63c73c9b8c23bb4f7,C,exact,11,ryy,0.05,3,9,6,,,27,27,mixed,1.0000000000000027,1.0000000000000027,0.0,0.0,0.9999999999999996,1.0000000000000009,0.0,0.0,0.0,8,"[1, 2, 4, 8, 8, 8, 8, 8, 8, 8, 4, 2, 1]",936,0.0,0.0,1e-12
1b308393f5eef9f1a492ac363a8ab1d549fa38aa54a2d6e66dd2161930b0e9c0,C,exact,11,rzz,0.05,2,9,7,,,28,28,commuting,1.000000000000003,1.000000000000003,0.0,0.0,0.9999999999999996,1.0000000000000004,0.0,0.0,0.0,8,"[1, 2, 4, 8, 8, 8, 8, 8, 8, 8, 4, 2, 1]",936,0.0,0.0,1e-12
643e1d8f1370f6f54cb9ca4fbd991508bc16454a33c4f3b53f6a249571f927d4,C,exact,11,rxx,0.05,2,9,7,,,28,28,mixed,1.0000000000000018,1.0000000000000018,0.0,0.0,0.9999999999999996,1.0000000000000004,0.0,0.0,0.0,8,"[1, 2, 4, 8, 8, 8, 8, 8, 8, 8, 4, 2, 1]",936,0.0,0.0,1e-12
901eca1f4ba71644ec7574631625965391711f0fc9d52332a0831ff6872cfad2,C,exact,11,rzz,0.05,2,8,6,,,29,29,commuting,1.0000000000000022,1.0000000000000022,0.0,0.0,0.9999999999999996,1.0000000000000007,0.0,0.0,0.0,8,"[1, 2, 4, 8, 8, 8, 8, 8, 8, 8, 4, 2, 1]",936,0.0,0.0,1e-12
f03e9818d1ac130f13894f6faa10ab8ed371872e6ea13e99007a9f6ca2083314,C,exact,11,rzz,0.05,2,8,6,,,29,29,mixed,1.000000000000003,1.000000000000003,0.0,0.0,0.9999999999999996,1.0000000000000007,0.0,0.0,0.0,8,"[1, 2, 4, 8, 8, 8, 8, 8, 8, 8, 4, 2, 1]",936,0.0,0.0,1e-12
ba683e96cc36446ef9d6b9781e412d988976462dfdb7de4a76526e5e9ecf1fab,C,exact,11,rzz,0.05,3,9,6,,,30,30,commuting,1.000000000000003,1.000000000000003,0.0,0.0,0.9999999999999996,1.0000000000000009,0.0,0.0,0.0,8,"[1, 2, 4, 8, 8, 8, 8, 8, 8, 8, 4, 2, 1]",936,0.0,0.0,1e-12
88635a0640137df5fc5f0cfe21f4bdd6854a6dc2ad45c6d4473b05386b8ea932,C,exact,11,ryy,0.05,3,9,6,,,30,30,mixed,1.0000000000000022,1.0000000000000022,0.0,0.0,0.9999999999999996,1.0000000000000007,0.0,0.0,0.0,8,"[1, 2, 4, 8, 8, 8, 8, 8, 8, 8, 4, 2, 1]",936,0.0,0.0,1e-12
6d0bb9911044111e24b5376fad3ec69289d53d1bed6477d5fa3175dac4d4a096,C,exact,11,rzz,0.05,2,9,7,,,31,31,commuting,1.000000000000003,1.000000000000003,0.0,0.0,0.9999999999999996,1.0000000000000007,0.0,0.0,0.0,8,"[1, 2, 4, 8, 8, 8, 8, 8, 8, 8, 4, 2, 1]",936,0.0,0.0,1e-12
1e9698a0fb9aeeebfffe728894ffdd02ee9c1a71e8514af7c31266d77585b908,C,exact,11,rxx,0.05,2,9,7,,,31,31,mixed,1.000000000000003,1.000000000000003,0.0,0.0,0.9999999999999996,1.0000000000000007,0.0,0.0,0.0,8,"[1, 2, 4, 8, 8, 8, 8, 8, 8, 8, 4, 2, 1]",936,0.0,0.0,1e-12
f49da9544cc1fc99dcff22d179ba9cece7d1503422ba6317ad8006e581f88fcf,C,exact,11,rzz,0.05,2,8,6,,,32,32,commuting,1.0000000000000027,1.0000000000000027,0.0,0.0,0.9999999999999996,1.0000000000000007,0.0,0.0,0.0,8,"[1, 2, 4, 8, 8, 8, 8, 8, 8, 8, 4, 2, 1]",936,0.0,0.0,1e-12
6786d2c553642a6201d9db9efa57896f4db6ce2427e602dd34e1722f59e96a8d,C,exact,11,rzz,0.05,2,8,6,,,32,32,mixed,1.0000000000000027,1.0000000000000027,0.0,0.0,0.9999999999999996,1.0000000000000007,0.0,0.0,0.0,8,"[1, 2, 4, 8, 8, 8, 8, 8, 8, 8, 4, 2, 1]",936,0.0,0.0,1e-12
8557027cd5fc1b60a8af50dd57acac70f0609629b8fa1c7b7cc5bfec93015070,C,exact,11,rzz,0.05,3,9,6,,,33,33,commuting,1.000000000000003,1.000000000000003,0.0,0.0,0.9999999999999996,1.0000000000000007,0.0,0.0,0.0,8,"[1, 2, 4, 8, 8, 8, 8, 8, 8, 8, 4, 2, 1]",936,0.0,0.0,1e-12
5c4bd36bb4b59f7f8e0661914c2dff5b9c4e70a4e8937fcc906e44c0da65801c,C,exact,11,ryy,0.05,3,9,6,,,33,33,mixed,1.000000000000003,1.000000000000003,0.0,0.0,0.9999999999999996,1.0000000000000007,0.0,0.0,0.0,8,"[1, 2, 4, 8, 8, 8, 8, 8, 8, 8, 4, 2, 1]",936,0.0,0.0,1e-12
b17b4d2e10626c527b3db458084014893577d70bcf7da076f2c522e673b84464,C,exact,11,rzz,0.05,2,9,7,,,34,34,commuting,1.0000000000000036,1.0000000000000036,0.0,0.0,0.9999999999999996,1.0000000000000007,0.0,0.0,0.0,8,"[1, 2, 4, 8, 8, 8, 8, 8, 8, 8, 4, 2, 1]",936,0.0,0.0,1e-12
f6965b4b4f212b693008587200da4d0fab99685be9e24a66263964dc1345843d,C,exact,11,rxx,0.05,2,9,7,,,34,34,mixed,1.0000000000000036,1.0000000000000036,0.0,0.0,0.9999999999999996,1.0000000000000007,0.0,0.0,0.0,8,"[1, 2, 4, 8, 8, 8, 8, 8, 8, 8, 4, 2, 1]",936,0.0,0.0,1e-12
ea03e6747c340fa128607d0f89990d46af60eb61846f171816275b89c2f09786,C,exact,11,rzz,0.05,2,8,6,,,35,35,commuting,1.0000000000000036,1.0000000000000036,0.0,0.0,0.9999999999999996,1.000000000000001,0.0,0.0,0.0,8,"[1, 2, 4, 8, 8, 8, 8, 8, 8, 8, 4, 2, 1]",936,0.0,0.0,1e-12
ab8df743d85bbd159e5a3ffa42c94053e535f0271ebe47f788b9c9772b46c379,C,exact,11,rzz,0.05,2,8,6,,,35,35,mixed,1.0000000000000044,1.0000000000000044,0.0,0.0,0.9999999999999996,1.0000000000000007,0.0,0.0,0.0,8,"[1, 2, 4, 8, 8, 8, 8, 8, 8, 8, 4, 2, 1]",936,0.0,0.0,1e-12
2457247d998ce8b8326bdc35b5d4006f74654da2d794f76f7cf2b5df983fcb02,C,exact,11,rzz,0.05,3,9,6,,,36,36,commuting,1.000000000000004,1.000000000000004,0.0,0.0,0.9999999999999996,1.0000000000000007,0.0,0.0,0.0,8,"[1, 2, 4, 8, 8, 8, 8, 8, 8, 8, 4, 2, 1]",936,0.0,0.0,1e-12
619045a44da06200f95dbd5a3b1d0cd7ab7e3a3f7108ced4a731f0489f8eaa99,C,exact,11,ryy,0.05,3,9,6,,,36,36,mixed,1.0000000000000036,1.0000000000000036,0.0,0.0,0.9999999999999996,1.000000000000001,0.0,0.0,0.0,8,"[1, 2, 4, 8, 8, 8, 8, 8, 8, 8, 4, 2, 1]",936,0.0,0.0,1e-12
e28911f87940d3d054abe790f07b7f10f3ff455ebc8b134a0048509fc21fb54b,C,hybrid_tdvp,11,rzz,0.05,2,9,7,8,1,1,1,commuting,0.9996051938678864,0.9996051938678864,0.00039480613211362314,0.019870709795498397,0.9999999999999996,0.9999999999999998,0.001242675300571594,0.0002514705498507143,0.054657126020174474,8,"[1, 2, 4, 8, 8, 8, 8, 8, 8, 8, 4, 2, 1]",936,6.087739703269894e-05,6.087739703269894e-05,1e-12
747fd343ee40650f0415d85db6f97ba662d1accb10f4f614a21b3b524e92aa4a,C,hybrid_tdvp,11,rzz,0.05,2,9,7,8,2,1,1,commuting,0.9996048729229394,0.9996048729229394,0.00039512707706057526,0.019878785579718564,0.9999999999999996,0.9999999999999998,0.0012401266014263057,0.00025159749536652715,0.08666488900780678,8,"[1, 2, 4, 8, 8, 8, 8, 8, 8, 8, 4, 2, 1]",936,3.0495753297393947e-05,3.0495753297393947e-05,1e-12
819eef9a52fb32fe88f084414dfece9fd70048976f4cb85ad55f56847b94691e,C,hybrid_tdvp,11,rzz,0.05,2,9,7,8,4,1,1,commuting,0.999604690144537,0.999604690144537,0.0003953098554629886,0.019883383279900753,0.9999999999999996,0.999999999999999,0.001238822449671162,0.00025177479860563254,0.10699727199971676,8,"[1, 2, 4, 8, 8, 8, 8, 8, 8, 8, 4, 2, 1]",936,1.525511101310617e-05,1.525511101310617e-05,1e-12
238c0456be9ab33093e47ff0abd85eafbbd9a1a9b7520029563ac8532e211f6b,C,hybrid_tdvp,11,rzz,0.05,2,9,7,8,8,1,1,commuting,0.999604593495887,0.999604593495887,0.00039540650411296063,0.019885813999390694,0.9999999999999996,1.0000000000000004,0.0012381641151869571,0.00025189272297051704,0.23734888003673404,8,"[1, 2, 4, 8, 8, 8, 8, 8, 8, 8, 4, 2, 1]",936,7.628594348263857e-06,7.628594348263857e-06,1e-12
a5bc352faa47573943a0e83feef376fbe4f738471c144085a1ca0f6a2d0bf8dc,C,hybrid_tdvp,11,rzz,0.05,2,9,7,16,1,1,1,commuting,1.0000000000000053,1.0000000000000053,0.0,3.65796486075326e-14,0.9999999999999996,1.0000000000000029,1.7263968032921184e-14,5.2191497690945104e-15,0.015375597984530032,16,"[1, 2, 4, 8, 16, 16, 16, 16, 16, 8, 4, 2, 1]",2728,1.8644082488929627e-31,1.8644082488929627e-31,1e-12
2cedef0afdc12c477041bc0f3bfdb2225b2f0046a84e45ecf1c85d4ad11abd93,C,hybrid_tdvp,11,rzz,0.05,2,9,7,16,2,1,1,commuting,0.9999999999417624,0.9999999999417624,5.823763693513229e-11,7.629720798693345e-06,0.9999999999999996,0.9999999999999882,1.7394029298845037e-07,2.057917197858991e-08,0.07462897995719686,16,"[1, 2, 4, 8, 16, 16, 16, 16, 16, 8, 4, 2, 1]",2728,3.071190532706497e-14,3.071190532706497e-14,1e-12
f6d859025d577e0ae0e4e15db4b502839d99fbaf40863e4d2babca355c5ee49d,C,hybrid_tdvp,11,rzz,0.05,2,9,7,16,4,1,1,commuting,0.9999999999854654,0.9999999999854654,1.45345957491827e-11,3.8125325260429327e-06,0.9999999999999996,1.0000000000000002,8.682542122426251e-08,1.0274997119497363e-08,0.2830443059792742,16,"[1, 2, 4, 8, 16, 16, 16, 16, 16, 8, 4, 2, 1]",2728,7.668122116687345e-15,7.668122116687345e-15,1e-12
2d2bcf468765a7c75ac9ebe7ec054ea2953ffa6a01794620c9e8e96cbdfb9b1e,C,hybrid_tdvp,11,rzz,0.05,2,9,7,16,8,1,1,commuting,0.9999999999963649,0.9999999999963649,3.6350922272276875e-12,1.9056835995467396e-06,0.9999999999999996,0.9999999999999983,4.33762915100222e-08,5.139153690905482e-09,0.16197046800516546,16,"[1, 2, 4, 8, 16, 16, 16, 16, 16, 8, 4, 2, 1]",2728,1.9157909069565523e-15,1.9157909069565523e-15,1e-12
7d706fdf8b75f4e7a7a1dd4806bef1752d347345b34c6d5ab3d2ceb8d48c014f,C,hybrid_tdvp,11,rzz,0.05,2,9,7,64,1,1,1,commuting,1.0000000000000053,1.0000000000000053,0.0,3.65796486075326e-14,0.9999999999999996,1.0000000000000029,1.7263968032921184e-14,5.2191497690945104e-15,0.12023252301150933,16,"[1, 2, 4, 8, 16, 16, 16, 16, 16, 8, 4, 2, 1]",2728,1.8644082488929627e-31,1.8644082488929627e-31,1e-12
2733b56491391b4f05269fff89640fb4e6655ef8c7fa51315c370eaf53630e39,C,hybrid_tdvp,11,rzz,0.05,2,9,7,64,2,1,1,commuting,0.9999999999417624,0.9999999999417624,5.823763693513229e-11,7.629720798693345e-06,0.9999999999999996,0.9999999999999882,1.7394029298845037e-07,2.057917197858991e-08,0.03407569002592936,16,"[1, 2, 4, 8, 16, 16, 16, 16, 16, 8, 4, 2, 1]",2728,3.071190532706497e-14,3.071190532706497e-14,1e-12
efd9acf2419fd9b806ceaa033a7e3a7140ed885cf04fee7a035ba25fefedc8e7,C,hybrid_tdvp,11,rzz,0.05,2,9,7,64,4,1,1,commuting,0.9999999999854654,0.9999999999854654,1.45345957491827e-11,3.8125325260429327e-06,0.9999999999999996,1.0000000000000002,8.682542122426251e-08,1.0274997119497363e-08,0.06332587299402803,16,"[1, 2, 4, 8, 16, 16, 16, 16, 16, 8, 4, 2, 1]",2728,7.668122116687345e-15,7.668122116687345e-15,1e-12
274e19659ee9cb7f0962ff0aac17583abf807da60da38f3039e45a4d4a3ac386,C,hybrid_tdvp,11,rzz,0.05,2,9,7,64,8,1,1,commuting,0.9999999999963649,0.9999999999963649,3.6350922272276875e-12,1.9056835995467396e-06,0.9999999999999996,0.9999999999999983,4.33762915100222e-08,5.139153690905482e-09,0.10807842301437631,16,"[1, 2, 4, 8, 16, 16, 16, 16, 16, 8, 4, 2, 1]",2728,1.9157909069565523e-15,1.9157909069565523e-15,1e-12
c68dea580f82cd10b8d2469d84a07806d877ec751800c489f4961af314d65da9,C,hybrid_tdvp,11,rxx,0.05,2,9,7,8,1,1,1,mixed,0.999726263255507,0.999726263255507,0.0002737367444930472,0.016545557712237823,0.9999999999999996,1.0000000000000004,0.001296398970579777,0.00019899507974830707,0.026843295025173575,8,"[1, 2, 4, 8, 8, 8, 8, 8, 8, 8, 4, 2, 1]",936,4.0783644865547394e-05,4.0783644865547394e-05,1e-12
258cee814c93b85684b4422603cd796a0244ec2475730d986c16c262d3a9c9c4,C,hybrid_tdvp,11,rxx,0.05,2,9,7,8,2,1,1,mixed,0.9997260590996913,0.9997260590996913,0.0002739409003087445,0.01655172691238901,0.9999999999999996,1.0000000000000007,0.0012797345524159127,0.0001970628631009577,0.21241808601189405,8,"[1, 2, 4, 8, 8, 8, 8, 8, 8, 8, 4, 2, 1]",936,2.0410737764740687e-05,2.0410737764740687e-05,1e-12
b0cddb84e81d29ae36ab02c20a09e9e7c0366acd8d4adcffee02f1d9cba77757,C,hybrid_tdvp,11,rxx,0.05,2,9,7,8,4,1,1,mixed,0.9997259407948097,0.9997259407948097,0.00027405920519030236,0.01655530080896197,0.9999999999999996,0.9999999999999998,0.0012717466941535444,0.00019617516336394017,0.19380722602363676,8,"[1, 2, 4, 8, 8, 8, 8, 8, 8, 8, 4, 2, 1]",936,1.0210517125451239e-05,1.0210517125451239e-05,1e-12
391d96ab9f241bb3c2393b038c7395234df653207191f0cee7bfb990df40139b,C,hybrid_tdvp,11,rxx,0.05,2,9,7,8,8,1,1,mixed,0.9997258781040859,0.9997258781040859,0.0002741218959141367,0.016557194333371612,0.9999999999999996,1.0000000000000002,0.001267824384447551,0.00019575002700857196,0.7945218819659203,8,"[1, 2, 4, 8, 8, 8, 8, 8, 8, 8, 4, 2, 1]",936,5.106601621051547e-06,5.106601621051547e-06,1e-12
35a287382bdd2e3845651ab76d3b7e7abe14cfc28368516cccdf9a8df3713ec2,C,hybrid_tdvp,11,rxx,0.05,2,9,7,16,1,1,1,mixed,0.9999999995300883,0.9999999995300883,4.699116651352142e-10,2.167576878151595e-05,0.9999999999999996,0.9999999999999647,1.3803122432543002e-07,2.4574595400680237e-08,0.017119321040809155,16,"[1, 2, 4, 8, 16, 16, 16, 16, 16, 8, 4, 2, 1]",2728,8.097819567880028e-14,8.097819567880028e-14,1e-12
e4c187ce2230995c30f78801ce665a3ef82c5b839c4a5603536b4b4986935fa3,C,hybrid_tdvp,11,rxx,0.05,2,9,7,16,2,1,1,mixed,0.999999999882649,0.999999999882649,1.173510177920889e-10,1.0832344231444861e-05,0.9999999999999996,0.9999999999999953,6.931214116545625e-08,1.2556151665383829e-08,0.08983056200668216,16,"[1, 2, 4, 8, 16, 16, 16, 16, 16, 8, 4, 2, 1]",2728,2.0222452412062407e-14,2.0222452412062407e-14,1e-12
f79e81948a0fc66da1947e6be4c08e7bfd638ac2851c59cf6047799da036be2c,C,hybrid_tdvp,11,rxx,0.05,2,9,7,16,4,1,1,mixed,0.9999999999706786,0.9999999999706786,2.9321434169560234e-11,5.414751562272849e-06,0.9999999999999996,0.999999999999999,3.472968246320818e-08,6.37073335270272e-09,0.09256223001284525,16,"[1, 2, 4, 8, 16, 16, 16, 16, 16, 8, 4, 2, 1]",2728,5.052861327829669e-15,5.052861327829669e-15,1e-12
17e1e7be1f8dabf52f8a4587aaaa154d3bbd64d988337cdfc39ec52351d0ce81,C,hybrid_tdvp,11,rxx,0.05,2,9,7,16,8,1,1,mixed,0.9999999999926985,0.9999999999926985,7.301492743749805e-12,2.707016195267216e-06,0.9999999999999996,1.0000000000000138,1.7383165865081374e-08,3.211576247312551e-09,0.2670058209914714,16,"[1, 2, 4, 8, 16, 16, 16, 16, 16, 8, 4, 2, 1]",2728,1.2628720048154462e-15,1.2628720048154462e-15,1e-12
f2267751adde5af7f2c336971da3175e7a53804c7a3d326f0a1a14e2e5e34a37,C,hybrid_tdvp,11,rxx,0.05,2,9,7,64,1,1,1,mixed,0.9999999995300883,0.9999999995300883,4.699116651352142e-10,2.167576878151595e-05,0.9999999999999996,0.9999999999999647,1.3803122432543002e-07,2.4574595400680237e-08,0.1065907430020161,16,"[1, 2, 4, 8, 16, 16, 16, 16, 16, 8, 4, 2, 1]",2728,8.097819567880028e-14,8.097819567880028e-14,1e-12
e2406ada0c4e60bbb32d49dfd6d7009f4841147d1164aebdea27a63355b80c1b,C,hybrid_tdvp,11,rxx,0.05,2,9,7,64,2,1,1,mixed,0.999999999882649,0.999999999882649,1.173510177920889e-10,1.0832344231444861e-05,0.9999999999999996,0.9999999999999953,6.931214116545625e-08,1.2556151665383829e-08,0.05207751301350072,16,"[1, 2, 4, 8, 16, 16, 16, 16, 16, 8, 4, 2, 1]",2728,2.0222452412062407e-14,2.0222452412062407e-14,1e-12
5643f35003e6d972796a28d7726c61b8c6e1066ce3ba598004aefb01fedc96c4,C,hybrid_tdvp,11,rxx,0.05,2,9,7,64,4,1,1,mixed,0.9999999999706786,0.9999999999706786,2.9321434169560234e-11,5.414751562272849e-06,0.9999999999999996,0.999999999999999,3.472968246320818e-08,6.37073335270272e-09,0.2615130940102972,16,"[1, 2, 4, 8, 16, 16, 16, 16, 16, 8, 4, 2, 1]",2728,5.052861327829669e-15,5.052861327829669e-15,1e-12
9632c27cc9d3c68d32a142abc43354c33bc8af12cc58f0dc207ed9208e0bf1ef,C,hybrid_tdvp,11,rxx,0.05,2,9,7,64,8,1,1,mixed,0.9999999999926985,0.9999999999926985,7.301492743749805e-12,2.707016195267216e-06,0.9999999999999996,1.0000000000000138,1.7383165865081374e-08,3.211576247312551e-09,0.152523944969289,16,"[1, 2, 4, 8, 16, 16, 16, 16, 16, 8, 4, 2, 1]",2728,1.2628720048154462e-15,1.2628720048154462e-15,1e-12
45832a294d9531515d4a068743bbc24af84738fe6b324c7c3928002ab6df61d3,C,hybrid_tdvp,11,rzz,0.05,2,8,6,8,1,2,2,commuting,0.9993863280298212,0.9993863280298212,0.0006136719701788085,0.024774304175901672,0.9999999999999996,1.0000000000000007,0.0038822071188834954,0.0006099261726477041,0.04760107403853908,8,"[1, 2, 4, 8, 8, 8, 8, 8, 8, 8, 4, 2, 1]",936,5.0367800350226185e-05,0.00011124519738292512,1e-12
1b5a57b6bc733777c4bb2562c9f97113e92cd9104abd602ad5267e61dcda6801,C,hybrid_tdvp,11,rzz,0.05,2,8,6,8,2,2,2,commuting,0.9993856400788487,0.9993856400788487,0.0006143599211513306,0.024788188914795336,0.9999999999999996,1.0000000000000002,0.0039164017704845615,0.0006109182703255567,0.32800567703088745,8,"[1, 2, 4, 8, 8, 8, 8, 8, 8, 8, 4, 2, 1]",936,2.5159773391988917e-05,5.565552668938286e-05,1e-12
e69f8ba4878b1257805141fb117c23c46190ce29e74eddb8a33efc3ae575cf46,C,hybrid_tdvp,11,rzz,0.05,2,8,6,8,4,2,2,commuting,0.9993852468979791,0.9993852468979791,0.0006147531020208596,0.024796120894533664,0.9999999999999996,1.0000000000000004,0.003931937615415219,0.000611459758377772,0.1011134689906612,8,"[1, 2, 4, 8, 8, 8, 8, 8, 8, 8, 4, 2, 1]",936,1.2576231429482762e-05,2.7831342442588935e-05,1e-12
ebc00cec2bbeedbb269ff17dab98ad45945da37c4afb88b243ea2d627e1aac7a,C,hybrid_tdvp,11,rzz,0.05,2,8,6,8,8,2,2,commuting,0.9993850386544233,0.9993850386544233,0.0006149613455767033,0.0248003209459466,0.9999999999999996,0.9999999999999998,0.003939371607856679,0.0006117443001974417,0.20419169799424708,8,"[1, 2, 4, 8, 8, 8, 8, 8, 8, 8, 4, 2, 1]",936,6.287534695076413e-06,1.3916129043340268e-05,1e-12
805e80cd94d8866e61e7a5b45dcd224b9de43473678138ae0eb0777ba50425b5,C,hybrid_tdvp,11,rzz,0.05,2,8,6,16,1,2,2,commuting,1.0000000000000022,1.0000000000000022,0.0,4.266723838316932e-14,0.9999999999999996,1.0000000000000016,1.7486012637846216e-14,5.642822826597588e-15,0.018683120026253164,16,"[1, 2, 4, 8, 16, 16, 16, 16, 16, 8, 4, 2, 1]",2728,3.93501417982788e-31,5.799422428720843e-31,1e-12
f7730ec4953d68e4c37e5f9a3ee29f8af89f136f5f4bf00b4ae884f37456a89c,C,hybrid_tdvp,11,rzz,0.05,2,8,6,16,2,2,2,commuting,0.9999999999414526,0.9999999999414526,5.85473891590027e-11,7.282409246388469e-06,0.9999999999999996,0.9999999999972441,1.281023336401066e-07,1.711942962418316e-08,0.02759399003116414,16,"[1, 2, 4, 8, 16, 16, 16, 16, 16, 8, 4, 2, 1]",2728,5.488479730828388e-12,5.519191636155453e-12,1e-12
55c4eb3d7898cc42676a5aff037143df849cea02d5524a879bef555f490baf4d,C,hybrid_tdvp,11,rzz,0.05,2,8,6,16,4,2,2,commuting,0.9999999999854587,0.9999999999854587,1.454125708733045e-11,3.7226275288329384e-06,0.9999999999999996,0.999999999999659,6.50433276405682e-08,8.731665418907937e-09,0.287437986000441,16,"[1, 2, 4, 8, 16, 16, 16, 16, 16, 8, 4, 2, 1]",2728,6.971493713251519e-13,7.048174934418393e-13,1e-12
e082d9c815d275343b8bfeee996f07512117100695a2a9f5f1cb2f3ee78a9a11,C,hybrid_tdvp,11,rzz,0.05,2,8,6,16,8,2,2,commuting,0.9999999999964051,0.9999999999964051,3.594902153736257e-12,1.8827130026193735e-06,0.9999999999999996,0.9999999999999749,3.279389804503041e-08,4.418653004655143e-09,0.1674739730078727,16,"[1, 2, 4, 8, 16, 16, 16, 16, 16, 8, 4, 2, 1]",2728,8.826857532646853e-14,9.018436623342509e-14,1e-12
3ad6112a80b3930d8f2ddb6a2c076f3da876cc447ccdaa379f43eb6df9ede775,C,hybrid_tdvp,11,rzz,0.05,2,8,6,64,1,2,2,commuting,1.0000000000000022,1.0000000000000022,0.0,4.266723838316932e-14,0.9999999999999996,1.0000000000000016,1.7486012637846216e-14,5.642822826597588e-15,0.046089368988759816,16,"[1, 2, 4, 8, 16, 16, 16, 16, 16, 8, 4, 2, 1]",2728,3.93501417982788e-31,5.799422428720843e-31,1e-12
2ff5f13822e7aeaff7d049ab237d74feaba00e46dda0842a1f1c66aeb2706cf0,C,hybrid_tdvp,11,rzz,0.05,2,8,6,64,2,2,2,commuting,0.9999999999417553,0.9999999999417553,5.824474236248989e-11,7.612654358102186e-06,0.9999999999999996,0.9999999999998547,1.7131868264991246e-07,2.0257053504999218e-08,0.1241381669533439,18,"[1, 2, 4, 8, 16, 18, 18, 17, 16, 8, 4, 2, 1]",3060,2.7119799519901757e-13,3.0190990052608254e-13,1e-12
1260af531ba60e9dd6b779945c8bc941da4c893a2521727ecc391e881f65e46b,C,hybrid_tdvp,11,rzz,0.05,2,8,6,64,4,2,2,commuting,0.9999999999854783,0.9999999999854783,1.4521717162097048e-11,3.743961388731147e-06,0.9999999999999996,0.999999999999748,7.342483556577184e-08,9.106602342026862e-09,0.07476180302910507,17,"[1, 2, 4, 8, 16, 17, 16, 16, 16, 8, 4, 2, 1]",2792,5.143838274981719e-13,5.220519496148593e-13,1e-12
c4ecfac2217441ca11dc03818278d516c650446bd1888073fc20a38808e4d150,C,hybrid_tdvp,11,rzz,0.05,2,8,6,64,8,2,2,commuting,0.9999999999964051,0.9999999999964051,3.594902153736257e-12,1.8827130026193735e-06,0.9999999999999996,0.9999999999999749,3.279389804503041e-08,4.418653004655143e-09,0.0977441169670783,16,"[1, 2, 4, 8, 16, 16, 16, 16, 16, 8, 4, 2, 1]",2728,8.826857532646853e-14,9.018436623342509e-14,1e-12
077d050cd0dbcbca0a70e036877fcf860dd6285c06495caa8486ab824967c6fb,C,hybrid_tdvp,11,rzz,0.05,2,8,6,8,1,2,2,mixed,0.9993330881913784,0.9993330881913784,0.0006669118086215509,0.02582678916460747,0.9999999999999996,0.9999999999999998,0.004766585496071705,0.000704749208301021,0.03761303302599117,8,"[1, 2, 4, 8, 8, 8, 8, 8, 8, 8, 4, 2, 1]",936,5.3261824338495194e-05,9.40454692040426e-05,1e-12
43302221a1d6d039be7c13b10746c20039aae5173d6f4f7ff2bb4aebf7468e95,C,hybrid_tdvp,11,rzz,0.05,2,8,6,8,2,2,2,mixed,0.9993325921912999,0.9993325921912999,0.0006674078087001156,0.02583639301783995,0.9999999999999996,1.0,0.004761536513600912,0.0007041946965154431,0.11418171599507332,8,"[1, 2, 4, 8, 8, 8, 8, 8, 8, 8, 4, 2, 1]",936,2.6593373384407432e-05,4.700411114914812e-05,1e-12
ea47ecf90c71a78a046940ae1e22ecab71ce09a5316feae38d694eb796715389,C,hybrid_tdvp,11,rzz,0.05,2,8,6,8,4,2,2,mixed,0.9993323048450802,0.9993323048450802,0.0006676951549198229,0.025841955157226683,0.9999999999999996,1.0000000000000007,0.004758644675863139,0.0007039546116794897,0.08720940200146288,8,"[1, 2, 4, 8, 8, 8, 8, 8, 8, 8, 4, 2, 1]",936,1.3291651470870575e-05,2.3502168596321816e-05,1e-12
9be71ee576ab2dc8ce3ac16c9f4880294e671cc17d30b391096cd7b8c8daca87,C,hybrid_tdvp,11,rzz,0.05,2,8,6,8,8,2,2,mixed,0.9993321522279387,0.9993321522279387,0.000667847772061303,0.02584490886947127,0.9999999999999996,1.0000000000000002,0.004757112693553528,0.0007038443917151576,0.17851369903655723,8,"[1, 2, 4, 8, 8, 8, 8, 8, 8, 8, 4, 2, 1]",936,6.645112313102792e-06,1.1751713934154343e-05,1e-12
0c13e9d3ffdd8a807462f962b9f075c7e067e7b68125426a8a5f89dfeb111817,C,hybrid_tdvp,11,rzz,0.05,2,8,6,16,1,2,2,mixed,0.9999910318062892,0.9999910318062892,8.968193710767736e-06,0.002994697616996091,0.9999999999999996,1.0000000000000009,0.00014130416000185733,2.8247621230736455e-05,0.05831694201333448,16,"[1, 2, 4, 8, 16, 16, 16, 16, 16, 8, 4, 2, 1]",2728,4.119351815977248e-06,4.119351896955444e-06,1e-12
3555fc6ef9b27a9133963dfd98e32729241e0ce0b4b9018b52c9a66f7338ce04,C,hybrid_tdvp,11,rzz,0.05,2,8,6,16,2,2,2,mixed,0.9999899607741926,0.9999899607741926,1.003922580744554e-05,0.0031684777107488645,0.9999999999999996,1.0,0.00018043324309368128,3.222253026333058e-05,0.19545642798766494,16,"[1, 2, 4, 8, 16, 16, 16, 16, 16, 8, 4, 2, 1]",2728,2.5124060635401787e-06,2.512406083762631e-06,1e-12
f5f59bfe08aebba3c24a49cd2584c98e33c9be5a1393343379a46a0c57474d44,C,hybrid_tdvp,11,rzz,0.05,2,8,6,16,4,2,2,mixed,0.9999890657007044,0.9999890657007044,1.0934299295550787e-05,0.003306709721831764,0.9999999999999996,0.9999999999999999,0.00019165000760603193,3.305556243733224e-05,0.10937403800198808,16,"[1, 2, 4, 8, 16, 16, 16, 16, 16, 8, 4, 2, 1]",2728,1.5010629315719912e-06,1.5010629366248523e-06,1e-12
fc04a3bc380f564701a05577f9877c3d0fb898ae28289a54a9fe4c58ca64fe7f,C,hybrid_tdvp,11,rzz,0.05,2,8,6,16,8,2,2,mixed,0.9999882402561729,0.9999882402561729,1.175974382705558e-05,0.003429253329720282,0.9999999999999996,1.0000000000000002,0.0002234160672142521,3.709277275745813e-05,0.3315825320314616,16,"[1, 2, 4, 8, 16, 16, 16, 16, 16, 8, 4, 2, 1]",2728,8.708006806129722e-07,8.708006818758442e-07,1e-12
a1de1bf3d2a2e5f180675668f777031124a4e18a64f8d6887243f1e377c165f7,C,hybrid_tdvp,11,rzz,0.05,2,8,6,64,1,2,2,mixed,0.9999999995263342,0.9999999995263342,4.736657732706817e-10,2.1756995307494324e-05,0.9999999999999996,0.9999999999998513,1.3839278903415853e-07,2.4567104839975526e-08,0.14491577300941572,32,"[1, 2, 4, 8, 16, 31, 32, 30, 16, 8, 4, 2, 1]",6536,2.3320066218173447e-13,3.1417885786053477e-13,1e-12
46735799afb33770dee29df3fc2032a006ab7193646e96402e688f1d4a84b7bd,C,hybrid_tdvp,11,rzz,0.05,2,8,6,64,2,2,2,mixed,0.9999999998798244,0.9999999998798244,1.2017564721134022e-10,1.0945049452607354e-05,0.9999999999999996,0.9999999999998092,6.756394752005512e-08,1.2386698162925815e-08,0.11465696600498632,32,"[1, 2, 4, 8, 16, 30, 32, 29, 16, 8, 4, 2, 1]",6344,3.8621688012350023e-13,4.064393325355626e-13,1e-12
1b4f3e5d582a87a7897dda93efd14cb2905ba2e66e66bcad7923c244d7365f5a,C,hybrid_tdvp,11,rzz,0.05,2,8,6,64,4,2,2,mixed,0.9999999999591886,0.9999999999591886,4.0811354296010904e-11,6.300442619098558e-06,0.9999999999999996,0.9999999999994427,2.8086677997252174e-08,6.287405933476345e-09,0.10334395000245422,31,"[1, 2, 4, 8, 16, 29, 31, 28, 16, 8, 4, 2, 1]",6038,1.1343219010401682e-12,1.1393747623679978e-12,1e-12
a438b83719603e9fa9110cb6793a30f48e2b7c147fe066fb84592f7cad496732,C,hybrid_tdvp,11,rzz,0.05,2,8,6,64,8,2,2,mixed,0.9999999999451274,0.9999999999451274,5.487255094749344e-11,7.226060767511009e-06,0.9999999999999996,0.9999999999986727,7.19300506726861e-08,1.1872780411946047e-08,0.38600061199394986,30,"[1, 2, 4, 8, 16, 28, 30, 27, 16, 8, 4, 2, 1]",5740,2.710181309252526e-12,2.7114441812573414e-12,1e-12
ecc4550cb1d9e75e9988ad043cd814a7ae523808b1d14fa4c83bf720f8e243f0,C,hybrid_tdvp,11,rzz,0.05,3,9,6,8,1,3,3,commuting,0.9991643773421189,0.9991643773421189,0.0008356226578810633,0.02891015906494656,0.9999999999999996,0.9999999999999998,0.0041111301031434185,0.000734783215020035,0.053381563047878444,8,"[1, 2, 4, 8, 8, 8, 8, 8, 8, 8, 4, 2, 1]",936,4.567243159983914e-05,0.00015691762898276427,1e-12
b557f1e39faa049acfa00861fccad55bd5e7d672ca660c8984f7a698726eda03,C,hybrid_tdvp,11,rzz,0.05,3,9,6,8,2,3,3,commuting,0.9991631153464445,0.9991631153464445,0.0008368846535554697,0.028931986119899927,0.9999999999999996,1.0000000000000013,0.004151552422719258,0.0007334100560009873,0.27885793102905154,8,"[1, 2, 4, 8, 8, 8, 8, 8, 8, 8, 4, 2, 1]",936,2.2868191729269988e-05,7.852371841865281e-05,1e-12
e6d7fbbb83d47f1a7556672a70529c5cdb0c91dc6259654faf739f2d094f9d94,C,hybrid_tdvp,11,rzz,0.05,3,9,6,8,4,3,3,commuting,0.999162435460954,0.999162435460954,0.0008375645390460429,0.028943738374969916,0.9999999999999996,1.0000000000000007,0.004169918186365938,0.0007328131742513896,0.14888118801172823,8,"[1, 2, 4, 8, 8, 8, 8, 8, 8, 8, 4, 2, 1]",936,1.1441631426320165e-05,3.9272973868909085e-05,1e-12
5e4b46d5da8a698a5fea26cec23629813f1b16a35d703ed90943e3952d7c53a7,C,hybrid_tdvp,11,rzz,0.05,3,9,6,8,8,3,3,commuting,0.9991620836441361,0.9991620836441361,0.0008379163558639435,0.028949817881879863,0.9999999999999996,0.9999999999999991,0.004178701430821448,0.0007325411830847982,0.19602358399424702,8,"[1, 2, 4, 8, 8, 8, 8, 8, 8, 8, 4, 2, 1]",936,5.722651363422598e-06,1.9638780406762868e-05,1e-12
b3584152acc28e625faa4731de58fa602deca156adf5bc16516dafbda01e8723,C,hybrid_tdvp,11,rzz,0.05,3,9,6,16,1,3,3,commuting,0.9999910414989601,0.9999910414989601,8.958501039879607e-06,0.0029930788668465443,0.9999999999999996,0.9999999999999998,0.0001511967108459543,2.5874561466243636e-05,0.11340774898417294,16,"[1, 2, 4, 8, 16, 16, 16, 16, 16, 8, 4, 2, 1]",2728,4.035331667502303e-06,4.035331667502303e-06,1e-12
2c9f5ae13897b3c4b56702cd8c0df59e6ed3139df00d7f290af64286f8747392,C,hybrid_tdvp,11,rzz,0.05,3,9,6,16,2,3,3,commuting,0.9999884058912649,0.9999884058912649,1.1594108735080155e-05,0.003405017230442346,0.9999999999999996,1.0000000000000009,0.00012803610343103955,3.033543431970592e-05,0.03451309201773256,16,"[1, 2, 4, 8, 16, 16, 16, 16, 16, 8, 4, 2, 1]",2728,2.8415857054199638e-06,2.8415912246116e-06,1e-12
81cf22bc43f19a2b95742a09a9eeb4c99f8de39b10bcbfd25b42709f0c831ce0,C,hybrid_tdvp,11,rzz,0.05,3,9,6,16,4,3,3,commuting,0.9999870283036542,0.9999870283036542,1.297169634584261e-05,0.0036016299658032107,0.9999999999999996,0.9999999999999997,0.00020428266937862205,3.910200324167911e-05,0.09983185603050515,16,"[1, 2, 4, 8, 16, 16, 16, 16, 16, 8, 4, 2, 1]",2728,1.7100252575696076e-06,1.7100259623871011e-06,1e-12
c8c0797742ffa1fd19d122580af3334564ad44f1398ff895c42967786073abf1,C,hybrid_tdvp,11,rzz,0.05,3,9,6,16,8,3,3,commuting,0.9999869879010749,0.9999869879010749,1.3012098925124782e-05,0.0036072345716146787,0.9999999999999996,1.0000000000000002,0.0002442232434999615,4.3214471277599204e-05,0.21098710800288245,16,"[1, 2, 4, 8, 16, 16, 16, 16, 16, 8, 4, 2, 1]",2728,8.823695678830045e-07,8.823696580673706e-07,1e-12
f3d925ae600fc01b7de2c3dcd1cadb8744a719e813b886baead75fb780cd5fdc,C,hybrid_tdvp,11,rzz,0.05,3,9,6,64,1,3,3,commuting,0.9999999999905818,0.9999999999905818,9.418243962500128e-12,3.031406496256921e-06,0.9999999999999996,0.999999999999885,5.1746171278455044e-08,9.342182597441198e-09,0.12883601896464825,32,"[1, 2, 4, 8, 16, 31, 32, 30, 16, 8, 4, 2, 1]",6536,2.304006219003718e-13,2.304006219003718e-13,1e-12
25e784f10421541353b234dae05b06947ac1bbaf3a0227a2d3a28f20cf3d28c9,C,hybrid_tdvp,11,rzz,0.05,3,9,6,64,2,3,3,commuting,0.9999999999391982,0.9999999999391982,6.080180803280655e-11,7.758594772203564e-06,0.9999999999999996,0.999999999999697,1.7167649041943678e-07,2.0495438489269494e-08,0.23133701202459633,32,"[1, 2, 4, 8, 16, 30, 32, 30, 16, 8, 4, 2, 1]",6440,3.075309430248861e-13,6.094408435509687e-13,1e-12
02c3fb8a167a1b4aeffdadb2e4b91446f7aa49240e57488cc9c35abff99a32e6,C,hybrid_tdvp,11,rzz,0.05,3,9,6,64,4,3,3,commuting,0.9999999999708256,0.9999999999708256,2.9174440641099864e-11,5.242657392350518e-06,0.9999999999999996,0.9999999999991553,8.389771166683602e-08,1.117202953361714e-08,0.20034842396853492,31,"[1, 2, 4, 8, 16, 29, 31, 29, 16, 8, 4, 2, 1]",6132,1.2033889690542775e-12,1.725440918669137e-12,1e-12
202befb305dccad58d35007f53fab8c24a11f0d7b36a0f85a45687b3753ad577,C,hybrid_tdvp,11,rzz,0.05,3,9,6,64,8,3,3,commuting,0.9999999999601523,0.9999999999601523,3.984768071063627e-11,6.145148859996332e-06,0.9999999999999996,0.9999999999989577,3.031888123894433e-08,6.410617630332852e-09,0.22218532796250656,31,"[1, 2, 4, 8, 16, 28, 31, 27, 16, 8, 4, 2, 1]",5850,2.064025429020509e-12,2.154209795253934e-12,1e-12
dae06f433fd1ad2a60d57eee0631dd4e471ec1ccdcb5ff6b6f83a9746630d339,C,hybrid_tdvp,11,ryy,0.05,3,9,6,8,1,3,3,mixed,0.9990755784155906,0.9990755784155906,0.0009244215844094184,0.030407816791555874,0.9999999999999996,1.0000000000000009,0.003283763706547937,0.0006082611044097007,0.0357227879576385,8,"[1, 2, 4, 8, 8, 8, 8, 8, 8, 8, 4, 2, 1]",936,5.5683228363369334e-05,0.00014972869756741194,1e-12
a2c2c2d399b2334f2f75365491f4fce4a3381c022a754b1840fdddd2b6535176,C,hybrid_tdvp,11,ryy,0.05,3,9,6,8,2,3,3,mixed,0.9990746506017999,0.9990746506017999,0.0009253493982001038,0.0304230761951789,0.9999999999999996,0.9999999999999992,0.0032730558390748135,0.0006050439653730704,0.14459888701094314,8,"[1, 2, 4, 8, 8, 8, 8, 8, 8, 8, 4, 2, 1]",936,2.782407615375485e-05,7.482818730290299e-05,1e-12
baa09abff91928bb56a5b4301dbd20d960ba13717623f28b2903105bc494a130,C,hybrid_tdvp,11,ryy,0.05,3,9,6,8,4,3,3,mixed,0.9990741327968199,0.9990741327968199,0.0009258672031801085,0.030431589014827863,0.9999999999999996,1.0000000000000004,0.00326743468061292,0.000603560002417087,0.05960463499650359,8,"[1, 2, 4, 8, 8, 8, 8, 8, 8, 8, 4, 2, 1]",936,1.3912763152071081e-05,3.7414931748392896e-05,1e-12
b4d9d3b6a7576efe851bacd5790ef69b4e5aa480a04ae31b2e7462f07eb26c6e,C,hybrid_tdvp,11,ryy,0.05,3,9,6,8,8,3,3,mixed,0.9990738612056158,0.9990738612056158,0.0009261387943841903,0.030436053078628227,0.9999999999999996,1.0000000000000009,0.0032645598431412307,0.000602848831453563,0.18412021599942818,8,"[1, 2, 4, 8, 8, 8, 8, 8, 8, 8, 4, 2, 1]",936,6.957213867856822e-06,1.8708927802011174e-05,1e-12
cf974a68765e1449e2fb5266e93918f506270a32cae0d76918359d7262af354f,C,hybrid_tdvp,11,ryy,0.05,3,9,6,16,1,3,3,mixed,0.9999705162328658,0.9999705162328658,2.9483767134186323e-05,0.005429915695369044,0.9999999999999996,0.9999999999999997,0.00022410890593978217,4.774008752910589e-05,0.020859932992607355,16,"[1, 2, 4, 8, 16, 16, 16, 16, 16, 8, 4, 2, 1]",2728,1.191247488738689e-05,1.6031826784342334e-05,1e-12
5497ce11add95e7e0bdb9c68f5952b104513616c797af89c0a191f0b398de8f6,C,hybrid_tdvp,11,ryy,0.05,3,9,6,16,2,3,3,mixed,0.9999626305018222,0.9999626305018222,3.736949817778612e-05,0.006113088196920945,0.9999999999999996,1.0,0.0002826497886960766,7.026948029285615e-05,0.2951125339604914,16,"[1, 2, 4, 8, 16, 16, 16, 16, 16, 8, 4, 2, 1]",2728,8.34663278389569e-06,1.0859038867658321e-05,1e-12
359f9c640e3fb1e24012d382d94e631a77f2f44771f615d87173ae10951a3702,C,hybrid_tdvp,11,ryy,0.05,3,9,6,16,4,3,3,mixed,0.9999541147409678,0.9999541147409678,4.588525903215235e-05,0.006773904738560261,0.9999999999999996,0.9999999999999996,0.00039703326959464325,8.927933200620806e-05,0.07899020897457376,16,"[1, 2, 4, 8, 16, 16, 16, 16, 16, 8, 4, 2, 1]",2728,5.221851404081088e-06,6.7229143407059405e-06,1e-12
1107d0f20435c77d9c6eacf77988206f63d7db08d550548b2411b852bb600801,C,hybrid_tdvp,11,ryy,0.05,3,9,6,16,8,3,3,mixed,0.9999500832612427,0.9999500832612427,4.991673875731628e-05,0.00706522198457896,0.9999999999999996,0.9999999999999998,0.0004111139593872548,9.24408952079613e-05,0.16067977901548147,16,"[1, 2, 4, 8, 16, 16, 16, 16, 16, 8, 4, 2, 1]",2728,2.7804188294727605e-06,3.6512195113486045e-06,1e-12
11120fcab8d5683d4b8368110d97a5c9c1a7686ca5606824786eb4e522dfc3a8,C,hybrid_tdvp,11,ryy,0.05,3,9,6,64,1,3,3,mixed,0.9999999995260014,0.9999999995260014,4.739986181334643e-10,2.1762189678560347e-05,0.9999999999999996,0.9999999999997979,1.383967387913465e-07,2.4588897865911713e-08,0.27129016898106784,50,"[1, 2, 4, 8, 16, 32, 50, 32, 16, 8, 4, 2, 1]",9128,1.0616740000208338e-13,4.2034625786261817e-13,1e-12
010fd3bb4459470aee34a4c6f0be943ac1fba33ca30fefdfd8af2175c871bbea,C,hybrid_tdvp,11,ryy,0.05,3,9,6,64,2,3,3,mixed,0.9999999998787648,0.9999999998787648,1.2123524406604247e-10,1.098285382480543e-05,0.9999999999999996,0.9999999999996927,6.756033119059701e-08,1.2368598160902078e-08,0.536570615018718,48,"[1, 2, 4, 8, 16, 32, 48, 32, 16, 8, 4, 2, 1]",8872,2.323945378665544e-13,6.38833870402117e-13,1e-12
4105febb2aa519563a278c84672ce34d67fa737026fa5f7b72323b42d522939f,C,hybrid_tdvp,11,ryy,0.05,3,9,6,64,4,3,3,mixed,0.9999999999557407,0.9999999999557407,4.425926292128679e-11,6.534802297816268e-06,0.9999999999999996,0.9999999999992234,2.798842793638734e-08,6.204594989852277e-09,0.8919153669849038,46,"[1, 2, 4, 8, 16, 32, 46, 32, 16, 8, 4, 2, 1]",8616,4.510479379386749e-13,1.5904227003066723e-12,1e-12
0c4ddb2b14b982afe9d39328d730b543ca864ff93025572832ebe5bd35c78522,C,hybrid_tdvp,11,ryy,0.05,3,9,6,64,8,3,3,mixed,0.9999999999346425,0.9999999999346425,6.535749719205342e-11,7.872690706514241e-06,0.9999999999999996,0.9999999999983104,6.599160976700214e-08,1.3154229290128615e-08,1.6477233420009725,44,"[1, 2, 4, 8, 16, 32, 44, 32, 16, 8, 4, 2, 1]",8360,7.372884452201488e-13,3.4487326264774903e-12,1e-12
1881d2b6d18acf66f0bd9bb907ee2391bbbb678e7d3a98bb4bafcd563db2298c,C,hybrid_tdvp,11,rzz,0.05,2,9,7,8,1,4,4,commuting,0.9981389818273199,0.9981389818273199,0.00186101817268014,0.043149563456142806,0.9999999999999996,1.0000000000000007,0.004551639899023928,0.0008575352294455992,0.021052672003861517,8,"[1, 2, 4, 8, 8, 8, 8, 8, 8, 8, 4, 2, 1]",936,6.0234418523262995e-05,0.00021715204750602724,1e-12
c54751a8926960dc399d8be2d3987d25f43617a212030b7517369497ba022ffc,C,hybrid_tdvp,11,rzz,0.05,2,9,7,8,2,4,4,commuting,0.9981323967636927,0.9981323967636927,0.0018676032363073025,0.04322587231024879,0.9999999999999996,1.0000000000000007,0.004646071963971404,0.0008603953594825588,0.04559211200103164,8,"[1, 2, 4, 8, 8, 8, 8, 8, 8, 8, 4, 2, 1]",936,3.0131956397097823e-05,0.00010865567481575064,1e-12
0a5a5536001793ed1d3eb51159253b7d56c5d3293fbee8e13f507a8b65387872,C,hybrid_tdvp,11,rzz,0.05,2,9,7,8,4,4,4,commuting,0.9981291014672428,0.9981291014672428,0.001870898532757237,0.04326400833977953,0.9999999999999996,0.9999999999999999,0.0046899160839333105,0.0008617853756726985,0.20269518898567185,8,"[1, 2, 4, 8, 8, 8, 8, 8, 8, 8, 4, 2, 1]",936,1.5066666015334892e-05,5.4339639884243996e-05,1e-12
02cb60b40119a1ad488f2137f51a8948a5372abe2d27be1a0b768d45df27e46c,C,hybrid_tdvp,11,rzz,0.05,2,9,7,8,8,4,4,commuting,0.9981274517717565,0.9981274517717565,0.0018725482282434536,0.04328308744958174,0.9999999999999996,1.0000000000000009,0.004711115815426575,0.0008624794370068688,0.1958240979583934,8,"[1, 2, 4, 8, 8, 8, 8, 8, 8, 8, 4, 2, 1]",936,7.533084123791211e-06,2.7171864530554087e-05,1e-12
eec0f89b5b6c4eda3ca0971318afdf2fc1ab2904a3fcfab57c59d83a3e2b59b6,C,hybrid_tdvp,11,rzz,0.05,2,9,7,16,1,4,4,commuting,0.9999910067419201,0.9999910067419201,8.993258079903477e-06,0.0029083653616725283,0.9999999999999996,0.9999997326553539,0.00015621731184186152,2.523516148278549e-05,0.05119168903911486,16,"[1, 2, 4, 8, 16, 16, 16, 16, 16, 8, 4, 2, 1]",2728,5.458466589827514e-07,4.581178326485055e-06,1e-12
dd5989d1a683a9d3ccce23228af3fb84785319c8deceef41db5ce8929d7fb687,C,hybrid_tdvp,11,rzz,0.05,2,9,7,16,2,4,4,commuting,0.9999899113110217,0.9999899113110217,1.0088688978338034e-05,0.0031284599526613783,0.9999999999999996,0.9999998492736151,0.00010792753987151626,2.9313662994968037e-05,0.05745367397321388,16,"[1, 2, 4, 8, 16, 16, 16, 16, 16, 8, 4, 2, 1]",2728,3.004330142765497e-07,3.1420242388881494e-06,1e-12
ad9725993b54a1a8767cb39009b1c690a2226ab28bdb8e31047ad0a96479a9b0,C,hybrid_tdvp,11,rzz,0.05,2,9,7,16,4,4,4,commuting,0.9999891754331973,0.9999891754331973,1.0824566802680735e-05,0.0032642462214088593,0.9999999999999996,0.9999999153536469,0.00019056868534058843,3.695754323056799e-05,0.24174327799119055,16,"[1, 2, 4, 8, 16, 16, 16, 16, 16, 8, 4, 2, 1]",2728,1.666412063285711e-07,1.8766671687156722e-06,1e-12
30026a393e25aab7b378c45cc970d73e869c8c8400eb378bd4170973f6ab9a62,C,hybrid_tdvp,11,rzz,0.05,2,9,7,16,8,4,4,commuting,0.9999888678998977,0.9999888678998977,1.1132100102284603e-05,0.003324559808566523,0.9999999999999996,0.9999999602834189,0.00022975531375135985,4.0888017473802094e-05,0.29836310900282115,16,"[1, 2, 4, 8, 16, 16, 16, 16, 16, 8, 4, 2, 1]",2728,7.90647356451461e-08,9.614343937125169e-07,1e-12
48b48bc639146c63ba4b850f92d5cc6d01ce007e1409ab6d2414d371500d1551,C,hybrid_tdvp,11,rzz,0.05,2,9,7,64,1,4,4,commuting,0.9999999999905733,0.9999999999905733,9.426681657487279e-12,3.0313943449397883e-06,0.9999999999999996,0.9999999999998815,5.175292650330676e-08,9.355687475439078e-09,0.1317819010000676,32,"[1, 2, 4, 8, 16, 31, 32, 30, 16, 8, 4, 2, 1]",6536,8.330642301676701e-18,2.304089525426735e-13,1e-12
c63e067aba27c4c2e49dd56642e16b0da1090add2982b8faab5729c71bd48ea3,C,hybrid_tdvp,11,rzz,0.05,2,9,7,64,2,4,4,commuting,0.9999999999392033,0.9999999999392033,6.079670100689327e-11,7.759135089797326e-06,0.9999999999999996,0.9999999999997043,1.7176292540013738e-07,2.225654428554565e-08,0.0779635640210472,32,"[1, 2, 4, 8, 16, 30, 32, 30, 16, 8, 4, 2, 1]",6440,4.6597512161903257e-17,6.094874410631306e-13,1e-12
bbfeb05b89e8f90a6f8ce8ff1d9002ca2432544824561b42a032a8414928be91,C,hybrid_tdvp,11,rzz,0.05,2,9,7,64,4,4,4,commuting,0.9999999999707612,0.9999999999707612,2.923883357652812e-11,5.249995972086303e-06,0.9999999999999996,0.999999999999162,8.418424701089888e-08,1.2166311842058724e-08,0.08846774604171515,31,"[1, 2, 4, 8, 16, 29, 31, 29, 16, 8, 4, 2, 1]",6132,1.6192463866949283e-16,1.7256028433078066e-12,1e-12
30c2de559a9b6a7b26f742add977aa68d659513c9143b5e3ab1879a430de7a29,C,hybrid_tdvp,11,rzz,0.05,2,9,7,64,8,4,4,commuting,0.999999999960594,0.999999999960594,3.940603399144038e-11,6.112687137498011e-06,0.9999999999999996,0.9999999999989785,3.027180546510966e-08,6.675328212935262e-09,0.3066194970160723,31,"[1, 2, 4, 8, 16, 28, 31, 27, 16, 8, 4, 2, 1]",5850,5.517261213461251e-16,2.154761521375279e-12,1e-12
1304e3f2533ede94703b706d6464cb313407a1931a5c943f4817c81d230b2609,C,hybrid_tdvp,11,rxx,0.05,2,9,7,8,1,4,4,mixed,0.9982567191878959,0.9982567191878959,0.0017432808121040644,0.04176171969709669,0.9999999999999996,1.0000000000000002,0.004554516358782755,0.0007773887858112373,0.019724206009414047,8,"[1, 2, 4, 8, 8, 8, 8, 8, 8, 8, 4, 2, 1]",936,3.943618644907367e-05,0.0001891648840164856,1e-12
82a59613f410de0e68fbae34513a1522524a807fc5441d49837802ffd5802097,C,hybrid_tdvp,11,rxx,0.05,2,9,7,8,2,4,4,mixed,0.9982537974663314,0.9982537974663314,0.0017462025336686393,0.0417967164474394,0.9999999999999996,0.9999999999999999,0.0045308212558701315,0.0007735713331150832,0.11516889999620616,8,"[1, 2, 4, 8, 8, 8, 8, 8, 8, 8, 4, 2, 1]",936,1.973694614267356e-05,9.456513344557652e-05,1e-12
4113db8dffa45918012d846e353814733bbcd4eac1e7b0c83c1b4f5bbe542f21,C,hybrid_tdvp,11,rxx,0.05,2,9,7,8,4,4,4,mixed,0.9982522815339887,0.9982522815339887,0.0017477184660112943,0.041814862955716486,0.9999999999999996,1.0000000000000004,0.004518192971963694,0.0007717650746006348,0.23179276898736134,8,"[1, 2, 4, 8, 8, 8, 8, 8, 8, 8, 4, 2, 1]",936,9.874749165573987e-06,4.7289680913966874e-05,1e-12
db7fa89d8c89acb17c7057edbca1892c2f831840ca250f784e806904924eb1e0,C,hybrid_tdvp,11,rxx,0.05,2,9,7,8,8,4,4,mixed,0.9982515101563483,0.9982515101563483,0.0017484898436517238,0.04182409373501284,0.9999999999999996,1.0000000000000002,0.004511702962332741,0.0007708888219507963,0.3377675410010852,8,"[1, 2, 4, 8, 8, 8, 8, 8, 8, 8, 4, 2, 1]",936,4.939119349422238e-06,2.3648047151433417e-05,1e-12
541f2f4db297be8d7e61473a1d8b32ecbc22eb484752a60a6d6bdcd7cb1d5353,C,hybrid_tdvp,11,rxx,0.05,2,9,7,16,1,4,4,mixed,0.9999529266101361,0.9999529266101361,4.7073389863871995e-05,0.006861045390709444,0.9999999999999996,0.9999999999999999,0.0003200960732061761,6.575627716822262e-05,0.06007942697033286,16,"[1, 2, 4, 8, 16, 16, 16, 16, 16, 8, 4, 2, 1]",2728,2.355049341935606e-06,1.838687612627794e-05,1e-12
a84df4f0db97c1472b2c7c7d7ce945f6b4a0d65678338b54dd5a381f3339b557,C,hybrid_tdvp,11,rxx,0.05,2,9,7,16,2,4,4,mixed,0.9999447258244277,0.9999447258244277,5.527417557227299e-05,0.007434711790137896,0.9999999999999996,1.000000000000001,0.00036449150539616393,9.32940173244822e-05,0.25504543096758425,16,"[1, 2, 4, 8, 16, 16, 16, 16, 16, 8, 4, 2, 1]",2728,1.0467144659224427e-06,1.1905753333580762e-05,1e-12
d5fc6cfbe1660f013685dee8d6ad98b50c29b6762c6023a09840423bcb5a14ae,C,hybrid_tdvp,11,rxx,0.05,2,9,7,16,4,4,4,mixed,0.9999369586618345,0.9999369586618345,6.304133816548152e-05,0.007912954383122823,0.9999999999999996,0.9999997862576385,0.0004947538827710235,0.00011301533598657388,0.09541718603577465,16,"[1, 2, 4, 8, 16, 16, 16, 16, 16, 8, 4, 2, 1]",2728,4.4202550040965523e-07,7.164939841115594e-06,1e-12
2ed7c1719b390723efe92f00f2a200c68ea2419d7f289f1b076b15bfdc8cbdc4,C,hybrid_tdvp,11,rxx,0.05,2,9,7,16,8,4,4,mixed,0.999934058882494,0.999934058882494,6.594111750601872e-05,0.008108396344441679,0.9999999999999996,0.9999999019433352,0.0005047161056037641,0.00011426341974910377,0.31406488502398133,16,"[1, 2, 4, 8, 16, 16, 16, 16, 16, 8, 4, 2, 1]",2728,2.032237250060557e-07,3.854443236354659e-06,1e-12
dcb8cbd5d407aac2b0df77771226bfb8d48e609ec998cf9dc4b9d7470354f804,C,hybrid_tdvp,11,rxx,0.05,2,9,7,64,1,4,4,mixed,0.9999999995259197,0.9999999995259197,4.740803305480767e-10,2.1760453571724265e-05,0.9999999999999996,0.999999999999719,2.0494568313267347e-07,3.240548854467218e-08,0.33031283103628084,46,"[1, 2, 4, 8, 16, 32, 46, 32, 16, 8, 4, 2, 1]",8616,1.605152808305643e-13,5.808615386931825e-13,1e-12
e07e0b54c9393c5abb0944b4ba1cb250c87abd75afc46cd009033e022d859d38,C,hybrid_tdvp,11,rxx,0.05,2,9,7,64,2,4,4,mixed,0.9999999998790208,0.9999999998790208,1.209792266365639e-10,1.0962735066937451e-05,0.9999999999999996,0.9999999999996011,1.0888590636082274e-07,1.6522397709542766e-08,0.7086290850420482,46,"[1, 2, 4, 8, 16, 32, 46, 32, 16, 8, 4, 2, 1]",8616,1.9768355212079486e-13,8.365174225229119e-13,1e-12
4c9868560519b2596e5bd5d8c2d47eb5219881f299a13f766ea65efc576ef83c,C,hybrid_tdvp,11,rxx,0.05,2,9,7,64,4,4,4,mixed,0.999999999957617,0.999999999957617,4.2382986009670276e-11,6.3603882191573955e-06,0.9999999999999996,0.9999999999990364,5.4852626246715275e-08,8.339434400152892e-09,1.1020659420173615,47,"[1, 2, 4, 8, 16, 32, 47, 32, 16, 8, 4, 2, 1]",8744,3.8975343286549867e-13,1.980176133172171e-12,1e-12
c5c0fdf03b4bbb6065f303fe1b7b4f9b8aa8fca9296873e421cacb7735bf532f,C,hybrid_tdvp,11,rxx,0.05,2,9,7,64,8,4,4,mixed,0.9999999999416533,0.9999999999416533,5.834666083615048e-11,7.3736770740609956e-06,0.9999999999999996,0.9999999999980126,6.954232919381687e-08,1.319371812940943e-08,1.8941721199662425,46,"[1, 2, 4, 8, 16, 32, 46, 32, 16, 8, 4, 2, 1]",8616,6.528510347774479e-13,4.101583661254938e-12,1e-12
073f2fc68c891fd579c3d7f1d7bac5eb47660820330f54177216f60834814a2b,C,hybrid_tdvp,11,rzz,0.05,2,8,6,8,1,5,5,commuting,0.9974230949378637,0.9974230949378637,0.002576905062136259,0.05077959545412643,0.9999999999999996,1.0000000000000002,0.007016531932050828,0.0012856490043403972,0.01917279203189537,8,"[1, 2, 4, 8, 8, 8, 8, 8, 8, 8, 4, 2, 1]",936,5.1601836381763695e-05,0.0002687538838877909,1e-12
f4b94714d14ac810182b3c9752fcfb606de14c063bf15eafc11791ee179241fa,C,hybrid_tdvp,11,rzz,0.05,2,8,6,8,2,5,5,commuting,0.9974123629531473,0.9974123629531473,0.00258763704685272,0.05088529436430116,0.9999999999999996,1.0,0.007158359812092199,0.0012909587808308256,0.08834717702120543,8,"[1, 2, 4, 8, 8, 8, 8, 8, 8, 8, 4, 2, 1]",936,2.5757788179265253e-05,0.0001344134629950159,1e-12
68962d0421447f953fbcb067cb773312b6510b7c9bb60a332a0ee5cf216a0786,C,hybrid_tdvp,11,rzz,0.05,2,8,6,8,4,5,5,commuting,0.997407019656936,0.997407019656936,0.0025929803430639886,0.0509378387117082,0.9999999999999996,1.0,0.007223524004807136,0.0012934648521227817,0.14290212001651525,8,"[1, 2, 4, 8, 8, 8, 8, 8, 8, 8, 4, 2, 1]",936,1.2871403989472657e-05,6.721104387371665e-05,1e-12
9e47d269fc22033f936a1c5fce18556ecaa04d44a8701dc39277e8b3f198212e,C,hybrid_tdvp,11,rzz,0.05,2,8,6,8,8,5,5,commuting,0.9974043510538366,0.9974043510538366,0.002595648946163376,0.05096406071014136,0.9999999999999996,1.0000000000000004,0.007254833968838602,0.0012946911451096538,0.18275480897864327,8,"[1, 2, 4, 8, 8, 8, 8, 8, 8, 8, 4, 2, 1]",936,6.43420635917722e-06,3.36060708897313e-05,1e-12
83cdf1986882440de58e893d069e175baff6d2d0fac96b03cfd81a588ba36e55,C,hybrid_tdvp,11,rzz,0.05,2,8,6,16,1,5,5,commuting,0.9999847780675957,0.9999847780675957,1.5221932404330119e-05,0.0039015369190921415,0.9999999999999996,0.9999999999999994,0.0001604490736319339,2.9971188528667163e-05,0.01576008804840967,16,"[1, 2, 4, 8, 16, 16, 16, 16, 16, 8, 4, 2, 1]",2728,8.468056775429136e-07,5.4279840040279686e-06,1e-12
761cf0c40264fff48155855c349cef6af66abb6bf307e5a3dd922b8422b2c316,C,hybrid_tdvp,11,rzz,0.05,2,8,6,16,2,5,5,commuting,0.9999827899732591,0.9999827899732591,1.7210026740932527e-05,0.004148505850108876,0.9999999999999996,1.0000000000000004,0.00015046870461742426,3.8722135772638046e-05,0.05122638598550111,16,"[1, 2, 4, 8, 16, 16, 16, 16, 16, 8, 4, 2, 1]",2728,5.125178575078919e-07,3.6545420963960414e-06,1e-12
4a19ea3a3634b0e4306c84bcd919cb87a60b79bd21f0b8b6b05a2921ea2b2390,C,hybrid_tdvp,11,rzz,0.05,2,8,6,16,4,5,5,commuting,0.9999810572821449,0.9999810572821449,1.8942717855074953e-05,0.004299731616909859,0.9999999999999996,0.9999997724421821,0.0002768611155403236,4.8708607627258515e-05,0.06350870203459635,16,"[1, 2, 4, 8, 16, 16, 16, 16, 16, 8, 4, 2, 1]",2728,2.803387481701202e-07,2.157005916885792e-06,1e-12
1c1273d5b06d795c18567c97d3385656d8bd0fbfb0dd0a8f8085ffb93be72c42,C,hybrid_tdvp,11,rzz,0.05,2,8,6,16,8,5,5,commuting,0.9999810277196303,0.9999810277196303,1.897228036973342e-05,0.004331121357527908,0.9999999999999996,0.9999998931209236,0.00032697183052491155,5.375251955501332e-05,0.17288759496295825,16,"[1, 2, 4, 8, 16, 16, 16, 16, 16, 8, 4, 2, 1]",2728,1.3271883098118267e-07,1.0941532246936996e-06,1e-12
0975c0c9d069626a36efa5a64bc5686534af199ed6deeb2f943c0449352554ab,C,hybrid_tdvp,11,rzz,0.05,2,8,6,64,1,5,5,commuting,0.9999999999894549,0.9999999999894549,1.0545120332494662e-11,3.1862986246250146e-06,0.9999999999999996,0.9999999999998045,5.088952245713152e-08,9.032078916008178e-09,0.17656374297803268,32,"[1, 2, 4, 8, 16, 31, 32, 30, 16, 8, 4, 2, 1]",6536,1.6084619542254495e-13,3.9125514796521846e-13,1e-12
135d129dab05fd99b9f968fba383caca0d951b453d86011964946e0fedbf9792,C,hybrid_tdvp,11,rzz,0.05,2,8,6,64,2,5,5,commuting,0.9999999999365459,0.9999999999365459,6.345413083863605e-11,7.915842830507835e-06,0.9999999999999996,0.9999999999996027,1.7077466170703492e-07,2.213828972569257e-08,0.09226724499603733,32,"[1, 2, 4, 8, 16, 30, 32, 30, 16, 8, 4, 2, 1]",6440,2.0713290263975753e-13,8.166203437028882e-13,1e-12
a699aa83f6438f83319a0ed1da0d64e63d5ad1ced3eb53c01807b9f890daae9d,C,hybrid_tdvp,11,rzz,0.05,2,8,6,64,4,5,5,commuting,0.9999999999434412,0.9999999999434412,5.6558757677294125e-11,7.333889611855189e-06,0.9999999999999996,0.9999999999986156,9.208151328585212e-08,1.5076873880717875e-08,0.3501548620406538,31,"[1, 2, 4, 8, 16, 29, 31, 29, 16, 8, 4, 2, 1]",6132,1.0900548627662378e-12,2.815657706074044e-12,1e-12
80f7c9282cb091e2f4005f51a481977206853c07f1403d9d87c45a68b2074e78,C,hybrid_tdvp,11,rzz,0.05,2,8,6,64,8,5,5,commuting,0.9999999998630118,0.9999999998630118,1.3698819856244882e-10,1.153211160992082e-05,0.9999999999999996,0.9999999999980009,6.061633216897233e-08,9.82130085738209e-09,0.28633951197844,31,"[1, 2, 4, 8, 16, 28, 31, 27, 16, 8, 4, 2, 1]",5850,1.984292525272658e-12,4.139054046647937e-12,1e-12
45756ae2ef7156bcff7b597345df797fa1893df216c6455dc697953f0e3d750c,C,hybrid_tdvp,11,rzz,0.05,2,8,6,8,1,5,5,mixed,0.9971604714140361,0.9971604714140361,0.002839528585963924,0.05330616459249887,0.9999999999999996,0.9999999999999999,0.007810508600193673,0.0013171515029235406,0.053180520015303046,8,"[1, 2, 4, 8, 8, 8, 8, 8, 8, 8, 4, 2, 1]",936,5.5148201474833244e-05,0.00024431308549131885,1e-12
29490b655e8004ae2b430e1a6452dc3d595826e500250e57812d7d6e7a70915c,C,hybrid_tdvp,11,rzz,0.05,2,8,6,8,2,5,5,mixed,0.9971539483302237,0.9971539483302237,0.0028460516697762506,0.053367401651855405,0.9999999999999996,0.9999999999999998,0.007830184485061897,0.0013172733100833061,0.0639265850186348,8,"[1, 2, 4, 8, 8, 8, 8, 8, 8, 8, 4, 2, 1]",936,2.7533388525949262e-05,0.00012209852197152577,1e-12
6399c244115ca42d8ded6038a2209386cbf0c24f6f53a75b277f0be1f467b481,C,hybrid_tdvp,11,rzz,0.05,2,8,6,8,4,5,5,mixed,0.9971506668996483,0.9971506668996483,0.0028493331003517364,0.05339818041749593,0.9999999999999996,1.0000000000000002,0.007837333375979617,0.0013173162157825598,0.11325951997423545,8,"[1, 2, 4, 8, 8, 8, 8, 8, 8, 8, 4, 2, 1]",936,1.3761729019691868e-05,6.105140993365876e-05,1e-12
e49d13b1771793c816420bde12104b87a025eed4c396a622c508db6b50f09edb,C,hybrid_tdvp,11,rzz,0.05,2,8,6,8,8,5,5,mixed,0.997149020450336,0.997149020450336,0.0028509795496639567,0.05341361692077818,0.9999999999999996,1.0000000000000002,0.007840303935866072,0.0013173364766751346,0.3698726769653149,8,"[1, 2, 4, 8, 8, 8, 8, 8, 8, 8, 4, 2, 1]",936,6.880216509279304e-06,3.052826366071272e-05,1e-12
9b4b8b8fbcb74088d64a1e283f6953e517beaa6d4e93944ac11d30ed71713bf3,C,hybrid_tdvp,11,rzz,0.05,2,8,6,16,1,5,5,mixed,0.9999274804719372,0.9999274804719372,7.25195280627533e-05,0.008515917030991657,0.9999999999999996,0.9999999999999998,0.00045917262843970727,8.560309380130476e-05,0.01722557400353253,16,"[1, 2, 4, 8, 16, 16, 16, 16, 16, 8, 4, 2, 1]",2728,3.324442740615202e-06,2.171131886689314e-05,1e-12
0bb8762c142eb3e9e766dfd9800dc42007ef601245d5c4a8a5c674c6711a0a73,C,hybrid_tdvp,11,rzz,0.05,2,8,6,16,2,5,5,mixed,0.9999182970620263,0.9999182970620263,8.170293797371553e-05,0.009039060066459706,0.9999999999999996,0.9999999999999999,0.00037538191640759666,0.00010377861331626107,0.048047355958260596,16,"[1, 2, 4, 8, 16, 16, 16, 16, 16, 8, 4, 2, 1]",2728,1.684639377797523e-06,1.3590392711378284e-05,1e-12
ca3c31f2b73d3ae1f94eebe758a7c64fdba4fd161dcb854d0fcf3f2548adb7b7,C,hybrid_tdvp,11,rzz,0.05,2,8,6,16,4,5,5,mixed,0.9999085686189331,0.9999085686189331,9.143138106693094e-05,0.009562085080475926,0.9999999999999996,0.9999999999999996,0.0005120032255531148,0.00012460341511433504,0.16892844100948423,16,"[1, 2, 4, 8, 16, 16, 16, 16, 16, 8, 4, 2, 1]",2728,8.981856103873106e-07,8.063125451502906e-06,1e-12
31980fa833f5b142c1f2e3cbf04b328959aa33784c938365c14855c916e99219,C,hybrid_tdvp,11,rzz,0.05,2,8,6,16,8,5,5,mixed,0.9999044187217939,0.9999044187217939,9.558127820608053e-05,0.009776684625218376,0.9999999999999996,1.0000000000000007,0.0005242812842606859,0.00012774961078380596,0.23438944201916456,16,"[1, 2, 4, 8, 16, 16, 16, 16, 16, 8, 4, 2, 1]",2728,4.699773590435143e-07,4.324420595398172e-06,1e-12
0d89487cb7455eb413c1bb5f4ae34887823655dd8d037b410ad239ee4be136cb,C,hybrid_tdvp,11,rzz,0.05,2,8,6,64,1,5,5,mixed,0.999999999525812,0.999999999525812,4.741880221814654e-10,2.176114187830339e-05,0.9999999999999996,0.9999999999996803,1.984118503800536e-07,3.2248825921555846e-08,0.3354888600297272,48,"[1, 2, 4, 8, 16, 32, 48, 32, 16, 8, 4, 2, 1]",8872,7.692524205093544e-14,6.577867807441179e-13,1e-12
64084e98f51766319c8823e2895496607fcb196009277cec7902abea237a5e03,C,hybrid_tdvp,11,rzz,0.05,2,8,6,64,2,5,5,mixed,0.9999999998788116,0.9999999998788116,1.211883926544033e-10,1.0968373221322885e-05,0.9999999999999996,0.9999999999995591,1.048032141903743e-07,1.6365290694297648e-08,0.5922909139771946,48,"[1, 2, 4, 8, 16, 32, 48, 32, 16, 8, 4, 2, 1]",8872,9.326403278312874e-14,9.297814553060406e-13,1e-12
1260b25cfa1018ecfcb64f7b826ed7416a5fdea54d02c575868fda48d64fc4b3,C,hybrid_tdvp,11,rzz,0.05,2,8,6,64,4,5,5,mixed,0.9999999999570988,0.9999999999570988,4.29012381175653e-11,6.3900184148988035e-06,0.9999999999999996,0.9999999999989664,5.1419880117697936e-08,8.117265277800333e-09,1.0225148699828424,47,"[1, 2, 4, 8, 16, 32, 47, 32, 16, 8, 4, 2, 1]",8744,1.5676969200964917e-13,2.1369458251818203e-12,1e-12
d535b28e8eeb22047fa845174a3e6500a5306aa1f469edbb53d169c5281c92b0,C,hybrid_tdvp,11,rzz,0.05,2,8,6,64,8,5,5,mixed,0.9999999999395928,0.9999999999395928,6.040723476985477e-11,7.495828843321591e-06,0.9999999999999996,0.9999999999978911,6.845796882842814e-08,1.2912679690302712e-08,1.671676789992489,46,"[1, 2, 4, 8, 16, 32, 46, 32, 16, 8, 4, 2, 1]",8616,2.405256237526337e-13,4.342109285007571e-12,1e-12
bfab37fa1fc947ca581183649ef7cac5462675f77a1fff5dbbcf63830e6bbdb1,C,hybrid_tdvp,11,rzz,0.05,3,9,6,8,1,6,6,commuting,0.9968289607154527,0.9968289607154527,0.0031710392845473168,0.0563343336766604,0.9999999999999996,0.9999999999999993,0.006929700209707453,0.0014226553919502382,0.061066930007655174,8,"[1, 2, 4, 8, 8, 8, 8, 8, 8, 8, 4, 2, 1]",936,4.4229863028005044e-05,0.0003129837469157959,1e-12
ea97575239cfec681e574fcc21b3e0544687aed2262631574f3f7e6a5fd68b97,C,hybrid_tdvp,11,rzz,0.05,3,9,6,8,2,6,6,commuting,0.9968153494672216,0.9968153494672216,0.003184650532778388,0.056455204170439525,0.9999999999999996,1.0000000000000002,0.007089239548804034,0.0014258953676665775,0.0708402429590933,8,"[1, 2, 4, 8, 8, 8, 8, 8, 8, 8, 4, 2, 1]",936,2.218499566623923e-05,0.0001565984586612551,1e-12
17d5eab81fd3457f2ece9ec126f3cec616dea9e21adb429173b660c5f6725f84,C,hybrid_tdvp,11,rzz,0.05,3,9,6,8,4,6,6,commuting,0.9968085814365518,0.9968085814365518,0.0031914185634481784,0.056515209659160556,0.9999999999999996,1.0000000000000002,0.007162923910305232,0.0014274289960831117,0.07585696701426059,8,"[1, 2, 4, 8, 8, 8, 8, 8, 8, 8, 4, 2, 1]",936,1.110948313765783e-05,7.832052701137448e-05,1e-12
b34e9cdb612b4fd154eea4ec6749b80d1b6b1e53ecf3bb61916bca0576162bb1,C,hybrid_tdvp,11,rzz,0.05,3,9,6,8,8,6,6,commuting,0.9968052036652982,0.9968052036652982,0.003194796334701766,0.05654513329910447,0.9999999999999996,0.9999999999999999,0.007198417396315798,0.001428185148374806,0.21267290296964347,8,"[1, 2, 4, 8, 8, 8, 8, 8, 8, 8, 4, 2, 1]",936,5.5589307209409315e-06,3.9165001610672216e-05,1e-12
924a6f2974520551d481b1ccd334e37fa1afc809ca15d5553f781e87bdc45044,C,hybrid_tdvp,11,rzz,0.05,3,9,6,16,1,6,6,commuting,0.9999643412021509,0.9999643412021509,3.5658797849058566e-05,0.0059715254116895974,0.9999999999999996,1.0000000000000004,0.00030373719532302175,5.388041764677169e-05,0.017003837041556835,16,"[1, 2, 4, 8, 16, 16, 16, 16, 16, 8, 4, 2, 1]",2728,2.736941321856839e-06,8.164925325884807e-06,1e-12
70d2c3fda5a214d47f50959b1b5e93f53c9d83535ce450eeb5ca034220386bff,C,hybrid_tdvp,11,rzz,0.05,3,9,6,16,2,6,6,commuting,0.999957433186052,0.999957433186052,4.2566813947986226e-05,0.006524359504263894,0.9999999999999996,1.0000000000000002,0.00022881263115140382,6.22182622552732e-05,0.0864989569527097,16,"[1, 2, 4, 8, 16, 16, 16, 16, 16, 8, 4, 2, 1]",2728,1.5907572940822551e-06,5.2452993904782984e-06,1e-12
5f2b03eef4d5b8e74cbc79863bdfc3da2f59adc0639eb8a56d485a4873de3b82,C,hybrid_tdvp,11,rzz,0.05,3,9,6,16,4,6,6,commuting,0.9999541423217293,0.9999541423217293,4.5857678270699864e-05,0.006771868576400752,0.9999999999999996,1.0000000000000007,0.00024180249936764028,6.951178078014314e-05,0.14305356302065775,16,"[1, 2, 4, 8, 16, 16, 16, 16, 16, 8, 4, 2, 1]",2728,8.453940410384265e-07,3.002399957924219e-06,1e-12
d42e43f75c18949010349b5d474b5cc57fd82e4104d38372bd135f704e0b3ec9,C,hybrid_tdvp,11,rzz,0.05,3,9,6,16,8,6,6,commuting,0.9999551719451789,0.9999551719451789,4.482805482108887e-05,0.006650829782656648,0.9999999999999996,0.9999997024897445,0.0003950466378083838,7.247441441072172e-05,0.14094349299557507,16,"[1, 2, 4, 8, 16, 16, 16, 16, 16, 8, 4, 2, 1]",2728,3.9934186577179023e-07,1.4934950904654897e-06,1e-12
57377851318e5102e1518d1f71f69bc31459410095e9296feae2d48dc945d820,C,hybrid_tdvp,11,rzz,0.05,3,9,6,64,1,6,6,commuting,0.9999999999873921,0.9999999999873921,1.2607914712248203e-11,3.452546387994904e-06,0.9999999999999996,0.9999999999996563,4.9614509211107216e-08,8.91361022890811e-09,0.13377060199854895,32,"[1, 2, 4, 8, 16, 31, 32, 31, 16, 8, 4, 2, 1]",6632,2.945424513870211e-13,6.857975993522396e-13,1e-12
987660f8f24a8c61e885d016cb821c6158917d351ab0fd748effe0956498a98e,C,hybrid_tdvp,11,rzz,0.05,3,9,6,64,2,6,6,commuting,0.999999999932403,0.999999999932403,6.759703907732728e-11,8.15473900955253e-06,0.9999999999999996,0.9999999999994511,1.6874572570171886e-07,2.238405615567823e-08,0.09195266995811835,32,"[1, 2, 4, 8, 16, 31, 32, 30, 16, 8, 4, 2, 1]",6536,3.1969481731257793e-13,1.1363151610154662e-12,1e-12
bf87ceff67bb9fcde1788a99e05e5647b20ae0f20584f2abc63b643e1ff7c191,C,hybrid_tdvp,11,rzz,0.05,3,9,6,64,4,6,6,commuting,0.999999999933388,0.999999999933388,6.661204920987984e-11,7.964908639668656e-06,0.9999999999999996,0.9999999999984138,9.37756798290168e-08,1.5386529087935433e-08,0.45352331700269133,32,"[1, 2, 4, 8, 16, 30, 32, 30, 16, 8, 4, 2, 1]",6440,4.012666897211892e-13,3.2169243957952322e-12,1e-12
dc704ebf8e5d808119016cada49720cddd55e9b61671aa45949595b3969b04a7,C,hybrid_tdvp,11,rzz,0.05,3,9,6,64,8,6,6,commuting,0.9999999997043116,0.9999999997043116,2.9568836268367704e-10,1.6985681272293937e-05,0.9999999999999996,0.9999999999964125,1.0352704767763177e-07,1.557273777404393e-08,0.2932989629916847,31,"[1, 2, 4, 8, 16, 29, 31, 28, 16, 8, 4, 2, 1]",6038,3.1958255789981678e-12,7.334879625646105e-12,1e-12
a181b56b560a6f9ecadd0ddae3d40967d6053c427f37960340c19d8de5e970d5,C,hybrid_tdvp,11,ryy,0.05,3,9,6,8,1,6,6,mixed,0.9964370326493572,0.9964370326493572,0.003562967350642765,0.059717222819024376,0.9999999999999996,1.0000000000000007,0.006362018694832029,0.0013125049292319515,0.09529253700748086,8,"[1, 2, 4, 8, 8, 8, 8, 8, 8, 8, 4, 2, 1]",936,5.173909901120561e-05,0.0002960521845025244,1e-12
dff54d9fd8c49fd0e188d1f434d792fc4e1ca46ea69e56428304f07141b0e099,C,hybrid_tdvp,11,ryy,0.05,3,9,6,8,2,6,6,mixed,0.9964279221705866,0.9964279221705866,0.003572077829413378,0.05979359058058266,0.9999999999999996,1.0000000000000007,0.006383247706006543,0.001311314526593499,0.11733978701522574,8,"[1, 2, 4, 8, 8, 8, 8, 8, 8, 8, 4, 2, 1]",936,2.5896235803821562e-05,0.0001479947577753474,1e-12
852251f294a6fff4a773a01b8e6e47abed3adf12fc21e7911cf1e3afbdc0d174,C,hybrid_tdvp,11,ryy,0.05,3,9,6,8,4,6,6,mixed,0.9964233504742097,0.9964233504742097,0.0035766495257902875,0.05983187581310545,0.9999999999999996,0.9999999999999992,0.006390826563013895,0.0013107561977515356,0.20789823000086471,8,"[1, 2, 4, 8, 8, 8, 8, 8, 8, 8, 4, 2, 1]",936,1.2957205118323556e-05,7.40086150519823e-05,1e-12
b3b637db328db0b15bebd908ecc47b7026286aedd33f664d6269873f5cbbc3f4,C,hybrid_tdvp,11,ryy,0.05,3,9,6,8,8,6,6,mixed,0.9964210586388971,0.9964210586388971,0.0035789413611029275,0.05985105938512344,0.9999999999999996,1.0000000000000002,0.006393932257516648,0.0013104881300373674,0.20393056597094983,8,"[1, 2, 4, 8, 8, 8, 8, 8, 8, 8, 4, 2, 1]",936,6.481198270371205e-06,3.700946193108393e-05,1e-12
efa7b9ebc6b49f88bc039460496bc477d8c505c2c4ff7254408efc2f90c7a75b,C,hybrid_tdvp,11,ryy,0.05,3,9,6,16,1,6,6,mixed,0.999888084807828,0.999888084807828,0.00011191519217201851,0.010579145693237499,0.9999999999999996,1.0,0.000532559297893467,0.00010412380800104249,0.06360296800266951,16,"[1, 2, 4, 8, 16, 16, 16, 16, 16, 8, 4, 2, 1]",2728,5.149466205478851e-06,2.6860785072371994e-05,1e-12
d71d10ee672de312e59036e7615c9049a5c7bcf1fa8b74a55eb89a6f2e9acd33,C,hybrid_tdvp,11,ryy,0.05,3,9,6,16,2,6,6,mixed,0.9998734759007356,0.9998734759007356,0.00012652409926439123,0.011248471078494799,0.9999999999999996,0.9999999999999999,0.0004377940733913399,0.00012601969515297858,0.06810654496075585,16,"[1, 2, 4, 8, 16, 16, 16, 16, 16, 8, 4, 2, 1]",2728,2.7509974113271017e-06,1.634139012270539e-05,1e-12
6ceeab269fe26332265c45923827ff76b4940381471d6e03d49c7590c6bd80a3,C,hybrid_tdvp,11,ryy,0.05,3,9,6,16,4,6,6,mixed,0.9998574835554567,0.9998574835554567,0.00014251644454332801,0.011938237836438445,0.9999999999999996,0.9999999999999999,0.0006287819830310681,0.0001569189652686159,0.1501244290266186,16,"[1, 2, 4, 8, 16, 16, 16, 16, 16, 8, 4, 2, 1]",2728,1.5529604579487796e-06,9.616085909451688e-06,1e-12
1abbef289575a7b9bca77032949d62aade0bf0009a5c1d87faf3bcb3e97f32f1,C,hybrid_tdvp,11,ryy,0.05,3,9,6,16,8,6,6,mixed,0.9998500333956992,0.9998500333956992,0.00014996660430077746,0.012246314842409694,0.9999999999999996,0.9999999999999996,0.0006642522755570257,0.00016408015831447602,0.35152615496190265,16,"[1, 2, 4, 8, 16, 16, 16, 16, 16, 8, 4, 2, 1]",2728,8.281256668610464e-07,5.1525462622592206e-06,1e-12
b5350792453efe9edc1306537fa81ca6d4ee9d60f09cbf0da2c4beb380585d31,C,hybrid_tdvp,11,ryy,0.05,3,9,6,64,1,6,6,mixed,0.9999999995255839,0.9999999995255839,4.744160619907234e-10,2.1764688227698898e-05,0.9999999999999996,0.9999999999996434,1.9841186374436326e-07,3.2283354899332235e-08,0.32960690499749035,53,"[1, 2, 4, 8, 16, 32, 53, 32, 16, 8, 4, 2, 1]",9512,7.440929797930354e-14,7.321960787234215e-13,1e-12
081d4f972c5fef5a506410a99add0acc75d3caf25063f6d71d4cc7ed34f014b6,C,hybrid_tdvp,11,ryy,0.05,3,9,6,64,2,6,6,mixed,0.9999999998775779,0.9999999998775779,1.2242207247936676e-10,1.101391470306573e-05,0.9999999999999996,0.9999999999994423,1.048032170353208e-07,1.6358706924999395e-08,0.5265260019805282,51,"[1, 2, 4, 8, 16, 32, 51, 32, 16, 8, 4, 2, 1]",9256,2.4051163820156204e-13,1.1702930935076026e-12,1e-12
24a85c46f05d7e72a36cc15071cbfc5e8da6ef359f975d2a0b2c2abb8a1652a9,C,hybrid_tdvp,11,ryy,0.05,3,9,6,64,4,6,6,mixed,0.9999999999548828,0.9999999999548828,4.511724327471711e-11,6.541343996033762e-06,0.9999999999999996,0.9999999999988354,5.14198794793197e-08,8.17178813616727e-09,1.103471083974,50,"[1, 2, 4, 8, 16, 32, 50, 32, 16, 8, 4, 2, 1]",9128,2.6926637810970483e-13,2.406212203291525e-12,1e-12
e9941da4dc6c124b5e764bd29fe391b28712a666980d55f19f299c08bebd7489,C,hybrid_tdvp,11,ryy,0.05,3,9,6,64,8,6,6,mixed,0.9999999999332778,0.9999999999332778,6.672218333392266e-11,7.876745191361016e-06,0.9999999999999996,0.9999999999976609,6.929948651729356e-08,1.3475827185236266e-08,1.9356354220071808,48,"[1, 2, 4, 8, 16, 32, 48, 32, 16, 8, 4, 2, 1]",8872,4.930408778487016e-13,4.835150162856273e-12,1e-12
5200c078dd78d3bf24ebbc195f4a7820958ba06685e712476f6d1fedd4b988b3,C,hybrid_tdvp,11,rzz,0.05,2,9,7,8,1,7,7,commuting,0.9953554620787958,0.9953554620787958,0.004644537921204228,0.06819049357969527,0.9999999999999996,1.0,0.006678134727440067,0.0015650602635592268,0.0741162360063754,8,"[1, 2, 4, 8, 8, 8, 8, 8, 8, 8, 4, 2, 1]",936,5.932547164893165e-05,0.0003723092185647276,1e-12
a58a5a68cb47e7da2d4ef37fdf874bb57ee4a9763190f1bdff6a0fb2f9295448,C,hybrid_tdvp,11,rzz,0.05,2,9,7,8,2,7,7,commuting,0.9953244590919966,0.9953244590919966,0.004675540908003373,0.06841797199911541,0.9999999999999996,0.9999999999999998,0.006934981083763652,0.0015752311193909807,0.18173663096968085,8,"[1, 2, 4, 8, 8, 8, 8, 8, 8, 8, 4, 2, 1]",936,2.9753350587507286e-05,0.00018635180924876237,1e-12
c4e9e0835146b996e0b4166525c57862b6eb191eb949f49e6937fffdc60be697,C,hybrid_tdvp,11,rzz,0.05,2,9,7,8,4,7,7,commuting,0.9953092300451987,0.9953092300451987,0.004690769954801333,0.06852943692317641,0.9999999999999996,0.9999999999999997,0.007055472624379101,0.0015802016596956094,0.23841415502829477,8,"[1, 2, 4, 8, 8, 8, 8, 8, 8, 8, 4, 2, 1]",936,1.4896835487643094e-05,9.321736249901756e-05,1e-12
e8b8bbedd610597d31a9b53b011878fab8d365ffc118b5c9ac29c2311d1a164d,C,hybrid_tdvp,11,rzz,0.05,2,9,7,8,8,7,7,commuting,0.995301674085508,0.995301674085508,0.004698325914492041,0.06858467382220707,0.9999999999999996,1.0000000000000009,0.007113950446262118,0.0015826669620929432,0.17927920701913536,8,"[1, 2, 4, 8, 8, 8, 8, 8, 8, 8, 4, 2, 1]",936,7.453097073212672e-06,4.6618098683884896e-05,1e-12
4ee5cbc53cff866fa9124a0a036a539f36a8f19cb18b53e4978e3686a0774c83,C,hybrid_tdvp,11,rzz,0.05,2,9,7,16,1,7,7,commuting,0.9999666537932554,0.9999666537932554,3.334620674455557e-05,0.005774641524827176,0.9999999999999996,0.9999999999999999,0.00030712775859028686,5.027418026293906e-05,0.01748447702266276,16,"[1, 2, 4, 8, 16, 16, 16, 16, 16, 8, 4, 2, 1]",2728,6.495336683298577e-07,8.814458994214666e-06,1e-12
53169ba7d5efafbc09b678f2b339302a45d025b406f0dd83874178752adff36b,C,hybrid_tdvp,11,rzz,0.05,2,9,7,16,2,7,7,commuting,0.9999612222182599,0.9999612222182599,3.877778174010693e-05,0.006198911936374092,0.9999999999999996,0.9999998241757437,0.00021877555290755052,5.676169004049984e-05,0.09749321296112612,16,"[1, 2, 4, 8, 16, 16, 16, 16, 16, 8, 4, 2, 1]",2728,3.5519691098665385e-07,5.600496301464953e-06,1e-12
c61f5183376e605e9efd8c0abab71fe2bb2d03fc1ee8003821fa293ff58a39c7,C,hybrid_tdvp,11,rzz,0.05,2,9,7,16,4,7,7,commuting,0.9999585644183582,0.9999585644183582,4.143558164182437e-05,0.006422072536387127,0.9999999999999996,0.9999999035023873,0.00025107968388361074,6.381817771083841e-05,0.12140926101710647,16,"[1, 2, 4, 8, 16, 16, 16, 16, 16, 8, 4, 2, 1]",2728,1.9376716768535507e-07,3.196167125609574e-06,1e-12
86a5ef94c405b90cda42f35423cf622a6b60dbd40453eebad313065c34a0dd51,C,hybrid_tdvp,11,rzz,0.05,2,9,7,16,8,7,7,commuting,0.9999595791540812,0.9999595791540812,4.042084591882045e-05,0.006357771180962846,0.9999999999999996,1.0000000000000007,0.0003984622585381358,6.916286936840473e-05,0.1842046250239946,16,"[1, 2, 4, 8, 16, 16, 16, 16, 16, 8, 4, 2, 1]",2728,9.432622951131157e-08,1.5878213199768016e-06,1e-12
8b40b355c260d2336509920e52bac5653ba343eb55052ca90ec39138aaf3fee9,C,hybrid_tdvp,11,rzz,0.05,2,9,7,64,1,7,7,commuting,0.9999999999874001,0.9999999999874001,1.2599921106470902e-11,3.4520463888282876e-06,0.9999999999999996,0.999999999999658,4.961690260214813e-08,8.927584360071911e-09,0.1974805320496671,32,"[1, 2, 4, 8, 16, 31, 32, 31, 16, 8, 4, 2, 1]",6632,4.025185477279514e-18,6.858016245377169e-13,1e-12
6354cfdad79b9b49d12dbce5a672c23b6411d1b1e819dddb4f3c3043e052eafb,C,hybrid_tdvp,11,rzz,0.05,2,9,7,64,2,7,7,commuting,0.9999999999324194,0.9999999999324194,6.758060777656283e-11,8.15506674743071e-06,0.9999999999999996,0.999999999999463,1.6871134052298675e-07,2.5171380279172758e-08,0.08596899698022753,32,"[1, 2, 4, 8, 16, 31, 32, 30, 16, 8, 4, 2, 1]",6536,4.301341370306836e-17,1.1363581744291692e-12,1e-12
61b1e354725af5eebbbeb2f2235a4ac54ad0438b7c071f1dc6654c70b55afe88,C,hybrid_tdvp,11,rzz,0.05,2,9,7,64,4,7,7,commuting,0.9999999999332649,0.9999999999332649,6.673506192100831e-11,7.972649551103616e-06,0.9999999999999996,0.9999999999984138,9.403530546250871e-08,1.662430293033923e-08,0.29864947497844696,32,"[1, 2, 4, 8, 16, 30, 32, 30, 16, 8, 4, 2, 1]",6440,2.5632954215033306e-16,3.2171807253373833e-12,1e-12
b71e78579ddaf8d89e71552a9ab9ca540790013004dd1f54eaf1c7a2bcdcd7b4,C,hybrid_tdvp,11,rzz,0.05,2,9,7,64,8,7,7,commuting,0.9999999997048228,0.9999999997048228,2.951772160031396e-10,1.697169140883429e-05,0.9999999999999996,0.9999999999964306,1.0385636994153513e-07,1.5815364129476593e-08,0.22998387302504852,31,"[1, 2, 4, 8, 16, 29, 31, 28, 16, 8, 4, 2, 1]",6038,2.0651430676560912e-15,7.33694476871376e-12,1e-12
74f17d627ff740fa224bef2331bdf974e14d73b9d8b2dc315a1211f2efb96161,C,hybrid_tdvp,11,rxx,0.05,2,9,7,8,1,7,7,mixed,0.9951141620152966,0.9951141620152966,0.004885837984703434,0.06994155032282304,0.9999999999999996,0.9999999999999999,0.00752330427968308,0.0015019815598253797,0.027661637985147536,8,"[1, 2, 4, 8, 8, 8, 8, 8, 8, 8, 4, 2, 1]",936,3.9448667095233375e-05,0.00033550085159775783,1e-12
907b751af536d32e2c183d45c9850a2e1df24824ca133f60d7b8f45dd60fda46,C,hybrid_tdvp,11,rxx,0.05,2,9,7,8,2,7,7,mixed,0.9951000736382555,0.9951000736382555,0.004899926361744522,0.07004244022006914,0.9999999999999996,0.9999999999999993,0.007552865524019521,0.0015018013203728692,0.6622107129660435,8,"[1, 2, 4, 8, 8, 8, 8, 8, 8, 8, 4, 2, 1]",936,1.9714653232430436e-05,0.0001677094110077778,1e-12
d6d31d750a08bba84c2a91311f28c7fde9863cb12f41215908b51f581ed46ba0,C,hybrid_tdvp,11,rxx,0.05,2,9,7,8,4,7,7,mixed,0.9950930476110125,0.9950930476110125,0.004906952388987529,0.07009270110849568,0.9999999999999996,0.9999999999999996,0.007563445746115012,0.0015016815006789774,0.1788192639942281,8,"[1, 2, 4, 8, 8, 8, 8, 8, 8, 8, 4, 2, 1]",936,9.857183889080667e-06,8.386579894106295e-05,1e-12
a98866bde0299f4cdb3799d2a350cbd1141c061c0d7426fb4b3ee088e7357df1,C,hybrid_tdvp,11,rxx,0.05,2,9,7,8,8,7,7,mixed,0.9950895354065729,0.9950895354065729,0.004910464593427144,0.07011781232457703,0.9999999999999996,0.9999999999999997,0.007567780820732051,0.0015016174399767994,0.2554385639959946,8,"[1, 2, 4, 8, 8, 8, 8, 8, 8, 8, 4, 2, 1]",936,4.928827177490939e-06,4.193828910857489e-05,1e-12
23348fa0739d92ffa72cad72d9d39f8862a9e78d71c449e3e4d23ecb4fdc3745,C,hybrid_tdvp,11,rxx,0.05,2,9,7,16,1,7,7,mixed,0.9998558944459836,0.9998558944459836,0.0001441055540164493,0.01200461352952022,0.9999999999999996,1.0000000000000004,0.0006145962395225097,0.00012142277436107643,0.0822017039754428,16,"[1, 2, 4, 8, 16, 16, 16, 16, 16, 8, 4, 2, 1]",2728,2.618711750183033e-06,2.9479496822555027e-05,1e-12
c4a4b7ceba0ca9d37cebe2b120241eeea12ac5d448ac2db8b4b3be0874b0825e,C,hybrid_tdvp,11,rxx,0.05,2,9,7,16,2,7,7,mixed,0.9998387581016234,0.9998387581016234,0.0001612418983766295,0.012698362045453071,0.9999999999999996,0.9999999999999997,0.0005000116026056267,0.00014658224071332883,0.035443728032987565,16,"[1, 2, 4, 8, 16, 16, 16, 16, 16, 8, 4, 2, 1]",2728,1.3164636716676346e-06,1.7657853794373025e-05,1e-12
c16b09b9c4ff4067867db4c82b9021f8a5febac2d60e5b1d2609b6e75413f996,C,hybrid_tdvp,11,rxx,0.05,2,9,7,16,4,7,7,mixed,0.9998222919754965,0.9998222919754965,0.00017770802450345347,0.01330855386771033,0.9999999999999996,0.9999997008428597,0.0007146756203183224,0.00018043825241117768,0.15908736397977918,16,"[1, 2, 4, 8, 16, 16, 16, 16, 16, 8, 4, 2, 1]",2728,6.16903998427297e-07,1.0232989907878983e-05,1e-12
a51be70191d50785f9a182a195ff80a6d544e721c8da0b11fbf64a4846105235,C,hybrid_tdvp,11,rxx,0.05,2,9,7,16,8,7,7,mixed,0.9998158878628665,0.9998158878628665,0.0001841121371335408,0.013558584749282334,0.9999999999999996,0.9999998573040746,0.0007528140590345733,0.0001866556759615085,0.25758094200864434,16,"[1, 2, 4, 8, 16, 16, 16, 16, 16, 8, 4, 2, 1]",2728,2.946141434118899e-07,5.447160405671111e-06,1e-12
dfbe0c47c68c94db707e62accb22fc37693bbcbda045b628153a379bdec006c9,C,hybrid_tdvp,11,rxx,0.05,2,9,7,64,1,7,7,mixed,0.9999999995254591,0.9999999995254591,4.745408510586913e-10,2.1763704536802154e-05,0.9999999999999996,0.99999999999956,3.16968894797931e-07,4.2748682603412487e-08,0.3519628060166724,47,"[1, 2, 4, 8, 16, 32, 47, 32, 16, 8, 4, 2, 1]",8744,1.69311757387409e-13,9.015078361108305e-13,1e-12
d0c25d6c1530f636a84addf3d2f1b660b12e07ff215f10cd45d92c6874c7f8e6,C,hybrid_tdvp,11,rxx,0.05,2,9,7,64,2,7,7,mixed,0.9999999998779141,0.9999999998779141,1.2208589694751026e-10,1.0989778899756773e-05,0.9999999999999996,0.9999999999993447,1.6381470172022183e-07,2.171770189678103e-08,0.6765091739944182,48,"[1, 2, 4, 8, 16, 32, 48, 32, 16, 8, 4, 2, 1]",8872,2.1529929020883697e-13,1.3855923837164396e-12,1e-12
4cfd505344951e18274d19672dfce9198a9f5a3d69de22b48af43c1d936d7663,C,hybrid_tdvp,11,rxx,0.05,2,9,7,64,4,7,7,mixed,0.9999999999555642,0.9999999999555642,4.443578838220219e-11,6.469526211575368e-06,0.9999999999999996,0.9999999999987093,8.086467483126025e-08,1.0795064463121525e-08,1.143462673004251,50,"[1, 2, 4, 8, 16, 32, 50, 32, 16, 8, 4, 2, 1]",9128,2.7224759731526865e-13,2.678459800606794e-12,1e-12
601f8ba031b61d04e7b9f9e0cf61f18c06b0692356bb734ae842c205e0ca38fd,C,hybrid_tdvp,11,rxx,0.05,2,9,7,64,8,7,7,mixed,0.9999999999363329,0.9999999999363329,6.366707161475915e-11,7.657255518707524e-06,0.9999999999999996,0.9999999999974823,6.972116112224924e-08,1.3838251730410526e-08,2.0858663769904524,50,"[1, 2, 4, 8, 16, 32, 50, 32, 16, 8, 4, 2, 1]",9128,4.0206551633580387e-13,5.237215679192077e-12,1e-12
36405d46859bf26eccb44d87c17ae266b5cc56229116e86d5397f8597b3336ca,C,hybrid_tdvp,11,rzz,0.05,2,8,6,8,1,8,8,commuting,0.9942546181116245,0.9942546181116245,0.005745381888375478,0.07585287096456331,0.9999999999999996,1.0000000000000007,0.008546477726502768,0.0019981517876710747,0.402947488008067,8,"[1, 2, 4, 8, 8, 8, 8, 8, 8, 8, 4, 2, 1]",936,5.236137585182039e-05,0.0004246705944165481,1e-12
6b282ea8a4dbb7b724225b70b08c38bb7865b286127e13586c06da33eab0ae83,C,hybrid_tdvp,11,rzz,0.05,2,8,6,8,2,8,8,commuting,0.9942130283303263,0.9942130283303263,0.0057869716696736795,0.07612731601035613,0.9999999999999996,0.9999999999999998,0.008868550876880434,0.0020101734492523338,0.03332400199724361,8,"[1, 2, 4, 8, 8, 8, 8, 8, 8, 8, 4, 2, 1]",936,2.6185935761225655e-05,0.00021253774500998808,1e-12
6881240a5b4e8b85613574b4f0cc72f2a9eb89a3ef31827afe1d2642a27ad47e,C,hybrid_tdvp,11,rzz,0.05,2,8,6,8,4,8,8,commuting,0.9941925756431534,0.9941925756431534,0.005807424356846558,0.07626192020442656,0.9999999999999996,0.9999999999999999,0.009019433311347932,0.002016103430723591,0.13929056300548837,8,"[1, 2, 4, 8, 8, 8, 8, 8, 8, 8, 4, 2, 1]",936,1.3095113496218482e-05,0.00010631247599523603,1e-12
c9a623050eb04d8b5275f179bffc5cc83fcea6c0981c74bb18e80f66b0b7ec7a,C,hybrid_tdvp,11,rzz,0.05,2,8,6,8,8,8,8,commuting,0.994182422390057,0.994182422390057,0.005817577609942948,0.07632865362052274,0.9999999999999996,1.0000000000000004,0.00909259165140499,0.0020190541485584725,0.24284575501224026,8,"[1, 2, 4, 8, 8, 8, 8, 8, 8, 8, 4, 2, 1]",936,6.5481890312632154e-06,5.316628771514811e-05,1e-12
bcc5fff8e99a65a4e671b25d9d2b52c5958bb1d1c175fca24c4632f6d3750bb9,C,hybrid_tdvp,11,rzz,0.05,2,8,6,16,1,8,8,commuting,0.9999516161154491,0.9999516161154491,4.838388455086218e-05,0.006955894609184662,0.9999999999999996,1.0000000000000002,0.00028597267557565163,5.779753234501202e-05,0.11275773600209504,16,"[1, 2, 4, 8, 16, 16, 16, 16, 16, 8, 4, 2, 1]",2728,1.060052471754191e-06,9.874511465968857e-06,1e-12
579c660f7bd06aeebb0d35ed4193411186794daccda38627f8d5994773358dc0,C,hybrid_tdvp,11,rzz,0.05,2,8,6,16,2,8,8,commuting,0.9999455196439595,0.9999455196439595,5.448035604049828e-05,0.007381131220063853,0.9999999999999996,1.0000000000000004,0.0002456536880263288,6.910120563818832e-05,0.07910261902725324,16,"[1, 2, 4, 8, 16, 16, 16, 16, 16, 8, 4, 2, 1]",2728,6.050570476127242e-07,6.205553349077676e-06,1e-12
0b1725be03025b4b3e1d71d6f012cfd048e10b17ec090e27b30b37d89aa46a2d,C,hybrid_tdvp,11,rzz,0.05,2,8,6,16,4,8,8,commuting,0.9999416281291853,0.9999416281291853,5.8371870814699633e-05,0.007606015041644689,0.9999999999999996,0.9999997393710442,0.0002954619407898179,7.763899686387326e-05,0.15937001403653994,16,"[1, 2, 4, 8, 16, 16, 16, 16, 16, 8, 4, 2, 1]",2728,3.263369479941635e-07,3.522504073603737e-06,1e-12
1f4eabff336ff3ad73f6f529be39ae5990fac3b58dfce7cd4b11c3f44fb40cee,C,hybrid_tdvp,11,rzz,0.05,2,8,6,16,8,8,8,commuting,0.9999434376094656,0.9999434376094656,5.656239053442036e-05,0.0075106651479168165,0.9999999999999996,0.9999999234502887,0.0004067579284475122,8.02378217209766e-05,0.21472402301151305,16,"[1, 2, 4, 8, 16, 16, 16, 16, 16, 8, 4, 2, 1]",2728,1.5412543371694758e-07,1.7419467536937497e-06,1e-12
fa334177d1994e4619ea5ea7483c7a772d85d5fab433bf75ee21bd131225ba80,C,hybrid_tdvp,11,rzz,0.05,2,8,6,64,1,8,8,commuting,0.9999999999841758,0.9999999999841758,1.582423081458728e-11,3.853006639947521e-06,0.9999999999999996,0.9999999999995115,4.821522874703943e-08,8.728281696308524e-09,0.16749870200874284,32,"[1, 2, 4, 8, 16, 31, 32, 31, 16, 8, 4, 2, 1]",6632,2.9271014700102433e-13,9.785117715387413e-13,1e-12
89e1d579656fd699616dae545f6bf68552ed3572826b673e426d81bd3b0f59ea,C,hybrid_tdvp,11,rzz,0.05,2,8,6,64,2,8,8,commuting,0.9999999999256592,0.9999999999256592,7.434075577350541e-11,8.540845635305759e-06,0.9999999999999996,0.9999999999993034,1.6805958389862208e-07,2.519664235135871e-08,0.10823530197376385,32,"[1, 2, 4, 8, 16, 31, 32, 30, 16, 8, 4, 2, 1]",6536,3.2423834338948874e-13,1.4605965178186583e-12,1e-12
b25dca76395e80bb36c4433385e3251bd0e6da12106549f86ab8358987914416,C,hybrid_tdvp,11,rzz,0.05,2,8,6,64,4,8,8,commuting,0.9999999999163758,0.9999999999163758,8.362421866081604e-11,8.946852622226645e-06,0.9999999999999996,0.9999999999982117,9.953104861473716e-08,1.754884623287639e-08,0.4884232010226697,32,"[1, 2, 4, 8, 16, 30, 32, 30, 16, 8, 4, 2, 1]",6440,4.1858570956143036e-13,3.635766434898813e-12,1e-12
b90a6eba6f9721311c5b93965bf576a5db89ee943d695d974ddeb17a1124b8c3,C,hybrid_tdvp,11,rzz,0.05,2,8,6,64,8,8,8,commuting,0.999999999444142,0.999999999444142,5.558580262743362e-10,2.3357237438846017e-05,0.9999999999999996,0.9999999999948506,1.4634730655799233e-07,2.37580541678096e-08,0.2463450079667382,31,"[1, 2, 4, 8, 16, 29, 31, 28, 16, 8, 4, 2, 1]",6038,3.198623453667519e-12,1.0535568222381275e-11,1e-12
91d853bcd9dceb7cf41d04716598739d64f8e9549e3a1ec3f2ad9ac4d472622a,C,hybrid_tdvp,11,rzz,0.05,2,8,6,8,1,8,8,mixed,0.993450864356263,0.993450864356263,0.006549135643737047,0.08099317066926444,0.9999999999999996,1.0000000000000002,0.010475342269238595,0.002060451038691403,0.03809043194632977,8,"[1, 2, 4, 8, 8, 8, 8, 8, 8, 8, 4, 2, 1]",936,5.476410545348284e-05,0.00039026495705124064,1e-12
432201bc81945b62e9b7e0dac692361c6878355a6d01e37661577ed2cdcf0ade,C,hybrid_tdvp,11,rzz,0.05,2,8,6,8,2,8,8,mixed,0.9934244616549057,0.9934244616549057,0.006575538345094278,0.08115653674752467,0.9999999999999996,0.9999999999999992,0.010572467034142774,0.0020660496679199146,0.2957619310473092,8,"[1, 2, 4, 8, 8, 8, 8, 8, 8, 8, 4, 2, 1]",936,2.7403117663726078e-05,0.00019511252867150387,1e-12
c9d9737936b0b671913e162e9e16284ab8eec560dee2e41bacc396fa270e0957,C,hybrid_tdvp,11,rzz,0.05,2,8,6,8,4,8,8,mixed,0.9934115734577778,0.9934115734577778,0.006588426542222248,0.08123616361856932,0.9999999999999996,1.0000000000000002,0.010614481453063544,0.0020686551157504973,0.1761629240354523,8,"[1, 2, 4, 8, 8, 8, 8, 8, 8, 8, 4, 2, 1]",936,1.3710308168316524e-05,9.757610710937953e-05,1e-12
f97577054e0d6a1406b187ea5971ffe2988fb31d94c03366db0dadd488c27a10,C,hybrid_tdvp,11,rzz,0.05,2,8,6,8,8,8,8,mixed,0.99340519609775,0.99340519609775,0.006594803902249979,0.08127553606420605,0.9999999999999996,0.9999999999999998,0.010634000752097483,0.0020699149765857246,0.18256153701804578,8,"[1, 2, 4, 8, 8, 8, 8, 8, 8, 8, 4, 2, 1]",936,6.857744747915904e-06,4.87960338564908e-05,1e-12
9009972e26bee2a4f82d427bf5787e8066a2bca2edada1646d284786e5beaef9,C,hybrid_tdvp,11,rzz,0.05,2,8,6,16,1,8,8,mixed,0.9998130659572542,0.9998130659572542,0.00018693404274583436,0.013672701987737885,0.9999999999999996,0.9999999999999993,0.0007574246920173423,0.00014378125998437902,0.03505554998992011,16,"[1, 2, 4, 8, 16, 16, 16, 16, 16, 8, 4, 2, 1]",2728,3.369705894452384e-06,3.2849202717007416e-05,1e-12
ffa4f74d2bb5828f708b0145efd25c9021249a5d6575e2c7ce4282a6f7bc9550,C,hybrid_tdvp,11,rzz,0.05,2,8,6,16,2,8,8,mixed,0.9997954158579353,0.9997954158579353,0.000204584142064701,0.01430365711289138,0.9999999999999996,1.0000000000000007,0.0005141273083602571,0.0001623488767161461,0.39790529099991545,16,"[1, 2, 4, 8, 16, 16, 16, 16, 16, 8, 4, 2, 1]",2728,1.6826007443999064e-06,1.9340454538772934e-05,1e-12
087f7f1947b1c67daaa519441940baa5a7f1f0b619343c2fd0afa106162212a5,C,hybrid_tdvp,11,rzz,0.05,2,8,6,16,4,8,8,mixed,0.9997766590101441,0.9997766590101441,0.00022334098985588025,0.01494501460513461,0.9999999999999996,1.0000000000000004,0.0007300758086304926,0.00019565947984044268,0.19330975698539987,16,"[1, 2, 4, 8, 16, 16, 16, 16, 16, 8, 4, 2, 1]",2728,8.836947938352181e-07,1.1116684701714199e-05,1e-12
1908c19d3e34de0f754b15518232c534f3b740c18b0c9d68c40437a044b1ed57,C,hybrid_tdvp,11,rzz,0.05,2,8,6,16,8,8,8,mixed,0.9997686016096445,0.9997686016096445,0.00023139839035546395,0.015212224630464476,0.9999999999999996,1.0000000000000002,0.0007704990417621571,0.00020345055292805538,0.2505636340356432,16,"[1, 2, 4, 8, 16, 16, 16, 16, 16, 8, 4, 2, 1]",2728,4.579960946157471e-07,5.905156500286855e-06,1e-12
23e9d493157e459062be9c972002caeb69bd918faddfac3c5b5683d9514d6d07,C,hybrid_tdvp,11,rzz,0.05,2,8,6,64,1,8,8,mixed,0.9999999995252487,0.9999999995252487,4.747513493441602e-10,2.1765754875523847e-05,0.9999999999999996,0.9999999999994985,3.097978394234202e-07,4.2480793601634193e-08,0.3658991889678873,49,"[1, 2, 4, 8, 16, 32, 49, 32, 16, 8, 4, 2, 1]",9000,1.228723662942738e-13,1.0243802024051042e-12,1e-12
80f1ba8075b1f590f1ca8bc60592969d599f45283ed0b71a21522280263cca4e,C,hybrid_tdvp,11,rzz,0.05,2,8,6,64,2,8,8,mixed,0.9999999998774645,0.9999999998774645,1.2253553727248345e-10,1.1001728586797197e-05,0.9999999999999996,0.9999999999992507,1.594037716129426e-07,2.151483795873809e-08,0.5842144030029885,49,"[1, 2, 4, 8, 16, 32, 49, 32, 16, 8, 4, 2, 1]",9000,1.870673527523734e-13,1.572659736468813e-12,1e-12
e74a5a0fef69f62aa082b1d292e9dd4d2ab678fb670eef352b4cafd2656b1ca9,C,hybrid_tdvp,11,rzz,0.05,2,8,6,64,4,8,8,mixed,0.9999999999543507,0.9999999999543507,4.5649262148117487e-11,6.540518375945373e-06,0.9999999999999996,0.9999999999985635,7.727324308204331e-08,1.0572564577999661e-08,1.2286154910107143,48,"[1, 2, 4, 8, 16, 32, 48, 32, 16, 8, 4, 2, 1]",8872,3.0219260393940095e-13,2.9806524045461956e-12,1e-12
a2879035f5e9f4fe39889526c224c6c994a28c81369c7659810a7acf1d13174a,C,hybrid_tdvp,11,rzz,0.05,2,8,6,64,8,8,8,mixed,0.9999999999351596,0.9999999999351596,6.484035530718302e-11,7.723618027872149e-06,0.9999999999999996,0.9999999999974072,7.156692471976811e-08,1.380153221771953e-08,2.0612689609988593,49,"[1, 2, 4, 8, 16, 32, 49, 32, 16, 8, 4, 2, 1]",9000,1.8755398255584934e-13,5.424769661747926e-12,1e-12
006f04ce40cadd524382c17ff12f39273ce58c4bd61dd70625ac1acb4fe083cd,C,hybrid_tdvp,11,rzz,0.05,3,9,6,8,1,9,9,commuting,0.9933658595085174,0.9933658595085174,0.0066341404914825874,0.08151797406774984,0.9999999999999996,1.0000000000000002,0.008875251266643895,0.0021589134399966205,0.01742569700581953,8,"[1, 2, 4, 8, 8, 8, 8, 8, 8, 8, 4, 2, 1]",936,4.2115941061901235e-05,0.0004667865354784493,1e-12
9c251a54c311f23153889e4619cb21312cdb200eea7f589da1070ac7efab8d19,C,hybrid_tdvp,11,rzz,0.05,3,9,6,8,2,9,9,commuting,0.9933188282973743,0.9933188282973743,0.006681171702625721,0.0818068985609942,0.9999999999999996,0.9999999999999999,0.008540411610958368,0.002167166955598368,0.253062815987505,8,"[1, 2, 4, 8, 8, 8, 8, 8, 8, 8, 4, 2, 1]",936,2.1165726371540493e-05,0.00023370347138152857,1e-12
e6e54af0629fb7b11fdfcca18ad60426368033782dc48240aec045d3c7bff5f8,C,hybrid_tdvp,11,rzz,0.05,3,9,6,8,4,9,9,commuting,0.9932956316340489,0.9932956316340489,0.006704368365951119,0.08194902886729168,0.9999999999999996,0.9999999999999998,0.008638121124401888,0.0021713643382156077,0.18749467300949618,8,"[1, 2, 4, 8, 8, 8, 8, 8, 8, 8, 4, 2, 1]",936,1.0609179197492331e-05,0.00011692165519272837,1e-12
61701a2a9ee662db5aefa6ee109b66451e74c94b6da0698c89485e3fc1412c57,C,hybrid_tdvp,11,rzz,0.05,3,9,6,8,8,9,9,commuting,0.9932841014213416,0.9932841014213416,0.006715898578658397,0.08201958562083203,0.9999999999999996,1.0,0.008716440703571932,0.0021734845524288707,0.16314114397391677,8,"[1, 2, 4, 8, 8, 8, 8, 8, 8, 8, 4, 2, 1]",936,5.3111002365384574e-06,5.8477387951686566e-05,1e-12
d18db24ccf38c11f76c70b8417e274293c029ebbc4d217ce581c1c7d9225fc70,C,hybrid_tdvp,11,rzz,0.05,3,9,6,16,1,9,9,commuting,0.9999187794721598,0.9999187794721598,8.122052784020894e-05,0.00901233471978462,0.9999999999999996,1.0000000000000002,0.00042043897390785494,8.06013645499364e-05,0.03130650403909385,16,"[1, 2, 4, 8, 16, 16, 16, 16, 16, 8, 4, 2, 1]",2728,2.5575738071931204e-06,1.243208527316198e-05,1e-12
2f3c68c51fbf6cc777740861bc460ffc206d74c80b6f9b27dfa3a2d09c588dbd,C,hybrid_tdvp,11,rzz,0.05,3,9,6,16,2,9,9,commuting,0.9999067425794308,0.9999067425794308,9.325742056920383e-05,0.009657100750607802,0.9999999999999996,1.0,0.0003444624372879474,9.38939497969428e-05,0.04988583503291011,16,"[1, 2, 4, 8, 16, 16, 16, 16, 16, 8, 4, 2, 1]",2728,1.4664199945183644e-06,7.671973343596042e-06,1e-12
71fe888bd23aa6c681027042f55f47fb778d5fb6f4e5ca5121a89938bcf4819a,C,hybrid_tdvp,11,rzz,0.05,3,9,6,16,4,9,9,commuting,0.9999017667679112,0.9999017667679112,9.823323208879575e-05,0.009911389642708787,0.9999999999999996,0.9999999999999994,0.0003384021515990985,9.927764839012431e-05,0.358862538007088,16,"[1, 2, 4, 8, 16, 16, 16, 16, 16, 8, 4, 2, 1]",2728,7.501500343564157e-07,4.272654107960152e-06,1e-12
32abd56a1de337cdb1d007b6441fc50035091c4983bfd7e74c1d202629ae104f,C,hybrid_tdvp,11,rzz,0.05,3,9,6,16,8,9,9,commuting,0.9999054925916265,0.9999054925916265,9.45074083734676e-05,0.009696552916016538,0.9999999999999996,0.999999756748502,0.0005250564017437558,9.904391065280858e-05,0.14173004002077505,16,"[1, 2, 4, 8, 16, 16, 16, 16, 16, 8, 4, 2, 1]",2728,3.517835013975249e-07,2.0937302550912743e-06,1e-12
b61a887b98b19ab956979fbf0f665a9ab30ac32890ee38bcdbc4767fdcf20912,C,hybrid_tdvp,11,rzz,0.05,3,9,6,64,1,9,9,commuting,0.999999999984172,0.999999999984172,1.5828005572871007e-11,3.853011295519382e-06,0.9999999999999996,0.9999999999995093,4.728452956265228e-08,8.7968061563632e-09,0.16171527601545677,32,"[1, 2, 4, 8, 16, 32, 32, 32, 16, 8, 4, 2, 1]",6824,1.8735534520245144e-18,9.785136450921934e-13,1e-12
531f367a514080a5885bc879f80f4164a652bb005ca2a69b98fd0c936a77423e,C,hybrid_tdvp,11,rzz,0.05,3,9,6,64,2,9,9,commuting,0.9999999999187992,0.9999999999187992,8.120082384266425e-11,8.916555868648236e-06,0.9999999999999996,0.9999999999991522,1.671745284981263e-07,2.5669357168984996e-08,0.10601164697436616,32,"[1, 2, 4, 8, 16, 31, 32, 31, 16, 8, 4, 2, 1]",6632,3.279660657380851e-13,1.7885625835567437e-12,1e-12
df576600013a7d0f224e44908613ae4d4ec35446f1b6ad77b750ef26549bd81a,C,hybrid_tdvp,11,rzz,0.05,3,9,6,64,4,9,9,commuting,0.9999999998794373,0.9999999998794373,1.2056267095772455e-10,1.0774582989619203e-05,0.9999999999999996,0.9999999999977643,1.0068233834148455e-07,1.8329874126529198e-08,0.2771008999552578,32,"[1, 2, 4, 8, 16, 30, 32, 30, 16, 8, 4, 2, 1]",6440,8.956002556149081e-13,4.53136669051372e-12,1e-12
e6f21325d5c2b992eb5a5e5ea3c8a8744a7d428e1d83fc6b8d220915b21b9bc1,C,hybrid_tdvp,11,rzz,0.05,3,9,6,64,8,9,9,commuting,0.9999999993427657,0.9999999993427657,6.572342670096987e-10,2.541107172329141e-05,0.9999999999999996,0.9999999999942447,1.5465111002227472e-07,2.447850791023321e-08,0.33200299699092284,32,"[1, 2, 4, 8, 16, 30, 32, 29, 16, 8, 4, 2, 1]",6344,1.2496452022825729e-12,1.1785213424663847e-11,1e-12
eb3163de3bef4d50815eeae7312a583b490d5d56bacc30fca553ad6f6d71c1a7,C,hybrid_tdvp,11,ryy,0.05,3,9,6,8,1,9,9,mixed,0.9923418649667843,0.9923418649667843,0.007658135033215663,0.0875948240610201,0.9999999999999996,0.9999999999999999,0.009416437619956669,0.002134621386544208,0.05033922503935173,8,"[1, 2, 4, 8, 8, 8, 8, 8, 8, 8, 4, 2, 1]",936,4.849358477442038e-05,0.000438758541825661,1e-12
ddbd8c0404c843f19009d50d2d22d754261e37cbbd43bae6a1ac6484741f48bb,C,hybrid_tdvp,11,ryy,0.05,3,9,6,8,2,9,9,mixed,0.9923092093182105,0.9923092093182105,0.007690790681789461,0.08778174573355974,0.9999999999999996,0.9999999999999998,0.009303085182158524,0.0021402434813771265,0.07286209799349308,8,"[1, 2, 4, 8, 8, 8, 8, 8, 8, 8, 4, 2, 1]",936,2.429701081086301e-05,0.0002194095394823669,1e-12
63f5955ab9275713f75f28565b2097549c782ceef7f78dffe277001f1872bd1b,C,hybrid_tdvp,11,ryy,0.05,3,9,6,8,4,9,9,mixed,0.9922932838482744,0.9922932838482744,0.007706716151725579,0.08787276036038981,0.9999999999999996,0.9999999999999998,0.009250442415354183,0.002142944545122218,0.07735906797461212,8,"[1, 2, 4, 8, 8, 8, 8, 8, 8, 8, 4, 2, 1]",936,1.2162301384551154e-05,0.00010973840849393068,1e-12
d1b6a38cccf3a1752cedaca6e3af34961199b67622fd2df4881a612954b3ac81,C,hybrid_tdvp,11,ryy,0.05,3,9,6,8,8,9,9,mixed,0.9922854067249353,0.9922854067249353,0.007714593275064741,0.08791774384242547,0.9999999999999996,0.9999999999999999,0.00922502829079264,0.002144269467537354,0.21508577396161854,8,"[1, 2, 4, 8, 8, 8, 8, 8, 8, 8, 4, 2, 1]",936,6.0847637114273806e-06,5.488079756791819e-05,1e-12
d5afaf9662ce75712373054d84ddd9069893c68b77bc19db495d4583eb047806,C,hybrid_tdvp,11,ryy,0.05,3,9,6,16,1,9,9,mixed,0.9997526734895603,0.9997526734895603,0.0002473265104396827,0.015727104149606038,0.9999999999999996,1.0000000000000004,0.0008506622438032713,0.00016468534756398898,0.04988747404422611,16,"[1, 2, 4, 8, 16, 16, 16, 16, 16, 8, 4, 2, 1]",2728,4.815403751574014e-06,3.7664606468581433e-05,1e-12
7a472ecc3fa5b618cc5f27717a3e3530186dd9431ccecaa7a32dcbeadecb147b,C,hybrid_tdvp,11,ryy,0.05,3,9,6,16,2,9,9,mixed,0.9997325856566085,0.9997325856566085,0.0002674143433915033,0.016353355111146946,0.9999999999999996,0.9999999999999998,0.0005611312146845682,0.0001850256926317101,0.05499683599919081,16,"[1, 2, 4, 8, 16, 16, 16, 16, 16, 8, 4, 2, 1]",2728,2.3897212820387103e-06,2.1730175820811645e-05,1e-12
275b52e4e171df049b7610de01ae213505efa1bd2cc28a929cb12edc453a79fa,C,hybrid_tdvp,11,ryy,0.05,3,9,6,16,4,9,9,mixed,0.9997103607900049,0.9997103607900049,0.0002896392099951406,0.017019406151512807,0.9999999999999996,0.9999999999999998,0.000806436253364573,0.00022494528859690359,0.1534360260120593,16,"[1, 2, 4, 8, 16, 16, 16, 16, 16, 8, 4, 2, 1]",2728,1.2523071411572415e-06,1.2368991842871437e-05,1e-12
a19705857005e4f1860dba99a3fa9d6cd588845b40beb8e15ff3372fee45892d,C,hybrid_tdvp,11,ryy,0.05,3,9,6,16,8,9,9,mixed,0.9996995777772778,0.9996995777772778,0.00030042222272219643,0.017316109205282492,0.9999999999999996,0.9999997014242157,0.0008588721644960107,0.0002361023248858318,0.27881851501297206,16,"[1, 2, 4, 8, 16, 16, 16, 16, 16, 8, 4, 2, 1]",2728,6.437776031599348e-07,6.548934103446791e-06,1e-12
8cfd445ea05cbc025b37ee8e90fe7cb55c292ba7ab0b758cf93be6d4357df6d0,C,hybrid_tdvp,11,ryy,0.05,3,9,6,64,1,9,9,mixed,0.9999999995250641,0.9999999995250641,4.749358684108529e-10,2.176876900338546e-05,0.9999999999999996,0.9999999999994722,3.09797910005849e-07,4.25328412307778e-08,0.36133175098802894,54,"[1, 2, 4, 8, 16, 32, 54, 32, 16, 8, 4, 2, 1]",9640,5.752431897769822e-14,1.0819045213828024e-12,1e-12
654260fd032e9c8d5f674533a6cedea48b2277408330d0149ee47a13c400cb47,C,hybrid_tdvp,11,ryy,0.05,3,9,6,64,2,9,9,mixed,0.99999999987691,0.99999999987691,1.2308998265098126e-10,1.1020334608720758e-05,0.9999999999999996,0.9999999999991794,1.594037681018623e-07,2.1528845815185412e-08,0.7204878720222041,53,"[1, 2, 4, 8, 16, 32, 53, 32, 16, 8, 4, 2, 1]",9512,1.393296937224948e-13,1.711989430191308e-12,1e-12
d6a396d89f52d480efaccbd8b26963ee70727b274f2fb40e0ffcb305fe1f1609,C,hybrid_tdvp,11,ryy,0.05,3,9,6,64,4,9,9,mixed,0.999999999951672,0.999999999951672,4.8328008261933064e-11,6.7190303673123e-06,0.9999999999999996,0.9999999999984083,7.727325039563748e-08,1.0658695065495638e-08,1.2230820799595676,51,"[1, 2, 4, 8, 16, 32, 51, 32, 16, 8, 4, 2, 1]",9256,3.28997494921229e-13,3.309649899467425e-12,1e-12
acfa9fae7475872fc0744159a015eddc932075eb0e04af33978adf70a2918165,C,hybrid_tdvp,11,ryy,0.05,3,9,6,64,8,9,9,mixed,0.9999999999293949,0.9999999999293949,7.060507734024668e-11,8.063239837352005e-06,0.9999999999999996,0.9999999999972056,7.331397767346148e-08,1.4294397450898974e-08,2.0436593160266057,50,"[1, 2, 4, 8, 16, 32, 50, 32, 16, 8, 4, 2, 1]",9128,4.1704576344527095e-13,5.841815425193197e-12,1e-12
0a8beba9b2f3bade858d56b2f85bb358b1f4626cf488a95c5023ded47e9e2271,C,hybrid_tdvp,11,rzz,0.05,2,9,7,8,1,10,10,commuting,0.9916754967086637,0.9916754967086637,0.008324503291336272,0.09133400306415089,0.9999999999999996,1.0000000000000002,0.008936838880058941,0.0023098330727192224,0.02263570501236245,8,"[1, 2, 4, 8, 8, 8, 8, 8, 8, 8, 4, 2, 1]",936,5.5144254469669904e-05,0.0005219307899481192,1e-12
18396576f92c5757ac3cdcdca244e0db1996dda4494cb832783e8eeacfa82876,C,hybrid_tdvp,11,rzz,0.05,2,9,7,8,2,10,10,commuting,0.9915975494953547,0.9915975494953547,0.008402450504645276,0.09176151340756779,0.9999999999999996,0.9999999999999998,0.008549318705346556,0.002324355786072022,0.17455843900097534,8,"[1, 2, 4, 8, 8, 8, 8, 8, 8, 8, 4, 2, 1]",936,2.784700050833768e-05,0.00026155047188986625,1e-12
791dc00e539aedb1b5ebe7e927dc5cf7d86044250827a7cb068f3ea9cb833dae,C,hybrid_tdvp,11,rzz,0.05,2,9,7,8,4,10,10,commuting,0.991559178207454,0.991559178207454,0.008440821792546016,0.0919712413367237,0.9999999999999996,0.9999999999999993,0.00835808847036124,0.0023318023850012327,0.14057259098626673,8,"[1, 2, 4, 8, 8, 8, 8, 8, 8, 8, 4, 2, 1]",936,1.3988594656446279e-05,0.0001309102498491746,1e-12
93a541bbd25f72192bd5ff54303ef3b1fbff6be1592c2d8e7598b00851cc20f5,C,hybrid_tdvp,11,rzz,0.05,2,9,7,8,8,10,10,commuting,0.9915401246832067,0.9915401246832067,0.008459875316793264,0.09207520717090076,0.9999999999999996,1.0000000000000002,0.008263067792035141,0.0023355730337126777,0.18214517401065677,8,"[1, 2, 4, 8, 8, 8, 8, 8, 8, 8, 4, 2, 1]",936,7.01012269762742e-06,6.548751064931399e-05,1e-12
13cecfafd3ce57ae3ca450839e37b79c43d1fa08e52eda59da8f7cbadfb58a25,C,hybrid_tdvp,11,rzz,0.05,2,9,7,16,1,10,10,commuting,0.9999228438819879,0.9999228438819879,7.715611801206723e-05,0.008783940251188479,0.9999999999999996,0.9999999999999999,0.0004216999425125838,7.601715750970556e-05,0.027233447995968163,16,"[1, 2, 4, 8, 16, 16, 16, 16, 16, 8, 4, 2, 1]",2728,7.073483162315733e-07,1.3139433589393552e-05,1e-12
f2d21851aff8448aa5784ed8eb4641bcb8fba629718f25d67309b1be9fe02146,C,hybrid_tdvp,11,rzz,0.05,2,9,7,16,2,10,10,commuting,0.9999127055549939,0.9999127055549939,8.729444500610306e-05,0.009323016942950537,0.9999999999999996,0.9999998111473574,0.000335380187148444,8.732865326279343e-05,0.051645332016050816,16,"[1, 2, 4, 8, 16, 16, 16, 16, 16, 8, 4, 2, 1]",2728,3.832214930532565e-07,8.055194836649301e-06,1e-12
f3b3fd6c7d1fc9eec714c473977f57e592748b612e9094149ba7b7f3eb1c2ef2,C,hybrid_tdvp,11,rzz,0.05,2,9,7,16,4,10,10,commuting,0.9999082505669256,0.9999082505669256,9.17494330744395e-05,0.009568133080046897,0.9999999999999996,0.9999998988164831,0.0003283101938666641,9.275958541705909e-05,0.0823140709544532,16,"[1, 2, 4, 8, 16, 16, 16, 16, 16, 8, 4, 2, 1]",2728,2.0484665938330564e-07,4.47750076734346e-06,1e-12
5d56c6b790b4380c9af33568fedc123538f148f1106eaa491ebbd88e246b4f25,C,hybrid_tdvp,11,rzz,0.05,2,9,7,16,8,10,10,commuting,0.999910969816309,0.999910969816309,8.90301836909968e-05,0.009404611797712903,0.9999999999999996,0.9999997072788044,0.0005307479495948488,9.498375010505375e-05,0.21091237402288243,16,"[1, 2, 4, 8, 16, 16, 16, 16, 16, 8, 4, 2, 1]",2728,1.004991421754589e-07,2.194229397266735e-06,1e-12
8254a602506419b84ae06c512b4efa59d5ef73fe5974da4ac853bfb0f94fe15f,C,hybrid_tdvp,11,rzz,0.05,2,9,7,64,1,10,10,commuting,0.9999999999841764,0.9999999999841764,1.5823564680772506e-11,3.853011347569894e-06,0.9999999999999996,0.9999999999995113,4.7284553596378676e-08,8.810550873205009e-09,0.27685279300203547,32,"[1, 2, 4, 8, 16, 32, 32, 32, 16, 8, 4, 2, 1]",6824,4.099244868202338e-20,9.78513686084642e-13,1e-12
9e889804319a17e61fbfae88ac1a4107745830490b2c461ec3f4e3f7f2d75cd3,C,hybrid_tdvp,11,rzz,0.05,2,9,7,64,2,10,10,commuting,0.9999999999188165,0.9999999999188165,8.11835043634801e-11,8.91554976968716e-06,0.9999999999999996,0.9999999999991519,1.671438198125319e-07,2.9190614747786083e-08,0.16786530596436933,32,"[1, 2, 4, 8, 16, 31, 32, 31, 16, 8, 4, 2, 1]",6632,7.06094068157237e-18,1.7885696444974253e-12,1e-12
6fe413734300305aba505e37822602d43d4ba15e78c927e2b426e0c19b92185c,C,hybrid_tdvp,11,rzz,0.05,2,9,7,64,4,10,10,commuting,0.9999999998788116,0.9999999998788116,1.211883926544033e-10,1.0804461189374759e-05,0.9999999999999996,0.9999999999977733,1.01266193212185e-07,1.9826049359822406e-08,0.3661784090218134,32,"[1, 2, 4, 8, 16, 30, 32, 30, 16, 8, 4, 2, 1]",6440,1.2796861620156917e-15,4.532646376675735e-12,1e-12
f65a8f4832540595c6bb7951b9ff5e7f5684a202a658299f409b8f7608a0af33,C,hybrid_tdvp,11,rzz,0.05,2,9,7,64,8,10,10,commuting,0.9999999993434256,0.9999999993434256,6.565743504438615e-10,2.5398837950983283e-05,0.9999999999999996,0.9999999999942638,1.5466783795381467e-07,2.4611739785083265e-08,0.613605408987496,32,"[1, 2, 4, 8, 16, 30, 32, 29, 16, 8, 4, 2, 1]",6344,1.7254334921804487e-15,1.1786938858156029e-11,1e-12
93a7334a99e6c2d61e8d0cb826ac1e6ee94dd6296fb3df0365be678be5d9a8f0,C,hybrid_tdvp,11,rxx,0.05,2,9,7,8,1,10,10,mixed,0.9905658949748456,0.9905658949748456,0.009434105025154405,0.09724433757146425,0.9999999999999996,1.0000000000000004,0.010086814899567902,0.002343849434081395,0.07924822502536699,8,"[1, 2, 4, 8, 8, 8, 8, 8, 8, 8, 4, 2, 1]",936,4.039130673738197e-05,0.00047914984856304297,1e-12
a71aee03275f307c1df658d7697e9bd2271c6a42e8de74a337dc01fb865c91e3,C,hybrid_tdvp,11,rxx,0.05,2,9,7,8,2,10,10,mixed,0.9905241787461739,0.9905241787461739,0.009475821253826067,0.09745961235650157,0.9999999999999996,1.0000000000000007,0.010213345847086355,0.002351873149037354,0.31162902497453615,8,"[1, 2, 4, 8, 8, 8, 8, 8, 8, 8, 4, 2, 1]",936,2.0159462767444517e-05,0.00023956900224981136,1e-12
90738d67a3b2d2116b0c80cc731a1761c1486034f57ae68a0f0f4147a4036cb1,C,hybrid_tdvp,11,rxx,0.05,2,9,7,8,4,10,10,mixed,0.9905038449423191,0.9905038449423191,0.009496155057680866,0.09756437351440363,0.9999999999999996,0.9999999999999997,0.010268543869235681,0.002355676549687752,0.10726849100319669,8,"[1, 2, 4, 8, 8, 8, 8, 8, 8, 8, 4, 2, 1]",936,1.007292498145763e-05,0.00011981133347538832,1e-12
266bdf6f87b3facae5bbdd2154d3fbe402ab25b97b866732730cb1db44d9ec32,C,hybrid_tdvp,11,rxx,0.05,2,9,7,8,8,10,10,mixed,0.9904937901090431,0.9904937901090431,0.009506209890956852,0.0976161355618702,0.9999999999999996,1.0000000000000007,0.01029429244827057,0.0023575298706651976,0.20853555103531107,8,"[1, 2, 4, 8, 8, 8, 8, 8, 8, 8, 4, 2, 1]",936,5.035031241300427e-06,5.991582880921863e-05,1e-12
4bfb574c7ebda49cfdf3186f5a537aef8d112c22a2f36bab6137352b2cb400a2,C,hybrid_tdvp,11,rxx,0.05,2,9,7,16,1,10,10,mixed,0.9997064897415651,0.9997064897415651,0.00029351025843493694,0.01713276973123548,0.9999999999999996,1.0,0.000924798907499148,0.0001823344928514907,0.02110725804232061,16,"[1, 2, 4, 8, 16, 16, 16, 16, 16, 8, 4, 2, 1]",2728,2.8463429503728575e-06,4.051094941895429e-05,1e-12
44bfeef116fff0338f7ea4ef43bd43e320aed4e6f2fdf82b7930035314544bd2,C,hybrid_tdvp,11,rxx,0.05,2,9,7,16,2,10,10,mixed,0.9996819148280163,0.9996819148280163,0.00031808517198372854,0.017835651671592512,0.9999999999999996,0.9999999999999998,0.0006266650592136047,0.00020446536445341447,0.059708561981096864,16,"[1, 2, 4, 8, 16, 16, 16, 16, 16, 8, 4, 2, 1]",2728,1.474862834309929e-06,2.3205038655121566e-05,1e-12
b98cc418b72f57e68e52f7999cfc40b1ea1875a792a909cf3fdf5561b4c17f34,C,hybrid_tdvp,11,rxx,0.05,2,9,7,16,4,10,10,mixed,0.9996592830813634,0.9996592830813634,0.0003407169186365744,0.018459305121938052,0.9999999999999996,0.9999999999999998,0.0008792013545809718,0.0002468514723298486,0.07512136903824285,16,"[1, 2, 4, 8, 16, 16, 16, 16, 16, 8, 4, 2, 1]",2728,7.103424593116568e-07,1.3079334302183093e-05,1e-12
e1844a55ed5cda4b13408fb403305fd14514899231e2677d97db4f99b193bd6c,C,hybrid_tdvp,11,rxx,0.05,2,9,7,16,8,10,10,mixed,0.9996497555345549,0.9996497555345549,0.00035024446544507093,0.01871563887805491,0.9999999999999996,1.0000000000000002,0.0009355549273802888,0.00025723172049646405,0.3785785509971902,16,"[1, 2, 4, 8, 16, 16, 16, 16, 16, 8, 4, 2, 1]",2728,3.439948797649389e-07,6.892928983211732e-06,1e-12
5f2f5d7e171f2ad4de295f3279ec030c91b30c9907e87ad0861ceeea178a58e0,C,hybrid_tdvp,11,rxx,0.05,2,9,7,64,1,10,10,mixed,0.9999999995248585,0.9999999995248585,4.751414817150135e-10,2.1769233361637883e-05,0.9999999999999996,0.9999999999993799,4.267239505778564e-07,5.400577297805976e-08,0.36764994403347373,48,"[1, 2, 4, 8, 16, 32, 48, 32, 16, 8, 4, 2, 1]",8872,1.778115821100193e-13,1.2597161034928216e-12,1e-12
f32bb8bdc251ad91810adedcd0d4f13228aa47f1ee998bd72781a2aeb8cf2c14,C,hybrid_tdvp,11,rxx,0.05,2,9,7,64,2,10,10,mixed,0.9999999998768057,0.9999999998768057,1.2319434361529602e-10,1.1012587817226516e-05,0.9999999999999996,0.9999999999990422,2.1743296479970198e-07,2.730436289245261e-08,0.7025292110047303,49,"[1, 2, 4, 8, 16, 32, 49, 32, 16, 8, 4, 2, 1]",9000,2.68210901813404e-13,1.980200332004712e-12,1e-12
40bd1f219c86fa23120ae92961cf764b7777d369ba6a665febd87ebeb0c68058,C,hybrid_tdvp,11,rxx,0.05,2,9,7,64,4,10,10,mixed,0.9999999999529205,0.9999999999529205,4.707945144843961e-11,6.602937762988701e-06,0.9999999999999996,0.9999999999982601,1.0620235447317272e-07,1.3483185510443419e-08,1.087669384025503,51,"[1, 2, 4, 8, 16, 32, 51, 32, 16, 8, 4, 2, 1]",9256,3.287066413506528e-13,3.638356540818077e-12,1e-12
68ebc3fe841f4abcc91f171fb10ec15f378e31e9583738c76d41a02e30074dc3,C,hybrid_tdvp,11,rxx,0.05,2,9,7,64,8,10,10,mixed,0.9999999999310876,0.9999999999310876,6.891243131690317e-11,7.936902539137092e-06,0.9999999999999996,0.9999999999970406,7.428496570649479e-08,1.4875579417920332e-08,2.3811867329641245,52,"[1, 2, 4, 8, 16, 32, 52, 32, 16, 8, 4, 2, 1]",9384,3.81398873985472e-13,6.22321429917867e-12,1e-12
00a41cc0cce84b6c5f632771166e99fa7c8bd85d5239525e3c011feae8eaa5f7,C,hybrid_tdvp,11,rzz,0.05,2,8,6,8,1,11,11,commuting,0.9902788939112811,0.9902788939112811,0.0097211060887189,0.09871598957373334,0.9999999999999996,1.0,0.010888547064671714,0.0027691793880993913,0.054699416970834136,8,"[1, 2, 4, 8, 8, 8, 8, 8, 8, 8, 4, 2, 1]",936,5.073290289831773e-05,0.0005726636928464369,1e-12
17e8d1bc4e8c1fd0aa5176e9ca454d020f0b2ddb077759b987d6316ec81a1b8c,C,hybrid_tdvp,11,rzz,0.05,2,8,6,8,2,11,11,commuting,0.9901852408897245,0.9901852408897245,0.009814759110275517,0.09919153389121617,0.9999999999999996,0.9999999999999997,0.010447025440180353,0.00278444748982325,0.2069602640112862,8,"[1, 2, 4, 8, 8, 8, 8, 8, 8, 8, 4, 2, 1]",936,2.550266710236642e-05,0.0002870531389922326,1e-12
64cea1075c1a9407037bdf739a4164ce896c1fb65d89bc24f2ec42871c95499e,C,hybrid_tdvp,11,rzz,0.05,2,8,6,8,4,11,11,commuting,0.9901390097796421,0.9901390097796421,0.009860990220357913,0.09942545250334273,0.9999999999999996,0.9999999999999998,0.010229243566554566,0.002792352038396385,0.07836422300897539,8,"[1, 2, 4, 8, 8, 8, 8, 8, 8, 8, 4, 2, 1]",936,1.2782683879501171e-05,0.0001436929337286758,1e-12
77432ef435b6e57a20a66930fb05b205461350487f33bc1a70b45eb9e46daa27,C,hybrid_tdvp,11,rzz,0.05,2,8,6,8,8,11,11,commuting,0.9901160235575376,0.9901160235575376,0.009883976442462417,0.09954155484147956,0.9999999999999996,0.9999999999999999,0.010121101599598153,0.002796372412129453,0.2661196469562128,8,"[1, 2, 4, 8, 8, 8, 8, 8, 8, 8, 4, 2, 1]",936,6.398887663687983e-06,7.188639831300192e-05,1e-12
20691bd35574860fb9ca79bd10a346813f67172555e1251d8e64609bbfec457d,C,hybrid_tdvp,11,rzz,0.05,2,8,6,16,1,11,11,commuting,0.9998985284240196,0.9998985284240196,0.00010147157598039414,0.010073437855632947,0.9999999999999996,1.0000000000000002,0.0003743184590694901,8.349447543916303e-05,0.05982746399240568,16,"[1, 2, 4, 8, 16, 16, 16, 16, 16, 8, 4, 2, 1]",2728,1.2204782350259691e-06,1.4359911824419522e-05,1e-12
78a799b22f33325ffac5136d749db838a58be5d5a38e69f68d5a58c546bc49b3,C,hybrid_tdvp,11,rzz,0.05,2,8,6,16,2,11,11,commuting,0.9998875000220849,0.9998875000220849,0.00011249997791507038,0.010606749839309178,0.9999999999999996,0.9999999999999992,0.0003313260853807093,9.934933557435197e-05,0.10770371503895149,16,"[1, 2, 4, 8, 16, 16, 16, 16, 16, 8, 4, 2, 1]",2728,6.736595963435886e-07,8.72885443299289e-06,1e-12
59045bc609966bfea63e703f94fbc51980a22e6d4e43a853c487fe634cf1f64d,C,hybrid_tdvp,11,rzz,0.05,2,8,6,16,4,11,11,commuting,0.9998818135116601,0.9998818135116601,0.00011818648833994416,0.010845875910008532,0.9999999999999996,0.99999972152181,0.0003542366129994229,0.00010580574796437401,0.08385471103247255,16,"[1, 2, 4, 8, 16, 16, 16, 16, 16, 8, 4, 2, 1]",2728,3.560035821395925e-07,4.833504349483052e-06,1e-12
f8a7c742dad4aedcf304688d5298ee2eb82cbc5d72f24f31d9dd37486265ba1c,C,hybrid_tdvp,11,rzz,0.05,2,8,6,16,8,11,11,commuting,0.9998863840668091,0.9998863840668091,0.00011361593319092478,0.010659228889516106,0.9999999999999996,0.9999999999999996,0.0005080099576088605,0.00010462478121279211,0.18515029305126518,16,"[1, 2, 4, 8, 16, 16, 16, 16, 16, 8, 4, 2, 1]",2728,1.7013593127560924e-07,2.364365328542345e-06,1e-12
4afbf83a27979f738809d4e957f001b5efba05c891e6f06cd67c53ffb1f5ff9d,C,hybrid_tdvp,11,rzz,0.05,2,8,6,64,1,11,11,commuting,0.9999999999841813,0.9999999999841813,1.5818679699464155e-11,3.853012882790993e-06,0.9999999999999996,0.9999999999995139,4.615895319443064e-08,8.715224227432215e-09,0.23033134499564767,32,"[1, 2, 4, 8, 16, 32, 32, 32, 16, 8, 4, 2, 1]",6824,1.053650321399294e-18,9.785147397349636e-13,1e-12
ae9b1689c2de9d265615872aa7d41ae0b11807f31e76734d36c3a15e23e358cb,C,hybrid_tdvp,11,rzz,0.05,2,8,6,64,2,11,11,commuting,0.9999999999092879,0.9999999999092879,9.071210449462797e-11,9.416782263440169e-06,0.9999999999999996,0.9999999999989824,1.6806863491203305e-07,2.929391336999481e-08,0.2536601250176318,32,"[1, 2, 4, 8, 16, 31, 32, 31, 16, 8, 4, 2, 1]",6632,3.302502113235533e-13,2.118819855820979e-12,1e-12
e40e3cb3f0c5750975aa759abdd3179920689bb73f613471b319917dc38cc122,C,hybrid_tdvp,11,rzz,0.05,2,8,6,64,4,11,11,commuting,0.9999999998260887,0.9999999998260887,1.739113297816175e-10,1.2982195823734187e-05,0.9999999999999996,0.9999999999973124,1.0806157586112919e-07,2.1442098862391765e-08,0.3377665369771421,32,"[1, 2, 4, 8, 16, 30, 32, 30, 16, 8, 4, 2, 1]",6440,9.405484772197773e-13,5.4731948538955126e-12,1e-12
703b479136e1919b8c93f6adf552a0aab2f44f6150da3f7a98b18831fc1f186e,C,hybrid_tdvp,11,rzz,0.05,2,8,6,64,8,11,11,commuting,0.999999999202172,0.999999999202172,7.978280258669201e-10,2.802036226534576e-05,0.9999999999999996,0.9999999999936561,1.6232918647468564e-07,2.6024343005881015e-08,0.706442883994896,32,"[1, 2, 4, 8, 16, 30, 32, 29, 16, 8, 4, 2, 1]",6344,1.255033502494139e-12,1.3041972360650169e-11,1e-12
7b5e3b0354dd17a2db2e4dc7b011faee72f7846ad1bcbda40c98c0cdd13e3de7,C,hybrid_tdvp,11,rzz,0.05,2,8,6,8,1,11,11,mixed,0.9884844341473729,0.9884844341473729,0.011515565852627141,0.10746585589962025,0.9999999999999996,1.0,0.012771818393099172,0.002929760428933461,0.07393351098289713,8,"[1, 2, 4, 8, 8, 8, 8, 8, 8, 8, 4, 2, 1]",936,5.265559325709825e-05,0.0005318054418201413,1e-12
3ddef9e608dc774bb3126206ade84152059f2aad046780e8f7ca264fccf78725,C,hybrid_tdvp,11,rzz,0.05,2,8,6,8,2,11,11,mixed,0.9884167264555774,0.9884167264555774,0.011583273544422568,0.10778224477180053,0.9999999999999996,1.000000000000001,0.012982277299958364,0.0029453648360483653,0.03353268600767478,8,"[1, 2, 4, 8, 8, 8, 8, 8, 8, 8, 4, 2, 1]",936,2.645555888022007e-05,0.00026602456113003145,1e-12
8b298545648fa4ae5c37d88df2fc676500263a8e26b40c66689fb0a196b1844e,C,hybrid_tdvp,11,rzz,0.05,2,8,6,8,4,11,11,mixed,0.9883840317324972,0.9883840317324972,0.011615968267502774,0.10793469460791306,0.9999999999999996,0.9999999999999997,0.013076893990231507,0.0029527682443224452,0.11471246700966731,8,"[1, 2, 4, 8, 8, 8, 8, 8, 8, 8, 4, 2, 1]",936,1.325983361508189e-05,0.00013307116709047027,1e-12
fbe5b257ddc61bda0ec42df0ea74eb821cefe0b2b3aee45226a69794d5af212e,C,hybrid_tdvp,11,rzz,0.05,2,8,6,8,8,11,11,mixed,0.9883679427896185,0.9883679427896185,0.011632057210381519,0.10800963649235441,0.9999999999999996,0.9999999999999992,0.013121759773158354,0.00295637559703087,0.2550330620142631,8,"[1, 2, 4, 8, 8, 8, 8, 8, 8, 8, 4, 2, 1]",936,6.637987469775939e-06,6.655381627899454e-05,1e-12
531a427afc91fa4d73681fa159630e07a5d859218fd2a41aa3b36c4432468ecb,C,hybrid_tdvp,11,rzz,0.05,2,8,6,16,1,11,11,mixed,0.9996458977951531,0.9996458977951531,0.0003541022048468845,0.018818436637788868,0.9999999999999996,0.9999999999999994,0.0010735040909088753,0.00020639189170984962,0.06335125502664596,16,"[1, 2, 4, 8, 16, 16, 16, 16, 16, 8, 4, 2, 1]",2728,3.4707476826171995e-06,4.39816971015715e-05,1e-12
5e20d3a4cb2cbf1d511cae80fd2cf898b5c4f8f91ce06a3dcb8e8db09d471d62,C,hybrid_tdvp,11,rzz,0.05,2,8,6,16,2,11,11,mixed,0.999621317890757,0.999621317890757,0.0003786821092429671,0.019460677430823605,0.9999999999999996,0.9999999999999986,0.0007464853388660202,0.00022479872280154023,0.1088302000425756,16,"[1, 2, 4, 8, 16, 16, 16, 16, 16, 8, 4, 2, 1]",2728,1.7114288342757427e-06,2.4916467489397305e-05,1e-12
8d65a869b2145a61c9587047fabbae655e65716e0187197ed78df9b4bf1d7d5f,C,hybrid_tdvp,11,rzz,0.05,2,8,6,16,4,11,11,mixed,0.9995956237539442,0.9995956237539442,0.00040437624605582645,0.02011012517020087,0.9999999999999996,1.0000000000000007,0.0008960170403623791,0.0002664809174809756,0.10583892499562353,16,"[1, 2, 4, 8, 16, 16, 16, 16, 16, 8, 4, 2, 1]",2728,8.873055916264842e-07,1.3966639893809582e-05,1e-12
874f3245b24c5c12527f6a0cf59a31988c9a12bce434f2e3486ec4e2cd47ecc2,C,hybrid_tdvp,11,rzz,0.05,2,8,6,16,8,11,11,mixed,0.9995841911862111,0.9995841911862111,0.0004158088137888871,0.020381406920839798,0.9999999999999996,0.9999997748505013,0.0009537729288875696,0.00027807471818321516,0.2759988469770178,16,"[1, 2, 4, 8, 16, 16, 16, 16, 16, 8, 4, 2, 1]",2728,4.5659717028595573e-07,7.349526153497688e-06,1e-12
8170fc85cbfa8f823798c128d82d554a820ec9dac18d95d2e60cb33f5ee803a8,C,hybrid_tdvp,11,rzz,0.05,2,8,6,64,1,11,11,mixed,0.999999999524638,0.999999999524638,4.75361972007704e-10,2.1772094405720028e-05,0.9999999999999996,0.9999999999993302,4.1863469121133923e-07,5.359108546763862e-08,0.3345749849686399,51,"[1, 2, 4, 8, 16, 32, 51, 32, 16, 8, 4, 2, 1]",9256,1.0098420305527297e-13,1.3607003065480944e-12,1e-12
52f2d08c08636fad0eadcb43d7796e27a4e409ce8cd26a06028ec73f39fdb20e,C,hybrid_tdvp,11,rzz,0.05,2,8,6,64,2,11,11,mixed,0.9999999998761746,0.9999999998761746,1.2382539438249296e-10,1.1032289181879254e-05,0.9999999999999996,0.9999999999989434,2.125522000212543e-07,2.702378650718451e-08,0.7494945920188911,50,"[1, 2, 4, 8, 16, 32, 50, 32, 16, 8, 4, 2, 1]",9128,1.9669458501618644e-13,2.1768949170208983e-12,1e-12
2bc0287b40f182ee5bf5455fca2eb6ad90e36f242ad3158b6dff45b7ed76d3cf,C,hybrid_tdvp,11,rzz,0.05,2,8,6,64,4,11,11,mixed,0.9999999999515732,0.9999999999515732,4.84268181111247e-11,6.687160593534738e-06,0.9999999999999996,0.9999999999981455,1.0237663167905753e-07,1.3199148490530233e-08,1.03702546202112,50,"[1, 2, 4, 8, 16, 32, 50, 32, 16, 8, 4, 2, 1]",9128,2.5114956636287403e-13,3.889506107180951e-12,1e-12
9fd33d6d761a0032905e763501154f4f479e12040e161c962faaa402f5472a8a,C,hybrid_tdvp,11,rzz,0.05,2,8,6,64,8,11,11,mixed,0.999999999929376,0.999999999929376,7.062395113166531e-11,8.02660453234821e-06,0.9999999999999996,0.9999999999969014,7.37048313076416e-08,1.4700262712781625e-08,2.2726519440184347,50,"[1, 2, 4, 8, 16, 32, 50, 32, 16, 8, 4, 2, 1]",9128,2.907348090436034e-13,6.513949108222272e-12,1e-12
08f2387354461b17f1199e0357b456819b3d6ee3f8100fb2076fe96a4a96aae4,C,hybrid_tdvp,11,rzz,0.05,3,9,6,8,1,12,12,commuting,0.9891532336727386,0.9891532336727386,0.010846766327261448,0.10428969278083712,0.9999999999999996,1.0000000000000007,0.01241313891592654,0.0029650455837565,0.019382318016141653,8,"[1, 2, 4, 8, 8, 8, 8, 8, 8, 8, 4, 2, 1]",936,3.9682276517752764e-05,0.0006123459693641895,1e-12
a6506602bb57755f384bd34c92bd8f5e52f462e5f0ec59fc9be80ad002d2f1cf,C,hybrid_tdvp,11,rzz,0.05,3,9,6,8,2,12,12,commuting,0.9890528575705487,0.9890528575705487,0.010947142429451273,0.10477245597034712,0.9999999999999996,1.0000000000000009,0.011965346742837207,0.002975526478037506,0.6144278430147097,8,"[1, 2, 4, 8, 8, 8, 8, 8, 8, 8, 4, 2, 1]",936,1.997692088769961e-05,0.00030703005987993225,1e-12
36ece02c14ffc98538c709f196dbd0e88ef0e0b3fb22f9b73dab2dd229c8e0a6,C,hybrid_tdvp,11,rzz,0.05,3,9,6,8,4,12,12,commuting,0.9890031469189057,0.9890031469189057,0.010996853081094327,0.10501072878117641,0.9999999999999996,1.0,0.01174448074323417,0.00298116957072616,0.09288336598547176,8,"[1, 2, 4, 8, 8, 8, 8, 8, 8, 8, 4, 2, 1]",936,1.0021835339803496e-05,0.00015371476906847936,1e-12
7753a5d55babd9b07f28a1aeaa49e28d3acaea386046322b58a33c2b76bff078,C,hybrid_tdvp,11,rzz,0.05,3,9,6,8,8,12,12,commuting,0.9889783942773787,0.9889783942773787,0.011021605722621342,0.10512917382864584,0.9999999999999996,0.9999999999999999,0.011634816466997183,0.0029840916480317545,0.16969951399369165,8,"[1, 2, 4, 8, 8, 8, 8, 8, 8, 8, 4, 2, 1]",936,5.019194720112202e-06,7.690559303311412e-05,1e-12
eb98bda3428cf19576b03e4c46cb9843532c6a6dd08e385575f85fce5f24d7e4,C,hybrid_tdvp,11,rzz,0.05,3,9,6,16,1,12,12,commuting,0.9998530396030424,0.9998530396030424,0.0001469603969576072,0.012122945050331443,0.9999999999999996,0.9999999999999994,0.0004993853543254917,0.00010412744766454684,0.02441091201035306,16,"[1, 2, 4, 8, 16, 16, 16, 16, 16, 8, 4, 2, 1]",2728,2.4947386900667356e-06,1.685465051448626e-05,1e-12
8518b5431e7d25c8f81896c304228a94766a05844e710c28a253c67a32cebe98,C,hybrid_tdvp,11,rzz,0.05,3,9,6,16,2,12,12,commuting,0.9998348558114725,0.9998348558114725,0.00016514418852753288,0.012851109183390863,0.9999999999999996,1.000000000000001,0.0004382499242796545,0.00012327275005770535,0.09803797997301444,16,"[1, 2, 4, 8, 16, 16, 16, 16, 16, 8, 4, 2, 1]",2728,1.4310708825706594e-06,1.015992531556355e-05,1e-12
fccdd06cefaf9ee8efc95d6bfa8c3591d18d30ac295e01bdcb5ae2a355f225ee,C,hybrid_tdvp,11,rzz,0.05,3,9,6,16,4,12,12,commuting,0.9998285238535531,0.9998285238535531,0.00017147614644685838,0.01309517079287186,0.9999999999999996,0.9999999999999997,0.0004115026764992184,0.00012700513024493655,0.15276361699216068,16,"[1, 2, 4, 8, 16, 16, 16, 16, 16, 8, 4, 2, 1]",2728,7.221081965549024e-07,5.555612546037954e-06,1e-12
24d2c3423a2ccd9b22906a46dc7688f914e571e5a487c4db63b8dec9499ede2e,C,hybrid_tdvp,11,rzz,0.05,3,9,6,16,8,12,12,commuting,0.9998359839728137,0.9998359839728137,0.00016401602718629782,0.012794759013720252,0.9999999999999996,0.9999998415525714,0.0006138161596792727,0.00012277851876922385,0.1743742449907586,16,"[1, 2, 4, 8, 16, 16, 16, 16, 16, 8, 4, 2, 1]",2728,3.352625233248911e-07,2.6996278518672367e-06,1e-12
414a1aec45d3b0be2c42b97e2316d52f42cac7ff3c051e758ae7164be73f4695,C,hybrid_tdvp,11,rzz,0.05,3,9,6,64,1,12,12,commuting,0.9999999999841882,0.9999999999841882,1.581179631671148e-11,3.853013711286843e-06,0.9999999999999996,0.9999999999995155,4.519186915191795e-08,8.876931449675824e-09,0.23449817998334765,32,"[1, 2, 4, 8, 16, 32, 32, 32, 16, 8, 4, 2, 1]",6824,5.553404168374723e-19,9.785152950753803e-13,1e-12
93768c919a3169cdfffd431c2472cdaf5c7ec2341956cf13e08e58f15b653817,C,hybrid_tdvp,11,rzz,0.05,3,9,6,64,2,12,12,commuting,0.9999999998925901,0.9999999998925901,1.0740985878499032e-10,1.0236548472301237e-05,0.9999999999999996,0.9999999999986882,1.6819277260868293e-07,2.99563241042529e-08,0.174051679961849,32,"[1, 2, 4, 8, 16, 31, 32, 31, 16, 8, 4, 2, 1]",6632,5.764449649114231e-13,2.6952648207324023e-12,1e-12
5801b9e552124eac6a8c018864ddc1bd86801f041b9031cef694cb57349feef0,C,hybrid_tdvp,11,rzz,0.05,3,9,6,64,4,12,12,commuting,0.9999999997899427,0.9999999997899427,2.1005730488354857e-10,1.4284939317629252e-05,0.9999999999999996,0.9999999999970012,1.078639955028049e-07,2.2224232415629054e-08,0.3169708169880323,32,"[1, 2, 4, 8, 16, 31, 32, 30, 16, 8, 4, 2, 1]",6536,6.344651393690461e-13,6.10765999326456e-12,1e-12
ec048a1d0fe8b11923d22a4a93484a8e87a58a36767e45710cdbe436c9d507d8,C,hybrid_tdvp,11,rzz,0.05,3,9,6,64,8,12,12,commuting,0.999999999112811,0.999999999112811,8.871889889405793e-10,2.9558714856348037e-05,0.9999999999999996,0.9999999999932646,1.721440550106479e-07,2.7459903429556452e-08,0.39619862503604963,32,"[1, 2, 4, 8, 16, 30, 32, 30, 16, 8, 4, 2, 1]",6440,7.807858781535266e-13,1.3822758238803697e-11,1e-12
04496923aa8221105c3e870998c1fdbf5d5d127c67e39b17b275714f1fa207d7,C,hybrid_tdvp,11,ryy,0.05,3,9,6,8,1,12,12,mixed,0.9870524870349988,0.9870524870349988,0.012947512965001184,0.11397234759207299,0.9999999999999996,1.0000000000000009,0.013024426905498859,0.0030763023093105745,0.018785879015922546,8,"[1, 2, 4, 8, 8, 8, 8, 8, 8, 8, 4, 2, 1]",936,4.601225880818032e-05,0.0005778177006283216,1e-12
e49a121b811d82cc6fa08c128aed236101f5e915743d371f60ff96b8979daca9,C,hybrid_tdvp,11,ryy,0.05,3,9,6,8,2,12,12,mixed,0.9869747009667225,0.9869747009667225,0.013025299033277538,0.11431531891180256,0.9999999999999996,1.0,0.012857693072295538,0.003092330778867472,0.0455542629933916,8,"[1, 2, 4, 8, 8, 8, 8, 8, 8, 8, 4, 2, 1]",936,2.307272432400532e-05,0.0002890972854540367,1e-12
b44e14f05d95d242d58b53bbdb99370b0c1a4a0105add22e602b11c93cd9144b,C,hybrid_tdvp,11,ryy,0.05,3,9,6,8,4,12,12,mixed,0.9869371161556483,0.9869371161556483,0.013062883844351725,0.11448067305589207,0.9999999999999996,1.0000000000000002,0.012781574118880736,0.003100084498883431,0.09411436802474782,8,"[1, 2, 4, 8, 8, 8, 8, 8, 8, 8, 4, 2, 1]",936,1.155330714964139e-05,0.0001446244742401116,1e-12
f0bdee8f4e72c8fa764056a2c11ec84ee3918654234842159e9e25f5b06ceec5,C,hybrid_tdvp,11,ryy,0.05,3,9,6,8,8,12,12,mixed,0.9869186160650741,0.9869186160650741,0.013081383934925861,0.11456197759417665,0.9999999999999996,1.0000000000000007,0.012745162663523855,0.0031038965787285977,0.4893654729821719,8,"[1, 2, 4, 8, 8, 8, 8, 8, 8, 8, 4, 2, 1]",936,5.780938990835987e-06,7.233475526983054e-05,1e-12
83663a5867c17af93e0d32893f01e68373004f6b92011d14df8e46018241dec8,C,hybrid_tdvp,11,ryy,0.05,3,9,6,16,1,12,12,mixed,0.9995641347315875,0.9995641347315875,0.0004358652684125497,0.020878524215027585,0.9999999999999996,0.9999999999999984,0.001178125748451251,0.00022999211045311073,0.07469016499817371,16,"[1, 2, 4, 8, 16, 16, 16, 16, 16, 8, 4, 2, 1]",2728,4.812897425189559e-06,4.8794594526761054e-05,1e-12
21ce577747361a74b40dc2ff75e013b5b52339e19457a7e018b3bf55467d11e3,C,hybrid_tdvp,11,ryy,0.05,3,9,6,16,2,12,12,mixed,0.999539659732018,0.999539659732018,0.000460340267982029,0.021456776516306973,0.9999999999999996,1.0000000000000004,0.0008109971729720576,0.00024989381365803375,0.0889362710295245,16,"[1, 2, 4, 8, 16, 16, 16, 16, 16, 8, 4, 2, 1]",2728,2.3064586705814158e-06,2.722292615997872e-05,1e-12
2a965faf06acb126d8ef90acd6b2c875b14ac36ec361b70bfb75ee7ffcedcf44,C,hybrid_tdvp,11,ryy,0.05,3,9,6,16,4,12,12,mixed,0.9995117811683875,0.9995117811683875,0.0004882188316125413,0.022097023228702817,0.9999999999999996,0.9999999999999997,0.000960653124449512,0.0002978571812848632,0.18144706898601726,16,"[1, 2, 4, 8, 16, 16, 16, 16, 16, 8, 4, 2, 1]",2728,1.1839676455067005e-06,1.5150607539316282e-05,1e-12
fb899b08341509e3d8aaef037852e9f511239fdf7da534f6a87a5659b6a50d30,C,hybrid_tdvp,11,ryy,0.05,3,9,6,16,8,12,12,mixed,0.9994990786954175,0.9994990786954175,0.0005009213045824579,0.022382673004732227,0.9999999999999996,1.0000000000000007,0.0010270594018328694,0.000313233863105114,0.30739853595150635,16,"[1, 2, 4, 8, 16, 16, 16, 16, 16, 8, 4, 2, 1]",2728,6.02895720749288e-07,7.952421874246973e-06,1e-12
fcb4da28fe575e02be4434b9c9fdae0e997b064424763fc0819ca6330fe5342c,C,hybrid_tdvp,11,ryy,0.05,3,9,6,64,1,12,12,mixed,0.9999999995243505,0.9999999995243505,4.756495197710819e-10,2.1776665807898753e-05,0.9999999999999996,0.9999999999992856,4.186346939938357e-07,5.365101214956024e-08,0.3895146969589405,55,"[1, 2, 4, 8, 16, 32, 55, 32, 16, 8, 4, 2, 1]",9768,8.836000802997818e-14,1.4490603145780726e-12,1e-12
6af61591aeec4125540222a5dbb476afc2fcdef9e4711bef5c2118cd461b6ee4,C,hybrid_tdvp,11,ryy,0.05,3,9,6,64,2,12,12,mixed,0.9999999998757318,0.9999999998757318,1.2426815132471347e-10,1.1048930831054091e-05,0.9999999999999996,0.9999999999989051,2.1255221131083468e-07,2.7049819753367352e-08,0.6553674140013754,54,"[1, 2, 4, 8, 16, 32, 54, 32, 16, 8, 4, 2, 1]",9640,8.417285301133479e-14,2.261067770032233e-12,1e-12
967f23f9c7de40a3c79954602de250760657233bfb7d74da300c688104342360,C,hybrid_tdvp,11,ryy,0.05,3,9,6,64,4,12,12,mixed,0.9999999999487956,0.9999999999487956,5.120437407413192e-11,6.867055271694819e-06,0.9999999999999996,0.9999999999979763,1.02376627723888e-07,1.3307979902324074e-08,1.032973674009554,52,"[1, 2, 4, 8, 16, 32, 52, 32, 16, 8, 4, 2, 1]",9384,3.3189602474526993e-13,4.221402131926222e-12,1e-12
0567304a8e6a6f6b8fc29882d04f2b469a90d21a7e3a7bbea65633a432e1a23d,C,hybrid_tdvp,11,ryy,0.05,3,9,6,64,8,12,12,mixed,0.999999999923374,0.999999999923374,7.662603884739383e-11,8.368169947616564e-06,0.9999999999999996,0.9999999999966996,7.649169360413044e-08,1.5437765024635768e-08,2.3933290370041505,51,"[1, 2, 4, 8, 16, 32, 51, 32, 16, 8, 4, 2, 1]",9256,4.175329005265029e-13,6.931482008748775e-12,1e-12
09f05e337fbbed7038e74b1a38dd08331a0c1bdd2706b141a2a48cd0bc4354f3,C,hybrid_tdvp,11,rzz,0.05,2,9,7,8,1,13,13,commuting,0.9874116043435901,0.9874116043435901,0.012588395656409901,0.11237554858068449,0.9999999999999996,0.9999999999999999,0.01248894836579846,0.0031386401777757393,0.04666098899906501,8,"[1, 2, 4, 8, 8, 8, 8, 8, 8, 8, 4, 2, 1]",936,4.9184742668165927e-05,0.0006615307120323555,1e-12
bc50af466a83e1cb87407de3844f0726988287d277eccf88c215396125550007,C,hybrid_tdvp,11,rzz,0.05,2,9,7,8,2,13,13,commuting,0.9872724070821416,0.9872724070821416,0.01272759291785841,0.11299712656611327,0.9999999999999996,1.0,0.011994483505074566,0.0031543124712112365,0.41896327905124053,8,"[1, 2, 4, 8, 8, 8, 8, 8, 8, 8, 4, 2, 1]",936,2.4987066923761332e-05,0.0003320171268036936,1e-12
0bd023b1395dd47314089d2060ce65584ca852724f83f1bef4c5d2b850d386b3,C,hybrid_tdvp,11,rzz,0.05,2,9,7,8,4,13,13,commuting,0.9872033552174663,0.9872033552174663,0.012796644782533728,0.11330422482753247,0.9999999999999996,0.9999999999999997,0.011985521300313717,0.003162689489872806,0.23411167500307783,8,"[1, 2, 4, 8, 8, 8, 8, 8, 8, 8, 4, 2, 1]",936,1.2589585865444204e-05,0.00016630435493392355,1e-12
fac8f34863cebbad114716c663b24c09b3582299b0d4208bdae381e5a41b6bd1,C,hybrid_tdvp,11,rzz,0.05,2,9,7,8,8,13,13,commuting,0.9871689457590832,0.9871689457590832,0.012831054240916795,0.11345694964408173,0.9999999999999996,1.0000000000000004,0.012040754693519728,0.003167012270743043,0.24670342996250838,8,"[1, 2, 4, 8, 8, 8, 8, 8, 8, 8, 4, 2, 1]",936,6.318487016286522e-06,8.322408004940061e-05,1e-12
5d5e36c5092403db174ae46e3086528ab1cc55f643965bb9e82fb4e0ac458c8c,C,hybrid_tdvp,11,rzz,0.05,2,9,7,16,1,13,13,commuting,0.9998586541366644,0.9998586541366644,0.00014134586333558463,0.011889106709573405,0.9999999999999996,0.9999999999999999,0.0004974949756345424,9.928961533867142e-05,0.17222631798358634,16,"[1, 2, 4, 8, 16, 16, 16, 16, 16, 8, 4, 2, 1]",2728,7.468045028548196e-07,1.760145501734108e-05,1e-12
ec8f69147f9e559155a9ce7cc9a17fa0a040d6f53a8494403301ceff9348ae65,C,hybrid_tdvp,11,rzz,0.05,2,9,7,16,2,13,13,commuting,0.9998428193003428,0.9998428193003428,0.00015718069965720005,0.01252165834134852,0.9999999999999996,0.9999998025254958,0.00041270438268564626,0.00011644235060551175,0.07447814499028027,16,"[1, 2, 4, 8, 16, 16, 16, 16, 16, 8, 4, 2, 1]",2728,4.015973578359156e-07,1.0561522673399466e-05,1e-12
145a2c96dc28ced557771d8a1e0fe7ebb94007555de05ac0de4e753ef225e0f9,C,hybrid_tdvp,11,rzz,0.05,2,9,7,16,4,13,13,commuting,0.9998369274003346,0.9998369274003346,0.00016307259966541476,0.012762090317403746,0.9999999999999996,0.9999998958504416,0.0004027774221619805,0.00012025039352739932,0.10751874599372968,16,"[1, 2, 4, 8, 16, 16, 16, 16, 16, 8, 4, 2, 1]",2728,2.1172063219356906e-07,5.767333178231524e-06,1e-12
bfc1ac9b72b17674aec690b23f1e5add358195bb512961fe0a52e16079467187,C,hybrid_tdvp,11,rzz,0.05,2,9,7,16,8,13,13,commuting,0.9998430340593921,0.9998430340593921,0.00015696594060787827,0.012512121322622968,0.9999999999999996,0.99999979053964,0.000618117180897323,0.0001182292961807536,0.2144801530521363,16,"[1, 2, 4, 8, 16, 16, 16, 16, 16, 8, 4, 2, 1]",2728,1.038950897265247e-07,2.8035229415937612e-06,1e-12
9d2054438271118e340c64ae4956678773aa6a552ac00d1c9ecd82af408e9614,C,hybrid_tdvp,11,rzz,0.05,2,9,7,64,1,13,13,commuting,0.9999999999841935,0.9999999999841935,1.580646724619328e-11,3.853013734774985e-06,0.9999999999999996,0.99999999999952,4.5191885396952784e-08,8.889756917240369e-09,0.24100010294932872,32,"[1, 2, 4, 8, 16, 32, 32, 32, 16, 8, 4, 2, 1]",6824,1.3065933947641525e-20,9.785153081413142e-13,1e-12
282e789f2a4ad33dec8f8937bb320ce0dc41ab0d1845cc1e1b129bd7619d9096,C,hybrid_tdvp,11,rzz,0.05,2,9,7,64,2,13,13,commuting,0.9999999998926041,0.9999999998926041,1.0739586997488004e-10,1.0235106099133866e-05,0.9999999999999996,0.9999999999986812,2.0033021161380837e-07,3.3957005303987786e-08,0.24365763296373188,32,"[1, 2, 4, 8, 16, 31, 32, 31, 16, 8, 4, 2, 1]",6632,5.73861584040362e-18,2.6952705593482428e-12,1e-12
6d7cf232bfe9aab1c0259a3697384e905ac93052c7a698436b10773008c5bd85,C,hybrid_tdvp,11,rzz,0.05,2,9,7,64,4,13,13,commuting,0.999999999789779,0.999999999789779,2.1022095175737832e-10,1.4291273861415864e-05,0.9999999999999996,0.9999999999970098,1.1961112392211426e-07,2.3818008546604652e-08,0.21541755797807127,32,"[1, 2, 4, 8, 16, 31, 32, 30, 16, 8, 4, 2, 1]",6536,4.3070168550292517e-16,6.108090694950063e-12,1e-12
b183a0e3ba08c67e40fc0ef5ed79c97f73f153a5a4b4f92c8865c6d2f904cdb3,C,hybrid_tdvp,11,rzz,0.05,2,9,7,64,8,13,13,commuting,0.9999999991100927,0.9999999991100927,8.899072589940715e-10,2.9604979540479473e-05,0.9999999999999996,0.9999999999932745,1.7214320534308936e-07,2.762247179504747e-08,0.4771053119911812,32,"[1, 2, 4, 8, 16, 30, 32, 30, 16, 8, 4, 2, 1]",6440,2.5022168445190055e-15,1.3825260455648215e-11,1e-12
03ef32282283f62fafed83a21b75e0bccfaa7dda56e6e44acab36a6b5538675b,C,hybrid_tdvp,11,rxx,0.05,2,9,7,8,1,13,13,mixed,0.984875362783438,0.984875362783438,0.015124637216561987,0.12321632395969798,0.9999999999999996,0.9999999999999998,0.01301089484730231,0.003304948140379469,0.02067703497596085,8,"[1, 2, 4, 8, 8, 8, 8, 8, 8, 8, 4, 2, 1]",936,4.161169580692133e-05,0.0006194293964352429,1e-12
351405c0c7f2e7731aaeb28a80a2dbe91ef6c7017b6cea36bd6e2a6888e76ceb,C,hybrid_tdvp,11,rxx,0.05,2,9,7,8,2,13,13,mixed,0.9847834564030391,0.9847834564030391,0.015216543596960896,0.12359156136729435,0.9999999999999996,0.9999999999999999,0.012842189708882075,0.0033245105652019093,0.0911655139643699,8,"[1, 2, 4, 8, 8, 8, 8, 8, 8, 8, 4, 2, 1]",936,2.0761022039938054e-05,0.0003098583074939747,1e-12
d72a825b12b47660fd5ac24b7d4e01ac584b6795c39d0f922a1c5c95a32c829b,C,hybrid_tdvp,11,rxx,0.05,2,9,7,8,4,13,13,mixed,0.9847390214944284,0.9847390214944284,0.01526097850557162,0.12377257949803963,0.9999999999999996,0.9999999999999999,0.012766196091157013,0.003333921420098477,0.2090957790496759,8,"[1, 2, 4, 8, 8, 8, 8, 8, 8, 8, 4, 2, 1]",936,1.0370768790779722e-05,0.00015499524303089129,1e-12
4a45ce40abc5bae84bd6e02a35edf3e69bba9571ea8be634916fafdae5c9b602,C,hybrid_tdvp,11,rxx,0.05,2,9,7,8,8,13,13,mixed,0.984717144633593,0.984717144633593,0.015282855366407055,0.1238616053719054,0.9999999999999996,0.9999999999999996,0.012739035044168193,0.0033385360111644045,0.3663443680270575,8,"[1, 2, 4, 8, 8, 8, 8, 8, 8, 8, 4, 2, 1]",936,5.183135759700169e-06,7.751789102953071e-05,1e-12
c4fdff48930eb3740e0588582cab10fe80b5fa0967de4a4051a9534d73466257,C,hybrid_tdvp,11,rxx,0.05,2,9,7,16,1,13,13,mixed,0.9995047397397355,0.9995047397397355,0.000495260260264474,0.022255821623492114,0.9999999999999996,1.000000000000001,0.0012477869922855505,0.0002486599667857395,0.12571063201176003,16,"[1, 2, 4, 8, 16, 16, 16, 16, 16, 8, 4, 2, 1]",2728,3.092984067355881e-06,5.188757859411694e-05,1e-12
82f07dbddd706391a93a3cf72e4583d2676d6e05c908964caae70d34a183b7b8,C,hybrid_tdvp,11,rxx,0.05,2,9,7,16,2,13,13,mixed,0.9994738248250595,0.9994738248250595,0.0005261751749404686,0.022940017616270604,0.9999999999999996,1.0000000000000018,0.0008401724956344824,0.0002691061920926059,0.10778173600556329,16,"[1, 2, 4, 8, 16, 16, 16, 16, 16, 8, 4, 2, 1]",2728,1.6157288306576692e-06,2.8838654990636392e-05,1e-12
777df91a9056206642722522929900238408795a3fb4f662cd14ba801e3ce279,C,hybrid_tdvp,11,rxx,0.05,2,9,7,16,4,13,13,mixed,0.9994452406933151,0.9994452406933151,0.0005547593066849155,0.023554962693815275,0.9999999999999996,1.0,0.001021849316954232,0.0003185052094883998,0.1520538849872537,16,"[1, 2, 4, 8, 16, 16, 16, 16, 16, 8, 4, 2, 1]",2728,7.855807083168059e-07,1.593618824763309e-05,1e-12
230e6ebd1dae5653a7aeff64ef83dff3f8a9cf4a4aa4318a80387c5645fbec1f,C,hybrid_tdvp,11,rxx,0.05,2,9,7,16,8,13,13,mixed,0.9994328064515352,0.9994328064515352,0.000567193548464795,0.023809734606028702,0.9999999999999996,0.9999998147317822,0.0010925261847430923,0.0003329581849274783,0.26250045601045713,16,"[1, 2, 4, 8, 16, 16, 16, 16, 16, 8, 4, 2, 1]",2728,3.8296661618507617e-07,8.335388490432051e-06,1e-12
feda700aa7e24fde8bea3229ad6f304333b03bbeb71970ff1bb485510f91fb9e,C,hybrid_tdvp,11,rxx,0.05,2,9,7,64,1,13,13,mixed,0.9999999995241242,0.9999999995241242,4.758757832235005e-10,2.1778291407931362e-05,0.9999999999999996,0.9999999999992089,5.333655238998203e-07,6.54603705056209e-08,0.34846544201718643,50,"[1, 2, 4, 8, 16, 32, 50, 32, 16, 8, 4, 2, 1]",9128,1.6167664460016156e-13,1.6107369591782342e-12,1e-12
47adb81aa0e010422eafd9c2a8de02b2515db3cd4824ece45bb868392a473a33,C,hybrid_tdvp,11,rxx,0.05,2,9,7,64,2,13,13,mixed,0.999999999875608,0.999999999875608,1.2439205221426164e-10,1.104668554131688e-05,0.9999999999999996,0.9999999999988191,2.693276881932105e-07,3.292591798805131e-08,0.700030226027593,50,"[1, 2, 4, 8, 16, 32, 50, 32, 16, 8, 4, 2, 1]",9128,1.7711711981103772e-13,2.438184889843271e-12,1e-12
56a260090c337cf09e025da4ee0b40cd25e54830e8db0a6f94dae5af1a75439f,C,hybrid_tdvp,11,rxx,0.05,2,9,7,64,4,13,13,mixed,0.9999999999497189,0.9999999999497189,5.028111260685364e-11,6.775609603299982e-06,0.9999999999999996,0.9999999999978135,1.306853957550036e-07,1.618954928115701e-08,1.1397700590314344,53,"[1, 2, 4, 8, 16, 32, 53, 32, 16, 8, 4, 2, 1]",9512,3.5225928157121285e-13,4.573661413497435e-12,1e-12
14fcdc7074e85c4aba2fa8c38a39bed52ed650f1f56e2528a44edf91dd1861ca,C,hybrid_tdvp,11,rxx,0.05,2,9,7,64,8,13,13,mixed,0.9999999999249418,0.9999999999249418,7.505818189201818e-11,8.255951937770606e-06,0.9999999999999996,0.9999999999965505,7.773180911441191e-08,1.5928867340574786e-08,2.513884176965803,53,"[1, 2, 4, 8, 16, 32, 53, 32, 16, 8, 4, 2, 1]",9512,3.6154377167685985e-13,7.293025780425635e-12,1e-12
dd117ad52a13ad5f15ee349f67e5556669906f3de5eb0a78d76b54ae9ae7fc68,C,hybrid_tdvp,11,rzz,0.05,2,8,6,8,1,14,14,commuting,0.9857671488995745,0.9857671488995745,0.014232851100425492,0.11951509633542806,0.9999999999999996,0.9999999999999992,0.014380170835322763,0.0036315347639060322,0.01815477997297421,8,"[1, 2, 4, 8, 8, 8, 8, 8, 8, 8, 4, 2, 1]",936,4.737989975797443e-05,0.0007089106117903299,1e-12
cb7791f2e3feee058282826b506fc36a7767dbecc018d093c39716ef1ac3d97b,C,hybrid_tdvp,11,rzz,0.05,2,8,6,8,2,14,14,commuting,0.9856102378526987,0.9856102378526987,0.014389762147301255,0.12017447439965914,0.9999999999999996,1.0000000000000004,0.013844122149364032,0.003648608043320291,0.49527634697733447,8,"[1, 2, 4, 8, 8, 8, 8, 8, 8, 8, 4, 2, 1]",936,2.3929319762634632e-05,0.0003559464465663283,1e-12
ac95a2e43a8fb8a0fd71bc539e224976f1b735902034796c46e53e75a6ff1e24,C,hybrid_tdvp,11,rzz,0.05,2,8,6,8,4,14,14,commuting,0.985532164781664,0.985532164781664,0.014467835218335945,0.12050123147956907,0.9999999999999996,1.0000000000000007,0.013577983026181888,0.0036576760940478154,0.0727577949874103,8,"[1, 2, 4, 8, 8, 8, 8, 8, 8, 8, 4, 2, 1]",936,1.202097315061246e-05,0.00017832532808453598,1e-12
1bab1f2ddba8ab8d260134e4a75fb61671d33d2c671de33101736e15a3ab94ef,C,hybrid_tdvp,11,rzz,0.05,2,8,6,8,8,14,14,commuting,0.985493203655933,0.985493203655933,0.014506796344067041,0.12066396827080325,0.9999999999999996,1.0000000000000004,0.013445468696778939,0.003662346350352088,0.620967524999287,8,"[1, 2, 4, 8, 8, 8, 8, 8, 8, 8, 4, 2, 1]",936,6.024168719081956e-06,8.924824876848258e-05,1e-12
87e255597c0ba83f610231c0f40a6c8f7dba1e9185606264e044055f8e22f648,C,hybrid_tdvp,11,rzz,0.05,2,8,6,16,1,14,14,commuting,0.9998240878621765,0.9998240878621765,0.00017591213782353066,0.013263478984594039,0.9999999999999996,1.0000000000000004,0.0004225448109491112,0.0001060664450860422,0.046563264972064644,16,"[1, 2, 4, 8, 16, 16, 16, 16, 16, 8, 4, 2, 1]",2728,1.3697746644456776e-06,1.8971229681786758e-05,1e-12
80503688f8703832d2f4506042ba2dbf57035f10f28b7528061d42546a38e2dc,C,hybrid_tdvp,11,rzz,0.05,2,8,6,16,2,14,14,commuting,0.999806972383328,0.999806972383328,0.000193027616671948,0.013893773155116527,0.9999999999999996,1.0000000000000007,0.0004544713858732341,0.00012779896283159355,0.048866755969356745,16,"[1, 2, 4, 8, 16, 16, 16, 16, 16, 8, 4, 2, 1]",2728,7.452199714480847e-07,1.130674264484755e-05,1e-12
721b33ed3bcc5ade911915532a1afd9c23a10614adf2177f76f68bc1f02353ee,C,hybrid_tdvp,11,rzz,0.05,2,8,6,16,4,14,14,commuting,0.9997999228256776,0.9997999228256776,0.00020007717432235506,0.014124271373609562,0.9999999999999996,0.9999997039293526,0.00042751338897775715,0.00013244501322480108,0.07171399099752307,16,"[1, 2, 4, 8, 16, 16, 16, 16, 16, 8, 4, 2, 1]",2728,3.880739164776856e-07,6.155407094709211e-06,1e-12
f05073202e188d63277f9398889f0d72c0dacc1ab7ab48de0920f270fe769820,C,hybrid_tdvp,11,rzz,0.05,2,8,6,16,8,14,14,commuting,0.9998076214175254,0.9998076214175254,0.00019237858247456163,0.013848719232345276,0.9999999999999996,0.9999996995942709,0.0005661464611245465,0.0001266501710441022,0.2907128090155311,16,"[1, 2, 4, 8, 16, 16, 16, 16, 16, 8, 4, 2, 1]",2728,1.8586947749429674e-07,2.989392419088058e-06,1e-12
94f10a3282c3d3624ab46174e86c8294b86c0b9aa51f98b9b3fa42988f39457b,C,hybrid_tdvp,11,rzz,0.05,2,8,6,64,1,14,14,commuting,0.9999999999841784,0.9999999999841784,1.582156627932818e-11,3.853014138984285e-06,0.9999999999999996,0.9999999999995121,4.403530244742257e-08,8.799864601562876e-09,0.19675558496965095,32,"[1, 2, 4, 8, 16, 32, 32, 32, 16, 8, 4, 2, 1]",6824,2.111118807676658e-19,9.78515519253195e-13,1e-12
bea0eb7c3babba075821efd5ebe77a620220de4ac6b71cde570a788a30331edf,C,hybrid_tdvp,11,rzz,0.05,2,8,6,64,2,14,14,commuting,0.9999999998714202,0.9999999998714202,1.2857981346314773e-10,1.1196880612979702e-05,0.9999999999999996,0.9999999999983961,1.987925371677024e-07,3.4166859019858035e-08,0.12619662104407325,32,"[1, 2, 4, 8, 16, 31, 32, 31, 16, 8, 4, 2, 1]",6632,5.734734902221657e-13,3.2687440495704093e-12,1e-12
c23f13f38c5434c610b26093f17d2420ae4fa03ba9b8ececacb2f3cab0a1db82,C,hybrid_tdvp,11,rzz,0.05,2,8,6,64,4,14,14,commuting,0.9999999997431157,0.9999999997431157,2.568842916161884e-10,1.5819273652311608e-05,0.9999999999999996,0.9999999999966828,1.233562974267688e-07,2.517975972188921e-08,0.306793149036821,32,"[1, 2, 4, 8, 16, 31, 32, 30, 16, 8, 4, 2, 1]",6536,6.436323938693935e-13,6.751723088819456e-12,1e-12
32c096b2ac6e648ecda4ef0878a08c84954fb6fe9347a3c2bd9b80d98e361ffa,C,hybrid_tdvp,11,rzz,0.05,2,8,6,64,8,14,14,commuting,0.9999999989920976,0.9999999989920976,1.007902428185048e-09,3.152204980450106e-05,0.9999999999999996,0.9999999999928683,1.8061210986519693e-07,2.9794829560554988e-08,0.46128582902019843,32,"[1, 2, 4, 8, 16, 30, 32, 30, 16, 8, 4, 2, 1]",6440,8.265783246255121e-13,1.465183878027373e-11,1e-12
f5efdc60247a47f160d1c911185c2dd8943cd87a62f7d776adf2f1700d65858b,C,hybrid_tdvp,11,rzz,0.05,2,8,6,8,1,14,14,mixed,0.9824934965826296,0.9824934965826296,0.017506503417370367,0.13260392502172563,0.9999999999999996,1.0000000000000002,0.015130192069393773,0.003922783243921338,0.034727402962744236,8,"[1, 2, 4, 8, 8, 8, 8, 8, 8, 8, 4, 2, 1]",936,4.9771770047968934e-05,0.0006692011664832118,1e-12
070c600720d465bf63c3be79c11249991cf72dc2a2020c35adad9ee826f17c3a,C,hybrid_tdvp,11,rzz,0.05,2,8,6,8,2,14,14,mixed,0.9823621008208987,0.9823621008208987,0.017637899179101302,0.13310284215745752,0.9999999999999996,0.9999999999999998,0.015142282645715457,0.003951512268964766,0.41392360400641337,8,"[1, 2, 4, 8, 8, 8, 8, 8, 8, 8, 4, 2, 1]",936,2.5102877456272414e-05,0.0003349611849502472,1e-12
33cb52763a948165c963fdffe6ffb156f817496dacedf84270c672731dd36d8f,C,hybrid_tdvp,11,rzz,0.05,2,8,6,8,4,14,14,mixed,0.982298567363342,0.982298567363342,0.01770143263665802,0.13334342467959012,0.9999999999999996,0.9999999999999997,0.015299898788088427,0.003965328229688924,0.07469846500316635,8,"[1, 2, 4, 8, 8, 8, 8, 8, 8, 8, 4, 2, 1]",936,1.2603791186668096e-05,0.00016759903421755936,1e-12
dc379887102e46bb6690e73a13a0db0184ce8205690ff5ab18c9bb129fa385d8,C,hybrid_tdvp,11,rzz,0.05,2,8,6,8,8,14,14,mixed,0.9822672991110137,0.9822672991110137,0.017732700888986264,0.13346167196714032,0.9999999999999996,1.0000000000000002,0.0153753903741028,0.003972100837500125,0.2008317310246639,8,"[1, 2, 4, 8, 8, 8, 8, 8, 8, 8, 4, 2, 1]",936,6.31481871445187e-06,8.383270974398252e-05,1e-12
827ba28377794bb7b7b580808bf2dd1a572d64ff09ffd16ff4c5ddc414e01f2c,C,hybrid_tdvp,11,rzz,0.05,2,8,6,16,1,14,14,mixed,0.9994256454248719,0.9994256454248719,0.0005743545751281109,0.02396741683233245,0.9999999999999996,1.0000000000000007,0.0013992913052449825,0.0002744074035943369,0.019278666004538536,16,"[1, 2, 4, 8, 16, 16, 16, 16, 16, 8, 4, 2, 1]",2728,3.6162623600886897e-06,5.550384095420563e-05,1e-12
fb0d318065f9dc5bb54b96965e2507a14b883fae3a571354d9d678179ee76815,C,hybrid_tdvp,11,rzz,0.05,2,8,6,16,2,14,14,mixed,0.9993954978592207,0.9993954978592207,0.0006045021407793394,0.02458848356673773,0.9999999999999996,0.999999999999999,0.0010046185394128448,0.00029315053998634253,0.03996532200835645,16,"[1, 2, 4, 8, 16, 16, 16, 16, 16, 8, 4, 2, 1]",2728,1.7617437817490476e-06,3.0600398772385445e-05,1e-12
766c8d5ff30cedbb4da435543bb375e6f22f2045b280702daeb941ccec8d0994,C,hybrid_tdvp,11,rzz,0.05,2,8,6,16,4,14,14,mixed,0.9993638409602522,0.9993638409602522,0.0006361590397477856,0.02522419962108048,0.9999999999999996,1.0000000000000009,0.0010410703096606633,0.00034215358724697207,0.16779709100956097,16,"[1, 2, 4, 8, 16, 16, 16, 16, 16, 8, 4, 2, 1]",2728,9.034497746060774e-07,1.6839638022239173e-05,1e-12
08bc1b9025b0a425798673eb9ba432c328c46a82bcc2519df6648cc8f1f1e3b1,C,hybrid_tdvp,11,rzz,0.05,2,8,6,16,8,14,14,mixed,0.9993502538884691,0.9993502538884691,0.0006497461115309022,0.025492188770959396,0.9999999999999996,1.0,0.0011123191194472026,0.00035770789712895215,0.23853423696709797,16,"[1, 2, 4, 8, 16, 16, 16, 16, 16, 8, 4, 2, 1]",2728,4.6229723344484135e-07,8.797685723876892e-06,1e-12
d9d1cba2f7b648974e596085a54f4a723a732638c174ee07a6fa4ef9c093e1b7,C,hybrid_tdvp,11,rzz,0.05,2,8,6,64,1,14,14,mixed,0.9999999995239413,0.9999999995239413,4.760587479779588e-10,2.1780424326778546e-05,0.9999999999999996,0.9999999999991647,5.240825811589356e-07,6.488233288935661e-08,0.3807401249650866,52,"[1, 2, 4, 8, 16, 32, 52, 32, 16, 8, 4, 2, 1]",9384,9.718967108644977e-14,1.707926630264684e-12,1e-12
8f113f900e5e2ebb9849e72f4a7699d7cb13990bb3cfbdb08a0ee6f080b08bff,C,hybrid_tdvp,11,rzz,0.05,2,8,6,64,2,14,14,mixed,0.9999999998748597,0.9999999998748597,1.25140342532859e-10,1.1072010617297313e-05,0.9999999999999996,0.9999999999987249,2.638326475415398e-07,3.25508527480781e-08,0.5608433110173792,51,"[1, 2, 4, 8, 16, 32, 51, 32, 16, 8, 4, 2, 1]",9256,1.9862177468661947e-13,2.6368066645298904e-12,1e-12
c8d7deafedbf9beb9b08910d4db56acfc80888c82de96a7a389d4a448dbb8251,C,hybrid_tdvp,11,rzz,0.05,2,8,6,64,4,14,14,mixed,0.9999999999478568,0.9999999999478568,5.214317866375495e-11,6.890826196372141e-06,0.9999999999999996,0.9999999999976698,1.265773148240168e-07,1.5872951943628605e-08,1.2364535860251635,51,"[1, 2, 4, 8, 16, 32, 51, 32, 16, 8, 4, 2, 1]",9256,3.1552567219597616e-13,4.889187085693412e-12,1e-12
f7a8b8f520c9ebd63ea8eb21c7a5b9c8c0df8f096cbcfd4f3ef80a4dfb951e8b,C,hybrid_tdvp,11,rzz,0.05,2,8,6,64,8,14,14,mixed,0.9999999999240663,0.9999999999240663,7.593370376923758e-11,8.29826330789492e-06,0.9999999999999996,0.999999999996464,7.62822637001559e-08,1.5689892271401108e-08,1.9155710859922692,52,"[1, 2, 4, 8, 16, 32, 52, 32, 16, 8, 4, 2, 1]",9384,2.0154880088187599e-13,7.494574581307512e-12,1e-12
0b348d5e2bcefca5ad7b5caa4708d932123052c0905371470df1ce7505c564a3,C,hybrid_tdvp,11,rzz,0.05,3,9,6,8,1,15,15,commuting,0.984439770157449,0.984439770157449,0.01556022984255101,0.12498494146462197,0.9999999999999996,1.0000000000000013,0.015892426368459937,0.0038564016578477517,0.04270033596549183,8,"[1, 2, 4, 8, 8, 8, 8, 8, 8, 8, 4, 2, 1]",936,3.733386879901079e-05,0.0007462444805893406,1e-12
33b71d274b5c12729874832f30dbcf7ab55391e1e26ed41955f01a86c21ff2e7,C,hybrid_tdvp,11,rzz,0.05,3,9,6,8,2,15,15,commuting,0.9842757757538124,0.9842757757538124,0.01572422424618758,0.12564445018252024,0.9999999999999996,0.9999999999999993,0.015354270978671931,0.0038694169778335174,0.22821593203116208,8,"[1, 2, 4, 8, 8, 8, 8, 8, 8, 8, 4, 2, 1]",936,1.8811316944543568e-05,0.0003747577635108719,1e-12
e0eba974d538824457ac25a866d714241e2862d70e0e227fa2c13cd569312dc5,C,hybrid_tdvp,11,rzz,0.05,3,9,6,8,4,15,15,commuting,0.9841939644423964,0.9841939644423964,0.015806035557603626,0.1259721865439111,0.9999999999999996,0.9999999999999999,0.015086930535645499,0.003876511425562537,0.10667351901065558,8,"[1, 2, 4, 8, 8, 8, 8, 8, 8, 8, 4, 2, 1]",936,9.441480443346273e-06,0.00018776680852788222,1e-12
f4fb93fa31cf567e56d8d9738806558c555b4ad518959301ada9f9aa6c98bbf9,C,hybrid_tdvp,11,rzz,0.05,3,9,6,8,8,15,15,commuting,0.98415308868698,0.98415308868698,0.015846911313019962,0.1261356210131204,0.9999999999999996,0.9999999999999997,0.014953788217089418,0.003880209294223852,0.2883521150215529,8,"[1, 2, 4, 8, 8, 8, 8, 8, 8, 8, 4, 2, 1]",936,4.729659547087301e-06,9.397790831556989e-05,1e-12
7dc12d3534a3bc780d279ed4c2818513b90650db41a439ff06dbf31ebfdff8cd,C,hybrid_tdvp,11,rzz,0.05,3,9,6,16,1,15,15,commuting,0.9997654930048594,0.9997654930048594,0.00023450699514060425,0.015314070168833663,0.9999999999999996,1.0,0.0005391190304034244,0.00012467210415834809,0.06013856502249837,16,"[1, 2, 4, 8, 16, 16, 16, 16, 16, 8, 4, 2, 1]",2728,2.483321255466097e-06,2.1454550937252855e-05,1e-12
e619c6c94dae91c57fdbcb1caf3c7f8605659db5185df7b6ad2a2f70cb183b4d,C,hybrid_tdvp,11,rzz,0.05,3,9,6,16,2,15,15,commuting,0.999740025052801,0.999740025052801,0.00025997494719898206,0.01612426265414776,0.9999999999999996,1.0000000000000007,0.0005719833209417713,0.00015049063734324256,0.04696362599497661,16,"[1, 2, 4, 8, 16, 16, 16, 16, 16, 8, 4, 2, 1]",2728,1.4217356360911524e-06,1.27284782809387e-05,1e-12
06b791d8a7ec41d8c393f310f754b87096f26159aaba0e6949dd8a1b70dab0e1,C,hybrid_tdvp,11,rzz,0.05,3,9,6,16,4,15,15,commuting,0.9997327599673015,0.9997327599673015,0.0002672400326985125,0.01634802402108954,0.9999999999999996,1.0000000000000004,0.0005373818346966486,0.0001528438628916084,0.07302908599376678,16,"[1, 2, 4, 8, 16, 16, 16, 16, 16, 8, 4, 2, 1]",2728,7.125147691332029e-07,6.867921863842413e-06,1e-12
7a26ca154b89318c39fc32be3ed824f08da9956e572f29150805226714ea3c4d,C,hybrid_tdvp,11,rzz,0.05,3,9,6,16,8,15,15,commuting,0.9997452828258285,0.9997452828258285,0.00025471717417147044,0.015960369558624506,0.9999999999999996,1.0,0.0006629281098804347,0.00014381644534543483,0.2274290100322105,16,"[1, 2, 4, 8, 16, 16, 16, 16, 16, 8, 4, 2, 1]",2728,3.2889020562630604e-07,3.3182826247143657e-06,1e-12
4aa82abc681f2506a02a65041b5fa0a5b780cec2f2b39ba868a31c06eeae2aa8,C,hybrid_tdvp,11,rzz,0.05,3,9,6,64,1,15,15,commuting,0.9999999999841758,0.9999999999841758,1.582423081458728e-11,3.853014382945054e-06,0.9999999999999996,0.9999999999995103,4.30425755471725e-08,9.049492404124091e-09,0.24886644800426438,32,"[1, 2, 4, 8, 16, 32, 32, 32, 16, 8, 4, 2, 1]",6824,1.2314877009590916e-19,9.785156424019653e-13,1e-12
b5d5b01e252177ab0f603adbc981b050bbfbb91529c8b6cc921e448721e9f47e,C,hybrid_tdvp,11,rzz,0.05,3,9,6,64,2,15,15,commuting,0.999999999860675,0.999999999860675,1.3932499598467984e-10,1.1654856648550575e-05,0.9999999999999996,0.9999999999982556,1.9879253167209843e-07,3.4811728936842084e-08,0.16219650802668184,32,"[1, 2, 4, 8, 16, 31, 32, 32, 16, 8, 4, 2, 1]",6728,2.901633028692998e-13,3.558907352439709e-12,1e-12
ce1481b6ff3b15002d5adc96da4da7d8d393ad598d9b28e767dc38e3ed23a87c,C,hybrid_tdvp,11,rzz,0.05,3,9,6,64,4,15,15,commuting,0.9999999997109561,0.9999999997109561,2.890438999259004e-10,1.679246993697752e-05,0.9999999999999996,0.9999999999964713,1.2335628157833511e-07,2.5778763575184174e-08,0.23059345001820475,32,"[1, 2, 4, 8, 16, 31, 32, 31, 16, 8, 4, 2, 1]",6632,4.4152706852619207e-13,7.193250157345647e-12,1e-12
841398fe35287b947e5cb87907ba452803fd479d7ae97342c1b044fe11bcdcfc,C,hybrid_tdvp,11,rzz,0.05,3,9,6,64,8,15,15,commuting,0.9999999988152679,0.9999999988152679,1.1847320902091951e-09,3.4194152521181115e-05,0.9999999999999996,0.9999999999922531,1.9267331876487992e-07,3.2759579107185116e-08,0.36150031100260094,32,"[1, 2, 4, 8, 16, 30, 32, 30, 16, 8, 4, 2, 1]",6440,1.2032327842937378e-12,1.585507156456747e-11,1e-12
e6aaa81f06db59829befb4e3d4114342b03778c519f015746de852e09e11ecd8,C,hybrid_tdvp,11,ryy,0.05,3,9,6,8,1,15,15,mixed,0.9807802785795737,0.9807802785795737,0.019219721420426272,0.13897110891991554,0.9999999999999996,1.0000000000000004,0.016639850111400713,0.004136310015516946,0.17623501899652183,8,"[1, 2, 4, 8, 8, 8, 8, 8, 8, 8, 4, 2, 1]",936,4.3920818004723066e-05,0.0007131219844879348,1e-12
5452631cbdd679ea6d21d8f3e5797a5cc8c29a47bbd7aca1c4ebefaeee1d1ca3,C,hybrid_tdvp,11,ryy,0.05,3,9,6,8,2,15,15,mixed,0.9806362990135139,0.9806362990135139,0.0193637009864861,0.1394932181492103,0.9999999999999996,1.0000000000000009,0.016412913024697384,0.004165624371649205,0.06405294802971184,8,"[1, 2, 4, 8, 8, 8, 8, 8, 8, 8, 4, 2, 1]",936,2.2047365025221777e-05,0.00035700854997546905,1e-12
228df9100ff610bf3bfb75e46e3d76f6e50705cad1773fb2dbe2a6d9cb685095,C,hybrid_tdvp,11,ryy,0.05,3,9,6,8,4,15,15,mixed,0.9805665966205066,0.9805665966205066,0.019433403379493397,0.13974529102306646,0.9999999999999996,1.0,0.016309321221539254,0.004179874069563352,0.07044820999726653,8,"[1, 2, 4, 8, 8, 8, 8, 8, 8, 8, 4, 2, 1]",936,1.1044722206142996e-05,0.00017864375642370232,1e-12
be43431c9abf4279b74dce03d3e5f3545556cdc2a994786a13cc2b3d559eaa83,C,hybrid_tdvp,11,ryy,0.05,3,9,6,8,8,15,15,mixed,0.980532273757421,0.980532273757421,0.019467726242578975,0.13986925314551493,0.9999999999999996,1.0000000000000007,0.016259822868575927,0.0041868952893787574,0.25259113498032093,8,"[1, 2, 4, 8, 8, 8, 8, 8, 8, 8, 4, 2, 1]",936,5.527552086521772e-06,8.936026183050427e-05,1e-12
3779e676c8480a5f6459d0d116158141bb412308aac16539567501bceb36c2ee,C,hybrid_tdvp,11,ryy,0.05,3,9,6,16,1,15,15,mixed,0.9993214632328503,0.9993214632328503,0.0006785367671496845,0.02605094833695155,0.9999999999999996,1.0000000000000009,0.0015097157734620245,0.0003011260125961322,0.06778104201657698,16,"[1, 2, 4, 8, 16, 16, 16, 16, 16, 8, 4, 2, 1]",2728,4.964234520998019e-06,6.046807547520364e-05,1e-12
56e477d6adc560d3f16a7787e9049aeed94a364c239a118a2e1bb67fa5422d77,C,hybrid_tdvp,11,ryy,0.05,3,9,6,16,2,15,15,mixed,0.9992942481753425,0.9992942481753425,0.0007057518246574856,0.026568334348008045,0.9999999999999996,0.9999999999999997,0.0010751357945720528,0.00032109325609770196,0.04637958499370143,16,"[1, 2, 4, 8, 16, 16, 16, 16, 16, 8, 4, 2, 1]",2728,2.3215423343673804e-06,3.292194110675283e-05,1e-12
dfdc1a6b336b7079aae0a095b2042118a28142b1cfd47c989cff87c24ad2aca0,C,hybrid_tdvp,11,ryy,0.05,3,9,6,16,4,15,15,mixed,0.9992613163127088,0.9992613163127088,0.0007386836872912417,0.027181246312405025,0.9999999999999996,1.000000000000001,0.0011018987728328017,0.00037605424790858273,0.1553113679983653,16,"[1, 2, 4, 8, 16, 16, 16, 16, 16, 8, 4, 2, 1]",2728,1.1782080559364285e-06,1.8017846078175603e-05,1e-12
556deb11e6821aa5c63e19941f4388a31a5def7169d1e412606654c2b3d4f3ec,C,hybrid_tdvp,11,ryy,0.05,3,9,6,16,8,15,15,mixed,0.9992456506117237,0.9992456506117237,0.000754349388276343,0.02745795852198716,0.9999999999999996,0.9999997238917052,0.0011772037127618928,0.0003955351533984266,0.22777655796380714,16,"[1, 2, 4, 8, 16, 16, 16, 16, 16, 8, 4, 2, 1]",2728,5.973123514525503e-07,9.394998075329437e-06,1e-12
bbd5a47a8c24cb72479a2bc9389690448608946dcd52fdc200aa3ecd1cb41337,C,hybrid_tdvp,11,ryy,0.05,3,9,6,64,1,15,15,mixed,0.9999999995235758,0.9999999995235758,4.764242333976654e-10,2.1786666451022154e-05,0.9999999999999996,0.999999999999117,5.240825871125065e-07,6.495192407894793e-08,0.4146118380012922,56,"[1, 2, 4, 8, 16, 32, 56, 32, 16, 8, 4, 2, 1]",9896,1.0888568916974554e-13,1.8168123194344295e-12,1e-12
095071225c26eec82cc12a9c851411a63db82ee35426cfa241d0fe645ebb359c,C,hybrid_tdvp,11,ryy,0.05,3,9,6,64,2,15,15,mixed,0.9999999998736857,0.9999999998736857,1.2631429235909764e-10,1.1116028225505171e-05,0.9999999999999996,0.9999999999986259,2.638326689549664e-07,3.2583027719180054e-08,0.5043664620025083,54,"[1, 2, 4, 8, 16, 32, 54, 32, 16, 8, 4, 2, 1]",9640,2.0108299680467973e-13,2.8378896613345703e-12,1e-12
a6c981c5603a40d855e1bf95d1e32fd96f0093089b3aa6be280cfcfc5a4c9fc8,C,hybrid_tdvp,11,ryy,0.05,3,9,6,64,4,15,15,mixed,0.9999999999453686,0.9999999999453686,5.463141050654485e-11,7.049890488935478e-06,0.9999999999999996,0.9999999999975338,1.265773103900636e-07,1.6003063912643505e-08,0.9688682450214401,53,"[1, 2, 4, 8, 16, 32, 53, 32, 16, 8, 4, 2, 1]",9512,2.9800966709313625e-13,5.187196752786548e-12,1e-12
2a89c9cc9cd9e36a66bbb38c83c0a6d2ca3efe37c0ae5d39eb702b6e03d88eba,C,hybrid_tdvp,11,ryy,0.05,3,9,6,64,8,15,15,mixed,0.999999999920576,0.999999999920576,7.942402291405415e-11,8.494071070217964e-06,0.9999999999999996,0.9999999999963631,7.753235643087608e-08,1.633532022608726e-08,2.1908217589952983,53,"[1, 2, 4, 8, 16, 32, 53, 32, 16, 8, 4, 2, 1]",9512,2.298323714209342e-13,7.724406952728445e-12,1e-12
c6da952f456dbaa168a5829fe7a4c8da64d3e822074266dc176ee66bbb707fd3,C,hybrid_tdvp,11,rzz,0.05,2,9,7,8,1,16,16,commuting,0.9827293270435997,0.9827293270435997,0.01727067295640028,0.13170380767851234,0.9999999999999996,0.9999999999999994,0.015972078875242886,0.00405643299094291,0.02040444198064506,8,"[1, 2, 4, 8, 8, 8, 8, 8, 8, 8, 4, 2, 1]",936,4.3333156043823526e-05,0.0007895776366331641,1e-12
9b9c365ccbccef8a011b70a39fbbfd221d357cd714c06bbecbf25f19876e27fd,C,hybrid_tdvp,11,rzz,0.05,2,9,7,8,2,16,16,commuting,0.9825254702124477,0.9825254702124477,0.017474529787552262,0.13248224017357965,0.9999999999999996,1.0,0.01589354328288306,0.004074686032921325,0.7327602169825695,8,"[1, 2, 4, 8, 8, 8, 8, 8, 8, 8, 4, 2, 1]",936,2.208813695329484e-05,0.00039684590046416666,1e-12
1ac9665c24352b0c44742b292bdb5d4f2d975879ae7f6fdee4de51fcc94dcc38,C,hybrid_tdvp,11,rzz,0.05,2,9,7,8,4,16,16,commuting,0.9824235420698408,0.9824235420698408,0.01757645793015916,0.132869775301376,0.9999999999999996,0.9999999999999993,0.01604959968705244,0.004084488271373501,0.22172054002294317,8,"[1, 2, 4, 8, 8, 8, 8, 8, 8, 8, 4, 2, 1]",936,1.1148270400192165e-05,0.0001989150789280744,1e-12
c45b126eed8c812893b3b061531de3589b3f6284de3eb44958e791a8e8468e35,C,hybrid_tdvp,11,rzz,0.05,2,9,7,8,8,16,16,commuting,0.9823725584876012,0.9823725584876012,0.01762744151239881,0.1330632011035472,0.9999999999999996,1.0000000000000004,0.016126645133421436,0.004089563227525839,0.897074569016695,8,"[1, 2, 4, 8, 8, 8, 8, 8, 8, 8, 4, 2, 1]",936,5.60004541536255e-06,9.957795373093247e-05,1e-12
e08a4d8b0a09db3b11df39bc33cd7cd1648d21ceaf10429893dce65e0ae0c591,C,hybrid_tdvp,11,rzz,0.05,2,9,7,16,1,16,16,commuting,0.9997724179496087,0.9997724179496087,0.0002275820503913062,0.015086252028323125,0.9999999999999996,0.9999999999999989,0.000533153498111795,0.00012009055590917233,0.026769176009111106,16,"[1, 2, 4, 8, 16, 16, 16, 16, 16, 8, 4, 2, 1]",2728,7.768430518650706e-07,2.2231393989117923e-05,1e-12
2c45cbceeb9dda0cef2e847c1b8ddd015d04e97487837e5893c3a8839b3c7219,C,hybrid_tdvp,11,rzz,0.05,2,9,7,16,2,16,16,commuting,0.9997497267761535,0.9997497267761535,0.00025027322384651995,0.01580764164749328,0.9999999999999996,0.9999997963247181,0.0004938521859414458,0.00014391825796035288,0.122233634989243,16,"[1, 2, 4, 8, 16, 16, 16, 16, 16, 8, 4, 2, 1]",2728,4.1474979417145686e-07,1.3143228075110157e-05,1e-12
e72a2167e3fcb4e73761b6a9d35845705a189f9f59237e567a7a39922018b2a0,C,hybrid_tdvp,11,rzz,0.05,2,9,7,16,4,16,16,commuting,0.9997428647986296,0.9997428647986296,0.00025713520137038426,0.016029326957127374,0.9999999999999996,0.999999893794782,0.0004902762311468356,0.00014627885239861234,0.12046306498814374,16,"[1, 2, 4, 8, 16, 16, 16, 16, 16, 8, 4, 2, 1]",2728,2.1643937332651834e-07,7.084361237168931e-06,1e-12
c6662b33998c4e00345ab7962f83730bbfe367636c45525b760f0caa0055fe5e,C,hybrid_tdvp,11,rzz,0.05,2,9,7,16,8,16,16,commuting,0.9997536902043748,0.9997536902043748,0.0002463097956252325,0.015691429753782665,0.9999999999999996,0.999999948001546,0.0006644933226638981,0.00013914042171590994,0.20325293397763744,16,"[1, 2, 4, 8, 16, 16, 16, 16, 16, 8, 4, 2, 1]",2728,1.0606444356054684e-07,3.4243470682749126e-06,1e-12
6d1f9a13fdd2e484e040bb33b80cc2dbc030a8cfde095a930ded69dfc5f2d1b9,C,hybrid_tdvp,11,rzz,0.05,2,9,7,64,1,16,16,commuting,0.9999999999841653,0.9999999999841653,1.5834666911018758e-11,3.8530143951615716e-06,0.9999999999999996,0.9999999999995048,4.3042586911779673e-08,9.061218378411025e-09,0.23300303099676967,32,"[1, 2, 4, 8, 16, 32, 32, 32, 16, 8, 4, 2, 1]",6824,5.421817396932254e-21,9.785156478237828e-13,1e-12
f538092edece0c4de05a680dd04f6434df94d9697fb43fe17ab3c5b0c09efec5,C,hybrid_tdvp,11,rzz,0.05,2,9,7,64,2,16,16,commuting,0.9999999998607161,0.9999999998607161,1.3928391773276871e-10,1.1653713557723097e-05,0.9999999999999996,0.9999999999982628,2.4496394124273735e-07,3.913241296122558e-08,0.15632047998951748,32,"[1, 2, 4, 8, 16, 31, 32, 32, 16, 8, 4, 2, 1]",6728,3.676284173195006e-18,3.5589110287238823e-12,1e-12
3b65cd7514f203d63009a02f468952d0979d61d4b950597cec1ec44ea98eb4bb,C,hybrid_tdvp,11,rzz,0.05,2,9,7,64,4,16,16,commuting,0.9999999997112103,0.9999999997112103,2.8878965885326124e-10,1.678548267255767e-05,0.9999999999999996,0.9999999999964816,1.4724421980305546e-07,2.752966500975082e-08,0.18811260996153578,32,"[1, 2, 4, 8, 16, 31, 32, 31, 16, 8, 4, 2, 1]",6632,8.69309511886178e-17,7.193337088296837e-12,1e-12
724667dcf002efc2b0d5f29baac45c6f67c8b64233c5aa825bc96ae06ea24922,C,hybrid_tdvp,11,rzz,0.05,2,9,7,64,8,16,16,commuting,0.9999999988092825,0.9999999988092825,1.1907175245795543e-09,3.4282318609785285e-05,0.9999999999999996,0.9999999999922795,1.9262335065189928e-07,3.296115921406026e-08,0.5794935959856957,32,"[1, 2, 4, 8, 16, 30, 32, 30, 16, 8, 4, 2, 1]",6440,5.5218296325240284e-15,1.58605933942e-11,1e-12
adcbd16538996560846ac7d07cf2bc9a9e5a04a58308095ea01cafa8167b5f26,C,hybrid_tdvp,11,rxx,0.05,2,9,7,8,1,16,16,mixed,0.9782520551293612,0.9782520551293612,0.021747944870638802,0.14787660960614357,0.9999999999999996,0.9999999999999999,0.016620120230943218,0.004383828602821336,0.03537327004596591,8,"[1, 2, 4, 8, 8, 8, 8, 8, 8, 8, 4, 2, 1]",936,4.252894538407785e-05,0.0007556509298720127,1e-12
6a696e62d31d8000bac9070569e38f0aef41b31282e3d58334be67e5a1c5a9c9,C,hybrid_tdvp,11,rxx,0.05,2,9,7,8,2,16,16,mixed,0.9780889897777231,0.9780889897777231,0.021911010222276928,0.14843303714419262,0.9999999999999996,1.0000000000000002,0.01638132726792759,0.004417354623198404,0.08473690401297063,8,"[1, 2, 4, 8, 8, 8, 8, 8, 8, 8, 4, 2, 1]",936,2.1233445364589488e-05,0.00037824199534005856,1e-12
df1191b193f90fd1432e8236aa1d90abb64089f58414cb4776a57d5afb7c0597,C,hybrid_tdvp,11,rxx,0.05,2,9,7,8,4,16,16,mixed,0.9780099632642901,0.9780099632642901,0.021990036735709872,0.14870196673597308,0.9999999999999996,0.9999999999999999,0.016272925618895047,0.00443361721155791,0.24936697399243712,8,"[1, 2, 4, 8, 8, 8, 8, 8, 8, 8, 4, 2, 1]",936,1.0609243500759401e-05,0.00018925299992446175,1e-12
1ad473b0e2035515e74ea2b5432f3e0ee1439e64972f41945b15e6dd6a81a38c,C,hybrid_tdvp,11,rxx,0.05,2,9,7,8,8,16,16,mixed,0.9779710308890728,0.9779710308890728,0.02202896911092722,0.1488342800972767,0.9999999999999996,0.9999999999999999,0.01622129457239333,0.004441622322223746,0.4726210969965905,8,"[1, 2, 4, 8, 8, 8, 8, 8, 8, 8, 4, 2, 1]",936,5.302805085920999e-06,9.46630669164253e-05,1e-12
81b9df780152b72b8bddff9c7448213403260348176b55e5b2a98f71f8f0c95e,C,hybrid_tdvp,11,rxx,0.05,2,9,7,16,1,16,16,mixed,0.9992496715082418,0.9992496715082418,0.0007503284917581565,0.027394694610406164,0.9999999999999996,0.9999999999999998,0.0015776098428997272,0.0003212712751021243,0.12572495097992942,16,"[1, 2, 4, 8, 16, 16, 16, 16, 16, 8, 4, 2, 1]",2728,3.37799712333879e-06,6.384607259854241e-05,1e-12
61a927320ab053d0683b54b761df74da0a3c4db29487cc685bf23a4187e8a99d,C,hybrid_tdvp,11,rxx,0.05,2,9,7,16,2,16,16,mixed,0.9992140733793122,0.9992140733793122,0.0007859266206877713,0.028037137898879367,0.9999999999999996,0.9999999999999997,0.0011101898649557122,0.00034062636964635396,0.1062385129625909,16,"[1, 2, 4, 8, 16, 16, 16, 16, 16, 8, 4, 2, 1]",2728,1.763339728835729e-06,3.468528083558855e-05,1e-12
f4896a0e040b380019ad4da2f01de0d6f6923d7ee36ce162f925c07dad4400db,C,hybrid_tdvp,11,rxx,0.05,2,9,7,16,4,16,16,mixed,0.9991803169739385,0.9991803169739385,0.0008196830260615018,0.02863304149061513,0.9999999999999996,0.9999999999999994,0.0011490084077483143,0.00039586846239338607,0.1339888049988076,16,"[1, 2, 4, 8, 16, 16, 16, 16, 16, 8, 4, 2, 1]",2728,8.598653284042616e-07,1.8877711406579868e-05,1e-12
07520b897da0663abd4747ca4423ff9e52385ecd0e25a65263e8bf5c65be6164,C,hybrid_tdvp,11,rxx,0.05,2,9,7,16,8,16,16,mixed,0.9991658555089894,0.9991658555089894,0.0008341444910106022,0.028884572229067904,0.9999999999999996,1.0000000000000009,0.0012314919699793203,0.0004143828259904683,0.3402171420166269,16,"[1, 2, 4, 8, 16, 16, 16, 16, 16, 8, 4, 2, 1]",2728,4.2077269009110495e-07,9.81577076542054e-06,1e-12
cdaa16dd5d0ed5ddd6c223bfef5e95e14b4527ab48f603fb5cd98e0bf4fe9cf4,C,hybrid_tdvp,11,rxx,0.05,2,9,7,64,1,16,16,mixed,0.999999999523423,0.999999999523423,4.765770000858538e-10,2.1786619183206756e-05,0.9999999999999996,0.9999999999990409,6.36077204650698e-07,7.677549079195381e-08,0.337971045053564,51,"[1, 2, 4, 8, 16, 32, 51, 32, 16, 8, 4, 2, 1]",9256,1.5247248074644312e-13,1.9692848001808725e-12,1e-12
6d4c1aef663c39b32897927c1d737c9248ac32a9ea51aac20ee8a6625b791538,C,hybrid_tdvp,11,rxx,0.05,2,9,7,64,2,16,16,mixed,0.9999999998737388,0.9999999998737388,1.2626122369852055e-10,1.1105977530018011e-05,0.9999999999999996,0.9999999999985405,3.190854674720023e-07,3.843170547245304e-08,0.5977341780089773,51,"[1, 2, 4, 8, 16, 32, 51, 32, 16, 8, 4, 2, 1]",9256,1.8301406019235627e-13,3.0209037215269266e-12,1e-12
e02bd47b6ea6e5e80e6d76b75eeb47f41ccb798716dae2c36bca761d3ec81d7d,C,hybrid_tdvp,11,rxx,0.05,2,9,7,64,4,16,16,mixed,0.9999999999462803,0.9999999999462803,5.3719695358722674e-11,6.961532644007637e-06,0.9999999999999996,0.9999999999973711,1.5411536264525738e-07,1.8861766324895913e-08,1.0325813129893504,53,"[1, 2, 4, 8, 16, 32, 53, 32, 16, 8, 4, 2, 1]",9512,3.514721710291677e-13,5.5386689238157165e-12,1e-12
f2cd60a9b5632ff01885c9338260860500b20747216314da6f808f916622181c,C,hybrid_tdvp,11,rxx,0.05,2,9,7,64,8,16,16,mixed,0.9999999999213944,0.9999999999213944,7.860556650030048e-11,8.432520758406405e-06,0.9999999999999996,0.999999999996251,7.852962757154414e-08,1.6880218489745007e-08,2.096508701040875,53,"[1, 2, 4, 8, 16, 32, 53, 32, 16, 8, 4, 2, 1]",9512,2.622497232879037e-13,7.986656676016348e-12,1e-12
b9dc1e34f12404e58c7c2bafb9fe108348421bb15d199286f9bae6f39f781ab8,C,hybrid_tdvp,11,rzz,0.05,2,8,6,8,1,17,17,commuting,0.9808624220681259,0.9808624220681259,0.019137577931874095,0.13867237075500946,0.9999999999999996,1.0,0.01772847828656833,0.004580229432993245,0.02809288998832926,8,"[1, 2, 4, 8, 8, 8, 8, 8, 8, 8, 4, 2, 1]",936,4.361324793024771e-05,0.0008331908845634119,1e-12
90f69c8f89543aeef7b6468c37c755bfeca9e860e747c05005778f3e19cb7747,C,hybrid_tdvp,11,rzz,0.05,2,8,6,8,2,17,17,commuting,0.9806405797900914,0.9806405797900914,0.01935942020990855,0.13947772252275173,0.9999999999999996,1.0000000000000002,0.017122520525704808,0.004601696020405341,0.14126763201784343,8,"[1, 2, 4, 8, 8, 8, 8, 8, 8, 8, 4, 2, 1]",936,2.208802387422983e-05,0.00041893392433839654,1e-12
97271c481753b4b060b4cf0ac1f8e3eebf75afbfe2c8ab0b0e4ec869a88ea76b,C,hybrid_tdvp,11,rzz,0.05,2,8,6,8,4,17,17,commuting,0.9805294001522448,0.9805294001522448,0.019470599847755232,0.13987962671242862,0.9999999999999996,0.9999999999999998,0.016819433619560856,0.0046129949484035315,0.0703643269953318,8,"[1, 2, 4, 8, 8, 8, 8, 8, 8, 8, 4, 2, 1]",936,1.1111680446849153e-05,0.0002100267593749235,1e-12
5e525a7891ce4e1f9d6c45a404f18be1bad8723d5f8529544f6fc3e0087727c0,C,hybrid_tdvp,11,rzz,0.05,2,8,6,8,8,17,17,commuting,0.9804737242551236,0.9804737242551236,0.01952627574487642,0.1400804652041986,0.9999999999999996,1.0000000000000002,0.016668020956247337,0.004618797103049664,0.7083248090348206,8,"[1, 2, 4, 8, 8, 8, 8, 8, 8, 8, 4, 2, 1]",936,5.572450547727898e-06,0.00010515040427866037,1e-12
b47ab977ef17b2e947b8c7a111965fe36a9e0b4607e34b2e22597926b0c845c7,C,hybrid_tdvp,11,rzz,0.05,2,8,6,16,1,17,17,commuting,0.9997266323405773,0.9997266323405773,0.00027336765942265195,0.016534398823240253,0.9999999999999996,0.9999999999999998,0.0004947882914927426,0.0001263203999263277,0.07011930900625885,16,"[1, 2, 4, 8, 16, 16, 16, 16, 16, 8, 4, 2, 1]",2728,1.5169441265681554e-06,2.3748338115686078e-05,1e-12
40989026530e97b341382f52bf7855373b26931283bb014c03ce4f1be2db566f,C,hybrid_tdvp,11,rzz,0.05,2,8,6,16,2,17,17,commuting,0.9997020950921213,0.9997020950921213,0.00029790490787873214,0.01726056482328001,0.9999999999999996,0.9999999999999999,0.0005882807160373371,0.00015493550738499405,0.08861736801918596,16,"[1, 2, 4, 8, 16, 16, 16, 16, 16, 8, 4, 2, 1]",2728,8.205798770280275e-07,1.3963807952138187e-05,1e-12
e9add022f415fb4043996e0c9f2f3a1dfaf3fb41a739b4b39cd93bee3ff8e16c,C,hybrid_tdvp,11,rzz,0.05,2,8,6,16,4,17,17,commuting,0.9996942289255107,0.9996942289255107,0.00030577107448925833,0.017469016549439016,0.9999999999999996,0.9999996860435275,0.0005515320259206757,0.00015804203477795558,0.09159664501203224,16,"[1, 2, 4, 8, 16, 16, 16, 16, 16, 8, 4, 2, 1]",2728,4.2241449795882916e-07,7.50677573512776e-06,1e-12
ad77eeaf2759047c55ec5d88d68a19b9844cf7637ac392e566228372e3e6ecc3,C,hybrid_tdvp,11,rzz,0.05,2,8,6,16,8,17,17,commuting,0.9997073775378589,0.9997073775378589,0.0002926224621411233,0.017098052167284473,0.9999999999999996,0.999999849757822,0.0005851066987642693,0.0001466791610545489,0.19384726602584124,16,"[1, 2, 4, 8, 16, 16, 16, 16, 16, 8, 4, 2, 1]",2728,2.0159897819439557e-07,3.625946046469308e-06,1e-12
49de704ef31459fbfef92617c01791fc6ec24c2f192e52ff28c19902ce2f8ec8,C,hybrid_tdvp,11,rzz,0.05,2,8,6,64,1,17,17,commuting,0.999999999984168,0.999999999984168,1.5832002375759657e-11,3.853014534650932e-06,0.9999999999999996,0.9999999999995067,4.2935401671495566e-08,8.97829462791515e-09,0.22625738399801776,32,"[1, 2, 4, 8, 16, 32, 32, 32, 16, 8, 4, 2, 1]",6824,5.982772686500196e-20,9.785157076515096e-13,1e-12
1cf59a901338dc32a1f79167913fa830920d24235c15ca94a7c465b7b4569729,C,hybrid_tdvp,11,rzz,0.05,2,8,6,64,2,17,17,commuting,0.999999999847617,0.999999999847617,1.5238299511111109e-10,1.2191057861515398e-05,0.9999999999999996,0.9999999999981192,2.439165587564407e-07,3.9310689909776764e-08,0.18361925502540544,32,"[1, 2, 4, 8, 16, 31, 32, 32, 16, 8, 4, 2, 1]",6728,2.924315465785857e-13,3.851342575302469e-12,1e-12
24cfebd31de71d973c1611341e5d4ca56fc748a9fdced4933207bf07e6859b43,C,hybrid_tdvp,11,rzz,0.05,2,8,6,64,4,17,17,commuting,0.9999999996718989,0.9999999996718989,3.2810110184300356e-10,1.7906425908882392e-05,0.9999999999999996,0.9999999999962698,1.5155951179485205e-07,2.8569079007217877e-08,0.16012760199373588,32,"[1, 2, 4, 8, 16, 31, 32, 31, 16, 8, 4, 2, 1]",6632,4.448417569647779e-13,7.638178845261618e-12,1e-12
ad0310cb948713aa7a674c55536b08c4eabf3fd6aa0d3b358593db2e1806a6d9,C,hybrid_tdvp,11,rzz,0.05,2,8,6,64,8,17,17,commuting,0.9999999985880887,0.9999999985880887,1.4119112545785129e-09,3.735315646898155e-05,0.9999999999999996,0.9999999999916731,2.0239574825831053e-07,3.661281184324918e-08,0.7589129500556737,32,"[1, 2, 4, 8, 16, 30, 32, 30, 16, 8, 4, 2, 1]",6440,1.2672887853826788e-12,1.7127882179582674e-11,1e-12
dd419612969d72c422b1bfd5b6c6736bb1dd0863669998050b75b08e380220e3,C,hybrid_tdvp,11,rzz,0.05,2,8,6,8,1,17,17,mixed,0.9756431929689932,0.9756431929689932,0.024356807031006844,0.15654697294629066,0.9999999999999996,0.9999999999999999,0.018748172713621232,0.005034908079239324,0.08677487203385681,8,"[1, 2, 4, 8, 8, 8, 8, 8, 8, 8, 4, 2, 1]",936,4.6871318647880264e-05,0.000802522248519893,1e-12
5551e9fc591e88c011ef88ded23b069641e89837666a2dec071c3a4b8c547bea,C,hybrid_tdvp,11,rzz,0.05,2,8,6,8,2,17,17,mixed,0.9754311518562708,0.9754311518562708,0.02456884814372917,0.15723116100174875,0.9999999999999996,1.0000000000000007,0.018467002528008373,0.0050790569247675795,0.024769194016698748,8,"[1, 2, 4, 8, 8, 8, 8, 8, 8, 8, 4, 2, 1]",936,2.3696689557728508e-05,0.00040193868489778715,1e-12
84239c96a7d5cc18d13c2f7f86d3bba5b85a376f9becb666b823120eb1139390,C,hybrid_tdvp,11,rzz,0.05,2,8,6,8,4,17,17,mixed,0.9753279745821459,0.9753279745821459,0.02467202541785407,0.15756303292379834,0.9999999999999996,0.9999999999999993,0.018336856331394567,0.005100467991870539,0.08073850197251886,8,"[1, 2, 4, 8, 8, 8, 8, 8, 8, 8, 4, 2, 1]",936,1.191149725596261e-05,0.00020116449718042434,1e-12
fdadcae3e4398721986c2ed6f10427c00a5441b8d9bb12ead7195697b274279d,C,hybrid_tdvp,11,rzz,0.05,2,8,6,8,8,17,17,mixed,0.9752770570140753,0.9752770570140753,0.0247229429859247,0.15772655950054965,0.9999999999999996,1.0000000000000004,0.018274258785953214,0.005111006573113703,0.3788223870215006,8,"[1, 2, 4, 8, 8, 8, 8, 8, 8, 8, 4, 2, 1]",936,5.971332800475852e-06,0.00010063439971690117,1e-12
c178f9ac90fbfe4af8aa24ec7c977d3ab7de6f85590f96c66f582de82af50f48,C,hybrid_tdvp,11,rzz,0.05,2,8,6,16,1,17,17,mixed,0.9991509846076475,0.9991509846076475,0.0008490153923524923,0.029140962161121303,0.9999999999999996,0.9999999999999996,0.001727785106686525,0.0003488758763518636,0.0906292200088501,16,"[1, 2, 4, 8, 16, 16, 16, 16, 16, 8, 4, 2, 1]",2728,3.8088316474013217e-06,6.765490424594373e-05,1e-12
2a62a62dd0e17d4ad3c4f1cf45b01839cf258175bbbfed5503563ecc35d38941,C,hybrid_tdvp,11,rzz,0.05,2,8,6,16,2,17,17,mixed,0.9991173326121553,0.9991173326121553,0.0008826673878447044,0.029712997985437258,0.9999999999999996,1.0000000000000004,0.0012731857213738986,0.0003676945226709914,0.20849006896605715,16,"[1, 2, 4, 8, 16, 16, 16, 16, 16, 8, 4, 2, 1]",2728,1.8347346373235458e-06,3.6520015472912105e-05,1e-12
74dd6d9e626bd88a6a645d78e03a422d8868164360372ecdaa113f2f51dee5c4,C,hybrid_tdvp,11,rzz,0.05,2,8,6,16,4,17,17,mixed,0.9990806770027244,0.9990806770027244,0.0009193229972755956,0.03032382533829,0.9999999999999996,1.0000000000000007,0.001293124256291668,0.0004228334122771644,0.18867651099571958,16,"[1, 2, 4, 8, 16, 16, 16, 16, 16, 8, 4, 2, 1]",2728,9.321145792155992e-07,1.9809825985795467e-05,1e-12
db5ee923c275523da8c0f182a1d318b19f07f15d223080774547e2f3631ce332,C,hybrid_tdvp,11,rzz,0.05,2,8,6,16,8,17,17,mixed,0.9990641966473682,0.9990641966473682,0.00093580335263177,0.030586830382366863,0.9999999999999996,0.9999997659028378,0.0013052732452094873,0.00044228507682265804,0.2556276830146089,16,"[1, 2, 4, 8, 16, 16, 16, 16, 16, 8, 4, 2, 1]",2728,4.746726911470533e-07,1.0290443456567594e-05,1e-12
ba2328bb2f1d40c2576f3fb1f2eb0866060b6771cf19d939fba07e72d56c679b,C,hybrid_tdvp,11,rzz,0.05,2,8,6,64,1,17,17,mixed,0.9999999995232762,0.9999999995232762,4.767237715697092e-10,2.1788437894350387e-05,0.9999999999999996,0.999999999999007,6.253414525092538e-07,7.601543970319388e-08,0.3889978119987063,53,"[1, 2, 4, 8, 16, 32, 53, 32, 16, 8, 4, 2, 1]",9512,8.146500041141332e-14,2.0507498005922858e-12,1e-12
405ffaf1e3e292778ed19e847c1f719b5b4e4e0e6f369de15093ab6d4068ef16,C,hybrid_tdvp,11,rzz,0.05,2,8,6,64,2,17,17,mixed,0.9999999998731379,0.9999999998731379,1.268620763994477e-10,1.1125005830861428e-05,0.9999999999999996,0.9999999999984521,3.128568502458462e-07,3.7961899460915755e-08,0.6706977610010654,52,"[1, 2, 4, 8, 16, 32, 52, 32, 16, 8, 4, 2, 1]",9384,1.9901452336287713e-13,3.219918244889804e-12,1e-12
273c48388692ecf3acae899a6049783918a4cea4e0e502443220cb84abe38322,C,hybrid_tdvp,11,rzz,0.05,2,8,6,64,4,17,17,mixed,0.9999999999449904,0.9999999999449904,5.500955246873218e-11,7.0359363711931385e-06,0.9999999999999996,0.999999999997248,1.4968145398142063e-07,1.849323865146872e-08,0.9582765479572117,52,"[1, 2, 4, 8, 16, 32, 52, 32, 16, 8, 4, 2, 1]",9384,2.665635607652243e-13,5.805232484580942e-12,1e-12
c5eac63358843b654fb7062fd2f94dfda251555781bad52b131aadd212920e3f,C,hybrid_tdvp,11,rzz,0.05,2,8,6,64,8,17,17,mixed,0.9999999999202505,0.9999999999202505,7.974954030487424e-11,8.492928469302834e-06,0.9999999999999996,0.9999999999961904,7.717637003079592e-08,1.6681589347216227e-08,2.1499091520090587,53,"[1, 2, 4, 8, 16, 32, 53, 32, 16, 8, 4, 2, 1]",9512,1.5807006338756423e-13,8.144726739403914e-12,1e-12
6930fbde538dd3e5ae70bb104b9d40dc0d4a94dac213f5ec37c8afe681d6534b,C,hybrid_tdvp,11,rzz,0.05,3,9,6,8,1,18,18,commuting,0.979355831145331,0.979355831145331,0.02064416885466902,0.14405494941403865,0.9999999999999996,0.9999999999999998,0.0191630635734628,0.004822279109441825,0.07845715299481526,8,"[1, 2, 4, 8, 8, 8, 8, 8, 8, 8, 4, 2, 1]",936,3.5295977739821845e-05,0.0008684868623032338,1e-12
96fdff0319189238cc571efa36a4f60f5d31a9f786bc1a76c3595614131e38c1,C,hybrid_tdvp,11,rzz,0.05,3,9,6,8,2,18,18,commuting,0.97912659249975,0.97912659249975,0.02087340750025002,0.14485677116393605,0.9999999999999996,1.0000000000000002,0.018559435480054523,0.004841095935290154,0.07185539702186361,8,"[1, 2, 4, 8, 8, 8, 8, 8, 8, 8, 4, 2, 1]",936,1.7787298173398198e-05,0.00043672122251179474,1e-12
1c3f714c39609a54268ee38337d97dc5b86c98a358a33585cfae8108c87e5ffd,C,hybrid_tdvp,11,rzz,0.05,3,9,6,8,4,18,18,commuting,0.9790114792672564,0.9790114792672564,0.0209885207327436,0.14525777551640706,0.9999999999999996,1.0000000000000007,0.018257278914232643,0.0048510825284762,0.09417116496479139,8,"[1, 2, 4, 8, 8, 8, 8, 8, 8, 8, 4, 2, 1]",936,8.928466999648694e-06,0.0002189552263745722,1e-12
b8ca24a37c4fb5cc01e48899590c12e26c4afc357a30381fea557b26dd75b09a,C,hybrid_tdvp,11,rzz,0.05,3,9,6,8,8,18,18,commuting,0.9789537816164935,0.9789537816164935,0.02104621838350651,0.14545836192271183,0.9999999999999996,0.9999999999999994,0.01810628002520087,0.004856231794178611,0.1776214360143058,8,"[1, 2, 4, 8, 8, 8, 8, 8, 8, 8, 4, 2, 1]",936,4.472930680159557e-06,0.00010962333495881987,1e-12
f13ed34b64935827786a3997451c132232e7f06978c5b1d924f02635c1f9dc42,C,hybrid_tdvp,11,rzz,0.05,3,9,6,16,1,18,18,commuting,0.9996543698183498,0.9996543698183498,0.00034563018165023607,0.018591935129732427,0.9999999999999996,1.0000000000000007,0.000586446682586339,0.0001435581107897314,0.07024304801598191,16,"[1, 2, 4, 8, 16, 16, 16, 16, 16, 8, 4, 2, 1]",2728,2.5033396360540496e-06,2.6251677751740123e-05,1e-12
f0113650a6e2cf0dffedb834db0cdf27857848540512470523d68fee2c042feb,C,hybrid_tdvp,11,rzz,0.05,3,9,6,16,2,18,18,commuting,0.9996204506229283,0.9996204506229283,0.00037954937707174174,0.019482951479212154,0.9999999999999996,1.0000000000000002,0.0007014747162651935,0.0001767921645667612,0.08577830996364355,16,"[1, 2, 4, 8, 16, 16, 16, 16, 16, 8, 4, 2, 1]",2728,1.4239079744551446e-06,1.538771592659333e-05,1e-12
83b97c9529299a4d712a01d3fc03ef53c4b446f4ea9620101d9d62801f1bf148,C,hybrid_tdvp,11,rzz,0.05,3,9,6,16,4,18,18,commuting,0.9996128082510336,0.9996128082510336,0.00038719174896639785,0.01967814106027694,0.9999999999999996,1.0000000000000002,0.0006598853426439399,0.00017795797970859901,0.07353793497895822,16,"[1, 2, 4, 8, 16, 16, 16, 16, 16, 8, 4, 2, 1]",2728,7.108144291398685e-07,8.217590164267629e-06,1e-12
6dd51f7f0342c0767eead63968581a2c0d17dfd1de1628d4d449aabd01c6d573,C,hybrid_tdvp,11,rzz,0.05,3,9,6,16,8,18,18,commuting,0.9996308272689435,0.9996308272689435,0.0003691727310565218,0.019198866949607044,0.9999999999999996,0.9999996948412898,0.0006758199048269879,0.00016323097590914242,0.15239921997999772,16,"[1, 2, 4, 8, 16, 16, 16, 16, 16, 8, 4, 2, 1]",2728,3.278827042680944e-07,3.953828750737402e-06,1e-12
58eb21ebd3caa5fe59bac7408aff8fec4867274caee1715d9f7ecf2061e39d60,C,hybrid_tdvp,11,rzz,0.05,3,9,6,64,1,18,18,commuting,0.9999999999841742,0.9999999999841742,1.5825785126821756e-11,3.853014624108895e-06,0.9999999999999996,0.9999999999995097,4.2935397903676176e-08,9.30774791596102e-09,0.23161421302938834,32,"[1, 2, 4, 8, 16, 32, 32, 32, 16, 8, 4, 2, 1]",6824,3.65923154755779e-20,9.785157442438251e-13,1e-12
0809bd099b60f710ba54020194240604b0ce3dbe379b6f799687e4b846401f0b,C,hybrid_tdvp,11,rzz,0.05,3,9,6,64,2,18,18,commuting,0.9999999998476334,0.9999999998476334,1.5236656381034663e-10,1.2191065888090322e-05,0.9999999999999996,0.9999999999981277,2.4391655835398485e-07,3.965961482007472e-08,0.4773915980476886,32,"[1, 2, 4, 8, 16, 32, 32, 32, 16, 8, 4, 2, 1]",6824,4.9431954882960936e-18,3.851347518497958e-12,1e-12
2a479d1202c0a55261f1c325791a0d3d84ce9898ba5be9230dcd317d7241e698,C,hybrid_tdvp,11,rzz,0.05,3,9,6,64,4,18,18,commuting,0.9999999996164881,0.9999999996164881,3.835118889128353e-10,1.937628619275089e-05,0.9999999999999996,0.9999999999959638,1.5155950258693984e-07,2.9255561202507002e-08,0.22107074700761586,32,"[1, 2, 4, 8, 16, 31, 32, 31, 16, 8, 4, 2, 1]",6632,6.256746226989085e-13,8.26385346796053e-12,1e-12
332f8aa809f6d8338fd08fd690a3f72ece55b6d37a6f4bbb90df34ead1810328,C,hybrid_tdvp,11,rzz,0.05,3,9,6,64,8,18,18,commuting,0.9999999982832302,0.9999999982832302,1.7167698374009888e-09,4.121263932341279e-05,0.9999999999999996,0.9999999999908554,2.1634849233648223e-07,4.1450635394476304e-08,0.5341868959949352,32,"[1, 2, 4, 8, 16, 30, 32, 30, 16, 8, 4, 2, 1]",6440,1.7002166969854591e-12,1.8828098876568137e-11,1e-12
f3734844493e3eb93621f033f5ca81d80ace91f89a642a9025974897937b9be7,C,hybrid_tdvp,11,ryy,0.05,3,9,6,8,1,18,18,mixed,0.973677522255675,0.973677522255675,0.026322477744324946,0.1627821056808239,0.9999999999999996,1.0000000000000004,0.020098892867077868,0.005308250544416207,0.09374442300759256,8,"[1, 2, 4, 8, 8, 8, 8, 8, 8, 8, 4, 2, 1]",936,4.198885521269525e-05,0.0008445111037325883,1e-12
a5d35671747e8820b7dc8b88f1119fb36ee54f6fe4ced7078e7307cd711a23f3,C,hybrid_tdvp,11,ryy,0.05,3,9,6,8,2,18,18,mixed,0.9734516541267215,0.9734516541267215,0.02654834587327848,0.16348372409492437,0.9999999999999996,1.0000000000000002,0.01982284003300073,0.005353590824385233,0.02468125498853624,8,"[1, 2, 4, 8, 8, 8, 8, 8, 8, 8, 4, 2, 1]",936,2.1100916271455523e-05,0.00042303960116924253,1e-12
5eb7a637d8550b501a3113435cfef9ae22b7604db04bc99c039b3041799daedd,C,hybrid_tdvp,11,ryy,0.05,3,9,6,8,4,18,18,mixed,0.9733416378116768,0.9733416378116768,0.02665836218832318,0.16382441094604505,0.9999999999999996,1.0,0.019695779819335034,0.005375689828317615,0.8108263810281642,8,"[1, 2, 4, 8, 8, 8, 8, 8, 8, 8, 4, 2, 1]",936,1.0575803844010723e-05,0.00021174030102443506,1e-12
9e31463f249f165e7fab560f4e4792e7717bbdf25a22a6db8ca3127911468f73,C,hybrid_tdvp,11,ryy,0.05,3,9,6,8,8,18,18,mixed,0.9732873205506755,0.9732873205506755,0.02671267944932454,0.16399236098183662,0.9999999999999996,1.0,0.019634856636894845,0.005386593946606353,0.22766980802407488,8,"[1, 2, 4, 8, 8, 8, 8, 8, 8, 8, 4, 2, 1]",936,5.294094388980229e-06,0.0001059284941058814,1e-12
2c953d54de616f6e041afa7d986672c8b9689bfb9f96636c98d0375d1629d739,C,hybrid_tdvp,11,ryy,0.05,3,9,6,16,1,18,18,mixed,0.9990228274816034,0.9990228274816034,0.000977172518396574,0.031263578676085736,0.9999999999999996,1.0000000000000002,0.0018391497188896498,0.0003790989447899884,0.018788074026815593,16,"[1, 2, 4, 8, 16, 16, 16, 16, 16, 8, 4, 2, 1]",2728,5.219776264567247e-06,7.287468051051097e-05,1e-12
ba21b93444088d3cba7ff149a2e467de2369ed8fb6ac02e3c1b0cd7172c30c0b,C,hybrid_tdvp,11,ryy,0.05,3,9,6,16,2,18,18,mixed,0.9989954852669488,0.9989954852669488,0.0010045147330511872,0.031698061806585555,0.9999999999999996,0.9999999999999983,0.0013442162385741585,0.0003985690870926378,0.04457165498752147,16,"[1, 2, 4, 8, 16, 16, 16, 16, 16, 8, 4, 2, 1]",2728,2.39320116281123e-06,3.891321663572332e-05,1e-12
de847c286111bc31ff55e9bc29fdcd0ac03915e4bbedc2e43bc57303e7343588,C,hybrid_tdvp,11,ryy,0.05,3,9,6,16,4,18,18,mixed,0.9989583793849951,0.9989583793849951,0.0010416206150049012,0.03227835187460242,0.9999999999999996,1.0000000000000007,0.0014137459988041341,0.00045901317392785446,0.08723889995599166,16,"[1, 2, 4, 8, 16, 16, 16, 16, 16, 8, 4, 2, 1]",2728,1.204503069211619e-06,2.1014329055007084e-05,1e-12
7f5f2dae0eea9f186dce27f88e1e6c01614a44c08b26bb5bef1a38a50f84259a,C,hybrid_tdvp,11,ryy,0.05,3,9,6,16,8,18,18,mixed,0.9989409606731707,0.9989409606731707,0.0010590393268292697,0.03254719444858022,0.9999999999999996,0.9999999999999998,0.0014302287584569522,0.0004825489289764964,0.21220454602735117,16,"[1, 2, 4, 8, 16, 16, 16, 16, 16, 8, 4, 2, 1]",2728,6.088855999955246e-07,1.0899329056563117e-05,1e-12
9772da131221d200f58da6ddb8d3755e5de25b0e785f3f51b0aaf9712b0df810,C,hybrid_tdvp,11,ryy,0.05,3,9,6,64,1,18,18,mixed,0.9999999995229008,0.9999999995229008,4.770992489966375e-10,2.1795083657889403e-05,0.9999999999999996,0.999999999998964,6.253414538276436e-07,7.609454191023965e-08,0.3388368720188737,57,"[1, 2, 4, 8, 16, 32, 57, 32, 16, 8, 4, 2, 1]",10024,8.858408331966786e-14,2.1393338839119536e-12,1e-12
7b6bad2165440e3223b21743db7465c344499f5c4d215838e884e1d95482bbee,C,hybrid_tdvp,11,ryy,0.05,3,9,6,64,2,18,18,mixed,0.9999999998718092,0.9999999998718092,1.2819079131531907e-10,1.1174688742002333e-05,0.9999999999999996,0.9999999999983417,3.128568544508159e-07,3.799978034892829e-08,0.638424499949906,55,"[1, 2, 4, 8, 16, 32, 55, 32, 16, 8, 4, 2, 1]",9768,2.278285108293387e-13,3.4477467557191428e-12,1e-12
2d8b876de1d518ba36baaadd66f28512607255061854c3aa1a3be6a9511729eb,C,hybrid_tdvp,11,ryy,0.05,3,9,6,64,4,18,18,mixed,0.9999999999422637,0.9999999999422637,5.7736260217211566e-11,7.20537704271046e-06,0.9999999999999996,0.9999999999970907,1.4968146706817453e-07,1.863373251207573e-08,0.9040035469806753,54,"[1, 2, 4, 8, 16, 32, 54, 32, 16, 8, 4, 2, 1]",9640,3.0684778885080854e-13,6.11208027343175e-12,1e-12
fa1d13cb63152988e75ed1db5ddd0ab1b769c7d374cfa95e676709a7a428140f,C,hybrid_tdvp,11,ryy,0.05,3,9,6,64,8,18,18,mixed,0.999999999915592,0.999999999915592,8.44080361162014e-11,8.740003693303433e-06,0.9999999999999996,0.9999999999959888,7.859249936958967e-08,1.730614088522872e-08,1.9369899270241149,53,"[1, 2, 4, 8, 16, 32, 53, 32, 16, 8, 4, 2, 1]",9512,4.093153504751797e-13,8.554042089879092e-12,1e-12
8158c1724205e177423a150172b9e10093177b3ebb0e10c1f39a689b1315ecd1,C,hybrid_tdvp,11,rzz,0.05,2,9,7,8,1,19,19,commuting,0.9777071617231902,0.9777071617231902,0.022292838276809834,0.14972803811812782,0.9999999999999996,1.0,0.019649802713323616,0.005043164903274204,0.04069235100178048,8,"[1, 2, 4, 8, 8, 8, 8, 8, 8, 8, 4, 2, 1]",936,3.841258408472046e-05,0.0009068994463879543,1e-12
ae01e462a09734d508447dd4d2bf9e542a0514a4e6158a071239042269c0e65e,C,hybrid_tdvp,11,rzz,0.05,2,9,7,8,2,19,19,commuting,0.9774410455822269,0.9774410455822269,0.022558954417773114,0.15062415686654462,0.9999999999999996,1.0000000000000002,0.020065538427181284,0.00506796581541627,0.45410751103190705,8,"[1, 2, 4, 8, 8, 8, 8, 8, 8, 8, 4, 2, 1]",936,1.9602997621103473e-05,0.0004563242201328982,1e-12
2b4f5d4cc6440be31f13201877001c1ea6541e55bcc90051aa8b7bfb12dab90e,C,hybrid_tdvp,11,rzz,0.05,2,9,7,8,4,19,19,commuting,0.9773071686511099,0.9773071686511099,0.022692831348890108,0.15107300983562594,0.9999999999999996,0.9999999999999999,0.02026895356796854,0.005080994141268563,0.1735613319906406,8,"[1, 2, 4, 8, 8, 8, 8, 8, 8, 8, 4, 2, 1]",936,9.900514026423927e-06,0.00022885574040099624,1e-12
e578f1266edc373a79e4b7d7f744bfec9974f37e2f9b95a6a64632a09936553c,C,hybrid_tdvp,11,rzz,0.05,2,9,7,8,8,19,19,commuting,0.9772400033604408,0.9772400033604408,0.022759996639559188,0.15129770673995493,0.9999999999999996,1.0000000000000004,0.02036961392688119,0.005087677953307537,0.22245936002582312,8,"[1, 2, 4, 8, 8, 8, 8, 8, 8, 8, 4, 2, 1]",936,4.9749982357430455e-06,0.0001145983331945629,1e-12
a8b7618c010bf9c683997728a32d2ba33756cabfc53519ae7fa89c12586686f0,C,hybrid_tdvp,11,rzz,0.05,2,9,7,16,1,19,19,commuting,0.9996623475339986,0.9996623475339986,0.0003376524660013702,0.018376097875049187,0.9999999999999996,1.0000000000000004,0.0005315199631632577,0.00013973062510908986,0.11323901597643271,16,"[1, 2, 4, 8, 16, 16, 16, 16, 16, 8, 4, 2, 1]",2728,8.012293296762013e-07,2.705290708141632e-05,1e-12
c423d930a8219956f7b86a33353b7ce4f0fa1883c6131cfefac78b9b9a1fc22e,C,hybrid_tdvp,11,rzz,0.05,2,9,7,16,2,19,19,commuting,0.999631563603317,0.999631563603317,0.0003684363966830473,0.01918472428116649,0.9999999999999996,0.9999997916532096,0.0006277119273769283,0.00017096510818045074,0.09447845199611038,16,"[1, 2, 4, 8, 16, 16, 16, 16, 16, 8, 4, 2, 1]",2728,4.245787692065409e-07,1.581229469579987e-05,1e-12
3f635cf997e37f12f4151b1d0a015c054b5271f176bef03d98ba8a77e593eb40,C,hybrid_tdvp,11,rzz,0.05,2,9,7,16,4,19,19,commuting,0.999624335176828,0.999624335176828,0.0003756648231719728,0.019377428346891275,0.9999999999999996,0.9999998923092556,0.0005923681958707461,0.00017202482981429386,0.08110032795229927,16,"[1, 2, 4, 8, 16, 16, 16, 16, 16, 8, 4, 2, 1]",2728,2.1980834953420356e-07,8.437398513801832e-06,1e-12
d29ffe979aac9b1c2154c3d89ac9a1af5e68d68c8cf2e36f77a2d2d0b2253bfd,C,hybrid_tdvp,11,rzz,0.05,2,9,7,16,8,19,19,commuting,0.9996410825091477,0.9996410825091477,0.0003589174908522619,0.018945967963559494,0.9999999999999996,1.0000000000000002,0.0006740607218421787,0.00015881285600994886,0.19815864996053278,16,"[1, 2, 4, 8, 16, 16, 16, 16, 16, 8, 4, 2, 1]",2728,1.0760023007007484e-07,4.061428980807477e-06,1e-12
3ceca380bd5c52eaf333d92c85190c4d396f62c4d6fab57fcc3d593b404e2b6c,C,hybrid_tdvp,11,rzz,0.05,2,9,7,64,1,19,19,commuting,0.9999999999841729,0.9999999999841729,1.5827117394451307e-11,3.8530146310707175e-06,0.9999999999999996,0.999999999999509,4.2935394226062407e-08,9.318495125487964e-09,0.26886394899338484,32,"[1, 2, 4, 8, 16, 32, 32, 32, 16, 8, 4, 2, 1]",6824,2.6602744341653287e-21,9.785157469040996e-13,1e-12
f08d291269642fb474ec6190967d780b1277fb869eeeb233f9c7d0d79fa73add,C,hybrid_tdvp,11,rzz,0.05,2,9,7,64,2,19,19,commuting,0.9999999998476417,0.9999999998476417,1.523583481599644e-10,1.2191066463161335e-05,0.9999999999999996,0.9999999999981319,2.906063708216222e-07,4.4224773421998324e-08,0.496989437029697,32,"[1, 2, 4, 8, 16, 32, 32, 32, 16, 8, 4, 2, 1]",6824,3.405408859620907e-19,3.851347859038844e-12,1e-12
74dd6f9e1763d6981f9b70bd6a0ea3650feb5c938d6ac3b694f16b91b4ee4398,C,hybrid_tdvp,11,rzz,0.05,2,9,7,64,4,19,19,commuting,0.9999999996168312,0.9999999996168312,3.831688299982261e-10,1.9367529287512818e-05,0.9999999999999996,0.9999999999959654,1.7623942989014596e-07,3.116145610986573e-08,0.22817987302551046,32,"[1, 2, 4, 8, 16, 31, 32, 31, 16, 8, 4, 2, 1]",6632,8.020886018372396e-17,8.263933676820711e-12,1e-12
dffc081f7e8e9b4c6be5036a3763fda396471b46d54f85067144f2d0e06aa99f,C,hybrid_tdvp,11,rzz,0.05,2,9,7,64,8,19,19,commuting,0.9999999982714838,0.9999999982714838,1.7285162190461278e-09,4.135531580966204e-05,0.9999999999999996,0.9999999999908726,2.1664591456915794e-07,4.172583818658166e-08,0.556263905018568,32,"[1, 2, 4, 8, 16, 30, 32, 30, 16, 8, 4, 2, 1]",6440,1.0873524698107706e-14,1.883897240126624e-11,1e-12
945899b3c91df7fabee749bb2ff0f4ad5e5e11b74f3f542b169c30f1369b9561,C,hybrid_tdvp,11,rxx,0.05,2,9,7,8,1,19,19,mixed,0.9708437445706055,0.9708437445706055,0.029156255429394484,0.17138241754057193,0.9999999999999996,1.0,0.02008356235425303,0.005573513246118426,0.08024273096816614,8,"[1, 2, 4, 8, 8, 8, 8, 8, 8, 8, 4, 2, 1]",936,4.300980415613172e-05,0.00088752090788872,1e-12
9e98540bce00860ec2a7219456c722224c2ead44cba42be77a184d69dde288c2,C,hybrid_tdvp,11,rxx,0.05,2,9,7,8,2,19,19,mixed,0.9705945499131702,0.9705945499131702,0.02940545008682982,0.17211873268709232,0.9999999999999996,1.0000000000000002,0.019791196556155362,0.005623384218094855,0.3944727670168504,8,"[1, 2, 4, 8, 8, 8, 8, 8, 8, 8, 4, 2, 1]",936,2.1498164634264293e-05,0.0004445377658035069,1e-12
65cd021fef96aadfa75dc80198369068cb39764083f31bc02a98bf44d2f89d2d,C,hybrid_tdvp,11,rxx,0.05,2,9,7,8,4,19,19,mixed,0.9704730570836251,0.9704730570836251,0.02952694291637492,0.17247661143440643,0.9999999999999996,1.0000000000000004,0.019656732437710434,0.0056476735186521245,0.1256535510183312,8,"[1, 2, 4, 8, 8, 8, 8, 8, 8, 8, 4, 2, 1]",936,1.0746614994158282e-05,0.00022248691601859335,1e-12
1ecb7d9d4d8933e36422f8a90478667a56b7dfe938f35bf26dd04adb4a9d264b,C,hybrid_tdvp,11,rxx,0.05,2,9,7,8,8,19,19,mixed,0.9704130470808838,0.9704130470808838,0.029586952919116172,0.17265311612471923,0.9999999999999996,1.0000000000000004,0.019592300863080787,0.00565965466447513,0.2188670929754153,8,"[1, 2, 4, 8, 8, 8, 8, 8, 8, 8, 4, 2, 1]",936,5.372617705851612e-06,0.00011130111181173305,1e-12
2c3155c3f7ab14436c15be4b32d56bf0b6eda7e85c855a479ac967b62df86ec3,C,hybrid_tdvp,11,rxx,0.05,2,9,7,16,1,19,19,mixed,0.9989394339938698,0.9989394339938698,0.001060566006130248,0.03257065174983657,0.9999999999999996,0.9999999999999997,0.0019075407256275278,0.0004010269540357477,0.0744093750254251,16,"[1, 2, 4, 8, 16, 16, 16, 16, 16, 8, 4, 2, 1]",2728,3.7085463332507264e-06,7.65832268437617e-05,1e-12
bb487113adf358e5cd0531fd4fbe78242b3782d1c425df025d8bc81fec46a2c0,C,hybrid_tdvp,11,rxx,0.05,2,9,7,16,2,19,19,mixed,0.9989018173726355,0.9989018173726355,0.0010981826273644968,0.03314338990359785,0.9999999999999996,0.9999999999999992,0.0013867955872721017,0.00041873950911575005,0.10816458403132856,16,"[1, 2, 4, 8, 16, 16, 16, 16, 16, 8, 4, 2, 1]",2728,1.9260837956858746e-06,4.0839300431409195e-05,1e-12
8b5b430373110a3dc18cd6bf4d394447323b3ae159978c9635ad5f822536f20b,C,hybrid_tdvp,11,rxx,0.05,2,9,7,16,4,19,19,mixed,0.9988639528669738,0.9988639528669738,0.0011360471330261745,0.03371008702455719,0.9999999999999996,1.0000000000000002,0.0013338299588394505,0.00047829729571381696,0.1387154600233771,16,"[1, 2, 4, 8, 16, 16, 16, 16, 16, 8, 4, 2, 1]",2728,9.393211479338488e-07,2.195365020294094e-05,1e-12
4c1e28bf5b6e497ac050dc0a99fb79dcfbc3d670d9afb2e8c9fcbe76db6709f9,C,hybrid_tdvp,11,rxx,0.05,2,9,7,16,8,19,19,mixed,0.9988467858493584,0.9988467858493584,0.0011532141506416238,0.03395735389588693,0.9999999999999996,0.9999997775326771,0.001358960377159768,0.0005006256695223911,0.24391044699586928,16,"[1, 2, 4, 8, 16, 16, 16, 16, 16, 8, 4, 2, 1]",2728,4.607811126329741e-07,1.1360110169196089e-05,1e-12
28049e8cdd02522fbee1a6bd49b2d287501d5b0f1e2f253737f31fa6033f5cc8,C,hybrid_tdvp,11,rxx,0.05,2,9,7,64,1,19,19,mixed,0.9999999995228035,0.9999999995228035,4.771965045335946e-10,2.179394498945757e-05,0.9999999999999996,0.9999999999988899,7.340658743915096e-07,8.774642169625373e-08,0.2992123969597742,51,"[1, 2, 4, 8, 16, 32, 51, 32, 16, 8, 4, 2, 1]",9256,1.5111428873291316e-13,2.290448172644867e-12,1e-12
42fc8054db7d68ad0e5f414e493311dcce5a4c0a120e5d7ddf369ec02123decd,C,hybrid_tdvp,11,rxx,0.05,2,9,7,64,2,19,19,mixed,0.9999999998721139,0.9999999998721139,1.2788614611736193e-10,1.1152612748322557e-05,0.9999999999999996,0.9999999999982463,3.663268410766807e-07,4.3742134309802504e-08,0.6040925850393251,52,"[1, 2, 4, 8, 16, 32, 52, 32, 16, 8, 4, 2, 1]",9384,1.9622408850103468e-13,3.643970844220178e-12,1e-12
3b7c7ef6de5e5b224ac7b22c27ea71e369c741c7a407571bbb3cd174f7d3fed4,C,hybrid_tdvp,11,rxx,0.05,2,9,7,64,4,19,19,mixed,0.9999999999429159,0.9999999999429159,5.708411521254675e-11,7.141274746569018e-06,0.9999999999999996,0.9999999999969571,1.7629121058793107e-07,2.142973979369402e-08,1.1210059769800864,54,"[1, 2, 4, 8, 16, 32, 54, 32, 16, 8, 4, 2, 1]",9640,2.7715833386487003e-13,6.389238607296619e-12,1e-12
16e3b59efef1b206b26cca1975b7a180f8a6d934fc7a1dd1d47350ed344a2c1e,C,hybrid_tdvp,11,rxx,0.05,2,9,7,64,8,19,19,mixed,0.9999999999174785,0.9999999999174785,8.252154515275834e-11,8.615591508585835e-06,0.9999999999999996,0.999999999995853,7.907563633058334e-08,1.784320188110509e-08,2.2805224180337973,54,"[1, 2, 4, 8, 16, 32, 54, 32, 16, 8, 4, 2, 1]",9640,2.8441026339787214e-13,8.838452353276965e-12,1e-12
40f2da4466d4117e663f9522356925554db2b1f0d6e50bef086217c38bd55c86,C,hybrid_tdvp,11,rzz,0.05,2,8,6,8,1,20,20,commuting,0.9756366355646232,0.9756366355646232,0.02436336443537679,0.15656817525274105,0.9999999999999996,0.9999999999999998,0.02084922619285922,0.005594182755352631,0.10635951603762805,8,"[1, 2, 4, 8, 8, 8, 8, 8, 8, 8, 4, 2, 1]",936,4.014854898586961e-05,0.000947047995373824,1e-12
90f02e42633982cce6a290d69e97913a41713dbe48d26fae25ab025b3ce88246,C,hybrid_tdvp,11,rzz,0.05,2,8,6,8,2,20,20,commuting,0.9753525067174947,0.9753525067174947,0.02464749328250526,0.15748418656722854,0.9999999999999996,1.0000000000000009,0.020194498391838664,0.005624076053526935,0.054863664030563086,8,"[1, 2, 4, 8, 8, 8, 8, 8, 8, 8, 4, 2, 1]",936,2.0357446428060804e-05,0.00047668166656095895,1e-12
9a9dd63f9734728a158ddbac9f0a3db0bd67821b8d040f0d8661a77f7981a866,C,hybrid_tdvp,11,rzz,0.05,2,8,6,8,4,20,20,commuting,0.975209340390614,0.975209340390614,0.02479065960938598,0.15794378212152593,0.9999999999999996,1.0000000000000007,0.020346687971041444,0.005639485805238656,0.07310192397562787,8,"[1, 2, 4, 8, 8, 8, 8, 8, 8, 8, 4, 2, 1]",936,1.0247887290372759e-05,0.00023910362769136894,1e-12
13eb69b2e2dd896d6fa467aeeb95cb01f164f972b7763fd9b946f1acce347275,C,hybrid_tdvp,11,rzz,0.05,2,8,6,8,8,20,20,commuting,0.9751374558648764,0.9751374558648764,0.024862544135123565,0.1581740564292143,0.9999999999999996,1.0000000000000007,0.02044388836127342,0.005647325592451,0.23541073402157053,8,"[1, 2, 4, 8, 8, 8, 8, 8, 8, 8, 4, 2, 1]",936,5.141048722141114e-06,0.00011973938191670403,1e-12
080d87cef5cc8cc94dbdc605327d3c854c6cafb89fcae1a3203f9a61e72abeb3,C,hybrid_tdvp,11,rzz,0.05,2,8,6,16,1,20,20,commuting,0.9996044366666548,0.9996044366666548,0.000395563333345228,0.01988975763232864,0.9999999999999996,1.0000000000000016,0.0006018199860693962,0.00014613712902996408,0.09961728099733591,16,"[1, 2, 4, 8, 16, 16, 16, 16, 16, 8, 4, 2, 1]",2728,1.6621899741443888e-06,2.871509705556071e-05,1e-12
dd41dac85a20a6679d5cb0eb1ce8eec2a50788db45556f0b195b9eb5ae8ce90c,C,hybrid_tdvp,11,rzz,0.05,2,8,6,16,2,20,20,commuting,0.9995711242010702,0.9995711242010702,0.00042887579892980643,0.020710427142053716,0.9999999999999996,1.0,0.0007169906518533775,0.0001823749624760055,0.11655368999345228,16,"[1, 2, 4, 8, 16, 16, 16, 16, 16, 8, 4, 2, 1]",2728,8.970426203134044e-07,1.6709337316113273e-05,1e-12
24886dfaf87b4777c9996f5ab02fcc418afbe8edaeeb21a83b19551ee645377e,C,hybrid_tdvp,11,rzz,0.05,2,8,6,16,4,20,20,commuting,0.9995638132705065,0.9995638132705065,0.0004361867294935262,0.02088622284153428,0.9999999999999996,1.0000000000000004,0.0006729309163290287,0.00018408759066534938,0.07277006900403649,16,"[1, 2, 4, 8, 16, 16, 16, 16, 16, 8, 4, 2, 1]",2728,4.5722404656294035e-07,8.894622560364775e-06,1e-12
ac476c75fa0764fba8a68951afe58b1a7c902c327813e87de7694468e6428ca0,C,hybrid_tdvp,11,rzz,0.05,2,8,6,16,8,20,20,commuting,0.9995831482228548,0.9995831482228548,0.0004168517771452329,0.020412846641998647,0.9999999999999996,0.9999998945402319,0.0005835356416752924,0.00016620609147975556,0.17621672700624913,16,"[1, 2, 4, 8, 16, 16, 16, 16, 16, 8, 4, 2, 1]",2728,2.1699307513554782e-07,4.2784220559430285e-06,1e-12
118a1ec16cc774e6ab925a5e3279665e46e190831dfa05197354f4bdcccc7542,C,hybrid_tdvp,11,rzz,0.05,2,8,6,64,1,20,20,commuting,0.99999999998417,0.99999999998417,1.5830003974315332e-11,3.853014688265262e-06,0.9999999999999996,0.9999999999995076,4.293540562666509e-08,9.244019075137137e-09,0.23577552899951115,32,"[1, 2, 4, 8, 16, 32, 32, 32, 16, 8, 4, 2, 1]",6824,2.1170848508841514e-20,9.78515768074948e-13,1e-12
53ce07fc1e1cc9e0ff243f2de9ee754e08e23a0ce7973581be7061fcf0ad04da,C,hybrid_tdvp,11,rzz,0.05,2,8,6,64,2,20,20,commuting,0.9999999998476392,0.9999999998476392,1.5236079065061858e-10,1.219107149702496e-05,0.9999999999999996,0.9999999999981305,2.898750969815289e-07,4.404872143257948e-08,0.46524682198651135,32,"[1, 2, 4, 8, 16, 32, 32, 32, 16, 8, 4, 2, 1]",6824,2.72165350949295e-18,3.851350580692354e-12,1e-12
1cad5a773b53c37082636b4846c788899231a4be74e018036321815de515199e,C,hybrid_tdvp,11,rzz,0.05,2,8,6,64,4,20,20,commuting,0.9999999995516398,0.9999999995516398,4.483602378257956e-10,2.0968708469777456e-05,0.9999999999999996,0.9999999999956631,1.8111462008613133e-07,3.2286025785252124e-08,0.3871879050275311,32,"[1, 2, 4, 8, 16, 31, 32, 31, 16, 8, 4, 2, 1]",6632,6.226204821873542e-13,8.886554159008065e-12,1e-12
0b3a30e688457be3710670953370464c8d53308e5c191f17015898cd2df29e84,C,hybrid_tdvp,11,rzz,0.05,2,8,6,64,8,20,20,commuting,0.999999997904673,0.999999997904673,2.095327022999527e-09,4.5555581059627754e-05,0.9999999999999996,0.9999999999899916,2.588596448235836e-07,4.7005398204834766e-08,0.5817635080311447,32,"[1, 2, 4, 8, 16, 30, 32, 30, 16, 8, 4, 2, 1]",6440,1.7728971428283572e-12,2.0611869544094592e-11,1e-12
b29ccdea45a938c0cd20a4bc87721de3edee52d00b7253e90faa35e0badc410c,C,hybrid_tdvp,11,rzz,0.05,2,8,6,8,1,20,20,mixed,0.9680537598345211,0.9680537598345211,0.03194624016547887,0.1794590185997769,0.9999999999999996,1.0,0.022098740366964756,0.006255859463069379,0.11962672899244353,8,"[1, 2, 4, 8, 8, 8, 8, 8, 8, 8, 4, 2, 1]",936,4.4252092228404536e-05,0.0009317730001171245,1e-12
d4dfe27fb4165ff22343d6ba5b5ecb87f2d5b14d4d86085b6d7f4109e002c0dc,C,hybrid_tdvp,11,rzz,0.05,2,8,6,8,2,20,20,mixed,0.9677495403192818,0.9677495403192818,0.03225045968071816,0.18031850187832368,0.9999999999999996,1.0000000000000002,0.021782123670178455,0.006317836632629622,0.04583342099795118,8,"[1, 2, 4, 8, 8, 8, 8, 8, 8, 8, 4, 2, 1]",936,2.2401189477192607e-05,0.00046693895528069956,1e-12
06aa5e2cef101c7959c5e2c809e8a3018fba59d8031c89d9be58155e4060af4f,C,hybrid_tdvp,11,rzz,0.05,2,8,6,8,4,20,20,mixed,0.9676005119341675,0.9676005119341675,0.03239948806583248,0.18073809556419332,0.9999999999999996,1.0,0.021634298782135027,0.0063480247264671216,0.07218196097528562,8,"[1, 2, 4, 8, 8, 8, 8, 8, 8, 8, 4, 2, 1]",936,1.1267662266995595e-05,0.00023375457828558887,1e-12
8324b270540af9e2ced8ee96e0ee2ce349c222c5024008e54dcd1c61fe0a86ff,C,hybrid_tdvp,11,rzz,0.05,2,8,6,8,8,20,20,mixed,0.9675267369940677,0.9675267369940677,0.03247326300593234,0.1809454628925322,0.9999999999999996,1.0000000000000002,0.02156291624884225,0.006362917211149992,0.27942015702137724,8,"[1, 2, 4, 8, 8, 8, 8, 8, 8, 8, 4, 2, 1]",936,5.650424953115898e-06,0.000116951536764849,1e-12
2820f0b1f2585d10e5c5d9db3b6f3f97f418480bdb6868e2b30ca066d7e65d19,C,hybrid_tdvp,11,rzz,0.05,2,8,6,16,1,20,20,mixed,0.9988198008516234,0.9988198008516234,0.0011801991483766372,0.034359097361827164,0.9999999999999996,0.9999999999999991,0.002052116228727208,0.0004306746585843798,0.062062400043942034,16,"[1, 2, 4, 8, 16, 16, 16, 16, 16, 8, 4, 2, 1]",2728,4.049377374378389e-06,8.063260421814009e-05,1e-12
16f0f275fb9f153d1d4a970a7e3f744b601a1c552693c35a12e94cfd813eb43b,C,hybrid_tdvp,11,rzz,0.05,2,8,6,16,2,20,20,mixed,0.9987858105613375,0.9987858105613375,0.0012141894386624719,0.034850512572775584,0.9999999999999996,1.0000000000000009,0.0015429991422378506,0.0004482515729150402,0.12385561497649178,16,"[1, 2, 4, 8, 16, 16, 16, 16, 16, 8, 4, 2, 1]",2728,1.9317496119497367e-06,4.277105004335893e-05,1e-12
2db2a0f4c85ca4cdf1605b8e19efb727e2e122c42ad6f74a3c2d41e3be606da1,C,hybrid_tdvp,11,rzz,0.05,2,8,6,16,4,20,20,mixed,0.9987454116887489,0.9987454116887489,0.001254588311251137,0.03542572590987597,0.9999999999999996,0.9999999999999998,0.001615867037489116,0.0005078287508837334,0.21943574101896957,16,"[1, 2, 4, 8, 16, 16, 16, 16, 16, 8, 4, 2, 1]",2728,9.739146544482133e-07,2.2927564857389157e-05,1e-12
c40e50279fec5d14cb52c427bc7f162a18400173b5b4c3f8b50c064acfb8c4ae,C,hybrid_tdvp,11,rzz,0.05,2,8,6,16,8,20,20,mixed,0.9987271515669138,0.9987271515669138,0.0012728484330861711,0.03568268104906549,0.9999999999999996,1.0,0.0016473811279205386,0.0005311202090451177,0.23917571600759402,16,"[1, 2, 4, 8, 16, 16, 16, 16, 16, 8, 4, 2, 1]",2728,4.938883491129308e-07,1.1853998518309025e-05,1e-12
2cc7452378851672756ab49ad5c172c226c82a38dce85fcfc733609e1e78fbea,C,hybrid_tdvp,11,rzz,0.05,2,8,6,64,1,20,20,mixed,0.9999999995224902,0.9999999995224902,4.775098094711439e-10,2.1798663187766663e-05,0.9999999999999996,0.999999999998836,7.216386784039686e-07,8.678789252847216e-08,0.44770931400125846,53,"[1, 2, 4, 8, 16, 32, 53, 32, 16, 8, 4, 2, 1]",9512,1.148252048813421e-13,2.405273377526209e-12,1e-12
16166966aa1a917a59acd01310fcea0f1172fa45e3ff4386d0947859cb67940f,C,hybrid_tdvp,11,rzz,0.05,2,8,6,64,2,20,20,mixed,0.9999999998715121,0.9999999998715121,1.2848788699670877e-10,1.1171291683312312e-05,0.9999999999999996,0.9999999999981547,3.5925195615571504e-07,4.3173090881761094e-08,0.5693573770113289,53,"[1, 2, 4, 8, 16, 32, 53, 32, 16, 8, 4, 2, 1]",9512,1.9686524243340645e-13,3.840836086653584e-12,1e-12
428c059c0937c88b99ca34ac19e9cf66bf1c02ef70cad59fab1a5f32c77f37b2,C,hybrid_tdvp,11,rzz,0.05,2,8,6,64,4,20,20,mixed,0.9999999999418434,0.9999999999418434,5.815659065433465e-11,7.2038450509953875e-06,0.9999999999999996,0.9999999999968694,1.7147228950631366e-07,2.101243115329084e-08,1.0100154249812476,53,"[1, 2, 4, 8, 16, 32, 53, 32, 16, 8, 4, 2, 1]",9512,1.9992834518962982e-13,6.589166952486249e-12,1e-12
ab1d51fd840a95767ccf299755a5361b748eee7ce5e7c0ed4f654a1f0ca7cd4f,C,hybrid_tdvp,11,rzz,0.05,2,8,6,64,8,20,20,mixed,0.9999999999165177,0.9999999999165177,8.348233215826895e-11,8.662942232630914e-06,0.9999999999999996,0.9999999999957818,7.86030296615059e-08,1.7604357909224774e-08,2.1329737619962543,53,"[1, 2, 4, 8, 16, 32, 53, 32, 16, 8, 4, 2, 1]",9512,1.7402862883483197e-13,9.012480982111797e-12,1e-12
7dd325f5915450a1dae195643aff794a58e131d9c9c7bb7c0fb34c51849598bd,C,hybrid_tdvp,11,rzz,0.05,3,9,6,8,1,21,21,commuting,0.9739662530375106,0.9739662530375106,0.02603374696248939,0.16188090708194236,0.9999999999999996,0.9999999999999999,0.022174808888465604,0.005844012323008447,0.019848383963108063,8,"[1, 2, 4, 8, 8, 8, 8, 8, 8, 8, 4, 2, 1]",936,3.359876765589274e-05,0.0009806467630297166,1e-12
b8df358b5ce74362260bed7100dbe0ce16c5bcbeb4bf5b8b5678892cb8ea6422,C,hybrid_tdvp,11,rzz,0.05,3,9,6,8,2,21,21,commuting,0.9736740973331665,0.9736740973331665,0.026325902666833545,0.1627927665516433,0.9999999999999996,1.0000000000000007,0.02152540424507382,0.005872522500413461,0.9517460960196331,8,"[1, 2, 4, 8, 8, 8, 8, 8, 8, 8, 4, 2, 1]",936,1.6928861262805555e-05,0.0004936105278237646,1e-12
881dcccb074b60e705834647c28d528083170065a010d334666f80605e15d837,C,hybrid_tdvp,11,rzz,0.05,3,9,6,8,4,21,21,commuting,0.9735266655257216,0.9735266655257216,0.026473334474278354,0.16325104018117256,0.9999999999999996,1.0,0.021499705185172635,0.005887247234753338,0.19577334902714938,8,"[1, 2, 4, 8, 8, 8, 8, 8, 8, 8, 4, 2, 1]",936,8.496928411147153e-06,0.000247600556102516,1e-12
af1fee7efc8636e797f7fbb90754e5947b910eb7dec058a8a6769fce7a95cdbc,C,hybrid_tdvp,11,rzz,0.05,3,9,6,8,8,21,21,commuting,0.9734525895717091,0.9734525895717091,0.026547410428290896,0.1634808243467229,0.9999999999999996,1.0,0.02160181670147887,0.005894745404033958,0.4590998589992523,8,"[1, 2, 4, 8, 8, 8, 8, 8, 8, 8, 4, 2, 1]",936,4.25659594385634e-06,0.00012399597786056044,1e-12
df83a3a7a39c7a31f07bbb6560f29637d45c3e1c29e78ed6ad597362f36110cc,C,hybrid_tdvp,11,rzz,0.05,3,9,6,16,1,21,21,commuting,0.9995179157016152,0.9995179157016152,0.0004820842983848106,0.021957741543961757,0.9999999999999996,0.9999999999999996,0.0006888500346923787,0.00016316858158698107,0.06462374801049009,16,"[1, 2, 4, 8, 16, 16, 16, 16, 16, 8, 4, 2, 1]",2728,2.5443540181536666e-06,3.125945107371438e-05,1e-12
d9bd3b37111f8e19f5862454d8c0c364337b951eca54ed87c94c17c32976d5a2,C,hybrid_tdvp,11,rzz,0.05,3,9,6,16,2,21,21,commuting,0.9994744854865714,0.9994744854865714,0.0005255145134286376,0.02292560954371466,0.9999999999999996,0.9999999999999994,0.0008240596150937973,0.00020433786791976957,0.10322448500664905,16,"[1, 2, 4, 8, 16, 16, 16, 16, 16, 8, 4, 2, 1]",2728,1.4317562327816632e-06,1.8141093548894933e-05,1e-12
aacfcd5f31302e7ea90aa80791cce32c40cd63ecaba875c4b6ead8ca977747ce,C,hybrid_tdvp,11,rzz,0.05,3,9,6,16,4,21,21,commuting,0.9994671892737168,0.9994671892737168,0.0005328107262831949,0.02308423091669848,0.9999999999999996,1.0,0.0007757709132448221,0.00020437044674428907,0.14274291699985042,16,"[1, 2, 4, 8, 16, 16, 16, 16, 16, 8, 4, 2, 1]",2728,7.1308195493903e-07,9.607704515303802e-06,1e-12
dc1d7868df656a9e7f37d5e735a314a610d6dac43ef592f94b526d5965e0901a,C,hybrid_tdvp,11,rzz,0.05,3,9,6,16,8,21,21,commuting,0.9994928521980577,0.9994928521980577,0.0005071478019422759,0.02250974828116856,0.9999999999999996,0.9999997383248187,0.0006678006124477553,0.00018298221424770404,0.17237552197184414,16,"[1, 2, 4, 8, 16, 16, 16, 16, 16, 8, 4, 2, 1]",2728,3.3013837370265495e-07,4.608560429645683e-06,1e-12
131bac4d9fb4abb224ec3b60f9065f2891dc64ce203b062ace5b0f644d705322,C,hybrid_tdvp,11,rzz,0.05,3,9,6,64,1,21,21,commuting,0.9999999999841711,0.9999999999841711,1.5828893751290707e-11,3.853014726178684e-06,0.9999999999999996,0.9999999999995078,4.2935402753963015e-08,9.643332788291524e-09,0.23372364800889045,32,"[1, 2, 4, 8, 16, 32, 32, 32, 16, 8, 4, 2, 1]",6824,1.3166516698096076e-20,9.785157812414648e-13,1e-12
3e7139ba7d623dbbbecb8665c49c4511d93c7f802966e49efffbbf91c2c3359d,C,hybrid_tdvp,11,rzz,0.05,3,9,6,64,2,21,21,commuting,0.9999999998476383,0.9999999998476383,1.5236167882903828e-10,1.2191074910370017e-05,0.9999999999999996,0.9999999999981308,2.898750975782738e-07,4.4423583260802454e-08,0.5333164909970947,32,"[1, 2, 4, 8, 16, 32, 32, 32, 16, 8, 4, 2, 1]",6824,1.7985160826792072e-18,3.851352379208437e-12,1e-12
bec5047e2624a02107798636e9feeaf94f8ecab8f7b4eb8d5f17077900f3e34a,C,hybrid_tdvp,11,rzz,0.05,3,9,6,64,4,21,21,commuting,0.9999999994646658,0.9999999994646658,5.353342213965107e-10,2.293117072876218e-05,0.9999999999999996,0.9999999999952527,1.8111461426439934e-07,3.304304087536138e-08,0.2589229589793831,32,"[1, 2, 4, 8, 16, 31, 32, 31, 16, 8, 4, 2, 1]",6632,8.348982139457962e-13,9.721452372953864e-12,1e-12
3042b7f18f2fba558b34472ed6a4ca3e5891727171814625e3565f5b3e96250b,C,hybrid_tdvp,11,rzz,0.05,3,9,6,64,8,21,21,commuting,0.999999997426559,0.999999997426559,2.5734410158406718e-09,5.0509172386662176e-05,0.9999999999999996,0.9999999999888664,3.245755746117407e-07,5.38070458262105e-08,0.3253212689887732,32,"[1, 2, 4, 8, 16, 30, 32, 30, 16, 8, 4, 2, 1]",6440,2.2598092024241083e-12,2.287167874651869e-11,1e-12
f0b44d05b3e02960e2ae284ed2ecbdd8d9edf9abe2b14106f2e261f4246e5c8c,C,hybrid_tdvp,11,ryy,0.05,3,9,6,8,1,21,21,mixed,0.9658603230232626,0.9658603230232626,0.034139676976737365,0.18556976826031868,0.9999999999999996,1.0,0.023228838369331456,0.006580963419364061,0.026912285946309566,8,"[1, 2, 4, 8, 8, 8, 8, 8, 8, 8, 4, 2, 1]",936,4.018031904718416e-05,0.0009719533191643086,1e-12
125ed61d5c45039c7f92af62859a08ccd621255175550e817669fcfb0ca7f94d,C,hybrid_tdvp,11,ryy,0.05,3,9,6,8,2,21,21,mixed,0.9655415664685122,0.9655415664685122,0.03445843353148781,0.18644169796124507,0.9999999999999996,1.0000000000000009,0.02292606161168398,0.006645090498377291,0.10651129198959097,8,"[1, 2, 4, 8, 8, 8, 8, 8, 8, 8, 4, 2, 1]",936,2.0209178040171326e-05,0.00048714813332087086,1e-12
b277b4685b71a9048070fe0bdffe3aa218030cab74d330a0e9aa91f5681ebeb3,C,hybrid_tdvp,11,ryy,0.05,3,9,6,8,4,21,21,mixed,0.9653853094374809,0.9653853094374809,0.03461469056251909,0.18686769123280647,0.9999999999999996,1.0000000000000002,0.02278542744069055,0.006676394554718382,0.11281771800713614,8,"[1, 2, 4, 8, 8, 8, 8, 8, 8, 8, 4, 2, 1]",936,1.0132942722702215e-05,0.0002438875210082911,1e-12
eb3027228c3a9f13ca9b58fd67e29e219c16d104098dae1246b892f97d7e8751,C,hybrid_tdvp,11,ryy,0.05,3,9,6,8,8,21,21,mixed,0.9653079329873998,0.9653079329873998,0.03469206701260019,0.1870782911950817,0.9999999999999996,1.0,0.022717709175272355,0.006691854777042276,0.1923485670122318,8,"[1, 2, 4, 8, 8, 8, 8, 8, 8, 8, 4, 2, 1]",936,5.0733935379441175e-06,0.00012202493030279308,1e-12
1c820d978c06633df5513fd5a0a2ba3de9c7fe646074e8d2bc37a7d02410a0a5,C,hybrid_tdvp,11,ryy,0.05,3,9,6,16,1,21,21,mixed,0.9986658411842889,0.9986658411842889,0.001334158815711084,0.03653223381814189,0.9999999999999996,0.9999999999999993,0.0021600752058113385,0.00046470580771200236,0.03428472299128771,16,"[1, 2, 4, 8, 16, 16, 16, 16, 16, 8, 4, 2, 1]",2728,5.551876248531713e-06,8.61844804666718e-05,1e-12
99953c35068c95d8b42ab00c8214429d9287533994746272d5eb72efd1d2aa7c,C,hybrid_tdvp,11,ryy,0.05,3,9,6,16,2,21,21,mixed,0.9986422464185217,0.9986422464185217,0.0013577535814782715,0.03685396543547106,0.9999999999999996,1.0000000000000004,0.0016098851628145925,0.00048199479065331004,0.10225028003333136,16,"[1, 2, 4, 8, 16, 16, 16, 16, 16, 8, 4, 2, 1]",2728,2.5024111461696073e-06,4.527346118952855e-05,1e-12
8ca4693c68bb8f73365ad8a2cac0792c219f3990db393d163193180c3573aa9b,C,hybrid_tdvp,11,ryy,0.05,3,9,6,16,4,21,21,mixed,0.9986022573407052,0.9986022573407052,0.0013977426592948206,0.03739293278247063,0.9999999999999996,1.0000000000000013,0.0017185161106023986,0.0005458998123652743,0.07553101901430637,16,"[1, 2, 4, 8, 16, 16, 16, 16, 16, 8, 4, 2, 1]",2728,1.2510579686202013e-06,2.4178622826009352e-05,1e-12
7990c8eef528050ca3624a71bd053a92ff6f670fcc2386f87892d72246b80368,C,hybrid_tdvp,11,ryy,0.05,3,9,6,16,8,21,21,mixed,0.9985821075225498,0.9985821075225498,0.0014178924774501667,0.03765383135524588,0.9999999999999996,0.999999707788393,0.0017524585725813488,0.0005731082128194237,0.3619897629832849,16,"[1, 2, 4, 8, 16, 16, 16, 16, 16, 8, 4, 2, 1]",2728,6.310382691406061e-07,1.2485036787449628e-05,1e-12
62e2e6291cd20b0dcabea09dbb730a292ab0da6c5fc8324a6b29f20f3b8c5978,C,hybrid_tdvp,11,ryy,0.05,3,9,6,64,1,21,21,mixed,0.999999999521866,0.999999999521866,4.781339768555881e-10,2.1809872466229573e-05,0.9999999999999996,0.999999999998768,7.216386779460016e-07,8.687908930503894e-08,0.41290087200468406,57,"[1, 2, 4, 8, 16, 32, 57, 32, 16, 8, 4, 2, 1]",10024,1.5267766804645227e-13,2.557951045572661e-12,1e-12
82115744995e9523d0848e8e21391f425a1baf4d5730f6a7dcdcc13c20207f0e,C,hybrid_tdvp,11,ryy,0.05,3,9,6,64,2,21,21,mixed,0.9999999998703921,0.9999999998703921,1.2960787998395062e-10,1.1211524652253964e-05,0.9999999999999996,0.9999999999980446,3.592519607215072e-07,4.3217274844968024e-08,0.6463949459721334,56,"[1, 2, 4, 8, 16, 32, 56, 32, 16, 8, 4, 2, 1]",9896,2.0550320549271798e-13,4.046339292146302e-12,1e-12
81edbc723c4031fdff71e9b571555911fd65ac4bbdf939edf55b19d6c997acdd,C,hybrid_tdvp,11,ryy,0.05,3,9,6,64,4,21,21,mixed,0.9999999999394953,0.9999999999394953,6.050471235141686e-11,7.3495656738629514e-06,0.9999999999999996,0.9999999999967555,1.7147231816394548e-07,2.1162012353292898e-08,0.978746204986237,55,"[1, 2, 4, 8, 16, 32, 55, 32, 16, 8, 4, 2, 1]",9768,2.509860921460127e-13,6.840153044632261e-12,1e-12
e2fd4de497dfd4242ba3867793ae44f9df8f6c4adbaa3417d33886c80b009dc9,C,hybrid_tdvp,11,ryy,0.05,3,9,6,64,8,21,21,mixed,0.999999999910556,0.999999999910556,8.944400775590111e-11,8.979805200393415e-06,0.9999999999999996,0.9999999999955959,7.883394176344538e-08,1.818436116742899e-08,1.889440539991483,54,"[1, 2, 4, 8, 16, 32, 54, 32, 16, 8, 4, 2, 1]",9640,3.9617607786024686e-13,9.408657059972043e-12,1e-12
ab873df565fed5d0870a9bb29258100964c7730307cfc0b30e3524cefcb0c869,C,hybrid_tdvp,11,rzz,0.05,2,9,7,8,1,22,22,commuting,0.9723855164986587,0.9723855164986587,0.027614483501341325,0.16675671489885457,0.9999999999999996,1.0000000000000004,0.02375518163121426,0.006077327697545596,0.02152605605078861,8,"[1, 2, 4, 8, 8, 8, 8, 8, 8, 8, 4, 2, 1]",936,3.452880352004565e-05,0.0010151755665497625,1e-12
219993e48c4f988a36cae13dd684bb7e59b28d6ea12ca1bd918476f2723e3be2,C,hybrid_tdvp,11,rzz,0.05,2,9,7,8,2,22,22,commuting,0.9720610521492314,0.9720610521492314,0.02793894785076856,0.16774048019416776,0.9999999999999996,1.0000000000000004,0.024270243076754294,0.006112605557506931,0.0640523349866271,8,"[1, 2, 4, 8, 8, 8, 8, 8, 8, 8, 4, 2, 1]",936,1.7618434381830415e-05,0.000511228962205595,1e-12
f93a4097b75b9f2b272a13bdca73086dbedc6e849e01b2eea0d6d9eb6dd765db,C,hybrid_tdvp,11,rzz,0.05,2,9,7,8,4,22,22,commuting,0.9718971080856232,0.9718971080856232,0.02810289191437676,0.16823542765541025,0.9999999999999996,1.0000000000000004,0.024523200068781392,0.006130752209508956,0.18149982299655676,8,"[1, 2, 4, 8, 8, 8, 8, 8, 8, 8, 4, 2, 1]",936,8.898177278287536e-06,0.00025649873338080354,1e-12
5e82f1e70159d0117b107dc40c485fd4c6f3321e76879889e9b1e41b40ea4ae7,C,hybrid_tdvp,11,rzz,0.05,2,9,7,8,8,22,22,commuting,0.9718146803116939,0.9718146803116939,0.028185319688306065,0.1684837437052391,0.9999999999999996,1.0000000000000004,0.024648608528081706,0.006139971836990471,0.2830757750198245,8,"[1, 2, 4, 8, 8, 8, 8, 8, 8, 8, 4, 2, 1]",936,4.4713913321562195e-06,0.00012846736919271674,1e-12
b16c3f74408151376b02dc9678b31fab8a2d60fdfc3468d11c5fcc3ec86b05b1,C,hybrid_tdvp,11,rzz,0.05,2,9,7,16,1,22,22,commuting,0.9995266766045915,0.9995266766045915,0.0004733233954085092,0.021757284238338268,0.9999999999999996,0.9999999999999992,0.0006358601291236443,0.00016055427706303826,0.07616693602176383,16,"[1, 2, 4, 8, 16, 16, 16, 16, 16, 8, 4, 2, 1]",2728,8.220595899921362e-07,3.208151066370652e-05,1e-12
8d647d6002372754e50b99323caee4e6fb694393a5ed3ce6f2238cfe1741db28,C,hybrid_tdvp,11,rzz,0.05,2,9,7,16,2,22,22,commuting,0.9994866414405157,0.9994866414405157,0.0005133585594843115,0.022649512177283348,0.9999999999999996,0.9999997879705842,0.0007549583779211111,0.00019971926914515978,0.07422907499130815,16,"[1, 2, 4, 8, 16, 16, 16, 16, 16, 8, 4, 2, 1]",2728,4.3219826196769063e-07,1.857329181086262e-05,1e-12
011c13bc35fe0e6f893a347324b7f82abcbb640fc7139b7b87cb14be408b8182,C,hybrid_tdvp,11,rzz,0.05,2,9,7,16,4,22,22,commuting,0.9994798193757822,0.9994798193757822,0.0005201806242177698,0.022804179924045487,0.9999999999999996,0.9999998911666035,0.0007094688267075266,0.00019950642212086947,0.08070397999836132,16,"[1, 2, 4, 8, 16, 16, 16, 16, 16, 8, 4, 2, 1]",2728,2.2232050772848802e-07,9.83002502303229e-06,1e-12
2e64589aeae03c19f7a4415f301a21859db39702c8b8d01b0590df4033864557,C,hybrid_tdvp,11,rzz,0.05,2,9,7,16,8,22,22,commuting,0.9995032922402188,0.9995032922402188,0.0004967077597811675,0.02227419092187189,0.9999999999999996,0.9999996850631857,0.0006542892124688782,0.0001792841148547733,0.19062987103825435,16,"[1, 2, 4, 8, 16, 16, 16, 16, 16, 8, 4, 2, 1]",2728,1.088235992652211e-07,4.717384028910902e-06,1e-12
2f409e56c8df641361931c477c407d13b55222d8d0dad5e6777d7e1c34fd05b7,C,hybrid_tdvp,11,rzz,0.05,2,9,7,64,1,22,22,commuting,0.9999999999841596,0.9999999999841596,1.584044007074681e-11,3.853014730411847e-06,0.9999999999999996,0.9999999999995021,4.293539972860527e-08,9.653439945775047e-09,0.273668612993788,32,"[1, 2, 4, 8, 16, 32, 32, 32, 16, 8, 4, 2, 1]",6824,1.466594298312655e-21,9.78515782708059e-13,1e-12
e43e04d07e162e1cdceb0e8d855aa1b73c90f517fb92768dfa673b04ed6f8397,C,hybrid_tdvp,11,rzz,0.05,2,9,7,64,2,22,22,commuting,0.9999999998476463,0.9999999998476463,1.5235368522326098e-10,1.2191075266085066e-05,0.9999999999999996,0.9999999999981345,3.367506956203359e-07,4.916296076257964e-08,0.46958549198461697,32,"[1, 2, 4, 8, 16, 32, 32, 32, 16, 8, 4, 2, 1]",6824,1.8783036699452516e-19,3.851352567038804e-12,1e-12
e9608ccf04f752c8e041d599f316554618580873b64d8eb257dcba867a256df8,C,hybrid_tdvp,11,rzz,0.05,2,9,7,64,4,22,22,commuting,0.9999999994650821,0.9999999994650821,5.349178877622762e-10,2.292229621872947e-05,0.9999999999999996,0.9999999999952556,2.0667334438284612e-07,3.508175742759411e-08,0.30990544299129397,32,"[1, 2, 4, 8, 16, 31, 32, 31, 16, 8, 4, 2, 1]",6632,6.592716169077019e-17,9.72151830011556e-12,1e-12
324a4f6f021b2baf6f75ff3deee3435e5f03eb515283ddab545326ba493f679c,C,hybrid_tdvp,11,rzz,0.05,2,9,7,64,8,22,22,commuting,0.9999999974056952,0.9999999974056952,2.5943047710086375e-09,5.0715351511826785e-05,0.9999999999999996,0.9999999999888711,3.273943096071541e-07,5.420186674985635e-08,0.5082059119595215,32,"[1, 2, 4, 8, 16, 30, 32, 30, 16, 8, 4, 2, 1]",6440,1.9314516212396374e-14,2.2890993262731086e-11,1e-12
fef2bc4ad5b56942d42bcded72ebed23df30072d015b43023854fded843fec23,C,hybrid_tdvp,11,rxx,0.05,2,9,7,8,1,22,22,mixed,0.9627629219240141,0.9627629219240141,0.03723707807598586,0.19388227465167673,0.9999999999999996,1.0000000000000013,0.02320793991727824,0.006861859265018703,0.29774307599291205,8,"[1, 2, 4, 8, 8, 8, 8, 8, 8, 8, 4, 2, 1]",936,4.3153211444910394e-05,0.0010151065306092187,1e-12
c0f76433eecea2d2b37a6992da6c64c85fd2baa5216ef173a7f629d52d608ee8,C,hybrid_tdvp,11,rxx,0.05,2,9,7,8,2,22,22,mixed,0.9624171532436765,0.9624171532436765,0.03758284675632351,0.19478901410430535,0.9999999999999996,1.0000000000000009,0.022888714592207954,0.006930652542127753,0.027888199023436755,8,"[1, 2, 4, 8, 8, 8, 8, 8, 8, 8, 4, 2, 1]",936,2.1595173802873802e-05,0.0005087433071237447,1e-12
ccab28c3b850304a4680cf04d0779ddec67d9a5bb4bc8e4d3ebc706b9a1b28fc,C,hybrid_tdvp,11,rxx,0.05,2,9,7,8,4,22,22,mixed,0.9622475569237264,0.9622475569237264,0.03775244307627357,0.1952322812676418,0.9999999999999996,0.9999999999999999,0.022740217055025526,0.006964225134423645,0.3077571429894306,8,"[1, 2, 4, 8, 8, 8, 8, 8, 8, 8, 4, 2, 1]",936,1.0800697252315524e-05,0.0002546882182606067,1e-12
d4f03b9e12e1e0c384acd79ed06411770831d2c38ba015372f7ea33de61731fa,C,hybrid_tdvp,11,rxx,0.05,2,9,7,8,8,22,22,mixed,0.9621635511288767,0.9621635511288767,0.03783644887112325,0.19545148601167847,0.9999999999999996,1.0,0.022668666559847353,0.006980804259655041,0.23848706803983077,8,"[1, 2, 4, 8, 8, 8, 8, 8, 8, 8, 4, 2, 1]",936,5.400958826189953e-06,0.00012742588912898297,1e-12
4400f25b8a685525f7ca7b45832f782e0706129b2196e78de1236c300cd4fc21,C,hybrid_tdvp,11,rxx,0.05,2,9,7,16,1,22,22,mixed,0.9985716122053693,0.9985716122053693,0.0014283877946307255,0.03780077025898014,0.9999999999999996,1.0000000000000007,0.00223080142941435,0.0004885885295983559,0.06614386703586206,16,"[1, 2, 4, 8, 16, 16, 16, 16, 16, 8, 4, 2, 1]",2728,4.0866323647362995e-06,9.02711128314081e-05,1e-12
e1b03f56cd1da98e7721784b667fa8f9477dc7c9201ec19e2c511b7126c94fed,C,hybrid_tdvp,11,rxx,0.05,2,9,7,16,2,22,22,mixed,0.9985359451562144,0.9985359451562144,0.0014640548437856449,0.038269976490181365,0.9999999999999996,0.9999999999999992,0.001661272118690884,0.0005029620711158193,0.08537191903451458,16,"[1, 2, 4, 8, 16, 16, 16, 16, 16, 8, 4, 2, 1]",2728,2.107066007098615e-06,4.738052719662715e-05,1e-12
1c08e1758e75a768ebdaf499a2fdfeee3d66570bd2a5552c96aede217684fa5f,C,hybrid_tdvp,11,rxx,0.05,2,9,7,16,4,22,22,mixed,0.998495467720897,0.998495467720897,0.0015045322791029658,0.038795600389202406,0.9999999999999996,0.9999999999999989,0.001636255766300991,0.0005648494270668606,0.08632011199370027,16,"[1, 2, 4, 8, 16, 16, 16, 16, 16, 8, 4, 2, 1]",2728,1.0264660924892565e-06,2.520508891849862e-05,1e-12
d8fc9138b9fdb282baa08dc4130c999d4f0de400b63fc6ba3c78fd0e6bedc598,C,hybrid_tdvp,11,rxx,0.05,2,9,7,16,8,22,22,mixed,0.9984766723535785,0.9984766723535785,0.0015233276464214907,0.03903726707247786,0.9999999999999996,0.9999999999999997,0.0016746525091880238,0.0005907905477969086,0.3801625929772854,16,"[1, 2, 4, 8, 16, 16, 16, 16, 16, 8, 4, 2, 1]",2728,5.044194935926577e-07,1.2989456281042282e-05,1e-12
4b10c8a912e07a5ee3d55370255fca8cb342c4c2743aedc3424368b4c7341ace,C,hybrid_tdvp,11,rxx,0.05,2,9,7,64,1,22,22,mixed,0.9999999995218445,0.9999999995218445,4.781555151822658e-10,2.1807034997988604e-05,0.9999999999999996,0.9999999999986948,8.265754461167507e-07,9.82332475340632e-08,0.42055435199290514,51,"[1, 2, 4, 8, 16, 32, 51, 32, 16, 8, 4, 2, 1]",9256,1.505522478474221e-13,2.7085032934200835e-12,1e-12
90dafc9a1e1f6aa2e6602f0a0245c3e3c08008c0671c530780014de2af0f2abe,C,hybrid_tdvp,11,rxx,0.05,2,9,7,64,2,22,22,mixed,0.9999999998706004,0.9999999998706004,1.2939960214453095e-10,1.1189996782730651e-05,0.9999999999999996,0.9999999999979077,4.106642363527202e-07,4.8788352837780574e-08,0.674028764013201,52,"[1, 2, 4, 8, 16, 32, 52, 32, 16, 8, 4, 2, 1]",9384,2.7612805215278747e-13,4.322467344299089e-12,1e-12
97652e2c0134eec5d7ede775b5dd62cc30806705c47028f2a06ee13c0b2fe1da,C,hybrid_tdvp,11,rxx,0.05,2,9,7,64,4,22,22,mixed,0.9999999999403779,0.9999999999403779,5.962208504683986e-11,7.27381107792161e-06,0.9999999999999996,0.9999999999966424,1.9701265256688583e-07,2.385799851078541e-08,1.3650672439835034,54,"[1, 2, 4, 8, 16, 32, 54, 32, 16, 8, 4, 2, 1]",9640,2.542404789171944e-13,7.094393523549456e-12,1e-12
1bc7dd8eb44bfdbc9a32a0594620a0d1e243771feaffe9be510b14725a5ac5b5,C,hybrid_tdvp,11,rxx,0.05,2,9,7,64,8,22,22,mixed,0.9999999999131637,0.9999999999131637,8.683631591566154e-11,8.81915433216935e-06,0.9999999999999996,0.999999999995471,8.483133949466204e-08,1.874119203441158e-08,2.1224266920471564,55,"[1, 2, 4, 8, 16, 32, 55, 32, 16, 8, 4, 2, 1]",9768,2.817467276040133e-13,9.690403787576056e-12,1e-12
52dc3762b0f6b5fda191d9bde0d5ca446d8e1fa3c5823d681a83c8eb4db16392,C,hybrid_tdvp,11,rzz,0.05,2,8,6,8,1,23,23,commuting,0.9701270737435292,0.9701270737435292,0.029872926256470755,0.17349184426934233,0.9999999999999996,1.0000000000000007,0.023860315455289882,0.006652666965268635,0.12459034804487601,8,"[1, 2, 4, 8, 8, 8, 8, 8, 8, 8, 4, 2, 1]",936,3.721784950274423e-05,0.0010523934160525067,1e-12
ea9ab26a6cdf32bd275af9a8bcfcf47bd9f35774065ab35a69ce306e05cd608a,C,hybrid_tdvp,11,rzz,0.05,2,8,6,8,2,23,23,commuting,0.9697843430318209,0.9697843430318209,0.030215656968179072,0.17449188602420895,0.9999999999999996,1.0000000000000002,0.024362583776198043,0.006694611178154792,0.12233125796774402,8,"[1, 2, 4, 8, 8, 8, 8, 8, 8, 8, 4, 2, 1]",936,1.8875480455383525e-05,0.0005301044426609788,1e-12
6f8a54c57f8e514398a60dd05008403a9a6a289a1aba62a724209f0fcf4ac5d7,C,hybrid_tdvp,11,rzz,0.05,2,8,6,8,4,23,23,commuting,0.9696109843065992,0.9696109843065992,0.0303890156934008,0.17499561378260645,0.9999999999999996,1.0,0.02460914118858959,0.006715903255846299,0.06690389499999583,8,"[1, 2, 4, 8, 8, 8, 8, 8, 8, 8, 4, 2, 1]",936,9.503549143895938e-06,0.00026600228252469954,1e-12
5a6cbe244a958070e93127d74c6810aaa8918dd59114c673717e7e60561d5fe1,C,hybrid_tdvp,11,rzz,0.05,2,8,6,8,8,23,23,commuting,0.9695237742590371,0.9695237742590371,0.03047622574096287,0.1752484892472916,0.9999999999999996,1.0,0.024731351534840185,0.006726654689022203,0.1721977569977753,8,"[1, 2, 4, 8, 8, 8, 8, 8, 8, 8, 4, 2, 1]",936,4.7681352691739e-06,0.00013323550446189066,1e-12
17741445f3d7ee0e580301f93eefc67e2607a272b1c7e2330d94fadf4419b236,C,hybrid_tdvp,11,rzz,0.05,2,8,6,16,1,23,23,commuting,0.9994558686665528,0.9994558686665528,0.0005441313334472175,0.023328209818138938,0.9999999999999996,0.9999999999999999,0.0007018567816710619,0.0001682929716514758,0.0515628180000931,16,"[1, 2, 4, 8, 16, 16, 16, 16, 16, 8, 4, 2, 1]",2728,1.8025926210040284e-06,3.3884103284710546e-05,1e-12
5bffcd7ca287d5a615f15419f58351b0f9987906a85cdae049c2a9515c2b330e,C,hybrid_tdvp,11,rzz,0.05,2,8,6,16,2,23,23,commuting,0.9994126183462826,0.9994126183462826,0.0005873816537174115,0.024237737793829664,0.9999999999999996,1.0000000000000004,0.0008378654021521381,0.00021248003487425038,0.09650797600625083,16,"[1, 2, 4, 8, 16, 16, 16, 16, 16, 8, 4, 2, 1]",2728,9.706335162159226e-07,1.9543925327078546e-05,1e-12
8a5212bcc343c246664447a1dcd64a4e6305c6490e3e0bcd1173de5848814005,C,hybrid_tdvp,11,rzz,0.05,2,8,6,16,4,23,23,commuting,0.9994061256310901,0.9994061256310901,0.0005938743689098969,0.024371347250280933,0.9999999999999996,1.0000000000000009,0.0007866160528650079,0.0002128086629992616,0.07014586799778044,16,"[1, 2, 4, 8, 16, 16, 16, 16, 16, 8, 4, 2, 1]",2728,4.903742361561213e-07,1.0320399259188412e-05,1e-12
4eb14fd21fa64e095ab7b6eb9fce032b2fd603f9b508e1f71350922f9c8d40ff,C,hybrid_tdvp,11,rzz,0.05,2,8,6,16,8,23,23,commuting,0.9994340274841559,0.9994340274841559,0.0005659725158441153,0.023791860367306072,0.9999999999999996,0.9999999999999998,0.0006754002494502309,0.00018760478831755215,0.17222122999373823,16,"[1, 2, 4, 8, 16, 16, 16, 16, 16, 8, 4, 2, 1]",2728,2.3158684077469265e-07,4.948970869685596e-06,1e-12
c02f3572dbf63a6bf5c37d55b659c6fd0c5e24e31d7bdf2788854547e69fb99b,C,hybrid_tdvp,11,rzz,0.05,2,8,6,64,1,23,23,commuting,0.9999999999841673,0.9999999999841673,1.5832668509574432e-11,3.853014756781188e-06,0.9999999999999996,0.9999999999995062,4.293540990796263e-08,9.588716117400594e-09,0.2603918709792197,32,"[1, 2, 4, 8, 16, 32, 32, 32, 16, 8, 4, 2, 1]",6824,8.745431637954357e-21,9.785157914534907e-13,1e-12
c640361ed8e4e947a99b4fa13a274f6e308ffb7753125d43b4953c1cb93ba19e,C,hybrid_tdvp,11,rzz,0.05,2,8,6,64,2,23,23,commuting,0.9999999998476612,0.9999999998476612,1.52338808234731e-10,1.21910776028275e-05,0.9999999999999996,0.9999999999981413,3.360898667079115e-07,4.896355160086514e-08,0.40964104200247675,32,"[1, 2, 4, 8, 16, 32, 32, 32, 16, 8, 4, 2, 1]",6824,1.1277141497476667e-18,3.851353694752954e-12,1e-12
ba514fe352c5ea26bb21c3003c24ea20703bcd790973aa3b4464c817e360e8e2,C,hybrid_tdvp,11,rzz,0.05,2,8,6,64,4,23,23,commuting,0.9999999993655599,0.9999999993655599,6.344400560465147e-10,2.498276598333667e-05,0.9999999999999996,0.9999999999948488,2.1211003842225296e-07,3.628192972371563e-08,0.5119379610405304,32,"[1, 2, 4, 8, 16, 31, 32, 31, 16, 8, 4, 2, 1]",6632,8.216718424381406e-13,1.05431901425537e-11,1e-12
8d774c75ad004cdd0887c27dde19f2ebcc4fc45a05b0325bc0809f3f263eae6e,C,hybrid_tdvp,11,rzz,0.05,2,8,6,64,8,23,23,commuting,0.999999996848699,0.999999996848699,3.1513009979278195e-09,5.591725967975311e-05,0.9999999999999996,0.9999999999877192,3.7992636571504423e-07,6.108066976462816e-08,0.43777087196940556,32,"[1, 2, 4, 8, 16, 30, 32, 30, 16, 8, 4, 2, 1]",6440,2.322232773817069e-12,2.5213226036548155e-11,1e-12
5a812275aa92f9b502b0e75a4d960710bb5c09371aac2e62ed11f87a3722c923,C,hybrid_tdvp,11,rzz,0.05,2,8,6,8,1,23,23,mixed,0.9598261842717268,0.9598261842717268,0.040173815728273166,0.20145871472565688,0.9999999999999996,0.9999999999999994,0.025024774474810003,0.007571509337146576,0.05277267302153632,8,"[1, 2, 4, 8, 8, 8, 8, 8, 8, 8, 4, 2, 1]",936,4.196043334043751e-05,0.0010570669639496564,1e-12
b0b8005cf4efa207a9aff49140781677801d5b1a7a4bf40374181e5b35b6c3d7,C,hybrid_tdvp,11,rzz,0.05,2,8,6,8,2,23,23,mixed,0.9594213184590242,0.9594213184590242,0.04057868154097577,0.20248187370590134,0.9999999999999996,0.9999999999999997,0.024697382979309016,0.007653803211032154,0.18707280902890489,8,"[1, 2, 4, 8, 8, 8, 8, 8, 8, 8, 4, 2, 1]",936,2.1255349430943598e-05,0.0005299986565546883,1e-12
e02adf500219624782f1e9c57f118a1c8fb18ac606924edfb39da35b73316546,C,hybrid_tdvp,11,rzz,0.05,2,8,6,8,4,23,23,mixed,0.9592218383942516,0.9592218383942516,0.04077816160574843,0.20298417338574826,0.9999999999999996,0.9999999999999998,0.024543425386034618,0.007693988400978132,0.40626217098906636,8,"[1, 2, 4, 8, 8, 8, 8, 8, 8, 8, 4, 2, 1]",936,1.0695212474093089e-05,0.00026538343073469986,1e-12
236115d21e4cbb5698cccfdda8b8845ae48d91ba9cb897baecb7827d8102bcfe,C,hybrid_tdvp,11,rzz,0.05,2,8,6,8,8,23,23,mixed,0.9591228144543088,0.9591228144543088,0.0408771855456912,0.20323307832705778,0.9999999999999996,0.9999999999999998,0.02446882394067208,0.0077138402194541125,0.23851192800793797,8,"[1, 2, 4, 8, 8, 8, 8, 8, 8, 8, 4, 2, 1]",936,5.364363135468866e-06,0.0001327902522644519,1e-12
7aa856ec46a04365f301c6cc6082106309a93cc8b64cc0a8832c6bab822658e6,C,hybrid_tdvp,11,rzz,0.05,2,8,6,16,1,23,23,mixed,0.99842958242117,0.99842958242117,0.00157041757883003,0.03963627904171188,0.9999999999999996,0.9999999999999999,0.0023657856018337144,0.0005204134283692192,0.07129119097953662,16,"[1, 2, 4, 8, 16, 16, 16, 16, 16, 8, 4, 2, 1]",2728,4.33529653499883e-06,9.460640936640694e-05,1e-12
6440f7e6f48495a4f31af1217d282c059f7bf07a9a2efd0d5987ceb375b11fc9,C,hybrid_tdvp,11,rzz,0.05,2,8,6,16,2,23,23,mixed,0.9983997650902257,0.9983997650902257,0.0016002349097743451,0.04001094363363217,0.9999999999999996,0.9999999999999998,0.0018058535152930223,0.0005343955126056588,0.04220937500940636,16,"[1, 2, 4, 8, 16, 16, 16, 16, 16, 8, 4, 2, 1]",2728,2.052800338956122e-06,4.943332753558327e-05,1e-12
adfb80acf5c14ca0b2af0aeafa9caaff2b578bc960b586e8a9266721dd04ee13,C,hybrid_tdvp,11,rzz,0.05,2,8,6,16,4,23,23,mixed,0.9983572898884936,0.9983572898884936,0.0016427101115064069,0.04053868880846952,0.9999999999999996,1.0000000000000009,0.001923009508349588,0.0005962137347160281,0.24848972796462476,16,"[1, 2, 4, 8, 16, 16, 16, 16, 16, 8, 4, 2, 1]",2728,1.028973059049726e-06,2.6234061977548338e-05,1e-12
e7e2a0280f1c4fe8312d09d4fb444bcb63e23e2edf1212616bc81288a3b851e8,C,hybrid_tdvp,11,rzz,0.05,2,8,6,16,8,23,23,mixed,0.9983364980738482,0.9983364980738482,0.0016635019261518336,0.04078826701234876,0.9999999999999996,0.9999997442069877,0.0019723952974208606,0.0006229862970044582,0.1998388699721545,16,"[1, 2, 4, 8, 16, 16, 16, 16, 16, 8, 4, 2, 1]",2728,5.199721014486467e-07,1.3509428382490927e-05,1e-12
2115745cc2ca565dac0e3cf7b839ef5ad006ca8374a3e7481eab7aaae4667060,C,hybrid_tdvp,11,rzz,0.05,2,8,6,64,1,23,23,mixed,0.9999999995215283,0.9999999995215283,4.784717066996791e-10,2.1811643131933033e-05,0.9999999999999996,0.9999999999986378,8.122213712019599e-07,9.705864431600872e-08,0.32492370798718184,54,"[1, 2, 4, 8, 16, 32, 54, 32, 16, 8, 4, 2, 1]",9640,1.1082119473925714e-13,2.819324488159341e-12,1e-12
b8694b859e6e34378926c68c1db9ccf9a70492033b0f1025ad82196cb804b10d,C,hybrid_tdvp,11,rzz,0.05,2,8,6,64,2,23,23,mixed,0.9999999998697797,0.9999999998697797,1.3022027900433386e-10,1.1215762659823829e-05,0.9999999999999996,0.9999999999977868,4.0263375691157455e-07,4.811054113685503e-08,0.6686272990191355,53,"[1, 2, 4, 8, 16, 32, 53, 32, 16, 8, 4, 2, 1]",9512,2.3448555369890027e-13,4.55695289799799e-12,1e-12
363b0742e828f687f4cb6b0791fc1345d12792f081cd62a618cc3eb9f85f5ba0,C,hybrid_tdvp,11,rzz,0.05,2,8,6,64,4,23,23,mixed,0.9999999999391509,0.9999999999391509,6.084910353365558e-11,7.339054755052534e-06,0.9999999999999996,0.9999999999965057,1.9173907301467397e-07,2.3390281017951804e-08,1.187475725018885,53,"[1, 2, 4, 8, 16, 32, 53, 32, 16, 8, 4, 2, 1]",9512,2.7817962576042275e-13,7.372573149309878e-12,1e-12
7ae14f2c60d0f81e6f9d0f8ab54f9dc32e8793c53e83b4910df8d069645d43c0,C,hybrid_tdvp,11,rzz,0.05,2,8,6,64,8,23,23,mixed,0.9999999999124163,0.9999999999124163,8.75837180558392e-11,8.855696745660621e-06,0.9999999999999996,0.999999999995419,8.286358083725576e-08,1.850069483978901e-08,2.231648802990094,55,"[1, 2, 4, 8, 16, 32, 55, 32, 16, 8, 4, 2, 1]",9768,1.0264045446153515e-13,9.793044242037587e-12,1e-12
dfcdc63237ac361d1846d59768bc29fa40217db8590b6cb115c4e6225e0c509b,C,hybrid_tdvp,11,rzz,0.05,3,9,6,8,1,24,24,commuting,0.9683031174368787,0.9683031174368787,0.03169688256312131,0.1787515510658681,0.9999999999999996,1.0000000000000002,0.024982879408748992,0.006904228654623813,0.01876080996589735,8,"[1, 2, 4, 8, 8, 8, 8, 8, 8, 8, 4, 2, 1]",936,3.219612098937342e-05,0.0010845895370418803,1e-12
f80874e6ced88f8d98e34338d64834a6ea5fd28ad2a9a2231e8c6310114f0ddc,C,hybrid_tdvp,11,rzz,0.05,3,9,6,8,2,24,24,commuting,0.967951389456162,0.967951389456162,0.03204861054383801,0.17974867986050122,0.9999999999999996,0.9999999999999999,0.02550357278391613,0.0069457075266607755,0.49480831500841305,8,"[1, 2, 4, 8, 8, 8, 8, 8, 8, 8, 4, 2, 1]",936,1.6217783910211355e-05,0.0005463222265711901,1e-12
f5f09f63a9e048b538d2f1da921044b2622a88399465c32fff63417e874e96bb,C,hybrid_tdvp,11,rzz,0.05,3,9,6,8,4,24,24,commuting,0.9677732714951571,0.9677732714951571,0.03222672850484287,0.18025159890837053,0.9999999999999996,1.0000000000000007,0.025759585796000684,0.006966785431510989,0.10427785600768402,8,"[1, 2, 4, 8, 8, 8, 8, 8, 8, 8, 4, 2, 1]",936,8.139002111952873e-06,0.00027414128463665245,1e-12
334a32338a466828a358053bc9d1bd4f2f42142273db962bdb6d197385bfe67d,C,hybrid_tdvp,11,rzz,0.05,3,9,6,8,8,24,24,commuting,0.9676836216525393,0.9676836216525393,0.032316378347460706,0.18050421408590145,0.9999999999999996,1.0000000000000002,0.0258865781984694,0.006977432805949796,0.21270336298039183,8,"[1, 2, 4, 8, 8, 8, 8, 8, 8, 8, 4, 2, 1]",936,4.077039995641262e-06,0.00013731254445753199,1e-12
83aa833f237ee2d2374e0653fc92ac7068dd6a87bd149b09e9d944e4239debf1,C,hybrid_tdvp,11,rzz,0.05,3,9,6,16,1,24,24,commuting,0.9993545375524441,0.9993545375524441,0.0006454624475559223,0.02540800339710825,0.9999999999999996,0.9999999999999998,0.0007834446973504217,0.00018671721399836217,0.04590482800267637,16,"[1, 2, 4, 8, 16, 16, 16, 16, 16, 8, 4, 2, 1]",2728,2.599149370051471e-06,3.648325265476202e-05,1e-12
63f2cccb30ca14e6a61de132f11c14031268e01263588a70ff45e7c4e8184064,C,hybrid_tdvp,11,rzz,0.05,3,9,6,16,2,24,24,commuting,0.9993008268750988,0.9993008268750988,0.0006991731249011979,0.026444193661542104,0.9999999999999996,0.9999999999999989,0.0009374563768762001,0.000235883023710945,0.07228808896616101,16,"[1, 2, 4, 8, 16, 16, 16, 16, 16, 8, 4, 2, 1]",2728,1.442386288318486e-06,2.0986311615397035e-05,1e-12
ddc9b2f29a467b06b173f9800e5661d0da83ce738d99053028c784fdb04c3768,C,hybrid_tdvp,11,rzz,0.05,3,9,6,16,4,24,24,commuting,0.9992947778069932,0.9992947778069932,0.0007052221930068381,0.026558361610867002,0.9999999999999996,1.0000000000000002,0.0008827828574349827,0.00023465648201883083,0.15289650694467127,16,"[1, 2, 4, 8, 16, 16, 16, 16, 16, 8, 4, 2, 1]",2728,7.17447013469785e-07,1.1037846272658193e-05,1e-12
3a3774b5229160df2d59fa0ce48ce74491f435397716e4c4ca2059448e55aab1,C,hybrid_tdvp,11,rzz,0.05,3,9,6,16,8,24,24,commuting,0.9993296001748665,0.9993296001748665,0.0006703998251335053,0.02588812645008763,0.9999999999999996,0.999999841434638,0.0007540162803461592,0.00020589146266992474,0.19368639698950574,16,"[1, 2, 4, 8, 16, 16, 16, 16, 16, 8, 4, 2, 1]",2728,3.343964350157577e-07,5.283367304701353e-06,1e-12
9b025c06fd70e54291d23c291be8b6ae29c7a3aa92c21d35b5b944fc738beb7e,C,hybrid_tdvp,11,rzz,0.05,3,9,6,64,1,24,24,commuting,0.9999999999841664,0.9999999999841664,1.5833556687994133e-11,3.853014774575162e-06,0.9999999999999996,0.9999999999995055,4.293540820099473e-08,1.0047048302043093e-08,0.2592380190035328,32,"[1, 2, 4, 8, 16, 32, 32, 32, 16, 8, 4, 2, 1]",6824,5.4221919411048264e-21,9.785157968756826e-13,1e-12
ba7cc57690ea9041be5e79aff9a7f9c5b3d88c735a8c9e89c4e748d7ff7426b2,C,hybrid_tdvp,11,rzz,0.05,3,9,6,64,2,24,24,commuting,0.9999999998476581,0.9999999998476581,1.5234191685919996e-10,1.219107921261638e-05,0.9999999999999996,0.9999999999981393,3.3608986848426836e-07,4.935104069828994e-08,0.39778193400707096,32,"[1, 2, 4, 8, 16, 32, 32, 32, 16, 8, 4, 2, 1]",6824,7.486733762635584e-19,3.851354443426331e-12,1e-12
df357af8f65d9b7af12f2751e6281efcbe6b1ace05f940415e5528a0798cc92e,C,hybrid_tdvp,11,rzz,0.05,3,9,6,64,4,24,24,commuting,0.999999999238093,0.999999999238093,7.619069819497781e-10,2.7396109577833196e-05,0.9999999999999996,0.9999999999943195,2.1211003499443937e-07,3.7096583353697064e-08,0.22070788900600746,32,"[1, 2, 4, 8, 16, 31, 32, 31, 16, 8, 4, 2, 1]",6632,1.0652152448818976e-12,1.1608405387435601e-11,1e-12
4c896a36ca10f2e266530abb5fa91260d9f7854ccb5c462227eb5db26bfe3742,C,hybrid_tdvp,11,rzz,0.05,3,9,6,64,8,24,24,commuting,0.9999999965573103,0.9999999965573103,3.4426896888817282e-09,5.8454581017191566e-05,0.9999999999999996,0.9999999999871232,4.2740202448043885e-07,6.533572773737402e-08,0.6581962700001895,32,"[1, 2, 4, 8, 16, 31, 32, 30, 16, 8, 4, 2, 1]",6536,1.2084790226908267e-12,2.6421705059238975e-11,1e-12
507a45b7804cd183652e0d0fb9024e26f089815a8825c3a44b86c4f7b3547e53,C,hybrid_tdvp,11,ryy,0.05,3,9,6,8,1,24,24,mixed,0.9574289911212596,0.9574289911212596,0.042571008878740435,0.20744635439440332,0.9999999999999996,1.0000000000000002,0.025896665389755706,0.007941058214110683,0.09167715499643236,8,"[1, 2, 4, 8, 8, 8, 8, 8, 8, 8, 4, 2, 1]",936,3.851487703929545e-05,0.0010955818409889516,1e-12
f3da7db14daa25182625a9e8d92ae2ba522e5922572afc39e58214278ff71b66,C,hybrid_tdvp,11,ryy,0.05,3,9,6,8,2,24,24,mixed,0.9570090753239938,0.9570090753239938,0.04299092467600618,0.20847826464244446,0.9999999999999996,1.0000000000000002,0.02559043880247295,0.008026482788152293,0.0895933720166795,8,"[1, 2, 4, 8, 8, 8, 8, 8, 8, 8, 4, 2, 1]",936,1.9381223473785968e-05,0.0005493798800284743,1e-12
049dfc1779781101e9da5ad862256121258e78c029055cc69615308ad41c1cd6,C,hybrid_tdvp,11,ryy,0.05,3,9,6,8,4,24,24,mixed,0.9568020792419206,0.9568020792419206,0.04319792075807938,0.2089851493193492,0.9999999999999996,0.9999999999999998,0.025447281337575053,0.008068243178392012,0.8599052479839884,8,"[1, 2, 4, 8, 8, 8, 8, 8, 8, 8, 4, 2, 1]",936,9.720273931601454e-06,0.00027510370466630123,1e-12
3f3da748ebd6afab81d8ff975ffc5f9d8bebd94a6795e09ebc49f8f0f9ac96fe,C,hybrid_tdvp,11,ryy,0.05,3,9,6,8,8,24,24,mixed,0.9566993039494965,0.9566993039494965,0.04330069605050346,0.2092363859364103,0.9999999999999996,0.9999999999999997,0.02537813417526119,0.008088884803079227,0.20091627998044714,8,"[1, 2, 4, 8, 8, 8, 8, 8, 8, 8, 4, 2, 1]",936,4.867395040923804e-06,0.00013765764730537568,1e-12
ef0649c1c45e94dca0257ed945dd3d40e48e8a2232eac746a2989777e39e50f8,C,hybrid_tdvp,11,ryy,0.05,3,9,6,16,1,24,24,mixed,0.9982480172237775,0.9982480172237775,0.0017519827762224605,0.04186586688551189,0.9999999999999996,1.0000000000000002,0.002466630599056605,0.0005584744828584288,0.026778751984238625,16,"[1, 2, 4, 8, 16, 16, 16, 16, 16, 8, 4, 2, 1]",2728,5.937571121219012e-06,0.00010054398048762595,1e-12
fa928cdac316e044c271c951d92d049d68cf9d19b4314e6805d89afc7078ff7b,C,hybrid_tdvp,11,ryy,0.05,3,9,6,16,2,24,24,mixed,0.9982334693331768,0.9982334693331768,0.0017665306668231961,0.04203940430503462,0.9999999999999996,0.9999999999999992,0.0018647629350526133,0.0005708803831531437,0.06018298800336197,16,"[1, 2, 4, 8, 16, 16, 16, 16, 16, 8, 4, 2, 1]",2728,2.6365747922178432e-06,5.206990232780113e-05,1e-12
06d1927f856fd26e34251868cd8c94288302d33d3875bf29500d26c0e1216899,C,hybrid_tdvp,11,ryy,0.05,3,9,6,16,4,24,24,mixed,0.998192353942223,0.998192353942223,0.001807646057776946,0.04252603547252943,0.9999999999999996,1.0000000000000007,0.0020041722861365158,0.0006357879617584248,0.07792112702736631,16,"[1, 2, 4, 8, 16, 16, 16, 16, 16, 8, 4, 2, 1]",2728,1.3110735024288706e-06,2.7545135479977214e-05,1e-12
a4087ffde0bf8b4ba3b74e7e46c904c82c95f871b44d4c8a22da80077bfdaf3d,C,hybrid_tdvp,11,ryy,0.05,3,9,6,16,8,24,24,mixed,0.9981708661811676,0.9981708661811676,0.001829133818832429,0.042778160518114706,0.9999999999999996,1.0000000000000009,0.002054032316911314,0.0006663998414349374,0.24410753196571022,16,"[1, 2, 4, 8, 16, 16, 16, 16, 16, 8, 4, 2, 1]",2728,6.601824914046485e-07,1.4169610873895575e-05,1e-12
4ed4d81e8a88c5c05a4ea262e62a7cab2e3289a28b9cca48fe8884739f9b305d,C,hybrid_tdvp,11,ryy,0.05,3,9,6,64,1,24,24,mixed,0.9999999995207072,0.9999999995207072,4.792928276486919e-10,2.1826088233919493e-05,0.9999999999999996,0.9999999999985418,8.122213703137815e-07,9.716277992206041e-08,0.4187052519991994,57,"[1, 2, 4, 8, 16, 32, 57, 32, 16, 8, 4, 2, 1]",10024,1.9092647872405619e-13,3.010250966883397e-12,1e-12
2f89023850a68f1aacbf5023882ee0cb843c31b5ace4887cd90462e462ea14ea,C,hybrid_tdvp,11,ryy,0.05,3,9,6,64,2,24,24,mixed,0.9999999998690243,0.9999999998690243,1.3097567475028882e-10,1.1243707813494015e-05,0.9999999999999996,0.9999999999977215,4.026337672366487e-07,4.816145144135623e-08,0.7000989969819784,57,"[1, 2, 4, 8, 16, 32, 57, 32, 16, 8, 4, 2, 1]",10024,1.474639751003592e-13,4.70441687309835e-12,1e-12
ec2a9662d5aa36a64cb762416a7a37c0745060f339fe7d7ce88e2203ff8ac9f7,C,hybrid_tdvp,11,ryy,0.05,3,9,6,64,4,24,24,mixed,0.9999999999373035,0.9999999999373035,6.269651464663184e-11,7.452543602407329e-06,0.9999999999999996,0.9999999999964221,1.9173909284603274e-07,2.3551031707722785e-08,1.2496866259607486,56,"[1, 2, 4, 8, 16, 32, 56, 32, 16, 8, 4, 2, 1]",9896,1.8610435147174732e-13,7.558677500781626e-12,1e-12
1f131b942838e945bed5d34cb76a6cdf7de554a7fc66a88d62a90518fb010cdc,C,hybrid_tdvp,11,ryy,0.05,3,9,6,64,8,24,24,mixed,0.9999999999083102,0.9999999999083102,9.168976689011288e-11,9.067743716140057e-06,0.9999999999999996,0.9999999999952659,8.286355162451242e-08,1.9086762664756133e-08,2.157743110030424,55,"[1, 2, 4, 8, 16, 32, 55, 32, 16, 8, 4, 2, 1]",9768,2.9590855501535864e-13,1.0088952797052947e-11,1e-12
3344ddf88eebd94769abd7fc2393a2a473ef50c9e1fead2cd90bc1ff89e64b5b,C,hybrid_tdvp,11,rzz,0.05,2,9,7,8,1,25,25,commuting,0.9667852393154186,0.9667852393154186,0.0332147606845814,0.1830170580005692,0.9999999999999996,0.9999999999999996,0.027793740482957796,0.0071419225134916955,0.1012734419782646,8,"[1, 2, 4, 8, 8, 8, 8, 8, 8, 8, 4, 2, 1]",936,3.15332508234255e-05,0.0011161227878653055,1e-12
2810a9c84cfd12733e9be2196b9d6c0b69cce2749d3b9087d169fbfe28f2a6d0,C,hybrid_tdvp,11,rzz,0.05,2,9,7,8,2,25,25,commuting,0.9664061641866568,0.9664061641866568,0.03359383581334319,0.18406741479395405,0.9999999999999996,0.9999999999999997,0.02840901531825568,0.007190686569936063,0.2996943069738336,8,"[1, 2, 4, 8, 8, 8, 8, 8, 8, 8, 4, 2, 1]",936,1.607700619508814e-05,0.0005623992327662785,1e-12
915b475515973b1e0140e540b4fca56bab402f0702f5c1a7d8099eb9e72eb1b0,C,hybrid_tdvp,11,rzz,0.05,2,9,7,8,4,25,25,commuting,0.9662140448012324,0.9662140448012324,0.03378595519876759,0.1845975431921876,0.9999999999999996,1.0000000000000004,0.02871213614261614,0.007215450928906658,0.31617880903650075,8,"[1, 2, 4, 8, 8, 8, 8, 8, 8, 8, 4, 2, 1]",936,8.116895976125195e-06,0.00028225818061277774,1e-12
30b24e06910b2830676b57a54d0403fd8b5274d9bd56a3b98d69ac17465d03db,C,hybrid_tdvp,11,rzz,0.05,2,9,7,8,8,25,25,commuting,0.966117304796671,0.966117304796671,0.03388269520332898,0.18486392903792415,0.9999999999999996,1.0000000000000002,0.02886264760578494,0.007227953182810554,0.18870995799079537,8,"[1, 2, 4, 8, 8, 8, 8, 8, 8, 8, 4, 2, 1]",936,4.078150381836527e-06,0.00014139069483936847,1e-12
8b26df17e08bfcbdec84dc25fd84e53241c2d19246c63a7e59a110384611c2ab,C,hybrid_tdvp,11,rzz,0.05,2,9,7,16,1,25,25,commuting,0.9993637988177314,0.9993637988177314,0.000636201182268592,0.02522503523200706,0.9999999999999996,0.9999999999999999,0.0007334320607806921,0.00018560335440814463,0.04161152301821858,16,"[1, 2, 4, 8, 16, 16, 16, 16, 16, 8, 4, 2, 1]",2728,8.40891782448107e-07,3.732414443721012e-05,1e-12
52a5f0eb4db461f5258afe725bf3657cc5e045667c0ee3cb9ef59f956006aea0,C,hybrid_tdvp,11,rzz,0.05,2,9,7,16,2,25,25,commuting,0.9993136362590508,0.9993136362590508,0.000686363740949214,0.026192579464340084,0.9999999999999996,0.9999997848318831,0.0008729975061088635,0.00023281687411248463,0.10245792695786804,16,"[1, 2, 4, 8, 16, 16, 16, 16, 16, 8, 4, 2, 1]",2728,4.384997183963301e-07,2.142481133379336e-05,1e-12
b544918a153914146682f98cea3f735aea6a55f0ca8ca771cd08486c05f18a04,C,hybrid_tdvp,11,rzz,0.05,2,9,7,16,4,25,25,commuting,0.9993081663031085,0.9993081663031085,0.0006918336968915195,0.0263008310990863,0.9999999999999996,0.9999998901598615,0.0008292574685305754,0.000231193513843522,0.2571858750307001,16,"[1, 2, 4, 8, 16, 16, 16, 16, 16, 8, 4, 2, 1]",2728,2.2439860854999861e-07,1.1262244881208195e-05,1e-12
47ccc196268d52c32c32cce43f2a634789fcb2084396859867989f3a8e248cc6,C,hybrid_tdvp,11,rzz,0.05,2,9,7,16,8,25,25,commuting,0.9993406934611739,0.9993406934611739,0.0006593065388260655,0.025670810065413413,0.9999999999999996,0.9999997876217132,0.0007055314920025868,0.00020320231276972815,0.2224127139779739,16,"[1, 2, 4, 8, 16, 16, 16, 16, 16, 8, 4, 2, 1]",2728,1.0997038851336208e-07,5.3933376932147135e-06,1e-12
ed2457881d14e56634364db6125aa52dbd745ec7d0348b89253d0f971f8f5ac2,C,hybrid_tdvp,11,rzz,0.05,2,9,7,64,1,25,25,commuting,0.999999999984174,0.999999999984174,1.582600717142668e-11,3.853014777259552e-06,0.9999999999999996,0.9999999999995092,4.2935406112387664e-08,1.0056976359124871e-08,0.341971346992068,32,"[1, 2, 4, 8, 16, 32, 32, 32, 16, 8, 4, 2, 1]",6824,8.81251424194883e-22,9.785157977569341e-13,1e-12
b5c8fe55c7ec173c90668d0011ea5091e6c43775fdae0adc40195ee91808fdd8,C,hybrid_tdvp,11,rzz,0.05,2,9,7,64,2,25,25,commuting,0.9999999998476681,0.9999999998476681,1.5233192485197833e-10,1.2191079442204114e-05,0.9999999999999996,0.999999999998145,3.8292040172721586e-07,5.418351399275985e-08,0.45471829699818045,32,"[1, 2, 4, 8, 16, 32, 32, 32, 16, 8, 4, 2, 1]",6824,1.1289692079791932e-19,3.851354556323252e-12,1e-12
01dd6ef2771ba52c39575e6acb108f258d0e36976bc511785809cb958a7a3bbd,C,hybrid_tdvp,11,rzz,0.05,2,9,7,64,4,25,25,commuting,0.9999999992385118,0.9999999992385118,7.614882058248895e-10,2.7388842411055012e-05,0.9999999999999996,0.9999999999943301,2.3865488293223214e-07,3.9257779895166096e-08,0.30015299801016226,32,"[1, 2, 4, 8, 16, 31, 32, 31, 16, 8, 4, 2, 1]",6632,4.64801340532273e-17,1.1608451867569653e-11,1e-12
5f32eec2ef365fe2ae79dbb28613a317292029dfcfbd7ce6d279b167316ba193,C,hybrid_tdvp,11,rzz,0.05,2,9,7,64,8,25,25,commuting,0.9999999965490685,0.9999999965490685,3.4509315405273355e-09,5.852520271920254e-05,0.9999999999999996,0.9999999999871332,4.287004705810782e-07,6.544856038465627e-08,0.8781052189879119,32,"[1, 2, 4, 8, 16, 31, 32, 30, 16, 8, 4, 2, 1]",6536,5.218238825121794e-15,2.64269232980641e-11,1e-12
31155fdd2b27e7ece809b2b4bc71a393dddb336a57eba2f0b507618e55cec2bd,C,hybrid_tdvp,11,rxx,0.05,2,9,7,8,1,25,25,mixed,0.9541072707088993,0.9541072707088993,0.045892729291100665,0.21548017333560146,0.9999999999999996,0.9999999999999998,0.02585616948450547,0.008234715643892809,0.04804967902600765,8,"[1, 2, 4, 8, 8, 8, 8, 8, 8, 8, 4, 2, 1]",936,4.30851238623331e-05,0.0011386669648512848,1e-12
c41becab921118e7acae1fd3e787744daa7b2382d35e35b7c46e453a4bdde42d,C,hybrid_tdvp,11,rxx,0.05,2,9,7,8,2,25,25,mixed,0.9536570252973563,0.9536570252973563,0.0463429747026437,0.21654723774679324,0.9999999999999996,1.0000000000000004,0.025535097118251325,0.00832482596675497,0.5264382199966349,8,"[1, 2, 4, 8, 8, 8, 8, 8, 8, 8, 4, 2, 1]",936,2.1583324172638995e-05,0.0005709632042011136,1e-12
2f53179323388f2fa33c7be7d1a7e84d57f4bce70a31caca0455c433956d1006,C,hybrid_tdvp,11,rxx,0.05,2,9,7,8,4,25,25,mixed,0.9534350244344664,0.9534350244344664,0.04656497556553363,0.21707153279927036,0.9999999999999996,1.0,0.02538462563908226,0.008368873359563036,0.06809253600658849,8,"[1, 2, 4, 8, 8, 8, 8, 8, 8, 8, 4, 2, 1]",936,1.0799882385426287e-05,0.0002859035870517275,1e-12
3a0d555ab53d4ad5e04536fdc5c1570e5f04c794c64a37bafa5d554e31ebb918,C,hybrid_tdvp,11,rxx,0.05,2,9,7,8,8,25,25,mixed,0.953324785242723,0.953324785242723,0.046675214757276984,0.21733143516935036,0.9999999999999996,1.0000000000000002,0.025311855981114552,0.008390645249008568,0.16260772902751341,8,"[1, 2, 4, 8, 8, 8, 8, 8, 8, 8, 4, 2, 1]",936,5.401769211026032e-06,0.0001430594165164017,1e-12
8b90cba7ae405827b61ba7b77dc31bfc6c9c03dc9d7b008a8e4da71011fb4d7a,C,hybrid_tdvp,11,rxx,0.05,2,9,7,16,1,25,25,mixed,0.9981436889278531,0.9981436889278531,0.001856311072146899,0.04309493410317135,0.9999999999999996,1.0000000000000007,0.002541076838597299,0.0005843703127685107,0.09620829101186246,16,"[1, 2, 4, 8, 16, 16, 16, 16, 16, 8, 4, 2, 1]",2728,4.511521371877727e-06,0.00010505550185950369,1e-12
8df006699ea0f4e87cf89da0c8fbb2612caf651e5ce20862e7a233f65c36c5f2,C,hybrid_tdvp,11,rxx,0.05,2,9,7,16,2,25,25,mixed,0.9981153941196746,0.9981153941196746,0.0018846058803253518,0.043422282906912295,0.9999999999999996,1.0000000000000004,0.0019259397243277022,0.0005927080879577534,0.13703045004513115,16,"[1, 2, 4, 8, 16, 16, 16, 16, 16, 8, 4, 2, 1]",2728,2.3072437086066927e-06,5.4377146036407825e-05,1e-12
ea76a49f4d7b3acff0fa25a00e40f2e9c0868b3f6770d176a2c539a04eaea196,C,hybrid_tdvp,11,rxx,0.05,2,9,7,16,4,25,25,mixed,0.998074285008955,0.998074285008955,0.0019257149910449911,0.04389354143081719,0.9999999999999996,1.0000000000000009,0.0019182555469542603,0.0006545336598557223,0.15745936299208552,16,"[1, 2, 4, 8, 16, 16, 16, 16, 16, 8, 4, 2, 1]",2728,1.1224015822083024e-06,2.8667537062185518e-05,1e-12
4d50b65c323e6fafec2448f9365e7008772d4488c57a367069ccdf0c28a4ac9a,C,hybrid_tdvp,11,rxx,0.05,2,9,7,16,8,25,25,mixed,0.9980531450691292,0.9980531450691292,0.0019468549308707672,0.04412788910974502,0.9999999999999996,0.9999997335909016,0.001997467212923265,0.0006836154065651835,0.2026095730252564,16,"[1, 2, 4, 8, 16, 16, 16, 16, 16, 8, 4, 2, 1]",2728,5.523480721894583e-07,1.4721958946085033e-05,1e-12
a4599636540f1ac2fab8c9b66df893f213502021fd69b81a682d3cf150ea88f2,C,hybrid_tdvp,11,rxx,0.05,2,9,7,64,1,25,25,mixed,0.9999999995207318,0.9999999995207318,4.792681806975452e-10,2.182262597350856e-05,0.9999999999999996,0.9999999999984792,9.128849033854247e-07,1.0813280809422795e-07,0.36392708000494167,52,"[1, 2, 4, 8, 16, 32, 52, 32, 16, 8, 4, 2, 1]",9384,1.2974765639305268e-13,3.1399986232764496e-12,1e-12
3f435d6fd57a36b93f3a46ef76ad5a446aac9a6de659e1a58b65feed7633f73f,C,hybrid_tdvp,11,rxx,0.05,2,9,7,64,2,25,25,mixed,0.9999999998692064,0.9999999998692064,1.307935981742503e-10,1.1227676863171165e-05,0.9999999999999996,0.9999999999976326,4.51732942323424e-07,5.3518298194852484e-08,0.7306203239713795,53,"[1, 2, 4, 8, 16, 32, 53, 32, 16, 8, 4, 2, 1]",9512,1.8383998683672375e-13,4.888256859935073e-12,1e-12
f3102cb6ce4ee7f41ac0d9b096146a473bebd160e6d69fb8451ef252b39bbe5f,C,hybrid_tdvp,11,rxx,0.05,2,9,7,64,4,25,25,mixed,0.9999999999382574,0.9999999999382574,6.17426110238739e-11,7.373981348493043e-06,0.9999999999999996,0.9999999999963166,2.1609811068357132e-07,2.6124495073232843e-08,1.2556808979716152,54,"[1, 2, 4, 8, 16, 32, 54, 32, 16, 8, 4, 2, 1]",9640,2.2810010662238846e-13,7.786777607404014e-12,1e-12
9057852c21619724c778074a0f90db1624379a64adcfb0cfe0d9e1a7035dc949,C,hybrid_tdvp,11,rxx,0.05,2,9,7,64,8,25,25,mixed,0.9999999999103804,0.9999999999103804,8.961964503839681e-11,8.942510160407656e-06,0.9999999999999996,0.9999999999951745,9.009009960259107e-08,1.9551248548683403e-08,2.2015580920269713,55,"[1, 2, 4, 8, 16, 32, 55, 32, 16, 8, 4, 2, 1]",9768,2.5195358031353047e-13,1.0340906377366479e-11,1e-12
8da3eaf4b367634f26ebcc488d1be191a439a37351895409b57218c3e64a9bdf,C,hybrid_tdvp,11,rzz,0.05,2,8,6,8,1,26,26,commuting,0.9643510181032268,0.9643510181032268,0.035648981896773235,0.189664142233857,0.9999999999999996,0.9999999999999994,0.02790152006237645,0.007739089629705753,0.06894075602758676,8,"[1, 2, 4, 8, 8, 8, 8, 8, 8, 8, 4, 2, 1]",936,3.483585566186239e-05,0.001150958643527168,1e-12
7d1de3fdb5bd8755f65b579990dc02dbb7b9ac5402fc2c8310a01978a30ced72,C,hybrid_tdvp,11,rzz,0.05,2,8,6,8,2,26,26,commuting,0.9639531570216339,0.9639531570216339,0.036046842978366134,0.19072932868621076,0.9999999999999996,1.0000000000000002,0.02850532056370647,0.007795778862222515,0.7858205439988524,8,"[1, 2, 4, 8, 8, 8, 8, 8, 8, 8, 4, 2, 1]",936,1.76621979812574e-05,0.0005800614307475357,1e-12
008f46af8d64732aa8d592e7d99bf53d8a498246662c4d9c5d9ca210c64c155e,C,hybrid_tdvp,11,rzz,0.05,2,8,6,8,4,26,26,commuting,0.9637513667900045,0.9637513667900045,0.036248633209995496,0.19126739433501283,0.9999999999999996,1.0000000000000004,0.028802651451894645,0.007824310935920216,0.07302259298739955,8,"[1, 2, 4, 8, 8, 8, 8, 8, 8, 8, 4, 2, 1]",936,8.891870354938496e-06,0.00029115005096771627,1e-12
ab8cbc516654df58164e33db2e73236090aaf7a913d09e2efcdfdd88ff5722f6,C,hybrid_tdvp,11,rzz,0.05,2,8,6,8,8,26,26,commuting,0.9636497173831888,0.9636497173831888,0.03635028261681117,0.19153788723871584,0.9999999999999996,1.0000000000000004,0.028950257387457823,0.007838653903042543,0.1652884290087968,8,"[1, 2, 4, 8, 8, 8, 8, 8, 8, 8, 4, 2, 1]",936,4.4611000364342205e-06,0.0001458517948758026,1e-12
13ae316e4fffb62c83fdd10d6630997c68357149f1018035a30ed91ed15f91d3,C,hybrid_tdvp,11,rzz,0.05,2,8,6,16,1,26,26,commuting,0.9992795081220373,0.9992795081220373,0.0007204918779627478,0.02684439796068501,0.9999999999999996,0.9999999999999986,0.0007935450994493443,0.00019606060311999445,0.04518962500151247,16,"[1, 2, 4, 8, 16, 16, 16, 16, 16, 8, 4, 2, 1]",2728,1.9348204995788335e-06,3.9258964936788956e-05,1e-12
ed05043d4372ff69a86c7acfd248cfb6e970464a837f369f0177e57450bc5171,C,hybrid_tdvp,11,rzz,0.05,2,8,6,16,2,26,26,commuting,0.9992255904000678,0.9992255904000678,0.0007744095999322465,0.027830910613394166,0.9999999999999996,0.9999999999999998,0.0009486566786486295,0.0002479284140035813,0.06844279001234099,16,"[1, 2, 4, 8, 16, 16, 16, 16, 16, 8, 4, 2, 1]",2728,1.0374871056457389e-06,2.24622984394391e-05,1e-12
a7a6d2ea1b7f651dc65e49edf0b42a011cbafcacb30870d3c0aa05f19b49ff6e,C,hybrid_tdvp,11,rzz,0.05,2,8,6,16,4,26,26,commuting,0.999220965455838,0.999220965455838,0.0007790345441619495,0.027913909203050036,0.9999999999999996,0.9999999999999996,0.0008905259502526852,0.00024670168117760553,0.08762584900250658,16,"[1, 2, 4, 8, 16, 16, 16, 16, 16, 8, 4, 2, 1]",2728,5.200753115798488e-07,1.1782320192788047e-05,1e-12
9c5d44bacde128ce97dfa2d017720e65db678fae7e27e8384833f073d9de12a3,C,hybrid_tdvp,11,rzz,0.05,2,8,6,16,8,26,26,commuting,0.9992586680850244,0.9992586680850244,0.000741331914975607,0.027229934982989732,0.9999999999999996,1.0,0.0007572640450670964,0.00021383847109000373,0.19137691799551249,16,"[1, 2, 4, 8, 16, 16, 16, 16, 16, 8, 4, 2, 1]",2728,2.4502989324193453e-07,5.638367586456648e-06,1e-12
188a7f8b74ca3cc5d71b5181c70c4aaef05d2d5aec21c58a7962fd36b665ba82,C,hybrid_tdvp,11,rzz,0.05,2,8,6,64,1,26,26,commuting,0.9999999999841753,0.9999999999841753,1.582467490379713e-11,3.853014790470071e-06,0.9999999999999996,0.9999999999995102,4.2935414536204863e-08,1.0003052683678003e-08,0.2095046479953453,32,"[1, 2, 4, 8, 16, 32, 32, 32, 16, 8, 4, 2, 1]",6824,4.049244767129672e-21,9.78515801806179e-13,1e-12
7ca30ba4604b8978b293ec01bf43e375472d7295fa9e0d4075675f9d4cd37dbf,C,hybrid_tdvp,11,rzz,0.05,2,8,6,64,2,26,26,commuting,0.9999999998476736,0.9999999998476736,1.523263737368552e-10,1.2191080626229108e-05,0.9999999999999996,0.999999999998147,3.820991065356383e-07,5.3940082151348586e-08,0.43440433603245765,32,"[1, 2, 4, 8, 16, 32, 32, 32, 16, 8, 4, 2, 1]",6824,5.237975716865853e-19,3.851355080120824e-12,1e-12
20c31df95b9b4bb60b05353e6e267966f961a07847fc0940a03faea679d5c10a,C,hybrid_tdvp,11,rzz,0.05,2,8,6,64,4,26,26,commuting,0.9999999990957511,0.9999999990957511,9.042488979815744e-10,2.9864591505116034e-05,0.9999999999999996,0.9999999999938218,2.4466488891816685e-07,4.052993489755974e-08,0.17968060198472813,32,"[1, 2, 4, 8, 16, 31, 32, 31, 16, 8, 4, 2, 1]",6632,1.0374714892171493e-12,1.2645923356786802e-11,1e-12
240e002e4ad8d6566e289ab744dd02e425b571f7a69822d59ee9e1d29ff43fdb,C,hybrid_tdvp,11,rzz,0.05,2,8,6,64,8,26,26,commuting,0.9999999962133577,0.9999999962133577,3.786642333025725e-09,6.131642830535561e-05,0.9999999999999996,0.9999999999865304,4.5200554192603715e-07,6.844196822356774e-08,0.37834740098332986,32,"[1, 2, 4, 8, 16, 31, 32, 30, 16, 8, 4, 2, 1]",6536,1.2434680588972769e-12,2.7670391356961366e-11,1e-12
ef2e38e9fb7339e78b6d59a5be0782ecb47dd3c72b412a5658e73bcdd942a001,C,hybrid_tdvp,11,rzz,0.05,2,8,6,8,1,26,26,mixed,0.9510519609730695,0.9510519609730695,0.04894803902693046,0.2226255611310081,0.9999999999999996,0.9999999999999997,0.027427721929662353,0.008967114286041668,0.09079453797312453,8,"[1, 2, 4, 8, 8, 8, 8, 8, 8, 8, 4, 2, 1]",936,3.99858123696355e-05,0.00117865277722092,1e-12
e029b369fc6f90108c66605d483a626ca93a595be79cee954bb09eb00c750668,C,hybrid_tdvp,11,rzz,0.05,2,8,6,8,2,26,26,mixed,0.9505399444602698,0.9505399444602698,0.04946005553973021,0.22380178373378937,0.9999999999999996,1.0000000000000002,0.027109790723473064,0.009071875430387342,0.049604872008785605,8,"[1, 2, 4, 8, 8, 8, 8, 8, 8, 8, 4, 2, 1]",936,2.026042300672214e-05,0.0005912236272078355,1e-12
9e8ac70181945e1e35e7293a4e8b8deecc152156c189c680120ae9a739532fe2,C,hybrid_tdvp,11,rzz,0.05,2,8,6,8,4,26,26,mixed,0.9502864526697863,0.9502864526697863,0.049713547330213714,0.22438194880870158,0.9999999999999996,1.0000000000000004,0.026959699330912426,0.009123138615331448,0.32498514495091513,8,"[1, 2, 4, 8, 8, 8, 8, 8, 8, 8, 4, 2, 1]",936,1.0196326751639206e-05,0.0002960999138033667,1e-12
4e8bea4104413f3063aef91215d8727a267e5829e1e6dee848269cf3e217ee93,C,hybrid_tdvp,11,rzz,0.05,2,8,6,8,8,26,26,mixed,0.950160321709915,0.950160321709915,0.049839678290084954,0.22467009452430148,0.9999999999999996,1.0000000000000004,0.026886833176642776,0.00914849195755423,0.22790857299696654,8,"[1, 2, 4, 8, 8, 8, 8, 8, 8, 8, 4, 2, 1]",936,5.114614986636225e-06,0.00014817403150303788,1e-12
9e17a1d37d185750cd9413faadb8375948ffc5056c584ceff7f95097695e1d8f,C,hybrid_tdvp,11,rzz,0.05,2,8,6,16,1,26,26,mixed,0.9979779273048871,0.9979779273048871,0.0020220726951128976,0.044978838628776996,0.9999999999999996,1.0,0.0026630082120043842,0.0006184270858086342,0.07662750303279608,16,"[1, 2, 4, 8, 16, 16, 16, 16, 16, 8, 4, 2, 1]",2728,4.66078229189173e-06,0.00010971628415139541,1e-12
d41b48c27e51d25a59df2de1d29baf73f0251366c4d909045cb48f60c87973d0,C,hybrid_tdvp,11,rzz,0.05,2,8,6,16,2,26,26,mixed,0.9979582183681134,0.9979582183681134,0.002041781631886619,0.045197620681809,0.9999999999999996,1.0000000000000018,0.002054906176310442,0.0006255792036095689,0.08229328400921077,16,"[1, 2, 4, 8, 16, 16, 16, 16, 16, 8, 4, 2, 1]",2728,2.196564599416771e-06,5.65737106358246e-05,1e-12
d1a5716b7feccead4d63eba6d7bcddbb016aa62d5806104b28dc24edf5860c5d,C,hybrid_tdvp,11,rzz,0.05,2,8,6,16,4,26,26,mixed,0.9979157740129949,0.9979157740129949,0.002084225987005084,0.04566522878195325,0.9999999999999996,1.0000000000000002,0.0022017000303430623,0.0006870509217393847,0.15379293396836147,16,"[1, 2, 4, 8, 16, 16, 16, 16, 16, 8, 4, 2, 1]",2728,1.096754083643286e-06,2.9764291145828798e-05,1e-12
b09c737a20f0a5a62032329b9f346b630b4808d121a96c09c83f76caff80d43d,C,hybrid_tdvp,11,rzz,0.05,2,8,6,16,8,26,26,mixed,0.9978937608499223,0.9978937608499223,0.0021062391500776823,0.0459058752278212,0.9999999999999996,1.000000000000001,0.002266977402794995,0.000717011443667199,0.4591845970135182,16,"[1, 2, 4, 8, 16, 16, 16, 16, 16, 8, 4, 2, 1]",2728,5.526607097858794e-07,1.527461965587092e-05,1e-12
e21c0f6c35ac870a09915103c25ec94ad4fa945e009226fb369362d18dde6b19,C,hybrid_tdvp,11,rzz,0.05,2,8,6,64,1,26,26,mixed,0.9999999995203135,0.9999999995203135,4.796865127332239e-10,2.1829034633716868e-05,0.9999999999999996,0.9999999999984083,8.963882888457508e-07,1.0672257125397983e-07,0.3215413300204091,54,"[1, 2, 4, 8, 16, 32, 54, 32, 16, 8, 4, 2, 1]",9640,1.45597828898705e-13,3.2855964521751546e-12,1e-12
e9ccf06e493fb21e8519d6c68b869638f9487d66635a484146ff927a0590924e,C,hybrid_tdvp,11,rzz,0.05,2,8,6,64,2,26,26,mixed,0.9999999998683009,0.9999999998683009,1.3169909607313457e-10,1.1257851587056186e-05,0.9999999999999996,0.9999999999975194,4.4264389016668293e-07,5.272672384059537e-08,0.6355482970247976,53,"[1, 2, 4, 8, 16, 32, 53, 32, 16, 8, 4, 2, 1]",9512,2.2928424397588704e-13,5.11754110391096e-12,1e-12
a26006f23d6fc9571047bd077890d6f6241ffc3c6f436cf9bef41d673af8c2e1,C,hybrid_tdvp,11,rzz,0.05,2,8,6,64,4,26,26,mixed,0.9999999999373581,0.9999999999373581,6.264189167382028e-11,7.422469551175897e-06,0.9999999999999996,0.9999999999962248,2.1031481303723787e-07,2.559012490389524e-08,1.1235753419459797,54,"[1, 2, 4, 8, 16, 32, 54, 32, 16, 8, 4, 2, 1]",9640,1.8804657619914487e-13,7.974824183603158e-12,1e-12
c2299506d39604f561fe9ef1d056a997eaf32f2e0387fb776fa2d14f1dd40aa4,C,hybrid_tdvp,11,rzz,0.05,2,8,6,64,8,26,26,mixed,0.9999999999093832,0.9999999999093832,9.061684735911513e-11,8.989331949363005e-06,0.9999999999999996,0.9999999999950963,8.787433167928294e-08,1.9304173367514236e-08,2.315162662009243,55,"[1, 2, 4, 8, 16, 32, 55, 32, 16, 8, 4, 2, 1]",9768,1.7310287454953234e-13,1.051400925191601e-11,1e-12
0b1d0a689e74f0319307066245232b04bdc13f5d4fd198809cc73d1bae6913dd,C,hybrid_tdvp,11,rzz,0.05,3,9,6,8,1,27,27,commuting,0.9623797364004366,0.9623797364004366,0.037620263599563386,0.19488689234033857,0.9999999999999996,1.0000000000000007,0.028990282461027306,0.007988622679834528,0.0692397549864836,8,"[1, 2, 4, 8, 8, 8, 8, 8, 8, 8, 4, 2, 1]",936,3.103204451936537e-05,0.0011819906880465333,1e-12
00611bac8d789b53f0a18a8392a4f1ecb98c6249d2979d96dce2beaddbd0c105,C,hybrid_tdvp,11,rzz,0.05,3,9,6,8,2,27,27,commuting,0.9619715989771317,0.9619715989771317,0.03802840102286831,0.19595148149651112,0.9999999999999996,1.0000000000000002,0.029610519183407735,0.008045448655570081,0.04990844096755609,8,"[1, 2, 4, 8, 8, 8, 8, 8, 8, 8, 4, 2, 1]",936,1.5627808832247603e-05,0.0005956892395797834,1e-12
68c3f5934576aa47f80133889eee918afa96f3cdbf6a9407279e97a06bda852b,C,hybrid_tdvp,11,rzz,0.05,3,9,6,8,4,27,27,commuting,0.9617644042327189,0.9617644042327189,0.03823559576728108,0.19648980866971352,0.9999999999999996,0.9999999999999999,0.029916407701059633,0.00807408624819968,0.12018138798885047,8,"[1, 2, 4, 8, 8, 8, 8, 8, 8, 8, 4, 2, 1]",936,7.842041988652134e-06,0.00029899209295636823,1e-12
1b9e55afa62694e5e182764d826a9557bf8b2ddbac37cb1857d7b68ba3b9ac84,C,hybrid_tdvp,11,rzz,0.05,3,9,6,8,8,27,27,commuting,0.9616599917760787,0.9616599917760787,0.03834000822392125,0.19676055377904575,0.9999999999999996,0.9999999999999991,0.030068369086402313,0.008088488902409324,0.20007512299343944,8,"[1, 2, 4, 8, 8, 8, 8, 8, 8, 8, 4, 2, 1]",936,3.92806604705464e-06,0.00014977986092285729,1e-12
f528c82226e85095232360cad6b56a69387edfb2625339db0b3058e30598007b,C,hybrid_tdvp,11,rzz,0.05,3,9,6,16,1,27,27,commuting,0.9991629028416501,0.9991629028416501,0.0008370971583498976,0.02893565991342454,0.9999999999999996,1.0000000000000007,0.0008692958950871632,0.0002176737138200276,0.08327210496645421,16,"[1, 2, 4, 8, 16, 16, 16, 16, 16, 8, 4, 2, 1]",2728,2.6623618023491367e-06,4.1921326739138086e-05,1e-12
1b5664abe7ff76a286549faaffc2bc0161d1e72768f8e400125df0e0abb4827e,C,hybrid_tdvp,11,rzz,0.05,3,9,6,16,2,27,27,commuting,0.9990986327637726,0.9990986327637726,0.0009013672362273573,0.030026162651019563,0.9999999999999996,1.0000000000000004,0.0010400414349734377,0.00027428792476969725,0.059829876001458615,16,"[1, 2, 4, 8, 16, 16, 16, 16, 16, 8, 4, 2, 1]",2728,1.4545095720359803e-06,2.3916808011475077e-05,1e-12
9a64f46dae3ca3e408aea2293fd932a98be78fa2baa314e91c65a2ff63f0b7b6,C,hybrid_tdvp,11,rzz,0.05,3,9,6,16,4,27,27,commuting,0.9990948738772549,0.9990948738772549,0.0009051261227450702,0.03008871929501007,0.9999999999999996,1.0000000000000009,0.0009792192197702332,0.0002714916918617208,0.1397551639820449,16,"[1, 2, 4, 8, 16, 16, 16, 16, 16, 8, 4, 2, 1]",2728,7.230298509424542e-07,1.25053500437305e-05,1e-12
47e5443bf5a8f4b041f9962a25cea6cb205d5c770daf61e419f5ac5b78e2485b,C,hybrid_tdvp,11,rzz,0.05,3,9,6,16,8,27,27,commuting,0.9991398100473299,0.9991398100473299,0.0008601899526701207,0.029326642629989366,0.9999999999999996,0.9999998384769789,0.0008297702100736326,0.0002351086575147595,0.22873126401100308,16,"[1, 2, 4, 8, 16, 16, 16, 16, 16, 8, 4, 2, 1]",2728,3.398297217239948e-07,5.978197308180643e-06,1e-12
2da72adc2e9f1830a407930510ae2774b82f6bc5af2ec8ab179275821ecddcb2,C,hybrid_tdvp,11,rzz,0.05,3,9,6,64,1,27,27,commuting,0.9999999999841851,0.9999999999841851,1.581490494118043e-11,3.85301479949497e-06,0.9999999999999996,0.9999999999995136,4.785592139233685e-08,1.0509517837651281e-08,0.2430001879693009,32,"[1, 2, 4, 8, 16, 32, 32, 32, 16, 8, 4, 2, 1]",6824,2.4689329285959414e-21,9.785158042751119e-13,1e-12
28545732e68103c36990b28d7b2f665d99ff0bdf45e292124221e833064421d5,C,hybrid_tdvp,11,rzz,0.05,3,9,6,64,2,27,27,commuting,0.9999999998476823,0.9999999998476823,1.5231771399726313e-10,1.219108144531456e-05,0.9999999999999996,0.999999999998152,3.820991062580825e-07,5.433034568113125e-08,0.4164023860357702,32,"[1, 2, 4, 8, 16, 32, 32, 32, 16, 8, 4, 2, 1]",6824,3.4439279177060175e-19,3.851355424513616e-12,1e-12
6f2fe77759e67c641829f2f2f968361a2b555957e8fcd7b7a1c9a127a72553c7,C,hybrid_tdvp,11,rzz,0.05,3,9,6,64,4,27,27,commuting,0.9999999990375059,0.9999999990375059,9.624940844332741e-10,3.081773465096206e-05,0.9999999999999996,0.9999999999936187,2.446648771220472e-07,4.1066295264891915e-08,0.37757441302528605,32,"[1, 2, 4, 8, 16, 31, 32, 32, 16, 8, 4, 2, 1]",6728,4.2443912517300945e-13,1.307036248195981e-11,1e-12
ea8014dbcfd3a5b9d6605517136b67b8c2deb62a2569a085af61aad875270a42,C,hybrid_tdvp,11,rzz,0.05,3,9,6,64,8,27,27,commuting,0.9999999958013341,0.9999999958013341,4.198665859433959e-09,6.457737969353245e-05,0.9999999999999996,0.9999999999857855,5.043523166187169e-07,7.344838101042109e-08,0.43793026299681515,32,"[1, 2, 4, 8, 16, 31, 32, 30, 16, 8, 4, 2, 1]",6536,1.5106738466017274e-12,2.918106520356309e-11,1e-12
d36526e0358b771ff2276c355e7379fff8e6258250a6096344eb7fb3670fbd30,C,hybrid_tdvp,11,ryy,0.05,3,9,6,8,1,27,27,mixed,0.9484743222529094,0.9484743222529094,0.051525677747090604,0.22848867006457238,0.9999999999999996,1.0000000000000002,0.028026002979822398,0.009374962297159445,0.1100999930058606,8,"[1, 2, 4, 8, 8, 8, 8, 8, 8, 8, 4, 2, 1]",936,3.7006657293360756e-05,0.001215659434514281,1e-12
fced7e266e15accc21b91086bb8ad7ddc64f307e595721a6adb10e10829760eb,C,hybrid_tdvp,11,ryy,0.05,3,9,6,8,2,27,27,mixed,0.9479469873149515,0.9479469873149515,0.05205301268504847,0.2296706703726083,0.9999999999999996,1.0,0.027734170363976934,0.009483669054938247,0.2173724489985034,8,"[1, 2, 4, 8, 8, 8, 8, 8, 8, 8, 4, 2, 1]",936,1.862587674887097e-05,0.0006098495039567065,1e-12
85ad95c26303801e0c3fd7b3886d25f7e766882a8721775109d025072114daa7,C,hybrid_tdvp,11,ryy,0.05,3,9,6,8,4,27,27,mixed,0.9476858066030777,0.9476858066030777,0.05231419339692234,0.23025397082769342,0.9999999999999996,1.0,0.027597410996582583,0.009536901521417633,0.40090116701321676,8,"[1, 2, 4, 8, 8, 8, 8, 8, 8, 8, 4, 2, 1]",936,9.342490966546396e-06,0.00030544240476991307,1e-12
67ca48936a8f1dbd23e7b02574f2c2c087d986f7182a920b7c85f6281cd7d2fb,C,hybrid_tdvp,11,ryy,0.05,3,9,6,8,8,27,27,mixed,0.9475558295281065,0.9475558295281065,0.052444170471893536,0.23054373131163003,0.9999999999999996,1.0000000000000007,0.027531280714125937,0.009563238374424844,0.2179356340202503,8,"[1, 2, 4, 8, 8, 8, 8, 8, 8, 8, 4, 2, 1]",936,4.6784972062485275e-06,0.00015285252870928637,1e-12
da88cca12e062d666acfb873b098252e9495e2e2556dade4196a939a33b102da,C,hybrid_tdvp,11,ryy,0.05,3,9,6,16,1,27,27,mixed,0.9977672776584587,0.9977672776584587,0.00223272234154126,0.04726489180174095,0.9999999999999996,1.0000000000000009,0.0027537818938599425,0.0006606827634231451,0.055165869009215385,16,"[1, 2, 4, 8, 16, 16, 16, 16, 16, 8, 4, 2, 1]",2728,6.355519433651208e-06,0.00011607180358504662,1e-12
46554d928a42dea6e8b8f59adb66c15ef591532c5d49435819ba4cc72537a387,C,hybrid_tdvp,11,ryy,0.05,3,9,6,16,2,27,27,mixed,0.9977684776935636,0.9977684776935636,0.0022315223064364176,0.04725218111754685,0.9999999999999996,0.9999999999999999,0.0021028663784109143,0.0006646723495032838,0.04226145998109132,16,"[1, 2, 4, 8, 16, 16, 16, 16, 16, 8, 4, 2, 1]",2728,2.7861675920703866e-06,5.9359878227895e-05,1e-12
c7a69c88224ba01ef8e0f0ff868871dbcf1c460550174746a113001fd3698208,C,hybrid_tdvp,11,ryy,0.05,3,9,6,16,4,27,27,mixed,0.9977284421608865,0.9977284421608865,0.0022715578391134805,0.04767440927898803,0.9999999999999996,1.0,0.002257650741884054,0.0007278046692714283,0.07651015295414254,16,"[1, 2, 4, 8, 16, 16, 16, 16, 16, 8, 4, 2, 1]",2728,1.3799296543363457e-06,3.114422080016514e-05,1e-12
83589ce009d4c6e4e3ff7d489a274ca7ea12a9dd47d428019738471b9bc8a70b,C,hybrid_tdvp,11,ryy,0.05,3,9,6,16,8,27,27,mixed,0.9977053252984208,0.9977053252984208,0.00229467470157918,0.04791651695483106,0.9999999999999996,1.0000000000000004,0.002321304475601832,0.000761298432215394,0.1842771940282546,16,"[1, 2, 4, 8, 16, 16, 16, 16, 16, 8, 4, 2, 1]",2728,6.939708861648025e-07,1.5968590542035727e-05,1e-12
7ea54fa59395a8bb30b3f2368ae02ec22cd3c45f9847d494a867a7436c3a88b1,C,hybrid_tdvp,11,ryy,0.05,3,9,6,64,1,27,27,mixed,0.9999999995198761,0.9999999995198761,4.801239406049262e-10,2.1836280468613184e-05,0.9999999999999996,0.9999999999983481,8.963882867085715e-07,1.068446246875263e-07,0.33293979795416817,58,"[1, 2, 4, 8, 16, 32, 58, 32, 16, 8, 4, 2, 1]",10152,1.2501426774989374e-13,3.4106107199250484e-12,1e-12
1fac1e791cc2b335bb2fd0f47bd4dba3415117aefe137d8fe9a0ff4ed05e523b,C,hybrid_tdvp,11,ryy,0.05,3,9,6,64,2,27,27,mixed,0.9999999998673181,0.9999999998673181,1.3268186549453276e-10,1.1293683933865873e-05,0.9999999999999996,0.9999999999974327,4.4264389993664555e-07,5.278720024110536e-08,0.7044473580317572,57,"[1, 2, 4, 8, 16, 32, 57, 32, 16, 8, 4, 2, 1]",10024,1.7053728498185537e-13,5.288078388892815e-12,1e-12
8c0028ff741f10869e7432cbc3a44e5da8d8f34bb66870339c519a17bddb946a,C,hybrid_tdvp,11,ryy,0.05,3,9,6,64,4,27,27,mixed,0.999999999935105,0.999999999935105,6.489497827999458e-11,7.556285690298907e-06,0.9999999999999996,0.9999999999961006,2.1031482884403818e-07,2.5759363595172017e-08,1.1717367540113628,56,"[1, 2, 4, 8, 16, 32, 56, 32, 16, 8, 4, 2, 1]",9896,2.5149826823455066e-13,8.226322451837711e-12,1e-12
dddd6f9df7e181f5a1b7bb42ab98b4180bc755a229279644063f2d78be2b5e66,C,hybrid_tdvp,11,ryy,0.05,3,9,6,64,8,27,27,mixed,0.999999999906577,0.999999999906577,9.342304707615767e-11,9.133893019341884e-06,0.9999999999999996,0.9999999999950019,8.787430891971093e-08,1.987846674524211e-08,2.0101031890371814,56,"[1, 2, 4, 8, 16, 32, 56, 32, 16, 8, 4, 2, 1]",9896,1.9587298212302068e-13,1.070988223403903e-11,1e-12
09dda8507269a49f51b53c384efb7437f53018214468bb7557afaab964eacc44,C,hybrid_tdvp,11,rzz,0.05,2,9,7,8,1,28,28,commuting,0.9609145391701431,0.9609145391701431,0.039085460829856866,0.19868324120277986,0.9999999999999996,0.9999999999999999,0.031685299612195905,0.008223940936990045,0.0861746110022068,8,"[1, 2, 4, 8, 8, 8, 8, 8, 8, 8, 4, 2, 1]",936,2.923060931966739e-05,0.0012112212973662008,1e-12
119790a81f5a6dc9405ec41e6f3396e43dd990919f81045eec9c034028ff7455,C,hybrid_tdvp,11,rzz,0.05,2,9,7,8,2,28,28,commuting,0.9604838792065746,0.9604838792065746,0.03951612079342537,0.199785912520469,0.9999999999999996,1.0000000000000004,0.032398801895284324,0.008288237750851414,0.08811736898496747,8,"[1, 2, 4, 8, 8, 8, 8, 8, 8, 8, 4, 2, 1]",936,1.4887683626754648e-05,0.000610576923206538,1e-12
4627efab941274514e4f6d939cade49f63466541f9fce9c85d1bba0689b7a835,C,hybrid_tdvp,11,rzz,0.05,2,9,7,8,4,28,28,commuting,0.9602651605443422,0.9602651605443422,0.03973483945565781,0.20034369496206325,0.9999999999999996,0.9999999999999997,0.032751262402182846,0.008320667652527577,0.18433779600309208,8,"[1, 2, 4, 8, 8, 8, 8, 8, 8, 8, 4, 2, 1]",936,7.512929319299564e-06,0.0003065050222756675,1e-12
d741f0b7fff952299d0379fa242aa37f540c556c93dca63c65f76635d51e2b09,C,hybrid_tdvp,11,rzz,0.05,2,9,7,8,8,28,28,commuting,0.9601549120206601,0.9601549120206601,0.039845087979339944,0.20062428998555204,0.9999999999999996,1.0000000000000007,0.032926506108476694,0.008336981198452338,0.19823433097917587,8,"[1, 2, 4, 8, 8, 8, 8, 8, 8, 8, 4, 2, 1]",936,3.773863434452493e-06,0.00015355372435730982,1e-12
36c2b82acd640e77682798c6d06d9d244ba68149a2ca43b9db8a090d474d131c,C,hybrid_tdvp,11,rzz,0.05,2,9,7,16,1,28,28,commuting,0.9991723603872238,0.9991723603872238,0.0008276396127762098,0.028771703642852246,0.9999999999999996,1.0000000000000004,0.0008220212690190909,0.00021804710696411603,0.048720998980570585,16,"[1, 2, 4, 8, 16, 16, 16, 16, 16, 8, 4, 2, 1]",2728,8.590959231350434e-07,4.278042266227314e-05,1e-12
75a42fb4c0df5a374d4a7f5a862c0ca64cc36742ba1c67def0accb8d81e544e6,C,hybrid_tdvp,11,rzz,0.05,2,9,7,16,2,28,28,commuting,0.9991116975925193,0.9991116975925193,0.0008883024074807233,0.029800392058183845,0.9999999999999996,0.9999997818006665,0.000979898811866664,0.0002728822248347756,0.031618886976502836,16,"[1, 2, 4, 8, 16, 16, 16, 16, 16, 8, 4, 2, 1]",2728,4.4434037968621826e-07,2.43611483911613e-05,1e-12
b76372e7acae7706c394af19861edf67d5a147c6abebf4b788d60ca43a49e553,C,hybrid_tdvp,11,rzz,0.05,2,9,7,16,4,28,28,commuting,0.9991086540386337,0.9991086540386337,0.0008913459613663077,0.029855030261746233,0.9999999999999996,0.9999998890787867,0.0009692455860487725,0.000269544830248785,0.09407746995566413,16,"[1, 2, 4, 8, 16, 16, 16, 16, 16, 8, 4, 2, 1]",2728,2.2646174837656943e-07,1.2731811792107073e-05,1e-12
035679cafaf5327019fdd6da3a67b53e3745c7469233f98697dd0c48af91752c,C,hybrid_tdvp,11,rzz,0.05,2,9,7,16,8,28,28,commuting,0.9991512807009043,0.9991512807009043,0.0008487192990956904,0.02912846546134379,0.9999999999999996,0.9999997840217086,0.0007836117511712537,0.00023354932006550903,0.16789016796974465,16,"[1, 2, 4, 8, 16, 16, 16, 16, 16, 8, 4, 2, 1]",2728,1.1123877603570294e-07,6.0894360842163455e-06,1e-12
a31a90575155895f832bf3462c7e577235c4e514cf1c2ecc76de8c6df13113ca,C,hybrid_tdvp,11,rzz,0.05,2,9,7,64,1,28,28,commuting,0.999999999984202,0.999999999984202,1.5798029551206128e-11,3.8530148012327765e-06,0.9999999999999996,0.9999999999995237,4.78559145089541e-08,1.0519755791495277e-08,0.2827340679941699,32,"[1, 2, 4, 8, 16, 32, 32, 32, 16, 8, 4, 2, 1]",6824,5.659832559208212e-22,9.78515804841095e-13,1e-12
d94bc20c4f7e3865e2b0b793d9120c3a0a30a452e30a69a41b94721566d9a658,C,hybrid_tdvp,11,rzz,0.05,2,9,7,64,2,28,28,commuting,0.999999999847691,0.999999999847691,1.5230905425767105e-10,1.21910815980172e-05,0.9999999999999996,0.9999999999981563,4.2865417308746157e-07,5.91922119827936e-08,0.43717649701284245,32,"[1, 2, 4, 8, 16, 32, 32, 32, 16, 8, 4, 2, 1]",6824,7.25216581599571e-20,3.851355497035274e-12,1e-12
470a9d14b3a2a9b288bd52b33d7cc67871da400463b91a6538758839897db5c4,C,hybrid_tdvp,11,rzz,0.05,2,9,7,64,4,28,28,commuting,0.9999999990378423,0.9999999990378423,9.621576868568127e-10,3.081226715372033e-05,0.9999999999999996,0.9999999999936183,2.723183619712799e-07,4.336605365043267e-08,0.3708881990169175,32,"[1, 2, 4, 8, 16, 31, 32, 32, 16, 8, 4, 2, 1]",6728,2.4699487288856358e-17,1.3070387181447099e-11,1e-12
66b59b1e5a23845ad48b91155ef3a1ddefcc4d1c5403fc7cb8dfed809a8e864d,C,hybrid_tdvp,11,rzz,0.05,2,9,7,64,8,28,28,commuting,0.9999999957873171,0.9999999957873171,4.212682869209061e-09,6.468607273064888e-05,0.9999999999999996,0.999999999985802,5.061763417996135e-07,7.366172091030003e-08,0.5807957050274126,32,"[1, 2, 4, 8, 16, 31, 32, 30, 16, 8, 4, 2, 1]",6536,8.131295798026749e-15,2.9189196499361096e-11,1e-12
1378b8c2750a198fd4fe6924eac81f26816da6dc0c40310be0a818c250609f38,C,hybrid_tdvp,11,rxx,0.05,2,9,7,8,1,28,28,mixed,0.9449647403546682,0.9449647403546682,0.05503525964533185,0.23624999899528432,0.9999999999999996,0.9999999999999992,0.02795645653562304,0.009678121375615193,0.09938596800202504,8,"[1, 2, 4, 8, 8, 8, 8, 8, 8, 8, 4, 2, 1]",936,4.290075646371226e-05,0.0012585601909779933,1e-12
1cfe5466fb7dd386538da32d7ee8255d4f3b38c2c4ca79d5bbf319797ea0913c,C,hybrid_tdvp,11,rxx,0.05,2,9,7,8,2,28,28,mixed,0.9444041790076195,0.9444041790076195,0.055595820992380474,0.23746747486591918,0.9999999999999996,1.0,0.027651289062091206,0.009791426265543761,0.05029567203018814,8,"[1, 2, 4, 8, 8, 8, 8, 8, 8, 8, 4, 2, 1]",936,2.150872292698729e-05,0.000631358226883694,1e-12
b44a0808ea6424c2d38936f018493afa6e261c4a968559bf4d14be06b4fceba1,C,hybrid_tdvp,11,rxx,0.05,2,9,7,8,4,28,28,mixed,0.9441265359388568,0.9441265359388568,0.05587346406114324,0.23806831177486115,0.9999999999999996,1.0000000000000007,0.027507859722994823,0.009846912590717362,0.19524005200946704,8,"[1, 2, 4, 8, 8, 8, 8, 8, 8, 8, 4, 2, 1]",936,1.0766790273254227e-05,0.00031620919504316713,1e-12
f89c67c2ae65c16cd840e9d06e4768ffe49c3132abd8ce0e6a6422efdf3305d6,C,hybrid_tdvp,11,rxx,0.05,2,9,7,8,8,28,28,mixed,0.9439883642584898,0.9439883642584898,0.056011635741510246,0.23836679235110358,0.9999999999999996,1.0000000000000004,0.02743839785322717,0.009874365614386671,0.24958985403645784,8,"[1, 2, 4, 8, 8, 8, 8, 8, 8, 8, 4, 2, 1]",936,5.386245784802577e-06,0.000158238774494089,1e-12
064d9fe987a1d8fd3439762eeedb869183a61acb1719563886fbf8a9c329ba52,C,hybrid_tdvp,11,rxx,0.05,2,9,7,16,1,28,28,mixed,0.9976535496638075,0.9976535496638075,0.002346450336192518,0.04845439516447557,0.9999999999999996,0.9999999999999996,0.0028328758939334653,0.0006885606235279449,0.06749681400833651,16,"[1, 2, 4, 8, 16, 16, 16, 16, 16, 8, 4, 2, 1]",2728,4.980682103550424e-06,0.00012105248568859705,1e-12
7240de2cd558127bf5d7808589afe4aaf169614bda1c69fbeebb9a6d5cb7405d,C,hybrid_tdvp,11,rxx,0.05,2,9,7,16,2,28,28,mixed,0.9976394673542722,0.9976394673542722,0.0023605326457277753,0.04859966379407316,0.9999999999999996,0.999999999999999,0.0021745809804204295,0.0006873786347616353,0.05897396104410291,16,"[1, 2, 4, 8, 16, 16, 16, 16, 16, 8, 4, 2, 1]",2728,2.5265340155613267e-06,6.188641224345633e-05,1e-12
5c33f7be39a180a682a97068577962b2ab998bea106e8156e71077dfdb74dd1a,C,hybrid_tdvp,11,rxx,0.05,2,9,7,16,4,28,28,mixed,0.9976001723586605,0.9976001723586605,0.0023998276413395025,0.04900274650201121,0.9999999999999996,0.9999999999999996,0.002167052710463774,0.0007464550699898587,0.0917705160100013,16,"[1, 2, 4, 8, 16, 16, 16, 16, 16, 8, 4, 2, 1]",2728,1.2275559793836655e-06,3.2371776779548804e-05,1e-12
6712bedbf6ecc3c9f92a5d2b6760a79a99bcda8bd2a524fcb14e200bb3cb2fd8,C,hybrid_tdvp,11,rxx,0.05,2,9,7,16,8,28,28,mixed,0.997577499264841,0.997577499264841,0.002422500735159039,0.04922790033250348,0.9999999999999996,0.9999997082643478,0.0023435160674525335,0.0007782584369273395,0.24550719297258183,16,"[1, 2, 4, 8, 16, 16, 16, 16, 16, 8, 4, 2, 1]",2728,6.048600560669956e-07,1.6573450598102723e-05,1e-12
0828b28e458d19f6fd1534bc9b452f5027c28e6edd036511bc8910bf38f4b2f9,C,hybrid_tdvp,11,rxx,0.05,2,9,7,64,1,28,28,mixed,0.9999999995198774,0.9999999995198774,4.801226083372967e-10,2.18334837270772e-05,0.9999999999999996,0.9999999999982886,9.923091154086239e-07,1.1735357285484396e-07,0.4807052540127188,52,"[1, 2, 4, 8, 16, 32, 52, 32, 16, 8, 4, 2, 1]",9384,1.370313084036998e-13,3.5476420283287484e-12,1e-12
79728ea549e0929292f900f4677a2ab54fb245c472796205f16fa6f9b5d8c6e8,C,hybrid_tdvp,11,rxx,0.05,2,9,7,64,2,28,28,mixed,0.9999999998675615,0.9999999998675615,1.3243850460753492e-10,1.1272950652678614e-05,0.9999999999999996,0.9999999999973207,4.892065425358971e-07,5.789257170513577e-08,0.5966723809833638,53,"[1, 2, 4, 8, 16, 32, 53, 32, 16, 8, 4, 2, 1]",9512,2.2401682139880806e-13,5.512095210291623e-12,1e-12
549bd5d735134d8697506357e1d918674dcbd9d48397c4fdc2d4a3a0758c6980,C,hybrid_tdvp,11,rxx,0.05,2,9,7,64,4,28,28,mixed,0.9999999999363327,0.9999999999363327,6.366729365936408e-11,7.460305477367695e-06,0.9999999999999996,0.9999999999959936,2.334171365046822e-07,2.8206956401291965e-08,1.2131710939574987,54,"[1, 2, 4, 8, 16, 32, 54, 32, 16, 8, 4, 2, 1]",9640,2.345918267956512e-13,8.460914278633361e-12,1e-12
653472c93a4cad255691f91917c93f9f03bb8a1004050bf7eefd8653c1acadf2,C,hybrid_tdvp,11,rxx,0.05,2,9,7,64,8,28,28,mixed,0.9999999999078248,0.9999999999078248,9.2175156396479e-11,9.049024134219662e-06,0.9999999999999996,0.9999999999948542,9.399635892554103e-08,2.0275141918219323e-08,2.49053762096446,55,"[1, 2, 4, 8, 16, 32, 55, 32, 16, 8, 4, 2, 1]",9768,3.293403177751903e-13,1.103922255181422e-11,1e-12
981b99352641a9d397ab94d89155468f33c275c8c7f43b9ed6febc105c14908b,C,hybrid_tdvp,11,rzz,0.05,2,8,6,8,1,29,29,commuting,0.9583133335835817,0.9583133335835817,0.04168666641641827,0.20525693474905654,0.9999999999999996,1.0000000000000002,0.03179288560061133,0.008840618543405558,0.06163539498811588,8,"[1, 2, 4, 8, 8, 8, 8, 8, 8, 8, 4, 2, 1]",936,3.2938061347895976e-05,0.001244159358714097,1e-12
03eed90a6679d04fc2e43ff75be6688bde1be76f9ba9fe3ac40ecb637646e579,C,hybrid_tdvp,11,rzz,0.05,2,8,6,8,2,29,29,commuting,0.9578631120068,0.9578631120068,0.042136887993200034,0.20637435150819383,0.9999999999999996,0.9999999999999996,0.032496099132476086,0.008913852079644615,0.3676559600280598,8,"[1, 2, 4, 8, 8, 8, 8, 8, 8, 8, 4, 2, 1]",936,1.66915970958273e-05,0.0006272685203023654,1e-12
91c5823d1829c128c224d0f35d39016f97f19ca8443236193d646c6e8297f8a4,C,hybrid_tdvp,11,rzz,0.05,2,8,6,8,4,29,29,commuting,0.9576343326088235,0.9576343326088235,0.04236566739117653,0.20693995318278505,0.9999999999999996,1.0000000000000004,0.03284333251471283,0.008950555974660674,0.11214772099629045,8,"[1, 2, 4, 8, 8, 8, 8, 8, 8, 8, 4, 2, 1]",936,8.401498558893149e-06,0.0003149065208345607,1e-12
e44e1a7120034af83dae3f8b433ad8091e6698a0f1e721ff6ed2060761045690,C,hybrid_tdvp,11,rzz,0.05,2,8,6,8,8,29,29,commuting,0.9575189798062559,0.9575189798062559,0.04248102019374411,0.20722457518865936,0.9999999999999996,1.0000000000000007,0.03301594467386404,0.008968963090797998,0.16671911696903408,8,"[1, 2, 4, 8, 8, 8, 8, 8, 8, 8, 4, 2, 1]",936,4.214688214355843e-06,0.00015776841257166574,1e-12
25567cff9d892bf9e99818ce2f07481c3e38020a1921631c2df7672798173380,C,hybrid_tdvp,11,rzz,0.05,2,8,6,16,1,29,29,commuting,0.9990741989928235,0.9990741989928235,0.000925801007176541,0.030430500871678104,0.9999999999999996,1.0000000000000002,0.0008761676324732237,0.00023258295680200457,0.033950523007661104,16,"[1, 2, 4, 8, 16, 16, 16, 16, 16, 8, 4, 2, 1]",2728,2.0568158285846545e-06,4.48372384908578e-05,1e-12
e09a4c6819977ec7c100a6d550f2fc8b946dd9ccf544f20f6921445655ce6084,C,hybrid_tdvp,11,rzz,0.05,2,8,6,16,2,29,29,commuting,0.9990095346317396,0.9990095346317396,0.000990465368260418,0.031475557901440986,0.9999999999999996,1.0000000000000002,0.0010478980975853203,0.00029126404487652335,0.06702297902666032,16,"[1, 2, 4, 8, 16, 16, 16, 16, 16, 8, 4, 2, 1]",2728,1.0952158108995863e-06,2.5456364202060882e-05,1e-12
47b3eec0f81632c471ca9af5895129f76c18ee84c6a43ed142b51b3954eb1a35,C,hybrid_tdvp,11,rzz,0.05,2,8,6,16,4,29,29,commuting,0.9990079091902009,0.9990079091902009,0.0009920908097991177,0.03150138081062302,0.9999999999999996,0.9999999999999997,0.0010180690825735694,0.00028815716547387146,0.1848991640144959,16,"[1, 2, 4, 8, 16, 16, 16, 16, 16, 8, 4, 2, 1]",2728,5.454575404103937e-07,1.3277269332517469e-05,1e-12
6d8c4204ed2064783ac179cd547739ed222e36f7f3a8a3517ed768ff4c2c2248,C,hybrid_tdvp,11,rzz,0.05,2,8,6,16,8,29,29,commuting,0.9990564759787289,0.9990564759787289,0.0009435240212710694,0.030720460376182323,0.9999999999999996,0.9999999999999982,0.0008284416602679645,0.00024784627347532596,0.16110104898689315,16,"[1, 2, 4, 8, 16, 16, 16, 16, 16, 8, 4, 2, 1]",2728,2.5722942874189384e-07,6.346665512958238e-06,1e-12
b89431cc5adca5fd6c511430a05ffb188c92bfdfabea9fd3ea8ffb34832afb6c,C,hybrid_tdvp,11,rzz,0.05,2,8,6,64,1,29,29,commuting,0.9999999999842044,0.9999999999842044,1.5795587060551952e-11,3.853014808256572e-06,0.9999999999999996,0.9999999999995242,4.7855888744841035e-08,1.0477385238026312e-08,0.2859506760141812,32,"[1, 2, 4, 8, 16, 32, 32, 32, 16, 8, 4, 2, 1]",6824,2.0465096271599848e-21,9.785158068876047e-13,1e-12
cbb1d8fe8abaf05d52fc4ead10f63b9d62e30be80de3e6c724ab893a8eaf01bd,C,hybrid_tdvp,11,rzz,0.05,2,8,6,64,2,29,29,commuting,0.9999999998476921,0.9999999998476921,1.5230794403464643e-10,1.21910822384421e-05,0.9999999999999996,0.9999999999981569,4.274431009698709e-07,5.888293582437964e-08,0.4143160090316087,32,"[1, 2, 4, 8, 16, 32, 32, 32, 16, 8, 4, 2, 1]",6824,2.656162043307755e-19,3.851355762651479e-12,1e-12
254517e758f57423168e37dfef5a6cfe70da45bca76508d0ef1024c06808c017,C,hybrid_tdvp,11,rzz,0.05,2,8,6,64,4,29,29,commuting,0.9999999989725539,0.9999999989725539,1.0274461281767344e-09,3.184742880555556e-05,0.9999999999999996,0.9999999999934057,2.7892274568480646e-07,4.4441693332810475e-08,0.5404390000039712,32,"[1, 2, 4, 8, 16, 31, 32, 32, 16, 8, 4, 2, 1]",6728,4.2439477140787883e-13,1.349478195285498e-11,1e-12
b447451148c0fbcded49b9036d83ce8b41445264be6ca3242846ce0b07717fde,C,hybrid_tdvp,11,rzz,0.05,2,8,6,64,8,29,29,commuting,0.9999999953186594,0.9999999953186594,4.681340648460264e-09,6.820117690396582e-05,0.9999999999999996,0.9999999999850288,5.306505700755637e-07,7.699047861823254e-08,0.5631459319847636,32,"[1, 2, 4, 8, 16, 31, 32, 30, 16, 8, 4, 2, 1]",6536,1.5578091682869355e-12,3.074700566764806e-11,1e-12
41a3f3fa14104b1c669178348386e92fba62679a4ddbe0a588c427796c8a34da,C,hybrid_tdvp,11,rzz,0.05,2,8,6,8,1,29,29,mixed,0.9418130342185619,0.9418130342185619,0.058186965781438116,0.24302048442035018,0.9999999999999996,1.0000000000000002,0.030804163647858596,0.01042869603105374,0.3589793050196022,8,"[1, 2, 4, 8, 8, 8, 8, 8, 8, 8, 4, 2, 1]",936,3.831505877392791e-05,0.0012968752497519215,1e-12
e9ae43c671325dcb6ef650807414c14116a62259d13ee375dd60036afe8ee7c4,C,hybrid_tdvp,11,rzz,0.05,2,8,6,8,2,29,29,mixed,0.9411893932064459,0.9411893932064459,0.0588106067935541,0.24433927114792808,0.9999999999999996,1.0000000000000009,0.03114784349262456,0.010557497621234117,0.10604387102648616,8,"[1, 2, 4, 8, 8, 8, 8, 8, 8, 8, 4, 2, 1]",936,1.9412330763618985e-05,0.0006507705576473128,1e-12
a3d41ec2821f48a95dc308ce7e0f5c6c4675d9b49ac9d13a098bfa4debca1051,C,hybrid_tdvp,11,rzz,0.05,2,8,6,8,4,29,29,mixed,0.940879369455816,0.940879369455816,0.05912063054418404,0.24499238502214749,0.9999999999999996,1.0,0.03131233449404913,0.010620657440886241,0.4183738349820487,8,"[1, 2, 4, 8, 8, 8, 8, 8, 8, 8, 4, 2, 1]",936,9.769558124355284e-06,0.00032597875316752226,1e-12
85440c84beff9fe6c97b1d8ff03d47f18ddc4502e1835613bc20e55c781cac33,C,hybrid_tdvp,11,rzz,0.05,2,8,6,8,8,29,29,mixed,0.9407247990033115,0.9407247990033115,0.05927520099668848,0.24531740254841322,0.9999999999999996,0.9999999999999993,0.03139280060864891,0.010651929606487073,0.2598617419716902,8,"[1, 2, 4, 8, 8, 8, 8, 8, 8, 8, 4, 2, 1]",936,4.900600612108273e-06,0.00016313937510619735,1e-12
7ea24669f4e0107ba30edbcc7b8ad14eb8e749b1a88b38a6050b4d871199bded,C,hybrid_tdvp,11,rzz,0.05,2,8,6,16,1,29,29,mixed,0.9974630515722289,0.9974630515722289,0.0025369484277710797,0.050384119510579084,0.9999999999999996,1.0000000000000009,0.002938962509455465,0.0007248201511946624,0.07741762604564428,16,"[1, 2, 4, 8, 16, 16, 16, 16, 16, 8, 4, 2, 1]",2728,5.018009411511976e-06,0.000126070495100109,1e-12
f0b8016a95702827bc9cfeff2e54946e845a7a60b4efc9d9403da6d476e9e736,C,hybrid_tdvp,11,rzz,0.05,2,8,6,16,2,29,29,mixed,0.9974606841691522,0.9974606841691522,0.002539315830847766,0.05040763743773145,0.9999999999999996,1.0,0.002284941486995993,0.0007212472762054231,0.12707472499459982,16,"[1, 2, 4, 8, 16, 16, 16, 16, 16, 8, 4, 2, 1]",2728,2.360878315368473e-06,6.424729055882483e-05,1e-12
6c3d57f5bd5ea491b448f7ef169021245365bfbaec18d8f3ebaebe0269ecb9f4,C,hybrid_tdvp,11,rzz,0.05,2,8,6,16,4,29,29,mixed,0.997420776350245,0.997420776350245,0.002579223649755047,0.0508024497109086,0.9999999999999996,1.0,0.0024387288478537814,0.0007795355327787477,0.12623488396639004,16,"[1, 2, 4, 8, 16, 16, 16, 16, 16, 8, 4, 2, 1]",2728,1.17623499889999e-06,3.3548011778448806e-05,1e-12
9725123bde403f1b8ed2f0606c997b5609a4bf76149721c5d3448741953d4131,C,hybrid_tdvp,11,rzz,0.05,2,8,6,16,8,29,29,mixed,0.9973973754474226,0.9973973754474226,0.002602624552577426,0.0510325403391908,0.9999999999999996,1.0000000000000007,0.002517467154918518,0.0008121691305367911,0.2298142130021006,16,"[1, 2, 4, 8, 16, 16, 16, 16, 16, 8, 4, 2, 1]",2728,5.914562662147091e-07,1.7164906864317426e-05,1e-12
a0016d6ffd17276fdf15886c96a29f2977eef83bd0083225c18483b1e780f444,C,hybrid_tdvp,11,rzz,0.05,2,8,6,64,1,29,29,mixed,0.999999999519265,0.999999999519265,4.807350073576799e-10,2.1843237461309443e-05,0.9999999999999996,0.9999999999981952,9.734641671713118e-07,1.156939283911361e-07,0.3168397640110925,54,"[1, 2, 4, 8, 16, 32, 54, 32, 16, 8, 4, 2, 1]",9640,1.9855159199763454e-13,3.746193620326383e-12,1e-12
14e7cd18271b8908ed45c54dcb638553e61234f63f8aafb1d6137d7014db2ef2,C,hybrid_tdvp,11,rzz,0.05,2,8,6,64,2,29,29,mixed,0.999999999866866,0.999999999866866,1.3313394831016012e-10,1.1296591877099869e-05,0.9999999999999996,0.9999999999972392,4.789657590750784e-07,5.697711299081995e-08,0.5393441749620251,54,"[1, 2, 4, 8, 16, 32, 54, 32, 16, 8, 4, 2, 1]",9640,1.7142144843878396e-13,5.683516658730407e-12,1e-12
2c40446bcc506ab6526666dcecf38a74b5944f30a51f94e81b6449d18a7a7a70,C,hybrid_tdvp,11,rzz,0.05,2,8,6,64,4,29,29,mixed,0.9999999999351727,0.9999999999351727,6.482725467549244e-11,7.521551454701176e-06,0.9999999999999996,0.9999999999958726,2.2708616548294813e-07,2.7611353844214258e-08,1.2145654779742472,54,"[1, 2, 4, 8, 16, 32, 54, 32, 16, 8, 4, 2, 1]",9640,2.588285357823639e-13,8.719742814415726e-12,1e-12
deb416d2b35c021321d23e291eb7d84629812f568245662802150a869a6a349e,C,hybrid_tdvp,11,rzz,0.05,2,8,6,64,8,29,29,mixed,0.9999999999064577,0.9999999999064577,9.354228502900241e-11,9.112275215908626e-06,0.9999999999999996,0.9999999999947445,9.156355110229164e-08,2.0005453136386256e-08,2.165616048965603,55,"[1, 2, 4, 8, 16, 32, 55, 32, 16, 8, 4, 2, 1]",9768,2.288780162817461e-13,1.1268100568095966e-11,1e-12
3f5d58f1e0acc84b4ebc238580669187a8253cd31e90808845959071454c4239,C,hybrid_tdvp,11,rzz,0.05,3,9,6,8,1,30,30,commuting,0.9561982909377099,0.9561982909377099,0.043801709062290084,0.21045702144283226,0.9999999999999996,1.0000000000000007,0.03281835331880689,0.009085711775943209,0.0614545019925572,8,"[1, 2, 4, 8, 8, 8, 8, 8, 8, 8, 4, 2, 1]",936,3.0059982367782184e-05,0.0012742193410818791,1e-12
754c9116aa0a24d99421ae15c1e00d91dd4c3581b2629b9cbb133ae44d15480c,C,hybrid_tdvp,11,rzz,0.05,3,9,6,8,2,30,30,commuting,0.9557362279422419,0.9557362279422419,0.04426377205775811,0.21157680071982043,0.9999999999999996,1.0,0.033535135874561695,0.009159445557581013,0.0715953650069423,8,"[1, 2, 4, 8, 8, 8, 8, 8, 8, 8, 4, 2, 1]",936,1.5135983611742259e-05,0.0006424045039141076,1e-12
49cef00bfda8f08bc2934ad4ca1fc088d0c4a0759371bf83f355b99d156e27d4,C,hybrid_tdvp,11,rzz,0.05,3,9,6,8,4,30,30,commuting,0.9555012551819265,0.9555012551819265,0.04449874481807348,0.212144077916376,0.9999999999999996,1.0000000000000002,0.033889575460790855,0.009196457377172607,0.10587215900886804,8,"[1, 2, 4, 8, 8, 8, 8, 8, 8, 8, 4, 2, 1]",936,7.594683124954304e-06,0.0003225012039595151,1e-12
e06df37175f546773f6482e5b5b6a0b68de951689d0f5fa53ad91f03d38b37eb,C,hybrid_tdvp,11,rzz,0.05,3,9,6,8,8,30,30,commuting,0.9553827443090176,0.9553827443090176,0.044617255690982405,0.21242964156654925,0.9999999999999996,1.0,0.034065886324985195,0.009215029846745893,0.20555394201073796,8,"[1, 2, 4, 8, 8, 8, 8, 8, 8, 8, 4, 2, 1]",936,3.8040232264642766e-06,0.00016157243579813005,1e-12
b7f98d36bd93b0ac64a80abfb305c11b5a061e767964d98cba4874bc60079220,C,hybrid_tdvp,11,rzz,0.05,3,9,6,16,1,30,30,commuting,0.9989419665681946,0.9989419665681946,0.0010580334318054385,0.032531729721003995,0.9999999999999996,0.9999999999999991,0.0009460640169537959,0.00025901014775647313,0.021722830017097294,16,"[1, 2, 4, 8, 16, 16, 16, 16, 16, 8, 4, 2, 1]",2728,2.730170844621081e-06,4.7567409335478884e-05,1e-12
f82192f2ea57c04b5e3e44f54fe83ba354fd3fc2bbf3daaef85f8b14f3ef8a97,C,hybrid_tdvp,11,rzz,0.05,3,9,6,16,2,30,30,commuting,0.9988675072502559,0.9988675072502559,0.0011324927497441406,0.033657295886477895,0.9999999999999996,1.0000000000000009,0.001130976007229667,0.0003220253385818037,0.031167249020654708,16,"[1, 2, 4, 8, 16, 16, 16, 16, 16, 8, 4, 2, 1]",2728,1.4679274584831514e-06,2.6924291660544035e-05,1e-12
032684836332674b728e7b6f7c1c82f05c55b5bdcf736b385a24a65e31dc3def,C,hybrid_tdvp,11,rzz,0.05,3,9,6,16,4,30,30,commuting,0.9988671375620445,0.9988671375620445,0.0011328624379555174,0.03366279049852822,0.9999999999999996,0.9999999999999986,0.00112846273132014,0.0003172001681133738,0.1428313810029067,16,"[1, 2, 4, 8, 16, 16, 16, 16, 16, 8, 4, 2, 1]",2728,7.295619966604501e-07,1.400683132917792e-05,1e-12
2c67db7af93a2e1777c58e8d356bc4c8611d057b6a2a6415de2fae755b4bb1eb,C,hybrid_tdvp,11,rzz,0.05,3,9,6,16,8,30,30,commuting,0.9989229717309566,0.9989229717309566,0.001077028269043434,0.03281750811881551,0.9999999999999996,0.9999998352081546,0.0008947215325885161,0.0002734423400310125,0.16679789702175185,16,"[1, 2, 4, 8, 16, 16, 16, 16, 16, 8, 4, 2, 1]",2728,3.4592109409171547e-07,6.692586607049953e-06,1e-12
4c146b04c09dd28588de5ff41ed564e129e846a817f2e198307cc56f4c2d8841,C,hybrid_tdvp,11,rzz,0.05,3,9,6,64,1,30,30,commuting,0.9999999999842053,0.9999999999842053,1.5794698882132252e-11,3.853014813138023e-06,0.9999999999999996,0.9999999999995243,5.285506446406352e-08,1.1021635620379924e-08,0.25071415305137634,32,"[1, 2, 4, 8, 16, 32, 32, 32, 16, 8, 4, 2, 1]",6824,1.2155570138444231e-21,9.785158081031618e-13,1e-12
d8fb66333fa93fbc7ced9580d38f3ef9e97b43433ce1150ec8ba2e25b11ebf79,C,hybrid_tdvp,11,rzz,0.05,3,9,6,64,2,30,30,commuting,0.9999999998476945,0.9999999998476945,1.5230550154399225e-10,1.2191082679946647e-05,0.9999999999999996,0.9999999999981583,4.2744310028292043e-07,5.926881515615485e-08,0.42140116897644475,32,"[1, 2, 4, 8, 16, 32, 32, 32, 16, 8, 4, 2, 1]",6824,1.711342177478789e-19,3.851355933785697e-12,1e-12
cc3776c22c36c07ec81d7cca489878247b6cb0bc0f8fe9816cb76d5083f0ce96,C,hybrid_tdvp,11,rzz,0.05,3,9,6,64,4,30,30,commuting,0.9999999988949462,0.9999999988949462,1.1050538262225018e-09,3.303589643441851e-05,0.9999999999999996,0.999999999993158,2.7892273202212436e-07,4.49585231241129e-08,0.28681567701278254,32,"[1, 2, 4, 8, 16, 31, 32, 32, 16, 8, 4, 2, 1]",6728,5.062936052247789e-13,1.4001075558079759e-11,1e-12
29350e7245eb2d364977c078633d63062a24144d1430b4fae3b01703519ce219,C,hybrid_tdvp,11,rzz,0.05,3,9,6,64,8,30,30,commuting,0.9999999947596871,0.9999999947596871,5.2403128503186736e-09,7.21705188240202e-05,0.9999999999999996,0.9999999999841344,5.873242682336022e-07,8.267780446365125e-08,0.5952390420134179,32,"[1, 2, 4, 8, 16, 31, 32, 30, 16, 8, 4, 2, 1]",6536,1.839172412505744e-12,3.2586178080153806e-11,1e-12
bd3ca33f5b8520ca47032b23a5b80dbb03dd04298811273a4812d8a9f09d3058,C,hybrid_tdvp,11,ryy,0.05,3,9,6,8,1,30,30,mixed,0.9390766136059631,0.9390766136059631,0.06092338639403694,0.24875829912915348,0.9999999999999996,1.0,0.03069238349816944,0.01086958323782091,0.06966791697777808,8,"[1, 2, 4, 8, 8, 8, 8, 8, 8, 8, 4, 2, 1]",936,3.565810531194795e-05,0.0013325333550638693,1e-12
81c21c91b5a49ac1e969b922fdf0799b1a9a95074cc81e89b7e986653b6234c7,C,hybrid_tdvp,11,ryy,0.05,3,9,6,8,2,30,30,mixed,0.9384377871624984,0.9384377871624984,0.06156221283750163,0.25008004032368203,0.9999999999999996,1.0000000000000002,0.0310370851930597,0.011002939030850822,0.27733621798688546,8,"[1, 2, 4, 8, 8, 8, 8, 8, 8, 8, 4, 2, 1]",936,1.7946334474437514e-05,0.0006687168921217505,1e-12
4116aa9cfdcea0d469aa4bc8fbeff4540e0ab99a3af5e7447dcda0a7026b10ae,C,hybrid_tdvp,11,ryy,0.05,3,9,6,8,4,30,30,mixed,0.9381200948661393,0.9381200948661393,0.06187990513386066,0.25073492285322646,0.9999999999999996,0.9999999999999998,0.031202326912320555,0.011068368949732734,0.06261774699669331,8,"[1, 2, 4, 8, 8, 8, 8, 8, 8, 8, 4, 2, 1]",936,9.001604739590843e-06,0.000334980357907113,1e-12
246885a358c9b41f4684b551cb168e2baca59bbdf9b36f2f48933bd13d8136c6,C,hybrid_tdvp,11,ryy,0.05,3,9,6,8,8,30,30,mixed,0.9379616778751614,0.9379616778751614,0.06203832212483862,0.2510608825082439,0.9999999999999996,1.000000000000001,0.03128322783044446,0.011100774159466007,0.19689867104170844,8,"[1, 2, 4, 8, 8, 8, 8, 8, 8, 8, 4, 2, 1]",936,4.5077983145830796e-06,0.00016764717342078044,1e-12
654d3f670ef71ec524bf758cb57b9964673fb9f40a7864cb2f59c19719721656,C,hybrid_tdvp,11,ryy,0.05,3,9,6,16,1,30,30,mixed,0.9972224139149262,0.9972224139149262,0.0027775860850738354,0.0527211296775505,0.9999999999999996,1.0000000000000004,0.003017494217104175,0.0007714030017548287,0.0924850309966132,16,"[1, 2, 4, 8, 16, 16, 16, 16, 16, 8, 4, 2, 1]",2728,6.786215222579248e-06,0.00013285671032268827,1e-12
a1d351d0d1edab5b0bb566241d8fa33db666b6b77ee1ef337ca716964ac8ac52,C,hybrid_tdvp,11,ryy,0.05,3,9,6,16,2,30,30,mixed,0.9972472120942693,0.9972472120942693,0.002752787905730747,0.05248509291279114,0.9999999999999996,0.9999999999999999,0.0023198058373891444,0.0007628504815368981,0.05370374000631273,16,"[1, 2, 4, 8, 16, 16, 16, 16, 16, 8, 4, 2, 1]",2728,2.9440400152482875e-06,6.719133057407312e-05,1e-12
c314c46d7abca1093dfd88c80d026edd1c9183c37517816df95feb9bdf0d61ee,C,hybrid_tdvp,11,ryy,0.05,3,9,6,16,4,30,30,mixed,0.9972108324974565,0.9972108324974565,0.0027891675025435436,0.05283100494404574,0.9999999999999996,1.0,0.002465877391100414,0.0008212493667567278,0.12368616601452231,16,"[1, 2, 4, 8, 16, 16, 16, 16, 16, 8, 4, 2, 1]",2728,1.4544289425796718e-06,3.500244072102848e-05,1e-12
1749608cc12ba7aa2f1758aa62c4255ab145d53d9adf21132c8a9be8e25b49d3,C,hybrid_tdvp,11,ryy,0.05,3,9,6,16,8,30,30,mixed,0.9971864290552871,0.9971864290552871,0.0028135709447129065,0.053061782660196524,0.9999999999999996,1.0000000000000009,0.002680962911542517,0.0008570945819491192,0.19488605199148878,16,"[1, 2, 4, 8, 16, 16, 16, 16, 16, 8, 4, 2, 1]",2728,7.308150204817902e-07,1.7895721884799215e-05,1e-12
7585af61204977d739224ec0a0afca15a0987e117559571f736881538556bd69,C,hybrid_tdvp,11,ryy,0.05,3,9,6,64,1,30,30,mixed,0.999999999518769,0.999999999518769,4.812310550050825e-10,2.1851810014274566e-05,0.9999999999999996,0.9999999999981345,9.734641629489948e-07,1.1583405577806594e-07,0.3088199259946123,58,"[1, 2, 4, 8, 16, 32, 58, 32, 16, 8, 4, 2, 1]",10152,1.226275298271835e-13,3.868821150153567e-12,1e-12
b4ca687c5cfd78f82e827fa5c550687ec2a82cefe85d25b568ac5398c48b9299,C,hybrid_tdvp,11,ryy,0.05,3,9,6,64,2,30,30,mixed,0.9999999998656501,0.9999999998656501,1.343498645667296e-10,1.1341364604718618e-05,0.9999999999999996,0.9999999999971371,4.789657683523796e-07,5.7047994588303875e-08,0.6237109820358455,57,"[1, 2, 4, 8, 16, 32, 57, 32, 16, 8, 4, 2, 1]",10024,1.9566036703424258e-13,5.87917702576465e-12,1e-12
f5f265f7f483309ea469b1015953fc583eb1278a632cdebbcd85724297df9926,C,hybrid_tdvp,11,ryy,0.05,3,9,6,64,4,30,30,mixed,0.999999999933715,0.999999999933715,6.628497750682527e-11,7.6092257686179285e-06,0.9999999999999996,0.9999999999958066,2.2708618017258653e-07,2.7784800964215796e-08,1.3311243709758855,57,"[1, 2, 4, 8, 16, 32, 57, 32, 16, 8, 4, 2, 1]",10024,1.4669339683932935e-13,8.866436211255056e-12,1e-12
449441c29beaa97ee534700375e3ac57338886fca13a23ef7457563cbeee813b,C,hybrid_tdvp,11,ryy,0.05,3,9,6,64,8,30,30,mixed,0.9999999999030753,0.9999999999030753,9.692469049582542e-11,9.282226680992914e-06,0.9999999999999996,0.9999999999946172,9.156352370059961e-08,2.058062213144223e-08,1.8625911240233108,56,"[1, 2, 4, 8, 16, 32, 56, 32, 16, 8, 4, 2, 1]",9896,2.78093009573932e-13,1.1546193577669899e-11,1e-12
53640ff9ed74cb89b42ba939ffbbff17b3108e5b616912469f8a4375c667c72b,C,hybrid_tdvp,11,rzz,0.05,2,9,7,8,1,31,31,commuting,0.9547739252521699,0.9547739252521699,0.045226074747830136,0.21389091829887566,0.9999999999999996,1.0000000000000004,0.03535985360132954,0.009313246179355082,0.05591278302017599,8,"[1, 2, 4, 8, 8, 8, 8, 8, 8, 8, 4, 2, 1]",936,2.7447454696098305e-05,0.0013016667957779777,1e-12
8aae5b2a849061729297e40de225eff3bf6a801d94381d88cd1a6b83b5a54af7,C,hybrid_tdvp,11,rzz,0.05,2,9,7,8,2,31,31,commuting,0.9542937890650216,0.9542937890650216,0.0457062109349784,0.2150366549570339,0.9999999999999996,1.0000000000000009,0.03616723845875591,0.009394335370447485,0.08746409200830385,8,"[1, 2, 4, 8, 8, 8, 8, 8, 8, 8, 4, 2, 1]",936,1.396534808708329e-05,0.0006563698520011909,1e-12
4d570c5e91d58743785c5954d2fa623ad1e4dc244a930bca5ce849bd47b11263,C,hybrid_tdvp,11,rzz,0.05,2,9,7,8,4,31,31,commuting,0.9540496012347769,0.9540496012347769,0.04595039876522311,0.21561712857343734,0.9999999999999996,0.9999999999999998,0.03656701259802575,0.00943509614990386,0.1843577070394531,8,"[1, 2, 4, 8, 8, 8, 8, 8, 8, 8, 4, 2, 1]",936,7.044195030993637e-06,0.0003295453989905086,1e-12
883c82e0f1699f4d10f6fc374a908f287ad37e15dac1c70c97e3bb9bf8596705,C,hybrid_tdvp,11,rzz,0.05,2,9,7,8,8,31,31,commuting,0.9539264290613176,0.9539264290613176,0.04607357093868236,0.2159093645512579,0.9999999999999996,0.9999999999999998,0.03676601110464617,0.009455561371454601,0.182535731990356,8,"[1, 2, 4, 8, 8, 8, 8, 8, 8, 8, 4, 2, 1]",936,3.5376186284237185e-06,0.00016511005442655378,1e-12
e835d8c406f95ec7f23746b301e6d32f278ff28e1a06ceb1d36763ea74640279,C,hybrid_tdvp,11,rzz,0.05,2,9,7,16,1,31,31,commuting,0.9989512816915568,0.9989512816915568,0.0010487183084432194,0.03238816767332676,0.9999999999999996,1.0000000000000009,0.0009011527581176404,0.00026055833050710295,0.037667528027668595,16,"[1, 2, 4, 8, 16, 16, 16, 16, 16, 8, 4, 2, 1]",2728,8.778889839084369e-07,4.844529831938732e-05,1e-12
8802994473490b02006841ca9d13438cb12588ecab4aac6ad7cb5babbc181ac4,C,hybrid_tdvp,11,rzz,0.05,2,9,7,16,2,31,31,commuting,0.9988804221539755,0.9988804221539755,0.0011195778460244554,0.03345815732130981,0.9999999999999996,0.9999997784530422,0.0011034391828962375,0.00032210873890358517,0.12868665100540966,16,"[1, 2, 4, 8, 16, 16, 16, 16, 16, 8, 4, 2, 1]",2728,4.505504113496817e-07,2.7374842071893713e-05,1e-12
50363b5dc5dcc2b53ccdd2e932aeca11ac7d460249d67ec47ec6c6b5ca201a28,C,hybrid_tdvp,11,rzz,0.05,2,9,7,16,4,31,31,commuting,0.9988809147045921,0.9988809147045921,0.00111908529540794,0.033454058115749793,0.9999999999999996,0.9999998877228543,0.0011266676685726118,0.00031662857086812995,0.07577123894589022,16,"[1, 2, 4, 8, 16, 16, 16, 16, 16, 8, 4, 2, 1]",2728,2.2891195109813908e-07,1.4235743280276058e-05,1e-12
09f7ca085b3dcc5b4f6a39333ec54b9023e839dfc638078d8209cf3061a685ee,C,hybrid_tdvp,11,rzz,0.05,2,9,7,16,8,31,31,commuting,0.998934499224547,0.998934499224547,0.0010655007754529766,0.03263961732223862,0.9999999999999996,0.9999997799345774,0.0008504643260064393,0.0002729065423410248,0.21752617199672386,16,"[1, 2, 4, 8, 16, 16, 16, 16, 16, 8, 4, 2, 1]",2728,1.1279020056159467e-07,6.805376807611546e-06,1e-12
7800a35e473f633fbb2712bd3838afe1902f8fc409a462c11ade47d6d0d7b5ed,C,hybrid_tdvp,11,rzz,0.05,2,9,7,64,1,31,31,commuting,0.9999999999842184,0.9999999999842184,1.5781598250441675e-11,3.85301481428775e-06,0.9999999999999996,0.9999999999995316,5.28550581080367e-08,1.1032627989802483e-08,0.2808740540058352,32,"[1, 2, 4, 8, 16, 32, 32, 32, 16, 8, 4, 2, 1]",6824,3.833842569049071e-22,9.78515808486546e-13,1e-12
2fcc4c2c9ecdc71964ca4dba960af19da086df173064ddb402c23708ae749639,C,hybrid_tdvp,11,rzz,0.05,2,9,7,64,2,31,31,commuting,0.9999999998476952,0.9999999998476952,1.5230483541017747e-10,1.2191082783613934e-05,0.9999999999999996,0.9999999999981586,4.734950568019425e-07,6.410874969497673e-08,0.5250864549889229,32,"[1, 2, 4, 8, 16, 32, 32, 32, 16, 8, 4, 2, 1]",6824,4.9130911843813316e-20,3.8513559829166096e-12,1e-12
0b7f30b0d6a608b559be52bda02bbc155343d8cafc24fccaf947aa5f7ab627d0,C,hybrid_tdvp,11,rzz,0.05,2,9,7,64,4,31,31,commuting,0.9999999988950408,0.9999999988950408,1.1049592352208037e-09,3.303444489320052e-05,0.9999999999999996,0.9999999999931574,3.078174354992358e-07,4.74167201282783e-08,0.38303159800125286,32,"[1, 2, 4, 8, 16, 31, 32, 32, 16, 8, 4, 2, 1]",6728,1.0393253458261693e-17,1.4001085951333213e-11,1e-12
7eb51d546c692ebf30a77f0610310b0af3b185b3a8cd8bf8980203c04aca9d78,C,hybrid_tdvp,11,rzz,0.05,2,9,7,64,8,31,31,commuting,0.9999999947364349,0.9999999947364349,5.263565139301818e-09,7.233126504370574e-05,0.9999999999999996,0.9999999999841225,5.898391746486653e-07,8.30167290148911e-08,0.5081361560150981,32,"[1, 2, 4, 8, 16, 31, 32, 30, 16, 8, 4, 2, 1]",6536,1.2417141160588487e-14,3.259859522131442e-11,1e-12
53ad0ad58c2ad94642724cb511c1dafa48dcaa2041b67e2bab595a8a674cc53f,C,hybrid_tdvp,11,rxx,0.05,2,9,7,8,1,31,31,mixed,0.9354121931031663,0.9354121931031663,0.06458780689683374,0.2562534027683776,0.9999999999999996,1.0,0.031269226532507424,0.011178846275016476,0.057332582015078515,8,"[1, 2, 4, 8, 8, 8, 8, 8, 8, 8, 4, 2, 1]",936,4.2661692749403296e-05,0.0013751950478132723,1e-12
c2d763535f30b7ff2f13a370946d888612bafc365c31a6f22c3c4bfd3b1814c2,C,hybrid_tdvp,11,rxx,0.05,2,9,7,8,2,31,31,mixed,0.9347378190184907,0.9347378190184907,0.06526218098150927,0.2576105579066431,0.9999999999999996,1.0,0.03158240073914133,0.01131660733751801,0.03440992900868878,8,"[1, 2, 4, 8, 8, 8, 8, 8, 8, 8, 4, 2, 1]",936,2.140187066231454e-05,0.0006901187627840651,1e-12
945dd62081a25bba06d685de880a696358ceead22044499551f4b7c6162cbb0f,C,hybrid_tdvp,11,rxx,0.05,2,9,7,8,4,31,31,mixed,0.9344024848658911,0.9344024848658911,0.06559751513410894,0.25828293326219615,0.9999999999999996,0.9999999999999998,0.03173184183345941,0.01138420771742248,0.27768877701601014,8,"[1, 2, 4, 8, 8, 8, 8, 8, 8, 8, 4, 2, 1]",936,1.0716522743921738e-05,0.00034569688065103483,1e-12
22a87af10dbf6fba40174aab64c439ba5cb756424f92459abee3b559253d2edd,C,hybrid_tdvp,11,rxx,0.05,2,9,7,8,8,31,31,mixed,0.9342352794287284,0.9342352794287284,0.06576472057127158,0.258617587141555,0.9999999999999996,1.0000000000000004,0.03180491404669407,0.01141769042352757,0.2736704139970243,8,"[1, 2, 4, 8, 8, 8, 8, 8, 8, 8, 4, 2, 1]",936,5.361894560207329e-06,0.00017300906798098777,1e-12
679cf1db9d7ac462d8f3f01cd650764cf197f45e5d13c890bc2b22ec445a4fe8,C,hybrid_tdvp,11,rxx,0.05,2,9,7,16,1,31,31,mixed,0.9970999368939786,0.9970999368939786,0.002900063106021422,0.05387178066379836,0.9999999999999996,1.0,0.0031017521232413886,0.0008011682372040539,0.09363437897991389,16,"[1, 2, 4, 8, 16, 16, 16, 16, 16, 8, 4, 2, 1]",2728,5.490232822507665e-06,0.00013834694314519591,1e-12
ae305ad4b6b31b76b4817424877ccc46278257fede790219d6ace31aa1d90837,C,hybrid_tdvp,11,rxx,0.05,2,9,7,16,2,31,31,mixed,0.9971080611765324,0.9971080611765324,0.0028919388234676102,0.053796214362693016,0.9999999999999996,0.9999999999999997,0.0024026361616572723,0.0007864456089025941,0.14603025797987357,16,"[1, 2, 4, 8, 16, 16, 16, 16, 16, 8, 4, 2, 1]",2728,2.7642244674310234e-06,6.995555504150414e-05,1e-12
a19474d75aa0dbe4cc9cd3a053cf3f200e34e8154c08607415a03efe4d4e054c,C,hybrid_tdvp,11,rxx,0.05,2,9,7,16,4,31,31,mixed,0.9970734044971967,0.9970734044971967,0.0029265955028032753,0.05411783330963528,0.9999999999999996,1.0,0.0024221250692231244,0.0008399224010022675,0.0848642050405033,16,"[1, 2, 4, 8, 16, 16, 16, 16, 16, 8, 4, 2, 1]",2728,1.3419357843973584e-06,3.634437650542583e-05,1e-12
041299734b3221643d5811a3f8be96dbf43eba644b000c1529a9e87b8fb98bfe,C,hybrid_tdvp,11,rxx,0.05,2,9,7,16,8,31,31,mixed,0.9970502141835705,0.9970502141835705,0.002949785816429462,0.05433198266029107,0.9999999999999996,0.9999999999999999,0.002705651206693638,0.0008739800136802326,0.3245224730344489,16,"[1, 2, 4, 8, 16, 16, 16, 16, 16, 8, 4, 2, 1]",2728,6.62017194472678e-07,1.85577390792719e-05,1e-12
573e94a2abbbefda570d5fad1dda3aa77dc93ccb87febc6f7e2dde769798a207,C,hybrid_tdvp,11,rxx,0.05,2,9,7,64,1,31,31,mixed,0.9999999995187541,0.9999999995187541,4.812459319936124e-10,2.1848351172837935e-05,0.9999999999999996,0.9999999999980511,1.0642072939479053e-06,1.2582339599001995e-07,0.3627305020345375,52,"[1, 2, 4, 8, 16, 32, 52, 32, 16, 8, 4, 2, 1]",9384,1.7927194539988763e-13,4.0480930955534544e-12,1e-12
bd3d4f76cb421282c2bcd47b51bf2d22bcab598194079a621d61dda6d30387a5,C,hybrid_tdvp,11,rxx,0.05,2,9,7,64,2,31,31,mixed,0.9999999998659619,0.9999999998659619,1.3403811394141485e-10,1.131584047402862e-05,0.9999999999999996,0.9999999999970042,5.227768894063012e-07,6.187333010880439e-08,0.7822661889949813,53,"[1, 2, 4, 8, 16, 32, 53, 32, 16, 8, 4, 2, 1]",9512,2.8055796589078363e-13,6.159734991655434e-12,1e-12
a16719718de784c0a5d02ff10b6b9999ef4cf8eb4e246b1d1066a18f14264eae,C,hybrid_tdvp,11,rxx,0.05,2,9,7,64,4,31,31,mixed,0.9999999999344613,0.9999999999344613,6.553868558967224e-11,7.540886739186636e-06,0.9999999999999996,0.9999999999956626,2.4881302082904733e-07,3.009203121883783e-08,1.0663694239920005,54,"[1, 2, 4, 8, 16, 32, 54, 32, 16, 8, 4, 2, 1]",9640,3.109213549084998e-13,9.177357566163557e-12,1e-12
5556b3e9cf9921eacf73f92ca804f5f62c82bb5e8a20b3ebf41be74a01e696f6,C,hybrid_tdvp,11,rxx,0.05,2,9,7,64,8,31,31,mixed,0.9999999999047322,0.9999999999047322,9.526779365387483e-11,9.182378778371257e-06,0.9999999999999996,0.9999999999945229,9.648240459347868e-08,2.0890266330626684e-08,2.4949352990370244,56,"[1, 2, 4, 8, 16, 32, 56, 32, 16, 8, 4, 2, 1]",9896,2.1254568576707083e-13,1.1758739263436968e-11,1e-12
4b4644325b794b64912107fbbb8dae0f68f9b6274536302b12216e7e88a6f647,C,hybrid_tdvp,11,rzz,0.05,2,8,6,8,1,32,32,commuting,0.9520120940985068,0.9520120940985068,0.047987905901493155,0.22040385199175178,0.9999999999999996,1.0000000000000004,0.03546504980153409,0.009947271787813457,0.020115775987505913,8,"[1, 2, 4, 8, 8, 8, 8, 8, 8, 8, 4, 2, 1]",936,3.1440009805594485e-05,0.001333106805583572,1e-12
557e5f23c8f2ee9d79e3a45b431713468e9c86ad9b3f9ab125779b2a6ad313ae,C,hybrid_tdvp,11,rzz,0.05,2,8,6,8,2,32,32,commuting,0.9515113837250919,0.9515113837250919,0.04848861627490808,0.22156511527597117,0.9999999999999996,1.0000000000000009,0.03626317497792675,0.010038126603278146,0.048063891008496284,8,"[1, 2, 4, 8, 8, 8, 8, 8, 8, 8, 4, 2, 1]",936,1.59240467155406e-05,0.0006722938987167314,1e-12
b83171b4e6efdff997295bb7bb461d3952581696a91c67c1cb2f2345991064d3,C,hybrid_tdvp,11,rzz,0.05,2,8,6,8,4,32,32,commuting,0.951256617900469,0.951256617900469,0.048743382099530996,0.22215376282803903,0.9999999999999996,1.0000000000000007,0.03665821791746415,0.010083580321820468,0.1178712869877927,8,"[1, 2, 4, 8, 8, 8, 8, 8, 8, 8, 4, 2, 1]",936,8.013347139907263e-06,0.00033755874613041587,1e-12
7fce1c6bc23932ffe6089c83667f002419bde0cbee80c5fe89422b5b6dcfce0e,C,hybrid_tdvp,11,rzz,0.05,2,8,6,8,8,32,32,commuting,0.9511280809565472,0.9511280809565472,0.04887191904345278,0.22245019168185218,0.9999999999999996,0.9999999999999999,0.036854828232541825,0.010106349340250275,0.19050503597827628,8,"[1, 2, 4, 8, 8, 8, 8, 8, 8, 8, 4, 2, 1]",936,4.019548239289952e-06,0.0001691296026658436,1e-12
feaaf1ce523d3ab6c60be814bc6f015620e601c8757eb47cb359ef502abae82c,C,hybrid_tdvp,11,rzz,0.05,2,8,6,16,1,32,32,commuting,0.9988390303474746,0.9988390303474746,0.0011609696525254343,0.03407795197636947,0.9999999999999996,0.999999999999999,0.0009496155884468616,0.00028028150873980355,0.0709874689928256,16,"[1, 2, 4, 8, 16, 16, 16, 16, 16, 8, 4, 2, 1]",2728,2.1684440277387084e-06,5.061374234712603e-05,1e-12
e4ef1672ed4b028281daa5d218544b4cc32f18ad3c914537b99731719b4e021c,C,hybrid_tdvp,11,rzz,0.05,2,8,6,16,2,32,32,commuting,0.9987643062985109,0.9987643062985109,0.0012356937014891267,0.035157867857107596,0.9999999999999996,1.0000000000000013,0.001151740503780807,0.0003445554566168704,0.08011013403302059,16,"[1, 2, 4, 8, 16, 16, 16, 16, 16, 8, 4, 2, 1]",2728,1.1436924748027881e-06,2.8518534546696502e-05,1e-12
b5b888eee58bcbbe1e25fba4f90e9364406da9ce78b72239d312a3222c7ebc74,C,hybrid_tdvp,11,rzz,0.05,2,8,6,16,4,32,32,commuting,0.9987667806614264,0.9987667806614264,0.0012332193385735657,0.03512263914741561,0.9999999999999996,1.0000000000000002,0.0011812589147919828,0.00033912646449601146,0.1436852230108343,16,"[1, 2, 4, 8, 16, 16, 16, 16, 16, 8, 4, 2, 1]",2728,5.667872960420782e-07,1.4802530576318134e-05,1e-12
f396a3f5758f4409091294abf0ce192995241561584c8be8f5fe549d9f73762e,C,hybrid_tdvp,11,rzz,0.05,2,8,6,16,8,32,32,commuting,0.9988267800920738,0.9988267800920738,0.0011732199079261818,0.03425732361368552,0.9999999999999996,1.0000000000000007,0.0008888650566520884,0.0002919881436515666,0.18645900499541312,16,"[1, 2, 4, 8, 16, 16, 16, 16, 16, 8, 4, 2, 1]",2728,2.6836141961452364e-07,7.0737382272260684e-06,1e-12
d41d3a890a98c2fa9f050138f122a7a78b68d7fd73cfb419f7ad380365e8f4d1,C,hybrid_tdvp,11,rzz,0.05,2,8,6,64,1,32,32,commuting,0.9999999999842166,0.9999999999842166,1.5783374607281075e-11,3.853014818161421e-06,0.9999999999999996,0.9999999999995303,5.285503471008646e-08,1.1002259462396804e-08,0.21437074500136077,32,"[1, 2, 4, 8, 16, 32, 32, 32, 16, 8, 4, 2, 1]",6824,1.1086192224646423e-21,9.785158095951652e-13,1e-12
00e2ee51780156af68d17e0abbed0be69646908668a9ab5fac0af7b573e70b79,C,hybrid_tdvp,11,rzz,0.05,2,8,6,64,2,32,32,commuting,0.9999999998477,0.9999999998477,1.5229995042886912e-10,1.2191083147627874e-05,0.9999999999999996,0.9999999999981608,4.716687937930675e-07,6.371171297724791e-08,0.4685205499990843,32,"[1, 2, 4, 8, 16, 32, 32, 32, 16, 8, 4, 2, 1]",6824,1.4440226706206041e-19,3.851356127318877e-12,1e-12
27ec393878351d48c21e3dbb93587b8d280c40750c9a8f981a3027407a69f048,C,hybrid_tdvp,11,rzz,0.05,2,8,6,64,4,32,32,commuting,0.9999999988091408,0.9999999988091408,1.1908591890374964e-09,3.430263227192097e-05,0.9999999999999996,0.999999999992905,3.150428730114285e-07,4.856048790146736e-08,0.3556751039577648,32,"[1, 2, 4, 8, 16, 31, 32, 32, 16, 8, 4, 2, 1]",6728,5.029801646927922e-13,1.4504066116026004e-11,1e-12
479646c707c4b371cba70d6bf4ccf2f415ae3bdd99d65b371a87c0d32bdd621e,C,hybrid_tdvp,11,rzz,0.05,2,8,6,64,8,32,32,commuting,0.9999999944748053,0.9999999944748053,5.525194746169859e-09,7.411256298830346e-05,0.9999999999999996,0.9999999999837386,5.828555609960206e-07,8.336441527418834e-08,0.7176761230221018,32,"[1, 2, 4, 8, 16, 31, 32, 31, 16, 8, 4, 2, 1]",6632,7.862579840770138e-13,3.338485320539141e-11,1e-12
9b3ae0951e1bdaa86d1a5fc6a0c22d480a617485da473da6497e485f353876e8,C,hybrid_tdvp,11,rzz,0.05,2,8,6,8,1,32,32,mixed,0.9321798722128023,0.9321798722128023,0.0678201277871977,0.2626989696293281,0.9999999999999996,0.9999999999999999,0.036221212057568175,0.011943071424032371,0.018575115012936294,8,"[1, 2, 4, 8, 8, 8, 8, 8, 8, 8, 4, 2, 1]",936,3.6932858641646945e-05,0.0014121279064549192,1e-12
43bf68223ed322df2894efae4146b87def5689730d47ee3f3682246ac1996054,C,hybrid_tdvp,11,rzz,0.05,2,8,6,8,2,32,32,mixed,0.931442483199656,0.931442483199656,0.06855751680034405,0.26414890112530687,0.9999999999999996,1.0000000000000004,0.03665543212194622,0.012096883874360035,0.10750540904700756,8,"[1, 2, 4, 8, 8, 8, 8, 8, 8, 8, 4, 2, 1]",936,1.870519524304979e-05,0.0007088239580271152,1e-12
596b463d015f140b9f451f07eeec5459cbbc306316c7d333ca2ed48d57709826,C,hybrid_tdvp,11,rzz,0.05,2,8,6,8,4,32,32,mixed,0.931074608672927,0.931074608672927,0.06892539132707298,0.2648695003723847,0.9999999999999996,1.0000000000000002,0.03686467475226718,0.0121724714785546,0.1537609560182318,8,"[1, 2, 4, 8, 8, 8, 8, 8, 8, 8, 4, 2, 1]",936,9.412371325200703e-06,0.0003551092519762355,1e-12
ca87ebcdd43b3c03c1ff594a9b54ed0bbd8655956c7e2358ee56fcb6d83c7d2b,C,hybrid_tdvp,11,rzz,0.05,2,8,6,8,8,32,32,mixed,0.9308908728328498,0.9308908728328498,0.06910912716715023,0.26522872550541476,0.9999999999999996,1.0000000000000007,0.036967388563402204,0.012209939470718266,0.1954565710038878,8,"[1, 2, 4, 8, 8, 8, 8, 8, 8, 8, 4, 2, 1]",936,4.7211474780457974e-06,0.00017773021545903348,1e-12
7a5e5168882ad367d8d140a0e87860cb07fc6b33fe3c909e5e6db6774d0d12fa,C,hybrid_tdvp,11,rzz,0.05,2,8,6,16,1,32,32,mixed,0.9968842092464295,0.9968842092464295,0.003115790753570491,0.055841038493461004,0.9999999999999996,1.0000000000000002,0.0031899206378467847,0.0008395220589872105,0.08288582297973335,16,"[1, 2, 4, 8, 16, 16, 16, 16, 16, 8, 4, 2, 1]",2728,5.398612605025052e-06,0.00014374555575022096,1e-12
e7f577a21265d8f4089034a4f1fcd7fd2c8f435a28a99c986469d7b1c211847a,C,hybrid_tdvp,11,rzz,0.05,2,8,6,16,2,32,32,mixed,0.9969073565944009,0.9969073565944009,0.003092643405599116,0.05563306769357283,0.9999999999999996,0.9999999999999996,0.0024924211151159583,0.0008209325521755731,0.12558940600138158,16,"[1, 2, 4, 8, 16, 16, 16, 16, 16, 8, 4, 2, 1]",2728,2.54330192933897e-06,7.24988569708431e-05,1e-12
bc193d814a519e78e21978fd8db35e27136a10a17f9f8c4c556137c5af6dc92f,C,hybrid_tdvp,11,rzz,0.05,2,8,6,16,4,32,32,mixed,0.9968727939594066,0.9968727939594066,0.0031272060405933555,0.05594331707425618,0.9999999999999996,1.0000000000000004,0.002621522812561519,0.0008731018563077654,0.40248669899301603,16,"[1, 2, 4, 8, 16, 16, 16, 16, 16, 8, 4, 2, 1]",2728,1.266154225667124e-06,3.7610530731092965e-05,1e-12
6fa1c943b9ad48113cba636f2e491d4d88f65fa437651a05e2c0c2913d9503f2,C,hybrid_tdvp,11,rzz,0.05,2,8,6,16,8,32,32,mixed,0.9968477645532926,0.9968477645532926,0.0031522354467073965,0.056161377680670886,0.9999999999999996,0.9999996884130337,0.002711029397416423,0.0009078263755402282,0.2485208020079881,16,"[1, 2, 4, 8, 16, 16, 16, 16, 16, 8, 4, 2, 1]",2728,6.357370413342329e-07,1.9193476120606138e-05,1e-12
f7ef92bcdf9b6b08341a51b9ccc8358d67f7dc69c52d240eb9c06465427a123e,C,hybrid_tdvp,11,rzz,0.05,2,8,6,64,1,32,32,mixed,0.9999999995184197,0.9999999995184197,4.815803311686295e-10,2.185215122836444e-05,0.9999999999999996,0.999999999997967,1.0428254410138615e-06,1.2390023260566626e-07,0.35266017500543967,55,"[1, 2, 4, 8, 16, 32, 55, 32, 16, 8, 4, 2, 1]",9768,1.6710344372580099e-13,4.215196539279256e-12,1e-12
00475cf681a9d2f674a51549a4e534e19da87cfe8645a6734c8a866582356ce2,C,hybrid_tdvp,11,rzz,0.05,2,8,6,64,2,32,32,mixed,0.9999999998650262,0.9999999998650262,1.3497380990656893e-10,1.1347890524104599e-05,0.9999999999999996,0.9999999999968994,5.113021012623231e-07,6.083067129192754e-08,0.5955667290254496,54,"[1, 2, 4, 8, 16, 32, 54, 32, 16, 8, 4, 2, 1]",9640,2.239934677821925e-13,6.383728459437628e-12,1e-12
5adaf4748ffb17e4dc47f47182ad18bb0885a1ae4017bda0be9d2b42ca6a6a59,C,hybrid_tdvp,11,rzz,0.05,2,8,6,64,4,32,32,mixed,0.9999999999336944,0.9999999999336944,6.63056276550833e-11,7.580387609964558e-06,0.9999999999999996,0.9999999999955775,2.4188746606743083e-07,2.9439835544682255e-08,1.3122642770176753,55,"[1, 2, 4, 8, 16, 32, 55, 32, 16, 8, 4, 2, 1]",9768,1.7345072895324763e-13,9.350808295116806e-12,1e-12
2b3195609445be45e127ecb85751a1d742a307d11e99b5a55a29d41e4b0fd1e6,C,hybrid_tdvp,11,rzz,0.05,2,8,6,64,8,32,32,mixed,0.999999999903626,0.999999999903626,9.637401987561134e-11,9.234331885545667e-06,0.9999999999999996,0.9999999999944477,9.381899428520524e-08,2.060830306680444e-08,2.2289552530273795,56,"[1, 2, 4, 8, 16, 32, 56, 32, 16, 8, 4, 2, 1]",9896,1.7658823649221197e-13,1.1935327499929181e-11,1e-12
90a41bdd6d57d0f0fadcd54a70870a509079d2142b27e5a6d15c7ede48dd6536,C,hybrid_tdvp,11,rzz,0.05,3,9,6,8,1,33,33,commuting,0.949755152620576,0.949755152620576,0.05024484737942403,0.22559334063170342,0.9999999999999996,1.0,0.036399157732531995,0.010186320176949664,0.03095267404569313,8,"[1, 2, 4, 8, 8, 8, 8, 8, 8, 8, 4, 2, 1]",936,2.9245881948310006e-05,0.0013623526875318822,1e-12
ab5daa55ba871650ff63dd099f3dacd1bc2e45bd0f162b5eb7eaaab9a749f7a8,C,hybrid_tdvp,11,rzz,0.05,3,9,6,8,2,33,33,commuting,0.9492407937210355,0.9492407937210355,0.050759206278964464,0.22676026091569038,0.9999999999999996,1.0,0.03720733205453142,0.010277867012590463,0.09057985799154267,8,"[1, 2, 4, 8, 8, 8, 8, 8, 8, 8, 4, 2, 1]",936,1.472504452264617e-05,0.0006870189432393774,1e-12
c9291a47d20665ddf2c44e646f04927fb72bf135e92d8a5fccaf2adce6f8cfe8,C,hybrid_tdvp,11,rzz,0.05,3,9,6,8,4,33,33,commuting,0.9489789204367631,0.9489789204367631,0.05102107956323687,0.22735218981620717,0.9999999999999996,0.9999999999999988,0.03760788863699216,0.010323745531486747,0.09513698797672987,8,"[1, 2, 4, 8, 8, 8, 8, 8, 8, 8, 4, 2, 1]",936,7.3882498198197265e-06,0.00034494699595023553,1e-12
68fa4752e6826960a665332829b5bbf48d4244086aac8542f7b11c00bcacea53,C,hybrid_tdvp,11,rzz,0.05,3,9,6,8,8,33,33,commuting,0.9488467668530287,0.9488467668530287,0.05115323314697129,0.22765035158780741,0.9999999999999996,1.0000000000000007,0.037807366727106384,0.010346742931528569,0.2216462449869141,8,"[1, 2, 4, 8, 8, 8, 8, 8, 8, 8, 4, 2, 1]",936,3.7005647725429734e-06,0.00017283016743838654,1e-12
dcce92ce3b2989f5bfe4f7222d031d584bf7e2a59947da95363b24f4d3b238f0,C,hybrid_tdvp,11,rzz,0.05,3,9,6,16,1,33,33,commuting,0.998690935261421,0.998690935261421,0.0013090647385789467,0.036186923492370966,0.9999999999999996,1.0000000000000004,0.0010138796256228821,0.0003126693472777938,0.03864278399851173,16,"[1, 2, 4, 8, 16, 16, 16, 16, 16, 8, 4, 2, 1]",2728,2.799921522255238e-06,5.3413663869381266e-05,1e-12
1a60abd9bbe53f096ecfc4d769ebd7463c9cb05ce8fd0497c8f6205ab033c078,C,hybrid_tdvp,11,rzz,0.05,3,9,6,16,2,33,33,commuting,0.9986073578228412,0.9986073578228412,0.0013926421771588426,0.037324621607385075,0.9999999999999996,1.0000000000000002,0.0012642757536316662,0.000380856442493395,0.045654735004063696,16,"[1, 2, 4, 8, 16, 16, 16, 16, 16, 8, 4, 2, 1]",2728,1.4829854789505983e-06,3.0001520025647103e-05,1e-12
cc0fc8abd2cc707bf587185263bff11344f7337b7b2a135e22390d87bbefc4c6,C,hybrid_tdvp,11,rzz,0.05,3,9,6,16,4,33,33,commuting,0.9986114186001931,0.9986114186001931,0.0013885813998069096,0.03727014588582408,0.9999999999999996,0.9999999999999997,0.0013038631566299475,0.000373444557570506,0.08050988899776712,16,"[1, 2, 4, 8, 16, 16, 16, 16, 16, 8, 4, 2, 1]",2728,7.370752944938603e-07,1.553960587081199e-05,1e-12
20cdc8264c17db0c68cff0810bae5a4ce6bcc033c4f6dbc74ee543d96051fb7b,C,hybrid_tdvp,11,rzz,0.05,3,9,6,16,8,33,33,commuting,0.998678484878465,0.998678484878465,0.0013215151215349996,0.03635403197987338,0.9999999999999996,0.999999831815174,0.0010085651986974642,0.00032285016553647733,0.16039158595958725,16,"[1, 2, 4, 8, 16, 16, 16, 16, 16, 8, 4, 2, 1]",2728,3.5236701062895217e-07,7.42610523785502e-06,1e-12
a6b779b38deae23c838547b6c34b3aece7655b1ee4cc9cf2b412739aea87b2a9,C,hybrid_tdvp,11,rzz,0.05,3,9,6,64,1,33,33,commuting,0.9999999999842175,0.9999999999842175,1.5782486428861375e-11,3.853014820950128e-06,0.9999999999999996,0.9999999999995307,5.7722100162138634e-08,1.1574821081199255e-08,0.23560805601300672,32,"[1, 2, 4, 8, 16, 32, 32, 32, 16, 8, 4, 2, 1]",6824,6.376030385921709e-22,9.785158102327682e-13,1e-12
890f02026e4459d74ecbf7459231e17e6a4d94a66983208db6097fd6af2c1036,C,hybrid_tdvp,11,rzz,0.05,3,9,6,64,2,33,33,commuting,0.9999999998477056,0.9999999998477056,1.52294399313746e-10,1.2191083396692859e-05,0.9999999999999996,0.9999999999981632,4.716687928355001e-07,6.408816372085043e-08,0.44811538100475445,32,"[1, 2, 4, 8, 16, 32, 32, 32, 16, 8, 4, 2, 1]",6824,9.046469847031151e-20,3.8513562177835755e-12,1e-12
9f22597f301064fbc2c292e6153ecda5ef3be46d7668380a127e7b7a41826c6f,C,hybrid_tdvp,11,rzz,0.05,3,9,6,64,4,33,33,commuting,0.9999999987093737,0.9999999987093737,1.2906262725209672e-09,3.571936760787631e-05,0.9999999999999996,0.9999999999926226,3.150428591752741e-07,4.904763264135588e-08,0.3858412809786387,32,"[1, 2, 4, 8, 16, 31, 32, 32, 16, 8, 4, 2, 1]",6728,5.89083933904893e-13,1.5093150049930892e-11,1e-12
07cac9598454b498b8d3987418cebf381ea995cc1deb3c40733ff6ee3bfbcc82,C,hybrid_tdvp,11,rzz,0.05,3,9,6,64,8,33,33,commuting,0.9999999941726792,0.9999999941726792,5.827320848084128e-09,7.611753595525547e-05,0.9999999999999996,0.9999999999832777,6.082305669327659e-07,8.598682199307382e-08,0.5836574290296994,32,"[1, 2, 4, 8, 16, 31, 32, 31, 16, 8, 4, 2, 1]",6632,9.202538577469538e-13,3.4305107063138375e-11,1e-12
99528067f4d1756d331f5b3a61f0a233cc4adb4e951fa431e6c9836e02e45390,C,hybrid_tdvp,11,ryy,0.05,3,9,6,8,1,33,33,mixed,0.9293039710035113,0.9293039710035113,0.07069602899648875,0.2683127491229033,0.9999999999999996,0.9999999999999997,0.03609861391495539,0.012412239800093457,0.08627317001810297,8,"[1, 2, 4, 8, 8, 8, 8, 8, 8, 8, 4, 2, 1]",936,3.4463625653289334e-05,0.0014465915321082085,1e-12
7931f6ad358bf9332175534b63c0c39931508e3b472956475c70a8fcb22581fc,C,hybrid_tdvp,11,ryy,0.05,3,9,6,8,2,33,33,mixed,0.9285520331806586,0.9285520331806586,0.0714479668193414,0.26976268150813676,0.9999999999999996,1.0000000000000013,0.03653235588766646,0.012571036626342364,0.09107274399138987,8,"[1, 2, 4, 8, 8, 8, 8, 8, 8, 8, 4, 2, 1]",936,1.7341453977994024e-05,0.0007261654120051094,1e-12
cdaa0e0879d45800815d809f64095ede7b0954a65200f9c4c9993c47bbfd90fc,C,hybrid_tdvp,11,ryy,0.05,3,9,6,8,4,33,33,mixed,0.9281767625593424,0.9281767625593424,0.07182323744065755,0.2704836122311708,0.9999999999999996,0.9999999999999999,0.03674161184267638,0.012649110024298419,0.0473645479651168,8,"[1, 2, 4, 8, 8, 8, 8, 8, 8, 8, 4, 2, 1]",936,8.697418916698434e-06,0.0003638066708929338,1e-12
965a7357683399a2671689e63ccfd630ee8b94daa31dd9e945b13321f4301875,C,hybrid_tdvp,11,ryy,0.05,3,9,6,8,8,33,33,mixed,0.9279893053476862,0.9279893053476862,0.0720106946523138,0.2708430711812383,0.9999999999999996,1.0,0.036844396170268245,0.012687819069463356,0.11634563800180331,8,"[1, 2, 4, 8, 8, 8, 8, 8, 8, 8, 4, 2, 1]",936,4.355288676703786e-06,0.0001820855041357372,1e-12
28106093b9990f27de1bbd1d33e7703e2d883035cfcfca00eebdc234ec38608e,C,hybrid_tdvp,11,ryy,0.05,3,9,6,16,1,33,33,mixed,0.996613425470816,0.996613425470816,0.0033865745291840055,0.058218954098106276,0.9999999999999996,1.0000000000000002,0.0033821713273175513,0.000890542097500456,0.0699465970392339,16,"[1, 2, 4, 8, 16, 16, 16, 16, 16, 8, 4, 2, 1]",2728,7.212854092030617e-06,0.00015095840984225155,1e-12
15d4472d37ed35da806b92a6ad877ebfb7c836f2ca81108f9e1bd9eabbfc20dd,C,hybrid_tdvp,11,ryy,0.05,3,9,6,16,2,33,33,mixed,0.9966703338666749,0.9966703338666749,0.003329666133325082,0.05772731092349229,0.9999999999999996,0.9999999999999994,0.002512766206515287,0.0008650073146098414,0.2122390540316701,16,"[1, 2, 4, 8, 16, 16, 16, 16, 16, 8, 4, 2, 1]",2728,3.1051553542340335e-06,7.560401232507713e-05,1e-12
91b98b2958d4f432db8d1e59e766ac100b36bdd8e5efce2d27a9708fc5c53a50,C,hybrid_tdvp,11,ryy,0.05,3,9,6,16,4,33,33,mixed,0.9966404329908995,0.9966404329908995,0.0033595670091004504,0.057986148617568394,0.9999999999999996,0.9999999999999997,0.002743374101174867,0.0009156834699171194,0.2604189270059578,16,"[1, 2, 4, 8, 16, 16, 16, 16, 16, 8, 4, 2, 1]",2728,1.5324469661794404e-06,3.914297769727242e-05,1e-12
7b5117626183da6c0cf592d9a74ef23609bea4d792a67ca10fd69f8e25ca8d78,C,hybrid_tdvp,11,ryy,0.05,3,9,6,16,8,33,33,mixed,0.99661511084225,0.99661511084225,0.0033848891577500373,0.05820445330444213,0.9999999999999996,1.0,0.0030549044412764292,0.0009533092430289889,0.24239264300558716,16,"[1, 2, 4, 8, 16, 16, 16, 16, 16, 8, 4, 2, 1]",2728,7.696713847621458e-07,1.9963147505368287e-05,1e-12
ebb5bfa99e77f76260829b52649cacc91fb05ae725b62d58e0974c784a9374a8,C,hybrid_tdvp,11,ryy,0.05,3,9,6,64,1,33,33,mixed,0.9999999995177657,0.9999999995177657,4.822342525301337e-10,2.1863514441139485e-05,0.9999999999999996,0.9999999999978891,1.0428254357507105e-06,1.2405881592428545e-07,0.3440849339822307,58,"[1, 2, 4, 8, 16, 32, 58, 32, 16, 8, 4, 2, 1]",10152,1.5013240958277376e-13,4.365328948862029e-12,1e-12
a53671a77a25388d267b14eaba0487696ea5dc8bd2c428cc2a360e3c649122ea,C,hybrid_tdvp,11,ryy,0.05,3,9,6,64,2,33,33,mixed,0.9999999998635722,0.9999999998635722,1.3642775797961804e-10,1.1401877678758304e-05,0.9999999999999996,0.9999999999967868,5.113021075246749e-07,6.091308076843919e-08,0.6242143420386128,57,"[1, 2, 4, 8, 16, 32, 57, 32, 16, 8, 4, 2, 1]",10024,2.3356177577734887e-13,6.617290235214976e-12,1e-12
e59e19b56dca3ee5cb510008242bb83df5a22d41c295034ee7c6492e49943da7,C,hybrid_tdvp,11,ryy,0.05,3,9,6,64,4,33,33,mixed,0.999999999931759,0.999999999931759,6.824096843160987e-11,7.689399275127055e-06,0.9999999999999996,0.999999999995442,2.418874796156212e-07,2.9620826043627797e-08,1.1040862550144084,57,"[1, 2, 4, 8, 16, 32, 57, 32, 16, 8, 4, 2, 1]",10024,2.683488636375458e-13,9.619157158754352e-12,1e-12
b9cd1047443db2f805f50501fefebe8f2a336cd23bc45c7dfeab8d832101a7bf,C,hybrid_tdvp,11,ryy,0.05,3,9,6,64,8,33,33,mixed,0.9999999999014917,0.9999999999014917,9.850831261815074e-11,9.34224074470436e-06,0.9999999999999996,0.9999999999943839,9.381896966600967e-08,2.1179959429028235e-08,1.930190195038449,57,"[1, 2, 4, 8, 16, 32, 57, 32, 16, 8, 4, 2, 1]",10024,1.7016298022440964e-13,1.2105490480153588e-11,1e-12
445b2a02b2c6c8bfad1fba2bdcbbcff5bfb4e6cc5fe44959aab89ad5ed288516,C,hybrid_tdvp,11,rzz,0.05,2,9,7,8,1,34,34,commuting,0.9483599790467793,0.9483599790467793,0.05164002095322073,0.22874545647054767,0.9999999999999996,0.9999999999999994,0.03875397444848194,0.010401811188249442,0.08707561803748831,8,"[1, 2, 4, 8, 8, 8, 8, 8, 8, 8, 4, 2, 1]",936,2.6050006300106686e-05,0.0013884026938319892,1e-12
2a3bc6d11ebd03dbb868b99b08b03778756e0703d3830e6f6dade44710d12495,C,hybrid_tdvp,11,rzz,0.05,2,9,7,8,2,34,34,commuting,0.9478315441798112,0.9478315441798112,0.05216845582018881,0.2299286645583364,0.9999999999999996,0.9999999999999999,0.03964904558334248,0.010500356176601021,0.07426000596024096,8,"[1, 2, 4, 8, 8, 8, 8, 8, 8, 8, 4, 2, 1]",936,1.3242449486783053e-05,0.0007002613927261607,1e-12
03d637747eff563a6ace36bef5ec7cd3643b42decf006d9190bbd38b0057ab26,C,hybrid_tdvp,11,rzz,0.05,2,9,7,8,4,34,34,commuting,0.9475625477036811,0.9475625477036811,0.05243745229631891,0.23052876278820583,0.9999999999999996,1.0000000000000007,0.04009315583784723,0.010549817896769469,0.09818930900655687,8,"[1, 2, 4, 8, 8, 8, 8, 8, 8, 8, 4, 2, 1]",936,6.676800113432164e-06,0.00035162379606366764,1e-12
e796c48e872aefb331de945d23b9608ab2258d7d17c7cbb2114d9eb73f518689,C,hybrid_tdvp,11,rzz,0.05,2,9,7,8,8,34,34,commuting,0.9474268015918791,0.9474268015918791,0.052573198408120914,0.23083103572224886,0.9999999999999996,1.0000000000000007,0.04031444941017859,0.010574628411314657,0.22621072101173922,8,"[1, 2, 4, 8, 8, 8, 8, 8, 8, 8, 4, 2, 1]",936,3.352446000074776e-06,0.00017618261343846153,1e-12
c28c0037803ffea7a094b291405c72a4a856431d9a5edfbe6b3adce0700d62a9,C,hybrid_tdvp,11,rzz,0.05,2,9,7,16,1,34,34,commuting,0.9986997198886768,0.9986997198886768,0.0013002801113232154,0.03606526124188357,0.9999999999999996,1.0000000000000007,0.0009709418500447597,0.00031492190935661845,0.0450382360140793,16,"[1, 2, 4, 8, 16, 16, 16, 16, 16, 8, 4, 2, 1]",2728,8.982693180098387e-07,5.4311933187391106e-05,1e-12
15937096b8fc0ac6089c08327ff57e9d1572fcfc8f0752bf160c5f4efb30c2db,C,hybrid_tdvp,11,rzz,0.05,2,9,7,16,2,34,34,commuting,0.9986196991486508,0.9986196991486508,0.0013803008513492143,0.03715274332984809,0.9999999999999996,0.9999997744244569,0.0012714515458611408,0.00038204608058823187,0.0349670720170252,16,"[1, 2, 4, 8, 16, 16, 16, 16, 16, 8, 4, 2, 1]",2728,4.578593069669872e-07,3.045937933261408e-05,1e-12
b895b60cce6367e4fd5ea25c3ad0fecae15d4888f291408182c69deed7b97f60,C,hybrid_tdvp,11,rzz,0.05,2,9,7,16,4,34,34,commuting,0.9986247586348379,0.9986247586348379,0.0013752413651620943,0.037087550068100064,0.9999999999999996,0.9999998859286352,0.001303117622916794,0.0003739146443282646,0.38022447703406215,16,"[1, 2, 4, 8, 16, 16, 16, 16, 16, 8, 4, 2, 1]",2728,2.3208998028216167e-07,1.5771695851094148e-05,1e-12
80a896977fcd886827899a109b5956d58fdab0bd860e1f55971c13a660952fd1,C,hybrid_tdvp,11,rzz,0.05,2,9,7,16,8,34,34,commuting,0.9986896918321896,0.9986896918321896,0.0013103081678104145,0.03619790954866849,0.9999999999999996,0.9999997754897593,0.001008576462826094,0.0003230716940562378,0.20424419699702412,16,"[1, 2, 4, 8, 16, 16, 16, 16, 16, 8, 4, 2, 1]",2728,1.1474098248989413e-07,7.540846220344914e-06,1e-12
29fb7068bd85edf59a87e2b192bb11881edb1f11222ad50c8bc95ffa8f82c39e,C,hybrid_tdvp,11,rzz,0.05,2,9,7,64,1,34,34,commuting,0.9999999999842251,0.9999999999842251,1.5774936912293924e-11,3.853014821698181e-06,0.9999999999999996,0.9999999999995342,5.772209487470148e-08,1.1586916942055998e-08,0.24405604001367465,32,"[1, 2, 4, 8, 16, 32, 32, 32, 16, 8, 4, 2, 1]",6824,2.713144260122009e-22,9.785158105040826e-13,1e-12
d97fdbc1ee1b66a1eef164aa3b9e2eb1e809e7766c4f32443032ec365b906802,C,hybrid_tdvp,11,rzz,0.05,2,9,7,64,2,34,34,commuting,0.9999999998477134,0.9999999998477134,1.5228662775257362e-10,1.2191083467998063e-05,0.9999999999999996,0.9999999999981672,5.169950178379734e-07,6.886383993160928e-08,0.5365223860135302,32,"[1, 2, 4, 8, 16, 32, 32, 32, 16, 8, 4, 2, 1]",6824,3.477235532281542e-20,3.851356252555932e-12,1e-12
22afaeedff35e2111286342f9a2f6cd9c9633effddc0bc38496fb5f2b830f81c,C,hybrid_tdvp,11,rzz,0.05,2,9,7,64,4,34,34,commuting,0.9999999987090091,0.9999999987090091,1.290990869762254e-09,3.5724487969115275e-05,0.9999999999999996,0.9999999999926229,3.4531596180414903e-07,5.1673770865339496e-08,0.24886928300838917,32,"[1, 2, 4, 8, 16, 31, 32, 32, 16, 8, 4, 2, 1]",6728,1.5054352162040662e-17,1.509316510428306e-11,1e-12
ce407ff97f6c991eec15d3bd5df7d6f3f08997d6cd6a82c7e84d3e3050513371,C,hybrid_tdvp,11,rzz,0.05,2,9,7,64,8,34,34,commuting,0.999999994176348,0.999999994176348,5.823652005076951e-09,7.609376879897548e-05,0.9999999999999996,0.9999999999833038,6.080506887232162e-07,8.61276923269275e-08,0.6302663710084744,32,"[1, 2, 4, 8, 16, 31, 32, 31, 16, 8, 4, 2, 1]",6632,7.23128568850052e-16,3.430583019170722e-11,1e-12
461fea06e7804471ebdb0e586217aad912662206c2b94a66250e88e772cc3e0f,C,hybrid_tdvp,11,rxx,0.05,2,9,7,8,1,34,34,mixed,0.925514021989364,0.925514021989364,0.07448597801063594,0.2755489311285007,0.9999999999999996,1.0000000000000004,0.03616890759355691,0.012724212053220819,0.21033940301276743,8,"[1, 2, 4, 8, 8, 8, 8, 8, 8, 8, 4, 2, 1]",936,4.240341766738675e-05,0.0014889949497755956,1e-12
050bffa3f2d4fd0097c41c55ff0318be0bcb426197394e309e93b9630868cda9,C,hybrid_tdvp,11,rxx,0.05,2,9,7,8,2,34,34,mixed,0.9247249032461091,0.9247249032461091,0.07527509675389088,0.2770336569575083,0.9999999999999996,0.9999999999999996,0.03654933319694059,0.012887122155739188,0.22952427301788703,8,"[1, 2, 4, 8, 8, 8, 8, 8, 8, 8, 4, 2, 1]",936,2.1280860868084557e-05,0.0007474462728731938,1e-12
f18d4dadb1c34a1a836ea93a93a33030eca0b4ee34317ab1fbdc20c3a52bb092,C,hybrid_tdvp,11,rxx,0.05,2,9,7,8,4,34,34,mixed,0.9243311487001815,0.9243311487001815,0.07566885129981848,0.277771773331609,0.9999999999999996,1.0000000000000009,0.036755551641205586,0.012967234678902009,0.31301442498806864,8,"[1, 2, 4, 8, 8, 8, 8, 8, 8, 8, 4, 2, 1]",936,1.0658142335492708e-05,0.00037446481322842663,1e-12
5e5c3ac1779bb49a3724dafaa32d46d6be4ed4a3c563d645bd87aa2aabca7832,C,hybrid_tdvp,11,rxx,0.05,2,9,7,8,8,34,34,mixed,0.9241344762209889,0.9241344762209889,0.07586552377901112,0.27813977281349267,0.9999999999999996,1.0000000000000002,0.036856814483433475,0.013006958991915226,0.24295279599027708,8,"[1, 2, 4, 8, 8, 8, 8, 8, 8, 8, 4, 2, 1]",936,5.333242515973134e-06,0.00018741874665171034,1e-12
a3d850ea8124c6eada36efcb6d0399e60c683165d1fb89ffaeb20aea7a64d978,C,hybrid_tdvp,11,rxx,0.05,2,9,7,16,1,34,34,mixed,0.9964827860031452,0.9964827860031452,0.0035172139968547844,0.05933221845050602,0.9999999999999996,1.0000000000000002,0.0035021269631613505,0.0009220606286488292,0.15666452498408034,16,"[1, 2, 4, 8, 16, 16, 16, 16, 16, 8, 4, 2, 1]",2728,6.035262950669661e-06,0.00015699367279292125,1e-12
1140bd47a2cedb413f5d7b633cfc1ea73081dc9fa06af290d48b4b436579aaa4,C,hybrid_tdvp,11,rxx,0.05,2,9,7,16,2,34,34,mixed,0.9965217703740604,0.9965217703740604,0.0034782296259395773,0.05900219841433296,0.9999999999999996,1.0000000000000007,0.0026071730077294863,0.0008895159919317037,0.07773501396877691,16,"[1, 2, 4, 8, 16, 16, 16, 16, 16, 8, 4, 2, 1]",2728,3.0191228478229366e-06,7.862313517290006e-05,1e-12
4e147134f6f81ef8e8c988925169245b14da1f7713de29d895cba112ee92463c,C,hybrid_tdvp,11,rxx,0.05,2,9,7,16,4,34,34,mixed,0.9964948246031059,0.9964948246031059,0.0035051753968941,0.059230501901813594,0.9999999999999996,0.9999999999999982,0.002767373225391001,0.0009345215798542182,0.3002425119630061,16,"[1, 2, 4, 8, 16, 16, 16, 16, 16, 8, 4, 2, 1]",2728,1.465198367722861e-06,4.060817606499529e-05,1e-12
5476be3144977c15601c26e473dd475506fa8e1e7f63bc491cde94a28d5142a8,C,hybrid_tdvp,11,rxx,0.05,2,9,7,16,8,34,34,mixed,0.9964709476584971,0.9964709476584971,0.003529052341502914,0.05943207383396252,0.9999999999999996,1.0000000000000013,0.0030796812303708343,0.0009702157366481035,0.4538012050325051,16,"[1, 2, 4, 8, 16, 16, 16, 16, 16, 8, 4, 2, 1]",2728,7.236889813758447e-07,2.0686836486744134e-05,1e-12
a541d3ac31cd1410888d6c416eb8057c5e8c00f5ee17e177f8f80e5c07a16d8f,C,hybrid_tdvp,11,rxx,0.05,2,9,7,64,1,34,34,mixed,0.9999999995177233,0.9999999995177233,4.822766630496744e-10,2.1860744689129847e-05,0.9999999999999996,0.9999999999978068,1.1279866278194467e-06,1.3347773220732193e-07,0.4068729599821381,53,"[1, 2, 4, 8, 16, 32, 53, 32, 16, 8, 4, 2, 1]",9512,1.7039038756690067e-13,4.53571933642893e-12,1e-12
abcce10951ff4deb43bd89c8fc55f6cac360cc99d6f79149f43f48af5852c051,C,hybrid_tdvp,11,rxx,0.05,2,9,7,64,2,34,34,mixed,0.9999999998639713,0.9999999998639713,1.3602874382456775e-10,1.1371712800485918e-05,0.9999999999999996,0.999999999996643,5.521683778993147e-07,6.543646960764588e-08,0.7347947210073471,54,"[1, 2, 4, 8, 16, 32, 54, 32, 16, 8, 4, 2, 1]",9640,3.005344469359929e-13,6.91782468215097e-12,1e-12
8c98b74788a9181c0bd41755f87acd6bfd95c6f4aad0df4dfbb3dedac7ab87a9,C,hybrid_tdvp,11,rxx,0.05,2,9,7,64,4,34,34,mixed,0.9999999999326192,0.9999999999326192,6.73807676321303e-11,7.6127712183469106e-06,0.9999999999999996,0.9999999999952854,2.6215792761283274e-07,3.176707732679258e-08,1.0577184479916468,54,"[1, 2, 4, 8, 16, 32, 54, 32, 16, 8, 4, 2, 1]",9640,3.1013193993309797e-13,9.929289098687453e-12,1e-12
cd9bc2dd81eea1d5d12279caa0ae8d0663ebc5c4894117f24d9ae34308546355,C,hybrid_tdvp,11,rxx,0.05,2,9,7,64,8,34,34,mixed,0.9999999999025073,0.9999999999025073,9.749268059522365e-11,9.273832265741844e-06,0.9999999999999996,0.9999999999942536,9.750466558634818e-08,2.1408887038879418e-08,2.1886489739990793,56,"[1, 2, 4, 8, 16, 32, 56, 32, 16, 8, 4, 2, 1]",9896,2.7903646728949996e-13,1.2384526947443089e-11,1e-12
5f801d375fc2f4e24e7eb58a364ea33afea60bb0d4329b33608478a1a0283377,C,hybrid_tdvp,11,rzz,0.05,2,8,6,8,1,35,35,commuting,0.9454422958569495,0.9454422958569495,0.0545577041430505,0.23520811809981731,0.9999999999999996,1.0,0.038855020527906126,0.011051222825132,0.35806241299724206,8,"[1, 2, 4, 8, 8, 8, 8, 8, 8, 8, 4, 2, 1]",936,3.0261409096496842e-05,0.0014186641029284863,1e-12
eb780dc5ff208471490ee937725d9adce2636a04a354610e252b57f75a66fc75,C,hybrid_tdvp,11,rzz,0.05,2,8,6,8,2,35,35,commuting,0.9448920932141226,0.9448920932141226,0.0551079067858774,0.23640811358796113,0.9999999999999996,1.0000000000000004,0.039741722345734365,0.011160224113098475,0.09206396399531513,8,"[1, 2, 4, 8, 8, 8, 8, 8, 8, 8, 4, 2, 1]",936,1.532007703121325e-05,0.0007155814697573739,1e-12
3f5c1a9493e43844d8e6f2bc230364a4493823059f5fe83bde5890a6b4dac5e3,C,hybrid_tdvp,11,rzz,0.05,2,8,6,8,4,35,35,commuting,0.9446119003512459,0.9446119003512459,0.05538809964875413,0.2370170148230397,0.9999999999999996,1.0000000000000002,0.04018153494585186,0.01121473122608981,0.13364812702639028,8,"[1, 2, 4, 8, 8, 8, 8, 8, 8, 8, 4, 2, 1]",936,7.707903682191412e-06,0.00035933169974585886,1e-12
923b4231e181a2c347885b242a79c261b1352d5c91b04a01a5050f859240b4b2,C,hybrid_tdvp,11,rzz,0.05,2,8,6,8,8,35,35,commuting,0.9444704758643638,0.9444704758643638,0.055529524135636166,0.23732379244264704,0.9999999999999996,0.9999999999999991,0.040400654235046796,0.011242023199251997,0.23822720599127933,8,"[1, 2, 4, 8, 8, 8, 8, 8, 8, 8, 4, 2, 1]",936,3.865986212643578e-06,0.00018004859965110506,1e-12
d5143337fb36c588f647c0f7dc1689100e0b48fcadd74e1573ae56ce5ae38d9e,C,hybrid_tdvp,11,rzz,0.05,2,8,6,16,1,35,35,commuting,0.9985732800708539,0.9985732800708539,0.0014267199291461141,0.037778686781389924,0.9999999999999996,1.0,0.0010803851121915717,0.0003405706646271582,0.06799039500765502,16,"[1, 2, 4, 8, 16, 16, 16, 16, 16, 8, 4, 2, 1]",2728,2.271092711015096e-06,5.65830258984062e-05,1e-12
af41afb847b27f873a8c57e4835a054f3c6924b5efe1dc6f16b04bdd800adb15,C,hybrid_tdvp,11,rzz,0.05,2,8,6,16,2,35,35,commuting,0.998489913479067,0.998489913479067,0.001510086520932985,0.038867171779151936,0.9999999999999996,1.0000000000000007,0.0013254543778698502,0.0004092003097314169,0.06182185496436432,16,"[1, 2, 4, 8, 16, 16, 16, 16, 16, 8, 4, 2, 1]",2728,1.1847763067940416e-06,3.164415563940813e-05,1e-12
84c38d16e4e5855c7ab1de86f2d675e750ca4edb86a3c82ee51c19f67b7c8b0d,C,hybrid_tdvp,11,rzz,0.05,2,8,6,16,4,35,35,commuting,0.9984974457899953,0.9984974457899953,0.0015025542100046696,0.038770079336091424,0.9999999999999996,0.9999999999999989,0.001363435120945694,0.0004009213275182051,0.16988222999498248,16,"[1, 2, 4, 8, 16, 16, 16, 16, 16, 8, 4, 2, 1]",2728,5.85175114574176e-07,1.635687096566833e-05,1e-12
44799c3efb24eca4613655ec88a28978d92c43d0b07e2293ec6574ba2eae328a,C,hybrid_tdvp,11,rzz,0.05,2,8,6,16,8,35,35,commuting,0.9985689557214384,0.9985689557214384,0.0014310442785615551,0.037835917025357484,0.9999999999999996,0.9999999999999997,0.0010087827232769797,0.00034768074396855745,0.16743316705105826,16,"[1, 2, 4, 8, 16, 16, 16, 16, 16, 8, 4, 2, 1]",2728,2.7876588768401146e-07,7.819612108028925e-06,1e-12
aaa822ea22490d6be2e99f33e2d2fc800f7d0e20f057f99934fc47cfa1de5056,C,hybrid_tdvp,11,rzz,0.05,2,8,6,64,1,35,35,commuting,0.999999999984232,0.999999999984232,1.5768053529541248e-11,3.853014823879036e-06,0.9999999999999996,0.9999999999995376,5.7722074800481415e-08,1.1568709871289842e-08,0.20750355697236955,32,"[1, 2, 4, 8, 16, 32, 32, 32, 16, 8, 4, 2, 1]",6824,6.353256081180096e-22,9.785158111394082e-13,1e-12
226ff99fe2a4082f5f2aa982c95fff218fdd9be9b48ec657df261dec13fdcc39,C,hybrid_tdvp,11,rzz,0.05,2,8,6,64,2,35,35,commuting,0.9999999998477103,0.9999999998477103,1.5228973637704257e-10,1.2191083682908724e-05,0.9999999999999996,0.9999999999981654,5.143342965835407e-07,6.835773404227508e-08,0.45382058998802677,32,"[1, 2, 4, 8, 16, 32, 32, 32, 16, 8, 4, 2, 1]",6824,8.307202088519993e-20,3.851356335627952e-12,1e-12
30d69797f285c93873f9db0434c6a9567cebb82d0bd9fa65dcf5ac9d9dfaa567,C,hybrid_tdvp,11,rzz,0.05,2,8,6,64,4,35,35,commuting,0.9999999985996377,0.9999999985996377,1.4003622705871521e-09,3.721619375495781e-05,0.9999999999999996,0.99999999999234,3.5319235421743533e-07,5.289566126350558e-08,0.26157752296421677,32,"[1, 2, 4, 8, 16, 31, 32, 32, 16, 8, 4, 2, 1]",6728,5.821295398213147e-13,1.5675294644104377e-11,1e-12
f7d5760aabb9c7700dc0ac8bd087444ca356c159642771ffb180bc3e0e1b01bd,C,hybrid_tdvp,11,rzz,0.05,2,8,6,64,8,35,35,commuting,0.9999999938432582,0.9999999938432582,6.156741783058806e-09,7.82462607887166e-05,0.9999999999999996,0.9999999999828666,5.974581529892553e-07,8.636690144724698e-08,0.43182982999132946,32,"[1, 2, 4, 8, 16, 31, 32, 31, 16, 8, 4, 2, 1]",6632,9.112616887314529e-13,3.521709188043869e-11,1e-12
160d4c2804fb0380626816a707e298625528ce5ab9a0109b9fe7ca2d38edc5b8,C,hybrid_tdvp,11,rzz,0.05,2,8,6,8,1,35,35,mixed,0.9222109159813002,0.9222109159813002,0.07778908401869977,0.28171569819868925,0.9999999999999996,0.9999999999999996,0.04178374274241803,0.013497545382456332,0.01681865000864491,8,"[1, 2, 4, 8, 8, 8, 8, 8, 8, 8, 4, 2, 1]",936,3.5817356567702386e-05,0.0015248123063432977,1e-12
0c330b122404686c6b59b531e0006bca2c8d3d87a5b4493ac5d4c7ba5a91a097,C,hybrid_tdvp,11,rzz,0.05,2,8,6,8,2,35,35,mixed,0.921360077992378,0.921360077992378,0.07863992200762204,0.28328419480359956,0.9999999999999996,1.0000000000000007,0.04231384857895687,0.01367680863526785,0.05661597999278456,8,"[1, 2, 4, 8, 8, 8, 8, 8, 8, 8, 4, 2, 1]",936,1.81297950949728e-05,0.0007655760679681665,1e-12
9887d12bafc66198c4b9064ccc785b32c9136893c41a3306d6ed2d289a601257,C,hybrid_tdvp,11,rzz,0.05,2,8,6,8,4,35,35,mixed,0.9209342940095604,0.9209342940095604,0.0790657059904396,0.28406613492345395,0.9999999999999996,0.9999999999999998,0.0425707503161431,0.01376509448422181,0.07086123700719327,8,"[1, 2, 4, 8, 8, 8, 8, 8, 8, 8, 4, 2, 1]",936,9.120556900673174e-06,0.0003835853701290997,1e-12
d9c985a09a7aa262d4bbf6eb7f192135457082884b660178089f79d39d98454e,C,hybrid_tdvp,11,rzz,0.05,2,8,6,8,8,35,35,mixed,0.9207213085396131,0.9207213085396131,0.07927869146038691,0.2844565377710546,0.9999999999999996,0.9999999999999996,0.042697225913357784,0.013808906127120796,0.26423172402428463,8,"[1, 2, 4, 8, 8, 8, 8, 8, 8, 8, 4, 2, 1]",936,4.574247115031568e-06,0.000191992993766742,1e-12
5f40fdd6efb9136cc3b5c32f5c189deb23ea0e0cf0a96eca981056b035e458f7,C,hybrid_tdvp,11,rzz,0.05,2,8,6,16,1,35,35,mixed,0.9962419668412426,0.9962419668412426,0.0037580331587574456,0.061331643642892196,0.9999999999999996,0.9999999999999999,0.003670449874149856,0.0009623251887701118,0.018602721975184977,16,"[1, 2, 4, 8, 16, 16, 16, 16, 16, 8, 4, 2, 1]",2728,5.795056844388698e-06,0.00016278872963730996,1e-12
07677c6be043331dd7fbf592c5cf61d5d12b5533f3fc64a0f1e607623e1c5ced,C,hybrid_tdvp,11,rzz,0.05,2,8,6,16,2,35,35,mixed,0.99629916908874,0.99629916908874,0.0037008309112599447,0.060862642887113974,0.9999999999999996,1.0000000000000002,0.002675334701083841,0.0009243222996443537,0.04662938602268696,16,"[1, 2, 4, 8, 16, 16, 16, 16, 16, 8, 4, 2, 1]",2728,2.741552198392618e-06,8.136468737129269e-05,1e-12
ae5f3cef2551240bb6b4b022a6c1bfc4df46919670354adf2aeef3cec52ecff1,C,hybrid_tdvp,11,rzz,0.05,2,8,6,16,4,35,35,mixed,0.9962729368111992,0.9962729368111992,0.0037270631888007832,0.061078166520450804,0.9999999999999996,1.0,0.002740442883249372,0.0009674892732251888,0.0993814249522984,16,"[1, 2, 4, 8, 16, 16, 16, 16, 16, 8, 4, 2, 1]",2728,1.3652158706326492e-06,4.197339193562794e-05,1e-12
ec7c248ee2101f15855fd1a56eb33c0a510f70ba9bccaa9c1e91dfdcc5c46909,C,hybrid_tdvp,11,rzz,0.05,2,8,6,16,8,35,35,mixed,0.9962479130787047,0.9962479130787047,0.00375208692129525,0.06128305702799445,0.9999999999999996,1.0,0.0030530975399449822,0.0010038539021558722,0.22982262598816305,16,"[1, 2, 4, 8, 16, 16, 16, 16, 16, 8, 4, 2, 1]",2728,6.848531992783035e-07,2.1371689686022444e-05,1e-12
9e84a8a780e044e6b3a96599d3b633c444b4c46d0a5cea280f61b56dc25b90a8,C,hybrid_tdvp,11,rzz,0.05,2,8,6,64,1,35,35,mixed,0.9999999995175906,0.9999999995175906,4.824094457234196e-10,2.1860545233216036e-05,0.9999999999999996,0.9999999999977357,1.1039002988221663e-06,1.3127959762224323e-07,0.40519926202250645,56,"[1, 2, 4, 8, 16, 32, 56, 32, 16, 8, 4, 2, 1]",9896,1.4558578968419303e-13,4.681305126113123e-12,1e-12
d6bb760e1e5a062564bdc26f9faf082305873ea4ce847d57871f1b18444217f4,C,hybrid_tdvp,11,rzz,0.05,2,8,6,64,2,35,35,mixed,0.9999999998628586,0.9999999998628586,1.3714140933984709e-10,1.1408726089794272e-05,0.9999999999999996,0.9999999999965076,5.393841514302056e-07,6.426071907241643e-08,0.5113456600229256,54,"[1, 2, 4, 8, 16, 32, 54, 32, 16, 8, 4, 2, 1]",9640,2.7623292813383443e-13,7.194057610284804e-12,1e-12
448a714f8466557d9d4e56e80dc094ea2514f53c405017396bb1fa74dee11926,C,hybrid_tdvp,11,rzz,0.05,2,8,6,64,4,35,35,mixed,0.9999999999315963,0.9999999999315963,6.840372712701992e-11,7.667839688384674e-06,0.9999999999999996,0.9999999999951947,2.5461412385754945e-07,3.105118976024464e-08,1.2403281229780987,55,"[1, 2, 4, 8, 16, 32, 55, 32, 16, 8, 4, 2, 1]",9768,1.958723807524755e-13,1.0125161479439928e-11,1e-12
eb533dcc4972758a17ddee160d65d7cb07d83fd151372428f2fdf29c323152f4,C,hybrid_tdvp,11,rzz,0.05,2,8,6,64,8,35,35,mixed,0.9999999999011531,0.9999999999011531,9.884693064066141e-11,9.337017528305165e-06,0.9999999999999996,0.9999999999941653,9.463746245864935e-08,2.1097027831006894e-08,2.3307571610203013,56,"[1, 2, 4, 8, 16, 32, 56, 32, 16, 8, 4, 2, 1]",9896,2.1890114288033703e-13,1.2603428090323425e-11,1e-12
717b2e9eaa7eddec8a3750f74557030c53647f7ce68d39f6979a2bdceec54072,C,hybrid_tdvp,11,rzz,0.05,3,9,6,8,1,36,36,commuting,0.9430441319674203,0.9430441319674203,0.05695586803257968,0.24039719743785218,0.9999999999999996,0.9999999999999996,0.03967041476945532,0.011283160540552877,0.045848013018257916,8,"[1, 2, 4, 8, 8, 8, 8, 8, 8, 8, 4, 2, 1]",936,2.85668347422157e-05,0.0014472309376707022,1e-12
dd2845643a9c17a8b29aa3a7c330ab275061e48407261b057c6b2213bd41e630,C,hybrid_tdvp,11,rzz,0.05,3,9,6,8,2,36,36,commuting,0.9424783072592743,0.9424783072592743,0.057521692740725716,0.24160621037874327,0.9999999999999996,1.0000000000000007,0.04056315962646817,0.011392922000631179,0.12977399601368234,8,"[1, 2, 4, 8, 8, 8, 8, 8, 8, 8, 4, 2, 1]",936,1.4383123857681809e-05,0.0007299645936150557,1e-12
0c53a9cfc19442af37515b0518e4283fd2314805472a1233d32df8eee6b87e72,C,hybrid_tdvp,11,rzz,0.05,3,9,6,8,4,36,36,commuting,0.9421900027373041,0.9421900027373041,0.05780999726269587,0.24222005654348808,0.9999999999999996,0.9999999999999997,0.04100653681351796,0.011447908797316966,0.17607152700657025,8,"[1, 2, 4, 8, 8, 8, 8, 8, 8, 8, 4, 2, 1]",936,7.216710752911471e-06,0.0003665484104987704,1e-12
d352f1a72071d4461780781653ee4cae30c34ec7354e826cac5b02331dea66ae,C,hybrid_tdvp,11,rzz,0.05,3,9,6,8,8,36,36,commuting,0.942044456324343,0.942044456324343,0.05795554367565703,0.24252939342911917,0.9999999999999996,1.0000000000000004,0.04122756139232231,0.011475461181444756,0.2138876809622161,8,"[1, 2, 4, 8, 8, 8, 8, 8, 8, 8, 4, 2, 1]",936,3.61465149457282e-06,0.00018366325114567786,1e-12
c0fea01c56677548b7b434c689fc379c6acd7d4225c3d7c086e11f9f5b23b95b,C,hybrid_tdvp,11,rzz,0.05,3,9,6,16,1,36,36,commuting,0.9984092126860051,0.9984092126860051,0.001590787313994868,0.039892611706600516,0.9999999999999996,0.9999999999999998,0.001415838774191193,0.00037947598756944435,0.023663747997488827,16,"[1, 2, 4, 8, 16, 16, 16, 16, 16, 8, 4, 2, 1]",2728,2.869485582429826e-06,5.945251148083603e-05,1e-12
f618e4fc33a17c7a2db8c623bd0c32823f51c597132cf2702690c24a23271007,C,hybrid_tdvp,11,rzz,0.05,3,9,6,16,2,36,36,commuting,0.9983182031816884,0.9983182031816884,0.0016817968183115983,0.041018343746187555,0.9999999999999996,0.9999999999999998,0.0015585083187359683,0.00045171649279103395,0.060591678018681705,16,"[1, 2, 4, 8, 16, 16, 16, 16, 16, 8, 4, 2, 1]",2728,1.4999331038641726e-06,3.3144088743272306e-05,1e-12
85ba924f2245e86d379c2d09d06b48b20d2d8be74e2784b30c3456c06d11e75f,C,hybrid_tdvp,11,rzz,0.05,3,9,6,16,4,36,36,commuting,0.9983275781258105,0.9983275781258105,0.001672421874189478,0.04090381043687283,0.9999999999999996,1.0000000000000004,0.0014989028897179624,0.000441102857102606,0.24365950404899195,16,"[1, 2, 4, 8, 16, 16, 16, 16, 16, 8, 4, 2, 1]",2728,7.455811407376301e-07,1.7102452106405966e-05,1e-12
812a27d365ef9c3d10bf9c216729c6f928a6b23172da6d3cf5c9516d82c40b5d,C,hybrid_tdvp,11,rzz,0.05,3,9,6,16,8,36,36,commuting,0.9984057934304851,0.9984057934304851,0.0015942065695149221,0.039931181949082,0.9999999999999996,0.9999998284208477,0.0011804702144342927,0.000384237922473821,0.33648374100448564,16,"[1, 2, 4, 8, 16, 16, 16, 16, 16, 8, 4, 2, 1]",2728,3.5896846918653444e-07,8.17858057721546e-06,1e-12
676d52d1079ed5704c3d0ce8e85bbd0e752735c35406c7611698fe6b7a717243,C,hybrid_tdvp,11,rzz,0.05,3,9,6,64,1,36,36,commuting,0.9999999999842357,0.9999999999842357,1.5764278771257523e-11,3.853014825532043e-06,0.9999999999999996,0.9999999999995397,6.244486677742245e-08,1.2161122707954091e-08,0.2465013179462403,32,"[1, 2, 4, 8, 16, 32, 32, 32, 16, 8, 4, 2, 1]",6824,3.5289568344791393e-22,9.78515811492304e-13,1e-12
a034d994d81d5b3ad07f74a21ab65369205a014614900c5131a810b3b80d4815,C,hybrid_tdvp,11,rzz,0.05,3,9,6,64,2,36,36,commuting,0.999999999847716,0.999999999847716,1.5228396321731452e-10,1.2191083828741673e-05,0.9999999999999996,0.999999999998168,5.143342961255737e-07,6.87213930887988e-08,0.4020223959814757,32,"[1, 2, 4, 8, 16, 32, 32, 32, 16, 8, 4, 2, 1]",6824,5.0345919473532967e-20,3.851356385973871e-12,1e-12
db4210aaec4017f8cfe336cf3ee2a11d4dc1dc9204b311037466302ebba267c0,C,hybrid_tdvp,11,rzz,0.05,3,9,6,64,4,36,36,commuting,0.9999999984751471,0.9999999984751471,1.5248529106060005e-09,3.8844071989416574e-05,0.9999999999999996,0.9999999999920031,3.531923413804816e-07,5.334268844748669e-08,0.5130790490075015,32,"[1, 2, 4, 8, 16, 31, 32, 32, 16, 8, 4, 2, 1]",6728,6.708940389664429e-13,1.6346188683070822e-11,1e-12
6dbf1f5b5c12dcb2f0da6377d171dbe732790ca3cc6057f8c284ce5b3c43790b,C,hybrid_tdvp,11,rzz,0.05,3,9,6,64,8,36,36,commuting,0.9999999934652251,0.9999999934652251,6.534774943389721e-09,8.061939316320403e-05,0.9999999999999996,0.9999999999823543,6.222499877479859e-07,8.89822717809021e-08,0.5891484239837155,32,"[1, 2, 4, 8, 16, 31, 32, 31, 16, 8, 4, 2, 1]",6632,1.0580588294069775e-12,3.627515070984567e-11,1e-12
919037e6a35044a016849a5f11fccf91bd7c4d1d4cbb7587d38a6bb9b7dfa057,C,hybrid_tdvp,11,ryy,0.05,3,9,6,8,1,36,36,mixed,0.9192122773702311,0.9192122773702311,0.08078772262976885,0.28720867702333336,0.9999999999999996,1.000000000000001,0.041655018144724276,0.013990480302895706,0.1344157230341807,8,"[1, 2, 4, 8, 8, 8, 8, 8, 8, 8, 4, 2, 1]",936,3.341224171345087e-05,0.0015582245480567486,1e-12
3d9fd0d14a0e24740c73e851bf42dd490e80b4e5071ddd99a6e52190f7c0c283,C,hybrid_tdvp,11,ryy,0.05,3,9,6,8,2,36,36,mixed,0.9183480309446647,0.9183480309446647,0.08165196905533534,0.2887740662090627,0.9999999999999996,1.0,0.04218333269234881,0.014175023427543565,0.04490836901823059,8,"[1, 2, 4, 8, 8, 8, 8, 8, 8, 8, 4, 2, 1]",936,1.680707532397811e-05,0.0007823831432921443,1e-12
b2def6fce4101e29263e7fe4cae2e585c4118a35a39de96818464f43161d0b17,C,hybrid_tdvp,11,ryy,0.05,3,9,6,8,4,36,36,mixed,0.9179153841051872,0.9179153841051872,0.08208461589481275,0.28955480574354503,0.9999999999999996,0.9999999999999992,0.04243958616657317,0.01426594452685689,0.136078217998147,8,"[1, 2, 4, 8, 8, 8, 8, 8, 8, 8, 4, 2, 1]",936,8.428169382054496e-06,0.00039201353951115415,1e-12
a2d8bf81f9d36a59186528931193039d3aa086d6285cc201de06c26605c36c30,C,hybrid_tdvp,11,ryy,0.05,3,9,6,8,8,36,36,mixed,0.9176989346318705,0.9176989346318705,0.08230106536812953,0.28994468287005654,0.9999999999999996,1.0000000000000002,0.042565801180762974,0.014311072380365261,0.19447190599748865,8,"[1, 2, 4, 8, 8, 8, 8, 8, 8, 8, 4, 2, 1]",936,4.220162737867229e-06,0.00019621315650460917,1e-12
ebff2f4cbf35feba92da07be01bda09b88b83fd40134374e43553efbf017abc1,C,hybrid_tdvp,11,ryy,0.05,3,9,6,16,1,36,36,mixed,0.9959416999364376,0.9959416999364376,0.004058300063562448,0.063737162547374,0.9999999999999996,0.9999999999999984,0.00391723414551351,0.0010178591076465623,0.020918302005156875,16,"[1, 2, 4, 8, 16, 16, 16, 16, 16, 8, 4, 2, 1]",2728,7.622060734613601e-06,0.00017041079037192358,1e-12
c598a37a4bad7e7b9bc48406cf3dcf4c3683fd5002f1fc14beb3af5d169a6cc6,C,hybrid_tdvp,11,ryy,0.05,3,9,6,16,2,36,36,mixed,0.9960392138182745,0.9960392138182745,0.003960786181725462,0.06296599022343728,0.9999999999999996,1.0000000000000002,0.002680315445108803,0.0009708951148571562,0.09818978898692876,16,"[1, 2, 4, 8, 16, 16, 16, 16, 16, 8, 4, 2, 1]",2728,3.266219492766703e-06,8.463090686405937e-05,1e-12
df93979c20a0fe3d41fcedec0988bc62723588b4bc5413496e6ea82e758d4a82,C,hybrid_tdvp,11,ryy,0.05,3,9,6,16,4,36,36,mixed,0.9960187200813224,0.9960187200813224,0.003981279918677583,0.0631288402714322,0.9999999999999996,1.0,0.003100328550021514,0.0010109789426365045,0.09975180501351133,16,"[1, 2, 4, 8, 16, 16, 16, 16, 16, 8, 4, 2, 1]",2728,1.612616442417893e-06,4.358600837804584e-05,1e-12
0d7cd87e797ab90f9f9ceb91888fe8a96271150971ef61386e33123a95e77fa5,C,hybrid_tdvp,11,ryy,0.05,3,9,6,16,8,36,36,mixed,0.9959928459607919,0.9959928459607919,0.0040071540392081495,0.0633338489536672,0.9999999999999996,1.0000000000000004,0.0034393457130090788,0.0010497980559985647,0.35233853897079825,16,"[1, 2, 4, 8, 16, 16, 16, 16, 16, 8, 4, 2, 1]",2728,8.098667691013546e-07,2.21815564551238e-05,1e-12
ffbc348667f5922f4c67dee18ef89f7ea16a5962b688780267c88994c41aeed1,C,hybrid_tdvp,11,ryy,0.05,3,9,6,64,1,36,36,mixed,0.9999999995167514,0.9999999995167514,4.832485522854313e-10,2.1875468351658576e-05,0.9999999999999996,0.9999999999976431,1.1039002889429161e-06,1.314574946318378e-07,0.5831747630145401,58,"[1, 2, 4, 8, 16, 32, 58, 32, 16, 8, 4, 2, 1]",10152,1.8711272731112721e-13,4.868417853424251e-12,1e-12
f336130e77ac3ee8dd1c167bb47162aaa3f0c32c4eb044a44c649717e664be35,C,hybrid_tdvp,11,ryy,0.05,3,9,6,64,2,36,36,mixed,0.9999999998620432,0.9999999998620432,1.379567571291318e-10,1.1438896342572137e-05,0.9999999999999996,0.9999999999964445,5.393841431989427e-07,6.435775314778504e-08,0.6467682360089384,58,"[1, 2, 4, 8, 16, 32, 58, 32, 16, 8, 4, 2, 1]",10152,1.3171485800599327e-13,7.325772468290797e-12,1e-12
7b4891b4f61148dddffc69e08bcb03c097530a955fc22a0d517f989662581068,C,hybrid_tdvp,11,ryy,0.05,3,9,6,64,4,36,36,mixed,0.9999999999295248,0.9999999999295248,7.047518124636554e-11,7.784566483073691e-06,0.9999999999999996,0.9999999999950617,2.546141326560669e-07,3.123998216371956e-08,1.0790388750028796,57,"[1, 2, 4, 8, 16, 32, 57, 32, 16, 8, 4, 2, 1]",10024,2.6304247369402057e-13,1.038820395313395e-11,1e-12
070a9695746386303c983cdb02bab8311dc96f54509002fdfc82609d4d68b62c,C,hybrid_tdvp,11,ryy,0.05,3,9,6,64,8,36,36,mixed,0.9999999998991875,0.9999999998991875,1.0081246948345779e-10,9.435880062219152e-06,0.9999999999999996,0.9999999999941114,9.463742456188029e-08,2.1650178357050886e-08,2.2966786950128153,57,"[1, 2, 4, 8, 16, 32, 57, 32, 16, 8, 4, 2, 1]",10024,1.6476995408230077e-13,1.2768198044405728e-11,1e-12
fffe3bc08928afd889cf272e956782c94365ad8675a0a20817f2b08313a1be10,C,mpo_zipup,11,rzz,0.05,2,9,7,8,,1,1,commuting,0.8948679673619377,0.8948679673619377,0.10513203263806226,0.23243361970696072,0.9999999999999996,0.9726122621219213,0.10023753371293731,0.02544654632200686,0.002953535004053265,8,"[1, 2, 4, 8, 8, 8, 8, 8, 8, 8, 4, 2, 1]",936,0.055182998904216046,0.055182998904216046,1e-12
c5f0352c315b6bbbd0e3c9202e9b31b98e802676fa55c98f04b124435091b3a1,C,mpo_zipup,11,rzz,0.05,2,9,7,16,,1,1,commuting,1.0000000000000027,1.0000000000000027,0.0,5.410979091431461e-15,0.9999999999999996,1.0000000000000018,9.769962616701378e-15,2.3458912805976044e-15,0.003190861956682056,16,"[1, 2, 4, 8, 16, 16, 16, 16, 16, 8, 4, 2, 1]",2728,1.1888390059055768e-31,1.1888390059055768e-31,1e-12
a566355c8e746ac0c01e803ff749e15d219da8b56a642dcdd8a77a4f823a767c,C,mpo_zipup,11,rzz,0.05,2,9,7,64,,1,1,commuting,1.0000000000000027,1.0000000000000027,0.0,5.410979091431461e-15,0.9999999999999996,1.0000000000000018,9.769962616701378e-15,2.3458912805976044e-15,0.0032781800255179405,16,"[1, 2, 4, 8, 16, 16, 16, 16, 16, 8, 4, 2, 1]",2728,1.1888390059055768e-31,1.1888390059055768e-31,1e-12
c7de15809b72112313c8de8cc422827900413e41a4b15c4d0fc0d1405eaf6f04,C,mpo_zipup,11,rxx,0.05,2,9,7,8,,1,1,mixed,0.8951305801939592,0.8951305801939592,0.10486941980604081,0.23213485804353276,0.9999999999999996,0.9726836112946023,0.09984166032975583,0.025209526677580762,0.0030358420335687697,8,"[1, 2, 4, 8, 8, 8, 8, 8, 8, 8, 4, 2, 1]",936,0.055034124750721454,0.055034124750721454,1e-12
31680bdc1e98c57a9fbc6edb0695a224288a2e6dad0bacadeaf1d283f533ebd3,C,mpo_zipup,11,rxx,0.05,2,9,7,16,,1,1,mixed,0.9999999999999964,0.9999999999999964,3.552713678800501e-15,3.871861222833208e-15,0.9999999999999996,0.999999999999999,3.1086244689504383e-15,1.0618590337903714e-15,0.0033626320073381066,16,"[1, 2, 4, 8, 16, 16, 16, 16, 16, 8, 4, 2, 1]",2728,1.2170976694495743e-31,1.2170976694495743e-31,1e-12
6edd14f6d6833ea0c22011f02725d974dfaa8ec3e567f0b98f2def5766f71889,C,mpo_zipup,11,rxx,0.05,2,9,7,64,,1,1,mixed,0.9999999999999964,0.9999999999999964,3.552713678800501e-15,3.871861222833208e-15,0.9999999999999996,0.999999999999999,3.1086244689504383e-15,1.0618590337903714e-15,0.004080554004758596,16,"[1, 2, 4, 8, 16, 16, 16, 16, 16, 8, 4, 2, 1]",2728,1.2170976694495743e-31,1.2170976694495743e-31,1e-12
1d9937783e9df4e1ce97362a589efec8f3ce4dfae8e62eaa656926cb21ce52a5,C,mpo_zipup,11,rzz,0.05,2,8,6,8,,2,2,commuting,0.8948679673619399,0.8948679673619399,0.10513203263806015,0.23243361970696072,0.9999999999999996,0.9726122621219228,0.10023753371293287,0.02546370161529681,0.0031892649712972343,8,"[1, 2, 4, 8, 8, 8, 8, 8, 8, 8, 4, 2, 1]",936,2.234873560655069e-30,0.055182998904216046,1e-12
4143d61a6eb12c3afc9b52a39b868d87c84ea694d091c453385d07bcd9dbb484,C,mpo_zipup,11,rzz,0.05,2,8,6,16,,2,2,commuting,1.0000000000000018,1.0000000000000018,0.0,6.625285966311649e-15,0.9999999999999996,1.0000000000000018,7.549516567451064e-15,2.1169788349268144e-15,0.004397451994009316,16,"[1, 2, 4, 8, 16, 16, 16, 16, 16, 8, 4, 2, 1]",2728,2.294863845424003e-30,2.4137477460145607e-30,1e-12
cc4c2009753c88b1f65aa7f7d7429a6d2a20b50c00f5cbd77b1d3791ef84e277,C,mpo_zipup,11,rzz,0.05,2,8,6,64,,2,2,commuting,1.0000000000000018,1.0000000000000018,0.0,6.625285966311649e-15,0.9999999999999996,1.0000000000000018,7.549516567451064e-15,2.1169788349268144e-15,0.004422440950293094,16,"[1, 2, 4, 8, 16, 16, 16, 16, 16, 8, 4, 2, 1]",2728,2.294863845424003e-30,2.4137477460145607e-30,1e-12
4bb79ccb6e9586b491d89790809763e4c8a289400fc709d5c4ad04d3959d80e3,C,mpo_zipup,11,rzz,0.05,2,8,6,8,,2,2,mixed,0.5925338605669449,0.5925338605669449,0.4074661394330551,0.4814180682349963,0.9999999999999996,0.8782299113741665,0.43669309694289193,0.11629481372781669,0.0029826840036548674,8,"[1, 2, 4, 8, 8, 8, 8, 8, 8, 8, 4, 2, 1]",936,0.3279836389363185,0.38301776368703994,1e-12
d295454bed096abd5c8bcdb32cc9a1e582e724ad6396c61f84296cef759d2204,C,mpo_zipup,11,rzz,0.05,2,8,6,16,,2,2,mixed,0.8290582503542714,0.8290582503542714,0.1709417496457286,0.299121448651998,0.9999999999999996,0.954215048590374,0.1726795534181591,0.05297661749333771,0.004790592996869236,16,"[1, 2, 4, 8, 16, 16, 16, 16, 16, 8, 4, 2, 1]",2728,0.1940762395996274,0.1940762395996274,1e-12
5c972cbc1cd4afa9b667c1a229646a457483fff8bafc75b6c326a1b623c63b06,C,mpo_zipup,11,rzz,0.05,2,8,6,64,,2,2,mixed,0.9999999999999949,0.9999999999999949,5.10702591327572e-15,5.819512014223194e-15,0.9999999999999996,0.9999999999999978,7.327471962526033e-15,2.0120887717682007e-15,0.026723934977781028,32,"[1, 2, 4, 8, 16, 32, 32, 32, 16, 8, 4, 2, 1]",6824,1.0310736325914956e-31,2.24817130204107e-31,1e-12
df4d92c2b3ce33633332f8aa9e75181e75ff66f3dd156cb1e062587059da088e,C,mpo_zipup,11,rzz,0.05,3,9,6,8,,3,3,commuting,0.554934974551985,0.554934974551985,0.44506502544801496,0.5055158776353389,0.9999999999999996,0.8633802511717702,0.4879237404491439,0.12437538609235539,0.004736445029266179,8,"[1, 2, 4, 8, 8, 8, 8, 8, 8, 8, 4, 2, 1]",936,0.34140327875950827,0.3965862776637243,1e-12
458532c2cd84952055a51109b333cb54397a77ef2c4c204b58c2d80473f79dfc,C,mpo_zipup,11,rzz,0.05,3,9,6,16,,3,3,commuting,0.8045578645875918,0.8045578645875918,0.19544213541240818,0.320980535277842,0.9999999999999996,0.9470857912421397,0.19907677532540657,0.061085645664509046,0.006245456985197961,16,"[1, 2, 4, 8, 16, 16, 16, 16, 16, 8, 4, 2, 1]",2728,0.17964763197481154,0.17964763197481154,1e-12
f80156ce55d0c8182b24110fa4e871f8e4db129b51bc61651a793f02b9ed11f7,C,mpo_zipup,11,rzz,0.05,3,9,6,64,,3,3,commuting,1.0000000000000107,1.0000000000000107,0.0,9.866405012986527e-15,0.9999999999999996,1.000000000000006,2.375877272697835e-14,6.288952174768085e-15,0.03171476203715429,32,"[1, 2, 4, 8, 16, 32, 32, 32, 32, 8, 4, 2, 1]",8104,9.850988168233044e-32,2.512257627696891e-30,1e-12
c51c4c13fee7badb18a4d7d8dcf3e556a6c0328983603c5f707021467ac0733e,C,mpo_zipup,11,ryy,0.05,3,9,6,8,,3,3,mixed,0.33852432837754814,0.33852432837754814,0.6614756716224519,0.6437942146844393,0.9999999999999996,0.7603471982571787,0.8107055668203922,0.22008575309711512,0.003006915037985891,8,"[1, 2, 4, 8, 8, 8, 8, 8, 8, 8, 4, 2, 1]",936,0.3741607846154327,0.7571785483024726,1e-12
0bf7db4a44a92359246fdf99a301bae0204b9135634bd6da6c426b2e4f55e495,C,mpo_zipup,11,ryy,0.05,3,9,6,16,,3,3,mixed,0.7033869586460787,0.7033869586460787,0.2966130413539213,0.40211169909807304,0.9999999999999996,0.9160006421934767,0.3103651305790671,0.0852646975386786,0.02079883002443239,16,"[1, 2, 4, 8, 16, 16, 16, 16, 16, 8, 4, 2, 1]",2728,0.18002399349395418,0.3741002330935816,1e-12
dc7c2294c8ffffaa1a7e09540f06f20aff0104f2df92949d128f0de5e3dde9a7,C,mpo_zipup,11,ryy,0.05,3,9,6,64,,3,3,mixed,0.9999999999999964,0.9999999999999964,3.552713678800501e-15,7.66466073187282e-15,0.9999999999999996,0.999999999999999,4.440892098500626e-15,1.4961953050499229e-15,0.19632487901253626,64,"[1, 2, 4, 8, 16, 32, 64, 64, 32, 8, 4, 2, 1]",18344,6.168994353115365e-33,2.3098612455722235e-31,1e-12
21b45923e685b619fcff5add604ec21bef5e2720b599932ab8a25135df38ce1e,C,mpo_zipup,11,rzz,0.05,2,9,7,8,,4,4,commuting,0.5523356950648123,0.5523356950648123,0.4476643049351877,0.5063095408972504,0.9999999999999996,0.8618208413466049,0.49317649559818055,0.12559271162635685,0.011701898998580873,8,"[1, 2, 4, 8, 8, 8, 8, 8, 8, 8, 4, 2, 1]",936,0.011527044577659816,0.4081133222413841,1e-12
d1aaf325ca416911b7f2cfdc30a6b4ea0173ee663fc7510c4d5e1a4cbe9418c6,C,mpo_zipup,11,rzz,0.05,2,9,7,16,,4,4,commuting,0.8013796092777372,0.8013796092777372,0.19862039072226279,0.32326742474368897,0.9999999999999996,0.945990483854608,0.2030580675255389,0.061521495439865966,0.005454628029838204,16,"[1, 2, 4, 8, 16, 16, 16, 16, 16, 8, 4, 2, 1]",2728,0.0033773523351444848,0.18302498430995603,1e-12
92b988c193be43afd5f32bbecbf9a5060ba7bbc5528b73ccaba01acfbe760d7d,C,mpo_zipup,11,rzz,0.05,2,9,7,64,,4,4,commuting,1.000000000000012,1.000000000000012,0.0,1.0460315690050442e-14,0.9999999999999996,1.0000000000000064,2.4424906541753444e-14,6.8399803548659744e-15,0.1810122790047899,32,"[1, 2, 4, 8, 16, 32, 32, 32, 32, 8, 4, 2, 1]",8104,1.5813002531590562e-29,1.8325260159287453e-29,1e-12
d08c60db305de7f5488fc0c4423a2a63e8130df64034372ce002a8192a6f3876,C,mpo_zipup,11,rxx,0.05,2,9,7,8,,4,4,mixed,0.33664768116277277,0.33664768116277277,0.6633523188372272,0.6438857289133347,0.9999999999999996,0.7582979558268645,0.8167451953149398,0.22084544306294068,0.0030214909929782152,8,"[1, 2, 4, 8, 8, 8, 8, 8, 8, 8, 4, 2, 1]",936,0.025778981213242128,0.7829575295157147,1e-12
09e22abd68c2454de9474f83b3af3f96fb8ab7ace611e82e53f9ec9c516e51d9,C,mpo_zipup,11,rxx,0.05,2,9,7,16,,4,4,mixed,0.6927125508795958,0.6927125508795958,0.3072874491204042,0.4124887789532354,0.9999999999999996,0.9136378329339189,0.31869528760948174,0.08762772450496895,0.00851988303475082,16,"[1, 2, 4, 8, 16, 16, 16, 16, 16, 8, 4, 2, 1]",2728,0.012343315062994586,0.38644354815657617,1e-12
f590157a73d21d41b07763ab2758754d6c999cd4f112a0d22beddf2f7d54555e,C,mpo_zipup,11,rxx,0.05,2,9,7,64,,4,4,mixed,0.9999999999999989,0.9999999999999989,1.1102230246251565e-15,8.728550226633214e-15,0.9999999999999996,0.9999999999999996,5.218048215738236e-15,1.359614079460807e-15,0.2965504869935103,64,"[1, 2, 4, 8, 16, 32, 64, 64, 32, 8, 4, 2, 1]",18344,1.1804009186843425e-30,1.4113870432415648e-30,1e-12
8f92044127c30a79756172b218b5560161ade1c7acb8198198a8e0e604d61ce1,C,mpo_zipup,11,rzz,0.05,2,8,6,8,,5,5,commuting,0.5523356950648137,0.5523356950648137,0.4476643049351863,0.5063095408972501,0.9999999999999996,0.8618208413466054,0.49317649559817833,0.125572183324265,0.002377146971412003,8,"[1, 2, 4, 8, 8, 8, 8, 8, 8, 8, 4, 2, 1]",936,1.0301687734760986e-29,0.4081133222413841,1e-12
1b2839f42d2dde7be79093afe02ce2a7615fd97b7fadaad683e2ae5ce01e4589,C,mpo_zipup,11,rzz,0.05,2,8,6,16,,5,5,commuting,0.8013796092777407,0.8013796092777407,0.19862039072225934,0.32326742474368897,0.9999999999999996,0.9459904838546096,0.20305806752553224,0.06152040104861621,0.004672657989431173,16,"[1, 2, 4, 8, 16, 16, 16, 16, 16, 8, 4, 2, 1]",2728,3.1010174441863207e-30,0.18302498430995603,1e-12
1084bd40de85a0c5292d48d67023bf8c1fe5baac80145c9aab5ffadfa48fa65b,C,mpo_zipup,11,rzz,0.05,2,8,6,64,,5,5,commuting,1.0000000000000129,1.0000000000000129,0.0,1.1545381878976149e-14,0.9999999999999996,1.0000000000000069,2.5757174171303632e-14,7.256362072423312e-15,0.19853442098246887,32,"[1, 2, 4, 8, 16, 32, 32, 32, 16, 8, 4, 2, 1]",6824,1.7849556041282363e-30,2.011021576341569e-29,1e-12
efc38038d2aed02e881f77d7a8dee56ebffe5f275decefc6445cbd26edcb5999,C,mpo_zipup,11,rzz,0.05,2,8,6,8,,5,5,mixed,0.3333090758297775,0.3333090758297775,0.6666909241702226,0.6445354135469987,0.9999999999999996,0.7550393510953012,0.8262756415062746,0.22270353144331126,0.003002262965310365,8,"[1, 2, 4, 8, 8, 8, 8, 8, 8, 8, 4, 2, 1]",936,0.027869688018416456,0.8108272175341312,1e-12
d941e450712e10a49054123654d6f7d7f6de68e2123721d4c79d82d5bcc66bb1,C,mpo_zipup,11,rzz,0.05,2,8,6,16,,5,5,mixed,0.67876174551019,0.67876174551019,0.32123825448981,0.4217377130251818,0.9999999999999996,0.908626799344632,0.3362468497946063,0.0931645511783589,0.009058878000359982,16,"[1, 2, 4, 8, 16, 16, 16, 16, 16, 8, 4, 2, 1]",2728,0.051235059214337186,0.43767860737091335,1e-12
352332878da45590b74fd8c8636bc25d7831b053355d9401c54ea95219657185,C,mpo_zipup,11,rzz,0.05,2,8,6,64,,5,5,mixed,0.9999999999999996,0.9999999999999996,4.440892098500626e-16,9.163003139544677e-15,0.9999999999999996,1.0000000000000002,7.66053886991358e-15,1.7348812257803018e-15,0.620461589016486,64,"[1, 2, 4, 8, 16, 32, 64, 64, 16, 8, 4, 2, 1]",16040,1.4783713348935128e-30,2.8897583781350774e-30,1e-12
d68a06d930b62e819306c798ba42873708defa992ff378b7d571ae6b987deeb1,C,mpo_zipup,11,rzz,0.05,3,9,6,8,,6,6,commuting,0.5471887421527787,0.5471887421527787,0.4528112578472213,0.5113283341925674,0.9999999999999996,0.8607559509616901,0.4967497133500376,0.12641153512497907,0.0029053869657218456,8,"[1, 2, 4, 8, 8, 8, 8, 8, 8, 8, 4, 2, 1]",936,0.013680829178524105,0.42179415141990817,1e-12
30ec2a3e3f815302ec632faa93cebad62bd98264b55a6a532105b4a4ae9d9c05,C,mpo_zipup,11,rzz,0.05,3,9,6,16,,6,6,commuting,0.7959304459908295,0.7959304459908295,0.20406955400917048,0.3296250931794111,0.9999999999999996,0.9449610485720245,0.20680972762153704,0.06272787363193981,0.005460962012875825,16,"[1, 2, 4, 8, 16, 16, 16, 16, 16, 8, 4, 2, 1]",2728,0.0029504270283067465,0.18597541133826279,1e-12
04c981acf013a75879483f56b9e412a2299b4e2e152569b6a127f9a3a981e94c,C,mpo_zipup,11,rzz,0.05,3,9,6,64,,6,6,commuting,1.0000000000000169,1.0000000000000169,0.0,1.3680158539812013e-14,0.9999999999999996,1.0000000000000084,3.26405569239796e-14,9.086012581179905e-15,0.10086142597720027,32,"[1, 2, 4, 8, 16, 32, 32, 32, 32, 8, 4, 2, 1]",8104,2.8658498661247644e-30,2.2976065629540454e-29,1e-12
09245ebe703f38a64156c0a97545ee2933e266d38a1d943c42c4a2abd21f9680,C,mpo_zipup,11,ryy,0.05,3,9,6,8,,6,6,mixed,0.31768111698375856,0.31768111698375856,0.6823188830162414,0.6606321054444262,0.9999999999999996,0.7507988615765696,0.8386960403650003,0.22774434673810418,0.002987148007377982,8,"[1, 2, 4, 8, 8, 8, 8, 8, 8, 8, 4, 2, 1]",936,0.055801433086557856,0.8666286506206891,1e-12
6a5b70b79ec75c3395ef10ec54f8d61af9ad92506e53bc65baeb901e99573cf0,C,mpo_zipup,11,ryy,0.05,3,9,6,16,,6,6,mixed,0.6636385918429917,0.6636385918429917,0.3363614081570083,0.43630589640296247,0.9999999999999996,0.9053414588699106,0.3477226936060944,0.09486678524753896,0.02442944998620078,16,"[1, 2, 4, 8, 16, 16, 16, 16, 16, 8, 4, 2, 1]",2728,0.042732550875946365,0.48041115824685976,1e-12
eb3dfb1b0ecfc9658461c2d4c6f9e05b9a0d6a86ca675da015eb815d648d0214,C,mpo_zipup,11,ryy,0.05,3,9,6,64,,6,6,mixed,1.0,1.0,0.0,1.0715436010018837e-14,0.9999999999999996,1.0,8.326672684688674e-15,1.8514338020030507e-15,0.312944186036475,64,"[1, 2, 4, 8, 16, 32, 64, 64, 32, 8, 4, 2, 1]",18344,6.168994353115365e-33,2.8959273724881928e-30,1e-12
ed27dc15edf59b84b08e5775eb8f5be0faea453704b0e9042935d847020d8dfd,C,mpo_zipup,11,rzz,0.05,2,9,7,8,,7,7,commuting,0.5413403422542719,0.5413403422542719,0.45865965774572814,0.5162795097079892,0.9999999999999996,0.8591048959048068,0.5022925246087975,0.12774140942361073,0.00300223397789523,8,"[1, 2, 4, 8, 8, 8, 8, 8, 8, 8, 4, 2, 1]",936,0.010216207365337198,0.43201035878524535,1e-12
5bc4c02dad4b4510f35f93cfaec01e15428126c458ff9d2cb2a43fb2c60ee1b0,C,mpo_zipup,11,rzz,0.05,2,9,7,16,,7,7,commuting,0.7927418913916451,0.7927418913916451,0.20725810860835492,0.3331024310228215,0.9999999999999996,0.9442871966625463,0.20925295463693683,0.063050605746213,0.003995371982455254,16,"[1, 2, 4, 8, 16, 16, 16, 16, 16, 8, 4, 2, 1]",2728,0.0023457789757482146,0.188321190314011,1e-12
1e2c45418243fe0d594542d110d0319133e8b98c6cacc1e810887173bbae4bfa,C,mpo_zipup,11,rzz,0.05,2,9,7,64,,7,7,commuting,1.0000000000000204,1.0000000000000204,0.0,1.623175660846066e-14,0.9999999999999996,1.0000000000000107,4.063416270128073e-14,1.1521339362952125e-14,0.17686481698183343,32,"[1, 2, 4, 8, 16, 32, 32, 32, 32, 8, 4, 2, 1]",8104,7.25290801787661e-30,3.0228973647417066e-29,1e-12
fca44c0e6571a7ee672ca434d22402a41b6a2522022ab71f09516b47a005c917,C,mpo_zipup,11,rxx,0.05,2,9,7,8,,7,7,mixed,0.3141507358893067,0.3141507358893067,0.6858492641106932,0.663485949149166,0.9999999999999996,0.7491305829173731,0.8435424120908341,0.22849226254648164,0.002940108999609947,8,"[1, 2, 4, 8, 8, 8, 8, 8, 8, 8, 4, 2, 1]",936,0.02241432928653824,0.8890429799072274,1e-12
e4215481af43b88b48dbc7cd5e9972f1bc7bb757fdf7a9af025c1bad0ef699c7,C,mpo_zipup,11,rxx,0.05,2,9,7,16,,7,7,mixed,0.6592204707059662,0.6592204707059662,0.34077952929403377,0.4406803850508532,0.9999999999999996,0.904459543025559,0.3507910095712907,0.09573432710404897,0.020164544985163957,16,"[1, 2, 4, 8, 16, 16, 16, 16, 16, 8, 4, 2, 1]",2728,0.005217756695738818,0.4856289149425986,1e-12
d268019d0f1b96a12bdef6866e4546dd1465dfd7d847162b3844cdb3711f52a1,C,mpo_zipup,11,rxx,0.05,2,9,7,64,,7,7,mixed,1.0000000000000009,1.0000000000000009,0.0,1.1662123738295431e-14,0.9999999999999996,1.0000000000000002,8.881784197001252e-15,2.1684178913398394e-15,0.819420361018274,64,"[1, 2, 4, 8, 16, 32, 64, 64, 32, 8, 4, 2, 1]",18344,3.461375056394654e-30,6.357302428882847e-30,1e-12
c94fdd093dbb08bf52e339d180b351eba32ae3bf98b82fd4365733ee20cca68f,C,mpo_zipup,11,rzz,0.05,2,8,6,8,,8,8,commuting,0.5413403422542734,0.5413403422542734,0.4586596577457266,0.5162795097079889,0.9999999999999996,0.8591048959048078,0.5022925246087944,0.12771081770617268,0.0029842520016245544,8,"[1, 2, 4, 8, 8, 8, 8, 8, 8, 8, 4, 2, 1]",936,6.38751439871813e-30,0.43201035878524535,1e-12
92751451039b8a9f76c91347ceeb2c22db278d46e7cf4568e3821a70d87a8b43,C,mpo_zipup,11,rzz,0.05,2,8,6,16,,8,8,commuting,0.7927418913916413,0.7927418913916413,0.2072581086083587,0.33310243102282094,0.9999999999999996,0.9442871966625437,0.20925295463694615,0.06307028429641863,0.004249631019774824,16,"[1, 2, 4, 8, 16, 16, 16, 16, 16, 8, 4, 2, 1]",2728,9.375997613060727e-30,0.188321190314011,1e-12
66c6b203887fb5819d46ea71c98e3ad8f2fa356df0d171a378ec7bca0e06da3a,C,mpo_zipup,11,rzz,0.05,2,8,6,64,,8,8,commuting,1.0000000000000169,1.0000000000000169,0.0,1.5210550618634338e-14,0.9999999999999996,1.0000000000000089,3.5083047578154947e-14,9.696767784521619e-15,0.20133457600604743,32,"[1, 2, 4, 8, 16, 32, 32, 32, 16, 8, 4, 2, 1]",6824,1.3660868506908467e-30,3.1595060498107914e-29,1e-12
2d0203bbda1e720de115bb6541cda03a439a0484cfc20827ac097c99be62c4e8,C,mpo_zipup,11,rzz,0.05,2,8,6,8,,8,8,mixed,0.31182055866824154,0.31182055866824154,0.6881794413317585,0.6646073973595216,0.9999999999999996,0.7473425576039116,0.8487258225903898,0.22939765034751722,0.003004287020303309,8,"[1, 2, 4, 8, 8, 8, 8, 8, 8, 8, 4, 2, 1]",936,0.01062013356197685,0.8996631134692041,1e-12
83f1415f43e7c6f13978dfa8e50b2d5bb6ac126de9adf329913e5a69215bc305,C,mpo_zipup,11,rzz,0.05,2,8,6,16,,8,8,mixed,0.6494746430609768,0.6494746430609768,0.3505253569390232,0.45065740777319463,0.9999999999999996,0.9027136268134907,0.3568537617442087,0.09846900090206682,0.00747515499824658,16,"[1, 2, 4, 8, 16, 16, 16, 16, 16, 8, 4, 2, 1]",2728,0.02584132749601891,0.5114702424386175,1e-12
8826a615d27b9d1e29e4658765cf68b5a0f912dd3d2629cae49da7ec573481ce,C,mpo_zipup,11,rzz,0.05,2,8,6,64,,8,8,mixed,0.9999999999999969,0.9999999999999969,3.1086244689504383e-15,1.2553449188061958e-14,0.9999999999999996,0.9999999999999989,5.329070518200751e-15,1.962369356814463e-15,0.3022537030046806,64,"[1, 2, 4, 8, 16, 32, 64, 64, 16, 8, 4, 2, 1]",16040,3.1887526285610995e-30,9.546055057443947e-30,1e-12
e2d2293d05b60f16947f15ac28f76964e03daad7eeff284df320ca97e9310a67,C,mpo_zipup,11,rzz,0.05,3,9,6,8,,9,9,commuting,0.5356491108878674,0.5356491108878674,0.4643508891121326,0.5222473395179068,0.9999999999999996,0.8581977304694116,0.5053266097635598,0.12852432461871222,0.0029929899610579014,8,"[1, 2, 4, 8, 8, 8, 8, 8, 8, 8, 4, 2, 1]",936,0.01083782398834785,0.4428481827735932,1e-12
3a9d65fec2ba727566709bee8d0ecf3559040d3685249537d51d46ecfa5e1fe7,C,mpo_zipup,11,rzz,0.05,3,9,6,16,,9,9,commuting,0.7868803657980094,0.7868803657980094,0.21311963420199065,0.34057387834609476,0.9999999999999996,0.9434596522865322,0.21225369763362356,0.0639698419772311,0.0040462560136802495,16,"[1, 2, 4, 8, 16, 16, 16, 16, 16, 8, 4, 2, 1]",2728,0.002428329354032359,0.19074951966804338,1e-12
cd8cffe31860af6bc0e304e9e1c0f0a4be2177f86a83c944a7e8ae86b1564b55,C,mpo_zipup,11,rzz,0.05,3,9,6,64,,9,9,commuting,1.0000000000000213,1.0000000000000213,0.0,1.645748929404858e-14,0.9999999999999996,1.0000000000000104,4.063416270128073e-14,1.1317738423249717e-14,0.10753228102112189,32,"[1, 2, 4, 8, 16, 32, 32, 32, 32, 8, 4, 2, 1]",8104,1.3435959462588636e-30,3.2938656444366775e-29,1e-12
1d172fe2dc1a38c51657d99ff4236c8a3a9506bb3b3b66460e1ae92b00c2b23c,C,mpo_zipup,11,ryy,0.05,3,9,6,8,,9,9,mixed,0.29750832022398965,0.29750832022398965,0.7024916797760103,0.6801532314806464,0.9999999999999996,0.7439723677154529,0.8585091701461958,0.233055345337902,0.0029963490087538958,8,"[1, 2, 4, 8, 8, 8, 8, 8, 8, 8, 4, 2, 1]",936,0.04390185753810332,0.9435649710073074,1e-12
b3610c580dce209d59294722092a4715f0d8ae9a45fc4845419d78a82e66cf62,C,mpo_zipup,11,ryy,0.05,3,9,6,16,,9,9,mixed,0.6404518034965075,0.6404518034965075,0.35954819650349246,0.4588329538011277,0.9999999999999996,0.9006066478927275,0.364186919567838,0.09868723400746394,0.010089508024975657,16,"[1, 2, 4, 8, 16, 16, 16, 16, 16, 8, 4, 2, 1]",2728,0.023065107098648722,0.5345353495372662,1e-12
a92f3dda24115162fcf8a724b759263c8bb03d9a7da634203b631bb209346a74,C,mpo_zipup,11,ryy,0.05,3,9,6,64,,9,9,mixed,1.0000000000000018,1.0000000000000018,0.0,1.2787782084310726e-14,0.9999999999999996,1.0000000000000013,8.659739592076221e-15,2.579756416951842e-15,0.2758213190245442,64,"[1, 2, 4, 8, 16, 32, 64, 64, 32, 8, 4, 2, 1]",18344,6.168994353115365e-33,9.552224051797062e-30,1e-12
4cb028c24238fa469fdab1228e9de7a58478c7cb6ce8178cc76c37415ceb6e3e,C,mpo_zipup,11,rzz,0.05,2,9,7,8,,10,10,commuting,0.528134912421805,0.528134912421805,0.471865087578195,0.529769698402432,0.9999999999999996,0.8568043875724077,0.5099869165576005,0.1298275368097185,0.0029679100262001157,8,"[1, 2, 4, 8, 8, 8, 8, 8, 8, 8, 4, 2, 1]",936,0.008191760503609157,0.45103994327720237,1e-12
54d41acf7850669baa607ec7a691431263abec9b087c493a3cbe90ee86b9e05a,C,mpo_zipup,11,rzz,0.05,2,9,7,16,,10,10,commuting,0.783727121909794,0.783727121909794,0.216272878090206,0.34444980029895605,0.9999999999999996,0.9429808817840666,0.21398537420086594,0.06421711268046422,0.008676033990923315,16,"[1, 2, 4, 8, 16, 16, 16, 16, 16, 8, 4, 2, 1]",2728,0.001781567635630558,0.19253108730367394,1e-12
4e4d2691a6c01fcd9a2299c9f61f2f9a49b535e0eeffb2ccbb1116749ace172b,C,mpo_zipup,11,rzz,0.05,2,9,7,64,,10,10,commuting,1.000000000000019,1.000000000000019,0.0,1.6322784304971197e-14,0.9999999999999996,1.0000000000000095,3.774758283725532e-14,1.0436614260747457e-14,0.182884271023795,32,"[1, 2, 4, 8, 16, 32, 32, 32, 32, 8, 4, 2, 1]",8104,4.449854085598838e-30,3.738851052996561e-29,1e-12
a93886427f97e8b57d6bbea41028797289aa154323c626e16254395a4c0af3e7,C,mpo_zipup,11,rxx,0.05,2,9,7,8,,10,10,mixed,0.29299134963703427,0.29299134963703427,0.7070086503629658,0.6846997412002809,0.9999999999999996,0.742554538620551,0.8625871197781436,0.2338601892988572,0.0029330450342968106,8,"[1, 2, 4, 8, 8, 8, 8, 8, 8, 8, 4, 2, 1]",936,0.018757512131959215,0.9623224831392666,1e-12
0e409281cb261a8a339433ba189efe37f1d7e0149b9c7d8e3de8c2222bd9dacc,C,mpo_zipup,11,rxx,0.05,2,9,7,16,,10,10,mixed,0.6370261620936979,0.6370261620936979,0.3629738379063021,0.46212153050995347,0.9999999999999996,0.8999081527008693,0.366603578160269,0.09908133065021976,0.006593858008272946,16,"[1, 2, 4, 8, 16, 16, 16, 16, 16, 8, 4, 2, 1]",2728,0.0033454029427621964,0.5378807524800284,1e-12
2af4ab1662287c885a020eb1c0217c77a3579da054cc182aa06082306784b88a,C,mpo_zipup,11,rxx,0.05,2,9,7,64,,10,10,mixed,1.0000000000000018,1.0000000000000018,0.0,1.3152598590004372e-14,0.9999999999999996,1.0000000000000013,5.9396931817445875e-15,2.5770877289923697e-15,0.3138304559979588,64,"[1, 2, 4, 8, 16, 32, 64, 64, 32, 8, 4, 2, 1]",18344,6.003068184868378e-30,1.555529223666544e-29,1e-12
a28369099251e82108d82ab8b65e5bf18489f46f86798bbd5c4fe8846a475736,C,mpo_zipup,11,rzz,0.05,2,8,6,8,,11,11,commuting,0.5281349124218054,0.5281349124218054,0.47186508757819456,0.5297696984024319,0.9999999999999996,0.8568043875724082,0.5099869165575985,0.1297857712022298,0.003008497995324433,8,"[1, 2, 4, 8, 8, 8, 8, 8, 8, 8, 4, 2, 1]",936,5.3499069297716414e-30,0.45103994327720237,1e-12
d2cc5e086f7bb8bba5db80a65517cdf7a5e4a3c063fcfb2d2310207a41be3c17,C,mpo_zipup,11,rzz,0.05,2,8,6,16,,11,11,commuting,0.7837271219097985,0.7837271219097985,0.21627287809020146,0.34444980029895617,0.9999999999999996,0.9429808817840694,0.21398537420085617,0.06426000203870555,0.004808122001122683,16,"[1, 2, 4, 8, 16, 16, 16, 16, 16, 8, 4, 2, 1]",2728,1.4721382047251044e-30,0.19253108730367394,1e-12
1ff48315d8d62e9d85ef91ce59fda23f0f47e9de4f8e49d8fa2e1d343ced278a,C,mpo_zipup,11,rzz,0.05,2,8,6,64,,11,11,commuting,1.000000000000024,1.000000000000024,0.0,1.8501969046946923e-14,0.9999999999999996,1.0000000000000115,4.6407322429331543e-14,1.2712743316773296e-14,0.17556625395081937,32,"[1, 2, 4, 8, 16, 32, 32, 32, 16, 8, 4, 2, 1]",6824,1.2714929437574939e-30,3.8660003473723105e-29,1e-12
cfd5bbf470eb5ba41e20f7ab5a5f8f59ed1b8507c3d7844fe6b842455fbcd769,C,mpo_zipup,11,rzz,0.05,2,8,6,8,,11,11,mixed,0.2907574363739216,0.2907574363739216,0.7092425636260784,0.6859252695224516,0.9999999999999996,0.7408994828062017,0.8673466527503109,0.2347551571676197,0.00245329097378999,8,"[1, 2, 4, 8, 8, 8, 8, 8, 8, 8, 4, 2, 1]",936,0.008864553186990472,0.9711870363262571,1e-12
3fd295a04e88f13892070dfe5e1e03e4909c5a33aed75681f8ef63fb7d0e6d88,C,mpo_zipup,11,rzz,0.05,2,8,6,16,,11,11,mixed,0.6297390352198998,0.6297390352198998,0.3702609647801002,0.47025300200693276,0.9999999999999996,0.899032732308179,0.369626833787138,0.10060182725190592,0.007175297010689974,16,"[1, 2, 4, 8, 16, 16, 16, 16, 16, 8, 4, 2, 1]",2728,0.013027853764826196,0.5509086062448546,1e-12
e8b0f41751bcbb8dd0de4035652bcda0d91447edd01dbde83014744d09394550,C,mpo_zipup,11,rzz,0.05,2,8,6,64,,11,11,mixed,1.0000000000000009,1.0000000000000009,0.0,1.3846933206388449e-14,0.9999999999999996,1.000000000000001,7.549516567451064e-15,2.6059732291342558e-15,0.3138488160329871,64,"[1, 2, 4, 8, 16, 32, 64, 64, 16, 8, 4, 2, 1]",16040,5.2502415447001144e-30,2.0805533781365554e-29,1e-12
7a71b1aadab7950ad940fe88729c8349baf66c9ebaf1406d0933d0711dde9bec,C,mpo_zipup,11,rzz,0.05,3,9,6,8,,12,12,commuting,0.5221618766506227,0.5221618766506227,0.47783812334937725,0.536252295487113,0.9999999999999996,0.8560268153344572,0.5125789187824448,0.13057333113610678,0.0029558580135926604,8,"[1, 2, 4, 8, 8, 8, 8, 8, 8, 8, 4, 2, 1]",936,0.008748119152886896,0.4597880624300893,1e-12
cb0667b85fc6dafb61bd505f0476be4e33e73ab72013c0eb1d4bca9a2d1f518e,C,mpo_zipup,11,rzz,0.05,3,9,6,16,,12,12,commuting,0.7780556540755674,0.7780556540755674,0.22194434592443257,0.35206494972870556,0.9999999999999996,0.942390041422316,0.21612515221717166,0.06489046849354724,0.0062107190024107695,16,"[1, 2, 4, 8, 16, 16, 16, 16, 16, 8, 4, 2, 1]",2728,0.0017182674972903323,0.19424935480096428,1e-12
7d008b8f0419109ae394e9991c9b7add3680b2dec022b2f934ffa9898e24dd36,C,mpo_zipup,11,rzz,0.05,3,9,6,64,,12,12,commuting,1.0000000000000298,1.0000000000000298,0.0,2.1359405433023024e-14,0.9999999999999996,1.000000000000015,5.773159728050814e-14,1.581770508326756e-14,0.1123312630224973,32,"[1, 2, 4, 8, 16, 32, 32, 32, 32, 8, 4, 2, 1]",8104,2.0703518314758274e-30,4.073035530519894e-29,1e-12
996f6d8f92238f95a54f105164e1d64cc1a874f6f8a269a4fc5c84e5afe0c993,C,mpo_zipup,11,ryy,0.05,3,9,6,8,,12,12,mixed,0.2668498775783069,0.2668498775783069,0.7331501224216931,0.7110815148505313,0.9999999999999996,0.734021256666531,0.8870506536114884,0.2404184139806604,0.0029711290262639523,8,"[1, 2, 4, 8, 8, 8, 8, 8, 8, 8, 4, 2, 1]",936,0.033538580469148344,1.0047256167954055,1e-12
5763f124fcc905f5fb04a2fc5880b893baafc88190b9fe662167f6a3b91e681f,C,mpo_zipup,11,ryy,0.05,3,9,6,16,,12,12,mixed,0.6219818934817867,0.6219818934817867,0.3780181065182133,0.47811722092613285,0.9999999999999996,0.8977263785408404,0.3741452606847848,0.100656667767332,0.018701717955991626,16,"[1, 2, 4, 8, 16, 16, 16, 16, 16, 8, 4, 2, 1]",2728,0.014970723434759345,0.565879329679614,1e-12
415fe74d2a1a06c06a602e747b517c4c2e8e5614951adb0160e7af69918353b8,C,mpo_zipup,11,ryy,0.05,3,9,6,64,,12,12,mixed,1.0000000000000022,1.0000000000000022,0.0,1.399795672995353e-14,0.9999999999999996,1.000000000000001,8.104628079763643e-15,3.0464432480701335e-15,0.26513180101756006,64,"[1, 2, 4, 8, 16, 32, 64, 64, 32, 8, 4, 2, 1]",18344,6.168994353115365e-33,2.081170277571867e-29,1e-12
93a35aeddf7ac6a3c5d5bc744a70b6832eca52d9ce398052d55d1427a6aa6c02,C,mpo_zipup,11,rzz,0.05,2,9,7,8,,13,13,commuting,0.5142567019251623,0.5142567019251623,0.48574329807483774,0.5446771511206088,0.9999999999999996,0.8549310345166129,0.5162318244869524,0.1318365278194615,0.002964343992061913,8,"[1, 2, 4, 8, 8, 8, 8, 8, 8, 8, 4, 2, 1]",936,0.006713860504063537,0.4665019229341528,1e-12
23cc7e36ca8267569d61a58ce12d48b475ba09b576ff5145c93d6041cf297297,C,mpo_zipup,11,rzz,0.05,2,9,7,16,,13,13,commuting,0.774950588002301,0.774950588002301,0.225049411997699,0.3561190050420362,0.9999999999999996,0.942043684106878,0.21737759527980405,0.06508604922454048,0.004050955001730472,16,"[1, 2, 4, 8, 16, 16, 16, 16, 16, 8, 4, 2, 1]",2728,0.0011920221527464028,0.1954413769537107,1e-12
9da45492b3a606b6db9ef763cf23fdd6d8211294be17dbd2de8605af0c401247,C,mpo_zipup,11,rzz,0.05,2,9,7,64,,13,13,commuting,1.0000000000000346,1.0000000000000346,0.0,2.303692901162097e-14,0.9999999999999996,1.0000000000000169,6.505906924303417e-14,1.7827457677874738e-14,0.18166226299945265,32,"[1, 2, 4, 8, 16, 32, 32, 32, 32, 8, 4, 2, 1]",8104,7.358446455400062e-30,4.8088801760599e-29,1e-12
dbd9220652c0cf9a9e7e035d51a702c324f376f97e6a1be0f690c343cac3d8cd,C,mpo_zipup,11,rxx,0.05,2,9,7,8,,13,13,mixed,0.2620054396877105,0.2620054396877105,0.7379945603122895,0.7163557664958363,0.9999999999999996,0.7327311395127085,0.8907120095675172,0.2413535863619024,0.003146723029203713,8,"[1, 2, 4, 8, 8, 8, 8, 8, 8, 8, 4, 2, 1]",936,0.014523720699737199,1.0192493374951428,1e-12
8d958cd63eb95dc4798eac836fee460090ba6902e1d019e0e131d58fdefe6afc,C,mpo_zipup,11,rxx,0.05,2,9,7,16,,13,13,mixed,0.6183827506963391,0.6183827506963391,0.3816172493036609,0.4817554041410718,0.9999999999999996,0.897125740581638,0.3762183805580377,0.10089783242820306,0.0069865380064584315,16,"[1, 2, 4, 8, 16, 16, 16, 16, 16, 8, 4, 2, 1]",2728,0.0025055976982213445,0.5683849273778353,1e-12
e5c88ce20f4c222522a37c36585484b2441512fecbf69c1fbe59e05a8f729781,C,mpo_zipup,11,rxx,0.05,2,9,7,64,,13,13,mixed,1.0000000000000004,1.0000000000000004,0.0,1.50767476918238e-14,0.9999999999999996,1.0,6.106226635438361e-15,2.3374763132097695e-15,0.3856716659502126,64,"[1, 2, 4, 8, 16, 32, 64, 64, 32, 8, 4, 2, 1]",18344,8.625697148269143e-30,2.9437399923987815e-29,1e-12
d810d32a29760bee7ee327e98e60dfa9938aefc7bd4bb777a894de6226ed6cde,C,mpo_zipup,11,rzz,0.05,2,8,6,8,,14,14,commuting,0.5142567019251623,0.5142567019251623,0.48574329807483774,0.544677151120609,0.9999999999999996,0.8549310345166131,0.5162318244869522,0.13178310133633428,0.002892552991397679,8,"[1, 2, 4, 8, 8, 8, 8, 8, 8, 8, 4, 2, 1]",936,1.3270234629755185e-29,0.4665019229341528,1e-12
d0cd35cf9b65cedadc5bbb5a8f5a92cca43e4380d422550619232637a3d0a63c,C,mpo_zipup,11,rzz,0.05,2,8,6,16,,14,14,commuting,0.7749505880022962,0.7749505880022962,0.22504941199770379,0.35611900504203625,0.9999999999999996,0.9420436841068758,0.21737759527981493,0.06515017269065985,0.004174855013843626,16,"[1, 2, 4, 8, 16, 16, 16, 16, 16, 8, 4, 2, 1]",2728,2.4443235175168965e-30,0.1954413769537107,1e-12
fcc0f3fd155ddb60a048e656a47423e0175ac29ba52f03d77b467ba1ad47f295,C,mpo_zipup,11,rzz,0.05,2,8,6,64,,14,14,commuting,1.0000000000000329,1.0000000000000329,0.0,2.2838529222848627e-14,0.9999999999999996,1.0000000000000164,6.17284001691587e-14,1.7196984310683646e-14,0.19308460294269025,32,"[1, 2, 4, 8, 16, 32, 32, 32, 16, 8, 4, 2, 1]",6824,2.0027984217375043e-30,5.00916001823365e-29,1e-12
9c13474ffb601328673111953a566f8d4feef898c334728e2eec8acd9783e3b9,C,mpo_zipup,11,rzz,0.05,2,8,6,8,,14,14,mixed,0.2589755076539156,0.2589755076539156,0.7410244923460845,0.7188611780798466,0.9999999999999996,0.7311320798122748,0.8952513065885896,0.24225982316161981,0.0030257400358095765,8,"[1, 2, 4, 8, 8, 8, 8, 8, 8, 8, 4, 2, 1]",936,0.00872703159958185,1.0279763690947246,1e-12
ef4217ee7a923e3d6631382ed8cbd6bf2d54fdb2a6686db668e658045e1bcee3,C,mpo_zipup,11,rzz,0.05,2,8,6,16,,14,14,mixed,0.6142270263889317,0.6142270263889317,0.3857729736110683,0.48655177950464296,0.9999999999999996,0.8967638364813076,0.3774665691683343,0.10151769336282061,0.007551677001174539,16,"[1, 2, 4, 8, 16, 16, 16, 16, 16, 8, 4, 2, 1]",2728,0.0052916440978718,0.573676571475707,1e-12
62ffa86fd54fb050668254280adfbe10b6b50d2c270765e1efe1fb61576a3512,C,mpo_zipup,11,rzz,0.05,2,8,6,64,,14,14,mixed,1.0000000000000004,1.0000000000000004,0.0,1.5990342122487504e-14,0.9999999999999996,0.9999999999999999,6.716849298982197e-15,2.526922822321024e-15,0.3169371869880706,64,"[1, 2, 4, 8, 16, 32, 64, 64, 16, 8, 4, 2, 1]",16040,7.069713759737799e-30,3.6507113683725615e-29,1e-12
e105f8dd0b6d9abc8ce041d70713a4da9179f207e6e5efbe014d4a6ccf1dda43,C,mpo_zipup,11,rzz,0.05,3,9,6,8,,15,15,commuting,0.5081681545074095,0.5081681545074095,0.4918318454925905,0.5513938141790613,0.9999999999999996,0.854256062169901,0.5184739626343391,0.13253748123746165,0.0030128160142339766,8,"[1, 2, 4, 8, 8, 8, 8, 8, 8, 8, 4, 2, 1]",936,0.007344535606800792,0.47384645854095364,1e-12
e0e8d2bc4f1a3b80c983ea64d26ec6d06ae8cc5093f6cecf528cd39de049f6bb,C,mpo_zipup,11,rzz,0.05,3,9,6,16,,15,15,commuting,0.7699789246606311,0.7699789246606311,0.23002107533936889,0.36299055995647006,0.9999999999999996,0.9416639561719212,0.21875440911191713,0.06556044679889363,0.005573216010816395,16,"[1, 2, 4, 8, 16, 16, 16, 16, 16, 8, 4, 2, 1]",2728,0.0011203572760138832,0.1965617342297246,1e-12
1dcfa84d401ae16d063e338e4e8a516affc8eab360a9db3325bfec6dc92a949d,C,mpo_zipup,11,rzz,0.05,3,9,6,64,,15,15,commuting,1.0000000000000338,1.0000000000000338,0.0,2.3417841249225773e-14,0.9999999999999996,1.000000000000017,6.350475700855895e-14,1.7471043083273e-14,0.11496167298173532,32,"[1, 2, 4, 8, 16, 32, 32, 32, 32, 8, 4, 2, 1]",8104,1.0702458549426904e-30,5.11618460372792e-29,1e-12
17c9c02f585296c72cd6ba01e57868f641f713396ed8c71d82df276eee94937d,C,mpo_zipup,11,ryy,0.05,3,9,6,8,,15,15,mixed,0.2478041074843726,0.2478041074843726,0.7521958925156274,0.7316461978872308,0.9999999999999996,0.7286320658438472,0.9023412791215133,0.24455366340607582,0.0030885779997333884,8,"[1, 2, 4, 8, 8, 8, 8, 8, 8, 8, 4, 2, 1]",936,0.023759117853968205,1.0517354869486928,1e-12
c51394954f5ca84f80c58b057656a2c610c5107d58b473fe80b6309dd6e6afbb,C,mpo_zipup,11,ryy,0.05,3,9,6,16,,15,15,mixed,0.6082737829486367,0.6082737829486367,0.39172621705136335,0.49298871172665687,0.9999999999999996,0.896033506496271,0.37998652649689557,0.10145998486695706,0.013564369990490377,16,"[1, 2, 4, 8, 16, 16, 16, 16, 16, 8, 4, 2, 1]",2728,0.011696696032925464,0.5853732675086326,1e-12
0dd69e7c4a4ce0f945013254aa11c9129d934f249a8e8aae978a03ca1a2514a8,C,mpo_zipup,11,ryy,0.05,3,9,6,64,,15,15,mixed,1.0000000000000018,1.0000000000000018,0.0,1.8097222648719552e-14,0.9999999999999996,1.0000000000000009,8.354428260304303e-15,3.2334376813881617e-15,0.25101170799462125,64,"[1, 2, 4, 8, 16, 32, 64, 64, 32, 8, 4, 2, 1]",18344,6.168994353115365e-33,3.651328267807873e-29,1e-12
2be39fba7ebce62176b01fe60ed44a050c4c7c3e85723de56ab9e86230f8bf86,C,mpo_zipup,11,rzz,0.05,2,9,7,8,,16,16,commuting,0.5003326985282509,0.5003326985282509,0.4996673014717491,0.5599579416527914,0.9999999999999996,0.8533679671287963,0.5214249254952004,0.13378001008707627,0.0029413540032692254,8,"[1, 2, 4, 8, 8, 8, 8, 8, 8, 8, 4, 2, 1]",936,0.0056982470240061365,0.47954470556495976,1e-12
df2e21c112bf51347fdeef9d31d14455efd083f3d0311f637030450050359883,C,mpo_zipup,11,rzz,0.05,2,9,7,16,,16,16,commuting,0.767005227044418,0.767005227044418,0.23299477295558202,0.3669736432190268,0.9999999999999996,0.9414065789446389,0.21968545242771165,0.06572906117879294,0.004913918033707887,16,"[1, 2, 4, 8, 16, 16, 16, 16, 16, 8, 4, 2, 1]",2728,0.0007799179935761306,0.19734165222330072,1e-12
1c3d9c3ddc989c066523066f5ec8645d65a9e4aa6345a906e7f55349f25fac35,C,mpo_zipup,11,rzz,0.05,2,9,7,64,,16,16,commuting,1.0000000000000355,1.0000000000000355,0.0,2.4275416800155358e-14,0.9999999999999996,1.0000000000000178,6.59472476627343e-14,1.8047162424655336e-14,0.1906110389973037,32,"[1, 2, 4, 8, 16, 32, 32, 32, 32, 8, 4, 2, 1]",8104,3.4028742821440746e-30,5.456472031942327e-29,1e-12
a5f3aaf9553f72e4bf8b8ba8ce9da5f666a8c2866bb98c0fae6b80f319817926,C,mpo_zipup,11,rxx,0.05,2,9,7,8,,16,16,mixed,0.24203125245319768,0.24203125245319768,0.7579687475468023,0.7384138537713144,0.9999999999999996,0.7274534054739429,0.9056650395806012,0.24540725692315407,0.00311023200629279,8,"[1, 2, 4, 8, 8, 8, 8, 8, 8, 8, 4, 2, 1]",936,0.011381932279844239,1.063117419228537,1e-12
6d8be82ddd53c61331d208373d0915a1083151e6a05966b2ba12173fe427dcd3,C,mpo_zipup,11,rxx,0.05,2,9,7,16,,16,16,mixed,0.6038936570674915,0.6038936570674915,0.39610634293250846,0.4977325877290161,0.9999999999999996,0.8955164031429972,0.38176800871141103,0.10176391997594288,0.009250701987184584,16,"[1, 2, 4, 8, 16, 16, 16, 16, 16, 8, 4, 2, 1]",2728,0.0021138462976467267,0.5874871138062794,1e-12
f16126c5abbb40b7755cf31b7a5abc75b04145b1c87f4466b1c3655517d9d26f,C,mpo_zipup,11,rxx,0.05,2,9,7,64,,16,16,mixed,1.0000000000000084,1.0000000000000084,0.0,1.95746196603178e-14,0.9999999999999996,1.000000000000004,1.5765166949677223e-14,5.283387198955087e-15,0.28573219903046265,64,"[1, 2, 4, 8, 16, 32, 64, 64, 32, 8, 4, 2, 1]",18344,1.1517787782548453e-29,4.8031070460627185e-29,1e-12
9f877dc0635150abf9e5706cfe14259b209c4dcb6aeb2b63f5b196ea7b9c986b,C,mpo_zipup,11,rzz,0.05,2,8,6,8,,17,17,commuting,0.5003326985282507,0.5003326985282507,0.4996673014717493,0.5599579416527917,0.9999999999999996,0.853367967128796,0.5214249254952015,0.13371482770169651,0.002961662015877664,8,"[1, 2, 4, 8, 8, 8, 8, 8, 8, 8, 4, 2, 1]",936,3.2802090425986536e-30,0.47954470556495976,1e-12
ee18be5de9f44cc733ddeb1b276f18b0cb62e61f2c1cf55c910a190ef52c06c4,C,mpo_zipup,11,rzz,0.05,2,8,6,16,,17,17,commuting,0.7670052270444214,0.7670052270444214,0.23299477295557858,0.3669736432190271,0.9999999999999996,0.9414065789446411,0.21968545242770454,0.06581153713133643,0.003959525027312338,16,"[1, 2, 4, 8, 16, 16, 16, 16, 16, 8, 4, 2, 1]",2728,1.6839359899194948e-30,0.19734165222330072,1e-12
5bdc324cc3b9a8303f93bc590cba3de58d58cf822a2613ac0a9710602c4dad77,C,mpo_zipup,11,rzz,0.05,2,8,6,64,,17,17,commuting,1.0000000000000373,1.0000000000000373,0.0,2.6357908190575228e-14,0.9999999999999996,1.0000000000000184,6.905587213168474e-14,1.940481889358828e-14,0.18023275496670976,32,"[1, 2, 4, 8, 16, 32, 32, 32, 16, 8, 4, 2, 1]",6824,1.6168203134316242e-30,5.618154063285489e-29,1e-12
2ef1a2d5f389260b7dd813b1c1cf57f7b9c959c2c140e94cb01967fd691c86fd,C,mpo_zipup,11,rzz,0.05,2,8,6,8,,17,17,mixed,0.23966495760715648,0.23966495760715648,0.7603350423928436,0.740419623334685,0.9999999999999996,0.7261769580903775,0.9092634652934064,0.2461441875116501,0.0030191660043783486,8,"[1, 2, 4, 8, 8, 8, 8, 8, 8, 8, 4, 2, 1]",936,0.007468622818818043,1.0705860420473552,1e-12
ec5a7b0d4e2c92edfcb463c47766b28f02f8cddb3203bcf633fab7a6d5e3f8f7,C,mpo_zipup,11,rzz,0.05,2,8,6,16,,17,17,mixed,0.6018101061010043,0.6018101061010043,0.39818989389899573,0.5001232839737946,0.9999999999999996,0.8953500515270193,0.3823419076519281,0.10203023553313234,0.011781157983932644,16,"[1, 2, 4, 8, 16, 16, 16, 16, 16, 8, 4, 2, 1]",2728,0.0024506033867257217,0.5899377171930051,1e-12
4792b5f0f140200605ff02e6f9712e1940aa0df133397238eeeb685ba29284c2,C,mpo_zipup,11,rzz,0.05,2,8,6,64,,17,17,mixed,1.000000000000008,1.000000000000008,0.0,2.0633854278403285e-14,0.9999999999999996,1.0000000000000038,1.3766765505351941e-14,4.928260217031213e-15,0.3407184159732424,64,"[1, 2, 4, 8, 16, 32, 64, 64, 16, 8, 4, 2, 1]",16040,1.0966252567361013e-29,5.89973230279882e-29,1e-12
e180a6eeed60239330ac13e227a0f4a22104871349b63c64b4291890e0f040ed,C,mpo_zipup,11,rzz,0.05,3,9,6,8,,18,18,commuting,0.4942523485872268,0.4942523485872268,0.5057476514127732,0.566714111196854,0.9999999999999996,0.8527757880966088,0.5233849552430674,0.1344255683996167,0.0029670759686268866,8,"[1, 2, 4, 8, 8, 8, 8, 8, 8, 8, 4, 2, 1]",936,0.0063481198778253915,0.48589282544278517,1e-12
f118094bf38c886a981d7a57856cfa64f721a176835a951c998738aa84aed761,C,mpo_zipup,11,rzz,0.05,3,9,6,16,,18,18,commuting,0.7627887635090594,0.7627887635090594,0.23721123649094056,0.37283059441937116,0.9999999999999996,0.9411472953253577,0.2206270819367857,0.06608159971845469,0.006532789033371955,16,"[1, 2, 4, 8, 16, 16, 16, 16, 16, 8, 4, 2, 1]",2728,0.0007646906450025743,0.19810634286830328,1e-12
b703dad9b210a18202f88c46aca80eb372ec0bffbbc5b17dbf7b99f45d02a36f,C,mpo_zipup,11,rzz,0.05,3,9,6,64,,18,18,commuting,1.000000000000039,1.000000000000039,0.0,2.692012167749311e-14,0.9999999999999996,1.0000000000000193,7.105427357601002e-14,1.9705029863047547e-14,0.09568997204769403,32,"[1, 2, 4, 8, 16, 32, 32, 32, 32, 8, 4, 2, 1]",8104,2.116658634966859e-30,5.829819926782174e-29,1e-12
704b0329b7e9a2cfd6e70a115e9b05fad862747648d687890effddc86491eb1f,C,mpo_zipup,11,ryy,0.05,3,9,6,8,,18,18,mixed,0.23021942254460814,0.23021942254460814,0.7697805774553919,0.7516217228321146,0.9999999999999996,0.7242644112886348,0.9146419619388158,0.24771686365700624,0.0031262579723261297,8,"[1, 2, 4, 8, 8, 8, 8, 8, 8, 8, 4, 2, 1]",936,0.018273988670941436,1.0888600307182967,1e-12
e16a4d332a660dce9201f7a9e9fd26db5b810e78ac7d2c39127b91b8944f9ecd,C,mpo_zipup,11,ryy,0.05,3,9,6,16,,18,18,mixed,0.5889312036214874,0.5889312036214874,0.41106879637851257,0.5135472927466114,0.9999999999999996,0.8936262565313754,0.3883042787279727,0.10320819278278379,0.004021090979222208,16,"[1, 2, 4, 8, 16, 16, 16, 16, 16, 8, 4, 2, 1]",2728,0.00953091979064323,0.5994686369836484,1e-12
218eb772cc3842bc49c0ea9185d255edd9b9b4948bdf7bb1efe17dbd22698ac3,C,mpo_zipup,11,ryy,0.05,3,9,6,64,,18,18,mixed,1.0000000000000098,1.0000000000000098,0.0,2.162446661245156e-14,0.9999999999999996,1.0000000000000047,1.9317880628477724e-14,5.8528134490540066e-15,0.4034924659645185,64,"[1, 2, 4, 8, 16, 32, 64, 64, 32, 8, 4, 2, 1]",18344,6.168994353115365e-33,5.900349202234131e-29,1e-12
7c1d1ae9f54d0090d8f3c2942007994faec3e25a45c35e95dae2490b7b1c8fe9,C,mpo_zipup,11,rzz,0.05,2,9,7,8,,19,19,commuting,0.4866221271116422,0.4866221271116422,0.5133778728883578,0.5751346645575391,0.9999999999999996,0.8520246501974983,0.5258724447307577,0.13564893382263374,0.0030224209767766297,8,"[1, 2, 4, 8, 8, 8, 8, 8, 8, 8, 4, 2, 1]",936,0.004953896836930832,0.490846722279716,1e-12
eb75f05f11119572f065477b3e6437d37a04a10a0df25438f7c4b22a95195024,C,mpo_zipup,11,rzz,0.05,2,9,7,16,,19,19,commuting,0.7600231024561238,0.7600231024561238,0.2399768975438762,0.37654959276850614,0.9999999999999996,0.9409440330666007,0.22136218013330788,0.06624003734551658,0.004296935978345573,16,"[1, 2, 4, 8, 16, 16, 16, 16, 16, 8, 4, 2, 1]",2728,0.0005616467461053696,0.19866798961440865,1e-12
bf9c0e71ffd0dff1f26f64b018f079603dbc1cee66a3feac684feb37c64a28ed,C,mpo_zipup,11,rzz,0.05,2,9,7,64,,19,19,commuting,1.0000000000000377,1.0000000000000377,0.0,2.7567746528390127e-14,0.9999999999999996,1.0000000000000193,7.149836278586008e-14,1.974234275099323e-14,0.20905459998175502,32,"[1, 2, 4, 8, 16, 32, 32, 32, 32, 8, 4, 2, 1]",8104,6.187006427085943e-30,6.448520569490769e-29,1e-12
6aef8d925997d77ac08cf51a6eb1854ddc520af218ee4c977e220dec4615a83d,C,mpo_zipup,11,rxx,0.05,2,9,7,8,,19,19,mixed,0.22538568990046787,0.22538568990046787,0.7746143100995322,0.7575744123957063,0.9999999999999996,0.7234742883597912,0.9168523814087277,0.2482529047194938,0.0031726349843665957,8,"[1, 2, 4, 8, 8, 8, 8, 8, 8, 8, 4, 2, 1]",936,0.008486649424085318,1.0973466801423821,1e-12
3992ce85b035b677af42bed009671cea701c8abd7f2f30ef3620f0af2b249897,C,mpo_zipup,11,rxx,0.05,2,9,7,16,,19,19,mixed,0.5858788930459142,0.5858788930459142,0.41412110695408577,0.5167444823912545,0.9999999999999996,0.893240943756197,0.3896223724788572,0.10359982799768956,0.004463935038074851,16,"[1, 2, 4, 8, 16, 16, 16, 16, 16, 8, 4, 2, 1]",2728,0.001744715252659739,0.6012133522363081,1e-12
ee8254620a8f6b503811001c28ffcf9dd0d16a44e0a1487237b4506f4dfdc45f,C,mpo_zipup,11,rxx,0.05,2,9,7,64,,19,19,mixed,1.0000000000000098,1.0000000000000098,0.0,2.2473040123681604e-14,0.9999999999999996,1.0000000000000047,1.6431300764452317e-14,5.3982818631498185e-15,0.39237749099265784,64,"[1, 2, 4, 8, 16, 32, 64, 64, 32, 8, 4, 2, 1]",18344,1.4439921516696858e-29,7.344341353903817e-29,1e-12
586186330733fdcef495c9022b732f18e4e1de92e604dbab4581825d5fa3d842,C,mpo_zipup,11,rzz,0.05,2,8,6,8,,20,20,commuting,0.4866221271116411,0.4866221271116411,0.5133778728883589,0.5751346645575388,0.9999999999999996,0.8520246501974972,0.5258724447307608,0.13557229709901528,0.0028945410158485174,8,"[1, 2, 4, 8, 8, 8, 8, 8, 8, 8, 4, 2, 1]",936,2.3349204500342228e-30,0.490846722279716,1e-12
dd8a6d8f015c0f3210a4da0e9c914fcdf20e15ae2902c234497732108fa4d51d,C,mpo_zipup,11,rzz,0.05,2,8,6,16,,20,20,commuting,0.7600231024561265,0.7600231024561265,0.23997689754387352,0.37654959276850597,0.9999999999999996,0.9409440330666023,0.22136218013330233,0.06633916107705533,0.00925576698500663,16,"[1, 2, 4, 8, 16, 16, 16, 16, 16, 8, 4, 2, 1]",2728,1.4878577613793226e-29,0.19866798961440865,1e-12
2ec88026b2ff133c26f6a9b794370fa75f3b36831571e69b40c41e609116138f,C,mpo_zipup,11,rzz,0.05,2,8,6,64,,20,20,commuting,1.00000000000004,1.00000000000004,0.0,2.888006554255023e-14,0.9999999999999996,1.0000000000000195,7.349676423018536e-14,2.0180172475873724e-14,0.18066387699218467,32,"[1, 2, 4, 8, 16, 32, 32, 32, 16, 8, 4, 2, 1]",6824,1.5134961613783569e-30,6.599870185628605e-29,1e-12
e775313f98d3ef694010427f1023f6552a397eb5d212dc8e64e52e9916b24bdd,C,mpo_zipup,11,rzz,0.05,2,8,6,8,,20,20,mixed,0.22328863141697425,0.22328863141697425,0.7767113685830258,0.7597234387185982,0.9999999999999996,0.7226674428483739,0.9191148861755796,0.24867503260502405,0.0030907539767213166,8,"[1, 2, 4, 8, 8, 8, 8, 8, 8, 8, 4, 2, 1]",936,0.0048580647291315395,1.1022047448715138,1e-12
86e4e05c6f01efffc5084c309aa4d0a1595676ec30643f4bb6650b9e43abb8e1,C,mpo_zipup,11,rzz,0.05,2,8,6,16,,20,20,mixed,0.5855833083821277,0.5855833083821277,0.4144166916178723,0.5169093711539401,0.9999999999999996,0.8931201505323768,0.3900396724989956,0.10379893926769496,0.004681870981585234,16,"[1, 2, 4, 8, 16, 16, 16, 16, 16, 8, 4, 2, 1]",2728,0.0016181843616197681,0.6028315365979279,1e-12
aa93410fa613d8f977ef6d936a7b0e7a746be718332cf889b9430dd66ce02f0f,C,mpo_zipup,11,rzz,0.05,2,8,6,64,,20,20,mixed,1.0000000000000062,1.0000000000000062,0.0,2.4132189912604054e-14,0.9999999999999996,1.0000000000000029,1.0436096431476471e-14,4.218736511652916e-15,0.31636579998303205,64,"[1, 2, 4, 8, 16, 32, 64, 64, 16, 8, 4, 2, 1]",16040,1.3064248272483384e-29,8.650766181152155e-29,1e-12
5a8bd25bfe2659d4d0be3e8e7f8540a39a67a5b44dee840103456c6a6f9e82de,C,mpo_zipup,11,rzz,0.05,3,9,6,8,,21,21,commuting,0.4806633549413889,0.4806633549413889,0.5193366450586111,0.5817686715246259,0.9999999999999996,0.8515001896843412,0.5276018472766992,0.13623902934275162,0.0030347220017574728,8,"[1, 2, 4, 8, 8, 8, 8, 8, 8, 8, 4, 2, 1]",936,0.005586643736033898,0.4964333660157499,1e-12
e1a665ff8e816d7803cdfc06bfe655c29bd1f464cd0b6816866e37d70493896a,C,mpo_zipup,11,rzz,0.05,3,9,6,16,,21,21,commuting,0.756346471020507,0.756346471020507,0.243653528979493,0.3816050249239018,0.9999999999999996,0.9407369656157907,0.22211485863541203,0.06652258993528876,0.0046311760088428855,16,"[1, 2, 4, 8, 16, 16, 16, 16, 16, 8, 4, 2, 1]",2728,0.0005810486041024293,0.1992490382185111,1e-12
4b6d20abc15b1d6c1c4b935819c44a1fa7337321039c1c64cb2297f5aef3eb44,C,mpo_zipup,11,rzz,0.05,3,9,6,64,,21,21,commuting,1.00000000000004,1.00000000000004,0.0,3.0263359794570475e-14,0.9999999999999996,1.0000000000000198,7.37188088351104e-14,2.049829489717412e-14,0.09210700500989333,32,"[1, 2, 4, 8, 16, 32, 32, 32, 32, 8, 4, 2, 1]",8104,1.2290699680223865e-30,6.722777182430843e-29,1e-12
19554cad4478c6d74ec969a13dedee19a07bb03536e3d05b5cb8f59633c21af9,C,mpo_zipup,11,ryy,0.05,3,9,6,8,,21,21,mixed,0.21648884673557642,0.21648884673557642,0.7835111532644236,0.7680358694052909,0.9999999999999996,0.7214196670719549,0.9226013612919743,0.24950986045024687,0.003086898010224104,8,"[1, 2, 4, 8, 8, 8, 8, 8, 8, 8, 4, 2, 1]",936,0.013455676964147803,1.1156604218356616,1e-12
9670f0fd378144026dbd53c550532b617ccb3f35102cd450934e2eed1a55bcc1,C,mpo_zipup,11,ryy,0.05,3,9,6,16,,21,21,mixed,0.5729662620297467,0.5729662620297467,0.42703373797025335,0.5307134222348435,0.9999999999999996,0.8919346587100423,0.3941346271226762,0.10459097893340162,0.018592879991047084,16,"[1, 2, 4, 8, 16, 16, 16, 16, 16, 8, 4, 2, 1]",2728,0.005297432078083186,0.6081289686760111,1e-12
87069df0b38263439db774aea83f31c0ed67b1799f6caf0008f62d0636cd81bf,C,mpo_zipup,11,ryy,0.05,3,9,6,64,,21,21,mixed,1.0000000000000062,1.0000000000000062,0.0,2.529837653620571e-14,0.9999999999999996,1.0000000000000027,1.1102230246251565e-14,4.5501364452408125e-15,0.23665362899191678,64,"[1, 2, 4, 8, 16, 32, 64, 64, 32, 8, 4, 2, 1]",18344,6.168994353115365e-33,8.651383080587467e-29,1e-12
dfca6e62d9cfa139a1b2007fc9314b592d39f778495c02187c92523c7d25170a,C,mpo_zipup,11,rzz,0.05,2,9,7,8,,22,22,commuting,0.47328345273283773,0.47328345273283773,0.5267165472671622,0.5899306382312615,0.9999999999999996,0.8508408490197937,0.5297777272217612,0.1374391353966161,0.00295559799997136,8,"[1, 2, 4, 8, 8, 8, 8, 8, 8, 8, 4, 2, 1]",936,0.004379737154431514,0.5008131031701814,1e-12
012197f0dd6a4f940ab36fa7ed37914a70ebac1d5a30e651febe902aac5597c4,C,mpo_zipup,11,rzz,0.05,2,9,7,16,,22,22,commuting,0.7538058376282047,0.7538058376282047,0.24619416237179526,0.38499893448854616,0.9999999999999996,0.9405658025554267,0.22273372705032535,0.06667712652573768,0.003511902003083378,16,"[1, 2, 4, 8, 16, 16, 16, 16, 16, 8, 4, 2, 1]",2728,0.0004466557458861619,0.19969569396439724,1e-12
b8783b71faff61c1c6d03a61ff900dbf4d9f931b1915b0f89aabe6d6bbef5c75,C,mpo_zipup,11,rzz,0.05,2,9,7,64,,22,22,commuting,1.0000000000000453,1.0000000000000453,0.0,3.192666174437305e-14,0.9999999999999996,1.0000000000000222,8.348877145181177e-14,2.2809933979830555e-14,0.17064814904006198,32,"[1, 2, 4, 8, 16, 32, 32, 32, 32, 8, 4, 2, 1]",8104,4.193716044245302e-30,7.142148786855373e-29,1e-12
dacbd20405c09bcce1511eb4afd148dd88d4c9f023fc539b224e026b832424cd,C,mpo_zipup,11,rxx,0.05,2,9,7,8,,22,22,mixed,0.2130359073052304,0.2130359073052304,0.7869640926947696,0.7723727135542833,0.9999999999999996,0.7208854753043887,0.9240854531350746,0.2498542163345594,0.003142810019198805,8,"[1, 2, 4, 8, 8, 8, 8, 8, 8, 8, 4, 2, 1]",936,0.006911081332121743,1.1225715031677834,1e-12
8c3e771c028b92648bdf6679356d9d3fd0a2f7cd65f5a6d4203adf64ee5675eb,C,mpo_zipup,11,rxx,0.05,2,9,7,16,,22,22,mixed,0.57020177428597,0.57020177428597,0.42979822571403004,0.5336163018582919,0.9999999999999996,0.8916167773131617,0.39522171979541176,0.10503714528420051,0.007212092983536422,16,"[1, 2, 4, 8, 16, 16, 16, 16, 16, 8, 4, 2, 1]",2728,0.001215846276215222,0.6093448149522264,1e-12
4f1e5adc6593123a334cbc7d654e83603172d81d466168f3d19140463c22dff1,C,mpo_zipup,11,rxx,0.05,2,9,7,64,,22,22,mixed,1.0000000000000044,1.0000000000000044,0.0,2.5704133503749264e-14,0.9999999999999996,1.000000000000002,1.0796918914479647e-14,3.942063146586611e-15,0.30934616504237056,64,"[1, 2, 4, 8, 16, 32, 64, 64, 32, 8, 4, 2, 1]",18344,2.0106207671015525e-29,1.066200384768902e-28,1e-12
516ef3b13a75e10b1257940b6bb62fb5e4d69677e338f4d6e7488d3820204510,C,mpo_zipup,11,rzz,0.05,2,8,6,8,,23,23,commuting,0.4732834527328385,0.4732834527328385,0.5267165472671616,0.5899306382312612,0.9999999999999996,0.850840849019794,0.5297777272217592,0.13735178241973955,0.0036563820322044194,8,"[1, 2, 4, 8, 8, 8, 8, 8, 8, 8, 4, 2, 1]",936,2.431119538915906e-30,0.5008131031701814,1e-12
db3b7dfaa8b203bd85b29341bee1f7757fca99240f3e4385923ac26d76aea1b5,C,mpo_zipup,11,rzz,0.05,2,8,6,16,,23,23,commuting,0.7538058376282034,0.7538058376282034,0.2461941623717966,0.3849989344885459,0.9999999999999996,0.9405658025554258,0.22273372705032823,0.06679218140223876,0.00523523596348241,16,"[1, 2, 4, 8, 16, 16, 16, 16, 16, 8, 4, 2, 1]",2728,1.1452546695253294e-30,0.19969569396439724,1e-12
795b84d943751c827be02b4a9f2d6f6604b455f157d00c3fb37aaff518b19803,C,mpo_zipup,11,rzz,0.05,2,8,6,64,,23,23,commuting,1.000000000000047,1.000000000000047,0.0,3.297416772356798e-14,0.9999999999999996,1.000000000000023,8.704148513061227e-14,2.3748334972112173e-14,0.17365713900653645,32,"[1, 2, 4, 8, 16, 32, 32, 32, 16, 8, 4, 2, 1]",6824,1.8341920695795828e-30,7.325567993813331e-29,1e-12
5bf6bd983e415ee5645adba1153983a2cd1b9c15dfe114454bfaba144eddd9a7,C,mpo_zipup,11,rzz,0.05,2,8,6,8,,23,23,mixed,0.21090979135212773,0.21090979135212773,0.7890902086478723,0.7748659656162924,0.9999999999999996,0.7203579565207683,0.925559828791866,0.25007325427680405,0.0030710899736732244,8,"[1, 2, 4, 8, 8, 8, 8, 8, 8, 8, 4, 2, 1]",936,0.0029861179616924435,1.125557621129476,1e-12
9d00734075ac505c43101eb1017c5a6aebcd089e008b0713f315c8620963e5d8,C,mpo_zipup,11,rzz,0.05,2,8,6,16,,23,23,mixed,0.5701241747083583,0.5701241747083583,0.4298758252916417,0.5335526344111035,0.9999999999999996,0.8915210402473148,0.3955530804620033,0.1051880972973484,0.005616515991277993,16,"[1, 2, 4, 8, 16, 16, 16, 16, 16, 8, 4, 2, 1]",2728,0.0011269539395820493,0.6104717688918084,1e-12
4954068fa96746ca68a912bc2e6b94854f44b248607d3fb194ccb4c4bba3e80f,C,mpo_zipup,11,rzz,0.05,2,8,6,64,,23,23,mixed,1.0000000000000089,1.0000000000000089,0.0,2.676941089646982e-14,0.9999999999999996,1.0000000000000036,1.554312234475219e-14,5.266828839692578e-15,0.2859447129885666,64,"[1, 2, 4, 8, 16, 32, 64, 64, 16, 8, 4, 2, 1]",16040,1.4598569920814905e-29,1.212186083977051e-28,1e-12
c84f9c909fbefc4458344d3e2d77bf22011f4075b2710396806ee5012da13665,C,mpo_zipup,11,rzz,0.05,3,9,6,8,,24,24,commuting,0.46754402720821564,0.46754402720821564,0.5324559727917844,0.5963171425393374,0.9999999999999996,0.850375186523341,0.5313073609849233,0.13797388418347073,0.0029894240433350205,8,"[1, 2, 4, 8, 8, 8, 8, 8, 8, 8, 4, 2, 1]",936,0.004964725826803482,0.5057778289969849,1e-12
29be07b12da075dd0271499229692a28761f97a92bd0ffa1ba7c12e0fadc0e7c,C,mpo_zipup,11,rzz,0.05,3,9,6,16,,24,24,commuting,0.7504672442457668,0.7504672442457668,0.24953275575423317,0.38952287295434124,0.9999999999999996,0.9403820071127815,0.22340227938727386,0.06691403400438231,0.005175151978619397,16,"[1, 2, 4, 8, 16, 16, 16, 16, 16, 8, 4, 2, 1]",2728,0.00047696259352911447,0.20017265655792635,1e-12
efb42bde1646ad4b8e5cb59a90d241112b96a4027442d62f013d5f6a5129a506,C,mpo_zipup,11,rzz,0.05,3,9,6,64,,24,24,commuting,1.0000000000000457,1.0000000000000457,0.0,3.229698808203434e-14,0.9999999999999996,1.0000000000000222,8.304468224196171e-14,2.267375450736065e-14,0.11064247897593305,32,"[1, 2, 4, 8, 16, 32, 32, 32, 32, 8, 4, 2, 1]",8104,1.4687381971717512e-30,7.472441813530505e-29,1e-12
75594791e0d3f238635d0f8c7a38f1fe7d3c2fb3b597322225132d1336005aec,C,mpo_zipup,11,ryy,0.05,3,9,6,8,,24,24,mixed,0.20620023809272883,0.20620023809272883,0.7937997619072712,0.7807039851346328,0.9999999999999996,0.7195027726915693,0.9279396634766499,0.250416111357777,0.0031081439810805023,8,"[1, 2, 4, 8, 8, 8, 8, 8, 8, 8, 4, 2, 1]",936,0.010592567408992847,1.1361501885384688,1e-12
2d4c4709febfa3a7ce6c9fb156ef36d641bb158ced1e38d9ca8733e719f3aacd,C,mpo_zipup,11,ryy,0.05,3,9,6,16,,24,24,mixed,0.5597669290534014,0.5597669290534014,0.4402330709465986,0.5451991183625622,0.9999999999999996,0.8908386760835426,0.3979063133885916,0.10555493706193858,0.004178153001703322,16,"[1, 2, 4, 8, 16, 16, 16, 16, 16, 8, 4, 2, 1]",2728,0.002767013931790638,0.6132387828235991,1e-12
bab8310449680bc6463a454fde08caf3efd3cd98ef420d81a9d0c8227b471fe5,C,mpo_zipup,11,ryy,0.05,3,9,6,64,,24,24,mixed,1.000000000000008,1.000000000000008,0.0,2.72343840247068e-14,0.9999999999999996,1.0000000000000033,1.3766765505351941e-14,5.389472518667081e-15,0.30469723499845713,64,"[1, 2, 4, 8, 16, 32, 64, 64, 32, 8, 4, 2, 1]",18344,6.168994353115365e-33,1.2122477739205822e-28,1e-12
d959df4586f61d3d125094f7beab513f6da4975abef5053eb971e4b058593128,C,mpo_zipup,11,rzz,0.05,2,9,7,8,,25,25,commuting,0.4604159324463698,0.4604159324463698,0.5395840675536302,0.6041888786651629,0.9999999999999996,0.8497783935228277,0.5332699801218133,0.13914805499816638,0.0029830870334990323,8,"[1, 2, 4, 8, 8, 8, 8, 8, 8, 8, 4, 2, 1]",936,0.0039036191828407804,0.5096814481798256,1e-12
ff03710b3198a48d5cc28c60e25d52410bc7a1945599187c7e3b6a558108fe8d,C,mpo_zipup,11,rzz,0.05,2,9,7,16,,25,25,commuting,0.7481364862774464,0.7481364862774464,0.25186351372255356,0.39260188730587575,0.9999999999999996,0.9402307753348096,0.22394929946047681,0.06706463058318739,0.005071437044534832,16,"[1, 2, 4, 8, 16, 16, 16, 16, 16, 8, 4, 2, 1]",2728,0.0003749653642965298,0.2005476219222229,1e-12
917e5ca14e803be905201a1813d5e95e1e24ca256691ce6c9b88e9dac7383b35,C,mpo_zipup,11,rzz,0.05,2,9,7,64,,25,25,commuting,1.000000000000044,1.000000000000044,0.0,3.193970575268918e-14,0.9999999999999996,1.0000000000000215,8.126832540256146e-14,2.2134397296471883e-14,0.18120258097769693,32,"[1, 2, 4, 8, 16, 32, 32, 32, 32, 8, 4, 2, 1]",8104,5.622803844699307e-30,8.034722198000435e-29,1e-12
c2964ed7ebd797970551f8125d27318696d9d7a782b8799d20bb912e2dabbf9a,C,mpo_zipup,11,rxx,0.05,2,9,7,8,,25,25,mixed,0.2037839940550559,0.2037839940550559,0.7962160059449441,0.7837302502437076,0.9999999999999996,0.7190840816848684,0.9290983732585902,0.2506904529254745,0.0030653069843538105,8,"[1, 2, 4, 8, 8, 8, 8, 8, 8, 8, 4, 2, 1]",936,0.005885672692584247,1.142035861231053,1e-12
4feddb6379843befe1e3483a8174c58a3840417d1c04238a4acb7b2e9fc03e49,C,mpo_zipup,11,rxx,0.05,2,9,7,16,,25,25,mixed,0.5570396881875203,0.5570396881875203,0.44296031181247975,0.5481247486820235,0.9999999999999996,0.890585520844818,0.39877224361669383,0.10597124953753559,0.003204052976798266,16,"[1, 2, 4, 8, 16, 16, 16, 16, 16, 8, 4, 2, 1]",2728,0.0008739591831641683,0.6141127420067634,1e-12
08d05c35b6b9f799043e4d65b5eb699a668868fbc7594b501bb3163ef3893046,C,mpo_zipup,11,rxx,0.05,2,9,7,64,,25,25,mixed,1.0000000000000089,1.0000000000000089,0.0,2.7667497418507238e-14,0.9999999999999996,1.0000000000000036,1.554312234475219e-14,5.4207395130814034e-15,0.3003403239999898,64,"[1, 2, 4, 8, 16, 32, 64, 64, 32, 8, 4, 2, 1]",18344,2.375469121823418e-29,1.449794686102924e-28,1e-12
57c2c6a4a83ca3a73c16787712f6be12a6ef244609a9acf82fcf25cffb705638,C,mpo_zipup,11,rzz,0.05,2,8,6,8,,26,26,commuting,0.46041593244637025,0.46041593244637025,0.5395840675536298,0.6041888786651632,0.9999999999999996,0.8497783935228281,0.5332699801218128,0.13905121326385694,0.002857998013496399,8,"[1, 2, 4, 8, 8, 8, 8, 8, 8, 8, 4, 2, 1]",936,1.708249479453104e-30,0.5096814481798256,1e-12
664139391fa9acfae8c30ea57f6f5dc1ee2912e201b6d2159afb3a7655bc8012,C,mpo_zipup,11,rzz,0.05,2,8,6,16,,26,26,commuting,0.7481364862774488,0.7481364862774488,0.2518635137225512,0.39260188730587525,0.9999999999999996,0.9402307753348103,0.22394929946047526,0.06719505760379833,0.005740649998188019,16,"[1, 2, 4, 8, 16, 16, 16, 16, 16, 8, 4, 2, 1]",2728,3.261358571503377e-30,0.2005476219222229,1e-12
c607de3c676d452e2af1f6336fd3735688e88bc5c7fb808bc9882a4c8d888ee6,C,mpo_zipup,11,rzz,0.05,2,8,6,64,,26,26,commuting,1.0000000000000417,1.0000000000000417,0.0,3.160021261769565e-14,0.9999999999999996,1.0000000000000209,7.638334409421077e-14,2.0881607940695068e-14,0.1843668679939583,32,"[1, 2, 4, 8, 16, 32, 32, 32, 16, 8, 4, 2, 1]",6824,1.8885226812396283e-30,8.223574466124398e-29,1e-12
42dbf38253adac6c5c43b8e4e7b455d91d6bb661d7fd2ae2687d7f231d9dbcd0,C,mpo_zipup,11,rzz,0.05,2,8,6,8,,26,26,mixed,0.20165976597468038,0.20165976597468038,0.7983402340253196,0.7863177272890293,0.9999999999999996,0.7186281657547184,0.9303700954833622,0.2508653031107295,0.0030713349697180092,8,"[1, 2, 4, 8, 8, 8, 8, 8, 8, 8, 4, 2, 1]",936,0.0023208262334366283,1.1443566874644897,1e-12
a0aa15c1ed6cb652a937b23837e0d2436f00320bc6c77a46f063162447660b80,C,mpo_zipup,11,rzz,0.05,2,8,6,16,,26,26,mixed,0.556857254881371,0.556857254881371,0.44314274511862894,0.5482362670919366,0.9999999999999996,0.8905169176785547,0.3990096552045881,0.1060978943720635,0.007997427019290626,16,"[1, 2, 4, 8, 16, 16, 16, 16, 16, 8, 4, 2, 1]",2728,0.0007062941658197788,0.6148190361725832,1e-12
af4126ad1338c18bb9e795560563cc8303fc884f583cb8e49ccfef9214444239,C,mpo_zipup,11,rzz,0.05,2,8,6,64,,26,26,mixed,1.0000000000000102,1.0000000000000102,0.0,2.8473659094987494e-14,0.9999999999999996,1.0000000000000042,1.709743457922741e-14,5.74548948441663e-15,0.4869796790299006,64,"[1, 2, 4, 8, 16, 32, 64, 64, 16, 8, 4, 2, 1]",16040,1.7950551288662438e-29,1.6293001989895484e-28,1e-12
938c88c965605eb5d3239308b922345121eafffe6603549039acd130caee3491,C,mpo_zipup,11,rzz,0.05,3,9,6,8,,27,27,commuting,0.4549710411088856,0.4549710411088856,0.5450289588911144,0.6102430785555363,0.9999999999999996,0.8493688474676451,0.534610114053063,0.13962270526770768,0.002939534024335444,8,"[1, 2, 4, 8, 8, 8, 8, 8, 8, 8, 4, 2, 1]",936,0.004404778605176904,0.5140862267850025,1e-12
a00f0fb15d9d4a7770f14c2cc3c45ba3774c968dceabc8ecad9a31d10b93ff67,C,mpo_zipup,11,rzz,0.05,3,9,6,16,,27,27,commuting,0.7450206557037538,0.7450206557037538,0.25497934429624625,0.396765015490897,0.9999999999999996,0.9400606674947366,0.22456863430640084,0.06727026915363385,0.004693321010563523,16,"[1, 2, 4, 8, 16, 16, 16, 16, 16, 8, 4, 2, 1]",2728,0.00040754227076982615,0.20095516419299272,1e-12
3a96da5ac538665ffdd239770229f398f7897c8f372043b563f3602c14462452,C,mpo_zipup,11,rzz,0.05,3,9,6,64,,27,27,commuting,1.0000000000000435,1.0000000000000435,0.0,3.183460794057643e-14,0.9999999999999996,1.0000000000000213,7.993605777301127e-14,2.1572508071010365e-14,0.11025656899437308,32,"[1, 2, 4, 8, 16, 32, 32, 32, 32, 8, 4, 2, 1]",8104,2.3218835558443855e-30,8.455762821708837e-29,1e-12
ef558f6c0241ba3b9b8efd2a7f83242d9acbe9db7537fadde3f9f236c4dfb01d,C,mpo_zipup,11,ryy,0.05,3,9,6,8,,27,27,mixed,0.19814124530763688,0.19814124530763688,0.8018587546923631,0.7907086699714675,0.9999999999999996,0.7179703251899462,0.9321959331482375,0.25092214109716743,0.003076815977692604,8,"[1, 2, 4, 8, 8, 8, 8, 8, 8, 8, 4, 2, 1]",936,0.008781128895031617,1.1531378163595214,1e-12
a983fd693579a2509e01278e31100ee751db931f8ab53f7418c24edb0be3c3fa,C,mpo_zipup,11,ryy,0.05,3,9,6,16,,27,27,mixed,0.5485885243403772,0.5485885243403772,0.4514114756596228,0.5576227247820681,0.9999999999999996,0.890100187942793,0.4004467297974681,0.10623251270934782,0.012677403981797397,16,"[1, 2, 4, 8, 16, 16, 16, 16, 16, 8, 4, 2, 1]",2728,0.001460726092280539,0.6162797622648637,1e-12
38edd87c40869b0f495220ae05df0f62a03ac597c0ce58c6e7330762c294aeb8,C,mpo_zipup,11,ryy,0.05,3,9,6,64,,27,27,mixed,1.0000000000000067,1.0000000000000067,0.0,2.9187060102295846e-14,0.9999999999999996,1.0000000000000027,1.199040866595169e-14,5.0147552279258854e-15,0.2737569169839844,64,"[1, 2, 4, 8, 16, 32, 64, 64, 32, 8, 4, 2, 1]",18344,6.168994353115365e-33,1.6293618889330795e-28,1e-12
1c3580435773863cdb867614fc34d75ef85da48d67cb6f79104da27e3ab73fc2,C,mpo_zipup,11,rzz,0.05,2,9,7,8,,28,28,commuting,0.4480921421102668,0.4480921421102668,0.5519078578897332,0.6178194690844921,0.9999999999999996,0.8488195305036972,0.5364106784632798,0.1407649469156239,0.0029883700190111995,8,"[1, 2, 4, 8, 8, 8, 8, 8, 8, 8, 4, 2, 1]",936,0.003449479950003509,0.517535706735006,1e-12
fd8a363bc9e03759f24783ed12fff426826076850f6fc940eae52b5c29d13abb,C,mpo_zipup,11,rzz,0.05,2,9,7,16,,28,28,commuting,0.7428898800553743,0.7428898800553743,0.25711011994462574,0.3995422965793446,0.9999999999999996,0.9399229989975212,0.22506706382376462,0.06741312540245487,0.0061508630169555545,16,"[1, 2, 4, 8, 16, 16, 16, 16, 16, 8, 4, 2, 1]",2728,0.0003233914350109123,0.20127855562800365,1e-12
a7cb15e5b61f424172ae61f7ee0328d9c2383fbb114ce57c50ac16e1c1e20bc6,C,mpo_zipup,11,rzz,0.05,2,9,7,64,,28,28,commuting,1.0000000000000497,1.0000000000000497,0.0,3.40585814302144e-14,0.9999999999999996,1.0000000000000238,8.837375276016246e-14,2.4306542648760768e-14,0.183679239009507,32,"[1, 2, 4, 8, 16, 32, 32, 32, 32, 8, 4, 2, 1]",8104,5.9859922348695335e-30,9.054362045195791e-29,1e-12
1b31f107439eae5c5239ba1dab293cf6546408ffd6682764304326f6865c0a46,C,mpo_zipup,11,rxx,0.05,2,9,7,8,,28,28,mixed,0.19653714888318946,0.19653714888318946,0.8034628511168105,0.792669828330908,0.9999999999999996,0.7176180509901472,0.9331688983583422,0.2511647997475161,0.003041119023691863,8,"[1, 2, 4, 8, 8, 8, 8, 8, 8, 8, 4, 2, 1]",936,0.004973703987586174,1.1581115203471075,1e-12
e192fd60e8593388ed878cbe87b01944b5c7998b8d6a72e92358c40431fd44c9,C,mpo_zipup,11,rxx,0.05,2,9,7,16,,28,28,mixed,0.5457983462906798,0.5457983462906798,0.4542016537093202,0.5606713156734641,0.9999999999999996,0.8898964272173162,0.40114444640437585,0.10660421039654411,0.003205920977052301,16,"[1, 2, 4, 8, 16, 16, 16, 16, 16, 8, 4, 2, 1]",2728,0.0006449508644983172,0.616924713129362,1e-12
585bab38eec24f3f498dbda88ce3c0d9334f67967e4397287e191f174f50c529,C,mpo_zipup,11,rxx,0.05,2,9,7,64,,28,28,mixed,1.000000000000008,1.000000000000008,0.0,3.1254560679487384e-14,0.9999999999999996,1.0000000000000033,1.3627987627273797e-14,5.193374094670673e-15,0.32037608296377584,64,"[1, 2, 4, 8, 16, 32, 64, 64, 32, 8, 4, 2, 1]",18344,3.194052601523502e-29,1.9487671490854298e-28,1e-12
1391424cb29f963cddc3da81e678b7bfa2c2dcd68145e3b4da5241aa9a484cd4,C,mpo_zipup,11,rzz,0.05,2,8,6,8,,29,29,commuting,0.4480921421102674,0.4480921421102674,0.5519078578897326,0.6178194690844923,0.9999999999999996,0.8488195305036983,0.5364106784632758,0.14066043112836882,0.0029669259674847126,8,"[1, 2, 4, 8, 8, 8, 8, 8, 8, 8, 4, 2, 1]",936,6.357147252034624e-30,0.517535706735006,1e-12
5e634fdb82796bc070b03191da626a3a2b3fe839181341d41e72c7bba4fd6c05,C,mpo_zipup,11,rzz,0.05,2,8,6,16,,29,29,commuting,0.7428898800553738,0.7428898800553738,0.2571101199446262,0.399542296579345,0.9999999999999996,0.9399229989975214,0.22506706382376507,0.06755813647916688,0.0031619940418750048,16,"[1, 2, 4, 8, 16, 16, 16, 16, 16, 8, 4, 2, 1]",2728,1.1072969222991238e-30,0.20127855562800365,1e-12
cd048fd4a038fa762028ce9447845ff3a2f105061324f394eac792bc11b442cd,C,mpo_zipup,11,rzz,0.05,2,8,6,64,,29,29,commuting,1.000000000000047,1.000000000000047,0.0,3.4064916591859675e-14,0.9999999999999996,1.0000000000000233,8.482103908136196e-14,2.3254953382702483e-14,0.17506356997182593,32,"[1, 2, 4, 8, 16, 32, 32, 32, 16, 8, 4, 2, 1]",6824,1.3039711244628607e-30,9.184759157642077e-29,1e-12
4e6a5d3bd86e66fcdfce3ba8fa9bbfb47c1edb5218e0535a3d8f34176da91c50,C,mpo_zipup,11,rzz,0.05,2,8,6,8,,29,29,mixed,0.19444139016268114,0.19444139016268114,0.8055586098373189,0.7952513676132812,0.9999999999999996,0.7171714682639061,0.9344123641771118,0.2513552620323259,0.0030040739802643657,8,"[1, 2, 4, 8, 8, 8, 8, 8, 8, 8, 4, 2, 1]",936,0.00208730601242661,1.1601988263595342,1e-12
c1efcfde365f1df3e6d9ea89a8c806bac32b11b6a9da4eaa1a1d6b19d5bee14f,C,mpo_zipup,11,rzz,0.05,2,8,6,16,,29,29,mixed,0.5455957970715036,0.5455957970715036,0.45440420292849637,0.5608549715716565,0.9999999999999996,0.8898580977334363,0.4012769429697529,0.10670816116390755,0.006781513046007603,16,"[1, 2, 4, 8, 16, 16, 16, 16, 16, 8, 4, 2, 1]",2728,0.0003455961269857772,0.6172703092563478,1e-12
88893d277e7e80d4c73ce79bb72039c781e441c458bc2a94d19839ef7e3ed201,C,mpo_zipup,11,rzz,0.05,2,8,6,64,,29,29,mixed,1.000000000000007,1.000000000000007,0.0,3.2603099146481927e-14,0.9999999999999996,1.0000000000000029,1.3433698597964394e-14,5.1427194079252384e-15,0.24780173401813954,64,"[1, 2, 4, 8, 16, 32, 64, 64, 16, 8, 4, 2, 1]",16040,2.335987331590133e-29,2.182365882244443e-28,1e-12
f884d248714d3f7bc775191f7908ca338915062a86f0503f6979200b802dba22,C,mpo_zipup,11,rzz,0.05,3,9,6,8,,30,30,commuting,0.44297645970669636,0.44297645970669636,0.5570235402933037,0.62351347495168,0.9999999999999996,0.848468377961308,0.5375555054781345,0.1411724791913356,0.0029470909503288567,8,"[1, 2, 4, 8, 8, 8, 8, 8, 8, 8, 4, 2, 1]",936,0.003813905331102756,0.5213496120661087,1e-12
fc823b287c1f1e56e89c7d2863b03b308bfec7b07e0b9981bcbbeb64414cd26b,C,mpo_zipup,11,rzz,0.05,3,9,6,16,,30,30,commuting,0.7399389446272127,0.7399389446272127,0.26006105537278734,0.4034375110425049,0.9999999999999996,0.9397637478810547,0.22564746817357428,0.06759938834071987,0.003937387024052441,16,"[1, 2, 4, 8, 16, 16, 16, 16, 16, 8, 4, 2, 1]",2728,0.00035620276888409687,0.20163475839688774,1e-12
b15310dfd8300b16305be0035ca66b56556cfe56dbc02ee9d6c2e488ba10b20f,C,mpo_zipup,11,rzz,0.05,3,9,6,64,,30,30,commuting,1.0000000000000515,1.0000000000000515,0.0,3.59080209957585e-14,0.9999999999999996,1.0000000000000253,9.414691248821327e-14,2.5411155421815288e-14,0.1382029940141365,32,"[1, 2, 4, 8, 16, 32, 32, 32, 32, 8, 4, 2, 1]",8104,1.6157533727252595e-30,9.346334494914603e-29,1e-12
a3e917c0e02bcb0197fba927025a98c01f68646f7be943dea6f6bc7803d6a54f,C,mpo_zipup,11,ryy,0.05,3,9,6,8,,30,30,mixed,0.19125998429376379,0.19125998429376379,0.8087400157062362,0.7991050014026858,0.9999999999999996,0.7164038091460754,0.9365433991578167,0.2514183125949325,0.0031203950056806207,8,"[1, 2, 4, 8, 8, 8, 8, 8, 8, 8, 4, 2, 1]",936,0.0070171829188368316,1.167216009278371,1e-12
240015ac4a510fb3dc0abd2df7ef672c48f2d74719428aa89b4ae45d6118ac75,C,mpo_zipup,11,ryy,0.05,3,9,6,16,,30,30,mixed,0.538851638275459,0.538851638275459,0.461148361724541,0.5685067513400046,0.9999999999999996,0.8895674330342762,0.40228030635359024,0.10672612256259777,0.02168579597491771,16,"[1, 2, 4, 8, 16, 16, 16, 16, 16, 8, 4, 2, 1]",2728,0.0008044772723243051,0.6180747865286722,1e-12
cb4b56d0567fc0041434c949c0c2a90cb0716623ee767e73441873fe491f3729,C,mpo_zipup,11,ryy,0.05,3,9,6,64,,30,30,mixed,1.000000000000008,1.000000000000008,0.0,3.393202426301783e-14,0.9999999999999996,1.0000000000000033,1.4738210651898953e-14,5.708455036710183e-15,0.4775171189685352,64,"[1, 2, 4, 8, 16, 32, 64, 64, 32, 8, 4, 2, 1]",18344,6.168994353115365e-33,2.182427572187974e-28,1e-12
0083b20a982a565aecf92646d75209ed94f7268f134dfe9f952952db85fa12f5,C,mpo_zipup,11,rzz,0.05,2,9,7,8,,31,31,commuting,0.4363894017195971,0.4363894017195971,0.5636105982804029,0.6307587530344888,0.9999999999999996,0.8479694135698899,0.5391863546244717,0.14226239188457954,0.0030426050070673227,8,"[1, 2, 4, 8, 8, 8, 8, 8, 8, 8, 4, 2, 1]",936,0.0029165981623458922,0.5242662102284547,1e-12
d7907968552e3d8802b9a2c65527dde041ed219ae06296eb96ba87804c148f3a,C,mpo_zipup,11,rzz,0.05,2,9,7,16,,31,31,commuting,0.7380120356900007,0.7380120356900007,0.26198796430999927,0.4059112400753617,0.9999999999999996,0.9396363512053146,0.22610926282610366,0.06772865065490792,0.004428479995112866,16,"[1, 2, 4, 8, 16, 16, 16, 16, 16, 8, 4, 2, 1]",2728,0.0002833627999550767,0.20191812119684283,1e-12
53c986f6a848483997c4b5bbb1c94d794cd35859874240fb4b9c6d61a2174a22,C,mpo_zipup,11,rzz,0.05,2,9,7,64,,31,31,commuting,1.000000000000055,1.000000000000055,0.0,3.7620299614081493e-14,0.9999999999999996,1.0000000000000266,9.992007221626409e-14,2.7053989845013492e-14,0.18519613100215793,32,"[1, 2, 4, 8, 16, 32, 32, 32, 32, 8, 4, 2, 1]",8104,5.238472407818401e-30,9.870181735696444e-29,1e-12
cff81d20aa321b1004ef017fcaa71597792dd189b024bd6e8efabf9ac4a0b91c,C,mpo_zipup,11,rxx,0.05,2,9,7,8,,31,31,mixed,0.19037929532915002,0.19037929532915002,0.80962070467085,0.8001534354343623,0.9999999999999996,0.7161669067100307,0.9371957645144813,0.2515223716606323,0.0031155080068856478,8,"[1, 2, 4, 8, 8, 8, 8, 8, 8, 8, 4, 2, 1]",936,0.003732394130747375,1.1709484034091182,1e-12
77cd6824f27cca8f13ad251c02939ad9aec22b43c841eede373830e19584eff7,C,mpo_zipup,11,rxx,0.05,2,9,7,16,,31,31,mixed,0.536041874926018,0.536041874926018,0.46395812507398204,0.571592199753545,0.9999999999999996,0.8893903844263891,0.4028876355289175,0.10707295298441065,0.004026451031677425,16,"[1, 2, 4, 8, 16, 16, 16, 16, 16, 8, 4, 2, 1]",2728,0.0005050834157825161,0.6185798699444547,1e-12
13a5eee14755cecb9db392c6ebb06d13c0cb320fa3733b44750fea4b58838348,C,mpo_zipup,11,rxx,0.05,2,9,7,64,,31,31,mixed,1.000000000000008,1.000000000000008,0.0,3.620819435027219e-14,0.9999999999999996,1.0000000000000029,1.7541523789077473e-14,5.982507220887671e-15,0.2955339740146883,64,"[1, 2, 4, 8, 16, 32, 64, 64, 32, 8, 4, 2, 1]",18344,3.122093519344498e-29,2.494636924122424e-28,1e-12
fd47ddaf17fd2d729e1a2ded3261757e44cd938b482307a36b93548b49c48b0b,C,mpo_zipup,11,rzz,0.05,2,8,6,8,,32,32,commuting,0.4363894017195986,0.4363894017195986,0.5636105982804014,0.6307587530344878,0.9999999999999996,0.8479694135698905,0.5391863546244702,0.14215268665216468,0.002978412027005106,8,"[1, 2, 4, 8, 8, 8, 8, 8, 8, 8, 4, 2, 1]",936,6.430391922190601e-30,0.5242662102284547,1e-12
1c2d19b6c1e7d0dbd294ccd763a911c38712b1fbdf194ffdffe20978316c816d,C,mpo_zipup,11,rzz,0.05,2,8,6,16,,32,32,commuting,0.7380120356900028,0.7380120356900028,0.26198796430999716,0.405911240075362,0.9999999999999996,0.9396363512053162,0.22610926282609833,0.06788722008790712,0.008186142018530518,16,"[1, 2, 4, 8, 16, 16, 16, 16, 16, 8, 4, 2, 1]",2728,1.764560914629061e-30,0.20191812119684283,1e-12
8125ddce106b0d8fec105ba7684ac2148471b3f43cd870784b6c6bdc60972e12,C,mpo_zipup,11,rzz,0.05,2,8,6,64,,32,32,commuting,1.0000000000000533,1.0000000000000533,0.0,3.807340026322331e-14,0.9999999999999996,1.000000000000026,9.725553695716371e-14,2.6607978592562664e-14,0.19358928501605988,32,"[1, 2, 4, 8, 16, 32, 32, 32, 16, 8, 4, 2, 1]",6824,2.273523968108746e-30,1.0097534132507318e-28,1e-12
b00a9ff731c6fa7a3b19de0d672fd4f124a1339014711994f417bd7179d66e44,C,mpo_zipup,11,rzz,0.05,2,8,6,8,,32,32,mixed,0.18822828850536338,0.18822828850536338,0.8117717114946366,0.8028068556102838,0.9999999999999996,0.7156846591906084,0.9385357419357967,0.25181482855514187,0.002922935993410647,8,"[1, 2, 4, 8, 8, 8, 8, 8, 8, 8, 4, 2, 1]",936,0.002309197374288782,1.173257600783407,1e-12
f7f7a20e345bd6d28e4c23feb0cfa0814f026d938369d95c6bdecf33b1d55012,C,mpo_zipup,11,rzz,0.05,2,8,6,16,,32,32,mixed,0.5359006521769126,0.5359006521769126,0.46409934782308737,0.571738370132814,0.9999999999999996,0.889375891412645,0.4029376691949771,0.10716251987938949,0.02553504303796217,16,"[1, 2, 4, 8, 16, 16, 16, 16, 16, 8, 4, 2, 1]",2728,0.00011620139129830307,0.618696071335753,1e-12
a0ee5c767bb7c358a6727d3747e55ee48c3570910130c7f1c45d4a4dd486dfc7,C,mpo_zipup,11,rzz,0.05,2,8,6,64,,32,32,mixed,1.0000000000000124,1.0000000000000124,0.0,3.831021939425869e-14,0.9999999999999996,1.000000000000005,1.8290924330699454e-14,7.088758999022321e-15,0.29982121399370953,64,"[1, 2, 4, 8, 16, 32, 64, 64, 16, 8, 4, 2, 1]",16040,2.2365892507865157e-29,2.7182958492010756e-28,1e-12
643b1dcb39a95a709f57abecfa4a52d22894985dd5213bd04acc4e4ac02cc442,C,mpo_zipup,11,rzz,0.05,3,9,6,8,,33,33,commuting,0.4315758472521969,0.4315758472521969,0.5684241527478031,0.6361405733258408,0.9999999999999996,0.8476812376769579,0.540122996410177,0.14260054420620905,0.0029935049824416637,8,"[1, 2, 4, 8, 8, 8, 8, 8, 8, 8, 4, 2, 1]",936,0.003079044041814609,0.5273452542702692,1e-12
626e4da4cde1ee7b671e0fe77200e2ce364ca0888e3a9e25566a89572a959c8e,C,mpo_zipup,11,rzz,0.05,3,9,6,16,,33,33,commuting,0.7351940878255275,0.7351940878255275,0.26480591217447247,0.4095938609354357,0.9999999999999996,0.9394872668418245,0.2266531104474685,0.06790619360747763,0.02050935401348397,16,"[1, 2, 4, 8, 16, 16, 16, 16, 16, 8, 4, 2, 1]",2728,0.0003163227323957696,0.2022344439292386,1e-12
1b26aa850ff6d068b35c702ae474cc40710a6845a07fbd94ec1249e5bcd14839,C,mpo_zipup,11,rzz,0.05,3,9,6,64,,33,33,commuting,1.0000000000000555,1.0000000000000555,0.0,3.908880193961193e-14,0.9999999999999996,1.000000000000027,1.0014211682118912e-13,2.7543968498750666e-14,0.12488905200734735,32,"[1, 2, 4, 8, 16, 32, 32, 32, 32, 8, 4, 2, 1]",8104,2.0080304176765122e-30,1.029833717427497e-28,1e-12
1d8127353cc6e3f403f16d53b65cd85be4a1fd735573db370a9a865eeb8599c2,C,mpo_zipup,11,ryy,0.05,3,9,6,8,,33,33,mixed,0.18579156867132002,0.18579156867132002,0.8142084313286799,0.80587970481921,0.9999999999999996,0.7152013847255595,0.9398755284395568,0.2516694652847498,0.0030965100158937275,8,"[1, 2, 4, 8, 8, 8, 8, 8, 8, 8, 4, 2, 1]",936,0.004442624413413249,1.1777002251968203,1e-12
17bcfbaa428271d6669a519320f0ecd6757eba4f093248f5df73fc5d4f2828c6,C,mpo_zipup,11,ryy,0.05,3,9,6,16,,33,33,mixed,0.5302442830167112,0.5302442830167112,0.4697557169832888,0.5781169210685878,0.9999999999999996,0.8891437803615835,0.4037395504728021,0.10712485924838666,0.006740887998603284,16,"[1, 2, 4, 8, 16, 16, 16, 16, 16, 8, 4, 2, 1]",2728,0.0005164373319040298,0.6192125086676571,1e-12
a2c8b9f9867440a2b60509a166dff96a63fb0a89236d2335e12482d330d22dbe,C,mpo_zipup,11,ryy,0.05,3,9,6,64,,33,33,mixed,1.000000000000015,1.000000000000015,0.0,4.03878595641347e-14,0.9999999999999996,1.0000000000000067,2.3314683517128287e-14,8.236494745088364e-15,0.2672806129558012,64,"[1, 2, 4, 8, 16, 32, 64, 64, 32, 8, 4, 2, 1]",18344,6.168994353115365e-33,2.7183575391446068e-28,1e-12
83e79df05e512dfd7543157842c0ee13124482e5c9d3bb9f5157b1fad9d41e45,C,mpo_zipup,11,rzz,0.05,2,9,7,8,,34,34,commuting,0.42542507156795556,0.42542507156795556,0.5745749284320445,0.6429264137234362,0.9999999999999996,0.8472583558579316,0.5415023008931179,0.1435916297312503,0.00299826601985842,8,"[1, 2, 4, 8, 8, 8, 8, 8, 8, 8, 4, 2, 1]",936,0.0022045936852552505,0.5295498479555245,1e-12
45cac0b71379e7d31e7275e5139b92d90e5ce46b46cacd57aa31c0623a532bec,C,mpo_zipup,11,rzz,0.05,2,9,7,16,,34,34,commuting,0.7334809543972572,0.7334809543972572,0.26651904560274275,0.4117557192325394,0.9999999999999996,0.9393683117208226,0.22708484105716442,0.06801552573720784,0.00869829801376909,16,"[1, 2, 4, 8, 16, 16, 16, 16, 16, 8, 4, 2, 1]",2728,0.0002511425536286306,0.2024855864828672,1e-12
a219ba3e2c7a9b22ce6a2422dc64d4c5b89ba25c7c21e49ea6c9cbd150e171f2,C,mpo_zipup,11,rzz,0.05,2,9,7,64,,34,34,commuting,1.0000000000000546,1.0000000000000546,0.0,3.9126204346931454e-14,0.9999999999999996,1.0000000000000264,9.769962616701378e-14,2.671392177600449e-14,0.1744495849707164,32,"[1, 2, 4, 8, 16, 32, 32, 32, 32, 8, 4, 2, 1]",8104,4.480559262501e-30,1.074639310052507e-28,1e-12
f97edd4beae6cfa798aefa5a491c5a888dc9994a69292d6bc644c18898d67e74,C,mpo_zipup,11,rxx,0.05,2,9,7,8,,34,34,mixed,0.18552878038395323,0.18552878038395323,0.8144712196160467,0.8061133579512461,0.9999999999999996,0.7150383099970619,0.9403235306509274,0.2517141746590326,0.003135161998216063,8,"[1, 2, 4, 8, 8, 8, 8, 8, 8, 8, 4, 2, 1]",936,0.0028085874180367536,1.180508812614857,1e-12
deb32dfa176f676af9285657d9f33619bedf22b60467d312fd9091c7fb5a7c1b,C,mpo_zipup,11,rxx,0.05,2,9,7,16,,34,34,mixed,0.5274795808472351,0.5274795808472351,0.4725204191527649,0.5811436390434473,0.9999999999999996,0.8889790319872668,0.40430565749183334,0.10745945828416696,0.006401109974831343,16,"[1, 2, 4, 8, 16, 16, 16, 16, 16, 8, 4, 2, 1]",2728,0.0004244444354795125,0.6196369531031366,1e-12
cdf4d8ce05dd83e538a2b374ced82cc239b460301fd6ac74c68cce055a2b64c0,C,mpo_zipup,11,rxx,0.05,2,9,7,64,,34,34,mixed,1.0000000000000147,1.0000000000000147,0.0,4.261311709606705e-14,0.9999999999999996,1.0000000000000062,2.398081733190338e-14,8.255275524445546e-15,0.5226795970229432,64,"[1, 2, 4, 8, 16, 32, 64, 64, 32, 8, 4, 2, 1]",18344,3.493630230901558e-29,3.0677205622347623e-28,1e-12
11e4650e98e543092563a96ab03056b506d6d0c6813c3eebb9e52f1caf820ff2,C,mpo_zipup,11,rzz,0.05,2,8,6,8,,35,35,commuting,0.42542507156795717,0.42542507156795717,0.5745749284320428,0.642926413723436,0.9999999999999996,0.8472583558579329,0.541502300893113,0.1434797056971126,0.002946621971204877,8,"[1, 2, 4, 8, 8, 8, 8, 8, 8, 8, 4, 2, 1]",936,6.253311691504392e-30,0.5295498479555245,1e-12
ccfe1bb3e01f7ce33d3aa10adedb36bf31750a9caa4c58d6b10b0becbf95a123,C,mpo_zipup,11,rzz,0.05,2,8,6,16,,35,35,commuting,0.7334809543972571,0.7334809543972571,0.26651904560274287,0.4117557192325397,0.9999999999999996,0.9393683117208224,0.2270848410571653,0.06818652097235973,0.008174276968929917,16,"[1, 2, 4, 8, 16, 16, 16, 16, 16, 8, 4, 2, 1]",2728,2.8606305408003144e-30,0.2024855864828672,1e-12
8225d8a3d0f55603bbd7b9403b4ae417942a33232843930cc548daffb65dc1f9,C,mpo_zipup,11,rzz,0.05,2,8,6,64,,35,35,commuting,1.0000000000000524,1.0000000000000524,0.0,3.8572888061552315e-14,0.9999999999999996,1.0000000000000255,9.281464485866309e-14,2.5485978122406845e-14,0.18197704601334408,32,"[1, 2, 4, 8, 16, 32, 32, 32, 16, 8, 4, 2, 1]",6824,1.398645582117758e-30,1.0886257658736844e-28,1e-12
63be4e5a51e674ef2277ca0bc895948f1b74a7337c64b750d9c9c2bf31796ea5,C,mpo_zipup,11,rzz,0.05,2,8,6,8,,35,35,mixed,0.18354530153727602,0.18354530153727602,0.816454698462724,0.8086931692095161,0.9999999999999996,0.7147225955306458,0.9411992648580783,0.25194811026264546,0.0029798480099998415,8,"[1, 2, 4, 8, 8, 8, 8, 8, 8, 8, 4, 2, 1]",936,0.0013022241301676458,1.1818110367450247,1e-12
1157a1f41ad11c981270a7b6bafb5ef0f03c94269a04940f0fd8f65dcc9bd825,C,mpo_zipup,11,rzz,0.05,2,8,6,16,,35,35,mixed,0.5274001572211717,0.5274001572211717,0.47259984277882827,0.581232539682495,0.9999999999999996,0.8889756431458219,0.4043173390600461,0.10755309758606786,0.006105196021962911,16,"[1, 2, 4, 8, 16, 16, 16, 16, 16, 8, 4, 2, 1]",2728,2.482984308330097e-05,0.6196617829462199,1e-12
61f775125810a47f90ce03c2d2148ecf423b2ce76f0bb37311a64496e90b582d,C,mpo_zipup,11,rzz,0.05,2,8,6,64,,35,35,mixed,1.0000000000000133,1.0000000000000133,0.0,4.4324824416925424e-14,0.9999999999999996,1.0000000000000058,2.2426505097428162e-14,8.076713166491385e-15,0.29791053698863834,64,"[1, 2, 4, 8, 16, 32, 64, 64, 16, 8, 4, 2, 1]",16040,2.4357482860177592e-29,3.311295390836538e-28,1e-12
35c48a968f8b8368c88c51c7ba797380e6b288b40492b72fb9ff94301a635a77,C,mpo_zipup,11,rzz,0.05,3,9,6,8,,36,36,commuting,0.4208709332401286,0.4208709332401286,0.5791290667598714,0.648058052362377,0.9999999999999996,0.8470363404932485,0.5422226776285113,0.143866973850097,0.003214016032870859,8,"[1, 2, 4, 8, 8, 8, 8, 8, 8, 8, 4, 2, 1]",936,0.0021613011552610176,0.5317111491107855,1e-12
0a1b62a878d43e032e3edff38223ed9aa93b4f082d44a92840edc4e0917d5f3f,C,mpo_zipup,11,rzz,0.05,3,9,6,16,,36,36,commuting,0.7307728993646262,0.7307728993646262,0.2692271006353738,0.415266264099885,0.9999999999999996,0.9392290402931402,0.2275932210536018,0.06819348049098636,0.005032463988754898,16,"[1, 2, 4, 8, 16, 16, 16, 16, 16, 8, 4, 2, 1]",2728,0.00028484989454695035,0.20277043637741415,1e-12
830a3db0f2aa573ae4abd6ad2f79c5c98683f9fd98170d6e7e64efe7353b1be4,C,mpo_zipup,11,rzz,0.05,3,9,6,64,,36,36,commuting,1.0000000000000533,1.0000000000000533,0.0,3.9242634194874857e-14,0.9999999999999996,1.0000000000000255,9.237055564881302e-14,2.5803592603296635e-14,0.1279157800017856,32,"[1, 2, 4, 8, 16, 32, 32, 32, 32, 8, 4, 2, 1]",8104,1.5982432544992775e-30,1.104608198418677e-28,1e-12
ac626e4f9d242304223d450a9b50ca4b0b077a71df02567c205e69f8edfb8af4,C,mpo_zipup,11,ryy,0.05,3,9,6,8,,36,36,mixed,0.1815599368478786,0.1815599368478786,0.8184400631521214,0.8112976638518686,0.9999999999999996,0.7144234818702743,0.942027543619284,0.2516496959288618,0.0025188220315612853,8,"[1, 2, 4, 8, 8, 8, 8, 8, 8, 8, 4, 2, 1]",936,0.002860955469077819,1.1846719922141027,1e-12
a9eb3b01f9f4edfdb3a66d4736d57000b122a38a618386c0cfe12489286616e3,C,mpo_zipup,11,ryy,0.05,3,9,6,16,,36,36,mixed,0.5223759023088946,0.5223759023088946,0.47762409769110536,0.5868508260453569,0.9999999999999996,0.8887662409089453,0.4050410077980524,0.1075011590484906,0.004380207974463701,16,"[1, 2, 4, 8, 16, 16, 16, 16, 16, 8, 4, 2, 1]",2728,0.0004133652206011166,0.620075148166821,1e-12
f74c7b89c8f528a2602f28a90b8bd00999bc3d3220a681a4db8d0e78003bd361,C,mpo_zipup,11,ryy,0.05,3,9,6,64,,36,36,mixed,1.000000000000012,1.000000000000012,0.0,4.443042958881386e-14,0.9999999999999996,1.0000000000000049,1.8388068845354155e-14,7.434624093531123e-15,0.25285935803549364,64,"[1, 2, 4, 8, 16, 32, 64, 64, 32, 8, 4, 2, 1]",18344,6.168994353115365e-33,3.3113570807800692e-28,1e-12
da825770bb687ce029c0f419778bd04ae799e5f0acab5f2ab024058e1f3d351f,C,tebd_swap,11,rzz,0.05,2,9,7,8,,1,1,commuting,0.44919070914271986,0.44919070914271986,0.5508092908572801,0.548981620294321,0.9999999999999996,0.8011333493487459,0.6859378413919246,0.19308124410493546,0.0033008349710144103,8,"[1, 2, 4, 8, 8, 8, 8, 8, 8, 8, 4, 2, 1]",936,0.5274107228560019,0.5274107228560019,1e-12
1cf4b0ee4d6fef675e23364d12249cf2abea5e1083027a6acd4844d4fd1d66a3,C,tebd_swap,11,rzz,0.05,2,9,7,16,,1,1,commuting,0.9999999999999987,0.9999999999999987,1.3322676295501878e-15,3.527790864639439e-15,0.9999999999999996,0.9999999999999998,2.220446049250313e-15,6.317180423183962e-16,0.0033505490282550454,16,"[1, 2, 4, 8, 16, 16, 16, 16, 16, 8, 4, 2, 1]",2728,7.380029975001574e-31,7.380029975001574e-31,1e-12
f22a92fd45d884a4a2d4720f7913eb44ac42f14ea174604f227a173869385abb,C,tebd_swap,11,rzz,0.05,2,9,7,64,,1,1,commuting,0.9999999999999987,0.9999999999999987,1.3322676295501878e-15,3.527790864639439e-15,0.9999999999999996,0.9999999999999998,2.220446049250313e-15,6.317180423183962e-16,0.0028120880015194416,16,"[1, 2, 4, 8, 16, 16, 16, 16, 16, 8, 4, 2, 1]",2728,7.380029975001574e-31,7.380029975001574e-31,1e-12
3fa777cb396b0ac611eed528bce14ecebac2ecca88bf95f2fef267f773cd3753,C,tebd_swap,11,rxx,0.05,2,9,7,8,,1,1,mixed,0.4482702349999859,0.4482702349999859,0.5517297650000141,0.5496440119493886,0.9999999999999996,0.8007298309756599,0.6872186491500112,0.19347633871156902,0.00451244501164183,8,"[1, 2, 4, 8, 8, 8, 8, 8, 8, 8, 4, 2, 1]",936,0.5277071190690076,0.5277071190690076,1e-12
e232b977e524df34dd3a9ef4492d7fc4bb9fe24fb938c9f89c2e9bec7ef6087a,C,tebd_swap,11,rxx,0.05,2,9,7,16,,1,1,mixed,1.0000000000000018,1.0000000000000018,0.0,3.8514439538766986e-15,0.9999999999999996,1.0000000000000022,7.327471962526033e-15,2.1187038240159224e-15,0.0033151909592561424,16,"[1, 2, 4, 8, 16, 16, 16, 16, 16, 8, 4, 2, 1]",2728,1.1457102822953162e-30,1.1457102822953162e-30,1e-12
35cff8ee8de025fb1134dc648fd26aa35b43278c8ff2e19d88f7d08af5452861,C,tebd_swap,11,rxx,0.05,2,9,7,64,,1,1,mixed,1.0000000000000018,1.0000000000000018,0.0,3.8514439538766986e-15,0.9999999999999996,1.0000000000000022,7.327471962526033e-15,2.1187038240159224e-15,0.002903621003497392,16,"[1, 2, 4, 8, 16, 16, 16, 16, 16, 8, 4, 2, 1]",2728,1.1457102822953162e-30,1.1457102822953162e-30,1e-12
4ce50d7ed1d58a66a3bf833f2bd28ed6d93b1ae01b9004aadbf417516d9804c7,C,tebd_swap,11,rzz,0.05,2,8,6,8,,2,2,commuting,0.2688779068988912,0.2688779068988912,0.7311220931011089,0.6560370696422745,0.9999999999999996,0.6837056411915972,1.0240495772978544,0.27284339755991893,0.0037994799786247313,8,"[1, 2, 4, 8, 8, 8, 8, 8, 8, 8, 4, 2, 1]",936,0.417656320960722,0.9450670438167241,1e-12
b2fb7f7a18318a5e01e6e7f0cabf003b4b63b8f588a6978ad6bb5da4ca452a22,C,tebd_swap,11,rzz,0.05,2,8,6,16,,2,2,commuting,0.8701264568391046,0.8701264568391046,0.1298735431608954,0.2051392443885627,0.9999999999999996,0.9527294953144725,0.17784658954602905,0.04967073177453128,0.0036249400000087917,16,"[1, 2, 4, 8, 16, 16, 16, 16, 16, 8, 4, 2, 1]",2728,0.09985175221059397,0.09985175221059397,1e-12
4209981c12a4cb072398ecf418adec185b9b149ee34330be855c06177fa74f44,C,tebd_swap,11,rzz,0.05,2,8,6,64,,2,2,commuting,1.0000000000000009,1.0000000000000009,0.0,5.4250851797732664e-15,0.9999999999999996,1.000000000000001,7.105427357601002e-15,1.6691798549538286e-15,0.005232579947914928,16,"[1, 2, 4, 8, 16, 16, 16, 16, 16, 8, 4, 2, 1]",2728,7.338402356728731e-30,8.076405354228889e-30,1e-12
21d276a50b2413474b9fbc7d0c2625ef6237e7b699f9f9860e8277c84ccff32e,C,tebd_swap,11,rzz,0.05,2,8,6,8,,2,2,mixed,0.270503778623625,0.270503778623625,0.7294962213763749,0.6569432411985975,0.9999999999999996,0.6868580474067464,1.0155708573936508,0.27088712670885234,0.004126384970732033,8,"[1, 2, 4, 8, 8, 8, 8, 8, 8, 8, 4, 2, 1]",936,0.41507016322593615,0.9427772822949436,1e-12
b7595b5d25032522b28e922b3f7d9526f44ab33e3db28a98d71d50411b3a96d3,C,tebd_swap,11,rzz,0.05,2,8,6,16,,2,2,mixed,0.9418303398298467,0.9418303398298467,0.05816966017015335,0.20058651886735773,0.9999999999999996,0.9905522842374102,0.0707452079460591,0.022312527382980153,0.0037175509496591985,16,"[1, 2, 4, 8, 16, 16, 16, 16, 16, 8, 4, 2, 1]",2728,0.09708697111313053,0.09708697111313053,1e-12
34e4f5ceb234de19023a0ec2a46c8f52c45f1c8d240b7325cac02c92c42fe4a5,C,tebd_swap,11,rzz,0.05,2,8,6,64,,2,2,mixed,1.0000000000000018,1.0000000000000018,0.0,5.639343452352332e-15,0.9999999999999996,1.000000000000001,7.327471962526033e-15,1.7811270331562806e-15,0.03293318301439285,32,"[1, 2, 4, 8, 16, 32, 32, 32, 16, 8, 4, 2, 1]",6824,2.9503267768964254e-31,1.4407429599849588e-30,1e-12
27b454443992a9925f14f188ad55c39620bd3805e59a7fc8c874842be6fad22c,C,tebd_swap,11,rzz,0.05,3,9,6,8,,3,3,commuting,0.25037125916212616,0.25037125916212616,0.7496287408378739,0.6604946348163753,0.9999999999999996,0.6610562801178406,1.0832444994054378,0.2874301040018114,0.002586403046734631,8,"[1, 2, 4, 8, 8, 8, 8, 8, 8, 8, 4, 2, 1]",936,0.09461921269357242,1.0396862565102964,1e-12
5745cb29083bd72b8d50b778289f3fa7097cd1c765d42fd86709960cab9b3635,C,tebd_swap,11,rzz,0.05,3,9,6,16,,3,3,commuting,0.833347135641074,0.833347135641074,0.166652864358926,0.2441321667988308,0.9999999999999996,0.9409343722196737,0.22039879102169446,0.0606376301014245,0.003489115973934531,16,"[1, 2, 4, 8, 16, 16, 16, 16, 16, 8, 4, 2, 1]",2728,0.08477110738193235,0.18462285959252633,1e-12
5949db845359ea5f31b54dfa6ba8e60f701c9565ed3a64f4643582183662f924,C,tebd_swap,11,rzz,0.05,3,9,6,64,,3,3,commuting,1.0000000000000044,1.0000000000000044,0.0,7.562735400973444e-15,0.9999999999999996,1.0000000000000024,1.3100631690576847e-14,3.2833300349109455e-15,0.023925208020955324,32,"[1, 2, 4, 8, 16, 32, 32, 32, 16, 8, 4, 2, 1]",6824,2.527002223910514e-31,8.329105576619941e-30,1e-12
01d943f67a2b46665ff84ae0b8ed27cfd60e46b529c5182220863575c4977c2c,C,tebd_swap,11,ryy,0.05,3,9,6,8,,3,3,mixed,0.2504788721100196,0.2504788721100196,0.7495211278899804,0.6650229142549884,0.9999999999999996,0.6657422643230442,1.0710275899199542,0.2846200933811907,0.002516998036298901,8,"[1, 2, 4, 8, 8, 8, 8, 8, 8, 8, 4, 2, 1]",936,0.10481370043865237,1.0475909827335959,1e-12
c5f84136adaaddf5aaf7c00e566cc15703c7da38e00eb8a750b0a8bbdc4109ec,C,tebd_swap,11,ryy,0.05,3,9,6,16,,3,3,mixed,0.8613699716965699,0.8613699716965699,0.13863002830343008,0.26263476760380017,0.9999999999999996,0.9618614301818647,0.14397525947171763,0.045552424990866903,0.0076072930241934955,16,"[1, 2, 4, 8, 16, 16, 16, 16, 16, 8, 4, 2, 1]",2728,0.09320300586789589,0.19028997698102645,1e-12
87294be966013cc6b909ced55aa50248d8674444d0ebd3c23cb41201c1322ba7,C,tebd_swap,11,ryy,0.05,3,9,6,64,,3,3,mixed,1.0000000000000062,1.0000000000000062,0.0,3.83718553348086e-14,0.9999999999999996,1.0000000000000029,1.2434497875801753e-14,4.584078866011997e-15,0.02534266101429239,64,"[1, 2, 4, 8, 16, 32, 64, 32, 16, 8, 4, 2, 1]",10920,1.7253629349513e-26,1.7255070092472986e-26,1e-12
f29a6298f18682f3afa650068ac5b813b9b57be7a49b0a3d277f4a6123be3820,C,tebd_swap,11,rzz,0.05,2,9,7,8,,4,4,commuting,0.24419599328656624,0.24419599328656624,0.7558040067134337,0.6658995760752701,0.9999999999999996,0.6570738660154317,1.0934781018284554,0.28969490831566125,0.002766839985270053,8,"[1, 2, 4, 8, 8, 8, 8, 8, 8, 8, 4, 2, 1]",936,0.02560817912851931,1.0652944356388159,1e-12
8b430a3019c3b861f93141e5973d56361f87a610b1a7ec3d35c427ee6e3b6a04,C,tebd_swap,11,rzz,0.05,2,9,7,16,,4,4,commuting,0.8222731090562605,0.8222731090562605,0.1777268909437395,0.25392864039075197,0.9999999999999996,0.9370513720302852,0.23449178325014075,0.06403100757113295,0.003968788019847125,16,"[1, 2, 4, 8, 16, 16, 16, 16, 16, 8, 4, 2, 1]",2728,0.008321749709353858,0.1929446093018802,1e-12
f02f2d3ab37aed691000aacdf60f4554825a874929eeeb0b25528dd20d47df51,C,tebd_swap,11,rzz,0.05,2,9,7,64,,4,4,commuting,1.0000000000000036,1.0000000000000036,0.0,1.0009266577402963e-14,0.9999999999999996,1.0000000000000027,9.992007221626409e-15,2.871024462810686e-15,0.045317539013922215,32,"[1, 2, 4, 8, 16, 32, 32, 32, 16, 8, 4, 2, 1]",6824,9.670485247613811e-28,9.75377630338001e-28,1e-12
dfdf18467ee95f3545c7c409fde89f5524a458403ed6743d13acd645a610e844,C,tebd_swap,11,rxx,0.05,2,9,7,8,,4,4,mixed,0.24024295474248283,0.24024295474248283,0.7597570452575172,0.6752798307109636,0.9999999999999996,0.6605259652159463,1.0845031082835488,0.287851055876943,0.004328791052103043,8,"[1, 2, 4, 8, 8, 8, 8, 8, 8, 8, 4, 2, 1]",936,0.03181918417614326,1.079410166909739,1e-12
6d9993ab12d7b4360dbb756b5ee14bfbadb38f29e4a854ae0efe924c02853f8a,C,tebd_swap,11,rxx,0.05,2,9,7,16,,4,4,mixed,0.8465498072831744,0.8465498072831744,0.15345019271682558,0.2738418750052292,0.9999999999999996,0.9566358760287678,0.1633135857445318,0.050135369610673074,0.0038734429981559515,16,"[1, 2, 4, 8, 16, 16, 16, 16, 16, 8, 4, 2, 1]",2728,0.009049332094872832,0.19933930907589928,1e-12
af0dab25442f7e73c74d9d5c0d8b458f1437178c897bbd2c5df6599683afccb2,C,tebd_swap,11,rxx,0.05,2,9,7,64,,4,4,mixed,1.0000000000000044,1.0000000000000044,0.0,4.826441269567275e-14,0.9999999999999996,1.0000000000000029,1.4876988529977098e-14,4.743936942738859e-15,0.04431933199521154,48,"[1, 2, 4, 8, 16, 32, 48, 32, 16, 8, 4, 2, 1]",8872,4.977821823929965e-27,2.2232891916402952e-26,1e-12
09a0f1b8a35359935cf671d9a22064e1eea8ba65f9451de0163344055d262d98,C,tebd_swap,11,rzz,0.05,2,8,6,8,,5,5,commuting,0.23423351342135126,0.23423351342135126,0.7657664865786488,0.6740222421714948,0.9999999999999996,0.6498149905578174,1.1116478477188587,0.29455875114789937,0.0025297829997725785,8,"[1, 2, 4, 8, 8, 8, 8, 8, 8, 8, 4, 2, 1]",936,0.04635796326544402,1.1116523989042597,1e-12
0290f0aacd25cc46c451bfeceebf4b5fe05f53d3afeccf2fe0f4632195b4513f,C,tebd_swap,11,rzz,0.05,2,8,6,16,,5,5,commuting,0.7758334700170046,0.7758334700170046,0.22416652998299536,0.3038864695181552,0.9999999999999996,0.9241077731690821,0.28069905177366494,0.0760902409168696,0.00366116501390934,16,"[1, 2, 4, 8, 16, 16, 16, 16, 16, 8, 4, 2, 1]",2728,0.08415146086603491,0.2770960701679151,1e-12
7d806d82514a3abc1ee94b302de55dabcf3cc3852fec0f9aa95c97cfb5dfc0a4,C,tebd_swap,11,rzz,0.05,2,8,6,64,,5,5,commuting,1.0000000000000169,1.0000000000000169,0.0,1.9776819455433698e-13,0.9999999999999996,1.0000000000000087,6.639133687258436e-14,2.0213683148159e-14,0.03422108798986301,32,"[1, 2, 4, 8, 16, 32, 32, 32, 16, 8, 4, 2, 1]",6824,4.8061892841204e-25,4.81594306042378e-25,1e-12
10c38bdc9b80c9a689bc2e1817733794137102cece89751385f8f1eaaca97254,C,tebd_swap,11,rzz,0.05,2,8,6,8,,5,5,mixed,0.22760099407093884,0.22760099407093884,0.7723990059290612,0.6887742364857308,0.9999999999999996,0.6546456047934899,1.0993862319432197,0.29181518507610155,0.0032729459926486015,8,"[1, 2, 4, 8, 8, 8, 8, 8, 8, 8, 4, 2, 1]",936,0.047579231833687195,1.126989398743426,1e-12
709568a3f050fc12164863df480d81c598648447d49ecb04aea1c3dc347fe9eb,C,tebd_swap,11,rzz,0.05,2,8,6,16,,5,5,mixed,0.7589969883712755,0.7589969883712755,0.2410030116287245,0.31670996018181957,0.9999999999999996,0.917994478847689,0.30320775267112476,0.08291018415973807,0.003629787010140717,16,"[1, 2, 4, 8, 16, 16, 16, 16, 16, 8, 4, 2, 1]",2728,0.09015287607934748,0.2894921851552468,1e-12
6bb9b4bc4ca99f6438fbac014017c9c3d1428ea97a28d3cda3bb1851afd070d9,C,tebd_swap,11,rzz,0.05,2,8,6,64,,5,5,mixed,1.0000000019151836,1.0000000019151836,0.0,8.551559929277115e-08,0.9999999999999996,1.0000000009575956,1.9310150034534956e-08,4.6160687337600815e-09,0.0393863909994252,59,"[1, 2, 4, 8, 16, 32, 59, 32, 16, 8, 4, 2, 1]",10280,2.0624716870645376e-15,2.0624716870867705e-15,1e-12
cb5c0c9e993ad6b97dbebbbcbfec6201442fa709851b0375882f4739c29ac161,C,tebd_swap,11,rzz,0.05,3,9,6,8,,6,6,commuting,0.22687672983000198,0.22687672983000198,0.773123270169998,0.6784108639856163,0.9999999999999996,0.6425518471149424,1.129968090756392,0.29926596804245276,0.0025959030026569963,8,"[1, 2, 4, 8, 8, 8, 8, 8, 8, 8, 4, 2, 1]",936,0.03505577557577616,1.1467081744800356,1e-12
5f4b3dfe468ac78a860a80ae6e7d57d71af268fe64a6cd2e3109630f89e3f2cc,C,tebd_swap,11,rzz,0.05,3,9,6,16,,6,6,commuting,0.7480292256056302,0.7480292256056302,0.25197077439436977,0.3164359930460386,0.9999999999999996,0.9109914347065214,0.32756781108079447,0.08990506988544622,0.008082623011432588,16,"[1, 2, 4, 8, 16, 16, 16, 16, 16, 8, 4, 2, 1]",2728,0.051160756682968545,0.3282568268508837,1e-12
63cddb39c23eb26f27b62f68f389dd0d1e953a1a056e648a25e81851494821aa,C,tebd_swap,11,rzz,0.05,3,9,6,64,,6,6,commuting,1.0000000000000728,1.0000000000000728,0.0,1.9739981321962484e-12,0.9999999999999996,1.0000000000000369,5.38149386164477e-13,1.4837517867571426e-13,0.022664259013254195,32,"[1, 2, 4, 8, 16, 32, 32, 32, 16, 8, 4, 2, 1]",6824,7.68342274196032e-23,7.731582172564558e-23,1e-12
dd2b009ce5f3098cc32c951b32f646f95d6cb7c212df553fe502b41464c0a463,C,tebd_swap,11,ryy,0.05,3,9,6,8,,6,6,mixed,0.22074087575713625,0.22074087575713625,0.7792591242428637,0.6936108811898659,0.9999999999999996,0.6486581775432582,1.1145473626187945,0.29568241317968624,0.0036358709912747145,8,"[1, 2, 4, 8, 8, 8, 8, 8, 8, 8, 4, 2, 1]",936,0.028606300599003945,1.1555956993424301,1e-12
180ac0199d61fc309106b602f0a1a8012a3ab7df93a9cbac44aaccef72664aaa,C,tebd_swap,11,ryy,0.05,3,9,6,16,,6,6,mixed,0.7361831968293183,0.7361831968293183,0.2638168031706817,0.3317399883691303,0.9999999999999996,0.9088860179715809,0.3352518900381978,0.09076869509656729,0.006330015021376312,16,"[1, 2, 4, 8, 16, 16, 16, 16, 16, 8, 4, 2, 1]",2728,0.0539800635516237,0.3434722487068705,1e-12
6850354f52511e0364e061543ecda8a6bc7489c2e72af2617d61a76000525ec2,C,tebd_swap,11,ryy,0.05,3,9,6,64,,6,6,mixed,1.0000000040412877,1.0000000040412877,0.0,8.749207308535613e-08,0.9999999999999996,1.0000000020206476,1.9776323578746258e-08,5.300515733623032e-09,0.06095531501341611,64,"[1, 2, 4, 8, 16, 32, 64, 32, 16, 8, 4, 2, 1]",10920,1.2385042275685153e-15,3.3009759146552857e-15,1e-12
867417b7c51868339d1bc9f6ffddd9633ccf5dfd2b8841b68abe8c2949c546da,C,tebd_swap,11,rzz,0.05,2,9,7,8,,7,7,commuting,0.2234369114010156,0.2234369114010156,0.7765630885989844,0.6813763267005141,0.9999999999999996,0.6400437277559543,1.1362258944777714,0.3008661024685119,0.002823159971740097,8,"[1, 2, 4, 8, 8, 8, 8, 8, 8, 8, 4, 2, 1]",936,0.00918955909360383,1.1558977335736393,1e-12
068596674b6e04137ad2862d815c1b17554e40a07148f6cf04c2bd6f5b592357,C,tebd_swap,11,rzz,0.05,2,9,7,16,,7,7,commuting,0.7395480679659687,0.7395480679659687,0.2604519320340313,0.3244210158210583,0.9999999999999996,0.908398925781082,0.336736705197366,0.0927805581217618,0.014214758994057775,16,"[1, 2, 4, 8, 16, 16, 16, 16, 16, 8, 4, 2, 1]",2728,0.005744303722243022,0.3340011305731267,1e-12
b5c5e27e6a8cc875322e0eeec4311af1ae9111988e22d22a458e9adbee7007c6,C,tebd_swap,11,rzz,0.05,2,9,7,64,,7,7,commuting,1.0000000000000888,1.0000000000000888,0.0,2.109419412549328e-12,0.9999999999999996,1.0000000000000442,5.972236594153912e-13,1.6221608051423824e-13,0.04831251100404188,32,"[1, 2, 4, 8, 16, 32, 32, 32, 16, 8, 4, 2, 1]",6824,5.433750112971494e-24,8.274957183861708e-23,1e-12
24a603613241ab71f24871ac70159275b6d449d7171e4693ac0e2960fa991504,C,tebd_swap,11,rxx,0.05,2,9,7,8,,7,7,mixed,0.21736866201257532,0.21736866201257532,0.7826313379874247,0.6961259392155341,0.9999999999999996,0.6457922017379328,1.1217723406339404,0.297593829294451,0.002888971008360386,8,"[1, 2, 4, 8, 8, 8, 8, 8, 8, 8, 4, 2, 1]",936,0.00909521737638606,1.164690916718816,1e-12
a72dc4736a573a9fc4d8df7be73700bcf2007e31c66e620721da45716c9d89db,C,tebd_swap,11,rxx,0.05,2,9,7,16,,7,7,mixed,0.7249676351299306,0.7249676351299306,0.27503236487006943,0.3386869323663528,0.9999999999999996,0.9042175975460435,0.3516455908161642,0.09498847597185704,0.004714494978543371,16,"[1, 2, 4, 8, 16, 16, 16, 16, 16, 8, 4, 2, 1]",2728,0.007588282118431179,0.3510605308253017,1e-12
7a3ad9f9596d708e12f87e0a1fcf748c6efc647c2bca5cc9b659abdebeff40a2,C,tebd_swap,11,rxx,0.05,2,9,7,64,,7,7,mixed,1.0000000055693046,1.0000000055693046,0.0,9.245495353130503e-08,0.9999999999999996,1.0000000027846565,2.084892986031761e-08,6.052514096289739e-09,0.03663446998689324,53,"[1, 2, 4, 8, 16, 32, 53, 32, 16, 8, 4, 2, 1]",9512,5.526759582338254e-15,8.82773549699354e-15,1e-12
7d0c0cc30c183bc9e210a0245f82ea6d7024388e40eeabf9312908447597f9f3,C,tebd_swap,11,rzz,0.05,2,8,6,8,,8,8,commuting,0.21920728686034477,0.21920728686034477,0.7807927131396553,0.6867516172811937,0.9999999999999996,0.6387639161136921,1.1393279152333815,0.30195809254300043,0.0025775759713724256,8,"[1, 2, 4, 8, 8, 8, 8, 8, 8, 8, 4, 2, 1]",936,0.019334411575045347,1.175232145148685,1e-12
ea79c14bfde8361562f6fe881c5fc8df334889e3035151340e3a9b42bf904e61,C,tebd_swap,11,rzz,0.05,2,8,6,16,,8,8,commuting,0.7203700958712121,0.7203700958712121,0.27962990412878785,0.34004444960999525,0.9999999999999996,0.9017331138926175,0.359984510280162,0.09807384705807169,0.006955055985599756,16,"[1, 2, 4, 8, 16, 16, 16, 16, 16, 8, 4, 2, 1]",2728,0.04568671809332668,0.3796878486664534,1e-12
776bce7af0a20dbfc69b79fe50d545890aace9ce2c7105fc81ba2ad43556d32c,C,tebd_swap,11,rzz,0.05,2,8,6,64,,8,8,commuting,1.000000000005036,1.000000000005036,0.0,4.684204633386603e-11,0.9999999999999996,1.0000000000025187,1.4473977572038166e-11,5.018342300475087e-12,0.03736019000643864,32,"[1, 2, 4, 8, 16, 32, 32, 32, 16, 8, 4, 2, 1]",6824,2.3359542121026346e-20,2.3442291692864962e-20,1e-12
840c8f6462779ad3f050d30dcb78426b4cc768c1f1e71c7493799271dbb3536c,C,tebd_swap,11,rzz,0.05,2,8,6,8,,8,8,mixed,0.21118905924465356,0.21118905924465356,0.7888109407553464,0.700838046168459,0.9999999999999996,0.6405311728026378,1.135003645308207,0.30085695338198576,0.002947635017335415,8,"[1, 2, 4, 8, 8, 8, 8, 8, 8, 8, 4, 2, 1]",936,0.01940061861721854,1.1840915353360346,1e-12
7a4b155b307474ef3c5eb86204a4dec9c269a426ecbbbe4c2aa23181ec72c096,C,tebd_swap,11,rzz,0.05,2,8,6,16,,8,8,mixed,0.6715149843168701,0.6715149843168701,0.32848501568312993,0.3726802631039717,0.9999999999999996,0.8819359022708131,0.428447309743184,0.11576158210233925,0.0028655609930865467,16,"[1, 2, 4, 8, 16, 16, 16, 16, 16, 8, 4, 2, 1]",2728,0.061769513336180686,0.4128300441614824,1e-12
bf2602cca78ecdaf07e0bd35b59e14286616c10063c20c8fed9f64cb9e8759cb,C,tebd_swap,11,rzz,0.05,2,8,6,64,,8,8,mixed,1.000000004500233,1.000000004500233,0.0,1.4692931332490765e-07,0.9999999999999996,1.0000000022501274,2.2559551782208587e-08,7.53960804232855e-09,0.05790977500146255,60,"[1, 2, 4, 8, 16, 32, 60, 32, 16, 8, 4, 2, 1]",10408,2.8040200785851706e-15,1.163175557557871e-14,1e-12
83e1bccaab9cd37f9eba215034cc3e763bd895c3f43de775c7ebec0729b1e1c1,C,tebd_swap,11,rzz,0.05,3,9,6,8,,9,9,commuting,0.21402525841341338,0.21402525841341338,0.7859747415865866,0.6911476914225482,0.9999999999999996,0.6347774500305298,1.149268127158706,0.3047764804547715,0.003448699018917978,8,"[1, 2, 4, 8, 8, 8, 8, 8, 8, 8, 4, 2, 1]",936,0.016803196409665617,1.1920353415583504,1e-12
203d1e11abd00992f9e944b629c1539ad5c5381342bc002531282960cc21ede3,C,tebd_swap,11,rzz,0.05,3,9,6,16,,9,9,commuting,0.7016436571794054,0.7016436571794054,0.29835634282059464,0.351699239670021,0.9999999999999996,0.8938544638030671,0.3873915744842027,0.10642179148461046,0.003390416968613863,16,"[1, 2, 4, 8, 16, 16, 16, 16, 16, 8, 4, 2, 1]",2728,0.029193375005860493,0.40888122367231383,1e-12
caa04b3585cc7e2692494b548a6c62abaf91e6120cf076983161c7dbfa56b732,C,tebd_swap,11,rzz,0.05,3,9,6,64,,9,9,commuting,1.0000000000018674,1.0000000000018674,0.0,3.144307620303906e-10,0.9999999999999996,1.0000000000009333,6.366301930071927e-11,1.931665012190314e-11,0.02366516797337681,32,"[1, 2, 4, 8, 16, 32, 32, 32, 16, 8, 4, 2, 1]",6824,2.1195972351830568e-18,2.1430395268759218e-18,1e-12
81fb3e6bea6f6176f88d01c9e06e51a8ca91fa92a8cccab955d141022a413830,C,tebd_swap,11,ryy,0.05,3,9,6,8,,9,9,mixed,0.20539818959357778,0.20539818959357778,0.7946018104064222,0.7049719662563837,0.9999999999999996,0.6351401530882592,1.1483790342308808,0.3040847921924159,0.0025489929830655456,8,"[1, 2, 4, 8, 8, 8, 8, 8, 8, 8, 4, 2, 1]",936,0.019326974695988954,1.203418510032024,1e-12
378c49396393b7b16ce172b0a4587d8ac2246ca0d93063d3d6bc9baec5c10166,C,tebd_swap,11,ryy,0.05,3,9,6,16,,9,9,mixed,0.6526141989409388,0.6526141989409388,0.34738580105906125,0.3807670557891837,0.9999999999999996,0.8721664757769617,0.4617433886885647,0.12362325756327924,0.004383135004900396,16,"[1, 2, 4, 8, 16, 16, 16, 16, 16, 8, 4, 2, 1]",2728,0.044035878557011424,0.4568659227184938,1e-12
feba505d3bdde4ef7db7337ad75ee49a6b3b418cc7bb9ed89a003c38bd8e6902,C,tebd_swap,11,ryy,0.05,3,9,6,64,,9,9,mixed,1.0000000064625603,1.0000000064625603,0.0,1.5409662603692455e-07,0.9999999999999996,1.0000000032312926,2.184816483286056e-08,8.580656546226877e-09,0.05804947798606008,64,"[1, 2, 4, 8, 16, 32, 64, 32, 16, 8, 4, 2, 1]",10920,3.0165892458040703e-15,1.464834482138278e-14,1e-12
04e8cc958eb1c65bcee57f5b70cf968571b7f427713f34af83815dbb7aa55605,C,tebd_swap,11,rzz,0.05,2,9,7,8,,10,10,commuting,0.21172733300931124,0.21172733300931124,0.7882726669906888,0.693852884463091,0.9999999999999996,0.6338048552484111,1.1516689631068318,0.30532390670656234,0.0028723489958792925,8,"[1, 2, 4, 8, 8, 8, 8, 8, 8, 8, 4, 2, 1]",936,0.0056293028186210825,1.1976646443769714,1e-12
19791b679aaf5bfe74fb8009d383093def4eee9d08c8ccba540299ad5085b159,C,tebd_swap,11,rzz,0.05,2,9,7,16,,10,10,commuting,0.694761182313858,0.694761182313858,0.305238817686142,0.35586756212318155,0.9999999999999996,0.8908919297826522,0.39761626780254034,0.1090114063698331,0.0038855309830978513,16,"[1, 2, 4, 8, 16, 16, 16, 16, 16, 8, 4, 2, 1]",2728,0.004633003937121082,0.4135142276094349,1e-12
22ad80fa2a677a56047ab3f30acf294dc8173895060be91af7e28bff5784d293,C,tebd_swap,11,rzz,0.05,2,9,7,64,,10,10,commuting,1.000000000000587,1.000000000000587,0.0,3.3877193749302455e-10,0.9999999999999996,1.0000000000002938,6.714384603867529e-11,2.1081696160467022e-11,0.04482845199527219,32,"[1, 2, 4, 8, 16, 32, 32, 32, 16, 8, 4, 2, 1]",6824,1.1906190016133928e-19,2.2621014270372612e-18,1e-12
4c7d4d86e9bca1b49a21bd61d683da61aba7a6acba402ae9eb8920492772ecce,C,tebd_swap,11,rxx,0.05,2,9,7,8,,10,10,mixed,0.20236372963700877,0.20236372963700877,0.7976362703629912,0.7066183120481889,0.9999999999999996,0.6316696644056734,1.1569231890975256,0.3063704701219556,0.0029225999605841935,8,"[1, 2, 4, 8, 8, 8, 8, 8, 8, 8, 4, 2, 1]",936,0.005457898079780086,1.208876408111804,1e-12
31e8ef4ecc635e9efc1830124800dfbc30a6df83bdfb4f7a2712552704044857,C,tebd_swap,11,rxx,0.05,2,9,7,16,,10,10,mixed,0.643208416074616,0.643208416074616,0.356791583925384,0.38533431158349035,0.9999999999999996,0.8674606838361739,0.4776308563123788,0.12713355401904,0.00607290503103286,16,"[1, 2, 4, 8, 16, 16, 16, 16, 16, 8, 4, 2, 1]",2728,0.007100227856398935,0.4639661505748928,1e-12
be7e55b5cc42f9727e0d91849a8c6890f2e40dcd914221b787dba0ece0a8be4f,C,tebd_swap,11,rxx,0.05,2,9,7,64,,10,10,mixed,1.0000000069444979,1.0000000069444979,0.0,1.545568060194443e-07,0.9999999999999996,1.0000000034722605,2.214939237576985e-08,8.722256857428339e-09,0.0390396990114823,54,"[1, 2, 4, 8, 16, 32, 54, 32, 16, 8, 4, 2, 1]",9640,5.635334186383275e-16,1.5211878240021105e-14,1e-12
9e41ee380ed74ac0d4b72a701c0722266966939eefc6beb07d699e1d4043d222,C,tebd_swap,11,rzz,0.05,2,8,6,8,,11,11,commuting,0.20972479047237444,0.20972479047237444,0.7902752095276255,0.6948875775479441,0.9999999999999996,0.6314927799327034,1.1573623469860228,0.30649330635085115,0.0025310119963251054,8,"[1, 2, 4, 8, 8, 8, 8, 8, 8, 8, 4, 2, 1]",936,0.012458737640182018,1.2101233820171535,1e-12
15672113b1eb6e26bec54b4dc57897fc608c47b652f9b6cbb882d86bfe23ee55,C,tebd_swap,11,rzz,0.05,2,8,6,16,,11,11,commuting,0.688134142688123,0.688134142688123,0.311865857311877,0.361996070260766,0.9999999999999996,0.8888859199241829,0.4044933381690605,0.11039694190275068,0.0034529580152593553,16,"[1, 2, 4, 8, 16, 16, 16, 16, 16, 8, 4, 2, 1]",2728,0.023980605424488825,0.4374948330339237,1e-12
3438e83e81a8a309e1117239483a5ae515f62174152f52630d1d50de700515f1,C,tebd_swap,11,rzz,0.05,2,8,6,64,,11,11,commuting,1.0000000000618048,1.0000000000618048,0.0,8.530630727646656e-09,0.9999999999999996,1.0000000000309017,1.468335841803281e-09,4.3542836799711154e-10,0.047721893002744764,32,"[1, 2, 4, 8, 16, 32, 32, 32, 16, 8, 4, 2, 1]",6824,7.867524937339052e-16,7.890145951609425e-16,1e-12
74c795c82c1bfa57bb7d8a2ec69a4e9e0569db26c7ef6f5db1cf5045d25e843e,C,tebd_swap,11,rzz,0.05,2,8,6,8,,11,11,mixed,0.19863383969214077,0.19863383969214077,0.8013661603078592,0.7100328028572211,0.9999999999999996,0.6288988075940544,1.1637876638233609,0.3079337363999029,0.0026041879900731146,8,"[1, 2, 4, 8, 8, 8, 8, 8, 8, 8, 4, 2, 1]",936,0.01147688980513451,1.2203532979169387,1e-12
def2c2fbbdfb98c5c288c9f8b816bba4b179f062dfd1a851d190901896be9e82,C,tebd_swap,11,rzz,0.05,2,8,6,16,,11,11,mixed,0.6293475242229497,0.6293475242229497,0.3706524757770503,0.39084746449811403,0.9999999999999996,0.8598780564591753,0.5028833258588774,0.13246756571788462,0.010075119032990187,16,"[1, 2, 4, 8, 16, 16, 16, 16, 16, 8, 4, 2, 1]",2728,0.04392246553255329,0.5078886161074461,1e-12
b12b2b56ad33610e9c3fd856cdceba5b50b9cccf4f1776cbc46a1d3b34090425,C,tebd_swap,11,rzz,0.05,2,8,6,64,,11,11,mixed,1.0000000090915826,1.0000000090915826,0.0,2.317628064365192e-07,0.9999999999999996,1.0000000045458184,2.82551812502696e-08,1.1407081568286036e-08,0.04468413401627913,61,"[1, 2, 4, 8, 16, 32, 61, 32, 16, 8, 4, 2, 1]",10536,2.8509451207400048e-15,1.806282336076111e-14,1e-12
147f303221dc6dbd24e8809ef918bb346aba8907910fef7e76596c366aafb4b0,C,tebd_swap,11,rzz,0.05,3,9,6,8,,12,12,commuting,0.20677246813739483,0.20677246813739483,0.7932275318626052,0.6979041544121909,0.9999999999999996,0.6296943896098602,1.1617700915737232,0.30774677353203034,0.002426629012916237,8,"[1, 2, 4, 8, 8, 8, 8, 8, 8, 8, 4, 2, 1]",936,0.009176704816131165,1.2193000868332844,1e-12
b99e0f12a8e3685cb3e9a6a4c8c164916189cd101ddd9d6d870b95e8d6e2b92f,C,tebd_swap,11,rzz,0.05,3,9,6,16,,12,12,commuting,0.6794130373403412,0.6794130373403412,0.3205869626596588,0.37461925176128996,0.9999999999999996,0.8881834740587125,0.4068852575970783,0.11146317097284841,0.006339447980280966,16,"[1, 2, 4, 8, 16, 16, 16, 16, 16, 8, 4, 2, 1]",2728,0.015316180321897067,0.45281101335582075,1e-12
d38bcc2c0cf33d68591a9cd8b15100233c77606883d81e8fb7513b0764ab5360,C,tebd_swap,11,rzz,0.05,3,9,6,64,,12,12,commuting,0.9999999989341999,0.9999999989341999,1.06580011483004e-09,1.3184504460043768e-08,0.9999999999999996,0.9999999994671004,4.505136713770647e-09,1.1664328935290957e-09,0.01869869400979951,32,"[1, 2, 4, 8, 16, 32, 32, 32, 16, 8, 4, 2, 1]",6824,2.0351391338886767e-15,2.824153729049619e-15,1e-12
7eba3c9cd985508aa45c0ab11d32277fa4649f5f9105fa9a78f9342965b053e1,C,tebd_swap,11,ryy,0.05,3,9,6,8,,12,12,mixed,0.1954347824378442,0.1954347824378442,0.8045652175621558,0.7122931011135973,0.9999999999999996,0.6257168598124284,1.1715544322150828,0.3096005701339295,0.0026153820217587054,8,"[1, 2, 4, 8, 8, 8, 8, 8, 8, 8, 4, 2, 1]",936,0.011592958838085927,1.2319462567550248,1e-12
31b1c72df22f156b77ed3c77f73d7741bccb137a87d34573021da8fc93ec07db,C,tebd_swap,11,ryy,0.05,3,9,6,16,,12,12,mixed,0.6101754183262077,0.6101754183262077,0.3898245816737923,0.41233191081110515,0.9999999999999996,0.8557406872770346,0.5166331004553104,0.13698567230597852,0.0044655390083789825,16,"[1, 2, 4, 8, 16, 16, 16, 16, 16, 8, 4, 2, 1]",2728,0.023413607866013247,0.5313022239734593,1e-12
9c42741088dc0712cea8fcab7b5b8448c843517f159642abfe2c9b84320dc807,C,tebd_swap,11,ryy,0.05,3,9,6,64,,12,12,mixed,1.0000000100573443,1.0000000100573443,0.0,2.380050467331444e-07,0.9999999999999996,1.0000000050287003,3.266654013955872e-08,1.160693463866631e-08,0.017392228997778147,64,"[1, 2, 4, 8, 16, 32, 64, 32, 16, 8, 4, 2, 1]",10920,1.5234192305901267e-15,1.9586242591351235e-14,1e-12
795e2ab2f586fe8571a5a87673fff9ab5f07d4cc7e6bc4bd8762bb3f6d5f7719,C,tebd_swap,11,rzz,0.05,2,9,7,8,,13,13,commuting,0.20509270011114417,0.20509270011114417,0.7949072998888558,0.6998801243148028,0.9999999999999996,0.6289478669802671,1.1636006168884891,0.3080972560173958,0.002855510974768549,8,"[1, 2, 4, 8, 8, 8, 8, 8, 8, 8, 4, 2, 1]",936,0.0035742425131045294,1.2228743293463888,1e-12
f86625b5b56c8891bff2b7ea3ff4a6e08f0887aa4c353034f5f44198dc886526,C,tebd_swap,11,rzz,0.05,2,9,7,16,,13,13,commuting,0.6741516780536606,0.6741516780536606,0.3258483219463394,0.38136091885975915,0.9999999999999996,0.8874519444652973,0.40935428398795226,0.11192473882371487,0.0034388710046187043,16,"[1, 2, 4, 8, 16, 16, 16, 16, 16, 8, 4, 2, 1]",2728,0.0026442203044972487,0.45545523366031804,1e-12
9405c2e7e907bb49d3cabcae2620a9a29d60bd2a0c987b6af1a0a926b9e0cf2a,C,tebd_swap,11,rzz,0.05,2,9,7,64,,13,13,commuting,0.9999999990207777,0.9999999990207777,9.792222588345112e-10,1.724952358971511e-08,0.9999999999999996,0.9999999995103888,3.483004037962978e-09,1.1807893077051053e-09,0.027868772041983902,32,"[1, 2, 4, 8, 16, 32, 32, 32, 16, 8, 4, 2, 1]",6824,2.365662907975413e-15,5.189816637025032e-15,1e-12
11effba2db4fc86708dcf96efe136015466be14ef6f1b005d54e51f1361c4687,C,tebd_swap,11,rxx,0.05,2,9,7,8,,13,13,mixed,0.19343355921619207,0.19343355921619207,0.8065664407838079,0.7141641124773727,0.9999999999999996,0.6242211336577163,1.1751809045506043,0.31056773595186893,0.0027925639878958464,8,"[1, 2, 4, 8, 8, 8, 8, 8, 8, 8, 4, 2, 1]",936,0.0039030761360319536,1.2358493328910567,1e-12
dfedeec5028224fac1e9ffe5b468089450ede8466fc0ba11b2fda66de0698b81,C,tebd_swap,11,rxx,0.05,2,9,7,16,,13,13,mixed,0.6041480693309627,0.6041480693309627,0.39585193066903734,0.4198832946757996,0.9999999999999996,0.8548925256161823,0.5194199438576321,0.13789076185365093,0.004741636977996677,16,"[1, 2, 4, 8, 16, 16, 16, 16, 16, 8, 4, 2, 1]",2728,0.0042721151438469065,0.5355743391173061,1e-12
a1ffc7a2e363b471fb45ddddfcb562cb1bd2ad890fd8b7f66fcf11a8e77d776b,C,tebd_swap,11,rxx,0.05,2,9,7,64,,13,13,mixed,1.0000000107589457,1.0000000107589457,0.0,2.433084718265337e-07,0.9999999999999996,1.0000000053795024,3.392073155694675e-08,1.2518467685393994e-08,0.04024318204028532,54,"[1, 2, 4, 8, 16, 32, 54, 32, 16, 8, 4, 2, 1]",9640,3.244639335468217e-15,2.283088192681945e-14,1e-12
e5372c6cdfdd264493cb889dab2817ac8c9b1ff83e4abe7a746d77e282f7074b,C,tebd_swap,11,rzz,0.05,2,8,6,8,,14,14,commuting,0.20245532903793795,0.20245532903793795,0.797544670962062,0.7012185251131877,0.9999999999999996,0.6257860222808748,1.1712654956826194,0.3096239167258655,0.002503843978047371,8,"[1, 2, 4, 8, 8, 8, 8, 8, 8, 8, 4, 2, 1]",936,0.01009468061804141,1.2329690099644304,1e-12
870461f70de97cf2ddf93399123787634c1151345e113ceefe4b618adf499e88,C,tebd_swap,11,rzz,0.05,2,8,6,16,,14,14,commuting,0.6776807309732628,0.6776807309732628,0.32231926902673724,0.3819890474773925,0.9999999999999996,0.8901364803006819,0.4000844076663339,0.10973880853688255,0.0069230159861035645,16,"[1, 2, 4, 8, 16, 16, 16, 16, 16, 8, 4, 2, 1]",2728,0.01494392415269957,0.4703991578130176,1e-12
9b6ce203e6805be34b098374edd1a9fb289db7641ffbe2d0a514ed9012829512,C,tebd_swap,11,rzz,0.05,2,8,6,64,,14,14,commuting,0.9999999981971959,0.9999999981971959,1.802804128203661e-09,3.2538840578254715e-08,0.9999999999999996,0.9999999990985979,7.876019725294725e-09,2.711812493903405e-09,0.03178520099027082,32,"[1, 2, 4, 8, 16, 32, 32, 32, 16, 8, 4, 2, 1]",6824,2.4668096571614907e-15,7.656626294186522e-15,1e-12
93781cf242340dd8d1b7a99878a2b6fa0878584536d78431c4acb34f4ee5be4c,C,tebd_swap,11,rzz,0.05,2,8,6,8,,14,14,mixed,0.18990141761922202,0.18990141761922202,0.810098582380778,0.7182137472777187,0.9999999999999996,0.6224022675492126,1.1796100052126275,0.31170636108182725,0.002555732033215463,8,"[1, 2, 4, 8, 8, 8, 8, 8, 8, 8, 4, 2, 1]",936,0.0096728644505499,1.2455221973416064,1e-12
5c2d5efa868c5c889cba28803a2e40c498b61de015e5eee8a3cd69485796aa08,C,tebd_swap,11,rzz,0.05,2,8,6,16,,14,14,mixed,0.5884855951567194,0.5884855951567194,0.4115144048432806,0.4223085656247167,0.9999999999999996,0.8441568694339927,0.5546550175262339,0.14662525127232562,0.0036649220273829997,16,"[1, 2, 4, 8, 16, 16, 16, 16, 16, 8, 4, 2, 1]",2728,0.02462130303189792,0.5601956421492041,1e-12
38917a64510c32ddacd6af7420fe63bd314679ee3da331baacbf53f3a882d352,C,tebd_swap,11,rzz,0.05,2,8,6,64,,14,14,mixed,1.0000000103554152,1.0000000103554152,0.0,2.610973124114104e-07,0.9999999999999996,1.0000000051777422,3.633307665840135e-08,1.2805591996838466e-08,0.04896603897213936,62,"[1, 2, 4, 8, 16, 32, 62, 32, 16, 8, 4, 2, 1]",10664,3.2324237138168087e-16,2.3154124298201132e-14,1e-12
80941167b2323e39590daa40bb6adfdc40f8412c66db75c2ce078270a4808598,C,tebd_swap,11,rzz,0.05,3,9,6,8,,15,15,commuting,0.1999538643782218,0.1999538643782218,0.8000461356217782,0.7034047782518436,0.9999999999999996,0.6237806543416908,1.1761255664212096,0.3107593496122635,0.0024745240225456655,8,"[1, 2, 4, 8, 8, 8, 8, 8, 8, 8, 4, 2, 1]",936,0.006922598854744531,1.239891608819175,1e-12
53b05a2af7e1fe5974c3a4af3d569a61c7d381c7aef63b1bf650539cae9efc7c,C,tebd_swap,11,rzz,0.05,3,9,6,16,,15,15,commuting,0.6675939490754629,0.6675939490754629,0.3324060509245371,0.392023269882248,0.9999999999999996,0.8875870074088409,0.40870534820885185,0.11241446863148617,0.005817925033625215,16,"[1, 2, 4, 8, 16, 16, 16, 16, 16, 8, 4, 2, 1]",2728,0.010761299011012235,0.4811604568240299,1e-12
f85884e9439d6bc49e82f214d30d9a3e834f439e6b2ce1130d6ec777d734bd46,C,tebd_swap,11,rzz,0.05,3,9,6,64,,15,15,commuting,0.9999999996908309,0.9999999996908309,3.0916913473788554e-10,3.564249116313215e-08,0.9999999999999996,0.9999999998454159,8.348925717438505e-09,2.631545702958121e-09,0.031013933999929577,32,"[1, 2, 4, 8, 16, 32, 32, 32, 16, 8, 4, 2, 1]",6824,2.4403370367373426e-15,1.0096963330923865e-14,1e-12
5e463f3bf6f9f986e22e03c06d41be9d466ed018b77bfee6806a5bad43a819b9,C,tebd_swap,11,ryy,0.05,3,9,6,8,,15,15,mixed,0.18684471394012392,0.18684471394012392,0.8131552860598761,0.7203622418769052,0.9999999999999996,0.6192192830088777,1.1872727471028472,0.3132473340210869,0.0025311780045740306,8,"[1, 2, 4, 8, 8, 8, 8, 8, 8, 8, 4, 2, 1]",936,0.009632506469588038,1.2551547038111943,1e-12
2b9a7525ac1820b2043906f272752a191136c235944166c78cf8855c550af194,C,tebd_swap,11,ryy,0.05,3,9,6,16,,15,15,mixed,0.5810917194521097,0.5810917194521097,0.4189082805478903,0.4303450634092667,0.9999999999999996,0.8424869843016833,0.5601447228751537,0.14720885445647908,0.006697734992485493,16,"[1, 2, 4, 8, 16, 16, 16, 16, 16, 8, 4, 2, 1]",2728,0.01067677655831359,0.5708724187075177,1e-12
a0a6d8b3b4752922bd581540e3af75a2f6ad11ec544bf199a3ff7b65c83ac0c1,C,tebd_swap,11,ryy,0.05,3,9,6,64,,15,15,mixed,1.000000008427469,1.000000008427469,0.0,2.7045952911556996e-07,0.9999999999999996,1.0000000042137704,4.1656360139086246e-08,1.2973734924748505e-08,0.052197944023646414,64,"[1, 2, 4, 8, 16, 32, 64, 32, 16, 8, 4, 2, 1]",10920,2.8266435609222568e-15,2.598076785912339e-14,1e-12
d24f5bb26b2f026d18b37fc7eb352c4afac15c85cd1cc40a892c97dbecaa2148,C,tebd_swap,11,rzz,0.05,2,9,7,8,,16,16,commuting,0.1985461969204216,0.1985461969204216,0.8014538030795784,0.7052952167904373,0.9999999999999996,0.6233873612876272,1.1770795653579849,0.31082976786996847,0.0028746199677698314,8,"[1, 2, 4, 8, 8, 8, 8, 8, 8, 8, 4, 2, 1]",936,0.0029501870921409402,1.2428417959113158,1e-12
896779ab4689a4a4ddda8666409055204afe7193af3e64223e427b5dc44fdd3d,C,tebd_swap,11,rzz,0.05,2,9,7,16,,16,16,commuting,0.6636142037727665,0.6636142037727665,0.3363857962272335,0.3975868870497175,0.9999999999999996,0.8873137647760807,0.40959612633690057,0.11258135332231604,0.005543389008380473,16,"[1, 2, 4, 8, 16, 16, 16, 16, 16, 8, 4, 2, 1]",2728,0.0017896432623667944,0.4829501000863967,1e-12
45a51f71c094cf2ad77e0cad9f75749a3f0065218d73658302d5a8bd6e31aeae,C,tebd_swap,11,rzz,0.05,2,9,7,64,,16,16,commuting,0.9999999989820472,0.9999999989820472,1.0179528331377696e-09,3.77109531843745e-08,0.9999999999999996,0.9999999994910241,1.0794972138405967e-08,3.1356667916462513e-09,0.02727110800333321,32,"[1, 2, 4, 8, 16, 32, 32, 32, 16, 8, 4, 2, 1]",6824,1.7707114140020334e-15,1.1867674744925898e-14,1e-12
19e8634305b2e2b21b074f2b10c35a01effa5b5d9028909920c2bce81d5bc58e,C,tebd_swap,11,rxx,0.05,2,9,7,8,,16,16,mixed,0.18528920242140678,0.18528920242140678,0.8147107975785932,0.7225025703674441,0.9999999999999996,0.6188009456140362,1.1882659422784783,0.3135390064764383,0.0029685989720746875,8,"[1, 2, 4, 8, 8, 8, 8, 8, 8, 8, 4, 2, 1]",936,0.0034831548055582,1.2586378586167524,1e-12
7ee992552f9c5f05cc711b90b592438980aed2220d755de09b89e4da968ba3a3,C,tebd_swap,11,rxx,0.05,2,9,7,16,,16,16,mixed,0.5771421498025056,0.5771421498025056,0.42285785019749444,0.43463253795645945,0.9999999999999996,0.8416073247951014,0.5630204345441732,0.14796226667718326,0.007340058975387365,16,"[1, 2, 4, 8, 16, 16, 16, 16, 16, 8, 4, 2, 1]",2728,0.002025165914897417,0.5728975846224151,1e-12
c0dda8ffef1b8830daa063045efe0a5dcafe199a485e1e933b3bc5e5defeb569,C,tebd_swap,11,rxx,0.05,2,9,7,64,,16,16,mixed,1.0000000088262477,1.0000000088262477,0.0,2.708891988640234e-07,0.9999999999999996,1.0000000044131603,4.04448634583332e-08,1.3093333925641703e-08,0.04320402996381745,54,"[1, 2, 4, 8, 16, 32, 54, 32, 16, 8, 4, 2, 1]",9640,6.043861256560366e-16,2.658515398477943e-14,1e-12
d4ed98755134d43f3c29a64936fe6e650c2977b19c78cb8e50c02a5cde1f24c9,C,tebd_swap,11,rzz,0.05,2,8,6,8,,17,17,commuting,0.1955188197984563,0.1955188197984563,0.8044811802015437,0.7078023804328095,0.9999999999999996,0.6207531002068232,1.1834226268112724,0.31225759797494307,0.0025400949525646865,8,"[1, 2, 4, 8, 8, 8, 8, 8, 8, 8, 4, 2, 1]",936,0.007249464835018233,1.2500912607463344,1e-12
87320e36c21b56733bc72816a0bd77a24a727d2b82aed169144ba32e6d3727c6,C,tebd_swap,11,rzz,0.05,2,8,6,16,,17,17,commuting,0.6668629920155326,0.6668629920155326,0.33313700798446744,0.3998277545560485,0.9999999999999996,0.8905592770463056,0.39836074019598855,0.10961628788903172,0.005028493003919721,16,"[1, 2, 4, 8, 16, 16, 16, 16, 16, 8, 4, 2, 1]",2728,0.011376397501795593,0.4943264975881923,1e-12
debfa7dc70b63bd82b624b836acb4b9673583ca9048eae7a2084e81c12a288ab,C,tebd_swap,11,rzz,0.05,2,8,6,64,,17,17,commuting,0.9999999955766259,0.9999999955766259,4.423374111439671e-09,4.945150536601553e-08,0.9999999999999996,0.9999999977883143,1.6466688734784185e-08,5.04009395921108e-09,0.03370741003891453,32,"[1, 2, 4, 8, 16, 32, 32, 32, 16, 8, 4, 2, 1]",6824,3.2173542397262417e-15,1.5085028984652137e-14,1e-12
61fe05b03a319612c3d329a7fdb1efbeb840420aeac063d710cf3f1132af9fb3,C,tebd_swap,11,rzz,0.05,2,8,6,8,,17,17,mixed,0.18187977688720838,0.18187977688720838,0.8181202231127916,0.726499618138719,0.9999999999999996,0.6170486217367743,1.192523546035833,0.31459774973134785,0.002569243952166289,8,"[1, 2, 4, 8, 8, 8, 8, 8, 8, 8, 4, 2, 1]",936,0.009462668101973395,1.2681005267187258,1e-12
8f37c145cf80b24591d449d1269b6f05edd36c6dec368d26c2e9cfd76d72229d,C,tebd_swap,11,rzz,0.05,2,8,6,16,,17,17,mixed,0.5626754985074082,0.5626754985074082,0.43732450149259183,0.44601959442368144,0.9999999999999996,0.8361623397229153,0.5806782901732475,0.152660629953295,0.0028849829686805606,16,"[1, 2, 4, 8, 16, 16, 16, 16, 16, 8, 4, 2, 1]",2728,0.014039063761255178,0.5869366483836703,1e-12
96f1363c31155103b83b38e12c70da0fda6d4eda1c8ae1bfb1be18b6165b82b6,C,tebd_swap,11,rzz,0.05,2,8,6,64,,17,17,mixed,1.0000000080761593,1.0000000080761593,0.0,3.114480514333637e-07,0.9999999999999996,1.0000000040381276,4.407272125028783e-08,1.403873502622131e-08,0.03661358403041959,62,"[1, 2, 4, 8, 16, 32, 62, 32, 16, 8, 4, 2, 1]",10664,7.085020437141796e-16,2.729365602849361e-14,1e-12
e8fb569fa093a46f6ea8d659de5af692332a4cf5c10206b4c348eb0f61127f6a,C,tebd_swap,11,rzz,0.05,3,9,6,8,,18,18,commuting,0.1929422878377831,0.1929422878377831,0.8070577121622169,0.7091879990959136,0.9999999999999996,0.6176176373537533,1.1909592349752596,0.3139725315864423,0.0024896200047805905,8,"[1, 2, 4, 8, 8, 8, 8, 8, 8, 8, 4, 2, 1]",936,0.006608102452630147,1.2566993631989642,1e-12
503bb41052ec89d36c5e8073e04f337d48d2cc4180f43640a6ea8ecd6705f75c,C,tebd_swap,11,rzz,0.05,3,9,6,16,,18,18,commuting,0.6561982127657477,0.6561982127657477,0.34380178723425225,0.4081556151704481,0.9999999999999996,0.8869680106892502,0.4105769846417826,0.11291826361991907,0.004448733991011977,16,"[1, 2, 4, 8, 16, 16, 16, 16, 16, 8, 4, 2, 1]",2728,0.007594970534954134,0.5019214681231464,1e-12
32fbe1c6c156e944fba09e29745b77af9c867ae2a00c13f89874f17f17b05739,C,tebd_swap,11,rzz,0.05,3,9,6,64,,18,18,commuting,0.9999999973102132,0.9999999973102132,2.689786837706265e-09,5.310077491461154e-08,0.9999999999999996,0.999999998655107,1.4763946815099516e-08,4.9978718013569865e-09,0.04597851797007024,32,"[1, 2, 4, 8, 16, 32, 32, 32, 16, 8, 4, 2, 1]",6824,2.814590478925141e-15,1.789961946357728e-14,1e-12
3a67f12fff73a287ee7c69e273a0f9b0ac0debee9551f8a7513aa9c37178da64,C,tebd_swap,11,ryy,0.05,3,9,6,8,,18,18,mixed,0.1791594566029063,0.1791594566029063,0.8208405433970937,0.7293406576524515,0.9999999999999996,0.615209260540312,1.196902106673192,0.3153794075487283,0.0024785370333120227,8,"[1, 2, 4, 8, 8, 8, 8, 8, 8, 8, 4, 2, 1]",936,0.009310680150063939,1.2774112068687897,1e-12
824792ea557e031742267acc1556555d0b3d0d9cfb9ef1df3855e48de5dd4f87,C,tebd_swap,11,ryy,0.05,3,9,6,16,,18,18,mixed,0.5604639649746149,0.5604639649746149,0.4395360350253851,0.4489350478138973,0.9999999999999996,0.8359578355253827,0.5813104085725656,0.1525577379081265,0.0034605790278874338,16,"[1, 2, 4, 8, 16, 16, 16, 16, 16, 8, 4, 2, 1]",2728,0.010339957305637892,0.5972766056893082,1e-12
005608c48037f5ed55373f274cee11d1fb44be4426cfa6388513e3da1127e627,C,tebd_swap,11,ryy,0.05,3,9,6,64,,18,18,mixed,1.000000005482165,1.000000005482165,0.0,3.2072391018139303e-07,0.9999999999999996,1.0000000027411335,4.6797961616995565e-08,1.428158727229713e-08,0.02245313295861706,64,"[1, 2, 4, 8, 16, 32, 64, 32, 16, 8, 4, 2, 1]",10920,2.326975726740982e-15,2.962063175523459e-14,1e-12
c4efc43e8d5126797d294c018d9cec18387165835b27490d39941d21ed50bbb7,C,tebd_swap,11,rzz,0.05,2,9,7,8,,19,19,commuting,0.19138492715789324,0.19138492715789324,0.8086150728421068,0.7108737493862425,0.9999999999999996,0.6166788047956567,1.1932032170861895,0.3143456488093438,0.002831894962582737,8,"[1, 2, 4, 8, 8, 8, 8, 8, 8, 8, 4, 2, 1]",936,0.002763073993002598,1.2594624371919667,1e-12
0384e7430192235b272dfb982e02720746e9f524a5a5e95ca3294e307200399b,C,tebd_swap,11,rzz,0.05,2,9,7,16,,19,19,commuting,0.6505588393927313,0.6505588393927313,0.3494411606072687,0.4142981136916455,0.9999999999999996,0.8858823187671335,0.4142674696026809,0.11372144788412517,0.008197346003726125,16,"[1, 2, 4, 8, 16, 16, 16, 16, 16, 8, 4, 2, 1]",2728,0.0013303938687230419,0.5032518619918693,1e-12
82f293fcff6c47cd555d5f521933276ff4d47d907bd5dd22faa5a23df7da06bf,C,tebd_swap,11,rzz,0.05,2,9,7,64,,19,19,commuting,0.99999999595297,0.99999999595297,4.04703004441842e-09,5.581754029933969e-08,0.9999999999999996,0.9999999979764858,1.6041161329805043e-08,5.694788997859111e-09,0.03682604600908235,32,"[1, 2, 4, 8, 16, 32, 32, 32, 16, 8, 4, 2, 1]",6824,1.9300622551995996e-15,1.982968171877688e-14,1e-12
6d219396935fa633a85180b229ce30bb00afba70347c74b7a9fc75a95910af89,C,tebd_swap,11,rxx,0.05,2,9,7,8,,19,19,mixed,0.17793972283140014,0.17793972283140014,0.8220602771685999,0.7316333471054959,0.9999999999999996,0.6155854094251261,1.1959899497708706,0.3151039814607129,0.0023592679644934833,8,"[1, 2, 4, 8, 8, 8, 8, 8, 8, 8, 4, 2, 1]",936,0.0035175413085459036,1.2809287481773355,1e-12
fda9876d1afc04e7dc92a2e0055a2d5e880f1c62514f3f20a5d08c791e481e38,C,tebd_swap,11,rxx,0.05,2,9,7,16,,19,19,mixed,0.5567993857294006,0.5567993857294006,0.4432006142705994,0.45307066079481423,0.9999999999999996,0.8352561576893763,0.5835727597412568,0.1531948966266546,0.0031145020038820803,16,"[1, 2, 4, 8, 16, 16, 16, 16, 16, 8, 4, 2, 1]",2728,0.0016301603604627405,0.5989067660497709,1e-12
fab1de1691657fffd7869fcd29c378f9c5224b99b2195001fc80dc2bad42d2a3,C,tebd_swap,11,rxx,0.05,2,9,7,64,,19,19,mixed,1.0000000058861938,1.0000000058861938,0.0,3.2084903680954614e-07,0.9999999999999996,1.000000002943148,4.568500389101615e-08,1.4439811049306147e-08,0.03900269902078435,54,"[1, 2, 4, 8, 16, 32, 54, 32, 16, 8, 4, 2, 1]",9640,5.337024945531011e-16,3.015433424978769e-14,1e-12
e8b5313592dc3e3d3650ef6855ee9545477bb3f1347e89b7af7271e9fad01f8e,C,tebd_swap,11,rzz,0.05,2,8,6,8,,20,20,commuting,0.18806520396507534,0.18806520396507534,0.8119347960349247,0.7145069028187877,0.9999999999999996,0.6146948986428737,1.1979237583585816,0.3155801747338801,0.002512596023734659,8,"[1, 2, 4, 8, 8, 8, 8, 8, 8, 8, 4, 2, 1]",936,0.004887344856436822,1.2643497820484035,1e-12
70f613e0728d1ebcf26ce386b24543b2b3716a09344741eafe51319aea5e3d72,C,tebd_swap,11,rzz,0.05,2,8,6,16,,20,20,commuting,0.6462699054380482,0.6462699054380482,0.3537300945619518,0.41980038562917743,0.9999999999999996,0.8854663425857374,0.4156948149721107,0.11390158171060187,0.003657109977211803,16,"[1, 2, 4, 8, 16, 16, 16, 16, 16, 8, 4, 2, 1]",2728,0.009295602611178249,0.5125474646030477,1e-12
a097b5f5802e6df444f6343775caa50e99ab77fa62e59c4dbdb50c34535b69b8,C,tebd_swap,11,rzz,0.05,2,8,6,64,,20,20,commuting,0.9999999952305274,0.9999999952305274,4.769472594645663e-09,6.400941866968907e-08,0.9999999999999996,0.9999999976152651,1.9158374844896464e-08,6.326533576333878e-09,0.014981352025642991,32,"[1, 2, 4, 8, 16, 32, 32, 32, 16, 8, 4, 2, 1]",6824,2.952166296742013e-15,2.2781848015518892e-14,1e-12
dc012060945821671fde3c5b3633ffaddd2a91c1b90323f3a044440d1d292adf,C,tebd_swap,11,rzz,0.05,2,8,6,8,,20,20,mixed,0.17383893921756674,0.17383893921756674,0.8261610607824332,0.7352417335629626,0.9999999999999996,0.6119316532858803,1.2047868994525073,0.3172661175325996,0.004072901967447251,8,"[1, 2, 4, 8, 8, 8, 8, 8, 8, 8, 4, 2, 1]",936,0.010829566538943269,1.2917583147162788,1e-12
3eaf707ec66a949a7f98a0ca1bcab911a1f9a302196eca145a0d580f7ced3ef7,C,tebd_swap,11,rzz,0.05,2,8,6,16,,20,20,mixed,0.5469760153035628,0.5469760153035628,0.45302398469643723,0.4643840826799894,0.9999999999999996,0.8335521059513419,0.5890955777104714,0.15477056816790108,0.003786706947721541,16,"[1, 2, 4, 8, 16, 16, 16, 16, 16, 8, 4, 2, 1]",2728,0.010997205437196102,0.6099039714869671,1e-12
a2c80e5ef85951ec0038beb4fc27dfe55b96dfb1c6e63836ba27cadb2bc61c06,C,tebd_swap,11,rzz,0.05,2,8,6,64,,20,20,mixed,1.0000000047732476,1.0000000047732476,0.0,3.952397133220071e-07,0.9999999999999996,1.000000002386702,5.061858232568994e-08,1.6814630645677234e-08,0.03881761297816411,62,"[1, 2, 4, 8, 16, 32, 62, 32, 16, 8, 4, 2, 1]",10664,1.38003414738737e-15,3.1534368397175065e-14,1e-12
a602e637bdbfb59cc4b53c730bd9b4a07fbf459f13541871e39a36976ea90705,C,tebd_swap,11,rzz,0.05,3,9,6,8,,21,21,commuting,0.1798218342926442,0.1798218342926442,0.8201781657073558,0.7181402023599825,0.9999999999999996,0.6031860766821863,1.2251395056524519,0.32265987576046967,0.0024329000152647495,8,"[1, 2, 4, 8, 8, 8, 8, 8, 8, 8, 4, 2, 1]",936,0.013332386748749743,1.2776821687971534,1e-12
7ddffde414a39188206159d19f22a9ddbe2e67ebe5fbebd75413d2feecaa74a8,C,tebd_swap,11,rzz,0.05,3,9,6,16,,21,21,commuting,0.6378507358082908,0.6378507358082908,0.36214926419170923,0.4274458959883594,0.9999999999999996,0.8831880628874887,0.4234132604090286,0.1161061396864508,0.00820776098407805,16,"[1, 2, 4, 8, 16, 16, 16, 16, 16, 8, 4, 2, 1]",2728,0.004449781721513156,0.5169972463245609,1e-12
aca090b05cc425199d3a1a3825b355d7c90f460ff355fbdb43e73a77b13400d0,C,tebd_swap,11,rzz,0.05,3,9,6,64,,21,21,commuting,0.9999999931328367,0.9999999931328367,6.867163282464617e-09,7.030386556743492e-08,0.9999999999999996,0.9999999965664201,1.963121780412802e-08,7.62405057006902e-09,0.014844304998405278,32,"[1, 2, 4, 8, 16, 32, 32, 32, 16, 8, 4, 2, 1]",6824,3.2212006695493173e-15,2.600304868506821e-14,1e-12
1326733bf899eecc6fe712d5734e5de4a501273887f53dd181ba4a56cac950fc,C,tebd_swap,11,ryy,0.05,3,9,6,8,,21,21,mixed,0.17229726559210928,0.17229726559210928,0.8277027344078907,0.7371720299488598,0.9999999999999996,0.6112255863697095,1.2064515581303188,0.31734271958507076,0.007462471025064588,8,"[1, 2, 4, 8, 8, 8, 8, 8, 8, 8, 4, 2, 1]",936,0.01001492287366855,1.3017732375899476,1e-12
5d59cc1fc84b070f11e0c8e345c81fa0388263cb5b9cff69c5569e0159c4ea6c,C,tebd_swap,11,ryy,0.05,3,9,6,16,,21,21,mixed,0.545635644868063,0.545635644868063,0.45436435513193696,0.46752073703626423,0.9999999999999996,0.8342174301259926,0.5868813222878027,0.15382845493688302,0.0034207699936814606,16,"[1, 2, 4, 8, 16, 16, 16, 16, 16, 8, 4, 2, 1]",2728,0.007025142887278675,0.6169291143742457,1e-12
e8e0eb3c01658af4e014ab9c79a0587504535cd1b37ab4484e4c2a656d6ccd8f,C,tebd_swap,11,ryy,0.05,3,9,6,64,,21,21,mixed,1.0000000027606988,1.0000000027606988,0.0,4.01732895459709e-07,0.9999999999999996,1.0000000013804293,5.1070733086966413e-08,1.7332433048581603e-08,0.023859957000240684,64,"[1, 2, 4, 8, 16, 32, 64, 32, 16, 8, 4, 2, 1]",10920,1.4359472831414665e-15,3.297031568031653e-14,1e-12
a583415debb4f0540d839648987996ca15d9140a511d8ec6002e9d2f5fed0da0,C,tebd_swap,11,rzz,0.05,2,9,7,8,,22,22,commuting,0.17639610734510772,0.17639610734510772,0.8236038926548923,0.7194975117363892,0.9999999999999996,0.5980530086186246,1.2371184889421603,0.3255535770584787,0.002799178007990122,8,"[1, 2, 4, 8, 8, 8, 8, 8, 8, 8, 4, 2, 1]",936,0.004485933066611502,1.282168101863765,1e-12
1192acc40d91b0972d0e0be0441fdba2a70cbe1d0db37108cdbe25b1f9004e33,C,tebd_swap,11,rzz,0.05,2,9,7,16,,22,22,commuting,0.6327887531907863,0.6327887531907863,0.3672112468092137,0.4330247468087089,0.9999999999999996,0.8823099439141785,0.42639835293074646,0.11667949347211147,0.006702369020786136,16,"[1, 2, 4, 8, 16, 16, 16, 16, 16, 8, 4, 2, 1]",2728,0.0011532494258914153,0.5181504957504522,1e-12
8f51986578748b55c37158f3bb12ee5a4104e691ef086d0bca4a72bd46458758,C,tebd_swap,11,rzz,0.05,2,9,7,64,,22,22,commuting,0.999999993127294,0.999999993127294,6.872705959892755e-09,7.471151540465048e-08,0.9999999999999996,0.9999999965636489,1.976356980848415e-08,7.957616684143266e-09,0.0374443149776198,32,"[1, 2, 4, 8, 16, 32, 32, 32, 16, 8, 4, 2, 1]",6824,2.0865351290090908e-15,2.80895838140773e-14,1e-12
b4cee46293cb6cd659f5d4d467dc92d5ab00c7e6b9e444c1babdce13dbbb791b,C,tebd_swap,11,rxx,0.05,2,9,7,8,,22,22,mixed,0.17141945374945125,0.17141945374945125,0.8285805462505488,0.7393648880534568,0.9999999999999996,0.61214139487304,1.2042648657924329,0.31675900226244486,0.0023729990352876484,8,"[1, 2, 4, 8, 8, 8, 8, 8, 8, 8, 4, 2, 1]",936,0.003962239687597714,1.3057354772775454,1e-12
c24ec652abd9ae89aca29d8f67f3b1615671a5c7b129ae770b461c152b202b6d,C,tebd_swap,11,rxx,0.05,2,9,7,16,,22,22,mixed,0.5413643296723905,0.5413643296723905,0.45863567032760955,0.47216207454539383,0.9999999999999996,0.8333584562517761,0.5896494803297361,0.15448235768441165,0.019955428957473487,16,"[1, 2, 4, 8, 16, 16, 16, 16, 16, 8, 4, 2, 1]",2728,0.001609384326313927,0.6185384987005595,1e-12
d7a4c078efa6bbfb704c0744fb579ba701d96933f2290db5f5264ee12374f683,C,tebd_swap,11,rxx,0.05,2,9,7,64,,22,22,mixed,1.000000003366714,1.000000003366714,0.0,4.0197861292316056e-07,0.9999999999999996,1.0000000016834372,5.085846405128436e-08,1.7525333780070632e-08,0.013691023050341755,54,"[1, 2, 4, 8, 16, 32, 54, 32, 16, 8, 4, 2, 1]",9640,5.331384474431055e-16,3.350345412775964e-14,1e-12
1804aa3ab9af3dbdac264255982a6786199e8218bd1214b9a1183de6a12616d0,C,tebd_swap,11,rzz,0.05,2,8,6,8,,23,23,commuting,0.17358205364402274,0.17358205364402274,0.8264179463559773,0.7231217467254166,0.9999999999999996,0.5967986704754522,1.240015297059764,0.3263016285312057,0.002697692019864917,8,"[1, 2, 4, 8, 8, 8, 8, 8, 8, 8, 4, 2, 1]",936,0.0038706887353328976,1.2860387905990978,1e-12
e3108255c13fc1674c760e8bec46dbceb563d86ed2e098fe19d33749738cf851,C,tebd_swap,11,rzz,0.05,2,8,6,16,,23,23,commuting,0.6294617910682517,0.6294617910682517,0.37053820893174827,0.43892632105813034,0.9999999999999996,0.8828526930106438,0.42452940229824465,0.1159871502295712,0.0042954490054398775,16,"[1, 2, 4, 8, 16, 16, 16, 16, 16, 8, 4, 2, 1]",2728,0.0071965934145284405,0.5253470891649806,1e-12
22aa79b5902225ff6847148e05e6f264dc14ad03fc665e9fa08fe53be8a4de8b,C,tebd_swap,11,rzz,0.05,2,8,6,64,,23,23,commuting,0.9999999925593741,0.9999999925593741,7.440625893195829e-09,8.177429022139826e-08,0.9999999999999996,0.9999999962796898,2.2409086308794457e-08,9.056718623110013e-09,0.02795853203861043,32,"[1, 2, 4, 8, 16, 32, 32, 32, 16, 8, 4, 2, 1]",6824,2.412511174620496e-15,3.050209498869779e-14,1e-12
344b05244a78506a0ab97b2d02d269f3cd7c869c040519a640ed302b4836f9e5,C,tebd_swap,11,rzz,0.05,2,8,6,8,,23,23,mixed,0.16679290294470264,0.16679290294470264,0.8332070970552974,0.7436404289888776,0.9999999999999996,0.6081174430105925,1.2138633425148635,0.31907292021325184,0.002527903998270631,8,"[1, 2, 4, 8, 8, 8, 8, 8, 8, 8, 4, 2, 1]",936,0.011848881481358231,1.3175843587589038,1e-12
32f4f907dbe10b81d71fc59b54f7da7621ca3e52667543d3c4f7b4d30e0432f8,C,tebd_swap,11,rzz,0.05,2,8,6,16,,23,23,mixed,0.5347696372327264,0.5347696372327264,0.4652303627672736,0.4810113292385672,0.9999999999999996,0.8330250916311122,0.5907316895350738,0.15472697065231042,0.0028332770452834666,16,"[1, 2, 4, 8, 16, 16, 16, 16, 16, 8, 4, 2, 1]",2728,0.008261160359098041,0.6267996590596575,1e-12
6ff7144e6b010d3999b6c1b9035a1e3cf425feb0e84a3ac07d9c6b1986fe101b,C,tebd_swap,11,rzz,0.05,2,8,6,64,,23,23,mixed,1.0000000018446369,1.0000000018446369,0.0,5.181863300272982e-07,0.9999999999999996,1.0000000009224526,6.046156617034448e-08,2.183309802603452e-08,0.0327375489869155,62,"[1, 2, 4, 8, 16, 32, 62, 32, 16, 8, 4, 2, 1]",10664,2.449746809199706e-15,3.595320093695935e-14,1e-12
7046a7690de2613da5008d887d3f57afe19e71b94e9b9626740e9dcef14945d4,C,tebd_swap,11,rzz,0.05,3,9,6,8,,24,24,commuting,0.15848295750104904,0.15848295750104904,0.841517042498951,0.7308668858273543,0.9999999999999996,0.5747736648146852,1.290152560665289,0.3399366393531169,0.0024808819871395826,8,"[1, 2, 4, 8, 8, 8, 8, 8, 8, 8, 4, 2, 1]",936,0.030143541597540527,1.3161823321966384,1e-12
acaa2fd1d69fdff6b4c7b093cd2b63aca778432f2137905e20a2384a72702173,C,tebd_swap,11,rzz,0.05,3,9,6,16,,24,24,commuting,0.6239611854183089,0.6239611854183089,0.3760388145816911,0.4453227471378573,0.9999999999999996,0.8821205273012183,0.4269818227986044,0.1164693063787543,0.008734564995393157,16,"[1, 2, 4, 8, 16, 16, 16, 16, 16, 8, 4, 2, 1]",2728,0.004310161199353693,0.5296572503643343,1e-12
576b871cbc0424ff579551a51ba51352b752b113f3b1ff4b39835505966062b8,C,tebd_swap,11,rzz,0.05,3,9,6,64,,24,24,commuting,0.9999999926029879,0.9999999926029879,7.397012113941059e-09,8.730632991012731e-08,0.9999999999999996,0.999999996301497,2.5644926071599627e-08,9.364972611069708e-09,0.031805320002604276,32,"[1, 2, 4, 8, 16, 32, 32, 32, 16, 8, 4, 2, 1]",6824,2.7802025070742317e-15,3.3282297495772025e-14,1e-12
cf3343e4ff81b80bec3a6675e06a7d24656dc5a6d390794d8d642d7e10c0048a,C,tebd_swap,11,ryy,0.05,3,9,6,8,,24,24,mixed,0.16554961770983498,0.16554961770983498,0.834450382290165,0.7446975532131254,0.9999999999999996,0.6069021557011859,1.2167191008613867,0.3193955839566131,0.00254525599302724,8,"[1, 2, 4, 8, 8, 8, 8, 8, 8, 8, 4, 2, 1]",936,0.009977707294850403,1.327562066053754,1e-12
fa5b123c722337a854de46d537f15ef6cb97b8b43702f098a302fe1540748b05,C,tebd_swap,11,ryy,0.05,3,9,6,16,,24,24,mixed,0.5300077493571411,0.5300077493571411,0.4699922506428589,0.4852675429173748,0.9999999999999996,0.8315751382688946,0.5954107456503894,0.15568895539344657,0.0040056470315903425,16,"[1, 2, 4, 8, 16, 16, 16, 16, 16, 8, 4, 2, 1]",2728,0.005773045165932524,0.63257270422559,1e-12
8508255b72d5f425c765e235783b281ceae089a06cb24bc28bcd3c298bb5364c,C,tebd_swap,11,ryy,0.05,3,9,6,64,,24,24,mixed,1.0000000006069887,1.0000000006069887,0.0,5.219878779107519e-07,0.9999999999999996,1.0000000003036296,6.280718406470598e-08,2.2361242430214845e-08,0.033960339962504804,64,"[1, 2, 4, 8, 16, 32, 64, 32, 16, 8, 4, 2, 1]",10920,7.844789024206188e-16,3.6737679839379966e-14,1e-12
5ef83e0fd1dfb71bb5391b0b3e17658dfc9a14a7ad82034581266569d1ca7b1b,C,tebd_swap,11,rzz,0.05,2,9,7,8,,25,25,commuting,0.15405901721433807,0.15405901721433807,0.8459409827856619,0.7338362595714988,0.9999999999999996,0.5687905643185733,1.3034437266165941,0.3432050268858436,0.0028714200016111135,8,"[1, 2, 4, 8, 8, 8, 8, 8, 8, 8, 4, 2, 1]",936,0.011799445454342711,1.327981777650981,1e-12
3558b441bf87fe59888cb8c4b22032de8577354fe7ae4e7f807414d055db8e71,C,tebd_swap,11,rzz,0.05,2,9,7,16,,25,25,commuting,0.6192320481168185,0.6192320481168185,0.38076795188318147,0.4513076155782874,0.9999999999999996,0.8817621769035979,0.4281787093699507,0.11653007605719864,0.003961283015087247,16,"[1, 2, 4, 8, 16, 16, 16, 16, 16, 8, 4, 2, 1]",2728,0.0011223644217338384,0.5307796147860682,1e-12
60bdb4be7b47dac881e6579e7f7fdcf2ac4cd7d6c5c8d551d75c6c75c80fe852,C,tebd_swap,11,rzz,0.05,2,9,7,64,,25,25,commuting,0.999999992977362,0.999999992977362,7.022638026654704e-09,9.006858114872829e-08,0.9999999999999996,0.999999996488685,2.743247484726652e-08,9.656434192978724e-09,0.03768468601629138,32,"[1, 2, 4, 8, 16, 32, 32, 32, 16, 8, 4, 2, 1]",6824,1.839697209167873e-15,3.5121994704939894e-14,1e-12
7f5f7e0acf4b9709cb7ea936bf19173e3c014785fd471d1da361c143ff9e4948,C,tebd_swap,11,rxx,0.05,2,9,7,8,,25,25,mixed,0.16453291681067997,0.16453291681067997,0.8354670831893201,0.7467856098179282,0.9999999999999996,0.6074058719221506,1.2155196437144387,0.3190269535872671,0.002846186049282551,8,"[1, 2, 4, 8, 8, 8, 8, 8, 8, 8, 4, 2, 1]",936,0.00398641147379344,1.3315484775275477,1e-12
20cb00dd55e685baddfe499b69dc16fe0499efe78f8640f44352ab1a0f76b30d,C,tebd_swap,11,rxx,0.05,2,9,7,16,,25,25,mixed,0.5254998622745721,0.5254998622745721,0.4745001377254279,0.49032984065146606,0.9999999999999996,0.8308132994841465,0.5978655190244011,0.15639333198981076,0.008033052028622478,16,"[1, 2, 4, 8, 16, 16, 16, 16, 16, 8, 4, 2, 1]",2728,0.0014106540650932016,0.6339833582906832,1e-12
715dfc96989eb61663e34605fa0294461792ebb68644b223a45460b03dff8278,C,tebd_swap,11,rxx,0.05,2,9,7,64,,25,25,mixed,1.000000001711069,1.000000001711069,0.0,5.224738575050362e-07,0.9999999999999996,1.00000000085567,6.704733873652557e-08,2.2598929715480846e-08,0.03867653099587187,54,"[1, 2, 4, 8, 16, 32, 54, 32, 16, 8, 4, 2, 1]",9640,6.216896033846876e-16,3.735936944276465e-14,1e-12
4c9e70b0fcba081f196ffef8ecfd0afe52ace96c22dd1d0b0c928786140e02df,C,tebd_swap,11,rzz,0.05,2,8,6,8,,26,26,commuting,0.15135098713221892,0.15135098713221892,0.848649012867781,0.7369199674998961,0.9999999999999996,0.5666816764505608,1.3081169325524582,0.3444636434006574,0.0025454849819652736,8,"[1, 2, 4, 8, 8, 8, 8, 8, 8, 8, 4, 2, 1]",936,0.008539994228749539,1.3365217718797304,1e-12
237560599d61bfbb0389527650cf49d70fae76f409e92bf04bdf9c9da2ba38bb,C,tebd_swap,11,rzz,0.05,2,8,6,16,,26,26,commuting,0.6174873809391488,0.6174873809391488,0.3825126190608512,0.45530948938225396,0.9999999999999996,0.8825610669848124,0.42541604402689437,0.1155110637480134,0.00419460900593549,16,"[1, 2, 4, 8, 16, 16, 16, 16, 16, 8, 4, 2, 1]",2728,0.005022253832886279,0.5358018686189544,1e-12
167f3ec4a73a162dbe04369ea565159d8c3db001566a98d00ad1925f9e9ee206,C,tebd_swap,11,rzz,0.05,2,8,6,64,,26,26,commuting,0.999999993192183,0.999999993192183,6.807816976817094e-09,9.588160260104641e-08,0.9999999999999996,0.9999999965960948,2.7526347756712255e-08,9.945816386593746e-09,0.02694895799504593,32,"[1, 2, 4, 8, 16, 32, 32, 32, 16, 8, 4, 2, 1]",6824,2.166877073343871e-15,3.728887177828376e-14,1e-12
0c137f22d911753f5417b9ed665b4c06598593b0fd5c36b5d97f89fb06c9d5c0,C,tebd_swap,11,rzz,0.05,2,8,6,8,,26,26,mixed,0.1603319474330764,0.1603319474330764,0.8396680525669236,0.7513142315910866,0.9999999999999996,0.6044026085265907,1.2226289831510113,0.3206545220261511,0.002609255025163293,8,"[1, 2, 4, 8, 8, 8, 8, 8, 8, 8, 4, 2, 1]",936,0.011288793176949297,1.3428372707044969,1e-12
e3f1e1243b11b2387b80e2dcbf95bc31fca0adf59bd204897521746ac21f8aeb,C,tebd_swap,11,rzz,0.05,2,8,6,16,,26,26,mixed,0.5165965115303128,0.5165965115303128,0.48340348846968717,0.5013018505248296,0.9999999999999996,0.8299376590361193,0.6006814260762341,0.1572355658752978,0.0038886339752934873,16,"[1, 2, 4, 8, 16, 16, 16, 16, 16, 8, 4, 2, 1]",2728,0.007139165790080739,0.641122524080764,1e-12
dd5feee3357b4568a67449483813949a687e253d87fc23f851e6be185e1ba5b9,C,tebd_swap,11,rzz,0.05,2,8,6,64,,26,26,mixed,1.0000000032425067,1.0000000032425067,0.0,5.710650788867897e-07,0.9999999999999996,1.0000000016214161,6.830286991554857e-08,2.405792617412596e-08,0.045640785014256835,63,"[1, 2, 4, 8, 16, 32, 63, 32, 16, 8, 4, 2, 1]",10792,1.3481737365578276e-15,3.870754317932248e-14,1e-12
ea98f315a16b9518292597cb80b3da230328effee651d353f2f8fe8ca7434b79,C,tebd_swap,11,rzz,0.05,3,9,6,8,,27,27,commuting,0.14402776385329566,0.14402776385329566,0.8559722361467044,0.7453072061465893,0.9999999999999996,0.5608053411173246,1.3209450444174529,0.34776316931647777,0.0025134370080195367,8,"[1, 2, 4, 8, 8, 8, 8, 8, 8, 8, 4, 2, 1]",936,0.03712540303283742,1.3736471749125678,1e-12
78caef5778612a334066af4a67c67991840adb1271f68bd5aeadd352681c2092,C,tebd_swap,11,rzz,0.05,3,9,6,16,,27,27,commuting,0.6139751057763821,0.6139751057763821,0.38602489422361785,0.46115298074859357,0.9999999999999996,0.8830590826609034,0.423669019008142,0.11481279310548598,0.010792732995469123,16,"[1, 2, 4, 8, 16, 16, 16, 16, 16, 8, 4, 2, 1]",2728,0.004007129991295262,0.5398089986102498,1e-12
2159cbdf104cb8daaaca7445887c2c0bc9623233b03ad5822ce7f60082b6fa71,C,tebd_swap,11,rzz,0.05,3,9,6,64,,27,27,commuting,0.9999999936000976,0.9999999936000976,6.3999023858229975e-09,9.857518498613832e-08,0.9999999999999996,0.9999999968000529,3.095232897765143e-08,1.0442359186246927e-08,0.0295824590139091,32,"[1, 2, 4, 8, 16, 32, 32, 32, 16, 8, 4, 2, 1]",6824,2.5615357230582897e-15,3.9850407501342055e-14,1e-12
9f92bfc8c23c9d55faac77e1b6ba03e978413ee6db22ebefda59613718c03459,C,tebd_swap,11,ryy,0.05,3,9,6,8,,27,27,mixed,0.15955320336088016,0.15955320336088016,0.8404467966391198,0.7515849179602757,0.9999999999999996,0.6031269488449155,1.22559772325278,0.3209837965045658,0.002488909987732768,8,"[1, 2, 4, 8, 8, 8, 8, 8, 8, 8, 4, 2, 1]",936,0.008962524963908399,1.3517997956684054,1e-12
8a05d9feb8d6a574df2b5273e494e22bd9c51d8dde1bbb355d24e486235b4afc,C,tebd_swap,11,ryy,0.05,3,9,6,16,,27,27,mixed,0.5093392865473092,0.5093392865473092,0.4906607134526908,0.5060346891109423,0.9999999999999996,0.826699043522552,0.611074516237134,0.159573671607022,0.003518607991281897,16,"[1, 2, 4, 8, 16, 16, 16, 16, 16, 8, 4, 2, 1]",2728,0.005349083822834298,0.6464716079035981,1e-12
65d680854ea14a4b4c91b4e023684377cf6b3ff86e9e978f27088e0f96519cea,C,tebd_swap,11,ryy,0.05,3,9,6,64,,27,27,mixed,1.0000000029210545,1.0000000029210545,0.0,5.719530810516658e-07,0.9999999999999996,1.0000000014606902,6.843971689374229e-08,2.3932891500189583e-08,0.02711404097499326,64,"[1, 2, 4, 8, 16, 32, 64, 32, 16, 8, 4, 2, 1]",10920,2.6383275342567176e-16,3.897137593274815e-14,1e-12
10d3483e799cfc96a33e2f31a413d8197f1003651bf781c56ee096e6f6f05b5b,C,tebd_swap,11,rzz,0.05,2,9,7,8,,28,28,commuting,0.13947572697622665,0.13947572697622665,0.8605242730237733,0.7524789090759422,0.9999999999999996,0.5596011911322565,1.3235614211260591,0.3481724704204096,0.0030308779678307474,8,"[1, 2, 4, 8, 8, 8, 8, 8, 8, 8, 4, 2, 1]",936,0.038775483103887516,1.4124226580164554,1e-12
206cef3d69897ebcc03e91e38b0a8cc524d7795869d37bbfa65aaecdd6d2d578,C,tebd_swap,11,rzz,0.05,2,9,7,16,,28,28,commuting,0.608996204617308,0.608996204617308,0.39100379538269203,0.4674449624217682,0.9999999999999996,0.8827621257271804,0.4246645730260523,0.11487970250233373,0.007440115965437144,16,"[1, 2, 4, 8, 16, 16, 16, 16, 16, 8, 4, 2, 1]",2728,0.0009899055985016943,0.5407989042087515,1e-12
a10451eaeca650047db27b2064ed3c6755fd2918a3779f9da76eca18af2f9a49,C,tebd_swap,11,rzz,0.05,2,9,7,64,,28,28,commuting,0.9999999938902087,0.9999999938902087,6.1097913395258274e-09,9.977587277535483e-08,0.9999999999999996,0.9999999969451085,3.200829873373223e-08,1.0467159193208526e-08,0.03227713500382379,32,"[1, 2, 4, 8, 16, 32, 32, 32, 16, 8, 4, 2, 1]",6824,5.777168719578909e-16,4.0428124373299944e-14,1e-12
805854101fddca78dd23aaf8f8577726c7e5d1c55fa700343d3fe621016efd5b,C,tebd_swap,11,rxx,0.05,2,9,7,8,,28,28,mixed,0.15903590472127171,0.15903590472127171,0.8409640952787283,0.7529199585118107,0.9999999999999996,0.6037173046785432,1.2242061788933545,0.3206780552539493,0.002792681974824518,8,"[1, 2, 4, 8, 8, 8, 8, 8, 8, 8, 4, 2, 1]",936,0.003194405073232525,1.3549942007416376,1e-12
f6284666320e0d3e8751d943f1365295283b6f449452f30265eee2b57c5724a5,C,tebd_swap,11,rxx,0.05,2,9,7,16,,28,28,mixed,0.50455690816824,0.50455690816824,0.49544309183176005,0.5112290398014592,0.9999999999999996,0.8258320156132081,0.6138620744093275,0.16043480857738313,0.004746699996758252,16,"[1, 2, 4, 8, 16, 16, 16, 16, 16, 8, 4, 2, 1]",2728,0.0012035852623345114,0.6476751931659327,1e-12
2f9839cb39d478477c558e72264729ab9213428867a45dce0389c3e77b3ee019,C,tebd_swap,11,rxx,0.05,2,9,7,64,,28,28,mixed,1.0000000052113878,1.0000000052113878,0.0,5.729042328111738e-07,0.9999999999999996,1.0000000026058575,7.286262582173464e-08,2.4380919108768148e-08,0.0330861879629083,54,"[1, 2, 4, 8, 16, 32, 54, 32, 16, 8, 4, 2, 1]",9640,7.475723043382032e-16,3.971894823708635e-14,1e-12
ec90db50fdbbf4929c5c8582f40b016fed03166ceb163e2415ce65ddd8beac0f,C,tebd_swap,11,rzz,0.05,2,8,6,8,,29,29,commuting,0.1358201348025928,0.1358201348025928,0.8641798651974072,0.7553540154419798,0.9999999999999996,0.5546488581670923,1.3342952732054063,0.3511757681500045,0.0025613580364733934,8,"[1, 2, 4, 8, 8, 8, 8, 8, 8, 8, 4, 2, 1]",936,0.012670992187221695,1.4250936502036768,1e-12
6de502b17c4f78db0127a498cbc2e0be96767672dedb22d93c3b5a274c0ad6fc,C,tebd_swap,11,rzz,0.05,2,8,6,16,,29,29,commuting,0.6065202187233686,0.6065202187233686,0.3934797812766314,0.4707799031408838,0.9999999999999996,0.8827354511918399,0.424732835033369,0.11458544867774124,0.005775736994110048,16,"[1, 2, 4, 8, 16, 16, 16, 16, 16, 8, 4, 2, 1]",2728,0.004258438706996436,0.5450573429157479,1e-12
c839d605785d28ba3f329cb4bb9fc96d345f9c0f238dbded476b00d45afb0bfb,C,tebd_swap,11,rzz,0.05,2,8,6,64,,29,29,commuting,0.9999999918723408,0.9999999918723408,8.127659212320282e-09,1.0458129353935168e-07,0.9999999999999996,0.9999999959361758,2.9550934810274043e-08,1.0822773777098066e-08,0.022379197005648166,32,"[1, 2, 4, 8, 16, 32, 32, 32, 16, 8, 4, 2, 1]",6824,2.246430943197877e-15,4.267455531649782e-14,1e-12
44da4d873e83dd37dd364d970a7ef9c70baf093c4edca06827b4520d5b58acdf,C,tebd_swap,11,rzz,0.05,2,8,6,8,,29,29,mixed,0.15498755255636099,0.15498755255636099,0.845012447443639,0.7577011498541887,0.9999999999999996,0.6012322369253864,1.2300655478004243,0.3219061780362583,0.0025666870060376823,8,"[1, 2, 4, 8, 8, 8, 8, 8, 8, 8, 4, 2, 1]",936,0.011051083361586509,1.3660452841032238,1e-12
9ecea872a6fe9010b45195f459b0a460595a6ca7e340b195d29877cd4abdeb46,C,tebd_swap,11,rzz,0.05,2,8,6,16,,29,29,mixed,0.4965777276807696,0.4965777276807696,0.5034222723192304,0.5221377600386004,0.9999999999999996,0.8258288374970892,0.6138534187490587,0.16062878351170398,0.003709619981236756,16,"[1, 2, 4, 8, 16, 16, 16, 16, 16, 8, 4, 2, 1]",2728,0.005968734060995197,0.6536439272269278,1e-12
4ee472140bae5c8bd32537e76f91f40562552db054d6f0e4d793e6668b16a6dc,C,tebd_swap,11,rzz,0.05,2,8,6,64,,29,29,mixed,1.000000007133444,1.000000007133444,0.0,6.47648779519073e-07,0.9999999999999996,1.0000000035669316,7.492377446238763e-08,2.6912624356613795e-08,0.07190197997260839,63,"[1, 2, 4, 8, 16, 32, 63, 32, 16, 8, 4, 2, 1]",10792,2.1649510680969397e-15,4.188389930518329e-14,1e-12
bcfa0c860d63f2282fdbccd03ac0bdac20d63718edbb734a67e38fa766c01f78,C,tebd_swap,11,rzz,0.05,3,9,6,8,,30,30,commuting,0.13237588977051215,0.13237588977051215,0.8676241102294878,0.7601597161666486,0.9999999999999996,0.5527320744347312,1.3383985181647369,0.3520731836883995,0.0025939850020222366,8,"[1, 2, 4, 8, 8, 8, 8, 8, 8, 8, 4, 2, 1]",936,0.01454947835423523,1.4396431285579119,1e-12
f7b9caf42b605ebfce33458f68ad0555df565cc437f7eecfa772ada9c854c0a1,C,tebd_swap,11,rzz,0.05,3,9,6,16,,30,30,commuting,0.6005165290633286,0.6005165290633286,0.39948347093667136,0.47788531427461145,0.9999999999999996,0.8821759488790464,0.42662150621619266,0.11512243329355172,0.0071421280154027045,16,"[1, 2, 4, 8, 16, 16, 16, 16, 16, 8, 4, 2, 1]",2728,0.0028787527234274157,0.5479360956391752,1e-12
43e4c0508dbbae6533e40fca066a49112a2cb12548eebae645c848f6f14cab5f,C,tebd_swap,11,rzz,0.05,3,9,6,64,,30,30,commuting,0.9999999943978102,0.9999999943978102,5.602189823150638e-09,1.0816514256121194e-07,0.9999999999999996,0.9999999971989091,3.1276631173859926e-08,1.0616121206672516e-08,0.03685054701054469,32,"[1, 2, 4, 8, 16, 32, 32, 32, 16, 8, 4, 2, 1]",6824,2.7732370003008694e-15,4.544779231679869e-14,1e-12
3231c4d8ef31277c9f79fd436e2790947a548c950aa9c658ac0caa0a335cfacf,C,tebd_swap,11,ryy,0.05,3,9,6,8,,30,30,mixed,0.15450479125002736,0.15450479125002736,0.8454952087499726,0.7581832622243616,0.9999999999999996,0.6008192812881094,1.2309909251187243,0.32156486965806225,0.002578538958914578,8,"[1, 2, 4, 8, 8, 8, 8, 8, 8, 8, 4, 2, 1]",936,0.0071102775030801165,1.373155561606304,1e-12
088d7b8628a4a6804e8ef88216e79d86261867662072cb5efc997cace512abc0,C,tebd_swap,11,ryy,0.05,3,9,6,16,,30,30,mixed,0.4897931051899963,0.4897931051899963,0.5102068948100037,0.5269690878492778,0.9999999999999996,0.823043634522801,0.6227257791002527,0.1625246549195208,0.0061172800487838686,16,"[1, 2, 4, 8, 16, 16, 16, 16, 16, 8, 4, 2, 1]",2728,0.003573719094539298,0.657217646321467,1e-12
e9a0764f11eec025d549fdcecb11dfd32dea6de72eff4ff96cea42ac2df7e605,C,tebd_swap,11,ryy,0.05,3,9,6,64,,30,30,mixed,1.0000000068890111,1.0000000068890111,0.0,6.480647970700392e-07,0.9999999999999996,1.0000000034447145,7.545019470311942e-08,2.6738461845645248e-08,0.04039788001682609,64,"[1, 2, 4, 8, 16, 32, 64, 32, 16, 8, 4, 2, 1]",10920,1.9237877701858827e-16,4.207627808220188e-14,1e-12
099e54da80078d2eab73569268a83dd75ca956bf254baee406d341796a05d48d,C,tebd_swap,11,rzz,0.05,2,9,7,8,,31,31,commuting,0.13159920482924092,0.13159920482924092,0.8684007951707591,0.7633636878289134,0.9999999999999996,0.5552082616658148,1.3330526246671595,0.3504646488405429,0.002847334020771086,8,"[1, 2, 4, 8, 8, 8, 8, 8, 8, 8, 4, 2, 1]",936,0.0063750473588571445,1.4460181759167692,1e-12
4523df2cb0bef678032b75f63428534836b272e8bbc9f7cd43af7ac08964b5df,C,tebd_swap,11,rzz,0.05,2,9,7,16,,31,31,commuting,0.5950366233076565,0.5950366233076565,0.4049633766923435,0.48434719132080356,0.9999999999999996,0.8816827897791281,0.4282983842532764,0.11540371940969896,0.004762229975312948,16,"[1, 2, 4, 8, 16, 16, 16, 16, 16, 8, 4, 2, 1]",2728,0.0009041631366844547,0.5488402587758597,1e-12
0b97bbf19d0382c12aa751836cce87742385da25922b3b8361bdc34a93a4bd26,C,tebd_swap,11,rzz,0.05,2,9,7,64,,31,31,commuting,0.9999999950238763,0.9999999950238763,4.9761237352896615e-09,1.0901157797313512e-07,0.9999999999999996,0.9999999975119422,3.0954737495481055e-08,1.0535054531261432e-08,0.03698721999535337,32,"[1, 2, 4, 8, 16, 32, 32, 32, 16, 8, 4, 2, 1]",6824,5.24686183794399e-16,4.597247850059309e-14,1e-12
5dc2807cdff56b33b2afaeb7d85137bfc8ed5501081bc735c38d654d63a491b3,C,tebd_swap,11,rxx,0.05,2,9,7,8,,31,31,mixed,0.15409107532215421,0.15409107532215421,0.8459089246778457,0.7595953683883816,0.9999999999999996,0.6017257228993619,1.2288658847647806,0.3210649257962917,0.002789919963106513,8,"[1, 2, 4, 8, 8, 8, 8, 8, 8, 8, 4, 2, 1]",936,0.0025728759209810497,1.3757284375272854,1e-12
0c0a4b114f76515bee9b7079272d50f29612e1dd08b1838b2832dff719c85e79,C,tebd_swap,11,rxx,0.05,2,9,7,16,,31,31,mixed,0.48365832065173325,0.48365832065173325,0.5163416793482667,0.5328412310748987,0.9999999999999996,0.8214808164327266,0.6277377697163968,0.16380946361696927,0.0039059779956005514,16,"[1, 2, 4, 8, 16, 16, 16, 16, 16, 8, 4, 2, 1]",2728,0.0009777362289267834,0.6581953825503939,1e-12
80c46009f3d59d8a7a75986ae80ece238c54295b5290fc5af085e958927b7df1,C,tebd_swap,11,rxx,0.05,2,9,7,64,,31,31,mixed,1.0000000107764748,1.0000000107764748,0.0,6.494173169520794e-07,0.9999999999999996,1.0000000053884466,7.969919563199923e-08,2.7587780129060023e-08,0.06641777598997578,54,"[1, 2, 4, 8, 16, 32, 54, 32, 16, 8, 4, 2, 1]",9640,8.400602084980363e-16,4.291633829069991e-14,1e-12
44f88ac44c9608d3c124c7d79cec54d9aabff6e623a7dda7afd539ff99acd05c,C,tebd_swap,11,rzz,0.05,2,8,6,8,,32,32,commuting,0.1277790163608071,0.1277790163608071,0.8722209836391929,0.767666210159457,0.9999999999999996,0.5515752243804253,1.3408546213655081,0.35263619159466536,0.0025948730180971324,8,"[1, 2, 4, 8, 8, 8, 8, 8, 8, 8, 4, 2, 1]",936,0.008881653098944179,1.4548998290157134,1e-12
4054078594d73ad1a0496a7e7e400eafce2a974790925543cd15457ebf737076,C,tebd_swap,11,rzz,0.05,2,8,6,16,,32,32,commuting,0.5917661550709507,0.5917661550709507,0.40823384492904935,0.4885122686909017,0.9999999999999996,0.8815730293637812,0.42864085313561473,0.11509353495399986,0.003529723035171628,16,"[1, 2, 4, 8, 16, 16, 16, 16, 16, 8, 4, 2, 1]",2728,0.0038069069618766596,0.5526471657377364,1e-12
21637115266213c999e721286f8858ae51039b4b865bdd49e9c21d390657d93d,C,tebd_swap,11,rzz,0.05,2,8,6,64,,32,32,commuting,0.9999999933947312,0.9999999933947312,6.6052687763829e-09,1.146964013854664e-07,0.9999999999999996,0.9999999966973708,3.097930706408292e-08,1.1058949134274327e-08,0.024809892987832427,32,"[1, 2, 4, 8, 16, 32, 32, 32, 16, 8, 4, 2, 1]",6824,1.965176557844206e-15,4.7937655058437296e-14,1e-12
23ea58c718d5eb91733440722a0613c4206b794d2a3bfeb5feff540714a46cb8,C,tebd_swap,11,rzz,0.05,2,8,6,8,,32,32,mixed,0.1500511502878351,0.1500511502878351,0.8499488497121649,0.7652429372106361,0.9999999999999996,0.6002711723966673,1.2322761538771079,0.3218635043192463,0.002579691994469613,8,"[1, 2, 4, 8, 8, 8, 8, 8, 8, 8, 4, 2, 1]",936,0.008036459034044492,1.3837648965613296,1e-12
0e82b773b8485b7aa770559c45475f9034b49e7551b330c6dfeeddc36a81c9b9,C,tebd_swap,11,rzz,0.05,2,8,6,16,,32,32,mixed,0.4771522606679504,0.4771522606679504,0.5228477393320496,0.5427265502832607,0.9999999999999996,0.8222385798162377,0.6252744979576623,0.16350953988373695,0.004609038995113224,16,"[1, 2, 4, 8, 16, 16, 16, 16, 16, 8, 4, 2, 1]",2728,0.004397019555590436,0.6625924021059844,1e-12
d21826d4ec913dc7955e259778ca9c5de0c1e2734f2988c4ce7f968e0ce7512a,C,tebd_swap,11,rzz,0.05,2,8,6,64,,32,32,mixed,1.000000010776477,1.000000010776477,0.0,6.494173171345617e-07,0.9999999999999996,1.0000000053884484,7.96991945217762e-08,2.7666785071951988e-08,0.03198422899004072,64,"[1, 2, 4, 8, 16, 32, 64, 32, 16, 8, 4, 2, 1]",10920,0.0,4.291633829069991e-14,1e-12
f9149e7416fc88306aa227269afb56993df2c93678b0f99dca0ee4bc41e9f6c0,C,tebd_swap,11,rzz,0.05,3,9,6,8,,33,33,commuting,0.12725113150904405,0.12725113150904405,0.8727488684909559,0.7700794802628136,0.9999999999999996,0.5535954634520865,1.3364975499681113,0.351182180308848,0.0027508960338309407,8,"[1, 2, 4, 8, 8, 8, 8, 8, 8, 8, 4, 2, 1]",936,0.009457827104394242,1.4643576561201075,1e-12
37f80506fd63ae932d3e6541fb91cdadab78170319bf8d8cd57350042e1edfaf,C,tebd_swap,11,rzz,0.05,3,9,6,16,,33,33,commuting,0.5835506330735869,0.5835506330735869,0.4164493669264131,0.49666457545802734,0.9999999999999996,0.8800485315144871,0.433826069185121,0.11675799903217622,0.0034633830073289573,16,"[1, 2, 4, 8, 16, 16, 16, 16, 16, 8, 4, 2, 1]",2728,0.002722031943498926,0.5553691976812354,1e-12
2a87d2f50977a0aeb26cd6183d79bb7fa815ff3fa73485e55619a338cdb171ed,C,tebd_swap,11,rzz,0.05,3,9,6,64,,33,33,commuting,0.9999999965497959,0.9999999965497959,3.450204122401601e-09,1.183092415530821e-07,0.9999999999999996,0.9999999982749044,2.996437370450522e-08,1.0438986443009415e-08,0.04501943098148331,32,"[1, 2, 4, 8, 16, 32, 32, 32, 16, 8, 4, 2, 1]",6824,2.6602329445698694e-15,5.059788800300717e-14,1e-12
15db5d5d57792c9e48a8ad1dbae243cbf4591f2051a4f6015695ba9175c0cc6f,C,tebd_swap,11,ryy,0.05,3,9,6,8,,33,33,mixed,0.14948796280135582,0.14948796280135582,0.8505120371986442,0.7668573378282064,0.9999999999999996,0.6011186582352587,1.2302700333550751,0.32082583212396076,0.0025201839744113386,8,"[1, 2, 4, 8, 8, 8, 8, 8, 8, 8, 4, 2, 1]",936,0.0045330046736961884,1.3882979012350258,1e-12
349cfa11b2221b814d291d6ed22bcae65881265913f522740f65be44a0ff5c0c,C,tebd_swap,11,ryy,0.05,3,9,6,16,,33,33,mixed,0.46890373332933855,0.46890373332933855,0.5310962666706615,0.5492632121012297,0.9999999999999996,0.8192807781357808,0.6346505100857347,0.16528405889869752,0.002825611038133502,16,"[1, 2, 4, 8, 16, 16, 16, 16, 16, 8, 4, 2, 1]",2728,0.0027625442627482746,0.6653549463687328,1e-12
4d71294536b875f2e7738234455a6aa23070ff5ce983c5cc1b149b11ff99ffab,C,tebd_swap,11,ryy,0.05,3,9,6,64,,33,33,mixed,1.0000000101308446,1.0000000101308446,0.0,6.494644253285624e-07,0.9999999999999996,1.0000000050656317,7.948668009905013e-08,2.7377693122896725e-08,0.039464853005483747,64,"[1, 2, 4, 8, 16, 32, 64, 32, 16, 8, 4, 2, 1]",10920,1.3855519001275288e-16,4.305489348071266e-14,1e-12
b8f4c9d8983fe7740623020922dd916004e4024602403caa23a1f932e6323474,C,tebd_swap,11,rzz,0.05,2,9,7,8,,34,34,commuting,0.12562813632852213,0.12562813632852213,0.8743718636714779,0.7737608166511307,0.9999999999999996,0.5546052596663483,1.3343100257043106,0.3503706343410769,0.002840863016899675,8,"[1, 2, 4, 8, 8, 8, 8, 8, 8, 8, 4, 2, 1]",936,0.003956732724840873,1.4683143888449484,1e-12
2cfbea7b4ce026e2bb4d24fb97a1ae7f0cd8f9b46a7e848246225414fc900845,C,tebd_swap,11,rzz,0.05,2,9,7,16,,34,34,commuting,0.5776267360030883,0.5776267360030883,0.42237326399691166,0.5031748203862666,0.9999999999999996,0.8793293344447792,0.4362719648601392,0.11726959798762322,0.003788866975810379,16,"[1, 2, 4, 8, 16, 16, 16, 16, 16, 8, 4, 2, 1]",2728,0.0009005668092002764,0.5562697644904356,1e-12
f75d1b73e79bba1c51d95d9a276e6a4694df6c5db9c1e9d376f7cf508d7341ad,C,tebd_swap,11,rzz,0.05,2,9,7,64,,34,34,commuting,0.9999999970807061,0.9999999970807061,2.9192939177136168e-09,1.1913467135964963e-07,0.9999999999999996,0.9999999985403589,2.947068716840917e-08,1.0430382232950296e-08,0.03938041103538126,32,"[1, 2, 4, 8, 16, 32, 32, 32, 16, 8, 4, 2, 1]",6824,5.194490602288599e-16,5.111733706323603e-14,1e-12
8255928e1b79a5bb12ede36604006ba9da2393cff28b0536721a891ac460e555,C,tebd_swap,11,rxx,0.05,2,9,7,8,,34,34,mixed,0.14829678741087204,0.14829678741087204,0.851703212589128,0.7693751173022791,0.9999999999999996,0.601767820143645,1.228750303348677,0.3202998017869725,0.002907823014538735,8,"[1, 2, 4, 8, 8, 8, 8, 8, 8, 8, 4, 2, 1]",936,0.0018972012631813843,1.3901951024982073,1e-12
0ca73b06e227af716baf56818913661457d8a8dbb839026c581dbfc3ff0182af,C,tebd_swap,11,rxx,0.05,2,9,7,16,,34,34,mixed,0.463074870332553,0.463074870332553,0.536925129667447,0.5552884191105123,0.9999999999999996,0.8181303825873194,0.6383219127823365,0.16619691551152224,0.003961404960136861,16,"[1, 2, 4, 8, 16, 16, 16, 16, 16, 8, 4, 2, 1]",2728,0.000920904011908914,0.666275850380642,1e-12
d3a5a845bc41dd080a6295824dd9aaef7c191f51280f83db3db1bdab17ca7e47,C,tebd_swap,11,rxx,0.05,2,9,7,64,,34,34,mixed,1.0000000145883652,1.0000000145883652,0.0,6.509614043808801e-07,0.9999999999999996,1.0000000072943935,8.363439221725777e-08,2.8494311679009463e-08,0.041909369989298284,54,"[1, 2, 4, 8, 16, 32, 54, 32, 16, 8, 4, 2, 1]",9640,6.398596968392358e-16,4.36947531775519e-14,1e-12
7a2bd155be16de676af2376eab4e414cf0a1d819e779bb01575b6b3bb5e2004d,C,tebd_swap,11,rzz,0.05,2,8,6,8,,35,35,commuting,0.12292906683279911,0.12292906683279911,0.8770709331672009,0.7780912195363114,0.9999999999999996,0.5537605796480644,1.3361370168324955,0.3509473790496197,0.002461055002640933,8,"[1, 2, 4, 8, 8, 8, 8, 8, 8, 8, 4, 2, 1]",936,0.006962939934029407,1.475277328778978,1e-12
c34c9a1b2249eac2eb66c60352531758bd73eb00ccb2b691f0c727188b12094f,C,tebd_swap,11,rzz,0.05,2,8,6,16,,35,35,commuting,0.5729063831784726,0.5729063831784726,0.42709361682152736,0.5083906019697628,0.9999999999999996,0.878790415890785,0.43807634492420355,0.11733863763811224,0.0036055989912711084,16,"[1, 2, 4, 8, 16, 16, 16, 16, 16, 8, 4, 2, 1]",2728,0.0036787020396361605,0.5599484665300718,1e-12
534f339a834ebd19769e6e7920f563c05f867fe72335140c286bf97a2170e8ab,C,tebd_swap,11,rzz,0.05,2,8,6,64,,35,35,commuting,0.999999994854325,0.999999994854325,5.145674997208971e-09,1.2604039898539175e-07,0.9999999999999996,0.9999999974271696,3.246019958380586e-08,1.097603968607537e-08,0.03247174702119082,32,"[1, 2, 4, 8, 16, 32, 32, 32, 16, 8, 4, 2, 1]",6824,2.0281218926763202e-15,5.3145458955912347e-14,1e-12
cf7b2b0ceceb058f89381d5b8106b029b283298b1b111eadb166eec3a418287a,C,tebd_swap,11,rzz,0.05,2,8,6,8,,35,35,mixed,0.14440091764672452,0.14440091764672452,0.8555990823532755,0.7752986106257708,0.9999999999999996,0.6009079384516517,1.2307667381224352,0.32077035147338506,0.003346626996062696,8,"[1, 2, 4, 8, 8, 8, 8, 8, 8, 8, 4, 2, 1]",936,0.005497832718977641,1.3956929352171852,1e-12
3b6ab637f466e8073da2d0526a2cfdd1bec73295a427363366c4193d4d0b6202,C,tebd_swap,11,rzz,0.05,2,8,6,16,,35,35,mixed,0.45683363681209127,0.45683363681209127,0.5431663631879087,0.56520722263063,0.9999999999999996,0.819297620939736,0.6345709418097694,0.1657666373441721,0.011845752014778554,16,"[1, 2, 4, 8, 16, 16, 16, 16, 16, 8, 4, 2, 1]",2728,0.003602677485591312,0.6698785278662333,1e-12
eccf07be9b8bd9cc963888b2ccd1919752bded6eb9cb1bbe2d24d56198115814,C,tebd_swap,11,rzz,0.05,2,8,6,64,,35,35,mixed,1.000000014588363,1.000000014588363,0.0,6.509614043979005e-07,0.9999999999999996,1.0000000072943929,8.363439266134698e-08,2.8576730027629138e-08,0.05112709995592013,64,"[1, 2, 4, 8, 16, 32, 64, 32, 16, 8, 4, 2, 1]",10920,0.0,4.36947531775519e-14,1e-12
2f7ed2100b5ab17847f6b5f2acbd042299c534d21450e9c1be802c62dcc1ff52,C,tebd_swap,11,rzz,0.05,3,9,6,8,,36,36,commuting,0.12079382971736363,0.12079382971736363,0.8792061702826364,0.7820738422407365,0.9999999999999996,0.5538480201069889,1.3359088277572484,0.35071614245041743,0.002527759992517531,8,"[1, 2, 4, 8, 8, 8, 8, 8, 8, 8, 4, 2, 1]",936,0.017535895285745666,1.4928132240647236,1e-12
ae5618d9ee394b8db77f88145e72a7facfeeaf5653e4a385903011bb4564027a,C,tebd_swap,11,rzz,0.05,3,9,6,16,,36,36,commuting,0.5642648241452703,0.5642648241452703,0.43573517585472965,0.5165816731393187,0.9999999999999996,0.8770449709576428,0.4440049071805907,0.11929332831393628,0.003994980012066662,16,"[1, 2, 4, 8, 16, 16, 16, 16, 16, 8, 4, 2, 1]",2728,0.002908054175151399,0.5628565207052233,1e-12
450b3bbde5a5d218de271ddf6f598d364109def4aef2aef690c6f7040c2bce00,C,tebd_swap,11,rzz,0.05,3,9,6,64,,36,36,commuting,0.9999999977379983,0.9999999977379983,2.2620016970620327e-09,1.2983096950347748e-07,0.9999999999999996,0.9999999988690066,2.822170436234117e-08,1.037563011082455e-08,0.019462152966298163,32,"[1, 2, 4, 8, 16, 32, 32, 32, 16, 8, 4, 2, 1]",6824,2.6195765139120643e-15,5.5765035469824416e-14,1e-12
510ae47770ca7e37c22a2958755f57a6019a3edaadd63993eeef43d5e38560c5,C,tebd_swap,11,ryy,0.05,3,9,6,8,,36,36,mixed,0.14397172430152405,0.14397172430152405,0.856028275698476,0.7768215328854727,0.9999999999999996,0.6019333980838303,1.2283531584837124,0.3197266047112725,0.0025684089632704854,8,"[1, 2, 4, 8, 8, 8, 8, 8, 8, 8, 4, 2, 1]",936,0.003558265187227208,1.3992512004044124,1e-12
9ad581fd1fa51660dab809eacf33e6f3e729332b2090973083251f283a09851c,C,tebd_swap,11,ryy,0.05,3,9,6,16,,36,36,mixed,0.4483577083492584,0.4483577083492584,0.5516422916507415,0.5724736916656731,0.9999999999999996,0.8166495530721294,0.6429293188622911,0.16719269772195725,0.0038349779788404703,16,"[1, 2, 4, 8, 16, 16, 16, 16, 16, 8, 4, 2, 1]",2728,0.0027950040455275884,0.6726735319117608,1e-12
20dbbea4c5bbad9f0250035ad4d924c22c5570b9b5bb22f439ca3d4361872b7a,C,tebd_swap,11,ryy,0.05,3,9,6,64,,36,36,mixed,1.000000013503056,1.000000013503056,0.0,6.510474699948405e-07,0.9999999999999996,1.0000000067517387,8.332653123055422e-08,2.8180381770273442e-08,0.03739517100621015,64,"[1, 2, 4, 8, 16, 32, 64, 32, 16, 8, 4, 2, 1]",10920,1.1969755979761423e-16,4.381445073734952e-14,1e-12
b9b6364f3ccafe323c3e7b5b0642b9cdc26fbd60591942c47cca7473703ce6f4,local_vs_full,exact,11,rxx,0.1,2,9,7,,,1,1,,0.9999999999999987,0.9999999999999987,1.3322676295501878e-15,0.0,0.9999999999999996,0.9999999999999997,0.0,0.0,0.0,8,"[1, 2, 4, 8, 8, 8, 8, 8, 8, 8, 4, 2, 1]",936,0.0,0.0,1e-12
239ac0bc20d5342235d2e64b4d38a0d6c76b04738bb512ad8029ae7751211406,local_vs_full,full_tdvp,11,rxx,0.1,2,9,7,16,1,1,1,,1.0000000000000098,1.0000000000000098,0.0,2.2310634935857493e-14,0.9999999999999996,1.0000000000000049,2.1316282072803006e-14,7.032056729042043e-15,0.09034141903975978,16,"[1, 2, 4, 8, 16, 16, 16, 16, 16, 8, 4, 2, 1]",2728,1.9190264543978879e-31,1.9190264543978879e-31,1e-12
b0650520da927b324d1a121530297b4a9dd53890ca24802fe09daae1d1bcc1a5,local_vs_full,full_tdvp,11,rxx,0.1,2,9,7,16,4,1,1,,0.9999999998826645,0.9999999998826645,1.1733547466974414e-10,1.0832344231442549e-05,0.9999999999999996,1.0000000000000022,1.1288856595348395e-07,1.6904609294591487e-08,0.288636370038148,16,"[1, 2, 4, 8, 16, 16, 16, 16, 16, 8, 4, 2, 1]",2728,2.0222452413993674e-14,2.0222452413993674e-14,1e-12
d628cf3a9211c17e315297229646fef836c39971f75df877299fd3d0de101e01,local_vs_full,full_tdvp,11,rxx,0.1,2,9,7,64,1,1,1,,1.0000000000000098,1.0000000000000098,0.0,2.2310634935857493e-14,0.9999999999999996,1.0000000000000049,2.1316282072803006e-14,7.032056729042043e-15,0.042549228004645556,16,"[1, 2, 4, 8, 16, 16, 16, 16, 16, 8, 4, 2, 1]",2728,1.9190264543978879e-31,1.9190264543978879e-31,1e-12
0063c4180187e15ac9ee429c3a0f7d29d4e74784f1a073a74de1c2ed4d150016,local_vs_full,full_tdvp,11,rxx,0.1,2,9,7,64,4,1,1,,0.9999999998826645,0.9999999998826645,1.1733547466974414e-10,1.0832344231442549e-05,0.9999999999999996,1.0000000000000022,1.1288856595348395e-07,1.6904609294591487e-08,0.06942529696971178,16,"[1, 2, 4, 8, 16, 16, 16, 16, 16, 8, 4, 2, 1]",2728,2.0222452413993674e-14,2.0222452413993674e-14,1e-12
a35fc682c7a120c118bd3e3e4a129a70385646519826df204eebdc6f8d9b8ce1,local_vs_full,hybrid_tdvp,11,rxx,0.1,2,9,7,16,1,1,1,,1.0000000000000098,1.0000000000000098,0.0,2.2310634935857493e-14,0.9999999999999996,1.0000000000000049,2.1316282072803006e-14,7.032056729042043e-15,0.1038116620038636,16,"[1, 2, 4, 8, 16, 16, 16, 16, 16, 8, 4, 2, 1]",2728,1.9190264543978879e-31,1.9190264543978879e-31,1e-12
ed3092a450f0af0fb3921296ba617c44e6ab1aea5c6351875c69d1fd458068d8,local_vs_full,hybrid_tdvp,11,rxx,0.1,2,9,7,16,4,1,1,,0.9999999998826645,0.9999999998826645,1.1733547466974414e-10,1.0832344231442549e-05,0.9999999999999996,1.0000000000000022,1.1288856595348395e-07,1.6904609294591487e-08,0.11696233600378036,16,"[1, 2, 4, 8, 16, 16, 16, 16, 16, 8, 4, 2, 1]",2728,2.0222452413993674e-14,2.0222452413993674e-14,1e-12
1a0f20c74c51cab4e134bca6bf92fcf7dd62d7553538d1fb8be36f03c0928959,local_vs_full,hybrid_tdvp,11,rxx,0.1,2,9,7,64,1,1,1,,1.0000000000000098,1.0000000000000098,0.0,2.2310634935857493e-14,0.9999999999999996,1.0000000000000049,2.1316282072803006e-14,7.032056729042043e-15,0.020050823979545385,16,"[1, 2, 4, 8, 16, 16, 16, 16, 16, 8, 4, 2, 1]",2728,1.9190264543978879e-31,1.9190264543978879e-31,1e-12
f6188922bd4086ecd34f8f9332850124fa662c869c6ac925f1d8a3368e422e58,local_vs_full,hybrid_tdvp,11,rxx,0.1,2,9,7,64,4,1,1,,0.9999999998826645,0.9999999998826645,1.1733547466974414e-10,1.0832344231442549e-05,0.9999999999999996,1.0000000000000022,1.1288856595348395e-07,1.6904609294591487e-08,0.19270453602075577,16,"[1, 2, 4, 8, 16, 16, 16, 16, 16, 8, 4, 2, 1]",2728,2.0222452413993674e-14,2.0222452413993674e-14,1e-12
7a7e0671cb874681f18dae0f103c04cc30331636ea0a4625f5e49245a0a00a6a,local_vs_full,local_vs_full_cross,11,rxx,0.1,2,9,7,16,1,1,1,,1.0000000000000209,1.0000000000000209,0.0,0.0,0.9999999999999996,1.0000000000000049,0.0,0.0,0.04323547601234168,16,"[1, 2, 4, 8, 16, 16, 16, 16, 16, 8, 4, 2, 1]",0,0.0,0.0,1e-12
4802ab3e436c055e35e3c9a64aa738ddbc4cd935d3c9bd11a06569c0923060ad,local_vs_full,local_vs_full_cross,11,rxx,0.1,2,9,7,16,4,1,1,,1.0000000000000093,1.0000000000000093,0.0,0.0,0.9999999999999996,1.0000000000000022,0.0,0.0,0.19264333503087983,16,"[1, 2, 4, 8, 16, 16, 16, 16, 16, 8, 4, 2, 1]",0,0.0,0.0,1e-12
284149455458aa9713aef75550e4bb51dcf95fc4c124a3d3c07568cd88b42b34,local_vs_full,local_vs_full_cross,11,rxx,0.1,2,9,7,64,1,1,1,,1.0000000000000209,1.0000000000000209,0.0,0.0,0.9999999999999996,1.0000000000000049,0.0,0.0,0.07413486100267619,16,"[1, 2, 4, 8, 16, 16, 16, 16, 16, 8, 4, 2, 1]",0,0.0,0.0,1e-12
020e21388874983122e0cb757e0511d1c3bdc46e2dc0b75da2f1a54ad7391d1e,local_vs_full,local_vs_full_cross,11,rxx,0.1,2,9,7,64,4,1,1,,1.0000000000000093,1.0000000000000093,0.0,0.0,0.9999999999999996,1.0000000000000022,0.0,0.0,0.19898877100786194,16,"[1, 2, 4, 8, 16, 16, 16, 16, 16, 8, 4, 2, 1]",0,0.0,0.0,1e-12
