{
  "case_name": "markov_ref",
  "L": 2,
  "k": 20,
  "dt": 0.1,
  "cut": 5,
  "J": 0.0,
  "g": 1.0,
  "n_pasts": 32,
  "n_futures": 32,
  "n_seeds": 1,
  "branch_weight_beta": 1.0,
  "delta": 5.75959205285769e-10,
  "delta_norm": 0.7459682488629918,
  "entropy": 2.158330866787026e-19,
  "rank": 1,
  "max_row_distance": 1.859044594357465e-05,
  "mean_row_distance": 3.7115673072009186e-06,
  "median_row_distance": 1.7627643231307477e-06,
  "weight_preparation": {
    "weight_data_invalid": false,
    "nan_count": 0,
    "posinf_count": 0,
    "neginf_count": 0,
    "negative_count": 0,
    "warnings": []
  }
}