{
  "case_name": "markov_ref",
  "cut": 5,
  "cut_comparison_mode": "asymmetry_grid",
  "J": 0.0,
  "g": 1.0,
  "L": 2,
  "k": 20,
  "dt": 0.1,
  "n_pasts": 32,
  "n_futures": 16,
  "fraction_terminated_early": 0.0,
  "fraction_any_prob_skipped_renormalize": 0.0,
  "fraction_weight_lt_1e-12": 0.017578125,
  "fraction_weight_lt_1e-10": 0.171875,
  "fraction_weight_lt_1e-08": 0.552734375,
  "fraction_weight_lt_1e-06": 0.947265625,
  "mean_cumulative_weight": 1.78121761906942e-07,
  "median_cumulative_weight": 6.254649277512386e-09,
  "metrics_V_raw": {
    "frobenius": 22.627416979105835,
    "frobenius_sq": 511.999999146327,
    "entropy_sv": 2.141404136484463e-27,
    "rank_tol": 1,
    "participation_ratio": 1.0,
    "mean_row_norm": 3.9999999966653412,
    "std_row_norm": 0.0,
    "mean_col_norm": 1.2902892562187271,
    "std_col_norm": 1.5341253746232772
  },
  "metrics_V_centered_past": {
    "frobenius": 0.0,
    "frobenius_sq": 0.0,
    "entropy_sv": 0.0,
    "rank_tol": 0,
    "participation_ratio": 0.0,
    "mean_row_norm": 0.0,
    "std_row_norm": 0.0,
    "mean_col_norm": 0.0,
    "std_col_norm": 0.0
  },
  "metrics_V_centered_global": {
    "frobenius": 20.54231618512659,
    "frobenius_sq": 421.9867542497139,
    "entropy_sv": 2.141404136484463e-27,
    "rank_tol": 1,
    "participation_ratio": 1.0,
    "mean_row_norm": 3.631402768945296,
    "std_row_norm": 0.0,
    "mean_col_norm": 1.3621058605452045,
    "std_col_norm": 1.2053169943007354
  },
  "metrics_V_centered_rowcol": {
    "frobenius": 0.0,
    "frobenius_sq": 0.0,
    "entropy_sv": 0.0,
    "rank_tol": 0,
    "participation_ratio": 0.0,
    "mean_row_norm": 0.0,
    "std_row_norm": 0.0,
    "mean_col_norm": 0.0,
    "std_col_norm": 0.0
  },
  "row_distance_raw": {
    "max_row_distance": 0.0,
    "mean_row_distance": 0.0,
    "median_row_distance": 0.0
  },
  "row_distance_centered_past": {
    "max_row_distance": 0.0,
    "mean_row_distance": 0.0,
    "median_row_distance": 0.0
  },
  "delta_norm_centered_past": 0.0,
  "corr_weight_vs_centered_block_norm": NaN,
  "corr_terminated_early_vs_centered_block_norm": NaN,
  "summarize_weights": {
    "mean_weight_by_past": [
      9.914893735115166e-09,
      8.819529884507463e-08,
      3.038519538686495e-08,
      1.3221676875481646e-08,
      9.93333374488817e-09,
      3.876165064777406e-08,
      8.197299319650001e-08,
      2.2838889476992473e-09,
      1.1627123317983053e-06,
      6.85622916042239e-08,
      3.0922887154986904e-08,
      2.4982290033315184e-08,
      4.633640259226047e-09,
      3.1236137042243204e-08,
      4.99149324416922e-07,
      2.399717309676924e-08,
      2.0857347835867773e-07,
      3.6840764605373073e-07,
      1.691919816918197e-09,
      4.3504972260643786e-08,
      1.0102409831301608e-08,
      1.0515111105148017e-08,
      9.09920185259484e-07,
      3.6007304983625775e-07,
      1.3714677747498959e-09,
      2.7455019091731243e-09,
      5.468138782489286e-08,
      8.382330446244956e-08,
      2.1920589771976586e-11,
      3.82595917563224e-08,
      2.1635789184347794e-07,
      1.2689815355537542e-06
    ],
    "mean_weight_by_future": [
      9.13982412375266e-10,
      2.687564794053134e-07,
      5.634385414694278e-10,
      3.4922248797021205e-07,
      7.360392927586847e-11,
      1.2446277162375311e-07,
      3.1578614713598446e-09,
      2.2343862620608395e-09,
      1.5546172419795191e-07,
      3.598906855200875e-08,
      5.399701388293306e-07,
      8.966940825162066e-09,
      6.094955110994296e-07,
      9.548997871639165e-10,
      3.126652765450991e-07,
      4.37059619059106e-07
    ]
  },
  "mean_centered_block_norm_by_past": [
    0.0,
    0.0,
    0.0,
    0.0,
    0.0,
    0.0,
    0.0,
    0.0,
    0.0,
    0.0,
    0.0,
    0.0,
    0.0,
    0.0,
    0.0,
    0.0,
    0.0,
    0.0,
    0.0,
    0.0,
    0.0,
    0.0,
    0.0,
    0.0,
    0.0,
    0.0,
    0.0,
    0.0,
    0.0,
    0.0,
    0.0,
    0.0
  ],
  "mean_centered_block_norm_by_future": [
    0.0,
    0.0,
    0.0,
    0.0,
    0.0,
    0.0,
    0.0,
    0.0,
    0.0,
    0.0,
    0.0,
    0.0,
    0.0,
    0.0,
    0.0,
    0.0
  ],
  "weighted_variants": {
    "masked_lt_1e-12_thr1e-12": {
      "frobenius": 22.427661471470685,
      "frobenius_sq": 502.9999990788906,
      "entropy_sv": 0.0742454466491059,
      "rank_tol": 3,
      "participation_ratio": 0.9755739913214301,
      "mean_row_norm": 3.961913361889019,
      "std_row_norm": 0.1506715602613165,
      "mean_col_norm": 1.2807418513007582,
      "std_col_norm": 1.519017603171781
    },
    "weighted_sqrt_thr1e-12": {
      "frobenius": 0.009549782241217213,
      "frobenius_sq": 9.119834085466764e-05,
      "entropy_sv": 2.141404136484463e-27,
      "rank_tol": 1,
      "participation_ratio": 1.0,
      "mean_row_norm": 0.0011964823384167681,
      "std_row_norm": 0.0012100133470082776,
      "mean_col_norm": 0.00042652691821794524,
      "std_col_norm": 0.0007312588311504533
    },
    "weighted_linear_thr1e-12": {
      "frobenius": 1.2879756615290548e-05,
      "frobenius_sq": 1.6588813046912065e-10,
      "entropy_sv": 2.141404136484463e-27,
      "rank_tol": 1,
      "participation_ratio": 1.0,
      "mean_row_norm": 1.0895281388259479e-06,
      "std_row_norm": 2.0312227398049898e-06,
      "mean_col_norm": 4.997549926029608e-07,
      "std_col_norm": 1.0268807739344439e-06
    },
    "masked_lt_1e-10_thr1e-10": {
      "frobenius": 20.591260255270207,
      "frobenius_sq": 423.99999890027044,
      "entropy_sv": 0.3443894803666662,
      "rank_tol": 6,
      "participation_ratio": 0.8623842997123787,
      "mean_row_norm": 3.5701706654347896,
      "std_row_norm": 0.7212042869658578,
      "mean_col_norm": 1.177343302871584,
      "std_col_norm": 1.3933882980461287
    },
    "weighted_sqrt_thr1e-10": {
      "frobenius": 0.009549782241217213,
      "frobenius_sq": 9.119834085466764e-05,
      "entropy_sv": 2.141404136484463e-27,
      "rank_tol": 1,
      "participation_ratio": 1.0,
      "mean_row_norm": 0.0011964823384167681,
      "std_row_norm": 0.0012100133470082776,
      "mean_col_norm": 0.00042652691821794524,
      "std_col_norm": 0.0007312588311504533
    },
    "weighted_linear_thr1e-10": {
      "frobenius": 1.2879756615290548e-05,
      "frobenius_sq": 1.6588813046912065e-10,
      "entropy_sv": 2.141404136484463e-27,
      "rank_tol": 1,
      "participation_ratio": 1.0,
      "mean_row_norm": 1.0895281388259479e-06,
      "std_row_norm": 2.0312227398049898e-06,
      "mean_col_norm": 4.997549926029608e-07,
      "std_col_norm": 1.0268807739344439e-06
    },
    "masked_lt_1e-08_thr1e-08": {
      "frobenius": 15.132745891450867,
      "frobenius_sq": 228.9999982152231,
      "entropy_sv": 0.47934790107799596,
      "rank_tol": 7,
      "participation_ratio": 0.8048092136479761,
      "mean_row_norm": 2.437714716163562,
      "std_row_norm": 1.1193532265353858,
      "mean_col_norm": 0.7398800718186545,
      "std_col_norm": 1.1186673580751598
    },
    "weighted_sqrt_thr1e-08": {
      "frobenius": 0.009549782241217213,
      "frobenius_sq": 9.119834085466764e-05,
      "entropy_sv": 2.141404136484463e-27,
      "rank_tol": 1,
      "participation_ratio": 1.0,
      "mean_row_norm": 0.0011964823384167681,
      "std_row_norm": 0.0012100133470082776,
      "mean_col_norm": 0.00042652691821794524,
      "std_col_norm": 0.0007312588311504533
    },
    "weighted_linear_thr1e-08": {
      "frobenius": 1.2879756615290548e-05,
      "frobenius_sq": 1.6588813046912065e-10,
      "entropy_sv": 2.141404136484463e-27,
      "rank_tol": 1,
      "participation_ratio": 1.0,
      "mean_row_norm": 1.0895281388259479e-06,
      "std_row_norm": 2.0312227398049898e-06,
      "mean_col_norm": 4.997549926029608e-07,
      "std_col_norm": 1.0268807739344439e-06
    }
  },
  "heuristic_control_ok": true
}