{
  "case_name": "sweep",
  "L": 2,
  "k": 20,
  "dt": 0.1,
  "cut": 10,
  "J": 1.2,
  "g": 1.0,
  "n_pasts": 32,
  "n_futures": 32,
  "n_seeds": 1,
  "branch_weight_beta": 1.0,
  "delta": 1.2815197247533315e-06,
  "delta_norm": 0.9633305304510926,
  "entropy": 0.00016080174638706868,
  "rank": 4,
  "max_row_distance": 0.0011526405874489596,
  "mean_row_distance": 7.679362652161045e-05,
  "median_row_distance": 1.4774353750658838e-06,
  "weight_preparation": {
    "weight_data_invalid": false,
    "nan_count": 0,
    "posinf_count": 0,
    "neginf_count": 0,
    "negative_count": 0,
    "warnings": []
  }
}