{
  "case_name": "nm_mid",
  "cut": 10,
  "cut_comparison_mode": "cut_comparison_shared_probe_source",
  "J": 1.0,
  "g": 1.0,
  "L": 2,
  "k": 20,
  "dt": 0.1,
  "n_pasts": 64,
  "n_futures": 16,
  "fraction_terminated_early": 0.0,
  "fraction_any_prob_skipped_renormalize": 0.0,
  "fraction_weight_lt_1e-12": 0.009765625,
  "fraction_weight_lt_1e-10": 0.09765625,
  "fraction_weight_lt_1e-08": 0.4541015625,
  "fraction_weight_lt_1e-06": 0.8564453125,
  "mean_cumulative_weight": 1.8873628005204552e-06,
  "median_cumulative_weight": 1.5400616160222354e-08,
  "metrics_V_raw": {
    "frobenius": 31.88679666708073,
    "frobenius_sq": 1016.7678016877508,
    "entropy_sv": 0.010817567188481,
    "rank_tol": 61,
    "participation_ratio": 0.9974093273131065,
    "mean_row_norm": 3.985847574916471,
    "std_row_norm": 0.004032994537705309,
    "mean_col_norm": 1.9508480017052467,
    "std_col_norm": 2.042124081754576
  },
  "metrics_V_centered_past": {
    "frobenius": 1.1492733055007898,
    "frobenius_sq": 1.3208291307367117,
    "entropy_sv": 0.694445606700737,
    "rank_tol": 63,
    "participation_ratio": 0.6179794038390766,
    "mean_row_norm": 0.12213070492874253,
    "std_row_norm": 0.07624219441782377,
    "mean_col_norm": 0.06043399207240946,
    "std_col_norm": 0.08197075068013715
  },
  "metrics_V_centered_global": {
    "frobenius": 29.553564612460185,
    "frobenius_sq": 873.4131813028589,
    "entropy_sv": 0.012355928871007513,
    "rank_tol": 62,
    "participation_ratio": 0.9969865466159633,
    "mean_row_norm": 3.6941918370324065,
    "std_row_norm": 0.005297887958293519,
    "mean_col_norm": 2.040709298885151,
    "std_col_norm": 1.6370654863924652
  },
  "metrics_V_centered_rowcol": {
    "frobenius": 1.1481660522988375,
    "frobenius_sq": 1.3182852836514969,
    "entropy_sv": 0.6921755015231691,
    "rank_tol": 63,
    "participation_ratio": 0.6196041013067052,
    "mean_row_norm": 0.12196352914345462,
    "std_row_norm": 0.0762492495325456,
    "mean_col_norm": 0.06184125588078159,
    "std_col_norm": 0.0807820848595631
  },
  "row_distance_raw": {
    "max_row_distance": 0.5649315359349955,
    "mean_row_distance": 0.17227345551210724,
    "median_row_distance": 0.14759402609705768
  },
  "row_distance_centered_past": {
    "max_row_distance": 0.5649315359349955,
    "mean_row_distance": 0.17227345551210724,
    "median_row_distance": 0.14759402609705768
  },
  "delta_norm_centered_past": 0.0012990469687811162,
  "corr_weight_vs_centered_block_norm": -0.04654895199806802,
  "corr_terminated_early_vs_centered_block_norm": NaN,
  "summarize_weights": {
    "mean_weight_by_past": [
      1.7825475832640066e-06,
      4.4773785858403745e-07,
      1.1526820467623373e-07,
      3.923887601439105e-11,
      2.9525383566775084e-07,
      8.039251119878693e-09,
      1.2346824258543445e-09,
      2.2134940900332165e-09,
      3.061639517426491e-06,
      1.8715704647682737e-07,
      4.4593628507740357e-07,
      2.0793626207677585e-07,
      9.762204527146845e-08,
      1.591835827140957e-06,
      7.114238953740889e-08,
      1.4678520398525054e-07,
      1.245626925710303e-06,
      2.2146156424249856e-05,
      1.989497385973789e-09,
      7.636128081168416e-06,
      1.5264802306192384e-05,
      5.314615726038706e-07,
      6.946053150762692e-07,
      3.8784117922855784e-06,
      5.53919483743479e-08,
      2.942465032406216e-07,
      1.1253514149937302e-06,
      1.4317952197281207e-06,
      9.270395875008533e-08,
      3.3160003187541102e-06,
      6.511274601160161e-08,
      5.86451994887815e-08,
      1.3650555049279075e-06,
      3.516357215529652e-08,
      1.1489813200269152e-06,
      2.087643190931469e-06,
      8.949367515828575e-06,
      1.358584827162887e-07,
      8.754735208085325e-07,
      2.5491079770370704e-08,
      7.133503295221164e-09,
      1.3857374313542616e-08,
      1.0310329561399074e-07,
      3.362899137673208e-06,
      2.276243401946276e-06,
      1.605229501190477e-07,
      2.2249664732960418e-05,
      5.144149958853259e-07,
      1.8800457854921956e-06,
      1.704318398960361e-08,
      1.7541065950282957e-08,
      7.213043898626273e-07,
      5.600221131912144e-08,
      5.481636893138061e-08,
      1.7650603294240948e-06,
      3.099845029107102e-08,
      5.978069870299629e-06,
      3.1752989502616518e-09,
      4.960324078974548e-10,
      1.8903121572774855e-09,
      4.993106636250725e-08,
      4.414440540717576e-07,
      1.0868435400457072e-08,
      1.5084084971613507e-07
    ],
    "mean_weight_by_future": [
      1.434319239536234e-08,
      3.989483211712065e-06,
      5.471731718385562e-09,
      5.432113139966806e-07,
      2.650710672836359e-08,
      1.595824166175308e-05,
      1.6801166173013623e-06,
      1.414421354207317e-07,
      5.708843023932815e-06,
      4.942062316197438e-09,
      8.600239153252234e-08,
      1.8176293172895173e-06,
      4.656012777696622e-08,
      1.0322716238698626e-08,
      9.374541004142947e-08,
      7.09427881731025e-08
    ]
  },
  "mean_centered_block_norm_by_past": [
    0.013970321460886805,
    0.03463687072917025,
    0.012092969352103588,
    0.02885503602455406,
    0.019434987378816573,
    0.06184176259730831,
    0.05636372188294264,
    0.01759981988779451,
    0.011794468739112406,
    0.005177911994728038,
    0.01418024261260794,
    0.026368323197114393,
    0.013469796630222144,
    0.009855648163222933,
    0.03294324113916504,
    0.025221536418000533,
    0.00680092119532533,
    0.0075032688352959995,
    0.033797764298484904,
    0.005293214013881397,
    0.010759342702481984,
    0.024589392868123054,
    0.027890860501566604,
    0.01758885088675815,
    0.017677932096699364,
    0.017408367649570537,
    0.023483204662412903,
    0.017372423576791467,
    0.027215169707490133,
    0.024083052708505893,
    0.020886307480091584,
    0.01724013260938534,
    0.04226043290368759,
    0.0353294427844848,
    0.014065193402080312,
    0.020203711412374592,
    0.011979137322261194,
    0.019756403114926473,
    0.03361137245626212,
    0.04356125639072252,
    0.017342037066066688,
    0.025678447960833573,
    0.02110602881547803,
    0.011173263531485619,
    0.004869669668370227,
    0.010062506908220518,
    0.008556027804690274,
    0.0319436334853637,
    0.016726235284970133,
    0.06154663361668043,
    0.01736428231133236,
    0.02987520499804331,
    0.0855938850884212,
    0.018489921559167885,
    0.017483990885553417,
    0.022759211559312965,
    0.010639791618777896,
    0.035289155723651267,
    0.09054622681725125,
    0.024727556392016164,
    0.023403276501811898,
    0.011805804505646219,
    0.032881366761665434,
    0.02580270345044996
  ],
  "mean_centered_block_norm_by_future": [
    0.0051572169557305364,
    0.02282495746008577,
    0.03290139604061042,
    0.013606458857391611,
    0.018909933797857655,
    0.03521169998146058,
    0.03134339236448073,
    0.03575277908232704,
    0.051409104745431734,
    0.030168156984871235,
    0.018401444277952428,
    0.01961785335951927,
    0.003912694857709776,
    0.028188697385841812,
    0.037419931596889916,
    0.0051319512775081875
  ],
  "weighted_variants": {
    "masked_lt_1e-12_thr1e-12": {
      "frobenius": 31.730464739191408,
      "frobenius_sq": 1006.8223925650693,
      "entropy_sv": 0.04792781937682217,
      "rank_tol": 61,
      "participation_ratio": 0.9863718092220826,
      "mean_row_norm": 3.963562169518145,
      "std_row_norm": 0.1487294326400527,
      "mean_col_norm": 1.9407984861218657,
      "std_col_norm": 2.0325790428446964
    },
    "weighted_sqrt_thr1e-12": {
      "frobenius": 0.043754523394818695,
      "frobenius_sq": 0.0019144583175077364,
      "entropy_sv": 0.00617453240807188,
      "rank_tol": 31,
      "participation_ratio": 0.9986545809774737,
      "mean_row_norm": 0.0035318786297776255,
      "std_row_norm": 0.004209044780139858,
      "mean_col_norm": 0.0016617901954957433,