model,L,tdvp_mode,order,max_bond_dim,preset,wall_time_s,max_bond,total_bond,runtime_cost,fidelity_vs_ref,min_fidelity_vs_ref,max_z_error,rmse_z,cross_mode_fidelity
ising,6,dynamic,1,64,balanced,0.149538323999991,4.0,16.0,208.0,0.9998525619328296,0.9998525619328296,4.710285196658744e-15,1.7290282319734225e-15,0.9999707235102887
ising,6,2site,1,64,balanced,0.11654930599999602,4.0,16.0,208.0,0.9998525605696098,0.9998525605696098,5.967448757359681e-15,1.5106610288168453e-15,0.9999707235102887
\