{
  "case_name": "markov_ref",
  "cut": 10,
  "cut_comparison_mode": "asymmetry_grid",
  "J": 0.0,
  "g": 1.0,
  "L": 2,
  "k": 20,
  "dt": 0.1,
  "n_pasts": 32,
  "n_futures": 32,
  "fraction_terminated_early": 0.0,
  "fraction_any_prob_skipped_renormalize": 0.0,
  "fraction_weight_lt_1e-12": 0.0341796875,
  "fraction_weight_lt_1e-10": 0.21484375,
  "fraction_weight_lt_1e-08": 0.5908203125,
  "fraction_weight_lt_1e-06": 0.9326171875,
  "mean_cumulative_weight": 3.9194735136005225e-07,
  "median_cumulative_weight": 3.436113760656581e-09,
  "metrics_V_raw": {
    "frobenius": 32.00000020427893,
    "frobenius_sq": 1024.0000130738517,
    "entropy_sv": 2.141404136484463e-27,
    "rank_tol": 1,
    "participation_ratio": 1.0,
    "mean_row_norm": 5.6568542856041395,
    "std_row_norm": 0.0,
    "mean_col_norm": 1.4297445088613725,
    "std_col_norm": 1.4012496618114738
  },
  "metrics_V_centered_past": {
    "frobenius": 0.0,
    "frobenius_sq": 0.0,
    "entropy_sv": 0.0,
    "rank_tol": 0,
    "participation_ratio": 0.0,
    "mean_row_norm": 0.0,
    "std_row_norm": 0.0,
    "mean_col_norm": 0.0,
    "std_col_norm": 0.0
  },
  "metrics_V_centered_global": {
    "frobenius": 30.242807805523643,
    "frobenius_sq": 914.6274239618418,
    "entropy_sv": 2.141404136484463e-27,
    "rank_tol": 1,
    "participation_ratio": 1.0,
    "mean_row_norm": 5.346223620351805,
    "std_row_norm": 0.0,
    "mean_col_norm": 1.5115720468531932,
    "std_col_norm": 1.1370857322565935
  },
  "metrics_V_centered_rowcol": {
    "frobenius": 0.0,
    "frobenius_sq": 0.0,
    "entropy_sv": 0.0,
    "rank_tol": 0,
    "participation_ratio": 0.0,
    "mean_row_norm": 0.0,
    "std_row_norm": 0.0,
    "mean_col_norm": 0.0,
    "std_col_norm": 0.0
  },
  "row_distance_raw": {
    "max_row_distance": 0.0,
    "mean_row_distance": 0.0,
    "median_row_distance": 0.0
  },
  "row_distance_centered_past": {
    "max_row_distance": 0.0,
    "mean_row_distance": 0.0,
    "median_row_distance": 0.0
  },
  "delta_norm_centered_past": 0.0,
  "corr_weight_vs_centered_block_norm": NaN,
  "corr_terminated_early_vs_centered_block_norm": NaN,
  "summarize_weights": {
    "mean_weight_by_past": [
      1.4084294023944868e-07,
      2.802268775885529e-07,
      3.246688907756822e-09,
      1.32094478955116e-07,
      2.1155644988201023e-07,
      1.3370166778285353e-08,
      4.391602898308339e-08,
      5.048635682927876e-06,
      1.1525385875466384e-07,
      1.1112343192004063e-08,
      4.3934670114598377e-07,
      2.1908681572581546e-10,
      6.051017047975974e-09,
      3.744237603666043e-08,
      6.356603226086941e-07,
      5.990495174214908e-09,
      5.662661432122365e-10,
      3.740151359492302e-07,
      1.1691441115632134e-07,
      2.1010667727932403e-07,
      1.8612950215131463e-07,
      1.3941519271697734e-10,
      2.2880151372961735e-08,
      5.004179876514588e-09,
      1.2445409423506672e-06,
      1.98969599111278e-06,
      1.317301891321332e-07,
      1.7797092558862587e-07,
      2.4770281090756383e-07,
      3.071472486415837e-08,
      6.787671392749948e-07,
      4.712661310990527e-10
    ],
    "mean_weight_by_future": [
      1.5181109305915924e-09,
      7.774325439421788e-10,
      5.599398987828164e-10,
      2.3298438342991465e-08,
      1.0068735493192994e-07,
      9.019207076654173e-09,
      2.2977545924430458e-07,
      3.212466160192804e-06,
      3.1331463108671797e-07,
      5.632689961320471e-07,
      4.8374163183083296e-08,
      7.75598085461916e-09,
      2.5546571624762214e-08,
      2.3793487623593473e-06,
      8.047506484395874e-10,
      6.610992810736067e-07,
      2.4460818051255977e-08,
      8.171614681503544e-11,
      5.976482089272431e-08,
      1.53997767056013e-06,
      2.280646330564532e-09,
      1.4968179570643432e-07,
      6.589737215165842e-09,
      4.566949469652644e-11,
      1.560272025626451e-07,
      7.91017472080948e-09,
      1.1160719814726792e-06,
      1.1124540566207229e-09,
      9.761078944844749e-11,
      1.7680712544933643e-06,
      1.313804413190015e-07,
      1.1460095846912755e-09
    ]
  },
  "mean_centered_block_norm_by_past": [
    0.0,
    0.0,
    0.0,
    0.0,
    0.0,
    0.0,
    0.0,
    0.0,
    0.0,
    0.0,
    0.0,
    0.0,
    0.0,
    0.0,
    0.0,
    0.0,
    0.0,
    0.0,
    0.0,
    0.0,
    0.0,
    0.0,
    0.0,
    0.0,
    0.0,
    0.0,
    0.0,
    0.0,
    0.0,
    0.0,
    0.0,
    0.0
  ],
  "mean_centered_block_norm_by_future": [
    0.0,
    0.0,
    0.0,
    0.0,
    0.0,
    0.0,
    0.0,
    0.0,
    0.0,
    0.0,
    0.0,
    0.0,
    0.0,
    0.0,
    0.0,
    0.0,
    0.0,
    0.0,
    0.0,
    0.0,
    0.0,
    0.0,
    0.0,
    0.0,
    0.0,
    0.0,
    0.0,
    0.0,
    0.0,
    0.0,
    0.0,
    0.0
  ],
  "weighted_variants": {
    "masked_lt_1e-12_thr1e-12": {
      "frobenius": 31.44837058548907,
      "frobenius_sq": 989.0000124822541,
      "entropy_sv": 0.14117145978769907,
      "rank_tol": 7,
      "participation_ratio": 0.9512575640779765,
      "mean_row_norm": 5.554054075705669,
      "std_row_norm": 0.24622824807466537,
      "mean_col_norm": 1.4033689392304414,
      "std_col_norm": 1.3788632022828557
    },
    "weighted_sqrt_thr1e-12": {
      "frobenius": 0.02003382361199356,
      "frobenius_sq": 0.00040135408851647066,
      "entropy_sv": 2.141404136484463e-27,
      "rank_tol": 1,
      "participation_ratio": 1.0,
      "mean_row_norm": 0.0023963953589195798,
      "std_row_norm": 0.002649329468401933,
      "mean_col_norm": 0.0005422199344812207,
      "std_col_norm": 0.0011308325224644994
    },
    "weighted_linear_thr1e-12": {
      "frobenius": 7.090953474134384e-05,
      "frobenius_sq": 5.028162117233849e-09,
      "entropy_sv": 2.141404136484463e-27,
      "rank_tol": 1,
      "participation_ratio": 1.0,
      "mean_row_norm": 4.869482811013361e-06,
      "std_row_norm": 1.1735502389204421e-05,
      "mean_col_norm": 1.4160480171542511e-06,
      "std_col_norm": 4.207757993018074e-06
    },
    "masked_lt_1e-10_thr1e-10": {
      "frobenius": 28.354893924359356,
      "frobenius_sq": 804.0000094616711,
      "entropy_sv": 0.44826464633631685,
      "rank_tol": 13,
      "participation_ratio": 0.8275847128335598,
      "mean_row_norm": 4.956691095247437,
      "std_row_norm": 0.7577308617245536,
      "mean_col_norm": 1.2329281638833323,
      "std_col_norm": 1.275487410094145
    },
    "weighted_sqrt_thr1e-10": {
      "frobenius": 0.02003382361199356,
      "frobenius_sq": 0.00040135408851647066,
      "entropy_sv": 2.141404136484463e-27,
      "rank_tol": 1,
      "participation_ratio": 1.0,
      "mean_row_norm": 0.0023963953589195798,
      "std_row_norm": 0.002649329468401933,
      "mean_col_norm": 0.0005422199344812207,
      "std_col_norm": 0.0011308325224644994
    },
    "weighted_linear_thr1e-10": {
      "frobenius": 7.090953474134384e-05,
      "frobenius_sq": 5.028162117233849e-09,
      "entropy_sv": 2.141404136484463e-27,
      "rank_tol": 1,
      "participation_ratio": 1.0,
      "mean_row_norm": 4.869482811013361e-06,
      "std_row_norm": 1.1735502389204421e-05,
      "mean_col_norm": 1.4160480171542511e-06,
      "std_col_norm": 4.207757993018074e-06
    },
    "masked_lt_1e-08_thr1e-08": {
      "frobenius": 20.469489579703197,
      "frobenius_sq": 419.0000036535778,
      "entropy_sv": 0.6902043469106514,
      "rank_tol": 14,
      "participation_ratio": 0.7217833105321434,
      "mean_row_norm": 3.3038707111348606,
      "std_row_norm": 1.4994841051007668,
      "mean_col_norm": 0.7605907373609206,
      "std_col_norm": 1.030713528971443
    },
    "weighted_sqrt_thr1e-08": {
      "frobenius": 0.02003382361199356,
      "frobenius_sq": 0.00040135408851647066,
      "entropy_sv": 2.141404136484463e-27,
      "rank_tol": 1,
      "participation_ratio": 1.0,
      "mean_row_norm": 0.0023963953589195798,
      "std_row_norm": 0.002649329468401933,
      "mean_col_norm": 0.0005422199344812207,