L,k,dt,g,cut,J,branch_weight_beta,entropy_cumulative,entropy_cut,entropy,entropy_abs_diff,weight_max_abs_diff
2,8,0.1,1.0,2,0.0,1.0,0.0,0.0,0.0,0.0,0.0
2,8,0.1,1.0,2,1.0,1.0,0.002530632967977709,0.002530632967977709,0.002530632967977709,0.0,0.0
2,8,0.1,1.0,2,2.0,1.0,0.030390972396686946,0.030390972396686946,0.030390972396686946,0.0,0.0
2,8,0.1,1.0,5,0.0,1.0,0.0,0.0,0.0,0.0,0.0
2,8,0.1,1.0,5,1.0,1.0,0.013942155233606021,0.013942155233606021,0.013942155233606021,0.0,0.0
2,8,0.1,1.0,5,2.0,1.0,0.13310645545548308,0.13310645545548308,0.13310645545548308,0.0,0.0
2,8,0.1,1.0,8,0.0,1.0,0.0,0.0,0.0,0.0,0.0
2,8,0.1,1.0,8,1.0,1.0,0.017849988471413353,0.017849988471413353,0.017849988471413353,0.0,0.0
2,8,0.1,1.0,8,2.0,1.0,0.12578745109726022,0.12578745109726022,0.12578745109726022,0.0,0.0
