{
  "case_name": "sweep",
  "L": 2,
  "k": 20,
  "dt": 0.1,
  "cut": 10,
  "J": 0.4,
  "g": 1.0,
  "n_pasts": 32,
  "n_futures": 32,
  "n_seeds": 1,
  "delta": 0.3541242639875628,
  "delta_norm": 0.00034626158999267787,
  "entropy": 0.6287325203133983,
  "rank": 31,
  "participation_ratio": 1.5698238624290801,
  "max_row_distance": 0.5451873778067239,
  "mean_row_distance": 0.09708909752300031,
  "median_row_distance": 0.06140370010017908,
  "delta_z": 0.047170627524123265,
  "delta_z_norm": 0.00011825980527934277,
  "entropy_z": 0.12557615120238863,
  "rank_z": 31,
  "participation_ratio_z": 1.0514311762285018
}