{
  "case_name": "markov_ref",
  "cut": 10,
  "cut_comparison_mode": "asymmetry_grid",
  "J": 0.0,
  "g": 1.0,
  "L": 2,
  "k": 20,
  "dt": 0.1,
  "n_pasts": 16,
  "n_futures": 32,
  "fraction_terminated_early": 0.0,
  "fraction_any_prob_skipped_renormalize": 0.0,
  "fraction_weight_lt_1e-12": 0.037109375,
  "fraction_weight_lt_1e-10": 0.24609375,
  "fraction_weight_lt_1e-08": 0.654296875,
  "fraction_weight_lt_1e-06": 0.927734375,
  "mean_cumulative_weight": 3.0828856801228684e-06,
  "median_cumulative_weight": 1.896922287744619e-09,
  "metrics_V_raw": {
    "frobenius": 22.62741694872686,
    "frobenius_sq": 511.9999977715316,
    "entropy_sv": 1.0361632918473208e-27,
    "rank_tol": 1,
    "participation_ratio": 1.0,
    "mean_row_norm": 5.656854237181717,
    "std_row_norm": 0.0,
    "mean_col_norm": 0.9649402167274275,
    "std_col_norm": 1.0358967595161404
  },
  "metrics_V_centered_past": {
    "frobenius": 0.0,
    "frobenius_sq": 0.0,
    "entropy_sv": 0.0,
    "rank_tol": 0,
    "participation_ratio": 0.0,
    "mean_row_norm": 0.0,
    "std_row_norm": 0.0,
    "mean_col_norm": 0.0,
    "std_col_norm": 0.0
  },
  "metrics_V_centered_global": {
    "frobenius": 21.581028003422258,
    "frobenius_sq": 465.74076968449566,
    "entropy_sv": 1.0361632918473208e-27,
    "rank_tol": 1,
    "participation_ratio": 1.0,
    "mean_row_norm": 5.395257000855564,
    "std_row_norm": 0.0,
    "mean_col_norm": 1.0323525486744636,
    "std_col_norm": 0.869771916884643
  },
  "metrics_V_centered_rowcol": {
    "frobenius": 0.0,
    "frobenius_sq": 0.0,
    "entropy_sv": 0.0,
    "rank_tol": 0,
    "participation_ratio": 0.0,
    "mean_row_norm": 0.0,
    "std_row_norm": 0.0,
    "mean_col_norm": 0.0,
    "std_col_norm": 0.0
  },
  "row_distance_raw": {
    "max_row_distance": 0.0,
    "mean_row_distance": 0.0,
    "median_row_distance": 0.0
  },
  "row_distance_centered_past": {
    "max_row_distance": 0.0,
    "mean_row_distance": 0.0,
    "median_row_distance": 0.0
  },
  "delta_norm_centered_past": 0.0,
  "corr_weight_vs_centered_block_norm": NaN,
  "corr_terminated_early_vs_centered_block_norm": NaN,
  "summarize_weights": {
    "mean_weight_by_past": [
      1.7344013485635359e-09,
      7.880226712550475e-08,
      1.4025481429903173e-08,
      5.209159024092134e-07,
      2.308672036147117e-08,
      1.56453930589464e-07,
      6.680050739062999e-07,
      1.4065165300591716e-06,
      2.512693468093744e-08,
      2.8852122801907073e-09,
      2.3479715168925242e-09,
      1.0956071342433718e-07,
      1.2220919406361024e-06,
      1.952504796799402e-09,
      4.504451757225952e-05,
      4.8147725141534623e-08
    ],
    "mean_weight_by_future": [
      1.1464473207958145e-08,
      4.64678945499731e-07,
      2.6856851038172184e-08,
      9.349077323243038e-06,
      6.95902058885293e-08,
      2.6238481324334425e-09,
      1.7623491260639807e-07,
      8.30281310924914e-07,
      1.860389244593736e-06,
      8.32935637721512e-07,
      1.4102225566725209e-07,
      4.0292885181730755e-08,
      3.209967643941429e-07,
      2.742027585275083e-07,
      6.819879081689344e-05,
      6.68619760240813e-08,
      8.448828908127635e-07,
      1.2090277380812314e-07,
      1.617894632041999e-08,
      8.514029420735848e-10,
      2.5020727679014092e-06,
      7.597072751368184e-06,
      8.29629470225207e-09,
      1.5465975289200683e-09,
      1.5510026364681112e-07,
      2.3022088916876062e-08,
      5.445497937778164e-07,
      4.164285682286749e-06,
      3.404166545393392e-11,
      3.267419018138941e-09,
      2.3647800640248685e-10,
      3.7413616848278306e-09
    ]
  },
  "mean_centered_block_norm_by_past": [
    0.0,
    0.0,
    0.0,
    0.0,
    0.0,
    0.0,
    0.0,
    0.0,
    0.0,
    0.0,
    0.0,
    0.0,
    0.0,
    0.0,
    0.0,
    0.0
  ],
  "mean_centered_block_norm_by_future": [
    0.0,
    0.0,
    0.0,
    0.0,
    0.0,
    0.0,
    0.0,
    0.0,
    0.0,
    0.0,
    0.0,
    0.0,
    0.0,
    0.0,
    0.0,
    0.0,
    0.0,
    0.0,
    0.0,
    0.0,
    0.0,
    0.0,
    0.0,
    0.0,
    0.0,
    0.0,
    0.0,
    0.0,
    0.0,
    0.0,
    0.0,
    0.0
  ],
  "weighted_variants": {
    "masked_lt_1e-12_thr1e-12": {
      "frobenius": 22.203603245089255,
      "frobenius_sq": 492.9999970653381,
      "entropy_sv": 0.12557835549166899,
      "rank_tol": 4,
      "participation_ratio": 0.9555398275098459,
      "mean_row_norm": 5.549383509529368,
      "std_row_norm": 0.1340347447379852,
      "mean_col_norm": 0.9422687175955451,
      "std_col_norm": 1.020774774967611
    },
    "weighted_sqrt_thr1e-12": {
      "frobenius": 0.03972955354877752,
      "frobenius_sq": 0.0015784374251851803,
      "entropy_sv": 1.0361632918473208e-27,
      "rank_tol": 1,
      "participation_ratio": 1.0,
      "mean_row_norm": 0.0043789733582110905,
      "std_row_norm": 0.009207355401831083,
      "mean_col_norm": 0.0008129153474916955,
      "std_col_norm": 0.0023508568287488657
    },
    "weighted_linear_thr1e-12": {
      "frobenius": 0.0010161029173964965,
      "frobenius_sq": 1.0324651387416714e-06,
      "entropy_sv": 1.0361632918473208e-27,
      "rank_tol": 1,
      "participation_ratio": 1.0,
      "mean_row_norm": 6.947048537155618e-05,
      "std_row_norm": 0.0002523551419907426,
      "mean_col_norm": 1.03593428806101e-05,
      "std_col_norm": 6.277854780980869e-05
    },
    "masked_lt_1e-10_thr1e-10": {
      "frobenius": 19.64688260668635,
      "frobenius_sq": 385.99999616091463,
      "entropy_sv": 0.5099875280190268,
      "rank_tol": 12,
      "participation_ratio": 0.793712580762889,
      "mean_row_norm": 4.868521442140693,
      "std_row_norm": 0.671316102372829,
      "mean_col_norm": 0.8131232569916766,
      "std_col_norm": 0.921934500266593
    },
    "weighted_sqrt_thr1e-10": {
      "frobenius": 0.03972955354877752,
      "frobenius_sq": 0.0015784374251851803,
      "entropy_sv": 1.0361632918473208e-27,
      "rank_tol": 1,
      "participation_ratio": 1.0,
      "mean_row_norm": 0.0043789733582110905,
      "std_row_norm": 0.009207355401831083,
      "mean_col_norm": 0.0008129153474916955,
      "std_col_norm": 0.0023508568287488657
    },
    "weighted_linear_thr1e-10": {
      "frobenius": 0.0010161029173964965,
      "frobenius_sq": 1.0324651387416714e-06,
      "entropy_sv": 1.0361632918473208e-27,
      "rank_tol": 1,
      "participation_ratio": 1.0,
      "mean_row_norm": 6.947048537155618e-05,
      "std_row_norm": 0.0002523551419907426,
      "mean_col_norm": 1.03593428806101e-05,
      "std_col_norm": 6.277854780980869e-05
    },
    "masked_lt_1e-08_thr1e-08": {
      "frobenius": 13.304134594849957,
      "frobenius_sq": 176.99999731788344,
      "entropy_sv": 0.8875785656723117,
      "rank_tol": 11,
      "participation_ratio": 0.6186919452317886,
      "mean_row_norm": 2.9993337283218224,
      "std_row_norm": 1.48467622275703,
      "mean_col_norm": 0.5037116896863386,
      "std_col_norm": 0.6628704008969785
    },
    "weighted_sqrt_thr1e-08": {
      "frobenius": 0.03972955354877752,
      "frobenius_sq": 0.0015784374251851803,
      "entropy_sv": 1.0361632918473208e-27,
      "rank_tol": 1,
      "participation_ratio": 1.0,
      "mean_row_norm": 0.0043789733582110905,
      "std_row_norm": 0.009207355401831083,
      "mean_col_norm": 0.0008129153474916955,
      "std_col_norm": 0.0023508568287488657
    },
    "weighted_linear_thr1e-08": {
      "frobenius": 0.0010161029173964965,
      "frobenius_sq": 1.0324651387416714e-06,
      "entropy_sv": 1.0361632918473208e-27,
      "rank_tol": 1,
      "participation_ratio": 1.0,
      "mean_row_norm": 6.947048537155618e-05,
      "std_row_norm": 0.0002523551419907426,
      "mean_col_norm": 1.03593428806101e-05,
      "std_col_norm": 6.277854780980869e-05
    }
  },
  "heuristic_control_ok": true
}