{
  "case_name": "trivial",
  "cut": 15,
  "cut_comparison_mode": "asymmetry_grid",
  "J": 0.0,
  "g": 0.0,
  "L": 2,
  "k": 20,
  "dt": 0.1,
  "n_pasts": 64,
  "n_futures": 64,
  "fraction_terminated_early": 0.0078125,
  "fraction_any_prob_skipped_renormalize": 0.0,
  "fraction_weight_lt_1e-12": 0.09423828125,
  "fraction_weight_lt_1e-10": 0.285400390625,
  "fraction_weight_lt_1e-08": 0.631591796875,
  "fraction_weight_lt_1e-06": 0.93408203125,
  "mean_cumulative_weight": 3.608395832578019e-07,
  "median_cumulative_weight": 2.1765261553461053e-09,
  "metrics_V_raw": {
    "frobenius": 63.99999991945049,
    "frobenius_sq": 4095.9999896896625,
    "entropy_sv": 0.01920222811622483,
    "rank_tol": 5,
    "participation_ratio": 0.9949815096488761,
    "mean_row_norm": 7.999999989931315,
    "std_row_norm": 1.000871590069651e-09,
    "mean_col_norm": 2.020930701690421,
    "std_col_norm": 1.980783221102581
  },
  "metrics_V_centered_past": {
    "frobenius": 3.243746907851664,
    "frobenius_sq": 10.52189400219723,
    "entropy_sv": 0.643528879110454,
    "rank_tol": 4,
    "participation_ratio": 0.6620637394028068,
    "mean_row_norm": 0.14653702190991252,
    "std_row_norm": 0.38105150423912626,
    "mean_col_norm": 0.03771902585885122,
    "std_col_norm": 0.13843872833038393
  },
  "metrics_V_centered_global": {
    "frobenius": 60.13644528069672,
    "frobenius_sq": 3616.392050998231,
    "entropy_sv": 0.021348827746105407,
    "rank_tol": 5,
    "participation_ratio": 0.9943315163441352,
    "mean_row_norm": 7.517054464394366,
    "std_row_norm": 0.004273349061658486,
    "mean_col_norm": 2.094615574292495,
    "std_col_norm": 1.6374027666356374
  },
  "metrics_V_centered_rowcol": {
    "frobenius": 3.242405087200955,
    "frobenius_sq": 10.513190749506633,
    "entropy_sv": 0.6424892318386629,
    "rank_tol": 4,
    "participation_ratio": 0.6628685276114497,
    "mean_row_norm": 0.1464562956462669,
    "std_row_norm": 0.3809017323447445,
    "mean_col_norm": 0.04142291090636041,
    "std_col_norm": 0.13731184732127405
  },
  "row_distance_raw": {
    "max_row_distance": 2.764048103903981,
    "mean_row_distance": 0.16792046255076404,
    "median_row_distance": 0.0
  },
  "row_distance_centered_past": {
    "max_row_distance": 2.764048103903981,
    "mean_row_distance": 0.16792046255076404,
    "median_row_distance": 0.0
  },
  "delta_norm_centered_past": 0.0025688217843463502,
  "corr_weight_vs_centered_block_norm": -0.02107013392095992,
  "corr_terminated_early_vs_centered_block_norm": 0.6085274152080564,
  "summarize_weights": {
    "mean_weight_by_past": [
      5.597208003287576e-08,
      3.8102116250932926e-10,
      4.127806419031401e-06,
      3.3776480245462086e-08,
      1.2637687807139618e-08,
      5.227360820380072e-11,
      2.981879662330945e-11,
      1.485336905721497e-07,
      4.9340410622816845e-09,
      6.112594528469275e-09,
      9.325159965957636e-07,
      4.424236511056598e-08,
      2.9598635496568318e-09,
      5.649314322577244e-13,
      5.954263258357606e-08,
      1.1858454303954399e-06,
      3.4329170019852204e-11,
      1.3240784021044502e-07,
      1.7323431779164295e-11,
      2.8323984200844915e-06,
      1.4964445133681364e-08,
      2.043922366898202e-09,
      1.2251329739705938e-08,
      1.518709099581586e-10,
      1.7383718317096108e-11,
      6.583380155708815e-09,
      7.975642946029134e-09,
      3.793002776897517e-07,
      4.807164073798125e-11,
      4.443319508551296e-09,
      8.093180589450034e-07,
      6.5328462530451e-09,
      5.704713669514152e-10,
      1.1177814687729915e-09,
      6.142144562359944e-12,
      2.7364681053241203e-14,
      9.939782830680503e-09,
      2.4851054481248216e-07,
      3.7236428448355185e-07,
      9.427334247621538e-08,
      3.0419655670186136e-08,
      2.6976981358345303e-08,
      2.0506393222813206e-08,
      2.4554276794832892e-08,
      1.4624752896140817e-06,
      2.1905179275535522e-09,
      2.5171068416705424e-06,
      4.816168749125921e-13,
      1.0512205666083963e-06,
      1.742753277363626e-09,
      2.312997386750138e-09,
      3.355278166973231e-06,
      6.267408745325813e-07,
      6.964433190202226e-09,
      1.6411594426842143e-06,
      1.096993659887351e-09,
      2.762474762231801e-07,
      1.588583540661015e-07,
      1.7014761274894852e-11,
      3.770617350284219e-08,
      1.1479979455991174e-11,
      2.9173001852410306e-07,
      6.05575603888832e-09,
      1.7465903500456699e-09
    ],
    "mean_weight_by_future": [
      1.629317474502739e-08,
      2.414759556687701e-08,
      4.237339105765781e-07,
      1.3311909393377087e-11,
      7.482803637033897e-07,
      1.4809599281765448e-08,
      7.669273014698647e-09,
      1.4996845949745518e-07,
      4.538944102897009e-07,
      3.2019116789771846e-06,
      1.249703946095913e-08,
      5.4436475320920476e-09,
      1.1599114370599147e-06,
      1.5280422713191968e-08,
      1.3035206097603072e-08,
      3.0377844401521257e-06,
      1.8949290055498353e-08,
      6.70711416385163e-11,
      2.867398815319437e-07,
      4.725014783085221e-08,
      3.513703033794477e-08,
      1.9860887516451934e-07,
      9.423131742397637e-09,
      5.891515775047806e-07,
      4.400837238686225e-09,
      1.2624682313183952e-08,
      2.980457253022482e-08,
      1.6159921131180618e-10,
      3.26377111085784e-07,
      3.269610231708249e-08,
      1.6929469602811778e-07,
      9.899522556352564e-08,
      2.639321023160842e-07,
      6.579133203560022e-08,
      8.433825375305622e-07,
      5.595612503319462e-07,
      5.555110482143399e-10,
      7.12952537684557e-08,
      1.739620264095392e-06,
      7.801093126237939e-10,
      7.690347660230283e-07,
      6.5776581976845755e-09,
      9.788462793199012e-08,
      8.013443359445933e-08,
      9.275169055136684e-08,
      1.076708259114056e-07,
      1.9981402975621685e-07,
      7.148188770595472e-08,
      2.2819274802557129e-07,
      1.4900080468834207e-06,
      2.518139608627742e-07,
      9.162579194169422e-07,
      1.2142259637666735e-06,
      4.5341246072573144e-07,
      4.9982328787021474e-09,
      1.1860140840855211e-06,
      9.792529379960126e-08,
      8.388740738529823e-09,
      2.1425068785994565e-07,
      5.8941216121006e-10,
      7.818915814823563e-07,
      9.220692023607136e-09,
      7.499044708250207e-08,
      4.6928974419797874e-08
    ]
  },