{
  "case_name": "markov_ref",
  "cut": 15,
  "cut_comparison_mode": "cut_comparison_shared_probe_source",
  "J": 0.0,
  "g": 1.0,
  "L": 2,
  "k": 20,
  "dt": 0.1,
  "n_pasts": 16,
  "n_futures": 64,
  "fraction_terminated_early": 0.0,
  "fraction_any_prob_skipped_renormalize": 0.0,
  "fraction_weight_lt_1e-12": 0.03125,
  "fraction_weight_lt_1e-10": 0.2041015625,
  "fraction_weight_lt_1e-08": 0.5986328125,
  "fraction_weight_lt_1e-06": 0.9091796875,
  "mean_cumulative_weight": 7.103813773071574e-07,
  "median_cumulative_weight": 3.273978756527331e-09,
  "metrics_V_raw": {
    "frobenius": 31.999999993434454,
    "frobenius_sq": 1023.999999579805,
    "entropy_sv": 1.0361632918473208e-27,
    "rank_tol": 1,
    "participation_ratio": 1.0,
    "mean_row_norm": 7.999999998358618,
    "std_row_norm": 0.0,
    "mean_col_norm": 0.9712638399651041,
    "std_col_norm": 1.0289384596893392
  },
  "metrics_V_centered_past": {
    "frobenius": 0.0,
    "frobenius_sq": 0.0,
    "entropy_sv": 0.0,
    "rank_tol": 0,
    "participation_ratio": 0.0,
    "mean_row_norm": 0.0,
    "std_row_norm": 0.0,
    "mean_col_norm": 0.0,
    "std_col_norm": 0.0
  },
  "metrics_V_centered_global": {
    "frobenius": 29.950978374549457,
    "frobenius_sq": 897.0611055927293,
    "entropy_sv": 1.0361632918473208e-27,
    "rank_tol": 1,
    "participation_ratio": 1.0,
    "mean_row_norm": 7.487744593637365,
    "std_row_norm": 0.0,
    "mean_col_norm": 1.0201429478483988,
    "std_col_norm": 0.8442588302931439
  },
  "metrics_V_centered_rowcol": {
    "frobenius": 0.0,
    "frobenius_sq": 0.0,
    "entropy_sv": 0.0,
    "rank_tol": 0,
    "participation_ratio": 0.0,
    "mean_row_norm": 0.0,
    "std_row_norm": 0.0,
    "mean_col_norm": 0.0,
    "std_col_norm": 0.0
  },
  "row_distance_raw": {
    "max_row_distance": 0.0,
    "mean_row_distance": 0.0,
    "median_row_distance": 0.0
  },
  "row_distance_centered_past": {
    "max_row_distance": 0.0,
    "mean_row_distance": 0.0,
    "median_row_distance": 0.0
  },
  "delta_norm_centered_past": 0.0,
  "corr_weight_vs_centered_block_norm": NaN,
  "corr_terminated_early_vs_centered_block_norm": NaN,
  "summarize_weights": {
    "mean_weight_by_past": [
      1.8112060049878617e-08,
      6.504058444382476e-10,
      6.671623080107853e-06,
      7.243759506363858e-10,
      2.783858081071009e-06,
      2.4376537643100496e-07,
      1.5286675423486444e-07,
      1.9352898886537284e-09,
      9.269957024690562e-10,
      3.2564175247675085e-07,
      3.511996530038316e-11,
      1.1559042257551326e-09,
      4.5981154077875775e-09,
      1.054704493701583e-06,
      4.231890313871356e-08,
      6.318532871782068e-08
    ],
    "mean_weight_by_future": [
      3.3118235861590758e-06,
      1.2953898399060413e-06,
      4.693892322616307e-10,
      4.651270733083189e-08,
      7.501492851703381e-08,
      3.527482076612976e-06,
      2.132721054221889e-07,
      1.981114521760402e-07,
      2.9091148852512946e-07,
      1.598591697416863e-07,
      2.94463106042624e-07,
      9.378087344798828e-10,
      4.264525483713569e-06,
      5.843986998369418e-08,
      1.0461367407863766e-06,
      3.038698259508526e-08,
      7.964647109823265e-08,
      7.04446194231354e-10,
      2.8226919852906853e-07,
      2.7878914978945187e-08,
      4.51985988081591e-07,
      4.179258778621856e-09,
      6.64836778478923e-07,
      1.7785444917992873e-09,
      1.576703561481017e-07,
      5.126561447109229e-07,
      1.6108101448202041e-07,
      1.6946677636187362e-07,
      1.2370309051663058e-08,
      1.3386056825509492e-06,
      3.147816894275598e-07,
      1.5493071509545608e-07,
      1.458469801582515e-07,
      1.8161800271451198e-07,
      3.788959156722422e-09,
      7.581500450496272e-07,
      1.6122847254596648e-06,
      1.63449301053831e-08,
      1.3619177990983582e-06,
      4.849311872207049e-10,
      3.6639950531883803e-07,
      7.370610681080832e-09,
      5.2430657304866654e-08,
      3.0930619882107445e-10,
      2.9528532270501033e-06,
      5.160201652592748e-06,
      2.0794783781928333e-08,
      5.229713847918051e-08,
      4.257452084471769e-07,
      3.712314790307425e-07,
      1.681610167854778e-07,
      2.903368208699693e-08,
      9.627191506318204e-07,
      1.1063208986600708e-07,
      2.763049294810138e-09,
      9.004121505098566e-09,
      7.4303543720719e-08,
      8.652063240720938e-07,
      1.1111787687056821e-08,
      8.799845688446013e-06,
      1.0919285536198077e-07,
      4.503062581719613e-08,
      1.3235678065939313e-06,
      3.1518744003459403e-07
    ]
  },
  "mean_centered_block_norm_by_past": [
    0.0,
    0.0,
    0.0,
    0.0,
    0.0,
    0.0,
    0.0,
    0.0,
    0.0,
    0.0,
    0.0,
    0.0,
    0.0,
    0.0,
    0.0,
    0.0
  ],
  "mean_centered_block_norm_by_future": [
    0.0,
    0.0,
    0.0,
    0.0,
    0.0,
    0.0,
    0.0,
    0.0,
    0.0,
    0.0,
    0.0,
    0.0,
    0.0,
    0.0,
    0.0,
    0.0,
    0.0,
    0.0,
    0.0,
    0.0,
    0.0,
    0.0,
    0.0,
    0.0,
    0.0,
    0.0,
    0.0,
    0.0,
    0.0,
    0.0,
    0.0,
    0.0,
    0.0,
    0.0,
    0.0,
    0.0,
    0.0,
    0.0,
    0.0,
    0.0,
    0.0,
    0.0,
    0.0,
    0.0,
    0.0,
    0.0,
    0.0,
    0.0,
    0.0,
    0.0,
    0.0,
    0.0,
    0.0,
    0.0,
    0.0,
    0.0,
    0.0,
    0.0,
    0.0,
    0.0,
    0.0,
    0.0,
    0.0,
    0.0
  ],
  "weighted_variants": {
    "masked_lt_1e-12_thr1e-12": {
      "frobenius": 31.49603148518643,
      "frobenius_sq": 991.9999993158548,
      "entropy_sv": 0.1276892904264724,
      "rank_tol": 6,
      "participation_ratio": 0.9562061000831165,
      "mean_row_norm": 7.870426847772443,
      "std_row_norm": 0.24523445348749592,
      "mean_col_norm": 0.9544696508240084,
      "std_col_norm": 1.0141481481917578
    },
    "weighted_sqrt_thr1e-12": {
      "frobenius": 0.026970920023929146,
      "frobenius_sq": 0.0007274305269371822,
      "entropy_sv": 1.0361632918473208e-27,
      "rank_tol": 1,
      "participation_ratio": 1.0,
      "mean_row_norm": 0.0037800190064555335,
      "std_row_norm": 0.005766650257648374,
      "mean_col_norm": 0.0005911601436740621,
      "std_col_norm": 0.0010360448325923298
    },
    "weighted_linear_thr1e-12": {
      "frobenius": 0.0001341632739404696,
      "frobenius_sq": 1.7999784074425486e-08,
      "entropy_sv": 1.0361632918473208e-27,
      "rank_tol": 1,
      "participation_ratio": 1.0,
      "mean_row_norm": 1.302186942349944e-05,
      "std_row_norm": 3.192353232533723e-05,
      "mean_col_norm": 1.9244383053390386e-06,
      "std_col_norm": 5.6137256876946185e-06
    },
    "masked_lt_1e-10_thr1e-10": {
      "frobenius": 28.548204822792403,
      "frobenius_sq": 814.9999986041074,
      "entropy_sv": 0.43119462732239594,
      "rank_tol": 11,
      "participation_ratio": 0.8237976579454434,
      "mean_row_norm": 7.003212939099146,
      "std_row_norm": 1.4208010669632056,
      "mean_col_norm": 0.8597322802699076,
      "std_col_norm": 0.9242975082608987
    },
    "weighted_sqrt_thr1e-10": {
      "frobenius": 0.026970920023929146,
      "frobenius_sq": 0.0007274305269371822,
      "entropy_sv": 1.0361632918473208e-27,
      "rank_tol": 1,
      "participation_ratio": 1.0,
      "mean_row_norm": 0.0037800190064555335,
      "std_row_norm": 0.005766650257648374,
      "mean_col_norm": 0.0005911601436740621,
      "std_col_norm": 0.0010360448325923298
    },
    "weighted_linear_thr1e-10": {
      "frobenius": 0.0001341632739404696,
      "frobenius_sq": 1.7999784074425486e-08,
      "entropy_sv": 1.0361632918473208e-27,
      "rank_tol": 1,
      "participation_ratio": 1.0,
      "mean_row_norm": 1.302186942349944e-05,
      "std_row_norm": 3.192353232533723e-05,
      "mean_col_norm": 1.9244383053390386e-06,
      "std_col_norm": 5.6137256876946185e-06
    },
    "masked_lt_1e-08_thr1e-08": {
      "frobenius": 20.273134898038492,
      "frobenius_sq": 410.9999985940662,