{
  "case_name": "markov_ref",
  "cut": 5,
  "cut_comparison_mode": "cut_comparison_shared_probe_source",
  "J": 0.0,
  "g": 1.0,
  "L": 2,
  "k": 20,
  "dt": 0.1,
  "n_pasts": 64,
  "n_futures": 16,
  "fraction_terminated_early": 0.0,
  "fraction_any_prob_skipped_renormalize": 0.0,
  "fraction_weight_lt_1e-12": 0.0244140625,
  "fraction_weight_lt_1e-10": 0.1533203125,
  "fraction_weight_lt_1e-08": 0.5068359375,
  "fraction_weight_lt_1e-06": 0.9287109375,
  "mean_cumulative_weight": 2.497543156483132e-07,
  "median_cumulative_weight": 9.3116273893911e-09,
  "metrics_V_raw": {
    "frobenius": 31.999999892908544,
    "frobenius_sq": 1023.9999931461468,
    "entropy_sv": 4.351885825758746e-27,
    "rank_tol": 1,
    "participation_ratio": 1.0,
    "mean_row_norm": 3.9999999866135707,
    "std_row_norm": 4.475998511201681e-16,
    "mean_col_norm": 2.037947188873659,
    "std_col_norm": 1.9690253271195903
  },
  "metrics_V_centered_past": {
    "frobenius": 0.0,
    "frobenius_sq": 0.0,
    "entropy_sv": 0.0,
    "rank_tol": 0,
    "participation_ratio": 0.0,
    "mean_row_norm": 0.0,
    "std_row_norm": 0.0,
    "mean_col_norm": 0.0,
    "std_col_norm": 0.0
  },
  "metrics_V_centered_global": {
    "frobenius": 29.912318778851848,
    "frobenius_sq": 894.7468147276529,
    "entropy_sv": 4.351885825758746e-27,
    "rank_tol": 1,
    "participation_ratio": 1.0,
    "mean_row_norm": 3.73903984735648,
    "std_row_norm": 0.0,
    "mean_col_norm": 2.090035985365148,
    "std_col_norm": 1.6256089372742484
  },
  "metrics_V_centered_rowcol": {
    "frobenius": 0.0,
    "frobenius_sq": 0.0,
    "entropy_sv": 0.0,
    "rank_tol": 0,
    "participation_ratio": 0.0,
    "mean_row_norm": 0.0,
    "std_row_norm": 0.0,
    "mean_col_norm": 0.0,
    "std_col_norm": 0.0
  },
  "row_distance_raw": {
    "max_row_distance": 0.0,
    "mean_row_distance": 0.0,
    "median_row_distance": 0.0
  },
  "row_distance_centered_past": {
    "max_row_distance": 0.0,
    "mean_row_distance": 0.0,
    "median_row_distance": 0.0
  },
  "delta_norm_centered_past": 0.0,
  "corr_weight_vs_centered_block_norm": NaN,
  "corr_terminated_early_vs_centered_block_norm": NaN,
  "summarize_weights": {
    "mean_weight_by_past": [
      7.272275579715589e-07,
      1.2059796763234455e-07,
      1.305285344807502e-09,
      1.2672340652164827e-06,
      3.770413615526258e-11,
      7.103712741711351e-09,
      9.693318559117609e-07,
      3.2609099584927005e-08,
      7.421158975870788e-09,
      6.2587599131551e-08,
      1.6493679399108097e-08,
      1.10033293668131e-06,
      7.80739276381334e-08,
      1.051254031487145e-07,
      1.4581122284364978e-07,
      9.178690673039101e-07,
      3.840955163834798e-08,
      1.8790637024042216e-07,
      9.974242911643248e-08,
      2.1578522575262895e-07,
      1.051555688386497e-08,
      1.193066152995079e-07,
      1.004907852361573e-07,
      1.302236782599942e-09,
      1.615145383053617e-07,
      6.592680350671611e-07,
      5.163898635684573e-11,
      3.746544805523315e-07,
      3.102880093955826e-07,
      1.822167387897353e-07,
      1.4320683103419463e-08,
      1.15027763640903e-10,
      3.0223349174393536e-08,
      5.917563895861402e-07,
      1.7101888033794997e-07,
      4.6763302820557943e-08,
      7.288268884347836e-09,
      2.736132874791313e-09,
      1.1014940258041165e-06,
      7.39454911498072e-09,
      1.680544607838836e-07,
      7.493610699683062e-10,
      9.756200584759511e-08,
      1.394444236912341e-10,
      8.972072809811639e-10,
      5.162280789073194e-10,
      4.824115531821708e-07,
      1.3040963207441084e-06,
      7.677462569004128e-08,
      8.681286971986785e-08,
      1.1736530468891181e-07,
      5.66467939489174e-07,
      7.035815274584202e-08,
      7.608258434044531e-08,
      2.857939073639836e-09,
      3.5776063017070525e-07,
      4.7445825078456536e-07,
      2.6808169160923877e-07,
      4.008149786828031e-08,
      5.700725514050622e-07,
      1.5012136828324096e-09,
      1.2531730873816538e-07,
      1.0803949157960872e-06,
      2.17370791050572e-08
    ],
    "mean_weight_by_future": [
      7.562498654616395e-08,
      1.2299024560050198e-08,
      3.1198281488272756e-07,
      4.200521348631496e-09,
      1.4162783990822912e-07,
      4.684944556961154e-08,
      4.008886353387057e-07,
      6.028749873975864e-07,
      9.590441513523081e-07,
      1.805903163364655e-09,
      1.0616732982750016e-06,
      4.313316637889279e-11,
      8.277984026585032e-10,
      2.9604542560585104e-07,
      9.743410861076494e-10,
      7.930674376963443e-08
    ]
  },
  "mean_centered_block_norm_by_past": [
    0.0,
    0.0,
    0.0,
    0.0,
    0.0,
    0.0,
    0.0,
    0.0,
    0.0,
    0.0,
    0.0,
    0.0,
    0.0,
    0.0,
    0.0,
    0.0,
    0.0,
    0.0,
    0.0,
    0.0,
    0.0,
    0.0,
    0.0,
    0.0,
    0.0,
    0.0,
    0.0,
    0.0,
    0.0,
    0.0,
    0.0,
    0.0,
    0.0,
    0.0,
    0.0,
    0.0,
    0.0,
    0.0,
    0.0,
    0.0,
    0.0,
    0.0,
    0.0,
    0.0,
    0.0,
    0.0,
    0.0,
    0.0,
    0.0,
    0.0,
    0.0,
    0.0,
    0.0,
    0.0,
    0.0,
    0.0,
    0.0,
    0.0,
    0.0,
    0.0,
    0.0,
    0.0,
    0.0,
    0.0
  ],
  "mean_centered_block_norm_by_future": [
    0.0,
    0.0,
    0.0,
    0.0,
    0.0,
    0.0,
    0.0,
    0.0,
    0.0,
    0.0,
    0.0,
    0.0,
    0.0,
    0.0,
    0.0,
    0.0
  ],
  "weighted_variants": {
    "masked_lt_1e-12_thr1e-12": {
      "frobenius": 31.606961148955563,
      "frobenius_sq": 998.9999930715863,
      "entropy_sv": 0.10570389796754869,
      "rank_tol": 5,
      "participation_ratio": 0.9644048448819705,
      "mean_row_norm": 3.9482307557214518,
      "std_row_norm": 0.14553255482641675,
      "mean_col_norm": 2.0117277955721917,
      "std_col_norm": 1.9460797591233439
    },
    "weighted_sqrt_thr1e-12": {
      "frobenius": 0.015992136206357983,
      "frobenius_sq": 0.0002557484204427059,
      "entropy_sv": 4.351885825758746e-27,
      "rank_tol": 1,
      "participation_ratio": 1.0,
      "mean_row_norm": 0.0015206743636488006,
      "std_row_norm": 0.001307800693192007,
      "mean_col_norm": 0.0007128534582419024,
      "std_col_norm": 0.001225400251719142
    },
    "weighted_linear_thr1e-12": {
      "frobenius": 2.306829541938605e-05,
      "frobenius_sq": 5.321462535560675e-10,
      "entropy_sv": 4.351885825758746e-27,
      "rank_tol": 1,
      "participation_ratio": 1.0,
      "mean_row_norm": 1.6704783275465228e-06,
      "std_row_norm": 2.368960630763276e-06,
      "mean_col_norm": 7.823069924906558e-07,
      "std_col_norm": 1.8903187083949222e-06
    },
    "masked_lt_1e-10_thr1e-10": {
      "frobenius": 29.444863614983486,
      "frobenius_sq": 866.9999933049784,
      "entropy_sv": 0.3317876548165773,
      "rank_tol": 10,
      "participation_ratio": 0.8757943777777271,
      "mean_row_norm": 3.645444946054757,
      "std_row_norm": 0.5115613603926183,
      "mean_col_norm": 1.8456286238877162,
      "std_col_norm": 1.842173979081072
    },
    "weighted_sqrt_thr1e-10": {
      "frobenius": 0.015992136206357983,
      "frobenius_sq": 0.0002557484204427059,
      "entropy_sv": 4.351885825758746e-27,
      "rank_tol": 1,
      "participation_ratio": 1.0,
      "mean_row_norm": 0.0015206743636488006,
      "std_row_norm": 0.001307800693192007,
      "mean_col_norm": 0.0007128534582419024,
      "std_col_norm": 0.001225400251719142
    },
    "weighted_linear_thr1e-10": {
      "frobenius": 2.306829541938605e-05,
      "frobenius_sq": 5.321462535560675e-10,
      "entropy_sv": 4.351885825758746e-27,
      "rank_tol": 1,
      "participation_ratio": 1.0,
      "mean_row_norm": 1.6704783275465228e-06,
      "std_row_norm": 2.368960630763276e-06,
      "mean_col_norm": 7.823069924906558e-07,
      "std_col_norm": 1.8903187083949222e-06
    },
    "masked_lt_1e-08_thr1e-08": {
      "frobenius": 22.47220502263991,
      "frobenius_sq": 504.9999985795623,