k_train,k_test,N_train,N_test,seed,final_frob,obs_x_mae,obs_z_mae
4,2,4,2,0,10.022457999823665,0.8290990255773067,2.9188507199287415
4,4,4,2,0,6.848218113973587,0.7058969661593437,1.8305947083281353
4,6,4,2,0,8.859598417191059,0.5811651647090912,2.01872555911541
