k_train,k_test,mean_frob,std_frob,mean_dX,std_dX,mean_dZ,std_dZ,n
4,2,10.022457999823665,0,0.8290990255773067,0,2.9188507199287415,0,1
4,4,6.848218113973587,0,0.7058969661593437,0,1.8305947083281353,0,1
4,6,8.859598417191059,0,0.5811651647090912,0,2.01872555911541,0,1
