{
  "case_name": "markov_ref",
  "cut": 5,
  "cut_comparison_mode": "asymmetry_grid",
  "J": 0.0,
  "g": 1.0,
  "L": 2,
  "k": 20,
  "dt": 0.1,
  "n_pasts": 32,
  "n_futures": 64,
  "fraction_terminated_early": 0.0,
  "fraction_any_prob_skipped_renormalize": 0.0,
  "fraction_weight_lt_1e-12": 0.04248046875,
  "fraction_weight_lt_1e-10": 0.2275390625,
  "fraction_weight_lt_1e-08": 0.66552734375,
  "fraction_weight_lt_1e-06": 0.958984375,
  "mean_cumulative_weight": 3.5095929555130976e-07,
  "median_cumulative_weight": 2.0043001411523304e-09,
  "metrics_V_raw": {
    "frobenius": 45.25483410207835,
    "frobenius_sq": 2048.0000096066333,
    "entropy_sv": 2.141404136484463e-27,
    "rank_tol": 1,
    "participation_ratio": 1.0,
    "mean_row_norm": 8.000000018762956,
    "std_row_norm": 0.0,
    "mean_col_norm": 1.4530258994968228,
    "std_col_norm": 1.3756496178497373
  },
  "metrics_V_centered_past": {
    "frobenius": 0.0,
    "frobenius_sq": 0.0,
    "entropy_sv": 0.0,
    "rank_tol": 0,
    "participation_ratio": 0.0,
    "mean_row_norm": 0.0,
    "std_row_norm": 0.0,
    "mean_col_norm": 0.0,
    "std_col_norm": 0.0
  },
  "metrics_V_centered_global": {
    "frobenius": 41.47680804010225,
    "frobenius_sq": 1720.3256051954907,
    "entropy_sv": 2.141404136484463e-27,
    "rank_tol": 1,
    "participation_ratio": 1.0,
    "mean_row_norm": 7.332133056782254,
    "std_row_norm": 0.0,
    "mean_col_norm": 1.4911865913528195,
    "std_col_norm": 1.0670507580749047
  },
  "metrics_V_centered_rowcol": {
    "frobenius": 0.0,
    "frobenius_sq": 0.0,
    "entropy_sv": 0.0,
    "rank_tol": 0,
    "participation_ratio": 0.0,
    "mean_row_norm": 0.0,
    "std_row_norm": 0.0,
    "mean_col_norm": 0.0,
    "std_col_norm": 0.0
  },
  "row_distance_raw": {
    "max_row_distance": 0.0,
    "mean_row_distance": 0.0,
    "median_row_distance": 0.0
  },
  "row_distance_centered_past": {
    "max_row_distance": 0.0,
    "mean_row_distance": 0.0,
    "median_row_distance": 0.0
  },
  "delta_norm_centered_past": 0.0,
  "corr_weight_vs_centered_block_norm": NaN,
  "corr_terminated_early_vs_centered_block_norm": NaN,
  "summarize_weights": {
    "mean_weight_by_past": [
      2.4319362451490003e-06,
      1.166210469328063e-09,
      5.316094745302208e-08,
      3.518207526308569e-08,
      2.2129143300457803e-07,
      1.4968699644332004e-08,
      9.731004183450064e-09,
      5.632511965854545e-09,
      2.823545753674405e-07,
      1.2053413036349102e-08,
      1.3092758855221774e-07,
      5.321433592637328e-07,
      3.231928058863081e-07,
      1.4596846614586153e-07,
      1.6219705417378323e-06,
      6.584106696856161e-09,
      2.2277393125729227e-08,
      1.7696192943421923e-06,
      1.1834568369057888e-08,
      2.6607723741180444e-07,
      4.022862655874475e-09,
      3.6410803641991778e-09,
      1.6810849352085774e-07,
      4.1553169113984314e-07,
      1.4317401812469697e-08,
      2.844684395403393e-07,
      1.472094218726607e-08,
      1.9875169435896253e-06,
      2.684767880855291e-07,
      4.337032487006573e-08,
      3.2134352641419076e-08,
      9.631566016639017e-08
    ],
    "mean_weight_by_future": [
      7.19794863547325e-10,
      1.888547355049932e-09,
      7.722025078138704e-08,
      1.3865494848928383e-08,
      3.607242653075679e-08,
      3.93962162929175e-09,
      1.926350446878119e-09,
      4.6045361839693104e-07,
      1.970039039928732e-07,
      2.5260262327290136e-06,
      5.567453339816337e-08,
      4.762534111452709e-10,
      3.272834351689795e-08,
      6.683079176052798e-12,
      5.033777531236428e-08,
      1.202667157872644e-08,
      1.351065422993394e-08,
      1.627544170538309e-10,
      1.4431567087555077e-06,
      2.8033560960520556e-11,
      2.324988798610478e-09,
      3.5538749642397617e-12,
      9.641247796889319e-09,
      1.962642355612649e-07,
      2.713347313693008e-12,
      6.957012778623893e-09,
      1.0344780219174054e-05,
      1.535944547982216e-08,
      4.879799317516468e-09,
      3.5115696001350316e-10,
      4.389924430662516e-12,
      5.183983971154422e-08,
      4.0641612059721245e-08,
      3.692938774834495e-08,
      9.022194120351603e-09,
      7.887922957913608e-08,
      8.129240345799368e-10,
      1.9794779615410076e-08,
      7.731414562022674e-08,
      3.6595241005830854e-08,
      5.203743842921758e-10,
      2.748527986129873e-11,
      5.811709061164299e-11,
      5.373803325214332e-07,
      9.962145243202485e-09,
      4.3352399381694695e-06,
      1.0749399945410077e-07,
      2.387826754238078e-07,
      1.5772003785835963e-08,
      1.2856828282783485e-09,
      1.0910965604322966e-09,
      6.205517757930831e-08,
      6.975512073239944e-08,
      5.339619993596719e-09,
      6.578222588677135e-07,
      3.192561571348781e-08,
      1.3617718541088534e-08,
      4.369896219122737e-07,
      7.740622076345565e-10,
      1.4953795121474173e-09,
      5.684890496243367e-10,
      1.3117627975444723e-10,
      6.878074913834634e-08,
      4.903305671889306e-09
    ]
  },
  "mean_centered_block_norm_by_past": [
    0.0,
    0.0,
    0.0,
    0.0,
    0.0,
    0.0,
    0.0,
    0.0,
    0.0,
    0.0,
    0.0,
    0.0,
    0.0,
    0.0,
    0.0,
    0.0,
    0.0,
    0.0,
    0.0,
    0.0,
    0.0,
    0.0,
    0.0,
    0.0,
    0.0,
    0.0,
    0.0,
    0.0,
    0.0,
    0.0,
    0.0,
    0.0
  ],
  "mean_centered_block_norm_by_future": [
    0.0,
    0.0,
    0.0,
    0.0,
    0.0,
    0.0,
    0.0,
    0.0,
    0.0,
    0.0,
    0.0,
    0.0,
    0.0,
    0.0,
    0.0,
    0.0,
    0.0,
    0.0,
    0.0,
    0.0,
    0.0,
    0.0,
    0.0,
    0.0,
    0.0,
    0.0,
    0.0,
    0.0,
    0.0,
    0.0,
    0.0,
    0.0,
    0.0,
    0.0,
    0.0,
    0.0,
    0.0,
    0.0,
    0.0,
    0.0,
    0.0,
    0.0,
    0.0,
    0.0,
    0.0,
    0.0,
    0.0,
    0.0,
    0.0,
    0.0,
    0.0,
    0.0,
    0.0,
    0.0,
    0.0,
    0.0,
    0.0,
    0.0,
    0.0,
    0.0,
    0.0,
    0.0,
    0.0,
    0.0
  ],
  "weighted_variants": {
    "masked_lt_1e-12_thr1e-12": {
      "frobenius": 44.283179739218596,
      "frobenius_sq": 1961.0000078159403,
      "entropy_sv": 0.13581406560639173,
      "rank_tol": 7,
      "participation_ratio": 0.9523071119717323,
      "mean_row_norm": 7.826088097200378,
      "std_row_norm": 0.18622314497140358,
      "mean_col_norm": 1.4175866839182232,
      "std_col_norm": 1.3505883189540002
    },
    "weighted_sqrt_thr1e-12": {
      "frobenius": 0.026809786246247188,
      "frobenius_sq": 0.0007187646385694649,
      "entropy_sv": 2.141404136484463e-27,
      "rank_tol": 1,
      "participation_ratio": 1.0,
      "mean_row_norm": 0.0033746594838463496,
      "std_row_norm": 0.0033808673555389343,
      "mean_col_norm": 0.00041558735831923326,
      "std_col_norm": 0.0011106455679378271
    },
    "weighted_linear_thr1e-12": {
      "frobenius": 0.00013527951496342163,
      "frobenius_sq": 1.8300547168738615e-08,
      "entropy_sv": 2.141404136484463e-27,
      "rank_tol": 1,
      "participation_ratio": 1.0,
      "mean_row_norm": 1.1644413782537924e-05,
      "std_row_norm": 2.1222014782198904e-05,
      "mean_col_norm": 1.097613904427736e-06,
      "std_col_norm": 5.882694104331327e-06
    },
    "masked_lt_1e-10_thr1e-10": {
      "frobenius": 39.77436365154878,
      "frobenius_sq": 1582.000003885645,
      "entropy_sv": 0.4046045218268622,
      "rank_tol": 16,
      "participation_ratio": 0.8422670651182123,
      "mean_row_norm": 7.00165091311133,
      "std_row_norm": 0.6540274137323936,
      "mean_col_norm": 1.217091530371178,
      "std_col_norm": 1.2695195060931834
    },
    "weighted_sqrt_thr1e-10": {
      "frobenius": 0.026809786246247188,
      "frobenius_sq": 0.0007187646385694649,
      "entropy_sv": 2.141404136484463e-27,
      "rank_tol": 1,
      "participation_ratio": 1.0,
      "mean_row_norm": 0.0033746594838463496,
      "std_row_norm": 0.0033808673555389343,