{
  "case_name": "sweep",
  "L": 2,
  "k": 20,
  "dt": 0.1,
  "cut": 10,
  "J": 1.4,
  "g": 1.0,
  "n_pasts": 32,
  "n_futures": 32,
  "n_seeds": 1,
  "delta": 4.754371534243995,
  "delta_norm": 0.004712399207191643,
  "entropy": 1.165965524512826,
  "rank": 31,
  "participation_ratio": 2.2853324964295227,
  "max_row_distance": 1.167842338059566,
  "mean_row_distance": 0.5070659761977111,
  "median_row_distance": 0.48559963414230645,
  "delta_z": 0.07875170561684054,
  "delta_z_norm": 0.0001974316605171499,
  "entropy_z": 1.3342014344192488,
  "rank_z": 31,
  "participation_ratio_z": 3.095429276630013
}