{
  "case_name": "trivial",
  "cut": 5,
  "cut_comparison_mode": "cut_comparison_shared_probe_source",
  "J": 0.0,
  "g": 0.0,
  "L": 2,
  "k": 20,
  "dt": 0.1,
  "n_pasts": 64,
  "n_futures": 16,
  "fraction_terminated_early": 0.0,
  "fraction_any_prob_skipped_renormalize": 0.0,
  "fraction_weight_lt_1e-12": 0.0263671875,
  "fraction_weight_lt_1e-10": 0.1611328125,
  "fraction_weight_lt_1e-08": 0.578125,
  "fraction_weight_lt_1e-06": 0.947265625,
  "mean_cumulative_weight": 2.441235323422007e-07,
  "median_cumulative_weight": 4.148942744196247e-09,
  "metrics_V_raw": {
    "frobenius": 32.00000005495346,
    "frobenius_sq": 1024.0000035170215,
    "entropy_sv": 4.351885825758746e-27,
    "rank_tol": 1,
    "participation_ratio": 1.0,
    "mean_row_norm": 4.000000006869185,
    "std_row_norm": 8.951997022403363e-16,
    "mean_col_norm": 2.056129349512048,
    "std_col_norm": 1.9498809010078797
  },
  "metrics_V_centered_past": {
    "frobenius": 0.0,
    "frobenius_sq": 0.0,
    "entropy_sv": 0.0,
    "rank_tol": 0,
    "participation_ratio": 0.0,
    "mean_row_norm": 0.0,
    "std_row_norm": 0.0,
    "mean_col_norm": 0.0,
    "std_col_norm": 0.0
  },
  "metrics_V_centered_global": {
    "frobenius": 30.227817417640516,
    "frobenius_sq": 913.7209458342113,
    "entropy_sv": 4.351885825758746e-27,
    "rank_tol": 1,
    "participation_ratio": 1.0,
    "mean_row_norm": 3.7784771772050627,
    "std_row_norm": 8.951997022403363e-16,
    "mean_col_norm": 2.1844526645672886,
    "std_col_norm": 1.5444242232582113
  },
  "metrics_V_centered_rowcol": {
    "frobenius": 0.0,
    "frobenius_sq": 0.0,
    "entropy_sv": 0.0,
    "rank_tol": 0,
    "participation_ratio": 0.0,
    "mean_row_norm": 0.0,
    "std_row_norm": 0.0,
    "mean_col_norm": 0.0,
    "std_col_norm": 0.0
  },
  "row_distance_raw": {
    "max_row_distance": 0.0,
    "mean_row_distance": 0.0,
    "median_row_distance": 0.0
  },
  "row_distance_centered_past": {
    "max_row_distance": 0.0,
    "mean_row_distance": 0.0,
    "median_row_distance": 0.0
  },
  "delta_norm_centered_past": 0.0,
  "corr_weight_vs_centered_block_norm": NaN,
  "corr_terminated_early_vs_centered_block_norm": NaN,
  "summarize_weights": {
    "mean_weight_by_past": [
      1.6493037656136892e-10,
      1.0433040252775058e-09,
      1.6855942578419465e-06,
      5.089681785916326e-07,
      1.3298441129253893e-07,
      1.1602701579111908e-09,
      3.313053376112501e-08,
      2.8234614285294435e-08,
      2.594128396968695e-07,
      7.47938879230474e-09,
      3.7776445661008774e-07,
      4.5211561236475363e-07,
      7.258047435180524e-08,
      1.6649669663902683e-10,
      6.181623969146143e-08,
      4.901096606356169e-08,
      5.198639747123076e-09,
      4.306943920457406e-09,
      2.2378775608825568e-07,
      1.0280307402307225e-06,
      6.113444991768546e-09,
      6.272640214187448e-08,
      1.365568222623967e-07,
      7.512389047872624e-08,
      2.4543547673816485e-09,
      3.1226754739173593e-07,
      4.739816387612005e-07,
      1.8882085455587016e-07,
      5.548000050118372e-08,
      4.094272166531791e-08,
      2.5742425137073783e-08,
      1.2119042858907762e-07,
      2.9058512906278104e-10,
      1.0452512330650144e-06,
      1.7186332725653055e-07,
      8.068026311552716e-08,
      1.6799026002743243e-07,
      4.556885944703873e-08,
      9.32757963680956e-08,
      3.380282359945903e-08,
      8.192732198155363e-08,
      2.4692468680662154e-08,
      2.5798713968294207e-08,
      1.3889540446964712e-07,
      6.328896759283414e-08,
      8.85234003925522e-07,
      2.980289185061145e-07,
      1.7633308922003775e-06,
      7.759311430601445e-07,
      8.147853162097721e-07,
      4.505728562207e-07,
      2.7337550648068725e-12,
      2.7865729309912066e-09,
      3.7572257070199945e-07,
      2.4430294892037016e-07,
      1.5538400851606464e-08,
      6.671462152558497e-09,
      9.88231511348043e-07,
      2.2984946974687907e-07,
      2.909960151789654e-07,
      2.0879475806355303e-09,
      2.2084796572454964e-09,
      5.437821924066619e-08,
      1.556899718210432e-08
    ],
    "mean_weight_by_future": [
      2.150001561500438e-06,
      5.870611816251839e-07,
      7.415775412487563e-10,
      3.935379686119672e-08,
      6.181597252676137e-10,
      3.311044266299223e-08,
      2.3299690339693708e-07,
      6.017695968490771e-07,
      1.3376232323769585e-07,
      8.433017909919803e-08,
      2.3353150007765193e-08,
      5.329527193383476e-09,
      1.987204863586717e-10,
      1.1831773884500522e-08,
      9.433426768981762e-10,
      5.742807270703826e-10
    ]
  },
  "mean_centered_block_norm_by_past": [
    0.0,
    0.0,
    0.0,
    0.0,
    0.0,
    0.0,
    0.0,
    0.0,
    0.0,
    0.0,
    0.0,
    0.0,
    0.0,
    0.0,
    0.0,
    0.0,
    0.0,
    0.0,
    0.0,
    0.0,
    0.0,
    0.0,
    0.0,
    0.0,
    0.0,
    0.0,
    0.0,
    0.0,
    0.0,
    0.0,
    0.0,
    0.0,
    0.0,
    0.0,
    0.0,
    0.0,
    0.0,
    0.0,
    0.0,
    0.0,
    0.0,
    0.0,
    0.0,
    0.0,
    0.0,
    0.0,
    0.0,
    0.0,
    0.0,
    0.0,
    0.0,
    0.0,
    0.0,
    0.0,
    0.0,
    0.0,
    0.0,
    0.0,
    0.0,
    0.0,
    0.0,
    0.0,
    0.0,
    0.0
  ],
  "mean_centered_block_norm_by_future": [
    0.0,
    0.0,
    0.0,
    0.0,
    0.0,
    0.0,
    0.0,
    0.0,
    0.0,
    0.0,
    0.0,
    0.0,
    0.0,
    0.0,
    0.0,
    0.0
  ],
  "weighted_variants": {
    "masked_lt_1e-12_thr1e-12": {
      "frobenius": 31.575306872515306,
      "frobenius_sq": 997.0000040935123,
      "entropy_sv": 0.09060696293168356,
      "rank_tol": 5,
      "participation_ratio": 0.9707065030658121,
      "mean_row_norm": 3.9387404126200734,
      "std_row_norm": 0.2558750209898998,
      "mean_col_norm": 2.030231619344365,
      "std_col_norm": 1.9225238277825683
    },
    "weighted_sqrt_thr1e-12": {
      "frobenius": 0.015810835071274787,
      "frobenius_sq": 0.0002499825056510528,
      "entropy_sv": 4.351885825758746e-27,
      "rank_tol": 1,
      "participation_ratio": 1.0,
      "mean_row_norm": 0.0014934718259230935,
      "std_row_norm": 0.0013046509451213803,
      "mean_col_norm": 0.0006381782371769611,
      "std_col_norm": 0.0012481537813561908
    },
    "weighted_linear_thr1e-12": {
      "frobenius": 3.4396083660733134e-05,
      "frobenius_sq": 1.183090571196153e-09,
      "entropy_sv": 4.351885825758746e-27,
      "rank_tol": 1,
      "participation_ratio": 1.0,
      "mean_row_norm": 2.326354847166998e-06,
      "std_row_norm": 3.6443634478033445e-06,
      "mean_col_norm": 9.332347131530769e-07,
      "std_col_norm": 2.9048044798168226e-06
    },
    "masked_lt_1e-10_thr1e-10": {
      "frobenius": 29.308701892070296,
      "frobenius_sq": 859.0000065982449,
      "entropy_sv": 0.3801567948752418,
      "rank_tol": 11,
      "participation_ratio": 0.8483007450087748,
      "mean_row_norm": 3.6047589736170367,
      "std_row_norm": 0.659071281334123,
      "mean_col_norm": 1.882874713466351,
      "std_col_norm": 1.7862383091136478
    },
    "weighted_sqrt_thr1e-10": {
      "frobenius": 0.015810835071274787,
      "frobenius_sq": 0.0002499825056510528,
      "entropy_sv": 4.351885825758746e-27,
      "rank_tol": 1,
      "participation_ratio": 1.0,
      "mean_row_norm": 0.0014934718259230935,
      "std_row_norm": 0.0013046509451213803,
      "mean_col_norm": 0.0006381782371769611,
      "std_col_norm": 0.0012481537813561908
    },
    "weighted_linear_thr1e-10": {
      "frobenius": 3.4396083660733134e-05,
      "frobenius_sq": 1.183090571196153e-09,
      "entropy_sv": 4.351885825758746e-27,
      "rank_tol": 1,
      "participation_ratio": 1.0,
      "mean_row_norm": 2.326354847166998e-06,
      "std_row_norm": 3.6443634478033445e-06,
      "mean_col_norm": 9.332347131530769e-07,
      "std_col_norm": 2.9048044798168226e-06
    },
    "masked_lt_1e-08_thr1e-08": {
      "frobenius": 20.784609912354153,