{
  "case_name": "nm_mid",
  "cut": 10,
  "cut_comparison_mode": "cut_comparison_shared_probe_source",
  "J": 1.0,
  "g": 1.0,
  "L": 2,
  "k": 20,
  "dt": 0.1,
  "n_pasts": 16,
  "n_futures": 64,
  "fraction_terminated_early": 0.0,
  "fraction_any_prob_skipped_renormalize": 0.0,
  "fraction_weight_lt_1e-12": 0.0302734375,
  "fraction_weight_lt_1e-10": 0.1884765625,
  "fraction_weight_lt_1e-08": 0.521484375,
  "fraction_weight_lt_1e-06": 0.8974609375,
  "mean_cumulative_weight": 8.392185276189598e-07,
  "median_cumulative_weight": 7.830033680389236e-09,
  "metrics_V_raw": {
    "frobenius": 31.86580183041886,
    "frobenius_sq": 1015.4293262955259,
    "entropy_sv": 0.020852422474399016,
    "rank_tol": 16,
    "participation_ratio": 0.9946175849892561,
    "mean_row_norm": 7.9664463284834595,
    "std_row_norm": 0.008377039276466543,
    "mean_col_norm": 1.0022424832287926,
    "std_col_norm": 0.9902958192905862
  },
  "metrics_V_centered_past": {
    "frobenius": 1.6555937443960689,
    "frobenius_sq": 2.7409906464833957,
    "entropy_sv": 0.8170535121673463,
    "rank_tol": 15,
    "participation_ratio": 0.5874958927526295,
    "mean_row_norm": 0.3776601080218582,
    "std_row_norm": 0.17492019731410718,
    "mean_col_norm": 0.046683717401571526,
    "std_col_norm": 0.056394498725875285
  },
  "metrics_V_centered_global": {
    "frobenius": 30.000072602618886,
    "frobenius_sq": 900.0043561624043,
    "entropy_sv": 0.023142063848876376,
    "rank_tol": 16,
    "participation_ratio": 0.9939344151844063,
    "mean_row_norm": 7.5000085646169445,
    "std_row_norm": 0.012384541881126076,
    "mean_col_norm": 1.058485694449732,
    "std_col_norm": 0.7991723579625807
  },
  "metrics_V_centered_rowcol": {
    "frobenius": 1.6546802967976952,
    "frobenius_sq": 2.737966884610509,
    "entropy_sv": 0.8166815172718013,
    "rank_tol": 15,
    "participation_ratio": 0.5875397860306752,
    "mean_row_norm": 0.3774209582920643,
    "std_row_norm": 0.17489456032724512,
    "mean_col_norm": 0.04734557378786082,
    "std_col_norm": 0.05578589847824842
  },
  "row_distance_raw": {
    "max_row_distance": 1.3212173432631016,
    "mean_row_distance": 0.5376614215331517,
    "median_row_distance": 0.4937182903669737
  },
  "row_distance_centered_past": {
    "max_row_distance": 1.3212173432631016,
    "mean_row_distance": 0.5376614215331517,
    "median_row_distance": 0.4937182903669737
  },
  "delta_norm_centered_past": 0.002699341623786893,
  "corr_weight_vs_centered_block_norm": -0.07127276565080005,
  "corr_terminated_early_vs_centered_block_norm": NaN,
  "summarize_weights": {
    "mean_weight_by_past": [
      3.917553731675547e-09,
      1.2856651956831624e-09,
      7.244706959312221e-06,
      9.871154080707221e-11,
      1.1782156118307786e-06,
      1.6519706690670514e-07,
      2.1959132285198615e-06,
      6.904890878772104e-08,
      1.4397648288611988e-07,
      2.798514667550802e-10,
      2.4129521607208877e-08,
      7.244744105026669e-07,
      1.1796874226881467e-06,
      7.264956840122396e-10,
      4.9142950287257026e-08,
      4.466956009557361e-07
    ],
    "mean_weight_by_future": [
      3.634885566078473e-07,
      1.5462824763248257e-08,
      1.6347671550075955e-07,
      1.12490081838127e-07,
      1.568407709144906e-07,
      2.17267495872066e-07,
      3.0107392693074627e-06,
      1.5404774975362364e-09,
      4.738903759330218e-07,
      1.018960495099442e-07,
      4.289310666584997e-07,
      1.0914508283947076e-07,
      5.042857262891413e-08,
      4.970992330379144e-10,
      1.0677509119289705e-07,
      5.644696586134146e-08,
      1.573813304750029e-07,
      1.490551132464153e-07,
      1.4839996192230808e-06,
      1.2650127488466672e-07,
      1.0729362549106541e-09,
      1.0297149279807111e-07,
      1.8044572250064124e-09,
      1.7538048109348767e-08,
      8.577619918565712e-09,
      5.208166106552191e-06,
      1.6030265205737834e-05,
      7.845280557957757e-07,
      7.403508189329346e-08,
      4.3455118772979324e-08,
      2.3313430963951245e-07,
      1.9595325075420282e-09,
      4.5140497154876905e-07,
      5.335099677481483e-08,
      9.217370580038455e-07,
      2.951004253809792e-08,
      1.2658654329274023e-08,
      9.824957773028322e-11,
      1.4727324108070475e-08,
      2.150196794251566e-08,
      6.634225184584043e-07,
      1.9177835891610614e-07,
      4.380028284253993e-07,
      7.269544495913302e-06,
      1.1891060627031262e-06,
      1.6368264613558704e-07,
      1.0825640889978151e-08,
      1.7230313437750525e-06,
      6.243463309763873e-06,
      1.0397162022483483e-08,
      2.774348826895544e-07,
      1.5794968401936643e-07,
      4.849665596370726e-09,
      8.306670197787292e-09,
      2.458465221602859e-07,
      3.486976863619219e-10,
      1.374433812934746e-07,
      1.160788474487021e-06,
      2.1509759474425193e-08,
      8.77536164338733e-07,
      1.1191472745991955e-06,
      4.907661242615497e-07,
      2.597669289641094e-09,
      3.4553665003626794e-09
    ]
  },
  "mean_centered_block_norm_by_past": [
    0.10025631093834414,
    0.03264636075449902,
    0.026870366690182758,
    0.02890845021919502,
    0.02954162845082963,
    0.05403865970374781,
    0.02706479694625502,
    0.03195921477491647,
    0.02879999528928616,
    0.04771249662545042,
    0.0654362688688637,
    0.021729781747303216,
    0.03519239461636137,
    0.03582579306499179,
    0.04564513234488884,
    0.01452148677524968
  ],
  "mean_centered_block_norm_by_future": [
    0.04138491146126363,
    0.006068007942182406,
    0.05060481589705439,
    0.04042901545742619,
    0.04844121289772324,
    0.036534822992226025,
    0.053213618073348457,
    0.028778251818644483,
    0.04458051051271412,
    0.046086645723449636,
    0.04093277338458968,
    0.06349627883713385,
    0.0064360340589694354,
    0.04465367347677677,
    0.03945130891798974,
    0.0312930138880887,
    0.04029404583323107,
    0.023465337199202317,
    0.03640528387832508,
    0.06043622697635738,
    0.03653384994232287,
    0.01784322684347034,
    0.02501871624919225,
    0.04627588821417501,
    0.018683101936342306,
    0.05307140195330903,
    0.05152925156761429,
    0.015564517700385598,
    0.03716467007325134,
    0.052939603231936,
    0.05714003478693958,
    0.05158265769809688,
    0.04226273485814683,
    0.04923581660473733,
    0.05742935490990505,
    0.04239905312619092,
    0.04402840752982539,
    0.021657097445312152,
    0.048976436180998124,
    0.041731110010689645,
    0.006323360233847586,
    0.042099525497246375,
    0.04415703373472591,
    0.00761281920194936,
    0.053716971942130286,
    0.036220846549335994,
    0.014965736166758437,
    0.03432155629563366,
    0.05950065534226006,
    0.04143281880499249,
    0.05403684163747539,
    0.0230881060964423,
    0.046416017796412135,
    0.005966597096514976,
    0.037858233125012956,
    0.054284575370998046,
    0.02899068700410532,
    0.030144758632194336,
    0.0562651028203405,
    0.06217606893242869,
    0.0618420173087718,
    0.03673902709514062,
    0.06262300817595946,
    0.009761466291246095
  ],
  "weighted_variants": {
    "masked_lt_1e-12_thr1e-12": {
      "frobenius": 31.380341204187108,
      "frobenius_sq": 984.7258140912032,
      "entropy_sv": 0.14772305541470712,
      "rank_tol": 16,
      "participation_ratio": 0.9508357532195161,
      "mean_row_norm": 7.840304787422559,
      "std_row_norm": 0.2828129577779822,
      "mean_col_norm": 0.9858423061996264,
      "std_col_norm": 0.9763551645097956
    },
    "weighted_sqrt_thr1e-12": {
      "frobenius": 0.02915678846325728,
      "frobenius_sq": 0.0008501183134911328,
      "entropy_sv": 0.015197718937996655,
      "rank_tol": 16,
      "participation_ratio": 0.9962176160572067,
      "mean_row_norm": 0.004697888300593298,
      "std_row_norm": 0.00575613204466049,
      "mean_col_norm": 0.0005783530317427847,
      "std_col_norm": 0.0011526013223870026
    },