{
  "case_name": "nm_mid",
  "cut": 10,
  "cut_comparison_mode": "cut_comparison_fresh_probes",
  "J": 1.0,
  "g": 1.0,
  "L": 2,
  "k": 20,
  "dt": 0.1,
  "n_pasts": 16,
  "n_futures": 64,
  "fraction_terminated_early": 0.0,
  "fraction_any_prob_skipped_renormalize": 0.0,
  "fraction_weight_lt_1e-12": 0.0419921875,
  "fraction_weight_lt_1e-10": 0.26171875,
  "fraction_weight_lt_1e-08": 0.71875,
  "fraction_weight_lt_1e-06": 0.986328125,
  "mean_cumulative_weight": 6.235173882049176e-08,
  "median_cumulative_weight": 1.0710164047352483e-09,
  "metrics_V_raw": {
    "frobenius": 31.850719801053316,
    "frobenius_sq": 1014.4683518452098,
    "entropy_sv": 0.018821697413305704,
    "rank_tol": 16,
    "participation_ratio": 0.9952799702100662,
    "mean_row_norm": 7.96267768128336,
    "std_row_norm": 0.006208322805884212,
    "mean_col_norm": 1.0280897974804688,
    "std_col_norm": 0.9624052675807173
  },
  "metrics_V_centered_past": {
    "frobenius": 1.5491664280457014,
    "frobenius_sq": 2.3999166217838774,
    "entropy_sv": 0.9149973667893401,
    "rank_tol": 15,
    "participation_ratio": 0.47166383099642556,
    "mean_row_norm": 0.36881946871689714,
    "std_row_norm": 0.12205785887849827,
    "mean_col_norm": 0.042134967350188464,
    "std_col_norm": 0.054015555839060085
  },
  "metrics_V_centered_global": {
    "frobenius": 29.422279301784947,
    "frobenius_sq": 865.6705193122428,
    "entropy_sv": 0.021621328072481388,
    "rank_tol": 16,
    "participation_ratio": 0.9944688263407232,
    "mean_row_norm": 7.355563043143284,
    "std_row_norm": 0.01031634870333333,
    "mean_col_norm": 1.0516585732739654,
    "std_col_norm": 0.7654549992908869
  },
  "metrics_V_centered_rowcol": {
    "frobenius": 1.5424195517947223,
    "frobenius_sq": 2.379058073758632,
    "entropy_sv": 0.9178291858045987,
    "rank_tol": 15,
    "participation_ratio": 0.46988298398391887,
    "mean_row_norm": 0.3673369925028011,
    "std_row_norm": 0.12112655001624964,
    "mean_col_norm": 0.044054369447357716,
    "std_col_norm": 0.052068276913669685
  },
  "row_distance_raw": {
    "max_row_distance": 0.9462866848996774,
    "mean_row_distance": 0.5156627816970112,
    "median_row_distance": 0.5239980130153962
  },
  "row_distance_centered_past": {
    "max_row_distance": 0.9462866848996774,
    "mean_row_distance": 0.5156627816970112,
    "median_row_distance": 0.5239980130153962
  },
  "delta_norm_centered_past": 0.0023656890009616217,
  "corr_weight_vs_centered_block_norm": 0.019100254293620503,
  "corr_terminated_early_vs_centered_block_norm": NaN,
  "summarize_weights": {
    "mean_weight_by_past": [
      2.3293287923374005e-10,
      7.287184759198486e-09,
      1.2103269026176773e-09,
      3.6231686663960714e-08,
      4.92551251304338e-08,
      3.775530396988826e-07,
      1.0956350121989369e-07,
      8.914887447711945e-08,
      1.5516615867173044e-08,
      5.2063664213371104e-09,
      7.065843662043202e-08,
      9.504321921971329e-08,
      5.473418550550305e-10,
      4.953116060022391e-09,
      1.2989038581491147e-07,
      5.3296675378836465e-09
    ],
    "mean_weight_by_future": [
      1.0036426045259915e-08,
      9.901042021490952e-12,
      8.720545117370202e-10,
      3.5858193516768606e-07,
      6.864791977052185e-12,
      6.75849868654622e-08,
      7.464828400743681e-07,
      2.420229775629829e-09,
      8.624251330859446e-09,
      2.9119433657068635e-10,
      2.6164899974236293e-08,
      3.828333605692974e-11,
      3.56640094990314e-08,
      6.675750296670539e-08,
      1.2053135813436554e-08,
      3.7998591362202e-10,
      9.486742030393542e-08,
      5.180074014593836e-10,
      7.552928516691011e-08,
      5.799255366138291e-07,
      1.1546910185492813e-12,
      5.743189612251098e-07,
      2.174876640931635e-07,
      1.0641549346559492e-11,
      2.0996395887222059e-10,
      8.731694193361105e-09,
      1.0359504986873954e-07,
      6.730190874329587e-10,
      4.433097186303981e-09,
      3.293576612686732e-10,
      3.801431266404453e-09,
      3.1238869196708764e-09,
      1.6265151085820203e-09,
      2.5485410109459457e-09,
      1.089367702475767e-10,
      1.897462824598106e-08,
      1.4388382808566234e-10,
      5.417730657279785e-08,
      2.2375633749255714e-07,
      1.025539452435548e-10,
      5.324442155554141e-08,
      2.442987295586486e-09,
      3.3289336169329605e-10,
      2.3031762569461714e-09,
      2.473053781183537e-10,
      4.505322449783367e-08,
      1.226217859960046e-09,
      2.7215193286040185e-08,
      1.6563449583842167e-09,
      2.662490859437695e-07,
      1.5887882930651586e-07,
      1.403483684808258e-09,
      5.378009193132254e-10,
      5.6720327747839674e-08,
      1.2605609909632709e-08,
      6.158784038797743e-09,
      1.825093951987288e-09,
      7.228598978634174e-10,
      1.50253624302059e-09,
      3.575011202751204e-11,
      8.91749830810363e-09,
      3.239036962309823e-09,
      2.0496336188046855e-08,
      1.253311124140549e-08
    ]
  },
  "mean_centered_block_norm_by_past": [
    0.018558371774895735,
    0.04178280917813117,
    0.051899635335269485,
    0.027773851880795786,
    0.06689318994289012,
    0.032720271431608015,
    0.04276569660663584,
    0.018932928699426133,
    0.03171324522044708,
    0.03289142242064869,
    0.04957254252510157,
    0.0618683599657675,
    0.03212467147448887,
    0.04063801673841555,
    0.027352083493723856,
    0.019143757589620416
  ],
  "mean_centered_block_norm_by_future": [
    0.035393184837779826,
    0.017834098077300024,
    0.04940061044862164,
    0.051443558597403516,
    0.0240121358886951,
    0.03158013301155119,
    0.03893829386102191,
    0.022685629361391426,
    0.04268431677143103,
    0.05055800923000364,
    0.05098049514698747,
    0.06369029216391525,
    0.05163557429351354,
    0.03479784066748397,
    0.01137709324244025,
    0.06508645178601549,
    0.03087732340700697,
    0.010957989021473024,
    0.05196967277190112,
    0.03489860512923225,
    0.04169290530865093,
    0.036501271457733485,
    0.008188392247937593,
    0.03954397332367206,
    0.052030589123250995,
    0.029869001516778838,
    0.02718667843534192,
    0.06083133317546046,
    0.03893778049174002,
    0.0613539944669156,
    0.06164116237488621,
    0.02099680930914523,
    0.03237299628337307,
    0.04194204017079323,
    0.03299354319680592,
    0.013441530829002495,
    0.0186248317509096,
    0.04284250825187324,
    0.03319936308932435,
    0.002981320503510432,
    0.036721931234986176,
    0.04831447099603303,
    0.010631376772124921,
    0.04030083863241108,
    0.025654030790263006,
    0.049985381892838986,
    0.03126639998337195,
    0.04743604464686494,
    0.006935517510234555,
    0.05527770448030343,
    0.030753982597445714,
    0.015624250838646757,
    0.05301121553360435,
    0.027137146914148993,
    0.04968038002405961,
    0.05052785862781615,
    0.06075105938975249,
    0.023385788601356945,
    0.05716498670518429,
    0.05011697224592357,
    0.012258796371505152,
    0.060655797910568944,
    0.05160230253106314,
    0.023355848858680913
  ],
  "weighted_variants": {
    "masked_lt_1e-12_thr1e-12": {
      "frobenius": 31.17474385851794,
      "frobenius_sq": 971.8646546442019,
      "entropy_sv": 0.16817539608702503,
      "rank_tol": 16,
      "participation_ratio": 0.9449054810307541,
      "mean_row_norm": 7.790561633557207,
      "std_row_norm": 0.22789552930333964,
      "mean_col_norm": 1.0034124420173558,
      "std_col_norm": 0.9450295886824968
    },
    "weighted_sqrt_thr1e-12": {
      "frobenius": 0.007958307815128662,
      "frobenius_sq": 6.333466328033793e-05,
      "entropy_sv": 0.02545119376285099,
      "rank_tol": 16,
      "participation_ratio": 0.9930882439613159,
      "mean_row_norm": 0.0015380647941757955,
      "std_row_norm": 0.0013034408387804291,
      "mean_col_norm": 0.00015521457823498762,
      "std_col_norm": 0.00031591751830611046
    },