{
  "case_name": "sweep",
  "L": 2,
  "k": 20,
  "dt": 0.1,
  "cut": 15,
  "J": 1.0,
  "g": 1.0,
  "n_pasts": 32,
  "n_futures": 32,
  "n_seeds": 1,
  "branch_weight_beta": 1.0,
  "delta": 2.9210867369735833e-10,
  "delta_norm": 0.8721120500859079,
  "entropy": 0.007261350465788728,
  "rank": 4,
  "max_row_distance": 1.2596839459356585e-05,
  "mean_row_distance": 2.0391472424321115e-06,
  "median_row_distance": 2.2326937423497892e-07,
  "weight_preparation": {
    "weight_data_invalid": false,
    "nan_count": 0,
    "posinf_count": 0,
    "neginf_count": 0,
    "negative_count": 0,
    "warnings": []
  }
}