{
  "case_name": "trivial",
  "cut": 15,
  "cut_comparison_mode": "asymmetry_grid",
  "J": 0.0,
  "g": 0.0,
  "L": 2,
  "k": 20,
  "dt": 0.1,
  "n_pasts": 32,
  "n_futures": 32,
  "fraction_terminated_early": 0.01171875,
  "fraction_any_prob_skipped_renormalize": 0.0,
  "fraction_weight_lt_1e-12": 0.078125,
  "fraction_weight_lt_1e-10": 0.1982421875,
  "fraction_weight_lt_1e-08": 0.587890625,
  "fraction_weight_lt_1e-06": 0.935546875,
  "mean_cumulative_weight": 8.335616366948585e-07,
  "median_cumulative_weight": 3.264768280520788e-09,
  "metrics_V_raw": {
    "frobenius": 32.000000119229085,
    "frobenius_sq": 1024.0000076306615,
    "entropy_sv": 0.02099506390844933,
    "rank_tol": 2,
    "participation_ratio": 0.9938215682210603,
    "mean_row_norm": 5.6568542705693075,
    "std_row_norm": 9.93994305873596e-11,
    "mean_col_norm": 1.4310932894986772,
    "std_col_norm": 1.3998667146625596
  },
  "metrics_V_centered_past": {
    "frobenius": 1.7905834131515088,
    "frobenius_sq": 3.206188959453307,
    "entropy_sv": 2.141404136484463e-27,
    "rank_tol": 1,
    "participation_ratio": 1.0,
    "mean_row_norm": 0.15324108226213656,
    "std_row_norm": 0.28139849038280895,
    "mean_col_norm": 0.021411953545991562,
    "std_col_norm": 0.11005916751441683
  },
  "metrics_V_centered_global": {
    "frobenius": 30.047618503670506,
    "frobenius_sq": 902.8593777421222,
    "entropy_sv": 0.02328878769422774,
    "rank_tol": 2,
    "participation_ratio": 0.993023640168063,
    "mean_row_norm": 5.311717476368031,
    "std_row_norm": 0.003664045041301362,
    "mean_col_norm": 1.4784538422172742,
    "std_col_norm": 1.1602703915238557
  },
  "metrics_V_centered_rowcol": {
    "frobenius": 1.7897191875698901,
    "frobenius_sq": 3.2030947703558277,
    "entropy_sv": 2.141404136484463e-27,
    "rank_tol": 1,
    "participation_ratio": 1.0,
    "mean_row_norm": 0.15316712041122627,
    "std_row_norm": 0.28126267332327887,
    "mean_col_norm": 0.02467125641938929,
    "std_col_norm": 0.10931650435404895
  },
  "row_distance_raw": {
    "max_row_distance": 1.3076572353035654,
    "mean_row_distance": 0.15818434298027,
    "median_row_distance": 0.0
  },
  "row_distance_centered_past": {
    "max_row_distance": 1.3076572353035654,
    "mean_row_distance": 0.15818434298027,
    "median_row_distance": 0.0
  },
  "delta_norm_centered_past": 0.0031310438823841514,
  "corr_weight_vs_centered_block_norm": -0.019891322689158934,
  "corr_terminated_early_vs_centered_block_norm": 0.5441124260856028,
  "summarize_weights": {
    "mean_weight_by_past": [
      6.301275356096924e-08,
      2.8453719457417745e-10,
      1.0349199621502545e-07,
      2.0183221759081856e-09,
      5.774054533164195e-12,
      8.01460535380834e-09,
      1.6538609546842605e-07,
      9.720495950320828e-08,
      5.0929583212820644e-08,
      4.231912560504659e-09,
      1.1021150251224934e-06,
      4.4270577925027537e-10,
      6.410288801030042e-08,
      1.6619307713684952e-09,
      7.455226452942656e-07,
      6.949130640477411e-06,
      1.0717174252723535e-09,
      1.6790971490355284e-05,
      3.811693700396369e-08,
      1.9814274846803638e-10,
      1.8375483795154224e-09,
      1.490304070210973e-07,
      2.8281929340897024e-08,
      3.668619065430333e-10,
      8.155892739811014e-08,
      1.411987019713695e-07,
      5.108847683486443e-09,
      7.18563103094973e-08,
      4.730317568244874e-09,
      2.0878016617429247e-09,
      3.7495430626113985e-14,
      2.121168661281345e-14
    ],
    "mean_weight_by_future": [
      2.4898713477880083e-07,
      1.1236059862665165e-08,
      3.0262171980695555e-08,
      2.974818645179127e-07,
      1.0050740447631296e-07,
      2.245942738009263e-08,
      1.3127718112322703e-06,
      2.5211533842568674e-06,
      2.4971688871407316e-07,
      3.058794971610554e-06,
      2.17736047913258e-06,
      5.499750001428934e-07,
      2.2658091955550976e-08,
      1.0226867555686221e-07,
      2.851719149858778e-09,
      4.786654074440453e-07,
      7.800380172167871e-07,
      1.227137611296421e-06,
      2.0354142013040506e-07,
      9.672199950975033e-07,
      1.6899043227861652e-08,
      4.5574611014002176e-07,
      1.2819950741366377e-06,
      2.949442381205702e-06,
      2.0524653567152316e-06,
      3.227474297461175e-08,
      2.9792682133249196e-07,
      4.176464262894711e-07,
      3.6573651090911563e-06,
      1.3377153299692058e-09,
      6.018709031452249e-07,
      5.439151547139454e-07
    ]
  },
  "mean_centered_block_norm_by_past": [
    0.0035533844893801637,
    0.0035533844893801637,
    0.0035533844893801637,
    0.0035533844893801637,
    0.0035533844893801637,
    0.0035533844893801637,
    0.0035533844893801637,
    0.0035533844893801637,
    0.0035533844893801637,
    0.0035533844893801637,
    0.0035533844893801637,
    0.0035533844893801637,
    0.0035533844893801637,
    0.0035533844893801637,
    0.0035533844893801637,
    0.0035533844893801637,
    0.0035533844893801637,
    0.0035533844893801637,
    0.0035533844893801637,
    0.0035533844893801637,
    0.0035533844893801637,
    0.0035533844893801637,
    0.0035533844893801637,
    0.0035533844893801637,
    0.0035533844893801637,
    0.0035533844893801637,
    0.0035533844893801637,
    0.0035533844893801637,
    0.0035533844893801637,
    0.0035533844893801637,
    0.05330076734070246,
    0.05330076734070246
  ],
  "mean_centered_block_norm_by_future": [
    0.0,
    0.1260316003015894,
    0.0,
    0.0,
    0.0,
    0.0,
    0.0,
    0.0,
    0.0,
    0.0,
    0.0,
    0.0,
    0.0,
    0.0,
    0.0,
    0.0,
    0.0,
    0.0,
    0.0,
    0.0,
    0.0,
    0.0,
    0.0,
    0.0,
    0.0,
    0.0,
    0.0,
    0.0,
    0.0,
    0.08717146906122045,
    0.0,
    0.0
  ],
  "weighted_variants": {
    "masked_lt_1e-12_thr1e-12": {
      "frobenius": 30.724583102200473,
      "frobenius_sq": 944.0000068040229,
      "entropy_sv": 0.07667021338582256,
      "rank_tol": 4,
      "participation_ratio": 0.9754964447186013,
      "mean_row_norm": 5.256304764879917,
      "std_row_norm": 1.3898286480881883,
      "mean_col_norm": 1.3648592202547072,
      "std_col_norm": 1.353445552015179
    },
    "weighted_sqrt_thr1e-12": {
      "frobenius": 0.029215870912596316,
      "frobenius_sq": 0.0008535671131814915,
      "entropy_sv": 5.853637297316188e-11,
      "rank_tol": 2,
      "participation_ratio": 0.9999999999958022,
      "mean_row_norm": 0.0022400534035693677,
      "std_row_norm": 0.00472807761915206,
      "mean_col_norm": 0.0010740973776101114,
      "std_col_norm": 0.0014795649969815633
    },
    "weighted_linear_thr1e-12": {
      "frobenius": 0.00016228138848368512,
      "frobenius_sq": 2.633524904819273e-08,
      "entropy_sv": 2.2581559202744316e-21,
      "rank_tol": 1,
      "participation_ratio": 1.0,
      "mean_row_norm": 7.422736640971715e-06,
      "std_row_norm": 2.8154037373037162e-05,
      "mean_col_norm": 4.72029342893338e-06,
      "std_col_norm": 8.994828473672956e-06
    },
    "masked_lt_1e-10_thr1e-10": {
      "frobenius": 28.653097644198812,
      "frobenius_sq": 821.0000046079915,
      "entropy_sv": 0.3327275668591383,
      "rank_tol": 10,
      "participation_ratio": 0.8687824612021153,
      "mean_row_norm": 4.803876356610344,
      "std_row_norm": 1.6316299689297085,
      "mean_col_norm": 1.2717335398140512,
      "std_col_norm": 1.2633128225738437
    },
    "weighted_sqrt_thr1e-10": {
      "frobenius": 0.029215870912596316,
      "frobenius_sq": 0.0008535671131814915,
      "entropy_sv": 5.853637297316188e-11,
      "rank_tol": 2,
      "participation_ratio": 0.9999999999958022,
      "mean_row_norm": 0.0022400534035693677,
      "std_row_norm": 0.00472807761915206,
      "mean_col_norm": 0.0010740973776101114,
      "std_col_norm": 0.0014795649969815633
    },
    "weighted_linear_thr1e-10": {
      "frobenius": 0.00016228138848368512,
      "frobenius_sq": 2.633524904819273e-08,