{
  "case_name": "markov_ref",
  "cut": 10,
  "cut_comparison_mode": "cut_comparison_fresh_probes",
  "J": 0.0,
  "g": 1.0,
  "L": 2,
  "k": 20,
  "dt": 0.1,
  "n_pasts": 32,
  "n_futures": 32,
  "weight_preparation": {
    "weight_data_invalid": false,
    "nan_count": 0,
    "posinf_count": 0,
    "neginf_count": 0,
    "negative_count": 0,
    "warnings": []
  },
  "variants": {
    "unweighted": {
      "metrics_raw": {
        "frobenius": 31.99999978775938,
        "frobenius_sq": 1023.9999864166002,
        "entropy_sv": 2.141404136484463e-27,
        "rank_tol": 1,
        "participation_ratio": 1.0,
        "mean_row_norm": 5.656854211973191,
        "std_row_norm": 0.0,
        "mean_col_norm": 1.4184412567400706,
        "std_col_norm": 1.4127351209733867
      },
      "metrics_centered_past": {
        "frobenius": 0.0,
        "frobenius_sq": 0.0,
        "entropy_sv": 0.0,
        "rank_tol": 0,
        "participation_ratio": 0.0,
        "mean_row_norm": 0.0,
        "std_row_norm": 0.0,
        "mean_col_norm": 0.0,
        "std_col_norm": 0.0
      },
      "delta_norm": 0.0,
      "row_distance_raw": {
        "max_row_distance": 0.0,
        "mean_row_distance": 0.0,
        "median_row_distance": 0.0
      },
      "row_distance_centered_past": {
        "max_row_distance": 0.0,
        "mean_row_distance": 0.0,
        "median_row_distance": 0.0
      },
      "control_heuristic": {
        "low_entropy_control": true,
        "very_low_entropy": true
      }
    },
    "weighted_sqrt": {
      "metrics_raw": {
        "frobenius": 0.051743865585978085,
        "frobenius_sq": 0.0026774276257797674,
        "entropy_sv": 2.141404136484463e-27,
        "rank_tol": 1,
        "participation_ratio": 1.0,
        "mean_row_norm": 0.004431817004721499,
        "std_row_norm": 0.00812982474705553,
        "mean_col_norm": 0.0014539451644290787,
        "std_col_norm": 0.0028943858783358808
      },
      "metrics_centered_past": {
        "frobenius": 0.045264948502709366,
        "frobenius_sq": 0.002048915562952931,
        "entropy_sv": 2.141404136484463e-27,
        "rank_tol": 1,
        "participation_ratio": 1.0,
        "mean_row_norm": 0.004867796461639604,
        "std_row_norm": 0.006452459912038794,
        "mean_col_norm": 0.0012718947888477807,
        "std_col_norm": 0.002531976037084983
      },
      "delta_norm": 0.7652552559123647,
      "row_distance_raw": {
        "max_row_distance": 0.04244637374618292,
        "mean_row_distance": 0.0063754004999195075,
        "median_row_distance": 0.0025412535185537306
      },
      "row_distance_centered_past": {
        "max_row_distance": 0.04244637374618292,
        "mean_row_distance": 0.0063754004999195075,
        "median_row_distance": 0.0025412535185537306
      },
      "control_heuristic": {
        "low_entropy_control": true,
        "very_low_entropy": true
      }
    },
    "weighted_linear": {
      "metrics_raw": {
        "frobenius": 0.0009126529691399931,
        "frobenius_sq": 8.329354420800452e-07,
        "entropy_sv": 2.141404136484463e-27,
        "rank_tol": 1,
        "participation_ratio": 1.0,
        "mean_row_norm": 4.1453292900712545e-05,
        "std_row_norm": 0.00015841426156941284,
        "mean_col_norm": 1.4517569059362073e-05,
        "std_col_norm": 5.5270491022746346e-05
      },
      "metrics_centered_past": {
        "frobenius": 0.0008820132801302104,
        "frobenius_sq": 7.77947426326053e-07,
        "entropy_sv": 2.141404136484463e-27,
        "rank_tol": 1,
        "participation_ratio": 1.0,
        "mean_row_norm": 6.412127027654597e-05,
        "std_row_norm": 0.00014439844435159283,
        "mean_col_norm": 1.4030183584052597e-05,
        "std_col_norm": 5.341494382833933e-05
      },
      "delta_norm": 0.9339828599240855,
      "row_distance_raw": {
        "max_row_distance": 0.0008953605657172934,
        "mean_row_distance": 7.697382613187754e-05,
        "median_row_distance": 8.224396871741577e-06
      },
      "row_distance_centered_past": {
        "max_row_distance": 0.0008953605657172934,
        "mean_row_distance": 7.697382613187754e-05,
        "median_row_distance": 8.224396871741575e-06
      },
      "control_heuristic": {
        "low_entropy_control": true,
        "very_low_entropy": true
      }
    }
  },
  "candidate_main": {
    "definition": "entropy_sv of centered_past( w_ij^0.5 * rho_flat ) \u2014 same as weighted_sqrt centered_past",
    "metrics_centered_past": {
      "frobenius": 0.045264948502709366,
      "frobenius_sq": 0.002048915562952931,
      "entropy_sv": 2.141404136484463e-27,
      "rank_tol": 1,
      "participation_ratio": 1.0,
      "mean_row_norm": 0.004867796461639604,
      "std_row_norm": 0.006452459912038794,
      "mean_col_norm": 0.0012718947888477807,
      "std_col_norm": 0.002531976037084983
    },
    "metrics_raw": {
      "frobenius": 0.051743865585978085,
      "frobenius_sq": 0.0026774276257797674,
      "entropy_sv": 2.141404136484463e-27,
      "rank_tol": 1,
      "participation_ratio": 1.0,
      "mean_row_norm": 0.004431817004721499,
      "std_row_norm": 0.00812982474705553,
      "mean_col_norm": 0.0014539451644290787,
      "std_col_norm": 0.0028943858783358808
    },
    "delta_norm": 0.7652552559123647
  }
}