{
  "case_name": "markov_ref",
  "cut": 5,
  "cut_comparison_mode": "asymmetry_grid",
  "J": 0.0,
  "g": 1.0,
  "L": 2,
  "k": 20,
  "dt": 0.1,
  "n_pasts": 64,
  "n_futures": 64,
  "fraction_terminated_early": 0.000732421875,
  "fraction_any_prob_skipped_renormalize": 0.0,
  "fraction_weight_lt_1e-12": 0.04833984375,
  "fraction_weight_lt_1e-10": 0.184326171875,
  "fraction_weight_lt_1e-08": 0.51318359375,
  "fraction_weight_lt_1e-06": 0.913818359375,
  "mean_cumulative_weight": 1.2308951995022342e-06,
  "median_cumulative_weight": 8.686249238326218e-09,
  "metrics_V_raw": {
    "frobenius": 64.00000026743108,
    "frobenius_sq": 4096.000034231178,
    "entropy_sv": 0.00562292628866513,
    "rank_tol": 3,
    "participation_ratio": 0.9986484601599528,
    "mean_row_norm": 8.00000003342889,
    "std_row_norm": 7.530233618400696e-10,
    "mean_col_norm": 1.9360644888010796,
    "std_col_norm": 2.063970596932195
  },
  "metrics_V_centered_past": {
    "frobenius": 1.6684043873755579,
    "frobenius_sq": 2.7835731998140103,
    "entropy_sv": 0.016442049464792396,
    "rank_tol": 2,
    "participation_ratio": 0.9953539558034439,
    "mean_row_norm": 0.07253142031861716,
    "std_row_norm": 0.19707711632494052,
    "mean_col_norm": 0.00821187713811293,
    "std_col_norm": 0.07334670259843996
  },
  "metrics_V_centered_global": {
    "frobenius": 60.69255517285609,
    "frobenius_sq": 3683.5862534101802,
    "entropy_sv": 0.006180109137373813,
    "rank_tol": 3,
    "participation_ratio": 0.9984951824383163,
    "mean_row_norm": 7.586568804106614,
    "std_row_norm": 0.0030220506674099624,
    "mean_col_norm": 2.075169571978946,
    "std_col_norm": 1.7011254086236085
  },
  "metrics_V_centered_rowcol": {
    "frobenius": 1.6668602856812604,
    "frobenius_sq": 2.778423211981413,
    "entropy_sv": 0.01646814099376181,
    "rank_tol": 2,
    "participation_ratio": 0.9953453838822788,
    "mean_row_norm": 0.07246421643587,
    "std_row_norm": 0.1968947507707137,
    "mean_col_norm": 0.011309742955740075,
    "std_col_norm": 0.07286334346783468
  },
  "row_distance_raw": {
    "max_row_distance": 1.2012802813010317,
    "mean_row_distance": 0.07377812694824759,
    "median_row_distance": 0.0
  },
  "row_distance_centered_past": {
    "max_row_distance": 1.2012802813010317,
    "mean_row_distance": 0.07377812694824759,
    "median_row_distance": 0.0
  },
  "delta_norm_centered_past": 0.0006795832950564145,
  "corr_weight_vs_centered_block_norm": -0.0041996616696240744,
  "corr_terminated_early_vs_centered_block_norm": 0.8405636701881135,
  "summarize_weights": {
    "mean_weight_by_past": [
      4.5739876280876494e-08,
      1.6244090994044474e-06,
      8.21391836563025e-07,
      2.401954221398455e-06,
      1.3227922826590452e-07,
      1.0825034773968236e-07,
      3.5097317470550613e-07,
      2.4564414429664287e-07,
      2.3791270141981563e-08,
      2.2255065365005334e-08,
      3.5708858842066106e-07,
      1.7373245009553962e-06,
      1.6770505207502271e-06,
      7.96575199217511e-09,
      5.280426703525819e-06,
      1.4152421489105863e-06,
      8.607440129783464e-08,
      2.125923426838837e-06,
      1.3047035369835781e-06,
      1.1666204533759662e-07,
      4.2620878989165555e-07,
      7.461436778255059e-07,
      7.594675883406537e-09,
      1.5367470371738525e-07,
      4.420122818992224e-09,
      3.7816181473775514e-10,
      4.917644732244007e-08,
      7.689816291593751e-07,
      1.1682801541567012e-06,
      1.7497127683820645e-07,
      2.2510288469239065e-07,
      4.270597127559674e-08,
      7.661272134236404e-08,
      2.3739293001693867e-07,
      1.1800712254263265e-05,
      2.287725441223774e-06,
      4.6716160074685943e-07,
      2.051643319233471e-06,
      1.2021352042685097e-05,
      1.639193091969178e-08,
      8.813081077188054e-08,
      1.1497937809701428e-07,
      3.540534416964974e-07,
      2.0944295869148433e-07,
      4.421911066471901e-08,
      4.218215064279504e-08,
      6.885768551670944e-06,
      1.37356048491099e-07,
      4.5652122129501527e-07,
      2.8325668946759776e-10,
      6.283943043463637e-08,
      1.7436577782081745e-06,
      2.1845771165837736e-06,
      1.0575721727473724e-06,
      7.262860096354557e-07,
      1.3133605175990706e-06,
      1.4701691552174259e-06,
      5.125427223960173e-06,
      5.522575654509886e-07,
      1.502823188225362e-07,
      4.841906640635351e-07,
      2.5911922305897355e-06,
      2.965103523786686e-07,
      7.425267873843663e-08
    ],
    "mean_weight_by_future": [
      1.1045037289490894e-07,
      1.7254548801034554e-09,
      9.154500244564826e-08,
      3.65346414183461e-08,
      1.993378789898215e-07,
      4.0856878926531774e-12,
      4.8199697100279e-07,
      2.1856619021519674e-10,
      4.905885248797102e-05,
      1.9421605243595783e-08,
      4.7888744792583e-07,
      4.919546698209038e-09,
      5.186165421502907e-07,
      3.927388094934797e-09,
      2.440752009225346e-09,
      4.784920743532512e-07,
      1.5270974889736474e-07,
      7.173930825301124e-12,
      7.820227062848935e-07,
      1.165231052879454e-07,
      9.3424093549938e-09,
      1.3946176415545379e-08,
      2.5320505072554364e-11,
      5.038048698166027e-06,
      5.2527731113062893e-08,
      2.1161292638069612e-08,
      2.609005619139252e-07,
      7.2807252924155645e-09,
      3.2420531700772833e-09,
      4.123179239569676e-08,
      9.563726174317596e-12,
      8.119032754811826e-07,
      1.150230097979603e-07,
      4.3340510437718575e-10,
      6.219134538137341e-07,
      2.438608037688355e-06,
      3.1889096035022585e-09,
      3.7939187492033966e-10,
      3.8094490282632085e-13,
      2.2258964031844842e-08,
      9.442667671348229e-07,
      2.475684339747593e-08,
      1.326218469701787e-07,
      3.5395626967909223e-06,
      2.672462164323472e-08,
      7.89656715823082e-06,
      1.1474693903543233e-10,
      5.950366931311823e-07,
      3.578524082077663e-09,
      4.219339244833103e-08,
      5.045350798687758e-10,
      2.497762361554652e-07,
      5.584873199189062e-07,
      7.4729367526615e-08,
      1.68504521830385e-08,
      2.7862095957375025e-08,
      1.6238474194473092e-08,
      3.0382389957319327e-07,
      4.350506695502507e-09,
      1.1744628310646972e-11,
      1.5951859132555507e-06,
      6.665477010499648e-07,
      3.5326887158720775e-11,
      5.740719888053943e-08
    ]
  },