{
  "case_name": "markov_ref",
  "cut": 10,
  "cut_comparison_mode": "asymmetry_grid",
  "J": 0.0,
  "g": 1.0,
  "L": 2,
  "k": 20,
  "dt": 0.1,
  "n_pasts": 16,
  "n_futures": 16,
  "fraction_terminated_early": 0.015625,
  "fraction_any_prob_skipped_renormalize": 0.0,
  "fraction_weight_lt_1e-12": 0.11328125,
  "fraction_weight_lt_1e-10": 0.28125,
  "fraction_weight_lt_1e-08": 0.60546875,
  "fraction_weight_lt_1e-06": 0.91015625,
  "mean_cumulative_weight": 2.7509796783421774e-06,
  "median_cumulative_weight": 3.0120929207584405e-09,
  "metrics_V_raw": {
    "frobenius": 15.999999954010107,
    "frobenius_sq": 255.99999852832343,
    "entropy_sv": 0.06602650355665202,
    "rank_tol": 3,
    "participation_ratio": 0.97774558507429,
    "mean_row_norm": 3.9999999885025272,
    "std_row_norm": 2.6605172674093235e-09,
    "mean_col_norm": 1.0015476092430626,
    "std_col_norm": 1.0023731839596564
  },
  "metrics_V_centered_past": {
    "frobenius": 1.7115253931452878,
    "frobenius_sq": 2.929319171381132,
    "entropy_sv": 0.3880987247696633,
    "rank_tol": 2,
    "participation_ratio": 0.7724659313834166,
    "mean_row_norm": 0.2705948711386321,
    "std_row_norm": 0.342322832308588,
    "mean_col_norm": 0.03947915502831075,
    "std_col_norm": 0.1466104673438468
  },
  "metrics_V_centered_global": {
    "frobenius": 14.759935626189547,
    "frobenius_sq": 217.8556996892594,
    "entropy_sv": 0.07512163847255311,
    "rank_tol": 3,
    "participation_ratio": 0.9740283717123349,
    "mean_row_norm": 3.6899794130343633,
    "std_row_norm": 0.0059475002066461955,
    "mean_col_norm": 1.0688391021388792,
    "std_col_norm": 0.750990528725233
  },
  "metrics_V_centered_rowcol": {
    "frobenius": 1.7106410833151386,
    "frobenius_sq": 2.926292915925591,
    "entropy_sv": 0.3865935070182037,
    "rank_tol": 2,
    "participation_ratio": 0.7736389772978209,
    "mean_row_norm": 0.2705108713428617,
    "std_row_norm": 0.34209889522288756,
    "mean_col_norm": 0.04370694523118429,
    "std_col_norm": 0.14531461637689494
  },
  "row_distance_raw": {
    "max_row_distance": 1.4564977498770055,
    "mean_row_distance": 0.30362773777509205,
    "median_row_distance": 0.0
  },
  "row_distance_centered_past": {
    "max_row_distance": 1.4564977498770055,
    "mean_row_distance": 0.30362773777509205,
    "median_row_distance": 0.0
  },
  "delta_norm_centered_past": 0.011442653078988346,
  "corr_weight_vs_centered_block_norm": -0.021175118930108833,
  "corr_terminated_early_vs_centered_block_norm": 0.8398546606841288,
  "summarize_weights": {
    "mean_weight_by_past": [
      8.661956177536162e-06,
      6.90608994221902e-08,
      1.5013159169381685e-07,
      1.056793431534051e-07,
      3.502334672444346e-08,
      2.979817739563183e-12,
      1.5653066476987058e-09,
      1.2046560817222395e-07,
      1.2949124806053482e-08,
      1.1891781385198242e-06,
      1.1577925531411147e-07,
      3.109497606180842e-10,
      1.8182327695702152e-07,
      2.2345201476813776e-08,
      3.318832630090001e-05,
      1.6107735257270265e-07
    ],
    "mean_weight_by_future": [
      4.705960951497435e-10,
      6.205630203883571e-07,
      4.5097805558306105e-10,
      3.578741466170375e-05,
      3.0493182296962904e-06,
      6.356269589530698e-07,
      2.658582333537083e-12,
      1.4398857160751892e-06,
      1.6873186439083502e-06,
      6.825730831744094e-08,
      3.436796047195469e-08,
      1.6811536202012056e-07,
      2.6059571121281655e-07,
      2.0408096140238631e-07,
      7.419787191444569e-09,
      5.178629940059417e-08
    ]
  },
  "mean_centered_block_norm_by_past": [
    0.012554225333738823,
    0.012554225333738823,
    0.012554225333738823,
    0.012554225333738823,
    0.012554225333738823,
    0.12106956123286688,
    0.012554225333738823,
    0.012554225333738823,
    0.012554225333738823,
    0.012554225333738823,
    0.012554225333738823,
    0.06298708941365044,
    0.012554225333738823,
    0.012554225333738823,
    0.012554225333738823,
    0.012554225333738823
  ],
  "mean_centered_block_norm_by_future": [
    0.009835425109427675,
    0.0,
    0.11462701450317904,
    0.0,
    0.0,
    0.0,
    0.23535336570625412,
    0.0,
    0.0,
    0.0,
    0.0,
    0.0,
    0.0,
    0.0,
    0.0,
    0.0
  ],
  "weighted_variants": {
    "masked_lt_1e-12_thr1e-12": {
      "frobenius": 15.066519124384197,
      "frobenius_sq": 226.99999852543473,
      "entropy_sv": 0.21468125485607592,
      "rank_tol": 5,
      "participation_ratio": 0.922567873889029,
      "mean_row_norm": 3.737467884168563,
      "std_row_norm": 0.4831383212822727,
      "mean_col_norm": 0.9277126648061884,
      "std_col_norm": 0.9591527495080511
    },
    "weighted_sqrt_thr1e-12": {
      "frobenius": 0.0265377236275262,
      "frobenius_sq": 0.0007042507753309623,
      "entropy_sv": 4.2517247074623006e-11,
      "rank_tol": 3,
      "participation_ratio": 0.9999999999970586,
      "mean_row_norm": 0.003198583757816946,
      "std_row_norm": 0.006003086797299294,
      "mean_col_norm": 0.0008885093868721229,
      "std_col_norm": 0.0021793615192638453
    },
    "weighted_linear_thr1e-12": {
      "frobenius": 0.0004491345737368902,
      "frobenius_sq": 2.0172186532581808e-07,
      "entropy_sv": 1.6254473899731392e-22,
      "rank_tol": 1,
      "participation_ratio": 1.0,
      "mean_row_norm": 3.599851635325314e-05,
      "std_row_norm": 0.00010984460977570426,
      "mean_col_norm": 8.975796020216182e-06,
      "std_col_norm": 3.882218258545144e-05
    },
    "masked_lt_1e-10_thr1e-10": {
      "frobenius": 13.564659895315755,
      "frobenius_sq": 183.99999807558763,
      "entropy_sv": 0.32805875271754475,
      "rank_tol": 5,
      "participation_ratio": 0.872282607345606,
      "mean_row_norm": 3.2549087909718852,
      "std_row_norm": 0.9828224076556497,
      "mean_col_norm": 0.7949940204649053,
      "std_col_norm": 0.9010143672375335
    },
    "weighted_sqrt_thr1e-10": {
      "frobenius": 0.0265377236275262,
      "frobenius_sq": 0.0007042507753309623,
      "entropy_sv": 4.2517247074623006e-11,
      "rank_tol": 3,
      "participation_ratio": 0.9999999999970586,
      "mean_row_norm": 0.003198583757816946,
      "std_row_norm": 0.006003086797299294,
      "mean_col_norm": 0.0008885093868721229,
      "std_col_norm": 0.0021793615192638453
    },
    "weighted_linear_thr1e-10": {
      "frobenius": 0.0004491345737368902,
      "frobenius_sq": 2.0172186532581808e-07,
      "entropy_sv": 1.6254473899731392e-22,
      "rank_tol": 1,
      "participation_ratio": 1.0,
      "mean_row_norm": 3.599851635325314e-05,
      "std_row_norm": 0.00010984460977570426,
      "mean_col_norm": 8.975796020216182e-06,
      "std_col_norm": 3.882218258545144e-05
    },
    "masked_lt_1e-08_thr1e-08": {
      "frobenius": 10.04987554756576,
      "frobenius_sq": 100.99999852156019,
      "entropy_sv": 0.7295150680662807,
      "rank_tol": 9,
      "participation_ratio": 0.6825801378883656,
      "mean_row_norm": 2.25831346022351,
      "std_row_norm": 1.13725762450828,
      "mean_col_norm": 0.5328343861475282,
      "std_col_norm": 0.7135317543641788
    },
    "weighted_sqrt_thr1e-08": {
      "frobenius": 0.0265377236275262,
      "frobenius_sq": 0.0007042507753309623,
      "entropy_sv": 4.2517247074623006e-11,
      "rank_tol": 3,
      "participation_ratio": 0.9999999999970586,
      "mean_row_norm": 0.003198583757816946,
      "std_row_norm": 0.006003086797299294,
      "mean_col_norm": 0.0008885093868721229,
      "std_col_norm": 0.0021793615192638453
    },
    "weighted_linear_thr1e-08": {
      "frobenius": 0.0004491345737368902,
      "frobenius_sq": 2.0172186532581808e-07,
      "entropy_sv": 1.6254473899731392e-22,
      "rank_tol": 1,
      "participation_ratio": 1.0,
      "mean_row_norm": 3.599851635325314e-05,
      "std_row_norm": 0.00010984460977570426,
      "mean_col_norm": 8.975796020216182e-06,
      "std_col_norm": 3.882218258545144e-05
    }
  },