{
  "case_name": "trivial",
  "cut": 15,
  "cut_comparison_mode": "asymmetry_grid",
  "J": 0.0,
  "g": 0.0,
  "L": 2,
  "k": 20,
  "dt": 0.1,
  "n_pasts": 32,
  "n_futures": 64,
  "fraction_terminated_early": 0.0009765625,
  "fraction_any_prob_skipped_renormalize": 0.0,
  "fraction_weight_lt_1e-12": 0.0400390625,
  "fraction_weight_lt_1e-10": 0.205078125,
  "fraction_weight_lt_1e-08": 0.60302734375,
  "fraction_weight_lt_1e-06": 0.94384765625,
  "mean_cumulative_weight": 3.199159089044925e-07,
  "median_cumulative_weight": 3.4776443541049695e-09,
  "metrics_V_raw": {
    "frobenius": 45.2548339218488,
    "frobenius_sq": 2047.9999932941168,
    "entropy_sv": 2.141404136484463e-27,
    "rank_tol": 1,
    "participation_ratio": 1.0,
    "mean_row_norm": 7.999999986902572,
    "std_row_norm": 0.0,
    "mean_col_norm": 1.4049670186692715,
    "std_col_norm": 1.4247921149132021
  },
  "metrics_V_centered_past": {
    "frobenius": 0.0,
    "frobenius_sq": 0.0,
    "entropy_sv": 0.0,
    "rank_tol": 0,
    "participation_ratio": 0.0,
    "mean_row_norm": 0.0,
    "std_row_norm": 0.0,
    "mean_col_norm": 0.0,
    "std_col_norm": 0.0
  },
  "metrics_V_centered_global": {
    "frobenius": 42.193913638834076,
    "frobenius_sq": 1780.3263481613883,
    "entropy_sv": 2.141404136484463e-27,
    "rank_tol": 1,
    "participation_ratio": 1.0,
    "mean_row_norm": 7.458900614704783,
    "std_row_norm": 0.0,
    "mean_col_norm": 1.4827207357118761,
    "std_col_norm": 1.1319194068185494
  },
  "metrics_V_centered_rowcol": {
    "frobenius": 0.0,
    "frobenius_sq": 0.0,
    "entropy_sv": 0.0,
    "rank_tol": 0,
    "participation_ratio": 0.0,
    "mean_row_norm": 0.0,
    "std_row_norm": 0.0,
    "mean_col_norm": 0.0,
    "std_col_norm": 0.0
  },
  "row_distance_raw": {
    "max_row_distance": 0.0,
    "mean_row_distance": 0.0,
    "median_row_distance": 0.0
  },
  "row_distance_centered_past": {
    "max_row_distance": 0.0,
    "mean_row_distance": 0.0,
    "median_row_distance": 0.0
  },
  "delta_norm_centered_past": 0.0,
  "corr_weight_vs_centered_block_norm": NaN,
  "corr_terminated_early_vs_centered_block_norm": NaN,
  "summarize_weights": {
    "mean_weight_by_past": [
      2.2618820278455558e-09,
      2.3406484981131005e-12,
      2.450575921860125e-07,
      2.7897233554325178e-09,
      1.2129247024203323e-08,
      9.78155803684235e-10,
      3.829915283899537e-07,
      3.7141759611050324e-06,
      4.1038118805204916e-08,
      7.349934399579794e-08,
      5.6164375524632184e-11,
      1.865005025032408e-10,
      4.2713544916133824e-08,
      2.6599885153648345e-08,
      6.155737113427915e-07,
      3.6741595544027304e-08,
      2.5266000980706025e-06,
      8.012076896198883e-08,
      8.435056849343922e-07,
      7.656302628287927e-10,
      5.8485210640856255e-09,
      1.0394008125006001e-09,
      7.302292703060361e-07,
      6.311175258309879e-07,
      3.1350169053940837e-09,
      9.68894122936001e-09,
      2.4586750408710986e-08,
      1.2482534177918902e-07,
      4.145815315868044e-08,
      2.752808263029791e-09,
      1.4497255820131369e-08,
      3.4262195954665213e-10
    ],
    "mean_weight_by_future": [
      2.2137357589397655e-08,
      4.2422024577617865e-07,
      2.918524051329549e-07,
      4.203293482800613e-07,
      7.654659327768035e-07,
      2.3855499270545118e-09,
      3.636342699639307e-07,
      3.552171431541268e-07,
      8.911652732851482e-09,
      3.038187636205304e-07,
      2.3749691936803856e-06,
      5.5158862282590705e-08,
      1.259568244238453e-07,
      3.124070106475583e-11,
      5.37288821825982e-07,
      2.4906586726069528e-08,
      5.162847595208056e-10,
      9.523107745878562e-07,
      3.030128108141832e-08,
      3.5308654973238073e-09,
      8.747085527958504e-08,
      1.2594167751948409e-07,
      4.766119847131469e-09,
      4.8980353499690725e-08,
      1.0396216171924617e-08,
      1.022885984386865e-06,
      3.5472440887786266e-08,
      2.0958934479623657e-10,
      7.32717058496183e-07,
      1.5203927662320602e-07,
      4.555660140826512e-08,
      6.3454660297604864e-09,
      7.020069891892587e-07,
      1.9816626666115788e-09,
      5.397500446080695e-08,
      1.1157248279931094e-06,
      2.797054428095072e-07,
      1.3762659215453096e-07,
      2.3174821759339967e-11,
      3.19185740419265e-07,
      1.951465099223181e-08,
      1.9025449312602767e-07,
      3.0149083511787456e-06,
      5.833567817295108e-09,
      6.279269665587084e-09,
      2.3833913628664305e-08,
      1.1701952932210767e-07,
      1.5951923771480803e-08,
      1.1806613269829686e-07,
      1.1497400163703057e-08,
      6.536814337895018e-08,
      3.281633669486217e-06,
      2.721918534013135e-07,
      4.149681676012342e-09,
      4.362284444169294e-09,
      1.5561153709207636e-07,
      5.18596789709864e-08,
      2.5146855619246134e-08,
      3.4703477099806407e-10,
      3.065928819678187e-07,
      9.03692342634094e-08,
      5.66323814409831e-07,
      2.5653510791782648e-08,
      1.5589427872109353e-07
    ]
  },
  "mean_centered_block_norm_by_past": [
    0.0,
    0.0,
    0.0,
    0.0,
    0.0,
    0.0,
    0.0,
    0.0,
    0.0,
    0.0,
    0.0,
    0.0,
    0.0,
    0.0,
    0.0,
    0.0,
    0.0,
    0.0,
    0.0,
    0.0,
    0.0,
    0.0,
    0.0,
    0.0,
    0.0,
    0.0,
    0.0,
    0.0,
    0.0,
    0.0,
    0.0,
    0.0
  ],
  "mean_centered_block_norm_by_future": [
    0.0,
    0.0,
    0.0,
    0.0,
    0.0,
    0.0,
    0.0,
    0.0,
    0.0,
    0.0,
    0.0,
    0.0,
    0.0,
    0.0,
    0.0,
    0.0,
    0.0,
    0.0,
    0.0,
    0.0,
    0.0,
    0.0,
    0.0,
    0.0,
    0.0,
    0.0,
    0.0,
    0.0,
    0.0,
    0.0,
    0.0,
    0.0,
    0.0,
    0.0,
    0.0,
    0.0,
    0.0,
    0.0,
    0.0,
    0.0,
    0.0,
    0.0,
    0.0,
    0.0,
    0.0,
    0.0,
    0.0,
    0.0,
    0.0,
    0.0,
    0.0,
    0.0,
    0.0,
    0.0,
    0.0,
    0.0,
    0.0,
    0.0,
    0.0,
    0.0,
    0.0,
    0.0,
    0.0,
    0.0
  ],
  "weighted_variants": {
    "masked_lt_1e-12_thr1e-12": {
      "frobenius": 44.33959847265927,
      "frobenius_sq": 1965.9999927166482,
      "entropy_sv": 0.13930996164359524,
      "rank_tol": 8,
      "participation_ratio": 0.9550688248157273,
      "mean_row_norm": 7.82153711399663,
      "std_row_norm": 0.519112838022509,
      "mean_col_norm": 1.375640930548844,
      "std_col_norm": 1.396877530067897
    },
    "weighted_sqrt_thr1e-12": {
      "frobenius": 0.025596635940219402,
      "frobenius_sq": 0.0006551877714561316,
      "entropy_sv": 2.141404136484463e-27,
      "rank_tol": 1,
      "participation_ratio": 1.0,
      "mean_row_norm": 0.0026902966447816925,
      "std_row_norm": 0.0036964739007843473,
      "mean_col_norm": 0.0005721946844514665,
      "std_col_norm": 0.0009767908555925763
    },
    "weighted_linear_thr1e-12": {
      "frobenius": 8.414593831444057e-05,
      "frobenius_sq": 7.080538934817637e-09,
      "entropy_sv": 2.141404136484463e-27,
      "rank_tol": 1,
      "participation_ratio": 1.0,
      "mean_row_norm": 5.68231498398417e-06,
      "std_row_norm": 1.3966896831721926e-05,
      "mean_col_norm": 1.1943501185209444e-06,
      "std_col_norm": 3.5251917452241505e-06
    },
    "masked_lt_1e-10_thr1e-10": {
      "frobenius": 40.34848190657533,
      "frobenius_sq": 1627.9999921652368,
      "entropy_sv": 0.4005600189809605,
      "rank_tol": 16,
      "participation_ratio": 0.8528235903397426,
      "mean_row_norm": 6.940319370844015,
      "std_row_norm": 1.671612483523619,
      "mean_col_norm": 1.2364359464193857,
      "std_col_norm": 1.286135446153844
    },
    "weighted_sqrt_thr1e-10": {
      "frobenius": 0.025596635940219402,
      "frobenius_sq": 0.0006551877714561316,
      "entropy_sv": 2.141404136484463e-27,
      "rank_tol": 1,
      "participation_ratio": 1.0,
      "mean_row_norm": 0.0026902966447816925,
      "std_row_norm": 0.0036964739007843473,