{
  "case_name": "trivial",
  "cut": 15,
  "cut_comparison_mode": "asymmetry_grid",
  "J": 0.0,
  "g": 0.0,
  "L": 2,
  "k": 20,
  "dt": 0.1,
  "n_pasts": 16,
  "n_futures": 16,
  "fraction_terminated_early": 0.0,
  "fraction_any_prob_skipped_renormalize": 0.0,
  "fraction_weight_lt_1e-12": 0.01171875,
  "fraction_weight_lt_1e-10": 0.1953125,
  "fraction_weight_lt_1e-08": 0.55078125,
  "fraction_weight_lt_1e-06": 0.9296875,
  "mean_cumulative_weight": 3.8783791047583245e-06,
  "median_cumulative_weight": 5.817605169154877e-09,
  "metrics_V_raw": {
    "frobenius": 16.000000025187614,
    "frobenius_sq": 256.00000080600364,
    "entropy_sv": 1.0361632918473208e-27,
    "rank_tol": 1,
    "participation_ratio": 1.0,
    "mean_row_norm": 4.000000006296903,
    "std_row_norm": 0.0,
    "mean_col_norm": 0.9361447949195281,
    "std_col_norm": 1.0641806390936817
  },
  "metrics_V_centered_past": {
    "frobenius": 0.0,
    "frobenius_sq": 0.0,
    "entropy_sv": 0.0,
    "rank_tol": 0,
    "participation_ratio": 0.0,
    "mean_row_norm": 0.0,
    "std_row_norm": 0.0,
    "mean_col_norm": 0.0,
    "std_col_norm": 0.0
  },
  "metrics_V_centered_global": {
    "frobenius": 14.840748436478272,
    "frobenius_sq": 220.24781415483227,
    "entropy_sv": 1.0361632918473208e-27,
    "rank_tol": 1,
    "participation_ratio": 1.0,
    "mean_row_norm": 3.7101871091195675,
    "std_row_norm": 0.0,
    "mean_col_norm": 1.0048694197103032,
    "std_col_norm": 0.8464758237717144
  },
  "metrics_V_centered_rowcol": {
    "frobenius": 0.0,
    "frobenius_sq": 0.0,
    "entropy_sv": 0.0,
    "rank_tol": 0,
    "participation_ratio": 0.0,
    "mean_row_norm": 0.0,
    "std_row_norm": 0.0,
    "mean_col_norm": 0.0,
    "std_col_norm": 0.0
  },
  "row_distance_raw": {
    "max_row_distance": 0.0,
    "mean_row_distance": 0.0,
    "median_row_distance": 0.0
  },
  "row_distance_centered_past": {
    "max_row_distance": 0.0,
    "mean_row_distance": 0.0,
    "median_row_distance": 0.0
  },
  "delta_norm_centered_past": 0.0,
  "corr_weight_vs_centered_block_norm": NaN,
  "corr_terminated_early_vs_centered_block_norm": NaN,
  "summarize_weights": {
    "mean_weight_by_past": [
      6.093515563070043e-05,
      2.705266185525917e-08,
      2.270669596804845e-10,
      1.069058143602103e-07,
      2.7692100092314304e-07,
      2.8036319294198215e-10,
      2.9185282322293324e-11,
      1.2996036351274322e-07,
      1.4840896351909576e-07,
      8.210455396931592e-10,
      7.977991480756489e-08,
      3.0953103769300397e-07,
      9.646253034011098e-10,
      2.5234919909985163e-10,
      1.097197012796915e-08,
      2.6803683156635074e-08
    ],
    "mean_weight_by_future": [
      4.952606143105328e-06,
      7.623540774722864e-06,
      2.69399600333279e-08,
      1.18098151599701e-06,
      2.026359795799623e-06,
      3.6187075438044794e-06,
      8.830945482559716e-07,
      3.0872676245702155e-05,
      7.330259014788923e-07,
      2.2844731771329625e-06,
      1.489113261505442e-07,
      1.5837858913495662e-08,
      1.0235939614041932e-06,
      8.54084021727834e-07,
      1.3114186963442123e-06,
      4.4978142055603006e-06
    ]
  },
  "mean_centered_block_norm_by_past": [
    0.0,
    0.0,
    0.0,
    0.0,
    0.0,
    0.0,
    0.0,
    0.0,
    0.0,
    0.0,
    0.0,
    0.0,
    0.0,
    0.0,
    0.0,
    0.0
  ],
  "mean_centered_block_norm_by_future": [
    0.0,
    0.0,
    0.0,
    0.0,
    0.0,
    0.0,
    0.0,
    0.0,
    0.0,
    0.0,
    0.0,
    0.0,
    0.0,
    0.0,
    0.0,
    0.0
  ],
  "weighted_variants": {
    "masked_lt_1e-12_thr1e-12": {
      "frobenius": 15.905973743222344,
      "frobenius_sq": 253.00000072007862,
      "entropy_sv": 0.05880087659402161,
      "rank_tol": 3,
      "participation_ratio": 0.980752706205394,
      "mean_row_norm": 3.975915051441259,
      "std_row_norm": 0.0700441668492919,
      "mean_col_norm": 0.9293455843542534,
      "std_col_norm": 1.0590760688098186
    },
    "weighted_sqrt_thr1e-12": {
      "frobenius": 0.031509761520879934,
      "frobenius_sq": 0.0009928650711027258,
      "entropy_sv": 1.0361632918473208e-27,
      "rank_tol": 1,
      "participation_ratio": 1.0,
      "mean_row_norm": 0.0026973994262683393,
      "std_row_norm": 0.007643950342004239,
      "mean_col_norm": 0.0013334983848438337,
      "std_col_norm": 0.0024547129255924035
    },
    "weighted_linear_thr1e-12": {
      "frobenius": 0.00051745933329905,
      "frobenius_sq": 2.6776416161829733e-07,
      "entropy_sv": 1.0361632918473208e-27,
      "rank_tol": 1,
      "participation_ratio": 1.0,
      "mean_row_norm": 3.293404409225766e-05,
      "std_row_norm": 0.00012920519634905425,
      "mean_col_norm": 1.2617976751554378e-05,
      "std_col_norm": 4.41351587706778e-05
    },
    "masked_lt_1e-10_thr1e-10": {
      "frobenius": 14.3527001223598,
      "frobenius_sq": 206.000000802387,
      "entropy_sv": 0.354587090442362,
      "rank_tol": 5,
      "participation_ratio": 0.8458855684051173,
      "mean_row_norm": 3.4931258751715033,
      "std_row_norm": 0.8473152394752124,
      "mean_col_norm": 0.830268671666373,
      "std_col_norm": 0.9629502902399817
    },
    "weighted_sqrt_thr1e-10": {
      "frobenius": 0.031509761520879934,
      "frobenius_sq": 0.0009928650711027258,
      "entropy_sv": 1.0361632918473208e-27,
      "rank_tol": 1,
      "participation_ratio": 1.0,
      "mean_row_norm": 0.0026973994262683393,
      "std_row_norm": 0.007643950342004239,
      "mean_col_norm": 0.0013334983848438337,
      "std_col_norm": 0.0024547129255924035
    },
    "weighted_linear_thr1e-10": {
      "frobenius": 0.00051745933329905,
      "frobenius_sq": 2.6776416161829733e-07,
      "entropy_sv": 1.0361632918473208e-27,
      "rank_tol": 1,
      "participation_ratio": 1.0,
      "mean_row_norm": 3.293404409225766e-05,
      "std_row_norm": 0.00012920519634905425,
      "mean_col_norm": 1.2617976751554378e-05,
      "std_col_norm": 4.41351587706778e-05
    },
    "masked_lt_1e-08_thr1e-08": {
      "frobenius": 10.723805312707372,
      "frobenius_sq": 115.00000038485085,
      "entropy_sv": 0.4471719351239625,
      "rank_tol": 5,
      "participation_ratio": 0.8035538757388111,
      "mean_row_norm": 2.08956815883107,
      "std_row_norm": 1.7347291611553308,
      "mean_col_norm": 0.5935860800884181,
      "std_col_norm": 0.7418847713448664
    },
    "weighted_sqrt_thr1e-08": {
      "frobenius": 0.031509761520879934,
      "frobenius_sq": 0.0009928650711027258,
      "entropy_sv": 1.0361632918473208e-27,
      "rank_tol": 1,
      "participation_ratio": 1.0,
      "mean_row_norm": 0.0026973994262683393,
      "std_row_norm": 0.007643950342004239,
      "mean_col_norm": 0.0013334983848438337,
      "std_col_norm": 0.0024547129255924035
    },
    "weighted_linear_thr1e-08": {
      "frobenius": 0.00051745933329905,
      "frobenius_sq": 2.6776416161829733e-07,
      "entropy_sv": 1.0361632918473208e-27,
      "rank_tol": 1,
      "participation_ratio": 1.0,
      "mean_row_norm": 3.293404409225766e-05,
      "std_row_norm": 0.00012920519634905425,
      "mean_col_norm": 1.2617976751554378e-05,
      "std_col_norm": 4.41351587706778e-05
    }
  },
  "heuristic_control_ok": true
}