{
  "case_name": "sweep",
  "L": 5,
  "k": 20,
  "dt": 0.1,
  "cut": 10,
  "J": 1.5,
  "g": 1.0,
  "n_pasts": 32,
  "n_futures": 32,
  "n_seeds": 3,
  "delta": 1.236070046326186,
  "delta_norm": 0.0012326740215764748,
  "entropy": 0.7954246799382302,
  "rank": 31,
  "participation_ratio": 1.5629216660225334,
  "max_row_distance": 0.6612826095660053,
  "mean_row_distance": 0.24828670932772337,
  "median_row_distance": 0.23033531762719392,
  "metrics_averaged_over_initial_states": true,
  "delta_z": 0.02328825125061922,
  "delta_z_norm": 5.864679384793823e-05,
  "entropy_z": 0.7540424778094521,
  "rank_z": 31,
  "participation_ratio_z": 1.6001417125302764
}