{
  "case_name": "markov_ref",
  "cut": 10,
  "cut_comparison_mode": "asymmetry_grid",
  "J": 0.0,
  "g": 1.0,
  "L": 2,
  "k": 20,
  "dt": 0.1,
  "n_pasts": 16,
  "n_futures": 64,
  "fraction_terminated_early": 0.0,
  "fraction_any_prob_skipped_renormalize": 0.0,
  "fraction_weight_lt_1e-12": 0.052734375,
  "fraction_weight_lt_1e-10": 0.2646484375,
  "fraction_weight_lt_1e-08": 0.619140625,
  "fraction_weight_lt_1e-06": 0.91015625,
  "mean_cumulative_weight": 1.8608037333267046e-06,
  "median_cumulative_weight": 2.5001566298608594e-09,
  "metrics_V_raw": {
    "frobenius": 32.00000004776876,
    "frobenius_sq": 1024.0000030572005,
    "entropy_sv": 1.0361632918473208e-27,
    "rank_tol": 1,
    "participation_ratio": 1.0,
    "mean_row_norm": 8.000000011942197,
    "std_row_norm": 0.0,
    "mean_col_norm": 0.9863099062094989,
    "std_col_norm": 1.014496395691075
  },
  "metrics_V_centered_past": {
    "frobenius": 0.0,
    "frobenius_sq": 0.0,
    "entropy_sv": 0.0,
    "rank_tol": 0,
    "participation_ratio": 0.0,
    "mean_row_norm": 0.0,
    "std_row_norm": 0.0,
    "mean_col_norm": 0.0,
    "std_col_norm": 0.0
  },
  "metrics_V_centered_global": {
    "frobenius": 30.178763343809003,
    "frobenius_sq": 910.75775696163,
    "entropy_sv": 1.0361632918473208e-27,
    "rank_tol": 1,
    "participation_ratio": 1.0,
    "mean_row_norm": 7.54469083595225,
    "std_row_norm": 0.0,
    "mean_col_norm": 1.0464120501121386,
    "std_col_norm": 0.8277583071673952
  },
  "metrics_V_centered_rowcol": {
    "frobenius": 0.0,
    "frobenius_sq": 0.0,
    "entropy_sv": 0.0,
    "rank_tol": 0,
    "participation_ratio": 0.0,
    "mean_row_norm": 0.0,
    "std_row_norm": 0.0,
    "mean_col_norm": 0.0,
    "std_col_norm": 0.0
  },
  "row_distance_raw": {
    "max_row_distance": 0.0,
    "mean_row_distance": 0.0,
    "median_row_distance": 0.0
  },
  "row_distance_centered_past": {
    "max_row_distance": 0.0,
    "mean_row_distance": 0.0,
    "median_row_distance": 0.0
  },
  "delta_norm_centered_past": 0.0,
  "corr_weight_vs_centered_block_norm": NaN,
  "corr_terminated_early_vs_centered_block_norm": NaN,
  "summarize_weights": {
    "mean_weight_by_past": [
      9.628883612527172e-11,
      5.108123868580998e-07,
      2.4608085625167464e-07,
      4.6930613489954566e-08,
      2.2701180797289598e-08,
      1.6245249216895258e-10,
      2.940838131293793e-07,
      4.0388453445607523e-10,
      3.826222642972433e-09,
      1.4687086661410236e-07,
      2.9815133301420134e-09,
      7.924108893761586e-06,
      3.243055831481661e-08,
      9.574738601420563e-06,
      9.309301456638795e-08,
      1.0873538586187556e-05
    ],
    "mean_weight_by_future": [
      5.921810344710512e-07,
      1.0227659273220142e-07,
      1.2480773428977442e-09,
      5.180154209550347e-07,
      3.739670972100433e-07,
      1.549868316312919e-07,
      5.2946365462889796e-11,
      1.1589691690705567e-07,
      2.4096941325304524e-09,
      2.9706997249012466e-07,
      1.4014436282496928e-07,
      2.542783254827194e-06,
      1.1154008409971746e-10,
      2.5291630952297765e-07,
      7.82952517119136e-08,
      1.598055718104464e-05,
      5.192307745257671e-07,
      1.1906146296446974e-07,
      6.479779190284337e-10,
      3.1350699693678124e-07,
      2.383895755285254e-08,
      1.509960281984142e-08,
      4.877283146003652e-10,
      3.387737687347412e-06,
      6.58385663226552e-09,
      7.2752904464357695e-09,
      1.1271431095079296e-06,
      8.207310603771416e-06,
      1.0693176341538887e-07,
      2.16528864263418e-08,
      1.2808550845173767e-08,
      6.912577715333814e-09,
      5.696027730078189e-08,
      1.3746927910672435e-09,
      4.9894459254301994e-05,
      1.0391712861624435e-07,
      1.591556116527313e-07,
      9.560067000498553e-06,
      1.6585708070055442e-06,
      2.2520124358455434e-09,
      4.5786770962696287e-08,
      4.498980305689304e-07,
      6.2910442051093845e-09,
      1.3471018410037412e-07,
      3.087222346266596e-08,
      1.7236443288746572e-08,
      5.597837934169944e-07,
      5.411031250063859e-08,
      7.193132302188478e-08,
      2.0349704250427377e-08,
      5.514148663667739e-09,
      4.326147346064433e-10,
      1.0580430525360742e-06,
      4.2250606645446564e-07,
      2.4415401292070638e-08,
      6.110540196489046e-08,
      1.6807185084831508e-06,
      5.4091565855249805e-08,
      5.434214469182855e-08,
      5.7371622573512236e-06,
      1.841513249124143e-10,
      7.703542338861082e-06,
      3.2212053053432083e-06,
      1.2113070495769046e-06
    ]
  },
  "mean_centered_block_norm_by_past": [
    0.0,
    0.0,
    0.0,
    0.0,
    0.0,
    0.0,
    0.0,
    0.0,
    0.0,
    0.0,
    0.0,
    0.0,
    0.0,
    0.0,
    0.0,
    0.0
  ],
  "mean_centered_block_norm_by_future": [
    0.0,
    0.0,
    0.0,
    0.0,
    0.0,
    0.0,
    0.0,
    0.0,
    0.0,
    0.0,
    0.0,
    0.0,
    0.0,
    0.0,
    0.0,
    0.0,
    0.0,
    0.0,
    0.0,
    0.0,
    0.0,
    0.0,
    0.0,
    0.0,
    0.0,
    0.0,
    0.0,
    0.0,
    0.0,
    0.0,
    0.0,
    0.0,
    0.0,
    0.0,
    0.0,
    0.0,
    0.0,
    0.0,
    0.0,
    0.0,
    0.0,
    0.0,
    0.0,
    0.0,
    0.0,
    0.0,
    0.0,
    0.0,
    0.0,
    0.0,
    0.0,
    0.0,
    0.0,
    0.0,
    0.0,
    0.0,
    0.0,
    0.0,
    0.0,
    0.0,
    0.0,
    0.0,
    0.0,
    0.0
  ],
  "weighted_variants": {
    "masked_lt_1e-12_thr1e-12": {
      "frobenius": 31.1448230585036,
      "frobenius_sq": 970.0000033454976,
      "entropy_sv": 0.19278368732474377,
      "rank_tol": 7,
      "participation_ratio": 0.9292358384888464,
      "mean_row_norm": 7.777026233386134,
      "std_row_norm": 0.39036826963619203,
      "mean_col_norm": 0.9599030167862481,
      "std_col_norm": 0.9874319188384129
    },
    "weighted_sqrt_thr1e-12": {
      "frobenius": 0.043651609249164364,
      "frobenius_sq": 0.0019054629900417319,
      "entropy_sv": 1.0361632918473208e-27,
      "rank_tol": 1,
      "participation_ratio": 1.0,
      "mean_row_norm": 0.006177357928260156,
      "std_row_norm": 0.009291239509919415,
      "mean_col_norm": 0.0007315993481927657,
      "std_col_norm": 0.0017867863200394707
    },
    "weighted_linear_thr1e-12": {
      "frobenius": 0.0004893592390350122,
      "frobenius_sq": 2.3947246482892625e-07,
      "entropy_sv": 1.0361632918473208e-27,
      "rank_tol": 1,
      "participation_ratio": 1.0,
      "mean_row_norm": 5.5097685074017756e-05,
      "std_row_norm": 0.00011281264303279608,
      "mean_col_norm": 4.325933461988509e-06,
      "std_col_norm": 2.1210484164346363e-05
    },
    "masked_lt_1e-10_thr1e-10": {
      "frobenius": 27.44084552085152,
      "frobenius_sq": 753.000002899237,
      "entropy_sv": 0.5119590213429397,
      "rank_tol": 14,
      "participation_ratio": 0.8055339516406527,
      "mean_row_norm": 6.669767153806521,
      "std_row_norm": 1.6578560597610537,
      "mean_col_norm": 0.8354599689649672,
      "std_col_norm": 0.879898814133313
    },
    "weighted_sqrt_thr1e-10": {
      "frobenius": 0.043651609249164364,
      "frobenius_sq": 0.0019054629900417319,
      "entropy_sv": 1.0361632918473208e-27,
      "rank_tol": 1,
      "participation_ratio": 1.0,
      "mean_row_norm": 0.006177357928260156,
      "std_row_norm": 0.009291239509919415,
      "mean_col_norm": 0.0007315993481927657,
      "std_col_norm": 0.0017867863200394707
    },
    "weighted_linear_thr1e-10": {
      "frobenius": 0.0004893592390350122,
      "frobenius_sq": 2.3947246482892625e-07,
      "entropy_sv": 1.0361632918473208e-27,
      "rank_tol": 1,
      "participation_ratio": 1.0,
      "mean_row_norm": 5.5097685074017756e-05,
      "std_row_norm": 0.00011281264303279608,
      "mean_col_norm": 4.325933461988509e-06,
      "std_col_norm": 2.1210484164346363e-05
    },
    "masked_lt_1e-08_thr1e-08": {
      "frobenius": 19.7484176932838,
      "frobenius_sq": 390.0000013884046,