{
  "case_name": "nm_mid",
  "cut": 15,
  "cut_comparison_mode": "cut_comparison_fresh_probes",
  "J": 1.0,
  "g": 1.0,
  "L": 2,
  "k": 20,
  "dt": 0.1,
  "n_pasts": 16,
  "n_futures": 64,
  "fraction_terminated_early": 0.0,
  "fraction_any_prob_skipped_renormalize": 0.0,
  "fraction_weight_lt_1e-12": 0.033203125,
  "fraction_weight_lt_1e-10": 0.2421875,
  "fraction_weight_lt_1e-08": 0.66796875,
  "fraction_weight_lt_1e-06": 0.912109375,
  "mean_cumulative_weight": 6.371583904828751e-07,
  "median_cumulative_weight": 2.1853944261819797e-09,
  "metrics_V_raw": {
    "frobenius": 31.87480224609176,
    "frobenius_sq": 1016.0030182274563,
    "entropy_sv": 0.022029919952402794,
    "rank_tol": 16,
    "participation_ratio": 0.9939336292301393,
    "mean_row_norm": 7.968694997698467,
    "std_row_norm": 0.009725450955351649,
    "mean_col_norm": 0.982740802854861,
    "std_col_norm": 1.0102449002679577
  },
  "metrics_V_centered_past": {
    "frobenius": 1.75845829709967,
    "frobenius_sq": 3.0921755826386716,
    "entropy_sv": 0.4489031569962121,
    "rank_tol": 15,
    "participation_ratio": 0.8144876431331008,
    "mean_row_norm": 0.38336613353782434,
    "std_row_norm": 0.2222104265688744,
    "mean_col_norm": 0.047974083760353115,
    "std_col_norm": 0.06119810112047543
  },
  "metrics_V_centered_global": {
    "frobenius": 30.068821059947414,
    "frobenius_sq": 904.1339999351371,
    "entropy_sv": 0.024341717705481155,
    "rank_tol": 16,
    "participation_ratio": 0.9931899753468225,
    "mean_row_norm": 7.517198109355889,
    "std_row_norm": 0.010712267973784129,
    "mean_col_norm": 1.0452444499317592,
    "std_col_norm": 0.8213820489676854
  },
  "metrics_V_centered_rowcol": {
    "frobenius": 1.7576063605122172,
    "frobenius_sq": 3.089180118513002,
    "entropy_sv": 0.44774606196024835,
    "rank_tol": 15,
    "participation_ratio": 0.8150511406521959,
    "mean_row_norm": 0.3831858179997963,
    "std_row_norm": 0.2220928005217989,
    "mean_col_norm": 0.0486994048819509,
    "std_col_norm": 0.06057300613895317
  },
  "row_distance_raw": {
    "max_row_distance": 1.4615933693030667,
    "mean_row_distance": 0.5470560795469953,
    "median_row_distance": 0.4674714172545844
  },
  "row_distance_centered_past": {
    "max_row_distance": 1.4615933693030667,
    "mean_row_distance": 0.5470560795469953,
    "median_row_distance": 0.4674714172545844
  },
  "delta_norm_centered_past": 0.003043470862944243,
  "corr_weight_vs_centered_block_norm": 0.04939276818268618,
  "corr_terminated_early_vs_centered_block_norm": NaN,
  "summarize_weights": {
    "mean_weight_by_past": [
      7.679897559623763e-09,
      1.2706779769848784e-09,
      5.623932037683018e-06,
      8.553867765312524e-12,
      2.2227866981857057e-08,
      6.8331734462052284e-09,
      4.219636891431205e-09,
      3.90519815238421e-09,
      3.855063652696068e-09,
      1.140666718117403e-07,
      1.003080673159363e-11,
      4.907112993143234e-10,
      4.0452124578980265e-06,
      3.175556561629231e-11,
      1.0873397646589234e-08,
      3.499171164860203e-07
    ],
    "mean_weight_by_future": [
      4.5820393185140176e-07,
      8.1776430849028e-08,
      5.33384672816562e-07,
      4.629912822882268e-08,
      1.7444179041598289e-06,
      1.1106241195702403e-07,
      4.1651403151778814e-08,
      9.533646123057426e-07,
      9.303228498298899e-07,
      2.648546272142475e-06,
      4.139997532546972e-08,
      1.256856478655485e-07,
      4.196938195852894e-08,
      5.011631788405647e-09,
      4.441102746789129e-07,
      5.8102388697456264e-08,
      3.23943941712172e-07,
      1.524571814654128e-06,
      6.831862237737128e-07,
      5.948310912883144e-08,
      2.115908219489021e-06,
      2.769636747321427e-07,
      2.704168126875106e-07,
      1.720470612208175e-07,
      3.3041665281219363e-07,
      3.5852392312350374e-06,
      1.1308328385139378e-07,
      1.5839831582171088e-06,
      8.028659380173021e-07,
      7.149235691161182e-07,
      3.681418909243875e-06,
      2.0806865136696663e-06,
      1.0219731688010416e-06,
      1.6788873077669782e-07,
      1.8943389413085366e-07,
      9.249023394404153e-08,
      1.3935750804853161e-08,
      2.0571753886993728e-07,
      1.3089661558927816e-07,
      3.4150465720985224e-07,
      3.223870494046325e-08,
      7.4415594952071045e-09,
      3.8655303182529137e-07,
      4.1688182188755495e-07,
      2.4688375371513018e-08,
      1.1950196721170725e-07,
      3.482093322618092e-07,
      3.5222527237094874e-08,
      1.2248168724403504e-07,
      4.467640899705847e-08,
      4.838537370322656e-07,
      2.951884555895405e-09,
      1.2805012694759198e-07,
      2.887023751999945e-07,
      2.2692027582039055e-07,
      5.907347680650593e-07,
      1.2152852089414345e-06,
      3.0645953621612083e-06,
      1.6884720350739088e-06,
      4.809664926067551e-08,
      4.2427003553298574e-07,
      1.786515897545143e-06,
      7.907440143098812e-08,
      4.644311955702769e-07
    ]
  },
  "mean_centered_block_norm_by_past": [
    0.051450840042169536,
    0.006423896275363393,
    0.011754562502814292,
    0.030198529358934002,
    0.06618832368601948,
    0.030404159833077222,
    0.04189288136218637,
    0.03939756303111453,
    0.030659909239923486,
    0.02203969584555556,
    0.04199550913485526,
    0.04124508240664326,
    0.09113999411945975,
    0.022233340843796308,
    0.10185008975971037,
    0.03734087286506585
  ],
  "mean_centered_block_norm_by_future": [
    0.012130187063315985,
    0.04513261597745077,
    0.04766805720877356,
    0.06484577738962612,
    0.021218967048757822,
    0.05484059381271142,
    0.01715146232937925,
    0.03818501727201048,
    0.028468914359976324,
    0.05290079046582365,
    0.03484870426898057,
    0.014735045481977127,
    0.03271788418690678,
    0.02043210367719971,
    0.05385900823868428,
    0.05363938699132918,
    0.06098292428316103,
    0.06083097473142925,
    0.052934623598375904,
    0.06904291630584902,
    0.05718442601517479,
    0.034248945313660406,
    0.05315002562086392,
    0.0477998302163118,
    0.012832092069248359,
    0.05077754088356365,
    0.0008635672580925816,
    0.051190800720864835,
    0.06149928071890312,
    0.06117218313332083,
    0.01632928518647948,
    0.05134828978639847,
    0.06146920623657683,
    0.052305002737354826,
    0.06170196910095858,
    0.03722172959801786,
    0.0255894133232966,
    0.058378416581914755,
    0.014950960227416358,
    0.03328586334821707,
    0.05079391639591252,
    0.03683933800062101,
    0.028254147852098385,
    0.040554730070999426,
    0.02773986255542598,
    0.0617589178459411,
    0.04723503703593665,
    0.0560481171784036,
    0.03468136477992387,
    0.01771993233988088,
    0.0073064051016076955,
    0.021931293641168543,
    0.05990427328771816,
    0.06486535404538762,
    0.0320457193637464,
    0.03775120374959938,
    0.03725723097292808,
    0.04828757867987176,
    0.0643577249070193,
    0.06105400882114109,
    0.058436205631309315,
    0.03363989952444649,
    0.008399058840918495,
    0.04813489783639569
  ],
  "weighted_variants": {
    "masked_lt_1e-12_thr1e-12": {
      "frobenius": 31.341502909625024,
      "frobenius_sq": 982.2898046340339,
      "entropy_sv": 0.14445403692769726,
      "rank_tol": 16,
      "participation_ratio": 0.9464836659689615,
      "mean_row_norm": 7.828502626711554,
      "std_row_norm": 0.33887565184100643,
      "mean_col_norm": 0.965312693679964,
      "std_col_norm": 0.9943023232154073
    },
    "weighted_sqrt_thr1e-12": {
      "frobenius": 0.025435478390201667,
      "frobenius_sq": 0.000646963560938416,
      "entropy_sv": 0.05892714207266112,
      "rank_tol": 16,
      "participation_ratio": 0.9790206524365773,
      "mean_row_norm": 0.0029851555216380775,
      "std_row_norm": 0.005798764840461316,
      "mean_col_norm": 0.0006396107238505425,
      "std_col_norm": 0.0009252951074915583
    },