{
  "case_name": "sweep",
  "L": 2,
  "k": 20,
  "dt": 0.1,
  "cut": 5,
  "J": 0.6,
  "g": 1.0,
  "n_pasts": 32,
  "n_futures": 32,
  "n_seeds": 1,
  "branch_weight_beta": 1.0,
  "delta": 6.65587566906565e-10,
  "delta_norm": 0.7550398601780692,
  "entropy": 0.0005620380603153844,
  "rank": 4,
  "max_row_distance": 2.0774140470383902e-05,
  "mean_row_distance": 3.930786100453791e-06,
  "median_row_distance": 1.734748143636925e-06,
  "weight_preparation": {
    "weight_data_invalid": false,
    "nan_count": 0,
    "posinf_count": 0,
    "neginf_count": 0,
    "negative_count": 0,
    "warnings": []
  }
}