{
  "case_name": "trivial",
  "cut": 10,
  "cut_comparison_mode": "cut_comparison_fresh_probes",
  "J": 0.0,
  "g": 0.0,
  "L": 2,
  "k": 20,
  "dt": 0.1,
  "n_pasts": 16,
  "n_futures": 64,
  "fraction_terminated_early": 0.0,
  "fraction_any_prob_skipped_renormalize": 0.0,
  "fraction_weight_lt_1e-12": 0.087890625,
  "fraction_weight_lt_1e-10": 0.3515625,
  "fraction_weight_lt_1e-08": 0.7138671875,
  "fraction_weight_lt_1e-06": 0.9404296875,
  "mean_cumulative_weight": 7.005634592092348e-07,
  "median_cumulative_weight": 5.864730340740662e-10,
  "metrics_V_raw": {
    "frobenius": 32.00000003666475,
    "frobenius_sq": 1024.000002346544,
    "entropy_sv": 1.0361632918473208e-27,
    "rank_tol": 1,
    "participation_ratio": 1.0,
    "mean_row_norm": 8.000000009166193,
    "std_row_norm": 0.0,
    "mean_col_norm": 0.9959023355049794,
    "std_col_norm": 1.0050629307944938
  },
  "metrics_V_centered_past": {
    "frobenius": 0.0,
    "frobenius_sq": 0.0,
    "entropy_sv": 0.0,
    "rank_tol": 0,
    "participation_ratio": 0.0,
    "mean_row_norm": 0.0,
    "std_row_norm": 0.0,
    "mean_col_norm": 0.0,
    "std_col_norm": 0.0
  },
  "metrics_V_centered_global": {
    "frobenius": 30.05562371990579,
    "frobenius_sq": 903.3405171925635,
    "entropy_sv": 1.1002038906860478e-27,
    "rank_tol": 1,
    "participation_ratio": 1.0,
    "mean_row_norm": 7.5139059299764455,
    "std_row_norm": 0.0,
    "mean_col_norm": 1.0457714962427218,
    "std_col_norm": 0.8197630435965436
  },
  "metrics_V_centered_rowcol": {
    "frobenius": 0.0,
    "frobenius_sq": 0.0,
    "entropy_sv": 0.0,
    "rank_tol": 0,
    "participation_ratio": 0.0,
    "mean_row_norm": 0.0,
    "std_row_norm": 0.0,
    "mean_col_norm": 0.0,
    "std_col_norm": 0.0
  },
  "row_distance_raw": {
    "max_row_distance": 0.0,
    "mean_row_distance": 0.0,
    "median_row_distance": 0.0
  },
  "row_distance_centered_past": {
    "max_row_distance": 0.0,
    "mean_row_distance": 0.0,
    "median_row_distance": 0.0
  },
  "delta_norm_centered_past": 0.0,
  "corr_weight_vs_centered_block_norm": NaN,
  "corr_terminated_early_vs_centered_block_norm": NaN,
  "summarize_weights": {
    "mean_weight_by_past": [
      1.514079042616721e-08,
      2.4527843506922964e-06,
      2.334485640786249e-10,
      6.787943824426606e-08,
      2.4476698530922284e-10,
      5.789390761642685e-07,
      4.7255429261612515e-09,
      3.723002293636362e-08,
      5.812956907639396e-09,
      1.2931912659690242e-09,
      7.686202905189669e-11,
      6.6163519889491e-07,
      1.8847251073826885e-11,
      7.362481082852589e-06,
      1.1176525011683167e-08,
      9.343246195930295e-09
    ],
    "mean_weight_by_future": [
      1.3037761812705653e-07,
      1.8158332249731048e-08,
      1.106996915737908e-07,
      4.10412348759995e-10,
      5.4723193732590225e-08,
      4.212614290421e-09,
      3.337113072630602e-08,
      1.0702627396484572e-07,
      2.2454768732740115e-05,
      2.6764275174789996e-08,
      1.3930230098910777e-09,
      5.0052542316705625e-11,
      1.6593880546994728e-06,
      1.1481709654652527e-09,
      6.398530743622914e-08,
      3.408680297608647e-08,
      1.7226359919400243e-07,
      1.6034549068017357e-07,
      9.967425166312569e-09,
      1.3979723576686223e-07,
      1.9770250217852535e-07,
      5.242999813253257e-07,
      9.502568648184692e-11,
      2.0967636316055914e-08,
      7.596886915628241e-11,
      2.874057553408304e-07,
      6.329128151053473e-08,
      5.084301106598229e-10,
      2.3468983737682934e-08,
      9.993538592873484e-10,
      4.278145542063292e-07,
      9.782432149060191e-07,
      2.5544200698768616e-08,
      1.4634007539583955e-08,
      1.3621911603337776e-07,
      2.880476112302717e-10,
      1.3400042184865868e-08,
      1.438799350766233e-06,
      1.4766907030403527e-06,
      1.3325172242372365e-08,
      1.7573380646813088e-07,
      5.1563363985752575e-08,
      2.0002019493603872e-06,
      1.6258744602086349e-06,
      1.06526970156474e-06,
      5.936573582498486e-08,
      1.2251982191716081e-08,
      2.8186904079476554e-08,
      1.1161952386414256e-08,
      1.1840633238778743e-10,
      4.808059996943821e-06,
      1.0955774285480795e-06,
      5.602880978774282e-09,
      6.782923942591185e-08,
      3.064696706814304e-08,
      8.6780763645201e-10,
      1.7855830568530312e-09,
      1.1973233879866759e-09,
      1.3090787875245428e-07,
      6.528994708359093e-07,
      6.651849302507064e-09,
      1.987495704116869e-06,
      1.2089747520161335e-07,
      6.920275620413979e-08
    ]
  },
  "mean_centered_block_norm_by_past": [
    0.0,
    0.0,
    0.0,
    0.0,
    0.0,
    0.0,
    0.0,
    0.0,
    0.0,
    0.0,
    0.0,
    0.0,
    0.0,
    0.0,
    0.0,
    0.0
  ],
  "mean_centered_block_norm_by_future": [
    0.0,
    0.0,
    0.0,
    0.0,
    0.0,
    0.0,
    0.0,
    0.0,
    0.0,
    0.0,
    0.0,
    0.0,
    0.0,
    0.0,
    0.0,
    0.0,
    0.0,
    0.0,
    0.0,
    0.0,
    0.0,
    0.0,
    0.0,
    0.0,
    0.0,
    0.0,
    0.0,
    0.0,
    0.0,
    0.0,
    0.0,
    0.0,
    0.0,
    0.0,
    0.0,
    0.0,
    0.0,
    0.0,
    0.0,
    0.0,
    0.0,
    0.0,
    0.0,
    0.0,
    0.0,
    0.0,
    0.0,
    0.0,
    0.0,
    0.0,
    0.0,
    0.0,
    0.0,
    0.0,
    0.0,
    0.0,
    0.0,
    0.0,
    0.0,
    0.0,
    0.0,
    0.0,
    0.0,
    0.0
  ],
  "weighted_variants": {
    "masked_lt_1e-12_thr1e-12": {
      "frobenius": 30.561413621435104,
      "frobenius_sq": 934.0000025404391,
      "entropy_sv": 0.2720221003339039,
      "rank_tol": 7,
      "participation_ratio": 0.8967279417718009,
      "mean_row_norm": 7.6169936618155685,
      "std_row_norm": 0.6165778368934606,
      "mean_col_norm": 0.9484832987617339,
      "std_col_norm": 0.9625006892102248
    },
    "weighted_sqrt_thr1e-12": {
      "frobenius": 0.026783893861705026,
      "frobenius_sq": 0.0007173769703950802,
      "entropy_sv": 1.0361632918473208e-27,
      "rank_tol": 1,
      "participation_ratio": 1.0,
      "mean_row_norm": 0.003428854965700003,
      "std_row_norm": 0.005940057398051475,
      "mean_col_norm": 0.0004479996569602361,
      "std_col_norm": 0.001096709791807555
    },
    "weighted_linear_thr1e-12": {
      "frobenius": 0.00026133183753463925,
      "frobenius_sq": 6.829432930923109e-08,
      "entropy_sv": 1.0361632918473208e-27,
      "rank_tol": 1,
      "participation_ratio": 1.0,
      "mean_row_norm": 2.344060529656287e-05,
      "std_row_norm": 6.298303352624582e-05,
      "mean_col_norm": 1.9777430218011524e-06,
      "std_col_norm": 1.138987585341026e-05
    },
    "masked_lt_1e-10_thr1e-10": {
      "frobenius": 25.768197491073643,
      "frobenius_sq": 664.000001938974,
      "entropy_sv": 0.5892221217927534,
      "rank_tol": 15,
      "participation_ratio": 0.7690203594827969,
      "mean_row_norm": 6.14865740384118,
      "std_row_norm": 1.9850137870553792,
      "mean_col_norm": 0.7830665293004723,
      "std_col_norm": 0.8276591953595478
    },
    "weighted_sqrt_thr1e-10": {
      "frobenius": 0.026783893861705026,
      "frobenius_sq": 0.0007173769703950802,
      "entropy_sv": 1.0361632918473208e-27,
      "rank_tol": 1,
      "participation_ratio": 1.0,
      "mean_row_norm": 0.003428854965700003,
      "std_row_norm": 0.005940057398051475,
      "mean_col_norm": 0.0004479996569602361,
      "std_col_norm": 0.001096709791807555
    },
    "weighted_linear_thr1e-10": {
      "frobenius": 0.00026133183753463925,
      "frobenius_sq": 6.829432930923109e-08,
      "entropy_sv": 1.0361632918473208e-27,
      "rank_tol": 1,
      "participation_ratio": 1.0,
      "mean_row_norm": 2.344060529656287e-05,
      "std_row_norm": 6.298303352624582e-05,
      "mean_col_norm": 1.9777430218011524e-06,
      "std_col_norm": 1.138987585341026e-05
    },
    "masked_lt_1e-08_thr1e-08": {
      "frobenius": 17.117242785841103,
      "frobenius_sq": 293.0000005894293,