{
  "case_name": "trivial",
  "cut": 10,
  "cut_comparison_mode": "cut_comparison_shared_probe_source",
  "J": 0.0,
  "g": 0.0,
  "L": 2,
  "k": 20,
  "dt": 0.1,
  "n_pasts": 64,
  "n_futures": 16,
  "fraction_terminated_early": 0.005859375,
  "fraction_any_prob_skipped_renormalize": 0.0,
  "fraction_weight_lt_1e-12": 0.044921875,
  "fraction_weight_lt_1e-10": 0.1982421875,
  "fraction_weight_lt_1e-08": 0.5751953125,
  "fraction_weight_lt_1e-06": 0.9248046875,
  "mean_cumulative_weight": 6.543486298606443e-07,
  "median_cumulative_weight": 4.3718962836194575e-09,
  "metrics_V_raw": {
    "frobenius": 32.000000055286584,
    "frobenius_sq": 1024.0000035383414,
    "entropy_sv": 0.028096137992913117,
    "rank_tol": 2,
    "participation_ratio": 0.9913005587076553,
    "mean_row_norm": 4.000000006910826,
    "std_row_norm": 3.3312930192158844e-10,
    "mean_col_norm": 2.05596348129745,
    "std_col_norm": 1.9500571695142022
  },
  "metrics_V_centered_past": {
    "frobenius": 2.19622474309731,
    "frobenius_sq": 4.823403122192845,
    "entropy_sv": 4.351885825758746e-27,
    "rank_tol": 1,
    "participation_ratio": 1.0,
    "mean_row_norm": 0.06809372453252581,
    "std_row_norm": 0.26805148704867304,
    "mean_col_norm": 0.06711142298542047,
    "std_col_norm": 0.18286646748177604
  },
  "metrics_V_centered_global": {
    "frobenius": 30.223800216010137,
    "frobenius_sq": 913.4780994972944,
    "entropy_sv": 0.030445775214260572,
    "rank_tol": 2,
    "participation_ratio": 0.9904351451327236,
    "mean_row_norm": 3.7779729044505084,
    "std_row_norm": 0.004036391035667886,
    "mean_col_norm": 2.1854141914804144,
    "std_col_norm": 1.5424328757886259
  },
  "metrics_V_centered_rowcol": {
    "frobenius": 2.19430847774579,
    "frobenius_sq": 4.814989695507046,
    "entropy_sv": 4.351885825758746e-27,
    "rank_tol": 1,
    "participation_ratio": 1.0,
    "mean_row_norm": 0.06803431092042272,
    "std_row_norm": 0.2678176048930927,
    "mean_col_norm": 0.07382016033282421,
    "std_col_norm": 0.18005826787321638
  },
  "row_distance_raw": {
    "max_row_distance": 2.2135864736922675,
    "mean_row_distance": 0.06917457730288336,
    "median_row_distance": 0.0
  },
  "row_distance_centered_past": {
    "max_row_distance": 2.2135864736922675,
    "mean_row_distance": 0.06917457730288336,
    "median_row_distance": 0.0
  },
  "delta_norm_centered_past": 0.004710354595240236,
  "corr_weight_vs_centered_block_norm": -0.024840792418712475,
  "corr_terminated_early_vs_centered_block_norm": 0.7205287795505457,
  "summarize_weights": {
    "mean_weight_by_past": [
      1.22656647423702e-08,
      3.5974321554438455e-09,
      3.0187342655989676e-08,
      6.587304473133183e-07,
      3.153551444184923e-06,
      1.9559597270980967e-06,
      3.106839522239831e-07,
      3.4272275531944246e-07,
      1.2607212122440684e-06,
      2.6732603042117937e-08,
      1.6644622614089843e-06,
      2.7471806889534304e-07,
      1.5513978176119992e-07,
      2.5049976749884e-11,
      1.160951654807707e-06,
      5.605652603819326e-07,
      6.006541537481986e-08,
      3.3549566627859024e-10,
      3.318540543516355e-08,
      1.1819286994651119e-07,
      4.354270277867378e-09,
      1.3968550081695798e-08,
      3.0549406716430556e-06,
      1.51504247966241e-07,
      6.925049042597716e-09,
      4.976864223533216e-06,
      2.4019376033284323e-06,
      6.835791151870722e-07,
      1.413240088484075e-07,
      3.095576385324077e-09,
      2.1688747515973427e-08,
      1.601250979170748e-08,
      1.3613311071495582e-09,
      4.330483433167168e-06,
      3.887417419443576e-06,
      5.4751944621600047e-08,
      9.159108886667063e-12,
      2.351182330399022e-09,
      3.441098334688415e-08,
      1.1522480014352072e-07,
      2.3147399273234262e-07,
      8.807596540356774e-08,
      3.206106031209152e-09,
      1.5001577341967686e-06,
      1.5909742948598302e-07,
      1.3057879649121595e-07,
      1.998311363082529e-08,
      1.1945580349497837e-07,
      4.3079150427935656e-07,
      7.49877341920388e-07,
      3.8724667470514813e-07,
      4.608682965677466e-14,
      2.2242319333593663e-10,
      6.868538750863138e-08,
      6.340879035552134e-10,
      7.405076724079825e-08,
      7.336134113715212e-10,
      1.6612182269284058e-06,
      1.3001447531568392e-08,
      4.341316614299724e-06,
      8.027875850312156e-10,
      2.5345170780481e-09,
      5.1510192410249275e-08,
      1.5865906602668516e-07
    ],
    "mean_weight_by_future": [
      3.744466463845676e-06,
      3.7792123341627546e-06,
      2.1476043749538907e-07,
      7.506530791088857e-10,
      1.4270744923476488e-08,
      8.513760029528532e-09,
      1.6420808097877072e-07,
      1.2861826736204293e-07,
      1.4463476671962762e-07,
      3.8233711996718585e-08,
      8.942589356370768e-08,
      2.1290828200150768e-06,
      4.469452721640664e-09,
      1.925314416131769e-10,
      3.4296536042825018e-09,
      5.308505830893545e-09
    ]
  },
  "mean_centered_block_norm_by_past": [
    0.0038557927361853386,
    0.0038557927361853386,
    0.0038557927361853386,
    0.0038557927361853386,
    0.0038557927361853386,
    0.0038557927361853386,
    0.0038557927361853386,
    0.0038557927361853386,
    0.0038557927361853386,
    0.0038557927361853386,
    0.0038557927361853386,
    0.0038557927361853386,
    0.0038557927361853386,
    0.0038557927361853386,
    0.0038557927361853386,
    0.0038557927361853386,
    0.0038557927361853386,
    0.0038557927361853386,
    0.0038557927361853386,
    0.0038557927361853386,
    0.0038557927361853386,
    0.0038557927361853386,
    0.0038557927361853386,
    0.0038557927361853386,
    0.0038557927361853386,
    0.0038557927361853386,
    0.0038557927361853386,
    0.0038557927361853386,
    0.0038557927361853386,
    0.0038557927361853386,
    0.0038557927361853386,
    0.0038557927361853386,
    0.0038557927361853386,
    0.0038557927361853386,
    0.0038557927361853386,
    0.0038557927361853386,
    0.0038557927361853386,
    0.0038557927361853386,
    0.0038557927361853386,
    0.0038557927361853386,
    0.0038557927361853386,
    0.0038557927361853386,
    0.0038557927361853386,
    0.0038557927361853386,
    0.0038557927361853386,
    0.0038557927361853386,
    0.0038557927361853386,
    0.0038557927361853386,
    0.0038557927361853386,
    0.0038557927361853386,
    0.0038557927361853386,
    0.24291494237967637,
    0.0038557927361853386,
    0.0038557927361853386,
    0.0038557927361853386,
    0.0038557927361853386,
    0.0038557927361853386,
    0.0038557927361853386,
    0.0038557927361853386,
    0.0038557927361853386,
    0.0038557927361853386,
    0.0038557927361853386,
    0.0038557927361853386,
    0.0038557927361853386
  ],
  "mean_centered_block_norm_by_future": [
    0.0,
    0.0,
    0.0,
    0.04130805685169989,
    0.0,
    0.0,
    0.0,
    0.0,
    0.0,
    0.0,
    0.0,
    0.0,
    0.0,
    0.035544802421067875,
    0.0406350782333339,
    0.003969533683736531
  ],
  "weighted_variants": {
    "masked_lt_1e-12_thr1e-12": {
      "frobenius": 31.272991598487433,
      "frobenius_sq": 978.0000035190656,
      "entropy_sv": 0.11710656702401762,
      "rank_tol": 5,
      "participation_ratio": 0.9606579933460794,
      "mean_row_norm": 3.873462988132176,
      "std_row_norm": 0.5309800793136014,
      "mean_col_norm": 2.005988545203838,
      "std_col_norm": 1.90921775207089
    },
    "weighted_sqrt_thr1e-12": {
      "frobenius": 0.025885382153833642,
      "frobenius_sq": 0.0006700530092500092,
      "entropy_sv": 6.793196697108384e-11,
      "rank_tol": 2,
      "participation_ratio": 0.9999999999951015,
      "mean_row_norm": 0.0021530510784457486,
      "std_row_norm": 0.00243445100450666,
      "mean_col_norm": 0.0009763870991223079,
      "std_col_norm": 0.002077298637694859
    },
    "weighted_linear_thr1e-12": {
      "frobenius": 9.600139861211069e-05,
      "frobenius_sq": 9.216268535481369e-09,