{
  "case_name": "markov_ref",
  "cut": 10,
  "cut_comparison_mode": "asymmetry_grid",
  "J": 0.0,
  "g": 1.0,
  "L": 2,
  "k": 20,
  "dt": 0.1,
  "n_pasts": 64,
  "n_futures": 64,
  "fraction_terminated_early": 0.0009765625,
  "fraction_any_prob_skipped_renormalize": 0.0,
  "fraction_weight_lt_1e-12": 0.061279296875,
  "fraction_weight_lt_1e-10": 0.260009765625,
  "fraction_weight_lt_1e-08": 0.616943359375,
  "fraction_weight_lt_1e-06": 0.93359375,
  "mean_cumulative_weight": 8.508625875502654e-07,
  "median_cumulative_weight": 2.5207390223991918e-09,
  "metrics_V_raw": {
    "frobenius": 64.00000001436383,
    "frobenius_sq": 4096.000001838571,
    "entropy_sv": 0.005578378223074768,
    "rank_tol": 3,
    "participation_ratio": 0.9986709690496715,
    "mean_row_norm": 8.000000001795483,
    "std_row_norm": 1.5349110358228176e-09,
    "mean_col_norm": 2.0024295819234523,
    "std_col_norm": 1.9995210756279007
  },
  "metrics_V_centered_past": {
    "frobenius": 1.6586348853177455,
    "frobenius_sq": 2.751069682793011,
    "entropy_sv": 0.07309176850999147,
    "rank_tol": 2,
    "participation_ratio": 0.9726528846274645,
    "mean_row_norm": 0.05528860780999975,
    "std_row_norm": 0.20140114566612952,
    "mean_col_norm": 0.010447537598845579,
    "std_col_norm": 0.07262460577985042
  },
  "metrics_V_centered_global": {
    "frobenius": 58.401064202206534,
    "frobenius_sq": 3410.6842999502496,
    "entropy_sv": 0.006510023090185327,
    "rank_tol": 3,
    "participation_ratio": 0.9984161329370083,
    "mean_row_norm": 7.3001315235193,
    "std_row_norm": 0.004719541803668101,
    "mean_col_norm": 2.059238156385197,
    "std_col_norm": 1.557487983372895
  },
  "metrics_V_centered_rowcol": {
    "frobenius": 1.6565388158638559,
    "frobenius_sq": 2.7441208484636257,
    "entropy_sv": 0.0732399754363516,
    "rank_tol": 2,
    "participation_ratio": 0.9725852850379177,
    "mean_row_norm": 0.05522495769693141,
    "std_row_norm": 0.20114489397681343,
    "mean_col_norm": 0.014016621169514278,
    "std_col_norm": 0.0719253040717483
  },
  "row_distance_raw": {
    "max_row_distance": 1.6604434659695535,
    "mean_row_distance": 0.06041488575689882,
    "median_row_distance": 0.0
  },
  "row_distance_centered_past": {
    "max_row_distance": 1.6604434659695535,
    "mean_row_distance": 0.06041488575689882,
    "median_row_distance": 0.0
  },
  "delta_norm_centered_past": 0.0006716478714741549,
  "corr_weight_vs_centered_block_norm": -0.00394974086579905,
  "corr_terminated_early_vs_centered_block_norm": 0.7681289184004358,
  "summarize_weights": {
    "mean_weight_by_past": [
      6.080637478563868e-07,
      8.405885435789908e-10,
      2.306547856945144e-07,
      2.957530748617766e-09,
      6.3087409699967715e-06,
      1.9867992509178676e-06,
      3.877510300602627e-10,
      2.2694748129858072e-11,
      1.0522720099650703e-07,
      3.4039408360415777e-07,
      1.3844904275082137e-08,
      4.762643479831231e-10,
      2.220210110529452e-08,
      1.4813106332026023e-07,
      2.717658996195155e-06,
      1.1465949141008203e-07,
      1.1894324308264423e-10,
      4.147359907019426e-07,
      1.7745842082632125e-09,
      1.6140818484016808e-07,
      1.6717847676432753e-05,
      2.995844288531756e-07,
      6.073511810292564e-09,
      8.866523912746369e-10,
      1.8368550082386417e-08,
      6.301185082225985e-07,
      2.2485885311849718e-08,
      1.3597545477652593e-07,
      1.7161132323739048e-07,
      1.284955330723672e-09,
      1.5579644906365587e-10,
      1.0342272819904108e-06,
      2.9130448729295025e-07,
      2.801833299920455e-06,
      9.153614219826082e-10,
      7.214933265138275e-07,
      1.2297713655156675e-07,
      3.987478486049159e-08,
      4.0796014871242884e-08,
      8.571417581195116e-10,
      1.1453273454066553e-06,
      4.61020978993623e-09,
      6.405557967584962e-07,
      1.2283256164586828e-08,
      4.36640648183605e-06,
      1.9191562275907801e-07,
      7.543745310595935e-06,
      1.9559418438394688e-08,
      3.6771863046843046e-08,
      6.470023045834834e-11,
      1.4613014211624105e-09,
      9.236206457315677e-07,
      4.435372139119252e-07,
      5.0606733802673e-09,
      2.2408702031347803e-07,
      9.311599584091633e-07,
      4.476325430697905e-08,
      2.2746194284852376e-08,
      5.441246982976756e-07,
      8.568917235580557e-11,
      1.0541289838205452e-07,
      5.350654664022026e-09,
      1.0684818180109454e-08,
      9.94099871871957e-07
    ],
    "mean_weight_by_future": [
      2.086112329720847e-08,
      2.003866324871635e-07,
      6.214357609508429e-10,
      1.3657465684877623e-07,
      1.27214680166108e-06,
      8.003709240584254e-10,
      3.188529900605438e-07,
      8.316502794033285e-07,
      1.7303285130643663e-08,
      3.9497012049129823e-07,
      2.6268413510930866e-08,
      9.319792048709316e-08,
      1.4100037597799226e-08,
      6.008205111273586e-07,
      1.7656614382782413e-10,
      4.250360794155212e-09,
      1.5532605376860564e-06,
      7.255990114108941e-08,
      2.9057723635264113e-09,
      6.6578953356430625e-09,
      1.2926297372659722e-07,
      1.5734885115150661e-06,
      5.299629098277498e-08,
      3.954065924790429e-09,
      5.136582449491166e-07,
      2.849633960117742e-07,
      2.4540025895941473e-07,
      2.088491377923324e-10,
      4.177745440696244e-07,
      7.169321776635766e-07,
      1.4387415219129353e-07,
      2.333172515261998e-08,
      7.300511694650427e-09,
      3.978834280311061e-09,
      3.392500933355245e-06,
      2.9107816032089666e-07,
      3.9083758719996974e-08,
      8.534011384291808e-11,
      1.2723499642426213e-07,
      4.645723780547528e-07,
      1.0539457840063342e-07,
      1.4301349727065878e-08,
      1.167957196332412e-06,
      3.607474916564457e-09,
      1.302898840683785e-06,
      3.7242267148911197e-07,
      7.818895741906018e-12,
      3.64193471183216e-10,
      1.097773515355287e-09,
      7.914581094210999e-09,
      2.0411347146860807e-08,
      5.182742814796612e-11,
      4.3270681623432696e-07,
      7.349066066877684e-08,
      1.4187806603310891e-11,
      1.568638663701765e-07,
      5.321627020841578e-10,
      2.0982738450342426e-05,
      3.3792836728684026e-08,
      1.8117390818886885e-07,
      3.4825257210259086e-09,
      9.468200284264706e-10,
      1.517413238796163e-05,
      4.188556118619513e-07
    ]
  },