{
  "case_name": "trivial",
  "cut": 15,
  "cut_comparison_mode": "cut_comparison_shared_probe_source",
  "J": 0.0,
  "g": 0.0,
  "L": 2,
  "k": 20,
  "dt": 0.1,
  "n_pasts": 64,
  "n_futures": 16,
  "fraction_terminated_early": 0.001953125,
  "fraction_any_prob_skipped_renormalize": 0.0,
  "fraction_weight_lt_1e-12": 0.033203125,
  "fraction_weight_lt_1e-10": 0.162109375,
  "fraction_weight_lt_1e-08": 0.568359375,
  "fraction_weight_lt_1e-06": 0.9716796875,
  "mean_cumulative_weight": 1.4252837975708841e-07,
  "median_cumulative_weight": 5.717909553304711e-09,
  "metrics_V_raw": {
    "frobenius": 32.00000005490485,
    "frobenius_sq": 1024.0000035139105,
    "entropy_sv": 0.011565007959106362,
    "rank_tol": 2,
    "participation_ratio": 0.996908354505295,
    "mean_row_norm": 4.000000006863109,
    "std_row_norm": 4.861133719485028e-11,
    "mean_col_norm": 2.056187732957461,
    "std_col_norm": 1.949818849629035
  },
  "metrics_V_centered_past": {
    "frobenius": 1.2746875403462976,
    "frobenius_sq": 1.624828325514094,
    "entropy_sv": 4.351885825758746e-27,
    "rank_tol": 1,
    "participation_ratio": 1.0,
    "mean_row_norm": 0.03952155739533884,
    "std_row_norm": 0.15557692434990525,
    "mean_col_norm": 0.0195296484720261,
    "std_col_norm": 0.11139799570659303
  },
  "metrics_V_centered_global": {
    "frobenius": 30.22117738513192,
    "frobenius_sq": 913.319562543609,
    "entropy_sv": 0.012559984021818113,
    "rank_tol": 2,
    "participation_ratio": 0.996599428191302,
    "mean_row_norm": 3.7776413370931046,
    "std_row_norm": 0.0066927512027585845,
    "mean_col_norm": 2.1844660058305525,
    "std_col_norm": 1.5433816563602956
  },
  "metrics_V_centered_rowcol": {
    "frobenius": 1.265646341793023,
    "frobenius_sq": 1.6018606624940617,
    "entropy_sv": 4.351885825758746e-27,
    "rank_tol": 1,
    "participation_ratio": 1.0,
    "mean_row_norm": 0.039241235954800675,
    "std_row_norm": 0.15447343677445347,
    "mean_col_norm": 0.032087770400745064,
    "std_col_norm": 0.10758877167159094
  },
  "row_distance_raw": {
    "max_row_distance": 1.2847642785024433,
    "mean_row_distance": 0.04014888370320135,
    "median_row_distance": 0.0
  },
  "row_distance_centered_past": {
    "max_row_distance": 1.2847642785024433,
    "mean_row_distance": 0.04014888370320135,
    "median_row_distance": 0.0
  },
  "delta_norm_centered_past": 0.0015867464061898526,
  "corr_weight_vs_centered_block_norm": -0.012851234890774207,
  "corr_terminated_early_vs_centered_block_norm": 0.7008524933133987,
  "summarize_weights": {
    "mean_weight_by_past": [
      2.591117874686448e-07,
      9.870071150476523e-09,
      8.662055785693566e-08,
      9.760172125292027e-07,
      2.993590883856265e-08,
      2.0146444258727653e-08,
      4.773567996961173e-08,
      3.6921464741702375e-08,
      8.513334895812565e-07,
      3.528232414333774e-08,
      7.236144018295844e-08,
      3.3215373111077085e-09,
      1.3840820692706609e-10,
      7.078545651589782e-10,
      8.137584837049113e-08,
      2.1553794527908238e-08,
      1.5992596274920116e-07,
      5.791381045302139e-10,
      2.2147747928718923e-09,
      3.5702588293166976e-07,
      2.2804796103882733e-09,
      5.422340129580647e-09,
      1.9313488333435304e-06,
      1.4018946605961639e-08,
      1.7218970450948755e-09,
      7.272578772549971e-09,
      1.2562826390953434e-07,
      6.396284782779755e-08,
      7.840738436888286e-09,
      1.6764658360316316e-08,
      1.2603119328577865e-08,
      1.6724182775697098e-10,
      3.805565517557155e-10,
      1.987992130702092e-08,
      3.781504127679304e-07,
      4.26111665453913e-07,
      3.1023019921247516e-12,
      8.1300237028946e-08,
      9.454689889701052e-08,
      1.8652373376476574e-09,
      1.737528840602397e-08,
      1.2455014121352493e-09,
      5.221963522028414e-09,
      2.6675183953738177e-07,
      1.5608074731278318e-08,
      8.338996292167008e-08,
      2.9749758137748413e-08,
      2.0181908577171245e-07,
      1.5648792572547043e-09,
      4.0309765780891146e-07,
      1.0256133541204162e-07,
      5.615663197151432e-14,
      1.1349039876167888e-10,
      3.596679611818338e-09,
      1.6227568387333673e-10,
      2.0777581602725366e-08,
      3.5395587639001388e-09,
      2.606007518426384e-07,
      4.793443858435561e-10,
      1.2208991527641494e-06,
      2.7611451904601887e-10,
      1.409270015486922e-10,
      1.1891266557524255e-07,
      1.2048280010381646e-07
    ],
    "mean_weight_by_future": [
      3.853493971102749e-07,
      6.010952355333402e-08,
      2.5664191066541097e-07,
      1.163647146076878e-08,
      1.8036732674598455e-09,
      1.6474642526234595e-07,
      1.016210927860395e-06,
      2.3300810223758236e-08,
      5.303703275782889e-08,
      4.526039372436559e-08,
      5.175667359678749e-08,
      3.109987509843813e-08,
      2.774230260877689e-08,
      1.2094229350807143e-07,
      1.1756921401912807e-10,
      3.0698796201379824e-08
    ]
  },
  "mean_centered_block_norm_by_past": [
    0.0012546526157250423,
    0.0012546526157250423,
    0.0012546526157250423,
    0.0012546526157250423,
    0.0012546526157250423,
    0.0012546526157250423,
    0.0012546526157250423,
    0.0012546526157250423,
    0.0012546526157250423,
    0.0012546526157250423,
    0.0012546526157250423,
    0.0012546526157250423,
    0.0012546526157250423,
    0.0012546526157250423,
    0.0012546526157250423,
    0.0012546526157250423,
    0.0012546526157250423,
    0.0012546526157250423,
    0.0012546526157250423,
    0.0012546526157250423,
    0.0012546526157250423,
    0.0012546526157250423,
    0.0012546526157250423,
    0.0012546526157250423,
    0.0012546526157250423,
    0.0012546526157250423,
    0.0012546526157250423,
    0.0012546526157250423,
    0.0012546526157250423,
    0.0012546526157250423,
    0.0012546526157250423,
    0.0012546526157250423,
    0.0012546526157250423,
    0.0012546526157250423,
    0.0012546526157250423,
    0.0012546526157250423,
    0.0012546526157250423,
    0.0012546526157250423,
    0.0012546526157250423,
    0.0012546526157250423,
    0.0012546526157250423,
    0.0012546526157250423,
    0.0012546526157250423,
    0.0012546526157250423,
    0.0012546526157250423,
    0.0012546526157250423,
    0.0012546526157250423,
    0.0012546526157250423,
    0.0012546526157250423,
    0.0012546526157250423,
    0.0012546526157250423,
    0.07904311479067767,
    0.0012546526157250423,
    0.0012546526157250423,
    0.0012546526157250423,
    0.0012546526157250423,
    0.0012546526157250423,
    0.0012546526157250423,
    0.0012546526157250423,
    0.0012546526157250423,
    0.0012546526157250423,
    0.0012546526157250423,
    0.0012546526157250423,
    0.0012546526157250423
  ],
  "mean_centered_block_norm_by_future": [
    0.0,
    0.0,
    0.0,
    0.0,
    0.0,
    0.0,
    0.0,
    0.0,
    0.0,
    0.0,
    0.0,
    0.0,
    0.0,
    0.0,
    0.03952155739533886,
    0.0
  ],
  "weighted_variants": {
    "masked_lt_1e-12_thr1e-12": {
      "frobenius": 31.464265504003148,
      "frobenius_sq": 990.0000037064025,
      "entropy_sv": 0.07252122217421521,
      "rank_tol": 3,
      "participation_ratio": 0.9761493729128013,
      "mean_row_norm": 3.899347829016283,
      "std_row_norm": 0.5177107766530059,
      "mean_col_norm": 2.0194064896689037,
      "std_col_norm": 1.919677783576663
    },
    "weighted_sqrt_thr1e-12": {
      "frobenius": 0.012080938074214674,
      "frobenius_sq": 0.00014594906475300974,
      "entropy_sv": 4.736739393148516e-11,
      "rank_tol": 2,
      "participation_ratio": 0.9999999999966296,
      "mean_row_norm": 0.0009872503465274418,
      "std_row_norm": 0.0011517455142399224,
      "mean_col_norm": 0.0005774362668878482,
      "std_col_norm": 0.0009017467150379747
    },
    "weighted_linear_thr1e-12": {
      "frobenius": 2.2507450950735385e-05,
      "frobenius_sq": 5.065853482997592e-10,
      "entropy_sv": 5.4027290574280255e-21,