{
  "case_name": "markov_ref",
  "cut": 10,
  "cut_comparison_mode": "cut_comparison_fresh_probes",
  "J": 0.0,
  "g": 1.0,
  "L": 2,
  "k": 20,
  "dt": 0.1,
  "n_pasts": 64,
  "n_futures": 16,
  "fraction_terminated_early": 0.0048828125,
  "fraction_any_prob_skipped_renormalize": 0.0,
  "fraction_weight_lt_1e-12": 0.0927734375,
  "fraction_weight_lt_1e-10": 0.3076171875,
  "fraction_weight_lt_1e-08": 0.7314453125,
  "fraction_weight_lt_1e-06": 0.955078125,
  "mean_cumulative_weight": 2.7342600056918854e-07,
  "median_cumulative_weight": 6.977767681566488e-10,
  "metrics_V_raw": {
    "frobenius": 32.000000082802075,
    "frobenius_sq": 1024.0000052993328,
    "entropy_sv": 0.01778080220777428,
    "rank_tol": 4,
    "participation_ratio": 0.9952124373835647,
    "mean_row_norm": 4.000000010350261,
    "std_row_norm": 1.3703201472478573e-09,
    "mean_col_norm": 2.1346057851546485,
    "std_col_norm": 1.8629471348776945
  },
  "metrics_V_centered_past": {
    "frobenius": 1.576051996715816,
    "frobenius_sq": 2.4839398963519104,
    "entropy_sv": 0.3781104769338717,
    "rank_tol": 3,
    "participation_ratio": 0.7860444265998279,
    "mean_row_norm": 0.08252116781548531,
    "std_row_norm": 0.18030469517975686,
    "mean_col_norm": 0.029830214784334667,
    "std_col_norm": 0.13660795554904262
  },
  "metrics_V_centered_global": {
    "frobenius": 29.794579414372276,
    "frobenius_sq": 887.7169624793362,
    "entropy_sv": 0.01999531732029136,
    "rank_tol": 4,
    "participation_ratio": 0.9945182932170901,
    "mean_row_norm": 3.724319857767253,
    "std_row_norm": 0.004409027406937419,
    "mean_col_norm": 2.1790860448392095,
    "std_col_norm": 1.4846185534520715
  },
  "metrics_V_centered_rowcol": {
    "frobenius": 1.5735348236044107,
    "frobenius_sq": 2.476011841095764,
    "entropy_sv": 0.37799805020851757,
    "rank_tol": 3,
    "participation_ratio": 0.7861025159065363,
    "mean_row_norm": 0.0823929857719661,
    "std_row_norm": 0.18001504251135148,
    "mean_col_norm": 0.03720881359557363,
    "std_col_norm": 0.13453906078944383
  },
  "row_distance_raw": {
    "max_row_distance": 0.9826922141568434,
    "mean_row_distance": 0.0925166439654752,
    "median_row_distance": 0.0
  },
  "row_distance_centered_past": {
    "max_row_distance": 0.9826922141568434,
    "mean_row_distance": 0.0925166439654752,
    "median_row_distance": 0.0
  },
  "delta_norm_centered_past": 0.0024257225424777337,
  "corr_weight_vs_centered_block_norm": -0.015025470000035615,
  "corr_terminated_early_vs_centered_block_norm": 0.8396278642564817,
  "summarize_weights": {
    "mean_weight_by_past": [
      6.732237147692622e-07,
      3.483037081966892e-08,
      1.5489112875432807e-07,
      4.1359860589966246e-07,
      1.0928236225303081e-11,
      7.833066698802645e-08,
      2.039206113210469e-07,
      5.377613374703333e-07,
      3.10849258313075e-11,
      9.422381392807609e-09,
      1.8264792136865074e-06,
      3.1042816388655787e-09,
      5.9198969469036236e-08,
      5.004798217445437e-10,
      1.2182537896552025e-07,
      5.515518703355571e-08,
      6.688582173981755e-10,
      1.0513181053492017e-06,
      1.5005529170687264e-09,
      2.2909799680260925e-08,
      5.945877135385558e-08,
      1.8341444528409964e-08,
      2.875140524256436e-07,
      1.5465102094128716e-08,
      1.4560610177304863e-08,
      1.1409420522702379e-07,
      2.2409218281124123e-08,
      2.3751974850146544e-09,
      1.0586610189113184e-09,
      1.5088287753868392e-09,
      1.5898547528174968e-09,
      1.0171556840958447e-06,
      2.6718083916604844e-07,
      3.8802760616901795e-08,
      6.402984719945148e-08,
      6.664470619291557e-08,
      4.6034513801032e-09,
      1.540060197698531e-06,
      2.357275831330367e-07,
      1.6365120430166274e-08,
      8.95704289270543e-10,
      3.8568604068931567e-08,
      2.612547665092384e-07,
      2.9222099477686014e-06,
      2.5724431019289218e-08,
      9.24656005377943e-08,
      1.9230385902220906e-10,
      1.027368391811348e-07,
      5.452658557667048e-08,
      5.717884234395283e-09,
      1.8823021798069832e-07,
      2.5033859809277287e-07,
      5.2759450252559014e-08,
      2.929177436378721e-11,
      1.1722389222071206e-07,
      1.8141032014612804e-08,
      1.7737765310891666e-07,
      3.851501133416205e-06,
      1.081015884040853e-07,
      2.74704677587855e-09,
      6.282328259413511e-08,
      5.757329602240909e-09,
      5.187067242961925e-10,
      1.217943530332693e-07
    ],
    "mean_weight_by_future": [
      8.67495060577751e-09,
      6.560278217833847e-10,
      5.92468019899303e-10,
      1.4301666324007738e-09,
      1.519970274218662e-09,
      1.636085908394033e-08,
      1.9562385326357295e-08,
      1.8227119070344628e-07,
      1.1388580057006424e-06,
      1.357247672990433e-09,
      2.6112454607667493e-07,
      2.645477757920111e-08,
      2.7131670644835377e-06,
      2.6747660103637217e-09,
      5.275343321686994e-13,
      1.1105558144982538e-10
    ]
  },
  "mean_centered_block_norm_by_past": [
    0.0024576763475802187,
    0.0024576763475802187,
    0.0024576763475802187,
    0.0024576763475802187,
    0.05836321342748885,
    0.0024576763475802187,
    0.0024576763475802187,
    0.0024576763475802187,
    0.053621934192017086,
    0.0024576763475802187,
    0.0024576763475802187,
    0.0024576763475802187,
    0.0024576763475802187,
    0.009737342471592655,
    0.0024576763475802187,
    0.0024576763475802187,
    0.0024576763475802187,
    0.0024576763475802187,
    0.0024576763475802187,
    0.0024576763475802187,
    0.0024576763475802187,
    0.0024576763475802187,
    0.0024576763475802187,
    0.0024576763475802187,
    0.0024576763475802187,
    0.0024576763475802187,
    0.0024576763475802187,
    0.0024576763475802187,
    0.0024576763475802187,
    0.0024576763475802187,
    0.0024576763475802187,
    0.0024576763475802187,
    0.0024576763475802187,
    0.0024576763475802187,
    0.0024576763475802187,
    0.0024576763475802187,
    0.0024576763475802187,
    0.0024576763475802187,
    0.0024576763475802187,
    0.0024576763475802187,
    0.0024576763475802187,
    0.0024576763475802187,
    0.0024576763475802187,
    0.0024576763475802187,
    0.0024576763475802187,
    0.0024576763475802187,
    0.009737342471592655,
    0.0024576763475802187,
    0.0024576763475802187,
    0.0024576763475802187,
    0.0024576763475802187,
    0.0024576763475802187,
    0.0024576763475802187,
    0.053621934192017086,
    0.0024576763475802187,
    0.0024576763475802187,
    0.0024576763475802187,
    0.0024576763475802187,
    0.0024576763475802187,
    0.0024576763475802187,
    0.0024576763475802187,
    0.0024576763475802187,
    0.0024576763475802187,
    0.0024576763475802187
  ],
  "mean_centered_block_norm_by_future": [
    0.0,
    0.0,
    0.0,
    0.0,
    0.0,
    0.0,
    0.0,
    0.0,
    0.0,
    0.0,
    0.0,
    0.0,
    0.0,
    0.0,
    0.08252116781548517,
    0.0
  ],
  "weighted_variants": {
    "masked_lt_1e-12_thr1e-12": {
      "frobenius": 30.47950137165348,
      "frobenius_sq": 929.0000038646264,
      "entropy_sv": 0.17262168711493844,
      "rank_tol": 6,
      "participation_ratio": 0.9419958033446976,
      "mean_row_norm": 3.797771816577095,
      "std_row_norm": 0.3066323618038607,
      "mean_col_norm": 2.004557762499713,
      "std_col_norm": 1.8069502093356424
    },
    "weighted_sqrt_thr1e-12": {
      "frobenius": 0.01673284863863529,
      "frobenius_sq": 0.0002799882235634788,
      "entropy_sv": 7.589172300879841e-11,
      "rank_tol": 4,
      "participation_ratio": 0.9999999999946012,
      "mean_row_norm": 0.001358805238325427,
      "std_row_norm": 0.0016026848323124644,
      "mean_col_norm": 0.0006050104996884409,
      "std_col_norm": 0.001354884419505035
    },
    "weighted_linear_thr1e-12": {
      "frobenius": 6.193806830478138e-05,
      "frobenius_sq": 3.836324305327763e-09,