{
  "case_name": "sweep",
  "L": 2,
  "k": 20,
  "dt": 0.1,
  "cut": 10,
  "J": 2.0,
  "g": 1.0,
  "n_pasts": 32,
  "n_futures": 32,
  "n_seeds": 1,
  "delta": 9.154277720108654,
  "delta_norm": 0.009206377310279014,
  "entropy": 1.3470650168403875,
  "rank": 31,
  "participation_ratio": 2.8090286351226643,
  "max_row_distance": 1.3694801314051155,
  "mean_row_distance": 0.7179261304380488,
  "median_row_distance": 0.7127354075116925,
  "delta_z": 0.09821834474549747,
  "delta_z_norm": 0.0002465433181382619,
  "entropy_z": 1.2883723252072783,
  "rank_z": 31,
  "participation_ratio_z": 2.669576101333272
}