{
  "case_name": "trivial",
  "cut": 5,
  "cut_comparison_mode": "cut_comparison_shared_probe_source",
  "J": 0.0,
  "g": 0.0,
  "L": 2,
  "k": 20,
  "dt": 0.1,
  "n_pasts": 32,
  "n_futures": 32,
  "fraction_terminated_early": 0.01953125,
  "fraction_any_prob_skipped_renormalize": 0.0,
  "fraction_weight_lt_1e-12": 0.146484375,
  "fraction_weight_lt_1e-10": 0.3798828125,
  "fraction_weight_lt_1e-08": 0.71875,
  "fraction_weight_lt_1e-06": 0.9404296875,
  "mean_cumulative_weight": 8.601218200664087e-07,
  "median_cumulative_weight": 4.863281766650982e-10,
  "metrics_V_raw": {
    "frobenius": 31.99999988232698,
    "frobenius_sq": 1023.9999924689266,
    "entropy_sv": 0.08046838019508631,
    "rank_tol": 3,
    "participation_ratio": 0.9711018779060338,
    "mean_row_norm": 5.656854228690538,
    "std_row_norm": 2.160536700672899e-09,
    "mean_col_norm": 1.440374380094823,
    "std_col_norm": 1.3902776329187916
  },
  "metrics_V_centered_past": {
    "frobenius": 3.8738692631447806,
    "frobenius_sq": 15.006863067937886,
    "entropy_sv": 0.2781072442568328,
    "rank_tol": 2,
    "participation_ratio": 0.8532552564599207,
    "mean_row_norm": 0.6769687097640903,
    "std_row_norm": 0.10498706217509235,
    "mean_col_norm": 0.04139547025084944,
    "std_col_norm": 0.23901911744749643
  },
  "metrics_V_centered_global": {
    "frobenius": 29.791324506568795,
    "frobenius_sq": 887.5230158556865,
    "entropy_sv": 0.09039289998550622,
    "rank_tol": 3,
    "participation_ratio": 0.9667307222938896,
    "mean_row_norm": 5.266397623082296,
    "std_row_norm": 0.012456731133343297,
    "mean_col_norm": 1.4884349634695109,
    "std_col_norm": 1.1208727759979322
  },
  "metrics_V_centered_rowcol": {
    "frobenius": 3.8698277766945406,
    "frobenius_sq": 14.97556702127661,
    "entropy_sv": 0.27830425841266593,
    "rank_tol": 2,
    "participation_ratio": 0.8531198372789297,
    "mean_row_norm": 0.6762284086208772,
    "std_row_norm": 0.10510386280109084,
    "mean_col_norm": 0.05186184423390233,
    "std_col_norm": 0.23670132080545644
  },
  "row_distance_raw": {
    "max_row_distance": 1.5541025596315432,
    "mean_row_distance": 0.7345241801262673,
    "median_row_distance": 1.3113029969692673
  },
  "row_distance_centered_past": {
    "max_row_distance": 1.5541025596315432,
    "mean_row_distance": 0.7345241801262673,
    "median_row_distance": 1.3113029969692673
  },
  "delta_norm_centered_past": 0.014655139822565253,
  "corr_weight_vs_centered_block_norm": -0.022508567418582336,
  "corr_terminated_early_vs_centered_block_norm": 0.7590075801784858,
  "summarize_weights": {
    "mean_weight_by_past": [
      2.813081987063563e-06,
      2.5842158932597356e-06,
      6.57905568005893e-10,
      9.374472834191599e-09,
      4.186223545678606e-08,
      6.383651540805838e-07,
      7.244882222571854e-06,
      1.4358346877561836e-07,
      2.2881441402608334e-07,
      1.3662585152867613e-07,
      2.042964848721231e-08,
      2.868542244239616e-07,
      8.000707559252296e-07,
      7.059873776776e-08,
      1.93262831296867e-06,
      4.275965289308464e-07,
      7.541001861926428e-09,
      1.0534257424140927e-06,
      7.559562893883419e-08,
      7.143689163492275e-08,
      1.4121399856299782e-07,
      3.266145216377421e-07,
      5.643502715465526e-07,
      7.252143779951696e-07,
      2.044680722870547e-08,
      1.459739047484591e-07,
      4.15942677487825e-06,
      2.7875354064798156e-08,
      1.7240377768489702e-07,
      2.4488491447955115e-09,
      2.217377345417436e-06,
      4.329111806967222e-07
    ],
    "mean_weight_by_future": [
      3.392932565101917e-10,
      1.0392906145312632e-09,
      8.15933401341179e-11,
      2.390489348011653e-12,
      3.803347910889172e-10,
      1.2771644665889413e-07,
      1.755186881911997e-09,
      1.490201330426099e-08,
      2.1050478712165552e-08,
      3.1138449298726506e-06,
      6.005072710811348e-13,
      4.180935866037736e-10,
      2.7595290704529844e-09,
      1.5050067579202488e-11,
      8.352306105823469e-10,
      3.956333372970389e-10,
      3.6412820690896296e-15,
      7.774832383231538e-07,
      7.131019680389706e-08,
      4.900965418085637e-08,
      2.090952703844749e-05,
      2.0299674512291144e-07,
      1.3953196488041249e-08,
      7.499209987545775e-08,
      3.1487049858603367e-12,
      2.5514576577509794e-08,
      1.273627656968767e-10,
      5.15744499341174e-11,
      2.094868543848604e-06,
      2.8760798829858616e-09,
      1.2808503453736002e-13,
      1.5648559825954405e-08
    ]
  },
  "mean_centered_block_norm_by_past": [
    0.020837637349305528,
    0.020837637349305528,
    0.046206138980200484,
    0.023398776015261125,
    0.023398776015261125,
    0.020837637349305528,
    0.020837637349305528,
    0.023398776015261125,
    0.020837637349305528,
    0.023398776015261125,
    0.023398776015261125,
    0.020837637349305528,
    0.020837637349305528,
    0.023398776015261125,
    0.020837637349305528,
    0.020837637349305528,
    0.023398776015261125,
    0.020837637349305528,
    0.023398776015261125,
    0.023398776015261125,
    0.023398776015261125,
    0.020837637349305528,
    0.020837637349305528,
    0.020837637349305528,
    0.023398776015261125,
    0.023398776015261125,
    0.020837637349305528,
    0.023398776015261125,
    0.020837637349305528,
    0.046206138980200484,
    0.020837637349305528,
    0.020837637349305528
  ],
  "mean_centered_block_norm_by_future": [
    0.0,
    0.0,
    0.0,
    0.0,
    0.0,
    0.0,
    0.0,
    0.0,
    0.0,
    0.0,
    0.0,
    0.0,
    0.0,
    0.0,
    0.0,
    0.0,
    0.653090359818678,
    0.0,
    0.0,
    0.0,
    0.0,
    0.0,
    0.0,
    0.0,
    0.0,
    0.0,
    0.0,
    0.0,
    0.0,
    0.0,
    0.09774584127831148,
    0.0
  ],
  "weighted_variants": {
    "masked_lt_1e-12_thr1e-12": {
      "frobenius": 29.563490884960864,
      "frobenius_sq": 873.999993305164,
      "entropy_sv": 0.24451492429036717,
      "rank_tol": 9,
      "participation_ratio": 0.9153998813971334,
      "mean_row_norm": 5.218936897091127,
      "std_row_norm": 0.27860936689395555,
      "mean_col_norm": 1.2826722557235628,
      "std_col_norm": 1.3325730318224254
    },
    "weighted_sqrt_thr1e-12": {
      "frobenius": 0.029677681074932672,
      "frobenius_sq": 0.0008807647539854169,
      "entropy_sv": 2.673528855424137e-10,
      "rank_tol": 3,
      "participation_ratio": 0.9999999999798961,
      "mean_row_norm": 0.0038468234481893303,
      "std_row_norm": 0.003624411558273581,
      "mean_col_norm": 0.0005228438012162095,
      "std_col_norm": 0.0017831269626148569
    },
    "weighted_linear_thr1e-12": {
      "frobenius": 0.00024315171629481387,
      "frobenius_sq": 5.9122757137113655e-08,
      "entropy_sv": 5.033259549680162e-21,
      "rank_tol": 1,
      "participation_ratio": 1.0,
      "mean_row_norm": 2.125957950142679e-05,
      "std_row_norm": 3.7955715315578355e-05,
      "mean_col_norm": 2.6607764763470665e-06,
      "std_col_norm": 1.4991546099300555e-05
    },
    "masked_lt_1e-10_thr1e-10": {
      "frobenius": 25.199206231716605,
      "frobenius_sq": 634.999994708585,
      "entropy_sv": 0.5109890412039,
      "rank_tol": 11,
      "participation_ratio": 0.7942191089531689,
      "mean_row_norm": 4.40505497753713,
      "std_row_norm": 0.6733569092576931,
      "mean_col_norm": 1.001661920741957,
      "std_col_norm": 1.2177581205169725
    },
    "weighted_sqrt_thr1e-10": {
      "frobenius": 0.029677681074932672,
      "frobenius_sq": 0.0008807647539854169,
      "entropy_sv": 2.673528855424137e-10,
      "rank_tol": 3,
      "participation_ratio": 0.9999999999798961,
      "mean_row_norm": 0.0038468234481893303,
      "std_row_norm": 0.003624411558273581,
      "mean_col_norm": 0.0005228438012162095,
      "std_col_norm": 0.0017831269626148569
    },
    "weighted_linear_thr1e-10": {
      "frobenius": 0.00024315171629481387,
      "frobenius_sq": 5.9122757137113655e-08,