{
  "case_name": "trivial",
  "cut": 15,
  "cut_comparison_mode": "asymmetry_grid",
  "J": 0.0,
  "g": 0.0,
  "L": 2,
  "k": 20,
  "dt": 0.1,
  "n_pasts": 32,
  "n_futures": 16,
  "fraction_terminated_early": 0.0,
  "fraction_any_prob_skipped_renormalize": 0.0,
  "fraction_weight_lt_1e-12": 0.02734375,
  "fraction_weight_lt_1e-10": 0.248046875,
  "fraction_weight_lt_1e-08": 0.693359375,
  "fraction_weight_lt_1e-06": 0.927734375,
  "mean_cumulative_weight": 2.228080097749462e-06,
  "median_cumulative_weight": 1.4133674104770672e-09,
  "metrics_V_raw": {
    "frobenius": 22.62741715068502,
    "frobenius_sq": 512.0000069111146,
    "entropy_sv": 2.141404136484463e-27,
    "rank_tol": 1,
    "participation_ratio": 1.0,
    "mean_row_norm": 4.000000026996543,
    "std_row_norm": 0.0,
    "mean_col_norm": 1.3745497163602858,
    "std_col_norm": 1.4585033878193032
  },
  "metrics_V_centered_past": {
    "frobenius": 0.0,
    "frobenius_sq": 0.0,
    "entropy_sv": 0.0,
    "rank_tol": 0,
    "participation_ratio": 0.0,
    "mean_row_norm": 0.0,
    "std_row_norm": 0.0,
    "mean_col_norm": 0.0,
    "std_col_norm": 0.0
  },
  "metrics_V_centered_global": {
    "frobenius": 21.46308270531777,
    "frobenius_sq": 460.6639192153108,
    "entropy_sv": 2.141404136484463e-27,
    "rank_tol": 1,
    "participation_ratio": 1.0,
    "mean_row_norm": 3.7941728315244765,
    "std_row_norm": 0.0,
    "mean_col_norm": 1.4810148764313071,
    "std_col_norm": 1.1902096387708414
  },
  "metrics_V_centered_rowcol": {
    "frobenius": 0.0,
    "frobenius_sq": 0.0,
    "entropy_sv": 0.0,
    "rank_tol": 0,
    "participation_ratio": 0.0,
    "mean_row_norm": 0.0,
    "std_row_norm": 0.0,
    "mean_col_norm": 0.0,
    "std_col_norm": 0.0
  },
  "row_distance_raw": {
    "max_row_distance": 0.0,
    "mean_row_distance": 0.0,
    "median_row_distance": 0.0
  },
  "row_distance_centered_past": {
    "max_row_distance": 0.0,
    "mean_row_distance": 0.0,
    "median_row_distance": 0.0
  },
  "delta_norm_centered_past": 0.0,
  "corr_weight_vs_centered_block_norm": NaN,
  "corr_terminated_early_vs_centered_block_norm": NaN,
  "summarize_weights": {
    "mean_weight_by_past": [
      1.733813801241831e-10,
      2.5075223185393974e-10,
      3.3831379543877747e-09,
      1.452384681057905e-08,
      2.0449154454067147e-09,
      2.688121668743559e-11,
      1.692731346580097e-08,
      1.604494267213524e-10,
      4.2705448722087304e-10,
      9.942526967649594e-08,
      1.2163668720583117e-09,
      4.581018977263876e-09,
      6.770012298086606e-09,
      2.198704333110393e-08,
      1.551715390726126e-11,
      7.027581361366483e-06,
      1.9103848793293666e-09,
      9.395367002083084e-12,
      2.1360695594516612e-07,
      4.986426297862184e-10,
      2.6751147033530177e-10,
      3.970187541662407e-09,
      1.7737834310690052e-07,
      9.164839577695778e-09,
      1.794992460564378e-09,
      2.6378513811031752e-08,
      1.1594958951342036e-09,
      1.1374597366456256e-06,
      1.0538762733166103e-07,
      9.236555314216912e-07,
      1.1007336815148472e-08,
      6.148541931098986e-05
    ],
    "mean_weight_by_future": [
      2.588334378953693e-06,
      3.980919029536264e-07,
      7.982771716302035e-06,
      9.015270009072098e-07,
      3.0100993713826613e-06,
      2.6661706324668106e-06,
      1.3492892996547707e-05,
      1.3308939168321838e-06,
      1.8607958139241305e-07,
      1.3593093536242293e-08,
      8.140110448228939e-08,
      9.09643427516213e-07,
      5.428903128156702e-08,
      1.3232385209993306e-06,
      6.777310604232617e-07,
      3.252382801414696e-08
    ]
  },
  "mean_centered_block_norm_by_past": [
    0.0,
    0.0,
    0.0,
    0.0,
    0.0,
    0.0,
    0.0,
    0.0,
    0.0,
    0.0,
    0.0,
    0.0,
    0.0,
    0.0,
    0.0,
    0.0,
    0.0,
    0.0,
    0.0,
    0.0,
    0.0,
    0.0,
    0.0,
    0.0,
    0.0,
    0.0,
    0.0,
    0.0,
    0.0,
    0.0,
    0.0,
    0.0
  ],
  "mean_centered_block_norm_by_future": [
    0.0,
    0.0,
    0.0,
    0.0,
    0.0,
    0.0,
    0.0,
    0.0,
    0.0,
    0.0,
    0.0,
    0.0,
    0.0,
    0.0,
    0.0,
    0.0
  ],
  "weighted_variants": {
    "masked_lt_1e-12_thr1e-12": {
      "frobenius": 22.31591376468091,
      "frobenius_sq": 498.0000071526749,
      "entropy_sv": 0.10636027247662996,
      "rank_tol": 4,
      "participation_ratio": 0.9614038491948719,
      "mean_row_norm": 3.9411816337530383,
      "std_row_norm": 0.174762669044895,
      "mean_col_norm": 1.3534376190520843,
      "std_col_norm": 1.4405009337675199
    },
    "weighted_sqrt_thr1e-12": {
      "frobenius": 0.03377539093862842,
      "frobenius_sq": 0.0011407770330571828,
      "entropy_sv": 2.141404136484463e-27,
      "rank_tol": 1,
      "participation_ratio": 1.0,
      "mean_row_norm": 0.0019237046337280477,
      "std_row_norm": 0.005742755797065823,
      "mean_col_norm": 0.0015919451481695146,
      "std_col_norm": 0.0025353997582659104
    },
    "weighted_linear_thr1e-12": {
      "frobenius": 0.0004602991516265183,
      "frobenius_sq": 2.118753089880925e-07,
      "entropy_sv": 2.141404136484463e-27,
      "rank_tol": 1,
      "participation_ratio": 1.0,
      "mean_row_norm": 1.6567351369471027e-05,
      "std_row_norm": 8.094044819680863e-05,
      "mean_col_norm": 1.555010257657767e-05,
      "std_col_norm": 3.77438716566948e-05
    },
    "masked_lt_1e-10_thr1e-10": {
      "frobenius": 19.621417035203383,
      "frobenius_sq": 385.0000064693695,
      "entropy_sv": 0.45271780368302444,
      "rank_tol": 11,
      "participation_ratio": 0.8216630147073578,
      "mean_row_norm": 3.3028991914604973,
      "std_row_norm": 1.0762453890794303,
      "mean_col_norm": 1.1727077315282215,
      "std_col_norm": 1.282740816365989
    },
    "weighted_sqrt_thr1e-10": {
      "frobenius": 0.03377539093862842,
      "frobenius_sq": 0.0011407770330571828,
      "entropy_sv": 2.141404136484463e-27,
      "rank_tol": 1,
      "participation_ratio": 1.0,
      "mean_row_norm": 0.0019237046337280477,
      "std_row_norm": 0.005742755797065823,
      "mean_col_norm": 0.0015919451481695146,
      "std_col_norm": 0.0025353997582659104
    },
    "weighted_linear_thr1e-10": {
      "frobenius": 0.0004602991516265183,
      "frobenius_sq": 2.118753089880925e-07,
      "entropy_sv": 2.141404136484463e-27,
      "rank_tol": 1,
      "participation_ratio": 1.0,
      "mean_row_norm": 1.6567351369471027e-05,
      "std_row_norm": 8.094044819680863e-05,
      "mean_col_norm": 1.555010257657767e-05,
      "std_col_norm": 3.77438716566948e-05
    },
    "masked_lt_1e-08_thr1e-08": {
      "frobenius": 12.529964195806048,
      "frobenius_sq": 157.00000274818152,
      "entropy_sv": 0.8247063274306332,
      "rank_tol": 9,
      "participation_ratio": 0.6423384321453531,
      "mean_row_norm": 1.6551243996063951,
      "std_row_norm": 1.4955636098751206,
      "mean_col_norm": 0.729469432827416,
      "std_col_norm": 0.8366031764675421
    },
    "weighted_sqrt_thr1e-08": {
      "frobenius": 0.03377539093862842,
      "frobenius_sq": 0.0011407770330571828,
      "entropy_sv": 2.141404136484463e-27,
      "rank_tol": 1,
      "participation_ratio": 1.0,
      "mean_row_norm": 0.0019237046337280477,
      "std_row_norm": 0.005742755797065823,
      "mean_col_norm": 0.0015919451481695146,
      "std_col_norm": 0.0025353997582659104
    },
    "weighted_linear_thr1e-08": {
      "frobenius": 0.0004602991516265183,
      "frobenius_sq": 2.118753089880925e-07,
      "entropy_sv": 2.141404136484463e-27,
      "rank_tol": 1,
      "participation_ratio": 1.0,
      "mean_row_norm": 1.6567351369471027e-05,
      "std_row_norm": 8.094044819680863e-05,
      "mean_col_norm": 1.555010257657767e-05,
      "std_col_norm": 3.77438716566948e-05
    }
  },
  "heuristic_control_ok": true
}