{
  "case_name": "markov_ref",
  "cut": 5,
  "cut_comparison_mode": "asymmetry_grid",
  "J": 0.0,
  "g": 1.0,
  "L": 2,
  "k": 20,
  "dt": 0.1,
  "n_pasts": 32,
  "n_futures": 32,
  "fraction_terminated_early": 0.001953125,
  "fraction_any_prob_skipped_renormalize": 0.0,
  "fraction_weight_lt_1e-12": 0.0947265625,
  "fraction_weight_lt_1e-10": 0.3212890625,
  "fraction_weight_lt_1e-08": 0.6240234375,
  "fraction_weight_lt_1e-06": 0.9248046875,
  "mean_cumulative_weight": 5.14148227861366e-07,
  "median_cumulative_weight": 1.918966416084631e-09,
  "metrics_V_raw": {
    "frobenius": 32.00000004340232,
    "frobenius_sq": 1024.0000027777487,
    "entropy_sv": 0.0009160682838806878,
    "rank_tol": 2,
    "participation_ratio": 0.999822663103068,
    "mean_row_norm": 5.656854257164904,
    "std_row_norm": 6.734536349428559e-10,
    "mean_col_norm": 1.4323208522853117,
    "std_col_norm": 1.398605732417561
  },
  "metrics_V_centered_past": {
    "frobenius": 0.30143502279649287,
    "frobenius_sq": 0.09086307296832218,
    "entropy_sv": 2.141404136484463e-27,
    "rank_tol": 1,
    "participation_ratio": 1.0,
    "mean_row_norm": 0.018542982367207146,
    "std_row_norm": 0.05075562029138614,
    "mean_col_norm": 0.003293724893820245,
    "std_col_norm": 0.018585871221116615
  },
  "metrics_V_centered_global": {
    "frobenius": 29.71551566389489,
    "frobenius_sq": 883.0118711711826,
    "entropy_sv": 0.0010473872150582523,
    "rank_tol": 2,
    "participation_ratio": 0.9997942886584223,
    "mean_row_norm": 5.253010636823765,
    "std_row_norm": 0.00048033947241046197,
    "mean_col_norm": 1.4698885171690792,
    "std_col_norm": 1.1374298072328886
  },
  "metrics_V_centered_rowcol": {
    "frobenius": 0.3013606722816508,
    "frobenius_sq": 0.09081825479804854,
    "entropy_sv": 2.141404136484463e-27,
    "rank_tol": 1,
    "participation_ratio": 1.0,
    "mean_row_norm": 0.01853840864424386,
    "std_row_norm": 0.05074310115387927,
    "mean_col_norm": 0.003692526537396151,
    "std_col_norm": 0.018505723357110815
  },
  "row_distance_raw": {
    "max_row_distance": 0.3062582894196793,
    "mean_row_distance": 0.019141143088729957,
    "median_row_distance": 0.0
  },
  "row_distance_centered_past": {
    "max_row_distance": 0.3062582894196793,
    "mean_row_distance": 0.019141143088729957,
    "median_row_distance": 0.0
  },
  "delta_norm_centered_past": 8.87334694549247e-05,
  "corr_weight_vs_centered_block_norm": -0.012456228017192626,
  "corr_terminated_early_vs_centered_block_norm": 0.9220073766748299,
  "summarize_weights": {
    "mean_weight_by_past": [
      8.660179878343103e-07,
      9.635361584753261e-07,
      2.778163875758451e-07,
      1.2234514126137933e-06,
      1.0710964985685035e-07,
      1.1244098078156674e-07,
      3.631070986898392e-10,
      9.524788648570603e-07,
      1.6218781886343316e-09,
      2.9977645042225555e-07,
      9.56704046344134e-08,
      3.732062643459895e-07,
      6.629884166733796e-08,
      2.3112298424801185e-09,
      9.225214906356472e-10,
      5.5348018839763154e-08,
      1.3211635402587233e-07,
      5.3126256076667266e-08,
      9.875632624752712e-11,
      1.623329338313105e-08,
      4.072712780210084e-06,
      3.3129488265311845e-06,
      4.085766876736802e-07,
      8.657159596315788e-08,
      5.095293868965042e-09,
      1.4506036314830027e-07,
      4.444422054840227e-07,
      1.474473909470269e-06,
      1.556061987568529e-08,
      8.108642213246579e-07,
      1.8976352143444226e-08,
      5.751561753338948e-08
    ],
    "mean_weight_by_future": [
      2.796023238400756e-07,
      2.5714697314769145e-07,
      4.707198857458143e-08,
      1.943115379156625e-06,
      6.130195792329675e-11,
      2.4576169981266406e-08,
      8.925235442534336e-06,
      3.5547704779066534e-09,
      1.765850651955871e-11,
      8.549580309322466e-08,
      3.5653112460335827e-10,
      6.727498472496856e-09,
      6.144197445886534e-07,
      5.41597609883223e-07,
      5.194322196514863e-08,
      1.2739512887342347e-10,
      3.6122714601565463e-09,
      2.551500531806871e-12,
      2.0889677917491905e-06,
      2.7674448458576123e-10,
      9.682163837739299e-12,
      2.915388849522657e-09,
      7.221113530031233e-07,
      2.2596548771677906e-09,
      7.500212201292061e-11,
      2.201325171085315e-08,
      7.2379379319799465e-12,
      4.709816890849194e-07,
      2.8611334934679613e-07,
      2.5613862727809228e-08,
      4.6731584885269666e-08,
      2.063226849081695e-12
    ]
  },
  "mean_centered_block_norm_by_past": [
    0.0003960598847911902,
    0.0003960598847911902,
    0.0003960598847911902,
    0.0003960598847911902,
    0.0003960598847911902,
    0.0003960598847911902,
    0.0003960598847911902,
    0.0003960598847911902,
    0.0003960598847911902,
    0.0003960598847911902,
    0.0003960598847911902,
    0.0003960598847911902,
    0.0003960598847911902,
    0.0003960598847911902,
    0.0003960598847911902,
    0.0003960598847911902,
    0.0003960598847911902,
    0.0003960598847911902,
    0.012277856428526895,
    0.0003960598847911902,
    0.0003960598847911902,
    0.0003960598847911902,
    0.0003960598847911902,
    0.0003960598847911902,
    0.0003960598847911902,
    0.0003960598847911902,
    0.0003960598847911902,
    0.0003960598847911902,
    0.0003960598847911902,
    0.0003960598847911902,
    0.0003960598847911902,
    0.0003960598847911902
  ],
  "mean_centered_block_norm_by_future": [
    0.0,
    0.0,
    0.0,
    0.0,
    0.0,
    0.0,
    0.0,
    0.0,
    0.0,
    0.0,
    0.0,
    0.0,
    0.0,
    0.0,
    0.0,
    0.0,
    0.0,
    0.0076761894419058166,
    0.0,
    0.0,
    0.0,
    0.0,
    0.0,
    0.0,
    0.0,
    0.0,
    0.0,
    0.0,
    0.0,
    0.0,
    0.0,
    0.01687952341514797
  ],
  "weighted_variants": {
    "masked_lt_1e-12_thr1e-12": {
      "frobenius": 30.446674749245478,
      "frobenius_sq": 927.0000032863422,
      "entropy_sv": 0.2852129379529136,
      "rank_tol": 9,
      "participation_ratio": 0.8934377875014266,
      "mean_row_norm": 5.370308084732065,
      "std_row_norm": 0.36426318420177367,
      "mean_col_norm": 1.3528689912787621,
      "std_col_norm": 1.3408438217458263
    },
    "weighted_sqrt_thr1e-12": {
      "frobenius": 0.02294532149588683,
      "frobenius_sq": 0.0005264877785496061,
      "entropy_sv": 8.1174628833689e-12,
      "rank_tol": 2,
      "participation_ratio": 0.9999999999994575,
      "mean_row_norm": 0.002920558149536288,
      "std_row_norm": 0.002859836796580079,
      "mean_col_norm": 0.0005340276023538971,
      "std_col_norm": 0.0013335494368747537
    },
    "weighted_linear_thr1e-12": {
      "frobenius": 0.00010920465522403461,
      "frobenius_sq": 1.192565672260027e-08,
      "entropy_sv": 1.0843127065613307e-21,
      "rank_tol": 1,
      "participation_ratio": 1.0,
      "mean_row_norm": 9.458108574294502e-06,
      "std_row_norm": 1.7098453573632542e-05,
      "mean_col_norm": 1.450518975407469e-06,
      "std_col_norm": 6.682441542274295e-06
    },
    "masked_lt_1e-10_thr1e-10": {
      "frobenius": 26.362852696453395,
      "frobenius_sq": 695.0000022949,
      "entropy_sv": 0.4569388362108019,
      "rank_tol": 15,
      "participation_ratio": 0.8293214628631579,
      "mean_row_norm": 4.615290678785701,
      "std_row_norm": 0.6567501784801021,
      "mean_col_norm": 1.0634174936661616,
      "std_col_norm": 1.2610308112127087
    },
    "weighted_sqrt_thr1e-10": {
      "frobenius": 0.02294532149588683,
      "frobenius_sq": 0.0005264877785496061,
      "entropy_sv": 8.1174628833689e-12,
      "rank_tol": 2,
      "participation_ratio": 0.9999999999994575,
      "mean_row_norm": 0.002920558149536288,
      "std_row_norm": 0.002859836796580079,
      "mean_col_norm": 0.0005340276023538971,
      "std_col_norm": 0.0013335494368747537
    },
    "weighted_linear_thr1e-10": {
      "frobenius": 0.00010920465522403461,
      "frobenius_sq": 1.192565672260027e-08,