{
  "case_name": "nm_mid",
  "cut": 5,
  "cut_comparison_mode": "cut_comparison_shared_probe_source",
  "J": 1.0,
  "g": 1.0,
  "L": 2,
  "k": 20,
  "dt": 0.1,
  "n_pasts": 64,
  "n_futures": 16,
  "fraction_terminated_early": 0.0,
  "fraction_any_prob_skipped_renormalize": 0.0,
  "fraction_weight_lt_1e-12": 0.0009765625,
  "fraction_weight_lt_1e-10": 0.0791015625,
  "fraction_weight_lt_1e-08": 0.5859375,
  "fraction_weight_lt_1e-06": 0.9208984375,
  "mean_cumulative_weight": 5.300970999056681e-07,
  "median_cumulative_weight": 5.006976987670483e-09,
  "metrics_V_raw": {
    "frobenius": 31.874848304093337,
    "frobenius_sq": 1016.0059544089619,
    "entropy_sv": 0.0031553872327519127,
    "rank_tol": 61,
    "participation_ratio": 0.999356059564695,
    "mean_row_norm": 3.9843556006337906,
    "std_row_norm": 0.0018816644289738583,
    "mean_col_norm": 1.952939385121273,
    "std_col_norm": 2.038637624899618
  },
  "metrics_V_centered_past": {
    "frobenius": 0.5723023586420686,
    "frobenius_sq": 0.32752998970727487,
    "entropy_sv": 0.7568595661419799,
    "rank_tol": 63,
    "participation_ratio": 0.5640602603307231,
    "mean_row_norm": 0.05822198127160602,
    "std_row_norm": 0.041896101099622225,
    "mean_col_norm": 0.02822181781013352,
    "std_col_norm": 0.042145389679043806
  },
  "metrics_V_centered_global": {
    "frobenius": 29.49601930423625,
    "frobenius_sq": 870.0151547958775,
    "entropy_sv": 0.003625419976323203,
    "rank_tol": 62,
    "participation_ratio": 0.9992483002051518,
    "mean_row_norm": 3.687001544998079,
    "std_row_norm": 0.002549993809749211,
    "mean_col_norm": 2.0382353450876884,
    "std_col_norm": 1.6319919946933703
  },
  "metrics_V_centered_rowcol": {
    "frobenius": 0.5719901147844002,
    "frobenius_sq": 0.3271726914110713,
    "entropy_sv": 0.7547863011056508,
    "rank_tol": 63,
    "participation_ratio": 0.5650351438065362,
    "mean_row_norm": 0.05818990645195489,
    "std_row_norm": 0.04187367961174144,
    "mean_col_norm": 0.02879006135459147,
    "std_col_norm": 0.04172252119541404
  },
  "row_distance_raw": {
    "max_row_distance": 0.36467114623044405,
    "mean_row_distance": 0.08517982297523256,
    "median_row_distance": 0.07203337597397619
  },
  "row_distance_centered_past": {
    "max_row_distance": 0.36467114623044405,
    "mean_row_distance": 0.08517982297523256,
    "median_row_distance": 0.07203337597397619
  },
  "delta_norm_centered_past": 0.00032237014781848195,
  "corr_weight_vs_centered_block_norm": 0.04457185900360256,
  "corr_terminated_early_vs_centered_block_norm": NaN,
  "summarize_weights": {
    "mean_weight_by_past": [
      1.0755702415380114e-07,
      5.960307050363631e-07,
      1.3635923766205959e-08,
      9.553063669132521e-10,
      8.398872187337483e-08,
      1.2780306653135406e-07,
      4.447161641400795e-08,
      1.0607556952627915e-08,
      5.760763836394922e-07,
      1.2369495040766896e-07,
      5.111669219125292e-07,
      1.763511564707764e-07,
      5.613706708812346e-08,
      4.784249469684931e-09,
      6.104961254410835e-08,
      5.3090149582965673e-08,
      6.845257982437928e-08,
      6.168573569091124e-06,
      3.369528972390956e-07,
      1.6186827300653286e-06,
      1.040005586243808e-06,
      1.0890344040647847e-07,
      1.0587589577154805e-07,
      9.630934280886264e-07,
      8.676142835543767e-07,
      4.4045505403335934e-08,
      4.2269107718596346e-07,
      1.2406984314857094e-07,
      1.621098209534566e-08,
      1.722328705440595e-06,
      8.72459599063126e-08,
      4.5186655929128287e-07,
      3.3096541162274443e-07,
      1.0518100357703694e-06,
      6.616700492723822e-07,
      2.2407144797966e-06,
      1.474628624646478e-07,
      2.8478017804579766e-08,
      9.422669307796074e-07,
      3.2950849589153326e-08,
      2.2748229375245095e-08,
      2.996588385225345e-07,
      3.409289069782571e-08,
      2.454609065697915e-07,
      2.675257454030284e-08,
      6.897378966485782e-09,
      1.3599878427163813e-06,
      1.44998094043436e-06,
      1.426602428165368e-07,
      4.189568866538132e-08,
      2.9600266617055547e-08,
      5.327992008251831e-08,
      2.8742872217936587e-06,
      2.478781146614732e-09,
      1.1534647714877284e-06,
      6.568582197224364e-09,
      2.222203793795912e-06,
      3.6966419790498204e-07,
      1.1687035982607009e-07,
      2.155702801919146e-08,
      6.815143092708903e-08,
      3.2948510049736783e-07,
      1.996436385368295e-07,
      7.184916757594211e-07
    ],
    "mean_weight_by_future": [
      3.142826234819293e-08,
      1.2303751313173257e-08,
      6.9027434757758395e-09,
      6.621212084919609e-10,
      1.6604336317267497e-09,
      1.4772892584465427e-06,
      7.840151427727484e-07,
      3.6193675044448317e-07,
      5.694473808375551e-06,
      5.412169144391894e-09,
      3.2480850242599142e-09,
      3.964619396584551e-08,
      2.7831710047499493e-09,
      2.0127695810705552e-08,
      3.562267655112069e-08,
      4.041334972931131e-09
    ]
  },
  "mean_centered_block_norm_by_past": [
    0.009619406849806073,
    0.001635402761968876,
    0.02563810202820323,
    0.0028187711100558436,
    0.01569140113384455,
    0.007773597399733443,
    0.011447639947819561,
    0.005582349782859441,
    0.021284192779529545,
    0.0065018250572015076,
    0.0036949915267354997,
    0.0022424349949355347,
    0.01403945320383544,
    0.03201664409834349,
    0.010283168613899708,
    0.008468621696817153,
    0.01481066016578464,
    0.006153822014273452,
    0.010861180128009578,
    0.003707345810411913,
    0.007257447646608913,
    0.014367550559153563,
    0.00818353049905804,
    0.0034955593431768225,
    0.0062990948833703195,
    0.0071876554510292845,
    0.005295035699432265,
    0.01338805691110594,
    0.013031952113995025,
    0.0037452244735223725,
    0.009054826996797506,
    0.010287051926762575,
    0.011200884309027133,
    0.012156586466548248,
    0.002415298723758727,
    0.001750698552949446,
    0.013127129853763709,
    0.0028657872334025922,
    0.010952859289345116,
    0.010926420088817359,
    0.0025453236201103727,
    0.01650368698228979,
    0.011734755973090706,
    0.021635692414161332,
    0.024622522544128632,
    0.01602748863976204,
    0.005360209821405441,
    0.00860672239994662,
    0.003709036654283216,
    0.02379268967862304,
    0.02103895967785497,
    0.023923853837747762,
    0.00594765742801507,
    0.04482558624646984,
    0.005482811019071294,
    0.028588052491521413,
    0.00614977098980081,
    0.010453512216136905,
    0.0032000850752320273,
    0.013173786659237742,
    0.014326539944048467,
    0.002949755678052274,
    0.005156743688775311,
    0.005058757930368096
  ],
  "mean_centered_block_norm_by_future": [
    0.0010089778438552596,
    0.006820288041221888,
    0.014483197504320595,
    0.0012966495806229128,
    0.0066771375117206195,
    0.020483799421568326,
    0.012017530334031178,
    0.0198020339232723,
    0.023781292455011937,
    0.013829978495974896,
    0.009633084398915732,
    0.011512251867736084,
    0.001052064458321753,
    0.012801397695343457,
    0.018737494938134414,
    0.002581237463905317
  ],
  "weighted_variants": {
    "masked_lt_1e-12_thr1e-12": {
      "frobenius": 31.85919295528404,
      "frobenius_sq": 1015.0081757620202,
      "entropy_sv": 0.010306049053637465,
      "rank_tol": 61,
      "participation_ratio": 0.9975476497223394,
      "mean_row_norm": 3.98236515392634,
      "std_row_norm": 0.01657773070652382,
      "mean_col_norm": 1.9520816810989863,
      "std_col_norm": 2.0375383593948517
    },
    "weighted_sqrt_thr1e-12": {
      "frobenius": 0.02319607810363873,
      "frobenius_sq": 0.0005380580393901083,
      "entropy_sv": 0.009932643076374955,
      "rank_tol": 24,
      "participation_ratio": 0.9975619136612479,
      "mean_row_norm": 0.002193644131856901,
      "std_row_norm": 0.0019110591530526358,