{
  "case_name": "trivial",
  "cut": 10,
  "cut_comparison_mode": "asymmetry_grid",
  "J": 0.0,
  "g": 0.0,
  "L": 2,
  "k": 20,
  "dt": 0.1,
  "n_pasts": 64,
  "n_futures": 64,
  "fraction_terminated_early": 0.0,
  "fraction_any_prob_skipped_renormalize": 0.0,
  "fraction_weight_lt_1e-12": 0.02392578125,
  "fraction_weight_lt_1e-10": 0.17041015625,
  "fraction_weight_lt_1e-08": 0.540283203125,
  "fraction_weight_lt_1e-06": 0.92138671875,
  "mean_cumulative_weight": 6.346820700992911e-07,
  "median_cumulative_weight": 6.757406372588535e-09,
  "metrics_V_raw": {
    "frobenius": 63.99999984678663,
    "frobenius_sq": 4095.9999803886885,
    "entropy_sv": 4.351885825758746e-27,
    "rank_tol": 1,
    "participation_ratio": 1.0,
    "mean_row_norm": 7.99999998084833,
    "std_row_norm": 0.0,
    "mean_col_norm": 2.02359562384936,
    "std_col_norm": 1.978055284949201
  },
  "metrics_V_centered_past": {
    "frobenius": 0.0,
    "frobenius_sq": 0.0,
    "entropy_sv": 0.0,
    "rank_tol": 0,
    "participation_ratio": 0.0,
    "mean_row_norm": 0.0,
    "std_row_norm": 0.0,
    "mean_col_norm": 0.0,
    "std_col_norm": 0.0
  },
  "metrics_V_centered_global": {
    "frobenius": 59.33069461434437,
    "frobenius_sq": 3520.131323420592,
    "entropy_sv": 4.351885825758746e-27,
    "rank_tol": 1,
    "participation_ratio": 1.0,
    "mean_row_norm": 7.416336826793044,
    "std_row_norm": 8.951997022403363e-16,
    "mean_col_norm": 2.098878260879328,
    "std_col_norm": 1.5731497484568993
  },
  "metrics_V_centered_rowcol": {
    "frobenius": 0.0,
    "frobenius_sq": 0.0,
    "entropy_sv": 0.0,
    "rank_tol": 0,
    "participation_ratio": 0.0,
    "mean_row_norm": 0.0,
    "std_row_norm": 0.0,
    "mean_col_norm": 0.0,
    "std_col_norm": 0.0
  },
  "row_distance_raw": {
    "max_row_distance": 0.0,
    "mean_row_distance": 0.0,
    "median_row_distance": 0.0
  },
  "row_distance_centered_past": {
    "max_row_distance": 0.0,
    "mean_row_distance": 0.0,
    "median_row_distance": 0.0
  },
  "delta_norm_centered_past": 0.0,
  "corr_weight_vs_centered_block_norm": NaN,
  "corr_terminated_early_vs_centered_block_norm": NaN,
  "summarize_weights": {
    "mean_weight_by_past": [
      3.5138589664852995e-09,
      5.091055641592653e-07,
      2.498549906091141e-07,
      3.5559955492762337e-07,
      5.576816753695425e-07,
      4.611523045236336e-06,
      2.1133851245829202e-08,
      9.787020533896622e-08,
      2.495610550336008e-07,
      7.082636706734473e-07,
      5.562528151653169e-09,
      6.4448695421698e-09,
      3.598923084001412e-07,
      1.0307700524599179e-06,
      2.765350208752886e-06,
      8.935394289801762e-07,
      2.518587543011053e-09,
      1.767651146314806e-09,
      1.6253800883046331e-07,
      4.08527537291128e-07,
      6.263171646387156e-11,
      5.2170671939627646e-08,
      5.814318439392859e-07,
      5.2634242720887213e-08,
      1.2007654617111602e-09,
      2.269517791856761e-09,
      5.184213908728112e-08,
      4.365774959372597e-09,
      3.357873947913953e-06,
      1.0483642158207039e-06,
      1.2294574415555415e-08,
      6.266763443337105e-08,
      1.0752736638757635e-07,
      3.890064236167045e-08,
      2.299919138893143e-07,
      3.626194707371581e-07,
      5.282590863182037e-06,
      1.9486826642530253e-07,
      2.3537470065986403e-08,
      2.4760929604265052e-08,
      3.702792421163066e-08,
      4.03415460332473e-08,
      2.1522845992321459e-07,
      2.3347273274502503e-07,
      1.1626249953712921e-08,
      2.3606951323778427e-09,
      1.4879558048966132e-07,
      1.2346499323190563e-07,
      2.76213747438274e-07,
      2.1299078490769847e-07,
      2.3231680395179264e-08,
      1.680549640594589e-06,
      2.3474629769861252e-08,
      4.231274617194654e-08,
      5.1010547664212907e-08,
      8.747812158483564e-11,
      1.1590033325143737e-06,
      4.1274874586142144e-09,
      4.253378388747147e-06,
      8.197084950950212e-09,
      1.268647916006181e-06,
      5.891275333452433e-06,
      6.385356222301246e-08,
      3.559864087063516e-07
    ],
    "mean_weight_by_future": [
      1.711847067462327e-07,
      2.08834608117204e-08,
      8.657060304635444e-08,
      8.059118151997605e-08,
      7.440907572918095e-09,
      7.135826661073448e-08,
      2.1278553252410167e-07,
      1.0615424656653906e-07,
      1.0311229426973272e-06,
      1.3485282179435966e-07,
      5.045647557765855e-11,
      3.008778545548662e-11,
      3.8420277080119454e-10,
      1.674342534615372e-09,
      1.5256826146536533e-09,
      1.3253478218474274e-06,
      3.1283541931374566e-08,
      6.107424139468606e-10,
      7.704103772128085e-10,
      8.342915101860629e-08,
      3.013700390488534e-11,
      1.2928472859466192e-07,
      4.5837106908211053e-07,
      4.0970331119725345e-09,
      6.649787969736832e-09,
      9.623837315888242e-08,
      6.271041659621017e-09,
      5.626684518714445e-08,
      3.0650558104503165e-08,
      1.4602032986755071e-07,
      1.1499017688160569e-08,
      1.0908753630227905e-05,
      4.016964651642939e-06,
      1.067893679828815e-06,
      2.8418235074798236e-09,
      3.4199285917791802e-09,
      2.1499354719095664e-07,
      1.5101439232312353e-06,
      1.005671948863521e-09,
      1.7943777052034637e-11,
      4.6881011690230727e-07,
      1.0085842151567969e-08,
      6.773862548481607e-10,
      5.455150438033693e-10,
      5.964328931242295e-07,
      8.873146198535319e-07,
      2.4573712656161983e-07,
      6.523376198075589e-07,
      6.483255683314497e-06,
      1.0030371607738072e-08,
      7.361052950468616e-07,
      2.1617314272483828e-07,
      1.1421843853145285e-07,
      8.041303804322433e-07,
      2.4915283671301886e-08,
      6.004098036181128e-07,
      1.2439752846696614e-09,
      9.559876373794954e-09,
      4.836666112584093e-06,
      1.6875666652497307e-08,
      1.4837994848673945e-06,
      7.080728714605366e-08,
      1.8879788597941644e-07,
      1.21257847784995e-07
    ]
  },
  "mean_centered_block_norm_by_past": [
    0.0,
    0.0,
    0.0,
    0.0,
    0.0,
    0.0,
    0.0,
    0.0,
    0.0,
    0.0,
    0.0,
    0.0,
    0.0,
    0.0,
    0.0,
    0.0,
    0.0,
    0.0,
    0.0,
    0.0,
    0.0,
    0.0,
    0.0,
    0.0,
    0.0,
    0.0,
    0.0,
    0.0,
    0.0,
    0.0,
    0.0,
    0.0,
    0.0,
    0.0,
    0.0,
    0.0,
    0.0,
    0.0,
    0.0,
    0.0,
    0.0,
    0.0,
    0.0,
    0.0,
    0.0,
    0.0,
    0.0,
    0.0,
    0.0,
    0.0,
    0.0,
    0.0,
    0.0,
    0.0,
    0.0,
    0.0,
    0.0,
    0.0,
    0.0,
    0.0,
    0.0,
    0.0,
    0.0,
    0.0
  ],
  "mean_centered_block_norm_by_future": [
    0.0,
    0.0,
    0.0,
    0.0,
    0.0,
    0.0,
    0.0,
    0.0,
    0.0,
    0.0,
    0.0,
    0.0,
    0.0,
    0.0,
    0.0,
    0.0,
    0.0,
    0.0,
    0.0,
    0.0,
    0.0,
    0.0,
    0.0,
    0.0,
    0.0,
    0.0,
    0.0,
    0.0,
    0.0,
    0.0,
    0.0,
    0.0,
    0.0,
    0.0,
    0.0,
    0.0,
    0.0,
    0.0,
    0.0,
    0.0,
    0.0,
    0.0,
    0.0,
    0.0,
    0.0,
    0.0,
    0.0,
    0.0,
    0.0,
    0.0,
    0.0,
    0.0,
    0.0,
    0.0,
    0.0,
    0.0,
    0.0,
    0.0,
    0.0,
    0.0,
    0.0,
    0.0,
    0.0,
    0.0
  ],
  "weighted_variants": {
    "masked_lt_1e-12_thr1e-12": {
      "frobenius": 63.229739672608794,
      "frobenius_sq": 3997.9999790658785,
      "entropy_sv": 0.10269203558978061,
      "rank_tol": 6,
      "participation_ratio": 0.966224232103461,
      "mean_row_norm": 7.899720079297333,
      "std_row_norm": 0.2533280032540706,
      "mean_col_norm": 2.000713090176812,
      "std_col_norm": 1.9527387110532195
    },
    "weighted_sqrt_thr1e-12": {
      "frobenius": 0.05098683911899955,
      "frobenius_sq": 0.002599657763346743,
      "entropy_sv": 4.351885825758746e-27,
      "rank_tol": 1,
      "participation_ratio": 1.0,
      "mean_row_norm": 0.004314404556274042,
      "std_row_norm": 0.004728092699340451,