{
  "case_name": "markov_ref",
  "cut": 5,
  "cut_comparison_mode": "asymmetry_grid",
  "J": 0.0,
  "g": 1.0,
  "L": 2,
  "k": 20,
  "dt": 0.1,
  "n_pasts": 16,
  "n_futures": 64,
  "fraction_terminated_early": 0.001953125,
  "fraction_any_prob_skipped_renormalize": 0.0,
  "fraction_weight_lt_1e-12": 0.0771484375,
  "fraction_weight_lt_1e-10": 0.3056640625,
  "fraction_weight_lt_1e-08": 0.6611328125,
  "fraction_weight_lt_1e-06": 0.96484375,
  "mean_cumulative_weight": 1.6486385993098384e-07,
  "median_cumulative_weight": 1.5132972826240692e-09,
  "metrics_V_raw": {
    "frobenius": 31.99999990898908,
    "frobenius_sq": 1023.999994175301,
    "entropy_sv": 0.015570350450374575,
    "rank_tol": 2,
    "participation_ratio": 0.9956388576064419,
    "mean_row_norm": 7.999999977247276,
    "std_row_norm": 8.341751733810099e-10,
    "mean_col_norm": 1.0020605982832658,
    "std_col_norm": 0.9989111170963776
  },
  "metrics_V_centered_past": {
    "frobenius": 1.5013577587598936,
    "frobenius_sq": 2.254075119788531,
    "entropy_sv": 1.0361632918473208e-27,
    "rank_tol": 1,
    "participation_ratio": 1.0,
    "mean_row_norm": 0.18171042488676126,
    "std_row_norm": 0.3391927931219544,
    "mean_col_norm": 0.008931243271592145,
    "std_col_norm": 0.06581172162447779
  },
  "metrics_V_centered_global": {
    "frobenius": 29.980351009325375,
    "frobenius_sq": 898.821446642357,
    "entropy_sv": 0.0173800258491716,
    "rank_tol": 2,
    "participation_ratio": 0.995044218722815,
    "mean_row_norm": 7.495087346974961,
    "std_row_norm": 0.002545869996679828,
    "mean_col_norm": 1.0422754989278185,
    "std_col_norm": 0.8188296265897629
  },
  "metrics_V_centered_rowcol": {
    "frobenius": 1.5011255329876059,
    "frobenius_sq": 2.253377865787324,
    "entropy_sv": 1.061372545407908e-27,
    "rank_tol": 1,
    "participation_ratio": 1.0,
    "mean_row_norm": 0.1816823184321159,
    "std_row_norm": 0.33914032773994973,
    "mean_col_norm": 0.01007086460482593,
    "std_col_norm": 0.06563627524722365
  },
  "row_distance_raw": {
    "max_row_distance": 1.5505956257003628,
    "mean_row_distance": 0.19382445321254535,
    "median_row_distance": 0.0
  },
  "row_distance_centered_past": {
    "max_row_distance": 1.5505956257003628,
    "mean_row_distance": 0.19382445321254535,
    "median_row_distance": 0.0
  },
  "delta_norm_centered_past": 0.002201245246689572,
  "corr_weight_vs_centered_block_norm": -0.015235622943609823,
  "corr_terminated_early_vs_centered_block_norm": 0.9273224146563825,
  "summarize_weights": {
    "mean_weight_by_past": [
      1.832214338130147e-08,
      8.359028498633352e-08,
      4.3500614393227605e-11,
      1.3246436428894683e-07,
      2.4171243002799033e-08,
      6.409675225179315e-07,
      7.277798381079695e-09,
      6.515087933945152e-09,
      2.602421160156642e-08,
      1.8074973534511835e-07,
      9.487976197186315e-08,
      1.3139879993231427e-07,
      4.397478940805449e-08,
      1.0590196186277918e-06,
      1.0003292367653993e-08,
      1.784196045346489e-07
    ],
    "mean_weight_by_future": [
      3.340842209278944e-07,
      1.3822031782190092e-08,
      5.898414719647332e-11,
      1.0539951978644301e-08,
      4.8275428798709785e-09,
      6.711577113859045e-11,
      1.598667863687694e-11,
      3.124194365077129e-09,
      9.561810482644086e-08,
      4.61482408744357e-08,
      3.088003608073519e-08,
      2.239324512689378e-11,
      5.389112363539195e-12,
      2.2484294247466756e-09,
      1.8971592831610908e-07,
      8.274567066330761e-08,
      1.4333405706693527e-07,
      3.349068464836498e-07,
      1.8037420361306235e-07,
      2.2707391465197563e-11,
      2.660914188383454e-10,
      9.76572375492084e-11,
      2.2544465462461988e-11,
      2.31716972848009e-06,
      1.1676875405935625e-06,
      1.7397662704144442e-09,
      5.6071601997336094e-08,
      5.105423616831819e-13,
      8.459269076005503e-09,
      9.213601655840125e-09,
      1.1433969665748222e-10,
      6.659383417130274e-07,
      1.1568391989459519e-07,
      2.0764315040478887e-09,
      1.4232680814340304e-11,
      2.337851298852739e-07,
      1.5387677219990267e-09,
      5.7077523711661916e-11,
      1.995730135418891e-08,
      7.387424603410598e-11,
      6.510175805625699e-07,
      3.37638941709532e-08,
      1.195921283002523e-13,
      2.3349215109103497e-07,
      8.238367005667758e-10,
      6.976990782428664e-09,
      7.418563352690852e-12,
      9.086962224344572e-10,
      2.2817054712983116e-06,
      2.7652636379575853e-10,
      2.3036369353359423e-09,
      5.139215023834726e-09,
      2.730118106866918e-09,
      5.245682474651588e-07,
      2.3042224336046543e-10,
      3.6521574554591896e-10,
      7.608719503047115e-08,
      8.581241479507753e-08,
      3.367019319970016e-09,
      1.0681319960290072e-08,
      4.854751083403888e-07,
      8.62210193352366e-09,
      6.380694710053944e-08,
      5.956246481894863e-10
    ]
  },
  "mean_centered_block_norm_by_past": [
    0.002050083162756929,
    0.002050083162756929,
    0.030751247441353928,
    0.002050083162756929,
    0.002050083162756929,
    0.002050083162756929,
    0.002050083162756929,
    0.002050083162756929,
    0.002050083162756929,
    0.002050083162756929,
    0.002050083162756929,
    0.002050083162756929,
    0.002050083162756929,
    0.002050083162756929,
    0.002050083162756929,
    0.002050083162756929
  ],
  "mean_centered_block_norm_by_future": [
    0.0,
    0.0,
    0.0,
    0.0,
    0.0,
    0.0,
    0.0,
    0.0,
    0.0,
    0.0,
    0.0,
    0.0,
    0.0,
    0.0,
    0.0,
    0.0,
    0.0,
    0.0,
    0.0,
    0.0,
    0.0,
    0.0,
    0.0,
    0.0,
    0.0,
    0.0,
    0.0,
    0.08586859590341517,
    0.0,
    0.0,
    0.0,
    0.0,
    0.0,
    0.0,
    0.0,
    0.0,
    0.0,
    0.0,
    0.0,
    0.0,
    0.0,
    0.0,
    0.16014138362741623,
    0.0,
    0.0,
    0.0,
    0.0,
    0.0,
    0.0,
    0.0,
    0.0,
    0.0,
    0.0,
    0.0,
    0.0,
    0.0,
    0.0,
    0.0,
    0.0,
    0.0,
    0.0,
    0.0,
    0.0,
    0.0
  ],
  "weighted_variants": {
    "masked_lt_1e-12_thr1e-12": {
      "frobenius": 30.740852216020965,
      "frobenius_sq": 944.999994967241,
      "entropy_sv": 0.1850964069808228,
      "rank_tol": 8,
      "participation_ratio": 0.9359614794351989,
      "mean_row_norm": 7.669079185468862,
      "std_row_norm": 0.5140418996784127,
      "mean_col_norm": 0.947979312470907,
      "std_col_norm": 0.9741106930356646
    },
    "weighted_sqrt_thr1e-12": {
      "frobenius": 0.01299309808425346,
      "frobenius_sq": 0.00016882059782703093,
      "entropy_sv": 1.1091884995847822e-10,
      "rank_tol": 2,
      "participation_ratio": 0.9999999999918521,
      "mean_row_norm": 0.0024676587525966067,
      "std_row_norm": 0.0021816073939302134,
      "mean_col_norm": 0.00022781466929523914,
      "std_col_norm": 0.0005276096110812793
    },
    "weighted_linear_thr1e-12": {
      "frobenius": 2.895006441543423e-05,
      "frobenius_sq": 8.381062296577913e-10,
      "entropy_sv": 2.7888202080855755e-20,
      "rank_tol": 1,
      "participation_ratio": 1.0,
      "mean_row_norm": 3.7140658406076474e-06,
      "std_row_norm": 6.415593859567971e-06,
      "mean_col_norm": 3.2407783180374855e-07,
      "std_col_norm": 1.2389098577694987e-06
    },
    "masked_lt_1e-10_thr1e-10": {
      "frobenius": 26.664583208230987,
      "frobenius_sq": 710.9999976686739,
      "entropy_sv": 0.37663639254734527,
      "rank_tol": 11,
      "participation_ratio": 0.8617663760096312,
      "mean_row_norm": 6.575524666028878,
      "std_row_norm": 1.1313591687820337,
      "mean_col_norm": 0.7640322993133567,
      "std_col_norm": 0.8980544052083517
    },
    "weighted_sqrt_thr1e-10": {
      "frobenius": 0.01299309808425346,
      "frobenius_sq": 0.00016882059782703093,
      "entropy_sv": 1.1091884995847822e-10,
      "rank_tol": 2,
      "participation_ratio": 0.9999999999918521,