{
  "case_name": "trivial",
  "cut": 10,
  "cut_comparison_mode": "asymmetry_grid",
  "J": 0.0,
  "g": 0.0,
  "L": 2,
  "k": 20,
  "dt": 0.1,
  "n_pasts": 64,
  "n_futures": 16,
  "fraction_terminated_early": 0.0,
  "fraction_any_prob_skipped_renormalize": 0.0,
  "fraction_weight_lt_1e-12": 0.037109375,
  "fraction_weight_lt_1e-10": 0.298828125,
  "fraction_weight_lt_1e-08": 0.7392578125,
  "fraction_weight_lt_1e-06": 0.9716796875,
  "mean_cumulative_weight": 1.0628786580826967e-07,
  "median_cumulative_weight": 8.825246608561661e-10,
  "metrics_V_raw": {
    "frobenius": 32.000000179611774,
    "frobenius_sq": 1024.0000114951536,
    "entropy_sv": 4.351885825758746e-27,
    "rank_tol": 1,
    "participation_ratio": 1.0,
    "mean_row_norm": 4.0000000224514745,
    "std_row_norm": 8.951997022403363e-16,
    "mean_col_norm": 1.9644329012371597,
    "std_col_norm": 2.042941456050439
  },
  "metrics_V_centered_past": {
    "frobenius": 0.0,
    "frobenius_sq": 0.0,
    "entropy_sv": 0.0,
    "rank_tol": 0,
    "participation_ratio": 0.0,
    "mean_row_norm": 0.0,
    "std_row_norm": 0.0,
    "mean_col_norm": 0.0,
    "std_col_norm": 0.0
  },
  "metrics_V_centered_global": {
    "frobenius": 30.304389008224625,
    "frobenius_sq": 918.3559931618055,
    "entropy_sv": 4.351885825758746e-27,
    "rank_tol": 1,
    "participation_ratio": 1.0,
    "mean_row_norm": 3.7880486260280763,
    "std_row_norm": 4.475998511201681e-16,
    "mean_col_norm": 2.098787964303483,
    "std_col_norm": 1.6707945102268826
  },
  "metrics_V_centered_rowcol": {
    "frobenius": 0.0,
    "frobenius_sq": 0.0,
    "entropy_sv": 0.0,
    "rank_tol": 0,
    "participation_ratio": 0.0,
    "mean_row_norm": 0.0,
    "std_row_norm": 0.0,
    "mean_col_norm": 0.0,
    "std_col_norm": 0.0
  },
  "row_distance_raw": {
    "max_row_distance": 0.0,
    "mean_row_distance": 0.0,
    "median_row_distance": 0.0
  },
  "row_distance_centered_past": {
    "max_row_distance": 0.0,
    "mean_row_distance": 0.0,
    "median_row_distance": 0.0
  },
  "delta_norm_centered_past": 0.0,
  "corr_weight_vs_centered_block_norm": NaN,
  "corr_terminated_early_vs_centered_block_norm": NaN,
  "summarize_weights": {
    "mean_weight_by_past": [
      1.4842069203677073e-08,
      4.3585968045937383e-10,
      5.702293019049809e-07,
      1.140836548519661e-07,
      5.766081125897906e-10,
      3.426904571844889e-10,
      4.704454245313658e-07,
      1.0830174677183799e-06,
      3.273696211875246e-10,
      1.2113558856039462e-08,
      3.2737498003457386e-10,
      5.718879146213586e-11,
      1.1367361711083354e-10,
      2.111264718642508e-10,
      9.58469524132388e-10,
      2.030522106148988e-08,
      1.4076334505615858e-10,
      1.7246758202881118e-10,
      8.149390487696688e-08,
      1.1252237669704604e-07,
      4.556127659936462e-09,
      3.706988837292699e-08,
      2.950127338619962e-08,
      1.81253905948009e-07,
      2.2409983057834013e-10,
      2.082850016402838e-08,
      4.015788010112062e-09,
      7.317893868076002e-08,
      4.216972439306281e-09,
      2.448800030511824e-09,
      1.459392129005418e-08,
      4.79485732296107e-09,
      6.686326509073265e-10,
      6.484615879897247e-12,
      6.489055726618701e-09,
      8.238527054482268e-07,
      2.1662867901795226e-08,
      2.2805515936464536e-07,
      1.7371549776410667e-10,
      9.073464294533501e-08,
      6.528448568505856e-08,
      2.001919316547267e-07,
      1.0945575272501836e-10,
      3.092073823813617e-08,
      6.04212905656726e-07,
      3.950931885328386e-08,
      2.510478556128453e-09,
      1.5077371210364809e-09,
      1.4290242565182001e-08,
      6.00454152980744e-08,
      1.076258088426808e-09,
      1.8165179408508932e-09,
      7.296378078920762e-08,
      6.980607262932125e-07,
      1.6416527315079705e-09,
      7.796027070316595e-08,
      5.767368216164295e-08,
      7.4393976536571796e-09,
      2.987823398418203e-08,
      2.2028786103839488e-10,
      1.4498042215399698e-07,
      7.263790684845823e-10,
      1.57175618461732e-09,
      6.567884275626114e-07
    ],
    "mean_weight_by_future": [
      6.171728868443197e-10,
      6.107722532360457e-10,
      8.833330585731808e-09,
      5.215340445085711e-07,
      6.588381128060328e-09,
      1.639579180233261e-10,
      4.3104980176875715e-07,
      2.865290146737696e-07,
      3.896380625115761e-09,
      4.154538633437089e-08,
      7.56555319436004e-09,
      2.260380560840986e-09,
      3.3181619019508768e-09,
      7.134621986892605e-10,
      7.073355490864533e-08,
      3.14646497485348e-07
    ]
  },
  "mean_centered_block_norm_by_past": [
    0.0,
    0.0,
    0.0,
    0.0,
    0.0,
    0.0,
    0.0,
    0.0,
    0.0,
    0.0,
    0.0,
    0.0,
    0.0,
    0.0,
    0.0,
    0.0,
    0.0,
    0.0,
    0.0,
    0.0,
    0.0,
    0.0,
    0.0,
    0.0,
    0.0,
    0.0,
    0.0,
    0.0,
    0.0,
    0.0,
    0.0,
    0.0,
    0.0,
    0.0,
    0.0,
    0.0,
    0.0,
    0.0,
    0.0,
    0.0,
    0.0,
    0.0,
    0.0,
    0.0,
    0.0,
    0.0,
    0.0,
    0.0,
    0.0,
    0.0,
    0.0,
    0.0,
    0.0,
    0.0,
    0.0,
    0.0,
    0.0,
    0.0,
    0.0,
    0.0,
    0.0,
    0.0,
    0.0,
    0.0
  ],
  "mean_centered_block_norm_by_future": [
    0.0,
    0.0,
    0.0,
    0.0,
    0.0,
    0.0,
    0.0,
    0.0,
    0.0,
    0.0,
    0.0,
    0.0,
    0.0,
    0.0,
    0.0,
    0.0
  ],
  "weighted_variants": {
    "masked_lt_1e-12_thr1e-12": {
      "frobenius": 31.400637114663116,
      "frobenius_sq": 986.0000112067588,
      "entropy_sv": 0.13896681807617797,
      "rank_tol": 5,
      "participation_ratio": 0.9522483120089618,
      "mean_row_norm": 3.918329362255968,
      "std_row_norm": 0.2319171915452025,
      "mean_col_norm": 1.931221586356786,
      "std_col_norm": 2.001198575516832
    },
    "weighted_sqrt_thr1e-12": {
      "frobenius": 0.010432582483524527,
      "frobenius_sq": 0.00010883877727554279,
      "entropy_sv": 4.351885825758746e-27,
      "rank_tol": 1,
      "participation_ratio": 1.0,
      "mean_row_norm": 0.0008253446429428243,
      "std_row_norm": 0.001017641027073484,
      "mean_col_norm": 0.0004192940256379164,
      "std_col_norm": 0.0008245037631586843
    },
    "weighted_linear_thr1e-12": {
      "frobenius": 1.4940011648594908e-05,
      "frobenius_sq": 2.2320394806015153e-10,
      "entropy_sv": 4.351885825758746e-27,
      "rank_tol": 1,
      "participation_ratio": 1.0,
      "mean_row_norm": 8.036439000354621e-07,
      "std_row_norm": 1.69906586334982e-06,
      "mean_col_norm": 4.808129656083937e-07,
      "std_col_norm": 1.2347104804232727e-06
    },
    "masked_lt_1e-10_thr1e-10": {
      "frobenius": 26.79552220206188,
      "frobenius_sq": 718.000010081191,
      "entropy_sv": 0.5827214345576915,
      "rank_tol": 9,
      "participation_ratio": 0.7468168318961386,
      "mean_row_norm": 3.2470472271087223,
      "std_row_norm": 0.8283451239596562,
      "mean_col_norm": 1.6293633672650787,
      "std_col_norm": 1.7256344543846869
    },
    "weighted_sqrt_thr1e-10": {
      "frobenius": 0.010432582483524527,
      "frobenius_sq": 0.00010883877727554279,
      "entropy_sv": 4.351885825758746e-27,
      "rank_tol": 1,
      "participation_ratio": 1.0,
      "mean_row_norm": 0.0008253446429428243,
      "std_row_norm": 0.001017641027073484,
      "mean_col_norm": 0.0004192940256379164,
      "std_col_norm": 0.0008245037631586843
    },
    "weighted_linear_thr1e-10": {
      "frobenius": 1.4940011648594908e-05,
      "frobenius_sq": 2.2320394806015153e-10,
      "entropy_sv": 4.351885825758746e-27,
      "rank_tol": 1,
      "participation_ratio": 1.0,
      "mean_row_norm": 8.036439000354621e-07,
      "std_row_norm": 1.69906586334982e-06,
      "mean_col_norm": 4.808129656083937e-07,
      "std_col_norm": 1.2347104804232727e-06
    },
    "masked_lt_1e-08_thr1e-08": {
      "frobenius": 16.340134821218196,
      "frobenius_sq": 267.00000597558744,