{
  "case_name": "trivial",
  "cut": 15,
  "cut_comparison_mode": "asymmetry_grid",
  "J": 0.0,
  "g": 0.0,
  "L": 2,
  "k": 20,
  "dt": 0.1,
  "n_pasts": 64,
  "n_futures": 32,
  "fraction_terminated_early": 0.0048828125,
  "fraction_any_prob_skipped_renormalize": 0.0,
  "fraction_weight_lt_1e-12": 0.08984375,
  "fraction_weight_lt_1e-10": 0.27880859375,
  "fraction_weight_lt_1e-08": 0.6484375,
  "fraction_weight_lt_1e-06": 0.95361328125,
  "mean_cumulative_weight": 5.028560585528269e-07,
  "median_cumulative_weight": 2.1153729714039303e-09,
  "metrics_V_raw": {
    "frobenius": 45.25483392511449,
    "frobenius_sq": 2047.9999935896933,
    "entropy_sv": 0.023196004028597787,
    "rank_tol": 2,
    "participation_ratio": 0.9930562330991701,
    "mean_row_norm": 5.656854240639312,
    "std_row_norm": 1.084448146456241e-09,
    "mean_col_norm": 2.054199069782738,
    "std_col_norm": 1.948099260773654
  },
  "metrics_V_centered_past": {
    "frobenius": 2.6933616543843173,
    "frobenius_sq": 7.254197001307826,
    "entropy_sv": 4.351885825758746e-27,
    "rank_tol": 1,
    "participation_ratio": 1.0,
    "mean_row_norm": 0.14232469188627123,
    "std_row_norm": 0.30751932845162744,
    "mean_col_norm": 0.03191462802380605,
    "std_col_norm": 0.16560583808433668
  },
  "metrics_V_centered_global": {
    "frobenius": 41.75631970644657,
    "frobenius_sq": 1743.590235426978,
    "entropy_sv": 0.026500689392460565,
    "rank_tol": 2,
    "participation_ratio": 0.9918796941382939,
    "mean_row_norm": 5.2195398658740455,
    "std_row_norm": 0.0010164853672248316,
    "mean_col_norm": 2.097235478704052,
    "std_col_norm": 1.5562658831058638
  },
  "metrics_V_centered_rowcol": {
    "frobenius": 2.6932924953846786,
    "frobenius_sq": 7.25382446569543,
    "entropy_sv": 4.351885825758746e-27,
    "rank_tol": 1,
    "participation_ratio": 1.0,
    "mean_row_norm": 0.14232103733312254,
    "std_row_norm": 0.3075114321005785,
    "mean_col_norm": 0.033064405445250064,
    "std_col_norm": 0.16537481148020355
  },
  "row_distance_raw": {
    "max_row_distance": 1.5927921802354288,
    "mean_row_distance": 0.1445838139797041,
    "median_row_distance": 0.0
  },
  "row_distance_centered_past": {
    "max_row_distance": 1.5927921802354288,
    "mean_row_distance": 0.1445838139797041,
    "median_row_distance": 0.0
  },
  "delta_norm_centered_past": 0.003542088390631689,
  "corr_weight_vs_centered_block_norm": -0.011731456474959557,
  "corr_terminated_early_vs_centered_block_norm": 0.7664611311638084,
  "summarize_weights": {
    "mean_weight_by_past": [
      1.3071596366406819e-08,
      6.506464722140942e-11,
      5.2512668752289727e-08,
      2.5173064458850377e-08,
      6.306672575384973e-08,
      2.0941642151520304e-07,
      1.301088628473656e-08,
      7.394148631912726e-08,
      7.797966424407145e-11,
      6.182279162545386e-08,
      2.3800619198487697e-06,
      2.2228367737389694e-08,
      7.700124842716976e-10,
      9.500040342004713e-08,
      4.751765408354532e-07,
      8.298792705803849e-08,
      7.621034432991655e-08,
      7.298306506594985e-08,
      8.359645423990703e-10,
      9.419212074085225e-09,
      2.5242351427580065e-09,
      5.047712621607225e-09,
      3.189877651971015e-11,
      2.993378681315784e-13,
      1.124029360870051e-06,
      2.418741831302646e-07,
      1.1713849764474144e-08,
      3.821141586706022e-11,
      8.365307997219182e-08,
      8.597163322509212e-09,
      2.753253427824964e-13,
      5.901758262279478e-08,
      1.0363462394585038e-08,
      1.0728921415072583e-09,
      4.215293601821678e-09,
      2.5153693799046377e-10,
      1.3652038812570568e-10,
      9.344059391078782e-14,
      2.6265304779523993e-06,
      8.086927248353787e-09,
      1.8478284925645144e-11,
      6.351966070357508e-11,
      2.3745448687980827e-07,
      2.4949273811168548e-08,
      6.046499627417844e-10,
      1.615541452447063e-09,
      4.106969930476607e-09,
      1.1809337997197261e-09,
      3.562971399658244e-09,
      1.3175534614982506e-06,
      1.712454290061137e-08,
      4.695640875997976e-09,
      6.403089869384351e-09,
      1.4460935578696954e-07,
      2.264591650465406e-09,
      1.0826510725403585e-08,
      2.2406728804135235e-05,
      7.40763906793201e-08,
      1.3257960483369267e-10,
      5.4918243531189766e-12,
      8.055465616766929e-11,
      9.086386193422131e-13,
      9.48338441371158e-09,
      2.281157486223423e-10
    ],
    "mean_weight_by_future": [
      5.761700095918905e-09,
      5.699381304499783e-08,
      7.274159018282889e-07,
      1.0864785929531106e-06,
      2.986866073790815e-06,
      1.4318343426790432e-07,
      7.263526553648934e-07,
      8.733491565121602e-08,
      9.415831269893553e-07,
      9.833495019338486e-07,
      1.7228593040351024e-07,
      3.200719698953223e-08,
      3.059671587890433e-08,
      1.770235786234667e-06,
      3.0065726729697825e-07,
      4.959535885378248e-10,
      1.986864171885752e-10,
      3.444348745787273e-08,
      7.783706853814205e-07,
      4.7444396707488226e-07,
      7.935008139601802e-08,
      3.9795001542250386e-08,
      1.4391913324341358e-06,
      1.7430711377672952e-09,
      3.601816089894709e-07,
      4.469052276035349e-07,
      6.924951938433984e-07,
      4.405121127162328e-07,
      7.79949465851563e-07,
      5.846727549643456e-09,
      2.5738762280615684e-07,
      2.089810351764448e-07
    ]
  },
  "mean_centered_block_norm_by_past": [
    0.003295642156746723,
    0.003295642156746723,
    0.003295642156746723,
    0.003295642156746723,
    0.003295642156746723,
    0.003295642156746723,
    0.003295642156746723,
    0.003295642156746723,
    0.003295642156746723,
    0.003295642156746723,
    0.003295642156746723,
    0.003295642156746723,
    0.003295642156746723,
    0.003295642156746723,
    0.003295642156746723,
    0.003295642156746723,
    0.003295642156746723,
    0.003295642156746723,
    0.003295642156746723,
    0.003295642156746723,
    0.003295642156746723,
    0.003295642156746723,
    0.003295642156746723,
    0.06701139052051669,
    0.003295642156746723,
    0.003295642156746723,
    0.003295642156746723,
    0.003295642156746723,
    0.003295642156746723,
    0.003295642156746723,
    0.06701139052051669,
    0.003295642156746723,
    0.003295642156746723,
    0.003295642156746723,
    0.003295642156746723,
    0.003295642156746723,
    0.003295642156746723,
    0.06701139052051669,
    0.003295642156746723,
    0.003295642156746723,
    0.003295642156746723,
    0.003295642156746723,
    0.003295642156746723,
    0.003295642156746723,
    0.003295642156746723,
    0.003295642156746723,
    0.003295642156746723,
    0.003295642156746723,
    0.003295642156746723,
    0.003295642156746723,
    0.003295642156746723,
    0.003295642156746723,
    0.003295642156746723,
    0.003295642156746723,
    0.003295642156746723,
    0.003295642156746723,
    0.003295642156746723,
    0.003295642156746723,
    0.003295642156746723,
    0.003295642156746723,
    0.003295642156746723,
    0.003295642156746723,
    0.003295642156746723,
    0.003295642156746723
  ],
  "mean_centered_block_norm_by_future": [
    0.0,
    0.0,
    0.0,
    0.0,
    0.0,
    0.0,
    0.0,
    0.0,
    0.0,
    0.0,
    0.0,
    0.0,
    0.0,
    0.0,
    0.0,
    0.09556992231052948,
    0.10546424925102045,
    0.0,
    0.0,
    0.0,
    0.0,
    0.0,
    0.0,
    0.0,
    0.0,
    0.0,
    0.0,
    0.0,
    0.0,
    0.0,
    0.0,
    0.0
  ],
  "weighted_variants": {
    "masked_lt_1e-12_thr1e-12": {
      "frobenius": 43.17406620827478,
      "frobenius_sq": 1863.9999929564942,
      "entropy_sv": 0.179871304329792,
      "rank_tol": 9,
      "participation_ratio": 0.9393063042004971,
      "mean_row_norm": 5.291583880858541,
      "std_row_norm": 1.0686362396087992,
      "mean_col_norm": 1.951704515082223,
      "std_col_norm": 1.8670071061999212
    },