{
  "case_name": "nm_mid",
  "cut": 5,
  "cut_comparison_mode": "cut_comparison_shared_probe_source",
  "J": 1.0,
  "g": 1.0,
  "L": 2,
  "k": 20,
  "dt": 0.1,
  "n_pasts": 32,
  "n_futures": 32,
  "fraction_terminated_early": 0.0009765625,
  "fraction_any_prob_skipped_renormalize": 0.0,
  "fraction_weight_lt_1e-12": 0.0830078125,
  "fraction_weight_lt_1e-10": 0.3779296875,
  "fraction_weight_lt_1e-08": 0.7578125,
  "fraction_weight_lt_1e-06": 0.966796875,
  "mean_cumulative_weight": 2.1406101221993077e-07,
  "median_cumulative_weight": 3.673863634457019e-10,
  "metrics_V_raw": {
    "frobenius": 31.875969514467705,
    "frobenius_sq": 1016.0774324872746,
    "entropy_sv": 0.009133505988849499,
    "rank_tol": 32,
    "participation_ratio": 0.9978636977774298,
    "mean_row_norm": 5.634927879485357,
    "std_row_norm": 0.0027932131624906964,
    "mean_col_norm": 1.3480654361779199,
    "std_col_norm": 1.4697654140039733
  },
  "metrics_V_centered_past": {
    "frobenius": 1.0426025737990827,
    "frobenius_sq": 1.0870201268924717,
    "entropy_sv": 0.7025661994655368,
    "rank_tol": 31,
    "participation_ratio": 0.6558891581526599,
    "mean_row_norm": 0.14701752584024536,
    "std_row_norm": 0.11293264249363946,
    "mean_col_norm": 0.037162732062946555,
    "std_col_norm": 0.05363151514864713
  },
  "metrics_V_centered_global": {
    "frobenius": 30.05945833649129,
    "frobenius_sq": 903.5710354832556,
    "entropy_sv": 0.01012998680975669,
    "rank_tol": 32,
    "participation_ratio": 0.9975977452715231,
    "mean_row_norm": 5.31381095161807,
    "std_row_norm": 0.002878945252457772,
    "mean_col_norm": 1.4478100275441328,
    "std_col_norm": 1.1996006578396479
  },
  "metrics_V_centered_rowcol": {
    "frobenius": 1.0422539828898387,
    "frobenius_sq": 1.0862933648497322,
    "entropy_sv": 0.7020038034458729,
    "rank_tol": 31,
    "participation_ratio": 0.6561600254484636,
    "mean_row_norm": 0.1469590103506966,
    "std_row_norm": 0.11290746163884362,
    "mean_col_norm": 0.03762278779861294,
    "std_col_norm": 0.05328178806119186
  },
  "row_distance_raw": {
    "max_row_distance": 0.7227891866409765,
    "mean_row_distance": 0.21179876900548905,
    "median_row_distance": 0.16411246225500947
  },
  "row_distance_centered_past": {
    "max_row_distance": 0.7227891866409765,
    "mean_row_distance": 0.21179876900548905,
    "median_row_distance": 0.16411246225500947
  },
  "delta_norm_centered_past": 0.0010698201654095745,
  "corr_weight_vs_centered_block_norm": -0.07077566929771531,
  "corr_terminated_early_vs_centered_block_norm": 0.13331249203976867,
  "summarize_weights": {
    "mean_weight_by_past": [
      2.8393805342282828e-08,
      2.309753965482565e-07,
      5.378550743708711e-09,
      2.7298574360843985e-08,
      7.860864227269519e-08,
      3.684888935904125e-07,
      7.96889350357208e-10,
      5.351890918935846e-08,
      4.405895646623457e-07,
      1.1251940454182727e-08,
      1.097021721829947e-07,
      1.3011853865372065e-07,
      1.715959034459992e-06,
      1.1015680308712185e-06,
      2.5240049648494768e-09,
      7.659240770085769e-09,
      5.2453706244484056e-08,
      2.7152136250078716e-07,
      9.46746870841117e-09,
      3.5097341788538886e-07,
      2.0183996742069326e-07,
      5.25147830767488e-07,
      6.092143106213783e-08,
      2.0086699880809814e-07,
      3.408059446502175e-07,
      6.304680740657839e-09,
      7.254335748647196e-11,
      1.1448422549072929e-09,
      8.771016420764693e-09,
      1.1222657078448389e-08,
      4.341015617327995e-09,
      4.91265319103181e-07
    ],
    "mean_weight_by_future": [
      7.694356131212835e-08,
      3.022281291258638e-12,
      2.952671370273355e-11,
      1.2853502355341406e-08,
      8.101688032554548e-11,
      1.86940602737102e-09,
      2.7904003743451988e-09,
      2.3221865554416837e-10,
      3.991678982813763e-09,
      6.806434662683505e-08,
      1.066758358175946e-10,
      1.8353551600813938e-11,
      2.061887585881322e-10,
      1.3388379236397693e-08,
      5.977528792486823e-11,
      6.210146464865508e-07,
      4.808668234044036e-09,
      5.050326234813691e-09,
      4.25612351554787e-11,
      3.7117064232328104e-07,
      4.410612634485522e-10,
      1.7693332912664586e-10,
      1.1669110883632812e-09,
      1.603512337616768e-07,
      3.806434740735577e-12,
      3.0320231368786764e-08,
      1.4268969168651158e-07,
      4.762682742010659e-09,
      1.1456733316792552e-09,
      4.8708732063124914e-06,
      2.264425067672445e-10,
      4.550696198183075e-07
    ]
  },
  "mean_centered_block_norm_by_past": [
    0.03278104591193611,
    0.018477511812066548,
    0.014170809973844335,
    0.011708299831176775,
    0.01804216088500006,
    0.016171379109036634,
    0.024547935420742427,
    0.009267239009745895,
    0.006472797917676036,
    0.03053807561677695,
    0.011300877122641346,
    0.016285593225392907,
    0.010891351544515138,
    0.012300161011008438,
    0.007718073825953469,
    0.01503265736935386,
    0.021767726453521367,
    0.012105341292408542,
    0.015990157924964905,
    0.013820168287182261,
    0.008160228474129751,
    0.010219710969006274,
    0.02214617154003319,
    0.006085891761445421,
    0.014877973010573725,
    0.011344300538343333,
    0.07545030972592806,
    0.0308804180629291,
    0.01568763441119627,
    0.07034037289868438,
    0.03974073977839665,
    0.008023906243534565
  ],
  "mean_centered_block_norm_by_future": [
    0.021113514499001316,
    0.03147403743180538,
    0.00737947056246314,
    0.0438402144776707,
    0.04384443521658207,
    0.033693408353928415,
    0.036114280879802035,
    0.030254793448381216,
    0.016587624058019036,
    0.03665072808301353,
    0.0031518131502121416,
    0.03014835453623038,
    0.001165713134901192,
    0.024537906571620968,
    0.011111750259061701,
    0.02157232767102636,
    0.0328658189496951,
    0.020347783100817043,
    0.003240989570588672,
    0.024485873592289327,
    0.008786441100219687,
    0.004598475202200112,
    0.03234600208429848,
    0.00941647629171734,
    0.0288198012997117,
    0.010517288751735606,
    0.01385839459033633,
    0.010030356970058461,
    0.01195058743645056,
    0.008749886357267206,
    0.00692220971008063,
    0.012770263617958879
  ],
  "weighted_variants": {
    "masked_lt_1e-12_thr1e-12": {
      "frobenius": 30.524365163587913,
      "frobenius_sq": 931.7368686400594,
      "entropy_sv": 0.2694172914524614,
      "rank_tol": 32,
      "participation_ratio": 0.9048390628956083,
      "mean_row_norm": 5.38025764765317,
      "std_row_norm": 0.41842073577368066,
      "mean_col_norm": 1.282732435155772,
      "std_col_norm": 1.4149257980803456
    },
    "weighted_sqrt_thr1e-12": {
      "frobenius": 0.014779705129519203,
      "frobenius_sq": 0.00021843968371553624,
      "entropy_sv": 0.0036784477774855933,
      "rank_tol": 25,
      "participation_ratio": 0.9992125303716808,
      "mean_row_norm": 0.001936683547093659,
      "std_row_norm": 0.0017817706175895726,
      "mean_col_norm": 0.00024893149247239374,
      "std_col_norm": 0.0008913003507802092
    },
    "weighted_linear_thr1e-12": {
      "frobenius": 5.419415176432615e-05,
      "frobenius_sq": 2.9370060854548155e-09,
      "entropy_sv": 0.0007109874083914041,
      "rank_tol": 4,
      "participation_ratio": 0.9998706362537342,
      "mean_row_norm": 4.94729372168747e-06,
      "std_row_norm": 8.335279084783428e-06,
      "mean_col_norm": 4.2995388327314564e-07,
      "std_col_norm": 3.3663163308123503e-06
    },
    "masked_lt_1e-10_thr1e-10": {
      "frobenius": 25.138531776000054,
      "frobenius_sq": 631.9457798529644,
      "entropy_sv": 0.6282351917911702,
      "rank_tol": 32,
      "participation_ratio": 0.7554796142126384,
      "mean_row_norm": 4.369647082789415,
      "std_row_norm": 0.8219504685022555,
      "mean_col_norm": 0.9783165841653592,
      "std_col_norm": 1.2318125097763786
    },