{
  "case_name": "markov_ref",
  "cut": 10,
  "cut_comparison_mode": "asymmetry_grid",
  "J": 0.0,
  "g": 1.0,
  "L": 2,
  "k": 20,
  "dt": 0.1,
  "n_pasts": 32,
  "n_futures": 64,
  "fraction_terminated_early": 0.0,
  "fraction_any_prob_skipped_renormalize": 0.0,
  "fraction_weight_lt_1e-12": 0.03076171875,
  "fraction_weight_lt_1e-10": 0.27294921875,
  "fraction_weight_lt_1e-08": 0.69775390625,
  "fraction_weight_lt_1e-06": 0.9716796875,
  "mean_cumulative_weight": 1.681354883363381e-07,
  "median_cumulative_weight": 1.085373198446308e-09,
  "metrics_V_raw": {
    "frobenius": 45.254834083537304,
    "frobenius_sq": 2048.0000079284896,
    "entropy_sv": 2.141404136484463e-27,
    "rank_tol": 1,
    "participation_ratio": 1.0,
    "mean_row_norm": 8.000000015485332,
    "std_row_norm": 0.0,
    "mean_col_norm": 1.458904064605831,
    "std_col_norm": 1.369401900834093
  },
  "metrics_V_centered_past": {
    "frobenius": 0.0,
    "frobenius_sq": 0.0,
    "entropy_sv": 0.0,
    "rank_tol": 0,
    "participation_ratio": 0.0,
    "mean_row_norm": 0.0,
    "std_row_norm": 0.0,
    "mean_col_norm": 0.0,
    "std_col_norm": 0.0
  },
  "metrics_V_centered_global": {
    "frobenius": 42.12536067786752,
    "frobenius_sq": 1774.546012240427,
    "entropy_sv": 2.1742753155097657e-27,
    "rank_tol": 1,
    "participation_ratio": 1.0,
    "mean_row_norm": 7.446782048812316,
    "std_row_norm": 0.0,
    "mean_col_norm": 1.5079411687541815,
    "std_col_norm": 1.0928661120914511
  },
  "metrics_V_centered_rowcol": {
    "frobenius": 0.0,
    "frobenius_sq": 0.0,
    "entropy_sv": 0.0,
    "rank_tol": 0,
    "participation_ratio": 0.0,
    "mean_row_norm": 0.0,
    "std_row_norm": 0.0,
    "mean_col_norm": 0.0,
    "std_col_norm": 0.0
  },
  "row_distance_raw": {
    "max_row_distance": 0.0,
    "mean_row_distance": 0.0,
    "median_row_distance": 0.0
  },
  "row_distance_centered_past": {
    "max_row_distance": 0.0,
    "mean_row_distance": 0.0,
    "median_row_distance": 0.0
  },
  "delta_norm_centered_past": 0.0,
  "corr_weight_vs_centered_block_norm": NaN,
  "corr_terminated_early_vs_centered_block_norm": NaN,
  "summarize_weights": {
    "mean_weight_by_past": [
      3.995670624742541e-11,
      3.3523656489223545e-07,
      1.3336612766017661e-08,
      6.663040140989589e-09,
      1.4348683259967503e-09,
      2.780935701510621e-10,
      1.740799603955932e-07,
      1.406171468152807e-09,
      2.092707381144837e-08,
      6.628277346340275e-09,
      4.3637754671215956e-10,
      9.91527059652568e-10,
      1.3239177554491526e-06,
      7.549816635129462e-08,
      1.2915087797819612e-07,
      1.1539641577157484e-07,
      1.2396679274841763e-06,
      1.0070825680218543e-09,
      2.298279519876164e-07,
      1.1879117479828622e-09,
      2.9022253827683957e-08,
      1.8284048745785392e-10,
      3.1883621203076846e-07,
      2.3726625812596165e-08,
      3.108412505260921e-07,
      4.763181221252592e-10,
      1.086776933610612e-09,
      5.726646925195915e-09,
      7.266165289296549e-07,
      2.1961372583671426e-07,
      2.7693391685276136e-09,
      6.432449479483901e-08
    ],
    "mean_weight_by_future": [
      2.9889869586192254e-08,
      4.262176977544129e-09,
      4.43610283088173e-10,
      3.520547449920007e-08,
      1.5145694331744845e-08,
      7.965244639024441e-09,
      2.6220669045432744e-08,
      1.674898792091659e-08,
      6.053704935924769e-10,
      1.4831117172396935e-10,
      4.121126174381292e-08,
      8.307421146008321e-09,
      8.0902252978462e-09,
      2.012458902983845e-08,
      2.295246357327431e-09,
      2.265767895486404e-08,
      1.321525441908522e-08,
      8.881213169324333e-07,
      7.582943413425294e-08,
      6.087409580122584e-08,
      3.8032784499177135e-11,
      1.1021026968370446e-06,
      2.218850362904627e-08,
      5.192945891691711e-10,
      7.272892454955372e-10,
      3.8940781144879696e-07,
      1.702508734550241e-08,
      6.471567214515144e-08,
      9.824926238147002e-08,
      8.981499182778813e-08,
      4.2054424600153174e-10,
      2.1008905312298003e-07,
      1.1289154781936007e-08,
      4.195105223530674e-06,
      9.018979226274299e-10,
      1.5299235300778957e-08,
      9.878393010776496e-10,
      2.2230463065401835e-09,
      7.634974435770019e-08,
      3.02909211380508e-08,
      2.4907478204193483e-07,
      3.350169467176607e-07,
      2.718322249146515e-08,
      6.655474999003256e-07,
      6.440550907006988e-08,
      1.892991000873314e-08,
      1.0171803727878793e-08,
      9.16808394188957e-09,
      3.832475540862737e-09,
      1.4882252320510084e-06,
      1.823306390203328e-09,
      5.199838611732224e-10,
      1.6773160721200189e-09,
      8.509478431585845e-08,
      2.26806284558429e-09,
      2.35613338679761e-08,
      2.225079353890376e-10,
      1.0358493804421361e-07,
      3.6057871986310717e-09,
      8.357637036092346e-09,
      5.614214537151688e-11,
      1.8228665255484737e-08,
      4.687213684410214e-09,
      3.0320874373817587e-08
    ]
  },
  "mean_centered_block_norm_by_past": [
    0.0,
    0.0,
    0.0,
    0.0,
    0.0,
    0.0,
    0.0,
    0.0,
    0.0,
    0.0,
    0.0,
    0.0,
    0.0,
    0.0,
    0.0,
    0.0,
    0.0,
    0.0,
    0.0,
    0.0,
    0.0,
    0.0,
    0.0,
    0.0,
    0.0,
    0.0,
    0.0,
    0.0,
    0.0,
    0.0,
    0.0,
    0.0
  ],
  "mean_centered_block_norm_by_future": [
    0.0,
    0.0,
    0.0,
    0.0,
    0.0,
    0.0,
    0.0,
    0.0,
    0.0,
    0.0,
    0.0,
    0.0,
    0.0,
    0.0,
    0.0,
    0.0,
    0.0,
    0.0,
    0.0,
    0.0,
    0.0,
    0.0,
    0.0,
    0.0,
    0.0,
    0.0,
    0.0,
    0.0,
    0.0,
    0.0,
    0.0,
    0.0,
    0.0,
    0.0,
    0.0,
    0.0,
    0.0,
    0.0,
    0.0,
    0.0,
    0.0,
    0.0,
    0.0,
    0.0,
    0.0,
    0.0,
    0.0,
    0.0,
    0.0,
    0.0,
    0.0,
    0.0,
    0.0,
    0.0,
    0.0,
    0.0,
    0.0,
    0.0,
    0.0,
    0.0,
    0.0,
    0.0,
    0.0,
    0.0
  ],
  "weighted_variants": {
    "masked_lt_1e-12_thr1e-12": {
      "frobenius": 44.55333890046416,
      "frobenius_sq": 1985.0000071796132,
      "entropy_sv": 0.13092088867464508,
      "rank_tol": 7,
      "participation_ratio": 0.9571547307123559,
      "mean_row_norm": 7.871573217467719,
      "std_row_norm": 0.26801118206393115,
      "mean_col_norm": 1.4362900174729627,
      "std_col_norm": 1.34817434855202
    },
    "weighted_sqrt_thr1e-12": {
      "frobenius": 0.018556440448403645,
      "frobenius_sq": 0.0003443414821151509,
      "entropy_sv": 2.141404136484463e-27,
      "rank_tol": 1,
      "participation_ratio": 1.0,
      "mean_row_norm": 0.0021428750499622074,
      "std_row_norm": 0.0025234401171054604,
      "mean_col_norm": 0.0003420833414006473,
      "std_col_norm": 0.000746061706515555
    },
    "weighted_linear_thr1e-12": {
      "frobenius": 5.8772546552993624e-05,
      "frobenius_sq": 3.454212228323803e-09,
      "entropy_sv": 2.141404136484463e-27,
      "rank_tol": 1,
      "participation_ratio": 1.0,
      "mean_row_norm": 4.764563279605609e-06,
      "std_row_norm": 9.380450165399908e-06,
      "mean_col_norm": 5.416929015932244e-07,
      "std_col_norm": 2.542775135486344e-06
    },
    "masked_lt_1e-10_thr1e-10": {
      "frobenius": 38.58756281904491,
      "frobenius_sq": 1489.0000043137372,
      "entropy_sv": 0.5637213327767299,
      "rank_tol": 18,
      "participation_ratio": 0.7757352889774819,
      "mean_row_norm": 6.651012902067569,
      "std_row_norm": 1.5392591469204002,
      "mean_col_norm": 1.230981855376128,
      "std_col_norm": 1.1813604915693408
    },
    "weighted_sqrt_thr1e-10": {
      "frobenius": 0.018556440448403645,
      "frobenius_sq": 0.0003443414821151509,
      "entropy_sv": 2.141404136484463e-27,
      "rank_tol": 1,
      "participation_ratio": 1.0,
      "mean_row_norm": 0.0021428750499622074,
      "std_row_norm": 0.0025234401171054604,
      "mean_col_norm": 0.0003420833414006473,