{
  "case_name": "sweep",
  "L": 2,
  "k": 20,
  "dt": 0.1,
  "cut": 5,
  "J": 1.8,
  "g": 1.0,
  "n_pasts": 32,
  "n_futures": 32,
  "n_seeds": 1,
  "branch_weight_beta": 1.0,
  "delta": 8.838486188866738e-10,
  "delta_norm": 0.7668210598458138,
  "entropy": 0.014177683218261766,
  "rank": 4,
  "max_row_distance": 2.5483819095182217e-05,
  "mean_row_distance": 4.416279116875616e-06,
  "median_row_distance": 1.906639967165253e-06,
  "weight_preparation": {
    "weight_data_invalid": false,
    "nan_count": 0,
    "posinf_count": 0,
    "neginf_count": 0,
    "negative_count": 0,
    "warnings": []
  }
}