{
  "case_name": "sweep",
  "L": 2,
  "k": 20,
  "dt": 0.1,
  "cut": 10,
  "J": 1.8,
  "g": 1.0,
  "n_pasts": 32,
  "n_futures": 32,
  "n_seeds": 1,
  "branch_weight_beta": 1.0,
  "delta": 1.4432538852693585e-06,
  "delta_norm": 0.9634545135931097,
  "entropy": 0.0006114509514908024,
  "rank": 4,
  "max_row_distance": 0.0012232049231785367,
  "mean_row_distance": 8.151730353009186e-05,
  "median_row_distance": 1.6757214715183966e-06,
  "weight_preparation": {
    "weight_data_invalid": false,
    "nan_count": 0,
    "posinf_count": 0,
    "neginf_count": 0,
    "negative_count": 0,
    "warnings": []
  }
}