{
  "case_name": "trivial",
  "cut": 10,
  "cut_comparison_mode": "cut_comparison_fresh_probes",
  "J": 0.0,
  "g": 0.0,
  "L": 2,
  "k": 20,
  "dt": 0.1,
  "n_pasts": 32,
  "n_futures": 32,
  "fraction_terminated_early": 0.0029296875,
  "fraction_any_prob_skipped_renormalize": 0.0,
  "fraction_weight_lt_1e-12": 0.08203125,
  "fraction_weight_lt_1e-10": 0.3271484375,
  "fraction_weight_lt_1e-08": 0.7392578125,
  "fraction_weight_lt_1e-06": 0.970703125,
  "mean_cumulative_weight": 2.117068122199516e-07,
  "median_cumulative_weight": 8.009195894481992e-10,
  "metrics_V_raw": {
    "frobenius": 31.999999972421357,
    "frobenius_sq": 1023.9999982349668,
    "entropy_sv": 2.141404136484463e-27,
    "rank_tol": 1,
    "participation_ratio": 1.0,
    "mean_row_norm": 5.656854244617122,
    "std_row_norm": 0.0,
    "mean_col_norm": 1.428147130666987,
    "std_col_norm": 1.402884026855891
  },
  "metrics_V_centered_past": {
    "frobenius": 0.0,
    "frobenius_sq": 0.0,
    "entropy_sv": 0.0,
    "rank_tol": 0,
    "participation_ratio": 0.0,
    "mean_row_norm": 0.0,
    "std_row_norm": 0.0,
    "mean_col_norm": 0.0,
    "std_col_norm": 0.0
  },
  "metrics_V_centered_global": {
    "frobenius": 30.641677910890095,
    "frobenius_sq": 938.91242519473,
    "entropy_sv": 2.141404136484463e-27,
    "rank_tol": 1,
    "participation_ratio": 1.0,
    "mean_row_norm": 5.416734559431108,
    "std_row_norm": 0.0,
    "mean_col_norm": 1.4960683585047732,
    "std_col_norm": 1.1979197142645333
  },
  "metrics_V_centered_rowcol": {
    "frobenius": 0.0,
    "frobenius_sq": 0.0,
    "entropy_sv": 0.0,
    "rank_tol": 0,
    "participation_ratio": 0.0,
    "mean_row_norm": 0.0,
    "std_row_norm": 0.0,
    "mean_col_norm": 0.0,
    "std_col_norm": 0.0
  },
  "row_distance_raw": {
    "max_row_distance": 0.0,
    "mean_row_distance": 0.0,
    "median_row_distance": 0.0
  },
  "row_distance_centered_past": {
    "max_row_distance": 0.0,
    "mean_row_distance": 0.0,
    "median_row_distance": 0.0
  },
  "delta_norm_centered_past": 0.0,
  "corr_weight_vs_centered_block_norm": NaN,
  "corr_terminated_early_vs_centered_block_norm": NaN,
  "summarize_weights": {
    "mean_weight_by_past": [
      1.8039429504242926e-07,
      9.491258887979214e-08,
      5.701261397559466e-08,
      5.9216964635890254e-08,
      3.553728197282165e-10,
      2.722214554499417e-10,
      8.876055942526344e-09,
      9.273465085411155e-09,
      1.116378745077214e-08,
      3.7809715811884016e-08,
      8.671834259560398e-10,
      1.2967121640077214e-07,
      2.6345411359538453e-11,
      1.871570664017786e-09,
      6.464018679466585e-09,
      1.3835574049344089e-06,
      5.1479015818893635e-08,
      3.647534377508978e-06,
      1.543586438672682e-07,
      3.1722342691389837e-10,
      1.1875969008286134e-07,
      2.2313012989726577e-09,
      8.051158207394108e-10,
      5.140326962156286e-09,
      4.985977911990254e-09,
      2.3038796086958242e-08,
      5.019729032819224e-07,
      7.235359450086093e-08,
      6.452738641735968e-09,
      4.165020302764933e-11,
      2.94220714688543e-09,
      2.004596078628284e-07
    ],
    "mean_weight_by_future": [
      4.2392009887621495e-09,
      5.268296961642771e-09,
      2.1328986570936407e-09,
      2.1939209567688548e-08,
      4.381623334515707e-11,
      4.5944896136797825e-09,
      6.011084396582666e-08,
      1.2768493131792098e-08,
      8.788205134875179e-08,
      4.173526785861471e-12,
      2.789688218389838e-07,
      9.073134280890152e-09,
      2.5880966768306017e-08,
      5.004671069363985e-09,
      3.286789125402524e-08,
      4.079590135064823e-08,
      1.7084200504308828e-06,
      5.7753638019016935e-11,
      2.8117563552674054e-07,
      1.573482920051237e-10,
      6.879585999519755e-12,
      1.0800219457471077e-08,
      3.412942489008506e-08,
      1.539473800002554e-07,
      2.2713883356791377e-10,
      1.2971570709648548e-08,
      1.119722008669079e-07,
      2.375629638569436e-09,
      7.491653038037732e-07,
      2.027047605625221e-09,
      7.377582915518086e-08,
      3.0418337180461345e-06
    ]
  },
  "mean_centered_block_norm_by_past": [
    0.0,
    0.0,
    0.0,
    0.0,
    0.0,
    0.0,
    0.0,
    0.0,
    0.0,
    0.0,
    0.0,
    0.0,
    0.0,
    0.0,
    0.0,
    0.0,
    0.0,
    0.0,
    0.0,
    0.0,
    0.0,
    0.0,
    0.0,
    0.0,
    0.0,
    0.0,
    0.0,
    0.0,
    0.0,
    0.0,
    0.0,
    0.0
  ],
  "mean_centered_block_norm_by_future": [
    0.0,
    0.0,
    0.0,
    0.0,
    0.0,
    0.0,
    0.0,
    0.0,
    0.0,
    0.0,
    0.0,
    0.0,
    0.0,
    0.0,
    0.0,
    0.0,
    0.0,
    0.0,
    0.0,
    0.0,
    0.0,
    0.0,
    0.0,
    0.0,
    0.0,
    0.0,
    0.0,
    0.0,
    0.0,
    0.0,
    0.0,
    0.0
  ],
  "weighted_variants": {
    "masked_lt_1e-12_thr1e-12": {
      "frobenius": 30.659419438629577,
      "frobenius_sq": 940.0000003138172,
      "entropy_sv": 0.24792852828741963,
      "rank_tol": 7,
      "participation_ratio": 0.9074128581906251,
      "mean_row_norm": 5.410166080613784,
      "std_row_norm": 0.3293833769554993,
      "mean_col_norm": 1.357574639306981,
      "std_col_norm": 1.355004842743262
    },
    "weighted_sqrt_thr1e-12": {
      "frobenius": 0.014723714733914641,
      "frobenius_sq": 0.0002167877755656951,
      "entropy_sv": 2.141404136484463e-27,
      "rank_tol": 1,
      "participation_ratio": 1.0,
      "mean_row_norm": 0.0014607901924755206,
      "std_row_norm": 0.0021887006014016165,
      "mean_col_norm": 0.00035820793734924985,
      "std_col_norm": 0.000849312678079588
    },
    "weighted_linear_thr1e-12": {
      "frobenius": 6.718478843391535e-05,
      "frobenius_sq": 4.513795796909966e-09,
      "entropy_sv": 2.141404136484463e-27,
      "rank_tol": 1,
      "participation_ratio": 1.0,
      "mean_row_norm": 3.598374286295319e-06,
      "std_row_norm": 1.1499579623134733e-05,
      "mean_col_norm": 9.289412157462278e-07,
      "std_col_norm": 4.103028656902727e-06
    },
    "masked_lt_1e-10_thr1e-10": {
      "frobenius": 26.248809554349876,
      "frobenius_sq": 689.0000030205293,
      "entropy_sv": 0.5364872945459391,
      "rank_tol": 18,
      "participation_ratio": 0.8003501019696272,
      "mean_row_norm": 4.520620687404543,
      "std_row_norm": 1.0632821711500458,
      "mean_col_norm": 1.1003017160774666,
      "std_col_norm": 1.2192412510734079
    },
    "weighted_sqrt_thr1e-10": {
      "frobenius": 0.014723714733914641,
      "frobenius_sq": 0.0002167877755656951,
      "entropy_sv": 2.141404136484463e-27,
      "rank_tol": 1,
      "participation_ratio": 1.0,
      "mean_row_norm": 0.0014607901924755206,
      "std_row_norm": 0.0021887006014016165,
      "mean_col_norm": 0.00035820793734924985,
      "std_col_norm": 0.000849312678079588
    },
    "weighted_linear_thr1e-10": {
      "frobenius": 6.718478843391535e-05,
      "frobenius_sq": 4.513795796909966e-09,
      "entropy_sv": 2.141404136484463e-27,
      "rank_tol": 1,
      "participation_ratio": 1.0,
      "mean_row_norm": 3.598374286295319e-06,
      "std_row_norm": 1.1499579623134733e-05,
      "mean_col_norm": 9.289412157462278e-07,
      "std_col_norm": 4.103028656902727e-06
    },
    "masked_lt_1e-08_thr1e-08": {
      "frobenius": 16.340134698644846,
      "frobenius_sq": 267.0000019698573,
      "entropy_sv": 0.9607753806708952,
      "rank_tol": 14,
      "participation_ratio": 0.5932051249292078,
      "mean_row_norm": 2.441444284705622,
      "std_row_norm": 1.5684304432998368,
      "mean_col_norm": 0.6006330850509793,
      "std_col_norm": 0.8275771763981182
    },
    "weighted_sqrt_thr1e-08": {
      "frobenius": 0.014723714733914641,
      "frobenius_sq": 0.0002167877755656951,
      "entropy_sv": 2.141404136484463e-27,
      "rank_tol": 1,
      "participation_ratio": 1.0,
      "mean_row_norm": 0.0014607901924755206,
      "std_row_norm": 0.0021887006014016165,
      "mean_col_norm": 0.00035820793734924985,