{
  "case_name": "sweep",
  "L": 2,
  "k": 20,
  "dt": 0.1,
  "cut": 10,
  "J": 0.8,
  "g": 1.0,
  "n_pasts": 32,
  "n_futures": 32,
  "n_seeds": 1,
  "branch_weight_beta": 1.0,
  "delta": 1.0832113551486577e-06,
  "delta_norm": 0.9630704125721489,
  "entropy": 4.481657026156706e-05,
  "rank": 4,
  "max_row_distance": 0.0010597639101095752,
  "mean_row_distance": 7.08016122641908e-05,
  "median_row_distance": 1.3500347428493214e-06,
  "weight_preparation": {
    "weight_data_invalid": false,
    "nan_count": 0,
    "posinf_count": 0,
    "neginf_count": 0,
    "negative_count": 0,
    "warnings": []
  }
}