task_id,family,gate,control,target,theta,x,seed,chi_max,method,n_sub,svd_threshold,infidelity_normalized,fidelity_normalized,norm_approx,norm_exact,norm_drift,discarded_weight,final_bond_profile,final_max_bond,final_param_count,min_kept_singular,cap_reached,positive_weight_truncated,cap_truncation_occurred,git_commit,git_dirty,git_diff_hash
0dcdb2c060a3dd15bfb0a6af,pauli,rxx,,,0.0,0.0,11,8,gate_local_2tdvp,1,1e-13,0.0,1.0,0.9999999999999997,0.9999999999999993,3.3306690738754696e-16,1.514101646660061e-32,"[1, 2, 4, 8, 8, 8, 8, 8, 8, 8, 4, 2, 1]",8,936,0.0014152132570470254,True,False,False,724ef9179e6c47d81d15f4bed538ea5d7163eb8b,true,004ec68aadd3d3108195d617ae178ce96cf96301cf5f90ee80404b345eda37ce
84ad58d1a85df88a6a6c4520,pauli,rxx,,,0.0,0.0,11,8,mpo_zipup,1,1e-13,0.0,1.0,0.9999999999999999,0.9999999999999993,5.551115123125783e-16,6.300181768593453e-33,"[1, 2, 4, 8, 8, 8, 8, 8, 8, 8, 4, 2, 1]",8,936,0.001415213257047054,True,False,False,724ef9179e6c47d81d15f4bed538ea5d7163eb8b,true,004ec68aadd3d3108195d617ae178ce96cf96301cf5f90ee80404b345eda37ce
3ac3ac3af8c8ce9d0e8685f7,pauli,rxx,,,0.0,0.0,11,8,tebd_swap,1,1e-13,0.01647655250273572,0.9835234474972643,0.9892293514563893,0.9999999999999993,-0.010770648543609984,0.021615480243871995,"[1, 2, 4, 8, 8, 8, 8, 8, 8, 8, 4, 2, 1]",8,936,0.00030578513385968553,True,True,True,724ef9179e6c47d81d15f4bed538ea5d7163eb8b,true,004ec68aadd3d3108195d617ae178ce96cf96301cf5f90ee80404b345eda37ce
a20eeb569695b2131a9fb0c1,pauli,rxx,,,0.0006283185307179586,0.0001,11,8,gate_local_2tdvp,1,1e-13,6.090895743326996e-08,0.9999999390910426,0.9999999987537315,0.9999999999999994,-1.2462679777058838e-09,2.492543836197108e-09,"[1, 2, 4, 8, 8, 8, 8, 8, 8, 8, 4, 2, 1]",8,936,0.0006283185203825331,True,True,True,724ef9179e6c47d81d15f4bed538ea5d7163eb8b,true,004ec68aadd3d3108195d617ae178ce96cf96301cf5f90ee80404b345eda37ce
f129b947e83cc72a98bf1d56,pauli,rxx,,,0.0006283185307179586,0.0001,11,8,mpo_zipup,1,1e-13,6.090968163174892e-08,0.9999999390903184,0.9999999695451617,0.9999999999999994,-3.0454837762761144e-08,6.090968283866597e-08,"[1, 2, 4, 8, 8, 8, 8, 8, 8, 8, 4, 2, 1]",8,936,0.0006283185203825331,True,True,True,724ef9179e6c47d81d15f4bed538ea5d7163eb8b,true,004ec68aadd3d3108195d617ae178ce96cf96301cf5f90ee80404b345eda37ce
e5c4a73eee0518f8c4c0238e,pauli,rxx,,,0.0006283185307179586,0.0001,11,8,tebd_swap,1,1e-13,0.016476112015855526,0.9835238879841445,0.9892294219444187,0.9999999999999994,-0.010770578055580793,0.021615337795013755,"[1, 2, 4, 8, 8, 8, 8, 8, 8, 8, 4, 2, 1]",8,936,0.0003234834811156528,True,True,True,724ef9179e6c47d81d15f4bed538ea5d7163eb8b,true,004ec68aadd3d3108195d617ae178ce96cf96301cf5f90ee80404b345eda37ce
37a57defa8f0f5acec587dcf,pauli,rxx,,,0.001986917653053424,0.000316227766,11,8,gate_local_2tdvp,1,1e-13,6.090987691997896e-07,0.9999993909012308,0.9999999875353024,0.9999999999999996,-1.2464697163316885e-08,2.4929390285016938e-08,"[1, 2, 4, 8, 8, 8, 8, 8, 8, 8, 4, 2, 1]",8,936,0.0014149423929947099,True,True,True,724ef9179e6c47d81d15f4bed538ea5d7163eb8b,true,004ec68aadd3d3108195d617ae178ce96cf96301cf5f90ee80404b345eda37ce
0e320a63824347573ad477cc,pauli,rxx,,,0.001986917653053424,0.000316227766,11,8,mpo_zipup,1,1e-13,6.091711041156245e-07,0.9999993908288959,0.9999996954144025,0.9999999999999996,-3.045855970773559e-07,6.091712255302628e-07,"[1, 2, 4, 8, 8, 8, 8, 8, 8, 8, 4, 2, 1]",8,936,0.0014149314703624071,True,True,True,724ef9179e6c47d81d15f4bed538ea5d7163eb8b,true,004ec68aadd3d3108195d617ae178ce96cf96301cf5f90ee80404b345eda37ce
bf465369992223dc46195753,pauli,rxx,,,0.001986917653053424,0.000316227766,11,8,tebd_swap,1,1e-13,0.01647547391989468,0.9835245260801053,0.9892294008151973,0.9999999999999996,-0.010770599184802276,0.021615380553018853,"[1, 2, 4, 8, 8, 8, 8, 8, 8, 8, 4, 2, 1]",8,936,0.0003957077852006378,True,True,True,724ef9179e6c47d81d15f4bed538ea5d7163eb8b,true,004ec68aadd3d3108195d617ae178ce96cf96301cf5f90ee80404b345eda37ce
c04b43565e0ce29c9b9c44bb,pauli,rxx,,,0.006283185307179587,0.001,11,8,gate_local_2tdvp,1,1e-13,6.091235283611773e-06,0.9999939087647164,0.9999998752869477,0.9999999999999994,-1.2471305177452763e-07,2.494261100528413e-07,"[1, 2, 4, 8, 8, 8, 8, 8, 8, 8, 4, 2, 1]",8,936,0.0014149246729962027,True,True,True,724ef9179e6c47d81d15f4bed538ea5d7163eb8b,true,004ec68aadd3d3108195d617ae178ce96cf96301cf5f90ee80404b345eda37ce
bcbdc637e96478beeb4cee99,pauli,rxx,,,0.006283185307179587,0.001,11,8,mpo_zipup,1,1e-13,6.098534758858243e-06,0.9999939014652411,0.9999969507279726,0.9999999999999994,-3.0492720268782136e-06,6.098546911736406e-06,"[1, 2, 4, 8, 8, 8, 8, 8, 8, 8, 4, 2, 1]",8,936,0.001415528624999916,True,True,True,724ef9179e6c47d81d15f4bed538ea5d7163eb8b,true,004ec68aadd3d3108195d617ae178ce96cf96301cf5f90ee80404b345eda37ce
ae011425f7389990805f9c93,pauli,rxx,,,0.006283185307179587,0.001,11,8,tebd_swap,1,1e-13,0.016476209998582902,0.9835237900014171,0.9892277735573941,0.9999999999999994,-0.010772226442605337,0.021618669768138848,"[1, 2, 4, 8, 8, 8, 8, 8, 8, 8, 4, 2, 1]",8,936,0.0007451918006018425,True,True,True,724ef9179e6c47d81d15f4bed538ea5d7163eb8b,true,004ec68aadd3d3108195d617ae178ce96cf96301cf5f90ee80404b345eda37ce
89b6ae572a8d44865d97c77d,pauli,rxx,,,0.019869176530534244,0.00316227766,11,8,gate_local_2tdvp,1,1e-13,6.0915846271880625e-05,0.9999390841537281,0.9999999999999999,0.9999999999999996,3.3306690738754696e-16,2.499156608275649e-06,"[1, 2, 4, 8, 8, 8, 8, 8, 8, 8, 4, 2, 1]",8,936,0.001417323847633122,True,True,True,724ef9179e6c47d81d15f4bed538ea5d7163eb8b,true,004ec68aadd3d3108195d617ae178ce96cf96301cf5f90ee80404b345eda37ce
17523c0f6b590fb5e35504d0,pauli,rxx,,,0.019869176530534244,0.00316227766,11,8,mpo_zipup,1,1e-13,6.171869805049468e-05,0.9999382813019495,0.9999691401748096,0.9999999999999996,-3.0859825189910595e-05,6.171993703082978e-05,"[1, 2, 4, 8, 8, 8, 8, 8, 8, 8, 4, 2, 1]",8,936,0.0014291401629605695,True,True,True,724ef9179e6c47d81d15f4bed538ea5d7163eb8b,true,004ec68aadd3d3108195d617ae178ce96cf96301cf5f90ee80404b345eda37ce
3039d6d934f8d4b0a627041c,pauli,rxx,,,0.019869176530534244,0.00316227766,11,8,tebd_swap,1,1e-13,0.016502447175226864,0.9834975528247731,0.9892070047889123,0.9999999999999996,-0.01079299521108723,0.021660648427065485,"[1, 2, 4, 8, 8, 8, 8, 8, 8, 8, 4, 2, 1]",8,936,0.0017869840674800688,True,True,True,724ef9179e6c47d81d15f4bed538ea5d7163eb8b,true,004ec68aadd3d3108195d617ae178ce96cf96301cf5f90ee80404b345eda37ce
b18e1e2b68f7a324f8e08ab3,pauli,rxx,,,0.06283185307179587,0.01,11,8,gate_local_2tdvp,1,1e-13,0.000608809666132859,0.9993911903338671,1.0000000000000002,0.9999999999999996,6.661338147750939e-16,2.5216728922086563e-05,"[1, 2, 4, 8, 8, 8, 8, 8, 8, 8, 4, 2, 1]",8,936,0.0014540641825307415,True,True,True,724ef9179e6c47d81d15f4bed538ea5d7163eb8b,true,004ec68aadd3d3108195d617ae178ce96cf96301cf5f90ee80404b345eda37ce
f34bceec5f74bbd62bf328c4,pauli,rxx,,,0.06283185307179587,0.01,11,8,mpo_zipup,1,1e-13,0.0006570551738469543,0.999342944826153,0.9996714184301493,0.9999999999999996,-0.00032858156985027254,0.0006571861833908806,"[1, 2, 4, 8, 8, 8, 8, 8, 8, 8, 4, 2, 1]",8,936,0.0016058896888737993,True,True,True,724ef9179e6c47d81d15f4bed538ea5d7163eb8b,true,004ec68aadd3d3108195d617ae178ce96cf96301cf5f90ee80404b345eda37ce
61a7105b4414466783bea53d,pauli,rxx,,,0.06283185307179587,0.01,11,8,tebd_swap,1,1e-13,0.016840995082303523,0.9831590049176965,0.9889947163791672,0.9999999999999996,-0.011005283620832307,0.02208971859914211,"[1, 2, 4, 8, 8, 8, 8, 8, 8, 8, 4, 2, 1]",8,936,0.00406076177093858,True,True,True,724ef9179e6c47d81d15f4bed538ea5d7163eb8b,true,004ec68aadd3d3108195d617ae178ce96cf96301cf5f90ee80404b345eda37ce
6e7d1342878fa6f2f65938e2,pauli,rxx,,,0.6283185307179586,0.1,11,8,gate_local_2tdvp,1,1e-13,0.03727752207757329,0.9627224779224267,0.9999999999999996,0.9999999999999994,1.1102230246251565e-16,0.0033845325910211166,"[1, 2, 4, 8, 8, 8, 8, 8, 8, 8, 4, 2, 1]",8,936,0.003082371250031386,True,True,True,724ef9179e6c47d81d15f4bed538ea5d7163eb8b,true,004ec68aadd3d3108195d617ae178ce96cf96301cf5f90ee80404b345eda37ce
5dad1932dcfc3c6ba69aa994,pauli,rxx,,,0.6283185307179586,0.1,11,8,mpo_zipup,1,1e-13,0.021146825694425053,0.978853174305575,0.9893700896558242,0.9999999999999994,-0.010629910344175264,0.0213182719896194,"[1, 2, 4, 8, 8, 8, 8, 8, 8, 8, 4, 2, 1]",8,936,0.011547830791302949,True,True,True,724ef9179e6c47d81d15f4bed538ea5d7163eb8b,true,004ec68aadd3d3108195d617ae178ce96cf96301cf5f90ee80404b345eda37ce
e952deb507428b66c20a13ab,pauli,rxx,,,0.6283185307179586,0.1,11,8,tebd_swap,1,1e-13,0.02848544518607643,0.9715145548139236,0.9819505139840246,0.9999999999999994,-0.01804948601597489,0.03635160014778651,"[1, 2, 4, 8, 8, 8, 8, 8, 8, 8, 4, 2, 1]",8,936,0.00406076177093858,True,True,True,724ef9179e6c47d81d15f4bed538ea5d7163eb8b,true,004ec68aadd3d3108195d617ae178ce96cf96301cf5f90ee80404b345eda37ce
3dfe74d9ceca3ef5ef733d21,pauli,rxx,,,1.5707963267948966,0.25,11,8,gate_local_2tdvp,1,1e-13,0.13361173742365273,0.8663882625763473,1.0,0.9999999999999994,5.551115123125783e-16,0.011552560103659253,"[1, 2, 4, 8, 8, 8, 8, 8, 8, 8, 4, 2, 1]",8,936,0.003570115554085443,True,True,True,724ef9179e6c47d81d15f4bed538ea5d7163eb8b,true,004ec68aadd3d3108195d617ae178ce96cf96301cf5f90ee80404b345eda37ce
1acfed7f47471de6d66de1e2,pauli,rxx,,,1.5707963267948966,0.25,11,8,mpo_zipup,1,1e-13,0.04078906060756926,0.9592109393924307,0.9793931485325131,0.9999999999999994,-0.02060685146748631,0.041434030520397125,"[1, 2, 4, 8, 8, 8, 8, 8, 8, 8, 4, 2, 1]",8,936,0.017764505168188942,True,True,True,724ef9179e6c47d81d15f4bed538ea5d7163eb8b,true,004ec68aadd3d3108195d617ae178ce96cf96301cf5f90ee80404b345eda37ce
f59d29dc46cc32fd01218eb5,pauli,rxx,,,1.5707963267948966,0.25,11,8,tebd_swap,1,1e-13,0.04608811469170171,0.9539118853082983,0.973644371459934,0.9999999999999994,-0.026355628540065457,0.053233170390336024,"[1, 2, 4, 8, 8, 8, 8, 8, 8, 8, 4, 2, 1]",8,936,0.00406076177093858,True,True,True,724ef9179e6c47d81d15f4bed538ea5d7163eb8b,true,004ec68aadd3d3108195d617ae178ce96cf96301cf5f90ee80404b345eda37ce
ce12637906b9914a42c69f8f,pauli,rxx,,,0.0,0.0,11,16,gate_local_2tdvp,1,1e-13,0.0,1.0,0.9999999999999997,0.9999999999999993,3.3306690738754696e-16,1.514101646660061e-32,"[1, 2, 4, 8, 8, 8, 8, 8, 8, 8, 4, 2, 1]",8,936,0.0014152132570470254,False,False,False,724ef9179e6c47d81d15f4bed538ea5d7163eb8b,true,004ec68aadd3d3108195d617ae178ce96cf96301cf5f90ee80404b345eda37ce
e1f4c5cdd463337da45ed2d5,pauli,rxx,,,0.0,0.0,11,16,mpo_zipup,1,1e-13,0.0,1.0,0.9999999999999999,0.9999999999999993,5.551115123125783e-16,6.300181768593453e-33,"[1, 2, 4, 8, 8, 8, 8, 8, 8, 8, 4, 2, 1]",8,936,0.001415213257047054,False,False,False,724ef9179e6c47d81d15f4bed538ea5d7163eb8b,true,004ec68aadd3d3108195d617ae178ce96cf96301cf5f90ee80404b345eda37ce
86dc01cda0b892ce934cb045,pauli,rxx,,,0.0,0.0,11,16,tebd_swap,1,1e-13,0.0,1.0,1.0000000000000016,0.9999999999999993,2.220446049250313e-15,1.3837485184963834e-30,"[1, 2, 4, 8, 8, 8, 8, 8, 8, 8, 4, 2, 1]",8,936,0.00015502728930315342,False,False,False,724ef9179e6c47d81d15f4bed538ea5d7163eb8b,true,004ec68aadd3d3108195d617ae178ce96cf96301cf5f90ee80404b345eda37ce
4f925345ebc270e1d093c183,pauli,rxx,,,0.0006283185307179586,0.0001,11,16,gate_local_2tdvp,1,1e-13,9.698697400750689e-11,0.999999999903013,0.9999999999999724,0.9999999999999994,-2.708944180085382e-14,5.567711299895232e-14,"[1, 2, 4, 8, 16, 16, 16, 16, 16, 8, 4, 2, 1]",16,2728,3.171720439886384e-07,True,True,False,724ef9179e6c47d81d15f4bed538ea5d7163eb8b,true,004ec68aadd3d3108195d617ae178ce96cf96301cf5f90ee80404b345eda37ce
0828337072823e00bf44adba,pauli,rxx,,,0.0006283185307179586,0.0001,11,16,mpo_zipup,1,1e-13,2.220446049250313e-16,0.9999999999999998,0.9999999999999997,0.9999999999999994,2.220446049250313e-16,1.911292871963718e-31,"[1, 2, 4, 8, 16, 16, 16, 16, 16, 8, 4, 2, 1]",16,2728,9.868326254153685e-07,True,False,False,724ef9179e6c47d81d15f4bed538ea5d7163eb8b,true,004ec68aadd3d3108195d617ae178ce96cf96301cf5f90ee80404b345eda37ce
42b8c213447875bcddb809bd,pauli,rxx,,,0.0006283185307179586,0.0001,11,16,tebd_swap,1,1e-13,0.0,1.0,1.0,0.9999999999999994,5.551115123125783e-16,6.819531606931875e-31,"[1, 2, 4, 8, 16, 16, 16, 16, 16, 8, 4, 2, 1]",16,2728,9.868326254118995e-07,True,False,False,724ef9179e6c47d81d15f4bed538ea5d7163eb8b,true,004ec68aadd3d3108195d617ae178ce96cf96301cf5f90ee80404b345eda37ce
7a3bb39824e17e61e9716694,pauli,rxx,,,0.001986917653053424,0.000316227766,11,16,gate_local_2tdvp,1,1e-13,3.682817384387249e-10,0.9999999996317183,0.9999999999999818,0.9999999999999996,-1.7763568394002505e-14,1.3898532340284818e-14,"[1, 2, 4, 8, 16, 16, 16, 16, 16, 8, 4, 2, 1]",16,2728,3.467111791937553e-07,True,True,False,724ef9179e6c47d81d15f4bed538ea5d7163eb8b,true,004ec68aadd3d3108195d617ae178ce96cf96301cf5f90ee80404b345eda37ce
0073b1426ce3b49087fd18d8,pauli,rxx,,,0.001986917653053424,0.000316227766,11,16,mpo_zipup,1,1e-13,0.0,1.0,1.0000000000000009,0.9999999999999996,1.3322676295501878e-15,1.8910151451514706e-31,"[1, 2, 4, 8, 16, 16, 16, 16, 16, 8, 4, 2, 1]",16,2728,3.120643908121402e-06,True,False,False,724ef9179e6c47d81d15f4bed538ea5d7163eb8b,true,004ec68aadd3d3108195d617ae178ce96cf96301cf5f90ee80404b345eda37ce
3dda74fb0b1a34eee21d21a2,pauli,rxx,,,0.001986917653053424,0.000316227766,11,16,tebd_swap,1,1e-13,0.0,1.0,1.0000000000000022,0.9999999999999996,2.6645352591003757e-15,6.275873163133541e-31,"[1, 2, 4, 8, 16, 16, 16, 16, 16, 8, 4, 2, 1]",16,2728,3.12064390811215e-06,True,False,False,724ef9179e6c47d81d15f4bed538ea5d7163eb8b,true,004ec68aadd3d3108195d617ae178ce96cf96301cf5f90ee80404b345eda37ce
31f0c5619ef4fcdebadd83a0,pauli,rxx,,,0.006283185307179587,0.001,11,16,gate_local_2tdvp,1,1e-13,3.820196381454366e-10,0.9999999996179804,0.9999999999999964,0.9999999999999994,-2.9976021664879227e-15,1.3381758502497105e-14,"[1, 2, 4, 8, 16, 16, 16, 16, 16, 8, 4, 2, 1]",16,2728,3.5441144809221803e-07,True,True,False,724ef9179e6c47d81d15f4bed538ea5d7163eb8b,true,004ec68aadd3d3108195d617ae178ce96cf96301cf5f90ee80404b345eda37ce
0c54c02aa31ed0ec93d8dd18,pauli,rxx,,,0.006283185307179587,0.001,11,16,mpo_zipup,1,1e-13,0.0,1.0,1.0000000000000009,0.9999999999999994,1.4432899320127035e-15,1.8490237777859e-31,"[1, 2, 4, 8, 16, 16, 16, 16, 16, 8, 4, 2, 1]",16,2728,9.868358653588075e-06,True,False,False,724ef9179e6c47d81d15f4bed538ea5d7163eb8b,true,004ec68aadd3d3108195d617ae178ce96cf96301cf5f90ee80404b345eda37ce
aaf66e3ecfa1c2d7d71375c0,pauli,rxx,,,0.006283185307179587,0.001,11,16,tebd_swap,1,1e-13,2.220446049250313e-16,0.9999999999999998,1.0000000000000016,0.9999999999999994,2.1094237467877974e-15,6.6901901592481725e-31,"[1, 2, 4, 8, 16, 16, 16, 16, 16, 8, 4, 2, 1]",16,2728,9.868358653584353e-06,True,False,False,724ef9179e6c47d81d15f4bed538ea5d7163eb8b,true,004ec68aadd3d3108195d617ae178ce96cf96301cf5f90ee80404b345eda37ce
7441dbbcca9135fc438cf7d3,pauli,rxx,,,0.019869176530534244,0.00316227766,11,16,gate_local_2tdvp,1,1e-13,2.220446049250313e-16,0.9999999999999998,1.0000000000000024,0.9999999999999996,2.886579864025407e-15,1.9541123031501834e-31,"[1, 2, 4, 8, 16, 16, 16, 16, 16, 8, 4, 2, 1]",16,2728,3.6582182411759705e-07,True,False,False,724ef9179e6c47d81d15f4bed538ea5d7163eb8b,true,004ec68aadd3d3108195d617ae178ce96cf96301cf5f90ee80404b345eda37ce
d6814a4fbe1ef25f4d3d1a44,pauli,rxx,,,0.019869176530534244,0.00316227766,11,16,mpo_zipup,1,1e-13,2.220446049250313e-16,0.9999999999999998,1.0,0.9999999999999996,4.440892098500626e-16,1.8975389901979665e-31,"[1, 2, 4, 8, 16, 16, 16, 16, 16, 8, 4, 2, 1]",16,2728,3.120553538182493e-05,True,False,False,724ef9179e6c47d81d15f4bed538ea5d7163eb8b,true,004ec68aadd3d3108195d617ae178ce96cf96301cf5f90ee80404b345eda37ce
03ec7275068c3fb188abe10f,pauli,rxx,,,0.019869176530534244,0.00316227766,11,16,tebd_swap,1,1e-13,4.440892098500626e-16,0.9999999999999996,1.0000000000000004,0.9999999999999996,8.881784197001252e-16,6.215464081156256e-31,"[1, 2, 4, 8, 16, 16, 16, 16, 16, 8, 4, 2, 1]",16,2728,3.1205535381817543e-05,True,False,False,724ef9179e6c47d81d15f4bed538ea5d7163eb8b,true,004ec68aadd3d3108195d617ae178ce96cf96301cf5f90ee80404b345eda37ce
07855ccd09dfd18476f581dc,pauli,rxx,,,0.06283185307179587,0.01,11,16,gate_local_2tdvp,1,1e-13,0.0,1.0,1.000000000000001,0.9999999999999996,1.5543122344752192e-15,1.8910981599103743e-31,"[1, 2, 4, 8, 16, 16, 16, 16, 16, 8, 4, 2, 1]",16,2728,1.1569411438887586e-06,True,False,False,724ef9179e6c47d81d15f4bed538ea5d7163eb8b,true,004ec68aadd3d3108195d617ae178ce96cf96301cf5f90ee80404b345eda37ce
f2512f6b601b0cd883ade8b6,pauli,rxx,,,0.06283185307179587,0.01,11,16,mpo_zipup,1,1e-13,1.1102230246251565e-16,0.9999999999999999,0.999999999999997,0.9999999999999996,-2.55351295663786e-15,1.8462086452535803e-31,"[1, 2, 4, 8, 16, 16, 16, 16, 16, 8, 4, 2, 1]",16,2728,9.86357096654373e-05,True,False,False,724ef9179e6c47d81d15f4bed538ea5d7163eb8b,true,004ec68aadd3d3108195d617ae178ce96cf96301cf5f90ee80404b345eda37ce
f0c6d3a2ec7469f636eeda8f,pauli,rxx,,,0.06283185307179587,0.01,11,16,tebd_swap,1,1e-13,0.0,1.0,1.0000000000000002,0.9999999999999996,6.661338147750939e-16,6.354801660890349e-31,"[1, 2, 4, 8, 16, 16, 16, 16, 16, 8, 4, 2, 1]",16,2728,9.863570966543375e-05,True,False,False,724ef9179e6c47d81d15f4bed538ea5d7163eb8b,true,004ec68aadd3d3108195d617ae178ce96cf96301cf5f90ee80404b345eda37ce
772791eba2e818103878a3c5,pauli,rxx,,,0.6283185307179586,0.1,11,16,gate_local_2tdvp,1,1e-13,0.0,1.0,1.0000000000000047,0.9999999999999994,5.218048215738236e-15,1.83851991503774e-31,"[1, 2, 4, 8, 16, 16, 16, 16, 16, 8, 4, 2, 1]",16,2728,1.158587925900234e-05,True,False,False,724ef9179e6c47d81d15f4bed538ea5d7163eb8b,true,004ec68aadd3d3108195d617ae178ce96cf96301cf5f90ee80404b345eda37ce
cbd4c79c907b5f7116dfb5be,pauli,rxx,,,0.6283185307179586,0.1,11,16,mpo_zipup,1,1e-13,1.1102230246251565e-16,0.9999999999999999,0.9999999999999978,0.9999999999999994,-1.6653345369377348e-15,1.808532924391313e-31,"[1, 2, 4, 8, 16, 16, 16, 16, 16, 8, 4, 2, 1]",16,2728,0.0009302729204646208,True,False,False,724ef9179e6c47d81d15f4bed538ea5d7163eb8b,true,004ec68aadd3d3108195d617ae178ce96cf96301cf5f90ee80404b345eda37ce
560111e3fad771d2fd2cc350,pauli,rxx,,,0.6283185307179586,0.1,11,16,tebd_swap,1,1e-13,1.1102230246251565e-16,0.9999999999999999,0.9999999999999977,0.9999999999999994,-1.7763568394002505e-15,6.0351786924942815e-31,"[1, 2, 4, 8, 16, 16, 16, 16, 16, 8, 4, 2, 1]",16,2728,0.00015502728930315342,True,False,False,724ef9179e6c47d81d15f4bed538ea5d7163eb8b,true,004ec68aadd3d3108195d617ae178ce96cf96301cf5f90ee80404b345eda37ce
8009240bb8814c304f0d3494,pauli,rxx,,,1.5707963267948966,0.25,11,16,gate_local_2tdvp,1,1e-13,5.551115123125783e-16,0.9999999999999994,0.9999999999999979,0.9999999999999994,-1.5543122344752192e-15,1.5518845059251414e-31,"[1, 2, 4, 8, 16, 16, 16, 16, 16, 8, 4, 2, 1]",16,2728,2.9052492385627126e-05,True,False,False,724ef9179e6c47d81d15f4bed538ea5d7163eb8b,true,004ec68aadd3d3108195d617ae178ce96cf96301cf5f90ee80404b345eda37ce
b33c03abea8d00e7810e1a5c,pauli,rxx,,,1.5707963267948966,0.25,11,16,mpo_zipup,1,1e-13,0.0,1.0,0.9999999999999997,0.9999999999999994,2.220446049250313e-16,1.3651511607725777e-31,"[1, 2, 4, 8, 16, 16, 16, 16, 16, 8, 4, 2, 1]",16,2728,0.0016034908794447691,True,False,False,724ef9179e6c47d81d15f4bed538ea5d7163eb8b,true,004ec68aadd3d3108195d617ae178ce96cf96301cf5f90ee80404b345eda37ce
c5e02196c323a6a1aef41c5c,pauli,rxx,,,1.5707963267948966,0.25,11,16,tebd_swap,1,1e-13,0.0,1.0,0.9999999999999996,0.9999999999999994,1.1102230246251565e-16,6.02070121095818e-31,"[1, 2, 4, 8, 16, 16, 16, 16, 16, 8, 4, 2, 1]",16,2728,0.00015502728930315342,True,False,False,724ef9179e6c47d81d15f4bed538ea5d7163eb8b,true,004ec68aadd3d3108195d617ae178ce96cf96301cf5f90ee80404b345eda37ce
bb68449eec05278915a8799d,pauli,rxx,,,0.0,0.0,22,8,gate_local_2tdvp,1,1e-13,0.0,1.0,1.000000000000002,1.0000000000000013,6.661338147750939e-16,3.7817617024626887e-32,"[1, 2, 4, 8, 8, 8, 8, 8, 8, 8, 4, 2, 1]",8,936,0.005029209334707931,True,False,False,724ef9179e6c47d81d15f4bed538ea5d7163eb8b,true,004ec68aadd3d3108195d617ae178ce96cf96301cf5f90ee80404b345eda37ce
a07f29676a7242cc9395497c,pauli,rxx,,,0.0,0.0,22,8,mpo_zipup,1,1e-13,0.0,1.0,1.0000000000000033,1.0000000000000013,1.9984014443252818e-15,2.2322962670188447e-32,"[1, 2, 4, 8, 8, 8, 8, 8, 8, 8, 4, 2, 1]",8,936,0.005029209334707915,True,False,False,724ef9179e6c47d81d15f4bed538ea5d7163eb8b,true,004ec68aadd3d3108195d617ae178ce96cf96301cf5f90ee80404b345eda37ce
ed28ac6ebdd94c7332dcd390,pauli,rxx,,,0.0,0.0,22,8,tebd_swap,1,1e-13,0.06972273567495968,0.9302772643250403,0.9525649467893453,1.0000000000000013,-0.047435053210656,0.09636183889274708,"[1, 2, 4, 8, 8, 8, 8, 8, 8, 8, 4, 2, 1]",8,936,0.0014331429197564128,True,True,True,724ef9179e6c47d81d15f4bed538ea5d7163eb8b,true,004ec68aadd3d3108195d617ae178ce96cf96301cf5f90ee80404b345eda37ce
38e11f0f3c673194a60e34d7,pauli,rxx,,,0.0006283185307179586,0.0001,22,8,gate_local_2tdvp,1,1e-13,5.7711939116522615e-08,0.9999999422880609,0.999999998834851,1.0000000000000016,-1.165150531612369e-09,2.3303072971661106e-09,"[1, 2, 4, 8, 8, 8, 8, 8, 8, 8, 4, 2, 1]",8,936,0.0006283185203825331,True,True,True,724ef9179e6c47d81d15f4bed538ea5d7163eb8b,true,004ec68aadd3d3108195d617ae178ce96cf96301cf5f90ee80404b345eda37ce
3977d6aee92c0c8e2caa16d8,pauli,rxx,,,0.0006283185307179586,0.0001,22,8,mpo_zipup,1,1e-13,5.771226274653429e-08,0.9999999422877373,0.9999999711438714,1.0000000000000016,-2.885613015202182e-08,5.771226434857352e-08,"[1, 2, 4, 8, 8, 8, 8, 8, 8, 8, 4, 2, 1]",8,936,0.0006283185203825331,True,True,True,724ef9179e6c47d81d15f4bed538ea5d7163eb8b,true,004ec68aadd3d3108195d617ae178ce96cf96301cf5f90ee80404b345eda37ce
34707c5a1a776a65af8d0273,pauli,rxx,,,0.0006283185307179586,0.0001,22,8,tebd_swap,1,1e-13,0.06972359013576002,0.93027640986424,0.9525646442025039,1.0000000000000016,-0.04743535579749769,0.09636247393437695,"[1, 2, 4, 8, 8, 8, 8, 8, 8, 8, 4, 2, 1]",8,936,0.0006283185203825331,True,True,True,724ef9179e6c47d81d15f4bed538ea5d7163eb8b,true,004ec68aadd3d3108195d617ae178ce96cf96301cf5f90ee80404b345eda37ce
deb78727b275278a32b1420e,pauli,rxx,,,0.001986917653053424,0.000316227766,22,8,gate_local_2tdvp,1,1e-13,5.770982721697848e-07,0.9999994229017278,0.9999999883455303,1.0000000000000016,-1.1654471276933975e-08,2.330893844648485e-08,"[1, 2, 4, 8, 8, 8, 8, 8, 8, 8, 4, 2, 1]",8,936,0.001986917326218587,True,True,True,724ef9179e6c47d81d15f4bed538ea5d7163eb8b,true,004ec68aadd3d3108195d617ae178ce96cf96301cf5f90ee80404b345eda37ce
9a123d618ac9cbf8caa91a48,pauli,rxx,,,0.001986917653053424,0.000316227766,22,8,mpo_zipup,1,1e-13,5.771308040358747e-07,0.999999422869196,0.999999711434557,1.0000000000000016,-2.885654445394792e-07,5.77130897788579e-07,"[1, 2, 4, 8, 8, 8, 8, 8, 8, 8, 4, 2, 1]",8,936,0.001986917326218587,True,True,True,724ef9179e6c47d81d15f4bed538ea5d7163eb8b,true,004ec68aadd3d3108195d617ae178ce96cf96301cf5f90ee80404b345eda37ce
5a430736077ca0ade7889dfb,pauli,rxx,,,0.001986917653053424,0.000316227766,22,8,tebd_swap,1,1e-13,0.06972583042934544,0.9302741695706546,0.9525638606528021,1.0000000000000016,-0.04743613934719948,0.09636411831396743,"[1, 2, 4, 8, 8, 8, 8, 8, 8, 8, 4, 2, 1]",8,936,0.001462051546365876,True,True,True,724ef9179e6c47d81d15f4bed538ea5d7163eb8b,true,004ec68aadd3d3108195d617ae178ce96cf96301cf5f90ee80404b345eda37ce
b3432da020049e770fd7a691,pauli,rxx,,,0.006283185307179587,0.001,22,8,gate_local_2tdvp,1,1e-13,5.770294482454474e-06,0.9999942297055175,0.9999998833608964,1.0000000000000016,-1.1663910515213871e-07,2.3327822662808486e-07,"[1, 2, 4, 8, 8, 8, 8, 8, 8, 8, 4, 2, 1]",8,936,0.005027584490469229,True,True,True,724ef9179e6c47d81d15f4bed538ea5d7163eb8b,true,004ec68aadd3d3108195d617ae178ce96cf96301cf5f90ee80404b345eda37ce
f2f0a940e6a832b343d9bd5d,pauli,rxx,,,0.006283185307179587,0.001,22,8,mpo_zipup,1,1e-13,5.773564066169357e-06,0.9999942264359338,0.9999971132138036,1.0000000000000016,-2.886786197975333e-06,5.773573364950903e-06,"[1, 2, 4, 8, 8, 8, 8, 8, 8, 8, 4, 2, 1]",8,936,0.005027549680532246,True,True,True,724ef9179e6c47d81d15f4bed538ea5d7163eb8b,true,004ec68aadd3d3108195d617ae178ce96cf96301cf5f90ee80404b345eda37ce
d6cca5f0065d6226e0bc3265,pauli,rxx,,,0.006283185307179587,0.001,22,8,tebd_swap,1,1e-13,0.0697364646871631,0.9302635353128369,0.9525602267319716,1.0000000000000016,-0.04743977326802995,0.09637174402047845,"[1, 2, 4, 8, 8, 8, 8, 8, 8, 8, 4, 2, 1]",8,936,0.0015671450690003886,True,True,True,724ef9179e6c47d81d15f4bed538ea5d7163eb8b,true,004ec68aadd3d3108195d617ae178ce96cf96301cf5f90ee80404b345eda37ce
8d7bf213381daef836332a34,pauli,rxx,,,0.019869176530534244,0.00316227766,22,8,gate_local_2tdvp,1,1e-13,5.767911513177015e-05,0.9999423208848682,1.0000000000000004,1.0000000000000016,-1.1102230246251565e-15,2.3390904027217584e-06,"[1, 2, 4, 8, 8, 8, 8, 8, 8, 8, 4, 2, 1]",8,936,0.005025057969674069,True,True,True,724ef9179e6c47d81d15f4bed538ea5d7163eb8b,true,004ec68aadd3d3108195d617ae178ce96cf96301cf5f90ee80404b345eda37ce
bcb049e8f3482824442eb0fd,pauli,rxx,,,0.019869176530534244,0.00316227766,22,8,mpo_zipup,1,1e-13,5.80174925859378e-05,0.9999419825074141,0.999970990832945,1.0000000000000016,-2.9009167056504026e-05,5.801844264022773e-05,"[1, 2, 4, 8, 8, 8, 8, 8, 8, 8, 4, 2, 1]",8,936,0.005024793052443268,True,True,True,724ef9179e6c47d81d15f4bed538ea5d7163eb8b,true,004ec68aadd3d3108195d617ae178ce96cf96301cf5f90ee80404b345eda37ce
4cc1de268b3cbfb9861f1eae,pauli,rxx,,,0.019869176530534244,0.00316227766,22,8,tebd_swap,1,1e-13,0.06980974741927448,0.9301902525807255,0.952538457698566,1.0000000000000016,-0.04746154230143551,0.09641741811066835,"[1, 2, 4, 8, 8, 8, 8, 8, 8, 8, 4, 2, 1]",8,936,0.0020780869070443405,True,True,True,724ef9179e6c47d81d15f4bed538ea5d7163eb8b,true,004ec68aadd3d3108195d617ae178ce96cf96301cf5f90ee80404b345eda37ce
06f1f4346de945e2613d018a,pauli,rxx,,,0.06283185307179587,0.01,22,8,gate_local_2tdvp,1,1e-13,0.0005758310424177626,0.9994241689575822,1.0000000000000002,1.0000000000000013,-1.1102230246251565e-15,2.36241616461764e-05,"[1, 2, 4, 8, 8, 8, 8, 8, 8, 8, 4, 2, 1]",8,936,0.005023830272764342,True,True,True,724ef9179e6c47d81d15f4bed538ea5d7163eb8b,true,004ec68aadd3d3108195d617ae178ce96cf96301cf5f90ee80404b345eda37ce
7bc3343a316b534c5ebd53d1,pauli,rxx,,,0.06283185307179587,0.01,22,8,mpo_zipup,1,1e-13,0.0006106509831393936,0.9993893490168606,0.9996946278823692,1.0000000000000013,-0.0003053721176321522,0.0006107618628153028,"[1, 2, 4, 8, 8, 8, 8, 8, 8, 8, 4, 2, 1]",8,936,0.005025276703305183,True,True,True,724ef9179e6c47d81d15f4bed538ea5d7163eb8b,true,004ec68aadd3d3108195d617ae178ce96cf96301cf5f90ee80404b345eda37ce
d35ad817ef2e9da19f6fd106,pauli,rxx,,,0.06283185307179587,0.01,22,8,tebd_swap,1,1e-13,0.07042051178564956,0.9295794882143504,0.952412343011128,1.0000000000000013,-0.04758765698887335,0.09668201151383585,"[1, 2, 4, 8, 8, 8, 8, 8, 8, 8, 4, 2, 1]",8,936,0.004158880097536997,True,True,True,724ef9179e6c47d81d15f4bed538ea5d7163eb8b,true,004ec68aadd3d3108195d617ae178ce96cf96301cf5f90ee80404b345eda37ce
ccb8039643ea799ef4306f87,pauli,rxx,,,0.6283185307179586,0.1,22,8,gate_local_2tdvp,1,1e-13,0.0533053932237596,0.9466946067762404,1.0000000000000004,1.0000000000000016,-1.1102230246251565e-15,0.0030551237981425125,"[1, 2, 4, 8, 8, 8, 8, 8, 8, 8, 4, 2, 1]",8,936,0.005372665370122253,True,True,True,724ef9179e6c47d81d15f4bed538ea5d7163eb8b,true,004ec68aadd3d3108195d617ae178ce96cf96301cf5f90ee80404b345eda37ce
90202b951453fd17af81963f,pauli,rxx,,,0.6283185307179586,0.1,22,8,mpo_zipup,1,1e-13,0.03529606141045394,0.9647039385895461,0.9821934323693836,1.0000000000000016,-0.017806567630617942,0.03579454351493468,"[1, 2, 4, 8, 8, 8, 8, 8, 8, 8, 4, 2, 1]",8,936,0.008201646963545585,True,True,True,724ef9179e6c47d81d15f4bed538ea5d7163eb8b,true,004ec68aadd3d3108195d617ae178ce96cf96301cf5f90ee80404b345eda37ce
f33a113d38a82e24b4ca7c45,pauli,rxx,,,0.6283185307179586,0.1,22,8,tebd_swap,1,1e-13,0.08474668835766408,0.9152533116423359,0.9482941884167876,1.0000000000000016,-0.05170581158321397,0.10530890267362543,"[1, 2, 4, 8, 8, 8, 8, 8, 8, 8, 4, 2, 1]",8,936,0.0210738634501802,True,True,True,724ef9179e6c47d81d15f4bed538ea5d7163eb8b,true,004ec68aadd3d3108195d617ae178ce96cf96301cf5f90ee80404b345eda37ce
d4fd1b4576037eaf67a02b42,pauli,rxx,,,1.5707963267948966,0.25,22,8,gate_local_2tdvp,1,1e-13,0.1589891520732427,0.8410108479267573,0.9999999999999999,1.0000000000000016,-1.6653345369377348e-15,0.023686177561886002,"[1, 2, 4, 8, 8, 8, 8, 8, 8, 8, 4, 2, 1]",8,936,0.008889640799814004,True,True,True,724ef9179e6c47d81d15f4bed538ea5d7163eb8b,true,004ec68aadd3d3108195d617ae178ce96cf96301cf5f90ee80404b345eda37ce
8163141508dbf220077b60e6,pauli,rxx,,,1.5707963267948966,0.25,22,8,mpo_zipup,1,1e-13,0.0815336142719707,0.9184663857280293,0.9583665195153832,1.0000000000000016,-0.041633480484618346,0.08425134766456045,"[1, 2, 4, 8, 8, 8, 8, 8, 8, 8, 4, 2, 1]",8,936,0.007949174524693143,True,True,True,724ef9179e6c47d81d15f4bed538ea5d7163eb8b,true,004ec68aadd3d3108195d617ae178ce96cf96301cf5f90ee80404b345eda37ce
a69be603e9cae603abbb7b97,pauli,rxx,,,1.5707963267948966,0.25,22,8,tebd_swap,1,1e-13,0.10014268830950179,0.8998573116904982,0.9437967256061278,1.0000000000000016,-0.05620327439387374,0.11474660013900838,"[1, 2, 4, 8, 8, 8, 8, 8, 8, 8, 4, 2, 1]",8,936,0.013773928063999342,True,True,True,724ef9179e6c47d81d15f4bed538ea5d7163eb8b,true,004ec68aadd3d3108195d617ae178ce96cf96301cf5f90ee80404b345eda37ce
9f9800e749c82a6e79825b01,pauli,rxx,,,0.0,0.0,22,16,gate_local_2tdvp,1,1e-13,0.0,1.0,1.000000000000002,1.0000000000000013,6.661338147750939e-16,3.7817617024626887e-32,"[1, 2, 4, 8, 8, 8, 8, 8, 8, 8, 4, 2, 1]",8,936,0.005029209334707931,False,False,False,724ef9179e6c47d81d15f4bed538ea5d7163eb8b,true,004ec68aadd3d3108195d617ae178ce96cf96301cf5f90ee80404b345eda37ce
24a902bd214d01140081d902,pauli,rxx,,,0.0,0.0,22,16,mpo_zipup,1,1e-13,0.0,1.0,1.0000000000000033,1.0000000000000013,1.9984014443252818e-15,2.2322962670188447e-32,"[1, 2, 4, 8, 8, 8, 8, 8, 8, 8, 4, 2, 1]",8,936,0.005029209334707915,False,False,False,724ef9179e6c47d81d15f4bed538ea5d7163eb8b,true,004ec68aadd3d3108195d617ae178ce96cf96301cf5f90ee80404b345eda37ce
6e646850337fe7a743f8abef,pauli,rxx,,,0.0,0.0,22,16,tebd_swap,1,1e-13,0.0,1.0,1.0000000000000036,1.0000000000000013,2.220446049250313e-15,2.5664799515673907e-30,"[1, 2, 4, 8, 8, 8, 8, 8, 8, 8, 4, 2, 1]",8,936,0.0006041696513660829,False,False,False,724ef9179e6c47d81d15f4bed538ea5d7163eb8b,true,004ec68aadd3d3108195d617ae178ce96cf96301cf5f90ee80404b345eda37ce
c5ed7a9701e390388950a4c3,pauli,rxx,,,0.0006283185307179586,0.0001,22,16,gate_local_2tdvp,1,1e-13,1.104274449659215e-10,0.9999999998895726,0.9999999999998285,1.0000000000000016,-1.730837695390619e-13,3.5211182668477394e-13,"[1, 2, 4, 8, 16, 16, 16, 16, 15, 8, 4, 2, 1]",16,2680,5.91868638435799e-07,True,True,False,724ef9179e6c47d81d15f4bed538ea5d7163eb8b,true,004ec68aadd3d3108195d617ae178ce96cf96301cf5f90ee80404b345eda37ce
2b8ed3c514bece4b28edf1a6,pauli,rxx,,,0.0006283185307179586,0.0001,22,16,mpo_zipup,1,1e-13,0.0,1.0,1.0000000000000027,1.0000000000000016,1.1102230246251565e-15,1.4894900592441292e-31,"[1, 2, 4, 8, 16, 16, 16, 16, 16, 8, 4, 2, 1]",16,2728,6.215922736243703e-07,True,False,False,724ef9179e6c47d81d15f4bed538ea5d7163eb8b,true,004ec68aadd3d3108195d617ae178ce96cf96301cf5f90ee80404b345eda37ce
46db3c4132565e6044954c88,pauli,rxx,,,0.0006283185307179586,0.0001,22,16,tebd_swap,1,1e-13,0.0,1.0,1.0000000000000029,1.0000000000000016,1.3322676295501878e-15,1.1192009031006477e-30,"[1, 2, 4, 8, 16, 16, 16, 16, 16, 8, 4, 2, 1]",16,2728,6.215922736072485e-07,True,False,False,724ef9179e6c47d81d15f4bed538ea5d7163eb8b,true,004ec68aadd3d3108195d617ae178ce96cf96301cf5f90ee80404b345eda37ce
65039bf21c2ead7d60fb2f54,pauli,rxx,,,0.001986917653053424,0.000316227766,22,16,gate_local_2tdvp,1,1e-13,1.8812063018458502e-11,0.9999999999811879,1.0000000000000062,1.0000000000000016,4.6629367034256575e-15,7.168497866599425e-16,"[1, 2, 4, 8, 16, 16, 16, 16, 16, 8, 4, 2, 1]",16,2728,6.559471820929697e-07,True,True,False,724ef9179e6c47d81d15f4bed538ea5d7163eb8b,true,004ec68aadd3d3108195d617ae178ce96cf96301cf5f90ee80404b345eda37ce
a97aec70d31d75bc8c2ada95,pauli,rxx,,,0.001986917653053424,0.000316227766,22,16,mpo_zipup,1,1e-13,0.0,1.0,1.0000000000000018,1.0000000000000016,2.220446049250313e-16,1.44210970387893e-31,"[1, 2, 4, 8, 16, 16, 16, 16, 16, 8, 4, 2, 1]",16,2728,1.9656462656182844e-06,True,False,False,724ef9179e6c47d81d15f4bed538ea5d7163eb8b,true,004ec68aadd3d3108195d617ae178ce96cf96301cf5f90ee80404b345eda37ce
4520a388fe6c6ac651d6075f,pauli,rxx,,,0.001986917653053424,0.000316227766,22,16,tebd_swap,1,1e-13,4.440892098500626e-16,0.9999999999999996,1.0000000000000053,1.0000000000000016,3.774758283725532e-15,1.1108148359211148e-30,"[1, 2, 4, 8, 16, 16, 16, 16, 16, 8, 4, 2, 1]",16,2728,1.965646265607032e-06,True,False,False,724ef9179e6c47d81d15f4bed538ea5d7163eb8b,true,004ec68aadd3d3108195d617ae178ce96cf96301cf5f90ee80404b345eda37ce
507d0e5072b9ab100eea47c9,pauli,rxx,,,0.006283185307179587,0.001,22,16,gate_local_2tdvp,1,1e-13,1.8808377078016747e-10,0.9999999998119162,0.9999999999999996,1.0000000000000016,-1.9984014443252818e-15,7.167599066127628e-15,"[1, 2, 4, 8, 16, 16, 16, 16, 16, 8, 4, 2, 1]",16,2728,2.0741530061131233e-06,True,True,False,724ef9179e6c47d81d15f4bed538ea5d7163eb8b,true,004ec68aadd3d3108195d617ae178ce96cf96301cf5f90ee80404b345eda37ce
48afecace0f1d53e78c55a89,pauli,rxx,,,0.006283185307179587,0.001,22,16,mpo_zipup,1,1e-13,0.0,1.0,1.0000000000000013,1.0000000000000016,-2.220446049250313e-16,1.384844832007276e-31,"[1, 2, 4, 8, 16, 16, 16, 16, 16, 8, 4, 2, 1]",16,2728,6.215883201385341e-06,True,False,False,724ef9179e6c47d81d15f4bed538ea5d7163eb8b,true,004ec68aadd3d3108195d617ae178ce96cf96301cf5f90ee80404b345eda37ce
afdb621e0638b9bd8118afe6,pauli,rxx,,,0.006283185307179587,0.001,22,16,tebd_swap,1,1e-13,0.0,1.0,1.000000000000005,1.0000000000000016,3.552713678800501e-15,1.1151052955973888e-30,"[1, 2, 4, 8, 16, 16, 16, 16, 16, 8, 4, 2, 1]",16,2728,6.215883201379239e-06,True,False,False,724ef9179e6c47d81d15f4bed538ea5d7163eb8b,true,004ec68aadd3d3108195d617ae178ce96cf96301cf5f90ee80404b345eda37ce
1c7b403fff3b9726c41479ba,pauli,rxx,,,0.019869176530534244,0.00316227766,22,16,gate_local_2tdvp,1,1e-13,1.880084088412559e-09,0.9999999981199159,0.9999999999999691,1.0000000000000016,-3.241851231905457e-14,7.164736915419514e-14,"[1, 2, 4, 8, 16, 16, 16, 16, 16, 8, 4, 2, 1]",16,2728,6.557718350077943e-06,True,True,False,724ef9179e6c47d81d15f4bed538ea5d7163eb8b,true,004ec68aadd3d3108195d617ae178ce96cf96301cf5f90ee80404b345eda37ce
bef035c892f25de3d1df13b2,pauli,rxx,,,0.019869176530534244,0.00316227766,22,16,mpo_zipup,1,1e-13,2.220446049250313e-16,0.9999999999999998,1.000000000000001,1.0000000000000016,-4.440892098500626e-16,1.4526205892275954e-31,"[1, 2, 4, 8, 16, 16, 16, 16, 16, 8, 4, 2, 1]",16,2728,1.9655193401665285e-05,True,False,False,724ef9179e6c47d81d15f4bed538ea5d7163eb8b,true,004ec68aadd3d3108195d617ae178ce96cf96301cf5f90ee80404b345eda37ce
c001190016ce184671876bfa,pauli,rxx,,,0.019869176530534244,0.00316227766,22,16,tebd_swap,1,1e-13,0.0,1.0,1.0000000000000049,1.0000000000000016,3.3306690738754696e-15,1.2279602335227457e-30,"[1, 2, 4, 8, 16, 16, 16, 16, 16, 8, 4, 2, 1]",16,2728,1.9655193401651547e-05,True,False,False,724ef9179e6c47d81d15f4bed538ea5d7163eb8b,true,004ec68aadd3d3108195d617ae178ce96cf96301cf5f90ee80404b345eda37ce
15193dc39698e7c058374063,pauli,rxx,,,0.06283185307179587,0.01,22,16,gate_local_2tdvp,1,1e-13,0.0,1.0,0.9999999999999993,1.0000000000000013,-1.9984014443252818e-15,1.3895942832830517e-31,"[1, 2, 4, 8, 16, 16, 16, 16, 16, 8, 4, 2, 1]",16,2728,8.459011401075465e-07,True,False,False,724ef9179e6c47d81d15f4bed538ea5d7163eb8b,true,004ec68aadd3d3108195d617ae178ce96cf96301cf5f90ee80404b345eda37ce
c83852b179118b4b70582394,pauli,rxx,,,0.06283185307179587,0.01,22,16,mpo_zipup,1,1e-13,2.220446049250313e-16,0.9999999999999998,1.0000000000000013,1.0000000000000013,0.0,1.4238412155736794e-31,"[1, 2, 4, 8, 16, 16, 16, 16, 16, 8, 4, 2, 1]",16,2728,6.211851084441068e-05,True,False,False,724ef9179e6c47d81d15f4bed538ea5d7163eb8b,true,004ec68aadd3d3108195d617ae178ce96cf96301cf5f90ee80404b345eda37ce
6e86a8a281e43e44e8f4eb6a,pauli,rxx,,,0.06283185307179587,0.01,22,16,tebd_swap,1,1e-13,0.0,1.0,1.000000000000006,1.0000000000000013,4.6629367034256575e-15,1.1318693582621659e-30,"[1, 2, 4, 8, 16, 16, 16, 16, 16, 8, 4, 2, 1]",16,2728,6.211851084438673e-05,True,False,False,724ef9179e6c47d81d15f4bed538ea5d7163eb8b,true,004ec68aadd3d3108195d617ae178ce96cf96301cf5f90ee80404b345eda37ce
f0c645d16c74bf809e9793e2,pauli,rxx,,,0.6283185307179586,0.1,22,16,gate_local_2tdvp,1,1e-13,6.661338147750939e-16,0.9999999999999993,1.0000000000000044,1.0000000000000016,2.886579864025407e-15,1.3607440292022775e-31,"[1, 2, 4, 8, 16, 16, 16, 16, 16, 8, 4, 2, 1]",16,2728,8.370200536254975e-06,True,False,False,724ef9179e6c47d81d15f4bed538ea5d7163eb8b,true,004ec68aadd3d3108195d617ae178ce96cf96301cf5f90ee80404b345eda37ce
e76e7fda656d34d36f79a64d,pauli,rxx,,,0.6283185307179586,0.1,22,16,mpo_zipup,1,1e-13,2.220446049250313e-16,0.9999999999999998,1.0000000000000033,1.0000000000000016,1.7763568394002505e-15,1.376721371121359e-31,"[1, 2, 4, 8, 16, 16, 16, 16, 16, 8, 4, 2, 1]",16,2728,0.0005815604054934223,True,False,False,724ef9179e6c47d81d15f4bed538ea5d7163eb8b,true,004ec68aadd3d3108195d617ae178ce96cf96301cf5f90ee80404b345eda37ce
bdd9f30e14454c799ba7f0bb,pauli,rxx,,,0.6283185307179586,0.1,22,16,tebd_swap,1,1e-13,0.0,1.0,1.0000000000000038,1.0000000000000016,2.220446049250313e-15,1.0618495313494967e-30,"[1, 2, 4, 8, 16, 16, 16, 16, 16, 8, 4, 2, 1]",16,2728,0.0005815604054933262,True,False,False,724ef9179e6c47d81d15f4bed538ea5d7163eb8b,true,004ec68aadd3d3108195d617ae178ce96cf96301cf5f90ee80404b345eda37ce
9843ff8c2de45e96b0f84001,pauli,rxx,,,1.5707963267948966,0.25,22,16,gate_local_2tdvp,1,1e-13,0.0,1.0,1.0000000000000122,1.0000000000000016,1.0658141036401503e-14,1.2572925666901766e-31,"[1, 2, 4, 8, 16, 16, 16, 16, 16, 8, 4, 2, 1]",16,2728,2.0382339227293614e-05,True,False,False,724ef9179e6c47d81d15f4bed538ea5d7163eb8b,true,004ec68aadd3d3108195d617ae178ce96cf96301cf5f90ee80404b345eda37ce
1676b4828b5ab4194d8b1c3c,pauli,rxx,,,1.5707963267948966,0.25,22,16,mpo_zipup,1,1e-13,0.0,1.0,1.0000000000000029,1.0000000000000016,1.3322676295501878e-15,1.1847696241037312e-31,"[1, 2, 4, 8, 16, 16, 16, 16, 16, 8, 4, 2, 1]",16,2728,0.0009895931083466279,True,False,False,724ef9179e6c47d81d15f4bed538ea5d7163eb8b,true,004ec68aadd3d3108195d617ae178ce96cf96301cf5f90ee80404b345eda37ce
b2d7a7659a5b57b74156ad96,pauli,rxx,,,1.5707963267948966,0.25,22,16,tebd_swap,1,1e-13,0.0,1.0,1.0000000000000033,1.0000000000000016,1.7763568394002505e-15,1.165755277573847e-30,"[1, 2, 4, 8, 16, 16, 16, 16, 16, 8, 4, 2, 1]",16,2728,0.0006041696513660829,True,False,False,724ef9179e6c47d81d15f4bed538ea5d7163eb8b,true,004ec68aadd3d3108195d617ae178ce96cf96301cf5f90ee80404b345eda37ce
6087d4e01c130943a878a010,pauli,rxx,,,0.0,0.0,33,8,gate_local_2tdvp,1,1e-13,2.220446049250313e-16,0.9999999999999998,1.0000000000000042,0.9999999999999997,4.551914400963142e-15,3.4170889047872146e-32,"[1, 2, 4, 8, 8, 8, 8, 8, 8, 8, 4, 2, 1]",8,936,0.0023870462711353033,True,False,False,724ef9179e6c47d81d15f4bed538ea5d7163eb8b,true,004ec68aadd3d3108195d617ae178ce96cf96301cf5f90ee80404b345eda37ce
32375af9bfce85f83ccacf7e,pauli,rxx,,,0.0,0.0,33,8,mpo_zipup,1,1e-13,2.220446049250313e-16,0.9999999999999998,1.0000000000000004,0.9999999999999997,7.771561172376096e-16,1.558835962287375e-32,"[1, 2, 4, 8, 8, 8, 8, 8, 8, 8, 4, 2, 1]",8,936,0.002387046271135308,True,False,False,724ef9179e6c47d81d15f4bed538ea5d7163eb8b,true,004ec68aadd3d3108195d617ae178ce96cf96301cf5f90ee80404b345eda37ce
a04e045399400e2e78616796,pauli,rxx,,,0.0,0.0,33,8,tebd_swap,1,1e-13,0.05981319124312212,0.9401868087568779,0.9569745412375616,0.9999999999999997,-0.04302545876243802,0.08734251310311962,"[1, 2, 4, 8, 8, 8, 8, 8, 8, 8, 4, 2, 1]",8,936,0.0003518100583130581,True,True,True,724ef9179e6c47d81d15f4bed538ea5d7163eb8b,true,004ec68aadd3d3108195d617ae178ce96cf96301cf5f90ee80404b345eda37ce
3a3b198bbefef18a5cfec070,pauli,rxx,,,0.0006283185307179586,0.0001,33,8,gate_local_2tdvp,1,1e-13,6.667113394698276e-08,0.999999933328866,0.9999999975635044,0.9999999999999997,-2.4364952277977636e-09,4.872999951622158e-09,"[1, 2, 4, 8, 8, 8, 8, 8, 8, 8, 4, 2, 1]",8,936,0.0006283185203825331,True,True,True,724ef9179e6c47d81d15f4bed538ea5d7163eb8b,true,004ec68aadd3d3108195d617ae178ce96cf96301cf5f90ee80404b345eda37ce
b1918224f461c59d15e41b7f,pauli,rxx,,,0.0006283185307179586,0.0001,33,8,mpo_zipup,1,1e-13,6.667117491421237e-08,0.9999999333288251,0.9999999666644106,0.9999999999999997,-3.333558906692957e-08,6.667117658623356e-08,"[1, 2, 4, 8, 8, 8, 8, 8, 8, 8, 4, 2, 1]",8,936,0.0006283185203825331,True,True,True,724ef9179e6c47d81d15f4bed538ea5d7163eb8b,true,004ec68aadd3d3108195d617ae178ce96cf96301cf5f90ee80404b345eda37ce
31e57197b75c2efc44bd54fc,pauli,rxx,,,0.0006283185307179586,0.0001,33,8,tebd_swap,1,1e-13,0.05981446255562517,0.9401855374443748,0.9569744249128912,0.9999999999999997,-0.04302557508710847,0.08734275919048223,"[1, 2, 4, 8, 8, 8, 8, 8, 8, 8, 4, 2, 1]",8,936,0.0003826502523604115,True,True,True,724ef9179e6c47d81d15f4bed538ea5d7163eb8b,true,004ec68aadd3d3108195d617ae178ce96cf96301cf5f90ee80404b345eda37ce
28c72ebd53e9954e419183da,pauli,rxx,,,0.001986917653053424,0.000316227766,33,8,gate_local_2tdvp,1,1e-13,6.667025753692712e-07,0.9999993332974246,0.999999975635221,0.9999999999999998,-2.4364778750118887e-08,4.872956082619198e-08,"[1, 2, 4, 8, 8, 8, 8, 8, 8, 8, 4, 2, 1]",8,936,0.001986917326218587,True,True,True,724ef9179e6c47d81d15f4bed538ea5d7163eb8b,true,004ec68aadd3d3108195d617ae178ce96cf96301cf5f90ee80404b345eda37ce
16640ca899f75c9f4c7dd508,pauli,rxx,,,0.001986917653053424,0.000316227766,33,8,mpo_zipup,1,1e-13,6.667066952958933e-07,0.9999993332933047,0.9999996666465951,0.9999999999999998,-3.33353404657899e-07,6.667068493702949e-07,"[1, 2, 4, 8, 8, 8, 8, 8, 8, 8, 4, 2, 1]",8,936,0.001986917326218587,True,True,True,724ef9179e6c47d81d15f4bed538ea5d7163eb8b,true,004ec68aadd3d3108195d617ae178ce96cf96301cf5f90ee80404b345eda37ce
01d50072eded109065caae7f,pauli,rxx,,,0.001986917653053424,0.000316227766,33,8,tebd_swap,1,1e-13,0.05981765109958659,0.9401823489004134,0.9569739766970338,0.9999999999999998,-0.04302602330296601,0.08734370152072345,"[1, 2, 4, 8, 8, 8, 8, 8, 8, 8, 4, 2, 1]",8,936,0.0004866020588068628,True,True,True,724ef9179e6c47d81d15f4bed538ea5d7163eb8b,true,004ec68aadd3d3108195d617ae178ce96cf96301cf5f90ee80404b345eda37ce
7b1eccd6ba5a092f62a9211d,pauli,rxx,,,0.006283185307179587,0.001,33,8,gate_local_2tdvp,1,1e-13,6.66671103000116e-06,0.99999333328897,0.9999997563570099,0.9999999999999994,-2.4364298956136565e-07,4.872860249482776e-07,"[1, 2, 4, 8, 8, 8, 8, 8, 8, 8, 4, 2, 1]",8,936,0.0024089960445949697,True,True,True,724ef9179e6c47d81d15f4bed538ea5d7163eb8b,true,004ec68aadd3d3108195d617ae178ce96cf96301cf5f90ee80404b345eda37ce
1a2ce94b501cbd1c5a02be47,pauli,rxx,,,0.006283185307179587,0.001,33,8,mpo_zipup,1,1e-13,6.667123663706143e-06,0.9999933328763363,0.9999966664326118,0.9999999999999994,-3.3335673876866423e-06,6.667138977750936e-06,"[1, 2, 4, 8, 8, 8, 8, 8, 8, 8, 4, 2, 1]",8,936,0.002589479612865835,True,True,True,724ef9179e6c47d81d15f4bed538ea5d7163eb8b,true,004ec68aadd3d3108195d617ae178ce96cf96301cf5f90ee80404b345eda37ce
0a8705783b40b2c823eaf6a6,pauli,rxx,,,0.006283185307179587,0.001,33,8,tebd_swap,1,1e-13,0.05983172143637305,0.940168278563627,0.956970789571612,0.9999999999999994,-0.04302921042838748,0.08735037243638719,"[1, 2, 4, 8, 8, 8, 8, 8, 8, 8, 4, 2, 1]",8,936,0.0009339897479645085,True,True,True,724ef9179e6c47d81d15f4bed538ea5d7163eb8b,true,004ec68aadd3d3108195d617ae178ce96cf96301cf5f90ee80404b345eda37ce
67e6155f5b2d244991068f29,pauli,rxx,,,0.019869176530534244,0.00316227766,33,8,gate_local_2tdvp,1,1e-13,6.665341516254308e-05,0.9999333465848375,1.0,0.9999999999999997,3.3306690738754696e-16,4.872993514060317e-06,"[1, 2, 4, 8, 8, 8, 8, 8, 8, 8, 4, 2, 1]",8,936,0.002460748708514809,True,True,True,724ef9179e6c47d81d15f4bed538ea5d7163eb8b,true,004ec68aadd3d3108195d617ae178ce96cf96301cf5f90ee80404b345eda37ce
2cfc738dc6a584de98f1e13e,pauli,rxx,,,0.019869176530534244,0.00316227766,33,8,mpo_zipup,1,1e-13,6.669497991751427e-05,0.9999333050200825,0.9999666519539951,0.9999999999999997,-3.3348046004522125e-05,6.669651391472662e-05,"[1, 2, 4, 8, 8, 8, 8, 8, 8, 8, 4, 2, 1]",8,936,0.0037845998300874623,True,True,True,724ef9179e6c47d81d15f4bed538ea5d7163eb8b,true,004ec68aadd3d3108195d617ae178ce96cf96301cf5f90ee80404b345eda37ce
bf75a76f623febedc8193c1c,pauli,rxx,,,0.019869176530534244,0.00316227766,33,8,tebd_swap,1,1e-13,0.059917171038688655,0.9400828289613113,0.9569430344740927,0.9999999999999997,-0.04305696552590699,0.0874083337981538,"[1, 2, 4, 8, 8, 8, 8, 8, 8, 8, 4, 2, 1]",8,936,0.002269762286563904,True,True,True,724ef9179e6c47d81d15f4bed538ea5d7163eb8b,true,004ec68aadd3d3108195d617ae178ce96cf96301cf5f90ee80404b345eda37ce
2a51562eb65b834461387a0b,pauli,rxx,,,0.06283185307179587,0.01,33,8,gate_local_2tdvp,1,1e-13,0.0006657308209734314,0.9993342691790266,1.0000000000000004,0.9999999999999994,9.992007221626409e-16,4.8780136440089685e-05,"[1, 2, 4, 8, 8, 8, 8, 8, 8, 8, 4, 2, 1]",8,936,0.002659240745194094,True,True,True,724ef9179e6c47d81d15f4bed538ea5d7163eb8b,true,004ec68aadd3d3108195d617ae178ce96cf96301cf5f90ee80404b345eda37ce
99e4834c33802cde1e56bbfc,pauli,rxx,,,0.06283185307179587,0.01,33,8,mpo_zipup,1,1e-13,0.0006701431481674902,0.9993298568518325,0.9996648722706175,0.9999999999999994,-0.00033512772938193436,0.0006702991197195419,"[1, 2, 4, 8, 8, 8, 8, 8, 8, 8, 4, 2, 1]",8,936,0.004669406951451563,True,True,True,724ef9179e6c47d81d15f4bed538ea5d7163eb8b,true,004ec68aadd3d3108195d617ae178ce96cf96301cf5f90ee80404b345eda37ce
aebe5f1ab38eebb6d1bf9c10,pauli,rxx,,,0.06283185307179587,0.01,33,8,tebd_swap,1,1e-13,0.06065112905868564,0.9393488709413144,0.9566794601859475,0.9999999999999994,-0.04332053981405193,0.08795826868988976,"[1, 2, 4, 8, 8, 8, 8, 8, 8, 8, 4, 2, 1]",8,936,0.005725891465014764,True,True,True,724ef9179e6c47d81d15f4bed538ea5d7163eb8b,true,004ec68aadd3d3108195d617ae178ce96cf96301cf5f90ee80404b345eda37ce
a5a3245cd4fc353755c81959,pauli,rxx,,,0.6283185307179586,0.1,33,8,gate_local_2tdvp,1,1e-13,0.05923123929125651,0.9407687607087435,1.0000000000000007,0.9999999999999997,9.992007221626409e-16,0.00567647630767581,"[1, 2, 4, 8, 8, 8, 8, 8, 8, 8, 4, 2, 1]",8,936,0.006945097729200601,True,True,True,724ef9179e6c47d81d15f4bed538ea5d7163eb8b,true,004ec68aadd3d3108195d617ae178ce96cf96301cf5f90ee80404b345eda37ce
1731bef73bc0590a83a4d01d,pauli,rxx,,,0.6283185307179586,0.1,33,8,mpo_zipup,1,1e-13,0.043114983247858785,0.9568850167521412,0.9782049973048315,0.9999999999999997,-0.02179500269516821,0.043843250163643335,"[1, 2, 4, 8, 8, 8, 8, 8, 8, 8, 4, 2, 1]",8,936,0.022514602858666098,True,True,True,724ef9179e6c47d81d15f4bed538ea5d7163eb8b,true,004ec68aadd3d3108195d617ae178ce96cf96301cf5f90ee80404b345eda37ce
dc8af30e673544894d4c45af,pauli,rxx,,,0.6283185307179586,0.1,33,8,tebd_swap,1,1e-13,0.0813478405080631,0.9186521594919369,0.9448233241188103,0.9999999999999997,-0.05517667588118935,0.11275098080873096,"[1, 2, 4, 8, 8, 8, 8, 8, 8, 8, 4, 2, 1]",8,936,0.011516327277806195,True,True,True,724ef9179e6c47d81d15f4bed538ea5d7163eb8b,true,004ec68aadd3d3108195d617ae178ce96cf96301cf5f90ee80404b345eda37ce
f440d2d000e14461802986bf,pauli,rxx,,,1.5707963267948966,0.25,33,8,gate_local_2tdvp,1,1e-13,0.18751214246201664,0.8124878575379834,1.0000000000000002,0.9999999999999997,5.551115123125783e-16,0.028275473895689487,"[1, 2, 4, 8, 8, 8, 8, 8, 8, 8, 4, 2, 1]",8,936,0.012796618713448978,True,True,True,724ef9179e6c47d81d15f4bed538ea5d7163eb8b,true,004ec68aadd3d3108195d617ae178ce96cf96301cf5f90ee80404b345eda37ce
894ac6a200af36dc690e0555,pauli,rxx,,,1.5707963267948966,0.25,33,8,mpo_zipup,1,1e-13,0.09281474156362501,0.907185258436375,0.952462733358305,0.9999999999999997,-0.047537266641694664,0.09623804282364269,"[1, 2, 4, 8, 8, 8, 8, 8, 8, 8, 4, 2, 1]",8,936,0.03283035970068361,True,True,True,724ef9179e6c47d81d15f4bed538ea5d7163eb8b,true,004ec68aadd3d3108195d617ae178ce96cf96301cf5f90ee80404b345eda37ce
08658fa2196a810f8cb5a42a,pauli,rxx,,,1.5707963267948966,0.25,33,8,tebd_swap,1,1e-13,0.11472185191520645,0.8852781480847935,0.9306698327363255,0.9999999999999997,-0.06933016726367414,0.14251838183905297,"[1, 2, 4, 8, 8, 8, 8, 8, 8, 8, 4, 2, 1]",8,936,0.011516327277806195,True,True,True,724ef9179e6c47d81d15f4bed538ea5d7163eb8b,true,004ec68aadd3d3108195d617ae178ce96cf96301cf5f90ee80404b345eda37ce
3a5676bdc0e91318ab4772cb,pauli,rxx,,,0.0,0.0,33,16,gate_local_2tdvp,1,1e-13,2.220446049250313e-16,0.9999999999999998,1.0000000000000042,0.9999999999999997,4.551914400963142e-15,3.4170889047872146e-32,"[1, 2, 4, 8, 8, 8, 8, 8, 8, 8, 4, 2, 1]",8,936,0.0023870462711353033,False,False,False,724ef9179e6c47d81d15f4bed538ea5d7163eb8b,true,004ec68aadd3d3108195d617ae178ce96cf96301cf5f90ee80404b345eda37ce
120424f1b6db64d27fdf06e5,pauli,rxx,,,0.0,0.0,33,16,mpo_zipup,1,1e-13,2.220446049250313e-16,0.9999999999999998,1.0000000000000004,0.9999999999999997,7.771561172376096e-16,1.558835962287375e-32,"[1, 2, 4, 8, 8, 8, 8, 8, 8, 8, 4, 2, 1]",8,936,0.002387046271135308,False,False,False,724ef9179e6c47d81d15f4bed538ea5d7163eb8b,true,004ec68aadd3d3108195d617ae178ce96cf96301cf5f90ee80404b345eda37ce
ce7c36310fadc9c121cd4c4e,pauli,rxx,,,0.0,0.0,33,16,tebd_swap,1,1e-13,0.0,1.0,1.000000000000001,0.9999999999999997,1.4432899320127035e-15,6.11707162208899e-30,"[1, 2, 4, 8, 8, 8, 8, 8, 8, 8, 4, 2, 1]",8,936,0.0009459744045201212,False,True,False,724ef9179e6c47d81d15f4bed538ea5d7163eb8b,true,004ec68aadd3d3108195d617ae178ce96cf96301cf5f90ee80404b345eda37ce
635d0c11a08ec3e52435b0e1,pauli,rxx,,,0.0006283185307179586,0.0001,33,16,gate_local_2tdvp,1,1e-13,3.187727859454981e-11,0.9999999999681227,0.9999999999999948,0.9999999999999997,-4.884981308350689e-15,8.484331573432455e-15,"[1, 2, 4, 8, 16, 16, 16, 16, 16, 8, 4, 2, 1]",16,2728,3.19184080742497e-07,True,True,False,724ef9179e6c47d81d15f4bed538ea5d7163eb8b,true,004ec68aadd3d3108195d617ae178ce96cf96301cf5f90ee80404b345eda37ce
0f301532ce571479603a645c,pauli,rxx,,,0.0006283185307179586,0.0001,33,16,mpo_zipup,1,1e-13,0.0,1.0,1.000000000000001,0.9999999999999997,1.4432899320127035e-15,1.5586981291471926e-31,"[1, 2, 4, 8, 16, 16, 16, 16, 16, 8, 4, 2, 1]",16,2728,3.6419647396686213e-06,True,False,False,724ef9179e6c47d81d15f4bed538ea5d7163eb8b,true,004ec68aadd3d3108195d617ae178ce96cf96301cf5f90ee80404b345eda37ce
6b1eb572a984ffb573f360cc,pauli,rxx,,,0.0006283185307179586,0.0001,33,16,tebd_swap,1,1e-13,1.1102230246251565e-16,0.9999999999999999,1.0,0.9999999999999997,3.3306690738754696e-16,2.91959984514306e-30,"[1, 2, 4, 8, 16, 16, 16, 16, 16, 8, 4, 2, 1]",16,2728,3.6419647396633552e-06,True,True,False,724ef9179e6c47d81d15f4bed538ea5d7163eb8b,true,004ec68aadd3d3108195d617ae178ce96cf96301cf5f90ee80404b345eda37ce
12f5d08d5e09a4af5d8d9d1c,pauli,rxx,,,0.001986917653053424,0.000316227766,33,16,gate_local_2tdvp,1,1e-13,3.187762276368744e-10,0.9999999996812238,0.9999999999999568,0.9999999999999998,-4.296563105299356e-14,8.484421480160464e-14,"[1, 2, 4, 8, 16, 16, 16, 16, 16, 8, 4, 2, 1]",16,2728,1.0093464307857811e-06,True,True,False,724ef9179e6c47d81d15f4bed538ea5d7163eb8b,true,004ec68aadd3d3108195d617ae178ce96cf96301cf5f90ee80404b345eda37ce
67e17c5734496eafde494b26,pauli,rxx,,,0.001986917653053424,0.000316227766,33,16,mpo_zipup,1,1e-13,2.220446049250313e-16,0.9999999999999998,0.9999999999999994,0.9999999999999998,-3.3306690738754696e-16,1.5551168374566284e-31,"[1, 2, 4, 8, 16, 16, 16, 16, 16, 8, 4, 2, 1]",16,2728,1.1516780560817179e-05,True,False,False,724ef9179e6c47d81d15f4bed538ea5d7163eb8b,true,004ec68aadd3d3108195d617ae178ce96cf96301cf5f90ee80404b345eda37ce
25f24cce14cd534408be9cf5,pauli,rxx,,,0.001986917653053424,0.000316227766,33,16,tebd_swap,1,1e-13,4.440892098500626e-16,0.9999999999999996,1.0,0.9999999999999998,2.220446049250313e-16,3.0499601163655355e-30,"[1, 2, 4, 8, 16, 16, 16, 16, 16, 8, 4, 2, 1]",16,2728,1.1516780560809372e-05,True,True,False,724ef9179e6c47d81d15f4bed538ea5d7163eb8b,true,004ec68aadd3d3108195d617ae178ce96cf96301cf5f90ee80404b345eda37ce
585b67d877eeeea48012ee8d,pauli,rxx,,,0.006283185307179587,0.001,33,16,gate_local_2tdvp,1,1e-13,2.220446049250313e-16,0.9999999999999998,1.000000000000001,0.9999999999999994,1.6653345369377348e-15,1.6634102968071412e-31,"[1, 2, 4, 8, 16, 16, 16, 16, 16, 8, 4, 2, 1]",16,2728,9.211245755004494e-07,True,False,False,724ef9179e6c47d81d15f4bed538ea5d7163eb8b,true,004ec68aadd3d3108195d617ae178ce96cf96301cf5f90ee80404b345eda37ce
382d617673284156cd1f5091,pauli,rxx,,,0.006283185307179587,0.001,33,16,mpo_zipup,1,1e-13,5.551115123125783e-16,0.9999999999999994,0.9999999999999991,0.9999999999999994,-3.3306690738754696e-16,1.491666795308484e-31,"[1, 2, 4, 8, 16, 16, 16, 16, 16, 8, 4, 2, 1]",16,2728,3.641794385583196e-05,True,False,False,724ef9179e6c47d81d15f4bed538ea5d7163eb8b,true,004ec68aadd3d3108195d617ae178ce96cf96301cf5f90ee80404b345eda37ce
36ea566ed6aa453b6d028f97,pauli,rxx,,,0.006283185307179587,0.001,33,16,tebd_swap,1,1e-13,1.1102230246251565e-16,0.9999999999999999,0.9999999999999986,0.9999999999999994,-8.881784197001252e-16,2.834358404329942e-30,"[1, 2, 4, 8, 16, 16, 16, 16, 16, 8, 4, 2, 1]",16,2728,3.641794385583003e-05,True,True,False,724ef9179e6c47d81d15f4bed538ea5d7163eb8b,true,004ec68aadd3d3108195d617ae178ce96cf96301cf5f90ee80404b345eda37ce
39ea864646cc550941327f38,pauli,rxx,,,0.019869176530534244,0.00316227766,33,16,gate_local_2tdvp,1,1e-13,4.440892098500626e-16,0.9999999999999996,0.9999999999999963,0.9999999999999997,-3.3306690738754696e-15,1.7266813318817017e-31,"[1, 2, 4, 8, 16, 16, 16, 16, 16, 8, 4, 2, 1]",16,2728,2.9130038723467774e-06,True,False,False,724ef9179e6c47d81d15f4bed538ea5d7163eb8b,true,004ec68aadd3d3108195d617ae178ce96cf96301cf5f90ee80404b345eda37ce
f994713510f383f55ea37d23,pauli,rxx,,,0.019869176530534244,0.00316227766,33,16,mpo_zipup,1,1e-13,0.0,1.0,0.9999999999999989,0.9999999999999997,-7.771561172376096e-16,1.5671276560922734e-31,"[1, 2, 4, 8, 16, 16, 16, 16, 16, 8, 4, 2, 1]",16,2728,0.0001151479087147073,True,False,False,724ef9179e6c47d81d15f4bed538ea5d7163eb8b,true,004ec68aadd3d3108195d617ae178ce96cf96301cf5f90ee80404b345eda37ce
6a2e66c50d1d417a989c5448,pauli,rxx,,,0.019869176530534244,0.00316227766,33,16,tebd_swap,1,1e-13,2.220446049250313e-16,0.9999999999999998,1.0000000000000002,0.9999999999999997,5.551115123125783e-16,2.875547023695266e-30,"[1, 2, 4, 8, 16, 16, 16, 16, 16, 8, 4, 2, 1]",16,2728,0.00011514790871470974,True,True,False,724ef9179e6c47d81d15f4bed538ea5d7163eb8b,true,004ec68aadd3d3108195d617ae178ce96cf96301cf5f90ee80404b345eda37ce
5669dde96218ae7db28260e4,pauli,rxx,,,0.06283185307179587,0.01,33,16,gate_local_2tdvp,1,1e-13,0.0,1.0,0.9999999999999949,0.9999999999999994,-4.551914400963142e-15,1.6647526111221644e-31,"[1, 2, 4, 8, 16, 16, 16, 16, 16, 8, 4, 2, 1]",16,2728,9.213198393276094e-06,True,False,False,724ef9179e6c47d81d15f4bed538ea5d7163eb8b,true,004ec68aadd3d3108195d617ae178ce96cf96301cf5f90ee80404b345eda37ce
6dc265bed5c650c8ac2973c4,pauli,rxx,,,0.06283185307179587,0.01,33,16,mpo_zipup,1,1e-13,0.0,1.0,0.9999999999999998,0.9999999999999994,3.3306690738754696e-16,1.5467757555948374e-31,"[1, 2, 4, 8, 16, 16, 16, 16, 16, 8, 4, 2, 1]",16,2728,0.00036389005712814717,True,False,False,724ef9179e6c47d81d15f4bed538ea5d7163eb8b,true,004ec68aadd3d3108195d617ae178ce96cf96301cf5f90ee80404b345eda37ce
696d116ceec58c63e014e419,pauli,rxx,,,0.06283185307179587,0.01,33,16,tebd_swap,1,1e-13,0.0,1.0,1.000000000000001,0.9999999999999994,1.6653345369377348e-15,2.8544526028900616e-30,"[1, 2, 4, 8, 16, 16, 16, 16, 16, 8, 4, 2, 1]",16,2728,0.0003638900571281508,True,True,False,724ef9179e6c47d81d15f4bed538ea5d7163eb8b,true,004ec68aadd3d3108195d617ae178ce96cf96301cf5f90ee80404b345eda37ce
35b878fadfdc5d958169b663,pauli,rxx,,,0.6283185307179586,0.1,33,16,gate_local_2tdvp,1,1e-13,0.0,1.0,1.0000000000000004,0.9999999999999997,7.771561172376096e-16,1.6144607725370422e-31,"[1, 2, 4, 8, 16, 16, 16, 16, 16, 8, 4, 2, 1]",16,2728,9.225437835937396e-05,True,False,False,724ef9179e6c47d81d15f4bed538ea5d7163eb8b,true,004ec68aadd3d3108195d617ae178ce96cf96301cf5f90ee80404b345eda37ce
df600b723142b03bebd47a3a,pauli,rxx,,,0.6283185307179586,0.1,33,16,mpo_zipup,1,1e-13,0.0,1.0,1.0000000000000009,0.9999999999999997,1.2212453270876722e-15,1.4291568508751047e-31,"[1, 2, 4, 8, 16, 16, 16, 16, 16, 8, 4, 2, 1]",16,2728,0.0034876296293368005,True,False,False,724ef9179e6c47d81d15f4bed538ea5d7163eb8b,true,004ec68aadd3d3108195d617ae178ce96cf96301cf5f90ee80404b345eda37ce
f973a7c6f8fb021d755903fa,pauli,rxx,,,0.6283185307179586,0.1,33,16,tebd_swap,1,1e-13,2.220446049250313e-16,0.9999999999999998,0.9999999999999979,0.9999999999999997,-1.7763568394002505e-15,2.7228066157011318e-30,"[1, 2, 4, 8, 16, 16, 16, 16, 16, 8, 4, 2, 1]",16,2728,0.0009459744045201212,True,True,False,724ef9179e6c47d81d15f4bed538ea5d7163eb8b,true,004ec68aadd3d3108195d617ae178ce96cf96301cf5f90ee80404b345eda37ce
fab4a25bf949e804603807df,pauli,rxx,,,1.5707963267948966,0.25,33,16,gate_local_2tdvp,1,1e-13,4.440892098500626e-16,0.9999999999999996,0.9999999999999999,0.9999999999999997,2.220446049250313e-16,1.3270719893967247e-31,"[1, 2, 4, 8, 16, 16, 16, 16, 16, 8, 4, 2, 1]",16,2728,0.00023042248474577622,True,False,False,724ef9179e6c47d81d15f4bed538ea5d7163eb8b,true,004ec68aadd3d3108195d617ae178ce96cf96301cf5f90ee80404b345eda37ce
2f0dd59ec9f9b9db5a68c27b,pauli,rxx,,,1.5707963267948966,0.25,33,16,mpo_zipup,1,1e-13,0.0,1.0,0.9999999999999988,0.9999999999999997,-8.881784197001252e-16,9.001455084138235e-32,"[1, 2, 4, 8, 16, 16, 16, 16, 16, 8, 4, 2, 1]",16,2728,0.006412111012102825,True,False,False,724ef9179e6c47d81d15f4bed538ea5d7163eb8b,true,004ec68aadd3d3108195d617ae178ce96cf96301cf5f90ee80404b345eda37ce
933afb6c7e6289ac657d1c10,pauli,rxx,,,1.5707963267948966,0.25,33,16,tebd_swap,1,1e-13,0.0,1.0,0.9999999999999956,0.9999999999999997,-4.107825191113079e-15,3.1237578137518763e-30,"[1, 2, 4, 8, 16, 16, 16, 16, 16, 8, 4, 2, 1]",16,2728,0.0009459744045201212,True,True,False,724ef9179e6c47d81d15f4bed538ea5d7163eb8b,true,004ec68aadd3d3108195d617ae178ce96cf96301cf5f90ee80404b345eda37ce
5f24693a4f7aa53fc982f2de,pauli,ryy,,,0.0,0.0,11,8,gate_local_2tdvp,1,1e-13,0.0,1.0,0.9999999999999997,0.9999999999999993,3.3306690738754696e-16,1.514101646660061e-32,"[1, 2, 4, 8, 8, 8, 8, 8, 8, 8, 4, 2, 1]",8,936,0.0014152132570470254,True,False,False,724ef9179e6c47d81d15f4bed538ea5d7163eb8b,true,004ec68aadd3d3108195d617ae178ce96cf96301cf5f90ee80404b345eda37ce
739c31bdf7580ecffdb1cc9f,pauli,ryy,,,0.0,0.0,11,8,mpo_zipup,1,1e-13,0.0,1.0,0.9999999999999999,0.9999999999999993,5.551115123125783e-16,6.300181768593453e-33,"[1, 2, 4, 8, 8, 8, 8, 8, 8, 8, 4, 2, 1]",8,936,0.001415213257047054,True,False,False,724ef9179e6c47d81d15f4bed538ea5d7163eb8b,true,004ec68aadd3d3108195d617ae178ce96cf96301cf5f90ee80404b345eda37ce
5c986d754cb54aa3de254eae,pauli,ryy,,,0.0,0.0,11,8,tebd_swap,1,1e-13,0.01647655250273572,0.9835234474972643,0.9892293514563893,0.9999999999999993,-0.010770648543609984,0.021615480243871995,"[1, 2, 4, 8, 8, 8, 8, 8, 8, 8, 4, 2, 1]",8,936,0.00030578513385968553,True,True,True,724ef9179e6c47d81d15f4bed538ea5d7163eb8b,true,004ec68aadd3d3108195d617ae178ce96cf96301cf5f90ee80404b345eda37ce
8abe2d7e4cbb68e7bf27ea91,pauli,ryy,,,0.0006283185307179586,0.0001,11,8,gate_local_2tdvp,1,1e-13,5.8746945752474744e-08,0.9999999412530542,0.999999999577731,0.9999999999999994,-4.2226844243486994e-10,8.445451764403836e-10,"[1, 2, 4, 8, 8, 8, 8, 8, 8, 8, 4, 2, 1]",8,936,0.0006283185203825331,True,True,True,724ef9179e6c47d81d15f4bed538ea5d7163eb8b,true,004ec68aadd3d3108195d617ae178ce96cf96301cf5f90ee80404b345eda37ce
fe2fa7dfc12ff6870a0ee451,pauli,ryy,,,0.0006283185307179586,0.0001,11,8,mpo_zipup,1,1e-13,5.8747351094901035e-08,0.9999999412526489,0.999999970626325,0.9999999999999994,-2.9373674492738644e-08,5.874735169903955e-08,"[1, 2, 4, 8, 8, 8, 8, 8, 8, 8, 4, 2, 1]",8,936,0.0006283185203825331,True,True,True,724ef9179e6c47d81d15f4bed538ea5d7163eb8b,true,004ec68aadd3d3108195d617ae178ce96cf96301cf5f90ee80404b345eda37ce
39f88f2fb808eb4c13881e24,pauli,ryy,,,0.0006283185307179586,0.0001,11,8,tebd_swap,1,1e-13,0.01647691214645164,0.9835230878535484,0.9892293450923634,0.9999999999999994,-0.010770654907636068,0.021615493040950937,"[1, 2, 4, 8, 8, 8, 8, 8, 8, 8, 4, 2, 1]",8,936,0.00031786433829609747,True,True,True,724ef9179e6c47d81d15f4bed538ea5d7163eb8b,true,004ec68aadd3d3108195d617ae178ce96cf96301cf5f90ee80404b345eda37ce
7a6a3e6a50f06942f2aa887c,pauli,ryy,,,0.001986917653053424,0.000316227766,11,8,gate_local_2tdvp,1,1e-13,5.874636681557632e-07,0.9999994125363318,0.9999999957764109,0.9999999999999994,-4.223588589979954e-09,8.447181648231501e-09,"[1, 2, 4, 8, 8, 8, 8, 8, 8, 8, 4, 2, 1]",8,936,0.0014119525011942252,True,True,True,724ef9179e6c47d81d15f4bed538ea5d7163eb8b,true,004ec68aadd3d3108195d617ae178ce96cf96301cf5f90ee80404b345eda37ce
6fa037f815d9883bd1b87283,pauli,ryy,,,0.001986917653053424,0.000316227766,11,8,mpo_zipup,1,1e-13,5.875044766234794e-07,0.9999994124955234,0.9999997062477207,0.9999999999999994,-2.937522787238578e-07,5.875045507923897e-07,"[1, 2, 4, 8, 8, 8, 8, 8, 8, 8, 4, 2, 1]",8,936,0.0014119485960840516,True,True,True,724ef9179e6c47d81d15f4bed538ea5d7163eb8b,true,004ec68aadd3d3108195d617ae178ce96cf96301cf5f90ee80404b345eda37ce
c5e7b55f8fd489aca4ddd0dc,pauli,ryy,,,0.001986917653053424,0.000316227766,11,8,tebd_swap,1,1e-13,0.016478070348446616,0.9835219296515534,0.9892291366862134,0.9999999999999994,-0.010770863313786072,0.021615914163710215,"[1, 2, 4, 8, 8, 8, 8, 8, 8, 8, 4, 2, 1]",8,936,0.00042267485676191906,True,True,True,724ef9179e6c47d81d15f4bed538ea5d7163eb8b,true,004ec68aadd3d3108195d617ae178ce96cf96301cf5f90ee80404b345eda37ce
98ff9293fa06e8d5a995ea46,pauli,ryy,,,0.006283185307179587,0.001,11,8,gate_local_2tdvp,1,1e-13,5.874439322983704e-06,0.999994125560677,0.9999999577364487,0.9999999999999994,-4.226355077019406e-08,8.452710853773182e-08,"[1, 2, 4, 8, 8, 8, 8, 8, 8, 8, 4, 2, 1]",8,936,0.0014051432024092692,True,True,True,724ef9179e6c47d81d15f4bed538ea5d7163eb8b,true,004ec68aadd3d3108195d617ae178ce96cf96301cf5f90ee80404b345eda37ce
61363fa6583f4765fbbdd700,pauli,ryy,,,0.006283185307179587,0.001,11,8,mpo_zipup,1,1e-13,5.8787469984222795e-06,0.9999941212530016,0.9999970606221826,0.9999999999999994,-2.9393778168129714e-06,5.87875447653123e-06,"[1, 2, 4, 8, 8, 8, 8, 8, 8, 8, 4, 2, 1]",8,936,0.0014051071498337175,True,True,True,724ef9179e6c47d81d15f4bed538ea5d7163eb8b,true,004ec68aadd3d3108195d617ae178ce96cf96301cf5f90ee80404b345eda37ce
46ec8ee3a0befad397b25817,pauli,ryy,,,0.006283185307179587,0.001,11,8,tebd_swap,1,1e-13,0.016485149413051237,0.9835148505869488,0.9892267256140456,0.9999999999999994,-0.01077327438595388,0.02162078739726165,"[1, 2, 4, 8, 8, 8, 8, 8, 8, 8, 4, 2, 1]",8,936,0.0009702999258440979,True,True,True,724ef9179e6c47d81d15f4bed538ea5d7163eb8b,true,004ec68aadd3d3108195d617ae178ce96cf96301cf5f90ee80404b345eda37ce
b42486cf373cd2307999a18d,pauli,ryy,,,0.019869176530534244,0.00316227766,11,8,gate_local_2tdvp,1,1e-13,5.873674209122548e-05,0.9999412632579088,0.9999999999999999,0.9999999999999997,2.220446049250313e-16,8.470787439811287e-07,"[1, 2, 4, 8, 8, 8, 8, 8, 8, 8, 4, 2, 1]",8,936,0.0013858443802090565,True,True,True,724ef9179e6c47d81d15f4bed538ea5d7163eb8b,true,004ec68aadd3d3108195d617ae178ce96cf96301cf5f90ee80404b345eda37ce
313ae3a2d05052a124ad99d9,pauli,ryy,,,0.019869176530534244,0.00316227766,11,8,mpo_zipup,1,1e-13,5.9444168042599443e-05,0.9999405558319574,0.9999702774742656,0.9999999999999997,-2.9722525734077188e-05,5.944496975316311e-05,"[1, 2, 4, 8, 8, 8, 8, 8, 8, 8, 4, 2, 1]",8,936,0.0013856173733243517,True,True,True,724ef9179e6c47d81d15f4bed538ea5d7163eb8b,true,004ec68aadd3d3108195d617ae178ce96cf96301cf5f90ee80404b345eda37ce
f1a3012e2d7360fbe331fa75,pauli,ryy,,,0.019869176530534244,0.00316227766,11,8,tebd_swap,1,1e-13,0.016541527370061315,0.9834584726299387,0.9892013797300283,0.9999999999999997,-0.01079862026997136,0.02167201939604935,"[1, 2, 4, 8, 8, 8, 8, 8, 8, 8, 4, 2, 1]",8,936,0.0026513592333272254,True,True,True,724ef9179e6c47d81d15f4bed538ea5d7163eb8b,true,004ec68aadd3d3108195d617ae178ce96cf96301cf5f90ee80404b345eda37ce
f20f11296a01fbf80f71c83f,pauli,ryy,,,0.06283185307179587,0.01,11,8,gate_local_2tdvp,1,1e-13,0.0005869834336990065,0.999413016566301,0.9999999999999997,0.9999999999999994,2.220446049250313e-16,8.534017314227932e-06,"[1, 2, 4, 8, 8, 8, 8, 8, 8, 8, 4, 2, 1]",8,936,0.0013487693515943022,True,True,True,724ef9179e6c47d81d15f4bed538ea5d7163eb8b,true,004ec68aadd3d3108195d617ae178ce96cf96301cf5f90ee80404b345eda37ce
5f9771fdd459ad5433e8a989,pauli,ryy,,,0.06283185307179587,0.01,11,8,mpo_zipup,1,1e-13,0.0006763956147609607,0.999323604385239,0.9996617449843921,0.9999999999999994,-0.00033825501560735827,0.0006765319842885584,"[1, 2, 4, 8, 8, 8, 8, 8, 8, 8, 4, 2, 1]",8,936,0.0013465659014456775,True,True,True,724ef9179e6c47d81d15f4bed538ea5d7163eb8b,true,004ec68aadd3d3108195d617ae178ce96cf96301cf5f90ee80404b345eda37ce
2bd9af3e53bcdc9a68d40023,pauli,ryy,,,0.06283185307179587,0.01,11,8,tebd_swap,1,1e-13,0.017049604814300512,0.9829503951856995,0.9889160816948179,0.9999999999999994,-0.011083918305181517,0.022248671345743,"[1, 2, 4, 8, 8, 8, 8, 8, 8, 8, 4, 2, 1]",8,936,0.00406076177093858,True,True,True,724ef9179e6c47d81d15f4bed538ea5d7163eb8b,true,004ec68aadd3d3108195d617ae178ce96cf96301cf5f90ee80404b345eda37ce
7a23be50bf68ebfff1b60ebb,pauli,ryy,,,0.6283185307179586,0.1,11,8,gate_local_2tdvp,1,1e-13,0.055862210267182744,0.9441377897328173,1.0000000000000004,0.9999999999999996,8.881784197001252e-16,0.0011505887489565516,"[1, 2, 4, 8, 8, 8, 8, 8, 8, 8, 4, 2, 1]",8,936,0.0018821849418823948,True,True,True,724ef9179e6c47d81d15f4bed538ea5d7163eb8b,true,004ec68aadd3d3108195d617ae178ce96cf96301cf5f90ee80404b345eda37ce
59f1f39780b567a2f1e27629,pauli,ryy,,,0.6283185307179586,0.1,11,8,mpo_zipup,1,1e-13,0.026424773309084104,0.9735752266909159,0.9866991571349969,0.9999999999999996,-0.01330084286500266,0.02669077614692999,"[1, 2, 4, 8, 8, 8, 8, 8, 8, 8, 4, 2, 1]",8,936,0.015990962093263214,True,True,True,724ef9179e6c47d81d15f4bed538ea5d7163eb8b,true,004ec68aadd3d3108195d617ae178ce96cf96301cf5f90ee80404b345eda37ce
1878d77918a51008735122e5,pauli,ryy,,,0.6283185307179586,0.1,11,8,tebd_swap,1,1e-13,0.03288587338253535,0.9671141266174647,0.9796770276621578,0.9999999999999996,-0.02032297233784175,0.04096634535620768,"[1, 2, 4, 8, 8, 8, 8, 8, 8, 8, 4, 2, 1]",8,936,0.00406076177093858,True,True,True,724ef9179e6c47d81d15f4bed538ea5d7163eb8b,true,004ec68aadd3d3108195d617ae178ce96cf96301cf5f90ee80404b345eda37ce
17f023f4aa5e744ac5435487,pauli,ryy,,,1.5707963267948966,0.25,11,8,gate_local_2tdvp,1,1e-13,0.17342177283097548,0.8265782271690245,1.0000000000000004,0.9999999999999994,9.992007221626409e-16,0.013581185926392094,"[1, 2, 4, 8, 8, 8, 8, 8, 8, 8, 4, 2, 1]",8,936,0.006667441326540122,True,True,True,724ef9179e6c47d81d15f4bed538ea5d7163eb8b,true,004ec68aadd3d3108195d617ae178ce96cf96301cf5f90ee80404b345eda37ce
8c68e09fbcfacae81505acf3,pauli,ryy,,,1.5707963267948966,0.25,11,8,mpo_zipup,1,1e-13,0.04533996824779318,0.9546600317522068,0.9770670559138753,0.9999999999999994,-0.02293294408612412,0.046135174489097354,"[1, 2, 4, 8, 8, 8, 8, 8, 8, 8, 4, 2, 1]",8,936,0.015811785556265362,True,True,True,724ef9179e6c47d81d15f4bed538ea5d7163eb8b,true,004ec68aadd3d3108195d617ae178ce96cf96301cf5f90ee80404b345eda37ce
3841204fb53d02de5f3affc5,pauli,ryy,,,1.5707963267948966,0.25,11,8,tebd_swap,1,1e-13,0.04954148163134875,0.9504585183686513,0.9711081875578785,0.9999999999999994,-0.028891812442120912,0.05840464875870305,"[1, 2, 4, 8, 8, 8, 8, 8, 8, 8, 4, 2, 1]",8,936,0.00406076177093858,True,True,True,724ef9179e6c47d81d15f4bed538ea5d7163eb8b,true,004ec68aadd3d3108195d617ae178ce96cf96301cf5f90ee80404b345eda37ce
a036338c294b9fd58e1a56d6,pauli,ryy,,,0.0,0.0,11,16,gate_local_2tdvp,1,1e-13,0.0,1.0,0.9999999999999997,0.9999999999999993,3.3306690738754696e-16,1.514101646660061e-32,"[1, 2, 4, 8, 8, 8, 8, 8, 8, 8, 4, 2, 1]",8,936,0.0014152132570470254,False,False,False,724ef9179e6c47d81d15f4bed538ea5d7163eb8b,true,004ec68aadd3d3108195d617ae178ce96cf96301cf5f90ee80404b345eda37ce
c65e52e885b58f8eda77d50f,pauli,ryy,,,0.0,0.0,11,16,mpo_zipup,1,1e-13,0.0,1.0,0.9999999999999999,0.9999999999999993,5.551115123125783e-16,6.300181768593453e-33,"[1, 2, 4, 8, 8, 8, 8, 8, 8, 8, 4, 2, 1]",8,936,0.001415213257047054,False,False,False,724ef9179e6c47d81d15f4bed538ea5d7163eb8b,true,004ec68aadd3d3108195d617ae178ce96cf96301cf5f90ee80404b345eda37ce
efd73d36585dcd579ed20da8,pauli,ryy,,,0.0,0.0,11,16,tebd_swap,1,1e-13,0.0,1.0,1.0000000000000016,0.9999999999999993,2.220446049250313e-15,1.3837485184963834e-30,"[1, 2, 4, 8, 8, 8, 8, 8, 8, 8, 4, 2, 1]",8,936,0.00015502728930315342,False,False,False,724ef9179e6c47d81d15f4bed538ea5d7163eb8b,true,004ec68aadd3d3108195d617ae178ce96cf96301cf5f90ee80404b345eda37ce
f4bb79882f205be8c2af4d54,pauli,ryy,,,0.0006283185307179586,0.0001,11,16,gate_local_2tdvp,1,1e-13,2.110343011452187e-10,0.9999999997889657,0.9999999999999493,0.9999999999999994,-5.0182080713057076e-14,9.828962235186537e-14,"[1, 2, 4, 8, 16, 16, 16, 16, 16, 8, 4, 2, 1]",16,2728,3.0430124338003e-07,True,True,False,724ef9179e6c47d81d15f4bed538ea5d7163eb8b,true,004ec68aadd3d3108195d617ae178ce96cf96301cf5f90ee80404b345eda37ce
0d6e69a3b66fa319f6c97bef,pauli,ryy,,,0.0006283185307179586,0.0001,11,16,mpo_zipup,1,1e-13,2.220446049250313e-16,0.9999999999999998,1.0000000000000022,0.9999999999999994,2.7755575615628914e-15,1.9151024809206035e-31,"[1, 2, 4, 8, 16, 16, 16, 16, 16, 8, 4, 2, 1]",16,2728,8.497513945572156e-07,True,False,False,724ef9179e6c47d81d15f4bed538ea5d7163eb8b,true,004ec68aadd3d3108195d617ae178ce96cf96301cf5f90ee80404b345eda37ce
91d6521dc2469b2b9596b6b8,pauli,ryy,,,0.0006283185307179586,0.0001,11,16,tebd_swap,1,1e-13,0.0,1.0,1.0000000000000007,0.9999999999999994,1.2212453270876722e-15,6.503849511230811e-31,"[1, 2, 4, 8, 16, 16, 16, 16, 16, 8, 4, 2, 1]",16,2728,8.49751394550361e-07,True,False,False,724ef9179e6c47d81d15f4bed538ea5d7163eb8b,true,004ec68aadd3d3108195d617ae178ce96cf96301cf5f90ee80404b345eda37ce
c5d45c3e7966f6af42ab7765,pauli,ryy,,,0.001986917653053424,0.000316227766,11,16,gate_local_2tdvp,1,1e-13,1.287125961368929e-11,0.9999999999871287,0.9999999999999974,0.9999999999999994,-1.9984014443252818e-15,2.7183218243262868e-15,"[1, 2, 4, 8, 16, 16, 16, 16, 16, 8, 4, 2, 1]",16,2728,3.518082978014347e-07,True,True,False,724ef9179e6c47d81d15f4bed538ea5d7163eb8b,true,004ec68aadd3d3108195d617ae178ce96cf96301cf5f90ee80404b345eda37ce
5fe4a84aa9cd6a5179bef1e2,pauli,ryy,,,0.001986917653053424,0.000316227766,11,16,mpo_zipup,1,1e-13,2.220446049250313e-16,0.9999999999999998,1.0000000000000009,0.9999999999999994,1.4432899320127035e-15,1.9036370163066126e-31,"[1, 2, 4, 8, 16, 16, 16, 16, 16, 8, 4, 2, 1]",16,2728,2.687144138209987e-06,True,False,False,724ef9179e6c47d81d15f4bed538ea5d7163eb8b,true,004ec68aadd3d3108195d617ae178ce96cf96301cf5f90ee80404b345eda37ce
9dfad68dce10eb392b7e340b,pauli,ryy,,,0.001986917653053424,0.000316227766,11,16,tebd_swap,1,1e-13,0.0,1.0,1.0000000000000009,0.9999999999999994,1.4432899320127035e-15,6.619662248182084e-31,"[1, 2, 4, 8, 16, 16, 16, 16, 16, 8, 4, 2, 1]",16,2728,2.6871441382065967e-06,True,False,False,724ef9179e6c47d81d15f4bed538ea5d7163eb8b,true,004ec68aadd3d3108195d617ae178ce96cf96301cf5f90ee80404b345eda37ce
f7a9fa4672f04085c35622de,pauli,ryy,,,0.006283185307179587,0.001,11,16,gate_local_2tdvp,1,1e-13,1.2871903543043572e-10,0.999999999871281,0.9999999999999882,0.9999999999999994,-1.1213252548714081e-14,2.7185244604999523e-14,"[1, 2, 4, 8, 16, 16, 16, 16, 16, 8, 4, 2, 1]",16,2728,1.1125220948844765e-06,True,True,False,724ef9179e6c47d81d15f4bed538ea5d7163eb8b,true,004ec68aadd3d3108195d617ae178ce96cf96301cf5f90ee80404b345eda37ce
d1dce08beea7199f6e90943d,pauli,ryy,,,0.006283185307179587,0.001,11,16,mpo_zipup,1,1e-13,0.0,1.0,1.0,0.9999999999999994,5.551115123125783e-16,1.8419632427453728e-31,"[1, 2, 4, 8, 16, 16, 16, 16, 16, 8, 4, 2, 1]",16,2728,8.497420647209366e-06,True,False,False,724ef9179e6c47d81d15f4bed538ea5d7163eb8b,true,004ec68aadd3d3108195d617ae178ce96cf96301cf5f90ee80404b345eda37ce
a637befa0c10a5e4657d4011,pauli,ryy,,,0.006283185307179587,0.001,11,16,tebd_swap,1,1e-13,2.220446049250313e-16,0.9999999999999998,0.9999999999999991,0.9999999999999994,-3.3306690738754696e-16,6.303072234509822e-31,"[1, 2, 4, 8, 16, 16, 16, 16, 16, 8, 4, 2, 1]",16,2728,8.497420647207357e-06,True,False,False,724ef9179e6c47d81d15f4bed538ea5d7163eb8b,true,004ec68aadd3d3108195d617ae178ce96cf96301cf5f90ee80404b345eda37ce
c0e2c92868273e5079526914,pauli,ryy,,,0.019869176530534244,0.00316227766,11,16,gate_local_2tdvp,1,1e-13,2.220446049250313e-16,0.9999999999999998,0.9999999999999971,0.9999999999999997,-2.55351295663786e-15,1.9677076119800483e-31,"[1, 2, 4, 8, 16, 16, 16, 16, 16, 8, 4, 2, 1]",16,2728,5.214562086467419e-07,True,False,False,724ef9179e6c47d81d15f4bed538ea5d7163eb8b,true,004ec68aadd3d3108195d617ae178ce96cf96301cf5f90ee80404b345eda37ce
5d2b844812d15913e20a3935,pauli,ryy,,,0.019869176530534244,0.00316227766,11,16,mpo_zipup,1,1e-13,2.220446049250313e-16,0.9999999999999998,1.0000000000000002,0.9999999999999997,5.551115123125783e-16,1.9329432059827459e-31,"[1, 2, 4, 8, 16, 16, 16, 16, 16, 8, 4, 2, 1]",16,2728,2.6869878882365505e-05,True,False,False,724ef9179e6c47d81d15f4bed538ea5d7163eb8b,true,004ec68aadd3d3108195d617ae178ce96cf96301cf5f90ee80404b345eda37ce
4b92adecfa58f956dee3edac,pauli,ryy,,,0.019869176530534244,0.00316227766,11,16,tebd_swap,1,1e-13,0.0,1.0,1.0000000000000009,0.9999999999999997,1.2212453270876722e-15,6.713868175103576e-31,"[1, 2, 4, 8, 16, 16, 16, 16, 16, 8, 4, 2, 1]",16,2728,2.6869878882365532e-05,True,False,False,724ef9179e6c47d81d15f4bed538ea5d7163eb8b,true,004ec68aadd3d3108195d617ae178ce96cf96301cf5f90ee80404b345eda37ce
c23df2582a0098f936dbfd8c,pauli,ryy,,,0.06283185307179587,0.01,11,16,gate_local_2tdvp,1,1e-13,7.771561172376096e-16,0.9999999999999992,0.999999999999998,0.9999999999999994,-1.4432899320127035e-15,1.8878758886939577e-31,"[1, 2, 4, 8, 16, 16, 16, 16, 16, 8, 4, 2, 1]",16,2728,1.6496057253485782e-06,True,False,False,724ef9179e6c47d81d15f4bed538ea5d7163eb8b,true,004ec68aadd3d3108195d617ae178ce96cf96301cf5f90ee80404b345eda37ce
58b5cafd30a3b8169e27f031,pauli,ryy,,,0.06283185307179587,0.01,11,16,mpo_zipup,1,1e-13,0.0,1.0,1.0000000000000004,0.9999999999999994,9.992007221626409e-16,1.8503185740890582e-31,"[1, 2, 4, 8, 16, 16, 16, 16, 16, 8, 4, 2, 1]",16,2728,8.493866919029517e-05,True,False,False,724ef9179e6c47d81d15f4bed538ea5d7163eb8b,true,004ec68aadd3d3108195d617ae178ce96cf96301cf5f90ee80404b345eda37ce
36215ceab212b0851483bf57,pauli,ryy,,,0.06283185307179587,0.01,11,16,tebd_swap,1,1e-13,2.220446049250313e-16,0.9999999999999998,1.0000000000000007,0.9999999999999994,1.2212453270876722e-15,6.2724144323795355e-31,"[1, 2, 4, 8, 16, 16, 16, 16, 16, 8, 4, 2, 1]",16,2728,8.493866919029452e-05,True,False,False,724ef9179e6c47d81d15f4bed538ea5d7163eb8b,true,004ec68aadd3d3108195d617ae178ce96cf96301cf5f90ee80404b345eda37ce
1c4c65ec43783a9e9674fbf7,pauli,ryy,,,0.6283185307179586,0.1,11,16,gate_local_2tdvp,1,1e-13,1.1102230246251565e-16,0.9999999999999999,0.9999999999999485,0.9999999999999996,-5.10702591327572e-14,1.839827893719229e-31,"[1, 2, 4, 8, 16, 16, 16, 16, 16, 8, 4, 2, 1]",16,2728,1.6579239887748563e-05,True,False,False,724ef9179e6c47d81d15f4bed538ea5d7163eb8b,true,004ec68aadd3d3108195d617ae178ce96cf96301cf5f90ee80404b345eda37ce
8c94f698bc0b900addea2615,pauli,ryy,,,0.6283185307179586,0.1,11,16,mpo_zipup,1,1e-13,0.0,1.0,0.9999999999999983,0.9999999999999996,-1.2212453270876722e-15,1.8249357454405373e-31,"[1, 2, 4, 8, 16, 16, 16, 16, 16, 8, 4, 2, 1]",16,2728,0.0008185413774301569,True,False,False,724ef9179e6c47d81d15f4bed538ea5d7163eb8b,true,004ec68aadd3d3108195d617ae178ce96cf96301cf5f90ee80404b345eda37ce
157ac935f40f66a0b61127e5,pauli,ryy,,,0.6283185307179586,0.1,11,16,tebd_swap,1,1e-13,2.220446049250313e-16,0.9999999999999998,0.999999999999998,0.9999999999999996,-1.5543122344752192e-15,6.293456599196714e-31,"[1, 2, 4, 8, 16, 16, 16, 16, 16, 8, 4, 2, 1]",16,2728,0.00015502728930315342,True,False,False,724ef9179e6c47d81d15f4bed538ea5d7163eb8b,true,004ec68aadd3d3108195d617ae178ce96cf96301cf5f90ee80404b345eda37ce
465d6301aa4d8d1f088c6b9c,pauli,ryy,,,1.5707963267948966,0.25,11,16,gate_local_2tdvp,1,1e-13,2.220446049250313e-16,0.9999999999999998,0.9999999999999974,0.9999999999999994,-1.9984014443252818e-15,1.5595143629951528e-31,"[1, 2, 4, 8, 16, 16, 16, 16, 16, 8, 4, 2, 1]",16,2728,4.181603968004134e-05,True,False,False,724ef9179e6c47d81d15f4bed538ea5d7163eb8b,true,004ec68aadd3d3108195d617ae178ce96cf96301cf5f90ee80404b345eda37ce
70c4c33231cb4ad6f40eb86d,pauli,ryy,,,1.5707963267948966,0.25,11,16,mpo_zipup,1,1e-13,0.0,1.0,1.0000000000000029,0.9999999999999994,3.4416913763379853e-15,1.6107855432223901e-31,"[1, 2, 4, 8, 16, 16, 16, 16, 16, 8, 4, 2, 1]",16,2728,0.0015151843787909128,True,False,False,724ef9179e6c47d81d15f4bed538ea5d7163eb8b,true,004ec68aadd3d3108195d617ae178ce96cf96301cf5f90ee80404b345eda37ce
130fe0d6964040eafd34be7e,pauli,ryy,,,1.5707963267948966,0.25,11,16,tebd_swap,1,1e-13,0.0,1.0,1.000000000000002,0.9999999999999994,2.55351295663786e-15,6.331197028031918e-31,"[1, 2, 4, 8, 16, 16, 16, 16, 16, 8, 4, 2, 1]",16,2728,0.00015502728930315342,True,False,False,724ef9179e6c47d81d15f4bed538ea5d7163eb8b,true,004ec68aadd3d3108195d617ae178ce96cf96301cf5f90ee80404b345eda37ce
0f071f3e4f1fd24f83bb0382,pauli,ryy,,,0.0,0.0,22,8,gate_local_2tdvp,1,1e-13,0.0,1.0,1.000000000000002,1.0000000000000013,6.661338147750939e-16,3.7817617024626887e-32,"[1, 2, 4, 8, 8, 8, 8, 8, 8, 8, 4, 2, 1]",8,936,0.005029209334707931,True,False,False,724ef9179e6c47d81d15f4bed538ea5d7163eb8b,true,004ec68aadd3d3108195d617ae178ce96cf96301cf5f90ee80404b345eda37ce
25eb17dc496ca6d2e8474561,pauli,ryy,,,0.0,0.0,22,8,mpo_zipup,1,1e-13,0.0,1.0,1.0000000000000033,1.0000000000000013,1.9984014443252818e-15,2.2322962670188447e-32,"[1, 2, 4, 8, 8, 8, 8, 8, 8, 8, 4, 2, 1]",8,936,0.005029209334707915,True,False,False,724ef9179e6c47d81d15f4bed538ea5d7163eb8b,true,004ec68aadd3d3108195d617ae178ce96cf96301cf5f90ee80404b345eda37ce
d0089ad39ab9342961524c47,pauli,ryy,,,0.0,0.0,22,8,tebd_swap,1,1e-13,0.06972273567495968,0.9302772643250403,0.9525649467893453,1.0000000000000013,-0.047435053210656,0.09636183889274708,"[1, 2, 4, 8, 8, 8, 8, 8, 8, 8, 4, 2, 1]",8,936,0.0014331429197564128,True,True,True,724ef9179e6c47d81d15f4bed538ea5d7163eb8b,true,004ec68aadd3d3108195d617ae178ce96cf96301cf5f90ee80404b345eda37ce
d948dea6dc1452c9bb808e9f,pauli,ryy,,,0.0006283185307179586,0.0001,22,8,gate_local_2tdvp,1,1e-13,8.496692094350777e-08,0.9999999150330791,0.9999999986314098,1.0000000000000016,-1.3685917954475713e-09,2.7371853603999804e-09,"[1, 2, 4, 8, 8, 8, 8, 8, 8, 8, 4, 2, 1]",8,936,0.0006283185203825331,True,True,True,724ef9179e6c47d81d15f4bed538ea5d7163eb8b,true,004ec68aadd3d3108195d617ae178ce96cf96301cf5f90ee80404b345eda37ce
b372f08238bf5ab0629e69a1,pauli,ryy,,,0.0006283185307179586,0.0001,22,8,mpo_zipup,1,1e-13,8.49672692204706e-08,0.9999999150327308,0.9999999575163657,1.0000000000000016,-4.2483635831480626e-08,8.496727130095227e-08,"[1, 2, 4, 8, 8, 8, 8, 8, 8, 8, 4, 2, 1]",8,936,0.0006283185203825331,True,True,True,724ef9179e6c47d81d15f4bed538ea5d7163eb8b,true,004ec68aadd3d3108195d617ae178ce96cf96301cf5f90ee80404b345eda37ce
ce1d1730eed08701e67a7ef8,pauli,ryy,,,0.0006283185307179586,0.0001,22,8,tebd_swap,1,1e-13,0.06972703075716147,0.9302729692428385,0.9525647833159969,1.0000000000000016,-0.04743521668400463,0.09636218992350502,"[1, 2, 4, 8, 8, 8, 8, 8, 8, 8, 4, 2, 1]",8,936,0.0006283185203825331,True,True,True,724ef9179e6c47d81d15f4bed538ea5d7163eb8b,true,004ec68aadd3d3108195d617ae178ce96cf96301cf5f90ee80404b345eda37ce
5bf9f2385479c00f34475d06,pauli,ryy,,,0.001986917653053424,0.000316227766,22,8,gate_local_2tdvp,1,1e-13,8.496650070188849e-07,0.999999150334993,0.9999999863148732,1.0000000000000016,-1.3685128363860599e-08,2.7370262737385492e-08,"[1, 2, 4, 8, 8, 8, 8, 8, 8, 8, 4, 2, 1]",8,936,0.001986917326218587,True,True,True,724ef9179e6c47d81d15f4bed538ea5d7163eb8b,true,004ec68aadd3d3108195d617ae178ce96cf96301cf5f90ee80404b345eda37ce
200d0345d205805651fce875,pauli,ryy,,,0.001986917653053424,0.000316227766,22,8,mpo_zipup,1,1e-13,8.496997865314881e-07,0.9999991503002135,0.9999995751500209,1.0000000000000016,-4.248499806402961e-07,8.497000122217818e-07,"[1, 2, 4, 8, 8, 8, 8, 8, 8, 8, 4, 2, 1]",8,936,0.001986917326218587,True,True,True,724ef9179e6c47d81d15f4bed538ea5d7163eb8b,true,004ec68aadd3d3108195d617ae178ce96cf96301cf5f90ee80404b345eda37ce
c7bfd4fc1300e8bf09304dd5,pauli,ryy,,,0.001986917653053424,0.000316227766,22,8,tebd_swap,1,1e-13,0.06973699364203123,0.9302630063579688,0.9525641479488626,1.0000000000000016,-0.04743585205113898,0.09636353992696987,"[1, 2, 4, 8, 8, 8, 8, 8, 8, 8, 4, 2, 1]",8,936,0.001388621560606855,True,True,True,724ef9179e6c47d81d15f4bed538ea5d7163eb8b,true,004ec68aadd3d3108195d617ae178ce96cf96301cf5f90ee80404b345eda37ce
72e2d87e13904709a0f86fa6,pauli,ryy,,,0.006283185307179587,0.001,22,8,gate_local_2tdvp,1,1e-13,8.496489332321389e-06,0.9999915035106677,0.9999998631727706,1.0000000000000016,-1.368272309898444e-07,2.7365447813266453e-07,"[1, 2, 4, 8, 8, 8, 8, 8, 8, 8, 4, 2, 1]",8,936,0.005033562107476932,True,True,True,724ef9179e6c47d81d15f4bed538ea5d7163eb8b,true,004ec68aadd3d3108195d617ae178ce96cf96301cf5f90ee80404b345eda37ce
9684b7c71585371208c4c5c1,pauli,ryy,,,0.006283185307179587,0.001,22,8,mpo_zipup,1,1e-13,8.499977570131101e-06,0.9999915000224299,0.9999957500021853,1.0000000000000016,-4.249997816230255e-06,8.500000228671169e-06,"[1, 2, 4, 8, 8, 8, 8, 8, 8, 8, 4, 2, 1]",8,936,0.005038624953841433,True,True,True,724ef9179e6c47d81d15f4bed538ea5d7163eb8b,true,004ec68aadd3d3108195d617ae178ce96cf96301cf5f90ee80404b345eda37ce
d379838ab57eb19bb60d899a,pauli,ryy,,,0.006283185307179587,0.001,22,8,tebd_swap,1,1e-13,0.06977476421219997,0.9302252357878,0.9525595816068007,1.0000000000000016,-0.0474404183932009,0.09637316973525495,"[1, 2, 4, 8, 8, 8, 8, 8, 8, 8, 4, 2, 1]",8,936,0.0013710470866515852,True,True,True,724ef9179e6c47d81d15f4bed538ea5d7163eb8b,true,004ec68aadd3d3108195d617ae178ce96cf96301cf5f90ee80404b345eda37ce
10fda717f237ef00271db590,pauli,ryy,,,0.019869176530534244,0.00316227766,22,8,gate_local_2tdvp,1,1e-13,8.495703983324443e-05,0.9999150429601668,0.9999999999999999,1.0000000000000018,-1.887379141862766e-15,2.7352401289894043e-06,"[1, 2, 4, 8, 8, 8, 8, 8, 8, 8, 4, 2, 1]",8,936,0.005045527734458239,True,True,True,724ef9179e6c47d81d15f4bed538ea5d7163eb8b,true,004ec68aadd3d3108195d617ae178ce96cf96301cf5f90ee80404b345eda37ce
f9f1239199901e1037535b55,pauli,ryy,,,0.019869176530534244,0.00316227766,22,8,mpo_zipup,1,1e-13,8.532592482879409e-05,0.9999146740751712,0.9999573361274863,1.0000000000000018,-4.266387251550263e-05,8.532821652266681e-05,"[1, 2, 4, 8, 8, 8, 8, 8, 8, 8, 4, 2, 1]",8,936,0.005068939352452873,True,True,True,724ef9179e6c47d81d15f4bed538ea5d7163eb8b,true,004ec68aadd3d3108195d617ae178ce96cf96301cf5f90ee80404b345eda37ce
a0236e0c4832477fc04b7706,pauli,ryy,,,0.019869176530534244,0.00316227766,22,8,tebd_swap,1,1e-13,0.06996609988403979,0.9300339001159602,0.9525186838354914,1.0000000000000018,-0.047481316164510345,0.09645907774659036,"[1, 2, 4, 8, 8, 8, 8, 8, 8, 8, 4, 2, 1]",8,936,0.0018695291114821844,True,True,True,724ef9179e6c47d81d15f4bed538ea5d7163eb8b,true,004ec68aadd3d3108195d617ae178ce96cf96301cf5f90ee80404b345eda37ce
9b64107cd8f5fd5abf60c2ef,pauli,ryy,,,0.06283185307179587,0.01,22,8,gate_local_2tdvp,1,1e-13,0.0008490474414951654,0.9991509525585048,0.9999999999999999,1.0000000000000016,-1.6653345369377348e-15,2.7333635014557733e-05,"[1, 2, 4, 8, 8, 8, 8, 8, 8, 8, 4, 2, 1]",8,936,0.005104924957477477,True,True,True,724ef9179e6c47d81d15f4bed538ea5d7163eb8b,true,004ec68aadd3d3108195d617ae178ce96cf96301cf5f90ee80404b345eda37ce
d175e2669b90d145e377e372,pauli,ryy,,,0.06283185307179587,0.01,22,8,mpo_zipup,1,1e-13,0.0009308705984866217,0.9990691294015134,0.999534456335307,1.0000000000000016,-0.00046554366469453434,0.0009311496191451795,"[1, 2, 4, 8, 8, 8, 8, 8, 8, 8, 4, 2, 1]",8,936,0.005255220394421854,True,True,True,724ef9179e6c47d81d15f4bed538ea5d7163eb8b,true,004ec68aadd3d3108195d617ae178ce96cf96301cf5f90ee80404b345eda37ce
3846ac423b235b3f471486bb,pauli,ryy,,,0.06283185307179587,0.01,22,8,tebd_swap,1,1e-13,0.07120199238220593,0.9287980076177941,0.9520765411090981,1.0000000000000016,-0.047923458890903436,0.09738561272254238,"[1, 2, 4, 8, 8, 8, 8, 8, 8, 8, 4, 2, 1]",8,936,0.0041168549825606505,True,True,True,724ef9179e6c47d81d15f4bed538ea5d7163eb8b,true,004ec68aadd3d3108195d617ae178ce96cf96301cf5f90ee80404b345eda37ce
99aebe25901366a61c4b7b19,pauli,ryy,,,0.6283185307179586,0.1,22,8,gate_local_2tdvp,1,1e-13,0.07896511514263371,0.9210348848573663,1.0000000000000004,1.0000000000000016,-1.1102230246251565e-15,0.0032895403610899393,"[1, 2, 4, 8, 8, 8, 8, 8, 8, 8, 4, 2, 1]",8,936,0.006396280204305422,True,True,True,724ef9179e6c47d81d15f4bed538ea5d7163eb8b,true,004ec68aadd3d3108195d617ae178ce96cf96301cf5f90ee80404b345eda37ce
34b34147497ff187ab0b68c9,pauli,ryy,,,0.6283185307179586,0.1,22,8,mpo_zipup,1,1e-13,0.04724481567548422,0.9527551843245158,0.9760917909318364,1.0000000000000016,-0.023908209068165154,0.048140789865010324,"[1, 2, 4, 8, 8, 8, 8, 8, 8, 8, 4, 2, 1]",8,936,0.03633279981390007,True,True,True,724ef9179e6c47d81d15f4bed538ea5d7163eb8b,true,004ec68aadd3d3108195d617ae178ce96cf96301cf5f90ee80404b345eda37ce
08a288cccbda7134e3176daf,pauli,ryy,,,0.6283185307179586,0.1,22,8,tebd_swap,1,1e-13,0.09184191371454475,0.9081580862854552,0.9373263148809631,1.0000000000000016,-0.06267368511903848,0.12837222810846116,"[1, 2, 4, 8, 8, 8, 8, 8, 8, 8, 4, 2, 1]",8,936,0.021858199580647043,True,True,True,724ef9179e6c47d81d15f4bed538ea5d7163eb8b,true,004ec68aadd3d3108195d617ae178ce96cf96301cf5f90ee80404b345eda37ce
dda5fd6b6d59908493a85493,pauli,ryy,,,1.5707963267948966,0.25,22,8,gate_local_2tdvp,1,1e-13,0.2145681236936453,0.7854318763063547,1.0000000000000004,1.0000000000000013,-8.881784197001252e-16,0.026558935150325976,"[1, 2, 4, 8, 8, 8, 8, 8, 8, 8, 4, 2, 1]",8,936,0.008580966780249737,True,True,True,724ef9179e6c47d81d15f4bed538ea5d7163eb8b,true,004ec68aadd3d3108195d617ae178ce96cf96301cf5f90ee80404b345eda37ce
2337fc16237c5d54bf5329d0,pauli,ryy,,,1.5707963267948966,0.25,22,8,mpo_zipup,1,1e-13,0.106176516643539,0.893823483356461,0.9454223835706788,1.0000000000000013,-0.05457761642932257,0.11086553042925751,"[1, 2, 4, 8, 8, 8, 8, 8, 8, 8, 4, 2, 1]",8,936,0.051492241462446436,True,True,True,724ef9179e6c47d81d15f4bed538ea5d7163eb8b,true,004ec68aadd3d3108195d617ae178ce96cf96301cf5f90ee80404b345eda37ce
88ad7054630adf99897371b6,pauli,ryy,,,1.5707963267948966,0.25,22,8,tebd_swap,1,1e-13,0.128101112615424,0.871898887384576,0.9203123284906589,1.0000000000000013,-0.07968767150934242,0.16441587750326137,"[1, 2, 4, 8, 8, 8, 8, 8, 8, 8, 4, 2, 1]",8,936,0.02575331064039349,True,True,True,724ef9179e6c47d81d15f4bed538ea5d7163eb8b,true,004ec68aadd3d3108195d617ae178ce96cf96301cf5f90ee80404b345eda37ce
1f0fc0af6b4d56a8cab85988,pauli,ryy,,,0.0,0.0,22,16,gate_local_2tdvp,1,1e-13,0.0,1.0,1.000000000000002,1.0000000000000013,6.661338147750939e-16,3.7817617024626887e-32,"[1, 2, 4, 8, 8, 8, 8, 8, 8, 8, 4, 2, 1]",8,936,0.005029209334707931,False,False,False,724ef9179e6c47d81d15f4bed538ea5d7163eb8b,true,004ec68aadd3d3108195d617ae178ce96cf96301cf5f90ee80404b345eda37ce
04a07d65ec52400da74f5142,pauli,ryy,,,0.0,0.0,22,16,mpo_zipup,1,1e-13,0.0,1.0,1.0000000000000033,1.0000000000000013,1.9984014443252818e-15,2.2322962670188447e-32,"[1, 2, 4, 8, 8, 8, 8, 8, 8, 8, 4, 2, 1]",8,936,0.005029209334707915,False,False,False,724ef9179e6c47d81d15f4bed538ea5d7163eb8b,true,004ec68aadd3d3108195d617ae178ce96cf96301cf5f90ee80404b345eda37ce
c55b116ee1cecc48bd9c061d,pauli,ryy,,,0.0,0.0,22,16,tebd_swap,1,1e-13,0.0,1.0,1.0000000000000036,1.0000000000000013,2.220446049250313e-15,2.5664799515673907e-30,"[1, 2, 4, 8, 8, 8, 8, 8, 8, 8, 4, 2, 1]",8,936,0.0006041696513660829,False,False,False,724ef9179e6c47d81d15f4bed538ea5d7163eb8b,true,004ec68aadd3d3108195d617ae178ce96cf96301cf5f90ee80404b345eda37ce
cce4684cd919870f9d83cc3b,pauli,ryy,,,0.0006283185307179586,0.0001,22,16,gate_local_2tdvp,1,1e-13,1.0501066682877536e-10,0.9999999998949893,0.999999999999961,1.0000000000000016,-4.0523140398818214e-14,8.333662669391578e-14,"[1, 2, 4, 8, 16, 16, 16, 16, 16, 8, 4, 2, 1]",16,2728,4.288488722378606e-07,True,True,False,724ef9179e6c47d81d15f4bed538ea5d7163eb8b,true,004ec68aadd3d3108195d617ae178ce96cf96301cf5f90ee80404b345eda37ce
b1ac0770dff95d53eb5f71f8,pauli,ryy,,,0.0006283185307179586,0.0001,22,16,mpo_zipup,1,1e-13,0.0,1.0,1.0000000000000002,1.0000000000000016,-1.3322676295501878e-15,1.451331305190308e-31,"[1, 2, 4, 8, 16, 16, 16, 16, 16, 8, 4, 2, 1]",16,2728,3.2402187714682986e-06,True,False,False,724ef9179e6c47d81d15f4bed538ea5d7163eb8b,true,004ec68aadd3d3108195d617ae178ce96cf96301cf5f90ee80404b345eda37ce
07ad21e2d5d03b7673e237d0,pauli,ryy,,,0.0006283185307179586,0.0001,22,16,tebd_swap,1,1e-13,2.220446049250313e-16,0.9999999999999998,1.0000000000000056,1.0000000000000016,3.9968028886505635e-15,1.0759866290846751e-30,"[1, 2, 4, 8, 16, 16, 16, 16, 16, 8, 4, 2, 1]",16,2728,3.240218771467146e-06,True,False,False,724ef9179e6c47d81d15f4bed538ea5d7163eb8b,true,004ec68aadd3d3108195d617ae178ce96cf96301cf5f90ee80404b345eda37ce
81981b36546f81398689d517,pauli,ryy,,,0.001986917653053424,0.000316227766,22,16,gate_local_2tdvp,1,1e-13,3.7883518544390427e-10,0.9999999996211648,0.9999999999999714,1.0000000000000016,-3.019806626980426e-14,6.476811925478992e-14,"[1, 2, 4, 8, 16, 16, 16, 16, 16, 8, 4, 2, 1]",16,2728,3.7595685898285963e-07,True,True,False,724ef9179e6c47d81d15f4bed538ea5d7163eb8b,true,004ec68aadd3d3108195d617ae178ce96cf96301cf5f90ee80404b345eda37ce
79d8e463fe90429dbd11fedb,pauli,ryy,,,0.001986917653053424,0.000316227766,22,16,mpo_zipup,1,1e-13,2.220446049250313e-16,0.9999999999999998,1.0000000000000036,1.0000000000000016,1.9984014443252818e-15,1.462326029370393e-31,"[1, 2, 4, 8, 16, 16, 16, 16, 16, 8, 4, 2, 1]",16,2728,1.0246336884246255e-05,True,False,False,724ef9179e6c47d81d15f4bed538ea5d7163eb8b,true,004ec68aadd3d3108195d617ae178ce96cf96301cf5f90ee80404b345eda37ce
f4a37564f3456912eb7c155b,pauli,ryy,,,0.001986917653053424,0.000316227766,22,16,tebd_swap,1,1e-13,0.0,1.0,1.0000000000000062,1.0000000000000016,4.6629367034256575e-15,1.1420094736771882e-30,"[1, 2, 4, 8, 16, 16, 16, 16, 16, 8, 4, 2, 1]",16,2728,1.0246336884237555e-05,True,False,False,724ef9179e6c47d81d15f4bed538ea5d7163eb8b,true,004ec68aadd3d3108195d617ae178ce96cf96301cf5f90ee80404b345eda37ce
6ef837fb9823657475e1a20b,pauli,ryy,,,0.006283185307179587,0.001,22,16,gate_local_2tdvp,1,1e-13,0.0,1.0,1.0000000000000022,1.0000000000000016,6.661338147750939e-16,1.4078977279914103e-31,"[1, 2, 4, 8, 16, 16, 16, 16, 16, 8, 4, 2, 1]",16,2728,3.1745668919751913e-07,True,False,False,724ef9179e6c47d81d15f4bed538ea5d7163eb8b,true,004ec68aadd3d3108195d617ae178ce96cf96301cf5f90ee80404b345eda37ce
725a7a3b749839abb4376b66,pauli,ryy,,,0.006283185307179587,0.001,22,16,mpo_zipup,1,1e-13,4.440892098500626e-16,0.9999999999999996,1.0000000000000022,1.0000000000000016,6.661338147750939e-16,1.3866284650958335e-31,"[1, 2, 4, 8, 16, 16, 16, 16, 16, 8, 4, 2, 1]",16,2728,3.240034384451845e-05,True,False,False,724ef9179e6c47d81d15f4bed538ea5d7163eb8b,true,004ec68aadd3d3108195d617ae178ce96cf96301cf5f90ee80404b345eda37ce
23dc45e6e4b839ec9337ebf7,pauli,ryy,,,0.006283185307179587,0.001,22,16,tebd_swap,1,1e-13,0.0,1.0,1.0000000000000016,1.0000000000000016,0.0,1.027735913017553e-30,"[1, 2, 4, 8, 16, 16, 16, 16, 16, 8, 4, 2, 1]",16,2728,3.2400343844518255e-05,True,False,False,724ef9179e6c47d81d15f4bed538ea5d7163eb8b,true,004ec68aadd3d3108195d617ae178ce96cf96301cf5f90ee80404b345eda37ce
c17dd9f8d207497844ba4fa5,pauli,ryy,,,0.019869176530534244,0.00316227766,22,16,gate_local_2tdvp,1,1e-13,0.0,1.0,1.0000000000000033,1.0000000000000018,1.5543122344752192e-15,1.4464637952937255e-31,"[1, 2, 4, 8, 16, 16, 16, 16, 16, 8, 4, 2, 1]",16,2728,1.0038920785923254e-06,True,False,False,724ef9179e6c47d81d15f4bed538ea5d7163eb8b,true,004ec68aadd3d3108195d617ae178ce96cf96301cf5f90ee80404b345eda37ce
9c1c1f971969b67795b49e0e,pauli,ryy,,,0.019869176530534244,0.00316227766,22,16,mpo_zipup,1,1e-13,4.440892098500626e-16,0.9999999999999996,1.0000000000000029,1.0000000000000018,1.1102230246251565e-15,1.4452805416547014e-31,"[1, 2, 4, 8, 16, 16, 16, 16, 16, 8, 4, 2, 1]",16,2728,0.00010244239597923023,True,False,False,724ef9179e6c47d81d15f4bed538ea5d7163eb8b,true,004ec68aadd3d3108195d617ae178ce96cf96301cf5f90ee80404b345eda37ce
0713211fd0eac8fbeb633efc,pauli,ryy,,,0.019869176530534244,0.00316227766,22,16,tebd_swap,1,1e-13,0.0,1.0,1.0000000000000064,1.0000000000000018,4.6629367034256575e-15,1.0609915337703936e-30,"[1, 2, 4, 8, 16, 16, 16, 16, 16, 8, 4, 2, 1]",16,2728,0.00010244239597923305,True,False,False,724ef9179e6c47d81d15f4bed538ea5d7163eb8b,true,004ec68aadd3d3108195d617ae178ce96cf96301cf5f90ee80404b345eda37ce
2e13e1c0153bc5f072c5c26b,pauli,ryy,,,0.06283185307179587,0.01,22,16,gate_local_2tdvp,1,1e-13,0.0,1.0,1.0000000000000029,1.0000000000000016,1.3322676295501878e-15,1.416105368572868e-31,"[1, 2, 4, 8, 16, 16, 16, 16, 16, 8, 4, 2, 1]",16,2728,3.174630689005439e-06,True,False,False,724ef9179e6c47d81d15f4bed538ea5d7163eb8b,true,004ec68aadd3d3108195d617ae178ce96cf96301cf5f90ee80404b345eda37ce
7dcca0875d09d2908c556854,pauli,ryy,,,0.06283185307179587,0.01,22,16,mpo_zipup,1,1e-13,2.220446049250313e-16,0.9999999999999998,1.0000000000000042,1.0000000000000016,2.6645352591003757e-15,1.390408456888385e-31,"[1, 2, 4, 8, 16, 16, 16, 16, 16, 8, 4, 2, 1]",16,2728,0.00032371365447578194,True,False,False,724ef9179e6c47d81d15f4bed538ea5d7163eb8b,true,004ec68aadd3d3108195d617ae178ce96cf96301cf5f90ee80404b345eda37ce
c687d7eb3bffbb8d962cc925,pauli,ryy,,,0.06283185307179587,0.01,22,16,tebd_swap,1,1e-13,0.0,1.0,1.0000000000000038,1.0000000000000016,2.220446049250313e-15,1.0459922619873362e-30,"[1, 2, 4, 8, 16, 16, 16, 16, 16, 8, 4, 2, 1]",16,2728,0.0003237136544757808,True,False,False,724ef9179e6c47d81d15f4bed538ea5d7163eb8b,true,004ec68aadd3d3108195d617ae178ce96cf96301cf5f90ee80404b345eda37ce
14f6c27fb54a6c4352039e6a,pauli,ryy,,,0.6283185307179586,0.1,22,16,gate_local_2tdvp,1,1e-13,2.220446049250313e-16,0.9999999999999998,0.9999999999999959,1.0000000000000016,-5.662137425588298e-15,1.327619912043282e-31,"[1, 2, 4, 8, 16, 16, 16, 16, 16, 8, 4, 2, 1]",16,2728,3.1732932051171195e-05,True,False,False,724ef9179e6c47d81d15f4bed538ea5d7163eb8b,true,004ec68aadd3d3108195d617ae178ce96cf96301cf5f90ee80404b345eda37ce
f86c860c1245ecbe980233d1,pauli,ryy,,,0.6283185307179586,0.1,22,16,mpo_zipup,1,1e-13,0.0,1.0,0.9999999999999989,1.0000000000000016,-2.6645352591003757e-15,1.2827219633506268e-31,"[1, 2, 4, 8, 16, 16, 16, 16, 16, 8, 4, 2, 1]",16,2728,0.0031001328951950164,True,False,False,724ef9179e6c47d81d15f4bed538ea5d7163eb8b,true,004ec68aadd3d3108195d617ae178ce96cf96301cf5f90ee80404b345eda37ce
95c213207d4b2da0e5dc6a4e,pauli,ryy,,,0.6283185307179586,0.1,22,16,tebd_swap,1,1e-13,2.220446049250313e-16,0.9999999999999998,1.000000000000003,1.0000000000000016,1.5543122344752192e-15,1.0814420177740549e-30,"[1, 2, 4, 8, 16, 16, 16, 16, 16, 8, 4, 2, 1]",16,2728,0.0006041696513660829,True,False,False,724ef9179e6c47d81d15f4bed538ea5d7163eb8b,true,004ec68aadd3d3108195d617ae178ce96cf96301cf5f90ee80404b345eda37ce
50136b9dfb66d4e2bfd5744b,pauli,ryy,,,1.5707963267948966,0.25,22,16,gate_local_2tdvp,1,1e-13,0.0,1.0,0.9999999999999863,1.0000000000000013,-1.4988010832439613e-14,8.883401265427458e-32,"[1, 2, 4, 8, 16, 16, 16, 16, 16, 8, 4, 2, 1]",16,2728,7.907571612986626e-05,True,False,False,724ef9179e6c47d81d15f4bed538ea5d7163eb8b,true,004ec68aadd3d3108195d617ae178ce96cf96301cf5f90ee80404b345eda37ce
be2f75cca3aa9d816c84aa4b,pauli,ryy,,,1.5707963267948966,0.25,22,16,mpo_zipup,1,1e-13,0.0,1.0,1.0000000000000024,1.0000000000000013,1.1102230246251565e-15,7.858365929723708e-32,"[1, 2, 4, 8, 16, 16, 16, 16, 16, 8, 4, 2, 1]",16,2728,0.00571068602442111,True,False,False,724ef9179e6c47d81d15f4bed538ea5d7163eb8b,true,004ec68aadd3d3108195d617ae178ce96cf96301cf5f90ee80404b345eda37ce
5326a2cd6ec7f7f02adf3e88,pauli,ryy,,,1.5707963267948966,0.25,22,16,tebd_swap,1,1e-13,2.220446049250313e-16,0.9999999999999998,1.0000000000000022,1.0000000000000013,8.881784197001252e-16,1.0669553072748517e-30,"[1, 2, 4, 8, 16, 16, 16, 16, 16, 8, 4, 2, 1]",16,2728,0.0006041696513660829,True,False,False,724ef9179e6c47d81d15f4bed538ea5d7163eb8b,true,004ec68aadd3d3108195d617ae178ce96cf96301cf5f90ee80404b345eda37ce
23e365815ff3482dc60a5578,pauli,ryy,,,0.0,0.0,33,8,gate_local_2tdvp,1,1e-13,2.220446049250313e-16,0.9999999999999998,1.0000000000000042,0.9999999999999997,4.551914400963142e-15,3.4170889047872146e-32,"[1, 2, 4, 8, 8, 8, 8, 8, 8, 8, 4, 2, 1]",8,936,0.0023870462711353033,True,False,False,724ef9179e6c47d81d15f4bed538ea5d7163eb8b,true,004ec68aadd3d3108195d617ae178ce96cf96301cf5f90ee80404b345eda37ce
b288d6a8cafa897e40f24057,pauli,ryy,,,0.0,0.0,33,8,mpo_zipup,1,1e-13,2.220446049250313e-16,0.9999999999999998,1.0000000000000004,0.9999999999999997,7.771561172376096e-16,1.558835962287375e-32,"[1, 2, 4, 8, 8, 8, 8, 8, 8, 8, 4, 2, 1]",8,936,0.002387046271135308,True,False,False,724ef9179e6c47d81d15f4bed538ea5d7163eb8b,true,004ec68aadd3d3108195d617ae178ce96cf96301cf5f90ee80404b345eda37ce
eea9279edc29ba3ad0d8b36d,pauli,ryy,,,0.0,0.0,33,8,tebd_swap,1,1e-13,0.05981319124312212,0.9401868087568779,0.9569745412375616,0.9999999999999997,-0.04302545876243802,0.08734251310311962,"[1, 2, 4, 8, 8, 8, 8, 8, 8, 8, 4, 2, 1]",8,936,0.0003518100583130581,True,True,True,724ef9179e6c47d81d15f4bed538ea5d7163eb8b,true,004ec68aadd3d3108195d617ae178ce96cf96301cf5f90ee80404b345eda37ce
ea632bb49f77a07bfc49bf83,pauli,ryy,,,0.0006283185307179586,0.0001,33,8,gate_local_2tdvp,1,1e-13,6.028840904281907e-08,0.999999939711591,0.9999999975333586,0.9999999999999997,-2.4666411135854105e-09,4.933289554902113e-09,"[1, 2, 4, 8, 8, 8, 8, 8, 8, 8, 4, 2, 1]",8,936,0.0006283185203825331,True,True,True,724ef9179e6c47d81d15f4bed538ea5d7163eb8b,true,004ec68aadd3d3108195d617ae178ce96cf96301cf5f90ee80404b345eda37ce
19642f86f13d01b15a2818be,pauli,ryy,,,0.0006283185307179586,0.0001,33,8,mpo_zipup,1,1e-13,6.028845023209328e-08,0.9999999397115498,0.9999999698557757,0.9999999999999997,-3.0144224005823617e-08,6.028845148806635e-08,"[1, 2, 4, 8, 8, 8, 8, 8, 8, 8, 4, 2, 1]",8,936,0.0006283185203825331,True,True,True,724ef9179e6c47d81d15f4bed538ea5d7163eb8b,true,004ec68aadd3d3108195d617ae178ce96cf96301cf5f90ee80404b345eda37ce
27eaf7b543d520a7f2b8222c,pauli,ryy,,,0.0006283185307179586,0.0001,33,8,tebd_swap,1,1e-13,0.05981523633236607,0.9401847636676339,0.9569751228587776,0.9999999999999997,-0.04302487714122205,0.08734130017464745,"[1, 2, 4, 8, 8, 8, 8, 8, 8, 8, 4, 2, 1]",8,936,0.00035028588029484135,True,True,True,724ef9179e6c47d81d15f4bed538ea5d7163eb8b,true,004ec68aadd3d3108195d617ae178ce96cf96301cf5f90ee80404b345eda37ce
28557ac2ff16b7379a66aeec,pauli,ryy,,,0.001986917653053424,0.000316227766,33,8,gate_local_2tdvp,1,1e-13,6.028972263649734e-07,0.9999993971027736,0.9999999753324539,0.9999999999999999,-2.4667546005829877e-08,4.933510440329202e-08,"[1, 2, 4, 8, 8, 8, 8, 8, 8, 8, 4, 2, 1]",8,936,0.001986917326218587,True,True,True,724ef9179e6c47d81d15f4bed538ea5d7163eb8b,true,004ec68aadd3d3108195d617ae178ce96cf96301cf5f90ee80404b345eda37ce
f367bf34bed54d687a1a4548,pauli,ryy,,,0.001986917653053424,0.000316227766,33,8,mpo_zipup,1,1e-13,6.029013784880632e-07,0.9999993970986215,0.9999996985492641,0.9999999999999999,-3.014507358178875e-07,6.029014964866091e-07,"[1, 2, 4, 8, 8, 8, 8, 8, 8, 8, 4, 2, 1]",8,936,0.001986917326218587,True,True,True,724ef9179e6c47d81d15f4bed538ea5d7163eb8b,true,004ec68aadd3d3108195d617ae178ce96cf96301cf5f90ee80404b345eda37ce
f040e47aceb08b240e9080e4,pauli,ryy,,,0.001986917653053424,0.000316227766,33,8,tebd_swap,1,1e-13,0.059819898573025165,0.9401801014269748,0.9569762121893254,0.9999999999999999,-0.04302378781067451,0.08733902814849578,"[1, 2, 4, 8, 8, 8, 8, 8, 8, 8, 4, 2, 1]",8,936,0.0003558143913471157,True,True,True,724ef9179e6c47d81d15f4bed538ea5d7163eb8b,true,004ec68aadd3d3108195d617ae178ce96cf96301cf5f90ee80404b345eda37ce
f70020724bb3240904e166e8,pauli,ryy,,,0.006283185307179587,0.001,33,8,gate_local_2tdvp,1,1e-13,6.029357203618524e-06,0.9999939706427964,0.9999997532886229,0.9999999999999993,-2.467113764392792e-07,4.934227990915992e-07,"[1, 2, 4, 8, 8, 8, 8, 8, 8, 8, 4, 2, 1]",8,936,0.002396307466900499,True,True,True,724ef9179e6c47d81d15f4bed538ea5d7163eb8b,true,004ec68aadd3d3108195d617ae178ce96cf96301cf5f90ee80404b345eda37ce
51a02c9b30c8eb74eb8837a5,pauli,ryy,,,0.006283185307179587,0.001,33,8,mpo_zipup,1,1e-13,6.029772577131887e-06,0.9999939702274229,0.9999969851091651,0.9999999999999993,-3.014890834207584e-06,6.029784356277911e-06,"[1, 2, 4, 8, 8, 8, 8, 8, 8, 8, 4, 2, 1]",8,936,0.002432051104852575,True,True,True,724ef9179e6c47d81d15f4bed538ea5d7163eb8b,true,004ec68aadd3d3108195d617ae178ce96cf96301cf5f90ee80404b345eda37ce
e428c2c254b574630116d32a,pauli,ryy,,,0.006283185307179587,0.001,33,8,tebd_swap,1,1e-13,0.059836742583480484,0.9401632574165195,0.9569781402818314,0.9999999999999993,-0.043021859718167965,0.08733500371332206,"[1, 2, 4, 8, 8, 8, 8, 8, 8, 8, 4, 2, 1]",8,936,0.00043992353231621774,True,True,True,724ef9179e6c47d81d15f4bed538ea5d7163eb8b,true,004ec68aadd3d3108195d617ae178ce96cf96301cf5f90ee80404b345eda37ce
839fccafbc187510bd71a611,pauli,ryy,,,0.019869176530534244,0.00316227766,33,8,gate_local_2tdvp,1,1e-13,6.030268829659846e-05,0.9999396973117034,1.0000000000000004,0.9999999999999996,8.881784197001252e-16,4.936688632565501e-06,"[1, 2, 4, 8, 8, 8, 8, 8, 8, 8, 4, 2, 1]",8,936,0.0024173085413835725,True,True,True,724ef9179e6c47d81d15f4bed538ea5d7163eb8b,true,004ec68aadd3d3108195d617ae178ce96cf96301cf5f90ee80404b345eda37ce
52038eb568acda775f82bf78,pauli,ryy,,,0.019869176530534244,0.00316227766,33,8,mpo_zipup,1,1e-13,6.034442583102706e-05,0.999939655574169,0.9999698273318913,0.9999999999999996,-3.0172668108230383e-05,6.034560527424198e-05,"[1, 2, 4, 8, 8, 8, 8, 8, 8, 8, 4, 2, 1]",8,936,0.002694919774641127,True,True,True,724ef9179e6c47d81d15f4bed538ea5d7163eb8b,true,004ec68aadd3d3108195d617ae178ce96cf96301cf5f90ee80404b345eda37ce
f7116a9e0c1ac36af8419603,pauli,ryy,,,0.019869176530534244,0.00316227766,33,8,tebd_swap,1,1e-13,0.059910712574198666,0.9400892874258013,0.9569691401349637,0.9999999999999996,-0.04303085986503585,0.08735374175257854,"[1, 2, 4, 8, 8, 8, 8, 8, 8, 8, 4, 2, 1]",8,936,0.0009146960859919476,True,True,True,724ef9179e6c47d81d15f4bed538ea5d7163eb8b,true,004ec68aadd3d3108195d617ae178ce96cf96301cf5f90ee80404b345eda37ce
25b08d3aaef49b43cfb9d2db,pauli,ryy,,,0.06283185307179587,0.01,33,8,gate_local_2tdvp,1,1e-13,0.0006030075970954174,0.9993969924029046,0.9999999999999998,0.9999999999999996,2.220446049250313e-16,4.946419840114869e-05,"[1, 2, 4, 8, 8, 8, 8, 8, 8, 8, 4, 2, 1]",8,936,0.002492114999297492,True,True,True,724ef9179e6c47d81d15f4bed538ea5d7163eb8b,true,004ec68aadd3d3108195d617ae178ce96cf96301cf5f90ee80404b345eda37ce
96ea649899287f3485d01763,pauli,ryy,,,0.06283185307179587,0.01,33,8,mpo_zipup,1,1e-13,0.000607445101480808,0.9993925548985192,0.9996962313115514,0.9999999999999996,-0.0003037686884481694,0.0006075648122257991,"[1, 2, 4, 8, 8, 8, 8, 8, 8, 8, 4, 2, 1]",8,936,0.00432843231541617,True,True,True,724ef9179e6c47d81d15f4bed538ea5d7163eb8b,true,004ec68aadd3d3108195d617ae178ce96cf96301cf5f90ee80404b345eda37ce
c4b61878a22aaf1769fc4aaf,pauli,ryy,,,0.06283185307179587,0.01,33,8,tebd_swap,1,1e-13,0.060389479362825016,0.939610520637175,0.9567927275413947,0.9999999999999996,-0.043207272458604895,0.08772144724493021,"[1, 2, 4, 8, 8, 8, 8, 8, 8, 8, 4, 2, 1]",8,936,0.0023265090476335833,True,True,True,724ef9179e6c47d81d15f4bed538ea5d7163eb8b,true,004ec68aadd3d3108195d617ae178ce96cf96301cf5f90ee80404b345eda37ce
e55266de300c918dffce1b45,pauli,ryy,,,0.6283185307179586,0.1,33,8,gate_local_2tdvp,1,1e-13,0.05412269991122687,0.9458773000887731,1.0000000000000007,0.9999999999999997,9.992007221626409e-16,0.005305520707311619,"[1, 2, 4, 8, 8, 8, 8, 8, 8, 8, 4, 2, 1]",8,936,0.004131569320703868,True,True,True,724ef9179e6c47d81d15f4bed538ea5d7163eb8b,true,004ec68aadd3d3108195d617ae178ce96cf96301cf5f90ee80404b345eda37ce
745914c1e7e1475377ff4386,pauli,ryy,,,0.6283185307179586,0.1,33,8,mpo_zipup,1,1e-13,0.039606312039721536,0.9603936879602785,0.9799967795662787,0.9999999999999997,-0.020003220433720936,0.0402275662397684,"[1, 2, 4, 8, 8, 8, 8, 8, 8, 8, 4, 2, 1]",8,936,0.02162731187014709,True,True,True,724ef9179e6c47d81d15f4bed538ea5d7163eb8b,true,004ec68aadd3d3108195d617ae178ce96cf96301cf5f90ee80404b345eda37ce
683180f0df7482dedabaf7b9,pauli,ryy,,,0.6283185307179586,0.1,33,8,tebd_swap,1,1e-13,0.07950884009671066,0.9204911599032893,0.9475684777894393,0.9999999999999997,-0.052431522210560355,0.10699104520951982,"[1, 2, 4, 8, 8, 8, 8, 8, 8, 8, 4, 2, 1]",8,936,0.011516327277806195,True,True,True,724ef9179e6c47d81d15f4bed538ea5d7163eb8b,true,004ec68aadd3d3108195d617ae178ce96cf96301cf5f90ee80404b345eda37ce
f048216260b0d3a08a9f9825,pauli,ryy,,,1.5707963267948966,0.25,33,8,gate_local_2tdvp,1,1e-13,0.14780410283106338,0.8521958971689366,1.0,0.9999999999999998,2.220446049250313e-16,0.029774633652766634,"[1, 2, 4, 8, 8, 8, 8, 8, 8, 8, 4, 2, 1]",8,936,0.006953636577832808,True,True,True,724ef9179e6c47d81d15f4bed538ea5d7163eb8b,true,004ec68aadd3d3108195d617ae178ce96cf96301cf5f90ee80404b345eda37ce
2b80fc6d5d3d0239687aebc9,pauli,ryy,,,1.5707963267948966,0.25,33,8,mpo_zipup,1,1e-13,0.08327731396043891,0.9167226860395611,0.9574563624727567,0.9999999999999998,-0.042543637527243106,0.08611516837023654,"[1, 2, 4, 8, 8, 8, 8, 8, 8, 8, 4, 2, 1]",8,936,0.0317784261403975,True,True,True,724ef9179e6c47d81d15f4bed538ea5d7163eb8b,true,004ec68aadd3d3108195d617ae178ce96cf96301cf5f90ee80404b345eda37ce
b06b7681805604a3237a90c4,pauli,ryy,,,1.5707963267948966,0.25,33,8,tebd_swap,1,1e-13,0.10237640184921037,0.8976235981507896,0.9393366062339257,0.9999999999999998,-0.0606633937660741,0.1242708650651824,"[1, 2, 4, 8, 8, 8, 8, 8, 8, 8, 4, 2, 1]",8,936,0.011516327277806195,True,True,True,724ef9179e6c47d81d15f4bed538ea5d7163eb8b,true,004ec68aadd3d3108195d617ae178ce96cf96301cf5f90ee80404b345eda37ce
097bafbd823539adf1804dcb,pauli,ryy,,,0.0,0.0,33,16,gate_local_2tdvp,1,1e-13,2.220446049250313e-16,0.9999999999999998,1.0000000000000042,0.9999999999999997,4.551914400963142e-15,3.4170889047872146e-32,"[1, 2, 4, 8, 8, 8, 8, 8, 8, 8, 4, 2, 1]",8,936,0.0023870462711353033,False,False,False,724ef9179e6c47d81d15f4bed538ea5d7163eb8b,true,004ec68aadd3d3108195d617ae178ce96cf96301cf5f90ee80404b345eda37ce
4b2c41280c93cd1ef4bc678d,pauli,ryy,,,0.0,0.0,33,16,mpo_zipup,1,1e-13,2.220446049250313e-16,0.9999999999999998,1.0000000000000004,0.9999999999999997,7.771561172376096e-16,1.558835962287375e-32,"[1, 2, 4, 8, 8, 8, 8, 8, 8, 8, 4, 2, 1]",8,936,0.002387046271135308,False,False,False,724ef9179e6c47d81d15f4bed538ea5d7163eb8b,true,004ec68aadd3d3108195d617ae178ce96cf96301cf5f90ee80404b345eda37ce
86d30d2226c31e2afbd71670,pauli,ryy,,,0.0,0.0,33,16,tebd_swap,1,1e-13,0.0,1.0,1.000000000000001,0.9999999999999997,1.4432899320127035e-15,6.11707162208899e-30,"[1, 2, 4, 8, 8, 8, 8, 8, 8, 8, 4, 2, 1]",8,936,0.0009459744045201212,False,True,False,724ef9179e6c47d81d15f4bed538ea5d7163eb8b,true,004ec68aadd3d3108195d617ae178ce96cf96301cf5f90ee80404b345eda37ce
1567bf0310d83c32737c94b5,pauli,ryy,,,0.0006283185307179586,0.0001,33,16,gate_local_2tdvp,1,1e-13,9.18158882257103e-11,0.9999999999081841,0.999999999999995,0.9999999999999997,-4.6629367034256575e-15,1.0703008523613864e-14,"[1, 2, 4, 8, 16, 16, 16, 16, 16, 8, 4, 2, 1]",16,2728,3.4956697626518644e-07,True,True,False,724ef9179e6c47d81d15f4bed538ea5d7163eb8b,true,004ec68aadd3d3108195d617ae178ce96cf96301cf5f90ee80404b345eda37ce
4e9cf11a5d3196eaa932db3b,pauli,ryy,,,0.0006283185307179586,0.0001,33,16,mpo_zipup,1,1e-13,4.440892098500626e-16,0.9999999999999996,1.0000000000000027,0.9999999999999997,2.9976021664879227e-15,1.5521941279809616e-31,"[1, 2, 4, 8, 16, 16, 16, 16, 16, 8, 4, 2, 1]",16,2728,6.797293229450402e-07,True,False,False,724ef9179e6c47d81d15f4bed538ea5d7163eb8b,true,004ec68aadd3d3108195d617ae178ce96cf96301cf5f90ee80404b345eda37ce
99668cec70cb91394ce3fd6b,pauli,ryy,,,0.0006283185307179586,0.0001,33,16,tebd_swap,1,1e-13,0.0,1.0,1.0000000000000007,0.9999999999999997,9.992007221626409e-16,3.329383064314559e-30,"[1, 2, 4, 8, 16, 16, 16, 16, 16, 8, 4, 2, 1]",16,2728,6.797293229467915e-07,True,True,False,724ef9179e6c47d81d15f4bed538ea5d7163eb8b,true,004ec68aadd3d3108195d617ae178ce96cf96301cf5f90ee80404b345eda37ce
ad310b6b13ca803db57d0262,pauli,ryy,,,0.001986917653053424,0.000316227766,33,16,gate_local_2tdvp,1,1e-13,9.181256865886667e-10,0.9999999990818743,0.9999999999999533,0.9999999999999999,-4.6629367034256575e-14,1.0702986559477378e-13,"[1, 2, 4, 8, 16, 16, 16, 16, 16, 8, 4, 2, 1]",16,2728,1.1054128249311604e-06,True,True,False,724ef9179e6c47d81d15f4bed538ea5d7163eb8b,true,004ec68aadd3d3108195d617ae178ce96cf96301cf5f90ee80404b345eda37ce
e2c796adbb8a8fa032a34005,pauli,ryy,,,0.001986917653053424,0.000316227766,33,16,mpo_zipup,1,1e-13,0.0,1.0,1.0000000000000013,0.9999999999999999,1.4432899320127035e-15,1.56996651145287e-31,"[1, 2, 4, 8, 16, 16, 16, 16, 16, 8, 4, 2, 1]",16,2728,2.149491625840414e-06,True,False,False,724ef9179e6c47d81d15f4bed538ea5d7163eb8b,true,004ec68aadd3d3108195d617ae178ce96cf96301cf5f90ee80404b345eda37ce
b7047de227885be4161c7c23,pauli,ryy,,,0.001986917653053424,0.000316227766,33,16,tebd_swap,1,1e-13,0.0,1.0,0.9999999999999999,0.9999999999999999,0.0,3.0650640569659063e-30,"[1, 2, 4, 8, 16, 16, 16, 16, 16, 8, 4, 2, 1]",16,2728,2.149491625837128e-06,True,True,False,724ef9179e6c47d81d15f4bed538ea5d7163eb8b,true,004ec68aadd3d3108195d617ae178ce96cf96301cf5f90ee80404b345eda37ce
8537d6bb05bb824026432fbd,pauli,ryy,,,0.006283185307179587,0.001,33,16,gate_local_2tdvp,1,1e-13,5.301337147045615e-11,0.9999999999469866,0.9999999999999889,0.9999999999999993,-1.0436096431476471e-14,2.9039780177569015e-14,"[1, 2, 4, 8, 16, 16, 16, 16, 16, 8, 4, 2, 1]",16,2728,3.3814073228606245e-07,True,True,False,724ef9179e6c47d81d15f4bed538ea5d7163eb8b,true,004ec68aadd3d3108195d617ae178ce96cf96301cf5f90ee80404b345eda37ce
e5ca994dd4ffde486fd71008,pauli,ryy,,,0.006283185307179587,0.001,33,16,mpo_zipup,1,1e-13,0.0,1.0,1.0000000000000016,0.9999999999999993,2.220446049250313e-15,1.491224633824765e-31,"[1, 2, 4, 8, 16, 16, 16, 16, 16, 8, 4, 2, 1]",16,2728,6.797249669099229e-06,True,False,False,724ef9179e6c47d81d15f4bed538ea5d7163eb8b,true,004ec68aadd3d3108195d617ae178ce96cf96301cf5f90ee80404b345eda37ce
bb24862a1a182fb85a543791,pauli,ryy,,,0.006283185307179587,0.001,33,16,tebd_swap,1,1e-13,1.1102230246251565e-16,0.9999999999999999,1.0000000000000004,0.9999999999999993,1.1102230246251565e-15,3.0959896875590933e-30,"[1, 2, 4, 8, 16, 16, 16, 16, 16, 8, 4, 2, 1]",16,2728,6.797249669102763e-06,True,True,False,724ef9179e6c47d81d15f4bed538ea5d7163eb8b,true,004ec68aadd3d3108195d617ae178ce96cf96301cf5f90ee80404b345eda37ce
6eb0e0a0b0a6dcf8c612c302,pauli,ryy,,,0.019869176530534244,0.00316227766,33,16,gate_local_2tdvp,1,1e-13,0.0,1.0,1.0000000000000027,0.9999999999999996,3.1086244689504383e-15,1.7326668843458877e-31,"[1, 2, 4, 8, 16, 16, 16, 16, 16, 8, 4, 2, 1]",16,2728,5.389477006000634e-07,True,False,False,724ef9179e6c47d81d15f4bed538ea5d7163eb8b,true,004ec68aadd3d3108195d617ae178ce96cf96301cf5f90ee80404b345eda37ce
e849ef6fcb833c3ff921a32b,pauli,ryy,,,0.019869176530534244,0.00316227766,33,16,mpo_zipup,1,1e-13,0.0,1.0,1.0000000000000029,0.9999999999999996,3.3306690738754696e-15,1.55368729174795e-31,"[1, 2, 4, 8, 16, 16, 16, 16, 16, 8, 4, 2, 1]",16,2728,2.149352719090292e-05,True,False,False,724ef9179e6c47d81d15f4bed538ea5d7163eb8b,true,004ec68aadd3d3108195d617ae178ce96cf96301cf5f90ee80404b345eda37ce
981891bb0e1a890b099f88a7,pauli,ryy,,,0.019869176530534244,0.00316227766,33,16,tebd_swap,1,1e-13,3.3306690738754696e-16,0.9999999999999997,1.0,0.9999999999999996,4.440892098500626e-16,3.220624097715914e-30,"[1, 2, 4, 8, 16, 16, 16, 16, 16, 8, 4, 2, 1]",16,2728,2.1493527190902155e-05,True,True,False,724ef9179e6c47d81d15f4bed538ea5d7163eb8b,true,004ec68aadd3d3108195d617ae178ce96cf96301cf5f90ee80404b345eda37ce
8c0bfa3507643b565c4e6793,pauli,ryy,,,0.06283185307179587,0.01,33,16,gate_local_2tdvp,1,1e-13,0.0,1.0,1.0000000000000029,0.9999999999999996,3.3306690738754696e-15,1.682792316928202e-31,"[1, 2, 4, 8, 16, 16, 16, 16, 16, 8, 4, 2, 1]",16,2728,1.7049141664833351e-06,True,False,False,724ef9179e6c47d81d15f4bed538ea5d7163eb8b,true,004ec68aadd3d3108195d617ae178ce96cf96301cf5f90ee80404b345eda37ce
860924174db73370b8ab5a89,pauli,ryy,,,0.06283185307179587,0.01,33,16,mpo_zipup,1,1e-13,0.0,1.0,1.0000000000000007,0.9999999999999996,1.1102230246251565e-15,1.5058745563199084e-31,"[1, 2, 4, 8, 16, 16, 16, 16, 16, 8, 4, 2, 1]",16,2728,6.79284621003171e-05,True,False,False,724ef9179e6c47d81d15f4bed538ea5d7163eb8b,true,004ec68aadd3d3108195d617ae178ce96cf96301cf5f90ee80404b345eda37ce
8f2756b3208e5216cd767d4e,pauli,ryy,,,0.06283185307179587,0.01,33,16,tebd_swap,1,1e-13,0.0,1.0,1.0000000000000013,0.9999999999999996,1.7763568394002505e-15,3.2772521104410085e-30,"[1, 2, 4, 8, 16, 16, 16, 16, 16, 8, 4, 2, 1]",16,2728,6.792846210031261e-05,True,True,False,724ef9179e6c47d81d15f4bed538ea5d7163eb8b,true,004ec68aadd3d3108195d617ae178ce96cf96301cf5f90ee80404b345eda37ce
86613a20e2fa59e143cc6822,pauli,ryy,,,0.6283185307179586,0.1,33,16,gate_local_2tdvp,1,1e-13,3.3306690738754696e-16,0.9999999999999997,0.999999999999998,0.9999999999999997,-1.6653345369377348e-15,1.6312607685248148e-31,"[1, 2, 4, 8, 16, 16, 16, 16, 16, 8, 4, 2, 1]",16,2728,1.7118038716182967e-05,True,False,False,724ef9179e6c47d81d15f4bed538ea5d7163eb8b,true,004ec68aadd3d3108195d617ae178ce96cf96301cf5f90ee80404b345eda37ce
06abfeac75ea178e2d0bad21,pauli,ryy,,,0.6283185307179586,0.1,33,16,mpo_zipup,1,1e-13,0.0,1.0,1.0000000000000018,0.9999999999999997,2.1094237467877974e-15,1.4961451734248143e-31,"[1, 2, 4, 8, 16, 16, 16, 16, 16, 8, 4, 2, 1]",16,2728,0.0006360332995123329,True,False,False,724ef9179e6c47d81d15f4bed538ea5d7163eb8b,true,004ec68aadd3d3108195d617ae178ce96cf96301cf5f90ee80404b345eda37ce
bbf7f6ad61f33f357858dc24,pauli,ryy,,,0.6283185307179586,0.1,33,16,tebd_swap,1,1e-13,4.440892098500626e-16,0.9999999999999996,0.9999999999999982,0.9999999999999997,-1.4432899320127035e-15,3.226123474265155e-30,"[1, 2, 4, 8, 16, 16, 16, 16, 16, 8, 4, 2, 1]",16,2728,0.0006360332995123271,True,True,False,724ef9179e6c47d81d15f4bed538ea5d7163eb8b,true,004ec68aadd3d3108195d617ae178ce96cf96301cf5f90ee80404b345eda37ce
ef617036fa1f6521fb6421ab,pauli,ryy,,,1.5707963267948966,0.25,33,16,gate_local_2tdvp,1,1e-13,0.0,1.0,0.9999999999999939,0.9999999999999998,-5.88418203051333e-15,1.4565560052308992e-31,"[1, 2, 4, 8, 16, 16, 16, 16, 16, 8, 4, 2, 1]",16,2728,4.2955284912987284e-05,True,False,False,724ef9179e6c47d81d15f4bed538ea5d7163eb8b,true,004ec68aadd3d3108195d617ae178ce96cf96301cf5f90ee80404b345eda37ce
335812b2e00dbfe6b26652a9,pauli,ryy,,,1.5707963267948966,0.25,33,16,mpo_zipup,1,1e-13,4.440892098500626e-16,0.9999999999999996,1.0000000000000018,0.9999999999999998,1.9984014443252818e-15,1.1241717375218655e-31,"[1, 2, 4, 8, 16, 16, 16, 16, 16, 8, 4, 2, 1]",16,2728,0.0010825604177842525,True,False,False,724ef9179e6c47d81d15f4bed538ea5d7163eb8b,true,004ec68aadd3d3108195d617ae178ce96cf96301cf5f90ee80404b345eda37ce
0559d15c16e372e065ff22f8,pauli,ryy,,,1.5707963267948966,0.25,33,16,tebd_swap,1,1e-13,4.440892098500626e-16,0.9999999999999996,1.0000000000000018,0.9999999999999998,1.9984014443252818e-15,3.239693481514325e-30,"[1, 2, 4, 8, 16, 16, 16, 16, 16, 8, 4, 2, 1]",16,2728,0.0009459744045201212,True,True,False,724ef9179e6c47d81d15f4bed538ea5d7163eb8b,true,004ec68aadd3d3108195d617ae178ce96cf96301cf5f90ee80404b345eda37ce
8eceed66e1195097a687c800,pauli,rzz,,,0.0,0.0,11,8,gate_local_2tdvp,1,1e-13,0.0,1.0,0.9999999999999997,0.9999999999999993,3.3306690738754696e-16,1.514101646660061e-32,"[1, 2, 4, 8, 8, 8, 8, 8, 8, 8, 4, 2, 1]",8,936,0.0014152132570470254,True,False,False,724ef9179e6c47d81d15f4bed538ea5d7163eb8b,true,004ec68aadd3d3108195d617ae178ce96cf96301cf5f90ee80404b345eda37ce
732f47054664d65048fb1f2c,pauli,rzz,,,0.0,0.0,11,8,mpo_zipup,1,1e-13,0.0,1.0,0.9999999999999999,0.9999999999999993,5.551115123125783e-16,6.300181768593453e-33,"[1, 2, 4, 8, 8, 8, 8, 8, 8, 8, 4, 2, 1]",8,936,0.001415213257047054,True,False,False,724ef9179e6c47d81d15f4bed538ea5d7163eb8b,true,004ec68aadd3d3108195d617ae178ce96cf96301cf5f90ee80404b345eda37ce
bd199c3e6e4ba555f475cc69,pauli,rzz,,,0.0,0.0,11,8,tebd_swap,1,1e-13,0.01647655250273572,0.9835234474972643,0.9892293514563893,0.9999999999999993,-0.010770648543609984,0.021615480243871995,"[1, 2, 4, 8, 8, 8, 8, 8, 8, 8, 4, 2, 1]",8,936,0.00030578513385968553,True,True,True,724ef9179e6c47d81d15f4bed538ea5d7163eb8b,true,004ec68aadd3d3108195d617ae178ce96cf96301cf5f90ee80404b345eda37ce
cc62267bee02ff5253015d33,pauli,rzz,,,0.0006283185307179586,0.0001,11,8,gate_local_2tdvp,1,1e-13,6.998623947040983e-08,0.9999999300137605,0.9999999994902568,0.9999999999999997,-5.09742914545086e-10,1.019494573152775e-09,"[1, 2, 4, 8, 8, 8, 8, 8, 8, 8, 4, 2, 1]",8,936,0.0006283185203825331,True,True,True,724ef9179e6c47d81d15f4bed538ea5d7163eb8b,true,004ec68aadd3d3108195d617ae178ce96cf96301cf5f90ee80404b345eda37ce
7775b3f7fefcd7a37bf4d2dd,pauli,rzz,,,0.0006283185307179586,0.0001,11,8,mpo_zipup,1,1e-13,6.998779222833207e-08,0.9999999300122078,0.9999999650061067,0.9999999999999997,-3.4993893005541565e-08,6.998779397509947e-08,"[1, 2, 4, 8, 8, 8, 8, 8, 8, 8, 4, 2, 1]",8,936,0.0006283185203825331,True,True,True,724ef9179e6c47d81d15f4bed538ea5d7163eb8b,true,004ec68aadd3d3108195d617ae178ce96cf96301cf5f90ee80404b345eda37ce
7f137c0748ffbf292e57846e,pauli,rzz,,,0.0006283185307179586,0.0001,11,8,tebd_swap,1,1e-13,0.016476716684997283,0.9835232833150027,0.9892293943303123,0.9999999999999997,-0.01077060566968735,0.02161539353602844,"[1, 2, 4, 8, 8, 8, 8, 8, 8, 8, 4, 2, 1]",8,936,0.00030956087021903145,True,True,True,724ef9179e6c47d81d15f4bed538ea5d7163eb8b,true,004ec68aadd3d3108195d617ae178ce96cf96301cf5f90ee80404b345eda37ce
17a16cd0d95ebc40159c22d9,pauli,rzz,,,0.001986917653053424,0.000316227766,11,8,gate_local_2tdvp,1,1e-13,6.998678987457652e-07,0.9999993001321013,0.9999999949043339,0.9999999999999996,-5.095665667198546e-09,1.0191326544165816e-08,"[1, 2, 4, 8, 8, 8, 8, 8, 8, 8, 4, 2, 1]",8,936,0.0014100768065933007,True,True,True,724ef9179e6c47d81d15f4bed538ea5d7163eb8b,true,004ec68aadd3d3108195d617ae178ce96cf96301cf5f90ee80404b345eda37ce
fa1bd2baf33594bf6fee4dac,pauli,rzz,,,0.001986917653053424,0.000316227766,11,8,mpo_zipup,1,1e-13,7.000238774201861e-07,0.9999992999761226,0.9999996499879978,0.9999999999999996,-3.500120017152497e-07,7.000239911288328e-07,"[1, 2, 4, 8, 8, 8, 8, 8, 8, 8, 4, 2, 1]",8,936,0.0014100716548027454,True,True,True,724ef9179e6c47d81d15f4bed538ea5d7163eb8b,true,004ec68aadd3d3108195d617ae178ce96cf96301cf5f90ee80404b345eda37ce
0dc0852411d6f5c2b8745a85,pauli,rzz,,,0.001986917653053424,0.000316227766,11,8,tebd_swap,1,1e-13,0.016477542354797703,0.9835224576452023,0.9892292575204931,0.9999999999999996,-0.01077074247950649,0.021615670000419675,"[1, 2, 4, 8, 8, 8, 8, 8, 8, 8, 4, 2, 1]",8,936,0.00038121523070867337,True,True,True,724ef9179e6c47d81d15f4bed538ea5d7163eb8b,true,004ec68aadd3d3108195d617ae178ce96cf96301cf5f90ee80404b345eda37ce
7233b0367b9561d90a8ecc65,pauli,rzz,,,0.006283185307179587,0.001,11,8,gate_local_2tdvp,1,1e-13,6.998830505033915e-06,0.999993001169495,0.9999999490984279,0.9999999999999994,-5.090157151332875e-08,1.0180314507444279e-07,"[1, 2, 4, 8, 8, 8, 8, 8, 8, 8, 4, 2, 1]",8,936,0.0013997952503771764,True,True,True,724ef9179e6c47d81d15f4bed538ea5d7163eb8b,true,004ec68aadd3d3108195d617ae178ce96cf96301cf5f90ee80404b345eda37ce
d093984c375439c7b8fcc940,pauli,rzz,,,0.006283185307179587,0.001,11,8,mpo_zipup,1,1e-13,7.014954234052517e-06,0.999992985045766,0.9999964925167326,0.9999999999999994,-3.507483266829148e-06,7.014965774327255e-06,"[1, 2, 4, 8, 8, 8, 8, 8, 8, 8, 4, 2, 1]",8,936,0.0013997440458506105,True,True,True,724ef9179e6c47d81d15f4bed538ea5d7163eb8b,true,004ec68aadd3d3108195d617ae178ce96cf96301cf5f90ee80404b345eda37ce
1062dbdd45e5520faca35747,pauli,rzz,,,0.006283185307179587,0.001,11,8,tebd_swap,1,1e-13,0.01648441235963205,0.983515587640368,0.9892267537345617,0.9999999999999994,-0.010773246265437741,0.02162073096454963,"[1, 2, 4, 8, 8, 8, 8, 8, 8, 8, 4, 2, 1]",8,936,0.00081250749362084,True,True,True,724ef9179e6c47d81d15f4bed538ea5d7163eb8b,true,004ec68aadd3d3108195d617ae178ce96cf96301cf5f90ee80404b345eda37ce
3c68dbc255bca7d0e1907361,pauli,rzz,,,0.019869176530534244,0.00316227766,11,8,gate_local_2tdvp,1,1e-13,6.999083679404272e-05,0.999930009163206,1.0,0.9999999999999996,4.440892098500626e-16,1.0149817690273624e-06,"[1, 2, 4, 8, 8, 8, 8, 8, 8, 8, 4, 2, 1]",8,936,0.0013747146912845563,True,True,True,724ef9179e6c47d81d15f4bed538ea5d7163eb8b,true,004ec68aadd3d3108195d617ae178ce96cf96301cf5f90ee80404b345eda37ce
6c71435cca5cbdb7b94b3d92,pauli,rzz,,,0.019869176530534244,0.00316227766,11,8,mpo_zipup,1,1e-13,7.21644098287122e-05,0.9999278355901713,0.9999639171440985,0.9999999999999996,-3.608285590106508e-05,7.216573379658881e-05,"[1, 2, 4, 8, 8, 8, 8, 8, 8, 8, 4, 2, 1]",8,936,0.0013742180664890842,True,True,True,724ef9179e6c47d81d15f4bed538ea5d7163eb8b,true,004ec68aadd3d3108195d617ae178ce96cf96301cf5f90ee80404b345eda37ce
c56d2a890c805c38272b150d,pauli,rzz,,,0.019869176530534244,0.00316227766,11,8,tebd_swap,1,1e-13,0.016549238869869032,0.983450761130131,0.9891979266398648,0.9999999999999996,-0.010802073360134723,0.0216790017716989,"[1, 2, 4, 8, 8, 8, 8, 8, 8, 8, 4, 2, 1]",8,936,0.002140575868083183,True,True,True,724ef9179e6c47d81d15f4bed538ea5d7163eb8b,true,004ec68aadd3d3108195d617ae178ce96cf96301cf5f90ee80404b345eda37ce
a7318c946e50f66f29af4b54,pauli,rzz,,,0.06283185307179587,0.01,11,8,gate_local_2tdvp,1,1e-13,0.000699762636761192,0.9993002373632388,1.0,0.9999999999999996,4.440892098500626e-16,1.0096801814961689e-05,"[1, 2, 4, 8, 8, 8, 8, 8, 8, 8, 4, 2, 1]",8,936,0.0013605863259148233,True,True,True,724ef9179e6c47d81d15f4bed538ea5d7163eb8b,true,004ec68aadd3d3108195d617ae178ce96cf96301cf5f90ee80404b345eda37ce
baefd6be73cc9b7f2e560b7b,pauli,rzz,,,0.06283185307179587,0.01,11,8,mpo_zipup,1,1e-13,0.0007891502013962493,0.9992108497986038,0.9996053470238178,0.9999999999999996,-0.0003946529761817974,0.0007893467572979064,"[1, 2, 4, 8, 8, 8, 8, 8, 8, 8, 4, 2, 1]",8,936,0.0013712011902974385,True,True,True,724ef9179e6c47d81d15f4bed538ea5d7163eb8b,true,004ec68aadd3d3108195d617ae178ce96cf96301cf5f90ee80404b345eda37ce
bb97fd5d803efe9b7dc113e2,pauli,rzz,,,0.06283185307179587,0.01,11,8,tebd_swap,1,1e-13,0.01715003942418558,0.9828499605758144,0.9888695453455829,0.9999999999999996,-0.011130454654416644,0.022342773441409385,"[1, 2, 4, 8, 8, 8, 8, 8, 8, 8, 4, 2, 1]",8,936,0.00406076177093858,True,True,True,724ef9179e6c47d81d15f4bed538ea5d7163eb8b,true,004ec68aadd3d3108195d617ae178ce96cf96301cf5f90ee80404b345eda37ce
5a573fb4a3974a8c549a222b,pauli,rzz,,,0.6283185307179586,0.1,11,8,gate_local_2tdvp,1,1e-13,0.06073310406506538,0.9392668959349346,0.9999999999999999,0.9999999999999994,4.440892098500626e-16,0.002214071276320515,"[1, 2, 4, 8, 8, 8, 8, 8, 8, 8, 4, 2, 1]",8,936,0.002415356869680806,True,True,True,724ef9179e6c47d81d15f4bed538ea5d7163eb8b,true,004ec68aadd3d3108195d617ae178ce96cf96301cf5f90ee80404b345eda37ce
6b50eece7b5c91760d524585,pauli,rzz,,,0.6283185307179586,0.1,11,8,mpo_zipup,1,1e-13,0.02998189210842095,0.970018107891579,0.9848949730258422,0.9999999999999994,-0.015105026974157276,0.030325638765408353,"[1, 2, 4, 8, 8, 8, 8, 8, 8, 8, 4, 2, 1]",8,936,0.016007451497115837,True,True,True,724ef9179e6c47d81d15f4bed538ea5d7163eb8b,true,004ec68aadd3d3108195d617ae178ce96cf96301cf5f90ee80404b345eda37ce
74a6dfcebbc23bba74f4902a,pauli,rzz,,,0.6283185307179586,0.1,11,8,tebd_swap,1,1e-13,0.03635610571371051,0.9636438942862895,0.9778306386485476,0.9999999999999994,-0.022169361351451866,0.044718520562785385,"[1, 2, 4, 8, 8, 8, 8, 8, 8, 8, 4, 2, 1]",8,936,0.00406076177093858,True,True,True,724ef9179e6c47d81d15f4bed538ea5d7163eb8b,true,004ec68aadd3d3108195d617ae178ce96cf96301cf5f90ee80404b345eda37ce
f21c59954723211872d15bd9,pauli,rzz,,,1.5707963267948966,0.25,11,8,gate_local_2tdvp,1,1e-13,0.18051761144062328,0.8194823885593767,1.0,0.9999999999999996,4.440892098500626e-16,0.010143246112186902,"[1, 2, 4, 8, 8, 8, 8, 8, 8, 8, 4, 2, 1]",8,936,0.004115561085513482,True,True,True,724ef9179e6c47d81d15f4bed538ea5d7163eb8b,true,004ec68aadd3d3108195d617ae178ce96cf96301cf5f90ee80404b345eda37ce
83c51ef78a93de583d5a6efe,pauli,rzz,,,1.5707963267948966,0.25,11,8,mpo_zipup,1,1e-13,0.05281537454231433,0.9471846254576857,0.9732341061932034,0.9999999999999996,-0.02676589380679617,0.05390589637039555,"[1, 2, 4, 8, 8, 8, 8, 8, 8, 8, 4, 2, 1]",8,936,0.01841997526836946,True,True,True,724ef9179e6c47d81d15f4bed538ea5d7163eb8b,true,004ec68aadd3d3108195d617ae178ce96cf96301cf5f90ee80404b345eda37ce
641dcd6352cb32092263b37f,pauli,rzz,,,1.5707963267948966,0.25,11,8,tebd_swap,1,1e-13,0.05739883760111897,0.942601162398881,0.96720493583113,0.9999999999999996,-0.03279506416886957,0.06637831121274347,"[1, 2, 4, 8, 8, 8, 8, 8, 8, 8, 4, 2, 1]",8,936,0.00406076177093858,True,True,True,724ef9179e6c47d81d15f4bed538ea5d7163eb8b,true,004ec68aadd3d3108195d617ae178ce96cf96301cf5f90ee80404b345eda37ce
5b4db84527a9d2c097a3df5f,pauli,rzz,,,0.0,0.0,11,16,gate_local_2tdvp,1,1e-13,0.0,1.0,0.9999999999999997,0.9999999999999993,3.3306690738754696e-16,1.514101646660061e-32,"[1, 2, 4, 8, 8, 8, 8, 8, 8, 8, 4, 2, 1]",8,936,0.0014152132570470254,False,False,False,724ef9179e6c47d81d15f4bed538ea5d7163eb8b,true,004ec68aadd3d3108195d617ae178ce96cf96301cf5f90ee80404b345eda37ce
8d4a646434d3252189fa7b32,pauli,rzz,,,0.0,0.0,11,16,mpo_zipup,1,1e-13,0.0,1.0,0.9999999999999999,0.9999999999999993,5.551115123125783e-16,6.300181768593453e-33,"[1, 2, 4, 8, 8, 8, 8, 8, 8, 8, 4, 2, 1]",8,936,0.001415213257047054,False,False,False,724ef9179e6c47d81d15f4bed538ea5d7163eb8b,true,004ec68aadd3d3108195d617ae178ce96cf96301cf5f90ee80404b345eda37ce
f4c019cca502f5b042df6ff8,pauli,rzz,,,0.0,0.0,11,16,tebd_swap,1,1e-13,0.0,1.0,1.0000000000000016,0.9999999999999993,2.220446049250313e-15,1.3837485184963834e-30,"[1, 2, 4, 8, 8, 8, 8, 8, 8, 8, 4, 2, 1]",8,936,0.00015502728930315342,False,False,False,724ef9179e6c47d81d15f4bed538ea5d7163eb8b,true,004ec68aadd3d3108195d617ae178ce96cf96301cf5f90ee80404b345eda37ce
fa02b9bbf2c78db443029d75,pauli,rzz,,,0.0006283185307179586,0.0001,11,16,gate_local_2tdvp,1,1e-13,2.2628021678627874e-10,0.9999999997737198,0.99999999999994,0.9999999999999997,-5.96189764223709e-14,1.221030035819878e-13,"[1, 2, 4, 8, 16, 16, 16, 16, 16, 8, 4, 2, 1]",16,2728,3.634203824490155e-07,True,True,False,724ef9179e6c47d81d15f4bed538ea5d7163eb8b,true,004ec68aadd3d3108195d617ae178ce96cf96301cf5f90ee80404b345eda37ce
c6671b101cca361a24d622d8,pauli,rzz,,,0.0006283185307179586,0.0001,11,16,mpo_zipup,1,1e-13,0.0,1.0,0.9999999999999991,0.9999999999999997,-5.551115123125783e-16,1.8486363906891849e-31,"[1, 2, 4, 8, 16, 16, 16, 16, 16, 8, 4, 2, 1]",16,2728,8.448542011392723e-07,True,False,False,724ef9179e6c47d81d15f4bed538ea5d7163eb8b,true,004ec68aadd3d3108195d617ae178ce96cf96301cf5f90ee80404b345eda37ce
d5d367d56289e01e53e3259b,pauli,rzz,,,0.0006283185307179586,0.0001,11,16,tebd_swap,1,1e-13,0.0,1.0,1.0000000000000009,0.9999999999999997,1.2212453270876722e-15,6.308536649512006e-31,"[1, 2, 4, 8, 16, 16, 16, 16, 16, 8, 4, 2, 1]",16,2728,8.448542011459852e-07,True,False,False,724ef9179e6c47d81d15f4bed538ea5d7163eb8b,true,004ec68aadd3d3108195d617ae178ce96cf96301cf5f90ee80404b345eda37ce
2d27e9fdf27ebbc97f00a1b2,pauli,rzz,,,0.001986917653053424,0.000316227766,11,16,gate_local_2tdvp,1,1e-13,5.186251428312971e-11,0.9999999999481375,1.0000000000000016,0.9999999999999996,1.9984014443252818e-15,3.890940777900797e-16,"[1, 2, 4, 8, 16, 16, 16, 16, 16, 8, 4, 2, 1]",16,2728,3.4363680597242403e-07,True,True,False,724ef9179e6c47d81d15f4bed538ea5d7163eb8b,true,004ec68aadd3d3108195d617ae178ce96cf96301cf5f90ee80404b345eda37ce
6c2ae22692998ee212c4dc7b,pauli,rzz,,,0.001986917653053424,0.000316227766,11,16,mpo_zipup,1,1e-13,3.3306690738754696e-16,0.9999999999999997,0.9999999999999986,0.9999999999999996,-9.992007221626409e-16,1.836512327500012e-31,"[1, 2, 4, 8, 16, 16, 16, 16, 16, 8, 4, 2, 1]",16,2728,2.671675055167738e-06,True,False,False,724ef9179e6c47d81d15f4bed538ea5d7163eb8b,true,004ec68aadd3d3108195d617ae178ce96cf96301cf5f90ee80404b345eda37ce
c7112bf3df253eb7f5fcf147,pauli,rzz,,,0.001986917653053424,0.000316227766,11,16,tebd_swap,1,1e-13,4.440892098500626e-16,0.9999999999999996,0.9999999999999983,0.9999999999999996,-1.2212453270876722e-15,6.633153064528442e-31,"[1, 2, 4, 8, 16, 16, 16, 16, 16, 8, 4, 2, 1]",16,2728,2.6716750551749708e-06,True,False,False,724ef9179e6c47d81d15f4bed538ea5d7163eb8b,true,004ec68aadd3d3108195d617ae178ce96cf96301cf5f90ee80404b345eda37ce
adefd31905111c09b9018f97,pauli,rzz,,,0.006283185307179587,0.001,11,16,gate_local_2tdvp,1,1e-13,5.186517881838881e-10,0.9999999994813482,0.9999999999999913,0.9999999999999994,-8.104628079763643e-15,3.891235926384553e-15,"[1, 2, 4, 8, 16, 16, 16, 16, 16, 8, 4, 2, 1]",16,2728,1.0866932015773613e-06,True,True,False,724ef9179e6c47d81d15f4bed538ea5d7163eb8b,true,004ec68aadd3d3108195d617ae178ce96cf96301cf5f90ee80404b345eda37ce
3158e90b657b257b3615e70e,pauli,rzz,,,0.006283185307179587,0.001,11,16,mpo_zipup,1,1e-13,3.3306690738754696e-16,0.9999999999999997,0.9999999999999998,0.9999999999999994,3.3306690738754696e-16,1.8636702710769985e-31,"[1, 2, 4, 8, 16, 16, 16, 16, 16, 8, 4, 2, 1]",16,2728,8.448673623300704e-06,True,False,False,724ef9179e6c47d81d15f4bed538ea5d7163eb8b,true,004ec68aadd3d3108195d617ae178ce96cf96301cf5f90ee80404b345eda37ce
f9aebe464d69d5d2fdf9d87e,pauli,rzz,,,0.006283185307179587,0.001,11,16,tebd_swap,1,1e-13,1.1102230246251565e-16,0.9999999999999999,0.9999999999999999,0.9999999999999994,4.440892098500626e-16,6.183863507357359e-31,"[1, 2, 4, 8, 16, 16, 16, 16, 16, 8, 4, 2, 1]",16,2728,8.448673623310123e-06,True,False,False,724ef9179e6c47d81d15f4bed538ea5d7163eb8b,true,004ec68aadd3d3108195d617ae178ce96cf96301cf5f90ee80404b345eda37ce
064a60e21677b7259f6630fc,pauli,rzz,,,0.019869176530534244,0.00316227766,11,16,gate_local_2tdvp,1,1e-13,5.187622997837593e-09,0.999999994812377,0.9999999999999732,0.9999999999999996,-2.631228568361621e-14,3.892169139492669e-14,"[1, 2, 4, 8, 16, 16, 16, 16, 16, 8, 4, 2, 1]",16,2728,3.4366002662325035e-06,True,True,False,724ef9179e6c47d81d15f4bed538ea5d7163eb8b,true,004ec68aadd3d3108195d617ae178ce96cf96301cf5f90ee80404b345eda37ce
db0357cf728b51be141753e4,pauli,rzz,,,0.019869176530534244,0.00316227766,11,16,mpo_zipup,1,1e-13,1.1102230246251565e-16,0.9999999999999999,0.9999999999999973,0.9999999999999996,-2.220446049250313e-15,1.8473809621980604e-31,"[1, 2, 4, 8, 16, 16, 16, 16, 16, 8, 4, 2, 1]",16,2728,2.6717384415602407e-05,True,False,False,724ef9179e6c47d81d15f4bed538ea5d7163eb8b,true,004ec68aadd3d3108195d617ae178ce96cf96301cf5f90ee80404b345eda37ce
1522bd764932d51ca7e3633f,pauli,rzz,,,0.019869176530534244,0.00316227766,11,16,tebd_swap,1,1e-13,3.3306690738754696e-16,0.9999999999999997,0.9999999999999988,0.9999999999999996,-7.771561172376096e-16,6.415903996484602e-31,"[1, 2, 4, 8, 16, 16, 16, 16, 16, 8, 4, 2, 1]",16,2728,2.671738441561125e-05,True,False,False,724ef9179e6c47d81d15f4bed538ea5d7163eb8b,true,004ec68aadd3d3108195d617ae178ce96cf96301cf5f90ee80404b345eda37ce
d91b77a550ceb4738e7f51be,pauli,rzz,,,0.06283185307179587,0.01,11,16,gate_local_2tdvp,1,1e-13,0.0,1.0,0.9999999999999977,0.9999999999999996,-1.887379141862766e-15,1.8980401704888383e-31,"[1, 2, 4, 8, 16, 16, 16, 16, 16, 8, 4, 2, 1]",16,2728,6.241088829074805e-07,True,False,False,724ef9179e6c47d81d15f4bed538ea5d7163eb8b,true,004ec68aadd3d3108195d617ae178ce96cf96301cf5f90ee80404b345eda37ce
5806e16f8e35b6cee6256d71,pauli,rzz,,,0.06283185307179587,0.01,11,16,mpo_zipup,1,1e-13,0.0,1.0,1.0000000000000013,0.9999999999999996,1.7763568394002505e-15,1.8449403803564483e-31,"[1, 2, 4, 8, 16, 16, 16, 16, 16, 8, 4, 2, 1]",16,2728,8.447147664283487e-05,True,False,False,724ef9179e6c47d81d15f4bed538ea5d7163eb8b,true,004ec68aadd3d3108195d617ae178ce96cf96301cf5f90ee80404b345eda37ce
6fe611ccc964f60945675f6f,pauli,rzz,,,0.06283185307179587,0.01,11,16,tebd_swap,1,1e-13,0.0,1.0,1.0,0.9999999999999996,4.440892098500626e-16,6.402053080793334e-31,"[1, 2, 4, 8, 16, 16, 16, 16, 16, 8, 4, 2, 1]",16,2728,8.447147664284597e-05,True,False,False,724ef9179e6c47d81d15f4bed538ea5d7163eb8b,true,004ec68aadd3d3108195d617ae178ce96cf96301cf5f90ee80404b345eda37ce
4ed1c16b7ba08f4239685255,pauli,rzz,,,0.6283185307179586,0.1,11,16,gate_local_2tdvp,1,1e-13,1.1102230246251565e-16,0.9999999999999999,0.9999999999999949,0.9999999999999994,-4.551914400963142e-15,1.770345061112266e-31,"[1, 2, 4, 8, 16, 16, 16, 16, 16, 8, 4, 2, 1]",16,2728,6.271974710994346e-06,True,False,False,724ef9179e6c47d81d15f4bed538ea5d7163eb8b,true,004ec68aadd3d3108195d617ae178ce96cf96301cf5f90ee80404b345eda37ce
7bc8675894eaba79c76fbfe8,pauli,rzz,,,0.6283185307179586,0.1,11,16,mpo_zipup,1,1e-13,3.3306690738754696e-16,0.9999999999999997,0.9999999999999999,0.9999999999999994,4.440892098500626e-16,1.7479571753013732e-31,"[1, 2, 4, 8, 16, 16, 16, 16, 16, 8, 4, 2, 1]",16,2728,0.0008133555176583595,True,False,False,724ef9179e6c47d81d15f4bed538ea5d7163eb8b,true,004ec68aadd3d3108195d617ae178ce96cf96301cf5f90ee80404b345eda37ce
cc696268565282fe7a9f0660,pauli,rzz,,,0.6283185307179586,0.1,11,16,tebd_swap,1,1e-13,0.0,1.0,0.9999999999999982,0.9999999999999994,-1.2212453270876722e-15,6.422298492924878e-31,"[1, 2, 4, 8, 16, 16, 16, 16, 16, 8, 4, 2, 1]",16,2728,0.00015502728930315342,True,False,False,724ef9179e6c47d81d15f4bed538ea5d7163eb8b,true,004ec68aadd3d3108195d617ae178ce96cf96301cf5f90ee80404b345eda37ce
1ef2b8bf5d9962a78b12d861,pauli,rzz,,,1.5707963267948966,0.25,11,16,gate_local_2tdvp,1,1e-13,4.440892098500626e-16,0.9999999999999996,1.00000000000002,0.9999999999999996,2.042810365310288e-14,1.4920243239737626e-31,"[1, 2, 4, 8, 16, 16, 16, 16, 16, 8, 4, 2, 1]",16,2728,1.580625109755272e-05,True,False,False,724ef9179e6c47d81d15f4bed538ea5d7163eb8b,true,004ec68aadd3d3108195d617ae178ce96cf96301cf5f90ee80404b345eda37ce
0a7e88817d3c0e3e115732ad,pauli,rzz,,,1.5707963267948966,0.25,11,16,mpo_zipup,1,1e-13,1.1102230246251565e-16,0.9999999999999999,0.9999999999999982,0.9999999999999996,-1.3322676295501878e-15,1.279050813181499e-31,"[1, 2, 4, 8, 16, 16, 16, 16, 16, 8, 4, 2, 1]",16,2728,0.0014812074398180609,True,False,False,724ef9179e6c47d81d15f4bed538ea5d7163eb8b,true,004ec68aadd3d3108195d617ae178ce96cf96301cf5f90ee80404b345eda37ce
f4ed9af87e1f476f70dc8b9b,pauli,rzz,,,1.5707963267948966,0.25,11,16,tebd_swap,1,1e-13,0.0,1.0,1.0000000000000018,0.9999999999999996,2.220446049250313e-15,5.966138365964276e-31,"[1, 2, 4, 8, 16, 16, 16, 16, 16, 8, 4, 2, 1]",16,2728,0.00015502728930315342,True,False,False,724ef9179e6c47d81d15f4bed538ea5d7163eb8b,true,004ec68aadd3d3108195d617ae178ce96cf96301cf5f90ee80404b345eda37ce
a8b5fd7f4844060c46e4cef9,pauli,rzz,,,0.0,0.0,22,8,gate_local_2tdvp,1,1e-13,0.0,1.0,1.000000000000002,1.0000000000000013,6.661338147750939e-16,3.7817617024626887e-32,"[1, 2, 4, 8, 8, 8, 8, 8, 8, 8, 4, 2, 1]",8,936,0.005029209334707931,True,False,False,724ef9179e6c47d81d15f4bed538ea5d7163eb8b,true,004ec68aadd3d3108195d617ae178ce96cf96301cf5f90ee80404b345eda37ce
9f4cc79a6071945904b1e178,pauli,rzz,,,0.0,0.0,22,8,mpo_zipup,1,1e-13,0.0,1.0,1.0000000000000033,1.0000000000000013,1.9984014443252818e-15,2.2322962670188447e-32,"[1, 2, 4, 8, 8, 8, 8, 8, 8, 8, 4, 2, 1]",8,936,0.005029209334707915,True,False,False,724ef9179e6c47d81d15f4bed538ea5d7163eb8b,true,004ec68aadd3d3108195d617ae178ce96cf96301cf5f90ee80404b345eda37ce
af0000f35116487a7c9aa3a3,pauli,rzz,,,0.0,0.0,22,8,tebd_swap,1,1e-13,0.06972273567495968,0.9302772643250403,0.9525649467893453,1.0000000000000013,-0.047435053210656,0.09636183889274708,"[1, 2, 4, 8, 8, 8, 8, 8, 8, 8, 4, 2, 1]",8,936,0.0014331429197564128,True,True,True,724ef9179e6c47d81d15f4bed538ea5d7163eb8b,true,004ec68aadd3d3108195d617ae178ce96cf96301cf5f90ee80404b345eda37ce
10d2baa29c4f7ac94b864cda,pauli,rzz,,,0.0006283185307179586,0.0001,22,8,gate_local_2tdvp,1,1e-13,9.265360789711963e-08,0.9999999073463921,0.9999999987637971,1.0000000000000016,-1.2362044721214716e-09,2.4724103041188655e-09,"[1, 2, 4, 8, 8, 8, 8, 8, 8, 8, 4, 2, 1]",8,936,0.0006283185203825331,True,True,True,724ef9179e6c47d81d15f4bed538ea5d7163eb8b,true,004ec68aadd3d3108195d617ae178ce96cf96301cf5f90ee80404b345eda37ce
e34be1e5b47f085ac33aa558,pauli,rzz,,,0.0006283185307179586,0.0001,22,8,mpo_zipup,1,1e-13,9.265383571488428e-08,0.9999999073461643,0.9999999536730835,1.0000000000000016,-4.6326918079486745e-08,9.265383719743267e-08,"[1, 2, 4, 8, 8, 8, 8, 8, 8, 8, 4, 2, 1]",8,936,0.0006283185203825331,True,True,True,724ef9179e6c47d81d15f4bed538ea5d7163eb8b,true,004ec68aadd3d3108195d617ae178ce96cf96301cf5f90ee80404b345eda37ce
2411497f5667a7c9d2d41494,pauli,rzz,,,0.0006283185307179586,0.0001,22,8,tebd_swap,1,1e-13,0.06972247504561846,0.9302775249543815,0.9525649660831639,1.0000000000000016,-0.04743503391683768,0.09636179824452568,"[1, 2, 4, 8, 8, 8, 8, 8, 8, 8, 4, 2, 1]",8,936,0.0006283185203825331,True,True,True,724ef9179e6c47d81d15f4bed538ea5d7163eb8b,true,004ec68aadd3d3108195d617ae178ce96cf96301cf5f90ee80404b345eda37ce
1058644c10b91b8e61fda541,pauli,rzz,,,0.001986917653053424,0.000316227766,22,8,gate_local_2tdvp,1,1e-13,9.26543079815545e-07,0.9999990734569202,0.9999999876387078,1.0000000000000016,-1.2361293766360859e-08,2.4722590286390555e-08,"[1, 2, 4, 8, 8, 8, 8, 8, 8, 8, 4, 2, 1]",8,936,0.001986917326218587,True,True,True,724ef9179e6c47d81d15f4bed538ea5d7163eb8b,true,004ec68aadd3d3108195d617ae178ce96cf96301cf5f90ee80404b345eda37ce
91cc3bcb1f76b9afc768a30d,pauli,rzz,,,0.001986917653053424,0.000316227766,22,8,mpo_zipup,1,1e-13,9.265658000856547e-07,0.9999990734341999,0.999999536716992,1.0000000000000016,-4.632830095108176e-07,9.265660235565583e-07,"[1, 2, 4, 8, 8, 8, 8, 8, 8, 8, 4, 2, 1]",8,936,0.001986917326218587,True,True,True,724ef9179e6c47d81d15f4bed538ea5d7163eb8b,true,004ec68aadd3d3108195d617ae178ce96cf96301cf5f90ee80404b345eda37ce
b5763e66b5a2268b6c22c26a,pauli,rzz,,,0.001986917653053424,0.000316227766,22,8,tebd_swap,1,1e-13,0.06972252881147134,0.9302774711885287,0.9525646998001711,1.0000000000000016,-0.047435300199830444,0.09636235625227153,"[1, 2, 4, 8, 8, 8, 8, 8, 8, 8, 4, 2, 1]",8,936,0.0015487535638925105,True,True,True,724ef9179e6c47d81d15f4bed538ea5d7163eb8b,true,004ec68aadd3d3108195d617ae178ce96cf96301cf5f90ee80404b345eda37ce
8850b73a3ac212f60eb21b9e,pauli,rzz,,,0.006283185307179587,0.001,22,8,gate_local_2tdvp,1,1e-13,9.265625265819644e-06,0.9999907343747342,0.9999998764097591,1.0000000000000018,-1.235902427065838e-07,2.471805005216478e-07,"[1, 2, 4, 8, 8, 8, 8, 8, 8, 8, 4, 2, 1]",8,936,0.005017248261034871,True,True,True,724ef9179e6c47d81d15f4bed538ea5d7163eb8b,true,004ec68aadd3d3108195d617ae178ce96cf96301cf5f90ee80404b345eda37ce
9c8570dc67a0ade01e92c803,pauli,rzz,,,0.006283185307179587,0.001,22,8,mpo_zipup,1,1e-13,9.26788747745988e-06,0.9999907321125225,0.9999953660455272,1.0000000000000018,-4.633954474586588e-06,9.267909778400433e-06,"[1, 2, 4, 8, 8, 8, 8, 8, 8, 8, 4, 2, 1]",8,936,0.005017159101713985,True,True,True,724ef9179e6c47d81d15f4bed538ea5d7163eb8b,true,004ec68aadd3d3108195d617ae178ce96cf96301cf5f90ee80404b345eda37ce
f8d17888eac7c64b38637c7e,pauli,rzz,,,0.006283185307179587,0.001,22,8,tebd_swap,1,1e-13,0.0697281484885851,0.9302718515114149,0.952561091558721,1.0000000000000018,-0.047438908441280736,0.09636992161777612,"[1, 2, 4, 8, 8, 8, 8, 8, 8, 8, 4, 2, 1]",8,936,0.002227915795575171,True,True,True,724ef9179e6c47d81d15f4bed538ea5d7163eb8b,true,004ec68aadd3d3108195d617ae178ce96cf96301cf5f90ee80404b345eda37ce
a41c8a305e062efe24c3d461,pauli,rzz,,,0.019869176530534244,0.00316227766,22,8,gate_local_2tdvp,1,1e-13,9.265969839977739e-05,0.9999073403016002,1.0000000000000002,1.0000000000000016,-1.3322676295501878e-15,2.4706137516948462e-06,"[1, 2, 4, 8, 8, 8, 8, 8, 8, 8, 4, 2, 1]",8,936,0.0049962834767970305,True,True,True,724ef9179e6c47d81d15f4bed538ea5d7163eb8b,true,004ec68aadd3d3108195d617ae178ce96cf96301cf5f90ee80404b345eda37ce
996f02afff46d795cb9fc5f4,pauli,rzz,,,0.019869176530534244,0.00316227766,22,8,mpo_zipup,1,1e-13,9.288816061059357e-05,0.9999071118393894,0.9999535548411184,1.0000000000000016,-4.644515888319045e-05,9.289041478518902e-05,"[1, 2, 4, 8, 8, 8, 8, 8, 8, 8, 4, 2, 1]",8,936,0.004995356628984348,True,True,True,724ef9179e6c47d81d15f4bed538ea5d7163eb8b,true,004ec68aadd3d3108195d617ae178ce96cf96301cf5f90ee80404b345eda37ce
77865414313fee3b72a12609,pauli,rzz,,,0.019869176530534244,0.00316227766,22,8,tebd_swap,1,1e-13,0.06980564822627877,0.9301943517737212,0.952521213614704,1.0000000000000016,-0.04747878638529757,0.09645353542679884,"[1, 2, 4, 8, 8, 8, 8, 8, 8, 8, 4, 2, 1]",8,936,0.00354112659352811,True,True,True,724ef9179e6c47d81d15f4bed538ea5d7163eb8b,true,004ec68aadd3d3108195d617ae178ce96cf96301cf5f90ee80404b345eda37ce
cb12e98313305d7b175d6dca,pauli,rzz,,,0.06283185307179587,0.01,22,8,gate_local_2tdvp,1,1e-13,0.0009264371161020746,0.9990735628838979,1.0000000000000004,1.0000000000000016,-1.1102230246251565e-15,2.46932996238708e-05,"[1, 2, 4, 8, 8, 8, 8, 8, 8, 8, 4, 2, 1]",8,936,0.004975311382206318,True,True,True,724ef9179e6c47d81d15f4bed538ea5d7163eb8b,true,004ec68aadd3d3108195d617ae178ce96cf96301cf5f90ee80404b345eda37ce
dafe90e4e8c73824747e0ab9,pauli,rzz,,,0.06283185307179587,0.01,22,8,mpo_zipup,1,1e-13,0.0009845887697119693,0.999015411230288,0.9995075843785736,1.0000000000000016,-0.0004924156214279884,0.0009848649648025829,"[1, 2, 4, 8, 8, 8, 8, 8, 8, 8, 4, 2, 1]",8,936,0.004958314590348107,True,True,True,724ef9179e6c47d81d15f4bed538ea5d7163eb8b,true,004ec68aadd3d3108195d617ae178ce96cf96301cf5f90ee80404b345eda37ce
56c5e20063a1ebb776ab7b2d,pauli,rzz,,,0.06283185307179587,0.01,22,8,tebd_swap,1,1e-13,0.07082813984910952,0.9291718601508905,0.9520834656631436,1.0000000000000016,-0.04791653433685794,0.09737114483372723,"[1, 2, 4, 8, 8, 8, 8, 8, 8, 8, 4, 2, 1]",8,936,0.007089555521890132,True,True,True,724ef9179e6c47d81d15f4bed538ea5d7163eb8b,true,004ec68aadd3d3108195d617ae178ce96cf96301cf5f90ee80404b345eda37ce
52a95dee27022aed6acf2a89,pauli,rzz,,,0.6283185307179586,0.1,22,8,gate_local_2tdvp,1,1e-13,0.08684233052329615,0.9131576694767038,1.0,1.0000000000000013,-1.3322676295501878e-15,0.0029944362048383226,"[1, 2, 4, 8, 8, 8, 8, 8, 8, 8, 4, 2, 1]",8,936,0.006259748881490057,True,True,True,724ef9179e6c47d81d15f4bed538ea5d7163eb8b,true,004ec68aadd3d3108195d617ae178ce96cf96301cf5f90ee80404b345eda37ce
825da622ec54148bec7124dc,pauli,rzz,,,0.6283185307179586,0.1,22,8,mpo_zipup,1,1e-13,0.051154668256267466,0.9488453317437325,0.9740869220679134,1.0000000000000013,-0.02591307793208797,0.05222103645479072,"[1, 2, 4, 8, 8, 8, 8, 8, 8, 8, 4, 2, 1]",8,936,0.046484298821250526,True,True,True,724ef9179e6c47d81d15f4bed538ea5d7163eb8b,true,004ec68aadd3d3108195d617ae178ce96cf96301cf5f90ee80404b345eda37ce
e0a171f4cd17bb01fc8b1dbd,pauli,rzz,,,0.6283185307179586,0.1,22,8,tebd_swap,1,1e-13,0.09429434343141196,0.905705656568588,0.9352257540977343,1.0000000000000013,-0.06477424590226699,0.13280990925019906,"[1, 2, 4, 8, 8, 8, 8, 8, 8, 8, 4, 2, 1]",8,936,0.02575331064039349,True,True,True,724ef9179e6c47d81d15f4bed538ea5d7163eb8b,true,004ec68aadd3d3108195d617ae178ce96cf96301cf5f90ee80404b345eda37ce
c1cbe70f0ef08f833fdb3949,pauli,rzz,,,1.5707963267948966,0.25,22,8,gate_local_2tdvp,1,1e-13,0.23721971797624264,0.7627802820237574,1.0000000000000004,1.0000000000000016,-1.1102230246251565e-15,0.02876428133045337,"[1, 2, 4, 8, 8, 8, 8, 8, 8, 8, 4, 2, 1]",8,936,0.019395259778232744,True,True,True,724ef9179e6c47d81d15f4bed538ea5d7163eb8b,true,004ec68aadd3d3108195d617ae178ce96cf96301cf5f90ee80404b345eda37ce
3d0d6ea3ee03044b1805ceb0,pauli,rzz,,,1.5707963267948966,0.25,22,8,mpo_zipup,1,1e-13,0.11449096639838618,0.8855090336016138,0.9410148955258987,1.0000000000000016,-0.05898510447410288,0.11998763162101567,"[1, 2, 4, 8, 8, 8, 8, 8, 8, 8, 4, 2, 1]",8,936,0.059572222076158775,True,True,True,724ef9179e6c47d81d15f4bed538ea5d7163eb8b,true,004ec68aadd3d3108195d617ae178ce96cf96301cf5f90ee80404b345eda37ce
28408e8f120d5192236c2d30,pauli,rzz,,,1.5707963267948966,0.25,22,8,tebd_swap,1,1e-13,0.1336836748254533,0.8663163251745467,0.9172244816855175,1.0000000000000016,-0.08277551831448404,0.1710385913504137,"[1, 2, 4, 8, 8, 8, 8, 8, 8, 8, 4, 2, 1]",8,936,0.02575331064039349,True,True,True,724ef9179e6c47d81d15f4bed538ea5d7163eb8b,true,004ec68aadd3d3108195d617ae178ce96cf96301cf5f90ee80404b345eda37ce
40292defc54c55229ecbc973,pauli,rzz,,,0.0,0.0,22,16,gate_local_2tdvp,1,1e-13,0.0,1.0,1.000000000000002,1.0000000000000013,6.661338147750939e-16,3.7817617024626887e-32,"[1, 2, 4, 8, 8, 8, 8, 8, 8, 8, 4, 2, 1]",8,936,0.005029209334707931,False,False,False,724ef9179e6c47d81d15f4bed538ea5d7163eb8b,true,004ec68aadd3d3108195d617ae178ce96cf96301cf5f90ee80404b345eda37ce
b8aae80efee0bb2e946c8fc6,pauli,rzz,,,0.0,0.0,22,16,mpo_zipup,1,1e-13,0.0,1.0,1.0000000000000033,1.0000000000000013,1.9984014443252818e-15,2.2322962670188447e-32,"[1, 2, 4, 8, 8, 8, 8, 8, 8, 8, 4, 2, 1]",8,936,0.005029209334707915,False,False,False,724ef9179e6c47d81d15f4bed538ea5d7163eb8b,true,004ec68aadd3d3108195d617ae178ce96cf96301cf5f90ee80404b345eda37ce
cf5d5b676a437ab0c2ceb3dc,pauli,rzz,,,0.0,0.0,22,16,tebd_swap,1,1e-13,0.0,1.0,1.0000000000000036,1.0000000000000013,2.220446049250313e-15,2.5664799515673907e-30,"[1, 2, 4, 8, 8, 8, 8, 8, 8, 8, 4, 2, 1]",8,936,0.0006041696513660829,False,False,False,724ef9179e6c47d81d15f4bed538ea5d7163eb8b,true,004ec68aadd3d3108195d617ae178ce96cf96301cf5f90ee80404b345eda37ce
5eefa4850d9d209286b6b33c,pauli,rzz,,,0.0006283185307179586,0.0001,22,16,gate_local_2tdvp,1,1e-13,4.925053698201509e-10,0.9999999995074946,0.9999999999998654,1.0000000000000016,-1.361133428190442e-13,2.748517845763354e-13,"[1, 2, 4, 8, 16, 16, 16, 16, 15, 8, 4, 2, 1]",16,2680,2.8210562508668513e-07,True,True,False,724ef9179e6c47d81d15f4bed538ea5d7163eb8b,true,004ec68aadd3d3108195d617ae178ce96cf96301cf5f90ee80404b345eda37ce
25605bfe46e9cb52e2c944e6,pauli,rzz,,,0.0006283185307179586,0.0001,22,16,mpo_zipup,1,1e-13,0.0,1.0,1.0000000000000013,1.0000000000000016,-2.220446049250313e-16,1.3921586927236129e-31,"[1, 2, 4, 8, 16, 16, 16, 16, 16, 8, 4, 2, 1]",16,2728,6.430909950934432e-07,True,False,False,724ef9179e6c47d81d15f4bed538ea5d7163eb8b,true,004ec68aadd3d3108195d617ae178ce96cf96301cf5f90ee80404b345eda37ce
03c6b3a7d9c01c7fa6a8dea0,pauli,rzz,,,0.0006283185307179586,0.0001,22,16,tebd_swap,1,1e-13,2.220446049250313e-16,0.9999999999999998,1.0000000000000029,1.0000000000000016,1.3322676295501878e-15,9.512812695832367e-31,"[1, 2, 4, 8, 16, 16, 16, 16, 16, 8, 4, 2, 1]",16,2728,6.430909951025473e-07,True,False,False,724ef9179e6c47d81d15f4bed538ea5d7163eb8b,true,004ec68aadd3d3108195d617ae178ce96cf96301cf5f90ee80404b345eda37ce
3f825760d90146ab8e3643eb,pauli,rzz,,,0.001986917653053424,0.000316227766,22,16,gate_local_2tdvp,1,1e-13,3.409230675543995e-10,0.9999999996590769,1.0000000000000024,1.0000000000000016,8.881784197001252e-16,8.771583657529944e-16,"[1, 2, 4, 8, 16, 16, 16, 16, 16, 8, 4, 2, 1]",16,2728,3.908220711209645e-07,True,True,False,724ef9179e6c47d81d15f4bed538ea5d7163eb8b,true,004ec68aadd3d3108195d617ae178ce96cf96301cf5f90ee80404b345eda37ce
a1a1aba95d0fb86c0ce60238,pauli,rzz,,,0.001986917653053424,0.000316227766,22,16,mpo_zipup,1,1e-13,4.440892098500626e-16,0.9999999999999996,1.0000000000000029,1.0000000000000016,1.3322676295501878e-15,1.4501385504105583e-31,"[1, 2, 4, 8, 16, 16, 16, 16, 16, 8, 4, 2, 1]",16,2728,2.0336303662025105e-06,True,False,False,724ef9179e6c47d81d15f4bed538ea5d7163eb8b,true,004ec68aadd3d3108195d617ae178ce96cf96301cf5f90ee80404b345eda37ce
9f6a07ffd5f8c16d9f9dce55,pauli,rzz,,,0.001986917653053424,0.000316227766,22,16,tebd_swap,1,1e-13,4.440892098500626e-16,0.9999999999999996,1.0000000000000058,1.0000000000000016,4.218847493575595e-15,1.0390559380432112e-30,"[1, 2, 4, 8, 16, 16, 16, 16, 16, 8, 4, 2, 1]",16,2728,2.0336303662093867e-06,True,False,False,724ef9179e6c47d81d15f4bed538ea5d7163eb8b,true,004ec68aadd3d3108195d617ae178ce96cf96301cf5f90ee80404b345eda37ce
46a4f33191ae9e5f03bb1588,pauli,rzz,,,0.006283185307179587,0.001,22,16,gate_local_2tdvp,1,1e-13,3.4101006463060912e-09,0.9999999965898994,1.000000000000013,1.0000000000000018,1.1324274851176597e-14,8.77385716096939e-15,"[1, 2, 4, 8, 16, 16, 16, 16, 16, 8, 4, 2, 1]",16,2728,1.2357284175682337e-06,True,True,False,724ef9179e6c47d81d15f4bed538ea5d7163eb8b,true,004ec68aadd3d3108195d617ae178ce96cf96301cf5f90ee80404b345eda37ce
78f7ce09d256b4f5b4fa6480,pauli,rzz,,,0.006283185307179587,0.001,22,16,mpo_zipup,1,1e-13,0.0,1.0,1.0000000000000036,1.0000000000000018,1.7763568394002505e-15,1.4178778457154672e-31,"[1, 2, 4, 8, 16, 16, 16, 16, 16, 8, 4, 2, 1]",16,2728,6.4308587624825714e-06,True,False,False,724ef9179e6c47d81d15f4bed538ea5d7163eb8b,true,004ec68aadd3d3108195d617ae178ce96cf96301cf5f90ee80404b345eda37ce
43d01ebbbf98ff2cc77e87f2,pauli,rzz,,,0.006283185307179587,0.001,22,16,tebd_swap,1,1e-13,0.0,1.0,1.0000000000000022,1.0000000000000018,4.440892098500626e-16,9.960260787163095e-31,"[1, 2, 4, 8, 16, 16, 16, 16, 16, 8, 4, 2, 1]",16,2728,6.430858762487313e-06,True,False,False,724ef9179e6c47d81d15f4bed538ea5d7163eb8b,true,004ec68aadd3d3108195d617ae178ce96cf96301cf5f90ee80404b345eda37ce
b254cc0d9ffdd1f15a67b2d7,pauli,rzz,,,0.019869176530534244,0.00316227766,22,16,gate_local_2tdvp,1,1e-13,3.412842075611877e-08,0.9999999658715792,0.9999999999999506,1.0000000000000016,-5.0959236830294685e-14,8.78100767995532e-14,"[1, 2, 4, 8, 16, 16, 16, 16, 16, 8, 4, 2, 1]",16,2728,3.906120126936548e-06,True,True,False,724ef9179e6c47d81d15f4bed538ea5d7163eb8b,true,004ec68aadd3d3108195d617ae178ce96cf96301cf5f90ee80404b345eda37ce
47a2052f2c67cd9b7b13dcce,pauli,rzz,,,0.019869176530534244,0.00316227766,22,16,mpo_zipup,1,1e-13,2.220446049250313e-16,0.9999999999999998,1.0000000000000002,1.0000000000000016,-1.3322676295501878e-15,1.397495514557436e-31,"[1, 2, 4, 8, 16, 16, 16, 16, 16, 8, 4, 2, 1]",16,2728,2.0334890723802782e-05,True,False,False,724ef9179e6c47d81d15f4bed538ea5d7163eb8b,true,004ec68aadd3d3108195d617ae178ce96cf96301cf5f90ee80404b345eda37ce
ca216cfb5f9ff47469ba278c,pauli,rzz,,,0.019869176530534244,0.00316227766,22,16,tebd_swap,1,1e-13,0.0,1.0,1.0000000000000036,1.0000000000000016,1.9984014443252818e-15,1.0493664170030794e-30,"[1, 2, 4, 8, 16, 16, 16, 16, 16, 8, 4, 2, 1]",16,2728,2.0334890723819876e-05,True,False,False,724ef9179e6c47d81d15f4bed538ea5d7163eb8b,true,004ec68aadd3d3108195d617ae178ce96cf96301cf5f90ee80404b345eda37ce
a3a7f5af0c1543f7c65669bd,pauli,rzz,,,0.06283185307179587,0.01,22,16,gate_local_2tdvp,1,1e-13,0.0,1.0,1.0000000000000002,1.0000000000000016,-1.3322676295501878e-15,1.3968334138114644e-31,"[1, 2, 4, 8, 16, 16, 16, 16, 16, 8, 4, 2, 1]",16,2728,9.382557007257466e-07,True,False,False,724ef9179e6c47d81d15f4bed538ea5d7163eb8b,true,004ec68aadd3d3108195d617ae178ce96cf96301cf5f90ee80404b345eda37ce
9e63131b8c93dceb90c309f9,pauli,rzz,,,0.06283185307179587,0.01,22,16,mpo_zipup,1,1e-13,0.0,1.0,1.0000000000000038,1.0000000000000016,2.220446049250313e-15,1.3878233747972893e-31,"[1, 2, 4, 8, 16, 16, 16, 16, 16, 8, 4, 2, 1]",16,2728,6.426597344200072e-05,True,False,False,724ef9179e6c47d81d15f4bed538ea5d7163eb8b,true,004ec68aadd3d3108195d617ae178ce96cf96301cf5f90ee80404b345eda37ce
9df27e3457e86d45a9c78612,pauli,rzz,,,0.06283185307179587,0.01,22,16,tebd_swap,1,1e-13,0.0,1.0,1.0000000000000069,1.0000000000000016,5.329070518200751e-15,1.0371711627745205e-30,"[1, 2, 4, 8, 16, 16, 16, 16, 16, 8, 4, 2, 1]",16,2728,6.426597344202807e-05,True,False,False,724ef9179e6c47d81d15f4bed538ea5d7163eb8b,true,004ec68aadd3d3108195d617ae178ce96cf96301cf5f90ee80404b345eda37ce
98e6b04ca66567485241905c,pauli,rzz,,,0.6283185307179586,0.1,22,16,gate_local_2tdvp,1,1e-13,2.220446049250313e-16,0.9999999999999998,1.0000000000000062,1.0000000000000013,4.884981308350689e-15,1.2267345578867802e-31,"[1, 2, 4, 8, 16, 16, 16, 16, 16, 8, 4, 2, 1]",16,2728,9.5077948524088e-06,True,False,False,724ef9179e6c47d81d15f4bed538ea5d7163eb8b,true,004ec68aadd3d3108195d617ae178ce96cf96301cf5f90ee80404b345eda37ce
2c4d53bcc26b2b23a8e71e12,pauli,rzz,,,0.6283185307179586,0.1,22,16,mpo_zipup,1,1e-13,0.0,1.0,0.9999999999999997,1.0000000000000013,-1.6653345369377348e-15,1.260877218475579e-31,"[1, 2, 4, 8, 16, 16, 16, 16, 16, 8, 4, 2, 1]",16,2728,0.0006017090655552894,True,False,False,724ef9179e6c47d81d15f4bed538ea5d7163eb8b,true,004ec68aadd3d3108195d617ae178ce96cf96301cf5f90ee80404b345eda37ce
4e625a66ff0607b4a38a9c02,pauli,rzz,,,0.6283185307179586,0.1,22,16,tebd_swap,1,1e-13,0.0,1.0,1.000000000000005,1.0000000000000013,3.774758283725532e-15,1.0829088308049135e-30,"[1, 2, 4, 8, 16, 16, 16, 16, 16, 8, 4, 2, 1]",16,2728,0.000601709065555324,True,False,False,724ef9179e6c47d81d15f4bed538ea5d7163eb8b,true,004ec68aadd3d3108195d617ae178ce96cf96301cf5f90ee80404b345eda37ce
6cbb4f125f6778082db8b8b9,pauli,rzz,,,1.5707963267948966,0.25,22,16,gate_local_2tdvp,1,1e-13,4.440892098500626e-16,0.9999999999999996,0.9999999999999725,1.0000000000000016,-2.90878432451791e-14,7.500772602502308e-32,"[1, 2, 4, 8, 16, 16, 16, 16, 16, 8, 4, 2, 1]",16,2728,2.3960971351451104e-05,True,False,False,724ef9179e6c47d81d15f4bed538ea5d7163eb8b,true,004ec68aadd3d3108195d617ae178ce96cf96301cf5f90ee80404b345eda37ce
51c13ff163266fb1d6b29e51,pauli,rzz,,,1.5707963267948966,0.25,22,16,mpo_zipup,1,1e-13,0.0,1.0,1.0000000000000002,1.0000000000000016,-1.3322676295501878e-15,6.884792878272113e-32,"[1, 2, 4, 8, 16, 16, 16, 16, 16, 8, 4, 2, 1]",16,2728,0.001024395361119913,True,False,False,724ef9179e6c47d81d15f4bed538ea5d7163eb8b,true,004ec68aadd3d3108195d617ae178ce96cf96301cf5f90ee80404b345eda37ce
2ce1175afbc22a8d409ac745,pauli,rzz,,,1.5707963267948966,0.25,22,16,tebd_swap,1,1e-13,0.0,1.0,1.0000000000000024,1.0000000000000016,8.881784197001252e-16,9.98799330473224e-31,"[1, 2, 4, 8, 16, 16, 16, 16, 16, 8, 4, 2, 1]",16,2728,0.0006041696513660829,True,False,False,724ef9179e6c47d81d15f4bed538ea5d7163eb8b,true,004ec68aadd3d3108195d617ae178ce96cf96301cf5f90ee80404b345eda37ce
39981ad0af2d9324cb8b6bbf,pauli,rzz,,,0.0,0.0,33,8,gate_local_2tdvp,1,1e-13,2.220446049250313e-16,0.9999999999999998,1.0000000000000042,0.9999999999999997,4.551914400963142e-15,3.4170889047872146e-32,"[1, 2, 4, 8, 8, 8, 8, 8, 8, 8, 4, 2, 1]",8,936,0.0023870462711353033,True,False,False,724ef9179e6c47d81d15f4bed538ea5d7163eb8b,true,004ec68aadd3d3108195d617ae178ce96cf96301cf5f90ee80404b345eda37ce
40b9ebb37512c3d9ea423bcd,pauli,rzz,,,0.0,0.0,33,8,mpo_zipup,1,1e-13,2.220446049250313e-16,0.9999999999999998,1.0000000000000004,0.9999999999999997,7.771561172376096e-16,1.558835962287375e-32,"[1, 2, 4, 8, 8, 8, 8, 8, 8, 8, 4, 2, 1]",8,936,0.002387046271135308,True,False,False,724ef9179e6c47d81d15f4bed538ea5d7163eb8b,true,004ec68aadd3d3108195d617ae178ce96cf96301cf5f90ee80404b345eda37ce
d63a8098883726a47c7b37b8,pauli,rzz,,,0.0,0.0,33,8,tebd_swap,1,1e-13,0.05981319124312212,0.9401868087568779,0.9569745412375616,0.9999999999999997,-0.04302545876243802,0.08734251310311962,"[1, 2, 4, 8, 8, 8, 8, 8, 8, 8, 4, 2, 1]",8,936,0.0003518100583130581,True,True,True,724ef9179e6c47d81d15f4bed538ea5d7163eb8b,true,004ec68aadd3d3108195d617ae178ce96cf96301cf5f90ee80404b345eda37ce
3bdc60a05ebdeee39e30d33c,pauli,rzz,,,0.0006283185307179586,0.0001,33,8,gate_local_2tdvp,1,1e-13,7.976482119254058e-08,0.9999999202351788,0.9999999977901964,0.9999999999999997,-2.2098032292916514e-09,4.419610114074719e-09,"[1, 2, 4, 8, 8, 8, 8, 8, 8, 8, 4, 2, 1]",8,936,0.0006283185203825331,True,True,True,724ef9179e6c47d81d15f4bed538ea5d7163eb8b,true,004ec68aadd3d3108195d617ae178ce96cf96301cf5f90ee80404b345eda37ce
71e24f2b893b843e4d3a860d,pauli,rzz,,,0.0006283185307179586,0.0001,33,8,mpo_zipup,1,1e-13,7.976488758387745e-08,0.9999999202351124,0.9999999601175533,0.9999999999999997,-3.988244634545168e-08,7.976488958098265e-08,"[1, 2, 4, 8, 8, 8, 8, 8, 8, 8, 4, 2, 1]",8,936,0.0006283185203825331,True,True,True,724ef9179e6c47d81d15f4bed538ea5d7163eb8b,true,004ec68aadd3d3108195d617ae178ce96cf96301cf5f90ee80404b345eda37ce
7c18cf51b5a6f6085cd08a56,pauli,rzz,,,0.0006283185307179586,0.0001,33,8,tebd_swap,1,1e-13,0.05981377262552234,0.9401862273744777,0.9569732019804041,0.9999999999999997,-0.043026798019595525,0.08734530271269715,"[1, 2, 4, 8, 8, 8, 8, 8, 8, 8, 4, 2, 1]",8,936,0.00035233710596070124,True,True,True,724ef9179e6c47d81d15f4bed538ea5d7163eb8b,true,004ec68aadd3d3108195d617ae178ce96cf96301cf5f90ee80404b345eda37ce
a3f86b170b923373f6d0618d,pauli,rzz,,,0.001986917653053424,0.000316227766,33,8,gate_local_2tdvp,1,1e-13,7.975764317880163e-07,0.9999992024235682,0.9999999778952975,0.9999999999999996,-2.2104702068759252e-08,4.4209403859704436e-08,"[1, 2, 4, 8, 8, 8, 8, 8, 8, 8, 4, 2, 1]",8,936,0.001986917326218587,True,True,True,724ef9179e6c47d81d15f4bed538ea5d7163eb8b,true,004ec68aadd3d3108195d617ae178ce96cf96301cf5f90ee80404b345eda37ce
52638a95e70036991b6829c5,pauli,rzz,,,0.001986917653053424,0.000316227766,33,8,mpo_zipup,1,1e-13,7.975830400575035e-07,0.9999992024169599,0.999999601208398,0.9999999999999996,-3.9879160151912174e-07,7.9758324620143e-07,"[1, 2, 4, 8, 8, 8, 8, 8, 8, 8, 4, 2, 1]",8,936,0.001986917326218587,True,True,True,724ef9179e6c47d81d15f4bed538ea5d7163eb8b,true,004ec68aadd3d3108195d617ae178ce96cf96301cf5f90ee80404b345eda37ce
6018862ec34b534484d1ab33,pauli,rzz,,,0.001986917653053424,0.000316227766,33,8,tebd_swap,1,1e-13,0.05981565873499284,0.9401843412650072,0.9569700502896001,0.9999999999999996,-0.04302994971039942,0.08735186800581106,"[1, 2, 4, 8, 8, 8, 8, 8, 8, 8, 4, 2, 1]",8,936,0.00041522873489759245,True,True,True,724ef9179e6c47d81d15f4bed538ea5d7163eb8b,true,004ec68aadd3d3108195d617ae178ce96cf96301cf5f90ee80404b345eda37ce
da5e1db992f9f1b2bf614c33,pauli,rzz,,,0.006283185307179587,0.001,33,8,gate_local_2tdvp,1,1e-13,7.973455683263353e-06,0.9999920265443167,0.9999997787400607,0.9999999999999997,-2.2125993892618823e-07,4.4251991103833244e-07,"[1, 2, 4, 8, 8, 8, 8, 8, 8, 8, 4, 2, 1]",8,936,0.0023552614142630757,True,True,True,724ef9179e6c47d81d15f4bed538ea5d7163eb8b,true,004ec68aadd3d3108195d617ae178ce96cf96301cf5f90ee80404b345eda37ce
f23976db998d831a4aeb9926,pauli,rzz,,,0.006283185307179587,0.001,33,8,mpo_zipup,1,1e-13,7.974116643438833e-06,0.9999920258833566,0.9999960129337283,0.9999999999999997,-3.987066271360362e-06,7.974137289483574e-06,"[1, 2, 4, 8, 8, 8, 8, 8, 8, 8, 4, 2, 1]",8,936,0.002526498351653596,True,True,True,724ef9179e6c47d81d15f4bed538ea5d7163eb8b,true,004ec68aadd3d3108195d617ae178ce96cf96301cf5f90ee80404b345eda37ce
8936785cd84ee36c49c66765,pauli,rzz,,,0.006283185307179587,0.001,33,8,tebd_swap,1,1e-13,0.0598272296204142,0.9401727703795858,0.9569577673989329,0.9999999999999997,-0.043042232601066766,0.0873774583569292,"[1, 2, 4, 8, 8, 8, 8, 8, 8, 8, 4, 2, 1]",8,936,0.0008897821090000929,True,True,True,724ef9179e6c47d81d15f4bed538ea5d7163eb8b,true,004ec68aadd3d3108195d617ae178ce96cf96301cf5f90ee80404b345eda37ce
eb68a464a8cd626393c6bf43,pauli,rzz,,,0.019869176530534244,0.00316227766,33,8,gate_local_2tdvp,1,1e-13,7.965764995532254e-05,0.9999203423500447,0.9999999999999997,0.9999999999999993,3.3306690738754696e-16,4.439189128324662e-06,"[1, 2, 4, 8, 8, 8, 8, 8, 8, 8, 4, 2, 1]",8,936,0.0023011263962404442,True,True,True,724ef9179e6c47d81d15f4bed538ea5d7163eb8b,true,004ec68aadd3d3108195d617ae178ce96cf96301cf5f90ee80404b345eda37ce
b9e84da510b6f3c6c4aadbb3,pauli,rzz,,,0.019869176530534244,0.00316227766,33,8,mpo_zipup,1,1e-13,7.972431480329778e-05,0.9999202756851967,0.9999601370480714,0.9999999999999993,-3.986295192792699e-05,7.972638147679254e-05,"[1, 2, 4, 8, 8, 8, 8, 8, 8, 8, 4, 2, 1]",8,936,0.003689967731279175,True,True,True,724ef9179e6c47d81d15f4bed538ea5d7163eb8b,true,004ec68aadd3d3108195d617ae178ce96cf96301cf5f90ee80404b345eda37ce
a5082676d058be6ba74ea032,pauli,rzz,,,0.019869176530534244,0.00316227766,33,8,tebd_swap,1,1e-13,0.059917312014097335,0.9400826879859027,0.9568952812861101,0.9999999999999993,-0.04310471871388921,0.08750767273582315,"[1, 2, 4, 8, 8, 8, 8, 8, 8, 8, 4, 2, 1]",8,936,0.002443336976646608,True,True,True,724ef9179e6c47d81d15f4bed538ea5d7163eb8b,true,004ec68aadd3d3108195d617ae178ce96cf96301cf5f90ee80404b345eda37ce
14a803fc0bfc2ee4f3dcab45,pauli,rzz,,,0.06283185307179587,0.01,33,8,gate_local_2tdvp,1,1e-13,0.000793744415589992,0.99920625558441,1.0000000000000002,0.9999999999999997,5.551115123125783e-16,4.4887127453741814e-05,"[1, 2, 4, 8, 8, 8, 8, 8, 8, 8, 4, 2, 1]",8,936,0.0022671794146573894,True,True,True,724ef9179e6c47d81d15f4bed538ea5d7163eb8b,true,004ec68aadd3d3108195d617ae178ce96cf96301cf5f90ee80404b345eda37ce
a7440349d1f09769fc97a765,pauli,rzz,,,0.06283185307179587,0.01,33,8,mpo_zipup,1,1e-13,0.0008011505780251005,0.9991988494219749,0.9995993444485555,0.9999999999999997,-0.0004006555514441956,0.0008013617090761204,"[1, 2, 4, 8, 8, 8, 8, 8, 8, 8, 4, 2, 1]",8,936,0.004679897700538415,True,True,True,724ef9179e6c47d81d15f4bed538ea5d7163eb8b,true,004ec68aadd3d3108195d617ae178ce96cf96301cf5f90ee80404b345eda37ce
26fdc72a03ccea152f2deccc,pauli,rzz,,,0.06283185307179587,0.01,33,8,tebd_swap,1,1e-13,0.06061675803955713,0.9393832419604429,0.95645187866043,0.9999999999999997,-0.043548121339569645,0.08843186529927746,"[1, 2, 4, 8, 8, 8, 8, 8, 8, 8, 4, 2, 1]",8,936,0.005478480297892211,True,True,True,724ef9179e6c47d81d15f4bed538ea5d7163eb8b,true,004ec68aadd3d3108195d617ae178ce96cf96301cf5f90ee80404b345eda37ce
9a2c33d50fe8830febb3bb92,pauli,rzz,,,0.6283185307179586,0.1,33,8,gate_local_2tdvp,1,1e-13,0.06831426285794262,0.9316857371420574,1.0000000000000002,0.9999999999999994,7.771561172376096e-16,0.005502960835090575,"[1, 2, 4, 8, 8, 8, 8, 8, 8, 8, 4, 2, 1]",8,936,0.005141128052682938,True,True,True,724ef9179e6c47d81d15f4bed538ea5d7163eb8b,true,004ec68aadd3d3108195d617ae178ce96cf96301cf5f90ee80404b345eda37ce
c5f1495a17332d64a3ee0d6b,pauli,rzz,,,0.6283185307179586,0.1,33,8,mpo_zipup,1,1e-13,0.052823108615628556,0.9471768913843714,0.973230132797157,0.9999999999999994,-0.026769867202842468,0.05392681219763469,"[1, 2, 4, 8, 8, 8, 8, 8, 8, 8, 4, 2, 1]",8,936,0.02213978286528698,True,True,True,724ef9179e6c47d81d15f4bed538ea5d7163eb8b,true,004ec68aadd3d3108195d617ae178ce96cf96301cf5f90ee80404b345eda37ce
648bc54580ff34d09842cc53,pauli,rzz,,,0.6283185307179586,0.1,33,8,tebd_swap,1,1e-13,0.08942907341094841,0.9105709265890516,0.9419023286811863,0.9999999999999994,-0.05809767131881316,0.11887904457852197,"[1, 2, 4, 8, 8, 8, 8, 8, 8, 8, 4, 2, 1]",8,936,0.011516327277806195,True,True,True,724ef9179e6c47d81d15f4bed538ea5d7163eb8b,true,004ec68aadd3d3108195d617ae178ce96cf96301cf5f90ee80404b345eda37ce
9b41b60be00b3b8bb565b778,pauli,rzz,,,1.5707963267948966,0.25,33,8,gate_local_2tdvp,1,1e-13,0.23106183312316675,0.7689381668768333,1.0000000000000004,0.9999999999999997,7.771561172376096e-16,0.03177017431817025,"[1, 2, 4, 8, 8, 8, 8, 8, 8, 8, 4, 2, 1]",8,936,0.012697926363339445,True,True,True,724ef9179e6c47d81d15f4bed538ea5d7163eb8b,true,004ec68aadd3d3108195d617ae178ce96cf96301cf5f90ee80404b345eda37ce
394d2fbecfc38f64d09b540a,pauli,rzz,,,1.5707963267948966,0.25,33,8,mpo_zipup,1,1e-13,0.10420833126831774,0.8957916687316823,0.9464627138623497,0.9999999999999997,-0.053537286137649964,0.10859760464366217,"[1, 2, 4, 8, 8, 8, 8, 8, 8, 8, 4, 2, 1]",8,936,0.026981315785899556,True,True,True,724ef9179e6c47d81d15f4bed538ea5d7163eb8b,true,004ec68aadd3d3108195d617ae178ce96cf96301cf5f90ee80404b345eda37ce
e11834a25a2a076d5754677a,pauli,rzz,,,1.5707963267948966,0.25,33,8,tebd_swap,1,1e-13,0.12418840298424794,0.8758115970157521,0.9259479132233395,0.9999999999999997,-0.0740520867766602,0.15252354203941765,"[1, 2, 4, 8, 8, 8, 8, 8, 8, 8, 4, 2, 1]",8,936,0.011516327277806195,True,True,True,724ef9179e6c47d81d15f4bed538ea5d7163eb8b,true,004ec68aadd3d3108195d617ae178ce96cf96301cf5f90ee80404b345eda37ce
5f590fda5bb567a70686f838,pauli,rzz,,,0.0,0.0,33,16,gate_local_2tdvp,1,1e-13,2.220446049250313e-16,0.9999999999999998,1.0000000000000042,0.9999999999999997,4.551914400963142e-15,3.4170889047872146e-32,"[1, 2, 4, 8, 8, 8, 8, 8, 8, 8, 4, 2, 1]",8,936,0.0023870462711353033,False,False,False,724ef9179e6c47d81d15f4bed538ea5d7163eb8b,true,004ec68aadd3d3108195d617ae178ce96cf96301cf5f90ee80404b345eda37ce
25e46f202ac67439085cd6eb,pauli,rzz,,,0.0,0.0,33,16,mpo_zipup,1,1e-13,2.220446049250313e-16,0.9999999999999998,1.0000000000000004,0.9999999999999997,7.771561172376096e-16,1.558835962287375e-32,"[1, 2, 4, 8, 8, 8, 8, 8, 8, 8, 4, 2, 1]",8,936,0.002387046271135308,False,False,False,724ef9179e6c47d81d15f4bed538ea5d7163eb8b,true,004ec68aadd3d3108195d617ae178ce96cf96301cf5f90ee80404b345eda37ce
650ce0217617ce3edb731e1e,pauli,rzz,,,0.0,0.0,33,16,tebd_swap,1,1e-13,0.0,1.0,1.000000000000001,0.9999999999999997,1.4432899320127035e-15,6.11707162208899e-30,"[1, 2, 4, 8, 8, 8, 8, 8, 8, 8, 4, 2, 1]",8,936,0.0009459744045201212,False,True,False,724ef9179e6c47d81d15f4bed538ea5d7163eb8b,true,004ec68aadd3d3108195d617ae178ce96cf96301cf5f90ee80404b345eda37ce
316253d9e186fe15396acce5,pauli,rzz,,,0.0006283185307179586,0.0001,33,16,gate_local_2tdvp,1,1e-13,8.830536302184555e-11,0.9999999999116946,0.9999999999999983,0.9999999999999997,-1.3322676295501878e-15,4.726104266733333e-15,"[1, 2, 4, 8, 16, 16, 16, 16, 16, 8, 4, 2, 1]",16,2728,3.54297836173318e-07,True,True,False,724ef9179e6c47d81d15f4bed538ea5d7163eb8b,true,004ec68aadd3d3108195d617ae178ce96cf96301cf5f90ee80404b345eda37ce
96b6c8f96747fda894c8fbcc,pauli,rzz,,,0.0006283185307179586,0.0001,33,16,mpo_zipup,1,1e-13,0.0,1.0,0.9999999999999969,0.9999999999999997,-2.7755575615628914e-15,1.5121894394889755e-31,"[1, 2, 4, 8, 16, 16, 16, 16, 16, 8, 4, 2, 1]",16,2728,1.0807630256409315e-06,True,False,False,724ef9179e6c47d81d15f4bed538ea5d7163eb8b,true,004ec68aadd3d3108195d617ae178ce96cf96301cf5f90ee80404b345eda37ce
c06a609f10c41f84c2d86ad5,pauli,rzz,,,0.0006283185307179586,0.0001,33,16,tebd_swap,1,1e-13,4.440892098500626e-16,0.9999999999999996,0.9999999999999986,0.9999999999999997,-1.1102230246251565e-15,3.0619559181599044e-30,"[1, 2, 4, 8, 16, 16, 16, 16, 16, 8, 4, 2, 1]",16,2728,1.0807630256677765e-06,True,True,False,724ef9179e6c47d81d15f4bed538ea5d7163eb8b,true,004ec68aadd3d3108195d617ae178ce96cf96301cf5f90ee80404b345eda37ce
312e90be19f4b616e66bc43f,pauli,rzz,,,0.001986917653053424,0.000316227766,33,16,gate_local_2tdvp,1,1e-13,8.830898234890583e-10,0.9999999991169102,0.9999999999999764,0.9999999999999996,-2.3203661214665772e-14,4.7263768884952105e-14,"[1, 2, 4, 8, 16, 16, 16, 16, 16, 8, 4, 2, 1]",16,2728,1.1203639488639075e-06,True,True,False,724ef9179e6c47d81d15f4bed538ea5d7163eb8b,true,004ec68aadd3d3108195d617ae178ce96cf96301cf5f90ee80404b345eda37ce
726838428aa492ff49236039,pauli,rzz,,,0.001986917653053424,0.000316227766,33,16,mpo_zipup,1,1e-13,0.0,1.0,1.0,0.9999999999999996,4.440892098500626e-16,1.5191077683057353e-31,"[1, 2, 4, 8, 16, 16, 16, 16, 16, 8, 4, 2, 1]",16,2728,3.4176513005556763e-06,True,False,False,724ef9179e6c47d81d15f4bed538ea5d7163eb8b,true,004ec68aadd3d3108195d617ae178ce96cf96301cf5f90ee80404b345eda37ce
b41434246d0318fcedf4b299,pauli,rzz,,,0.001986917653053424,0.000316227766,33,16,tebd_swap,1,1e-13,0.0,1.0,1.0000000000000002,0.9999999999999996,6.661338147750939e-16,3.171828140110578e-30,"[1, 2, 4, 8, 16, 16, 16, 16, 16, 8, 4, 2, 1]",16,2728,3.4176513005857837e-06,True,True,False,724ef9179e6c47d81d15f4bed538ea5d7163eb8b,true,004ec68aadd3d3108195d617ae178ce96cf96301cf5f90ee80404b345eda37ce
b253353ae5f3cc16a130a397,pauli,rzz,,,0.006283185307179587,0.001,33,16,gate_local_2tdvp,1,1e-13,1.1102230246251565e-16,0.9999999999999999,0.9999999999999984,0.9999999999999997,-1.2212453270876722e-15,1.6676981866372626e-31,"[1, 2, 4, 8, 16, 16, 16, 16, 16, 8, 4, 2, 1]",16,2728,4.3357765569934594e-07,True,False,False,724ef9179e6c47d81d15f4bed538ea5d7163eb8b,true,004ec68aadd3d3108195d617ae178ce96cf96301cf5f90ee80404b345eda37ce
8f51e4d1fb0e57d3bf459b4c,pauli,rzz,,,0.006283185307179587,0.001,33,16,mpo_zipup,1,1e-13,0.0,1.0,1.0000000000000002,0.9999999999999997,5.551115123125783e-16,1.5051698918283076e-31,"[1, 2, 4, 8, 16, 16, 16, 16, 16, 8, 4, 2, 1]",16,2728,1.0807309189603794e-05,True,False,False,724ef9179e6c47d81d15f4bed538ea5d7163eb8b,true,004ec68aadd3d3108195d617ae178ce96cf96301cf5f90ee80404b345eda37ce
b7eeaf1f76c41e9a2616c385,pauli,rzz,,,0.006283185307179587,0.001,33,16,tebd_swap,1,1e-13,0.0,1.0,0.9999999999999966,0.9999999999999997,-3.1086244689504383e-15,3.11037812058276e-30,"[1, 2, 4, 8, 16, 16, 16, 16, 16, 8, 4, 2, 1]",16,2728,1.0807309189630935e-05,True,True,False,724ef9179e6c47d81d15f4bed538ea5d7163eb8b,true,004ec68aadd3d3108195d617ae178ce96cf96301cf5f90ee80404b345eda37ce
a28f8a072ab9f53d036ae840,pauli,rzz,,,0.019869176530534244,0.00316227766,33,16,gate_local_2tdvp,1,1e-13,0.0,1.0,1.0000000000000029,0.9999999999999993,3.552713678800501e-15,1.661537497230572e-31,"[1, 2, 4, 8, 16, 16, 16, 16, 16, 8, 4, 2, 1]",16,2728,1.3713450477336484e-06,True,False,False,724ef9179e6c47d81d15f4bed538ea5d7163eb8b,true,004ec68aadd3d3108195d617ae178ce96cf96301cf5f90ee80404b345eda37ce
8cc588eff5179125a600c432,pauli,rzz,,,0.019869176530534244,0.00316227766,33,16,mpo_zipup,1,1e-13,0.0,1.0,0.9999999999999996,0.9999999999999993,2.220446049250313e-16,1.5128431419722435e-31,"[1, 2, 4, 8, 16, 16, 16, 16, 16, 8, 4, 2, 1]",16,2728,3.4171965064053026e-05,True,False,False,724ef9179e6c47d81d15f4bed538ea5d7163eb8b,true,004ec68aadd3d3108195d617ae178ce96cf96301cf5f90ee80404b345eda37ce
ac7edf2706b9b973a4118e51,pauli,rzz,,,0.019869176530534244,0.00316227766,33,16,tebd_swap,1,1e-13,1.1102230246251565e-16,0.9999999999999999,0.9999999999999976,0.9999999999999993,-1.7763568394002505e-15,3.196703911540835e-30,"[1, 2, 4, 8, 16, 16, 16, 16, 16, 8, 4, 2, 1]",16,2728,3.417196506408879e-05,True,True,False,724ef9179e6c47d81d15f4bed538ea5d7163eb8b,true,004ec68aadd3d3108195d617ae178ce96cf96301cf5f90ee80404b345eda37ce
6299ec2bec6b9398a1a50b30,pauli,rzz,,,0.06283185307179587,0.01,33,16,gate_local_2tdvp,1,1e-13,0.0,1.0,0.9999999999999996,0.9999999999999997,-1.1102230246251565e-16,1.6568795769556884e-31,"[1, 2, 4, 8, 16, 16, 16, 16, 16, 8, 4, 2, 1]",16,2728,4.338972428334517e-06,True,False,False,724ef9179e6c47d81d15f4bed538ea5d7163eb8b,true,004ec68aadd3d3108195d617ae178ce96cf96301cf5f90ee80404b345eda37ce
25c91138fe91f1366c29ccb8,pauli,rzz,,,0.06283185307179587,0.01,33,16,mpo_zipup,1,1e-13,2.220446049250313e-16,0.9999999999999998,1.0000000000000018,0.9999999999999997,2.1094237467877974e-15,1.5285071503744322e-31,"[1, 2, 4, 8, 16, 16, 16, 16, 16, 8, 4, 2, 1]",16,2728,0.00010798537148487452,True,False,False,724ef9179e6c47d81d15f4bed538ea5d7163eb8b,true,004ec68aadd3d3108195d617ae178ce96cf96301cf5f90ee80404b345eda37ce
4d40ee477eaef84e2ec8cbf1,pauli,rzz,,,0.06283185307179587,0.01,33,16,tebd_swap,1,1e-13,0.0,1.0,1.0,0.9999999999999997,3.3306690738754696e-16,2.9831167633674697e-30,"[1, 2, 4, 8, 16, 16, 16, 16, 16, 8, 4, 2, 1]",16,2728,0.00010798537148490319,True,True,False,724ef9179e6c47d81d15f4bed538ea5d7163eb8b,true,004ec68aadd3d3108195d617ae178ce96cf96301cf5f90ee80404b345eda37ce
766e975c306d72b731cd069f,pauli,rzz,,,0.6283185307179586,0.1,33,16,gate_local_2tdvp,1,1e-13,2.220446049250313e-16,0.9999999999999998,1.0000000000000013,0.9999999999999994,1.887379141862766e-15,1.5352556189916608e-31,"[1, 2, 4, 8, 16, 16, 16, 16, 16, 8, 4, 2, 1]",16,2728,4.3530017113979604e-05,True,False,False,724ef9179e6c47d81d15f4bed538ea5d7163eb8b,true,004ec68aadd3d3108195d617ae178ce96cf96301cf5f90ee80404b345eda37ce
94ab1c7f1d7b07787f9d015f,pauli,rzz,,,0.6283185307179586,0.1,33,16,mpo_zipup,1,1e-13,0.0,1.0,1.0000000000000002,0.9999999999999994,7.771561172376096e-16,1.3741856795077143e-31,"[1, 2, 4, 8, 16, 16, 16, 16, 16, 8, 4, 2, 1]",16,2728,0.0010161209212151902,True,False,False,724ef9179e6c47d81d15f4bed538ea5d7163eb8b,true,004ec68aadd3d3108195d617ae178ce96cf96301cf5f90ee80404b345eda37ce
a26cab9032099372e0bc9e80,pauli,rzz,,,0.6283185307179586,0.1,33,16,tebd_swap,1,1e-13,0.0,1.0,1.0000000000000002,0.9999999999999994,7.771561172376096e-16,3.1420766209203206e-30,"[1, 2, 4, 8, 16, 16, 16, 16, 16, 8, 4, 2, 1]",16,2728,0.0009459744045201212,True,True,False,724ef9179e6c47d81d15f4bed538ea5d7163eb8b,true,004ec68aadd3d3108195d617ae178ce96cf96301cf5f90ee80404b345eda37ce
c1551f225dbdca98141a579d,pauli,rzz,,,1.5707963267948966,0.25,33,16,gate_local_2tdvp,1,1e-13,0.0,1.0,1.000000000000013,0.9999999999999997,1.3433698597964394e-14,1.1491199322261515e-31,"[1, 2, 4, 8, 16, 16, 16, 16, 16, 8, 4, 2, 1]",16,2728,0.00010755219262432979,True,False,False,724ef9179e6c47d81d15f4bed538ea5d7163eb8b,true,004ec68aadd3d3108195d617ae178ce96cf96301cf5f90ee80404b345eda37ce
d5b74f5ff53a077b4df5bce1,pauli,rzz,,,1.5707963267948966,0.25,33,16,mpo_zipup,1,1e-13,2.220446049250313e-16,0.9999999999999998,1.0000000000000038,0.9999999999999997,4.107825191113079e-15,9.672862256507434e-32,"[1, 2, 4, 8, 16, 16, 16, 16, 16, 8, 4, 2, 1]",16,2728,0.0017575054154945408,True,False,False,724ef9179e6c47d81d15f4bed538ea5d7163eb8b,true,004ec68aadd3d3108195d617ae178ce96cf96301cf5f90ee80404b345eda37ce
19752dff6bdcc44f5b044e72,pauli,rzz,,,1.5707963267948966,0.25,33,16,tebd_swap,1,1e-13,2.220446049250313e-16,0.9999999999999998,0.9999999999999981,0.9999999999999997,-1.5543122344752192e-15,3.052790396865001e-30,"[1, 2, 4, 8, 16, 16, 16, 16, 16, 8, 4, 2, 1]",16,2728,0.0009459744045201212,True,True,False,724ef9179e6c47d81d15f4bed538ea5d7163eb8b,true,004ec68aadd3d3108195d617ae178ce96cf96301cf5f90ee80404b345eda37ce
0a090a156e2bb3bfbe1ec3db,cnot,cx,1,10,,,11,8,gate_local_2tdvp,1,1e-13,0.139959934444015,0.860040065555985,1.0,0.9999999999999993,6.661338147750939e-16,0.010227234954835006,"[1, 2, 4, 8, 8, 8, 8, 8, 8, 8, 4, 2, 1]",8,936,0.004885372912745585,True,True,True,724ef9179e6c47d81d15f4bed538ea5d7163eb8b,true,004ec68aadd3d3108195d617ae178ce96cf96301cf5f90ee80404b345eda37ce
e1022cdac2cd01451fcc33c9,cnot,cx,1,10,,,11,8,mpo_zipup,1,1e-13,0.04229100233685801,0.957708997663142,0.9786260765293052,0.9999999999999993,-0.02137392347069411,0.04298529102693897,"[1, 2, 4, 8, 8, 8, 8, 8, 8, 8, 4, 2, 1]",8,936,0.01564261784973258,True,True,True,724ef9179e6c47d81d15f4bed538ea5d7163eb8b,true,004ec68aadd3d3108195d617ae178ce96cf96301cf5f90ee80404b345eda37ce
b2f8331dbdf2c9dceb44810e,cnot,cx,1,10,,,11,8,tebd_swap,1,1e-13,0.046778356587868664,0.9532216434121313,0.9730662753139987,0.9999999999999993,-0.026933724686000637,0.05441462542415256,"[1, 2, 4, 8, 8, 8, 8, 8, 8, 8, 4, 2, 1]",8,936,0.00406076177093858,True,True,True,724ef9179e6c47d81d15f4bed538ea5d7163eb8b,true,004ec68aadd3d3108195d617ae178ce96cf96301cf5f90ee80404b345eda37ce
e57ea9b8ab11a759843fca92,cnot,cx,1,10,,,11,16,gate_local_2tdvp,1,1e-13,0.0,1.0,1.000000000000007,0.9999999999999993,7.771561172376096e-15,1.5557047100699007e-31,"[1, 2, 4, 8, 16, 16, 16, 16, 16, 8, 4, 2, 1]",16,2728,3.382501438741857e-05,True,False,False,724ef9179e6c47d81d15f4bed538ea5d7163eb8b,true,004ec68aadd3d3108195d617ae178ce96cf96301cf5f90ee80404b345eda37ce
e21dbdc1dc595aec09ed418c,cnot,cx,1,10,,,11,16,mpo_zipup,1,1e-13,0.0,1.0,1.000000000000001,0.9999999999999993,1.7763568394002505e-15,1.3825713807112385e-31,"[1, 2, 4, 8, 16, 16, 16, 16, 16, 8, 4, 2, 1]",16,2728,0.001517883817746822,True,False,False,724ef9179e6c47d81d15f4bed538ea5d7163eb8b,true,004ec68aadd3d3108195d617ae178ce96cf96301cf5f90ee80404b345eda37ce
14b6e5626e919d5c1e65bd49,cnot,cx,1,10,,,11,16,tebd_swap,1,1e-13,0.0,1.0,0.9999999999999994,0.9999999999999993,1.1102230246251565e-16,6.379655948381041e-31,"[1, 2, 4, 8, 16, 16, 16, 16, 16, 8, 4, 2, 1]",16,2728,0.00015502728930315342,True,False,False,724ef9179e6c47d81d15f4bed538ea5d7163eb8b,true,004ec68aadd3d3108195d617ae178ce96cf96301cf5f90ee80404b345eda37ce
48b30ba70a380df2526ce7c5,cnot,cx,1,10,,,22,8,gate_local_2tdvp,1,1e-13,0.17274173923903302,0.827258260760967,1.0000000000000002,1.0000000000000013,-1.1102230246251565e-15,0.026495803356568877,"[1, 2, 4, 8, 8, 8, 8, 8, 8, 8, 4, 2, 1]",8,936,0.008466383934441234,True,True,True,724ef9179e6c47d81d15f4bed538ea5d7163eb8b,true,004ec68aadd3d3108195d617ae178ce96cf96301cf5f90ee80404b345eda37ce
81f468bd3b06497573423146,cnot,cx,1,10,,,22,8,mpo_zipup,1,1e-13,0.08238683379681688,0.9176131662031831,0.9579212734892084,1.0000000000000013,-0.04207872651079292,0.0851458168296719,"[1, 2, 4, 8, 8, 8, 8, 8, 8, 8, 4, 2, 1]",8,936,0.008273504506353809,True,True,True,724ef9179e6c47d81d15f4bed538ea5d7163eb8b,true,004ec68aadd3d3108195d617ae178ce96cf96301cf5f90ee80404b345eda37ce
afba39d82db15a020858b3d3,cnot,cx,1,10,,,22,8,tebd_swap,1,1e-13,0.10045476950488608,0.8995452304951139,0.9433863226242383,1.0000000000000013,-0.05661367737576306,0.11560375017300047,"[1, 2, 4, 8, 8, 8, 8, 8, 8, 8, 4, 2, 1]",8,936,0.013160006800971336,True,True,True,724ef9179e6c47d81d15f4bed538ea5d7163eb8b,true,004ec68aadd3d3108195d617ae178ce96cf96301cf5f90ee80404b345eda37ce
50b35887fceca8fc2aaa67eb,cnot,cx,1,10,,,22,16,gate_local_2tdvp,1,1e-13,2.220446049250313e-16,0.9999999999999998,1.0000000000000024,1.0000000000000013,1.1102230246251565e-15,1.125468234875036e-31,"[1, 2, 4, 8, 16, 16, 16, 16, 16, 8, 4, 2, 1]",16,2728,3.144284475936173e-05,True,False,False,724ef9179e6c47d81d15f4bed538ea5d7163eb8b,true,004ec68aadd3d3108195d617ae178ce96cf96301cf5f90ee80404b345eda37ce
f908a5da29fbaadfcd45dd72,cnot,cx,1,10,,,22,16,mpo_zipup,1,1e-13,0.0,1.0,1.000000000000002,1.0000000000000013,6.661338147750939e-16,1.1335364498534608e-31,"[1, 2, 4, 8, 16, 16, 16, 16, 16, 8, 4, 2, 1]",16,2728,0.0010571557947611412,True,False,False,724ef9179e6c47d81d15f4bed538ea5d7163eb8b,true,004ec68aadd3d3108195d617ae178ce96cf96301cf5f90ee80404b345eda37ce
09b5a948c19f595b687fa0bf,cnot,cx,1,10,,,22,16,tebd_swap,1,1e-13,2.220446049250313e-16,0.9999999999999998,1.0000000000000044,1.0000000000000013,3.1086244689504383e-15,1.038185551286358e-30,"[1, 2, 4, 8, 16, 16, 16, 16, 16, 8, 4, 2, 1]",16,2728,0.0006041696513660829,True,False,False,724ef9179e6c47d81d15f4bed538ea5d7163eb8b,true,004ec68aadd3d3108195d617ae178ce96cf96301cf5f90ee80404b345eda37ce
c90fe76b15c8a838658e415e,cnot,cx,1,10,,,33,8,gate_local_2tdvp,1,1e-13,0.20773739442115335,0.7922626055788466,1.0000000000000004,0.9999999999999996,8.881784197001252e-16,0.02688090334268443,"[1, 2, 4, 8, 8, 8, 8, 8, 8, 8, 4, 2, 1]",8,936,0.012253103169953506,True,True,True,724ef9179e6c47d81d15f4bed538ea5d7163eb8b,true,004ec68aadd3d3108195d617ae178ce96cf96301cf5f90ee80404b345eda37ce
06b5895ed6a5e4e33b234bf1,cnot,cx,1,10,,,33,8,mpo_zipup,1,1e-13,0.10299783161262921,0.8970021683873708,0.947101984153433,0.9999999999999996,-0.052898015846566504,0.10723878954725194,"[1, 2, 4, 8, 8, 8, 8, 8, 8, 8, 4, 2, 1]",8,936,0.041140723078228324,True,True,True,724ef9179e6c47d81d15f4bed538ea5d7163eb8b,true,004ec68aadd3d3108195d617ae178ce96cf96301cf5f90ee80404b345eda37ce
226943e85c34923432b272d0,cnot,cx,1,10,,,33,8,tebd_swap,1,1e-13,0.12231570172465023,0.8776842982753498,0.9280127800200706,0.9999999999999996,-0.07198721997992896,0.14814372287645383,"[1, 2, 4, 8, 8, 8, 8, 8, 8, 8, 4, 2, 1]",8,936,0.011516327277806195,True,True,True,724ef9179e6c47d81d15f4bed538ea5d7163eb8b,true,004ec68aadd3d3108195d617ae178ce96cf96301cf5f90ee80404b345eda37ce
7cfd24968c6ad4e39c96bdbc,cnot,cx,1,10,,,33,16,gate_local_2tdvp,1,1e-13,0.0,1.0,1.0000000000000024,0.9999999999999996,2.886579864025407e-15,1.0435209169366692e-31,"[1, 2, 4, 8, 16, 16, 16, 16, 16, 8, 4, 2, 1]",16,2728,0.00019875993723429146,True,False,False,724ef9179e6c47d81d15f4bed538ea5d7163eb8b,true,004ec68aadd3d3108195d617ae178ce96cf96301cf5f90ee80404b345eda37ce
52963171e750ad5921b4f804,cnot,cx,1,10,,,33,16,mpo_zipup,1,1e-13,0.0,1.0,0.9999999999999996,0.9999999999999996,0.0,7.957884720408309e-32,"[1, 2, 4, 8, 16, 16, 16, 16, 16, 8, 4, 2, 1]",16,2728,0.004330492895078079,True,False,False,724ef9179e6c47d81d15f4bed538ea5d7163eb8b,true,004ec68aadd3d3108195d617ae178ce96cf96301cf5f90ee80404b345eda37ce
e3e878b5d9f501a70fe5848d,cnot,cx,1,10,,,33,16,tebd_swap,1,1e-13,1.1102230246251565e-16,0.9999999999999999,0.9999999999999984,0.9999999999999996,-1.1102230246251565e-15,2.9486753440088835e-30,"[1, 2, 4, 8, 16, 16, 16, 16, 16, 8, 4, 2, 1]",16,2728,0.0009459744045201212,True,True,False,724ef9179e6c47d81d15f4bed538ea5d7163eb8b,true,004ec68aadd3d3108195d617ae178ce96cf96301cf5f90ee80404b345eda37ce
16aba94ebcde0bd849036a57,cnot,cx,10,1,,,11,8,gate_local_2tdvp,1,1e-13,0.16565148571911614,0.8343485142808839,0.9999999999999997,0.9999999999999993,3.3306690738754696e-16,0.012688877253208554,"[1, 2, 4, 8, 8, 8, 8, 8, 8, 8, 4, 2, 1]",8,936,0.0045640019252411535,True,True,True,724ef9179e6c47d81d15f4bed538ea5d7163eb8b,true,004ec68aadd3d3108195d617ae178ce96cf96301cf5f90ee80404b345eda37ce
dcc051d5c8b6460397fce45e,cnot,cx,10,1,,,11,8,mpo_zipup,1,1e-13,0.050402686128545704,0.9495973138714543,0.9744728389603574,0.9999999999999993,-0.02552716103964192,0.051391768834408984,"[1, 2, 4, 8, 8, 8, 8, 8, 8, 8, 4, 2, 1]",8,936,0.018723448573907217,True,True,True,724ef9179e6c47d81d15f4bed538ea5d7163eb8b,true,004ec68aadd3d3108195d617ae178ce96cf96301cf5f90ee80404b345eda37ce
91c5dbe0dce3686fe79a0b30,cnot,cx,10,1,,,11,8,tebd_swap,1,1e-13,0.05608229153022759,0.9439177084697724,0.9677235851460918,0.9999999999999993,-0.03227641485390753,0.06530790807668437,"[1, 2, 4, 8, 8, 8, 8, 8, 8, 8, 4, 2, 1]",8,936,0.00406076177093858,True,True,True,724ef9179e6c47d81d15f4bed538ea5d7163eb8b,true,004ec68aadd3d3108195d617ae178ce96cf96301cf5f90ee80404b345eda37ce
00d4989feec3ae38a4278a0e,cnot,cx,10,1,,,11,16,gate_local_2tdvp,1,1e-13,0.0,1.0,0.9999999999999737,0.9999999999999993,-2.5646151868841116e-14,1.367986392241611e-31,"[1, 2, 4, 8, 16, 16, 16, 16, 16, 8, 4, 2, 1]",16,2728,1.3561219044627412e-05,True,False,False,724ef9179e6c47d81d15f4bed538ea5d7163eb8b,true,004ec68aadd3d3108195d617ae178ce96cf96301cf5f90ee80404b345eda37ce
38e13cf7c3a5174863095dd7,cnot,cx,10,1,,,11,16,mpo_zipup,1,1e-13,0.0,1.0,1.0000000000000022,0.9999999999999993,2.886579864025407e-15,1.103511175851405e-31,"[1, 2, 4, 8, 16, 16, 16, 16, 16, 8, 4, 2, 1]",16,2728,0.0015690271692832141,True,False,False,724ef9179e6c47d81d15f4bed538ea5d7163eb8b,true,004ec68aadd3d3108195d617ae178ce96cf96301cf5f90ee80404b345eda37ce
fdc6ebc8117d9ba0e578fc15,cnot,cx,10,1,,,11,16,tebd_swap,1,1e-13,0.0,1.0,1.0,0.9999999999999993,6.661338147750939e-16,5.5108050583719915e-31,"[1, 2, 4, 8, 16, 16, 16, 16, 16, 8, 4, 2, 1]",16,2728,0.00015502728930315342,True,False,False,724ef9179e6c47d81d15f4bed538ea5d7163eb8b,true,004ec68aadd3d3108195d617ae178ce96cf96301cf5f90ee80404b345eda37ce
734deb14878bd081b00527c5,cnot,cx,10,1,,,22,8,gate_local_2tdvp,1,1e-13,0.21428098115118577,0.7857190188488142,1.0000000000000007,1.0000000000000016,-8.881784197001252e-16,0.027158124720713113,"[1, 2, 4, 8, 8, 8, 8, 8, 8, 8, 4, 2, 1]",8,936,0.01467240922116993,True,True,True,724ef9179e6c47d81d15f4bed538ea5d7163eb8b,true,004ec68aadd3d3108195d617ae178ce96cf96301cf5f90ee80404b345eda37ce
351a61b50aab588ba3521a6a,cnot,cx,10,1,,,22,8,mpo_zipup,1,1e-13,0.11079385212662352,0.8892061478733765,0.9429772785562641,1.0000000000000016,-0.057022721443737434,0.1159981013837365,"[1, 2, 4, 8, 8, 8, 8, 8, 8, 8, 4, 2, 1]",8,936,0.05928685083471586,True,True,True,724ef9179e6c47d81d15f4bed538ea5d7163eb8b,true,004ec68aadd3d3108195d617ae178ce96cf96301cf5f90ee80404b345eda37ce
345c7f8eba2085ccc4bc8d78,cnot,cx,10,1,,,22,8,tebd_swap,1,1e-13,0.13212325096869604,0.867876749031304,0.9186600884483964,1.0000000000000016,-0.08133991155160514,0.1680566939161638,"[1, 2, 4, 8, 8, 8, 8, 8, 8, 8, 4, 2, 1]",8,936,0.02575331064039349,True,True,True,724ef9179e6c47d81d15f4bed538ea5d7163eb8b,true,004ec68aadd3d3108195d617ae178ce96cf96301cf5f90ee80404b345eda37ce
1d4e8a9b3658f4b087cbc568,cnot,cx,10,1,,,22,16,gate_local_2tdvp,1,1e-13,0.0,1.0,1.000000000000034,1.0000000000000016,3.241851231905457e-14,1.0939247627156908e-31,"[1, 2, 4, 8, 16, 16, 16, 16, 16, 8, 4, 2, 1]",16,2728,1.5601964142217664e-05,True,False,False,724ef9179e6c47d81d15f4bed538ea5d7163eb8b,true,004ec68aadd3d3108195d617ae178ce96cf96301cf5f90ee80404b345eda37ce
92bebe10f6dcfd6b119e6cef,cnot,cx,10,1,,,22,16,mpo_zipup,1,1e-13,0.0,1.0,1.0000000000000016,1.0000000000000016,0.0,8.920354987619195e-32,"[1, 2, 4, 8, 16, 16, 16, 16, 16, 8, 4, 2, 1]",16,2728,0.0009842494085639608,True,False,False,724ef9179e6c47d81d15f4bed538ea5d7163eb8b,true,004ec68aadd3d3108195d617ae178ce96cf96301cf5f90ee80404b345eda37ce
979770c61e26d48872337958,cnot,cx,10,1,,,22,16,tebd_swap,1,1e-13,4.440892098500626e-16,0.9999999999999996,1.0000000000000058,1.0000000000000016,4.218847493575595e-15,1.0298146945947308e-30,"[1, 2, 4, 8, 16, 16, 16, 16, 16, 8, 4, 2, 1]",16,2728,0.0006041696513660829,True,False,False,724ef9179e6c47d81d15f4bed538ea5d7163eb8b,true,004ec68aadd3d3108195d617ae178ce96cf96301cf5f90ee80404b345eda37ce
aac41719090dfa33fc128524,cnot,cx,10,1,,,33,8,gate_local_2tdvp,1,1e-13,0.20766203905231706,0.7923379609476829,0.9999999999999997,0.9999999999999997,0.0,0.0281339028355606,"[1, 2, 4, 8, 8, 8, 8, 8, 8, 8, 4, 2, 1]",8,936,0.011938675425326938,True,True,True,724ef9179e6c47d81d15f4bed538ea5d7163eb8b,true,004ec68aadd3d3108195d617ae178ce96cf96301cf5f90ee80404b345eda37ce
5fc0c0e5f0a2d7c04dff3162,cnot,cx,10,1,,,33,8,mpo_zipup,1,1e-13,0.09205440062956527,0.9079455993704347,0.9528617944751668,0.9999999999999997,-0.04713820552483283,0.09545870328414154,"[1, 2, 4, 8, 8, 8, 8, 8, 8, 8, 4, 2, 1]",8,936,0.024344098894940075,True,True,True,724ef9179e6c47d81d15f4bed538ea5d7163eb8b,true,004ec68aadd3d3108195d617ae178ce96cf96301cf5f90ee80404b345eda37ce
b6d201618816e0246c4c67d4,cnot,cx,10,1,,,33,8,tebd_swap,1,1e-13,0.1153656738886798,0.8846343261113202,0.9292356295934957,0.9999999999999997,-0.07076437040650396,0.14556649302081676,"[1, 2, 4, 8, 8, 8, 8, 8, 8, 8, 4, 2, 1]",8,936,0.011516327277806195,True,True,True,724ef9179e6c47d81d15f4bed538ea5d7163eb8b,true,004ec68aadd3d3108195d617ae178ce96cf96301cf5f90ee80404b345eda37ce
5fbfac31ed69b1f936421e43,cnot,cx,10,1,,,33,16,gate_local_2tdvp,1,1e-13,2.220446049250313e-16,0.9999999999999998,1.0000000000000022,0.9999999999999997,2.55351295663786e-15,1.2986133114415875e-31,"[1, 2, 4, 8, 16, 16, 16, 16, 16, 8, 4, 2, 1]",16,2728,0.00011958591338053424,True,False,False,724ef9179e6c47d81d15f4bed538ea5d7163eb8b,true,004ec68aadd3d3108195d617ae178ce96cf96301cf5f90ee80404b345eda37ce
37bf8155ecd17e8aa222064c,cnot,cx,10,1,,,33,16,mpo_zipup,1,1e-13,2.220446049250313e-16,0.9999999999999998,1.000000000000003,0.9999999999999997,3.4416913763379853e-15,1.0390687210884255e-31,"[1, 2, 4, 8, 16, 16, 16, 16, 16, 8, 4, 2, 1]",16,2728,0.0016991727943110957,True,False,False,724ef9179e6c47d81d15f4bed538ea5d7163eb8b,true,004ec68aadd3d3108195d617ae178ce96cf96301cf5f90ee80404b345eda37ce
18ef9341a1cef8fc39adec8f,cnot,cx,10,1,,,33,16,tebd_swap,1,1e-13,0.0,1.0,1.0000000000000004,0.9999999999999997,7.771561172376096e-16,2.978541787974445e-30,"[1, 2, 4, 8, 16, 16, 16, 16, 16, 8, 4, 2, 1]",16,2728,0.0009459744045201212,True,True,False,724ef9179e6c47d81d15f4bed538ea5d7163eb8b,true,004ec68aadd3d3108195d617ae178ce96cf96301cf5f90ee80404b345eda37ce
