{
  "case_name": "markov_ref",
  "L": 5,
  "k": 30,
  "dt": 0.1,
  "cut": 15,
  "J": 0.0,
  "g": 1.0,
  "n_pasts": 32,
  "n_futures": 32,
  "n_seeds": 1,
  "delta": 149.34186746751624,
  "delta_norm": 0.14584166687426237,
  "entropy": 1.799264878968756,
  "rank": 20,
  "participation_ratio": 3.9794735794746985,
  "max_row_distance": 5.433862570833977,
  "mean_row_distance": 2.7246617760100627,
  "median_row_distance": 2.750895068207499,
  "delta_z": 116.10028014320521,
  "delta_z_norm": 0.35299990351660354,
  "entropy_z": 1.5855075686209301,
  "rank_z": 15,
  "participation_ratio_z": 3.4756172555590434
}