{
  "case_name": "markov_ref",
  "cut": 10,
  "cut_comparison_mode": "cut_comparison_fresh_probes",
  "J": 0.0,
  "g": 1.0,
  "L": 2,
  "k": 20,
  "dt": 0.1,
  "n_pasts": 32,
  "n_futures": 32,
  "fraction_terminated_early": 0.0,
  "fraction_any_prob_skipped_renormalize": 0.0,
  "fraction_weight_lt_1e-12": 0.0146484375,
  "fraction_weight_lt_1e-10": 0.150390625,
  "fraction_weight_lt_1e-08": 0.54296875,
  "fraction_weight_lt_1e-06": 0.8916015625,
  "mean_cumulative_weight": 2.614675482644228e-06,
  "median_cumulative_weight": 5.717195637779313e-09,
  "metrics_V_raw": {
    "frobenius": 31.99999978775938,
    "frobenius_sq": 1023.9999864166002,
    "entropy_sv": 2.141404136484463e-27,
    "rank_tol": 1,
    "participation_ratio": 1.0,
    "mean_row_norm": 5.656854211973191,
    "std_row_norm": 0.0,
    "mean_col_norm": 1.4184412567400706,
    "std_col_norm": 1.4127351209733867
  },
  "metrics_V_centered_past": {
    "frobenius": 0.0,
    "frobenius_sq": 0.0,
    "entropy_sv": 0.0,
    "rank_tol": 0,
    "participation_ratio": 0.0,
    "mean_row_norm": 0.0,
    "std_row_norm": 0.0,
    "mean_col_norm": 0.0,
    "std_col_norm": 0.0
  },
  "metrics_V_centered_global": {
    "frobenius": 30.64208815921549,
    "frobenius_sq": 938.9375667571342,
    "entropy_sv": 2.141404136484463e-27,
    "rank_tol": 1,
    "participation_ratio": 1.0,
    "mean_row_norm": 5.416807081774323,
    "std_row_norm": 0.0,
    "mean_col_norm": 1.5055025341699204,
    "std_col_norm": 1.1860361886102857
  },
  "metrics_V_centered_rowcol": {
    "frobenius": 0.0,
    "frobenius_sq": 0.0,
    "entropy_sv": 0.0,
    "rank_tol": 0,
    "participation_ratio": 0.0,
    "mean_row_norm": 0.0,
    "std_row_norm": 0.0,
    "mean_col_norm": 0.0,
    "std_col_norm": 0.0
  },
  "row_distance_raw": {
    "max_row_distance": 0.0,
    "mean_row_distance": 0.0,
    "median_row_distance": 0.0
  },
  "row_distance_centered_past": {
    "max_row_distance": 0.0,
    "mean_row_distance": 0.0,
    "median_row_distance": 0.0
  },
  "delta_norm_centered_past": 0.0,
  "corr_weight_vs_centered_block_norm": NaN,
  "corr_terminated_early_vs_centered_block_norm": NaN,
  "summarize_weights": {
    "mean_weight_by_past": [
      1.7216086767083619e-06,
      2.184674672053211e-07,
      1.0251484248402665e-08,
      4.182898714001737e-06,
      1.990139342035587e-07,
      1.3151923882210073e-10,
      3.927494666014053e-08,
      5.697092216065113e-07,
      1.227359737390941e-09,
      5.273566566436421e-08,
      2.0659011281240478e-09,
      2.0219175766881902e-08,
      1.6471501218387894e-09,
      5.2894592347635476e-09,
      6.845171805534113e-06,
      1.6142006657194276e-09,
      4.021337572307183e-08,
      7.690064936569018e-08,
      4.0092449180815256e-08,
      6.186700041704708e-10,
      5.949209980815913e-06,
      5.001433314623258e-09,
      5.6475194306524216e-05,
      3.8891886263354275e-08,
      4.332312128248574e-06,
      1.0906714872488295e-06,
      5.589085372845599e-07,
      4.4931392855719574e-08,
      1.7553684834760223e-07,
      2.105905823988422e-09,
      9.64775848802404e-07,
      2.9238630857240534e-09
    ],
    "mean_weight_by_future": [
      5.371615908139381e-07,
      2.7303506740431854e-07,
      2.087612194793165e-06,
      2.023154379703901e-07,
      1.540288916935513e-07,
      3.3402293846976257e-10,
      2.482341580320811e-07,
      5.398622271706949e-07,
      3.4490094560309096e-07,
      6.516541538768891e-09,
      1.4757930016286438e-06,
      2.3754325049183035e-07,
      3.956628618735331e-08,
      2.7454471038287007e-07,
      4.6291712713301886e-08,
      5.8272626478882314e-08,
      2.1643965308943104e-06,
      2.2819582623551367e-06,
      3.971365976271497e-09,
      8.572952605943332e-09,
      4.663082179777643e-06,
      3.69534480644285e-05,
      2.195626403239728e-08,
      5.23767231674088e-06,
      1.8923095782246171e-06,
      5.894825656329211e-06,
      1.0799801509909684e-06,
      9.69844718105392e-07,
      1.7812417547955925e-08,
      6.759886955244365e-08,
      2.117719512406668e-07,
      1.567440149997162e-05
    ]
  },
  "mean_centered_block_norm_by_past": [
    0.0,
    0.0,
    0.0,
    0.0,
    0.0,
    0.0,
    0.0,
    0.0,
    0.0,
    0.0,
    0.0,
    0.0,
    0.0,
    0.0,
    0.0,
    0.0,
    0.0,
    0.0,
    0.0,
    0.0,
    0.0,
    0.0,
    0.0,
    0.0,
    0.0,
    0.0,
    0.0,
    0.0,
    0.0,
    0.0,
    0.0,
    0.0
  ],
  "mean_centered_block_norm_by_future": [
    0.0,
    0.0,
    0.0,
    0.0,
    0.0,
    0.0,
    0.0,
    0.0,
    0.0,
    0.0,
    0.0,
    0.0,
    0.0,
    0.0,
    0.0,
    0.0,
    0.0,
    0.0,
    0.0,
    0.0,
    0.0,
    0.0,
    0.0,
    0.0,
    0.0,
    0.0,
    0.0,
    0.0,
    0.0,
    0.0,
    0.0,
    0.0
  ],
  "weighted_variants": {
    "masked_lt_1e-12_thr1e-12": {
      "frobenius": 31.764760141199776,
      "frobenius_sq": 1008.999986827954,
      "entropy_sv": 0.06836889233879277,
      "rank_tol": 4,
      "participation_ratio": 0.9785262668437241,
      "mean_row_norm": 5.614571413015001,
      "std_row_norm": 0.08994585627781825,
      "mean_col_norm": 1.4073595478354293,
      "std_col_norm": 1.4030090872565955
    },
    "weighted_sqrt_thr1e-12": {
      "frobenius": 0.051743865585978085,
      "frobenius_sq": 0.0026774276257797674,
      "entropy_sv": 2.141404136484463e-27,
      "rank_tol": 1,
      "participation_ratio": 1.0,
      "mean_row_norm": 0.004431817004721499,
      "std_row_norm": 0.00812982474705553,
      "mean_col_norm": 0.0014539451644290787,
      "std_col_norm": 0.0028943858783358808
    },
    "weighted_linear_thr1e-12": {
      "frobenius": 0.0009126529691399931,
      "frobenius_sq": 8.329354420800452e-07,
      "entropy_sv": 2.141404136484463e-27,
      "rank_tol": 1,
      "participation_ratio": 1.0,
      "mean_row_norm": 4.1453292900712545e-05,
      "std_row_norm": 0.00015841426156941284,
      "mean_col_norm": 1.4517569059362073e-05,
      "std_col_norm": 5.5270491022746346e-05
    },
    "masked_lt_1e-10_thr1e-10": {
      "frobenius": 29.49576219760021,
      "frobenius_sq": 869.9999876173816,
      "entropy_sv": 0.39108923660830686,
      "rank_tol": 12,
      "participation_ratio": 0.851333068143205,
      "mean_row_norm": 5.1750766672829975,
      "std_row_norm": 0.6474414963023903,
      "mean_col_norm": 1.2989786258254319,
      "std_col_norm": 1.3106495129940514
    },
    "weighted_sqrt_thr1e-10": {
      "frobenius": 0.051743865585978085,
      "frobenius_sq": 0.0026774276257797674,
      "entropy_sv": 2.141404136484463e-27,
      "rank_tol": 1,
      "participation_ratio": 1.0,
      "mean_row_norm": 0.004431817004721499,
      "std_row_norm": 0.00812982474705553,
      "mean_col_norm": 0.0014539451644290787,
      "std_col_norm": 0.0028943858783358808
    },
    "weighted_linear_thr1e-10": {
      "frobenius": 0.0009126529691399931,
      "frobenius_sq": 8.329354420800452e-07,
      "entropy_sv": 2.141404136484463e-27,
      "rank_tol": 1,
      "participation_ratio": 1.0,
      "mean_row_norm": 4.1453292900712545e-05,
      "std_row_norm": 0.00015841426156941284,
      "mean_col_norm": 1.4517569059362073e-05,
      "std_col_norm": 5.5270491022746346e-05
    },
    "masked_lt_1e-08_thr1e-08": {
      "frobenius": 21.633307476750083,
      "frobenius_sq": 467.9999923836111,
      "entropy_sv": 0.7611868563318853,
      "rank_tol": 15,
      "participation_ratio": 0.6832584541168001,
      "mean_row_norm": 3.393847126616486,
      "std_row_norm": 1.7908156925090473,
      "mean_col_norm": 0.9180667179638151,
      "std_col_norm": 0.9945563376497194
    },
    "weighted_sqrt_thr1e-08": {
      "frobenius": 0.051743865585978085,
      "frobenius_sq": 0.0026774276257797674,
      "entropy_sv": 2.141404136484463e-27,
      "rank_tol": 1,
      "participation_ratio": 1.0,
      "mean_row_norm": 0.004431817004721499,
      "std_row_norm": 0.00812982474705553,
      "mean_col_norm": 0.0014539451644290787,