regime,seed,epoch,train_mse,val_mse
random_discrete,0,1,0.23365549743175507,1.7004398107528687
standard_discrete,0,1,0.4333569407463074,1.6499239206314087
tetrahedral_discrete,0,1,0.2949765920639038,1.7455931901931763
continuous,0,1,0.534844160079956,1.111562728881836
