{
  "case_name": "trivial",
  "cut": 15,
  "cut_comparison_mode": "cut_comparison_fresh_probes",
  "J": 0.0,
  "g": 0.0,
  "L": 2,
  "k": 20,
  "dt": 0.1,
  "n_pasts": 16,
  "n_futures": 64,
  "fraction_terminated_early": 0.0,
  "fraction_any_prob_skipped_renormalize": 0.0,
  "fraction_weight_lt_1e-12": 0.009765625,
  "fraction_weight_lt_1e-10": 0.123046875,
  "fraction_weight_lt_1e-08": 0.5380859375,
  "fraction_weight_lt_1e-06": 0.91796875,
  "mean_cumulative_weight": 1.0171454635951656e-05,
  "median_cumulative_weight": 7.0390661579830496e-09,
  "metrics_V_raw": {
    "frobenius": 32.00000001129279,
    "frobenius_sq": 1024.0000007227386,
    "entropy_sv": 1.0361632918473208e-27,
    "rank_tol": 1,
    "participation_ratio": 1.0,
    "mean_row_norm": 8.000000002823203,
    "std_row_norm": 0.0,
    "mean_col_norm": 0.9842334337590728,
    "std_col_norm": 1.0165149869307382
  },
  "metrics_V_centered_past": {
    "frobenius": 0.0,
    "frobenius_sq": 0.0,
    "entropy_sv": 0.0,
    "rank_tol": 0,
    "participation_ratio": 0.0,
    "mean_row_norm": 0.0,
    "std_row_norm": 0.0,
    "mean_col_norm": 0.0,
    "std_col_norm": 0.0
  },
  "metrics_V_centered_global": {
    "frobenius": 30.287214257653833,
    "frobenius_sq": 917.3153474890296,
    "entropy_sv": 1.0361632918473208e-27,
    "rank_tol": 1,
    "participation_ratio": 1.0,
    "mean_row_norm": 7.571803564413458,
    "std_row_norm": 0.0,
    "mean_col_norm": 1.037873962085314,
    "std_col_norm": 0.8460776064754673
  },
  "metrics_V_centered_rowcol": {
    "frobenius": 0.0,
    "frobenius_sq": 0.0,
    "entropy_sv": 0.0,
    "rank_tol": 0,
    "participation_ratio": 0.0,
    "mean_row_norm": 0.0,
    "std_row_norm": 0.0,
    "mean_col_norm": 0.0,
    "std_col_norm": 0.0
  },
  "row_distance_raw": {
    "max_row_distance": 0.0,
    "mean_row_distance": 0.0,
    "median_row_distance": 0.0
  },
  "row_distance_centered_past": {
    "max_row_distance": 0.0,
    "mean_row_distance": 0.0,
    "median_row_distance": 0.0
  },
  "delta_norm_centered_past": 0.0,
  "corr_weight_vs_centered_block_norm": NaN,
  "corr_terminated_early_vs_centered_block_norm": NaN,
  "summarize_weights": {
    "mean_weight_by_past": [
      1.4046954529162333e-06,
      2.6400413441288215e-08,
      9.002225171756488e-08,
      5.729668302300657e-10,
      3.215918071605296e-08,
      1.4130561564945954e-08,
      9.999970043063333e-08,
      4.811291375119924e-09,
      1.9048315222902127e-07,
      2.1643080447451523e-10,
      1.416961794474619e-07,
      1.7567753818096445e-08,
      0.0001606823092615466,
      1.1820841938576552e-08,
      2.2160584998798476e-08,
      4.228151451444378e-09
    ],
    "mean_weight_by_future": [
      6.880478183946954e-08,
      1.4999596640124142e-08,
      3.748370965844311e-05,
      5.74667939052187e-06,
      1.2862015698140968e-05,
      2.588854282664722e-06,
      8.15224489391248e-06,
      1.2409532001292108e-06,
      2.4569263924464587e-05,
      5.527432158588973e-06,
      1.052087382838112e-06,
      3.11139284185654e-05,
      1.5502726055901838e-06,
      1.0919165228366088e-06,
      8.836701870931162e-05,
      7.463454890369265e-07,
      7.702759760490501e-06,
      1.7860901661392332e-06,
      4.157166217445833e-05,
      2.0041332427430981e-07,
      4.794208429920442e-08,
      3.1908544338394767e-05,
      5.2941811079984486e-05,
      1.6509665858751033e-07,
      3.6583477475435684e-06,
      2.0918328155507688e-07,
      4.4075965292711195e-05,
      5.156373175848706e-07,
      2.1686219228259094e-05,
      1.535142929297092e-08,
      6.014720015881017e-05,
      1.0658361220260919e-05,
      8.157650540134242e-06,
      4.545463708796763e-07,
      7.790434585938783e-07,
      2.495015774646534e-06,
      3.046563751207972e-06,
      4.048720447944148e-09,
      8.851313223290872e-06,
      5.518491517226427e-06,
      1.6359399029531122e-06,
      5.857755682093336e-07,
      2.1461556350079526e-07,
      1.2736544083576908e-05,
      1.0921620937875819e-07,
      1.0698733950922024e-05,
      7.86244477054556e-06,
      1.4389498021947355e-06,
      5.337999888510536e-08,
      3.0460040649395166e-07,
      2.974744808093413e-06,
      2.4358511751879714e-07,
      9.003826912102975e-06,
      5.493864690416093e-06,
      8.353479649420375e-07,
      3.1077463574259502e-06,
      6.707881129777612e-06,
      1.5015064252578155e-06,
      3.887300864076951e-07,
      9.498062207494021e-06,
      2.9229933329300443e-05,
      1.2859001795793442e-05,
      1.3670096157651632e-09,
      4.713513277501631e-06
    ]
  },
  "mean_centered_block_norm_by_past": [
    0.0,
    0.0,
    0.0,
    0.0,
    0.0,
    0.0,
    0.0,
    0.0,
    0.0,
    0.0,
    0.0,
    0.0,
    0.0,
    0.0,
    0.0,
    0.0
  ],
  "mean_centered_block_norm_by_future": [
    0.0,
    0.0,
    0.0,
    0.0,
    0.0,
    0.0,
    0.0,
    0.0,
    0.0,
    0.0,
    0.0,
    0.0,
    0.0,
    0.0,
    0.0,
    0.0,
    0.0,
    0.0,
    0.0,
    0.0,
    0.0,
    0.0,
    0.0,
    0.0,
    0.0,
    0.0,
    0.0,
    0.0,
    0.0,
    0.0,
    0.0,
    0.0,
    0.0,
    0.0,
    0.0,
    0.0,
    0.0,
    0.0,
    0.0,
    0.0,
    0.0,
    0.0,
    0.0,
    0.0,
    0.0,
    0.0,
    0.0,
    0.0,
    0.0,
    0.0,
    0.0,
    0.0,
    0.0,
    0.0,
    0.0,
    0.0,
    0.0,
    0.0,
    0.0,
    0.0,
    0.0,
    0.0,
    0.0,
    0.0
  ],
  "weighted_variants": {
    "masked_lt_1e-12_thr1e-12": {
      "frobenius": 31.843366665816944,
      "frobenius_sq": 1014.0000006136618,
      "entropy_sv": 0.04923095877494772,
      "rank_tol": 3,
      "participation_ratio": 0.9844543256982147,
      "mean_row_norm": 7.960402580607484,
      "std_row_norm": 0.08635303051483002,
      "mean_col_norm": 0.9797311836916125,
      "std_col_norm": 1.0112333115971646
    },
    "weighted_sqrt_thr1e-12": {
      "frobenius": 0.10205669798311291,
      "frobenius_sq": 0.010415569603216324,
      "entropy_sv": 1.0361632918473208e-27,
      "rank_tol": 1,
      "participation_ratio": 1.0,
      "mean_row_norm": 0.008157118055533827,
      "std_row_norm": 0.02496791595049624,
      "mean_col_norm": 0.0023629553371814337,
      "std_col_norm": 0.0038455473897376796
    },
    "weighted_linear_thr1e-12": {
      "frobenius": 0.002483339238686363,
      "frobenius_sq": 6.1669737743993645e-06,
      "entropy_sv": 1.0361632918473208e-27,
      "rank_tol": 1,
      "participation_ratio": 1.0,
      "mean_row_norm": 0.00015719321895277534,
      "std_row_norm": 0.0006203019933894351,
      "mean_col_norm": 4.079002335541204e-05,
      "std_col_norm": 0.00010198705703987744
    },
    "masked_lt_1e-10_thr1e-10": {
      "frobenius": 29.966648136145547,
      "frobenius_sq": 898.0000005155554,
      "entropy_sv": 0.3073194689939205,
      "rank_tol": 9,
      "participation_ratio": 0.8868408392655971,
      "mean_row_norm": 7.457859426972343,
      "std_row_norm": 0.7341809402716482,
      "mean_col_norm": 0.9138734770156292,
      "std_col_norm": 0.9594474699653698
    },
    "weighted_sqrt_thr1e-10": {
      "frobenius": 0.10205669798311291,
      "frobenius_sq": 0.010415569603216324,
      "entropy_sv": 1.0361632918473208e-27,
      "rank_tol": 1,
      "participation_ratio": 1.0,
      "mean_row_norm": 0.008157118055533827,
      "std_row_norm": 0.02496791595049624,
      "mean_col_norm": 0.0023629553371814337,
      "std_col_norm": 0.0038455473897376796
    },
    "weighted_linear_thr1e-10": {
      "frobenius": 0.002483339238686363,
      "frobenius_sq": 6.1669737743993645e-06,
      "entropy_sv": 1.0361632918473208e-27,
      "rank_tol": 1,
      "participation_ratio": 1.0,
      "mean_row_norm": 0.00015719321895277534,
      "std_row_norm": 0.0006203019933894351,
      "mean_col_norm": 4.079002335541204e-05,
      "std_col_norm": 0.00010198705703987744
    },
    "masked_lt_1e-08_thr1e-08": {
      "frobenius": 21.748563181320208,
      "frobenius_sq": 473.00000045187693,