k_train,k_test,N_train,N_test,seed,final_frob,obs_x_mae,obs_z_mae
4,2,4,2,0,4.834048093020925,1.7293924130499363,2.2323646396398544
4,4,4,2,0,3.3600563210241825,1.7084620781242847,1.7736349898623303
4,6,4,2,0,2.969091942554502,1.5246391296386719,1.6175787448883057
