k_train,k_test,mean_frob,std_frob,mean_dX,std_dX,mean_dZ,std_dZ,n
4,2,4.834048093020925,0,1.7293924130499363,0,2.2323646396398544,0,1
4,4,3.3600563210241825,0,1.7084620781242847,0,1.7736349898623303,0,1
4,6,2.969091942554502,0,1.5246391296386719,0,1.6175787448883057,0,1
