{
  "case_name": "trivial",
  "cut": 10,
  "cut_comparison_mode": "asymmetry_grid",
  "J": 0.0,
  "g": 0.0,
  "L": 2,
  "k": 20,
  "dt": 0.1,
  "n_pasts": 16,
  "n_futures": 16,
  "fraction_terminated_early": 0.0,
  "fraction_any_prob_skipped_renormalize": 0.0,
  "fraction_weight_lt_1e-12": 0.00390625,
  "fraction_weight_lt_1e-10": 0.1484375,
  "fraction_weight_lt_1e-08": 0.703125,
  "fraction_weight_lt_1e-06": 0.99609375,
  "mean_cumulative_weight": 2.5025746066145895e-08,
  "median_cumulative_weight": 2.270733742476577e-09,
  "metrics_V_raw": {
    "frobenius": 15.99999997094738,
    "frobenius_sq": 255.99999907031616,
    "entropy_sv": 1.0361632918473208e-27,
    "rank_tol": 1,
    "participation_ratio": 1.0,
    "mean_row_norm": 3.999999992736845,
    "std_row_norm": 0.0,
    "mean_col_norm": 1.0577926665373525,
    "std_col_norm": 0.9423440259069934
  },
  "metrics_V_centered_past": {
    "frobenius": 0.0,
    "frobenius_sq": 0.0,
    "entropy_sv": 0.0,
    "rank_tol": 0,
    "participation_ratio": 0.0,
    "mean_row_norm": 0.0,
    "std_row_norm": 0.0,
    "mean_col_norm": 0.0,
    "std_col_norm": 0.0
  },
  "metrics_V_centered_global": {
    "frobenius": 14.765517597218532,
    "frobenius_sq": 218.02050991377013,
    "entropy_sv": 1.0361632918473208e-27,
    "rank_tol": 1,
    "participation_ratio": 1.0,
    "mean_row_norm": 3.6913793993046324,
    "std_row_norm": 0.0,
    "mean_col_norm": 1.0971037199196871,
    "std_col_norm": 0.7096357536570241
  },
  "metrics_V_centered_rowcol": {
    "frobenius": 0.0,
    "frobenius_sq": 0.0,
    "entropy_sv": 0.0,
    "rank_tol": 0,
    "participation_ratio": 0.0,
    "mean_row_norm": 0.0,
    "std_row_norm": 0.0,
    "mean_col_norm": 0.0,
    "std_col_norm": 0.0
  },
  "row_distance_raw": {
    "max_row_distance": 0.0,
    "mean_row_distance": 0.0,
    "median_row_distance": 0.0
  },
  "row_distance_centered_past": {
    "max_row_distance": 0.0,
    "mean_row_distance": 0.0,
    "median_row_distance": 0.0
  },
  "delta_norm_centered_past": 0.0,
  "corr_weight_vs_centered_block_norm": NaN,
  "corr_terminated_early_vs_centered_block_norm": NaN,
  "summarize_weights": {
    "mean_weight_by_past": [
      1.2284364433528035e-08,
      3.531252860396982e-08,
      2.208375930054625e-09,
      1.678660200840708e-09,
      2.835769920977215e-08,
      1.693974399067424e-10,
      6.930202014068959e-09,
      6.111091022155432e-10,
      1.709918096239002e-07,
      1.6298029438670084e-11,
      5.321973536518837e-09,
      5.4835893531844005e-08,
      8.433199139175292e-10,
      4.16197305435568e-08,
      1.139157607622545e-09,
      3.809141733717922e-08
    ],
    "mean_weight_by_future": [
      8.753845112976545e-09,
      7.356190563377065e-09,
      1.0244980071254235e-08,
      1.3284416715447266e-08,
      1.905969445814134e-08,
      2.0241501874036645e-08,
      2.3482599027308833e-09,
      2.7647990349310796e-08,
      3.4596131418848743e-09,
      1.0460296023442202e-09,
      3.0527706560880102e-09,
      1.0984940021628933e-08,
      5.978127513997981e-08,
      8.122944183518719e-09,
      2.032312623114127e-09,
      2.0299517264250092e-07
    ]
  },
  "mean_centered_block_norm_by_past": [
    0.0,
    0.0,
    0.0,
    0.0,
    0.0,
    0.0,
    0.0,
    0.0,
    0.0,
    0.0,
    0.0,
    0.0,
    0.0,
    0.0,
    0.0,
    0.0
  ],
  "mean_centered_block_norm_by_future": [
    0.0,
    0.0,
    0.0,
    0.0,
    0.0,
    0.0,
    0.0,
    0.0,
    0.0,
    0.0,
    0.0,
    0.0,
    0.0,
    0.0,
    0.0,
    0.0
  ],
  "weighted_variants": {
    "masked_lt_1e-12_thr1e-12": {
      "frobenius": 15.968719392909593,
      "frobenius_sq": 254.99999904948692,
      "entropy_sv": 0.023129482495798062,
      "rank_tol": 2,
      "participation_ratio": 0.993079584615765,
      "mean_row_norm": 3.992061451691856,
      "std_row_norm": 0.031754164179956024,
      "mean_col_norm": 1.0558454799593653,
      "std_col_norm": 0.9403649832676474
    },
    "weighted_sqrt_thr1e-12": {
      "frobenius": 0.0025311244585132712,
      "frobenius_sq": 6.406591024484101e-06,
      "entropy_sv": 1.0361632918473208e-27,
      "rank_tol": 1,
      "participation_ratio": 1.0,
      "mean_row_norm": 0.00046568475752448396,
      "std_row_norm": 0.00044247744426384065,
      "mean_col_norm": 0.0001299715582862305,
      "std_col_norm": 0.0001828113235257962
    },
    "weighted_linear_thr1e-12": {
      "frobenius": 1.681489604246519e-06,
      "frobenius_sq": 2.8274072891891153e-12,
      "entropy_sv": 1.0361632918473208e-27,
      "rank_tol": 1,
      "participation_ratio": 1.0,
      "mean_row_norm": 2.1667740953267367e-07,
      "std_row_norm": 3.720413679830489e-07,
      "mean_col_norm": 5.1563877338630215e-08,
      "std_col_norm": 1.399402743264215e-07
    },
    "masked_lt_1e-10_thr1e-10": {
      "frobenius": 14.764823032163582,
      "frobenius_sq": 217.9999991711082,
      "entropy_sv": 0.2883868794744714,
      "rank_tol": 7,
      "participation_ratio": 0.8941166563364622,
      "mean_row_norm": 3.6028667511383112,
      "std_row_norm": 0.8290403266340075,
      "mean_col_norm": 0.9741969067409055,
      "std_col_norm": 0.8717814537492824
    },
    "weighted_sqrt_thr1e-10": {
      "frobenius": 0.0025311244585132712,
      "frobenius_sq": 6.406591024484101e-06,
      "entropy_sv": 1.0361632918473208e-27,
      "rank_tol": 1,
      "participation_ratio": 1.0,
      "mean_row_norm": 0.00046568475752448396,
      "std_row_norm": 0.00044247744426384065,
      "mean_col_norm": 0.0001299715582862305,
      "std_col_norm": 0.0001828113235257962
    },
    "weighted_linear_thr1e-10": {
      "frobenius": 1.681489604246519e-06,
      "frobenius_sq": 2.8274072891891153e-12,
      "entropy_sv": 1.0361632918473208e-27,
      "rank_tol": 1,
      "participation_ratio": 1.0,
      "mean_row_norm": 2.1667740953267367e-07,
      "std_row_norm": 3.720413679830489e-07,
      "mean_col_norm": 5.1563877338630215e-08,
      "std_col_norm": 1.399402743264215e-07
    },
    "masked_lt_1e-08_thr1e-08": {
      "frobenius": 8.717797889890567,
      "frobenius_sq": 76.00000004898043,
      "entropy_sv": 0.6504841688858991,
      "rank_tol": 6,
      "participation_ratio": 0.7129501380179178,
      "mean_row_norm": 1.6580242251957746,
      "std_row_norm": 1.4609424069780816,
      "mean_col_norm": 0.5296029687352843,
      "std_col_norm": 0.5619051470508732
    },
    "weighted_sqrt_thr1e-08": {
      "frobenius": 0.0025311244585132712,
      "frobenius_sq": 6.406591024484101e-06,
      "entropy_sv": 1.0361632918473208e-27,
      "rank_tol": 1,
      "participation_ratio": 1.0,
      "mean_row_norm": 0.00046568475752448396,
      "std_row_norm": 0.00044247744426384065,
      "mean_col_norm": 0.0001299715582862305,
      "std_col_norm": 0.0001828113235257962
    },
    "weighted_linear_thr1e-08": {
      "frobenius": 1.681489604246519e-06,
      "frobenius_sq": 2.8274072891891153e-12,
      "entropy_sv": 1.0361632918473208e-27,
      "rank_tol": 1,
      "participation_ratio": 1.0,
      "mean_row_norm": 2.1667740953267367e-07,
      "std_row_norm": 3.720413679830489e-07,
      "mean_col_norm": 5.1563877338630215e-08,
      "std_col_norm": 1.399402743264215e-07
    }
  },
  "heuristic_control_ok": true
}