{
  "case_name": "markov_ref",
  "cut": 15,
  "cut_comparison_mode": "asymmetry_grid",
  "J": 0.0,
  "g": 1.0,
  "L": 2,
  "k": 20,
  "dt": 0.1,
  "n_pasts": 32,
  "n_futures": 16,
  "fraction_terminated_early": 0.0,
  "fraction_any_prob_skipped_renormalize": 0.0,
  "fraction_weight_lt_1e-12": 0.046875,
  "fraction_weight_lt_1e-10": 0.27734375,
  "fraction_weight_lt_1e-08": 0.6796875,
  "fraction_weight_lt_1e-06": 0.96484375,
  "mean_cumulative_weight": 1.5111089242807795e-07,
  "median_cumulative_weight": 1.4069471680183302e-09,
  "metrics_V_raw": {
    "frobenius": 22.62741674835966,
    "frobenius_sq": 511.9999887039473,
    "entropy_sv": 2.141404136484463e-27,
    "rank_tol": 1,
    "participation_ratio": 1.0,
    "mean_row_norm": 3.9999999558747947,
    "std_row_norm": 0.0,
    "mean_col_norm": 1.4025532137617667,
    "std_col_norm": 1.4313808169352678
  },
  "metrics_V_centered_past": {
    "frobenius": 0.0,
    "frobenius_sq": 0.0,
    "entropy_sv": 0.0,
    "rank_tol": 0,
    "participation_ratio": 0.0,
    "mean_row_norm": 0.0,
    "std_row_norm": 0.0,
    "mean_col_norm": 0.0,
    "std_col_norm": 0.0
  },
  "metrics_V_centered_global": {
    "frobenius": 20.862800078533095,
    "frobenius_sq": 435.2564271168405,
    "entropy_sv": 2.141404136484463e-27,
    "rank_tol": 1,
    "participation_ratio": 1.0,
    "mean_row_norm": 3.688056852517496,
    "std_row_norm": 0.0,
    "mean_col_norm": 1.4685575248981841,
    "std_col_norm": 1.1196308201062928
  },
  "metrics_V_centered_rowcol": {
    "frobenius": 0.0,
    "frobenius_sq": 0.0,
    "entropy_sv": 0.0,
    "rank_tol": 0,
    "participation_ratio": 0.0,
    "mean_row_norm": 0.0,
    "std_row_norm": 0.0,
    "mean_col_norm": 0.0,
    "std_col_norm": 0.0
  },
  "row_distance_raw": {
    "max_row_distance": 0.0,
    "mean_row_distance": 0.0,
    "median_row_distance": 0.0
  },
  "row_distance_centered_past": {
    "max_row_distance": 0.0,
    "mean_row_distance": 0.0,
    "median_row_distance": 0.0
  },
  "delta_norm_centered_past": 0.0,
  "corr_weight_vs_centered_block_norm": NaN,
  "corr_terminated_early_vs_centered_block_norm": NaN,
  "summarize_weights": {
    "mean_weight_by_past": [
      4.555839664134151e-09,
      3.4708195527157583e-10,
      3.41716194607861e-08,
      5.169908582657576e-09,
      1.0437476680250496e-07,
      5.78417650913176e-07,
      4.087292818200578e-07,
      7.307487528446987e-12,
      1.1567382246238268e-07,
      2.9015496040531425e-07,
      4.440422589812944e-09,
      1.985920375222637e-06,
      1.1502560774843803e-08,
      2.7706049928693353e-10,
      1.6489187910494176e-10,
      2.8505572342823355e-09,
      3.3046862272377967e-09,
      2.850104380951958e-07,
      3.2413782080943344e-10,
      7.947511376197877e-08,
      4.224501616335286e-07,
      8.306319483267332e-11,
      3.0407083380984945e-10,
      3.044441113586365e-11,
      3.6885920048288296e-09,
      1.3736672206894491e-09,
      3.277085241763613e-09,
      6.497202170556237e-11,
      1.1296112340414751e-07,
      3.386825803775254e-07,
      3.148203738716582e-08,
      6.278276308358341e-09
    ],
    "mean_weight_by_future": [
      6.295226119544555e-09,
      3.3024389295422624e-10,
      8.563278308603884e-10,
      9.251537954057597e-07,
      7.11043077657104e-08,
      2.0041792174190016e-07,
      1.4339362196041767e-07,
      8.333091962619267e-08,
      1.33149900258851e-07,
      7.675315245093279e-07,
      3.024928620824647e-08,
      7.769578747476367e-10,
      7.427637234959197e-09,
      1.847913878296239e-08,
      2.5020555534588576e-08,
      4.256914102224801e-09
    ]
  },
  "mean_centered_block_norm_by_past": [
    0.0,
    0.0,
    0.0,
    0.0,
    0.0,
    0.0,
    0.0,
    0.0,
    0.0,
    0.0,
    0.0,
    0.0,
    0.0,
    0.0,
    0.0,
    0.0,
    0.0,
    0.0,
    0.0,
    0.0,
    0.0,
    0.0,
    0.0,
    0.0,
    0.0,
    0.0,
    0.0,
    0.0,
    0.0,
    0.0,
    0.0,
    0.0
  ],
  "mean_centered_block_norm_by_future": [
    0.0,
    0.0,
    0.0,
    0.0,
    0.0,
    0.0,
    0.0,
    0.0,
    0.0,
    0.0,
    0.0,
    0.0,
    0.0,
    0.0,
    0.0,
    0.0
  ],
  "weighted_variants": {
    "masked_lt_1e-12_thr1e-12": {
      "frobenius": 22.090721797452304,
      "frobenius_sq": 487.9999895324343,
      "entropy_sv": 0.17256311348904746,
      "rank_tol": 5,
      "participation_ratio": 0.9372900435418602,
      "mean_row_norm": 3.8991464842187664,
      "std_row_norm": 0.21945708374462247,
      "mean_col_norm": 1.3668948516976567,
      "std_col_norm": 1.3997879281895156
    },
    "weighted_sqrt_thr1e-12": {
      "frobenius": 0.008795952169283298,
      "frobenius_sq": 7.736877456431957e-05,
      "entropy_sv": 2.141404136484463e-27,
      "rank_tol": 1,
      "participation_ratio": 1.0,
      "mean_row_norm": 0.0009405506028829875,
      "std_row_norm": 0.0012580122645902726,
      "mean_col_norm": 0.00037696604399551595,
      "std_col_norm": 0.000682627736473883
    },
    "weighted_linear_thr1e-12": {
      "frobenius": 1.8255983786115415e-05,
      "frobenius_sq": 3.332809439989089e-10,
      "entropy_sv": 2.141404136484463e-27,
      "rank_tol": 1,
      "participation_ratio": 1.0,
      "mean_row_norm": 1.2399471157177644e-06,
      "std_row_norm": 3.027198965114243e-06,
      "mean_col_norm": 5.506263580814108e-07,
      "std_col_norm": 1.5227221339924524e-06
    },
    "masked_lt_1e-10_thr1e-10": {
      "frobenius": 19.235383870588095,
      "frobenius_sq": 369.9999926488806,
      "entropy_sv": 0.5044785495250763,
      "rank_tol": 9,
      "participation_ratio": 0.7933089864421699,
      "mean_row_norm": 3.259793967757722,
      "std_row_norm": 0.9830790644791388,
      "mean_col_norm": 1.1760108670897487,
      "std_col_norm": 1.2326777491771659
    },
    "weighted_sqrt_thr1e-10": {
      "frobenius": 0.008795952169283298,
      "frobenius_sq": 7.736877456431957e-05,
      "entropy_sv": 2.141404136484463e-27,
      "rank_tol": 1,
      "participation_ratio": 1.0,
      "mean_row_norm": 0.0009405506028829875,
      "std_row_norm": 0.0012580122645902726,
      "mean_col_norm": 0.00037696604399551595,
      "std_col_norm": 0.000682627736473883
    },
    "weighted_linear_thr1e-10": {
      "frobenius": 1.8255983786115415e-05,
      "frobenius_sq": 3.332809439989089e-10,
      "entropy_sv": 2.141404136484463e-27,
      "rank_tol": 1,
      "participation_ratio": 1.0,
      "mean_row_norm": 1.2399471157177644e-06,
      "std_row_norm": 3.027198965114243e-06,
      "mean_col_norm": 5.506263580814108e-07,
      "std_col_norm": 1.5227221339924524e-06
    },
    "masked_lt_1e-08_thr1e-08": {
      "frobenius": 12.806248357829269,
      "frobenius_sq": 163.99999700240483,
      "entropy_sv": 0.7152981834789636,
      "rank_tol": 8,
      "participation_ratio": 0.6875371837481454,
      "mean_row_norm": 1.7628141722798158,
      "std_row_norm": 1.4431099393738396,
      "mean_col_norm": 0.7220455224124624,
      "std_col_norm": 0.8751478198585881
    },
    "weighted_sqrt_thr1e-08": {
      "frobenius": 0.008795952169283298,
      "frobenius_sq": 7.736877456431957e-05,
      "entropy_sv": 2.141404136484463e-27,
      "rank_tol": 1,
      "participation_ratio": 1.0,
      "mean_row_norm": 0.0009405506028829875,
      "std_row_norm": 0.0012580122645902726,
      "mean_col_norm": 0.00037696604399551595,
      "std_col_norm": 0.000682627736473883
    },
    "weighted_linear_thr1e-08": {
      "frobenius": 1.8255983786115415e-05,
      "frobenius_sq": 3.332809439989089e-10,
      "entropy_sv": 2.141404136484463e-27,
      "rank_tol": 1,
      "participation_ratio": 1.0,
      "mean_row_norm": 1.2399471157177644e-06,
      "std_row_norm": 3.027198965114243e-06,
      "mean_col_norm": 5.506263580814108e-07,
      "std_col_norm": 1.5227221339924524e-06
    }
  },
  "heuristic_control_ok": true
}