task_type,method,chi_max,theta,x_fraction,special_angle,substeps,infidelity,fidelity,overlap_squared_raw,norm_squared_exact,norm_squared_approx,fidelity_normalized,infidelity_normalized,norm_loss,fidelity_definition,max_bond,param_count,runtime_s,peak_memory_mb,norm_before,norm_after,discarded_weight,variational_converged,variational_failed,failure_message
angle_sweep,hybrid_tdvp,8,0.0006283185307179586,0.0001,0,64,6.246976347323852e-08,0.9999999375302365,0.9999999373819318,0.9999999999999991,0.9999999998516962,0.9999999375302365,6.246976347323852e-08,7.415146274780682e-11,normalized_state_fidelity_v2,8,936,6.022700990957674,258.3984375,0.9999999999999996,0.9999999999258481,2.9711600119300524e-10,,,
angle_sweep,mpo_zipup,8,0.0006283185307179586,0.0001,0,64,0.05402538757007913,0.9459746124299209,0.8948679673619386,0.9999999999999991,0.9459746124299214,0.9459746124299209,0.05402538757007913,0.027387737878078022,normalized_state_fidelity_v2,8,936,0.007470183016266674,258.3984375,0.9999999999999996,0.9726122621219215,0.11036599780843216,,,
angle_sweep,tebd_swap,8,0.0006283185307179586,0.0001,0,64,0.29976726910969487,0.7002327308903051,0.4496610745921997,0.9999999999999991,0.6421594632122983,0.7002327308903051,0.29976726910969487,0.19865147207204603,normalized_state_fidelity_v2,8,936,0.009605724015273154,258.3984375,0.9999999999999996,0.8013485279279536,1.0547089884533776,,,
angle_sweep,variational_mpo,8,0.0006283185307179586,0.0001,0,64,6.247072448228863e-08,0.9999999375292755,0.9999999375292755,0.9999999999999993,1.0000000000000007,0.9999999375292755,6.247072448228863e-08,-6.661338147750939e-16,normalized_state_fidelity_v2,8,936,0.004798063018824905,256.37109375,0.9999999999999996,1.0000000000000004,0.0,1,0,
angle_sweep,hybrid_tdvp,8,0.0009222454792211941,0.0001467799267622069,0,64,1.3459213443756113e-07,0.9999998654078656,0.9999998650881711,0.9999999999999991,0.9999999996803064,0.9999998654078656,1.3459213443756113e-07,1.5984635837185124e-10,normalized_state_fidelity_v2,8,936,3.840576501970645,259.734375,0.9999999999999996,0.9999999998401532,6.401584303936277e-10,,,
angle_sweep,mpo_zipup,8,0.0009222454792211941,0.0001467799267622069,0,64,0.054025387570079686,0.9459746124299203,0.8948679673619382,0.9999999999999991,0.9459746124299214,0.9459746124299203,0.054025387570079686,0.027387737878078022,normalized_state_fidelity_v2,8,936,0.0030246039968915284,259.734375,0.9999999999999996,0.9726122621219215,0.11036599780843191,,,
angle_sweep,tebd_swap,8,0.0009222454792211941,0.0001467799267622069,0,64,0.2997679075476547,0.7002320924523453,0.4496601180887596,0.9999999999999991,0.6421586827218461,0.7002320924523453,0.2997679075476547,0.1986519590578345,normalized_state_fidelity_v2,8,936,0.009438963956199586,259.734375,0.9999999999999996,0.8013480409421652,1.0547071754782025,,,
angle_sweep,variational_mpo,8,0.0009222454792211941,0.0001467799267622069,0,64,1.3459658843029132e-07,0.9999998654034116,0.9999998654034109,0.9999999999999991,1.0000000000000002,0.9999998654034116,1.3459658843029132e-07,-4.440892098500626e-16,normalized_state_fidelity_v2,8,936,0.004537108994554728,256.37109375,0.9999999999999996,1.0000000000000002,0.0,1,0,
angle_sweep,hybrid_tdvp,8,0.0013536712389686342,0.00021544346900318845,0,64,2.89985877977017e-07,0.999999710014122,0.9999997093248032,0.9999999999999991,0.9999999993106818,0.999999710014122,2.89985877977017e-07,3.4465863496535576e-10,normalized_state_fidelity_v2,8,936,2.466858599043917,259.734375,0.9999999999999996,0.9999999996553409,1.3793110662556661e-09,,,
angle_sweep,mpo_zipup,8,0.0013536712389686342,0.00021544346900318845,0,64,0.05402538757008002,0.94597461242992,0.8948679673619314,0.9999999999999991,0.9459746124299147,0.94597461242992,0.05402538757008002,0.027387737878081464,normalized_state_fidelity_v2,8,936,0.0076789919985458255,259.734375,0.9999999999999996,0.9726122621219181,0.11036599780843213,,,
angle_sweep,tebd_swap,8,0.0013536712389686342,0.00021544346900318845,0,64,0.29976887776950556,0.7002311222304944,0.4496586723317417,0.9999999999999991,0.6421575077945884,0.7002311222304944,0.29976887776950556,0.19865269215240455,normalized_state_fidelity_v2,8,936,0.006718174030538648,259.734375,0.9999999999999996,0.8013473078475951,1.0547045676356943,,,
angle_sweep,variational_mpo,8,0.0013536712389686342,0.00021544346900318845,0,64,2.900065624311665e-07,0.9999997099934376,0.9999997099934382,0.9999999999999991,1.0000000000000016,0.9999997099934376,2.900065624311665e-07,-1.1102230246251565e-15,normalized_state_fidelity_v2,8,936,0.005019604985136539,256.37109375,0.9999999999999996,1.0000000000000009,0.0,1,0,
angle_sweep,hybrid_tdvp,8,0.0019869176531592202,0.00031622776601683794,0,64,6.248048404211559e-07,0.9999993751951596,0.9999993737094709,0.9999999999999991,0.9999999985143113,0.9999993751951596,6.248048404211559e-07,7.428438975054519e-10,normalized_state_fidelity_v2,8,936,2.7568943689693697,259.890625,0.9999999999999996,0.9999999992571557,2.972054275757306e-09,,,
angle_sweep,mpo_zipup,8,0.0019869176531592202,0.00031622776601683794,0,64,0.054025387570079686,0.9459746124299203,0.8948679673619312,0.9999999999999991,0.9459746124299141,0.9459746124299203,0.054025387570079686,0.027387737878081797,normalized_state_fidelity_v2,8,936,0.003070601960644126,259.890625,0.9999999999999996,0.9726122621219178,0.11036599780843206,,,
angle_sweep,tebd_swap,8,0.0019869176531592202,0.00031622776601683794,0,64,0.2997703731723298,0.7002296268276702,0.4496564603030115,0.9999999999999991,0.6421557201744542,0.7002296268276702,0.2997703731723298,0.19865380753730744,normalized_state_fidelity_v2,8,936,0.0029864789685234427,259.890625,0.9999999999999996,0.8013461924626922,1.0547008546039245,,,
angle_sweep,variational_mpo,8,0.0019869176531592202,0.00031622776601683794,0,64,6.249009401049221e-07,0.9999993750990599,0.9999993750990578,0.9999999999999991,0.9999999999999988,0.9999993750990599,6.249009401049221e-07,2.220446049250313e-16,normalized_state_fidelity_v2,8,936,0.004527440993115306,256.37109375,0.9999999999999996,0.9999999999999996,0.0,1,0,
angle_sweep,hybrid_tdvp,8,0.0029163962761324636,0.00046415888336127773,0,64,1.346251656153541e-06,0.9999986537483438,0.9999986505465229,0.9999999999999991,0.9999999967981756,0.9999986537483438,1.346251656153541e-06,1.6009117365101133e-09,normalized_state_fidelity_v2,8,936,1.9675066090421751,259.890625,0.9999999999999996,0.9999999983990878,6.404433309874609e-09,,,
angle_sweep,mpo_zipup,8,0.0029163962761324636,0.00046415888336127773,0,64,0.054025387570080574,0.9459746124299194,0.8948679673619369,0.9999999999999991,0.945974612429921,0.9459746124299194,0.054025387570080574,0.027387737878078244,normalized_state_fidelity_v2,8,936,0.0055628399713896215,259.890625,0.9999999999999996,0.9726122621219213,0.11036599780843193,,,
angle_sweep,tebd_swap,8,0.0029163962761324636,0.00046415888336127773,0,64,0.2997727216031094,0.7002272783968906,0.4496530200553919,0.9999999999999991,0.6421529607998617,0.7002272783968906,0.2997727216031094,0.19865552925108276,normalized_state_fidelity_v2,8,936,0.0030738989589735866,259.890625,0.9999999999999996,0.8013444707489169,1.054695652021705,,,
angle_sweep,variational_mpo,8,0.0029163962761324636,0.00046415888336127773,0,64,1.3466984265519955e-06,0.9999986533015734,0.9999986533015717,0.9999999999999987,0.9999999999999996,0.9999986533015734,1.3466984265519955e-06,-4.440892098500626e-16,normalized_state_fidelity_v2,8,936,0.004503995005507022,256.37109375,0.9999999999999996,1.0,0.0,1,0,
angle_sweep,hybrid_tdvp,8,0.0042806843182029595,0.0006812920690579609,0,64,2.900862850263586e-06,0.9999970991371497,0.999997092236452,0.9999999999999991,0.9999999930992831,0.9999970991371497,2.900862850263586e-06,3.450357999312814e-09,normalized_state_fidelity_v2,8,936,1.2024561819853261,259.890625,0.9999999999999996,0.9999999965496416,1.380221749315005e-08,,,
angle_sweep,mpo_zipup,8,0.0042806843182029595,0.0006812920690579609,0,64,0.05402538757008024,0.9459746124299198,0.8948679673619327,0.9999999999999991,0.9459746124299162,0.9459746124299198,0.05402538757008024,0.027387737878080687,normalized_state_fidelity_v2,8,936,0.0036322769592516124,259.890625,0.9999999999999996,0.9726122621219189,0.11036599780843208,,,
angle_sweep,tebd_swap,8,0.0042806843182029595,0.0006812920690579609,0,64,0.2997764987907847,0.7002235012092153,0.449647554833228,0.9999999999999991,0.6421486197717335,0.7002235012092153,0.2997764987907847,0.1986582378462145,normalized_state_fidelity_v2,8,936,0.002899762010201812,259.890625,0.9999999999999996,0.8013417621537852,1.0546885492017997,,,
angle_sweep,variational_mpo,8,0.0042806843182029595,0.0006812920690579609,0,64,2.902942511040507e-06,0.999997097057489,0.9999970970574881,0.9999999999999989,1.0000000000000002,0.999997097057489,2.902942511040507e-06,-6.661338147750939e-16,normalized_state_fidelity_v2,8,936,0.004689654975663871,256.37109375,0.9999999999999996,1.0000000000000002,0.0,1,0,
angle_sweep,hybrid_tdvp,8,0.006283185307179587,0.001,0,64,6.251034938786759e-06,0.9999937489650612,0.9999937340906102,0.9999999999999991,0.9999999851254568,0.9999937489650612,6.251034938786759e-06,7.437271132282319e-09,normalized_state_fidelity_v2,8,936,1.4941728669800796,259.890625,0.9999999999999996,0.9999999925627284,2.974979041413035e-08,,,
angle_sweep,mpo_zipup,8,0.006283185307179587,0.001,0,64,0.054025387570080685,0.9459746124299193,0.8948679673619337,0.9999999999999991,0.9459746124299178,0.9459746124299193,0.054025387570080685,0.02738773787807991,normalized_state_fidelity_v2,8,936,0.00961998401908204,259.890625,0.9999999999999996,0.9726122621219196,0.11036599780843187,,,
angle_sweep,tebd_swap,8,0.006283185307179587,0.001,0,64,0.29978275266983945,0.7002172473301606,0.4496386410274326,0.9999999999999991,0.6421416249626071,0.7002172473301606,0.29978275266983945,0.19866260229376065,normalized_state_fidelity_v2,8,936,0.007451426004990935,259.890625,0.9999999999999996,0.801337397706239,1.0546792747077298,,,
angle_sweep,variational_mpo,8,0.006283185307179587,0.001,0,64,6.260737729579802e-06,0.9999937392622704,0.9999937392622693,0.9999999999999989,1.0,0.9999937392622704,6.260737729579802e-06,-6.661338147750939e-16,normalized_state_fidelity_v2,8,936,0.004719194024801254,256.37109375,0.9999999999999996,1.0000000000000002,0.0,1,0,
angle_sweep,hybrid_tdvp,8,0.009222454792211942,0.0014677992676220691,0,64,1.3471079253868368e-05,0.9999865289207461,0.9999864968519575,0.9999999999999991,0.9999999679307803,0.9999865289207461,1.3471079253868368e-05,1.603460952903646e-08,normalized_state_fidelity_v2,8,936,1.409829405019991,259.890625,0.9999999999999996,0.99999998396539,6.413888459176858e-08,,,
angle_sweep,mpo_zipup,8,0.009222454792211942,0.0014677992676220691,0,64,0.054025387570080574,0.9459746124299194,0.8948679673619386,0.9999999999999991,0.9459746124299229,0.9459746124299194,0.054025387570080574,0.027387737878077245,normalized_state_fidelity_v2,8,936,0.004001018009148538,259.890625,0.9999999999999996,0.9726122621219223,0.11036599780843195,,,
angle_sweep,tebd_swap,8,0.009222454792211942,0.0014677992676220691,0,64,0.29979345609062347,0.7002065439093765,0.4496236466293236,0.9999999999999991,0.6421300265475897,0.7002065439093765,0.29979345609062347,0.1986698392375399,normalized_state_fidelity_v2,8,936,0.0046691750176250935,259.890625,0.9999999999999996,0.8013301607624598,1.0546681461471372,,,
angle_sweep,variational_mpo,8,0.009222454792211942,0.0014677992676220691,0,64,1.3516527340828866e-05,0.9999864834726592,0.9999864834726594,0.9999999999999993,1.0000000000000009,0.9999864834726592,1.3516527340828866e-05,-8.881784197001252e-16,normalized_state_fidelity_v2,8,936,0.004738143994472921,256.37109375,0.9999999999999996,1.0000000000000002,0.0,1,0,
angle_sweep,hybrid_tdvp,8,0.013536712389686328,0.002154434690031882,0,64,2.903157879041718e-05,0.9999709684212096,0.9999708992580747,0.9999999999999991,0.999999930834858,0.9999709684212096,2.903157879041718e-05,3.4582571140084895e-08,normalized_state_fidelity_v2,8,936,1.4391120040090755,259.890625,0.9999999999999996,0.9999999654174284,1.383305678196452e-07,,,
angle_sweep,mpo_zipup,8,0.013536712389686328,0.002154434690031882,0,64,0.05402538757008024,0.9459746124299198,0.8948679673619319,0.9999999999999991,0.9459746124299153,0.9459746124299198,0.05402538757008024,0.02738773787808113,normalized_state_fidelity_v2,8,936,0.004743512021377683,259.890625,0.9999999999999996,0.9726122621219184,0.11036599780843194,,,
angle_sweep,tebd_swap,8,0.013536712389686328,0.002154434690031882,0,64,0.2998124335314477,0.7001875664685523,0.4495975555960447,0.9999999999999991,0.6421101675135757,0.7001875664685523,0.2998124335314477,0.19868223062659074,normalized_state_fidelity_v2,8,936,0.0030096829868853092,259.890625,0.9999999999999996,0.8013177693734089,1.054657178302635,,,
angle_sweep,variational_mpo,8,0.013536712389686328,0.002154434690031882,0,64,2.924550833816042e-05,0.9999707544916618,0.9999707544916596,0.9999999999999989,0.9999999999999989,0.9999707544916618,2.924550833816042e-05,0.0,normalized_state_fidelity_v2,8,936,0.0047449489939026535,256.37109375,0.9999999999999996,0.9999999999999996,0.0,1,0,
angle_sweep,hybrid_tdvp,8,0.019869176531592203,0.0031622776601683794,0,64,6.25635710502781e-05,0.9999374364289497,0.9999372871807348,0.9999999999999991,0.9999998507424479,0.9999374364289497,6.25635710502781e-05,7.462877837927095e-08,normalized_state_fidelity_v2,8,936,1.562635059992317,259.890625,0.9999999999999996,0.9999999253712212,2.9851534487772995e-07,,,
angle_sweep,mpo_zipup,8,0.019869176531592203,0.0031622776601683794,0,64,0.054025387570079575,0.9459746124299204,0.8948679673619331,0.9999999999999991,0.945974612429916,0.9459746124299204,0.054025387570079575,0.027387737878080798,normalized_state_fidelity_v2,8,936,0.0030433210195042193,259.890625,0.9999999999999996,0.9726122621219188,0.11036599780843197,,,
angle_sweep,tebd_swap,8,0.019869176531592203,0.0031622776601683794,0,64,0.2998472736589747,0.7001527263410253,0.4495505714736748,0.9999999999999991,0.6420750138659195,0.7001527263410253,0.2998472736589747,0.19870416582518036,normalized_state_fidelity_v2,8,936,0.004566131974570453,259.890625,0.9999999999999996,0.8012958341748193,1.054652680431694,,,
angle_sweep,variational_mpo,8,0.019869176531592203,0.0031622776601683794,0,64,6.356557733333545e-05,0.9999364344226667,0.999936434422668,0.9999999999999989,1.0000000000000024,0.9999364344226667,6.356557733333545e-05,-1.7763568394002505e-15,normalized_state_fidelity_v2,8,936,0.005160326021723449,256.37109375,0.9999999999999996,1.0000000000000013,0.0,1,0,
angle_sweep,hybrid_tdvp,8,0.029163962761324633,0.004641588833612777,0,64,0.0001347883853681786,0.9998652116146318,0.9998648892626613,0.9999999999999991,0.9999996776045752,0.9998652116146318,0.0001347883853681786,1.6119772494604945e-07,normalized_state_fidelity_v2,8,936,1.779421815997921,259.890625,0.9999999999999996,0.9999998388022746,6.447909991319794e-07,,,
angle_sweep,mpo_zipup,8,0.029163962761324633,0.004641588833612777,0,64,0.05402538757008046,0.9459746124299195,0.8948679673619316,0.9999999999999991,0.9459746124299153,0.9459746124299195,0.05402538757008046,0.02738773787808113,normalized_state_fidelity_v2,8,936,0.003131177043542266,259.890625,0.9999999999999996,0.9726122621219184,0.11036599780843206,,,
angle_sweep,tebd_swap,8,0.029163962761324633,0.004641588833612777,0,64,0.29991328203024137,0.7000867179697586,0.4494632286286679,0.9999999999999991,0.6420107925088269,0.7000867179697586,0.29991328203024137,0.1987442402648032,normalized_state_fidelity_v2,8,936,0.003005534003023058,259.890625,0.9999999999999996,0.8012557597351965,1.054671168311099,,,
angle_sweep,variational_mpo,8,0.029163962761324633,0.004641588833612777,0,64,0.0001391389593486947,0.9998608610406513,0.9998608610406491,0.9999999999999991,0.9999999999999987,0.9998608610406513,0.0001391389593486947,2.220446049250313e-16,normalized_state_fidelity_v2,8,936,0.004973055969458073,256.37109375,0.9999999999999996,0.9999999999999996,0.0,1,0,
angle_sweep,hybrid_tdvp,8,0.0428068431820296,0.006812920690579608,0,64,0.00029013848234005213,0.99970986151766,0.9997098615176588,0.9999999999999991,0.9999999999999998,0.99970986151766,0.00029013848234005213,-4.440892098500626e-16,normalized_state_fidelity_v2,8,936,1.8444901909679174,259.890625,0.9999999999999996,0.9999999999999999,1.394827987336886e-06,,,
angle_sweep,mpo_zipup,8,0.0428068431820296,0.006812920690579608,0,64,0.0540253875700798,0.9459746124299202,0.8948679673619406,0.9999999999999991,0.9459746124299242,0.9459746124299202,0.0540253875700798,0.02738773787807658,normalized_state_fidelity_v2,8,936,0.004621650965418667,259.890625,0.9999999999999996,0.972612262121923,0.11036599780843218,,,
angle_sweep,tebd_swap,8,0.0428068431820296,0.006812920690579608,0,64,0.3000415831524914,0.6999584168475086,0.4492965092939023,0.9999999999999991,0.6418902873080037,0.6999584168475086,0.3000415831524914,0.19881944150647024,normalized_state_fidelity_v2,8,936,0.0029348310199566185,259.890625,0.9999999999999996,0.8011805584935294,1.054752542804428,,,
angle_sweep,variational_mpo,8,0.0428068431820296,0.006812920690579608,0,64,0.0003039777345847927,0.9996960222654152,0.9996960222654157,0.9999999999999991,1.0000000000000013,0.9996960222654152,0.0003039777345847927,-1.1102230246251565e-15,normalized_state_fidelity_v2,8,936,0.004531315993517637,256.37109375,0.9999999999999996,1.0000000000000004,0.0,1,0,
angle_sweep,hybrid_tdvp,8,0.06283185307179587,0.01,0,64,0.0006231381208617881,0.9993768618791382,0.9993768618791369,0.9999999999999991,0.9999999999999996,0.9993768618791382,0.0006231381208617881,-2.220446049250313e-16,normalized_state_fidelity_v2,8,936,1.3373349530156702,259.890625,0.9999999999999996,0.9999999999999998,3.0243304275103466e-06,,,
angle_sweep,mpo_zipup,8,0.06283185307179587,0.01,0,64,0.05402538757008024,0.9459746124299198,0.894867967361935,0.9999999999999991,0.9459746124299186,0.9459746124299198,0.05402538757008024,0.027387737878079466,normalized_state_fidelity_v2,8,936,0.0034199969959445298,259.890625,0.9999999999999996,0.9726122621219201,0.11036599780843201,,,
angle_sweep,tebd_swap,8,0.06283185307179587,0.01,0,64,0.3002952900642627,0.6997047099357373,0.44897240074862504,0.9999999999999991,0.6416598235988153,0.6997047099357373,0.3002952900642627,0.1989632819908841,normalized_state_fidelity_v2,8,936,0.004274002043530345,259.890625,0.9999999999999996,0.8010367180091156,1.0549888136952044,,,
angle_sweep,variational_mpo,8,0.06283185307179587,0.01,0,64,0.0006531319983750228,0.999346868001625,0.9993468680016272,0.9999999999999991,1.000000000000003,0.999346868001625,0.0006531319983750228,-1.9984014443252818e-15,normalized_state_fidelity_v2,8,936,0.004466002981644124,256.37109375,0.9999999999999996,1.0000000000000016,0.0,1,0,
angle_sweep,hybrid_tdvp,8,0.09222454792211941,0.01467799267622069,0,64,0.0013313835842690969,0.9986686164157309,0.9986686164157305,0.9999999999999991,1.0000000000000004,0.9986686164157309,0.0013313835842690969,-6.661338147750939e-16,normalized_state_fidelity_v2,8,936,1.3983906150097027,259.890625,0.9999999999999996,1.0000000000000002,6.577570214278977e-06,,,
angle_sweep,mpo_zipup,8,0.09222454792211941,0.01467799267622069,0,64,0.05402538757008013,0.9459746124299199,0.8948679673619354,0.9999999999999991,0.945974612429919,0.9459746124299199,0.05402538757008013,0.027387737878079244,normalized_state_fidelity_v2,8,936,0.0030477640102617443,259.890625,0.9999999999999996,0.9726122621219203,0.11036599780843175,,,
angle_sweep,tebd_swap,8,0.09222454792211941,0.01467799267622069,0,64,0.3007995376087278,0.6992004623912722,0.44833827586216807,0.9999999999999991,0.6412156455515594,0.6992004623912722,0.3007995376087278,0.19924058197760797,normalized_state_fidelity_v2,8,936,0.006129053013864905,259.890625,0.9999999999999996,0.8007594180223917,1.0555841859629147,,,
angle_sweep,variational_mpo,8,0.09222454792211941,0.01467799267622069,0,64,0.0014655664782622368,0.9985344335217378,0.9985344335217398,0.9999999999999989,1.000000000000003,0.9985344335217378,0.0014655664782622368,-2.220446049250313e-15,normalized_state_fidelity_v2,8,936,0.004746101971250027,256.37109375,0.9999999999999996,1.0000000000000016,0.0,1,0,
angle_sweep,hybrid_tdvp,8,0.13536712389686328,0.021544346900318822,0,64,0.0028122900294835773,0.9971877099705164,0.9971877099705155,0.9999999999999991,1.0,0.9971877099705164,0.0028122900294835773,-4.440892098500626e-16,normalized_state_fidelity_v2,8,936,1.5956350460182875,259.890625,0.9999999999999996,1.0,1.4330985085191163e-05,,,
angle_sweep,mpo_zipup,8,0.13536712389686328,0.021544346900318822,0,64,0.05402538757008013,0.9459746124299199,0.8948679673619365,0.9999999999999991,0.9459746124299201,0.9459746124299199,0.05402538757008013,0.02738773787807869,normalized_state_fidelity_v2,8,936,0.0028777799452655017,259.890625,0.9999999999999996,0.9726122621219209,0.11036599780843208,,,
angle_sweep,tebd_swap,8,0.13536712389686328,0.021544346900318822,0,64,0.3017864704665427,0.6982135295334573,0.4471141992985548,0.9999999999999991,0.6403688562112433,0.6982135295334573,0.3017864704665427,0.1997694980749335,normalized_state_fidelity_v2,8,936,0.002915213000960648,259.890625,0.9999999999999996,0.8002305019250662,1.056967173505525,,,
angle_sweep,variational_mpo,8,0.13536712389686328,0.021544346900318822,0,64,0.002464081302045895,0.9975359186979541,0.9975359186979528,0.9999999999999989,0.9999999999999998,0.9975359186979541,0.002464081302045895,-4.440892098500626e-16,normalized_state_fidelity_v2,8,936,0.004561783978715539,256.37109375,0.9999999999999996,0.9999999999999998,0.0,1,0,
angle_sweep,hybrid_tdvp,8,0.198691765315922,0.03162277660168379,0,64,0.0057943669701715494,0.9942056330298285,0.994205633029828,0.9999999999999991,1.0000000000000004,0.9942056330298285,0.0057943669701715494,-6.661338147750939e-16,normalized_state_fidelity_v2,8,936,1.4064995789667591,259.890625,0.9999999999999996,1.0000000000000002,3.102582235751831e-05,,,
angle_sweep,mpo_zipup,8,0.198691765315922,0.03162277660168379,0,64,0.054025387570079575,0.9459746124299204,0.8948679673619337,0.9999999999999991,0.9459746124299167,0.9459746124299204,0.054025387570079575,0.027387737878080465,normalized_state_fidelity_v2,8,936,0.003759676998015493,259.890625,0.9999999999999996,0.9726122621219191,0.11036599780843197,,,
angle_sweep,tebd_swap,8,0.198691765315922,0.03162277660168379,0,64,0.30361018554322183,0.6963898144567782,0.4448783819602695,0.9999999999999991,0.6388352797883743,0.6963898144567782,0.30361018554322183,0.20072828162859735,normalized_state_fidelity_v2,8,936,0.004112215014174581,259.890625,0.9999999999999996,0.7992717183714023,1.0599130906504437,,,
angle_sweep,variational_mpo,8,0.198691765315922,0.03162277660168379,0,64,0.003774588946712676,0.9962254110532873,0.9962254110532868,0.999999999999999,1.0000000000000004,0.9962254110532873,0.003774588946712676,-8.881784197001252e-16,normalized_state_fidelity_v2,8,936,0.004468011029530317,256.37109375,0.9999999999999996,0.9999999999999999,0.0,1,0,
angle_sweep,hybrid_tdvp,8,0.29163962761324635,0.046415888336127774,0,64,0.011334893395326895,0.9886651066046731,0.9886651066046722,0.9999999999999991,1.0,0.9886651066046731,0.011334893395326895,-4.440892098500626e-16,normalized_state_fidelity_v2,8,936,2.8232210529968143,259.890625,0.9999999999999996,1.0,6.547872241938748e-05,,,
angle_sweep,mpo_zipup,8,0.29163962761324635,0.046415888336127774,0,64,0.054025387570080685,0.9459746124299193,0.8948679673619335,0.9999999999999991,0.9459746124299175,0.9459746124299193,0.054025387570080685,0.02738773787808002,normalized_state_fidelity_v2,8,936,0.003123191010672599,259.890625,0.9999999999999996,0.9726122621219195,0.11036599780843213,,,
angle_sweep,tebd_swap,8,0.29163962761324635,0.046415888336127774,0,64,0.30642881138297584,0.6935711886170242,0.44154336703574926,0.9999999999999991,0.6366229945568873,0.6935711886170242,0.30642881138297584,0.20211341999198418,normalized_state_fidelity_v2,8,936,0.004008624993730336,259.890625,0.9999999999999996,0.7978865800080155,1.0652194614645136,,,
angle_sweep,variational_mpo,8,0.29163962761324635,0.046415888336127774,0,64,0.006137375642477072,0.9938626243575229,0.9938626243575251,0.9999999999999989,1.0000000000000033,0.9938626243575229,0.006137375642477072,-2.220446049250313e-15,normalized_state_fidelity_v2,8,936,0.004462289973162115,256.37109375,0.9999999999999996,1.0000000000000016,0.0,1,0,
angle_sweep,hybrid_tdvp,8,0.42806843182029597,0.06812920690579609,0,64,0.020285110775084214,0.9797148892249158,0.9797148892249162,0.9999999999999991,1.0000000000000013,0.9797148892249158,0.020285110775084214,-1.1102230246251565e-15,normalized_state_fidelity_v2,8,936,2.2650466060149483,259.890625,0.9999999999999996,1.0000000000000007,0.00013097694414856997,,,
angle_sweep,mpo_zipup,8,0.42806843182029597,0.06812920690579609,0,64,0.054025387570079464,0.9459746124299205,0.8948679673619361,0.9999999999999991,0.945974612429919,0.9459746124299205,0.054025387570079464,0.027387737878079244,normalized_state_fidelity_v2,8,936,0.0043553890427574515,259.890625,0.9999999999999996,0.9726122621219203,0.11036599780843212,,,
angle_sweep,tebd_swap,8,0.42806843182029597,0.06812920690579609,0,64,0.31017840560937826,0.6898215943906217,0.43808488860546646,0.9999999999999991,0.6350698385898815,0.6898215943906217,0.31017840560937826,0.20308730805069863,normalized_state_fidelity_v2,8,936,0.002969463006593287,259.890625,0.9999999999999996,0.796912691949301,1.073743665917952,,,
angle_sweep,variational_mpo,8,0.42806843182029597,0.06812920690579609,0,64,0.010166906759734529,0.9898330932402655,0.9898330932402649,0.9999999999999988,1.0000000000000007,0.9898330932402655,0.010166906759734529,-8.881784197001252e-16,normalized_state_fidelity_v2,8,936,0.0047105749836191535,256.37109375,0.9999999999999996,1.0,0.0,1,0,
angle_sweep,hybrid_tdvp,8,0.6283185307179586,0.1,0,64,0.03280613398671717,0.9671938660132828,0.9671938660132828,0.9999999999999991,1.0000000000000009,0.9671938660132828,0.03280613398671717,-8.881784197001252e-16,normalized_state_fidelity_v2,8,936,2.7964238330023363,259.890625,0.9999999999999996,1.0000000000000004,0.0002452101872314285,,,
angle_sweep,mpo_zipup,8,0.6283185307179586,0.1,0,64,0.054025387570079575,0.9459746124299204,0.8948679673619323,0.9999999999999991,0.9459746124299151,0.9459746124299204,0.054025387570079575,0.027387737878081242,normalized_state_fidelity_v2,8,936,0.0030646950472146273,259.890625,0.9999999999999996,0.9726122621219183,0.11036599780843206,,,
angle_sweep,tebd_swap,8,0.6283185307179586,0.1,0,64,0.3095156407881132,0.6904843592118868,0.43743971118614766,0.9999999999999991,0.6335258798409832,0.6904843592118868,0.3095156407881132,0.20405661015309406,normalized_state_fidelity_v2,8,936,0.0052067129872739315,259.890625,0.9999999999999996,0.7959433898469056,1.0873484199459091,,,
angle_sweep,variational_mpo,8,0.6283185307179586,0.1,0,64,0.015542008648970485,0.9844579913510295,0.9844579913510302,0.9999999999999989,1.0000000000000018,0.9844579913510295,0.015542008648970485,-1.5543122344752192e-15,normalized_state_fidelity_v2,8,936,0.004406063002534211,256.37109375,0.9999999999999996,1.0000000000000009,0.0,1,0,
angle_sweep,hybrid_tdvp,8,0.9222454792211943,0.1467799267622069,0,64,0.04992505402710112,0.9500749459728989,0.950074945972898,0.9999999999999991,1.0,0.9500749459728989,0.04992505402710112,-4.440892098500626e-16,normalized_state_fidelity_v2,8,936,2.639446852961555,259.890625,0.9999999999999996,1.0,0.00044174837796400607,,,
angle_sweep,mpo_zipup,8,0.9222454792211943,0.1467799267622069,0,64,0.05402538757008135,0.9459746124299186,0.8948679673619399,0.9999999999999991,0.9459746124299249,0.9459746124299186,0.05402538757008135,0.027387737878076246,normalized_state_fidelity_v2,8,936,0.0034908620291389525,259.890625,0.9999999999999996,0.9726122621219233,0.11036599780843202,,,
angle_sweep,tebd_swap,8,0.9222454792211943,0.1467799267622069,0,64,0.3137719672458482,0.6862280327541518,0.43105609671324496,0.9999999999999991,0.6281528531896563,0.6862280327541518,0.3137719672458482,0.2074390539588411,normalized_state_fidelity_v2,8,936,0.003012542030774057,259.890625,0.9999999999999996,0.7925609460411586,1.1086675660764937,,,
angle_sweep,variational_mpo,8,0.9222454792211943,0.1467799267622069,0,64,0.022140139571366957,0.977859860428633,0.9778598604286267,0.9999999999999987,0.9999999999999949,0.977859860428633,0.022140139571366957,1.887379141862766e-15,normalized_state_fidelity_v2,8,936,0.0045897769741714,256.37109375,0.9999999999999996,0.9999999999999973,0.0,1,0,
angle_sweep,hybrid_tdvp,8,1.353671238968633,0.21544346900318823,0,64,0.07358282554644613,0.9264171744535539,0.9264171744535531,0.9999999999999991,1.0,0.9264171744535539,0.07358282554644613,-4.440892098500626e-16,normalized_state_fidelity_v2,8,936,2.4867708310484886,259.890625,0.9999999999999996,1.0,0.0007797301959530591,,,
angle_sweep,mpo_zipup,8,1.353671238968633,0.21544346900318823,0,64,0.054025387570079575,0.9459746124299204,0.8948679673619356,0.9999999999999991,0.9459746124299186,0.9459746124299204,0.054025387570079575,0.027387737878079466,normalized_state_fidelity_v2,8,936,0.003065416996832937,259.890625,0.9999999999999996,0.9726122621219201,0.11036599780843202,,,
angle_sweep,tebd_swap,8,1.353671238968633,0.21544346900318823,0,64,0.3271362848446404,0.6728637151553596,0.4128360334017826,0.9999999999999991,0.6135507445314717,0.6728637151553596,0.3271362848446404,0.21670519947374078,normalized_state_fidelity_v2,8,936,0.0033139600418508053,259.890625,0.9999999999999996,0.7832948005262589,1.1433138972064487,,,
angle_sweep,variational_mpo,8,1.353671238968633,0.21544346900318823,0,64,0.028605157684491678,0.9713948423155083,0.9713948423155088,0.9999999999999993,1.000000000000001,0.9713948423155083,0.028605157684491678,-8.881784197001252e-16,normalized_state_fidelity_v2,8,936,0.0046694379998371005,256.37109375,0.9999999999999996,1.0000000000000002,0.0,1,0,
angle_sweep,hybrid_tdvp,8,1.5707963267948966,0.25,1,64,0.08469690069531488,0.9153030993046851,0.9153030993046843,0.9999999999999991,1.0,0.9153030993046851,0.08469690069531488,-4.440892098500626e-16,normalized_state_fidelity_v2,8,936,2.9562663350370713,260.046875,0.9999999999999996,1.0,0.0009677965314056695,,,
angle_sweep,mpo_zipup,8,1.5707963267948966,0.25,1,64,0.05402538757008102,0.945974612429919,0.8948679673619369,0.9999999999999991,0.9459746124299214,0.945974612429919,0.05402538757008102,0.027387737878078022,normalized_state_fidelity_v2,8,936,0.009691454994026572,260.046875,0.9999999999999996,0.9726122621219215,0.11036599780843206,,,
angle_sweep,tebd_swap,8,1.5707963267948966,0.25,1,64,0.3278570487800645,0.6721429512199355,0.4090704143951988,0.9999999999999991,0.608606269920318,0.6721429512199355,0.3278570487800645,0.21986778689742692,normalized_state_fidelity_v2,8,936,0.007642533979378641,260.046875,0.9999999999999996,0.7801322131025727,1.148984645530133,,,
angle_sweep,variational_mpo,8,1.5707963267948966,0.25,1,64,0.029425088381783926,0.9705749116182161,0.9705749116182145,0.9999999999999991,0.9999999999999993,0.9705749116182161,0.029425088381783926,-2.220446049250313e-16,normalized_state_fidelity_v2,8,936,0.00446247000945732,256.37109375,0.9999999999999996,0.9999999999999994,0.0,1,0,
angle_sweep,hybrid_tdvp,8,1.9869176531592203,0.31622776601683794,0,64,0.10423312835770315,0.8957668716422968,0.8957668716422958,0.9999999999999991,0.9999999999999998,0.8957668716422968,0.10423312835770315,-4.440892098500626e-16,normalized_state_fidelity_v2,8,936,2.666739870037418,259.890625,0.9999999999999996,0.9999999999999999,0.00135889083111051,,,
angle_sweep,mpo_zipup,8,1.9869176531592203,0.31622776601683794,0,64,0.05402538757008113,0.9459746124299189,0.8948679673619321,0.9999999999999991,0.9459746124299164,0.9459746124299189,0.05402538757008113,0.027387737878080576,normalized_state_fidelity_v2,8,936,0.005173029028810561,259.890625,0.9999999999999996,0.972612262121919,0.110365997808432,,,
angle_sweep,tebd_swap,8,1.9869176531592203,0.31622776601683794,0,64,0.3244446186793687,0.6755553813206313,0.412628817051976,0.9999999999999991,0.6107993933011615,0.6755553813206313,0.3244446186793687,0.21846344084159308,normalized_state_fidelity_v2,8,936,0.0030660590273328125,259.890625,0.9999999999999996,0.7815365591584066,1.1396068976380183,,,
angle_sweep,variational_mpo,8,1.9869176531592203,0.31622776601683794,0,64,0.026464277451035856,0.9735357225489641,0.9735357225489678,0.9999999999999988,1.000000000000005,0.9735357225489641,0.026464277451035856,-3.1086244689504383e-15,normalized_state_fidelity_v2,8,936,0.004867793002631515,256.37109375,0.9999999999999996,1.0000000000000024,0.0,1,0,
angle_sweep,hybrid_tdvp,8,2.9163962761324638,0.46415888336127775,0,64,0.1395904943088463,0.8604095056911537,0.8604095056911518,0.9999999999999991,0.9999999999999987,0.8604095056911537,0.1395904943088463,2.220446049250313e-16,normalized_state_fidelity_v2,8,936,2.9037316699977964,259.890625,0.9999999999999996,0.9999999999999993,0.0024110407751170657,,,
angle_sweep,mpo_zipup,8,2.9163962761324638,0.46415888336127775,0,64,0.054025387570078576,0.9459746124299214,0.8948679673619399,0.9999999999999991,0.9459746124299221,0.9459746124299214,0.054025387570078576,0.02738773787807769,normalized_state_fidelity_v2,8,936,0.00586720003047958,259.890625,0.9999999999999996,0.9726122621219219,0.11036599780843208,,,
angle_sweep,tebd_swap,8,2.9163962761324638,0.46415888336127775,0,64,0.3054593451505496,0.6945406548494504,0.4419303806558056,0.9999999999999991,0.6362915944086807,0.6945406548494504,0.3054593451505496,0.20232112074552133,normalized_state_fidelity_v2,8,936,0.0029864790267311037,259.890625,0.9999999999999996,0.7976788792544783,1.0645347237524934,,,
angle_sweep,variational_mpo,8,2.9163962761324638,0.46415888336127775,0,64,0.004742044372088694,0.9952579556279113,0.9952579556279115,0.9999999999999989,1.0000000000000013,0.9952579556279113,0.004742044372088694,-1.3322676295501878e-15,normalized_state_fidelity_v2,8,936,0.004540505993645638,256.37109375,0.9999999999999996,1.0000000000000009,0.0,1,0,
angle_sweep,hybrid_tdvp,8,3.141592653589793,0.5,1,64,0.1473301697165651,0.8526698302834349,0.8526698302834333,0.9999999999999991,0.9999999999999991,0.8526698302834349,0.1473301697165651,0.0,normalized_state_fidelity_v2,8,936,3.5332122889813036,260.046875,0.9999999999999996,0.9999999999999996,0.002758750455992696,,,
angle_sweep,mpo_zipup,8,3.141592653589793,0.5,1,64,8.881784197001252e-16,0.9999999999999991,0.9999999999999978,0.9999999999999991,0.9999999999999996,0.9999999999999991,8.881784197001252e-16,-2.220446049250313e-16,normalized_state_fidelity_v2,8,936,0.010747360996901989,260.046875,0.9999999999999996,0.9999999999999998,1.116370912752656e-31,,,
angle_sweep,tebd_swap,8,3.141592653589793,0.5,1,64,0.2997659657171158,0.7002340342828842,0.44966304177902316,0.9999999999999991,0.6421610772454489,0.7002340342828842,0.2997659657171158,0.19865046499954253,normalized_state_fidelity_v2,8,936,0.010601263027638197,260.046875,0.9999999999999996,0.8013495350004571,1.0547129625349974,,,
angle_sweep,variational_mpo,8,3.141592653589793,0.5,1,64,1.1102230246251565e-16,0.9999999999999999,0.9999999999999978,0.9999999999999988,0.9999999999999991,0.9999999999999999,1.1102230246251565e-16,-2.220446049250313e-16,normalized_state_fidelity_v2,8,936,0.004183293029200286,256.37109375,0.9999999999999996,0.9999999999999998,0.0,1,0,
angle_sweep,hybrid_tdvp,8,4.280684318202959,0.6812920690579608,0,64,0.2362861854504904,0.7637138145495096,0.7637138145495106,0.9999999999999991,1.0000000000000022,0.7637138145495096,0.2362861854504904,-1.5543122344752192e-15,normalized_state_fidelity_v2,8,936,2.0494119159993716,259.890625,0.9999999999999996,1.000000000000001,0.006856577348325274,,,
angle_sweep,mpo_zipup,8,4.280684318202959,0.6812920690579608,0,64,0.0540253875700798,0.9459746124299202,0.894867967361934,0.9999999999999991,0.9459746124299171,0.9459746124299202,0.0540253875700798,0.027387737878080243,normalized_state_fidelity_v2,8,936,0.0031114359735511243,259.890625,0.9999999999999996,0.9726122621219193,0.11036599780843205,,,
angle_sweep,tebd_swap,8,4.280684318202959,0.6812920690579608,0,64,0.32083042955733465,0.6791695704426653,0.42331213585589844,0.9999999999999991,0.6232790075974617,0.6791695704426653,0.32083042955733465,0.21051978644334457,normalized_state_fidelity_v2,8,936,0.005034931004047394,259.890625,0.9999999999999996,0.7894802135566551,1.1256410094155576,,,
angle_sweep,variational_mpo,8,4.280684318202959,0.6812920690579608,0,64,0.026052339142364156,0.9739476608576358,0.9739476608576365,0.9999999999999998,1.0000000000000009,0.9739476608576358,0.026052339142364156,-6.661338147750939e-16,normalized_state_fidelity_v2,8,936,0.00493113900301978,256.37109375,0.9999999999999996,1.0,0.0,1,0,
angle_sweep,hybrid_tdvp,8,6.283185307179586,1.0,1,64,0.28645703525352484,0.7135429647464752,0.7135429647464742,0.9999999999999991,0.9999999999999996,0.7135429647464752,0.28645703525352484,-2.220446049250313e-16,normalized_state_fidelity_v2,8,936,3.218419528042432,260.046875,0.9999999999999996,0.9999999999999998,0.012302257653035227,,,
angle_sweep,mpo_zipup,8,6.283185307179586,1.0,1,64,6.661338147750939e-16,0.9999999999999993,0.9999999999999973,0.9999999999999991,0.9999999999999989,0.9999999999999993,6.661338147750939e-16,1.1102230246251565e-16,normalized_state_fidelity_v2,8,936,0.007118149020243436,260.046875,0.9999999999999996,0.9999999999999994,4.677480891775645e-32,,,
angle_sweep,tebd_swap,8,6.283185307179586,1.0,1,64,0.29976596571711567,0.7002340342828843,0.4496630417790223,0.9999999999999991,0.6421610772454476,0.7002340342828843,0.29976596571711567,0.1986504649995433,normalized_state_fidelity_v2,8,936,0.006437131960410625,260.046875,0.9999999999999996,0.8013495350004564,1.0547129625349974,,,
angle_sweep,variational_mpo,8,6.283185307179586,1.0,1,64,0.0,1.0,0.9999999999999973,0.9999999999999988,0.9999999999999986,1.0,0.0,1.1102230246251565e-16,normalized_state_fidelity_v2,8,936,0.004643518012017012,256.37109375,0.9999999999999996,0.9999999999999994,0.0,1,0,
angle_sweep,hybrid_tdvp,12,0.0006283185307179586,0.0001,0,64,5.0948751884050125e-09,0.9999999949051248,0.9999999948745857,0.9999999999999991,0.9999999999694618,0.9999999949051248,5.0948751884050125e-09,1.5268675213064853e-11,normalized_state_fidelity_v2,11,1334,0.9930866489885375,260.046875,0.9999999999999996,0.9999999999847309,6.169160088600737e-11,,,
angle_sweep,mpo_zipup,12,0.0006283185307179586,0.0001,0,64,0.0062741849455243415,0.9937258150544757,0.9874909955056784,0.9999999999999991,0.993725815054473,0.9937258150544757,0.0062741849455243415,0.0031420286447653156,normalized_state_fidelity_v2,12,1704,0.005818100995384157,260.046875,0.9999999999999996,0.9968579713552342,0.012576972145545314,,,
angle_sweep,tebd_swap,12,0.0006283185307179586,0.0001,0,64,0.24404046614593822,0.7559595338540618,0.5796687278593958,0.9999999999999991,0.7667986206935007,0.7559595338540618,0.24404046614593822,0.12432961641180218,normalized_state_fidelity_v2,12,1704,0.008764992991928011,260.046875,0.9999999999999996,0.8756703835881974,0.47164549931204724,,,
angle_sweep,variational_mpo,12,0.0006283185307179586,0.0001,0,64,1.61776703144767e-09,0.999999998382233,0.9999999983822352,0.9999999999999993,1.0000000000000029,0.999999998382233,1.61776703144767e-09,-1.7763568394002505e-15,normalized_state_fidelity_v2,12,1704,0.004943607025779784,256.52734375,0.9999999999999996,1.0000000000000013,0.0,1,0,
angle_sweep,hybrid_tdvp,12,0.0009222454792211941,0.0001467799267622069,0,64,6.424323961695677e-09,0.999999993575676,0.9999999935349693,0.9999999999999991,0.9999999999592941,0.999999993575676,6.424323961695677e-09,2.0352497465125907e-11,normalized_state_fidelity_v2,12,1462,1.046769691980444,260.046875,0.9999999999999996,0.9999999999796471,8.205762680222055e-11,,,
angle_sweep,mpo_zipup,12,0.0009222454792211941,0.0001467799267622069,0,64,0.006274184945525674,0.9937258150544743,0.9874909955056744,0.9999999999999991,0.9937258150544703,0.9937258150544743,0.006274184945525674,0.003142028644766648,normalized_state_fidelity_v2,12,1704,0.01009932899614796,260.046875,0.9999999999999996,0.9968579713552329,0.012576972145545326,,,
angle_sweep,tebd_swap,12,0.0009222454792211941,0.0001467799267622069,0,64,0.24404162328794232,0.7559583767120577,0.5796669168597662,0.9999999999999991,0.7667973987945638,0.7559583767120577,0.24404162328794232,0.12433031410550444,normalized_state_fidelity_v2,12,1704,0.009662225027568638,260.046875,0.9999999999999996,0.8756696858944951,0.47164608536703945,,,
angle_sweep,variational_mpo,12,0.0009222454792211941,0.0001467799267622069,0,64,3.4853137043100446e-09,0.9999999965146863,0.9999999965146844,0.9999999999999991,0.999999999999999,0.9999999965146863,3.4853137043100446e-09,1.1102230246251565e-16,normalized_state_fidelity_v2,12,1704,0.004823236959055066,256.52734375,0.9999999999999996,0.9999999999999999,0.0,1,0,
angle_sweep,hybrid_tdvp,12,0.0013536712389686342,0.00021544346900318845,0,64,9.799550948486058e-09,0.999999990200449,0.9999999901401093,0.9999999999999991,0.9999999999396612,0.999999990200449,9.799550948486058e-09,3.016897842655908e-11,normalized_state_fidelity_v2,12,1540,0.9559633979806677,260.203125,0.9999999999999996,0.9999999999698306,1.214118283231955e-10,,,
angle_sweep,mpo_zipup,12,0.0013536712389686342,0.00021544346900318845,0,64,0.006274184945525896,0.9937258150544741,0.9874909955056766,0.9999999999999991,0.9937258150544728,0.9937258150544741,0.006274184945525896,0.0031420286447654266,normalized_state_fidelity_v2,12,1704,0.010620916029438376,260.203125,0.9999999999999996,0.9968579713552341,0.01257697214554534,,,
angle_sweep,tebd_swap,12,0.0013536712389686342,0.00021544346900318845,0,64,0.24404335721023973,0.7559566427897603,0.579664206564172,0.9999999999999991,0.766795572329382,0.7559566427897603,0.24404335721023973,0.12433135700232889,normalized_state_fidelity_v2,12,1704,0.008493305998854339,260.203125,0.9999999999999996,0.8756686429976707,0.4716469704860943,,,
angle_sweep,variational_mpo,12,0.0013536712389686342,0.00021544346900318845,0,64,7.508692112523363e-09,0.9999999924913079,0.999999992491309,0.9999999999999991,1.000000000000002,0.9999999924913079,7.508692112523363e-09,-1.3322676295501878e-15,normalized_state_fidelity_v2,12,1704,0.004901155014522374,256.52734375,0.9999999999999996,1.0000000000000009,0.0,1,0,
angle_sweep,hybrid_tdvp,12,0.0019869176531592202,0.00031622776601683794,0,64,1.7264949581097255e-08,0.9999999827350504,0.9999999826299141,0.9999999999999991,0.9999999998948645,0.9999999827350504,1.7264949581097255e-08,5.256728385916176e-11,normalized_state_fidelity_v2,12,1624,0.8227813030243851,260.203125,0.9999999999999996,0.9999999999474323,2.110758652780604e-10,,,
angle_sweep,mpo_zipup,12,0.0019869176531592202,0.00031622776601683794,0,64,0.006274184945525674,0.9937258150544743,0.987490995505676,0.9999999999999991,0.9937258150544719,0.9937258150544743,0.006274184945525674,0.0031420286447658707,normalized_state_fidelity_v2,12,1704,0.007713132014032453,260.203125,0.9999999999999996,0.9968579713552337,0.012576972145545333,,,
angle_sweep,tebd_swap,12,0.0019869176531592202,0.00031622776601683794,0,64,0.2440459784945418,0.7559540215054582,0.579660116912694,0.9999999999999991,0.7667928212860353,0.7559540215054582,0.2440459784945418,0.12433292782814076,normalized_state_fidelity_v2,12,1704,0.004671941045671701,260.203125,0.9999999999999996,0.8756670721718588,0.4716483232002291,,,
angle_sweep,variational_mpo,12,0.0019869176531592202,0.00031622776601683794,0,64,1.6176377459764524e-08,0.9999999838236225,0.9999999838236221,0.9999999999999991,1.0000000000000004,0.9999999838236225,1.6176377459764524e-08,-6.661338147750939e-16,normalized_state_fidelity_v2,12,1704,0.010057665989734232,256.52734375,0.9999999999999996,1.0,0.0,1,0,
angle_sweep,hybrid_tdvp,12,0.0029163962761324636,0.00046415888336127773,0,64,3.5291887079402784e-08,0.9999999647081129,0.9999999644891145,0.9999999999999991,0.9999999997810025,0.9999999647081129,3.5291887079402784e-08,1.094982993166127e-10,normalized_state_fidelity_v2,12,1664,0.9317005390184931,260.203125,0.9999999999999996,0.9999999998905013,4.387730865845504e-10,,,
angle_sweep,mpo_zipup,12,0.0029163962761324636,0.00046415888336127773,0,64,0.006274184945525452,0.9937258150544745,0.9874909955056758,0.9999999999999991,0.9937258150544714,0.9937258150544745,0.006274184945525452,0.0031420286447660928,normalized_state_fidelity_v2,12,1704,0.005741890985518694,260.203125,0.9999999999999996,0.9968579713552335,0.012576972145545314,,,
angle_sweep,tebd_swap,12,0.0029163962761324636,0.00046415888336127773,0,64,0.24404998961681346,0.7559500103831865,0.5796538765601245,0.9999999999999991,0.7667886349605338,0.7559500103831865,0.24404998961681346,0.12433531819506694,normalized_state_fidelity_v2,12,1704,0.008813210995867848,260.203125,0.9999999999999996,0.8756646818049326,0.4716504236181137,,,
angle_sweep,variational_mpo,12,0.0029163962761324636,0.00046415888336127773,0,64,3.484897270755738e-08,0.9999999651510273,0.99999996515103,0.9999999999999987,1.000000000000004,0.9999999651510273,3.484897270755738e-08,-2.6645352591003757e-15,normalized_state_fidelity_v2,12,1704,0.010321623005438596,256.52734375,0.9999999999999996,1.0000000000000018,0.0,1,0,
angle_sweep,hybrid_tdvp,12,0.0042806843182029595,0.0006812920690579609,0,64,7.492614628734628e-08,0.9999999250738537,0.9999999246079355,0.9999999999999991,0.9999999995340827,0.9999999250738537,7.492614628734628e-08,2.3295820827939906e-10,normalized_state_fidelity_v2,12,1704,0.9235101499943994,260.203125,0.9999999999999996,0.9999999997670413,9.326753189434362e-10,,,
angle_sweep,mpo_zipup,12,0.0042806843182029595,0.0006812920690579609,0,64,0.0062741849455247856,0.9937258150544752,0.9874909955056762,0.9999999999999991,0.9937258150544712,0.9937258150544752,0.0062741849455247856,0.003142028644766204,normalized_state_fidelity_v2,12,1704,0.0032118569943122566,260.203125,0.9999999999999996,0.9968579713552334,0.012576972145545321,,,
angle_sweep,tebd_swap,12,0.0042806843182029595,0.0006812920690579609,0,64,0.2440562272706024,0.7559437727293976,0.5796442140498289,0.9999999999999991,0.7667821800515348,0.7559437727293976,0.2440562272706024,0.12433900392244512,normalized_state_fidelity_v2,12,1704,0.003269581007771194,260.203125,0.9999999999999996,0.8756609960775544,0.47165375260475617,,,
angle_sweep,variational_mpo,12,0.0042806843182029595,0.0006812920690579609,0,64,7.507335475498422e-08,0.9999999249266452,0.9999999249266472,0.9999999999999989,1.000000000000003,0.9999999249266452,7.507335475498422e-08,-2.220446049250313e-15,normalized_state_fidelity_v2,12,1704,0.010305984993465245,256.52734375,0.9999999999999996,1.0000000000000013,0.0,1,0,
angle_sweep,hybrid_tdvp,12,0.006283185307179587,0.001,0,64,1.6141530023716655e-07,0.9999998385846998,0.9999998375804969,0.9999999999999991,0.999999998995798,0.9999998385846998,1.6141530023716655e-07,5.021005833327763e-10,normalized_state_fidelity_v2,12,1704,0.5509478359599598,260.203125,0.9999999999999996,0.999999999497899,2.009268550727474e-09,,,
angle_sweep,mpo_zipup,12,0.006283185307179587,0.001,0,64,0.0062741849455247856,0.9937258150544752,0.9874909955056764,0.9999999999999991,0.9937258150544714,0.9937258150544752,0.0062741849455247856,0.0031420286447660928,normalized_state_fidelity_v2,12,1704,0.003239924961235374,260.203125,0.9999999999999996,0.9968579713552335,0.012576972145545328,,,
angle_sweep,tebd_swap,12,0.006283185307179587,0.001,0,64,0.2440661280111439,0.7559338719888561,0.5796289794397591,0.9999999999999991,0.7667720695128535,0.7559338719888561,0.2440661280111439,0.12434477703101987,normalized_state_fidelity_v2,12,1704,0.0032664539758116007,260.203125,0.9999999999999996,0.8756552229689797,0.4716591631531949,,,
angle_sweep,variational_mpo,12,0.006283185307179587,0.001,0,64,1.6171906580542128e-07,0.9999998382809342,0.9999998382809318,0.9999999999999989,0.9999999999999987,0.9999998382809342,1.6171906580542128e-07,1.1102230246251565e-16,normalized_state_fidelity_v2,12,1704,0.009858197008725256,256.52734375,0.9999999999999996,0.9999999999999991,0.0,1,0,
angle_sweep,hybrid_tdvp,12,0.009222454792211942,0.0014677992676220691,0,64,3.477439273202876e-07,0.9999996522560727,0.9999996500920081,0.9999999999999991,0.9999999978359355,0.9999996522560727,3.477439273202876e-07,1.0820317974946647e-09,normalized_state_fidelity_v2,12,1704,0.6556777050136589,260.203125,0.9999999999999996,0.9999999989179678,4.328946553010812e-09,,,
angle_sweep,mpo_zipup,12,0.009222454792211942,0.0014677992676220691,0,64,0.006274184945523897,0.9937258150544761,0.9874909955056793,0.9999999999999991,0.9937258150544734,0.9937258150544761,0.006274184945523897,0.0031420286447650936,normalized_state_fidelity_v2,12,1704,0.0046504189958795905,260.203125,0.9999999999999996,0.9968579713552345,0.012576972145545342,,,
angle_sweep,tebd_swap,12,0.009222454792211942,0.0014677992676220691,0,64,0.24408222585686223,0.7559177741431378,0.5796044704645197,0.9999999999999991,0.7667559757032099,0.7559177741431378,0.24408222585686223,0.12435396666049436,normalized_state_fidelity_v2,12,1704,0.0032354180002585053,260.203125,0.9999999999999996,0.8756460333395052,0.47166821294892525,,,
angle_sweep,variational_mpo,12,0.009222454792211942,0.0014677992676220691,0,64,3.4833995654626193e-07,0.9999996516600435,0.9999996516600455,0.9999999999999993,1.0000000000000027,0.9999996516600435,3.4833995654626193e-07,-1.7763568394002505e-15,normalized_state_fidelity_v2,12,1704,0.009823778993450105,256.52734375,0.9999999999999996,1.000000000000001,0.0,1,0,
angle_sweep,hybrid_tdvp,12,0.013536712389686328,0.002154434690031882,0,64,7.490877456106659e-07,0.9999992509122544,0.9999992462501356,0.9999999999999991,0.9999999953378786,0.9999992509122544,7.490877456106659e-07,2.3310602337289765e-09,normalized_state_fidelity_v2,12,1704,0.7145632609608583,260.203125,0.9999999999999996,0.9999999976689393,9.325015445859089e-09,,,
angle_sweep,mpo_zipup,12,0.013536712389686328,0.002154434690031882,0,64,0.006274184945525452,0.9937258150544745,0.9874909955056758,0.9999999999999991,0.9937258150544714,0.9937258150544745,0.006274184945525452,0.0031420286447660928,normalized_state_fidelity_v2,12,1704,0.003508314024657011,260.203125,0.9999999999999996,0.9968579713552335,0.012576972145545297,,,
angle_sweep,tebd_swap,12,0.013536712389686328,0.002154434690031882,0,64,0.2441090392103078,0.7558909607896922,0.5795643511125323,0.9999999999999991,0.7667300988849662,0.7558909607896922,0.2441090392103078,0.12436874262908648,normalized_state_fidelity_v2,12,1704,0.0033050929778255522,260.203125,0.9999999999999996,0.8756312573709131,0.4716838049238814,,,
angle_sweep,variational_mpo,12,0.013536712389686328,0.002154434690031882,0,64,7.502212644450168e-07,0.9999992497787356,0.9999992497787334,0.9999999999999989,0.999999999999999,0.9999992497787356,7.502212644450168e-07,0.0,normalized_state_fidelity_v2,12,1704,0.004979329998604953,256.52734375,0.9999999999999996,0.9999999999999999,0.0,1,0,
angle_sweep,hybrid_tdvp,12,0.019869176531592203,0.0031622776601683794,0,64,1.6134706058990034e-06,0.9999983865293941,0.9999983764871464,0.9999999999999991,0.999999989957737,0.9999983865293941,1.6134706058990034e-06,5.021131066484941e-09,normalized_state_fidelity_v2,12,1704,0.6758319360087626,260.203125,0.9999999999999996,0.9999999949788685,2.0085042303627445e-08,,,
angle_sweep,mpo_zipup,12,0.019869176531592203,0.0031622776601683794,0,64,0.0062741849455247856,0.9937258150544752,0.9874909955056784,0.9999999999999991,0.9937258150544734,0.9937258150544752,0.0062741849455247856,0.0031420286447650936,normalized_state_fidelity_v2,12,1704,0.003284255973994732,260.203125,0.9999999999999996,0.9968579713552345,0.012576972145545328,,,
angle_sweep,tebd_swap,12,0.019869176531592203,0.0031622776601683794,0,64,0.24415432764613076,0.7558456723538692,0.5794985866905976,0.9999999999999991,0.7666890317515643,0.7558456723538692,0.24415432764613076,0.12439219295876247,normalized_state_fidelity_v2,12,1704,0.004351666022557765,260.203125,0.9999999999999996,0.8756078070412371,0.4717113934306172,,,
angle_sweep,variational_mpo,12,0.019869176531592203,0.0031622776601683794,0,64,1.6153934927487512e-06,0.9999983846065073,0.9999983846065081,0.9999999999999989,1.000000000000002,0.9999983846065073,1.6153934927487512e-06,-1.5543122344752192e-15,normalized_state_fidelity_v2,12,1704,0.004866797011345625,256.52734375,0.9999999999999996,1.000000000000001,0.0,1,0,
angle_sweep,hybrid_tdvp,12,0.029163962761324633,0.004641588833612777,0,64,3.4746060985080263e-06,0.9999965253939015,0.9999965037676201,0.9999999999999991,0.9999999783736443,0.9999965253939015,3.4746060985080263e-06,1.0813177464541468e-08,normalized_state_fidelity_v2,12,1704,0.859709293988999,260.359375,0.9999999999999996,0.9999999891868221,4.325307713432672e-08,,,
angle_sweep,mpo_zipup,12,0.029163962761324633,0.004641588833612777,0,64,0.006274184945525674,0.9937258150544743,0.9874909955056762,0.9999999999999991,0.9937258150544721,0.9937258150544743,0.006274184945525674,0.0031420286447657597,normalized_state_fidelity_v2,12,1704,0.0076921479776501656,260.359375,0.9999999999999996,0.9968579713552338,0.012576972145545321,,,
angle_sweep,tebd_swap,12,0.029163962761324633,0.004641588833612777,0,64,0.2442294806460561,0.7557705193539439,0.579395187716026,0.9999999999999991,0.7666284578172109,0.7557705193539439,0.2442294806460561,0.12442678329153323,normalized_state_fidelity_v2,12,1704,0.008648067014291883,260.359375,0.9999999999999996,0.8755732167084663,0.4717613102721032,,,
angle_sweep,variational_mpo,12,0.029163962761324633,0.004641588833612777,0,64,3.476910520605614e-06,0.9999965230894794,0.9999965230894787,0.9999999999999991,1.0000000000000002,0.9999965230894794,3.476910520605614e-06,-4.440892098500626e-16,normalized_state_fidelity_v2,12,1704,0.004820903006475419,256.52734375,0.9999999999999996,0.9999999999999999,0.0,1,0,
angle_sweep,hybrid_tdvp,12,0.0428068431820296,0.006812920690579608,0,64,7.479807077048761e-06,0.999992520192923,0.9999924736361046,0.9999999999999991,0.9999999534428342,0.999992520192923,7.479807077048761e-06,2.327858272810346e-08,normalized_state_fidelity_v2,12,1704,0.7031320960377343,260.359375,0.9999999999999996,0.9999999767214168,9.311456358278773e-08,,,
angle_sweep,mpo_zipup,12,0.0428068431820296,0.006812920690579608,0,64,0.006274184945525896,0.9937258150544741,0.9874909955056773,0.9999999999999991,0.9937258150544734,0.9937258150544741,0.006274184945525896,0.0031420286447650936,normalized_state_fidelity_v2,12,1704,0.005072368017863482,260.359375,0.9999999999999996,0.9968579713552345,0.012576972145545321,,,
angle_sweep,tebd_swap,12,0.0428068431820296,0.006812920690579608,0,64,0.2443485275245859,0.7556514724754141,0.5792457558267212,0.9999999999999991,0.7665514816363547,0.7556514724754141,0.2443485275245859,0.12447074198725061,normalized_state_fidelity_v2,12,1704,0.003241466998588294,260.359375,0.9999999999999996,0.875529258012749,0.47185423553028516,,,
angle_sweep,variational_mpo,12,0.0428068431820296,0.006812920690579608,0,64,7.478069068089788e-06,0.9999925219309319,0.9999925219309328,0.9999999999999991,1.0000000000000018,0.9999925219309319,7.478069068089788e-06,-1.3322676295501878e-15,normalized_state_fidelity_v2,12,1704,0.004863970971200615,256.52734375,0.9999999999999996,1.0000000000000009,0.0,1,0,
angle_sweep,hybrid_tdvp,12,0.06283185307179587,0.01,0,64,1.6090502071186563e-05,0.9999839094979288,0.9999838093324149,0.9999999999999991,0.9999998998328753,0.9999839094979288,1.6090502071186563e-05,5.008356318558782e-08,normalized_state_fidelity_v2,12,1704,0.6738680619746447,260.359375,0.9999999999999996,0.9999999499164364,2.0033444323231246e-07,,,
angle_sweep,mpo_zipup,12,0.06283185307179587,0.01,0,64,0.006274184945525008,0.993725815054475,0.9874909955056802,0.9999999999999991,0.9937258150544754,0.993725815054475,0.006274184945525008,0.0031420286447640944,normalized_state_fidelity_v2,12,1704,0.0049074169946834445,260.359375,0.9999999999999996,0.9968579713552355,0.012576972145545338,,,
angle_sweep,tebd_swap,12,0.06283185307179587,0.01,0,64,0.24454881935885153,0.7554511806411485,0.5790191413419558,0.9999999999999991,0.7664547441047679,0.7554511806411485,0.24454881935885153,0.12452598890385747,normalized_state_fidelity_v2,12,1704,0.004646197019610554,260.359375,0.9999999999999996,0.8754740110961421,0.4720339268629071,,,
angle_sweep,variational_mpo,12,0.06283185307179587,0.01,0,64,1.606159099543092e-05,0.9999839384090046,0.9999839384090077,0.9999999999999991,1.000000000000004,0.9999839384090046,1.606159099543092e-05,-2.4424906541753444e-15,normalized_state_fidelity_v2,12,1704,0.004855278006289154,256.52734375,0.9999999999999996,1.0000000000000018,0.0,1,0,
angle_sweep,hybrid_tdvp,12,0.09222454792211941,0.01467799267622069,0,64,3.4567587189227034e-05,0.9999654324128108,0.9999652171476909,0.9999999999999991,0.9999997847274396,0.9999654324128108,3.4567587189227034e-05,1.0763628555121585e-07,normalized_state_fidelity_v2,12,1704,0.7380143270129338,260.359375,0.9999999999999996,0.999999892363714,4.305454976319529e-07,,,
angle_sweep,mpo_zipup,12,0.09222454792211941,0.01467799267622069,0,64,0.006274184945525674,0.9937258150544743,0.9874909955056802,0.9999999999999991,0.9937258150544761,0.9937258150544743,0.006274184945525674,0.0031420286447637613,normalized_state_fidelity_v2,12,1704,0.004436187969986349,260.359375,0.9999999999999996,0.9968579713552358,0.012576972145545312,,,
angle_sweep,tebd_swap,12,0.09222454792211941,0.01467799267622069,0,64,0.24494285340680988,0.7550571465931901,0.5786011069219393,0.9999999999999991,0.766301080034249,0.7550571465931901,0.24494285340680988,0.1246137538010722,normalized_state_fidelity_v2,12,1704,0.0032494940096512437,260.359375,0.9999999999999996,0.8753862461989274,0.4723843460504239,,,
angle_sweep,variational_mpo,12,0.09222454792211941,0.01467799267622069,0,64,3.44083822882979e-05,0.9999655916177117,0.9999655916177108,0.9999999999999989,1.0000000000000002,0.9999655916177117,3.44083822882979e-05,-6.661338147750939e-16,normalized_state_fidelity_v2,12,1704,0.005070585990324616,256.52734375,0.9999999999999996,1.0000000000000007,0.0,1,0,
angle_sweep,hybrid_tdvp,12,0.13536712389686328,0.021544346900318822,0,64,7.40775641115965e-05,0.9999259224358884,0.9999254607164183,0.9999999999999991,0.9999995382463251,0.9999259224358884,7.40775641115965e-05,2.3087686362721627e-07,normalized_state_fidelity_v2,12,1704,0.6587479070294648,260.359375,0.9999999999999996,0.9999997691231359,9.235077641571702e-07,,,
angle_sweep,mpo_zipup,12,0.13536712389686328,0.021544346900318822,0,64,0.006274184945525008,0.993725815054475,0.9874909955056775,0.9999999999999991,0.9937258150544728,0.993725815054475,0.006274184945525008,0.0031420286447654266,normalized_state_fidelity_v2,12,1704,0.0104998629540205,260.359375,0.9999999999999996,0.9968579713552341,0.012576972145545323,,,
angle_sweep,tebd_swap,12,0.13536712389686328,0.021544346900318822,0,64,0.24561012185312325,0.7543898781468767,0.5780012640480532,0.9999999999999991,0.7661837476768466,0.7543898781468767,0.24561012185312325,0.12468077384485188,normalized_state_fidelity_v2,12,1704,0.006047724978998303,260.359375,0.9999999999999996,0.8753192261551477,0.4730269043429378,,,
angle_sweep,variational_mpo,12,0.13536712389686328,0.021544346900318822,0,64,7.335410569819789e-05,0.9999266458943018,0.9999266458943029,0.9999999999999989,1.0000000000000022,0.9999266458943018,7.335410569819789e-05,-1.7763568394002505e-15,normalized_state_fidelity_v2,12,1704,0.004910055024083704,256.52734375,0.9999999999999996,1.000000000000001,0.0,1,0,
angle_sweep,hybrid_tdvp,12,0.198691765315922,0.03162277660168379,0,64,0.00015801228271727918,0.9998419877172827,0.9998419877172823,0.9999999999999991,1.0000000000000004,0.9998419877172827,0.00015801228271727918,-6.661338147750939e-16,normalized_state_fidelity_v2,12,1704,0.7553103620302863,260.359375,0.9999999999999996,1.0000000000000002,1.97407589956889e-06,,,
angle_sweep,mpo_zipup,12,0.198691765315922,0.03162277660168379,0,64,0.00627418494552523,0.9937258150544748,0.9874909955056775,0.9999999999999991,0.993725815054473,0.9937258150544748,0.00627418494552523,0.0031420286447653156,normalized_state_fidelity_v2,12,1704,0.003468314011115581,260.359375,0.9999999999999996,0.9968579713552342,0.012576972145545349,,,
angle_sweep,tebd_swap,12,0.198691765315922,0.03162277660168379,0,64,0.24650517472408107,0.7534948252759189,0.5772182544132104,0.9999999999999991,0.7660547027669923,0.7534948252759189,0.24650517472408107,0.12475449000466554,normalized_state_fidelity_v2,12,1704,0.012672894983552396,260.359375,0.9999999999999996,0.875245509995334,0.47416622777971174,,,
angle_sweep,variational_mpo,12,0.198691765315922,0.03162277660168379,0,64,0.000154926883696338,0.9998450731163037,0.9998450731163009,0.999999999999999,0.9999999999999982,0.9998450731163037,0.000154926883696338,3.3306690738754696e-16,normalized_state_fidelity_v2,12,1704,0.005827836983371526,256.52734375,0.9999999999999996,0.999999999999999,0.0,1,0,
angle_sweep,hybrid_tdvp,12,0.29163962761324635,0.046415888336127774,0,64,0.000334063211336999,0.999665936788663,0.999665936788661,0.9999999999999991,0.9999999999999989,0.999665936788663,0.000334063211336999,1.1102230246251565e-16,normalized_state_fidelity_v2,12,1704,0.6324025799985975,260.359375,0.9999999999999996,0.9999999999999994,4.19275504860822e-06,,,
angle_sweep,mpo_zipup,12,0.29163962761324635,0.046415888336127774,0,64,0.006274184945525008,0.993725815054475,0.987490995505674,0.9999999999999991,0.9937258150544692,0.993725815054475,0.006274184945525008,0.003142028644767203,normalized_state_fidelity_v2,12,1704,0.004991699999663979,260.359375,0.9999999999999996,0.9968579713552324,0.012576972145545342,,,
angle_sweep,tebd_swap,12,0.29163962761324635,0.046415888336127774,0,64,0.24782763890177895,0.752172361098221,0.5754666139580534,0.9999999999999991,0.7650727994283583,0.752172361098221,0.24782763890177895,0.12531560010003673,normalized_state_fidelity_v2,12,1704,0.0034073779825121164,260.359375,0.9999999999999996,0.8746843998999629,0.4759298571399585,,,
angle_sweep,variational_mpo,12,0.29163962761324635,0.046415888336127774,0,64,0.00032100737263662804,0.9996789926273634,0.9996789926273604,0.9999999999999989,0.9999999999999981,0.9996789926273634,0.00032100737263662804,4.440892098500626e-16,normalized_state_fidelity_v2,12,1704,0.004914277989882976,256.52734375,0.9999999999999996,0.9999999999999991,0.0,1,0,
angle_sweep,hybrid_tdvp,12,0.42806843182029597,0.06812920690579609,0,64,0.0006939531969054613,0.9993060468030945,0.9993060468030932,0.9999999999999991,0.9999999999999996,0.9993060468030945,0.0006939531969054613,-2.220446049250313e-16,normalized_state_fidelity_v2,12,1704,1.4261269089765847,260.359375,0.9999999999999996,0.9999999999999998,8.79684381379596e-06,,,
angle_sweep,mpo_zipup,12,0.42806843182029597,0.06812920690579609,0,64,0.006274184945525008,0.993725815054475,0.9874909955056769,0.9999999999999991,0.9937258150544721,0.993725815054475,0.006274184945525008,0.0031420286447657597,normalized_state_fidelity_v2,12,1704,0.007716174004599452,260.359375,0.9999999999999996,0.9968579713552338,0.01257697214554531,,,
angle_sweep,tebd_swap,12,0.42806843182029597,0.06812920690579609,0,64,0.24961476556802753,0.7503852344319725,0.5728085171144387,0.9999999999999991,0.7633525965473514,0.7503852344319725,0.24961476556802753,0.12629948120231038,normalized_state_fidelity_v2,12,1704,0.007689758960623294,260.359375,0.9999999999999996,0.8737005187976893,0.47866441764401324,,,
angle_sweep,variational_mpo,12,0.42806843182029597,0.06812920690579609,0,64,0.0006376584169718313,0.9993623415830282,0.9993623415830281,0.9999999999999988,1.000000000000001,0.9993623415830282,0.0006376584169718313,-1.1102230246251565e-15,normalized_state_fidelity_v2,12,1704,0.0048646359937265515,256.52734375,0.9999999999999996,1.0000000000000007,0.0,1,0,
angle_sweep,hybrid_tdvp,12,0.6283185307179586,0.1,0,64,0.0013949134631785487,0.9986050865368215,0.9986050865368201,0.9999999999999991,0.9999999999999996,0.9986050865368215,0.0013949134631785487,-2.220446049250313e-16,normalized_state_fidelity_v2,12,1704,1.4287670259946026,260.359375,0.9999999999999996,0.9999999999999998,1.8069979365878827e-05,,,
angle_sweep,mpo_zipup,12,0.6283185307179586,0.1,0,64,0.00627418494552523,0.9937258150544748,0.987490995505678,0.9999999999999991,0.9937258150544734,0.9937258150544748,0.00627418494552523,0.0031420286447650936,normalized_state_fidelity_v2,12,1704,0.007732212019618601,260.359375,0.9999999999999996,0.9968579713552345,0.012576972145545307,,,
angle_sweep,tebd_swap,12,0.6283185307179586,0.1,0,64,0.2521355355854674,0.7478644644145326,0.5687675752341422,0.9999999999999991,0.7605222634550549,0.7478644644145326,0.2521355355854674,0.1279207240995487,normalized_state_fidelity_v2,12,1704,0.0047428199904970825,260.359375,0.9999999999999996,0.872079275900451,0.48269720759210055,,,
angle_sweep,variational_mpo,12,0.6283185307179586,0.1,0,64,0.001164029092322827,0.9988359709076772,0.9988359709076792,0.9999999999999989,1.000000000000003,0.9988359709076772,0.001164029092322827,-2.220446049250313e-15,normalized_state_fidelity_v2,12,1704,0.00495555397355929,256.52734375,0.9999999999999996,1.000000000000002,0.0,1,0,
angle_sweep,hybrid_tdvp,12,0.9222454792211943,0.1467799267622069,0,64,0.002662702122387506,0.9973372978776125,0.9973372978776125,0.9999999999999991,1.0000000000000009,0.9973372978776125,0.002662702122387506,-8.881784197001252e-16,normalized_state_fidelity_v2,12,1704,0.851434356009122,260.359375,0.9999999999999996,1.0000000000000004,3.607151312172048e-05,,,
angle_sweep,mpo_zipup,12,0.9222454792211943,0.1467799267622069,0,64,0.00627418494552523,0.9937258150544748,0.9874909955056806,0.9999999999999991,0.9937258150544761,0.9937258150544748,0.00627418494552523,0.0031420286447637613,normalized_state_fidelity_v2,12,1704,0.003352053987327963,260.359375,0.9999999999999996,0.9968579713552358,0.01257697214554531,,,
angle_sweep,tebd_swap,12,0.9222454792211943,0.1467799267622069,0,64,0.25493546825618807,0.7450645317438119,0.56377083922227,0.9999999999999991,0.7566738385771413,0.7450645317438119,0.25493546825618807,0.1301299875400107,normalized_state_fidelity_v2,12,1704,0.004064498993102461,260.359375,0.9999999999999996,0.869870012459989,0.4879902690336825,,,
angle_sweep,variational_mpo,12,0.9222454792211943,0.1467799267622069,0,64,0.0018893013931648994,0.9981106986068351,0.9981106986068327,0.9999999999999987,0.9999999999999989,0.9981106986068351,0.0018893013931648994,-2.220446049250313e-16,normalized_state_fidelity_v2,12,1704,0.008019011002033949,256.52734375,0.9999999999999996,0.9999999999999993,0.0,1,0,
angle_sweep,hybrid_tdvp,12,1.353671238968633,0.21544346900318823,0,64,0.004769282760740623,0.9952307172392594,0.9952307172392585,0.9999999999999991,1.0,0.9952307172392594,0.004769282760740623,-4.440892098500626e-16,normalized_state_fidelity_v2,12,1704,0.7872405120288022,260.359375,0.9999999999999996,1.0,7.015787968199686e-05,,,
angle_sweep,mpo_zipup,12,1.353671238968633,0.21544346900318823,0,64,0.0062741849455245635,0.9937258150544754,0.9874909955056818,0.9999999999999991,0.9937258150544765,0.9937258150544754,0.0062741849455245635,0.0031420286447635393,normalized_state_fidelity_v2,12,1704,0.003419756016228348,260.359375,0.9999999999999996,0.996857971355236,0.012576972145545307,,,
angle_sweep,tebd_swap,12,1.353671238968633,0.21544346900318823,0,64,0.2571533784824567,0.7428466215175433,0.5606106117857771,0.9999999999999991,0.7546788200241388,0.7428466215175433,0.2571533784824567,0.13127747811850798,normalized_state_fidelity_v2,12,1704,0.0040289569878950715,260.359375,0.9999999999999996,0.8687225218814917,0.49353703793318693,,,
angle_sweep,variational_mpo,12,1.353671238968633,0.21544346900318823,0,64,0.002536374081692938,0.9974636259183071,0.9974636259183054,0.9999999999999993,0.999999999999999,0.9974636259183071,0.002536374081692938,2.220446049250313e-16,normalized_state_fidelity_v2,12,1704,0.006473940040450543,256.52734375,0.9999999999999996,0.9999999999999997,0.0,1,0,
angle_sweep,hybrid_tdvp,12,1.5707963267948966,0.25,1,64,0.00586701667783307,0.9941329833221669,0.9941329833221656,0.9999999999999991,0.9999999999999996,0.9941329833221669,0.00586701667783307,-2.220446049250313e-16,normalized_state_fidelity_v2,12,1704,1.4807248779688962,260.515625,0.9999999999999996,0.9999999999999998,9.038038466198161e-05,,,
angle_sweep,mpo_zipup,12,1.5707963267948966,0.25,1,64,0.0062741849455245635,0.9937258150544754,0.9874909955056809,0.9999999999999991,0.9937258150544757,0.9937258150544754,0.0062741849455245635,0.0031420286447639834,normalized_state_fidelity_v2,12,1704,0.004340394982136786,260.515625,0.9999999999999996,0.9968579713552356,0.012576972145545325,,,
angle_sweep,tebd_swap,12,1.5707963267948966,0.25,1,64,0.25775300235320064,0.7422469976467994,0.5604898870385759,0.9999999999999991,0.7551258392631282,0.7422469976467994,0.25775300235320064,0.1310202308090661,normalized_state_fidelity_v2,12,1704,0.0038340510218404233,260.515625,0.9999999999999996,0.8689797691909336,0.49432253475033794,,,
angle_sweep,variational_mpo,12,1.5707963267948966,0.25,1,64,0.002641995486803217,0.9973580045131968,0.9973580045131941,0.9999999999999991,0.9999999999999982,0.9973580045131968,0.002641995486803217,4.440892098500626e-16,normalized_state_fidelity_v2,12,1704,0.010332426987588406,256.52734375,0.9999999999999996,0.9999999999999992,0.0,1,0,
angle_sweep,hybrid_tdvp,12,1.9869176531592203,0.31622776601683794,0,64,0.007925767570549413,0.9920742324294506,0.9920742324294501,0.9999999999999991,1.0000000000000004,0.9920742324294506,0.007925767570549413,-6.661338147750939e-16,normalized_state_fidelity_v2,12,1704,1.611949690966867,260.359375,0.9999999999999996,1.0000000000000002,0.00013451978037767114,,,
angle_sweep,mpo_zipup,12,1.9869176531592203,0.31622776601683794,0,64,0.0062741849455247856,0.9937258150544752,0.9874909955056731,0.9999999999999991,0.9937258150544681,0.9937258150544752,0.0062741849455247856,0.003142028644767758,normalized_state_fidelity_v2,12,1704,0.0031347890035249293,260.359375,0.9999999999999996,0.9968579713552318,0.01257697214554531,,,
angle_sweep,tebd_swap,12,1.9869176531592203,0.31622776601683794,0,64,0.2576892592476192,0.7423107407523808,0.5614758518836114,0.9999999999999991,0.7563892330515374,0.7423107407523808,0.2576892592476192,0.1302935937619305,normalized_state_fidelity_v2,12,1704,0.00901776395039633,260.359375,0.9999999999999996,0.8697064062380692,0.49193900584161643,,,
angle_sweep,variational_mpo,12,1.9869176531592203,0.31622776601683794,0,64,0.0023807867996655796,0.9976192132003344,0.9976192132003344,0.9999999999999988,1.0000000000000013,0.9976192132003344,0.0023807867996655796,-1.3322676295501878e-15,normalized_state_fidelity_v2,12,1704,0.004908326955046505,256.52734375,0.9999999999999996,1.0000000000000004,0.0,1,0,
angle_sweep,hybrid_tdvp,12,2.9163962761324638,0.46415888336127775,0,64,0.011484408846075711,0.9885155911539243,0.9885155911539247,0.9999999999999991,1.0000000000000013,0.9885155911539243,0.011484408846075711,-1.1102230246251565e-15,normalized_state_fidelity_v2,12,1704,1.6079928160179406,260.515625,0.9999999999999996,1.0000000000000007,0.0002679418241955216,,,
angle_sweep,mpo_zipup,12,2.9163962761324638,0.46415888336127775,0,64,0.00627418494552523,0.9937258150544748,0.987490995505678,0.9999999999999991,0.9937258150544734,0.9937258150544748,0.00627418494552523,0.0031420286447650936,normalized_state_fidelity_v2,12,1704,0.009883673046715558,260.515625,0.9999999999999996,0.9968579713552345,0.012576972145545333,,,
angle_sweep,tebd_swap,12,2.9163962761324638,0.46415888336127775,0,64,0.24762880883080984,0.7523711911691902,0.5759523374326084,0.9999999999999991,0.7655162028965715,0.7523711911691902,0.24762880883080984,0.12506217198216185,normalized_state_fidelity_v2,12,1704,0.009909926971886307,260.515625,0.9999999999999996,0.8749378280178378,0.47368793898222517,,,
angle_sweep,variational_mpo,12,2.9163962761324638,0.46415888336127775,0,64,0.00020001079977616243,0.9997999892002238,0.999799989200221,0.9999999999999989,0.9999999999999982,0.9997999892002238,0.00020001079977616243,3.3306690738754696e-16,normalized_state_fidelity_v2,12,1704,0.0050937660271301866,256.52734375,0.9999999999999996,0.9999999999999992,0.0,1,0,
angle_sweep,hybrid_tdvp,12,3.141592653589793,0.5,1,64,0.011814357184955826,0.9881856428150442,0.9881856428150424,0.9999999999999991,0.9999999999999991,0.9881856428150442,0.011814357184955826,0.0,normalized_state_fidelity_v2,12,1704,1.5619182619848289,260.515625,0.9999999999999996,0.9999999999999996,0.00038989833824543336,,,
angle_sweep,mpo_zipup,12,3.141592653589793,0.5,1,64,8.881784197001252e-16,0.9999999999999991,0.9999999999999978,0.9999999999999991,0.9999999999999996,0.9999999999999991,8.881784197001252e-16,-2.220446049250313e-16,normalized_state_fidelity_v2,8,936,0.010150898015126586,260.515625,0.9999999999999996,0.9999999999999998,1.116370912752656e-31,,,
angle_sweep,tebd_swap,12,3.141592653589793,0.5,1,64,0.24403805838488846,0.7559619416151115,0.5796725020303429,0.9999999999999991,0.7668011709582548,0.7559619416151115,0.24403805838488846,0.12432816023452276,normalized_state_fidelity_v2,12,1704,0.011671304004266858,260.515625,0.9999999999999996,0.8756718397654768,0.4716442927404556,,,
angle_sweep,variational_mpo,12,3.141592653589793,0.5,1,64,1.1102230246251565e-16,0.9999999999999999,0.9999999999999978,0.9999999999999988,0.9999999999999991,0.9999999999999999,1.1102230246251565e-16,-2.220446049250313e-16,normalized_state_fidelity_v2,8,936,0.008421046019066125,256.52734375,0.9999999999999996,0.9999999999999998,0.0,1,0,
angle_sweep,hybrid_tdvp,12,4.280684318202959,0.6812920690579608,0,64,0.017669326822202014,0.982330673177798,0.9823306731777971,0.9999999999999991,1.0,0.982330673177798,0.017669326822202014,-4.440892098500626e-16,normalized_state_fidelity_v2,12,1704,1.5501439759973437,260.515625,0.9999999999999996,1.0,0.0010161198344686897,,,
angle_sweep,mpo_zipup,12,4.280684318202959,0.6812920690579608,0,64,0.006274184945525896,0.9937258150544741,0.9874909955056791,0.9999999999999991,0.9937258150544752,0.9937258150544741,0.006274184945525896,0.0031420286447642054,normalized_state_fidelity_v2,12,1704,0.010726675973273814,260.515625,0.9999999999999996,0.9968579713552354,0.012576972145545321,,,
angle_sweep,tebd_swap,12,4.280684318202959,0.6812920690579608,0,64,0.25624566488537526,0.7437543351146247,0.5613420676372262,0.9999999999999991,0.754741237979762,0.7437543351146247,0.25624566488537526,0.13124155372177093,normalized_state_fidelity_v2,12,1704,0.00467667100019753,260.515625,0.9999999999999996,0.8687584462782287,0.491359300210232,,,
angle_sweep,variational_mpo,12,4.280684318202959,0.6812920690579608,0,64,0.002295040695819317,0.9977049593041807,0.9977049593041791,0.9999999999999998,0.9999999999999987,0.9977049593041807,0.002295040695819317,5.551115123125783e-16,normalized_state_fidelity_v2,12,1704,0.004925373010337353,256.52734375,0.9999999999999996,0.9999999999999993,0.0,1,0,
angle_sweep,hybrid_tdvp,12,6.283185307179586,1.0,1,64,0.022480120748516574,0.9775198792514834,0.9775198792514839,0.9999999999999991,1.0000000000000013,0.9775198792514834,0.022480120748516574,-1.1102230246251565e-15,normalized_state_fidelity_v2,12,1704,1.7018243219936267,260.515625,0.9999999999999996,1.0000000000000007,0.0018410748940823696,,,
angle_sweep,mpo_zipup,12,6.283185307179586,1.0,1,64,6.661338147750939e-16,0.9999999999999993,0.9999999999999973,0.9999999999999991,0.9999999999999989,0.9999999999999993,6.661338147750939e-16,1.1102230246251565e-16,normalized_state_fidelity_v2,8,936,0.0071606269921176136,260.515625,0.9999999999999996,0.9999999999999994,4.677480891775645e-32,,,
angle_sweep,tebd_swap,12,6.283185307179586,1.0,1,64,0.244038058384889,0.755961941615111,0.5796725020303446,0.9999999999999991,0.7668011709582576,0.755961941615111,0.244038058384889,0.1243281602345212,normalized_state_fidelity_v2,12,1704,0.007673206040635705,260.515625,0.9999999999999996,0.8756718397654784,0.4716442927404556,,,
angle_sweep,variational_mpo,12,6.283185307179586,1.0,1,64,0.0,1.0,0.9999999999999973,0.9999999999999988,0.9999999999999986,1.0,0.0,1.1102230246251565e-16,normalized_state_fidelity_v2,8,936,0.009237669000867754,256.52734375,0.9999999999999996,0.9999999999999994,0.0,1,0,
angle_sweep,hybrid_tdvp,16,0.0006283185307179586,0.0001,0,64,5.0948751884050125e-09,0.9999999949051248,0.9999999948745857,0.9999999999999991,0.9999999999694618,0.9999999949051248,5.0948751884050125e-09,1.5268675213064853e-11,normalized_state_fidelity_v2,11,1334,0.9478002589894459,260.515625,0.9999999999999996,0.9999999999847309,6.169160088600737e-11,,,
angle_sweep,mpo_zipup,16,0.0006283185307179586,0.0001,0,64,0.0,1.0,1.0000000000000058,0.9999999999999991,1.0000000000000067,1.0,0.0,-3.774758283725532e-15,normalized_state_fidelity_v2,16,2728,0.006988961016759276,260.828125,0.9999999999999996,1.0000000000000033,2.369295378725494e-31,,,
angle_sweep,tebd_swap,16,0.0006283185307179586,0.0001,0,64,0.0,1.0,1.0000000000000009,0.9999999999999991,1.0000000000000018,1.0,0.0,-1.3322676295501878e-15,normalized_state_fidelity_v2,16,2728,0.009988770994823426,260.515625,0.9999999999999996,1.0000000000000009,1.610698746794469e-30,,,
angle_sweep,variational_mpo,16,0.0006283185307179586,0.0001,0,64,0.0,1.0,1.0000000000000058,0.9999999999999993,1.0000000000000064,1.0,0.0,-3.552713678800501e-15,normalized_state_fidelity_v2,16,2728,0.010880726971663535,256.52734375,0.9999999999999996,1.0000000000000033,0.0,1,0,
angle_sweep,hybrid_tdvp,16,0.0009222454792211941,0.0001467799267622069,0,64,6.424323961695677e-09,0.999999993575676,0.9999999935349693,0.9999999999999991,0.9999999999592941,0.999999993575676,6.424323961695677e-09,2.0352497465125907e-11,normalized_state_fidelity_v2,12,1462,0.9830788749968633,260.828125,0.9999999999999996,0.9999999999796471,8.205762680222055e-11,,,
angle_sweep,mpo_zipup,16,0.0009222454792211941,0.0001467799267622069,0,64,4.440892098500626e-16,0.9999999999999996,0.9999999999999964,0.9999999999999991,0.9999999999999978,0.9999999999999996,4.440892098500626e-16,6.661338147750939e-16,normalized_state_fidelity_v2,16,2728,0.010842663992661983,260.828125,0.9999999999999996,0.9999999999999989,2.3728122129826983e-31,,,
angle_sweep,tebd_swap,16,0.0009222454792211941,0.0001467799267622069,0,64,0.0,1.0,1.0000000000000053,0.9999999999999991,1.0000000000000053,1.0,0.0,-3.1086244689504383e-15,normalized_state_fidelity_v2,16,2728,0.011894818977452815,260.828125,0.9999999999999996,1.0000000000000027,1.6577344759273508e-30,,,
angle_sweep,variational_mpo,16,0.0009222454792211941,0.0001467799267622069,0,64,0.0,1.0,0.9999999999999964,0.9999999999999991,0.9999999999999973,1.0,0.0,8.881784197001252e-16,normalized_state_fidelity_v2,16,2728,0.010827891004737467,256.52734375,0.9999999999999996,0.9999999999999989,0.0,1,0,
angle_sweep,hybrid_tdvp,16,0.0013536712389686342,0.00021544346900318845,0,64,5.258379509598399e-09,0.9999999947416205,0.9999999947092757,0.9999999999999991,0.9999999999676561,0.9999999947416205,5.258379509598399e-09,1.617150857669003e-11,normalized_state_fidelity_v2,13,1680,0.9810471639502794,260.984375,0.9999999999999996,0.999999999983828,6.52951150338841e-11,,,
angle_sweep,mpo_zipup,16,0.0013536712389686342,0.00021544346900318845,0,64,6.661338147750939e-16,0.9999999999999993,0.9999999999999967,0.9999999999999991,0.9999999999999982,0.9999999999999993,6.661338147750939e-16,4.440892098500626e-16,normalized_state_fidelity_v2,16,2728,0.009345626982394606,260.984375,0.9999999999999996,0.9999999999999991,2.383984301775729e-31,,,
angle_sweep,tebd_swap,16,0.0013536712389686342,0.00021544346900318845,0,64,0.0,1.0,1.0000000000000044,0.9999999999999991,1.0000000000000053,1.0,0.0,-3.1086244689504383e-15,normalized_state_fidelity_v2,16,2728,0.009109881008043885,260.984375,0.9999999999999996,1.0000000000000027,1.5462083046614574e-30,,,
angle_sweep,variational_mpo,16,0.0013536712389686342,0.00021544346900318845,0,64,4.440892098500626e-16,0.9999999999999996,0.9999999999999967,0.9999999999999991,0.999999999999998,0.9999999999999996,4.440892098500626e-16,5.551115123125783e-16,normalized_state_fidelity_v2,16,2728,0.010585363022983074,256.52734375,0.9999999999999996,0.9999999999999991,0.0,1,0,
angle_sweep,hybrid_tdvp,16,0.0019869176531592202,0.00031622776601683794,0,64,3.6870955177903397e-09,0.9999999963129045,0.9999999962882278,0.9999999999999991,0.9999999999753242,0.9999999963129045,3.6870955177903397e-09,1.2337464383449515e-11,normalized_state_fidelity_v2,14,1914,1.0924931740155444,260.984375,0.9999999999999996,0.9999999999876621,4.9996684739112e-11,,,
angle_sweep,mpo_zipup,16,0.0019869176531592202,0.00031622776601683794,0,64,0.0,1.0,0.9999999999999982,0.9999999999999991,0.9999999999999989,1.0,0.0,1.1102230246251565e-16,normalized_state_fidelity_v2,16,2728,0.003343072021380067,260.984375,0.9999999999999996,0.9999999999999994,2.363130879528076e-31,,,
angle_sweep,tebd_swap,16,0.0019869176531592202,0.00031622776601683794,0,64,0.0,1.0,1.0,0.9999999999999991,1.0000000000000004,1.0,0.0,-6.661338147750939e-16,normalized_state_fidelity_v2,16,2728,0.00337918201694265,260.984375,0.9999999999999996,1.0000000000000002,1.5995842798519633e-30,,,
angle_sweep,variational_mpo,16,0.0019869176531592202,0.00031622776601683794,0,64,0.0,1.0,0.9999999999999982,0.9999999999999991,0.999999999999999,1.0,0.0,1.1102230246251565e-16,normalized_state_fidelity_v2,16,2728,0.010447665001265705,256.52734375,0.9999999999999996,0.9999999999999994,0.0,1,0,
angle_sweep,hybrid_tdvp,16,0.0029163962761324636,0.00046415888336127773,0,64,4.768270223109994e-09,0.9999999952317298,0.9999999951989191,0.9999999999999991,0.9999999999671902,0.9999999952317298,4.768270223109994e-09,1.6404433367256388e-11,normalized_state_fidelity_v2,15,2016,0.6615368789643981,260.984375,0.9999999999999996,0.9999999999835951,6.621460120254177e-11,,,
angle_sweep,mpo_zipup,16,0.0029163962761324636,0.00046415888336127773,0,64,0.0,1.0,0.9999999999999969,0.9999999999999991,0.9999999999999971,1.0,0.0,9.992007221626409e-16,normalized_state_fidelity_v2,16,2728,0.010876273969188333,260.984375,0.9999999999999996,0.9999999999999986,2.360463682045514e-31,,,
angle_sweep,tebd_swap,16,0.0029163962761324636,0.00046415888336127773,0,64,0.0,1.0,1.000000000000003,0.9999999999999991,1.0000000000000036,1.0,0.0,-2.220446049250313e-15,normalized_state_fidelity_v2,16,2728,0.009130917023867369,260.984375,0.9999999999999996,1.0000000000000018,1.7500146035812534e-30,,,
angle_sweep,variational_mpo,16,0.0029163962761324636,0.00046415888336127773,0,64,0.0,1.0,0.9999999999999969,0.9999999999999987,0.999999999999998,1.0,0.0,3.3306690738754696e-16,normalized_state_fidelity_v2,16,2728,0.005489103030413389,256.52734375,0.9999999999999996,0.9999999999999986,0.0,1,0,
angle_sweep,hybrid_tdvp,16,0.0042806843182029595,0.0006812920690579609,0,64,3.642201873432782e-09,0.9999999963577981,0.9999999963312096,0.9999999999999991,0.9999999999734124,0.9999999963577981,3.642201873432782e-09,1.3293366407651774e-11,normalized_state_fidelity_v2,15,2218,0.7369906469830312,260.984375,0.9999999999999996,0.9999999999867062,5.3669447088096194e-11,,,
angle_sweep,mpo_zipup,16,0.0042806843182029595,0.0006812920690579609,0,64,0.0,1.0,1.0000000000000009,0.9999999999999991,1.0000000000000013,1.0,0.0,-1.1102230246251565e-15,normalized_state_fidelity_v2,16,2728,0.00841927801957354,260.984375,0.9999999999999996,1.0000000000000007,2.3575850651055332e-31,,,
angle_sweep,tebd_swap,16,0.0042806843182029595,0.0006812920690579609,0,64,0.0,1.0,1.0000000000000004,0.9999999999999991,1.0000000000000013,1.0,0.0,-1.1102230246251565e-15,normalized_state_fidelity_v2,16,2728,0.012977403996046633,260.984375,0.9999999999999996,1.0000000000000007,1.776897313785612e-30,,,
angle_sweep,variational_mpo,16,0.0042806843182029595,0.0006812920690579609,0,64,2.220446049250313e-16,0.9999999999999998,1.0000000000000009,0.9999999999999989,1.0000000000000022,0.9999999999999998,2.220446049250313e-16,-1.7763568394002505e-15,normalized_state_fidelity_v2,16,2728,0.005327605991624296,256.52734375,0.9999999999999996,1.0000000000000007,0.0,1,0,
angle_sweep,hybrid_tdvp,16,0.006283185307179587,0.001,0,64,2.212500183063071e-09,0.9999999977874998,0.9999999977704042,0.9999999999999991,0.9999999999829052,0.9999999977874998,2.212500183063071e-09,8.546940932774305e-12,normalized_state_fidelity_v2,16,2376,1.0955887820455246,261.140625,0.9999999999999996,0.9999999999914526,3.4820080319844884e-11,,,
angle_sweep,mpo_zipup,16,0.006283185307179587,0.001,0,64,0.0,1.0,1.0000000000000036,0.9999999999999991,1.0000000000000044,1.0,0.0,-2.6645352591003757e-15,normalized_state_fidelity_v2,16,2728,0.005001758981961757,261.140625,0.9999999999999996,1.0000000000000022,2.3723037474384163e-31,,,
angle_sweep,tebd_swap,16,0.006283185307179587,0.001,0,64,0.0,1.0,1.0000000000000062,0.9999999999999991,1.0000000000000067,1.0,0.0,-3.774758283725532e-15,normalized_state_fidelity_v2,16,2728,0.009131862956564873,261.140625,0.9999999999999996,1.0000000000000033,1.685581168132305e-30,,,
angle_sweep,variational_mpo,16,0.006283185307179587,0.001,0,64,2.220446049250313e-16,0.9999999999999998,1.0000000000000036,0.9999999999999989,1.0000000000000049,0.9999999999999998,2.220446049250313e-16,-3.1086244689504383e-15,normalized_state_fidelity_v2,16,2728,0.005210478033404797,256.52734375,0.9999999999999996,1.0000000000000022,0.0,1,0,
angle_sweep,hybrid_tdvp,16,0.009222454792211942,0.0014677992676220691,0,64,2.3623252243254456e-09,0.9999999976376748,0.999999997619444,0.9999999999999991,0.9999999999817701,0.9999999976376748,2.3623252243254456e-09,9.114486942962685e-12,normalized_state_fidelity_v2,16,2440,1.0527257130015641,263.39453125,0.9999999999999996,0.9999999999908851,3.701141689484583e-11,,,
angle_sweep,mpo_zipup,16,0.009222454792211942,0.0014677992676220691,0,64,0.0,1.0,1.0000000000000058,0.9999999999999991,1.0000000000000062,1.0,0.0,-3.552713678800501e-15,normalized_state_fidelity_v2,16,2728,0.00784227199619636,263.39453125,0.9999999999999996,1.000000000000003,2.3755029656443334e-31,,,
angle_sweep,tebd_swap,16,0.009222454792211942,0.0014677992676220691,0,64,2.220446049250313e-16,0.9999999999999998,0.9999999999999982,0.9999999999999991,0.9999999999999993,0.9999999999999998,2.220446049250313e-16,-2.220446049250313e-16,normalized_state_fidelity_v2,16,2728,0.007910300977528095,263.39453125,0.9999999999999996,0.9999999999999997,1.761093615584648e-30,,,
angle_sweep,variational_mpo,16,0.009222454792211942,0.0014677992676220691,0,64,0.0,1.0,1.0000000000000058,0.9999999999999993,1.0000000000000062,1.0,0.0,-3.552713678800501e-15,normalized_state_fidelity_v2,16,2728,0.005210304982028902,256.52734375,0.9999999999999996,1.000000000000003,0.0,1,0,
angle_sweep,hybrid_tdvp,16,0.013536712389686328,0.002154434690031882,0,64,7.417144676225007e-10,0.9999999992582855,0.999999999252549,0.9999999999999991,0.9999999999942644,0.9999999992582855,7.417144676225007e-10,2.8673730056993918e-12,normalized_state_fidelity_v2,16,2536,1.1766080979723483,263.39453125,0.9999999999999996,0.9999999999971322,1.1916792416930254e-11,,,
angle_sweep,mpo_zipup,16,0.013536712389686328,0.002154434690031882,0,64,0.0,1.0,0.9999999999999971,0.9999999999999991,0.9999999999999976,1.0,0.0,7.771561172376096e-16,normalized_state_fidelity_v2,16,2728,0.008819209004286677,263.39453125,0.9999999999999996,0.9999999999999988,2.3718957603999404e-31,,,
angle_sweep,tebd_swap,16,0.013536712389686328,0.002154434690031882,0,64,4.440892098500626e-16,0.9999999999999996,1.0000000000000009,0.9999999999999991,1.0000000000000022,0.9999999999999996,4.440892098500626e-16,-1.5543122344752192e-15,normalized_state_fidelity_v2,16,2728,0.00818475999403745,263.39453125,0.9999999999999996,1.000000000000001,1.651042526001013e-30,,,
angle_sweep,variational_mpo,16,0.013536712389686328,0.002154434690031882,0,64,0.0,1.0,0.9999999999999971,0.9999999999999989,0.9999999999999982,1.0,0.0,3.3306690738754696e-16,normalized_state_fidelity_v2,16,2728,0.005239561956841499,256.52734375,0.9999999999999996,0.9999999999999988,0.0,1,0,
angle_sweep,hybrid_tdvp,16,0.019869176531592203,0.0031622776601683794,0,64,1.590600984258117e-09,0.999999998409399,0.9999999983972483,0.9999999999999991,0.9999999999878502,0.999999998409399,1.590600984258117e-09,6.0744742569340815e-12,normalized_state_fidelity_v2,16,2536,1.112715349998325,263.39453125,0.9999999999999996,0.9999999999939251,2.475759672098182e-11,,,
angle_sweep,mpo_zipup,16,0.019869176531592203,0.0031622776601683794,0,64,0.0,1.0,0.9999999999999982,0.9999999999999991,0.9999999999999991,1.0,0.0,0.0,normalized_state_fidelity_v2,16,2728,0.010365064954385161,263.39453125,0.9999999999999996,0.9999999999999996,2.382023117346752e-31,,,
angle_sweep,tebd_swap,16,0.019869176531592203,0.0031622776601683794,0,64,0.0,1.0,0.9999999999999978,0.9999999999999991,0.9999999999999987,1.0,0.0,2.220446049250313e-16,normalized_state_fidelity_v2,16,2728,0.007962884032167494,263.39453125,0.9999999999999996,0.9999999999999993,1.6335187266813943e-30,,,
angle_sweep,variational_mpo,16,0.019869176531592203,0.0031622776601683794,0,64,0.0,1.0,1.0000000000000036,0.9999999999999989,1.000000000000004,1.0,0.0,-2.6645352591003757e-15,normalized_state_fidelity_v2,16,2728,0.0057573740486986935,256.52734375,0.9999999999999996,1.000000000000002,0.0,1,0,
angle_sweep,hybrid_tdvp,16,0.029163962761324633,0.004641588833612777,0,64,5.725340201934159e-10,0.999999999427466,0.9999999994232824,0.9999999999999991,0.9999999999958173,0.999999999427466,5.725340201934159e-10,2.0908830222765573e-12,normalized_state_fidelity_v2,16,2632,1.2879403510014527,263.39453125,0.9999999999999996,0.9999999999979087,8.898573457707646e-12,,,
angle_sweep,mpo_zipup,16,0.029163962761324633,0.004641588833612777,0,64,0.0,1.0,1.0000000000000009,0.9999999999999991,1.0000000000000004,1.0,0.0,-6.661338147750939e-16,normalized_state_fidelity_v2,16,2728,0.005906086997129023,263.39453125,0.9999999999999996,1.0000000000000002,2.3677252808366433e-31,,,
angle_sweep,tebd_swap,16,0.029163962761324633,0.004641588833612777,0,64,0.0,1.0,1.0,0.9999999999999991,0.9999999999999996,1.0,0.0,-2.220446049250313e-16,normalized_state_fidelity_v2,16,2728,0.010108713002409786,263.39453125,0.9999999999999996,0.9999999999999998,1.5652581176798849e-30,,,
angle_sweep,variational_mpo,16,0.029163962761324633,0.004641588833612777,0,64,0.0,1.0,0.999999999999998,0.9999999999999991,0.9999999999999989,1.0,0.0,1.1102230246251565e-16,normalized_state_fidelity_v2,16,2728,0.0053047650144435465,256.52734375,0.9999999999999996,0.9999999999999989,0.0,1,0,
angle_sweep,hybrid_tdvp,16,0.0428068431820296,0.006812920690579608,0,64,1.2047784991864319e-09,0.9999999987952215,0.9999999987860775,0.9999999999999991,0.9999999999908569,0.9999999987952215,1.2047784991864319e-09,4.571121259289157e-12,normalized_state_fidelity_v2,16,2632,0.8773723309859633,263.39453125,0.9999999999999996,0.9999999999954284,1.8880735649435695e-11,,,
angle_sweep,mpo_zipup,16,0.0428068431820296,0.006812920690579608,0,64,0.0,1.0,1.0000000000000027,0.9999999999999991,1.000000000000003,1.0,0.0,-1.9984014443252818e-15,normalized_state_fidelity_v2,16,2728,0.010037805011961609,263.39453125,0.9999999999999996,1.0000000000000016,2.362949023376281e-31,,,
angle_sweep,tebd_swap,16,0.0428068431820296,0.006812920690579608,0,64,0.0,1.0,1.0000000000000036,0.9999999999999991,1.000000000000004,1.0,0.0,-2.4424906541753444e-15,normalized_state_fidelity_v2,16,2728,0.009956960973795503,263.39453125,0.9999999999999996,1.000000000000002,1.568745347322303e-30,,,
angle_sweep,variational_mpo,16,0.0428068431820296,0.006812920690579608,0,64,0.0,1.0,1.0000000000000027,0.9999999999999991,1.0000000000000036,1.0,0.0,-2.220446049250313e-15,normalized_state_fidelity_v2,16,2728,0.005634522007312626,256.52734375,0.9999999999999996,1.0000000000000016,0.0,1,0,
angle_sweep,hybrid_tdvp,16,0.06283185307179587,0.01,0,64,2.514879415826954e-10,0.9999999997485121,0.9999999997467934,0.9999999999999991,0.9999999999982823,0.9999999997485121,2.514879415826954e-10,8.58424442640171e-13,normalized_state_fidelity_v2,16,2680,1.1374845569953322,263.39453125,0.9999999999999996,0.9999999999991411,3.936209339413436e-12,,,
angle_sweep,mpo_zipup,16,0.06283185307179587,0.01,0,64,0.0,1.0,1.0000000000000009,0.9999999999999991,1.0000000000000018,1.0,0.0,-1.3322676295501878e-15,normalized_state_fidelity_v2,16,2728,0.009893202979583293,263.39453125,0.9999999999999996,1.0000000000000009,2.3623946440532253e-31,,,
angle_sweep,tebd_swap,16,0.06283185307179587,0.01,0,64,0.0,1.0,1.0000000000000022,0.9999999999999991,1.000000000000003,1.0,0.0,-1.9984014443252818e-15,normalized_state_fidelity_v2,16,2728,0.009723147959448397,263.39453125,0.9999999999999996,1.0000000000000016,1.678894052048886e-30,,,
angle_sweep,variational_mpo,16,0.06283185307179587,0.01,0,64,0.0,1.0,1.0000000000000009,0.9999999999999991,1.0000000000000016,1.0,0.0,-1.1102230246251565e-15,normalized_state_fidelity_v2,16,2728,0.005474411009345204,256.52734375,0.9999999999999996,1.0000000000000009,0.0,1,0,
angle_sweep,hybrid_tdvp,16,0.09222454792211941,0.01467799267622069,0,64,5.416553872095164e-10,0.9999999994583446,0.9999999994543356,0.9999999999999991,0.9999999999959919,0.9999999994583446,5.416553872095164e-10,2.00361949254102e-12,normalized_state_fidelity_v2,16,2680,1.1926112009678036,263.39453125,0.9999999999999996,0.9999999999979959,8.480835006101011e-12,,,
angle_sweep,mpo_zipup,16,0.09222454792211941,0.01467799267622069,0,64,4.440892098500626e-16,0.9999999999999996,0.9999999999999987,0.9999999999999991,1.0,0.9999999999999996,4.440892098500626e-16,-4.440892098500626e-16,normalized_state_fidelity_v2,16,2728,0.007493326032999903,263.39453125,0.9999999999999996,1.0,2.3668509552349114e-31,,,
angle_sweep,tebd_swap,16,0.09222454792211941,0.01467799267622069,0,64,8.881784197001252e-16,0.9999999999999991,1.0000000000000009,0.9999999999999991,1.0000000000000027,0.9999999999999991,8.881784197001252e-16,-1.7763568394002505e-15,normalized_state_fidelity_v2,16,2728,0.0099349360098131,263.39453125,0.9999999999999996,1.0000000000000013,1.8063843653128627e-30,,,
angle_sweep,variational_mpo,16,0.09222454792211941,0.01467799267622069,0,64,0.0,1.0,0.9999999999999987,0.9999999999999989,0.9999999999999993,1.0,0.0,-2.220446049250313e-16,normalized_state_fidelity_v2,16,2728,0.005256365984678268,256.52734375,0.9999999999999996,1.0,0.0,1,0,
angle_sweep,hybrid_tdvp,16,0.13536712389686328,0.021544346900318822,0,64,1.1503569208315412e-09,0.9999999988496431,0.999999998840948,0.9999999999999991,0.9999999999913058,0.9999999988496431,1.1503569208315412e-09,4.34663416370995e-12,normalized_state_fidelity_v2,16,2680,1.1674326990032569,263.39453125,0.9999999999999996,0.9999999999956529,1.7863885690326573e-11,,,
angle_sweep,mpo_zipup,16,0.13536712389686328,0.021544346900318822,0,64,0.0,1.0,1.0000000000000036,0.9999999999999991,1.000000000000004,1.0,0.0,-2.4424906541753444e-15,normalized_state_fidelity_v2,16,2728,0.007885884959250689,263.39453125,0.9999999999999996,1.000000000000002,2.3827567131593367e-31,,,
angle_sweep,tebd_swap,16,0.13536712389686328,0.021544346900318822,0,64,4.440892098500626e-16,0.9999999999999996,1.0000000000000036,0.9999999999999991,1.0000000000000049,0.9999999999999996,4.440892098500626e-16,-2.886579864025407e-15,normalized_state_fidelity_v2,16,2728,0.00494704901939258,263.39453125,0.9999999999999996,1.0000000000000024,1.4994708053965273e-30,,,
angle_sweep,variational_mpo,16,0.13536712389686328,0.021544346900318822,0,64,0.0,1.0,1.0000000000000036,0.9999999999999989,1.0000000000000044,1.0,0.0,-2.886579864025407e-15,normalized_state_fidelity_v2,16,2728,0.005363680014852434,256.52734375,0.9999999999999996,1.000000000000002,0.0,1,0,
angle_sweep,hybrid_tdvp,16,0.198691765315922,0.03162277660168379,0,64,8.959499808725013e-13,0.999999999999104,0.9999999999992044,0.9999999999999991,1.0000000000001013,0.999999999999104,8.959499808725013e-13,-5.10702591327572e-14,normalized_state_fidelity_v2,16,2728,0.9325935280066915,263.39453125,0.9999999999999996,1.0000000000000506,9.450960795338035e-16,,,
angle_sweep,mpo_zipup,16,0.198691765315922,0.03162277660168379,0,64,1.3322676295501878e-15,0.9999999999999987,0.9999999999999978,0.9999999999999991,1.0,0.9999999999999987,1.3322676295501878e-15,-4.440892098500626e-16,normalized_state_fidelity_v2,16,2728,0.006886274961289018,263.39453125,0.9999999999999996,1.0,2.3683832413304957e-31,,,
angle_sweep,tebd_swap,16,0.198691765315922,0.03162277660168379,0,64,0.0,1.0,1.0000000000000022,0.9999999999999991,1.000000000000003,1.0,0.0,-1.9984014443252818e-15,normalized_state_fidelity_v2,16,2728,0.009359971969388425,263.39453125,0.9999999999999996,1.0000000000000016,1.718665316486423e-30,,,
angle_sweep,variational_mpo,16,0.198691765315922,0.03162277660168379,0,64,1.1102230246251565e-16,0.9999999999999999,0.9999999999999978,0.999999999999999,0.9999999999999989,0.9999999999999999,1.1102230246251565e-16,0.0,normalized_state_fidelity_v2,16,2728,0.005264167964924127,256.52734375,0.9999999999999996,1.0,0.0,1,0,
angle_sweep,hybrid_tdvp,16,0.29163962761324635,0.046415888336127774,0,64,1.930455795218222e-12,0.9999999999980695,0.99999999999811,0.9999999999999991,1.0000000000000413,0.9999999999980695,1.930455795218222e-12,-2.1094237467877974e-14,normalized_state_fidelity_v2,16,2728,0.9082916679908521,263.39453125,0.9999999999999996,1.0000000000000207,2.0364551689164097e-15,,,
angle_sweep,mpo_zipup,16,0.29163962761324635,0.046415888336127774,0,64,0.0,1.0,1.0000000000000053,0.9999999999999991,1.0000000000000053,1.0,0.0,-3.1086244689504383e-15,normalized_state_fidelity_v2,16,2728,0.0054328839760273695,263.39453125,0.9999999999999996,1.0000000000000027,2.3648931810085896e-31,,,
angle_sweep,tebd_swap,16,0.29163962761324635,0.046415888336127774,0,64,0.0,1.0,0.9999999999999969,0.9999999999999991,0.9999999999999973,1.0,0.0,8.881784197001252e-16,normalized_state_fidelity_v2,16,2728,0.0034636889467947185,263.39453125,0.9999999999999996,0.9999999999999987,1.6192110343252872e-30,,,
angle_sweep,variational_mpo,16,0.29163962761324635,0.046415888336127774,0,64,2.220446049250313e-16,0.9999999999999998,1.0000000000000053,0.9999999999999989,1.0000000000000067,0.9999999999999998,2.220446049250313e-16,-3.9968028886505635e-15,normalized_state_fidelity_v2,16,2728,0.005963089992292225,256.52734375,0.9999999999999996,1.0000000000000027,0.0,1,0,
angle_sweep,hybrid_tdvp,16,0.42806843182029597,0.06812920690579609,0,64,4.1597836286655365e-12,0.9999999999958402,0.9999999999959073,0.9999999999999991,1.000000000000068,0.9999999999958402,4.1597836286655365e-12,-3.441691376337985e-14,normalized_state_fidelity_v2,16,2728,0.6178313870332204,263.39453125,0.9999999999999996,1.000000000000034,4.388380545658234e-15,,,
angle_sweep,mpo_zipup,16,0.42806843182029597,0.06812920690579609,0,64,1.3322676295501878e-15,0.9999999999999987,0.9999999999999996,0.9999999999999991,1.0000000000000018,0.9999999999999987,1.3322676295501878e-15,-1.3322676295501878e-15,normalized_state_fidelity_v2,16,2728,0.005256211035884917,263.39453125,0.9999999999999996,1.0000000000000009,2.3727156715220908e-31,,,
angle_sweep,tebd_swap,16,0.42806843182029597,0.06812920690579609,0,64,1.3322676295501878e-15,0.9999999999999987,1.0000000000000009,0.9999999999999991,1.000000000000003,0.9999999999999987,1.3322676295501878e-15,-1.9984014443252818e-15,normalized_state_fidelity_v2,16,2728,0.003702411020640284,263.39453125,0.9999999999999996,1.0000000000000016,1.573401875684209e-30,,,
angle_sweep,variational_mpo,16,0.42806843182029597,0.06812920690579609,0,64,3.3306690738754696e-16,0.9999999999999997,0.9999999999999996,0.9999999999999988,1.000000000000001,0.9999999999999997,3.3306690738754696e-16,-1.1102230246251565e-15,normalized_state_fidelity_v2,16,2728,0.005393029015976936,256.52734375,0.9999999999999996,1.0000000000000009,0.0,1,0,
angle_sweep,hybrid_tdvp,16,0.6283185307179586,0.1,0,64,8.963496611613664e-12,0.9999999999910365,0.9999999999910907,0.9999999999999991,1.000000000000055,0.9999999999910365,8.963496611613664e-12,-2.7977620220553945e-14,normalized_state_fidelity_v2,16,2728,0.7047569529968314,263.39453125,0.9999999999999996,1.0000000000000275,9.457544065903174e-15,,,
angle_sweep,mpo_zipup,16,0.6283185307179586,0.1,0,64,0.0,1.0,0.9999999999999971,0.9999999999999991,0.9999999999999978,1.0,0.0,6.661338147750939e-16,normalized_state_fidelity_v2,16,2728,0.0062085569952614605,263.39453125,0.9999999999999996,0.9999999999999989,2.3786830794505395e-31,,,
angle_sweep,tebd_swap,16,0.6283185307179586,0.1,0,64,0.0,1.0,0.999999999999998,0.9999999999999991,0.9999999999999987,1.0,0.0,2.220446049250313e-16,normalized_state_fidelity_v2,16,2728,0.0035083050024695694,263.39453125,0.9999999999999996,0.9999999999999993,1.6775062946441064e-30,,,
angle_sweep,variational_mpo,16,0.6283185307179586,0.1,0,64,0.0,1.0,0.9999999999999971,0.9999999999999989,0.999999999999998,1.0,0.0,4.440892098500626e-16,normalized_state_fidelity_v2,16,2728,0.005442088993731886,256.52734375,0.9999999999999996,0.9999999999999989,0.0,1,0,
angle_sweep,hybrid_tdvp,16,0.9222454792211943,0.1467799267622069,0,64,1.93212112975516e-11,0.9999999999806788,0.999999999980753,0.9999999999999991,1.000000000000075,0.9999999999806788,1.93212112975516e-11,-3.7969627442180354e-14,normalized_state_fidelity_v2,16,2728,0.769585399015341,263.39453125,0.9999999999999996,1.0000000000000375,2.0385327521437435e-14,,,
angle_sweep,mpo_zipup,16,0.9222454792211943,0.1467799267622069,0,64,2.220446049250313e-16,0.9999999999999998,0.9999999999999976,0.9999999999999991,0.9999999999999987,0.9999999999999998,2.220446049250313e-16,2.220446049250313e-16,normalized_state_fidelity_v2,16,2728,0.003309409017674625,263.39453125,0.9999999999999996,0.9999999999999993,2.3653791928277254e-31,,,
angle_sweep,tebd_swap,16,0.9222454792211943,0.1467799267622069,0,64,0.0,1.0,1.0000000000000022,0.9999999999999991,1.000000000000003,1.0,0.0,-1.9984014443252818e-15,normalized_state_fidelity_v2,16,2728,0.005853087001014501,263.39453125,0.9999999999999996,1.0000000000000016,1.5546453896151811e-30,,,
angle_sweep,variational_mpo,16,0.9222454792211943,0.1467799267622069,0,64,0.0,1.0,0.9999999999999976,0.9999999999999987,0.9999999999999987,1.0,0.0,0.0,normalized_state_fidelity_v2,16,2728,0.005332762957550585,256.52734375,0.9999999999999996,0.9999999999999993,0.0,1,0,
angle_sweep,hybrid_tdvp,16,1.353671238968633,0.21544346900318823,0,64,4.165201517025707e-11,0.999999999958348,0.9999999999583902,0.9999999999999991,1.000000000000043,0.999999999958348,4.165201517025707e-11,-2.19824158875781e-14,normalized_state_fidelity_v2,16,2728,1.1008678840007633,263.39453125,0.9999999999999996,1.0000000000000215,4.3949307769284864e-14,,,
angle_sweep,mpo_zipup,16,1.353671238968633,0.21544346900318823,0,64,0.0,1.0,1.0000000000000018,0.9999999999999991,1.0000000000000018,1.0,0.0,-1.3322676295501878e-15,normalized_state_fidelity_v2,16,2728,0.007447991985827684,263.39453125,0.9999999999999996,1.0000000000000009,2.3721917569722366e-31,,,
angle_sweep,tebd_swap,16,1.353671238968633,0.21544346900318823,0,64,0.0,1.0,1.0000000000000009,0.9999999999999991,1.0000000000000013,1.0,0.0,-1.1102230246251565e-15,normalized_state_fidelity_v2,16,2728,0.0034731230116449296,263.39453125,0.9999999999999996,1.0000000000000007,1.679581715075064e-30,,,
angle_sweep,variational_mpo,16,1.353671238968633,0.21544346900318823,0,64,0.0,1.0,1.0000000000000018,0.9999999999999993,1.0000000000000022,1.0,0.0,-1.5543122344752192e-15,normalized_state_fidelity_v2,16,2728,0.005284149956423789,256.52734375,0.9999999999999996,1.0000000000000009,0.0,1,0,
angle_sweep,hybrid_tdvp,16,1.5707963267948966,0.25,1,64,5.610534259403721e-11,0.9999999999438947,0.9999999999440132,0.9999999999999991,1.0000000000001195,0.9999999999438947,5.610534259403721e-11,-6.017408793468348e-14,normalized_state_fidelity_v2,16,2728,1.0659637170028873,263.39453125,0.9999999999999996,1.0000000000000597,5.919926032867682e-14,,,
angle_sweep,mpo_zipup,16,1.5707963267948966,0.25,1,64,0.0,1.0,1.0000000000000018,0.9999999999999991,1.0000000000000022,1.0,0.0,-1.5543122344752192e-15,normalized_state_fidelity_v2,16,2728,0.004957469995133579,263.39453125,0.9999999999999996,1.000000000000001,2.392759453818719e-31,,,
angle_sweep,tebd_swap,16,1.5707963267948966,0.25,1,64,0.0,1.0,0.9999999999999958,0.9999999999999991,0.9999999999999964,1.0,0.0,1.3322676295501878e-15,normalized_state_fidelity_v2,16,2728,0.003655540000181645,263.39453125,0.9999999999999996,0.9999999999999982,1.8269084413091953e-30,,,
angle_sweep,variational_mpo,16,1.5707963267948966,0.25,1,64,0.0,1.0,1.0000000000000018,0.9999999999999991,1.0000000000000027,1.0,0.0,-1.7763568394002505e-15,normalized_state_fidelity_v2,16,2728,0.00666036200709641,256.52734375,0.9999999999999996,1.000000000000001,0.0,1,0,
angle_sweep,hybrid_tdvp,16,1.9869176531592203,0.31622776601683794,0,64,8.982459220874262e-11,0.9999999999101754,0.9999999999102656,0.9999999999999991,1.000000000000091,0.9999999999101754,8.982459220874262e-11,-4.596323321948148e-14,normalized_state_fidelity_v2,16,2728,1.4884541449719109,263.39453125,0.9999999999999996,1.0000000000000455,9.478166236060976e-14,,,
angle_sweep,mpo_zipup,16,1.9869176531592203,0.31622776601683794,0,64,0.0,1.0,1.0000000000000027,0.9999999999999991,1.0000000000000027,1.0,0.0,-1.7763568394002505e-15,normalized_state_fidelity_v2,16,2728,0.004139723954722285,263.39453125,0.9999999999999996,1.0000000000000013,2.4151525940410663e-31,,,
angle_sweep,tebd_swap,16,1.9869176531592203,0.31622776601683794,0,64,0.0,1.0,0.9999999999999947,0.9999999999999991,0.9999999999999949,1.0,0.0,2.1094237467877974e-15,normalized_state_fidelity_v2,16,2728,0.0036959120188839734,263.39453125,0.9999999999999996,0.9999999999999974,1.8916624469492694e-30,,,
angle_sweep,variational_mpo,16,1.9869176531592203,0.31622776601683794,0,64,0.0,1.0,1.0000000000000027,0.9999999999999988,1.0000000000000036,1.0,0.0,-2.4424906541753444e-15,normalized_state_fidelity_v2,16,2728,0.0051949070184491575,256.52734375,0.9999999999999996,1.0000000000000013,0.0,1,0,
angle_sweep,hybrid_tdvp,16,2.9163962761324638,0.46415888336127775,0,64,0.0,1.0,1.0000000000001474,0.9999999999999991,1.0000000000001479,1.0,0.0,-7.438494264988549e-14,normalized_state_fidelity_v2,16,2728,1.1202023660298437,263.39453125,0.9999999999999996,1.000000000000074,3.820774962648012e-29,,,
angle_sweep,mpo_zipup,16,2.9163962761324638,0.46415888336127775,0,64,0.0,1.0,1.0000000000000027,0.9999999999999991,1.0000000000000036,1.0,0.0,-2.220446049250313e-15,normalized_state_fidelity_v2,16,2728,0.0056238919496536255,263.39453125,0.9999999999999996,1.0000000000000018,2.355510422464863e-31,,,
angle_sweep,tebd_swap,16,2.9163962761324638,0.46415888336127775,0,64,0.0,1.0,1.0000000000000022,0.9999999999999991,1.000000000000003,1.0,0.0,-1.9984014443252818e-15,normalized_state_fidelity_v2,16,2728,0.0034866139758378267,263.39453125,0.9999999999999996,1.0000000000000016,1.7035212154156893e-30,,,
angle_sweep,variational_mpo,16,2.9163962761324638,0.46415888336127775,0,64,0.0,1.0,1.0000000000000027,0.9999999999999989,1.0000000000000038,1.0,0.0,-2.4424906541753444e-15,normalized_state_fidelity_v2,16,2728,0.005259679979644716,256.52734375,0.9999999999999996,1.0000000000000018,0.0,1,0,
angle_sweep,hybrid_tdvp,16,3.141592653589793,0.5,1,64,4.440892098500626e-16,0.9999999999999996,1.000000000000052,0.9999999999999991,1.0000000000000533,0.9999999999999996,4.440892098500626e-16,-2.708944180085382e-14,normalized_state_fidelity_v2,8,936,0.8229845249443315,263.39453125,0.9999999999999996,1.0000000000000266,2.2833992537691538e-27,,,
angle_sweep,mpo_zipup,16,3.141592653589793,0.5,1,64,8.881784197001252e-16,0.9999999999999991,0.9999999999999978,0.9999999999999991,0.9999999999999996,0.9999999999999991,8.881784197001252e-16,-2.220446049250313e-16,normalized_state_fidelity_v2,8,936,0.005208709044381976,263.39453125,0.9999999999999996,0.9999999999999998,1.116370912752656e-31,,,
angle_sweep,tebd_swap,16,3.141592653589793,0.5,1,64,8.881784197001252e-16,0.9999999999999991,1.0000000000000036,0.9999999999999991,1.0000000000000053,0.9999999999999991,8.881784197001252e-16,-3.1086244689504383e-15,normalized_state_fidelity_v2,8,936,0.008853181963786483,263.39453125,0.9999999999999996,1.0000000000000027,3.4653273016038305e-30,,,
angle_sweep,variational_mpo,16,3.141592653589793,0.5,1,64,1.1102230246251565e-16,0.9999999999999999,0.9999999999999978,0.9999999999999988,0.9999999999999991,0.9999999999999999,1.1102230246251565e-16,-2.220446049250313e-16,normalized_state_fidelity_v2,8,936,0.0045804359833709896,256.52734375,0.9999999999999996,0.9999999999999998,0.0,1,0,
angle_sweep,hybrid_tdvp,16,4.280684318202959,0.6812920690579608,0,64,0.0,1.0,1.0000000000001528,0.9999999999999991,1.0000000000001532,1.0,0.0,-7.704947790898586e-14,normalized_state_fidelity_v2,16,2728,1.5531013090512715,263.39453125,0.9999999999999996,1.0000000000000766,3.9670285126643833e-29,,,
angle_sweep,mpo_zipup,16,4.280684318202959,0.6812920690579608,0,64,0.0,1.0,1.0000000000000018,0.9999999999999991,1.0000000000000009,1.0,0.0,-8.881784197001252e-16,normalized_state_fidelity_v2,16,2728,0.005213489988818765,263.39453125,0.9999999999999996,1.0000000000000004,2.376278983534184e-31,,,
angle_sweep,tebd_swap,16,4.280684318202959,0.6812920690579608,0,64,0.0,1.0,1.0000000000000009,0.9999999999999991,0.9999999999999998,1.0,0.0,-4.440892098500626e-16,normalized_state_fidelity_v2,16,2728,0.0035648210323415697,263.39453125,0.9999999999999996,0.9999999999999999,1.8084988658148454e-30,,,
angle_sweep,variational_mpo,16,4.280684318202959,0.6812920690579608,0,64,0.0,1.0,1.0000000000000018,0.9999999999999998,1.0000000000000018,1.0,0.0,-1.1102230246251565e-15,normalized_state_fidelity_v2,16,2728,0.005240244034212083,256.52734375,0.9999999999999996,1.0000000000000004,0.0,1,0,
angle_sweep,hybrid_tdvp,16,6.283185307179586,1.0,1,64,4.440892098500626e-16,0.9999999999999996,1.000000000000238,0.9999999999999991,1.0000000000002394,0.9999999999999996,4.440892098500626e-16,-1.2012613126444194e-13,normalized_state_fidelity_v2,8,936,1.3450579539639875,263.39453125,0.9999999999999996,1.0000000000001197,1.1829350371718438e-27,,,
angle_sweep,mpo_zipup,16,6.283185307179586,1.0,1,64,6.661338147750939e-16,0.9999999999999993,0.9999999999999973,0.9999999999999991,0.9999999999999989,0.9999999999999993,6.661338147750939e-16,1.1102230246251565e-16,normalized_state_fidelity_v2,8,936,0.00810733501566574,263.39453125,0.9999999999999996,0.9999999999999994,4.677480891775645e-32,,,
angle_sweep,tebd_swap,16,6.283185307179586,1.0,1,64,4.440892098500626e-16,0.9999999999999996,1.0000000000000044,0.9999999999999991,1.0000000000000058,0.9999999999999996,4.440892098500626e-16,-3.3306690738754696e-15,normalized_state_fidelity_v2,8,936,0.004574028018396348,263.39453125,0.9999999999999996,1.0000000000000029,3.363732142675677e-30,,,
angle_sweep,variational_mpo,16,6.283185307179586,1.0,1,64,0.0,1.0,0.9999999999999973,0.9999999999999988,0.9999999999999986,1.0,0.0,1.1102230246251565e-16,normalized_state_fidelity_v2,8,936,0.00463820097502321,256.52734375,0.9999999999999996,0.9999999999999994,0.0,1,0,
