{
  "case_name": "nm_mid",
  "cut": 10,
  "cut_comparison_mode": "cut_comparison_fresh_probes",
  "J": 1.0,
  "g": 1.0,
  "L": 2,
  "k": 20,
  "dt": 0.1,
  "n_pasts": 64,
  "n_futures": 16,
  "fraction_terminated_early": 0.0,
  "fraction_any_prob_skipped_renormalize": 0.0,
  "fraction_weight_lt_1e-12": 0.013671875,
  "fraction_weight_lt_1e-10": 0.1474609375,
  "fraction_weight_lt_1e-08": 0.5302734375,
  "fraction_weight_lt_1e-06": 0.8857421875,
  "mean_cumulative_weight": 5.459462298054174e-06,
  "median_cumulative_weight": 7.344925110593449e-09,
  "metrics_V_raw": {
    "frobenius": 31.85884348879023,
    "frobenius_sq": 1014.9859084432318,
    "entropy_sv": 0.014277203763402942,
    "rank_tol": 61,
    "participation_ratio": 0.9966315187088178,
    "mean_row_norm": 3.982352934796215,
    "std_row_norm": 0.004498707594832167,
    "mean_col_norm": 1.9849040637106703,
    "std_col_norm": 2.0052801525365416
  },
  "metrics_V_centered_past": {
    "frobenius": 1.3091267652753964,
    "frobenius_sq": 1.7138128875604228,
    "entropy_sv": 1.0818877604711425,
    "rank_tol": 63,
    "participation_ratio": 0.40160684015540316,
    "mean_row_norm": 0.15325316684463855,
    "std_row_norm": 0.057827708810363865,
    "mean_col_norm": 0.07359716163917253,
    "std_col_norm": 0.08964037888080552
  },
  "metrics_V_centered_global": {
    "frobenius": 29.601988430210366,
    "frobenius_sq": 876.2777190223084,
    "entropy_sv": 0.016249390838111378,
    "rank_tol": 62,
    "participation_ratio": 0.9960989146623814,
    "mean_row_norm": 3.7002444793944447,
    "std_row_norm": 0.00553453201052408,
    "mean_col_norm": 2.116870975293117,
    "std_col_norm": 1.543825522783692
  },
  "metrics_V_centered_rowcol": {
    "frobenius": 1.3056859741533664,
    "frobenius_sq": 1.7048158631008254,
    "entropy_sv": 1.0797408124762133,
    "rank_tol": 63,
    "participation_ratio": 0.40291169597008536,
    "mean_row_norm": 0.152891489180572,
    "std_row_norm": 0.057564895802888406,
    "mean_col_norm": 0.07640087519444776,
    "std_col_norm": 0.08683715711097242
  },
  "row_distance_raw": {
    "max_row_distance": 0.4870179293933134,
    "mean_row_distance": 0.21101475020737792,
    "median_row_distance": 0.20301304189864755
  },
  "row_distance_centered_past": {
    "max_row_distance": 0.4870179293933134,
    "mean_row_distance": 0.21101475020737792,
    "median_row_distance": 0.20301304189864755
  },
  "delta_norm_centered_past": 0.0016885090455975296,
  "corr_weight_vs_centered_block_norm": -0.029642740448253296,
  "corr_terminated_early_vs_centered_block_norm": NaN,
  "summarize_weights": {
    "mean_weight_by_past": [
      3.1858228906835093e-06,
      5.308102378282481e-08,
      1.1681146617068668e-07,
      2.3067524771256817e-10,
      1.0777519235158333e-05,
      3.9737987556942845e-08,
      2.599419270727768e-09,
      1.2775928469887567e-06,
      9.036972725148094e-08,
      6.396329127859324e-11,
      1.4719086195679367e-06,
      4.1680879163043756e-07,
      7.60850574558137e-06,
      2.0182318731962498e-07,
      4.630445833085827e-05,
      1.4879814313098376e-05,
      3.728426413093411e-05,
      1.0864912948065138e-08,
      2.0892781421837178e-07,
      2.182313925278196e-07,
      3.535626107478887e-06,
      3.2868214885585077e-06,
      1.2720499316949048e-06,
      3.1436705933630195e-08,
      8.796709352302467e-07,
      8.992030841391638e-10,
      2.042248218724197e-08,
      1.6276170743130611e-07,
      9.614590258382085e-08,
      2.2091368512212654e-06,
      2.7865870685952858e-08,
      1.1724666099756407e-08,
      5.0335742640425645e-06,
      1.0224869794054182e-05,
      8.018462930600904e-07,
      2.8327510604602435e-06,
      2.6542161508796125e-05,
      0.00012019389707619339,
      1.2727913996216103e-06,
      2.79691425347562e-05,
      5.59426169368884e-09,
      3.629939301776846e-09,
      1.7749346615177696e-06,
      6.438001193880595e-08,
      1.9502287937487272e-08,
      1.7959590782771874e-07,
      1.2489076857186395e-08,
      1.7741966341445732e-06,
      1.2980554327708908e-06,
      5.528350729134237e-08,
      7.998733373066077e-09,
      5.654233084620028e-07,
      1.369609826223997e-07,
      8.674557955594935e-10,
      2.3672463208873202e-06,
      5.681196995529161e-08,
      7.04955182129117e-08,
      5.385829248696953e-06,
      1.4308636418122658e-07,
      4.1105350597362005e-06,
      6.84460877916868e-07,
      5.0409232133115787e-08,
      5.3696722151972565e-08,
      2.907130280024714e-08
    ],
    "mean_weight_by_future": [
      1.7476995479949093e-07,
      6.39444315980045e-07,
      1.0799864216718088e-08,
      1.0079585287952939e-06,
      2.074860709995643e-09,
      2.5272692146395703e-06,
      1.0818783407305381e-07,
      2.640439802641197e-07,
      2.6595365122154563e-07,
      1.2354587261316125e-07,
      2.0941556602088472e-09,
      2.558249177681448e-08,
      2.6361905010515726e-08,
      7.607147539256242e-05,
      1.90292842068654e-08,
      6.08280546233696e-06
    ]
  },
  "mean_centered_block_norm_by_past": [
    0.02912132135876751,
    0.021594620835873365,
    0.025680161567891414,
    0.030974314068051984,
    0.03732352640286641,
    0.048054726607103866,
    0.03824812206876976,
    0.0295341392794256,
    0.012418449180817864,
    0.014478035088714113,
    0.03413435521166717,
    0.018769227916768903,
    0.024166636690071505,
    0.027095654050943444,
    0.0335642507014499,
    0.031164668275111322,
    0.022975806091777726,
    0.02651191733533171,
    0.02192509306905885,
    0.03393186141103542,
    0.02099950889198729,
    0.03418895790584763,
    0.015180166764246567,
    0.032107050175384164,
    0.03423365886462823,
    0.03647624060134143,
    0.04001135407955927,
    0.030365349565018716,
    0.047970372768576575,
    0.0177084004565356,
    0.028999538606421967,
    0.0671713766292196,
    0.042562423224374896,
    0.022620343057200967,
    0.018648252885147813,
    0.017926178543352482,
    0.031068488833970963,
    0.024792351441974766,
    0.024595345051919983,
    0.024400701810932846,
    0.07047053201925087,
    0.03267268000201574,
    0.028563457611656774,
    0.016113337358218828,
    0.05635272963287798,
    0.030032208544543873,
    0.04743693254903797,
    0.028407665638855065,
    0.01801264433729618,
    0.034952777599973395,
    0.058838379319627196,
    0.035284632514018005,
    0.03670601772923499,
    0.033529150172249625,
    0.015354238205071423,
    0.037179532775790884,
    0.013844016663076528,
    0.034785795858723524,
    0.05035586408946925,
    0.02395203494095991,
    0.025472913678051292,
    0.06166146217406178,
    0.013817546513462267,
    0.023829396346157387
  ],
  "mean_centered_block_norm_by_future": [
    0.01162924390401902,
    0.03758411131649321,
    0.021461227636890297,
    0.037081328862608606,
    0.04803395672319275,
    0.03644391614556945,
    0.041252160501832016,
    0.02483744270026169,
    0.035174209968139955,
    0.014776647110995009,
    0.047980083519291575,
    0.038665368224634566,
    0.03281012738745894,
    0.030913917314094277,
    0.0022299878062448145,
    0.039455994288978904
  ],
  "weighted_variants": {
    "masked_lt_1e-12_thr1e-12": {
      "frobenius": 31.64024648160255,
      "frobenius_sq": 1001.1051974165625,
      "entropy_sv": 0.07668323317913332,
      "rank_tol": 61,
      "participation_ratio": 0.9770712729216516,
      "mean_row_norm": 3.952949641776198,
      "std_row_norm": 0.12930226122670652,
      "mean_col_norm": 1.970659492329636,
      "std_col_norm": 1.992144704634516
    },
    "weighted_sqrt_thr1e-12": {
      "frobenius": 0.07434847595104434,
      "frobenius_sq": 0.005527695876243018,
      "entropy_sv": 0.006134709995518848,
      "rank_tol": 32,
      "participation_ratio": 0.9986551908366025,
      "mean_row_norm": 0.005213461147900371,
      "std_row_norm": 0.0077543275569812,
      "mean_col_norm": 0.0022403950372873295,