{
  "case_name": "sweep",
  "L": 2,
  "k": 20,
  "dt": 0.1,
  "cut": 5,
  "J": 2.0,
  "g": 1.0,
  "n_pasts": 32,
  "n_futures": 32,
  "n_seeds": 1,
  "branch_weight_beta": 1.0,
  "delta": 9.20905942231543e-10,
  "delta_norm": 0.7677300854264654,
  "entropy": 0.017922443962579082,
  "rank": 4,
  "max_row_distance": 2.6220492716523902e-05,
  "mean_row_distance": 4.496746599090806e-06,
  "median_row_distance": 1.8858430138863375e-06,
  "weight_preparation": {
    "weight_data_invalid": false,
    "nan_count": 0,
    "posinf_count": 0,
    "neginf_count": 0,
    "negative_count": 0,
    "warnings": []
  }
}