{
  "case_name": "trivial",
  "L": 5,
  "k": 30,
  "dt": 0.1,
  "cut": 25,
  "J": 0.0,
  "g": 0.0,
  "n_pasts": 32,
  "n_futures": 32,
  "n_seeds": 1,
  "delta": 127.82433503385188,
  "delta_norm": 0.12482845163573061,
  "entropy": 1.0839897614034844,
  "rank": 8,
  "participation_ratio": 2.0858310914698,
  "max_row_distance": 5.942264379616457,
  "mean_row_distance": 1.8141733215651559,
  "median_row_distance": 0.0,
  "delta_z": 63.86586860599002,
  "delta_z_norm": 0.2903227499909864,
  "entropy_z": 1.2780636849668041,
  "rank_z": 8,
  "participation_ratio_z": 2.7640191817363107
}