{
  "case_name": "markov_ref",
  "cut": 15,
  "cut_comparison_mode": "asymmetry_grid",
  "J": 0.0,
  "g": 1.0,
  "L": 2,
  "k": 20,
  "dt": 0.1,
  "n_pasts": 64,
  "n_futures": 32,
  "fraction_terminated_early": 0.00390625,
  "fraction_any_prob_skipped_renormalize": 0.0,
  "fraction_weight_lt_1e-12": 0.0654296875,
  "fraction_weight_lt_1e-10": 0.20751953125,
  "fraction_weight_lt_1e-08": 0.58935546875,
  "fraction_weight_lt_1e-06": 0.9140625,
  "mean_cumulative_weight": 1.1137106104575369e-06,
  "median_cumulative_weight": 4.3877870125569765e-09,
  "metrics_V_raw": {
    "frobenius": 45.254833902907606,
    "frobenius_sq": 2047.9999915797557,
    "entropy_sv": 0.017299079845230096,
    "rank_tol": 3,
    "participation_ratio": 0.9950889515956066,
    "mean_row_norm": 5.656854237863451,
    "std_row_norm": 1.2760572193697691e-10,
    "mean_col_norm": 1.9568985236777139,
    "std_col_norm": 2.046192372643008
  },
  "metrics_V_centered_past": {
    "frobenius": 2.29039286850462,
    "frobenius_sq": 5.245899492096822,
    "entropy_sv": 0.02124724535251386,
    "rank_tol": 2,
    "participation_ratio": 0.9937346511076648,
    "mean_row_norm": 0.0728576919005302,
    "std_row_norm": 0.2790622597334838,
    "mean_col_norm": 0.04595719125558043,
    "std_col_norm": 0.13583743534529463
  },
  "metrics_V_centered_global": {
    "frobenius": 41.85846572557006,
    "frobenius_sq": 1752.1311528987237,
    "entropy_sv": 0.01962736831251505,
    "rank_tol": 3,
    "participation_ratio": 0.9943107162804375,
    "mean_row_norm": 5.23230811465627,
    "std_row_norm": 0.0010364014440739989,
    "mean_col_norm": 2.057424859578421,
    "std_col_norm": 1.6191063952481528
  },
  "metrics_V_centered_rowcol": {
    "frobenius": 2.2903055180200456,
    "frobenius_sq": 5.245499365873069,
    "entropy_sv": 0.021248545968726284,
    "rank_tol": 2,
    "participation_ratio": 0.9937342023072204,
    "mean_row_norm": 0.07285501462798302,
    "std_row_norm": 0.2790515900376674,
    "mean_col_norm": 0.04699251309019031,
    "std_col_norm": 0.13547556782148115
  },
  "row_distance_raw": {
    "max_row_distance": 2.3051527998957453,
    "mean_row_distance": 0.07611582502654973,
    "median_row_distance": 0.0
  },
  "row_distance_centered_past": {
    "max_row_distance": 2.3051527998957453,
    "mean_row_distance": 0.07611582502654973,
    "median_row_distance": 0.0
  },
  "delta_norm_centered_past": 0.002561474371906768,
  "corr_weight_vs_centered_block_norm": -0.015180757871433644,
  "corr_terminated_early_vs_centered_block_norm": 0.8621917824470198,
  "summarize_weights": {
    "mean_weight_by_past": [
      7.16933299581902e-11,
      7.751947384491948e-08,
      2.934731293889742e-10,
      9.348632102935739e-10,
      1.1400923876107918e-09,
      1.5010393565217002e-08,
      3.461740954681228e-13,
      1.178452829885707e-08,
      4.623182578215462e-11,
      1.0453619755986276e-08,
      4.87701701986257e-09,
      1.171922447292994e-08,
      4.4035629080837267e-08,
      6.622519659253813e-08,
      2.2649020572604365e-09,
      2.300526386288979e-06,
      6.868720957905037e-07,
      7.272944854248694e-06,
      2.815650174831569e-07,
      1.1761715808986497e-09,
      5.6433006608948114e-08,
      1.875131258304309e-09,
      9.248609243945478e-06,
      4.7599664211249854e-07,
      4.739859478554476e-08,
      7.138410078457138e-07,
      3.426679370347864e-06,
      6.368771337203989e-06,
      1.1393583308996623e-07,
      4.191613121554472e-12,
      1.093411578303717e-08,
      2.925397117826962e-09,
      2.4051732837339276e-09,
      1.3416616967561847e-08,
      3.060505318257988e-08,
      1.2232687050984803e-08,
      4.0583219113378757e-07,
      1.314384372452738e-07,
      1.4342620676016465e-07,
      4.495197983545961e-08,
      1.4878310860510461e-08,
      2.8858262425671686e-11,
      1.1990108682583643e-08,
      2.8284096240378963e-09,
      5.254022636147816e-10,
      1.2460200260442327e-08,
      1.4250371676032481e-08,
      1.273587720946413e-12,
      3.5634895956827963e-09,
      4.656297203549996e-07,
      2.803988469092119e-07,
      1.3434738162994443e-09,
      1.30131626924014e-07,
      2.1441697437617417e-09,
      2.6942939644735343e-08,
      1.0920559816689875e-08,
      4.8052989607010464e-11,
      1.2093948374251526e-14,
      3.4282066142541392e-06,
      3.771629162192078e-09,
      3.482061060101111e-05,
      1.2613354573885647e-10,
      5.5033921022765795e-09,
      1.4447909871639814e-12
    ],
    "mean_weight_by_future": [
      3.524415497728871e-07,
      6.092016359311207e-08,
      2.263462559947116e-06,
      8.059241143754151e-07,
      1.7832591538297565e-06,
      1.2832934797630185e-06,
      6.990817159770258e-07,
      9.598515589683801e-08,
      1.6824625172311753e-09,
      2.1149220021620488e-07,
      4.4351331146968324e-07,
      2.3286949902265115e-06,
      8.111980274613958e-09,
      2.2267392344172734e-06,
      1.5771916959991486e-07,
      3.4474956669900106e-06,
      1.1605296249788188e-07,
      7.051303960678699e-06,
      1.919173907326313e-07,
      2.529694125926102e-06,
      1.8541000696174725e-08,
      4.162933372164428e-06,
      5.510684124941116e-07,
      1.5627393457210678e-08,
      4.686879339385728e-07,
      4.0676244963338235e-07,
      1.2718103067695997e-06,
      1.185555709124726e-06,
      1.0971251633040639e-07,
      1.3135793696853338e-06,
      5.3367842962072946e-08,
      2.230787868323659e-08
    ]
  },
  "mean_centered_block_norm_by_past": [
    0.0027719117754117545,
    0.0027719117754117545,
    0.0027719117754117545,
    0.0027719117754117545,
    0.0027719117754117545,
    0.0027719117754117545,
    0.006259512703242405,
    0.0027719117754117545,
    0.0027719117754117545,
    0.0027719117754117545,
    0.0027719117754117545,
    0.0027719117754117545,
    0.0027719117754117545,
    0.0027719117754117545,
    0.0027719117754117545,
    0.0027719117754117545,
    0.0027719117754117545,
    0.0027719117754117545,
    0.0027719117754117545,
    0.0027719117754117545,
    0.0027719117754117545,
    0.0027719117754117545,
    0.0027719117754117545,
    0.0027719117754117545,
    0.0027719117754117545,
    0.0027719117754117545,
    0.0027719117754117545,
    0.0027719117754117545,
    0.0027719117754117545,
    0.0027719117754117545,
    0.0027719117754117545,
    0.0027719117754117545,
    0.0027719117754117545,
    0.0027719117754117545,
    0.0027719117754117545,
    0.0027719117754117545,
    0.0027719117754117545,
    0.0027719117754117545,
    0.0027719117754117545,
    0.0027719117754117545,
    0.0027719117754117545,
    0.0027719117754117545,
    0.0027719117754117545,
    0.0027719117754117545,
    0.0027719117754117545,
    0.0027719117754117545,
    0.0027719117754117545,
    0.0027719117754117545,
    0.0027719117754117545,
    0.0027719117754117545,
    0.0027719117754117545,
    0.0027719117754117545,
    0.0027719117754117545,
    0.0027719117754117545,
    0.0027719117754117545,
    0.0027719117754117545,
    0.0027719117754117545,
    0.1707210894814664,
    0.0027719117754117545,
    0.0027719117754117545,
    0.0027719117754117545,
    0.0027719117754117545,
    0.0027719117754117545,
    0.0027719117754117545
  ],
  "mean_centered_block_norm_by_future": [
    0.0,
    0.0019777250870073567,
    0.0,
    0.0,
    0.0,
    0.0,
    0.0,
    0.0,
    0.02153108046351565,
    0.0,
    0.0,
    0.0,
    0.026800569884478632,
    0.0,
    0.0,
    0.0,
    0.0,
    0.0,
    0.0,
    0.0,
    0.023152431374230786,
    0.0,
    0.0,
    0.02803072322456683,
    0.0,
    0.0,
    0.0,
    0.0,
    0.0,
    0.0,
    0.034878295675676824,
    0.038048740420642733
  ],
  "weighted_variants": {
    "masked_lt_1e-12_thr1e-12": {
      "frobenius": 43.74928561891099,
      "frobenius_sq": 1913.999992165052,
      "entropy_sv": 0.13440795380397966,
      "rank_tol": 8,
      "participation_ratio": 0.9565927354313825,