{
  "case_name": "sweep",
  "L": 2,
  "k": 20,
  "dt": 0.1,
  "cut": 10,
  "J": 2.0,
  "g": 1.0,
  "n_pasts": 32,
  "n_futures": 32,
  "n_seeds": 1,
  "delta": 9.154277720108654,
  "delta_norm": 0.009206377310279014,
  "entropy": 1.3470650168403875,
  "rank": 31,
  "max_row_distance": 1.3694801314051155,
  "mean_row_distance": 0.7179261304380488,
  "median_row_distance": 0.7127354075116925
}