{
  "case_name": "markov_ref",
  "cut": 5,
  "cut_comparison_mode": "asymmetry_grid",
  "J": 0.0,
  "g": 1.0,
  "L": 2,
  "k": 20,
  "dt": 0.1,
  "n_pasts": 16,
  "n_futures": 16,
  "fraction_terminated_early": 0.00390625,
  "fraction_any_prob_skipped_renormalize": 0.0,
  "fraction_weight_lt_1e-12": 0.0703125,
  "fraction_weight_lt_1e-10": 0.203125,
  "fraction_weight_lt_1e-08": 0.5234375,
  "fraction_weight_lt_1e-06": 0.8671875,
  "mean_cumulative_weight": 6.93119776187166e-07,
  "median_cumulative_weight": 5.356995636737118e-09,
  "metrics_V_raw": {
    "frobenius": 16.000000034666265,
    "frobenius_sq": 256.00000110932046,
    "entropy_sv": 7.510799732856501e-05,
    "rank_tol": 2,
    "participation_ratio": 0.9999885039234935,
    "mean_row_norm": 4.000000008666566,
    "std_row_norm": 9.592915350965243e-10,
    "mean_col_norm": 1.0382666557719133,
    "std_col_norm": 0.9639824797591207
  },
  "metrics_V_centered_past": {
    "frobenius": 0.038360577298122644,
    "frobenius_sq": 0.0014715338906452424,
    "entropy_sv": 1.0361632918473208e-27,
    "rank_tol": 1,
    "participation_ratio": 1.0,
    "mean_row_norm": 0.004642808657079103,
    "std_row_norm": 0.008666576159880991,
    "mean_col_norm": 0.0005926531359593929,
    "std_col_norm": 0.0033515485432330495
  },
  "metrics_V_centered_global": {
    "frobenius": 15.388389334887291,
    "frobenius_sq": 236.80252632207294,
    "entropy_sv": 8.071246238506098e-05,
    "rank_tol": 2,
    "participation_ratio": 0.9999875719664277,
    "mean_row_norm": 3.8470973337218233,
    "std_row_norm": 8.099130255346024e-10,
    "mean_col_norm": 1.0839582219475128,
    "std_col_norm": 0.8248452571428236
  },
  "metrics_V_centered_rowcol": {
    "frobenius": 0.03836057729812256,
    "frobenius_sq": 0.001471533890645236,
    "entropy_sv": 1.0361632918473208e-27,
    "rank_tol": 1,
    "participation_ratio": 1.0,
    "mean_row_norm": 0.0046428086570790925,
    "std_row_norm": 0.008666576159880974,
    "mean_col_norm": 0.0005926533543517784,
    "std_col_norm": 0.003351548504310705
  },
  "row_distance_raw": {
    "max_row_distance": 0.03961863387374168,
    "mean_row_distance": 0.00495232923421771,
    "median_row_distance": 0.0
  },
  "row_distance_centered_past": {
    "max_row_distance": 0.03961863387374168,
    "mean_row_distance": 0.00495232923421771,
    "median_row_distance": 0.0
  },
  "delta_norm_centered_past": 5.74817923542449e-06,
  "corr_weight_vs_centered_block_norm": -0.039251372747429174,
  "corr_terminated_early_vs_centered_block_norm": 0.9696916973917258,
  "summarize_weights": {
    "mean_weight_by_past": [
      1.0824617807011886e-07,
      1.2854934557590778e-06,
      8.055383140518425e-07,
      1.1365659004082972e-06,
      1.0275231942960047e-06,
      8.515279841820501e-08,
      2.8364031327603827e-06,
      8.339505705671731e-08,
      1.1079804335940785e-06,
      9.743325342551646e-07,
      6.097485894021181e-09,
      9.687847544897697e-08,
      1.1994980011180603e-08,
      3.781230652211427e-07,
      4.577108959414343e-08,
      1.1004203241553021e-06
    ],
    "mean_weight_by_future": [
      2.6552219137147104e-09,
      3.1149208701187264e-07,
      1.0214855260499633e-07,
      1.824578486497401e-06,
      2.765834773380094e-10,
      1.1700366941601543e-08,
      1.2912403483424033e-09,
      4.02887791941279e-11,
      5.1704727982286156e-06,
      1.1308614517871753e-13,
      8.293366581626795e-09,
      3.4086541825091176e-08,
      8.104220653838143e-07,
      8.303262932612505e-09,
      2.8038391112902657e-06,
      3.163320920237232e-10
    ]
  },
  "mean_centered_block_norm_by_past": [
    0.00015476028856930342,
    0.00015476028856930342,
    0.00015476028856930342,
    0.00015476028856930342,
    0.00015476028856930342,
    0.00015476028856930342,
    0.00015476028856930342,
    0.00015476028856930342,
    0.00015476028856930342,
    0.00015476028856930342,
    0.0023214043285395515,
    0.00015476028856930342,
    0.00015476028856930342,
    0.00015476028856930342,
    0.00015476028856930342,
    0.00015476028856930342
  ],
  "mean_centered_block_norm_by_future": [
    0.0,
    0.0,
    0.0,
    0.0,
    0.0,
    0.0,
    0.0,
    0.0,
    0.0,
    0.004642808657079102,
    0.0,
    0.0,
    0.0,
    0.0,
    0.0,
    0.0
  ],
  "weighted_variants": {
    "masked_lt_1e-12_thr1e-12": {
      "frobenius": 15.42724862889537,
      "frobenius_sq": 238.00000025775407,
      "entropy_sv": 0.04155460089829283,
      "rank_tol": 2,
      "participation_ratio": 0.9861591693057439,
      "mean_row_norm": 3.856567603357229,
      "std_row_norm": 0.04485635556735578,
      "mean_col_norm": 0.9663974109936122,
      "std_col_norm": 0.9657836518336224
    },
    "weighted_sqrt_thr1e-12": {
      "frobenius": 0.013320610298334826,
      "frobenius_sq": 0.0001774386587201038,
      "entropy_sv": 2.9354614370971477e-13,
      "rank_tol": 2,
      "participation_ratio": 0.9999999999999822,
      "mean_row_norm": 0.002780315199309901,
      "std_row_norm": 0.0018930789206983302,
      "mean_col_norm": 0.0004873788021418045,
      "std_col_norm": 0.0010759862069653692
    },
    "weighted_linear_thr1e-12": {
      "frobenius": 3.618981040836508e-05,
      "frobenius_sq": 1.3097023773934093e-09,
      "entropy_sv": 6.534601093583373e-23,
      "rank_tol": 1,
      "participation_ratio": 1.0,
      "mean_row_norm": 6.220134966128956e-06,
      "std_row_norm": 6.785578400518008e-06,
      "mean_col_norm": 1.0263211394867258e-06,
      "std_col_norm": 3.041543701223788e-06
    },
    "masked_lt_1e-10_thr1e-10": {
      "frobenius": 14.282856853884027,
      "frobenius_sq": 203.99999990854192,
      "entropy_sv": 0.2976756026194595,
      "rank_tol": 6,
      "participation_ratio": 0.8825451743223265,
      "mean_row_norm": 3.560623653849327,
      "std_row_norm": 0.277049579067316,
      "mean_col_norm": 0.8741715963486607,
      "std_col_norm": 0.9143883738958032
    },
    "weighted_sqrt_thr1e-10": {
      "frobenius": 0.013320610298334826,
      "frobenius_sq": 0.0001774386587201038,
      "entropy_sv": 2.9354614370971477e-13,
      "rank_tol": 2,
      "participation_ratio": 0.9999999999999822,
      "mean_row_norm": 0.002780315199309901,
      "std_row_norm": 0.0018930789206983302,
      "mean_col_norm": 0.0004873788021418045,
      "std_col_norm": 0.0010759862069653692
    },
    "weighted_linear_thr1e-10": {
      "frobenius": 3.618981040836508e-05,
      "frobenius_sq": 1.3097023773934093e-09,
      "entropy_sv": 6.534601093583373e-23,
      "rank_tol": 1,
      "participation_ratio": 1.0,
      "mean_row_norm": 6.220134966128956e-06,
      "std_row_norm": 6.785578400518008e-06,
      "mean_col_norm": 1.0263211394867258e-06,
      "std_col_norm": 3.041543701223788e-06
    },
    "masked_lt_1e-08_thr1e-08": {
      "frobenius": 11.045360995868945,
      "frobenius_sq": 121.99999952906302,
      "entropy_sv": 0.5469412616076028,
      "rank_tol": 8,
      "participation_ratio": 0.7592045147684641,
      "mean_row_norm": 2.720659178117261,
      "std_row_norm": 0.48773064379730474,
      "mean_col_norm": 0.5620911226089184,
      "std_col_norm": 0.801371150135602
    },
    "weighted_sqrt_thr1e-08": {
      "frobenius": 0.013320610298334826,
      "frobenius_sq": 0.0001774386587201038,
      "entropy_sv": 2.9354614370971477e-13,
      "rank_tol": 2,
      "participation_ratio": 0.9999999999999822,
      "mean_row_norm": 0.002780315199309901,
      "std_row_norm": 0.0018930789206983302,
      "mean_col_norm": 0.0004873788021418045,
      "std_col_norm": 0.0010759862069653692
    },
    "weighted_linear_thr1e-08": {
      "frobenius": 3.618981040836508e-05,
      "frobenius_sq": 1.3097023773934093e-09,
      "entropy_sv": 6.534601093583373e-23,
      "rank_tol": 1,
      "participation_ratio": 1.0,
      "mean_row_norm": 6.220134966128956e-06,
      "std_row_norm": 6.785578400518008e-06,
      "mean_col_norm": 1.0263211394867258e-06,