{
  "case_name": "trivial",
  "cut": 10,
  "cut_comparison_mode": "cut_comparison_fresh_probes",
  "J": 0.0,
  "g": 0.0,
  "L": 2,
  "k": 20,
  "dt": 0.1,
  "n_pasts": 64,
  "n_futures": 16,
  "fraction_terminated_early": 0.0029296875,
  "fraction_any_prob_skipped_renormalize": 0.0,
  "fraction_weight_lt_1e-12": 0.056640625,
  "fraction_weight_lt_1e-10": 0.19140625,
  "fraction_weight_lt_1e-08": 0.5439453125,
  "fraction_weight_lt_1e-06": 0.916015625,
  "mean_cumulative_weight": 6.204103292078294e-07,
  "median_cumulative_weight": 6.212482578839335e-09,
  "metrics_V_raw": {
    "frobenius": 31.999999866374015,
    "frobenius_sq": 1023.999991447937,
    "entropy_sv": 0.013114165916136143,
    "rank_tol": 2,
    "participation_ratio": 0.9964254460911293,
    "mean_row_norm": 3.9999999832967563,
    "std_row_norm": 1.24992594052742e-09,
    "mean_col_norm": 2.014007416585511,
    "std_col_norm": 1.9936969173306682
  },
  "metrics_V_centered_past": {
    "frobenius": 1.3735618234054547,
    "frobenius_sq": 1.8866720827169177,
    "entropy_sv": 4.351885825758746e-27,
    "rank_tol": 1,
    "participation_ratio": 1.0,
    "mean_row_norm": 0.042587144473866245,
    "std_row_norm": 0.1676446322145846,
    "mean_col_norm": 0.02238632100567258,
    "std_col_norm": 0.11979395761158541
  },
  "metrics_V_centered_global": {
    "frobenius": 30.101900970835143,
    "frobenius_sq": 906.1244420579657,
    "entropy_sv": 0.014353943728749118,
    "rank_tol": 2,
    "participation_ratio": 0.9960314826323624,
    "mean_row_norm": 3.7627331077284287,
    "std_row_norm": 0.005874208145626557,
    "mean_col_norm": 2.114095331750946,
    "std_col_norm": 1.621803605876643
  },
  "metrics_V_centered_rowcol": {
    "frobenius": 1.3675389043894124,
    "frobenius_sq": 1.8701626550185944,
    "entropy_sv": 4.351885825758746e-27,
    "rank_tol": 1,
    "participation_ratio": 1.0,
    "mean_row_norm": 0.042400404483048194,
    "std_row_norm": 0.16690952875866588,
    "mean_col_norm": 0.03303344473258425,
    "std_col_norm": 0.11672998557959201
  },
  "row_distance_raw": {
    "max_row_distance": 1.384420188610763,
    "mean_row_distance": 0.04326313089408635,
    "median_row_distance": 0.0
  },
  "row_distance_centered_past": {
    "max_row_distance": 1.384420188610763,
    "mean_row_distance": 0.04326313089408635,
    "median_row_distance": 0.0
  },
  "delta_norm_centered_past": 0.0018424532211657166,
  "corr_weight_vs_centered_block_norm": -0.012635437974802313,
  "corr_terminated_early_vs_centered_block_norm": 0.5896478727401241,
  "summarize_weights": {
    "mean_weight_by_past": [
      3.442619008411944e-07,
      1.5472612639110872e-11,
      4.1215540622739745e-09,
      2.374778312846069e-08,
      2.991110182064886e-08,
      2.0492977268972353e-12,
      7.407964888252767e-08,
      3.187761696589794e-08,
      1.7156140678974998e-06,
      1.6805976568795108e-06,
      1.6692263031486156e-08,
      2.2682091182090296e-08,
      1.5070194752268155e-06,
      1.6581247022976514e-07,
      1.3820288841303322e-08,
      5.573138364219047e-08,
      1.0753867833163069e-07,
      7.936967245111245e-10,
      2.4094983562687525e-07,
      1.0356203060846155e-07,
      7.543096178054929e-07,
      5.3054566897734257e-08,
      3.147751829511869e-08,
      3.415678138684553e-07,
      4.8275591266955465e-06,
      1.0260727434943754e-07,
      3.1851850665543256e-07,
      5.077751091864389e-07,
      8.995260875386469e-08,
      3.397337600489025e-08,
      6.146456769877525e-07,
      3.2161528663072077e-09,
      1.6086831125032206e-07,
      6.078358462925498e-06,
      2.395145353331133e-06,
      5.947280448560403e-12,
      3.2551837364417526e-08,
      5.6998047822710056e-08,
      8.128129390556272e-06,
      2.6595505180814204e-07,
      1.0432377115036688e-08,
      7.757723116401267e-10,
      4.832082703187832e-08,
      6.990661602066654e-11,
      4.79258626692364e-06,
      3.265482429507848e-08,
      1.4674745325243522e-06,
      6.291067874711982e-08,
      1.1353334935722877e-08,
      5.998622879941781e-08,
      1.2933461877815424e-09,
      1.988111415340907e-09,
      2.8661730448525137e-08,
      9.499107425329047e-09,
      6.421474086094499e-08,
      6.662961339901679e-09,
      6.543423546848052e-07,
      1.258208607790011e-10,
      1.6093035303178283e-07,
      3.0408579297220763e-09,
      4.2741235426765405e-07,
      2.0425053030763866e-08,
      9.047309796755201e-07,
      8.677323033987676e-10
    ],
    "mean_weight_by_future": [
      6.01009164188126e-07,
      1.661093249126957e-08,
      2.613821746633679e-09,
      2.604297183844901e-07,
      9.8215700484752e-08,
      1.01345428251693e-07,
      1.2158979139981229e-08,
      2.4600998075580725e-06,
      6.086087921089582e-07,
      1.3077587903769446e-11,
      2.0853974082903764e-08,
      3.2328878671645693e-06,
      1.9893682639839015e-07,
      2.3040056854638035e-06,
      7.450741811939027e-09,
      1.3247504617838284e-09
    ]
  },
  "mean_centered_block_norm_by_past": [
    0.0013519728404401982,
    0.0013519728404401982,
    0.0013519728404401982,
    0.0013519728404401982,
    0.0013519728404401982,
    0.08517428894773249,
    0.0013519728404401982,
    0.0013519728404401982,
    0.0013519728404401982,
    0.0013519728404401982,
    0.0013519728404401982,
    0.0013519728404401982,
    0.0013519728404401982,
    0.0013519728404401982,
    0.0013519728404401982,
    0.0013519728404401982,
    0.0013519728404401982,
    0.0013519728404401982,
    0.0013519728404401982,
    0.0013519728404401982,
    0.0013519728404401982,
    0.0013519728404401982,
    0.0013519728404401982,
    0.0013519728404401982,
    0.0013519728404401982,
    0.0013519728404401982,
    0.0013519728404401982,
    0.0013519728404401982,
    0.0013519728404401982,
    0.0013519728404401982,
    0.0013519728404401982,
    0.0013519728404401982,
    0.0013519728404401982,
    0.0013519728404401982,
    0.0013519728404401982,
    0.0013519728404401982,
    0.0013519728404401982,
    0.0013519728404401982,
    0.0013519728404401982,
    0.0013519728404401982,
    0.0013519728404401982,
    0.0013519728404401982,
    0.0013519728404401982,
    0.0013519728404401982,
    0.0013519728404401982,
    0.0013519728404401982,
    0.0013519728404401982,
    0.0013519728404401982,
    0.0013519728404401982,
    0.0013519728404401982,
    0.0013519728404401982,
    0.0013519728404401982,
    0.0013519728404401982,
    0.0013519728404401982,
    0.0013519728404401982,
    0.0013519728404401982,
    0.0013519728404401982,
    0.0013519728404401982,
    0.0013519728404401982,
    0.0013519728404401982,
    0.0013519728404401982,
    0.0013519728404401982,
    0.0013519728404401982,
    0.0013519728404401982
  ],
  "mean_centered_block_norm_by_future": [
    0.0,
    0.0,
    0.0,
    0.0,
    0.0,
    0.0,
    0.0,
    0.0,
    0.0,
    0.042587144473866224,
    0.0,
    0.0,
    0.0,
    0.0,
    0.0,
    0.0
  ],
  "weighted_variants": {
    "masked_lt_1e-12_thr1e-12": {
      "frobenius": 31.080540423130834,
      "frobenius_sq": 965.9999929938698,
      "entropy_sv": 0.17114984713248418,
      "rank_tol": 7,
      "participation_ratio": 0.9408909133753509,
      "mean_row_norm": 3.8734854935818865,
      "std_row_norm": 0.3021363451956611,
      "mean_col_norm": 1.9506731344761699,
      "std_col_norm": 1.941960828738976
    },
    "weighted_sqrt_thr1e-12": {
      "frobenius": 0.025205161766503715,
      "frobenius_sq": 0.0006353001796756206,
      "entropy_sv": 2.792582879453814e-11,
      "rank_tol": 2,
      "participation_ratio": 0.9999999999980511,
      "mean_row_norm": 0.00193360588391441,
      "std_row_norm": 0.0025071800068333307,
      "mean_col_norm": 0.0010647655247912726,
      "std_col_norm": 0.001964614726428898
    },
    "weighted_linear_thr1e-12": {
      "frobenius": 9.961659614873613e-05,
      "frobenius_sq": 9.923466228260391e-09,
      "entropy_sv": 1.8075925375674073e-21,