{
  "case_name": "markov_ref",
  "L": 2,
  "k": 20,
  "dt": 0.1,
  "cut": 15,
  "J": 0.0,
  "g": 1.0,
  "n_pasts": 4,
  "n_futures": 4,
  "n_seeds": 1,
  "branch_weight_beta": 1.0,
  "delta": 2.275521138522877e-13,
  "delta_norm": 0.749968741004758,
  "entropy": 2.0723265836946412e-28,
  "rank": 1,
  "max_row_distance": 5.508302762850053e-07,
  "mean_row_distance": 2.754152918008422e-07,
  "median_row_distance": 2.7541513814250266e-07,
  "weight_preparation": {
    "weight_data_invalid": false,
    "nan_count": 0,
    "posinf_count": 0,
    "neginf_count": 0,
    "negative_count": 0,
    "warnings": []
  }
}