{
  "case_name": "markov_ref",
  "cut": 10,
  "cut_comparison_mode": "asymmetry_grid",
  "J": 0.0,
  "g": 1.0,
  "L": 2,
  "k": 20,
  "dt": 0.1,
  "n_pasts": 64,
  "n_futures": 32,
  "fraction_terminated_early": 0.01416015625,
  "fraction_any_prob_skipped_renormalize": 0.0,
  "fraction_weight_lt_1e-12": 0.0771484375,
  "fraction_weight_lt_1e-10": 0.255859375,
  "fraction_weight_lt_1e-08": 0.63916015625,
  "fraction_weight_lt_1e-06": 0.9580078125,
  "mean_cumulative_weight": 3.017557401539759e-07,
  "median_cumulative_weight": 2.14103860514287e-09,
  "metrics_V_raw": {
    "frobenius": 45.25483406219778,
    "frobenius_sq": 2048.0000059970566,
    "entropy_sv": 0.020327804698120757,
    "rank_tol": 4,
    "participation_ratio": 0.9945186733310509,
    "mean_row_norm": 5.656854257774724,
    "std_row_norm": 1.7737947590830354e-09,
    "mean_col_norm": 1.9737411350359322,
    "std_col_norm": 2.029887048490027
  },
  "metrics_V_centered_past": {
    "frobenius": 2.374917343811567,
    "frobenius_sq": 5.6402323899369895,
    "entropy_sv": 0.5064803168277671,
    "rank_tol": 3,
    "participation_ratio": 0.6776301338533828,
    "mean_row_norm": 0.2110471553900364,
    "std_row_norm": 0.2104271798354486,
    "mean_col_norm": 0.022884219349109045,
    "std_col_norm": 0.14694494622218146
  },
  "metrics_V_centered_global": {
    "frobenius": 42.32022344360278,
    "frobenius_sq": 1791.0013123164663,
    "entropy_sv": 0.02283771946043628,
    "rank_tol": 4,
    "participation_ratio": 0.9937299806122623,
    "mean_row_norm": 5.290026809814356,
    "std_row_norm": 0.003470531199846968,
    "mean_col_norm": 2.0733093193381738,
    "std_col_norm": 1.6456201640467618
  },
  "metrics_V_centered_rowcol": {
    "frobenius": 2.3738025953353468,
    "frobenius_sq": 5.634938761620828,
    "entropy_sv": 0.5060055259191137,
    "rank_tol": 3,
    "participation_ratio": 0.678036280663409,
    "mean_row_norm": 0.2109211176501857,
    "std_row_norm": 0.2103558895870491,
    "mean_col_norm": 0.027241464251107954,
    "std_col_norm": 0.14612594398276027
  },
  "row_distance_raw": {
    "max_row_distance": 1.2650953155508395,
    "mean_row_distance": 0.2688532938639682,
    "median_row_distance": 0.13213600204735948
  },
  "row_distance_centered_past": {
    "max_row_distance": 1.2650953155508395,
    "mean_row_distance": 0.2688532938639682,
    "median_row_distance": 0.13213600204735948
  },
  "delta_norm_centered_past": 0.0027540197135844614,
  "corr_weight_vs_centered_block_norm": -0.014499363773930988,
  "corr_terminated_early_vs_centered_block_norm": 0.6941373167947835,
  "summarize_weights": {
    "mean_weight_by_past": [
      4.972647277729375e-10,
      1.1473555468356006e-10,
      1.3202643292194306e-08,
      6.14416535127296e-11,
      3.338356783210769e-08,
      2.0390988427014326e-08,
      5.86603909074875e-09,
      2.2253525548442597e-10,
      1.1503920423774919e-07,
      5.080859006334758e-10,
      7.248136255355861e-07,
      1.6383347396837615e-09,
      6.881278713016299e-08,
      1.6208175382471361e-07,
      4.328486448907758e-08,
      1.8819691159639203e-07,
      2.609306987623937e-09,
      4.904272755654291e-10,
      3.4124794067311038e-06,
      5.260623320795491e-08,
      6.363556271841229e-09,
      3.093018567274714e-08,
      1.6331987132320068e-09,
      2.071256740179659e-08,
      1.766357554821975e-07,
      7.767291731838169e-08,
      5.224868354829174e-08,
      2.462861008495858e-06,
      2.5909858419530336e-10,
      3.566675958524362e-09,
      3.5487760792276685e-10,
      8.906996131833242e-08,
      3.4537866824819783e-07,
      1.1252401763361305e-06,
      5.8387707059826614e-09,
      1.1659176169499831e-06,
      9.457164071862426e-08,
      6.120581418194159e-08,
      8.952866477117295e-09,
      7.918735216244904e-09,
      9.784361194675478e-08,
      4.070011329469945e-09,
      9.174163855592728e-10,
      6.229655265277042e-06,
      1.4623100044431088e-07,
      5.96269742667182e-11,
      1.554777743788119e-08,
      4.4768413081391083e-07,
      5.639873125034325e-07,
      1.2670027113447267e-08,
      6.290553626939678e-08,
      3.3546448782236474e-08,
      3.934840138850288e-07,
      1.3344552955738462e-08,
      5.061818527844957e-10,
      2.689492794483122e-08,
      9.369942147932704e-08,
      4.9254193880328076e-08,
      1.2524892408227448e-08,
      1.6058474048103262e-07,
      2.4369537091042033e-08,
      3.360892997520154e-07,
      2.6022952857083954e-10,
      2.60428062051472e-09
    ],
    "mean_weight_by_future": [
      1.398912454290223e-10,
      1.2496423855397527e-08,
      2.6575125561745696e-12,
      4.0512923185705434e-07,
      2.2524471455492624e-08,
      2.1833667919189678e-14,
      8.788029648701806e-08,
      6.818121572028499e-10,
      2.8319048737724463e-08,
      2.4784111730634953e-07,
      1.353781402503025e-09,
      7.985177926395245e-07,
      4.503480639814466e-06,
      1.6936361047416395e-09,
      4.332565500605944e-08,
      1.1219690744033275e-07,
      7.011084310468069e-07,
      2.70788233088399e-10,
      1.5306615810872575e-07,
      8.516435931108394e-07,
      2.830810350462326e-09,
      2.303576201589954e-08,
      1.0535618037495296e-07,
      2.949257951082273e-09,
      9.23462465969592e-08,
      1.53165665435219e-07,
      4.9556232433006484e-08,
      6.090407184526727e-08,
      8.7017950697091e-07,
      1.6217813373014324e-09,
      4.0857532063851955e-08,
      2.817082821973382e-07
    ]
  },
  "mean_centered_block_norm_by_past": [
    0.01838756931981051,
    0.01838756931981051,
    0.0024344045662728895,
    0.0311731936869137,
    0.004204647915448741,
    0.004204647915448741,
    0.0024344045662728895,
    0.01838756931981051,
    0.004204647915448741,
    0.01838756931981051,
    0.004204647915448741,
    0.0024344045662728895,
    0.004204647915448741,
    0.004204647915448741,
    0.004204647915448741,
    0.004204647915448741,
    0.0024344045662728895,
    0.01838756931981051,
    0.004204647915448741,
    0.004204647915448741,
    0.0024344045662728895,
    0.004204647915448741,
    0.0024344045662728895,
    0.004204647915448741,
    0.004204647915448741,
    0.004204647915448741,
    0.004204647915448741,
    0.004204647915448741,
    0.01838756931981051,
    0.0024344045662728895,
    0.01838756931981051,
    0.004204647915448741,
    0.004204647915448741,
    0.004204647915448741,
    0.0024344045662728895,
    0.004204647915448741,
    0.004204647915448741,
    0.004204647915448741,
    0.0024344045662728895,
    0.0024344045662728895,
    0.004204647915448741,
    0.0024344045662728895,
    0.01838756931981051,
    0.004204647915448741,
    0.004204647915448741,
    0.0311731936869137,
    0.004204647915448741,
    0.004204647915448741,
    0.004204647915448741,
    0.0024344045662728895,
    0.004204647915448741,
    0.004204647915448741,
    0.004204647915448741,
    0.0024344045662728895,
    0.01838756931981051,
    0.004204647915448741,
    0.004204647915448741,
    0.004204647915448741,
    0.0024344045662728895,
    0.004204647915448741,
    0.004204647915448741,
    0.004204647915448741,
    0.01838756931981051,
    0.0024344045662728895
  ],
  "mean_centered_block_norm_by_future": [
    0.0,
    0.0,
    0.008519214102228894,
    0.0,
    0.0,
    0.2106358468665856,
    0.0,
    0.0,
    0.0,
    0.0,
    0.0,
    0.0,
    0.0,
    0.0,
    0.0,
    0.0,
    0.0,
    0.0,
    0.0,
    0.0,
    0.0,
    0.0,
    0.0,
    0.0,
    0.0,
    0.0,
    0.0,
    0.0,
    0.0,
    0.0,
    0.0,
    0.0
  ],
  "weighted_variants": {
    "masked_lt_1e-12_thr1e-12": {
      "frobenius": 43.474130324712895,
      "frobenius_sq": 1890.0000074901213,
      "entropy_sv": 0.14891624394572608,
      "rank_tol": 8,
      "participation_ratio": 0.9509711381321002,
      "mean_row_norm": 5.431180771057838,
      "std_row_norm": 0.1845472858054198,
      "mean_col_norm": 1.86544059103125,