{
  "case_name": "sweep",
  "L": 2,
  "k": 20,
  "dt": 0.1,
  "cut": 15,
  "J": 0.8,
  "g": 1.0,
  "n_pasts": 4,
  "n_futures": 4,
  "n_seeds": 1,
  "branch_weight_beta": 1.0,
  "delta": 1.5520440920899431e-13,
  "delta_norm": 0.7499003537677823,
  "entropy": 3.4331708069079414e-08,
  "rank": 1,
  "max_row_distance": 4.5492935752419053e-07,
  "mean_row_distance": 2.2747622180767553e-07,
  "median_row_distance": 2.2746609204867535e-07,
  "weight_preparation": {
    "weight_data_invalid": false,
    "nan_count": 0,
    "posinf_count": 0,
    "neginf_count": 0,
    "negative_count": 0,
    "warnings": []
  }
}