task_type,method,chi_max,theta,x_fraction,special_angle,substeps,infidelity,fidelity,overlap_squared_raw,norm_squared_exact,norm_squared_approx,fidelity_normalized,infidelity_normalized,norm_loss,fidelity_definition,max_bond,param_count,runtime_s,peak_memory_mb,norm_before,norm_after,discarded_weight,variational_converged,variational_failed,failure_message
angle_sweep,hybrid_tdvp,8,0.0006283185307179586,0.0001,0,1,6.246974970647301e-08,0.9999999375302503,0.9999999280225456,0.9999999999999993,0.9999999904922954,0.9999999375302503,6.246974970647301e-08,4.753851978733792e-09,normalized_state_fidelity_v2,8,936,0.1918705939897336,256.65625,0.9999999999999996,0.9999999952461477,1.901541688085715e-08,,,
angle_sweep,mpo_zipup,8,0.0006283185307179586,0.0001,0,1,6.247072414922172e-08,0.9999999375292759,0.9999998750585538,0.9999999999999993,0.9999999375292747,0.9999999375292759,6.247072414922172e-08,3.1235362740744677e-08,normalized_state_fidelity_v2,8,936,0.013822428998537362,256.65625,0.9999999999999996,0.9999999687646371,1.249414493247984e-07,,,
angle_sweep,no_update,8,0.0006283185307179586,0.0001,0,0,9.866031791538887e-08,0.9999999013396821,0.9999999013396801,0.9999999999999993,0.9999999999999987,0.9999999013396821,9.866031791538887e-08,3.3306690738754696e-16,normalized_state_fidelity_v2,8,0,0.0,0.0,1.0,1.0,0.0,,,analytic=9.8660317916221189e-08
angle_sweep,tebd_swap,8,0.0006283185307179586,0.0001,0,1,0.29976726910969465,0.7002327308903054,0.4496610745921997,0.9999999999999993,0.642159463212298,0.7002327308903054,0.29976726910969465,0.19865147207204636,normalized_state_fidelity_v2,8,936,0.010063768015243113,256.65625,0.9999999999999996,0.8013485279279536,1.0547089884533776,,,
angle_sweep,ttsvd_candidate,8,0.0006283185307179586,0.0001,0,0,6.247072403819942e-08,0.999999937529276,0.9999999375292755,0.9999999999999993,1.0000000000000002,0.999999937529276,6.247072403819942e-08,-4.440892098500626e-16,normalized_state_fidelity_v2,8,0,0.0,0.0,1.0,1.0,0.0,,,independent_ttsvd_candidate
angle_sweep,variational_mpo,8,0.0006283185307179586,0.0001,0,1,6.247072370513251e-08,0.9999999375292763,0.9999999375292751,0.9999999999999993,0.9999999999999994,0.9999999375292763,6.247072370513251e-08,0.0,normalized_state_fidelity_v2,8,936,1.5608367570093833,257.48828125,0.9999999999999996,0.9999999999999997,0.0,1,0,best_init=zipup
angle_sweep,hybrid_tdvp,8,0.0009222454792211941,0.0001467799267622069,0,1,1.3459206871235807e-07,0.9999998654079313,0.9999998449228837,0.9999999999999991,0.9999999795149506,0.9999998654079313,1.3459206871235807e-07,1.024252427317407e-08,normalized_state_fidelity_v2,8,936,0.11150611797347665,257.48828125,0.9999999999999996,0.9999999897574752,4.097010610619794e-08,,,
angle_sweep,mpo_zipup,8,0.0009222454792211941,0.0001467799267622069,0,1,1.3459658854131362e-07,0.9999998654034115,0.9999997308068421,0.9999999999999991,0.9999998654034135,0.9999998654034115,1.3459658854131362e-07,6.729829504781293e-08,normalized_state_fidelity_v2,8,936,0.004092880990356207,257.48828125,0.9999999999999996,0.9999999327017045,2.691931883900597e-07,,,
angle_sweep,no_update,8,0.0009222454792211941,0.0001467799267622069,0,0,2.1255720272783662e-07,0.9999997874427973,0.999999787442795,0.9999999999999991,0.9999999999999987,0.9999997874427973,2.1255720272783662e-07,2.220446049250313e-16,normalized_state_fidelity_v2,8,0,0.0,0.0,1.0,1.0,0.0,,,analytic=2.1255720337549017e-07
angle_sweep,tebd_swap,8,0.0009222454792211941,0.0001467799267622069,0,1,0.29976790754765503,0.700232092452345,0.4496601180887596,0.9999999999999991,0.6421586827218464,0.700232092452345,0.29976790754765503,0.19865195905783428,normalized_state_fidelity_v2,8,936,0.0029467360000126064,257.48828125,0.9999999999999996,0.8013480409421652,1.0547071754782025,,,
angle_sweep,ttsvd_candidate,8,0.0009222454792211941,0.0001467799267622069,0,0,1.3459658909642513e-07,0.9999998654034109,0.9999998654034118,0.9999999999999991,1.0000000000000018,0.9999998654034109,1.3459658909642513e-07,-1.3322676295501878e-15,normalized_state_fidelity_v2,8,0,0.0,0.0,1.0,1.0000000000000009,0.0,,,independent_ttsvd_candidate
angle_sweep,variational_mpo,8,0.0009222454792211941,0.0001467799267622069,0,1,1.3459658909642513e-07,0.9999998654034109,0.9999998654034102,0.9999999999999991,1.0000000000000002,0.9999998654034109,1.3459658909642513e-07,-4.440892098500626e-16,normalized_state_fidelity_v2,8,936,1.5100145820179023,257.48828125,0.9999999999999996,0.9999999999999999,0.0,1,0,best_init=zipup
angle_sweep,hybrid_tdvp,8,0.0013536712389686342,0.00021544346900318845,0,1,2.8998556900194927e-07,0.999999710014431,0.9999996658765763,0.9999999999999991,0.9999999558621334,0.999999710014431,2.8998556900194927e-07,2.2068933125396484e-08,normalized_state_fidelity_v2,8,936,0.019886594964191318,257.48828125,0.9999999999999996,0.9999999779310665,8.827575263103752e-08,,,
angle_sweep,mpo_zipup,8,0.0013536712389686342,0.00021544346900318845,0,1,2.90006561876055e-07,0.9999997099934381,0.999999419986956,0.9999999999999991,0.9999997099934346,0.9999997099934381,2.90006561876055e-07,1.4500329281741386e-07,normalized_state_fidelity_v2,8,936,0.00789092801278457,257.48828125,0.9999999999999996,0.9999998549967063,5.800131742692555e-07,,,
angle_sweep,no_update,8,0.0013536712389686342,0.00021544346900318845,0,0,4.579405752380694e-07,0.9999995420594248,0.9999995420594225,0.9999999999999991,0.9999999999999987,0.9999995420594248,4.579405752380694e-07,2.220446049250313e-16,normalized_state_fidelity_v2,8,0,0.0,0.0,1.0,1.0,0.0,,,analytic=4.5794057509774485e-07
angle_sweep,tebd_swap,8,0.0013536712389686342,0.00021544346900318845,0,1,0.2997688777695051,0.7002311222304949,0.4496586723317417,0.9999999999999991,0.642157507794588,0.7002311222304949,0.2997688777695051,0.19865269215240478,normalized_state_fidelity_v2,8,936,0.003043512988369912,257.48828125,0.9999999999999996,0.8013473078475951,1.0547045676356943,,,
angle_sweep,ttsvd_candidate,8,0.0013536712389686342,0.00021544346900318845,0,0,2.900065619870773e-07,0.999999709993438,0.9999997099934369,0.9999999999999991,0.9999999999999998,0.999999709993438,2.900065619870773e-07,-4.440892098500626e-16,normalized_state_fidelity_v2,8,0,0.0,0.0,1.0,0.9999999999999999,0.0,,,independent_ttsvd_candidate
angle_sweep,variational_mpo,8,0.0013536712389686342,0.00021544346900318845,0,1,2.900065617650327e-07,0.9999997099934382,0.9999997099934382,0.9999999999999991,1.0000000000000009,0.9999997099934382,2.900065617650327e-07,-8.881784197001252e-16,normalized_state_fidelity_v2,8,936,0.9823352320236154,257.48828125,0.9999999999999996,1.0000000000000007,0.0,1,0,best_init=zipup
angle_sweep,hybrid_tdvp,8,0.0019869176531592202,0.00031622776601683794,0,1,6.248034092326549e-07,0.9999993751965908,0.9999992800912775,0.9999999999999991,0.9999999048946282,0.9999993751965908,6.248034092326549e-07,4.755268656619904e-08,normalized_state_fidelity_v2,8,936,0.033024912991095334,257.48828125,0.9999999999999996,0.9999999524473132,1.9021074873286216e-07,,,
angle_sweep,mpo_zipup,8,0.0019869176531592202,0.00031622776601683794,0,1,6.249009406600337e-07,0.9999993750990593,0.9999987501985109,0.9999999999999991,0.999999375099062,0.9999993750990593,6.249009406600337e-07,3.124505173479619e-07,normalized_state_fidelity_v2,8,936,0.006667491979897022,257.48828125,0.9999999999999996,0.9999996875494821,1.2498021185031585e-06,,,
angle_sweep,no_update,8,0.0019869176531592202,0.00031622776601683794,0,0,9.866028871652333e-07,0.9999990133971128,0.9999990133971106,0.9999999999999991,0.9999999999999987,0.9999990133971128,9.866028871652333e-07,2.220446049250313e-16,normalized_state_fidelity_v2,8,0,0.0,0.0,1.0,1.0,0.0,,,analytic=9.8660288704075266e-07
angle_sweep,tebd_swap,8,0.0019869176531592202,0.00031622776601683794,0,1,0.2997703731723299,0.7002296268276701,0.4496564603030115,0.9999999999999991,0.6421557201744543,0.7002296268276701,0.2997703731723299,0.19865380753730733,normalized_state_fidelity_v2,8,936,0.007664106029551476,257.48828125,0.9999999999999996,0.8013461924626922,1.0547008546039245,,,
angle_sweep,ttsvd_candidate,8,0.0019869176531592202,0.00031622776601683794,0,0,6.249009397718552e-07,0.9999993750990602,0.9999993750990591,0.9999999999999991,0.9999999999999998,0.9999993750990602,6.249009397718552e-07,-4.440892098500626e-16,normalized_state_fidelity_v2,8,0,0.0,0.0,1.0,1.0,0.0,,,independent_ttsvd_candidate
angle_sweep,variational_mpo,8,0.0019869176531592202,0.00031622776601683794,0,1,6.249009399938998e-07,0.99999937509906,0.9999993750990591,0.9999999999999991,1.0,0.99999937509906,6.249009399938998e-07,-4.440892098500626e-16,normalized_state_fidelity_v2,8,936,1.4560504849650897,257.48828125,0.9999999999999996,1.0,0.0,1,0,best_init=zipup
angle_sweep,hybrid_tdvp,8,0.0029163962761324636,0.00046415888336127773,0,1,1.3462450033641105e-06,0.9999986537549966,0.9999984488151181,0.9999999999999987,0.9999997950598469,0.9999986537549966,1.3462450033641105e-06,1.0247008108699163e-07,normalized_state_fidelity_v2,8,936,0.0664100960129872,257.48828125,0.9999999999999996,0.9999998975299179,4.098803494943132e-07,,,
angle_sweep,mpo_zipup,8,0.0029163962761324636,0.00046415888336127773,0,1,1.3466984269960847e-06,0.999998653301573,0.9999973066049573,0.9999999999999987,0.9999986533015721,0.999998653301573,1.3466984269960847e-06,6.733494399835394e-07,normalized_state_fidelity_v2,8,936,0.004211592022329569,257.48828125,0.9999999999999996,0.9999993266505596,2.6933979633943445e-06,,,
angle_sweep,no_update,8,0.0029163962761324636,0.00046415888336127773,0,0,2.1255706772471683e-06,0.9999978744293228,0.9999978744293201,0.9999999999999987,0.9999999999999987,0.9999978744293228,2.1255706772471683e-06,0.0,normalized_state_fidelity_v2,8,0,0.0,0.0,1.0,1.0,0.0,,,analytic=2.1255706778474233e-06
angle_sweep,tebd_swap,8,0.0029163962761324636,0.00046415888336127773,0,1,0.2997727216031093,0.7002272783968907,0.4496530200553919,0.9999999999999987,0.642152960799862,0.7002272783968907,0.2997727216031093,0.19865552925108243,normalized_state_fidelity_v2,8,936,0.002859153028111905,257.48828125,0.9999999999999996,0.8013444707489169,1.054695652021705,,,
angle_sweep,ttsvd_candidate,8,0.0029163962761324636,0.00046415888336127773,0,0,1.34669842677404e-06,0.9999986533015732,0.9999986533015719,0.9999999999999987,1.0,0.9999986533015732,1.34669842677404e-06,-6.661338147750939e-16,normalized_state_fidelity_v2,8,0,0.0,0.0,1.0,1.0,0.0,,,independent_ttsvd_candidate
angle_sweep,variational_mpo,8,0.0029163962761324636,0.00046415888336127773,0,1,1.3466984263299508e-06,0.9999986533015737,0.9999986533015717,0.9999999999999987,0.9999999999999993,0.9999986533015737,1.3466984263299508e-06,-4.440892098500626e-16,normalized_state_fidelity_v2,8,936,0.9546208579558879,257.48828125,0.9999999999999996,0.9999999999999999,0.0,1,0,best_init=zipup
angle_sweep,hybrid_tdvp,8,0.0042806843182029595,0.0006812920690579609,0,1,2.9008319105683356e-06,0.9999970991680894,0.9999966575064019,0.9999999999999989,0.9999995583370324,0.9999970991680894,2.9008319105683356e-06,2.2083150763574366e-07,normalized_state_fidelity_v2,8,936,0.3207720009959303,257.48828125,0.9999999999999996,0.9999997791684911,8.833261045726775e-07,,,
angle_sweep,mpo_zipup,8,0.0042806843182029595,0.0006812920690579609,0,1,2.9029425093751726e-06,0.9999970970574906,0.9999941941234045,0.9999999999999989,0.999997097057488,0.9999970970574906,2.9029425093751726e-06,1.4514723088998593e-06,normalized_state_fidelity_v2,8,936,0.004679209960158914,257.48828125,0.9999999999999996,0.9999985485276907,5.805890171604346e-06,,,
angle_sweep,no_update,8,0.0042806843182029595,0.0006812920690579609,0,0,4.5793994574161445e-06,0.9999954206005426,0.9999954206005401,0.9999999999999989,0.9999999999999987,0.9999954206005426,4.5793994574161445e-06,1.1102230246251565e-16,normalized_state_fidelity_v2,8,0,0.0,0.0,1.0,1.0,0.0,,,analytic=4.5793994574146935e-06
angle_sweep,tebd_swap,8,0.0042806843182029595,0.0006812920690579609,0,1,0.2997764987907845,0.7002235012092155,0.449647554833228,0.9999999999999989,0.6421486197717334,0.7002235012092155,0.2997764987907845,0.1986582378462145,normalized_state_fidelity_v2,8,936,0.007451540033798665,257.48828125,0.9999999999999996,0.8013417621537852,1.0546885492017997,,,
angle_sweep,ttsvd_candidate,8,0.0042806843182029595,0.0006812920690579609,0,0,2.9029425108184626e-06,0.9999970970574892,0.9999970970574901,0.9999999999999989,1.000000000000002,0.9999970970574892,2.9029425108184626e-06,-1.5543122344752192e-15,normalized_state_fidelity_v2,8,0,0.0,0.0,1.0,1.000000000000001,0.0,,,independent_ttsvd_candidate
angle_sweep,variational_mpo,8,0.0042806843182029595,0.0006812920690579609,0,1,2.9029425101523287e-06,0.9999970970574898,0.9999970970574887,0.9999999999999989,1.0,0.9999970970574898,2.9029425101523287e-06,-6.661338147750939e-16,normalized_state_fidelity_v2,8,936,0.8472057710168883,257.48828125,0.9999999999999996,1.0000000000000002,0.0,1,0,best_init=zipup
angle_sweep,hybrid_tdvp,8,0.006283185307179587,0.001,0,1,6.2508908404979024e-06,0.9999937491091595,0.999993749109158,0.9999999999999989,0.9999999999999996,0.9999937491091595,6.2508908404979024e-06,-4.440892098500626e-16,normalized_state_fidelity_v2,8,936,0.07139082899084315,257.48828125,0.9999999999999996,0.9999999999999999,1.9039124345029094e-06,,,
angle_sweep,mpo_zipup,8,0.006283185307179587,0.001,0,1,6.260737729357757e-06,0.9999937392622706,0.9999874785637368,0.9999999999999989,0.9999937392622704,0.9999937392622706,6.260737729357757e-06,3.1303737638710416e-06,normalized_state_fidelity_v2,8,936,0.00922663597157225,257.48828125,0.9999999999999996,0.999996869626236,1.2521499397578747e-05,,,
angle_sweep,no_update,8,0.006283185307179587,0.001,0,0,9.865999657354685e-06,0.9999901340003426,0.9999901340003402,0.9999999999999989,0.9999999999999987,0.9999901340003426,9.865999657354685e-06,1.1102230246251565e-16,normalized_state_fidelity_v2,8,0,0.0,0.0,1.0,1.0,0.0,,,analytic=9.8659996582996128e-06
angle_sweep,tebd_swap,8,0.006283185307179587,0.001,0,1,0.2997827526698399,0.7002172473301601,0.4496386410274326,0.9999999999999989,0.6421416249626075,0.7002172473301601,0.2997827526698399,0.19866260229376032,normalized_state_fidelity_v2,8,936,0.004431713023222983,257.48828125,0.9999999999999996,0.801337397706239,1.0546792747077298,,,
angle_sweep,ttsvd_candidate,8,0.006283185307179587,0.001,0,0,6.260737729357757e-06,0.9999937392622706,0.9999937392622706,0.9999999999999989,1.000000000000001,0.9999937392622706,6.260737729357757e-06,-1.1102230246251565e-15,normalized_state_fidelity_v2,8,0,0.0,0.0,1.0,1.0000000000000009,0.0,,,independent_ttsvd_candidate
angle_sweep,variational_mpo,8,0.006283185307179587,0.001,0,1,6.260737729357757e-06,0.9999937392622706,0.9999937392622682,0.9999999999999989,0.9999999999999987,0.9999937392622706,6.260737729357757e-06,1.1102230246251565e-16,normalized_state_fidelity_v2,8,936,1.5073946209740825,257.48828125,0.9999999999999996,0.9999999999999999,0.0,1,0,best_init=zipup
angle_sweep,hybrid_tdvp,8,0.009222454792211942,0.0014677992676220691,0,1,1.347040647969866e-05,0.9999865295935203,0.9999865295935184,0.9999999999999993,0.9999999999999988,0.9999865295935203,1.347040647969866e-05,3.3306690738754696e-16,normalized_state_fidelity_v2,8,936,0.22598403604933992,257.48828125,0.9999999999999996,0.9999999999999998,4.104539775948792e-06,,,
angle_sweep,mpo_zipup,8,0.009222454792211942,0.0014677992676220691,0,1,1.3516527340939888e-05,0.9999864834726591,0.9999729671280178,0.9999999999999993,0.9999864834726628,0.9999864834726591,1.3516527340939888e-05,6.758286505426092e-06,normalized_state_fidelity_v2,8,936,0.010339649044908583,257.48828125,0.9999999999999996,0.9999932417134945,2.7033166033635845e-05,,,
angle_sweep,no_update,8,0.009222454792211942,0.0014677992676220691,0,0,2.12555711864848e-05,0.9999787444288135,0.9999787444288115,0.9999999999999993,0.9999999999999987,0.9999787444288135,2.12555711864848e-05,3.3306690738754696e-16,normalized_state_fidelity_v2,8,0,0.0,0.0,1.0,1.0,0.0,,,analytic=2.1255571188106920e-05
angle_sweep,tebd_swap,8,0.009222454792211942,0.0014677992676220691,0,1,0.29979345609062313,0.7002065439093769,0.4496236466293236,0.9999999999999993,0.6421300265475892,0.7002065439093769,0.29979345609062313,0.19866983923754022,normalized_state_fidelity_v2,8,936,0.008335102000273764,257.48828125,0.9999999999999996,0.8013301607624598,1.0546681461471372,,,
angle_sweep,ttsvd_candidate,8,0.009222454792211942,0.0014677992676220691,0,0,1.351652734105091e-05,0.999986483472659,0.9999864834726596,0.9999999999999993,1.0000000000000013,0.999986483472659,1.351652734105091e-05,-1.1102230246251565e-15,normalized_state_fidelity_v2,8,0,0.0,0.0,1.0,1.0000000000000004,0.0,,,independent_ttsvd_candidate
angle_sweep,variational_mpo,8,0.009222454792211942,0.0014677992676220691,0,1,1.3516527340939888e-05,0.9999864834726591,0.9999864834726583,0.9999999999999993,0.9999999999999999,0.9999864834726591,1.3516527340939888e-05,-2.220446049250313e-16,normalized_state_fidelity_v2,8,936,1.1525487549952231,257.48828125,0.9999999999999996,0.9999999999999998,0.0,1,0,best_init=zipup
angle_sweep,hybrid_tdvp,8,0.013536712389686328,0.002154434690031882,0,1,2.902842296881314e-05,0.9999709715770312,0.9999709715770303,0.9999999999999989,1.0000000000000002,0.9999709715770312,2.902842296881314e-05,-6.661338147750939e-16,normalized_state_fidelity_v2,8,936,0.030432494007982314,257.48828125,0.9999999999999996,0.9999999999999999,8.851509733726027e-06,,,
angle_sweep,mpo_zipup,8,0.013536712389686328,0.002154434690031882,0,1,2.9245508339048598e-05,0.999970754491661,0.9999415098386198,0.9999999999999989,0.9999707544916603,0.999970754491661,2.9245508339048598e-05,1.4622861083335437e-05,normalized_state_fidelity_v2,8,936,0.016339897003490478,257.48828125,0.9999999999999996,0.9999853771389164,5.8491535793620117e-05,,,
angle_sweep,no_update,8,0.013536712389686328,0.002154434690031882,0,0,4.579336522081423e-05,0.9999542066347792,0.9999542066347767,0.9999999999999989,0.9999999999999987,0.9999542066347792,4.579336522081423e-05,1.1102230246251565e-16,normalized_state_fidelity_v2,8,0,0.0,0.0,1.0,1.0,0.0,,,analytic=4.5793365221677913e-05
angle_sweep,tebd_swap,8,0.013536712389686328,0.002154434690031882,0,1,0.2998124335314477,0.7001875664685523,0.4495975555960447,0.9999999999999989,0.6421101675135759,0.7001875664685523,0.2998124335314477,0.19868223062659063,normalized_state_fidelity_v2,8,936,0.0029450299916788936,257.48828125,0.9999999999999996,0.8013177693734089,1.054657178302635,,,
angle_sweep,ttsvd_candidate,8,0.013536712389686328,0.002154434690031882,0,0,2.924550833816042e-05,0.9999707544916618,0.9999707544916587,0.9999999999999989,0.999999999999998,0.9999707544916618,2.924550833816042e-05,4.440892098500626e-16,normalized_state_fidelity_v2,8,0,0.0,0.0,1.0,0.9999999999999993,0.0,,,independent_ttsvd_candidate
angle_sweep,variational_mpo,8,0.013536712389686328,0.002154434690031882,0,1,2.9245508337827353e-05,0.9999707544916622,0.9999707544916601,0.9999999999999989,0.999999999999999,0.9999707544916622,2.9245508337827353e-05,0.0,normalized_state_fidelity_v2,8,936,1.1100379929994233,257.48828125,0.9999999999999996,0.9999999999999997,0.0,1,0,best_init=zipup
angle_sweep,hybrid_tdvp,8,0.019869176531592203,0.0031622776601683794,0,1,6.254863573262881e-05,0.9999374513642674,0.9999374513642676,0.9999999999999989,1.0000000000000013,0.9999374513642674,6.254863573262881e-05,-1.3322676295501878e-15,normalized_state_fidelity_v2,8,936,0.07660236401716247,257.48828125,0.9999999999999996,1.0000000000000007,1.9097195455007367e-05,,,
angle_sweep,mpo_zipup,8,0.019869176531592203,0.0031622776601683794,0,1,6.356557733278034e-05,0.9999364344226672,0.9998728728859146,0.9999999999999989,0.9999364344226659,0.9999364344226672,6.356557733278034e-05,3.178329375541633e-05,normalized_state_fidelity_v2,8,936,0.0135559500195086,257.48828125,0.9999999999999996,0.9999682167062441,0.00012713358416962742,,,
angle_sweep,no_update,8,0.019869176531592203,0.0031622776601683794,0,0,9.86570754092364e-05,0.9999013429245908,0.9999013429245883,0.9999999999999989,0.9999999999999987,0.9999013429245908,9.86570754092364e-05,1.1102230246251565e-16,normalized_state_fidelity_v2,8,0,0.0,0.0,1.0,1.0,0.0,,,analytic=9.8657075410261790e-05
angle_sweep,tebd_swap,8,0.019869176531592203,0.0031622776601683794,0,1,0.29984727365897434,0.7001527263410257,0.4495505714736748,0.9999999999999989,0.6420750138659193,0.7001527263410257,0.29984727365897434,0.19870416582518047,normalized_state_fidelity_v2,8,936,0.010037043015472591,257.48828125,0.9999999999999996,0.8012958341748193,1.054652680431694,,,
angle_sweep,ttsvd_candidate,8,0.019869176531592203,0.0031622776601683794,0,0,6.356557733333545e-05,0.9999364344226667,0.9999364344226673,0.9999999999999989,1.0000000000000018,0.9999364344226667,6.356557733333545e-05,-1.5543122344752192e-15,normalized_state_fidelity_v2,8,0,0.0,0.0,1.0,1.000000000000001,0.0,,,independent_ttsvd_candidate
angle_sweep,variational_mpo,8,0.019869176531592203,0.0031622776601683794,0,1,6.356557733377954e-05,0.9999364344226662,0.9999364344226651,0.9999999999999989,1.0,0.9999364344226662,6.356557733377954e-05,-6.661338147750939e-16,normalized_state_fidelity_v2,8,936,1.1348333100322634,257.48828125,0.9999999999999996,1.0,0.0,1,0,best_init=zipup
angle_sweep,hybrid_tdvp,8,0.029163962761324633,0.004641588833612777,0,1,0.00013471651515961636,0.9998652834848404,0.9998652834848397,0.9999999999999991,1.0000000000000002,0.9998652834848404,0.00013471651515961636,-4.440892098500626e-16,normalized_state_fidelity_v2,8,936,0.10746334597934037,257.48828125,0.9999999999999996,0.9999999999999998,4.122994195075445e-05,,,
angle_sweep,mpo_zipup,8,0.029163962761324633,0.004641588833612777,0,1,0.0001391389593482506,0.9998608610406517,0.999721741440955,0.9999999999999991,0.9998608610406542,0.9998608610406517,0.0001391389593482506,6.957189979706069e-05,normalized_state_fidelity_v2,8,936,0.008379998034797609,257.48828125,0.9999999999999996,0.9999304281002028,0.00027828931254073356,,,
angle_sweep,no_update,8,0.029163962761324633,0.004641588833612777,0,0,0.0002125421532244154,0.9997874578467756,0.9997874578467734,0.9999999999999991,0.9999999999999987,0.9997874578467756,0.0002125421532244154,2.220446049250313e-16,normalized_state_fidelity_v2,8,0,0.0,0.0,1.0,1.0,0.0,,,analytic=2.1254215322490404e-04
angle_sweep,tebd_swap,8,0.029163962761324633,0.004641588833612777,0,1,0.2999132820302415,0.7000867179697585,0.4494632286286679,0.9999999999999991,0.642010792508827,0.7000867179697585,0.2999132820302415,0.1987442402648032,normalized_state_fidelity_v2,8,936,0.00560890301130712,257.48828125,0.9999999999999996,0.8012557597351965,1.054671168311099,,,
angle_sweep,ttsvd_candidate,8,0.029163962761324633,0.004641588833612777,0,0,0.00013913895934891674,0.9998608610406511,0.9998608610406484,0.9999999999999991,0.9999999999999982,0.9998608610406511,0.00013913895934891674,4.440892098500626e-16,normalized_state_fidelity_v2,8,0,0.0,0.0,1.0,0.9999999999999998,0.0,,,independent_ttsvd_candidate
angle_sweep,variational_mpo,8,0.029163962761324633,0.004641588833612777,0,1,0.0001391389593486947,0.9998608610406513,0.9998608610406493,0.9999999999999991,0.9999999999999989,0.9998608610406513,0.0001391389593486947,1.1102230246251565e-16,normalized_state_fidelity_v2,8,936,1.2571029860409908,257.48828125,0.9999999999999996,0.9999999999999999,0.0,1,0,best_init=zipup
angle_sweep,hybrid_tdvp,8,0.0428068431820296,0.006812920690579608,0,1,0.00028978254445533036,0.9997102174555447,0.9997102174555436,0.9999999999999991,0.9999999999999998,0.9997102174555447,0.00028978254445533036,-4.440892098500626e-16,normalized_state_fidelity_v2,8,936,0.3395382529706694,257.48828125,0.9999999999999996,0.9999999999999996,8.909950360540293e-05,,,
angle_sweep,mpo_zipup,8,0.0428068431820296,0.006812920690579608,0,1,0.0003039777345842376,0.9996960222654158,0.9993921369332944,0.9999999999999991,0.9996960222654164,0.9996960222654158,0.0003039777345842376,0.00015200041935503616,normalized_state_fidelity_v2,8,936,0.013376095972489566,257.48828125,0.9999999999999996,0.9998479995806444,0.0006080078701138942,,,
angle_sweep,no_update,8,0.0428068431820296,0.006812920690579608,0,0,0.0004578707207750776,0.9995421292792249,0.9995421292792227,0.9999999999999991,0.9999999999999987,0.9995421292792249,0.0004578707207750776,2.220446049250313e-16,normalized_state_fidelity_v2,8,0,0.0,0.0,1.0,1.0,0.0,,,analytic=4.5787072077546257e-04
angle_sweep,tebd_swap,8,0.0428068431820296,0.006812920690579608,0,1,0.3000415831524915,0.6999584168475085,0.4492965092939023,0.9999999999999991,0.6418902873080038,0.6999584168475085,0.3000415831524915,0.19881944150647024,normalized_state_fidelity_v2,8,936,0.0046840099967084825,257.48828125,0.9999999999999996,0.8011805584935294,1.054752542804428,,,
angle_sweep,ttsvd_candidate,8,0.0428068431820296,0.006812920690579608,0,0,0.00030397773458501476,0.999696022265415,0.9996960222654125,0.9999999999999991,0.9999999999999984,0.999696022265415,0.00030397773458501476,3.3306690738754696e-16,normalized_state_fidelity_v2,8,0,0.0,0.0,1.0,0.9999999999999991,0.0,,,independent_ttsvd_candidate
angle_sweep,variational_mpo,8,0.0428068431820296,0.006812920690579608,0,1,0.00030397773458501476,0.999696022265415,0.9996960222654145,0.9999999999999991,1.0000000000000004,0.999696022265415,0.00030397773458501476,-6.661338147750939e-16,normalized_state_fidelity_v2,8,936,1.552305402001366,257.48828125,0.9999999999999996,1.0,0.0,1,0,best_init=zipup
angle_sweep,hybrid_tdvp,8,0.06283185307179587,0.01,0,1,0.0006213018276534088,0.9993786981723466,0.9993786981723455,0.9999999999999991,0.9999999999999998,0.9993786981723466,0.0006213018276534088,-4.440892098500626e-16,normalized_state_fidelity_v2,8,936,0.3927643810166046,257.48828125,0.9999999999999996,0.9999999999999999,0.00019281799228212872,,,
angle_sweep,mpo_zipup,8,0.06283185307179587,0.01,0,1,0.0006531319983754669,0.9993468680016245,0.9986941625846559,0.9999999999999991,0.999346868001625,0.9993468680016245,0.0006531319983754669,0.00032661933928346265,normalized_state_fidelity_v2,8,936,0.013896032993216068,257.48828125,0.9999999999999996,0.999673380660716,0.0013065025600928852,,,
angle_sweep,no_update,8,0.06283185307179587,0.01,0,0,0.00098627867488299,0.999013721325117,0.9990137213251148,0.9999999999999991,0.9999999999999987,0.999013721325117,0.00098627867488299,2.220446049250313e-16,normalized_state_fidelity_v2,8,0,0.0,0.0,1.0,1.0,0.0,,,analytic=9.8627867488343727e-04
angle_sweep,tebd_swap,8,0.06283185307179587,0.01,0,1,0.3002952900642627,0.6997047099357373,0.44897240074862504,0.9999999999999991,0.6416598235988153,0.6997047099357373,0.3002952900642627,0.1989632819908841,normalized_state_fidelity_v2,8,936,0.0056346970377489924,257.48828125,0.9999999999999996,0.8010367180091156,1.0549888136952044,,,
angle_sweep,ttsvd_candidate,8,0.06283185307179587,0.01,0,0,0.0006531319983756889,0.9993468680016243,0.9993468680016241,0.9999999999999991,1.0000000000000007,0.9993468680016243,0.0006531319983756889,-6.661338147750939e-16,normalized_state_fidelity_v2,8,0,0.0,0.0,1.0,1.0,0.0,,,independent_ttsvd_candidate
angle_sweep,variational_mpo,8,0.06283185307179587,0.01,0,1,0.0006531319983752448,0.9993468680016248,0.9993468680016245,0.9999999999999991,1.0000000000000007,0.9993468680016248,0.0006531319983752448,-6.661338147750939e-16,normalized_state_fidelity_v2,8,936,2.7660845649661496,257.48828125,0.9999999999999996,1.0000000000000002,0.0,1,0,best_init=zipup
angle_sweep,hybrid_tdvp,8,0.09222454792211941,0.01467799267622069,0,1,0.0013214663894292045,0.9986785336105708,0.9986785336105697,0.9999999999999989,1.0,0.9986785336105708,0.0013214663894292045,-6.661338147750939e-16,normalized_state_fidelity_v2,8,936,0.5599040869856253,257.48828125,0.9999999999999996,0.9999999999999999,0.0004181247374123623,,,
angle_sweep,mpo_zipup,8,0.09222454792211941,0.01467799267622069,0,1,0.001465566478262459,0.9985344335217375,0.9970710149285757,0.9999999999999989,0.9985344335217371,0.9985344335217375,0.001465566478262459,0.0007330519216908193,normalized_state_fidelity_v2,8,936,0.004116730997338891,257.48828125,0.9999999999999996,0.9992669480783086,0.002932481614627866,,,
angle_sweep,no_update,8,0.09222454792211941,0.01467799267622069,0,0,0.002124066047139661,0.9978759339528603,0.9978759339528579,0.9999999999999989,0.9999999999999987,0.9978759339528603,0.002124066047139661,1.1102230246251565e-16,normalized_state_fidelity_v2,8,0,0.0,0.0,1.0,1.0,0.0,,,analytic=2.1240660471406993e-03
angle_sweep,tebd_swap,8,0.09222454792211941,0.01467799267622069,0,1,0.3007995376087278,0.6992004623912722,0.44833827586216807,0.9999999999999989,0.6412156455515595,0.6992004623912722,0.3007995376087278,0.19924058197760786,normalized_state_fidelity_v2,8,936,0.002279862994328141,257.48828125,0.9999999999999996,0.8007594180223917,1.0555841859629147,,,
angle_sweep,ttsvd_candidate,8,0.09222454792211941,0.01467799267622069,0,0,0.0014655664782622368,0.9985344335217378,0.9985344335217387,0.9999999999999989,1.000000000000002,0.9985344335217378,0.0014655664782622368,-1.5543122344752192e-15,normalized_state_fidelity_v2,8,0,0.0,0.0,1.0,1.000000000000001,0.0,,,independent_ttsvd_candidate
angle_sweep,variational_mpo,8,0.09222454792211941,0.01467799267622069,0,1,0.001465566478262459,0.9985344335217375,0.9985344335217364,0.9999999999999989,1.0,0.9985344335217375,0.001465566478262459,-6.661338147750939e-16,normalized_state_fidelity_v2,8,936,1.6829989799880423,257.48828125,0.9999999999999996,1.0000000000000002,0.0,1,0,best_init=zipup
angle_sweep,hybrid_tdvp,8,0.13536712389686328,0.021544346900318822,0,1,0.00275446280567726,0.9972455371943227,0.9972455371943225,0.9999999999999989,1.0000000000000009,0.9972455371943227,0.00275446280567726,-1.1102230246251565e-15,normalized_state_fidelity_v2,8,936,0.08582510298583657,257.48828125,0.9999999999999996,1.0000000000000004,0.0009067078704517639,,,
angle_sweep,mpo_zipup,8,0.13536712389686328,0.021544346900318822,0,1,0.0024640813020463392,0.9975359186979537,0.995077909092572,0.9999999999999989,0.9975359186979563,0.9975359186979537,0.0024640813020463392,0.0012328005496188288,normalized_state_fidelity_v2,8,936,0.005251883005257696,257.48828125,0.9999999999999996,0.9987671994503802,0.004932450759374377,,,
angle_sweep,no_update,8,0.13536712389686328,0.021544346900318822,0,0,0.00457241786796414,0.9954275821320359,0.9954275821320334,0.9999999999999989,0.9999999999999987,0.9954275821320359,0.00457241786796414,1.1102230246251565e-16,normalized_state_fidelity_v2,8,0,0.0,0.0,1.0,1.0,0.0,,,analytic=4.5724178679641993e-03
angle_sweep,tebd_swap,8,0.13536712389686328,0.021544346900318822,0,1,0.30178647046654195,0.698213529533458,0.4471141992985548,0.9999999999999989,0.6403688562112427,0.698213529533458,0.30178647046654195,0.19976949807493372,normalized_state_fidelity_v2,8,936,0.009260858001653105,257.48828125,0.9999999999999996,0.8002305019250662,1.056967173505525,,,
angle_sweep,ttsvd_candidate,8,0.13536712389686328,0.021544346900318822,0,0,0.002464081302045784,0.9975359186979542,0.9975359186979519,0.9999999999999989,0.9999999999999988,0.9975359186979542,0.002464081302045784,1.1102230246251565e-16,normalized_state_fidelity_v2,8,0,0.0,0.0,1.0,0.9999999999999992,0.0,,,independent_ttsvd_candidate
angle_sweep,variational_mpo,8,0.13536712389686328,0.021544346900318822,0,1,0.002464081302045673,0.9975359186979543,0.9975359186979534,0.9999999999999989,1.0000000000000002,0.9975359186979543,0.002464081302045673,-6.661338147750939e-16,normalized_state_fidelity_v2,8,936,1.3548801590222865,257.48828125,0.9999999999999996,1.0,0.0,1,0,best_init=zipup
angle_sweep,hybrid_tdvp,8,0.198691765315922,0.03162277660168379,0,1,0.005426445928092494,0.9945735540719075,0.9945735540719067,0.999999999999999,1.0000000000000002,0.9945735540719075,0.005426445928092494,-6.661338147750939e-16,normalized_state_fidelity_v2,8,936,0.0940956010017544,257.48828125,0.9999999999999996,1.0000000000000002,0.001928131232012721,,,
angle_sweep,mpo_zipup,8,0.198691765315922,0.03162277660168379,0,1,0.003774588946713453,0.9962254110532865,0.9924650696282866,0.999999999999999,0.9962254110532844,0.9962254110532865,0.003774588946713453,0.001889078782680853,normalized_state_fidelity_v2,8,936,0.009623347024898976,257.48828125,0.9999999999999996,0.9981109212173183,0.007559428558853913,,,
angle_sweep,no_update,8,0.198691765315922,0.03162277660168379,0,0,0.009833616854380778,0.9901663831456192,0.9901663831456169,0.999999999999999,0.9999999999999987,0.9901663831456192,0.009833616854380778,1.1102230246251565e-16,normalized_state_fidelity_v2,8,0,0.0,0.0,1.0,1.0,0.0,,,analytic=9.8336168543813694e-03
angle_sweep,tebd_swap,8,0.198691765315922,0.03162277660168379,0,1,0.30361018554322217,0.6963898144567778,0.4448783819602695,0.999999999999999,0.6388352797883746,0.6963898144567778,0.30361018554322217,0.20072828162859702,normalized_state_fidelity_v2,8,936,0.00362635898636654,257.48828125,0.9999999999999996,0.7992717183714023,1.0599130906504437,,,
angle_sweep,ttsvd_candidate,8,0.198691765315922,0.03162277660168379,0,0,0.0037745889467121208,0.9962254110532879,0.9962254110532894,0.999999999999999,1.0000000000000027,0.9962254110532879,0.0037745889467121208,-1.9984014443252818e-15,normalized_state_fidelity_v2,8,0,0.0,0.0,1.0,1.000000000000001,0.0,,,independent_ttsvd_candidate
angle_sweep,variational_mpo,8,0.198691765315922,0.03162277660168379,0,1,0.003774588946712454,0.9962254110532875,0.9962254110532872,0.999999999999999,1.0000000000000007,0.9962254110532875,0.003774588946712454,-8.881784197001252e-16,normalized_state_fidelity_v2,8,936,2.368405221030116,257.48828125,0.9999999999999996,1.0,0.0,1,0,best_init=zipup
angle_sweep,hybrid_tdvp,8,0.29163962761324635,0.046415888336127774,0,1,0.008580112553566832,0.9914198874464332,0.9914198874464323,0.9999999999999989,1.0000000000000002,0.9914198874464332,0.008580112553566832,-6.661338147750939e-16,normalized_state_fidelity_v2,8,936,0.22771106602158397,257.48828125,0.9999999999999996,1.0,0.003920758935120763,,,
angle_sweep,mpo_zipup,8,0.29163962761324635,0.046415888336127774,0,1,0.006137375642477849,0.9938626243575222,0.9877629160948218,0.9999999999999989,0.9938626243575239,0.9938626243575222,0.006137375642477849,0.0030734107480505646,normalized_state_fidelity_v2,8,936,0.008502255019266158,257.48828125,0.9999999999999996,0.9969265892519489,0.012301801118500655,,,
angle_sweep,no_update,8,0.29163962761324635,0.046415888336127774,0,0,0.02110549189190647,0.9788945081080935,0.9788945081080911,0.9999999999999989,0.9999999999999987,0.9788945081080935,0.02110549189190647,1.1102230246251565e-16,normalized_state_fidelity_v2,8,0,0.0,0.0,1.0,1.0,0.0,,,analytic=2.1105491891906882e-02
angle_sweep,tebd_swap,8,0.29163962761324635,0.046415888336127774,0,1,0.30642881138297573,0.6935711886170243,0.44154336703574926,0.9999999999999989,0.6366229945568873,0.6935711886170243,0.30642881138297573,0.20211341999198407,normalized_state_fidelity_v2,8,936,0.0036354210460558534,257.48828125,0.9999999999999996,0.7978865800080155,1.0652194614645136,,,
angle_sweep,ttsvd_candidate,8,0.29163962761324635,0.046415888336127774,0,0,0.00613737564247685,0.9938626243575232,0.9938626243575256,0.9999999999999989,1.0000000000000036,0.9938626243575232,0.00613737564247685,-2.4424906541753444e-15,normalized_state_fidelity_v2,8,0,0.0,0.0,1.0,1.0000000000000018,0.0,,,independent_ttsvd_candidate
angle_sweep,variational_mpo,8,0.29163962761324635,0.046415888336127774,0,1,0.006137375642476628,0.9938626243575234,0.9938626243575218,0.9999999999999989,0.9999999999999996,0.9938626243575234,0.006137375642476628,-4.440892098500626e-16,normalized_state_fidelity_v2,8,936,1.6416683330317028,257.48828125,0.9999999999999996,0.9999999999999999,0.0,1,0,best_init=zipup
angle_sweep,hybrid_tdvp,8,0.42806843182029597,0.06812920690579609,0,1,0.011624737194658286,0.9883752628053417,0.9883752628053416,0.9999999999999988,1.000000000000001,0.9883752628053417,0.011624737194658286,-1.1102230246251565e-15,normalized_state_fidelity_v2,8,936,0.07667647197376937,257.48828125,0.9999999999999996,1.0,0.006555043693251929,,,
angle_sweep,mpo_zipup,8,0.42806843182029597,0.06812920690579609,0,1,0.010166906759734085,0.9898330932402659,0.9797695524735962,0.9999999999999988,0.9898330932402705,0.9898330932402659,0.010166906759734085,0.005096440231380117,normalized_state_fidelity_v2,8,936,0.006392490002326667,257.48828125,0.9999999999999996,0.9949035597686191,0.020408126452975656,,,
angle_sweep,no_update,8,0.42806843182029597,0.06812920690579609,0,0,0.04509903662933723,0.9549009633706628,0.9549009633706603,0.9999999999999988,0.9999999999999987,0.9549009633706628,0.04509903662933723,0.0,normalized_state_fidelity_v2,8,0,0.0,0.0,1.0,1.0,0.0,,,analytic=4.5099036629338014e-02
angle_sweep,tebd_swap,8,0.42806843182029597,0.06812920690579609,0,1,0.31017840560937804,0.689821594390622,0.43808488860546646,0.9999999999999988,0.6350698385898815,0.689821594390622,0.31017840560937804,0.2030873080506984,normalized_state_fidelity_v2,8,936,0.006787443999201059,257.48828125,0.9999999999999996,0.796912691949301,1.073743665917952,,,
angle_sweep,ttsvd_candidate,8,0.42806843182029597,0.06812920690579609,0,0,0.010166906759734196,0.9898330932402658,0.9898330932402658,0.9999999999999988,1.0000000000000013,0.9898330932402658,0.010166906759734196,-1.3322676295501878e-15,normalized_state_fidelity_v2,8,0,0.0,0.0,1.0,1.0000000000000004,0.0,,,independent_ttsvd_candidate
angle_sweep,variational_mpo,8,0.42806843182029597,0.06812920690579609,0,1,0.010166906759733974,0.989833093240266,0.9898330932402645,0.9999999999999988,0.9999999999999997,0.989833093240266,0.010166906759733974,-4.440892098500626e-16,normalized_state_fidelity_v2,8,936,1.5974000970018096,257.48828125,0.9999999999999996,0.9999999999999996,0.0,1,0,best_init=zipup
angle_sweep,hybrid_tdvp,8,0.6283185307179586,0.1,0,1,0.019509844263802534,0.9804901557361975,0.9804901557361968,0.9999999999999989,1.0000000000000004,0.9804901557361975,0.019509844263802534,-8.881784197001252e-16,normalized_state_fidelity_v2,8,936,0.05995541298761964,257.48828125,0.9999999999999996,1.0000000000000002,0.010481233941880571,,,
angle_sweep,mpo_zipup,8,0.6283185307179586,0.1,0,1,0.015542008648970596,0.9844579913510294,0.9691575367349007,0.9999999999999989,0.9844579913510276,0.9844579913510294,0.015542008648970596,0.0078014355225922705,normalized_state_fidelity_v2,8,936,0.009308876993600279,257.48828125,0.9999999999999996,0.9921985644774072,0.03125865851437648,,,
angle_sweep,no_update,8,0.6283185307179586,0.1,0,0,0.09545693984135195,0.904543060158648,0.9045430601586458,0.9999999999999989,0.9999999999999987,0.904543060158648,0.09545693984135195,1.1102230246251565e-16,normalized_state_fidelity_v2,8,0,0.0,0.0,1.0,1.0,0.0,,,analytic=9.5456939841352645e-02
angle_sweep,tebd_swap,8,0.6283185307179586,0.1,0,1,0.309515640788113,0.690484359211887,0.43743971118614766,0.9999999999999989,0.6335258798409831,0.690484359211887,0.309515640788113,0.20405661015309395,normalized_state_fidelity_v2,8,936,0.0038429549895226955,257.48828125,0.9999999999999996,0.7959433898469056,1.0873484199459091,,,
angle_sweep,ttsvd_candidate,8,0.6283185307179586,0.1,0,0,0.015542008648970262,0.9844579913510297,0.9844579913510288,0.9999999999999989,1.0000000000000002,0.9844579913510297,0.015542008648970262,-6.661338147750939e-16,normalized_state_fidelity_v2,8,0,0.0,0.0,1.0,1.0000000000000002,0.0,,,independent_ttsvd_candidate
angle_sweep,variational_mpo,8,0.6283185307179586,0.1,0,1,0.015542008648970707,0.9844579913510293,0.9844579913510284,0.9999999999999989,1.0000000000000002,0.9844579913510293,0.015542008648970707,-6.661338147750939e-16,normalized_state_fidelity_v2,8,936,1.3807658409932628,257.48828125,0.9999999999999996,1.0000000000000004,0.0,1,0,best_init=zipup
angle_sweep,hybrid_tdvp,8,0.9222454792211943,0.1467799267622069,0,1,0.0314686046295084,0.9685313953704916,0.9685313953704897,0.9999999999999987,0.9999999999999993,0.9685313953704916,0.0314686046295084,-4.440892098500626e-16,normalized_state_fidelity_v2,8,936,0.07113129296340048,257.48828125,0.9999999999999996,0.9999999999999996,0.01713216441081319,,,
angle_sweep,mpo_zipup,8,0.9222454792211943,0.1467799267622069,0,1,0.022140139571366513,0.9778598604286335,0.9562099066375035,0.9999999999999987,0.9778598604286317,0.9778598604286335,0.022140139571366513,0.011132030841006002,normalized_state_fidelity_v2,8,936,0.005564423045143485,257.48828125,0.9999999999999996,0.9888679691589932,0.04463710876375496,,,
angle_sweep,no_update,8,0.9222454792211943,0.1467799267622069,0,0,0.19791227812669876,0.8020877218733012,0.8020877218732991,0.9999999999999987,0.9999999999999987,0.8020877218733012,0.19791227812669876,0.0,normalized_state_fidelity_v2,8,0,0.0,0.0,1.0,1.0,0.0,,,analytic=1.9791227812669948e-01
angle_sweep,tebd_swap,8,0.9222454792211943,0.1467799267622069,0,1,0.3137719672458483,0.6862280327541517,0.43105609671324496,0.9999999999999987,0.6281528531896567,0.6862280327541517,0.3137719672458483,0.20743905395884055,normalized_state_fidelity_v2,8,936,0.00540652999188751,257.48828125,0.9999999999999996,0.7925609460411586,1.1086675660764937,,,
angle_sweep,ttsvd_candidate,8,0.9222454792211943,0.1467799267622069,0,0,0.022140139571366513,0.9778598604286335,0.9778598604286283,0.9999999999999987,0.999999999999996,0.9778598604286335,0.022140139571366513,1.3322676295501878e-15,normalized_state_fidelity_v2,8,0,0.0,0.0,1.0,0.9999999999999979,0.0,,,independent_ttsvd_candidate
angle_sweep,variational_mpo,8,0.9222454792211943,0.1467799267622069,0,1,0.022140139571367068,0.9778598604286329,0.9778598604286316,0.9999999999999987,1.0,0.9778598604286329,0.022140139571367068,-6.661338147750939e-16,normalized_state_fidelity_v2,8,936,1.434149692999199,257.48828125,0.9999999999999996,0.9999999999999997,0.0,1,0,best_init=zipup
angle_sweep,hybrid_tdvp,8,1.353671238968633,0.21544346900318823,0,1,0.04532620624924866,0.9546737937507513,0.9546737937507502,0.9999999999999993,0.9999999999999996,0.9546737937507513,0.04532620624924866,-2.220446049250313e-16,normalized_state_fidelity_v2,8,936,0.39161228499142453,257.48828125,0.9999999999999996,0.9999999999999994,0.027078117987364855,,,
angle_sweep,mpo_zipup,8,1.353671238968633,0.21544346900318823,0,1,0.0286051576844919,0.9713948423155081,0.9436079396771653,0.9999999999999993,0.971394842315503,0.9713948423155081,0.0286051576844919,0.014406350306829685,normalized_state_fidelity_v2,8,936,0.006154460948891938,257.64453125,0.9999999999999996,0.9855936496931696,0.057809519696773295,,,
angle_sweep,no_update,8,1.353671238968633,0.21544346900318823,0,0,0.3921464591079541,0.6078535408920459,0.6078535408920447,0.9999999999999993,0.9999999999999987,0.6078535408920459,0.3921464591079541,3.3306690738754696e-16,normalized_state_fidelity_v2,8,0,0.0,0.0,1.0,1.0,0.0,,,analytic=3.9214645910795404e-01
angle_sweep,tebd_swap,8,1.353671238968633,0.21544346900318823,0,1,0.3271362848446402,0.6728637151553598,0.4128360334017826,0.9999999999999993,0.6135507445314714,0.6728637151553598,0.3271362848446402,0.21670519947374112,normalized_state_fidelity_v2,8,936,0.003021672018803656,257.64453125,0.9999999999999996,0.7832948005262589,1.1433138972064487,,,
angle_sweep,ttsvd_candidate,8,1.353671238968633,0.21544346900318823,0,0,0.02860515768449101,0.971394842315509,0.9713948423155101,0.9999999999999993,1.0000000000000018,0.971394842315509,0.02860515768449101,-1.3322676295501878e-15,normalized_state_fidelity_v2,8,0,0.0,0.0,1.0,1.0000000000000007,0.0,,,independent_ttsvd_candidate
angle_sweep,variational_mpo,8,1.353671238968633,0.21544346900318823,0,1,0.028605157684491456,0.9713948423155085,0.9713948423155083,0.9999999999999993,1.0000000000000004,0.9713948423155085,0.028605157684491456,-6.661338147750939e-16,normalized_state_fidelity_v2,8,936,1.7370769339613616,257.64453125,0.9999999999999996,0.9999999999999999,0.0,1,0,best_init=zipup
angle_sweep,hybrid_tdvp,8,1.5707963267948966,0.25,1,1,0.05098090795918786,0.9490190920408121,0.9490190920408119,0.9999999999999991,1.0000000000000007,0.9490190920408121,0.05098090795918786,-6.661338147750939e-16,normalized_state_fidelity_v2,8,936,0.07725952204782516,257.64453125,0.9999999999999996,1.0,0.03169891102317358,,,
angle_sweep,mpo_zipup,8,1.5707963267948966,0.25,1,1,0.02942508838178448,0.9705749116182155,0.9420156590627062,0.9999999999999991,0.9705749116182157,0.9705749116182155,0.02942508838178448,0.014822395901014862,normalized_state_fidelity_v2,8,936,0.004077501012943685,257.80078125,0.9999999999999996,0.9851776040989848,0.05948556097278303,,,
angle_sweep,no_update,8,1.5707963267948966,0.25,1,0,0.4998190259334302,0.5001809740665698,0.5001809740665687,0.9999999999999991,0.9999999999999987,0.5001809740665698,0.4998190259334302,2.220446049250313e-16,normalized_state_fidelity_v2,8,0,0.0,0.0,1.0,1.0,0.0,,,analytic=4.9981902593343042e-01
angle_sweep,tebd_swap,8,1.5707963267948966,0.25,1,1,0.3278570487800646,0.6721429512199354,0.4090704143951988,0.9999999999999991,0.6086062699203181,0.6721429512199354,0.3278570487800646,0.2198677868974268,normalized_state_fidelity_v2,8,936,0.006575026025529951,257.80078125,0.9999999999999996,0.7801322131025727,1.148984645530133,,,
angle_sweep,ttsvd_candidate,8,1.5707963267948966,0.25,1,0,0.029425088381783926,0.9705749116182161,0.9705749116182161,0.9999999999999991,1.0000000000000009,0.9705749116182161,0.029425088381783926,-8.881784197001252e-16,normalized_state_fidelity_v2,8,0,0.0,0.0,1.0,1.0000000000000004,0.0,,,independent_ttsvd_candidate
angle_sweep,variational_mpo,8,1.5707963267948966,0.25,1,1,0.029425088381783482,0.9705749116182165,0.9705749116182152,0.9999999999999991,0.9999999999999996,0.9705749116182165,0.029425088381783482,-2.220446049250313e-16,normalized_state_fidelity_v2,8,936,2.4130529539543204,257.80078125,0.9999999999999996,0.9999999999999999,0.0,1,0,best_init=zipup
angle_sweep,hybrid_tdvp,8,1.9869176531592203,0.31622776601683794,0,1,0.05873084174355303,0.941269158256447,0.9412691582564455,0.9999999999999988,0.9999999999999997,0.941269158256447,0.05873084174355303,-4.440892098500626e-16,normalized_state_fidelity_v2,8,936,0.17354127997532487,257.64453125,0.9999999999999996,1.0,0.03944944265947722,,,
angle_sweep,mpo_zipup,8,1.9869176531592203,0.31622776601683794,0,1,0.026464277451035634,0.9735357225489644,0.9477718030789285,0.9999999999999988,0.9735357225489598,0.9735357225489644,0.026464277451035634,0.013320861399734873,normalized_state_fidelity_v2,8,936,0.00418652402004227,257.64453125,0.9999999999999996,0.9866791386002647,0.05344100981258569,,,
angle_sweep,no_update,8,1.9869176531592203,0.31622776601683794,0,0,0.7018537837261665,0.2981462162738336,0.2981462162738328,0.9999999999999988,0.9999999999999987,0.2981462162738336,0.7018537837261665,0.0,normalized_state_fidelity_v2,8,0,0.0,0.0,1.0,1.0,0.0,,,analytic=7.0185378372616658e-01
angle_sweep,tebd_swap,8,1.9869176531592203,0.31622776601683794,0,1,0.32444461867936847,0.6755553813206315,0.412628817051976,0.9999999999999988,0.6107993933011615,0.6755553813206315,0.32444461867936847,0.21846344084159286,normalized_state_fidelity_v2,8,936,0.003230126982089132,257.64453125,0.9999999999999996,0.7815365591584066,1.1396068976380183,,,
angle_sweep,ttsvd_candidate,8,1.9869176531592203,0.31622776601683794,0,0,0.026464277451035967,0.973535722548964,0.9735357225489645,0.9999999999999988,1.0000000000000018,0.973535722548964,0.026464277451035967,-1.5543122344752192e-15,normalized_state_fidelity_v2,8,0,0.0,0.0,1.0,1.0000000000000009,0.0,,,independent_ttsvd_candidate
angle_sweep,variational_mpo,8,1.9869176531592203,0.31622776601683794,0,1,0.0264642774510363,0.9735357225489637,0.9735357225489625,0.9999999999999988,1.0,0.9735357225489637,0.0264642774510363,-6.661338147750939e-16,normalized_state_fidelity_v2,8,936,1.630120344052557,257.64453125,0.9999999999999996,0.9999999999999998,0.0,1,0,best_init=zipup
angle_sweep,hybrid_tdvp,8,2.9163962761324638,0.46415888336127775,0,1,0.060620627904339086,0.9393793720956609,0.9393793720956599,0.9999999999999989,1.0,0.9393793720956609,0.060620627904339086,-6.661338147750939e-16,normalized_state_fidelity_v2,8,936,0.11432072101160884,257.64453125,0.9999999999999996,0.9999999999999999,0.05322732017978846,,,
angle_sweep,mpo_zipup,8,2.9163962761324638,0.46415888336127775,0,1,0.004742044372088472,0.9952579556279115,0.9905383982406419,0.9999999999999989,0.9952579556279046,0.9952579556279115,0.004742044372088472,0.0023738397436112724,normalized_state_fidelity_v2,8,936,0.01648830302292481,257.64453125,0.9999999999999996,0.9976261602563886,0.0095003337619382,,,
angle_sweep,no_update,8,2.9163962761324638,0.46415888336127775,0,0,0.9870177590187775,0.012982240981222524,0.012982240981222493,0.9999999999999989,0.9999999999999987,0.012982240981222524,0.9870177590187775,1.1102230246251565e-16,normalized_state_fidelity_v2,8,0,0.0,0.0,1.0,1.0,0.0,,,analytic=9.8701775901877742e-01
angle_sweep,tebd_swap,8,2.9163962761324638,0.46415888336127775,0,1,0.3054593451505493,0.6945406548494507,0.4419303806558056,0.9999999999999989,0.6362915944086805,0.6945406548494507,0.3054593451505493,0.20232112074552122,normalized_state_fidelity_v2,8,936,0.004586627997923642,257.64453125,0.9999999999999996,0.7976788792544783,1.0645347237524934,,,
angle_sweep,ttsvd_candidate,8,2.9163962761324638,0.46415888336127775,0,0,0.00474204437208825,0.9952579556279118,0.9952579556279098,0.9999999999999989,0.9999999999999991,0.9952579556279118,0.00474204437208825,-2.220446049250313e-16,normalized_state_fidelity_v2,8,0,0.0,0.0,1.0,0.9999999999999998,0.0,,,independent_ttsvd_candidate
angle_sweep,variational_mpo,8,2.9163962761324638,0.46415888336127775,0,1,0.00474204437208825,0.9952579556279118,0.9952579556279098,0.9999999999999989,0.9999999999999991,0.9952579556279118,0.00474204437208825,-2.220446049250313e-16,normalized_state_fidelity_v2,8,936,2.2280740200076252,257.64453125,0.9999999999999996,0.9999999999999996,0.0,1,0,best_init=zipup
angle_sweep,hybrid_tdvp,8,3.141592653589793,0.5,1,1,0.05561103595788042,0.9443889640421196,0.9443889640421188,0.9999999999999988,1.0000000000000004,0.9443889640421196,0.05561103595788042,-8.881784197001252e-16,normalized_state_fidelity_v2,8,936,0.09624827100196853,257.80078125,0.9999999999999996,1.0000000000000002,0.05480698997557045,,,
angle_sweep,mpo_zipup,8,3.141592653589793,0.5,1,1,2.220446049250313e-16,0.9999999999999998,0.9999999999999936,0.9999999999999988,0.999999999999995,0.9999999999999998,2.220446049250313e-16,1.887379141862766e-15,normalized_state_fidelity_v2,8,936,0.004325404006522149,257.80078125,0.9999999999999996,0.9999999999999974,1.1348423411752323e-31,,,
angle_sweep,no_update,8,3.141592653589793,0.5,1,0,0.999638051866861,0.0003619481331389558,0.0003619481331389549,0.9999999999999988,0.9999999999999987,0.0003619481331389558,0.999638051866861,0.0,normalized_state_fidelity_v2,8,0,0.0,0.0,1.0,1.0,0.0,,,analytic=9.9963805186686105e-01
angle_sweep,tebd_swap,8,3.141592653589793,0.5,1,1,0.29976596571711556,0.7002340342828844,0.44966304177902316,0.9999999999999988,0.6421610772454489,0.7002340342828844,0.29976596571711556,0.1986504649995423,normalized_state_fidelity_v2,8,936,0.009774231002666056,257.80078125,0.9999999999999996,0.8013495350004571,1.0547129625349974,,,
angle_sweep,ttsvd_candidate,8,3.141592653589793,0.5,1,0,0.0,1.0,0.9999999999999973,0.9999999999999988,0.9999999999999984,1.0,0.0,1.1102230246251565e-16,normalized_state_fidelity_v2,8,0,0.0,0.0,1.0,0.9999999999999994,0.0,,,independent_ttsvd_candidate
angle_sweep,variational_mpo,8,3.141592653589793,0.5,1,1,1.1102230246251565e-16,0.9999999999999999,0.9999999999999987,0.9999999999999988,1.0,0.9999999999999999,1.1102230246251565e-16,-6.661338147750939e-16,normalized_state_fidelity_v2,8,936,0.30320586304878816,257.80078125,0.9999999999999996,0.9999999999999999,0.0,1,0,best_init=zipup
angle_sweep,hybrid_tdvp,8,4.280684318202959,0.6812920690579608,0,1,0.0439817924968271,0.9560182075031729,0.956018207503172,0.9999999999999998,0.9999999999999993,0.9560182075031729,0.0439817924968271,2.220446049250313e-16,normalized_state_fidelity_v2,8,936,0.1374007779522799,257.64453125,0.9999999999999996,0.9999999999999994,0.059442813223098814,,,
angle_sweep,mpo_zipup,8,4.280684318202959,0.6812920690579608,0,1,0.026052339142363823,0.9739476608576362,0.9485740460900665,0.9999999999999998,0.973947660857642,0.9739476608576362,0.026052339142363823,0.013112133594883946,normalized_state_fidelity_v2,8,936,0.005686679971404374,257.64453125,0.9999999999999996,0.9868878664051159,0.05260025806149863,,,
angle_sweep,no_update,8,4.280684318202959,0.6812920690579608,0,0,0.7089531405882414,0.29104685941175856,0.2910468594117581,0.9999999999999998,0.9999999999999987,0.29104685941175856,0.7089531405882414,5.551115123125783e-16,normalized_state_fidelity_v2,8,0,0.0,0.0,1.0,1.0,0.0,,,analytic=7.0895314058824133e-01
angle_sweep,tebd_swap,8,4.280684318202959,0.6812920690579608,0,1,0.32083042955733543,0.6791695704426646,0.42331213585589844,0.9999999999999998,0.623279007597462,0.6791695704426646,0.32083042955733543,0.21051978644334457,normalized_state_fidelity_v2,8,936,0.0044842169736512005,257.64453125,0.9999999999999996,0.7894802135566551,1.1256410094155576,,,
angle_sweep,ttsvd_candidate,8,4.280684318202959,0.6812920690579608,0,0,0.026052339142364045,0.973947660857636,0.9739476608576387,0.9999999999999998,1.000000000000003,0.973947660857636,0.026052339142364045,-1.7763568394002505e-15,normalized_state_fidelity_v2,8,0,0.0,0.0,1.0,1.000000000000001,0.0,,,independent_ttsvd_candidate
angle_sweep,variational_mpo,8,4.280684318202959,0.6812920690579608,0,1,0.026052339142363934,0.9739476608576361,0.9739476608576365,0.9999999999999998,1.0000000000000007,0.9739476608576361,0.026052339142363934,-4.440892098500626e-16,normalized_state_fidelity_v2,8,936,1.697445627010893,257.64453125,0.9999999999999996,0.9999999999999999,0.0,1,0,best_init=zipup
angle_sweep,hybrid_tdvp,8,6.283185307179586,1.0,1,1,0.04939651618444152,0.9506034838155585,0.950603483815557,0.9999999999999988,0.9999999999999997,0.9506034838155585,0.04939651618444152,-4.440892098500626e-16,normalized_state_fidelity_v2,8,936,0.44588668301003054,257.80078125,0.9999999999999996,1.0,0.06110473720938604,,,
angle_sweep,mpo_zipup,8,6.283185307179586,1.0,1,1,1.1102230246251565e-16,0.9999999999999999,0.9999999999999925,0.9999999999999988,0.9999999999999938,0.9999999999999999,1.1102230246251565e-16,2.4424906541753444e-15,normalized_state_fidelity_v2,8,936,0.006261750997509807,257.80078125,0.9999999999999996,0.9999999999999971,4.591303057050392e-32,,,
angle_sweep,no_update,8,6.283185307179586,1.0,1,0,0.0,1.0,0.9999999999999976,0.9999999999999988,0.9999999999999987,1.0,0.0,0.0,normalized_state_fidelity_v2,8,0,0.0,0.0,1.0,1.0,0.0,,,analytic=1.4992169474083664e-32
angle_sweep,tebd_swap,8,6.283185307179586,1.0,1,1,0.29976596571711545,0.7002340342828846,0.4496630417790223,0.9999999999999988,0.6421610772454476,0.7002340342828846,0.29976596571711545,0.19865046499954309,normalized_state_fidelity_v2,8,936,0.005607764993328601,257.80078125,0.9999999999999996,0.8013495350004564,1.0547129625349974,,,
angle_sweep,ttsvd_candidate,8,6.283185307179586,1.0,1,0,0.0,1.0,1.0000000000000027,0.9999999999999988,1.0000000000000038,1.0,0.0,-2.4424906541753444e-15,normalized_state_fidelity_v2,8,0,0.0,0.0,1.0,1.000000000000002,0.0,,,independent_ttsvd_candidate
angle_sweep,variational_mpo,8,6.283185307179586,1.0,1,1,1.1102230246251565e-16,0.9999999999999999,0.9999999999999982,0.9999999999999988,0.9999999999999996,0.9999999999999999,1.1102230246251565e-16,-4.440892098500626e-16,normalized_state_fidelity_v2,8,936,0.018124734982848167,257.80078125,0.9999999999999996,0.9999999999999999,0.0,1,0,best_init=input
angle_sweep,hybrid_tdvp,12,0.0006283185307179586,0.0001,0,1,1.8102110921347503e-09,0.9999999981897889,0.999999997734464,0.9999999999999993,0.9999999995446758,0.9999999981897889,1.8102110921347503e-09,2.276617783181223e-10,normalized_state_fidelity_v2,12,1704,0.06505147699499503,257.80078125,0.9999999999999996,0.9999999997723377,9.106560508372121e-10,,,
angle_sweep,mpo_zipup,12,0.0006283185307179586,0.0001,0,1,1.6177674755368798e-09,0.9999999983822325,0.9999999967644646,0.9999999999999993,0.9999999983822327,0.9999999983822325,1.6177674755368798e-09,8.088832936792301e-10,normalized_state_fidelity_v2,12,1704,0.006908359006047249,257.80078125,0.9999999999999996,0.9999999991911163,3.2355333384050087e-09,,,
angle_sweep,no_update,12,0.0006283185307179586,0.0001,0,0,9.866031791538887e-08,0.9999999013396821,0.9999999013396801,0.9999999999999993,0.9999999999999987,0.9999999013396821,9.866031791538887e-08,3.3306690738754696e-16,normalized_state_fidelity_v2,8,0,0.0,0.0,1.0,1.0,0.0,,,analytic=9.8660317916221189e-08
angle_sweep,tebd_swap,12,0.0006283185307179586,0.0001,0,1,0.24404046614593877,0.7559595338540612,0.5796687278593958,0.9999999999999993,0.7667986206935011,0.7559595338540612,0.24404046614593877,0.12432961641180207,normalized_state_fidelity_v2,12,1704,0.00594750395976007,257.80078125,0.9999999999999996,0.8756703835881974,0.47164549931204724,,,
angle_sweep,ttsvd_candidate,12,0.0006283185307179586,0.0001,0,0,1.617767253492275e-09,0.9999999983822327,0.9999999983822343,0.9999999999999993,1.0000000000000022,0.9999999983822327,1.617767253492275e-09,-1.5543122344752192e-15,normalized_state_fidelity_v2,8,0,0.0,0.0,1.0,1.000000000000001,0.0,,,independent_ttsvd_candidate
angle_sweep,variational_mpo,12,0.0006283185307179586,0.0001,0,1,1.61776703144767e-09,0.999999998382233,0.999999998382233,0.9999999999999993,1.0000000000000007,0.999999998382233,1.61776703144767e-09,-6.661338147750939e-16,normalized_state_fidelity_v2,12,1704,1.1215950640034862,257.95703125,0.9999999999999996,1.0000000000000004,0.0,1,0,best_init=zipup
angle_sweep,hybrid_tdvp,12,0.0009222454792211941,0.0001467799267622069,0,1,3.899963574305332e-09,0.9999999961000364,0.9999999951190586,0.9999999999999991,0.999999999019023,0.9999999961000364,3.899963574305332e-09,4.90488094584407e-10,normalized_state_fidelity_v2,12,1704,0.04116573999635875,257.95703125,0.9999999999999996,0.9999999995095114,1.9619659721792144e-09,,,
angle_sweep,mpo_zipup,12,0.0009222454792211941,0.0001467799267622069,0,1,3.4853139263546495e-09,0.9999999965146861,0.9999999930293741,0.9999999999999991,0.999999996514689,0.9999999965146861,3.4853139263546495e-09,1.7426551313093341e-09,normalized_state_fidelity_v2,12,1704,0.01260001998161897,257.95703125,0.9999999999999996,0.9999999982573448,6.970627221231725e-09,,,
angle_sweep,no_update,12,0.0009222454792211941,0.0001467799267622069,0,0,2.1255720272783662e-07,0.9999997874427973,0.999999787442795,0.9999999999999991,0.9999999999999987,0.9999997874427973,2.1255720272783662e-07,2.220446049250313e-16,normalized_state_fidelity_v2,8,0,0.0,0.0,1.0,1.0,0.0,,,analytic=2.1255720337549017e-07
angle_sweep,tebd_swap,12,0.0009222454792211941,0.0001467799267622069,0,1,0.24404162328794232,0.7559583767120577,0.5796669168597662,0.9999999999999991,0.7667973987945638,0.7559583767120577,0.24404162328794232,0.12433031410550444,normalized_state_fidelity_v2,12,1704,0.01405522902496159,257.95703125,0.9999999999999996,0.8756696858944951,0.47164608536703945,,,
angle_sweep,ttsvd_candidate,12,0.0009222454792211941,0.0001467799267622069,0,0,3.4853141483992545e-09,0.9999999965146859,0.9999999965146835,0.9999999999999991,0.9999999999999986,0.9999999965146859,3.4853141483992545e-09,3.3306690738754696e-16,normalized_state_fidelity_v2,8,0,0.0,0.0,1.0,0.9999999999999996,0.0,,,independent_ttsvd_candidate
angle_sweep,variational_mpo,12,0.0009222454792211941,0.0001467799267622069,0,1,3.4853141483992545e-09,0.9999999965146859,0.9999999965146849,0.9999999999999991,0.9999999999999999,0.9999999965146859,3.4853141483992545e-09,-4.440892098500626e-16,normalized_state_fidelity_v2,12,1704,2.1522656299639493,257.95703125,0.9999999999999996,1.0000000000000002,0.0,1,0,best_init=zipup
angle_sweep,hybrid_tdvp,12,0.0013536712389686342,0.00021544346900318845,0,1,8.402163853560296e-09,0.9999999915978361,0.9999999894843481,0.9999999999999991,0.9999999978865128,0.9999999915978361,8.402163853560296e-09,1.056743137439753e-09,normalized_state_fidelity_v2,12,1704,0.05704968801001087,257.95703125,0.9999999999999996,0.9999999989432566,4.226979833043785e-09,,,
angle_sweep,mpo_zipup,12,0.0013536712389686342,0.00021544346900318845,0,1,7.508691890478758e-09,0.9999999924913081,0.9999999849826174,0.9999999999999991,0.9999999924913101,0.9999999924913081,7.508691890478758e-09,3.754344501949447e-09,normalized_state_fidelity_v2,12,1704,0.0042988070053979754,257.95703125,0.9999999999999996,0.9999999962456555,1.501738310314425e-08,,,
angle_sweep,no_update,12,0.0013536712389686342,0.00021544346900318845,0,0,4.579405752380694e-07,0.9999995420594248,0.9999995420594225,0.9999999999999991,0.9999999999999987,0.9999995420594248,4.579405752380694e-07,2.220446049250313e-16,normalized_state_fidelity_v2,8,0,0.0,0.0,1.0,1.0,0.0,,,analytic=4.5794057509774485e-07
angle_sweep,tebd_swap,12,0.0013536712389686342,0.00021544346900318845,0,1,0.2440433572102394,0.7559566427897606,0.579664206564172,0.9999999999999991,0.7667955723293817,0.7559566427897606,0.2440433572102394,0.12433135700232911,normalized_state_fidelity_v2,12,1704,0.012173530994914472,257.95703125,0.9999999999999996,0.8756686429976707,0.4716469704860943,,,
angle_sweep,ttsvd_candidate,12,0.0013536712389686342,0.00021544346900318845,0,0,7.508691890478758e-09,0.9999999924913081,0.9999999924913106,0.9999999999999991,1.0000000000000033,0.9999999924913081,7.508691890478758e-09,-1.9984014443252818e-15,normalized_state_fidelity_v2,8,0,0.0,0.0,1.0,1.0000000000000013,0.0,,,independent_ttsvd_candidate
angle_sweep,variational_mpo,12,0.0013536712389686342,0.00021544346900318845,0,1,7.508691335367246e-09,0.9999999924913087,0.9999999924913063,0.9999999999999991,0.9999999999999986,0.9999999924913087,7.508691335367246e-09,3.3306690738754696e-16,normalized_state_fidelity_v2,12,1704,1.732727910974063,257.95703125,0.9999999999999996,0.9999999999999993,0.0,1,0,best_init=zipup
angle_sweep,hybrid_tdvp,12,0.0019869176531592202,0.00031622776601683794,0,1,1.810173788641123e-08,0.9999999818982621,0.9999999773448128,0.9999999999999991,0.9999999954465515,0.9999999818982621,1.810173788641123e-08,2.2767238094800746e-09,normalized_state_fidelity_v2,12,1704,0.10709648299962282,257.95703125,0.9999999999999996,0.9999999977232754,9.106910625490219e-09,,,
angle_sweep,mpo_zipup,12,0.0019869176531592202,0.00031622776601683794,0,1,1.617637734874222e-08,0.9999999838236227,0.9999999676472466,0.9999999999999991,0.9999999838236246,0.9999999838236227,1.617637734874222e-08,8.088187231081179e-09,normalized_state_fidelity_v2,12,1704,0.006308236974291503,257.95703125,0.9999999999999996,0.9999999919118123,3.235275397539148e-08,,,
angle_sweep,no_update,12,0.0019869176531592202,0.00031622776601683794,0,0,9.866028871652333e-07,0.9999990133971128,0.9999990133971106,0.9999999999999991,0.9999999999999987,0.9999990133971128,9.866028871652333e-07,2.220446049250313e-16,normalized_state_fidelity_v2,8,0,0.0,0.0,1.0,1.0,0.0,,,analytic=9.8660288704075266e-07
angle_sweep,tebd_swap,12,0.0019869176531592202,0.00031622776601683794,0,1,0.24404597849454202,0.755954021505458,0.579660116912694,0.9999999999999991,0.7667928212860355,0.755954021505458,0.24404597849454202,0.12433292782814065,normalized_state_fidelity_v2,12,1704,0.006375167053192854,257.95703125,0.9999999999999996,0.8756670721718588,0.4716483232002291,,,
angle_sweep,ttsvd_candidate,12,0.0019869176531592202,0.00031622776601683794,0,0,1.617637679363071e-08,0.9999999838236232,0.9999999838236241,0.9999999999999991,1.0000000000000018,0.9999999838236232,1.617637679363071e-08,-1.3322676295501878e-15,normalized_state_fidelity_v2,8,0,0.0,0.0,1.0,1.0000000000000007,0.0,,,independent_ttsvd_candidate
angle_sweep,variational_mpo,12,0.0019869176531592202,0.00031622776601683794,0,1,1.6176377015675314e-08,0.999999983823623,0.9999999838236228,0.9999999999999991,1.0000000000000007,0.999999983823623,1.6176377015675314e-08,-6.661338147750939e-16,normalized_state_fidelity_v2,12,1704,1.4418111150152981,257.95703125,0.9999999999999996,0.9999999999999999,0.0,1,0,best_init=zipup
angle_sweep,hybrid_tdvp,12,0.0029163962761324636,0.00046415888336127773,0,1,3.899840717025427e-08,0.9999999610015928,0.9999999511912373,0.9999999999999987,0.9999999901896455,0.9999999610015928,3.899840717025427e-08,4.905176598235528e-09,normalized_state_fidelity_v2,12,1704,0.032160277012735605,257.95703125,0.9999999999999996,0.9999999950948227,1.9620714910457165e-08,,,
angle_sweep,mpo_zipup,12,0.0029163962761324636,0.00046415888336127773,0,1,3.484897237449047e-08,0.9999999651510276,0.9999999303020582,0.9999999999999987,0.9999999651510307,0.9999999651510276,3.484897237449047e-08,1.742448407782149e-08,normalized_state_fidelity_v2,12,1704,0.005896487971767783,257.95703125,0.9999999999999996,0.9999999825755153,6.969794551178543e-08,,,
angle_sweep,no_update,12,0.0029163962761324636,0.00046415888336127773,0,0,2.1255706772471683e-06,0.9999978744293228,0.9999978744293201,0.9999999999999987,0.9999999999999987,0.9999978744293228,2.1255706772471683e-06,0.0,normalized_state_fidelity_v2,8,0,0.0,0.0,1.0,1.0,0.0,,,analytic=2.1255706778474233e-06
angle_sweep,tebd_swap,12,0.0029163962761324636,0.00046415888336127773,0,1,0.24404998961681368,0.7559500103831863,0.5796538765601245,0.9999999999999987,0.7667886349605344,0.7559500103831863,0.24404998961681368,0.12433531819506649,normalized_state_fidelity_v2,12,1704,0.0037052520201541483,257.95703125,0.9999999999999996,0.8756646818049326,0.4716504236181137,,,
angle_sweep,ttsvd_candidate,12,0.0029163962761324636,0.00046415888336127773,0,0,3.484897270755738e-08,0.9999999651510273,0.9999999651510286,0.9999999999999987,1.0000000000000027,0.9999999651510273,3.484897270755738e-08,-1.9984014443252818e-15,normalized_state_fidelity_v2,8,0,0.0,0.0,1.0,1.000000000000001,0.0,,,independent_ttsvd_candidate
angle_sweep,variational_mpo,12,0.0029163962761324636,0.00046415888336127773,0,1,3.4848972485512775e-08,0.9999999651510275,0.999999965151026,0.9999999999999987,0.9999999999999998,0.9999999651510275,3.4848972485512775e-08,-6.661338147750939e-16,normalized_state_fidelity_v2,12,1704,1.151088384038303,257.95703125,0.9999999999999996,0.9999999999999998,0.0,1,0,best_init=zipup
angle_sweep,hybrid_tdvp,12,0.0042806843182029595,0.0006812920690579609,0,1,8.401738982311002e-08,0.9999999159826102,0.9999998948461689,0.9999999999999989,0.9999999788635581,0.9999999159826102,8.401738982311002e-08,1.0568220520923433e-08,normalized_state_fidelity_v2,12,1704,0.09989269101060927,257.95703125,0.9999999999999996,0.9999999894317793,4.227289432913166e-08,,,
angle_sweep,mpo_zipup,12,0.0042806843182029595,0.0006812920690579609,0,1,7.507335497702883e-08,0.999999924926645,0.9999998498532973,0.9999999999999989,0.9999999249266477,0.999999924926645,7.507335497702883e-08,3.753667632278024e-08,normalized_state_fidelity_v2,12,1704,0.004334850993473083,257.95703125,0.9999999999999996,0.9999999624633227,1.5014671310967204e-07,,,
angle_sweep,no_update,12,0.0042806843182029595,0.0006812920690579609,0,0,4.5793994574161445e-06,0.9999954206005426,0.9999954206005401,0.9999999999999989,0.9999999999999987,0.9999954206005426,4.5793994574161445e-06,1.1102230246251565e-16,normalized_state_fidelity_v2,8,0,0.0,0.0,1.0,1.0,0.0,,,analytic=4.5793994574146935e-06
angle_sweep,tebd_swap,12,0.0042806843182029595,0.0006812920690579609,0,1,0.2440562272706016,0.7559437727293984,0.5796442140498289,0.9999999999999989,0.7667821800515342,0.7559437727293984,0.2440562272706016,0.12433900392244546,normalized_state_fidelity_v2,12,1704,0.0033370520104654133,257.95703125,0.9999999999999996,0.8756609960775544,0.47165375260475617,,,
angle_sweep,ttsvd_candidate,12,0.0042806843182029595,0.0006812920690579609,0,0,7.507335442191732e-08,0.9999999249266456,0.9999999249266437,0.9999999999999989,0.9999999999999992,0.9999999249266456,7.507335442191732e-08,-2.220446049250313e-16,normalized_state_fidelity_v2,8,0,0.0,0.0,1.0,0.9999999999999997,0.0,,,independent_ttsvd_candidate
angle_sweep,variational_mpo,12,0.0042806843182029595,0.0006812920690579609,0,1,7.507335453293962e-08,0.9999999249266455,0.9999999249266446,0.9999999999999989,1.0000000000000002,0.9999999249266455,7.507335453293962e-08,-6.661338147750939e-16,normalized_state_fidelity_v2,12,1704,1.5372306060162373,257.95703125,0.9999999999999996,1.0000000000000002,0.0,1,0,best_init=zipup
angle_sweep,hybrid_tdvp,12,0.006283185307179587,0.001,0,1,1.810022214332463e-07,0.9999998189977786,0.9999997734588957,0.9999999999999989,0.99999995446111,0.9999998189977786,1.810022214332463e-07,2.2769444663062188e-08,normalized_state_fidelity_v2,12,1704,0.021197153022512794,257.95703125,0.9999999999999996,0.9999999772305549,9.10777831928621e-08,,,
angle_sweep,mpo_zipup,12,0.006283185307179587,0.001,0,1,1.6171906558337668e-07,0.9999998382809344,0.9999996765618948,0.9999999999999989,0.9999998382809353,0.9999998382809344,1.6171906558337668e-07,8.085953506764554e-08,normalized_state_fidelity_v2,12,1704,0.00724001502385363,257.95703125,0.9999999999999996,0.999999919140464,3.234381481281496e-07,,,
angle_sweep,no_update,12,0.006283185307179587,0.001,0,0,9.865999657354685e-06,0.9999901340003426,0.9999901340003402,0.9999999999999989,0.9999999999999987,0.9999901340003426,9.865999657354685e-06,1.1102230246251565e-16,normalized_state_fidelity_v2,8,0,0.0,0.0,1.0,1.0,0.0,,,analytic=9.8659996582996128e-06
angle_sweep,tebd_swap,12,0.006283185307179587,0.001,0,1,0.2440661280111438,0.7559338719888562,0.5796289794397591,0.9999999999999989,0.7667720695128536,0.7559338719888562,0.2440661280111438,0.12434477703101987,normalized_state_fidelity_v2,12,1704,0.0050199260003864765,257.95703125,0.9999999999999996,0.8756552229689797,0.4716591631531949,,,
angle_sweep,ttsvd_candidate,12,0.006283185307179587,0.001,0,0,1.6171906558337668e-07,0.9999998382809344,0.9999998382809344,0.9999999999999989,1.000000000000001,0.9999998382809344,1.6171906558337668e-07,-1.1102230246251565e-15,normalized_state_fidelity_v2,8,0,0.0,0.0,1.0,1.0000000000000004,0.0,,,independent_ttsvd_candidate
angle_sweep,variational_mpo,12,0.006283185307179587,0.001,0,1,1.6171906558337668e-07,0.9999998382809344,0.9999998382809335,0.9999999999999989,1.0000000000000002,0.9999998382809344,1.6171906558337668e-07,-6.661338147750939e-16,normalized_state_fidelity_v2,12,1704,1.2547161710099317,257.95703125,0.9999999999999996,1.0000000000000002,0.0,1,0,best_init=zipup
angle_sweep,hybrid_tdvp,12,0.009222454792211942,0.0014677992676220691,0,1,3.89928226374181e-07,0.9999996100717736,0.999999511957093,0.9999999999999993,0.9999999018852818,0.9999996100717736,3.89928226374181e-07,4.9057359952087154e-08,normalized_state_fidelity_v2,12,1704,0.04146655497606844,257.95703125,0.9999999999999996,0.9999999509426398,1.9622944676726416e-07,,,
angle_sweep,mpo_zipup,12,0.009222454792211942,0.0014677992676220691,0,1,3.483399559911504e-07,0.999999651660044,0.999999303320212,0.9999999999999993,0.9999996516600473,0.999999651660044,3.483399559911504e-07,1.741699912072292e-07,normalized_state_fidelity_v2,12,1704,0.007569862005766481,257.95703125,0.9999999999999996,0.9999998258300087,6.966799868539851e-07,,,
angle_sweep,no_update,12,0.009222454792211942,0.0014677992676220691,0,0,2.12555711864848e-05,0.9999787444288135,0.9999787444288115,0.9999999999999993,0.9999999999999987,0.9999787444288135,2.12555711864848e-05,3.3306690738754696e-16,normalized_state_fidelity_v2,8,0,0.0,0.0,1.0,1.0,0.0,,,analytic=2.1255571188106920e-05
angle_sweep,tebd_swap,12,0.009222454792211942,0.0014677992676220691,0,1,0.24408222585686146,0.7559177741431385,0.5796044704645197,0.9999999999999993,0.766755975703209,0.7559177741431385,0.24408222585686146,0.12435396666049492,normalized_state_fidelity_v2,12,1704,0.003264907980337739,257.95703125,0.9999999999999996,0.8756460333395052,0.47166821294892525,,,
angle_sweep,ttsvd_candidate,12,0.009222454792211942,0.0014677992676220691,0,0,3.4833995654626193e-07,0.9999996516600435,0.9999996516600428,0.9999999999999993,1.0,0.9999996516600435,3.4833995654626193e-07,-4.440892098500626e-16,normalized_state_fidelity_v2,8,0,0.0,0.0,1.0,0.9999999999999999,0.0,,,independent_ttsvd_candidate
angle_sweep,variational_mpo,12,0.009222454792211942,0.0014677992676220691,0,1,3.4833995654626193e-07,0.9999996516600435,0.9999996516600426,0.9999999999999993,0.9999999999999998,0.9999996516600435,3.4833995654626193e-07,-2.220446049250313e-16,normalized_state_fidelity_v2,12,1704,1.001115706982091,258.11328125,0.9999999999999996,0.9999999999999997,0.0,1,0,best_init=zipup
angle_sweep,hybrid_tdvp,12,0.013536712389686328,0.002154434690031882,0,1,8.399608124598501e-07,0.9999991600391875,0.9999989486514879,0.9999999999999989,0.9999997886121239,0.9999991600391875,8.399608124598501e-07,1.0569394304216218e-07,normalized_state_fidelity_v2,12,1704,0.060083479969762266,258.11328125,0.9999999999999996,0.9999998943060561,4.227757820019518e-07,,,
angle_sweep,mpo_zipup,12,0.013536712389686328,0.002154434690031882,0,1,7.502212640009276e-07,0.999999249778736,0.9999984995580369,0.9999999999999989,0.9999992497787391,0.999999249778736,7.502212640009276e-07,3.751107002791798e-07,normalized_state_fidelity_v2,12,1704,0.0042057340033352375,258.11328125,0.9999999999999996,0.9999996248892989,1.5004428754987775e-06,,,
angle_sweep,no_update,12,0.013536712389686328,0.002154434690031882,0,0,4.579336522081423e-05,0.9999542066347792,0.9999542066347767,0.9999999999999989,0.9999999999999987,0.9999542066347792,4.579336522081423e-05,1.1102230246251565e-16,normalized_state_fidelity_v2,8,0,0.0,0.0,1.0,1.0,0.0,,,analytic=4.5793365221677913e-05
angle_sweep,tebd_swap,12,0.013536712389686328,0.002154434690031882,0,1,0.2441090392103077,0.7558909607896923,0.5795643511125323,0.9999999999999989,0.7667300988849663,0.7558909607896923,0.2441090392103077,0.12436874262908637,normalized_state_fidelity_v2,12,1704,0.003216342011000961,258.11328125,0.9999999999999996,0.8756312573709131,0.4716838049238814,,,
angle_sweep,ttsvd_candidate,12,0.013536712389686328,0.002154434690031882,0,0,7.502212645560391e-07,0.9999992497787354,0.9999992497787363,0.9999999999999989,1.000000000000002,0.9999992497787354,7.502212645560391e-07,-1.5543122344752192e-15,normalized_state_fidelity_v2,8,0,0.0,0.0,1.0,1.0000000000000016,0.0,,,independent_ttsvd_candidate
angle_sweep,variational_mpo,12,0.013536712389686328,0.002154434690031882,0,1,7.502212645560391e-07,0.9999992497787354,0.999999249778735,0.9999999999999989,1.0000000000000007,0.9999992497787354,7.502212645560391e-07,-8.881784197001252e-16,normalized_state_fidelity_v2,12,1704,1.0971758679952472,258.11328125,0.9999999999999996,1.0000000000000004,0.0,1,0,best_init=zipup
angle_sweep,hybrid_tdvp,12,0.019869176531592203,0.0031622776601683794,0,1,1.8091811745390984e-06,0.9999981908188255,0.999997735411009,0.9999999999999989,0.9999995445913608,0.9999981908188255,1.8091811745390984e-06,2.2770434504604253e-07,normalized_state_fidelity_v2,12,1704,0.029789933003485203,258.11328125,0.9999999999999996,0.999999772295654,9.108174285374431e-07,,,
angle_sweep,mpo_zipup,12,0.019869176531592203,0.0031622776601683794,0,1,1.6153934918605728e-06,0.9999983846065081,0.9999967692156257,0.9999999999999989,0.9999983846065092,0.9999983846065081,1.6153934918605728e-06,8.07697071003588e-07,normalized_state_fidelity_v2,12,1704,0.008831607992760837,258.11328125,0.9999999999999996,0.999999192302929,3.2307885916087383e-06,,,
angle_sweep,no_update,12,0.019869176531592203,0.0031622776601683794,0,0,9.86570754092364e-05,0.9999013429245908,0.9999013429245883,0.9999999999999989,0.9999999999999987,0.9999013429245908,9.86570754092364e-05,1.1102230246251565e-16,normalized_state_fidelity_v2,8,0,0.0,0.0,1.0,1.0,0.0,,,analytic=9.8657075410261790e-05
angle_sweep,tebd_swap,12,0.019869176531592203,0.0031622776601683794,0,1,0.2441543276461311,0.7558456723538689,0.5794985866905976,0.9999999999999989,0.7666890317515649,0.7558456723538689,0.2441543276461311,0.12439219295876214,normalized_state_fidelity_v2,12,1704,0.003166167007293552,258.11328125,0.9999999999999996,0.8756078070412371,0.4717113934306172,,,
angle_sweep,ttsvd_candidate,12,0.019869176531592203,0.0031622776601683794,0,0,1.6153934925267066e-06,0.9999983846065075,0.9999983846065064,0.9999999999999989,1.0,0.9999983846065075,1.6153934925267066e-06,-6.661338147750939e-16,normalized_state_fidelity_v2,8,0,0.0,0.0,1.0,1.0000000000000002,0.0,,,independent_ttsvd_candidate
angle_sweep,variational_mpo,12,0.019869176531592203,0.0031622776601683794,0,1,1.615393492304662e-06,0.9999983846065077,0.9999983846065055,0.9999999999999989,0.9999999999999989,0.9999983846065077,1.615393492304662e-06,0.0,normalized_state_fidelity_v2,12,1704,1.0560658890171908,258.11328125,0.9999999999999996,0.9999999999999997,0.0,1,0,best_init=zipup
angle_sweep,hybrid_tdvp,12,0.029163962761324633,0.004641588833612777,0,1,3.895862349723167e-06,0.9999961041376503,0.9999961041376494,0.9999999999999991,1.0,0.9999961041376503,3.895862349723167e-06,-4.440892098500626e-16,normalized_state_fidelity_v2,12,1704,0.09040391398593783,258.11328125,0.9999999999999996,1.0000000000000004,1.961925726849022e-06,,,
angle_sweep,mpo_zipup,12,0.029163962761324633,0.004641588833612777,0,1,3.4769105208276585e-06,0.9999965230894792,0.9999930461910477,0.9999999999999991,0.9999965230894805,0.9999965230894792,3.4769105208276585e-06,1.738456770428165e-06,normalized_state_fidelity_v2,12,1704,0.005378164991270751,258.11328125,0.9999999999999996,0.999998261543229,6.953828489682196e-06,,,
angle_sweep,no_update,12,0.029163962761324633,0.004641588833612777,0,0,0.0002125421532244154,0.9997874578467756,0.9997874578467734,0.9999999999999991,0.9999999999999987,0.9997874578467756,0.0002125421532244154,2.220446049250313e-16,normalized_state_fidelity_v2,8,0,0.0,0.0,1.0,1.0,0.0,,,analytic=2.1254215322490404e-04
angle_sweep,tebd_swap,12,0.029163962761324633,0.004641588833612777,0,1,0.24422948064605565,0.7557705193539443,0.579395187716026,0.9999999999999991,0.7666284578172105,0.7557705193539443,0.24422948064605565,0.12442678329153356,normalized_state_fidelity_v2,12,1704,0.0031773329828865826,258.11328125,0.9999999999999996,0.8755732167084663,0.4717613102721032,,,
angle_sweep,ttsvd_candidate,12,0.029163962761324633,0.004641588833612777,0,0,3.4769105208276585e-06,0.9999965230894792,0.9999965230894781,0.9999999999999991,0.9999999999999998,0.9999965230894792,3.4769105208276585e-06,-4.440892098500626e-16,normalized_state_fidelity_v2,8,0,0.0,0.0,1.0,0.9999999999999996,0.0,,,independent_ttsvd_candidate
angle_sweep,variational_mpo,12,0.029163962761324633,0.004641588833612777,0,1,3.4769105203835693e-06,0.9999965230894796,0.999996523089479,0.9999999999999991,1.0000000000000002,0.9999965230894796,3.4769105203835693e-06,-4.440892098500626e-16,normalized_state_fidelity_v2,12,1704,1.173606899974402,258.26953125,0.9999999999999996,0.9999999999999998,0.0,1,0,best_init=zipup
angle_sweep,hybrid_tdvp,12,0.0428068431820296,0.006812920690579608,0,1,8.385376241371034e-06,0.9999916146237586,0.9999916146237576,0.9999999999999991,0.9999999999999999,0.9999916146237586,8.385376241371034e-06,-4.440892098500626e-16,normalized_state_fidelity_v2,12,1704,0.03738390700891614,258.26953125,0.9999999999999996,0.9999999999999998,4.224369049559769e-06,,,
angle_sweep,mpo_zipup,12,0.0428068431820296,0.006812920690579608,0,1,7.478069068533877e-06,0.9999925219309315,0.9999850439177831,0.9999999999999991,0.999992521930931,0.9999925219309315,7.478069068533877e-06,3.7390415242866126e-06,normalized_state_fidelity_v2,12,1704,0.004227472993079573,258.26953125,0.9999999999999996,0.999996260958475,1.4956172592698253e-05,,,
angle_sweep,no_update,12,0.0428068431820296,0.006812920690579608,0,0,0.0004578707207750776,0.9995421292792249,0.9995421292792227,0.9999999999999991,0.9999999999999987,0.9995421292792249,0.0004578707207750776,2.220446049250313e-16,normalized_state_fidelity_v2,8,0,0.0,0.0,1.0,1.0,0.0,,,analytic=4.5787072077546257e-04
angle_sweep,tebd_swap,12,0.0428068431820296,0.006812920690579608,0,1,0.24434852752458613,0.7556514724754139,0.5792457558267212,0.9999999999999991,0.7665514816363549,0.7556514724754139,0.24434852752458613,0.1244707419872505,normalized_state_fidelity_v2,12,1704,0.0033152360119856894,258.26953125,0.9999999999999996,0.875529258012749,0.47185423553028516,,,
angle_sweep,ttsvd_candidate,12,0.0428068431820296,0.006812920690579608,0,0,7.478069068311832e-06,0.9999925219309317,0.999992521930929,0.9999999999999991,0.9999999999999982,0.9999925219309317,7.478069068311832e-06,4.440892098500626e-16,normalized_state_fidelity_v2,8,0,0.0,0.0,1.0,0.9999999999999991,0.0,,,independent_ttsvd_candidate
angle_sweep,variational_mpo,12,0.0428068431820296,0.006812920690579608,0,1,7.478069067867743e-06,0.9999925219309321,0.9999925219309321,0.9999999999999991,1.0000000000000009,0.9999925219309321,7.478069067867743e-06,-8.881784197001252e-16,normalized_state_fidelity_v2,12,1704,1.314860806975048,258.26953125,0.9999999999999996,1.0000000000000004,0.0,1,0,best_init=zipup
angle_sweep,hybrid_tdvp,12,0.06283185307179587,0.01,0,1,1.8031727289091748e-05,0.9999819682727109,0.9999819682727105,0.9999999999999991,1.0000000000000004,0.9999819682727109,1.8031727289091748e-05,-6.661338147750939e-16,normalized_state_fidelity_v2,12,1704,0.03511909203371033,258.26953125,0.9999999999999996,1.0,9.087635520388262e-06,,,
angle_sweep,mpo_zipup,12,0.06283185307179587,0.01,0,1,1.6061590995763986e-05,0.9999839384090042,0.9999678770759781,0.9999999999999991,0.999983938409,0.9999839384090042,1.6061590995763986e-05,8.030827746696723e-06,normalized_state_fidelity_v2,12,1704,0.007401701994240284,258.26953125,0.9999999999999996,0.9999919691722527,3.2123340907576945e-05,,,
angle_sweep,no_update,12,0.06283185307179587,0.01,0,0,0.00098627867488299,0.999013721325117,0.9990137213251148,0.9999999999999991,0.9999999999999987,0.999013721325117,0.00098627867488299,2.220446049250313e-16,normalized_state_fidelity_v2,8,0,0.0,0.0,1.0,1.0,0.0,,,analytic=9.8627867488343727e-04
angle_sweep,tebd_swap,12,0.06283185307179587,0.01,0,1,0.24454881935885164,0.7554511806411484,0.5790191413419558,0.9999999999999991,0.766454744104768,0.7554511806411484,0.24454881935885164,0.12452598890385747,normalized_state_fidelity_v2,12,1704,0.005885844002477825,258.26953125,0.9999999999999996,0.8754740110961421,0.4720339268629071,,,
angle_sweep,ttsvd_candidate,12,0.06283185307179587,0.01,0,0,1.606159099543092e-05,0.9999839384090046,0.9999839384090055,0.9999999999999991,1.0000000000000018,0.9999839384090046,1.606159099543092e-05,-1.3322676295501878e-15,normalized_state_fidelity_v2,8,0,0.0,0.0,1.0,1.0000000000000009,0.0,,,independent_ttsvd_candidate
angle_sweep,variational_mpo,12,0.06283185307179587,0.01,0,1,1.6061590995652963e-05,0.9999839384090043,0.9999839384090035,0.9999999999999991,1.0,0.9999839384090043,1.6061590995652963e-05,-4.440892098500626e-16,normalized_state_fidelity_v2,12,1704,2.057506166980602,258.26953125,0.9999999999999996,0.9999999999999999,0.0,1,0,best_init=zipup
angle_sweep,hybrid_tdvp,12,0.09222454792211941,0.01467799267622069,0,1,3.870382768211833e-05,0.9999612961723179,0.9999612961723179,0.9999999999999989,1.000000000000001,0.9999612961723179,3.870382768211833e-05,-1.1102230246251565e-15,normalized_state_fidelity_v2,12,1704,0.08417828800156713,258.26953125,0.9999999999999996,1.0000000000000004,1.9512025349120974e-05,,,
angle_sweep,mpo_zipup,12,0.09222454792211941,0.01467799267622069,0,1,3.440838228907506e-05,0.9999655916177109,0.999931184419359,0.9999999999999989,0.9999655916177125,0.9999655916177109,3.440838228907506e-05,1.7204339137877334e-05,normalized_state_fidelity_v2,12,1704,0.005601621000096202,258.26953125,0.9999999999999996,0.9999827956608618,6.881749356089157e-05,,,
angle_sweep,no_update,12,0.09222454792211941,0.01467799267622069,0,0,0.002124066047139661,0.9978759339528603,0.9978759339528579,0.9999999999999989,0.9999999999999987,0.9978759339528603,0.002124066047139661,1.1102230246251565e-16,normalized_state_fidelity_v2,8,0,0.0,0.0,1.0,1.0,0.0,,,analytic=2.1240660471406993e-03
angle_sweep,tebd_swap,12,0.09222454792211941,0.01467799267622069,0,1,0.2449428534068101,0.7550571465931899,0.5786011069219393,0.9999999999999989,0.7663010800342495,0.7550571465931899,0.2449428534068101,0.12461375380107198,normalized_state_fidelity_v2,12,1704,0.005574420967604965,258.26953125,0.9999999999999996,0.8753862461989274,0.4723843460504239,,,
angle_sweep,ttsvd_candidate,12,0.09222454792211941,0.01467799267622069,0,0,3.440838228785381e-05,0.9999655916177121,0.9999655916177108,0.9999999999999989,0.9999999999999998,0.9999655916177121,3.440838228785381e-05,-4.440892098500626e-16,normalized_state_fidelity_v2,8,0,0.0,0.0,1.0,1.0000000000000004,0.0,,,independent_ttsvd_candidate
angle_sweep,variational_mpo,12,0.09222454792211941,0.01467799267622069,0,1,3.4408382287964834e-05,0.999965591617712,0.9999655916177099,0.9999999999999989,0.999999999999999,0.999965591617712,3.4408382287964834e-05,0.0,normalized_state_fidelity_v2,12,1704,1.5994620450073853,258.26953125,0.9999999999999996,1.0000000000000002,0.0,1,0,best_init=zipup
angle_sweep,hybrid_tdvp,12,0.13536712389686328,0.021544346900318822,0,1,8.277816198587473e-05,0.9999172218380141,0.9999172218380139,0.9999999999999989,1.0000000000000009,0.9999172218380141,8.277816198587473e-05,-1.1102230246251565e-15,normalized_state_fidelity_v2,12,1704,0.1349422589992173,258.26953125,0.9999999999999996,1.0000000000000002,4.172815298916223e-05,,,
angle_sweep,mpo_zipup,12,0.13536712389686328,0.021544346900318822,0,1,7.335410569808687e-05,0.9999266458943019,0.9998532971694313,0.9999999999999989,0.9999266458943057,0.9999266458943019,7.335410569808687e-05,3.6677725474332235e-05,normalized_state_fidelity_v2,12,1704,0.006845868017990142,258.26953125,0.9999999999999996,0.9999633222745252,0.0001467115228766728,,,
angle_sweep,no_update,12,0.13536712389686328,0.021544346900318822,0,0,0.00457241786796414,0.9954275821320359,0.9954275821320334,0.9999999999999989,0.9999999999999987,0.9954275821320359,0.00457241786796414,1.1102230246251565e-16,normalized_state_fidelity_v2,8,0,0.0,0.0,1.0,1.0,0.0,,,analytic=4.5724178679641993e-03
angle_sweep,tebd_swap,12,0.13536712389686328,0.021544346900318822,0,1,0.24561012185312248,0.7543898781468775,0.5780012640480532,0.9999999999999989,0.766183747676846,0.7543898781468775,0.24561012185312248,0.12468077384485221,normalized_state_fidelity_v2,12,1704,0.00828164303675294,258.26953125,0.9999999999999996,0.8753192261551477,0.4730269043429378,,,
angle_sweep,ttsvd_candidate,12,0.13536712389686328,0.021544346900318822,0,0,7.335410569819789e-05,0.9999266458943018,0.9999266458943029,0.9999999999999989,1.0000000000000022,0.9999266458943018,7.335410569819789e-05,-1.7763568394002505e-15,normalized_state_fidelity_v2,8,0,0.0,0.0,1.0,1.000000000000001,0.0,,,independent_ttsvd_candidate
angle_sweep,variational_mpo,12,0.13536712389686328,0.021544346900318822,0,1,7.335410569886402e-05,0.9999266458943011,0.9999266458943,0.9999999999999989,1.0,0.9999266458943011,7.335410569886402e-05,-6.661338147750939e-16,normalized_state_fidelity_v2,12,1704,2.090097760024946,258.26953125,0.9999999999999996,0.9999999999999999,0.0,1,0,best_init=zipup
angle_sweep,hybrid_tdvp,12,0.198691765315922,0.03162277660168379,0,1,0.00017581328250138029,0.9998241867174986,0.9998241867174968,0.999999999999999,0.9999999999999992,0.9998241867174986,0.00017581328250138029,-2.220446049250313e-16,normalized_state_fidelity_v2,12,1704,0.07418045197846368,258.26953125,0.9999999999999996,0.9999999999999996,8.852715102945228e-05,,,
angle_sweep,mpo_zipup,12,0.198691765315922,0.03162277660168379,0,1,0.00015492688369711516,0.9998450731163029,0.9996901702349451,0.999999999999999,0.9998450731163039,0.9998450731163029,0.00015492688369711516,7.746644237238698e-05,normalized_state_fidelity_v2,12,1704,0.00484133796999231,258.26953125,0.9999999999999996,0.999922533557627,0.00030986854620767185,,,
angle_sweep,no_update,12,0.198691765315922,0.03162277660168379,0,0,0.009833616854380778,0.9901663831456192,0.9901663831456169,0.999999999999999,0.9999999999999987,0.9901663831456192,0.009833616854380778,1.1102230246251565e-16,normalized_state_fidelity_v2,8,0,0.0,0.0,1.0,1.0,0.0,,,analytic=9.8336168543813694e-03
angle_sweep,tebd_swap,12,0.198691765315922,0.03162277660168379,0,1,0.2465051747240814,0.7534948252759186,0.5772182544132104,0.999999999999999,0.7660547027669928,0.7534948252759186,0.2465051747240814,0.12475449000466521,normalized_state_fidelity_v2,12,1704,0.0047047859989106655,258.26953125,0.9999999999999996,0.875245509995334,0.47416622777971174,,,
angle_sweep,ttsvd_candidate,12,0.198691765315922,0.03162277660168379,0,0,0.0001549268836967821,0.9998450731163032,0.9998450731163007,0.999999999999999,0.9999999999999984,0.9998450731163032,0.0001549268836967821,2.220446049250313e-16,normalized_state_fidelity_v2,8,0,0.0,0.0,1.0,0.9999999999999994,0.0,,,independent_ttsvd_candidate
angle_sweep,variational_mpo,12,0.198691765315922,0.03162277660168379,0,1,0.0001549268836967821,0.9998450731163032,0.9998450731163022,0.999999999999999,1.0,0.9998450731163032,0.0001549268836967821,-6.661338147750939e-16,normalized_state_fidelity_v2,12,1704,3.1728957089944743,258.26953125,0.9999999999999996,1.0,0.0,1,0,best_init=zipup
angle_sweep,hybrid_tdvp,12,0.29163962761324635,0.046415888336127774,0,1,0.0003682689438551101,0.9996317310561449,0.9996317310561432,0.9999999999999989,0.9999999999999994,0.9996317310561449,0.0003682689438551101,-2.220446049250313e-16,normalized_state_fidelity_v2,12,1704,0.157116650021635,258.26953125,0.9999999999999996,1.0,0.00018480882067782253,,,
angle_sweep,mpo_zipup,12,0.29163962761324635,0.046415888336127774,0,1,0.00032100737263773826,0.9996789926273623,0.9993580883004569,0.9999999999999989,0.9996789926273625,0.9996789926273623,0.00032100737263773826,0.00016051656910265333,normalized_state_fidelity_v2,12,1704,0.014086181996390224,258.26953125,0.9999999999999996,0.9998394834308968,0.0006420784321946387,,,
angle_sweep,no_update,12,0.29163962761324635,0.046415888336127774,0,0,0.02110549189190647,0.9788945081080935,0.9788945081080911,0.9999999999999989,0.9999999999999987,0.9788945081080935,0.02110549189190647,1.1102230246251565e-16,normalized_state_fidelity_v2,8,0,0.0,0.0,1.0,1.0,0.0,,,analytic=2.1105491891906882e-02
angle_sweep,tebd_swap,12,0.29163962761324635,0.046415888336127774,0,1,0.24782763890177884,0.7521723610982212,0.5754666139580534,0.9999999999999989,0.7650727994283584,0.7521723610982212,0.24782763890177884,0.12531560010003662,normalized_state_fidelity_v2,12,1704,0.007800043968018144,258.26953125,0.9999999999999996,0.8746843998999629,0.4759298571399585,,,
angle_sweep,ttsvd_candidate,12,0.29163962761324635,0.046415888336127774,0,0,0.00032100737263707213,0.9996789926273629,0.9996789926273604,0.9999999999999989,0.9999999999999986,0.9996789926273629,0.00032100737263707213,2.220446049250313e-16,normalized_state_fidelity_v2,8,0,0.0,0.0,1.0,0.9999999999999991,0.0,,,independent_ttsvd_candidate
angle_sweep,variational_mpo,12,0.29163962761324635,0.046415888336127774,0,1,0.00032100737263707213,0.9996789926273629,0.9996789926273617,0.9999999999999989,0.9999999999999999,0.9996789926273629,0.00032100737263707213,-4.440892098500626e-16,normalized_state_fidelity_v2,12,1704,1.6114307359675877,258.26953125,0.9999999999999996,0.9999999999999998,0.0,1,0,best_init=zipup
angle_sweep,hybrid_tdvp,12,0.42806843182029597,0.06812920690579609,0,1,0.0007503876232421991,0.9992496123767578,0.9992496123767582,0.9999999999999988,1.0000000000000018,0.9992496123767578,0.0007503876232421991,-1.5543122344752192e-15,normalized_state_fidelity_v2,12,1704,0.03730594099033624,258.26953125,0.9999999999999996,1.0000000000000002,0.00037394820015745466,,,
angle_sweep,mpo_zipup,12,0.42806843182029597,0.06812920690579609,0,1,0.0006376584169724975,0.9993623415830275,0.9987250897743117,0.9999999999999988,0.9993623415830287,0.9993623415830275,0.0006376584169724975,0.0003188800507283318,normalized_state_fidelity_v2,12,1704,0.004133658017963171,258.26953125,0.9999999999999996,0.999681119949271,0.0012755708097717568,,,
angle_sweep,no_update,12,0.42806843182029597,0.06812920690579609,0,0,0.04509903662933723,0.9549009633706628,0.9549009633706603,0.9999999999999988,0.9999999999999987,0.9549009633706628,0.04509903662933723,0.0,normalized_state_fidelity_v2,8,0,0.0,0.0,1.0,1.0,0.0,,,analytic=4.5099036629338014e-02
angle_sweep,tebd_swap,12,0.42806843182029597,0.06812920690579609,0,1,0.24961476556802775,0.7503852344319722,0.5728085171144387,0.9999999999999988,0.7633525965473519,0.7503852344319722,0.24961476556802775,0.12629948120230994,normalized_state_fidelity_v2,12,1704,0.003469462040811777,258.26953125,0.9999999999999996,0.8737005187976893,0.47866441764401324,,,
angle_sweep,ttsvd_candidate,12,0.42806843182029597,0.06812920690579609,0,0,0.0006376584169722754,0.9993623415830277,0.999362341583025,0.9999999999999988,0.9999999999999984,0.9993623415830277,0.0006376584169722754,1.1102230246251565e-16,normalized_state_fidelity_v2,8,0,0.0,0.0,1.0,0.9999999999999992,0.0,,,independent_ttsvd_candidate
angle_sweep,variational_mpo,12,0.42806843182029597,0.06812920690579609,0,1,0.0006376584169718313,0.9993623415830282,0.999362341583027,0.9999999999999988,1.0,0.9993623415830282,0.0006376584169718313,-6.661338147750939e-16,normalized_state_fidelity_v2,12,1704,1.9159310800023377,258.26953125,0.9999999999999996,1.0,0.0,1,0,best_init=zipup
angle_sweep,hybrid_tdvp,12,0.6283185307179586,0.1,0,1,0.0014560002256631677,0.9985439997743368,0.9985439997743359,0.9999999999999989,1.0000000000000002,0.9985439997743368,0.0014560002256631677,-6.661338147750939e-16,normalized_state_fidelity_v2,12,1704,0.12694533600006253,258.26953125,0.9999999999999996,1.0000000000000004,0.0007189368236253163,,,
angle_sweep,mpo_zipup,12,0.6283185307179586,0.1,0,1,0.001164029092323271,0.9988359709076767,0.9976732967790712,0.9999999999999989,0.9988359709076678,0.9988359709076767,0.001164029092323271,0.000582184015279319,normalized_state_fidelity_v2,12,1704,0.01225132995750755,258.26953125,0.9999999999999996,0.9994178159847198,0.002328918874565793,,,
angle_sweep,no_update,12,0.6283185307179586,0.1,0,0,0.09545693984135195,0.904543060158648,0.9045430601586458,0.9999999999999989,0.9999999999999987,0.904543060158648,0.09545693984135195,1.1102230246251565e-16,normalized_state_fidelity_v2,8,0,0.0,0.0,1.0,1.0,0.0,,,analytic=9.5456939841352645e-02
angle_sweep,tebd_swap,12,0.6283185307179586,0.1,0,1,0.2521355355854671,0.7478644644145329,0.5687675752341422,0.9999999999999989,0.7605222634550548,0.7478644644145329,0.2521355355854671,0.12792072409954858,normalized_state_fidelity_v2,12,1704,0.010024432966019958,258.26953125,0.9999999999999996,0.872079275900451,0.48269720759210055,,,
angle_sweep,ttsvd_candidate,12,0.6283185307179586,0.1,0,0,0.001164029092323049,0.998835970907677,0.9988359709076774,0.9999999999999989,1.0000000000000016,0.998835970907677,0.001164029092323049,-1.3322676295501878e-15,normalized_state_fidelity_v2,8,0,0.0,0.0,1.0,1.0000000000000009,0.0,,,independent_ttsvd_candidate
angle_sweep,variational_mpo,12,0.6283185307179586,0.1,0,1,0.001164029092323049,0.998835970907677,0.9988359709076765,0.9999999999999989,1.0000000000000007,0.998835970907677,0.001164029092323049,-8.881784197001252e-16,normalized_state_fidelity_v2,12,1704,3.8722972969990224,258.26953125,0.9999999999999996,1.0000000000000004,0.0,1,0,best_init=zipup
angle_sweep,hybrid_tdvp,12,0.9222454792211943,0.1467799267622069,0,1,0.0026444643518814814,0.9973555356481185,0.9973555356481179,0.9999999999999987,1.0000000000000007,0.9973555356481185,0.0026444643518814814,-8.881784197001252e-16,normalized_state_fidelity_v2,12,1704,0.111919476010371,258.26953125,0.9999999999999996,1.0000000000000004,0.0013066756287368664,,,
angle_sweep,mpo_zipup,12,0.9222454792211943,0.1467799267622069,0,1,0.0018893013931640112,0.998110698606836,0.99622496667342,0.9999999999999987,0.9981106986068311,0.998110698606836,0.0018893013931640112,0.0009450973010379782,normalized_state_fidelity_v2,12,1704,0.006185723003000021,258.26953125,0.9999999999999996,0.9990549026989616,0.003780869633184627,,,
angle_sweep,no_update,12,0.9222454792211943,0.1467799267622069,0,0,0.19791227812669876,0.8020877218733012,0.8020877218732991,0.9999999999999987,0.9999999999999987,0.8020877218733012,0.19791227812669876,0.0,normalized_state_fidelity_v2,8,0,0.0,0.0,1.0,1.0,0.0,,,analytic=1.9791227812669948e-01
angle_sweep,tebd_swap,12,0.9222454792211943,0.1467799267622069,0,1,0.25493546825618807,0.7450645317438119,0.56377083922227,0.9999999999999987,0.7566738385771417,0.7450645317438119,0.25493546825618807,0.13012998754001026,normalized_state_fidelity_v2,12,1704,0.003169030009303242,258.26953125,0.9999999999999996,0.869870012459989,0.4879902690336825,,,
angle_sweep,ttsvd_candidate,12,0.9222454792211943,0.1467799267622069,0,0,0.0018893013931648994,0.9981106986068351,0.998110698606834,0.9999999999999987,1.0000000000000002,0.9981106986068351,0.0018893013931648994,-6.661338147750939e-16,normalized_state_fidelity_v2,8,0,0.0,0.0,1.0,1.0,0.0,,,independent_ttsvd_candidate
angle_sweep,variational_mpo,12,0.9222454792211943,0.1467799267622069,0,1,0.0018893013931646774,0.9981106986068353,0.9981106986068333,0.9999999999999987,0.9999999999999993,0.9981106986068353,0.0018893013931646774,-4.440892098500626e-16,normalized_state_fidelity_v2,12,1704,2.4817730469512753,258.26953125,0.9999999999999996,0.9999999999999997,0.0,1,0,best_init=zipup
angle_sweep,hybrid_tdvp,12,1.353671238968633,0.21544346900318823,0,1,0.004426739558407777,0.9955732604415922,0.995573260441592,0.9999999999999993,1.0000000000000004,0.9955732604415922,0.004426739558407777,-6.661338147750939e-16,normalized_state_fidelity_v2,12,1704,0.15198469097958878,258.26953125,0.9999999999999996,1.0,0.0022726444665802648,,,
angle_sweep,mpo_zipup,12,1.353671238968633,0.21544346900318823,0,1,0.002536374081691828,0.9974636259183082,0.9949336850300942,0.9999999999999993,0.9974636259183044,0.9974636259183082,0.002536374081691828,0.0012689922114638152,normalized_state_fidelity_v2,12,1704,0.007011134002823383,258.26953125,0.9999999999999996,0.9987310077885362,0.005076775120035485,,,
angle_sweep,no_update,12,1.353671238968633,0.21544346900318823,0,0,0.3921464591079541,0.6078535408920459,0.6078535408920447,0.9999999999999993,0.9999999999999987,0.6078535408920459,0.3921464591079541,3.3306690738754696e-16,normalized_state_fidelity_v2,8,0,0.0,0.0,1.0,1.0,0.0,,,analytic=3.9214645910795404e-01
angle_sweep,tebd_swap,12,1.353671238968633,0.21544346900318823,0,1,0.2571533784824567,0.7428466215175433,0.5606106117857771,0.9999999999999993,0.7546788200241387,0.7428466215175433,0.2571533784824567,0.1312774781185081,normalized_state_fidelity_v2,12,1704,0.003253200964536518,258.26953125,0.9999999999999996,0.8687225218814917,0.49353703793318693,,,
angle_sweep,ttsvd_candidate,12,1.353671238968633,0.21544346900318823,0,0,0.002536374081693049,0.997463625918307,0.9974636259183072,0.9999999999999993,1.0000000000000009,0.997463625918307,0.002536374081693049,-8.881784197001252e-16,normalized_state_fidelity_v2,8,0,0.0,0.0,1.0,1.0000000000000004,0.0,,,independent_ttsvd_candidate
angle_sweep,variational_mpo,12,1.353671238968633,0.21544346900318823,0,1,0.002536374081692494,0.9974636259183075,0.9974636259183063,0.9999999999999993,0.9999999999999994,0.9974636259183075,0.002536374081692494,0.0,normalized_state_fidelity_v2,12,1704,2.0485904270317405,258.26953125,0.9999999999999996,0.9999999999999999,0.0,1,0,best_init=zipup
angle_sweep,hybrid_tdvp,12,1.5707963267948966,0.25,1,1,0.005220083914312945,0.994779916085687,0.994779916085685,0.9999999999999991,0.9999999999999988,0.994779916085687,0.005220083914312945,2.220446049250313e-16,normalized_state_fidelity_v2,12,1704,0.07576121896272525,258.26953125,0.9999999999999996,0.9999999999999999,0.0027645281606861125,,,
angle_sweep,mpo_zipup,12,1.5707963267948966,0.25,1,1,0.002641995486802884,0.9973580045131971,0.9947229891665452,0.9999999999999991,0.9973580045131967,0.9973580045131971,0.002641995486802884,0.0013218714154207278,normalized_state_fidelity_v2,12,1704,0.005943149968516082,258.26953125,0.9999999999999996,0.9986781285845789,0.005288354670297016,,,
angle_sweep,no_update,12,1.5707963267948966,0.25,1,0,0.4998190259334302,0.5001809740665698,0.5001809740665687,0.9999999999999991,0.9999999999999987,0.5001809740665698,0.4998190259334302,2.220446049250313e-16,normalized_state_fidelity_v2,8,0,0.0,0.0,1.0,1.0,0.0,,,analytic=4.9981902593343042e-01
angle_sweep,tebd_swap,12,1.5707963267948966,0.25,1,1,0.25775300235319987,0.7422469976468001,0.5604898870385759,0.9999999999999991,0.7551258392631273,0.7422469976468001,0.25775300235319987,0.13102023080906666,normalized_state_fidelity_v2,12,1704,0.003241472993977368,258.26953125,0.9999999999999996,0.8689797691909336,0.49432253475033794,,,
angle_sweep,ttsvd_candidate,12,1.5707963267948966,0.25,1,0,0.002641995486802995,0.997358004513197,0.9973580045131955,0.9999999999999991,0.9999999999999993,0.997358004513197,0.002641995486802995,-2.220446049250313e-16,normalized_state_fidelity_v2,8,0,0.0,0.0,1.0,0.9999999999999997,0.0,,,independent_ttsvd_candidate
angle_sweep,variational_mpo,12,1.5707963267948966,0.25,1,1,0.002641995486803439,0.9973580045131966,0.9973580045131959,0.9999999999999991,1.0000000000000002,0.9973580045131966,0.002641995486803439,-4.440892098500626e-16,normalized_state_fidelity_v2,12,1704,2.4728440459584817,258.26953125,0.9999999999999996,1.0,0.0,1,0,best_init=zipup
angle_sweep,hybrid_tdvp,12,1.9869176531592203,0.31622776601683794,0,1,0.006257150246767873,0.9937428497532321,0.9937428497532313,0.9999999999999988,1.0000000000000004,0.9937428497532321,0.006257150246767873,-8.881784197001252e-16,normalized_state_fidelity_v2,12,1704,0.10422624601051211,258.26953125,0.9999999999999996,1.0000000000000004,0.0035598967949010485,,,
angle_sweep,mpo_zipup,12,1.9869176531592203,0.31622776601683794,0,1,0.0023807867996655796,0.9976192132003344,0.9952440945464537,0.9999999999999988,0.997619213200335,0.9976192132003344,0.0023807867996655796,0.0011911027627274917,normalized_state_fidelity_v2,12,1704,0.00831840600585565,258.26953125,0.9999999999999996,0.9988088972372716,0.004765181698789417,,,
angle_sweep,no_update,12,1.9869176531592203,0.31622776601683794,0,0,0.7018537837261665,0.2981462162738336,0.2981462162738328,0.9999999999999988,0.9999999999999987,0.2981462162738336,0.7018537837261665,0.0,normalized_state_fidelity_v2,8,0,0.0,0.0,1.0,1.0,0.0,,,analytic=7.0185378372616658e-01
angle_sweep,tebd_swap,12,1.9869176531592203,0.31622776601683794,0,1,0.2576892592476192,0.7423107407523808,0.5614758518836114,0.9999999999999988,0.7563892330515376,0.7423107407523808,0.2576892592476192,0.13029359376193017,normalized_state_fidelity_v2,12,1704,0.005833053961396217,258.26953125,0.9999999999999996,0.8697064062380692,0.49193900584161643,,,
angle_sweep,ttsvd_candidate,12,1.9869176531592203,0.31622776601683794,0,0,0.0023807867996656906,0.9976192132003343,0.9976192132003342,0.9999999999999988,1.000000000000001,0.9976192132003343,0.0023807867996656906,-1.1102230246251565e-15,normalized_state_fidelity_v2,8,0,0.0,0.0,1.0,1.0000000000000002,0.0,,,independent_ttsvd_candidate
angle_sweep,variational_mpo,12,1.9869176531592203,0.31622776601683794,0,1,0.0023807867996654686,0.9976192132003345,0.9976192132003333,0.9999999999999988,1.0,0.9976192132003345,0.0023807867996654686,-6.661338147750939e-16,normalized_state_fidelity_v2,12,1704,2.908586837002076,258.26953125,0.9999999999999996,1.0,0.0,1,0,best_init=zipup
angle_sweep,hybrid_tdvp,12,2.9163962761324638,0.46415888336127775,0,1,0.006018118467296829,0.9939818815327032,0.993981881532703,0.9999999999999989,1.0000000000000009,0.9939818815327032,0.006018118467296829,-1.1102230246251565e-15,normalized_state_fidelity_v2,12,1704,0.10707508900668472,258.26953125,0.9999999999999996,1.0000000000000002,0.0038629161098046308,,,
angle_sweep,mpo_zipup,12,2.9163962761324638,0.46415888336127775,0,1,0.00020001079977616243,0.9997999892002238,0.9996000184047691,0.9999999999999989,0.9997999892002263,0.9997999892002238,0.00020001079977616243,0.00010001040092644242,normalized_state_fidelity_v2,12,1704,0.00458333600545302,258.26953125,0.9999999999999996,0.999899989599073,0.0004000457924987702,,,
angle_sweep,no_update,12,2.9163962761324638,0.46415888336127775,0,0,0.9870177590187775,0.012982240981222524,0.012982240981222493,0.9999999999999989,0.9999999999999987,0.012982240981222524,0.9870177590187775,1.1102230246251565e-16,normalized_state_fidelity_v2,8,0,0.0,0.0,1.0,1.0,0.0,,,analytic=9.8701775901877742e-01
angle_sweep,tebd_swap,12,2.9163962761324638,0.46415888336127775,0,1,0.2476288088308093,0.7523711911691907,0.5759523374326084,0.9999999999999989,0.7655162028965711,0.7523711911691907,0.2476288088308093,0.12506217198216196,normalized_state_fidelity_v2,12,1704,0.008205074002034962,258.26953125,0.9999999999999996,0.8749378280178378,0.47368793898222517,,,
angle_sweep,ttsvd_candidate,12,2.9163962761324638,0.46415888336127775,0,0,0.00020001079977627345,0.9997999892002237,0.9997999892002218,0.9999999999999989,0.9999999999999992,0.9997999892002237,0.00020001079977627345,-2.220446049250313e-16,normalized_state_fidelity_v2,8,0,0.0,0.0,1.0,0.9999999999999998,0.0,,,independent_ttsvd_candidate
angle_sweep,variational_mpo,12,2.9163962761324638,0.46415888336127775,0,1,0.00020001079977638447,0.9997999892002236,0.9997999892002225,0.9999999999999989,1.0,0.9997999892002236,0.00020001079977638447,-6.661338147750939e-16,normalized_state_fidelity_v2,12,1704,3.3707927250070497,258.26953125,0.9999999999999996,1.0000000000000004,0.0,1,0,best_init=zipup
angle_sweep,hybrid_tdvp,12,3.141592653589793,0.5,1,1,0.0057371519266008475,0.9942628480733992,0.9942628480733986,0.9999999999999988,1.0000000000000007,0.9942628480733992,0.0057371519266008475,-8.881784197001252e-16,normalized_state_fidelity_v2,12,1704,0.09151935897534713,258.26953125,0.9999999999999996,1.0000000000000004,0.003636937335587783,,,
angle_sweep,mpo_zipup,12,3.141592653589793,0.5,1,1,2.220446049250313e-16,0.9999999999999998,0.9999999999999936,0.9999999999999988,0.999999999999995,0.9999999999999998,2.220446049250313e-16,1.887379141862766e-15,normalized_state_fidelity_v2,8,936,0.004007205017842352,258.26953125,0.9999999999999996,0.9999999999999974,1.1348423411752323e-31,,,
angle_sweep,no_update,12,3.141592653589793,0.5,1,0,0.999638051866861,0.0003619481331389558,0.0003619481331389549,0.9999999999999988,0.9999999999999987,0.0003619481331389558,0.999638051866861,0.0,normalized_state_fidelity_v2,8,0,0.0,0.0,1.0,1.0,0.0,,,analytic=9.9963805186686105e-01
angle_sweep,tebd_swap,12,3.141592653589793,0.5,1,1,0.24403805838488923,0.7559619416151108,0.5796725020303429,0.9999999999999988,0.7668011709582558,0.7559619416151108,0.24403805838488923,0.12432816023452209,normalized_state_fidelity_v2,12,1704,0.004169028019532561,258.26953125,0.9999999999999996,0.8756718397654768,0.4716442927404556,,,
angle_sweep,ttsvd_candidate,12,3.141592653589793,0.5,1,0,3.3306690738754696e-16,0.9999999999999997,0.9999999999999984,0.9999999999999988,1.0,0.9999999999999997,3.3306690738754696e-16,-6.661338147750939e-16,normalized_state_fidelity_v2,8,0,0.0,0.0,1.0,1.0000000000000002,0.0,,,independent_ttsvd_candidate
angle_sweep,variational_mpo,12,3.141592653589793,0.5,1,1,1.1102230246251565e-16,0.9999999999999999,0.9999999999999987,0.9999999999999988,1.0,0.9999999999999999,1.1102230246251565e-16,-6.661338147750939e-16,normalized_state_fidelity_v2,8,936,0.36080461100209504,258.26953125,0.9999999999999996,0.9999999999999999,0.0,1,0,best_init=zipup
angle_sweep,hybrid_tdvp,12,4.280684318202959,0.6812920690579608,0,1,0.005326826811554608,0.9946731731884454,0.9946731731884452,0.9999999999999998,1.0,0.9946731731884454,0.005326826811554608,-2.220446049250313e-16,normalized_state_fidelity_v2,12,1704,0.10523207299411297,258.26953125,0.9999999999999996,1.0,0.0042496484792584905,,,
angle_sweep,mpo_zipup,12,4.280684318202959,0.6812920690579608,0,1,0.002295040695819317,0.9977049593041807,0.9954151858201533,0.9999999999999998,0.9977049593041774,0.9977049593041807,0.002295040695819317,0.0011481795060002131,normalized_state_fidelity_v2,12,1704,0.0048222680343315005,258.26953125,0.9999999999999996,0.998851820494,0.004593393637730827,,,
angle_sweep,no_update,12,4.280684318202959,0.6812920690579608,0,0,0.7089531405882414,0.29104685941175856,0.2910468594117581,0.9999999999999998,0.9999999999999987,0.29104685941175856,0.7089531405882414,5.551115123125783e-16,normalized_state_fidelity_v2,8,0,0.0,0.0,1.0,1.0,0.0,,,analytic=7.0895314058824133e-01
angle_sweep,tebd_swap,12,4.280684318202959,0.6812920690579608,0,1,0.25624566488537603,0.743754335114624,0.5613420676372262,0.9999999999999998,0.7547412379797623,0.743754335114624,0.25624566488537603,0.13124155372177093,normalized_state_fidelity_v2,12,1704,0.0032250540098175406,258.26953125,0.9999999999999996,0.8687584462782287,0.491359300210232,,,
angle_sweep,ttsvd_candidate,12,4.280684318202959,0.6812920690579608,0,0,0.002295040695819095,0.9977049593041809,0.99770495930418,0.9999999999999998,0.9999999999999993,0.9977049593041809,0.002295040695819095,2.220446049250313e-16,normalized_state_fidelity_v2,8,0,0.0,0.0,1.0,0.9999999999999998,0.0,,,independent_ttsvd_candidate
angle_sweep,variational_mpo,12,4.280684318202959,0.6812920690579608,0,1,0.002295040695819317,0.9977049593041807,0.99770495930418,0.9999999999999998,0.9999999999999996,0.9977049593041807,0.002295040695819317,1.1102230246251565e-16,normalized_state_fidelity_v2,12,1704,3.0932375520351343,258.26953125,0.9999999999999996,0.9999999999999998,0.0,1,0,best_init=zipup
angle_sweep,hybrid_tdvp,12,6.283185307179586,1.0,1,1,0.005395383509712248,0.9946046164902878,0.994604616490287,0.9999999999999988,1.0000000000000004,0.9946046164902878,0.005395383509712248,-8.881784197001252e-16,normalized_state_fidelity_v2,12,1704,0.11554161499952897,258.26953125,0.9999999999999996,1.0,0.003655670051859098,,,
angle_sweep,mpo_zipup,12,6.283185307179586,1.0,1,1,1.1102230246251565e-16,0.9999999999999999,0.9999999999999925,0.9999999999999988,0.9999999999999938,0.9999999999999999,1.1102230246251565e-16,2.4424906541753444e-15,normalized_state_fidelity_v2,8,936,0.005533591960556805,258.26953125,0.9999999999999996,0.9999999999999971,4.591303057050392e-32,,,
angle_sweep,no_update,12,6.283185307179586,1.0,1,0,0.0,1.0,0.9999999999999976,0.9999999999999988,0.9999999999999987,1.0,0.0,0.0,normalized_state_fidelity_v2,8,0,0.0,0.0,1.0,1.0,0.0,,,analytic=1.4992169474083664e-32
angle_sweep,tebd_swap,12,6.283185307179586,1.0,1,1,0.24403805838488923,0.7559619416151108,0.5796725020303446,0.9999999999999988,0.7668011709582581,0.7559619416151108,0.24403805838488923,0.12432816023452087,normalized_state_fidelity_v2,12,1704,0.007874437025748193,258.26953125,0.9999999999999996,0.8756718397654784,0.4716442927404556,,,
angle_sweep,ttsvd_candidate,12,6.283185307179586,1.0,1,0,2.220446049250313e-16,0.9999999999999998,0.9999999999999982,0.9999999999999988,0.9999999999999997,0.9999999999999998,2.220446049250313e-16,-4.440892098500626e-16,normalized_state_fidelity_v2,8,0,0.0,0.0,1.0,0.9999999999999999,0.0,,,independent_ttsvd_candidate
angle_sweep,variational_mpo,12,6.283185307179586,1.0,1,1,1.1102230246251565e-16,0.9999999999999999,0.9999999999999982,0.9999999999999988,0.9999999999999996,0.9999999999999999,1.1102230246251565e-16,-4.440892098500626e-16,normalized_state_fidelity_v2,8,936,0.0301453800057061,258.26953125,0.9999999999999996,0.9999999999999999,0.0,1,0,best_init=input
angle_sweep,hybrid_tdvp,16,0.0006283185307179586,0.0001,0,1,3.192779374217025e-12,0.9999999999968072,0.9999999999966347,0.9999999999999993,0.9999999999998281,0.9999999999968072,3.192779374217025e-12,8.559819519859957e-14,normalized_state_fidelity_v2,16,2632,0.03752935800002888,258.42578125,0.9999999999999996,0.9999999999999141,3.530985465648803e-13,,,
angle_sweep,mpo_zipup,16,0.0006283185307179586,0.0001,0,1,2.453592884421596e-14,0.9999999999999755,0.999999999999948,0.9999999999999993,0.9999999999999732,0.9999999999999755,2.453592884421596e-14,1.3100631690576847e-14,normalized_state_fidelity_v2,16,2680,0.0059254749794490635,258.42578125,0.9999999999999996,0.9999999999999863,4.958740132764543e-14,,,
angle_sweep,no_update,16,0.0006283185307179586,0.0001,0,0,9.866031791538887e-08,0.9999999013396821,0.9999999013396801,0.9999999999999993,0.9999999999999987,0.9999999013396821,9.866031791538887e-08,3.3306690738754696e-16,normalized_state_fidelity_v2,8,0,0.0,0.0,1.0,1.0,0.0,,,analytic=9.8660317916221189e-08
angle_sweep,tebd_swap,16,0.0006283185307179586,0.0001,0,1,0.0,1.0,1.0000000000000009,0.9999999999999993,1.0000000000000016,1.0,0.0,-1.1102230246251565e-15,normalized_state_fidelity_v2,16,2728,0.004025614005513489,258.42578125,0.9999999999999996,1.0000000000000009,1.610698746794469e-30,,,
angle_sweep,ttsvd_candidate,16,0.0006283185307179586,0.0001,0,0,1.5876189252139739e-12,0.9999999999984124,0.9999999999984115,0.9999999999999993,0.9999999999999998,0.9999999999984124,1.5876189252139739e-12,-2.220446049250313e-16,normalized_state_fidelity_v2,8,0,0.0,0.0,1.0,0.9999999999999999,0.0,,,independent_ttsvd_candidate
angle_sweep,variational_mpo,16,0.0006283185307179586,0.0001,0,1,2.5091040356528538e-14,0.9999999999999749,0.9999999999999751,0.9999999999999993,1.0000000000000009,0.9999999999999749,2.5091040356528538e-14,-8.881784197001252e-16,normalized_state_fidelity_v2,16,2680,2.0871769890072756,258.73828125,0.9999999999999996,1.0,0.0,1,0,best_init=zipup
angle_sweep,hybrid_tdvp,16,0.0009222454792211941,0.0001467799267622069,0,1,3.203104448346039e-12,0.9999999999967969,0.9999999999967453,0.9999999999999991,0.9999999999999493,0.9999999999967969,3.203104448346039e-12,2.4980018054066022e-14,normalized_state_fidelity_v2,16,2680,0.029912301048170775,258.73828125,0.9999999999999996,0.9999999999999742,1.0744026529681924e-13,,,
angle_sweep,mpo_zipup,16,0.0009222454792211941,0.0001467799267622069,0,1,5.306866057708248e-14,0.9999999999999469,0.9999999999998939,0.9999999999999991,0.9999999999999478,0.9999999999999469,5.306866057708248e-14,2.5646151868841116e-14,normalized_state_fidelity_v2,16,2680,0.008215674024540931,258.73828125,0.9999999999999996,0.9999999999999737,1.0683299608839637e-13,,,
angle_sweep,no_update,16,0.0009222454792211941,0.0001467799267622069,0,0,2.1255720272783662e-07,0.9999997874427973,0.999999787442795,0.9999999999999991,0.9999999999999987,0.9999997874427973,2.1255720272783662e-07,2.220446049250313e-16,normalized_state_fidelity_v2,8,0,0.0,0.0,1.0,1.0,0.0,,,analytic=2.1255720337549017e-07
angle_sweep,tebd_swap,16,0.0009222454792211941,0.0001467799267622069,0,1,0.0,1.0,1.0000000000000053,0.9999999999999991,1.0000000000000056,1.0,0.0,-3.1086244689504383e-15,normalized_state_fidelity_v2,16,2728,0.007077365997247398,258.73828125,0.9999999999999996,1.0000000000000027,1.6577344759273508e-30,,,
angle_sweep,ttsvd_candidate,16,0.0009222454792211941,0.0001467799267622069,0,0,5.573319583618286e-13,0.9999999999994427,0.9999999999994433,0.9999999999999991,1.0000000000000016,0.9999999999994427,5.573319583618286e-13,-1.1102230246251565e-15,normalized_state_fidelity_v2,8,0,0.0,0.0,1.0,1.0000000000000004,0.0,,,independent_ttsvd_candidate
angle_sweep,variational_mpo,16,0.0009222454792211941,0.0001467799267622069,0,1,5.3734794391857577e-14,0.9999999999999463,0.999999999999946,0.9999999999999991,1.0000000000000007,0.9999999999999463,5.3734794391857577e-14,-6.661338147750939e-16,normalized_state_fidelity_v2,16,2680,1.8577112259808928,258.89453125,0.9999999999999996,0.9999999999999999,0.0,1,0,best_init=zipup
angle_sweep,hybrid_tdvp,16,0.0013536712389686342,0.00021544346900318845,0,1,6.9012573433724356e-12,0.9999999999930987,0.9999999999929818,0.9999999999999991,0.999999999999884,0.9999999999930987,6.9012573433724356e-12,5.762057497804562e-14,normalized_state_fidelity_v2,16,2680,0.06309492699801922,258.89453125,0.9999999999999996,0.9999999999999422,2.314514987351001e-13,,,
angle_sweep,mpo_zipup,16,0.0013536712389686342,0.00021544346900318845,0,1,0.0,1.0,0.9999999999999989,0.9999999999999991,0.9999999999999998,1.0,0.0,-4.440892098500626e-16,normalized_state_fidelity_v2,16,2728,0.00425977201666683,258.89453125,0.9999999999999996,1.0,3.6556182121780243e-31,,,
angle_sweep,no_update,16,0.0013536712389686342,0.00021544346900318845,0,0,4.579405752380694e-07,0.9999995420594248,0.9999995420594225,0.9999999999999991,0.9999999999999987,0.9999995420594248,4.579405752380694e-07,2.220446049250313e-16,normalized_state_fidelity_v2,8,0,0.0,0.0,1.0,1.0,0.0,,,analytic=4.5794057509774485e-07
angle_sweep,tebd_swap,16,0.0013536712389686342,0.00021544346900318845,0,1,2.220446049250313e-16,0.9999999999999998,1.0000000000000044,0.9999999999999991,1.0000000000000056,0.9999999999999998,2.220446049250313e-16,-3.1086244689504383e-15,normalized_state_fidelity_v2,16,2728,0.006770533975213766,258.89453125,0.9999999999999996,1.0000000000000027,1.5462083046614574e-30,,,
angle_sweep,ttsvd_candidate,16,0.0013536712389686342,0.00021544346900318845,0,0,1.149080830487037e-13,0.9999999999998851,0.9999999999998832,0.9999999999999991,0.999999999999999,0.9999999999998851,1.149080830487037e-13,1.1102230246251565e-16,normalized_state_fidelity_v2,8,0,0.0,0.0,1.0,0.9999999999999996,0.0,,,independent_ttsvd_candidate
angle_sweep,variational_mpo,16,0.0013536712389686342,0.00021544346900318845,0,1,2.220446049250313e-16,0.9999999999999998,0.9999999999999987,0.9999999999999991,0.9999999999999998,0.9999999999999998,2.220446049250313e-16,-4.440892098500626e-16,normalized_state_fidelity_v2,16,2728,0.7573047639452852,258.89453125,0.9999999999999996,1.0,0.0,1,0,best_init=zipup
angle_sweep,hybrid_tdvp,16,0.0019869176531592202,0.00031622776601683794,0,1,5.548894677076532e-13,0.9999999999994451,0.9999999999993805,0.9999999999999991,0.9999999999999363,0.9999999999994451,5.548894677076532e-13,3.141931159689193e-14,normalized_state_fidelity_v2,16,2680,0.020893339009489864,258.89453125,0.9999999999999996,0.9999999999999682,1.251538590984111e-13,,,
angle_sweep,mpo_zipup,16,0.0019869176531592202,0.00031622776601683794,0,1,4.440892098500626e-16,0.9999999999999996,0.9999999999999938,0.9999999999999991,0.9999999999999951,0.9999999999999996,4.440892098500626e-16,1.9984014443252818e-15,normalized_state_fidelity_v2,16,2728,0.017692135006655008,258.89453125,0.9999999999999996,0.9999999999999973,3.647683735615556e-31,,,
angle_sweep,no_update,16,0.0019869176531592202,0.00031622776601683794,0,0,9.866028871652333e-07,0.9999990133971128,0.9999990133971106,0.9999999999999991,0.9999999999999987,0.9999990133971128,9.866028871652333e-07,2.220446049250313e-16,normalized_state_fidelity_v2,8,0,0.0,0.0,1.0,1.0,0.0,,,analytic=9.8660288704075266e-07
angle_sweep,tebd_swap,16,0.0019869176531592202,0.00031622776601683794,0,1,0.0,1.0,1.0,0.9999999999999991,1.0000000000000004,1.0,0.0,-6.661338147750939e-16,normalized_state_fidelity_v2,16,2728,0.005360108974855393,258.89453125,0.9999999999999996,1.0000000000000002,1.5995842798519633e-30,,,
angle_sweep,ttsvd_candidate,16,0.0019869176531592202,0.00031622776601683794,0,0,2.473576898864849e-13,0.9999999999997526,0.9999999999997551,0.9999999999999991,1.0000000000000033,0.9999999999997526,2.473576898864849e-13,-1.9984014443252818e-15,normalized_state_fidelity_v2,8,0,0.0,0.0,1.0,1.0000000000000018,0.0,,,independent_ttsvd_candidate
angle_sweep,variational_mpo,16,0.0019869176531592202,0.00031622776601683794,0,1,0.0,1.0,0.9999999999999996,0.9999999999999991,1.0000000000000002,1.0,0.0,-4.440892098500626e-16,normalized_state_fidelity_v2,16,2728,0.6758807139704004,258.89453125,0.9999999999999996,0.9999999999999998,0.0,1,0,best_init=zipup
angle_sweep,hybrid_tdvp,16,0.0029163962761324636,0.00046415888336127773,0,1,7.902567489281864e-13,0.9999999999992097,0.9999999999992046,0.9999999999999987,0.9999999999999962,0.9999999999992097,7.902567489281864e-13,1.2212453270876722e-15,normalized_state_fidelity_v2,16,2728,0.07980228500673547,258.89453125,0.9999999999999996,0.9999999999999982,8.339898087693511e-16,,,
angle_sweep,mpo_zipup,16,0.0029163962761324636,0.00046415888336127773,0,1,0.0,1.0,0.9999999999999996,0.9999999999999987,1.0000000000000007,1.0,0.0,-8.881784197001252e-16,normalized_state_fidelity_v2,16,2728,0.004472471948247403,258.89453125,0.9999999999999996,0.9999999999999999,3.6530182217255274e-31,,,
angle_sweep,no_update,16,0.0029163962761324636,0.00046415888336127773,0,0,2.1255706772471683e-06,0.9999978744293228,0.9999978744293201,0.9999999999999987,0.9999999999999987,0.9999978744293228,2.1255706772471683e-06,0.0,normalized_state_fidelity_v2,8,0,0.0,0.0,1.0,1.0,0.0,,,analytic=2.1255706778474233e-06
angle_sweep,tebd_swap,16,0.0029163962761324636,0.00046415888336127773,0,1,0.0,1.0,1.000000000000003,0.9999999999999987,1.000000000000004,1.0,0.0,-2.6645352591003757e-15,normalized_state_fidelity_v2,16,2728,0.006616407015826553,258.89453125,0.9999999999999996,1.0000000000000018,1.7500146035812534e-30,,,
angle_sweep,ttsvd_candidate,16,0.0029163962761324636,0.00046415888336127773,0,0,5.340172748447003e-13,0.999999999999466,0.9999999999994651,0.9999999999999987,1.0000000000000004,0.999999999999466,5.340172748447003e-13,-8.881784197001252e-16,normalized_state_fidelity_v2,8,0,0.0,0.0,1.0,1.0,0.0,,,independent_ttsvd_candidate
angle_sweep,variational_mpo,16,0.0029163962761324636,0.00046415888336127773,0,1,0.0,1.0,0.9999999999999998,0.9999999999999987,1.0000000000000009,1.0,0.0,-1.1102230246251565e-15,normalized_state_fidelity_v2,16,2728,0.5385014280327596,258.89453125,0.9999999999999996,1.0,0.0,1,0,best_init=zipup
angle_sweep,hybrid_tdvp,16,0.0042806843182029595,0.0006812920690579609,0,1,1.701971896750365e-12,0.999999999998298,0.9999999999982983,0.9999999999999989,1.0000000000000013,0.999999999998298,1.701971896750365e-12,-1.3322676295501878e-15,normalized_state_fidelity_v2,16,2728,0.023599544016178697,258.89453125,0.9999999999999996,1.0000000000000013,1.797031432272011e-15,,,
angle_sweep,mpo_zipup,16,0.0042806843182029595,0.0006812920690579609,0,1,0.0,1.0,0.9999999999999996,0.9999999999999989,1.0000000000000007,1.0,0.0,-8.881784197001252e-16,normalized_state_fidelity_v2,16,2728,0.00909987703198567,258.89453125,0.9999999999999996,1.0,3.659358969879746e-31,,,
angle_sweep,no_update,16,0.0042806843182029595,0.0006812920690579609,0,0,4.5793994574161445e-06,0.9999954206005426,0.9999954206005401,0.9999999999999989,0.9999999999999987,0.9999954206005426,4.5793994574161445e-06,1.1102230246251565e-16,normalized_state_fidelity_v2,8,0,0.0,0.0,1.0,1.0,0.0,,,analytic=4.5793994574146935e-06
angle_sweep,tebd_swap,16,0.0042806843182029595,0.0006812920690579609,0,1,0.0,1.0,1.0000000000000004,0.9999999999999989,1.0000000000000016,1.0,0.0,-1.3322676295501878e-15,normalized_state_fidelity_v2,16,2728,0.008377053018193692,258.89453125,0.9999999999999996,1.0000000000000007,1.776897313785612e-30,,,
angle_sweep,ttsvd_candidate,16,0.0042806843182029595,0.0006812920690579609,0,0,0.0,1.0,0.9999999999999969,0.9999999999999989,0.999999999999998,1.0,0.0,4.440892098500626e-16,normalized_state_fidelity_v2,8,0,0.0,0.0,1.0,0.9999999999999989,0.0,,,independent_ttsvd_candidate
angle_sweep,variational_mpo,16,0.0042806843182029595,0.0006812920690579609,0,1,0.0,1.0,0.9999999999999996,0.9999999999999989,1.0000000000000004,1.0,0.0,-8.881784197001252e-16,normalized_state_fidelity_v2,16,2728,0.5162913700332865,259.05078125,0.9999999999999996,1.0,0.0,1,0,best_init=zipup
angle_sweep,hybrid_tdvp,16,0.006283185307179587,0.001,0,1,3.669509140991067e-12,0.9999999999963305,0.9999999999963314,0.9999999999999989,1.000000000000002,0.9999999999963305,3.669509140991067e-12,-1.5543122344752192e-15,normalized_state_fidelity_v2,16,2728,0.020664305018726736,259.05078125,0.9999999999999996,1.0000000000000009,3.8723918772556786e-15,,,
angle_sweep,mpo_zipup,16,0.006283185307179587,0.001,0,1,0.0,1.0,0.9999999999999978,0.9999999999999989,0.9999999999999989,1.0,0.0,0.0,normalized_state_fidelity_v2,16,2728,0.004727307998109609,259.05078125,0.9999999999999996,0.9999999999999994,3.6566337907224705e-31,,,
angle_sweep,no_update,16,0.006283185307179587,0.001,0,0,9.865999657354685e-06,0.9999901340003426,0.9999901340003402,0.9999999999999989,0.9999999999999987,0.9999901340003426,9.865999657354685e-06,1.1102230246251565e-16,normalized_state_fidelity_v2,8,0,0.0,0.0,1.0,1.0,0.0,,,analytic=9.8659996582996128e-06
angle_sweep,tebd_swap,16,0.006283185307179587,0.001,0,1,0.0,1.0,1.0000000000000062,0.9999999999999989,1.000000000000007,1.0,0.0,-4.218847493575595e-15,normalized_state_fidelity_v2,16,2728,0.003504631982650608,259.05078125,0.9999999999999996,1.0000000000000033,1.685581168132305e-30,,,
angle_sweep,ttsvd_candidate,16,0.006283185307179587,0.001,0,0,0.0,1.0,0.9999999999999998,0.9999999999999989,1.0000000000000009,1.0,0.0,-1.1102230246251565e-15,normalized_state_fidelity_v2,8,0,0.0,0.0,1.0,1.0000000000000002,0.0,,,independent_ttsvd_candidate
angle_sweep,variational_mpo,16,0.006283185307179587,0.001,0,1,0.0,1.0,0.9999999999999996,0.9999999999999989,1.0000000000000002,1.0,0.0,-6.661338147750939e-16,normalized_state_fidelity_v2,16,2728,0.5454952960135415,259.05078125,0.9999999999999996,1.0,0.0,1,0,best_init=zipup
angle_sweep,hybrid_tdvp,16,0.009222454792211942,0.0014677992676220691,0,1,7.910561095059165e-12,0.9999999999920894,0.9999999999920854,0.9999999999999993,0.9999999999999967,0.9999999999920894,7.910561095059165e-12,1.3322676295501878e-15,normalized_state_fidelity_v2,16,2728,0.025042961991857737,259.05078125,0.9999999999999996,0.9999999999999984,8.345356871168775e-15,,,
angle_sweep,mpo_zipup,16,0.009222454792211942,0.0014677992676220691,0,1,0.0,1.0,1.0000000000000013,0.9999999999999993,1.0000000000000018,1.0,0.0,-1.3322676295501878e-15,normalized_state_fidelity_v2,16,2728,0.008016074018087238,259.05078125,0.9999999999999996,1.000000000000001,3.646904795696931e-31,,,
angle_sweep,no_update,16,0.009222454792211942,0.0014677992676220691,0,0,2.12555711864848e-05,0.9999787444288135,0.9999787444288115,0.9999999999999993,0.9999999999999987,0.9999787444288135,2.12555711864848e-05,3.3306690738754696e-16,normalized_state_fidelity_v2,8,0,0.0,0.0,1.0,1.0,0.0,,,analytic=2.1255571188106920e-05
angle_sweep,tebd_swap,16,0.009222454792211942,0.0014677992676220691,0,1,1.1102230246251565e-16,0.9999999999999999,0.9999999999999982,0.9999999999999993,0.999999999999999,0.9999999999999999,1.1102230246251565e-16,2.220446049250313e-16,normalized_state_fidelity_v2,16,2728,0.003317529975902289,259.05078125,0.9999999999999996,0.9999999999999997,1.761093615584648e-30,,,
angle_sweep,ttsvd_candidate,16,0.009222454792211942,0.0014677992676220691,0,0,0.0,1.0,1.0000000000000013,0.9999999999999993,1.0000000000000018,1.0,0.0,-1.3322676295501878e-15,normalized_state_fidelity_v2,8,0,0.0,0.0,1.0,1.000000000000001,0.0,,,independent_ttsvd_candidate
angle_sweep,variational_mpo,16,0.009222454792211942,0.0014677992676220691,0,1,0.0,1.0,0.9999999999999991,0.9999999999999993,0.9999999999999996,1.0,0.0,-2.220446049250313e-16,normalized_state_fidelity_v2,16,2728,0.4713563770055771,259.05078125,0.9999999999999996,1.0,0.0,1,0,best_init=zipup
angle_sweep,hybrid_tdvp,16,0.013536712389686328,0.002154434690031882,0,1,1.704714147621189e-11,0.9999999999829529,0.9999999999829514,0.9999999999999989,0.9999999999999997,0.9999999999829529,1.704714147621189e-11,-4.440892098500626e-16,normalized_state_fidelity_v2,16,2728,0.04587069101398811,259.05078125,0.9999999999999996,0.9999999999999999,1.7987543580005754e-14,,,
angle_sweep,mpo_zipup,16,0.013536712389686328,0.002154434690031882,0,1,0.0,1.0,0.9999999999999969,0.9999999999999989,0.9999999999999976,1.0,0.0,6.661338147750939e-16,normalized_state_fidelity_v2,16,2728,0.008788144972641021,259.05078125,0.9999999999999996,0.9999999999999988,3.647663562150041e-31,,,
angle_sweep,no_update,16,0.013536712389686328,0.002154434690031882,0,0,4.579336522081423e-05,0.9999542066347792,0.9999542066347767,0.9999999999999989,0.9999999999999987,0.9999542066347792,4.579336522081423e-05,1.1102230246251565e-16,normalized_state_fidelity_v2,8,0,0.0,0.0,1.0,1.0,0.0,,,analytic=4.5793365221677913e-05
angle_sweep,tebd_swap,16,0.013536712389686328,0.002154434690031882,0,1,0.0,1.0,1.0000000000000009,0.9999999999999989,1.000000000000002,1.0,0.0,-1.5543122344752192e-15,normalized_state_fidelity_v2,16,2728,0.006651912000961602,259.05078125,0.9999999999999996,1.000000000000001,1.651042526001013e-30,,,
angle_sweep,ttsvd_candidate,16,0.013536712389686328,0.002154434690031882,0,0,0.0,1.0,1.0000000000000018,0.9999999999999989,1.0000000000000027,1.0,0.0,-1.9984014443252818e-15,normalized_state_fidelity_v2,8,0,0.0,0.0,1.0,1.0000000000000016,0.0,,,independent_ttsvd_candidate
angle_sweep,variational_mpo,16,0.013536712389686328,0.002154434690031882,0,1,0.0,1.0,0.9999999999999991,0.9999999999999989,1.0,1.0,0.0,-6.661338147750939e-16,normalized_state_fidelity_v2,16,2728,0.5555764859891497,259.05078125,0.9999999999999996,1.0,0.0,1,0,best_init=zipup
angle_sweep,hybrid_tdvp,16,0.019869176531592203,0.0031622776601683794,0,1,3.675260096258626e-11,0.9999999999632474,0.9999999999632325,0.9999999999999989,0.9999999999999862,0.9999999999632474,3.675260096258626e-11,6.328271240363392e-15,normalized_state_fidelity_v2,16,2728,0.04668330796994269,259.05078125,0.9999999999999996,0.9999999999999926,3.87782493879741e-14,,,
angle_sweep,mpo_zipup,16,0.019869176531592203,0.0031622776601683794,0,1,0.0,1.0,1.0000000000000018,0.9999999999999989,1.0000000000000029,1.0,0.0,-1.9984014443252818e-15,normalized_state_fidelity_v2,16,2728,0.010014144005253911,259.05078125,0.9999999999999996,1.0000000000000013,3.650031998244066e-31,,,
angle_sweep,no_update,16,0.019869176531592203,0.0031622776601683794,0,0,9.86570754092364e-05,0.9999013429245908,0.9999013429245883,0.9999999999999989,0.9999999999999987,0.9999013429245908,9.86570754092364e-05,1.1102230246251565e-16,normalized_state_fidelity_v2,8,0,0.0,0.0,1.0,1.0,0.0,,,analytic=9.8657075410261790e-05
angle_sweep,tebd_swap,16,0.019869176531592203,0.0031622776601683794,0,1,0.0,1.0,0.9999999999999978,0.9999999999999989,0.9999999999999989,1.0,0.0,0.0,normalized_state_fidelity_v2,16,2728,0.0075924109551124275,259.05078125,0.9999999999999996,0.9999999999999993,1.6335187266813943e-30,,,
angle_sweep,ttsvd_candidate,16,0.019869176531592203,0.0031622776601683794,0,0,0.0,1.0,1.0000000000000044,0.9999999999999989,1.0000000000000053,1.0,0.0,-3.3306690738754696e-15,normalized_state_fidelity_v2,8,0,0.0,0.0,1.0,1.0000000000000024,0.0,,,independent_ttsvd_candidate
angle_sweep,variational_mpo,16,0.019869176531592203,0.0031622776601683794,0,1,2.220446049250313e-16,0.9999999999999998,0.9999999999999987,0.9999999999999989,1.0,0.9999999999999998,2.220446049250313e-16,-6.661338147750939e-16,normalized_state_fidelity_v2,16,2728,0.39200067601632327,259.05078125,0.9999999999999996,1.0,0.0,1,0,best_init=zipup
angle_sweep,hybrid_tdvp,16,0.029163962761324633,0.004641588833612777,0,1,7.925116118912001e-11,0.9999999999207488,0.9999999999207132,0.9999999999999991,0.9999999999999653,0.9999999999207488,7.925116118912001e-11,1.6986412276764895e-14,normalized_state_fidelity_v2,16,2728,0.03799470001831651,261.1015625,0.9999999999999996,0.9999999999999825,8.362466512525876e-14,,,
angle_sweep,mpo_zipup,16,0.029163962761324633,0.004641588833612777,0,1,1.1102230246251565e-16,0.9999999999999999,0.9999999999999947,0.9999999999999991,0.9999999999999957,0.9999999999999999,1.1102230246251565e-16,1.7763568394002505e-15,normalized_state_fidelity_v2,16,2728,0.0044839169713668525,261.1015625,0.9999999999999996,0.9999999999999973,3.6537898846224796e-31,,,
angle_sweep,no_update,16,0.029163962761324633,0.004641588833612777,0,0,0.0002125421532244154,0.9997874578467756,0.9997874578467734,0.9999999999999991,0.9999999999999987,0.9997874578467756,0.0002125421532244154,2.220446049250313e-16,normalized_state_fidelity_v2,8,0,0.0,0.0,1.0,1.0,0.0,,,analytic=2.1254215322490404e-04
angle_sweep,tebd_swap,16,0.029163962761324633,0.004641588833612777,0,1,0.0,1.0,1.0,0.9999999999999991,1.0000000000000004,1.0,0.0,-6.661338147750939e-16,normalized_state_fidelity_v2,16,2728,0.006665168039035052,261.1015625,0.9999999999999996,0.9999999999999998,1.5652581176798849e-30,,,
angle_sweep,ttsvd_candidate,16,0.029163962761324633,0.004641588833612777,0,0,0.0,1.0,0.9999999999999982,0.9999999999999991,0.9999999999999984,1.0,0.0,3.3306690738754696e-16,normalized_state_fidelity_v2,8,0,0.0,0.0,1.0,0.9999999999999989,0.0,,,independent_ttsvd_candidate
angle_sweep,variational_mpo,16,0.029163962761324633,0.004641588833612777,0,1,0.0,1.0,1.0,0.9999999999999991,1.0000000000000009,1.0,0.0,-8.881784197001252e-16,normalized_state_fidelity_v2,16,2728,0.4684843529830687,261.1015625,0.9999999999999996,0.9999999999999999,0.0,1,0,best_init=zipup
angle_sweep,hybrid_tdvp,16,0.0428068431820296,0.006812920690579608,0,1,1.709681285433362e-10,0.9999999998290319,0.9999999998289402,0.9999999999999991,0.9999999999999092,0.9999999998290319,1.709681285433362e-10,4.496403249731884e-14,normalized_state_fidelity_v2,16,2728,0.020742353983223438,261.1015625,0.9999999999999996,0.9999999999999549,1.8041317457453945e-13,,,
angle_sweep,mpo_zipup,16,0.0428068431820296,0.006812920690579608,0,1,0.0,1.0,0.9999999999999971,0.9999999999999991,0.999999999999998,1.0,0.0,5.551115123125783e-16,normalized_state_fidelity_v2,16,2728,0.004336122015956789,261.1015625,0.9999999999999996,0.9999999999999988,3.6382951341478616e-31,,,
angle_sweep,no_update,16,0.0428068431820296,0.006812920690579608,0,0,0.0004578707207750776,0.9995421292792249,0.9995421292792227,0.9999999999999991,0.9999999999999987,0.9995421292792249,0.0004578707207750776,2.220446049250313e-16,normalized_state_fidelity_v2,8,0,0.0,0.0,1.0,1.0,0.0,,,analytic=4.5787072077546257e-04
angle_sweep,tebd_swap,16,0.0428068431820296,0.006812920690579608,0,1,0.0,1.0,1.0000000000000036,0.9999999999999991,1.0000000000000044,1.0,0.0,-2.6645352591003757e-15,normalized_state_fidelity_v2,16,2728,0.006600363994948566,261.1015625,0.9999999999999996,1.000000000000002,1.568745347322303e-30,,,
angle_sweep,ttsvd_candidate,16,0.0428068431820296,0.006812920690579608,0,0,0.0,1.0,0.9999999999999998,0.9999999999999991,1.0000000000000002,1.0,0.0,-4.440892098500626e-16,normalized_state_fidelity_v2,8,0,0.0,0.0,1.0,1.0,0.0,,,independent_ttsvd_candidate
angle_sweep,variational_mpo,16,0.0428068431820296,0.006812920690579608,0,1,4.440892098500626e-16,0.9999999999999996,0.9999999999999998,0.9999999999999991,1.000000000000001,0.9999999999999996,4.440892098500626e-16,-8.881784197001252e-16,normalized_state_fidelity_v2,16,2728,0.5439185249852017,261.1015625,0.9999999999999996,1.0,0.0,1,0,best_init=zipup
angle_sweep,hybrid_tdvp,16,0.06283185307179587,0.01,0,1,0.0,1.0,1.0,0.9999999999999991,1.0000000000000009,1.0,0.0,-8.881784197001252e-16,normalized_state_fidelity_v2,16,2728,0.02112436096649617,261.1015625,0.9999999999999996,1.0000000000000004,3.715647143582926e-31,,,
angle_sweep,mpo_zipup,16,0.06283185307179587,0.01,0,1,0.0,1.0,0.9999999999999991,0.9999999999999991,0.9999999999999999,1.0,0.0,-4.440892098500626e-16,normalized_state_fidelity_v2,16,2728,0.009227521950379014,261.1015625,0.9999999999999996,1.0,3.6296651322917095e-31,,,
angle_sweep,no_update,16,0.06283185307179587,0.01,0,0,0.00098627867488299,0.999013721325117,0.9990137213251148,0.9999999999999991,0.9999999999999987,0.999013721325117,0.00098627867488299,2.220446049250313e-16,normalized_state_fidelity_v2,8,0,0.0,0.0,1.0,1.0,0.0,,,analytic=9.8627867488343727e-04
angle_sweep,tebd_swap,16,0.06283185307179587,0.01,0,1,0.0,1.0,1.0000000000000022,0.9999999999999991,1.000000000000003,1.0,0.0,-1.9984014443252818e-15,normalized_state_fidelity_v2,16,2728,0.0034085160004906356,261.1015625,0.9999999999999996,1.0000000000000016,1.678894052048886e-30,,,
angle_sweep,ttsvd_candidate,16,0.06283185307179587,0.01,0,0,0.0,1.0,0.9999999999999978,0.9999999999999991,0.9999999999999984,1.0,0.0,3.3306690738754696e-16,normalized_state_fidelity_v2,8,0,0.0,0.0,1.0,0.9999999999999993,0.0,,,independent_ttsvd_candidate
angle_sweep,variational_mpo,16,0.06283185307179587,0.01,0,1,0.0,1.0,0.9999999999999991,0.9999999999999991,0.9999999999999999,1.0,0.0,-4.440892098500626e-16,normalized_state_fidelity_v2,16,2728,1.2703203369746916,261.1015625,0.9999999999999996,1.0,0.0,1,0,best_init=zipup
angle_sweep,hybrid_tdvp,16,0.09222454792211941,0.01467799267622069,0,1,0.0,1.0,0.9999999999999953,0.9999999999999989,0.999999999999996,1.0,0.0,1.4432899320127035e-15,normalized_state_fidelity_v2,16,2728,0.11626809398876503,261.1015625,0.9999999999999996,0.9999999999999979,3.7166318641803877e-31,,,
angle_sweep,mpo_zipup,16,0.09222454792211941,0.01467799267622069,0,1,0.0,1.0,0.999999999999996,0.9999999999999989,0.9999999999999971,1.0,0.0,8.881784197001252e-16,normalized_state_fidelity_v2,16,2728,0.004296187020372599,261.1015625,0.9999999999999996,0.9999999999999988,3.617737876278935e-31,,,
angle_sweep,no_update,16,0.09222454792211941,0.01467799267622069,0,0,0.002124066047139661,0.9978759339528603,0.9978759339528579,0.9999999999999989,0.9999999999999987,0.9978759339528603,0.002124066047139661,1.1102230246251565e-16,normalized_state_fidelity_v2,8,0,0.0,0.0,1.0,1.0,0.0,,,analytic=2.1240660471406993e-03
angle_sweep,tebd_swap,16,0.09222454792211941,0.01467799267622069,0,1,0.0,1.0,1.0000000000000009,0.9999999999999989,1.000000000000002,1.0,0.0,-1.5543122344752192e-15,normalized_state_fidelity_v2,16,2728,0.0034529389813542366,261.1015625,0.9999999999999996,1.0000000000000013,1.8063843653128627e-30,,,
angle_sweep,ttsvd_candidate,16,0.09222454792211941,0.01467799267622069,0,0,2.220446049250313e-16,0.9999999999999998,1.0,0.9999999999999989,1.0000000000000013,0.9999999999999998,2.220446049250313e-16,-1.3322676295501878e-15,normalized_state_fidelity_v2,8,0,0.0,0.0,1.0,1.0000000000000009,0.0,,,independent_ttsvd_candidate
angle_sweep,variational_mpo,16,0.09222454792211941,0.01467799267622069,0,1,0.0,1.0,0.9999999999999991,0.9999999999999989,1.0,1.0,0.0,-6.661338147750939e-16,normalized_state_fidelity_v2,16,2728,0.9889600949827582,261.1015625,0.9999999999999996,1.0,0.0,1,0,best_init=zipup
angle_sweep,hybrid_tdvp,16,0.13536712389686328,0.021544346900318822,0,1,2.220446049250313e-16,0.9999999999999998,1.0000000000000075,0.9999999999999989,1.0000000000000089,0.9999999999999998,2.220446049250313e-16,-5.10702591327572e-15,normalized_state_fidelity_v2,16,2728,0.01986713003134355,261.1015625,0.9999999999999996,1.000000000000004,3.7162388294560915e-31,,,
angle_sweep,mpo_zipup,16,0.13536712389686328,0.021544346900318822,0,1,2.220446049250313e-16,0.9999999999999998,0.9999999999999987,0.9999999999999989,1.0,0.9999999999999998,2.220446049250313e-16,-6.661338147750939e-16,normalized_state_fidelity_v2,16,2728,0.0077980729984119534,261.1015625,0.9999999999999996,1.0,3.595660861637704e-31,,,
angle_sweep,no_update,16,0.13536712389686328,0.021544346900318822,0,0,0.00457241786796414,0.9954275821320359,0.9954275821320334,0.9999999999999989,0.9999999999999987,0.9954275821320359,0.00457241786796414,1.1102230246251565e-16,normalized_state_fidelity_v2,8,0,0.0,0.0,1.0,1.0,0.0,,,analytic=4.5724178679641993e-03
angle_sweep,tebd_swap,16,0.13536712389686328,0.021544346900318822,0,1,2.220446049250313e-16,0.9999999999999998,1.0000000000000036,0.9999999999999989,1.0000000000000049,0.9999999999999998,2.220446049250313e-16,-3.1086244689504383e-15,normalized_state_fidelity_v2,16,2728,0.0046064030029810965,261.1015625,0.9999999999999996,1.0000000000000024,1.4994708053965273e-30,,,
angle_sweep,ttsvd_candidate,16,0.13536712389686328,0.021544346900318822,0,0,2.220446049250313e-16,0.9999999999999998,0.999999999999998,0.9999999999999989,0.9999999999999993,0.9999999999999998,2.220446049250313e-16,-2.220446049250313e-16,normalized_state_fidelity_v2,8,0,0.0,0.0,1.0,0.9999999999999998,0.0,,,independent_ttsvd_candidate
angle_sweep,variational_mpo,16,0.13536712389686328,0.021544346900318822,0,1,0.0,1.0,0.9999999999999989,0.9999999999999989,1.0,1.0,0.0,-6.661338147750939e-16,normalized_state_fidelity_v2,16,2728,1.4018621410359628,261.1015625,0.9999999999999996,1.0000000000000002,0.0,1,0,best_init=zipup
angle_sweep,hybrid_tdvp,16,0.198691765315922,0.03162277660168379,0,1,1.1102230246251565e-16,0.9999999999999999,0.999999999999998,0.999999999999999,0.9999999999999991,0.9999999999999999,1.1102230246251565e-16,-2.220446049250313e-16,normalized_state_fidelity_v2,16,2728,0.047090975975152105,261.1015625,0.9999999999999996,0.9999999999999997,3.7081399812684086e-31,,,
angle_sweep,mpo_zipup,16,0.198691765315922,0.03162277660168379,0,1,0.0,1.0,1.0000000000000018,0.999999999999999,1.0000000000000027,1.0,0.0,-1.9984014443252818e-15,normalized_state_fidelity_v2,16,2728,0.009003785962704569,261.1015625,0.9999999999999996,1.0000000000000016,3.5370379679164643e-31,,,
angle_sweep,no_update,16,0.198691765315922,0.03162277660168379,0,0,0.009833616854380778,0.9901663831456192,0.9901663831456169,0.999999999999999,0.9999999999999987,0.9901663831456192,0.009833616854380778,1.1102230246251565e-16,normalized_state_fidelity_v2,8,0,0.0,0.0,1.0,1.0,0.0,,,analytic=9.8336168543813694e-03
angle_sweep,tebd_swap,16,0.198691765315922,0.03162277660168379,0,1,0.0,1.0,1.0000000000000022,0.999999999999999,1.000000000000003,1.0,0.0,-2.220446049250313e-15,normalized_state_fidelity_v2,16,2728,0.003661413968075067,261.1015625,0.9999999999999996,1.0000000000000016,1.718665316486423e-30,,,
angle_sweep,ttsvd_candidate,16,0.198691765315922,0.03162277660168379,0,0,3.3306690738754696e-16,0.9999999999999997,0.9999999999999989,0.999999999999999,1.0000000000000002,0.9999999999999997,3.3306690738754696e-16,-6.661338147750939e-16,normalized_state_fidelity_v2,8,0,0.0,0.0,1.0,1.0000000000000004,0.0,,,independent_ttsvd_candidate
angle_sweep,variational_mpo,16,0.198691765315922,0.03162277660168379,0,1,1.1102230246251565e-16,0.9999999999999999,0.9999999999999982,0.999999999999999,0.9999999999999993,0.9999999999999999,1.1102230246251565e-16,-2.220446049250313e-16,normalized_state_fidelity_v2,16,2728,1.1679733260534704,261.1015625,0.9999999999999996,0.9999999999999998,0.0,1,0,best_init=zipup
angle_sweep,hybrid_tdvp,16,0.29163962761324635,0.046415888336127774,0,1,0.0,1.0,1.0000000000000009,0.9999999999999989,1.0000000000000018,1.0,0.0,-1.5543122344752192e-15,normalized_state_fidelity_v2,16,2728,0.05275799799710512,261.1015625,0.9999999999999996,1.0000000000000009,3.670456142555133e-31,,,
angle_sweep,mpo_zipup,16,0.29163962761324635,0.046415888336127774,0,1,0.0,1.0,1.0000000000000053,0.9999999999999989,1.0000000000000062,1.0,0.0,-3.774758283725532e-15,normalized_state_fidelity_v2,16,2728,0.004471671010833234,261.1015625,0.9999999999999996,1.0000000000000027,3.444216889373894e-31,,,
angle_sweep,no_update,16,0.29163962761324635,0.046415888336127774,0,0,0.02110549189190647,0.9788945081080935,0.9788945081080911,0.9999999999999989,0.9999999999999987,0.9788945081080935,0.02110549189190647,1.1102230246251565e-16,normalized_state_fidelity_v2,8,0,0.0,0.0,1.0,1.0,0.0,,,analytic=2.1105491891906882e-02
angle_sweep,tebd_swap,16,0.29163962761324635,0.046415888336127774,0,1,0.0,1.0,0.9999999999999969,0.9999999999999989,0.9999999999999978,1.0,0.0,5.551115123125783e-16,normalized_state_fidelity_v2,16,2728,0.003417789004743099,261.1015625,0.9999999999999996,0.9999999999999987,1.6192110343252872e-30,,,
angle_sweep,ttsvd_candidate,16,0.29163962761324635,0.046415888336127774,0,0,0.0,1.0,1.000000000000003,0.9999999999999989,1.0000000000000038,1.0,0.0,-2.4424906541753444e-15,normalized_state_fidelity_v2,8,0,0.0,0.0,1.0,1.0000000000000013,0.0,,,independent_ttsvd_candidate
angle_sweep,variational_mpo,16,0.29163962761324635,0.046415888336127774,0,1,0.0,1.0,1.0,0.9999999999999989,1.000000000000001,1.0,0.0,-1.1102230246251565e-15,normalized_state_fidelity_v2,16,2728,1.575385803997051,261.1015625,0.9999999999999996,1.0000000000000002,0.0,1,0,best_init=zipup
angle_sweep,hybrid_tdvp,16,0.42806843182029597,0.06812920690579609,0,1,1.1102230246251565e-16,0.9999999999999999,0.9999999999999956,0.9999999999999988,0.9999999999999969,0.9999999999999999,1.1102230246251565e-16,8.881784197001252e-16,normalized_state_fidelity_v2,16,2728,0.027212872984819114,261.1015625,0.9999999999999996,0.9999999999999982,3.5846437783917667e-31,,,
angle_sweep,mpo_zipup,16,0.42806843182029597,0.06812920690579609,0,1,1.1102230246251565e-16,0.9999999999999999,0.9999999999999996,0.9999999999999988,1.0000000000000009,0.9999999999999999,1.1102230246251565e-16,-1.1102230246251565e-15,normalized_state_fidelity_v2,16,2728,0.008564151008613408,261.1015625,0.9999999999999996,1.0000000000000009,3.2757424916318014e-31,,,
angle_sweep,no_update,16,0.42806843182029597,0.06812920690579609,0,0,0.04509903662933723,0.9549009633706628,0.9549009633706603,0.9999999999999988,0.9999999999999987,0.9549009633706628,0.04509903662933723,0.0,normalized_state_fidelity_v2,8,0,0.0,0.0,1.0,1.0,0.0,,,analytic=4.5099036629338014e-02
angle_sweep,tebd_swap,16,0.42806843182029597,0.06812920690579609,0,1,0.0,1.0,1.0000000000000009,0.9999999999999988,1.0000000000000022,1.0,0.0,-1.7763568394002505e-15,normalized_state_fidelity_v2,16,2728,0.00614605302689597,261.1015625,0.9999999999999996,1.0000000000000016,1.573401875684209e-30,,,
angle_sweep,ttsvd_candidate,16,0.42806843182029597,0.06812920690579609,0,0,2.220446049250313e-16,0.9999999999999998,1.0,0.9999999999999988,1.0000000000000016,0.9999999999999998,2.220446049250313e-16,-1.3322676295501878e-15,normalized_state_fidelity_v2,8,0,0.0,0.0,1.0,1.000000000000001,0.0,,,independent_ttsvd_candidate
angle_sweep,variational_mpo,16,0.42806843182029597,0.06812920690579609,0,1,0.0,1.0,0.999999999999998,0.9999999999999988,0.999999999999999,1.0,0.0,-2.220446049250313e-16,normalized_state_fidelity_v2,16,2728,1.1272259820252657,261.1015625,0.9999999999999996,1.0,0.0,1,0,best_init=zipup
angle_sweep,hybrid_tdvp,16,0.6283185307179586,0.1,0,1,4.440892098500626e-16,0.9999999999999996,1.0000000000000027,0.9999999999999989,1.0000000000000042,0.9999999999999996,4.440892098500626e-16,-2.6645352591003757e-15,normalized_state_fidelity_v2,16,2728,0.07783048303099349,261.1015625,0.9999999999999996,1.000000000000002,3.392065423648072e-31,,,
angle_sweep,mpo_zipup,16,0.6283185307179586,0.1,0,1,4.440892098500626e-16,0.9999999999999996,0.999999999999994,0.9999999999999989,0.9999999999999956,0.9999999999999996,4.440892098500626e-16,1.6653345369377348e-15,normalized_state_fidelity_v2,16,2728,0.005391290003899485,261.1015625,0.9999999999999996,0.9999999999999977,3.1039236129372416e-31,,,
angle_sweep,no_update,16,0.6283185307179586,0.1,0,0,0.09545693984135195,0.904543060158648,0.9045430601586458,0.9999999999999989,0.9999999999999987,0.904543060158648,0.09545693984135195,1.1102230246251565e-16,normalized_state_fidelity_v2,8,0,0.0,0.0,1.0,1.0,0.0,,,analytic=9.5456939841352645e-02
angle_sweep,tebd_swap,16,0.6283185307179586,0.1,0,1,0.0,1.0,0.999999999999998,0.9999999999999989,0.9999999999999991,1.0,0.0,-2.220446049250313e-16,normalized_state_fidelity_v2,16,2728,0.009543979016598314,261.1015625,0.9999999999999996,0.9999999999999993,1.6775062946441064e-30,,,
angle_sweep,ttsvd_candidate,16,0.6283185307179586,0.1,0,0,2.220446049250313e-16,0.9999999999999998,0.9999999999999973,0.9999999999999989,0.9999999999999987,0.9999999999999998,2.220446049250313e-16,1.1102230246251565e-16,normalized_state_fidelity_v2,8,0,0.0,0.0,1.0,0.9999999999999994,0.0,,,independent_ttsvd_candidate
angle_sweep,variational_mpo,16,0.6283185307179586,0.1,0,1,2.220446049250313e-16,0.9999999999999998,0.9999999999999993,0.9999999999999989,1.0000000000000007,0.9999999999999998,2.220446049250313e-16,-8.881784197001252e-16,normalized_state_fidelity_v2,16,2728,1.3849403630010784,261.1015625,0.9999999999999996,1.0000000000000002,0.0,1,0,best_init=zipup
angle_sweep,hybrid_tdvp,16,0.9222454792211943,0.1467799267622069,0,1,0.0,1.0,1.0000000000000089,0.9999999999999987,1.0000000000000098,1.0,0.0,-5.551115123125783e-15,normalized_state_fidelity_v2,16,2728,0.07732690597185865,261.1015625,0.9999999999999996,1.0000000000000049,2.9060260236003536e-31,,,
angle_sweep,mpo_zipup,16,0.9222454792211943,0.1467799267622069,0,1,0.0,1.0,1.0000000000000036,0.9999999999999987,1.0000000000000047,1.0,0.0,-2.886579864025407e-15,normalized_state_fidelity_v2,16,2728,0.009566391003318131,261.1015625,0.9999999999999996,1.0000000000000022,2.9713197965557346e-31,,,
angle_sweep,no_update,16,0.9222454792211943,0.1467799267622069,0,0,0.19791227812669876,0.8020877218733012,0.8020877218732991,0.9999999999999987,0.9999999999999987,0.8020877218733012,0.19791227812669876,0.0,normalized_state_fidelity_v2,8,0,0.0,0.0,1.0,1.0,0.0,,,analytic=1.9791227812669948e-01
angle_sweep,tebd_swap,16,0.9222454792211943,0.1467799267622069,0,1,0.0,1.0,1.0000000000000022,0.9999999999999987,1.0000000000000036,1.0,0.0,-2.4424906541753444e-15,normalized_state_fidelity_v2,16,2728,0.0063845799886621535,261.1015625,0.9999999999999996,1.0000000000000016,1.5546453896151811e-30,,,
angle_sweep,ttsvd_candidate,16,0.9222454792211943,0.1467799267622069,0,0,0.0,1.0,1.0,0.9999999999999987,1.0000000000000013,1.0,0.0,-1.3322676295501878e-15,normalized_state_fidelity_v2,8,0,0.0,0.0,1.0,1.0000000000000007,0.0,,,independent_ttsvd_candidate
angle_sweep,variational_mpo,16,0.9222454792211943,0.1467799267622069,0,1,0.0,1.0,0.9999999999999987,0.9999999999999987,1.0,1.0,0.0,-6.661338147750939e-16,normalized_state_fidelity_v2,16,2728,1.4376441489439458,261.1015625,0.9999999999999996,1.0,0.0,1,0,best_init=zipup
angle_sweep,hybrid_tdvp,16,1.353671238968633,0.21544346900318823,0,1,2.220446049250313e-16,0.9999999999999998,0.9999999999999982,0.9999999999999993,0.9999999999999991,0.9999999999999998,2.220446049250313e-16,1.1102230246251565e-16,normalized_state_fidelity_v2,16,2728,0.05117728200275451,261.1015625,0.9999999999999996,0.9999999999999996,2.4064743487450824e-31,,,
angle_sweep,mpo_zipup,16,1.353671238968633,0.21544346900318823,0,1,0.0,1.0,0.9999999999999962,0.9999999999999993,0.9999999999999966,1.0,0.0,1.4432899320127035e-15,normalized_state_fidelity_v2,16,2728,0.0045502729481086135,261.1015625,0.9999999999999996,0.9999999999999981,2.2534121589327535e-31,,,
angle_sweep,no_update,16,1.353671238968633,0.21544346900318823,0,0,0.3921464591079541,0.6078535408920459,0.6078535408920447,0.9999999999999993,0.9999999999999987,0.6078535408920459,0.3921464591079541,3.3306690738754696e-16,normalized_state_fidelity_v2,8,0,0.0,0.0,1.0,1.0,0.0,,,analytic=3.9214645910795404e-01
angle_sweep,tebd_swap,16,1.353671238968633,0.21544346900318823,0,1,4.440892098500626e-16,0.9999999999999996,1.0000000000000009,0.9999999999999993,1.000000000000002,0.9999999999999996,4.440892098500626e-16,-1.3322676295501878e-15,normalized_state_fidelity_v2,16,2728,0.006306657975073904,261.1015625,0.9999999999999996,1.0000000000000007,1.679581715075064e-30,,,
angle_sweep,ttsvd_candidate,16,1.353671238968633,0.21544346900318823,0,0,0.0,1.0,1.0000000000000004,0.9999999999999993,1.000000000000001,1.0,0.0,-8.881784197001252e-16,normalized_state_fidelity_v2,8,0,0.0,0.0,1.0,1.0000000000000004,0.0,,,independent_ttsvd_candidate
angle_sweep,variational_mpo,16,1.353671238968633,0.21544346900318823,0,1,0.0,1.0,1.0,0.9999999999999993,1.0000000000000007,1.0,0.0,-6.661338147750939e-16,normalized_state_fidelity_v2,16,2728,1.0931093519902788,261.1015625,0.9999999999999996,1.0,0.0,1,0,best_init=zipup
angle_sweep,hybrid_tdvp,16,1.5707963267948966,0.25,1,1,0.0,1.0,1.0000000000000369,0.9999999999999991,1.0000000000000377,1.0,0.0,-1.9317880628477724e-14,normalized_state_fidelity_v2,16,2728,0.06195164500968531,261.2578125,0.9999999999999996,1.0000000000000189,2.164406349534894e-31,,,
angle_sweep,mpo_zipup,16,1.5707963267948966,0.25,1,1,0.0,1.0,0.9999999999999951,0.9999999999999991,0.9999999999999957,1.0,0.0,1.7763568394002505e-15,normalized_state_fidelity_v2,16,2728,0.014472406008280814,261.2578125,0.9999999999999996,0.9999999999999977,1.9486732237381443e-31,,,
angle_sweep,no_update,16,1.5707963267948966,0.25,1,0,0.4998190259334302,0.5001809740665698,0.5001809740665687,0.9999999999999991,0.9999999999999987,0.5001809740665698,0.4998190259334302,2.220446049250313e-16,normalized_state_fidelity_v2,8,0,0.0,0.0,1.0,1.0,0.0,,,analytic=4.9981902593343042e-01
angle_sweep,tebd_swap,16,1.5707963267948966,0.25,1,1,2.220446049250313e-16,0.9999999999999998,0.9999999999999958,0.9999999999999991,0.9999999999999969,0.9999999999999998,2.220446049250313e-16,1.1102230246251565e-15,normalized_state_fidelity_v2,16,2728,0.011712017992977053,261.2578125,0.9999999999999996,0.9999999999999982,1.8269084413091953e-30,,,
angle_sweep,ttsvd_candidate,16,1.5707963267948966,0.25,1,0,0.0,1.0,1.0,0.9999999999999991,1.0000000000000009,1.0,0.0,-8.881784197001252e-16,normalized_state_fidelity_v2,8,0,0.0,0.0,1.0,1.0000000000000004,0.0,,,independent_ttsvd_candidate
angle_sweep,variational_mpo,16,1.5707963267948966,0.25,1,1,0.0,1.0,0.9999999999999996,0.9999999999999991,1.0000000000000004,1.0,0.0,-6.661338147750939e-16,normalized_state_fidelity_v2,16,2728,1.3672016529599205,261.2578125,0.9999999999999996,1.0,0.0,1,0,best_init=zipup
angle_sweep,hybrid_tdvp,16,1.9869176531592203,0.31622776601683794,0,1,4.440892098500626e-16,0.9999999999999996,1.000000000000007,0.9999999999999988,1.0000000000000089,0.9999999999999996,4.440892098500626e-16,-5.10702591327572e-15,normalized_state_fidelity_v2,16,2728,0.05576171702705324,261.1015625,0.9999999999999996,1.0000000000000042,2.56580455918862e-31,,,
angle_sweep,mpo_zipup,16,1.9869176531592203,0.31622776601683794,0,1,1.1102230246251565e-16,0.9999999999999999,0.9999999999999938,0.9999999999999988,0.9999999999999951,0.9999999999999999,1.1102230246251565e-16,1.7763568394002505e-15,normalized_state_fidelity_v2,16,2728,0.0049175050226040184,261.1015625,0.9999999999999996,0.9999999999999972,2.449342620711144e-31,,,
angle_sweep,no_update,16,1.9869176531592203,0.31622776601683794,0,0,0.7018537837261665,0.2981462162738336,0.2981462162738328,0.9999999999999988,0.9999999999999987,0.2981462162738336,0.7018537837261665,0.0,normalized_state_fidelity_v2,8,0,0.0,0.0,1.0,1.0,0.0,,,analytic=7.0185378372616658e-01
angle_sweep,tebd_swap,16,1.9869176531592203,0.31622776601683794,0,1,0.0,1.0,0.9999999999999947,0.9999999999999988,0.9999999999999957,1.0,0.0,1.5543122344752192e-15,normalized_state_fidelity_v2,16,2728,0.0034057750017382205,261.1015625,0.9999999999999996,0.9999999999999974,1.8916624469492694e-30,,,
angle_sweep,ttsvd_candidate,16,1.9869176531592203,0.31622776601683794,0,0,0.0,1.0,0.9999999999999956,0.9999999999999988,0.9999999999999967,1.0,0.0,9.992007221626409e-16,normalized_state_fidelity_v2,8,0,0.0,0.0,1.0,0.9999999999999979,0.0,,,independent_ttsvd_candidate
angle_sweep,variational_mpo,16,1.9869176531592203,0.31622776601683794,0,1,0.0,1.0,0.9999999999999996,0.9999999999999988,1.0000000000000007,1.0,0.0,-8.881784197001252e-16,normalized_state_fidelity_v2,16,2728,1.4211528610321693,261.1015625,0.9999999999999996,1.0,0.0,1,0,best_init=zipup
angle_sweep,hybrid_tdvp,16,2.9163962761324638,0.46415888336127775,0,1,0.0,1.0,1.0000000000000218,0.9999999999999989,1.0000000000000229,1.0,0.0,-1.199040866595169e-14,normalized_state_fidelity_v2,16,2728,0.029577656008768827,261.1015625,0.9999999999999996,1.000000000000011,3.6779774705683824e-31,,,
angle_sweep,mpo_zipup,16,2.9163962761324638,0.46415888336127775,0,1,0.0,1.0,0.9999999999999929,0.9999999999999989,0.999999999999994,1.0,0.0,2.4424906541753444e-15,normalized_state_fidelity_v2,16,2728,0.007269592024385929,261.1015625,0.9999999999999996,0.9999999999999964,3.6738603731183644e-31,,,
angle_sweep,no_update,16,2.9163962761324638,0.46415888336127775,0,0,0.9870177590187775,0.012982240981222524,0.012982240981222493,0.9999999999999989,0.9999999999999987,0.012982240981222524,0.9870177590187775,1.1102230246251565e-16,normalized_state_fidelity_v2,8,0,0.0,0.0,1.0,1.0,0.0,,,analytic=9.8701775901877742e-01
angle_sweep,tebd_swap,16,2.9163962761324638,0.46415888336127775,0,1,0.0,1.0,1.0000000000000022,0.9999999999999989,1.000000000000003,1.0,0.0,-2.220446049250313e-15,normalized_state_fidelity_v2,16,2728,0.0035618020338006318,261.1015625,0.9999999999999996,1.0000000000000016,1.7035212154156893e-30,,,
angle_sweep,ttsvd_candidate,16,2.9163962761324638,0.46415888336127775,0,0,2.220446049250313e-16,0.9999999999999998,0.9999999999999996,0.9999999999999989,1.0000000000000009,0.9999999999999998,2.220446049250313e-16,-1.1102230246251565e-15,normalized_state_fidelity_v2,8,0,0.0,0.0,1.0,1.0,0.0,,,independent_ttsvd_candidate
angle_sweep,variational_mpo,16,2.9163962761324638,0.46415888336127775,0,1,0.0,1.0,1.0,0.9999999999999989,1.0000000000000009,1.0,0.0,-1.1102230246251565e-15,normalized_state_fidelity_v2,16,2728,2.5857484600273892,261.2578125,0.9999999999999996,1.0,0.0,1,0,best_init=zipup
angle_sweep,hybrid_tdvp,16,3.141592653589793,0.5,1,1,0.0,1.0,1.0000000000002305,0.9999999999999988,1.0000000000002318,1.0,0.0,-1.1657341758564144e-13,normalized_state_fidelity_v2,8,936,0.061733576003462076,261.2578125,0.9999999999999996,1.0000000000001152,2.4676273134592385e-26,,,
angle_sweep,mpo_zipup,16,3.141592653589793,0.5,1,1,2.220446049250313e-16,0.9999999999999998,0.9999999999999936,0.9999999999999988,0.999999999999995,0.9999999999999998,2.220446049250313e-16,1.887379141862766e-15,normalized_state_fidelity_v2,8,936,0.00565207697218284,261.4140625,0.9999999999999996,0.9999999999999974,1.1348423411752323e-31,,,
angle_sweep,no_update,16,3.141592653589793,0.5,1,0,0.999638051866861,0.0003619481331389558,0.0003619481331389549,0.9999999999999988,0.9999999999999987,0.0003619481331389558,0.999638051866861,0.0,normalized_state_fidelity_v2,8,0,0.0,0.0,1.0,1.0,0.0,,,analytic=9.9963805186686105e-01
angle_sweep,tebd_swap,16,3.141592653589793,0.5,1,1,0.0,1.0,1.0000000000000036,0.9999999999999988,1.0000000000000047,1.0,0.0,-2.886579864025407e-15,normalized_state_fidelity_v2,8,936,0.003798577992711216,261.2578125,0.9999999999999996,1.0000000000000027,3.4653273016038305e-30,,,
angle_sweep,ttsvd_candidate,16,3.141592653589793,0.5,1,0,0.0,1.0,0.9999999999999989,0.9999999999999988,0.9999999999999998,1.0,0.0,-6.661338147750939e-16,normalized_state_fidelity_v2,8,0,0.0,0.0,1.0,0.9999999999999999,0.0,,,independent_ttsvd_candidate
angle_sweep,variational_mpo,16,3.141592653589793,0.5,1,1,1.1102230246251565e-16,0.9999999999999999,0.9999999999999987,0.9999999999999988,1.0,0.9999999999999999,1.1102230246251565e-16,-6.661338147750939e-16,normalized_state_fidelity_v2,8,936,0.33002359501551837,261.4140625,0.9999999999999996,0.9999999999999999,0.0,1,0,best_init=zipup
angle_sweep,hybrid_tdvp,16,4.280684318202959,0.6812920690579608,0,1,1.1102230246251565e-16,0.9999999999999999,0.9999999999999392,0.9999999999999998,0.9999999999999395,0.9999999999999999,1.1102230246251565e-16,3.019806626980426e-14,normalized_state_fidelity_v2,16,2728,0.14932280097855255,261.2578125,0.9999999999999996,0.9999999999999692,2.5267583770834103e-31,,,
angle_sweep,mpo_zipup,16,4.280684318202959,0.6812920690579608,0,1,2.220446049250313e-16,0.9999999999999998,1.000000000000004,0.9999999999999998,1.0000000000000044,0.9999999999999998,2.220446049250313e-16,-2.4424906541753444e-15,normalized_state_fidelity_v2,16,2728,0.01060335396323353,261.2578125,0.9999999999999996,1.0000000000000016,2.620201502268847e-31,,,
angle_sweep,no_update,16,4.280684318202959,0.6812920690579608,0,0,0.7089531405882414,0.29104685941175856,0.2910468594117581,0.9999999999999998,0.9999999999999987,0.29104685941175856,0.7089531405882414,5.551115123125783e-16,normalized_state_fidelity_v2,8,0,0.0,0.0,1.0,1.0,0.0,,,analytic=7.0895314058824133e-01
angle_sweep,tebd_swap,16,4.280684318202959,0.6812920690579608,0,1,0.0,1.0,1.0000000000000009,0.9999999999999998,1.0000000000000009,1.0,0.0,-6.661338147750939e-16,normalized_state_fidelity_v2,16,2728,0.010038416017778218,261.2578125,0.9999999999999996,0.9999999999999999,1.8084988658148454e-30,,,
angle_sweep,ttsvd_candidate,16,4.280684318202959,0.6812920690579608,0,0,0.0,1.0,1.0000000000000009,0.9999999999999998,1.000000000000001,1.0,0.0,-6.661338147750939e-16,normalized_state_fidelity_v2,8,0,0.0,0.0,1.0,1.0000000000000002,0.0,,,independent_ttsvd_candidate
angle_sweep,variational_mpo,16,4.280684318202959,0.6812920690579608,0,1,0.0,1.0,1.0000000000000009,0.9999999999999998,1.000000000000001,1.0,0.0,-6.661338147750939e-16,normalized_state_fidelity_v2,16,2728,0.9191947430372238,261.2578125,0.9999999999999996,1.0000000000000002,0.0,1,0,best_init=zipup
angle_sweep,hybrid_tdvp,16,6.283185307179586,1.0,1,1,0.0,1.0,1.000000000000684,0.9999999999999988,1.0000000000006848,1.0,0.0,-3.4305891460917337e-13,normalized_state_fidelity_v2,8,936,0.35062187298899516,261.4140625,0.9999999999999996,1.0000000000003424,2.499519639242064e-25,,,
angle_sweep,mpo_zipup,16,6.283185307179586,1.0,1,1,1.1102230246251565e-16,0.9999999999999999,0.9999999999999925,0.9999999999999988,0.9999999999999938,0.9999999999999999,1.1102230246251565e-16,2.4424906541753444e-15,normalized_state_fidelity_v2,8,936,0.0065560509683564305,261.4140625,0.9999999999999996,0.9999999999999971,4.591303057050392e-32,,,
angle_sweep,no_update,16,6.283185307179586,1.0,1,0,0.0,1.0,0.9999999999999976,0.9999999999999988,0.9999999999999987,1.0,0.0,0.0,normalized_state_fidelity_v2,8,0,0.0,0.0,1.0,1.0,0.0,,,analytic=1.4992169474083664e-32
angle_sweep,tebd_swap,16,6.283185307179586,1.0,1,1,0.0,1.0,1.0000000000000044,0.9999999999999988,1.0000000000000058,1.0,0.0,-3.552713678800501e-15,normalized_state_fidelity_v2,8,936,0.00317222997546196,261.4140625,0.9999999999999996,1.0000000000000029,3.363732142675677e-30,,,
angle_sweep,ttsvd_candidate,16,6.283185307179586,1.0,1,0,0.0,1.0,1.0,0.9999999999999988,1.000000000000001,1.0,0.0,-1.1102230246251565e-15,normalized_state_fidelity_v2,8,0,0.0,0.0,1.0,1.0000000000000007,0.0,,,independent_ttsvd_candidate
angle_sweep,variational_mpo,16,6.283185307179586,1.0,1,1,1.1102230246251565e-16,0.9999999999999999,0.9999999999999982,0.9999999999999988,0.9999999999999996,0.9999999999999999,1.1102230246251565e-16,-4.440892098500626e-16,normalized_state_fidelity_v2,8,936,0.04595268203411251,261.4140625,0.9999999999999996,0.9999999999999999,0.0,1,0,best_init=input
