regime,seed,epoch,train_mse,val_mse
random_discrete,0,1,0.32537591457366943,1.9986008405685425
standard_discrete,0,1,0.4065428376197815,1.9876654148101807
tetrahedral_discrete,0,1,0.26965126395225525,1.5577739477157593
continuous,0,1,0.7290496826171875,1.29899263381958
