{
  "case_name": "sweep",
  "L": 2,
  "k": 20,
  "dt": 0.1,
  "cut": 15,
  "J": 1.8,
  "g": 1.0,
  "n_pasts": 32,
  "n_futures": 32,
  "n_seeds": 1,
  "branch_weight_beta": 1.0,
  "delta": 6.643981564588335e-10,
  "delta_norm": 0.9063087898481946,
  "entropy": 0.032865488529393944,
  "rank": 4,
  "max_row_distance": 2.4099736016243494e-05,
  "mean_row_distance": 2.6611563255806334e-06,
  "median_row_distance": 3.039370747284151e-07,
  "weight_preparation": {
    "weight_data_invalid": false,
    "nan_count": 0,
    "posinf_count": 0,
    "neginf_count": 0,
    "negative_count": 0,
    "warnings": []
  }
}