{
  "case_name": "nm_mid",
  "cut": 10,
  "cut_comparison_mode": "cut_comparison_shared_probe_source",
  "J": 1.0,
  "g": 1.0,
  "L": 2,
  "k": 20,
  "dt": 0.1,
  "n_pasts": 32,
  "n_futures": 32,
  "fraction_terminated_early": 0.0,
  "fraction_any_prob_skipped_renormalize": 0.0,
  "fraction_weight_lt_1e-12": 0.0654296875,
  "fraction_weight_lt_1e-10": 0.3759765625,
  "fraction_weight_lt_1e-08": 0.7939453125,
  "fraction_weight_lt_1e-06": 0.9697265625,
  "mean_cumulative_weight": 1.4021131211154912e-06,
  "median_cumulative_weight": 4.051722265821134e-10,
  "metrics_V_raw": {
    "frobenius": 31.87379294146151,
    "frobenius_sq": 1015.9386764751615,
    "entropy_sv": 0.019377550262194905,
    "rank_tol": 32,
    "participation_ratio": 0.9952474238275891,
    "mean_row_norm": 5.634542715001402,
    "std_row_norm": 0.0035243189755159604,
    "mean_col_norm": 1.354711526633351,
    "std_col_norm": 1.4634318870575471
  },
  "metrics_V_centered_past": {
    "frobenius": 1.5553268877804942,
    "frobenius_sq": 2.419041727852958,
    "entropy_sv": 1.101124806431486,
    "rank_tol": 31,
    "participation_ratio": 0.4363950133808975,
    "mean_row_norm": 0.2634456422183523,
    "std_row_norm": 0.07994480413023561,
    "mean_col_norm": 0.058381759403514324,
    "std_col_norm": 0.07787581091647666
  },
  "metrics_V_centered_global": {
    "frobenius": 30.027158733530324,
    "frobenius_sq": 901.6302616086265,
    "entropy_sv": 0.021504855270552396,
    "rank_tol": 32,
    "participation_ratio": 0.9946484098016203,
    "mean_row_norm": 5.308096516870084,
    "std_row_norm": 0.007673522891578194,
    "mean_col_norm": 1.4501387136404427,
    "std_col_norm": 1.193589537087061
  },
  "metrics_V_centered_rowcol": {
    "frobenius": 1.5525253572027875,
    "frobenius_sq": 2.4103349847576427,
    "entropy_sv": 1.0997493948876158,
    "rank_tol": 31,
    "participation_ratio": 0.4376612880609628,
    "mean_row_norm": 0.26295103967802924,
    "std_row_norm": 0.07986904769874452,
    "mean_col_norm": 0.060372494055836966,
    "std_col_norm": 0.07611282767606935
  },
  "row_distance_raw": {
    "max_row_distance": 0.7850914333140624,
    "mean_row_distance": 0.3626506822584267,
    "median_row_distance": 0.3454498664124719
  },
  "row_distance_centered_past": {
    "max_row_distance": 0.7850914333140624,
    "mean_row_distance": 0.3626506822584267,
    "median_row_distance": 0.3454498664124719
  },
  "delta_norm_centered_past": 0.0023810902999046326,
  "corr_weight_vs_centered_block_norm": -0.027101815100383574,
  "corr_terminated_early_vs_centered_block_norm": NaN,
  "summarize_weights": {
    "mean_weight_by_past": [
      4.532356372048014e-07,
      9.929119529204104e-09,
      5.4303847705601664e-11,
      7.738825765977676e-08,
      3.268608033241583e-08,
      2.8005503394163534e-09,
      1.3175271892526656e-08,
      1.873126252447686e-09,
      2.0774762793959725e-08,
      1.8931785586689507e-08,
      6.327626414332149e-08,
      4.007972613722711e-08,
      2.398938068047599e-06,
      3.2316099857659854e-05,
      2.5162471968728115e-07,
      5.125436202667375e-08,
      3.6928865680845184e-09,
      5.534415962369737e-07,
      1.2500108539585657e-07,
      9.596003253827838e-07,
      1.939171796882646e-08,
      4.881508928349063e-06,
      1.72380704356129e-08,
      1.166578106146952e-06,
      3.965623537233392e-07,
      1.777036961326477e-08,
      1.0818143252667924e-10,
      1.783801253150391e-08,
      9.406217324331739e-08,
      1.9709148427514464e-10,
      3.856705512777825e-08,
      8.239400289146558e-07
    ],
    "mean_weight_by_future": [
      2.348703980563003e-07,
      3.5323678604588013e-11,
      2.078370693151281e-09,
      2.6229477210825335e-08,
      1.425443568475859e-08,
      1.855666833347555e-09,
      2.444940051836906e-08,
      1.2230588390086988e-08,
      1.119889655271145e-09,
      3.974629468641086e-08,
      2.2887919201727144e-10,
      4.422370365783709e-09,
      7.768217972315195e-10,
      2.102920862726875e-08,
      2.160116890181532e-09,
      1.5470494778712112e-07,
      7.236281702685716e-08,
      1.447569689404388e-09,
      4.985086495374699e-08,
      4.5632612171195805e-07,
      2.479674661473081e-09,
      9.932281143663334e-10,
      8.698439648038657e-09,
      3.3535125046380414e-07,
      3.618225008276828e-10,
      1.0695567683845769e-07,
      4.429326887101753e-08,
      7.587411552560975e-08,
      1.4817058450551232e-09,
      4.205338571382086e-05,
      4.3874432242234976e-10,
      1.1171266716350944e-06
    ]
  },
  "mean_centered_block_norm_by_past": [
    0.03278381933148123,
    0.032273752231868506,
    0.019941132114471804,
    0.04100324968938647,
    0.03387037187880279,
    0.03148770321328481,
    0.0359025626312337,
    0.059273340812735914,
    0.032811291056352894,
    0.038895898224105815,
    0.018992330000690668,
    0.0370482216877092,
    0.0389978357917278,
    0.03945417003112983,
    0.037781690175672934,
    0.030780745611132632,
    0.045234545507181215,
    0.03241419555626837,
    0.019826643839950333,
    0.021880576601466764,
    0.033141196697642164,
    0.029601738162258605,
    0.061155387686787625,
    0.0347196581042533,
    0.03288544362155277,
    0.032396286499220904,
    0.05988544231671679,
    0.020437337917379273,
    0.030666023833268708,
    0.08211735313557283,
    0.03608026266265771,
    0.037021831187722794
  ],
  "mean_centered_block_norm_by_future": [
    0.04557448915394003,
    0.057696715827499155,
    0.02093131490936797,
    0.05579447210925625,
    0.05178667370007353,
    0.041329237270849944,
    0.06130788917334336,
    0.041443618549854254,
    0.05838563089775008,
    0.037065878749231465,
    0.0031386253416640247,
    0.05491215453028182,
    0.003289662130985531,
    0.05326851444927343,
    0.049191278113695086,
    0.04129508279418505,
    0.04102020128692621,
    0.03937768746482128,
    0.01008795727586679,
    0.04014264458872563,
    0.019322447017894786,
    0.009519366333591829,
    0.04006699791447481,
    0.023638147555114723,
    0.06428805487413103,
    0.017931509133135706,
    0.023109909287658142,
    0.06565940015335264,
    0.039883774612099396,
    0.013174604888889949,
    0.020042944750671542,
    0.027085152973081728
  ],
  "weighted_variants": {
    "masked_lt_1e-12_thr1e-12": {
      "frobenius": 30.81435799916367,
      "frobenius_sq": 949.524658900622,
      "entropy_sv": 0.21480320819812904,
      "rank_tol": 32,
      "participation_ratio": 0.9263975168281712,
      "mean_row_norm": 5.427955926201632,
      "std_row_norm": 0.4655236982785006,
      "mean_col_norm": 1.305850012624924,
      "std_col_norm": 1.4183422102894847
    },
    "weighted_sqrt_thr1e-12": {
      "frobenius": 0.03787407331251264,
      "frobenius_sq": 0.0014344454292815824,
      "entropy_sv": 0.00266299027232946,
      "rank_tol": 32,
      "participation_ratio": 0.9994599291926434,
      "mean_row_norm": 0.0032110436226608415,
      "std_row_norm": 0.005969005408558433,
      "mean_col_norm": 0.00044368755630622755,
      "std_col_norm": 0.0023297307893710728
    },
    "weighted_linear_thr1e-12": {
      "frobenius": 0.0009857398777954147,
      "frobenius_sq": 9.716831066761191e-07,
      "entropy_sv": 0.00010585518070368953,
      "rank_tol": 4,
      "participation_ratio": 0.9999834524733328,
      "mean_row_norm": 4.206274642920687e-05,
      "std_row_norm": 0.0001718088133124453,
      "mean_col_norm": 5.433624969530689e-06,
      "std_col_norm": 6.148887643439467e-05
    },
    "masked_lt_1e-10_thr1e-10": {
      "frobenius": 25.180986192869753,
      "frobenius_sq": 634.0820656454971,
      "entropy_sv": 0.6603387293879723,
      "rank_tol": 32,
      "participation_ratio": 0.7293640511365499,
      "mean_row_norm": 4.280763250813035,
      "std_row_norm": 1.2402416172136852,
      "mean_col_norm": 1.0380595855074886,
      "std_col_norm": 1.1852438049205014
    },