{
  "case_name": "trivial",
  "cut": 5,
  "cut_comparison_mode": "asymmetry_grid",
  "J": 0.0,
  "g": 0.0,
  "L": 2,
  "k": 20,
  "dt": 0.1,
  "n_pasts": 16,
  "n_futures": 64,
  "fraction_terminated_early": 0.0,
  "fraction_any_prob_skipped_renormalize": 0.0,
  "fraction_weight_lt_1e-12": 0.03515625,
  "fraction_weight_lt_1e-10": 0.2431640625,
  "fraction_weight_lt_1e-08": 0.638671875,
  "fraction_weight_lt_1e-06": 0.9501953125,
  "mean_cumulative_weight": 3.071170725061751e-07,
  "median_cumulative_weight": 2.076836289213332e-09,
  "metrics_V_raw": {
    "frobenius": 31.9999999710254,
    "frobenius_sq": 1023.9999981456256,
    "entropy_sv": 1.0361632918473208e-27,
    "rank_tol": 1,
    "participation_ratio": 1.0,
    "mean_row_norm": 7.999999992756356,
    "std_row_norm": 0.0,
    "mean_col_norm": 0.9831154617895663,
    "std_col_norm": 1.0175983779078341
  },
  "metrics_V_centered_past": {
    "frobenius": 0.0,
    "frobenius_sq": 0.0,
    "entropy_sv": 0.0,
    "rank_tol": 0,
    "participation_ratio": 0.0,
    "mean_row_norm": 0.0,
    "std_row_norm": 0.0,
    "mean_col_norm": 0.0,
    "std_col_norm": 0.0
  },
  "metrics_V_centered_global": {
    "frobenius": 29.721315971805925,
    "frobenius_sq": 883.356623095926,
    "entropy_sv": 1.0361632918473208e-27,
    "rank_tol": 1,
    "participation_ratio": 1.0,
    "mean_row_norm": 7.430328992951481,
    "std_row_norm": 0.0,
    "mean_col_norm": 1.0337893275219159,
    "std_col_norm": 0.8110921242234925
  },
  "metrics_V_centered_rowcol": {
    "frobenius": 0.0,
    "frobenius_sq": 0.0,
    "entropy_sv": 0.0,
    "rank_tol": 0,
    "participation_ratio": 0.0,
    "mean_row_norm": 0.0,
    "std_row_norm": 0.0,
    "mean_col_norm": 0.0,
    "std_col_norm": 0.0
  },
  "row_distance_raw": {
    "max_row_distance": 0.0,
    "mean_row_distance": 0.0,
    "median_row_distance": 0.0
  },
  "row_distance_centered_past": {
    "max_row_distance": 0.0,
    "mean_row_distance": 0.0,
    "median_row_distance": 0.0
  },
  "delta_norm_centered_past": 0.0,
  "corr_weight_vs_centered_block_norm": NaN,
  "corr_terminated_early_vs_centered_block_norm": NaN,
  "summarize_weights": {
    "mean_weight_by_past": [
      4.5642776968748193e-07,
      2.6107793805005908e-09,
      5.332857588218952e-07,
      2.540533252729226e-08,
      1.1699190613707146e-07,
      6.144117708924497e-08,
      1.7902980228687936e-08,
      2.718825440456992e-08,
      2.495595298359773e-06,
      4.137352421892975e-07,
      3.139320073743612e-07,
      1.883548692776728e-10,
      2.3669052051334942e-07,
      2.1977622861637346e-09,
      6.289284584957841e-08,
      1.4738717038025694e-07
    ],
    "mean_weight_by_future": [
      1.2609249800139696e-10,
      1.4098800592268117e-11,
      4.8580054545363506e-08,
      9.886399233842889e-09,
      2.740151566650883e-09,
      2.6219237999968885e-09,
      2.8089125983045395e-11,
      1.491168357922322e-07,
      3.829186270099846e-09,
      1.0319086502792128e-06,
      2.5255589817218816e-09,
      2.3058116001995545e-07,
      4.787394098857304e-10,
      1.6643036952778621e-09,
      2.059891723268851e-11,
      1.5305153032307259e-09,
      6.413279348151463e-09,
      2.1036384939123525e-07,
      2.6364720474398876e-10,
      8.216023222295582e-10,
      9.124150006127286e-07,
      1.0542321336393134e-09,
      1.3773000718886374e-08,
      1.3975784671305867e-10,
      4.6292302787380754e-07,
      1.3546107862759437e-06,
      5.260208872916889e-10,
      5.8058044867949477e-08,
      5.636557502949751e-07,
      5.718310625932507e-09,
      7.61535535989214e-07,
      1.0659759585395941e-07,
      1.7046841090157711e-09,
      4.124090540518515e-07,
      6.067345587896962e-11,
      4.075686529045572e-08,
      2.198867438057419e-07,
      2.312871016918989e-09,
      2.2970296503502466e-09,
      1.9194627455559231e-07,
      8.180623399337516e-08,
      8.568069413098308e-06,
      5.222291734503308e-10,
      6.265869339810135e-08,
      1.3734138311448533e-10,
      2.4240746552314936e-09,
      4.4423183064855395e-11,
      5.491282807430165e-09,
      7.420965442448784e-07,
      6.406594125179224e-08,
      5.506520825645781e-08,
      9.330162073877197e-08,
      1.2489755027644056e-08,
      8.491193437318937e-11,
      5.3149620756941796e-08,
      2.2015109788653012e-07,
      4.803727023385243e-11,
      6.948600043962681e-07,
      7.822141758944569e-10,
      1.2144229147192846e-08,
      4.712885031415732e-09,
      1.9776852838131726e-06,
      1.8669404181471857e-07,
      1.1115565343604657e-09
    ]
  },
  "mean_centered_block_norm_by_past": [
    0.0,
    0.0,
    0.0,
    0.0,
    0.0,
    0.0,
    0.0,
    0.0,
    0.0,
    0.0,
    0.0,
    0.0,
    0.0,
    0.0,
    0.0,
    0.0
  ],
  "mean_centered_block_norm_by_future": [
    0.0,
    0.0,
    0.0,
    0.0,
    0.0,
    0.0,
    0.0,
    0.0,
    0.0,
    0.0,
    0.0,
    0.0,
    0.0,
    0.0,
    0.0,
    0.0,
    0.0,
    0.0,
    0.0,
    0.0,
    0.0,
    0.0,
    0.0,
    0.0,
    0.0,
    0.0,
    0.0,
    0.0,
    0.0,
    0.0,
    0.0,
    0.0,
    0.0,
    0.0,
    0.0,
    0.0,
    0.0,
    0.0,
    0.0,
    0.0,
    0.0,
    0.0,
    0.0,
    0.0,
    0.0,
    0.0,
    0.0,
    0.0,
    0.0,
    0.0,
    0.0,
    0.0,
    0.0,
    0.0,
    0.0,
    0.0,
    0.0,
    0.0,
    0.0,
    0.0,
    0.0,
    0.0,
    0.0,
    0.0
  ],
  "weighted_variants": {
    "masked_lt_1e-12_thr1e-12": {
      "frobenius": 31.432467256738143,
      "frobenius_sq": 987.9999978459155,
      "entropy_sv": 0.13891126009017085,
      "rank_tol": 5,
      "participation_ratio": 0.9499336159188274,
      "mean_row_norm": 7.850718165584111,
      "std_row_norm": 0.3520971834592749,
      "mean_col_norm": 0.9650783111835493,
      "std_col_norm": 1.0001324870424455
    },
    "weighted_sqrt_thr1e-12": {
      "frobenius": 0.017733806315036856,
      "frobenius_sq": 0.0003144878864192411,
      "entropy_sv": 1.0361632918473208e-27,
      "rank_tol": 1,
      "participation_ratio": 1.0,
      "mean_row_norm": 0.0032350108597338553,
      "std_row_norm": 0.0031309547235915695,
      "mean_col_norm": 0.00029252907923814976,
      "std_col_norm": 0.0007278017947168829
    },
    "weighted_linear_thr1e-12": {
      "frobenius": 7.933101772023202e-05,
      "frobenius_sq": 6.2934103725277675e-09,
      "entropy_sv": 1.0361632918473208e-27,
      "rank_tol": 1,
      "participation_ratio": 1.0,
      "mean_row_norm": 9.149202975611105e-06,
      "std_row_norm": 1.817339397967051e-05,
      "mean_col_norm": 6.11746761322402e-07,
      "std_col_norm": 3.4555614759624705e-06
    },
    "masked_lt_1e-10_thr1e-10": {
      "frobenius": 27.838821767746516,
      "frobenius_sq": 774.9999974163572,
      "entropy_sv": 0.46366154874691257,
      "rank_tol": 12,
      "participation_ratio": 0.8234872005214094,
      "mean_row_norm": 6.885590977982876,
      "std_row_norm": 1.0462054469714668,
      "mean_col_norm": 0.8298134591454809,
      "std_col_norm": 0.909228317784529
    },
    "weighted_sqrt_thr1e-10": {
      "frobenius": 0.017733806315036856,
      "frobenius_sq": 0.0003144878864192411,
      "entropy_sv": 1.0361632918473208e-27,
      "rank_tol": 1,
      "participation_ratio": 1.0,
      "mean_row_norm": 0.0032350108597338553,
      "std_row_norm": 0.0031309547235915695,
      "mean_col_norm": 0.00029252907923814976,
      "std_col_norm": 0.0007278017947168829
    },
    "weighted_linear_thr1e-10": {
      "frobenius": 7.933101772023202e-05,
      "frobenius_sq": 6.2934103725277675e-09,
      "entropy_sv": 1.0361632918473208e-27,
      "rank_tol": 1,
      "participation_ratio": 1.0,
      "mean_row_norm": 9.149202975611105e-06,
      "std_row_norm": 1.817339397967051e-05,
      "mean_col_norm": 6.11746761322402e-07,
      "std_col_norm": 3.4555614759624705e-06
    },
    "masked_lt_1e-08_thr1e-08": {
      "frobenius": 19.235384036228254,
      "frobenius_sq": 369.99999902118475,