{
  "case_name": "markov_ref",
  "cut": 15,
  "cut_comparison_mode": "cut_comparison_fresh_probes",
  "J": 0.0,
  "g": 1.0,
  "L": 2,
  "k": 20,
  "dt": 0.1,
  "n_pasts": 16,
  "n_futures": 64,
  "fraction_terminated_early": 0.0,
  "fraction_any_prob_skipped_renormalize": 0.0,
  "fraction_weight_lt_1e-12": 0.0458984375,
  "fraction_weight_lt_1e-10": 0.1708984375,
  "fraction_weight_lt_1e-08": 0.642578125,
  "fraction_weight_lt_1e-06": 0.9453125,
  "mean_cumulative_weight": 3.3745473700237675e-07,
  "median_cumulative_weight": 3.1117263274564096e-09,
  "metrics_V_raw": {
    "frobenius": 32.000000043166565,
    "frobenius_sq": 1024.0000027626602,
    "entropy_sv": 1.0361632918473208e-27,
    "rank_tol": 1,
    "participation_ratio": 1.0,
    "mean_row_norm": 8.000000010791647,
    "std_row_norm": 0.0,
    "mean_col_norm": 1.0214957394673547,
    "std_col_norm": 0.9789884424883672
  },
  "metrics_V_centered_past": {
    "frobenius": 0.0,
    "frobenius_sq": 0.0,
    "entropy_sv": 0.0,
    "rank_tol": 0,
    "participation_ratio": 0.0,
    "mean_row_norm": 0.0,
    "std_row_norm": 0.0,
    "mean_col_norm": 0.0,
    "std_col_norm": 0.0
  },
  "metrics_V_centered_global": {
    "frobenius": 29.53374732473823,
    "frobenius_sq": 872.2422310414825,
    "entropy_sv": 1.0361632918473208e-27,
    "rank_tol": 1,
    "participation_ratio": 1.0,
    "mean_row_norm": 7.383436831184556,
    "std_row_norm": 0.0,
    "mean_col_norm": 1.0587549656875268,
    "std_col_norm": 0.764052496927272
  },
  "metrics_V_centered_rowcol": {
    "frobenius": 0.0,
    "frobenius_sq": 0.0,
    "entropy_sv": 0.0,
    "rank_tol": 0,
    "participation_ratio": 0.0,
    "mean_row_norm": 0.0,
    "std_row_norm": 0.0,
    "mean_col_norm": 0.0,
    "std_col_norm": 0.0
  },
  "row_distance_raw": {
    "max_row_distance": 0.0,
    "mean_row_distance": 0.0,
    "median_row_distance": 0.0
  },
  "row_distance_centered_past": {
    "max_row_distance": 0.0,
    "mean_row_distance": 0.0,
    "median_row_distance": 0.0
  },
  "delta_norm_centered_past": 0.0,
  "corr_weight_vs_centered_block_norm": NaN,
  "corr_terminated_early_vs_centered_block_norm": NaN,
  "summarize_weights": {
    "mean_weight_by_past": [
      5.034284791749958e-08,
      9.50739429376822e-09,
      1.8012170218436467e-08,
      7.75306003596737e-09,
      4.0804215303218665e-06,
      3.0547066416770417e-09,
      2.69550659980272e-08,
      2.2476989976014634e-08,
      8.074140741030211e-10,
      8.756273467114777e-10,
      1.7634015327832481e-12,
      6.607827983667942e-07,
      4.524006320546887e-07,
      5.330520187878035e-08,
      9.330608953789274e-09,
      3.247980558370328e-09
    ],
    "mean_weight_by_future": [
      6.722073755509655e-07,
      8.791928555454773e-07,
      2.6595656555704557e-07,
      6.722580468066783e-10,
      9.43665762392812e-09,
      1.444508638154854e-07,
      3.450668934990434e-10,
      2.8414392736999742e-09,
      3.5983564051771425e-07,
      4.4561430174452255e-07,
      2.1885649463723462e-07,
      1.1327530830381789e-06,
      1.484574721536496e-07,
      3.0717455508480727e-10,
      1.1934367764431597e-07,
      5.529565185948774e-09,
      1.608831261703118e-07,
      5.67137580759401e-09,
      7.84518196497053e-07,
      1.8108800100736727e-07,
      1.7342098029742146e-06,
      4.7207165538036576e-08,
      1.6094908958332364e-06,
      7.255376575087089e-09,
      7.626371450270709e-08,
      2.6396255310865854e-07,
      5.428229530472101e-06,
      4.842949789988557e-08,
      2.498306336970781e-08,
      5.7907132506034965e-08,
      6.708339778641493e-08,
      7.612977954619593e-07,
      4.8848768755186467e-08,
      2.3114474549079083e-08,
      4.929936011888811e-09,
      1.7620143311489296e-07,
      2.992912815665723e-07,
      7.556736751666826e-07,
      9.402980245421188e-07,
      3.336081540269912e-08,
      1.034255332298196e-07,
      7.763806545360077e-09,
      1.8045365983019615e-07,
      5.653030033616988e-07,
      2.015262698064696e-08,
      8.209186266090626e-07,
      2.3865954708423326e-08,
      8.480133532064643e-08,
      1.1118718953761979e-07,
      7.18590214268238e-08,
      8.653963565828536e-09,
      2.0472333959918432e-07,
      1.9079065958496864e-08,
      1.5759296905380856e-08,
      3.5027540369945564e-08,
      1.6588069928555357e-08,
      2.197369850013384e-09,
      2.212681637517237e-09,
      4.476286916983989e-08,
      2.214547682988144e-08,
      3.104614431722338e-07,
      1.1454006470237467e-07,
      1.624942731604626e-09,
      8.635967597779084e-07
    ]
  },
  "mean_centered_block_norm_by_past": [
    0.0,
    0.0,
    0.0,
    0.0,
    0.0,
    0.0,
    0.0,
    0.0,
    0.0,
    0.0,
    0.0,
    0.0,
    0.0,
    0.0,
    0.0,
    0.0
  ],
  "mean_centered_block_norm_by_future": [
    0.0,
    0.0,
    0.0,
    0.0,
    0.0,
    0.0,
    0.0,
    0.0,
    0.0,
    0.0,
    0.0,
    0.0,
    0.0,
    0.0,
    0.0,
    0.0,
    0.0,
    0.0,
    0.0,
    0.0,
    0.0,
    0.0,
    0.0,
    0.0,
    0.0,
    0.0,
    0.0,
    0.0,
    0.0,
    0.0,
    0.0,
    0.0,
    0.0,
    0.0,
    0.0,
    0.0,
    0.0,
    0.0,
    0.0,
    0.0,
    0.0,
    0.0,
    0.0,
    0.0,
    0.0,
    0.0,
    0.0,
    0.0,
    0.0,
    0.0,
    0.0,
    0.0,
    0.0,
    0.0,
    0.0,
    0.0,
    0.0,
    0.0,
    0.0,
    0.0,
    0.0,
    0.0,
    0.0,
    0.0
  ],
  "weighted_variants": {
    "masked_lt_1e-12_thr1e-12": {
      "frobenius": 31.25699925629858,
      "frobenius_sq": 977.0000025082501,
      "entropy_sv": 0.0978142637321578,
      "rank_tol": 3,
      "participation_ratio": 0.9650403497634011,
      "mean_row_norm": 7.770661974870772,
      "std_row_norm": 0.8512344786645927,
      "mean_col_norm": 0.9984714547723843,
      "std_col_norm": 0.9555318767230064
    },
    "weighted_sqrt_thr1e-12": {
      "frobenius": 0.018589073431865756,
      "frobenius_sq": 0.0003455536510552973,
      "entropy_sv": 1.0361632918473208e-27,
      "rank_tol": 1,
      "participation_ratio": 1.0,
      "mean_row_norm": 0.0024314044887265257,
      "std_row_norm": 0.004090362709675067,
      "mean_col_norm": 0.00043627190457671313,
      "std_col_norm": 0.0006967959458906446
    },
    "weighted_linear_thr1e-12": {
      "frobenius": 8.078482058739998e-05,
      "frobenius_sq": 6.526187237338404e-09,
      "entropy_sv": 1.0361632918473208e-27,
      "rank_tol": 1,
      "participation_ratio": 1.0,
      "mean_row_norm": 6.5545546935039556e-06,
      "std_row_norm": 1.972949102512319e-05,
      "mean_col_norm": 1.1022147256561456e-06,
      "std_col_norm": 3.3991394268892748e-06
    },
    "masked_lt_1e-10_thr1e-10": {
      "frobenius": 29.137604613810765,
      "frobenius_sq": 849.0000026307664,
      "entropy_sv": 0.30137957712071384,
      "rank_tol": 7,
      "participation_ratio": 0.8829968330701976,
      "mean_row_norm": 7.034701971041342,
      "std_row_norm": 1.9529037096726891,
      "mean_col_norm": 0.9225067064201509,
      "std_col_norm": 0.899313140223192
    },
    "weighted_sqrt_thr1e-10": {
      "frobenius": 0.018589073431865756,
      "frobenius_sq": 0.0003455536510552973,
      "entropy_sv": 1.0361632918473208e-27,
      "rank_tol": 1,
      "participation_ratio": 1.0,
      "mean_row_norm": 0.0024314044887265257,
      "std_row_norm": 0.004090362709675067,
      "mean_col_norm": 0.00043627190457671313,
      "std_col_norm": 0.0006967959458906446
    },
    "weighted_linear_thr1e-10": {
      "frobenius": 8.078482058739998e-05,
      "frobenius_sq": 6.526187237338404e-09,
      "entropy_sv": 1.0361632918473208e-27,
      "rank_tol": 1,
      "participation_ratio": 1.0,
      "mean_row_norm": 6.5545546935039556e-06,
      "std_row_norm": 1.972949102512319e-05,
      "mean_col_norm": 1.1022147256561456e-06,
      "std_col_norm": 3.3991394268892748e-06
    },
    "masked_lt_1e-08_thr1e-08": {
      "frobenius": 19.131126490749864,
      "frobenius_sq": 366.0000008050712,