{
  "case_name": "sweep",
  "L": 2,
  "k": 20,
  "dt": 0.1,
  "cut": 10,
  "J": 2.0,
  "g": 1.0,
  "n_pasts": 32,
  "n_futures": 32,
  "n_seeds": 1,
  "branch_weight_beta": 1.0,
  "delta": 1.4413140761429536e-06,
  "delta_norm": 0.9634063488601206,
  "entropy": 0.0009070764808403509,
  "rank": 4,
  "max_row_distance": 0.001222409060506169,
  "mean_row_distance": 8.159382007471522e-05,
  "median_row_distance": 1.7416054680308692e-06,
  "weight_preparation": {
    "weight_data_invalid": false,
    "nan_count": 0,
    "posinf_count": 0,
    "neginf_count": 0,
    "negative_count": 0,
    "warnings": []
  }
}