{
  "case_name": "nm_mid",
  "cut": 10,
  "cut_comparison_mode": "cut_comparison_fresh_probes",
  "J": 1.0,
  "g": 1.0,
  "L": 2,
  "k": 20,
  "dt": 0.1,
  "n_pasts": 32,
  "n_futures": 32,
  "fraction_terminated_early": 0.0,
  "fraction_any_prob_skipped_renormalize": 0.0,
  "fraction_weight_lt_1e-12": 0.033203125,
  "fraction_weight_lt_1e-10": 0.19921875,
  "fraction_weight_lt_1e-08": 0.5576171875,
  "fraction_weight_lt_1e-06": 0.9130859375,
  "mean_cumulative_weight": 6.469371442461234e-07,
  "median_cumulative_weight": 5.618673341662913e-09,
  "metrics_V_raw": {
    "frobenius": 31.8440417886491,
    "frobenius_sq": 1014.0429974372302,
    "entropy_sv": 0.016413438820763418,
    "rank_tol": 32,
    "participation_ratio": 0.9958982724447041,
    "mean_row_norm": 5.629280739238075,
    "std_row_norm": 0.006586692877678696,
    "mean_col_norm": 1.45434513705815,
    "std_col_norm": 1.3613320096831798
  },
  "metrics_V_centered_past": {
    "frobenius": 1.4440247448856363,
    "frobenius_sq": 2.085207463842027,
    "entropy_sv": 0.8032092296752982,
    "rank_tol": 31,
    "participation_ratio": 0.5477063286848811,
    "mean_row_norm": 0.2344305100513752,
    "std_row_norm": 0.10263656747392154,
    "mean_col_norm": 0.056002139597737643,
    "std_col_norm": 0.07091364856941502
  },
  "metrics_V_centered_global": {
    "frobenius": 30.00477321426796,
    "frobenius_sq": 900.2864156396521,
    "entropy_sv": 0.018170071402240372,
    "rank_tol": 32,
    "participation_ratio": 0.995393077768625,
    "mean_row_norm": 5.304129181536102,
    "std_row_norm": 0.013015695390208457,
    "mean_col_norm": 1.5255974865457462,
    "std_col_norm": 1.0926847791065706
  },
  "metrics_V_centered_rowcol": {
    "frobenius": 1.439054992598516,
    "frobenius_sq": 2.070879271722715,
    "entropy_sv": 0.8015650665208255,
    "rank_tol": 31,
    "participation_ratio": 0.5495703594550087,
    "mean_row_norm": 0.23367332586350112,
    "std_row_norm": 0.10216623529724866,
    "mean_col_norm": 0.05837526804809119,
    "std_col_norm": 0.06855698246164976
  },
  "row_distance_raw": {
    "max_row_distance": 0.7811586794545564,
    "mean_row_distance": 0.3271601312815419,
    "median_row_distance": 0.2986916927098776
  },
  "row_distance_centered_past": {
    "max_row_distance": 0.7811586794545564,
    "mean_row_distance": 0.3271601312815419,
    "median_row_distance": 0.2986916927098776
  },
  "delta_norm_centered_past": 0.0020563304210096897,
  "corr_weight_vs_centered_block_norm": -0.0299226650108835,
  "corr_terminated_early_vs_centered_block_norm": NaN,
  "summarize_weights": {
    "mean_weight_by_past": [
      7.772127416324258e-08,
      4.411323154555858e-06,
      4.015589455033769e-06,
      3.336953852155485e-08,
      1.9569655768962427e-06,
      4.827269548622406e-07,
      3.681377479169637e-07,
      1.4633077270485653e-06,
      7.587352609251434e-08,
      2.6678896776716848e-08,
      1.2562374087673888e-10,
      7.187889831047686e-09,
      1.9466209234009041e-07,
      1.1559577968933945e-08,
      9.74597960276399e-09,
      8.007363923920727e-07,
      4.519792413356896e-08,
      8.036374380941524e-09,
      4.997616875305976e-08,
      1.5210006472181317e-10,
      9.020885297978775e-11,
      1.4946720443817673e-07,
      1.517114501443753e-10,
      4.559876867672016e-09,
      1.3484828574055373e-10,
      5.369955476900335e-06,
      8.288308771433527e-08,
      2.0672715715227202e-07,
      5.309456029227365e-08,
      4.089507131078633e-08,
      1.708475074273364e-08,
      7.378706867927508e-07
    ],
    "mean_weight_by_future": [
      3.536517387370438e-08,
      7.122570049383739e-10,
      1.15480400538307e-06,
      2.029638055051399e-07,
      1.8004721610284926e-09,
      1.5045704489124244e-08,
      6.386248847484802e-09,
      8.362475120703138e-07,
      3.740213126842024e-07,
      2.510433329005547e-08,
      6.418834449191573e-07,
      9.254339612940252e-09,
      1.1318574997757105e-09,
      2.5583304034157367e-08,
      4.5409402454317854e-11,
      7.249648880374128e-08,
      4.649396628278216e-07,
      2.0046561943892415e-08,
      2.1329982360418434e-07,
      7.129968245564283e-08,
      1.3270122255941137e-06,
      1.9717751175959526e-08,
      7.088093624606207e-07,
      6.224012874675157e-06,
      2.5088105197431263e-06,
      3.538706145736108e-08,
      3.3205468917300455e-07,
      1.9088276023845677e-07,
      1.0142310798321522e-09,
      4.624798235713467e-07,
      4.718487218133298e-06,
      8.886981608421942e-10
    ]
  },
  "mean_centered_block_norm_by_past": [
    0.056785423384526176,
    0.017271124776926758,
    0.012238391614249522,
    0.08268989749418172,
    0.03451679507969153,
    0.02097968867797976,
    0.03126985734370014,
    0.04670449706716905,
    0.01351190115951785,
    0.01622309799292994,
    0.03509214871546201,
    0.03817704308315483,
    0.04939469592892819,
    0.01904992384386963,
    0.0345253397461205,
    0.03150369472942814,
    0.016100816823410274,
    0.02653794598393767,
    0.015571089294305597,
    0.03666882224320062,
    0.041007655246085566,
    0.07241505463863104,
    0.02125292201111942,
    0.045940083504750664,
    0.04166405465524929,
    0.04012833787393297,
    0.02774366858280137,
    0.033899461312260584,
    0.061460032464649865,
    0.0373399782969777,
    0.018091355619630815,
    0.024387573326889223
  ],
  "mean_centered_block_norm_by_future": [
    0.03898907778861453,
    0.04691351865133183,
    0.0414951474314131,
    0.04738718275828632,
    0.04102255334554958,
    0.010987410831370288,
    0.03861534190455853,
    0.02970474050800487,
    0.04717542028425349,
    0.012650159319969424,
    0.017963152114917065,
    0.06805384479213103,
    0.023172914285072666,
    0.028834151547590024,
    0.013980904858883392,
    0.04470825871784513,
    0.051552508617763906,
    0.0663365846817624,
    0.030931242050409497,
    0.04218877460734083,
    0.028177798430836242,
    0.03138241237091262,
    0.021255300521357705,
    0.05024756437004133,
    0.026922156567114858,
    0.03587231570598459,
    0.02689544044977508,
    0.03502893705386375,
    0.022678176525809255,
    0.013381170026561074,
    0.03056559484681144,
    0.03507261654953253
  ],
  "weighted_variants": {
    "masked_lt_1e-12_thr1e-12": {
      "frobenius": 31.31054516155659,
      "frobenius_sq": 980.3502383138748,
      "entropy_sv": 0.13957901582745388,
      "rank_tol": 32,
      "participation_ratio": 0.948162682461492,
      "mean_row_norm": 5.531514466736425,
      "std_row_norm": 0.19881624284721336,
      "mean_col_norm": 1.4303438825100157,
      "std_col_norm": 1.3381345385362395
    },
    "weighted_sqrt_thr1e-12": {
      "frobenius": 0.025582717260475528,
      "frobenius_sq": 0.0006544754224294325,
      "entropy_sv": 0.020130809115694058,
      "rank_tol": 27,
      "participation_ratio": 0.9947739741158722,
      "mean_row_norm": 0.0028230104367697522,
      "std_row_norm": 0.003589658123688654,
      "mean_col_norm": 0.0007800739092013114,
      "std_col_norm": 0.001398452232182281
    },
    "weighted_linear_thr1e-12": {
      "frobenius": 0.00011126082439446281,
      "frobenius_sq": 1.2378971044935492e-08,
      "entropy_sv": 0.01922741495851581,
      "rank_tol": 4,
      "participation_ratio": 0.9949561746478882,
      "mean_row_norm": 8.486378329812397e-06,
      "std_row_norm": 1.802719745982468e-05,
      "mean_col_norm": 2.254983176176763e-06,
      "std_col_norm": 6.590909981796346e-06
    },
    "masked_lt_1e-10_thr1e-10": {
      "frobenius": 28.491630576628495,
      "frobenius_sq": 811.7730129150718,
      "entropy_sv": 0.40572448884152257,
      "rank_tol": 32,
      "participation_ratio": 0.844141086002558,
      "mean_row_norm": 4.945647020151686,
      "std_row_norm": 0.9683945906823,
      "mean_col_norm": 1.2919480720374583,
      "std_col_norm": 1.2279039669604663
    },
    "weighted_sqrt_thr1e-10": {
      "frobenius": 0.025582717260475528,