{
  "case_name": "sweep",
  "L": 2,
  "k": 20,
  "dt": 0.1,
  "cut": 10,
  "J": 1.8,
  "g": 1.0,
  "n_pasts": 32,
  "n_futures": 32,
  "n_seeds": 1,
  "delta": 7.496332184545444,
  "delta_norm": 0.007501061682234017,
  "entropy": 1.326674787480256,
  "rank": 31,
  "participation_ratio": 2.7929700932441905,
  "max_row_distance": 1.3290674554273045,
  "mean_row_distance": 0.6489463555352524,
  "median_row_distance": 0.6481010174475053,
  "delta_z": 0.07986643318869928,
  "delta_z_norm": 0.0002004088439276551,
  "entropy_z": 1.258185436820811,
  "rank_z": 31,
  "participation_ratio_z": 2.6282321660720283
}