L,k,dt,g,left_cut,tau,ell,right_cut,past_len_fixed,future_len_fixed,J,n_pasts,n_futures,n_seeds,branch_weight_beta,entropy,entropy_std,delta_norm,rank
6,22,0.1,1.0,16,0,0,17,15,5,1.0,32,32,1,1.0,0.0692509758898085,0.0,0.22205884570878093,11
6,23,0.1,1.0,16,1,1,18,15,5,1.0,32,32,1,1.0,0.06285842045137809,0.0,0.16593054133436574,12
6,24,0.1,1.0,16,2,2,19,15,5,1.0,32,32,1,1.0,0.028764418146605696,0.0,0.23061477969540886,11
6,25,0.1,1.0,16,3,3,20,15,5,1.0,32,32,1,1.0,0.03861987673044092,0.0,0.13245400784202002,11
6,26,0.1,1.0,16,4,4,21,15,5,1.0,32,32,1,1.0,0.012894963214882716,0.0,0.20411279328912815,11
6,27,0.1,1.0,16,5,5,22,15,5,1.0,32,32,1,1.0,0.007173143330899346,0.0,0.23936902971991506,11
