{
  "case_name": "sweep",
  "L": 2,
  "k": 20,
  "dt": 0.1,
  "cut": 15,
  "J": 1.4,
  "g": 1.0,
  "n_pasts": 32,
  "n_futures": 32,
  "n_seeds": 1,
  "branch_weight_beta": 1.0,
  "delta": 3.996121545660432e-10,
  "delta_norm": 0.8859763189399072,
  "entropy": 0.02104822340186636,
  "rank": 4,
  "max_row_distance": 1.6663792064892325e-05,
  "mean_row_distance": 2.263478395875444e-06,
  "median_row_distance": 2.4781545742030187e-07,
  "weight_preparation": {
    "weight_data_invalid": false,
    "nan_count": 0,
    "posinf_count": 0,
    "neginf_count": 0,
    "negative_count": 0,
    "warnings": []
  }
}