{
  "case_name": "sweep",
  "L": 2,
  "k": 20,
  "dt": 0.1,
  "cut": 10,
  "J": 0.6,
  "g": 1.0,
  "n_pasts": 32,
  "n_futures": 32,
  "n_seeds": 1,
  "delta": 0.67168875948763,
  "delta_norm": 0.0006577921498848459,
  "entropy": 0.8479223843681881,
  "rank": 31,
  "participation_ratio": 1.857789306768545,
  "max_row_distance": 0.6314681447266814,
  "mean_row_distance": 0.16437523947147853,
  "median_row_distance": 0.13079771704320658,
  "delta_z": 0.05045681995847157,
  "delta_z_norm": 0.00012643809793214144,
  "entropy_z": 0.3375713611356936,
  "rank_z": 31,
  "participation_ratio_z": 1.1873698753080835
}