{
  "case_name": "markov_ref",
  "cut": 5,
  "cut_comparison_mode": "cut_comparison_fresh_probes",
  "J": 0.0,
  "g": 1.0,
  "L": 2,
  "k": 20,
  "dt": 0.1,
  "n_pasts": 64,
  "n_futures": 16,
  "fraction_terminated_early": 0.0,
  "fraction_any_prob_skipped_renormalize": 0.0,
  "fraction_weight_lt_1e-12": 0.001953125,
  "fraction_weight_lt_1e-10": 0.0966796875,
  "fraction_weight_lt_1e-08": 0.5791015625,
  "fraction_weight_lt_1e-06": 0.9326171875,
  "mean_cumulative_weight": 4.926212352332025e-07,
  "median_cumulative_weight": 5.390786656711944e-09,
  "metrics_V_raw": {
    "frobenius": 31.999999891828065,
    "frobenius_sq": 1023.9999930769961,
    "entropy_sv": 4.351885825758746e-27,
    "rank_tol": 1,
    "participation_ratio": 1.0,
    "mean_row_norm": 3.9999999864785076,
    "std_row_norm": 8.951997022403363e-16,
    "mean_col_norm": 1.958113632092136,
    "std_col_norm": 2.0490467181765646
  },
  "metrics_V_centered_past": {
    "frobenius": 0.0,
    "frobenius_sq": 0.0,
    "entropy_sv": 0.0,
    "rank_tol": 0,
    "participation_ratio": 0.0,
    "mean_row_norm": 0.0,
    "std_row_norm": 0.0,
    "mean_col_norm": 0.0,
    "std_col_norm": 0.0
  },
  "metrics_V_centered_global": {
    "frobenius": 28.40634686971089,
    "frobenius_sq": 806.9205424823338,
    "entropy_sv": 4.351885825758746e-27,
    "rank_tol": 1,
    "participation_ratio": 1.0,
    "mean_row_norm": 3.550793358713862,
    "std_row_norm": 4.475998511201681e-16,
    "mean_col_norm": 2.019355727855327,
    "std_col_norm": 1.4979315275150749
  },
  "metrics_V_centered_rowcol": {
    "frobenius": 0.0,
    "frobenius_sq": 0.0,
    "entropy_sv": 0.0,
    "rank_tol": 0,
    "participation_ratio": 0.0,
    "mean_row_norm": 0.0,
    "std_row_norm": 0.0,
    "mean_col_norm": 0.0,
    "std_col_norm": 0.0
  },
  "row_distance_raw": {
    "max_row_distance": 0.0,
    "mean_row_distance": 0.0,
    "median_row_distance": 0.0
  },
  "row_distance_centered_past": {
    "max_row_distance": 0.0,
    "mean_row_distance": 0.0,
    "median_row_distance": 0.0
  },
  "delta_norm_centered_past": 0.0,
  "corr_weight_vs_centered_block_norm": NaN,
  "corr_terminated_early_vs_centered_block_norm": NaN,
  "summarize_weights": {
    "mean_weight_by_past": [
      1.5758917036989196e-07,
      6.440928950152909e-08,
      5.272390096676193e-08,
      1.2692318751947282e-09,
      2.773754003980985e-07,
      1.8719364610769578e-07,
      3.1813332039590524e-07,
      7.653965291488507e-09,
      4.0244467528742106e-07,
      5.149046422308271e-08,
      3.41374981811315e-08,
      9.207464164346499e-08,
      3.103463740806835e-07,
      5.5568177522282837e-08,
      5.874332174753393e-08,
      9.834583845342843e-07,
      6.206588930074496e-07,
      1.4816514025478127e-07,
      9.81097993709041e-07,
      1.1838851052728292e-07,
      3.376769469185833e-07,
      2.6489435442210745e-06,
      3.5556206096340208e-09,
      1.6048592531663883e-08,
      5.058626045755697e-06,
      1.918326508765995e-08,
      7.838172188406537e-08,
      1.5971422161516928e-06,
      2.4411130436469813e-07,
      3.1948263638267125e-07,
      9.70119293953291e-08,
      4.3121732133152286e-07,
      1.7001377630051727e-06,
      4.50069614760273e-08,
      5.86915332046397e-07,
      1.7156458333349315e-06,
      2.4321894660757826e-08,
      8.930698969191814e-08,
      3.6304087486848536e-09,
      4.0905367066086305e-06,
      5.8464963016881253e-08,
      1.5295718003552286e-06,
      4.572880472330205e-08,
      1.3464149806940567e-07,
      9.811763803985464e-08,
      1.3271205112081108e-09,
      3.695611671318412e-07,
      5.095244460736511e-07,
      1.084541034309656e-06,
      4.456167010747834e-09,
      2.9745313695996553e-08,
      5.024928001640924e-07,
      1.0159361713152825e-07,
      3.040315210139421e-07,
      8.506621683886534e-08,
      5.719286780544181e-08,
      1.3254325926599917e-07,
      8.39401791191508e-07,
      1.4317034993560504e-07,
      2.078789540492294e-08,
      5.601056593454594e-09,
      1.4843563553495419e-07,
      8.805653670337641e-07,
      4.113916902412907e-07
    ],
    "mean_weight_by_future": [
      6.140423318478262e-09,
      3.570750838791018e-08,
      4.837043596446007e-06,
      2.9617861662617276e-10,
      1.433551950447269e-09,
      1.4850835777895091e-09,
      3.9862338109189004e-07,
      6.679457967629403e-08,
      9.194791920520264e-09,
      3.612583732437659e-08,
      1.781483628415266e-08,
      1.1031806454201382e-08,
      5.9176957982356325e-08,
      2.202056869116686e-08,
      1.246074154644331e-09,
      2.3778045878543777e-06
    ]
  },
  "mean_centered_block_norm_by_past": [
    0.0,
    0.0,
    0.0,
    0.0,
    0.0,
    0.0,
    0.0,
    0.0,
    0.0,
    0.0,
    0.0,
    0.0,
    0.0,
    0.0,
    0.0,
    0.0,
    0.0,
    0.0,
    0.0,
    0.0,
    0.0,
    0.0,
    0.0,
    0.0,
    0.0,
    0.0,
    0.0,
    0.0,
    0.0,
    0.0,
    0.0,
    0.0,
    0.0,
    0.0,
    0.0,
    0.0,
    0.0,
    0.0,
    0.0,
    0.0,
    0.0,
    0.0,
    0.0,
    0.0,
    0.0,
    0.0,
    0.0,
    0.0,
    0.0,
    0.0,
    0.0,
    0.0,
    0.0,
    0.0,
    0.0,
    0.0,
    0.0,
    0.0,
    0.0,
    0.0,
    0.0,
    0.0,
    0.0,
    0.0
  ],
  "mean_centered_block_norm_by_future": [
    0.0,
    0.0,
    0.0,
    0.0,
    0.0,
    0.0,
    0.0,
    0.0,
    0.0,
    0.0,
    0.0,
    0.0,
    0.0,
    0.0,
    0.0,
    0.0
  ],
  "weighted_variants": {
    "masked_lt_1e-12_thr1e-12": {
      "frobenius": 31.968734617018104,
      "frobenius_sq": 1021.9999930133316,
      "entropy_sv": 0.013072946687544952,
      "rank_tol": 2,
      "participation_ratio": 0.9964384326284017,
      "mean_row_norm": 3.9960307159052095,
      "std_row_norm": 0.022274669229888133,
      "mean_col_norm": 1.9559287499758367,
      "std_col_norm": 2.047306395941564
    },
    "weighted_sqrt_thr1e-12": {
      "frobenius": 0.022459833840565966,
      "frobenius_sq": 0.0005044441361458322,
      "entropy_sv": 4.351885825758746e-27,
      "rank_tol": 1,
      "participation_ratio": 1.0,
      "mean_row_norm": 0.0021161102990703926,
      "std_row_norm": 0.0018595829754578482,
      "mean_col_norm": 0.0008106643268964031,
      "std_col_norm": 0.0018192442941544669
    },
    "weighted_linear_thr1e-12": {
      "frobenius": 9.012259044116814e-05,
      "frobenius_sq": 8.12208130782653e-09,
      "entropy_sv": 4.351885825758746e-27,
      "rank_tol": 1,
      "participation_ratio": 1.0,
      "mean_row_norm": 5.405686002489824e-06,
      "std_row_norm": 9.961759481347461e-06,
      "mean_col_norm": 2.366654425338709e-06,
      "std_col_norm": 7.635983248723442e-06
    },
    "masked_lt_1e-10_thr1e-10": {
      "frobenius": 30.413812517506194,
      "frobenius_sq": 924.9999918500165,
      "entropy_sv": 0.2705534297620221,
      "rank_tol": 7,
      "participation_ratio": 0.8989814447145879,
      "mean_row_norm": 3.7829696993500406,
      "std_row_norm": 0.38016220625725977,
      "mean_col_norm": 1.849855315672719,
      "std_col_norm": 1.958202035026937
    },
    "weighted_sqrt_thr1e-10": {
      "frobenius": 0.022459833840565966,
      "frobenius_sq": 0.0005044441361458322,
      "entropy_sv": 4.351885825758746e-27,
      "rank_tol": 1,
      "participation_ratio": 1.0,
      "mean_row_norm": 0.0021161102990703926,
      "std_row_norm": 0.0018595829754578482,
      "mean_col_norm": 0.0008106643268964031,
      "std_col_norm": 0.0018192442941544669
    },
    "weighted_linear_thr1e-10": {
      "frobenius": 9.012259044116814e-05,
      "frobenius_sq": 8.12208130782653e-09,
      "entropy_sv": 4.351885825758746e-27,
      "rank_tol": 1,
      "participation_ratio": 1.0,
      "mean_row_norm": 5.405686002489824e-06,
      "std_row_norm": 9.961759481347461e-06,
      "mean_col_norm": 2.366654425338709e-06,
      "std_col_norm": 7.635983248723442e-06
    },
    "masked_lt_1e-08_thr1e-08": {
      "frobenius": 20.760539330347715,