{
  "case_name": "trivial",
  "cut": 5,
  "cut_comparison_mode": "asymmetry_grid",
  "J": 0.0,
  "g": 0.0,
  "L": 2,
  "k": 20,
  "dt": 0.1,
  "n_pasts": 64,
  "n_futures": 64,
  "fraction_terminated_early": 0.0,
  "fraction_any_prob_skipped_renormalize": 0.0,
  "fraction_weight_lt_1e-12": 0.0302734375,
  "fraction_weight_lt_1e-10": 0.19287109375,
  "fraction_weight_lt_1e-08": 0.591552734375,
  "fraction_weight_lt_1e-06": 0.912109375,
  "mean_cumulative_weight": 7.626792784717723e-07,
  "median_cumulative_weight": 4.15683891249893e-09,
  "metrics_V_raw": {
    "frobenius": 64.00000014169477,
    "frobenius_sq": 4096.0000181369305,
    "entropy_sv": 4.351885825758746e-27,
    "rank_tol": 1,
    "participation_ratio": 1.0,
    "mean_row_norm": 8.00000001771185,
    "std_row_norm": 0.0,
    "mean_col_norm": 2.0123257990635466,
    "std_col_norm": 1.989541636032317
  },
  "metrics_V_centered_past": {
    "frobenius": 0.0,
    "frobenius_sq": 0.0,
    "entropy_sv": 0.0,
    "rank_tol": 0,
    "participation_ratio": 0.0,
    "mean_row_norm": 0.0,
    "std_row_norm": 0.0,
    "mean_col_norm": 0.0,
    "std_col_norm": 0.0
  },
  "metrics_V_centered_global": {
    "frobenius": 59.62371099923981,
    "frobenius_sq": 3554.9869133208704,
    "entropy_sv": 4.351885825758746e-27,
    "rank_tol": 1,
    "participation_ratio": 1.0,
    "mean_row_norm": 7.452963874904979,
    "std_row_norm": 1.7903994044806725e-15,
    "mean_col_norm": 2.0963480650950146,
    "std_col_norm": 1.5980132024727975
  },
  "metrics_V_centered_rowcol": {
    "frobenius": 0.0,
    "frobenius_sq": 0.0,
    "entropy_sv": 0.0,
    "rank_tol": 0,
    "participation_ratio": 0.0,
    "mean_row_norm": 0.0,
    "std_row_norm": 0.0,
    "mean_col_norm": 0.0,
    "std_col_norm": 0.0
  },
  "row_distance_raw": {
    "max_row_distance": 0.0,
    "mean_row_distance": 0.0,
    "median_row_distance": 0.0
  },
  "row_distance_centered_past": {
    "max_row_distance": 0.0,
    "mean_row_distance": 0.0,
    "median_row_distance": 0.0
  },
  "delta_norm_centered_past": 0.0,
  "corr_weight_vs_centered_block_norm": NaN,
  "corr_terminated_early_vs_centered_block_norm": NaN,
  "summarize_weights": {
    "mean_weight_by_past": [
      1.5170397754143626e-06,
      1.5218297445810088e-06,
      7.800150885384035e-07,
      6.784633117538492e-07,
      8.195845921429829e-07,
      5.666160501097041e-09,
      6.256313769538277e-08,
      2.5964852255457418e-06,
      1.546918747864613e-08,
      5.575830212039651e-07,
      1.1265272840814136e-06,
      1.688452407286424e-06,
      7.870959780499577e-07,
      7.278929065302562e-10,
      1.11349590320843e-06,
      1.2242605542470968e-07,
      6.833626451798359e-08,
      1.9406577376831596e-07,
      7.034779160880738e-10,
      4.216238878305604e-08,
      1.9223709734903558e-07,
      3.306685552317205e-08,
      1.1833134977513101e-08,
      1.4187853873972164e-06,
      3.942469360492653e-07,
      5.423859116514428e-08,
      1.659951916399789e-07,
      1.1619898271178109e-08,
      9.746157975474608e-09,
      5.2717675360853176e-08,
      9.424662247638788e-08,
      9.799473724342742e-07,
      9.745969742362516e-08,
      3.0653168210565547e-06,
      1.0125255084930725e-06,
      1.0647027782530398e-07,
      1.1211138127861164e-05,
      4.083705392394238e-08,
      9.23158503573222e-07,
      1.6924224529801344e-06,
      9.426060942690294e-08,
      5.350344257119221e-08,
      2.4061758964889264e-09,
      9.643339903704523e-07,
      9.42452521047535e-09,
      8.464982009050658e-08,
      1.1719662179918698e-07,
      7.509037880569353e-07,
      5.5769677757713636e-08,
      1.1294137478693229e-07,
      8.867957860910273e-09,
      7.45080439452293e-08,
      4.60217595002525e-07,
      4.5484874511250755e-07,
      3.8121668741970786e-07,
      1.3913247689845083e-06,
      6.107678996859663e-07,
      2.464043739456655e-06,
      3.323559111491435e-09,
      9.29718162141926e-07,
      9.68739014241805e-07,
      1.58096400800825e-06,
      4.5328600247880574e-10,
      1.9703882946978166e-06
    ],
    "mean_weight_by_future": [
      1.075045243209302e-07,
      4.064999426088728e-09,
      4.52017055126508e-10,
      5.7168346468530235e-12,
      4.7206478282750165e-12,
      1.0567838072407947e-08,
      6.865519563142807e-09,
      1.6342002790806555e-08,
      6.573240268375531e-08,
      1.244956116652222e-09,
      1.0466077005862684e-05,
      2.4655843008195466e-08,
      6.148450782474773e-08,
      3.232557595900942e-07,
      5.2900138769683114e-09,
      1.5934745040082462e-09,
      1.560842293250835e-09,
      3.4611833349471814e-06,
      1.6310629469563593e-06,
      1.4916400544590434e-06,
      2.895206148675189e-08,
      2.234241306630753e-09,
      8.093447959062364e-09,
      7.422777735449658e-08,
      2.9820413315738063e-08,
      2.854128892533263e-07,
      1.499357598812177e-08,
      1.0655035723775938e-07,
      1.8378754048893855e-08,
      1.3326437148596759e-06,
      3.81779641083273e-09,
      1.3051003927359761e-10,
      2.0363459114389058e-07,
      2.0463216858098724e-10,
      2.239783641351148e-08,
      4.440787240738894e-08,
      6.910648523935502e-10,
      9.025956883190451e-09,
      1.0818548133269554e-10,
      3.7761749980404764e-08,
      4.516598945327975e-08,
      6.994338180774767e-09,
      4.746045717534108e-09,
      8.371605716502689e-08,
      2.5955051735121422e-08,
      1.26217789016896e-08,
      3.6055462663878726e-11,
      5.582525641133044e-06,
      7.316919358065828e-07,
      5.333067983742838e-10,
      4.744617765914494e-10,
      1.5264126662998377e-08,
      7.718137621762094e-09,
      1.1645850752239457e-07,
      1.5714979093097395e-05,
      4.035320423373948e-09,
      3.0558255232064503e-09,
      2.879758850305215e-06,
      1.8615322044544593e-10,
      1.9038473793552476e-06,
      4.882851484276444e-11,
      1.1618898589656293e-06,
      6.051487715986456e-07,
      5.463978264034348e-10
    ]
  },
  "mean_centered_block_norm_by_past": [
    0.0,
    0.0,
    0.0,
    0.0,
    0.0,
    0.0,
    0.0,
    0.0,
    0.0,
    0.0,
    0.0,
    0.0,
    0.0,
    0.0,
    0.0,
    0.0,
    0.0,
    0.0,
    0.0,
    0.0,
    0.0,
    0.0,
    0.0,
    0.0,
    0.0,
    0.0,
    0.0,
    0.0,
    0.0,
    0.0,
    0.0,
    0.0,
    0.0,
    0.0,
    0.0,
    0.0,
    0.0,
    0.0,
    0.0,
    0.0,
    0.0,
    0.0,
    0.0,
    0.0,
    0.0,
    0.0,
    0.0,
    0.0,
    0.0,
    0.0,
    0.0,
    0.0,
    0.0,
    0.0,
    0.0,
    0.0,
    0.0,
    0.0,
    0.0,
    0.0,
    0.0,
    0.0,
    0.0,
    0.0
  ],
  "mean_centered_block_norm_by_future": [
    0.0,
    0.0,
    0.0,
    0.0,
    0.0,
    0.0,
    0.0,
    0.0,
    0.0,
    0.0,
    0.0,
    0.0,
    0.0,
    0.0,
    0.0,
    0.0,
    0.0,
    0.0,
    0.0,
    0.0,
    0.0,
    0.0,
    0.0,
    0.0,
    0.0,
    0.0,
    0.0,
    0.0,
    0.0,
    0.0,
    0.0,
    0.0,
    0.0,
    0.0,
    0.0,
    0.0,
    0.0,
    0.0,
    0.0,
    0.0,
    0.0,
    0.0,
    0.0,
    0.0,
    0.0,
    0.0,
    0.0,
    0.0,
    0.0,
    0.0,
    0.0,
    0.0,
    0.0,
    0.0,
    0.0,
    0.0,
    0.0,
    0.0,
    0.0,
    0.0,
    0.0,
    0.0,
    0.0,
    0.0
  ],
  "weighted_variants": {
    "masked_lt_1e-12_thr1e-12": {
      "frobenius": 63.02380515797868,
      "frobenius_sq": 3972.00001659086,
      "entropy_sv": 0.1231253709680225,
      "rank_tol": 7,
      "participation_ratio": 0.9599784085287092,
      "mean_row_norm": 7.875021963729072,
      "std_row_norm": 0.2174118000726786,
      "mean_col_norm": 1.9775475530016586,
      "std_col_norm": 1.9633254480808535
    },
    "weighted_sqrt_thr1e-12": {
      "frobenius": 0.055892166767214625,
      "frobenius_sq": 0.003123934305934131,
      "entropy_sv": 4.351885825758746e-27,
      "rank_tol": 1,
      "participation_ratio": 1.0,
      "mean_row_norm": 0.005240434182115745,
      "std_row_norm": 0.0046570592929215116,