{
  "case_name": "sweep",
  "L": 5,
  "k": 50,
  "dt": 0.1,
  "cut": 25,
  "J": 0.2,
  "g": 1.0,
  "n_pasts": 32,
  "n_futures": 32,
  "n_seeds": 1,
  "delta": 444.17526351089504,
  "delta_norm": 0.43376524834236563,
  "entropy": 2.7380854412340128,
  "rank": 29,
  "participation_ratio": 11.820348441922041,
  "max_row_distance": 6.1756620958042605,
  "mean_row_distance": 5.288273932696515,
  "median_row_distance": 5.473975941394252,
  "delta_z": 279.02484580584525,
  "delta_z_norm": 0.8797633119078352,
  "entropy_z": 2.499482243605023,
  "rank_z": 28,
  "participation_ratio_z": 8.866957592080444
}