{
  "case_name": "sweep",
  "L": 2,
  "k": 20,
  "dt": 0.1,
  "cut": 15,
  "J": 0.2,
  "g": 1.0,
  "n_pasts": 4,
  "n_futures": 4,
  "n_seeds": 1,
  "branch_weight_beta": 1.0,
  "delta": 2.0521157665061937e-13,
  "delta_norm": 0.7499748621283548,
  "entropy": 6.062830959078804e-13,
  "rank": 1,
  "max_row_distance": 5.230899025187558e-07,
  "mean_row_distance": 2.6154571575533213e-07,
  "median_row_distance": 2.6154495127455997e-07,
  "weight_preparation": {
    "weight_data_invalid": false,
    "nan_count": 0,
    "posinf_count": 0,
    "neginf_count": 0,
    "negative_count": 0,
    "warnings": []
  }
}