L,k,dt,g,cut,J,n_pasts,n_futures,n_seeds,seed,unitary_ensemble,basis,orientation,weight_scope,probability_power,centered,spectrum_discarded_weight_threshold,entropy,entropy_std,entropy_old_raw_xyz,entropy_old_raw_xyz_std,entropy_old_centered_xyz,entropy_old_centered_xyz_std,entropy_change_vs_raw_xyz,entropy_change_vs_centered_xyz,response_norm,rank,response_shape,probe_file,probe_sha256,raw_file,raw_sha256
6,20,0.1,1.0,1,0.0,64,64,1,0,haar,IXYZ,future_rows_history_columns,complete_retained_record,1,0,1e-12,0.0,0.0,0.0,0.0,0.0,0.0,0.0,0.0,50.34801210645517,1,256x64,raw/probes_cut_01.npz,47ddfaa8077ad999875ab17de4d24eed969f70df1c9b7dd38cfe8fffc902e4f4,raw/cut_01_J_0.npz,4d6509ec81060cbe2eafd3e087aa8f5f1fca0dd0bf59413f1e15d1b21da98d45
6,20,0.1,1.0,1,0.05,64,64,1,0,haar,IXYZ,future_rows_history_columns,complete_retained_record,1,0,1e-12,4.802426143206942e-11,0.0,9.370890592452084e-11,0.0,3.871506585385106e-10,0.0,-4.5684644492451415e-11,-3.391263971064412e-10,50.344440923846165,64,256x64,raw/probes_cut_01.npz,47ddfaa8077ad999875ab17de4d24eed969f70df1c9b7dd38cfe8fffc902e4f4,raw/cut_01_J_0p05.npz,106e90d68f236997af615293d008acab327d7a72fbedefb553e2b1f4de9ddecc
6,20,0.1,1.0,1,0.1,64,64,1,0,haar,IXYZ,future_rows_history_columns,complete_retained_record,1,0,1e-12,6.84745901837647e-10,0.0,1.3337427634443746e-09,0.0,5.506660221317035e-09,0.0,-6.489968616067275e-10,-4.821914319479388e-09,50.323783382170056,64,256x64,raw/probes_cut_01.npz,47ddfaa8077ad999875ab17de4d24eed969f70df1c9b7dd38cfe8fffc902e4f4,raw/cut_01_J_0p1.npz,048ae5f3aa9040f5dabcced610054b0d04edf86d47529e6e78fa8a564ed07610
6,20,0.1,1.0,1,0.15000000000000002,64,64,1,0,haar,IXYZ,future_rows_history_columns,complete_retained_record,1,0,1e-12,3.2478827346175527e-09,0.0,6.324883207540998e-09,0.0,2.5765677315047218e-08,0.0,-3.0770004729234456e-09,-2.2517794580429665e-08,50.28487138430048,64,256x64,raw/probes_cut_01.npz,47ddfaa8077ad999875ab17de4d24eed969f70df1c9b7dd38cfe8fffc902e4f4,raw/cut_01_J_0p15.npz,ebe11f3798c27a5f2932ed9336a6ab4a90b20a360c96c2ed15a18a945295cb01
6,20,0.1,1.0,1,0.2,64,64,1,0,haar,IXYZ,future_rows_history_columns,complete_retained_record,1,0,1e-12,9.695340640497675e-09,0.0,1.8898313140259387e-08,0.0,7.661124661684713e-08,0.0,-9.202972499761712e-09,-6.691590597634946e-08,50.22585290344341,64,256x64,raw/probes_cut_01.npz,47ddfaa8077ad999875ab17de4d24eed969f70df1c9b7dd38cfe8fffc902e4f4,raw/cut_01_J_0p2.npz,9ddc5deb321306f43a92d10ff236997aef9fbeed49b11875d0f6d707a96277c0
6,20,0.1,1.0,1,0.25,64,64,1,0,haar,IXYZ,future_rows_history_columns,complete_retained_record,1,0,1e-12,2.253530360156008e-08,0.0,4.401591524539619e-08,0.0,1.7770454899857682e-07,0.0,-2.148061164383611e-08,-1.5516924539701675e-07,50.144357739525894,64,256x64,raw/probes_cut_01.npz,47ddfaa8077ad999875ab17de4d24eed969f70df1c9b7dd38cfe8fffc902e4f4,raw/cut_01_J_0p25.npz,f000d5057661e6f94d28eee654d272099b6e4fbcd79aac52bb3fc33f7a588120
6,20,0.1,1.0,1,0.30000000000000004,64,64,1,0,haar,IXYZ,future_rows_history_columns,complete_retained_record,1,0,1e-12,4.467395227262167e-08,0.0,8.75352397750844e-08,0.0,3.5217573822947406e-07,0.0,-4.286128750246273e-08,-3.075017859568524e-07,50.03772042232662,64,256x64,raw/probes_cut_01.npz,47ddfaa8077ad999875ab17de4d24eed969f70df1c9b7dd38cfe8fffc902e4f4,raw/cut_01_J_0p3.npz,3cc7333af615ce349fc27bd0eadc8beb10630857836a9e881fc1226898e0178f
6,20,0.1,1.0,1,0.35000000000000003,64,64,1,0,haar,IXYZ,future_rows_history_columns,complete_retained_record,1,0,1e-12,7.927027505937264e-08,0.0,1.5601041226612896e-07,0.0,6.258110326759248e-07,0.0,-7.674013720675631e-08,-5.465407576165521e-07,49.90324127567478,64,256x64,raw/probes_cut_01.npz,47ddfaa8077ad999875ab17de4d24eed969f70df1c9b7dd38cfe8fffc902e4f4,raw/cut_01_J_0p35.npz,f57ff6deda0cea5efeecc580d18881e3e362ac16a738fe42e59a5d69899ee14e
6,20,0.1,1.0,1,0.4,64,64,1,0,haar,IXYZ,future_rows_history_columns,complete_retained_record,1,0,1e-12,1.2955225915287635e-07,0.0,2.5643800001419853e-07,0.0,1.0260726748432022e-06,0.0,-1.2688574086132218e-07,-8.965204156903259e-07,49.73846666717096,64,256x64,raw/probes_cut_01.npz,47ddfaa8077ad999875ab17de4d24eed969f70df1c9b7dd38cfe8fffc902e4f4,raw/cut_01_J_0p4.npz,74e589321e97c4a7d0927d55b0a24ca358e55be2a02d515af72471915857a42c
6,20,0.1,1.0,1,0.45,64,64,1,0,haar,IXYZ,future_rows_history_columns,complete_retained_record,1,0,1e-12,1.986044262073287e-07,0.0,3.9595883381781683e-07,0.0,1.5809461243408602e-06,0.0,-1.9735440761048812e-07,-1.3823416981335315e-06,49.54146926580755,64,256x64,raw/probes_cut_01.npz,47ddfaa8077ad999875ab17de4d24eed969f70df1c9b7dd38cfe8fffc902e4f4,raw/cut_01_J_0p45.npz,4266208d2aca0b8dd4d31c95532e8886aaaeaacd2a6c4c8d29e4eb69dc31ef5c
6,20,0.1,1.0,1,0.5,64,64,1,0,haar,IXYZ,future_rows_history_columns,complete_retained_record,1,0,1e-12,2.891537618679259e-07,0.0,5.815565102265138e-07,0.0,2.317783879101223e-06,0.0,-2.924027483585879e-07,-2.0286301172332973e-06,49.31111204796456,64,256x64,raw/probes_cut_01.npz,47ddfaa8077ad999875ab17de4d24eed969f70df1c9b7dd38cfe8fffc902e4f4,raw/cut_01_J_0p5.npz,71983143e91da2e515f778b4c847b37f1583b5c7b90820e46f66a9ebb57d154e
6,20,0.1,1.0,1,0.55,64,64,1,0,haar,IXYZ,future_rows_history_columns,complete_retained_record,1,0,1e-12,4.0337573342953605e-07,0.0,8.197779389988879e-07,0.0,3.2622344347751385e-06,0.0,-4.164022055693519e-07,-2.8588587013456024e-06,49.04728205288295,64,256x64,raw/probes_cut_01.npz,47ddfaa8077ad999875ab17de4d24eed969f70df1c9b7dd38cfe8fffc902e4f4,raw/cut_01_J_0p55.npz,d7bf249a8dacfa08cff81555159535f56aa820364afc46712dc71bd3fa0c5609
6,20,0.1,1.0,1,0.6000000000000001,64,64,1,0,haar,IXYZ,future_rows_history_columns,complete_retained_record,1,0,1e-12,5.427552867503772e-07,0.0,1.1165232625574306e-06,0.0,4.4374375527104895e-06,0.0,-5.737679758070534e-07,-3.894682265960112e-06,48.75108075986691,64,256x64,raw/probes_cut_01.npz,47ddfaa8077ad999875ab17de4d24eed969f70df1c9b7dd38cfe8fffc902e4f4,raw/cut_01_J_0p6.npz,446a6c9d74418d0e479f9b8c63959cad2f36be4da1b0a722d08475a611a438e7
6,20,0.1,1.0,1,0.65,64,64,1,0,haar,IXYZ,future_rows_history_columns,complete_retained_record,1,0,1e-12,7.080403573980751e-07,0.0,1.4769640410465793e-06,0.0,5.863759085188731e-06,0.0,-7.689236836485042e-07,-5.155718727790656e-06,48.4249587671419,64,256x64,raw/probes_cut_01.npz,47ddfaa8077ad999875ab17de4d24eed969f70df1c9b7dd38cfe8fffc902e4f4,raw/cut_01_J_0p65.npz,cbdcc82e82b3dea3bea07742d6f376cc96c514992f382e2f1fef0a4411e1e62c
6,20,0.1,1.0,1,0.7000000000000001,64,64,1,0,haar,IXYZ,future_rows_history_columns,complete_retained_record,1,0,1e-12,8.992684195304122e-07,0.0,1.905527425244156e-06,0.0,7.558745908414917e-06,0.0,-1.006259005713744e-06,-6.659477488884505e-06,48.0727822822618,64,256x64,raw/probes_cut_01.npz,47ddfaa8077ad999875ab17de4d24eed969f70df1c9b7dd38cfe8fffc902e4f4,raw/cut_01_J_0p7.npz,27a877bd5c9aeba4b6faaaf705ec32619690d7d02e145fbd44e42b190e599c28
6,20,0.1,1.0,1,0.75,64,64,1,0,haar,IXYZ,future_rows_history_columns,complete_retained_record,1,0,1e-12,1.1159435568124331e-06,0.0,2.406102199904067e-06,0.0,9.538003463745989e-06,0.0,-1.2901586430916337e-06,-8.422059906933555e-06,47.69981855756312,64,256x64,raw/probes_cut_01.npz,47ddfaa8077ad999875ab17de4d24eed969f70df1c9b7dd38cfe8fffc902e4f4,raw/cut_01_J_0p75.npz,d52e33c310d6b29039dd482bf4ce335ea623fcfd8ea212637074197d9806276d
6,20,0.1,1.0,1,0.8,64,64,1,0,haar,IXYZ,future_rows_history_columns,complete_retained_record,1,0,1e-12,1.3572484815847264e-06,0.0,2.9822146148115968e-06,0.0,1.1815889527063649e-05,0.0,-1.6249661332268703e-06,-1.0458641045478922e-05,47.31262947901695,64,256x64,raw/probes_cut_01.npz,47ddfaa8077ad999875ab17de4d24eed969f70df1c9b7dd38cfe8fffc902e4f4,raw/cut_01_J_0p8.npz,617de65384479decc3dc05e4b8179ae4ef5e08ad0591db4960d383a94a9ef1d3
6,20,0.1,1.0,1,0.8500000000000001,64,64,1,0,haar,IXYZ,future_rows_history_columns,complete_retained_record,1,0,1e-12,1.6223295620054496e-06,0.0,3.637263674192926e-06,0.0,1.4406480185691852e-05,0.0,-2.0149341121874764e-06,-1.2784150623686402e-05,46.91886587314539,64,256x64,raw/probes_cut_01.npz,47ddfaa8077ad999875ab17de4d24eed969f70df1c9b7dd38cfe8fffc902e4f4,raw/cut_01_J_0p85.npz,614ba2b0f7848c35ec7c4d8d96aee3e8c9476f89e430764e364d1abf0733d3ac
6,20,0.1,1.0,1,0.9,64,64,1,0,haar,IXYZ,future_rows_history_columns,complete_retained_record,1,0,1e-12,1.910559860234787e-06,0.0,4.374605434225464e-06,0.0,1.7323871462467236e-05,0.0,-2.4640455739906767e-06,-1.541331160223245e-05,46.526962844355964,64,256x64,raw/probes_cut_01.npz,47ddfaa8077ad999875ab17de4d24eed969f70df1c9b7dd38cfe8fffc902e4f4,raw/cut_01_J_0p9.npz,5a375d8d6731d1edd3c2122e4ba9b798f794b1d19679a0f839b66a0d4f143af9
6,20,0.1,1.0,1,0.9500000000000001,64,64,1,0,haar,IXYZ,future_rows_history_columns,complete_retained_record,1,0,1e-12,2.221732729182551e-06,0.0,5.197395086040172e-06,0.0,2.058153421511177e-05,0.0,-2.975662356857621e-06,-1.835980148592922e-05,46.14574688494387,64,256x64,raw/probes_cut_01.npz,47ddfaa8077ad999875ab17de4d24eed969f70df1c9b7dd38cfe8fffc902e4f4,raw/cut_01_J_0p95.npz,98c526d93fca5f8227fbaad6664d0012802702bc66bd7ed7465ae4f880d1fe8c
6,20,0.1,1.0,1,1.0,64,64,1,0,haar,IXYZ,future_rows_history_columns,complete_retained_record,1,0,1e-12,2.556190147896645e-06,0.0,6.108214115804079e-06,0.0,2.4190770640732456e-05,0.0,-3.552023967907434e-06,-2.163458049283581e-05,45.783976913906834,64,256x64,raw/probes_cut_01.npz,47ddfaa8077ad999875ab17de4d24eed969f70df1c9b7dd38cfe8fffc902e4f4,raw/cut_01_J_1.npz,3229dbba99f846182038f0db07e1a064de229697b03a9994c621adbb77bc5864
6,20,0.1,1.0,1,1.05,64,64,1,0,haar,IXYZ,future_rows_history_columns,complete_retained_record,1,0,1e-12,2.914768187621699e-06,0.0,7.108272401922891e-06,0.0,2.8157510007701146e-05,0.0,-4.193504214301192e-06,-2.5242741820079448e-05,45.44985494976504,64,256x64,raw/probes_cut_01.npz,47ddfaa8077ad999875ab17de4d24eed969f70df1c9b7dd38cfe8fffc902e4f4,raw/cut_01_J_1p05.npz,8fa23e3e052d9b678e4b1bf9ffd1100b14e35c885d26ac80d8cdfa8ab1d180e6
6,20,0.1,1.0,1,1.1,64,64,1,0,haar,IXYZ,future_rows_history_columns,complete_retained_record,1,0,1e-12,3.2986726695091677e-06,0.0,8.196533622123106e-06,0.0,3.247874480170389e-05,0.0,-4.897860952613939e-06,-2.9180072132194723e-05,45.150550499445,64,256x64,raw/probes_cut_01.npz,47ddfaa8077ad999875ab17de4d24eed969f70df1c9b7dd38cfe8fffc902e4f4,raw/cut_01_J_1p1.npz,38aa2695f7ac0d76b6bfc82fa4986a9d63d147b39fb5221460074c9046395eb6
6,20,0.1,1.0,1,1.1500000000000001,64,64,1,0,haar,IXYZ,future_rows_history_columns,complete_retained_record,1,0,1e-12,3.709167950904176e-06,0.0,9.36862841575842e-06,0.0,3.7138164308140345e-05,0.0,-5.659460464854244e-06,-3.342899635723617e-05,44.8917878867362,64,256x64,raw/probes_cut_01.npz,47ddfaa8077ad999875ab17de4d24eed969f70df1c9b7dd38cfe8fffc902e4f4,raw/cut_01_J_1p15.npz,f9ed6a25ec441e92a73e225eb68f1e623f529f2435fea6dc5d6294c49b7228d4
6,20,0.1,1.0,1,1.2000000000000002,64,64,1,0,haar,IXYZ,future_rows_history_columns,complete_retained_record,1,0,1e-12,4.147293618299341e-06,0.0,1.061631269284453e-05,0.0,4.210377031780201e-05,0.0,-6.469019074545188e-06,-3.795647669950267e-05,44.6775414371071,64,256x64,raw/probes_cut_01.npz,47ddfaa8077ad999875ab17de4d24eed969f70df1c9b7dd38cfe8fffc902e4f4,raw/cut_01_J_1p2.npz,c888bca6af2adb1fc5e173c983ed24259b3cdd5374f584b7007cc9a14639aa44
6,20,0.1,1.0,1,1.25,64,64,1,0,haar,IXYZ,future_rows_history_columns,complete_retained_record,1,0,1e-12,4.61345758988246e-06,0.0,1.1927013635665865e-05,0.0,4.7326479969386095e-05,0.0,-7.313556045783405e-06,-4.2713022379503635e-05,44.50987238912656,64,256x64,raw/probes_cut_01.npz,47ddfaa8077ad999875ab17de4d24eed969f70df1c9b7dd38cfe8fffc902e4f4,raw/cut_01_J_1p25.npz,8b131b316d855c2bfa70afe812153098c73d31b7dfbad0e1b5c44f8d6bb28fde
6,20,0.1,1.0,1,1.3,64,64,1,0,haar,IXYZ,future_rows_history_columns,complete_retained_record,1,0,1e-12,5.107121278595365e-06,0.0,1.328447719787923e-05,0.0,5.274192979774432e-05,0.0,-8.177355919283864e-06,-4.7634808519148955e-05,44.38892308101028,64,256x64,raw/probes_cut_01.npz,47ddfaa8077ad999875ab17de4d24eed969f70df1c9b7dd38cfe8fffc902e4f4,raw/cut_01_J_1p3.npz,e2e7320fe482bf54f0a795da6cd138945368cc02c398e9d0b06224695ff88a9f
6,20,0.1,1.0,1,1.35,64,64,1,0,haar,IXYZ,future_rows_history_columns,complete_retained_record,1,0,1e-12,5.6265610322601185e-06,0.0,1.4669693249670561e-05,0.0,5.82745311567654e-05,0.0,-9.043132217410443e-06,-5.264797012450528e-05,44.31306263390035,64,256x64,raw/probes_cut_01.npz,47ddfaa8077ad999875ab17de4d24eed969f70df1c9b7dd38cfe8fffc902e4f4,raw/cut_01_J_1p35.npz,d720b41b97089954d28eebfb48e4c345ef3ad9887518fe4ad578db0cadd0a583
6,20,0.1,1.0,1,1.4000000000000001,64,64,1,0,haar,IXYZ,future_rows_history_columns,complete_retained_record,1,0,1e-12,6.16862613875735e-06,0.0,1.6062410629582024e-05,0.0,6.384338521917171e-05,0.0,-9.893784490824672e-06,-5.767475908041436e-05,44.279157846713844,64,256x64,raw/probes_cut_01.npz,47ddfaa8077ad999875ab17de4d24eed969f70df1c9b7dd38cfe8fffc902e4f4,raw/cut_01_J_1p4.npz,f3ad9a62d7bf14709d9807c746cbe974eb5bf40417163a8314f17e9c548b068f
6,20,0.1,1.0,1,1.4500000000000002,64,64,1,0,haar,IXYZ,future_rows_history_columns,complete_retained_record,1,0,1e-12,6.728846480887129e-06,0.0,1.7442543165706792e-05,0.0,6.93678369498328e-05,0.0,-1.0713696684819664e-05,-6.263899046894568e-05,44.28292880519918,64,256x64,raw/probes_cut_01.npz,47ddfaa8077ad999875ab17de4d24eed969f70df1c9b7dd38cfe8fffc902e4f4,raw/cut_01_J_1p45.npz,c5b14eeb144b35b3137d6bfe87951bd369ba1f52e5cd892519441e7d16688d81
6,20,0.1,1.0,1,1.5,64,64,1,0,haar,IXYZ,future_rows_history_columns,complete_retained_record,1,0,1e-12,7.301473519655442e-06,0.0,1.8791492794384275e-05,0.0,7.477286294596631e-05,0.0,-1.1490019274728833e-05,-6.747138942631086e-05,44.31934142760445,64,256x64,raw/probes_cut_01.npz,47ddfaa8077ad999875ab17de4d24eed969f70df1c9b7dd38cfe8fffc902e4f4,raw/cut_01_J_1p5.npz,2dc229ef9f1908bda1a78950659c4241d3d80d023bf4bf523a550073ba017416
6,20,0.1,1.0,1,1.55,64,64,1,0,haar,IXYZ,future_rows_history_columns,complete_retained_record,1,0,1e-12,7.8797683663564e-06,0.0,2.009308291693345e-05,0.0,7.999283757881825e-05,0.0,-1.221331455057705e-05,-7.211306921246184e-05,44.38299121016936,64,256x64,raw/probes_cut_01.npz,47ddfaa8077ad999875ab17de4d24eed969f70df1c9b7dd38cfe8fffc902e4f4,raw/cut_01_J_1p55.npz,4723c5cd0028d379e3de1eceb16c1377e06bb293b454420588d80b301d8ac444
6,20,0.1,1.0,1,1.6,64,64,1,0,haar,IXYZ,future_rows_history_columns,complete_retained_record,1,0,1e-12,8.456404796347231e-06,0.0,2.1334136375974667e-05,0.0,8.497391099172581e-05,0.0,-1.2877731579627436e-05,-7.651750619537858e-05,44.46844153425961,64,256x64,raw/probes_cut_01.npz,47ddfaa8077ad999875ab17de4d24eed969f70df1c9b7dd38cfe8fffc902e4f4,raw/cut_01_J_1p6.npz,3edc9cf286dbf6f000049530ac3915f1a8877655e8af04aaf66dabc83b0b538d
6,20,0.1,1.0,1,1.6500000000000001,64,64,1,0,haar,IXYZ,future_rows_history_columns,complete_retained_record,1,0,1e-12,9.024006267178357e-06,0.0,2.2504910665831813e-05,0.0,8.967585457844433e-05,0.0,-1.3480904398653455e-05,-8.065184831126597e-05,44.570492418590135,64,256x64,raw/probes_cut_01.npz,47ddfaa8077ad999875ab17de4d24eed969f70df1c9b7dd38cfe8fffc902e4f4,raw/cut_01_J_1p65.npz,3fe0866a7fc6b2083d2529a2602463a3370a951e56a1fbfabbe3f08b4dd93023
6,20,0.1,1.0,1,1.7000000000000002,64,64,1,0,haar,IXYZ,future_rows_history_columns,complete_retained_record,1,0,1e-12,9.575764879358414e-06,0.0,2.359946628782584e-05,0.0,9.407363480546265e-05,0.0,-1.4023701408467428e-05,-8.449786992610424e-05,44.68437063486859,64,256x64,raw/probes_cut_01.npz,47ddfaa8077ad999875ab17de4d24eed969f70df1c9b7dd38cfe8fffc902e4f4,raw/cut_01_J_1p7.npz,65fb0afb4d257fae85d9addbdd76d70dbde6e004f170a500769974e52422c484
6,20,0.1,1.0,1,1.75,64,64,1,0,haar,IXYZ,future_rows_history_columns,complete_retained_record,1,0,1e-12,1.0106105813704262e-05,0.0,2.4616056400152123e-05,0.0,9.815900131263366e-05,0.0,-1.450995058644786e-05,-8.80528954989294e-05,44.80584309126569,64,256x64,raw/probes_cut_01.npz,47ddfaa8077ad999875ab17de4d24eed969f70df1c9b7dd38cfe8fffc902e4f4,raw/cut_01_J_1p75.npz,d48152ec2c5242a047f9a1f9a1941a53295c5469cbcbb9c77b5b5cd5488fbb4a
6,20,0.1,1.0,1,1.8,64,64,1,0,haar,IXYZ,future_rows_history_columns,complete_retained_record,1,0,1e-12,1.061125113535965e-05,0.0,2.555738314667759e-05,0.0,0.00010194157870192514,0.0,-1.4946132011317939e-05,-9.133032756656549e-05,44.931265277569146,64,256x64,raw/probes_cut_01.npz,47ddfaa8077ad999875ab17de4d24eed969f70df1c9b7dd38cfe8fffc902e4f4,raw/cut_01_J_1p8.npz,6069436f09fabca92fbeded7dfe119390b0bb5819804e1dbb6b789bb3c01ef33
6,20,0.1,1.0,1,1.85,64,64,1,0,haar,IXYZ,future_rows_history_columns,complete_retained_record,1,0,1e-12,1.108971039075924e-05,0.0,2.643081561960581e-05,0.0,0.00010544982276681795,0.0,-1.534110522884657e-05,-9.43601123760587e-05,45.05758014912399,64,256x64,raw/probes_cut_01.npz,47ddfaa8077ad999875ab17de4d24eed969f70df1c9b7dd38cfe8fffc902e4f4,raw/cut_01_J_1p85.npz,c62707b50791b1303e8230e616bfcd35ce8be5d1e5bdd98cb14749c328bc5280
6,20,0.1,1.0,1,1.9000000000000001,64,64,1,0,haar,IXYZ,future_rows_history_columns,complete_retained_record,1,0,1e-12,1.1542521915080466e-05,0.0,2.7248243584890977e-05,0.0,0.00010873039586238996,0.0,-1.5705721669810512e-05,-9.718787394730949e-05,45.18228406824082,64,256x64,raw/probes_cut_01.npz,47ddfaa8077ad999875ab17de4d24eed969f70df1c9b7dd38cfe8fffc902e4f4,raw/cut_01_J_1p9.npz,3126cfe9c525a45ecef0d26a788a2f2a9959b042ff01f2c0547de0481a40682d
6,20,0.1,1.0,1,1.9500000000000002,64,64,1,0,haar,IXYZ,future_rows_history_columns,complete_retained_record,1,0,1e-12,1.1973257927813865e-05,0.0,2.8025613554112962e-05,0.0,0.00011184642433170496,0.0,-1.6052355626299098e-05,-9.98731664038911e-05,45.30337450010779,64,256x64,raw/probes_cut_01.npz,47ddfaa8077ad999875ab17de4d24eed969f70df1c9b7dd38cfe8fffc902e4f4,raw/cut_01_J_1p95.npz,ec62abad552d77002801697938a186abd6ba82512ed99d97ac6d58ab832ef5af
6,20,0.1,1.0,1,2.0,64,64,1,0,haar,IXYZ,future_rows_history_columns,complete_retained_record,1,0,1e-12,1.2387720256646185e-05,0.0,2.8781931041466275e-05,0.0,0.00011487342158580287,0.0,-1.6394210784820092e-05,-0.00010248570132915669,45.41929021980799,64,256x64,raw/probes_cut_01.npz,47ddfaa8077ad999875ab17de4d24eed969f70df1c9b7dd38cfe8fffc902e4f4,raw/cut_01_J_2.npz,b627589d362acddd6ceedc2b612e4e8061f446ff3273a45ded7fa67a5e4cb878
6,20,0.1,1.0,2,0.0,64,64,1,0,haar,IXYZ,future_rows_history_columns,complete_retained_record,1,0,1e-12,0.0,0.0,0.0,0.0,0.0,0.0,0.0,0.0,51.61290072053229,1,256x64,raw/probes_cut_02.npz,479d6c9ba077c63e885abdab1cff40c5d55f87ca6721e6156aa226cb416488e4,raw/cut_02_J_0.npz,b56c8c9e7c6827317c5218dcd8a38c3acf86aa5ac5b9240ed8ae67f09c3901de
6,20,0.1,1.0,2,0.05,64,64,1,0,haar,IXYZ,future_rows_history_columns,complete_retained_record,1,0,1e-12,7.744860799062758e-09,0.0,1.5022979057473285e-08,0.0,5.4402322143314107e-08,0.0,-7.278118258410527e-09,-4.665746134425135e-08,51.61652534043665,64,256x64,raw/probes_cut_02.npz,479d6c9ba077c63e885abdab1cff40c5d55f87ca6721e6156aa226cb416488e4,raw/cut_02_J_0p05.npz,0c7d64e9ecf38dcd47e6c4480009cd0639622f0a011888bd053aca950d0330c6
6,20,0.1,1.0,2,0.1,64,64,1,0,haar,IXYZ,future_rows_history_columns,complete_retained_record,1,0,1e-12,1.1107312431380763e-07,0.0,2.1468454346418425e-07,0.0,7.702844686426497e-07,0.0,-1.0361141915037662e-07,-6.592113443288421e-07,51.60611037190388,64,256x64,raw/probes_cut_02.npz,479d6c9ba077c63e885abdab1cff40c5d55f87ca6721e6156aa226cb416488e4,raw/cut_02_J_0p1.npz,4cd1a75638b1b02814512bfe7659105f8d4755c755a064425a143ba4569d06d5
6,20,0.1,1.0,2,0.15000000000000002,64,64,1,0,haar,IXYZ,future_rows_history_columns,complete_retained_record,1,0,1e-12,5.359762121891986e-07,0.0,1.0339967136957482e-06,0.0,3.6846969528481366e-06,0.0,-4.980205015065496e-07,-3.148720740658938e-06,51.58031518144232,64,256x64,raw/probes_cut_02.npz,479d6c9ba077c63e885abdab1cff40c5d55f87ca6721e6156aa226cb416488e4,raw/cut_02_J_0p15.npz,0dd7a6884d7f401eefa3297c2c71b8a2d9cdda61fa872589b314d781ed7a90c2
6,20,0.1,1.0,2,0.2,64,64,1,0,haar,IXYZ,future_rows_history_columns,complete_retained_record,1,0,1e-12,1.6637790858242424e-06,0.0,3.2071972224755292e-06,0.0,1.1363890447789047e-05,0.0,-1.5434181366512869e-06,-9.700111361964804e-06,51.53712352404042,64,256x64,raw/probes_cut_02.npz,479d6c9ba077c63e885abdab1cff40c5d55f87ca6721e6156aa226cb416488e4,raw/cut_02_J_0p2.npz,67b9b0933548b96c4edc94403cd5b5a1d2c7f2dc87cc3c4680ee0f76a4b916c3
6,20,0.1,1.0,2,0.25,64,64,1,0,haar,IXYZ,future_rows_history_columns,complete_retained_record,1,0,1e-12,4.0519149058866125e-06,0.0,7.812024986440379e-06,0.0,2.753828745284938e-05,0.0,-3.7601100805537664e-06,-2.3486372546962767e-05,51.474066794898384,64,256x64,raw/probes_cut_02.npz,479d6c9ba077c63e885abdab1cff40c5d55f87ca6721e6156aa226cb416488e4,raw/cut_02_J_0p25.npz,4d52c38a3fc7801fc69f135834085398ca3175b38c4c56f5c5390cf1fa5ccb44
6,20,0.1,1.0,2,0.30000000000000004,64,64,1,0,haar,IXYZ,future_rows_history_columns,complete_retained_record,1,0,1e-12,8.433384529859992e-06,0.0,1.6278063139724588e-05,0.0,5.710906127147313e-05,0.0,-7.844678609864596e-06,-4.867567674161314e-05,51.38849365394459,64,256x64,raw/probes_cut_02.npz,479d6c9ba077c63e885abdab1cff40c5d55f87ca6721e6156aa226cb416488e4,raw/cut_02_J_0p3.npz,d2aa23c93b145e13f9a0c331f02e4bc1b4a008e99a0d09e32bc502f8f3ca7ef4
6,20,0.1,1.0,2,0.35000000000000003,64,64,1,0,haar,IXYZ,future_rows_history_columns,complete_retained_record,1,0,1e-12,1.567937754298402e-05,0.0,3.033092492410989e-05,0.0,0.00010593272229462055,0.0,-1.4651547381125868e-05,-9.025334475163652e-05,51.2778592081053,64,256x64,raw/probes_cut_02.npz,479d6c9ba077c63e885abdab1cff40c5d55f87ca6721e6156aa226cb416488e4,raw/cut_02_J_0p35.npz,43907037c6637d5d9688897d549415a601c8deaec04450b2eeccb9634de20384
6,20,0.1,1.0,2,0.4,64,64,1,0,haar,IXYZ,future_rows_history_columns,complete_retained_record,1,0,1e-12,2.672282406055818e-05,0.0,5.1867654335032504e-05,0.0,0.00018037571636546546,0.0,-2.5144830274474324e-05,-0.0001536528923049073,51.140007050475674,64,256x64,raw/probes_cut_02.npz,479d6c9ba077c63e885abdab1cff40c5d55f87ca6721e6156aa226cb416488e4,raw/cut_02_J_0p4.npz,9bb5a190ae53845374d10052770e149c72894b75a6430dcb912b526a4290721a
6,20,0.1,1.0,2,0.45,64,64,1,0,haar,IXYZ,future_rows_history_columns,complete_retained_record,1,0,1e-12,4.245271170222472e-05,0.0,8.277892561966712e-05,0.0,0.0002866996525978569,0.0,-4.03262139174424e-05,-0.0002442469408956322,50.973422725289204,64,256x64,raw/probes_cut_02.npz,479d6c9ba077c63e885abdab1cff40c5d55f87ca6721e6156aa226cb416488e4,raw/cut_02_J_0p45.npz,6df02f404458a9f6c6d3184d77ca0e5a4e42e9a5505d26e4b9c3b81c248a03dd
6,20,0.1,1.0,2,0.5,64,64,1,0,haar,IXYZ,future_rows_history_columns,complete_retained_record,1,0,1e-12,6.359852084038608e-05,0.0,0.0001247489848103054,0.0,0.000430387063585586,0.0,-6.115046396991932e-05,-0.00036678854274519996,50.77744325681285,64,256x64,raw/probes_cut_02.npz,479d6c9ba077c63e885abdab1cff40c5d55f87ca6721e6156aa226cb416488e4,raw/cut_02_J_0p5.npz,48d72003955e39dbd7aa33d5eed37d2f07502dcc712db9e5e8724e4166fcfe76
6,20,0.1,1.0,2,0.55,64,64,1,0,haar,IXYZ,future_rows_history_columns,complete_retained_record,1,0,1e-12,9.062926337072706e-05,0.0,0.00017907290482592413,0.0,0.000615542545043804,0.0,-8.844364145519707e-05,-0.0005249132816730769,50.5524120079029,64,256x64,raw/probes_cut_02.npz,479d6c9ba077c63e885abdab1cff40c5d55f87ca6721e6156aa226cb416488e4,raw/cut_02_J_0p55.npz,4e07497cfaf006068d483504f81a4c8b4f343f6ed8dc648e3581fb900d580408
6,20,0.1,1.0,2,0.6000000000000001,64,64,1,0,haar,IXYZ,future_rows_history_columns,complete_retained_record,1,0,1e-12,0.0001236912874223312,0.0,0.0002465312555662989,0.0,0.000844501104008848,0.0,-0.00012283996814396768,-0.0007208098165865167,50.29977447221359,64,256x64,raw/probes_cut_02.npz,479d6c9ba077c63e885abdab1cff40c5d55f87ca6721e6156aa226cb416488e4,raw/cut_02_J_0p6.npz,d98c3478987f892163818d16de4b9565b5413c525dd22fcdb11067c53bfb32de
6,20,0.1,1.0,2,0.65,64,64,1,0,haar,IXYZ,future_rows_history_columns,complete_retained_record,1,0,1e-12,0.00016260472329216943,0.0,0.00032735817366731055,0.0,0.0011177580622048072,0.0,-0.0001647534503751411,-0.0009551533389126378,50.0221118902186,64,256x64,raw/probes_cut_02.npz,479d6c9ba077c63e885abdab1cff40c5d55f87ca6721e6156aa226cb416488e4,raw/cut_02_J_0p65.npz,4fb7fcb3b91fb3136806b9a4fe7b87027081cb31b4bdf71c059883e8cbb71305
6,20,0.1,1.0,2,0.7000000000000001,64,64,1,0,haar,IXYZ,future_rows_history_columns,complete_retained_record,1,0,1e-12,0.00020692969230242918,0.0,0.00042132802329896134,0.0,0.0014342965158204582,0.0,-0.00021439833099653216,-0.001227366823518029,49.723111746131956,64,256x64,raw/probes_cut_02.npz,479d6c9ba077c63e885abdab1cff40c5d55f87ca6721e6156aa226cb416488e4,raw/cut_02_J_0p7.npz,a1316519e706af8cfadd039453cdf39cecdcfdf6b27f6e9f0e2ec7cd6866e18f
6,20,0.1,1.0,2,0.75,64,64,1,0,haar,IXYZ,future_rows_history_columns,complete_retained_record,1,0,1e-12,0.0002561020055637446,0.0,0.0005279705248881246,0.0,0.0017923364623329233,0.0,-0.00027186851932438003,-0.0015362344567691787,49.407473494146174,64,256x64,raw/probes_cut_02.npz,479d6c9ba077c63e885abdab1cff40c5d55f87ca6721e6156aa226cb416488e4,raw/cut_02_J_0p75.npz,fd62d16c9d5a69bf132ef2b84b9304f33b9bae32ed5db864365a756832481722
6,20,0.1,1.0,2,0.8,64,64,1,0,haar,IXYZ,future_rows_history_columns,complete_retained_record,1,0,1e-12,0.000309625919107029,0.0,0.0006469066897803405,0.0,0.002190470961977756,0.0,-0.00033728077067331154,-0.001880845042870727,49.080749774727465,64,256x64,raw/probes_cut_02.npz,479d6c9ba077c63e885abdab1cff40c5d55f87ca6721e6156aa226cb416488e4,raw/cut_02_J_0p8.npz,2fb7fdcd1809012d4ca3905af6a64f8c2cc3bf9f12ccebf4905d3f05587f27eb
6,20,0.1,1.0,2,0.8500000000000001,64,64,1,0,haar,IXYZ,future_rows_history_columns,complete_retained_record,1,0,1e-12,0.00036729725184978115,0.0,0.000778268571300898,0.0,0.0026290605742951318,0.0,-0.00041097131945111686,-0.0022617633224453508,48.74912466070543,64,256x64,raw/probes_cut_02.npz,479d6c9ba077c63e885abdab1cff40c5d55f87ca6721e6156aa226cb416488e4,raw/cut_02_J_0p85.npz,20179991444b7906d2958fc9466e2618c995585f6ea4bc9a1d4aaa1bd842620c
6,20,0.1,1.0,2,0.9,64,64,1,0,haar,IXYZ,future_rows_history_columns,complete_retained_record,1,0,1e-12,0.00042942034158527327,0.0,0.00092314221701442,0.0,0.0031116794147707594,0.0,-0.0004937218754291466,-0.002682259073185486,48.419135537511295,64,256x64,raw/probes_cut_02.npz,479d6c9ba077c63e885abdab1cff40c5d55f87ca6721e6156aa226cb416488e4,raw/cut_02_J_0p9.npz,97c01de6c5fcd849b36e54a4bcc7d7eba2e389d4a4e493dd6fad5a1de379a961
6,20,0.1,1.0,2,0.9500000000000001,64,64,1,0,haar,IXYZ,future_rows_history_columns,complete_retained_record,1,0,1e-12,0.0004969732682622294,0.0,0.0010839386238362184,0.0,0.0036462927840708185,0.0,-0.0005869653555739889,-0.003149319515808589,48.09735194902949,64,256x64,raw/probes_cut_02.npz,479d6c9ba077c63e885abdab1cff40c5d55f87ca6721e6156aa226cb416488e4,raw/cut_02_J_0p95.npz,c887516f56e37f3ae0146faedb9a5d76e063b3db46af91527ee75e78f685556e
6,20,0.1,1.0,2,1.0,64,64,1,0,haar,IXYZ,future_rows_history_columns,complete_retained_record,1,0,1e-12,0.0005716753606264806,0.0,0.0012645764741673951,0.0,0.004245784425829243,0.0,-0.0006929011135409145,-0.0036741090652027625,47.79003223406393,64,256x64,raw/probes_cut_02.npz,479d6c9ba077c63e885abdab1cff40c5d55f87ca6721e6156aa226cb416488e4,raw/cut_02_J_1.npz,dafaa0ab2cb3c642a6657dbdd5910c4d879666878ea24e5bedf97d2a59fecc46
6,20,0.1,1.0,2,1.05,64,64,1,0,haar,IXYZ,future_rows_history_columns,complete_retained_record,1,0,1e-12,0.0006559246673980914,0.0,0.0014703705748243874,0.0,0.004927489045494811,0.0,-0.000814445907426296,-0.00427156437809672,47.5027865239503,64,256x64,raw/probes_cut_02.npz,479d6c9ba077c63e885abdab1cff40c5d55f87ca6721e6156aa226cb416488e4,raw/cut_02_J_1p05.npz,5ba4500a1d3e9a6447bf2239188eb63c4271fa2ac7ed008bc2aaa77934576d34
6,20,0.1,1.0,2,1.1,64,64,1,0,haar,IXYZ,future_rows_history_columns,complete_retained_record,1,0,1e-12,0.0007525936279522542,0.0,0.0017075611587227947,0.0,0.005711535151896355,0.0,-0.0009549675307705405,-0.004958941523944101,47.24027863393013,64,256x64,raw/probes_cut_02.npz,479d6c9ba077c63e885abdab1cff40c5d55f87ca6721e6156aa226cb416488e4,raw/cut_02_J_1p1.npz,db9713c00619e86e6a210511cf17ca45966238145f2fe97817294ebf268d5b9c
6,20,0.1,1.0,2,1.1500000000000001,64,64,1,0,haar,IXYZ,future_rows_history_columns,complete_retained_record,1,0,1e-12,0.0008647036496442356,0.0,0.001982504894391568,0.0,0.006618101067113127,0.0,-0.0011178012447473325,-0.005753397417468891,47.00599990026073,64,256x64,raw/probes_cut_02.npz,479d6c9ba077c63e885abdab1cff40c5d55f87ca6721e6156aa226cb416488e4,raw/cut_02_J_1p15.npz,f57d46cd1b944fbf850d079266c65afe5f425891b9486d318f9a57297a79f4ba
6,20,0.1,1.0,2,1.2000000000000002,64,64,1,0,haar,IXYZ,future_rows_history_columns,complete_retained_record,1,0,1e-12,0.0009950269809752715,0.0,0.002300646295530373,0.0,0.0076640158160827376,0.0,-0.0013056193145551016,-0.0066689888351074665,46.80214108517555,64,256x64,raw/probes_cut_02.npz,479d6c9ba077c63e885abdab1cff40c5d55f87ca6721e6156aa226cb416488e4,raw/cut_02_J_1p2.npz,131ea80b1c7d36a6e70991a71d0b4b006c3654ca65f5c0f4530a985dc30088cc
6,20,0.1,1.0,2,1.25,64,64,1,0,haar,IXYZ,future_rows_history_columns,complete_retained_record,1,0,1e-12,0.0011456763804361296,0.0,0.002665452589452323,0.0,0.008859338583945282,0.0,-0.0015197762090161933,-0.007713662203509153,46.62957789536237,64,256x64,raw/probes_cut_02.npz,479d6c9ba077c63e885abdab1cff40c5d55f87ca6721e6156aa226cb416488e4,raw/cut_02_J_1p25.npz,73d77b38b3e0d1baeebac2a669d3f0840dd49eaabfe48910cccdc969974c0ef5
6,20,0.1,1.0,2,1.3,64,64,1,0,haar,IXYZ,future_rows_history_columns,complete_retained_record,1,0,1e-12,0.00131775198554014,0.0,0.0030775376112379587,0.0,0.010204660028968717,0.0,-0.0017597856256978187,-0.008886908043428577,46.48796919273605,64,256x64,raw/probes_cut_02.npz,479d6c9ba077c63e885abdab1cff40c5d55f87ca6721e6156aa226cb416488e4,raw/cut_02_J_1p3.npz,c08c693a956ee93337483b00c76f555ab1431481cadb5e1c7188239d03a6f8c9
6,20,0.1,1.0,2,1.35,64,64,1,0,haar,IXYZ,future_rows_history_columns,complete_retained_record,1,0,1e-12,0.0015110985612612788,0.0,0.0035341552875888496,0.0,0.011689684688780635,0.0,-0.0020230567263275706,-0.010178586127519356,46.375951966230616,64,256x64,raw/probes_cut_02.npz,479d6c9ba077c63e885abdab1cff40c5d55f87ca6721e6156aa226cb416488e4,raw/cut_02_J_1p35.npz,e36e0b5d6dc481a7d9839e3da1d4c36a3d41763a7627930bc522601fe8aa369f
6,20,0.1,1.0,2,1.4000000000000001,64,64,1,0,haar,IXYZ,future_rows_history_columns,complete_retained_record,1,0,1e-12,0.0017242081831327864,0.0,0.0040291650963730245,0.0,0.013293372207714146,0.0,-0.002304956913240238,-0.01156916402458136,46.291402665429004,64,256x64,raw/probes_cut_02.npz,479d6c9ba077c63e885abdab1cff40c5d55f87ca6721e6156aa226cb416488e4,raw/cut_02_J_1p4.npz,1708904de07a161e9b535dc2cf4796803af265abbdb693a3bb9a32604b812f9f
6,20,0.1,1.0,2,1.4500000000000002,64,64,1,0,haar,IXYZ,future_rows_history_columns,complete_retained_record,1,0,1e-12,0.001954278714447429,0.0,0.004553467535274158,0.0,0.01498556773436975,0.0,-0.0025991888208267287,-0.013031289019922322,46.23172668948182,64,256x64,raw/probes_cut_02.npz,479d6c9ba077c63e885abdab1cff40c5d55f87ca6721e6156aa226cb416488e4,raw/cut_02_J_1p45.npz,4ff844813f7d3e71db274176b3e1b7d1e8990b4ac21acc957e7dc5c7c63529df
6,20,0.1,1.0,2,1.5,64,64,1,0,haar,IXYZ,future_rows_history_columns,complete_retained_record,1,0,1e-12,0.002197412947522717,0.0,0.005095810438400941,0.0,0.01672974918977288,0.0,-0.0028983974908782235,-0.014532336242250163,46.19413650251091,64,256x64,raw/probes_cut_02.npz,479d6c9ba077c63e885abdab1cff40c5d55f87ca6721e6156aa226cb416488e4,raw/cut_02_J_1p5.npz,7c8192563aca561a3a2728d83eca78fe2bcccff85edaffc32ab880af364a5df1
6,20,0.1,1.0,2,1.55,64,64,1,0,haar,IXYZ,future_rows_history_columns,complete_retained_record,1,0,1e-12,0.002448929331319503,0.0,0.005643822510395773,0.0,0.01848640004668434,0.0,-0.00319489317907627,-0.01603747071536484,46.1758847467585,64,256x64,raw/probes_cut_02.npz,479d6c9ba077c63e885abdab1cff40c5d55f87ca6721e6156aa226cb416488e4,raw/cut_02_J_1p55.npz,620cabd5c9c7397bf074bc38b63a4f1b79cb1e494c9c8a9bdb81e1907fae12e1
6,20,0.1,1.0,2,1.6,64,64,1,0,haar,IXYZ,future_rows_history_columns,complete_retained_record,1,0,1e-12,0.002703743398777917,0.0,0.006185115152260013,0.0,0.020216496421478134,0.0,-0.003481371753482096,-0.017512753022700216,46.17442856488779,64,256x64,raw/probes_cut_02.npz,479d6c9ba077c63e885abdab1cff40c5d55f87ca6721e6156aa226cb416488e4,raw/cut_02_J_1p6.npz,df6c03edef96c8baab10e3f6948c57debaa2a4293f0e46506e3d46a9215a05b8
6,20,0.1,1.0,2,1.6500000000000001,64,64,1,0,haar,IXYZ,future_rows_history_columns,complete_retained_record,1,0,1e-12,0.0029567726360378633,0.0,0.0067083086111859895,0.0,0.02188466720278973,0.0,-0.003751535975148126,-0.018927894566751865,46.187516781600486,64,256x64,raw/probes_cut_02.npz,479d6c9ba077c63e885abdab1cff40c5d55f87ca6721e6156aa226cb416488e4,raw/cut_02_J_1p65.npz,3004fa5c41b1071dd840c61c0b794d41e0f36f6f6660a5246bb5420bdf191b1f
6,20,0.1,1.0,2,1.7000000000000002,64,64,1,0,haar,IXYZ,future_rows_history_columns,complete_retained_record,1,0,1e-12,0.0032033265690382135,0.0,0.007203887943128151,0.0,0.02346175885538025,0.0,-0.0040005613740899375,-0.020258432286342033,46.21320358755435,64,256x64,raw/probes_cut_02.npz,479d6c9ba077c63e885abdab1cff40c5d55f87ca6721e6156aa226cb416488e4,raw/cut_02_J_1p7.npz,70604841d19262635d34d70bb6e41c8139968cd01673941d5a1a397f2c60a615
6,20,0.1,1.0,2,1.75,64,64,1,0,haar,IXYZ,future_rows_history_columns,complete_retained_record,1,0,1e-12,0.0034394431419157326,0.0,0.007664819964458242,0.0,0.02492662139682633,0.0,-0.004225376822542509,-0.0214871782549106,46.24980493692386,64,256x64,raw/probes_cut_02.npz,479d6c9ba077c63e885abdab1cff40c5d55f87ca6721e6156aa226cb416488e4,raw/cut_02_J_1p75.npz,4468560411287212c0243bf05b1bcbb9774355fa503aba086067400f4d6fc4be
6,20,0.1,1.0,2,1.8,64,64,1,0,haar,IXYZ,future_rows_history_columns,complete_retained_record,1,0,1e-12,0.0036621390666361107,0.0,0.008086890637791284,0.0,0.02626701975169442,0.0,-0.004424751571155174,-0.02260488068505831,46.29581997905489,64,256x64,raw/probes_cut_02.npz,479d6c9ba077c63e885abdab1cff40c5d55f87ca6721e6156aa226cb416488e4,raw/cut_02_J_1p8.npz,0a7c8c9576ebee6444146c318112f4529a79402e3fc371c91514a733755a7c89
6,20,0.1,1.0,2,1.85,64,64,1,0,haar,IXYZ,future_rows_history_columns,complete_retained_record,1,0,1e-12,0.00386956026162079,0.0,0.008468770298336347,0.0,0.027479716748586992,0.0,-0.004599210036715557,-0.023610156486966204,46.34984244610267,64,256x64,raw/probes_cut_02.npz,479d6c9ba077c63e885abdab1cff40c5d55f87ca6721e6156aa226cb416488e4,raw/cut_02_J_1p85.npz,dde561c125dda1ae27249884b451041b119b8cfea61480eaa9f8f6137de1217f
6,20,0.1,1.0,2,1.9000000000000001,64,64,1,0,haar,IXYZ,future_rows_history_columns,complete_retained_record,1,0,1e-12,0.004061018989213681,0.0,0.008811817069643053,0.0,0.028569773051841326,0.0,-0.004750798080429372,-0.024508754062627647,46.41048385606762,64,256x64,raw/probes_cut_02.npz,479d6c9ba077c63e885abdab1cff40c5d55f87ca6721e6156aa226cb416488e4,raw/cut_02_J_1p9.npz,9578bd3e7a735f1065e7dcf42594d2fabd437e26f9baeba1f801da4e9f884b96
6,20,0.1,1.0,2,1.9500000000000002,64,64,1,0,haar,IXYZ,future_rows_history_columns,complete_retained_record,1,0,1e-12,0.004236922981902872,0.0,0.00911966222048483,0.0,0.02954920405655428,0.0,-0.0048827392385819585,-0.02531228107465141,46.47632484591387,64,256x64,raw/probes_cut_02.npz,479d6c9ba077c63e885abdab1cff40c5d55f87ca6721e6156aa226cb416488e4,raw/cut_02_J_1p95.npz,4686d2f1b41040b9d9e7188491b352b9b88488399c646507989cc493a4e747f2
6,20,0.1,1.0,2,2.0,64,64,1,0,haar,IXYZ,future_rows_history_columns,complete_retained_record,1,0,1e-12,0.004398613855604066,0.0,0.00939764703289333,0.0,0.03043520602758038,0.0,-0.004999033177289265,-0.026036592171976312,46.54590216935088,64,256x64,raw/probes_cut_02.npz,479d6c9ba077c63e885abdab1cff40c5d55f87ca6721e6156aa226cb416488e4,raw/cut_02_J_2.npz,391daa49c8c4abf9f6ffe13f02bb514868650ceece73b376a3174fd7b68fba6d
6,20,0.1,1.0,3,0.0,64,64,1,0,haar,IXYZ,future_rows_history_columns,complete_retained_record,1,0,1e-12,0.0,0.0,0.0,0.0,0.0,0.0,0.0,0.0,48.494895239841206,1,256x64,raw/probes_cut_03.npz,33aebd9f59703f9d798c8993a5a5c2a12b9d358a71bdd958ea9097be94f292cd,raw/cut_03_J_0.npz,11d926d203be23e0d7511ccf3866ba92de7525b3ebf7b329d297e89e4134c873
6,20,0.1,1.0,3,0.05,64,64,1,0,haar,IXYZ,future_rows_history_columns,complete_retained_record,1,0,1e-12,3.8104323694652946e-08,0.0,7.373162615570434e-08,0.0,2.2924524669710923e-07,0.0,-3.56273024610514e-08,-1.9114092300245628e-07,48.49280285469141,64,256x64,raw/probes_cut_03.npz,33aebd9f59703f9d798c8993a5a5c2a12b9d358a71bdd958ea9097be94f292cd,raw/cut_03_J_0p05.npz,790615d6057243e19c23d0a4ddb24336693f64f8f4c38797c9343576ca989bde
6,20,0.1,1.0,3,0.1,64,64,1,0,haar,IXYZ,future_rows_history_columns,complete_retained_record,1,0,1e-12,5.421952132925859e-07,0.0,1.0446834896927485e-06,0.0,3.2252790646105987e-06,0.0,-5.024882764001626e-07,-2.6830838513180128e-06,48.47546381537345,64,256x64,raw/probes_cut_03.npz,33aebd9f59703f9d798c8993a5a5c2a12b9d358a71bdd958ea9097be94f292cd,raw/cut_03_J_0p1.npz,3a34fce527f93d0284342f8977f1b6a753c55c36c9004d32ca85dd0c94a12bb8
6,20,0.1,1.0,3,0.15000000000000002,64,64,1,0,haar,IXYZ,future_rows_history_columns,complete_retained_record,1,0,1e-12,2.5666457611147315e-06,0.0,4.933861964965859e-06,0.0,1.5174270529644963e-05,0.0,-2.3672162038511275e-06,-1.2607624768530232e-05,48.44194242196927,64,256x64,raw/probes_cut_03.npz,33aebd9f59703f9d798c8993a5a5c2a12b9d358a71bdd958ea9097be94f292cd,raw/cut_03_J_0p15.npz,9425088a89574f67c282b16b4965e6097c73b500c2fc6f09d3e8d18a93a9ac21
6,20,0.1,1.0,3,0.2,64,64,1,0,haar,IXYZ,future_rows_history_columns,complete_retained_record,1,0,1e-12,7.749151494880725e-06,0.0,1.4880704915766228e-05,0.0,4.567438574309532e-05,0.0,-7.131553420885502e-06,-3.7925234248214596e-05,48.39071666651927,64,256x64,raw/probes_cut_03.npz,33aebd9f59703f9d798c8993a5a5c2a12b9d358a71bdd958ea9097be94f292cd,raw/cut_03_J_0p2.npz,aa6b1a58c06b7a6b01cd4a53a6017d8e53788a559ec1a80e19e9eb349f5fb051
6,20,0.1,1.0,3,0.25,64,64,1,0,haar,IXYZ,future_rows_history_columns,complete_retained_record,1,0,1e-12,1.826372597263434e-05,0.0,3.507406754459221e-05,0.0,0.00010757348618984273,0.0,-1.681034157195787e-05,-8.930976021720839e-05,48.31980936487244,64,256x64,raw/probes_cut_03.npz,33aebd9f59703f9d798c8993a5a5c2a12b9d358a71bdd958ea9097be94f292cd,raw/cut_03_J_0p25.npz,4d79746f4b0a746f3987270755db6ab7137dcf989d52291e93f46c760e41410f
6,20,0.1,1.0,3,0.30000000000000004,64,64,1,0,haar,IXYZ,future_rows_history_columns,complete_retained_record,1,0,1e-12,3.672986773149469e-05,0.0,7.0617188589975e-05,0.0,0.00021661668093029665,0.0,-3.3887320858480304e-05,-0.00017988681319880195,48.22696332029949,64,256x64,raw/probes_cut_03.npz,33aebd9f59703f9d798c8993a5a5c2a12b9d358a71bdd958ea9097be94f292cd,raw/cut_03_J_0p3.npz,463f12002526da00c5c83cf7f595591804317e95f71bf0ba14bf93ba0fac5dab
6,20,0.1,1.0,3,0.35000000000000003,64,64,1,0,haar,IXYZ,future_rows_history_columns,complete_retained_record,1,0,1e-12,6.605617764681121e-05,0.0,0.00012728628469767727,0.0,0.00039076469663553896,0.0,-6.123010705086606e-05,-0.00032470851898872775,48.10984883213366,64,256x64,raw/probes_cut_03.npz,33aebd9f59703f9d798c8993a5a5c2a12b9d358a71bdd958ea9097be94f292cd,raw/cut_03_J_0p35.npz,ca3ad477eb29afdccf8049020613d347f668106ef1a8fe711919c3a1a258ef99
6,20,0.1,1.0,3,0.4,64,64,1,0,haar,IXYZ,future_rows_history_columns,complete_retained_record,1,0,1e-12,0.00010922291546994214,0.0,0.0002111900307253467,0.0,0.0006491960832125101,0.0,-0.00010196711525540457,-0.000539973167742568,47.96628892058582,64,256x64,raw/probes_cut_03.npz,33aebd9f59703f9d798c8993a5a5c2a12b9d358a71bdd958ea9097be94f292cd,raw/cut_03_J_0p4.npz,747c6277ac724a95fe71a2a6c477ec7dd94e33a956548a20281b91adefdac407
6,20,0.1,1.0,3,0.45,64,64,1,0,haar,IXYZ,future_rows_history_columns,complete_retained_record,1,0,1e-12,0.00016902988988664512,0.0,0.0003283715510710672,0.0,0.0010111183203061825,0.0,-0.00015934166118442206,-0.0008420884304195374,47.794491293882636,64,256x64,raw/probes_cut_03.npz,33aebd9f59703f9d798c8993a5a5c2a12b9d358a71bdd958ea9097be94f292cd,raw/cut_03_J_0p45.npz,bfbdd466bf246e30975e8e68f9a5ef97702f17753f4a9d44437ad6cd1cdc8220
6,20,0.1,1.0,3,0.5,64,64,1,0,haar,IXYZ,future_rows_history_columns,complete_retained_record,1,0,1e-12,0.000247847195008037,0.0,0.00048441376524057886,0.0,0.0014945751044138128,0.0,-0.00023656657023254186,-0.001246727909405776,47.59327366762193,64,256x64,raw/probes_cut_03.npz,33aebd9f59703f9d798c8993a5a5c2a12b9d358a71bdd958ea9097be94f292cd,raw/cut_03_J_0p5.npz,3a4579a0ae001bf9f5e79531eff85fc7a30c034b514010858baea9e1be6d9140
6,20,0.1,1.0,3,0.55,64,64,1,0,haar,IXYZ,future_rows_history_columns,complete_retained_record,1,0,1e-12,0.00034741529087168926,0.0,0.0006841191049352198,0.0,0.002115474954118306,0.0,-0.0003367038140635305,-0.0017680596632466167,47.362273066445105,64,256x64,raw/probes_cut_03.npz,33aebd9f59703f9d798c8993a5a5c2a12b9d358a71bdd958ea9097be94f292cd,raw/cut_03_J_0p55.npz,2df4198cd985cce796ac39891881455631da2eb1360b2bec08b249024eff1953
6,20,0.1,1.0,3,0.6000000000000001,64,64,1,0,haar,IXYZ,future_rows_history_columns,complete_retained_record,1,0,1e-12,0.00046873334439307795,0.0,0.0009313235420884685,0.0,0.002887032186951676,0.0,-0.0004625901976953905,-0.0024182988425585977,47.10212617332046,64,256x64,raw/probes_cut_03.npz,33aebd9f59703f9d798c8993a5a5c2a12b9d358a71bdd958ea9097be94f292cd,raw/cut_03_J_0p6.npz,b5608ea183a9d4d218fd0c54dca05cb80d46016c3fd8ae1ec741f26e4357b071
6,20,0.1,1.0,3,0.65,64,64,1,0,haar,IXYZ,future_rows_history_columns,complete_retained_record,1,0,1e-12,0.0006120685277842541,0.0,0.0012288952146313138,0.0,0.003819783952388327,0.0,-0.0006168266868470597,-0.0032077154246040727,46.81460903499945,64,256x64,raw/probes_cut_03.npz,33aebd9f59703f9d798c8993a5a5c2a12b9d358a71bdd958ea9097be94f292cd,raw/cut_03_J_0p65.npz,51df73c7dd6023b0db4797d73d50025f9fc0c8898c2a4fa91fd3069e106d4b97
6,20,0.1,1.0,3,0.7000000000000001,64,64,1,0,haar,IXYZ,future_rows_history_columns,complete_retained_record,1,0,1e-12,0.0007770979094057553,0.0,0.001578936039743003,0.0,0.004922246974159193,0.0,-0.0008018381303372476,-0.004145149064753438,46.50272142750677,64,256x64,raw/probes_cut_03.npz,33aebd9f59703f9d798c8993a5a5c2a12b9d358a71bdd958ea9097be94f292cd,raw/cut_03_J_0p7.npz,a53b53e8ece3c28294670198403a6e3abad1d656ebf2d0842c40b695d8b877cb
6,20,0.1,1.0,3,0.75,64,64,1,0,haar,IXYZ,future_rows_history_columns,complete_retained_record,1,0,1e-12,0.0009631750386833312,0.0,0.0019831757131412043,0.0,0.00620218549885665,0.0,-0.001020000674457873,-0.005239010460173319,46.170701367389434,64,256x64,raw/probes_cut_03.npz,33aebd9f59703f9d798c8993a5a5c2a12b9d358a71bdd958ea9097be94f292cd,raw/cut_03_J_0p75.npz,e27bba77be16a0cea596885dfc116188c7f9b2c5c1d93c57f6fc789b7bde6a4e
6,20,0.1,1.0,3,0.8,64,64,1,0,haar,IXYZ,future_rows_history_columns,complete_retained_record,1,0,1e-12,0.0011696912368586755,0.0,0.002443512663925312,0.0,0.007668344364119515,0.0,-0.0012738214270666365,-0.006498653127260839,45.823956301657944,64,256x64,raw/probes_cut_03.npz,33aebd9f59703f9d798c8993a5a5c2a12b9d358a71bdd958ea9097be94f292cd,raw/cut_03_J_0p8.npz,57db01e97c696df05ea161391089252409853c4aff81950573985ab436064a67
6,20,0.1,1.0,3,0.8500000000000001,64,64,1,0,haar,IXYZ,future_rows_history_columns,complete_retained_record,1,0,1e-12,0.0013964747956946486,0.0,0.0029626027520596675,0.0,0.009332324986006797,0.0,-0.001566127956365019,-0.007935850190312147,45.46890254466484,64,256x64,raw/probes_cut_03.npz,33aebd9f59703f9d798c8993a5a5c2a12b9d358a71bdd958ea9097be94f292cd,raw/cut_03_J_0p85.npz,51857b8f71671d3755d8eb08740ce7aa4600e33159d0cb675035caee700e2050
6,20,0.1,1.0,3,0.9,64,64,1,0,haar,IXYZ,future_rows_history_columns,complete_retained_record,1,0,1e-12,0.0016441522093091855,0.0,0.003544351084382275,0.0,0.011210122686217716,0.0,-0.0019001988750730894,-0.00956597047690853,45.11271135512007,64,256x64,raw/probes_cut_03.npz,33aebd9f59703f9d798c8993a5a5c2a12b9d358a71bdd958ea9097be94f292cd,raw/cut_03_J_0p9.npz,4a9a00de9a8116b81b27da5a486ff0dbf3c10e0e871c0fe8cd145b8b721694af
6,20,0.1,1.0,3,0.9500000000000001,64,64,1,0,haar,IXYZ,future_rows_history_columns,complete_retained_record,1,0,1e-12,0.0019143851888006795,0.0,0.004194119717687858,0.0,0.013322696880754069,0.0,-0.002279734528887179,-0.01140831169195339,44.76297170559029,64,256x64,raw/probes_cut_03.npz,33aebd9f59703f9d798c8993a5a5c2a12b9d358a71bdd958ea9097be94f292cd,raw/cut_03_J_0p95.npz,253b275650720f2b65cb2f4d4aea69aeafa8d4978df980060637cc2d932a5528
6,20,0.1,1.0,3,1.0,64,64,1,0,haar,IXYZ,future_rows_history_columns,complete_retained_record,1,0,1e-12,0.002209896535185364,0.0,0.004918441416242632,0.0,0.01569486810361213,0.0,-0.002708544881057268,-0.013484971568426766,44.42729144635842,64,256x64,raw/probes_cut_03.npz,33aebd9f59703f9d798c8993a5a5c2a12b9d358a71bdd958ea9097be94f292cd,raw/cut_03_J_1.npz,3f361964aee8cd693a52a5847050a3a20979596e8a353fe1a759726d0907ce01
6,20,0.1,1.0,3,1.05,64,64,1,0,haar,IXYZ,future_rows_history_columns,complete_retained_record,1,0,1e-12,0.002534242255585329,0.0,0.005724119382571317,0.0,0.01835211960653158,0.0,-0.0031898771269859884,-0.01581787735094625,44.112870309112154,64,256x64,raw/probes_cut_03.npz,33aebd9f59703f9d798c8993a5a5c2a12b9d358a71bdd958ea9097be94f292cd,raw/cut_03_J_1p05.npz,eb4fbf2d762cea38f55e89a4772a48dd24300994778a387d65cb5631f7e76888
6,20,0.1,1.0,3,1.1,64,64,1,0,haar,IXYZ,future_rows_history_columns,complete_retained_record,1,0,1e-12,0.0028913353952602925,0.0,0.006616732936951061,0.0,0.021315345407674473,0.0,-0.0037253975416907687,-0.018424010012414182,43.826086870626604,64,256x64,raw/probes_cut_03.npz,33aebd9f59703f9d798c8993a5a5c2a12b9d358a71bdd958ea9097be94f292cd,raw/cut_03_J_1p1.npz,dee27d1f32912c524e09f0eb1d0a73ed263ad58bd0b5cc6ccea2c630754e9aa8
6,20,0.1,1.0,3,1.1500000000000001,64,64,1,0,haar,IXYZ,future_rows_history_columns,complete_retained_record,1,0,1e-12,0.003284798046551148,0.0,0.007598800249087809,0.0,0.02459439020976036,0.0,-0.00431400220253666,-0.021309592163209212,43.57214368138632,64,256x64,raw/probes_cut_03.npz,33aebd9f59703f9d798c8993a5a5c2a12b9d358a71bdd958ea9097be94f292cd,raw/cut_03_J_1p15.npz,783fe50d4681bc29a705a7bfbc0c3d3d60ee3c0047573d697a26146570c2e693
6,20,0.1,1.0,3,1.2000000000000002,64,64,1,0,haar,IXYZ,future_rows_history_columns,complete_retained_record,1,0,1e-12,0.003717250265289264,0.0,0.008668007158127567,0.0,0.028181834302484346,0.0,-0.004950756892838302,-0.02446458403719508,43.35481062184773,64,256x64,raw/probes_cut_03.npz,33aebd9f59703f9d798c8993a5a5c2a12b9d358a71bdd958ea9097be94f292cd,raw/cut_03_J_1p2.npz,6f27cd68cfff4764d0ea0b23211ec3b875f29d990299c7ec42270838cc279029
6,20,0.1,1.0,3,1.25,64,64,1,0,haar,IXYZ,future_rows_history_columns,complete_retained_record,1,0,1e-12,0.004189657772142704,0.0,0.009815979346919553,0.0,0.032048748527219124,0.0,-0.005626321574776849,-0.02785909075507642,43.17629373652558,64,256x64,raw/probes_cut_03.npz,33aebd9f59703f9d798c8993a5a5c2a12b9d358a71bdd958ea9097be94f292cd,raw/cut_03_J_1p25.npz,748cb70318d37c79ff3de83b5803ef6de77a136a9718bee5808cf0bf3430b4f7
6,20,0.1,1.0,3,1.3,64,64,1,0,haar,IXYZ,future_rows_history_columns,complete_retained_record,1,0,1e-12,0.004700853701030504,0.0,0.011028003425723533,0.0,0.03614388300054977,0.0,-0.0063271497246930285,-0.03144302929951927,43.0372399977462,64,256x64,raw/probes_cut_03.npz,33aebd9f59703f9d798c8993a5a5c2a12b9d358a71bdd958ea9097be94f292cd,raw/cut_03_J_1p3.npz,69cfac064646bd53561d73a1f445eade8e472dc50657c46c54965fdaeb8c3395
6,20,0.1,1.0,3,1.35,64,64,1,0,haar,IXYZ,future_rows_history_columns,complete_retained_record,1,0,1e-12,0.005247306948590095,0.0,0.012283850479940125,0.0,0.04039682710268322,0.0,-0.00703654353135003,-0.035149520154093124,42.93686831185235,64,256x64,raw/probes_cut_03.npz,33aebd9f59703f9d798c8993a5a5c2a12b9d358a71bdd958ea9097be94f292cd,raw/cut_03_J_1p35.npz,33aaff97fd882f8909ccc2a0cc0df9a8ddb2ab0fe2c71da7abd2ffd763d4dec2
6,20,0.1,1.0,3,1.4000000000000001,64,64,1,0,haar,IXYZ,future_rows_history_columns,complete_retained_record,1,0,1e-12,0.00582317185254845,0.0,0.013559570714267184,0.0,0.0447246208214034,0.0,-0.007736398861718734,-0.03890144896885495,42.87319961238868,64,256x64,raw/probes_cut_03.npz,33aebd9f59703f9d798c8993a5a5c2a12b9d358a71bdd958ea9097be94f292cd,raw/cut_03_J_1p4.npz,031d624b75a2d164599fe68b33754c06796c01b78e8b76eaebee901089812caf
6,20,0.1,1.0,3,1.4500000000000002,64,64,1,0,haar,IXYZ,future_rows_history_columns,complete_retained_record,1,0,1e-12,0.006420603357117029,0.0,0.014829861812589206,0.0,0.04904032751466344,0.0,-0.008409258455472177,-0.04261972415754641,42.84334724977611,64,256x64,raw/probes_cut_03.npz,33aebd9f59703f9d798c8993a5a5c2a12b9d358a71bdd958ea9097be94f292cd,raw/cut_03_J_1p45.npz,3b6ecdbe287675705fe2cabad5b39bb60bdeb3765d910129fa81be7cdce77a09
6,20,0.1,1.0,3,1.5,64,64,1,0,haar,IXYZ,future_rows_history_columns,complete_retained_record,1,0,1e-12,0.007030277505204085,0.0,0.016070488330396763,0.0,0.05326164817025816,0.0,-0.009040210825192678,-0.046231370665054075,42.8438250197691,64,256x64,raw/probes_cut_03.npz,33aebd9f59703f9d798c8993a5a5c2a12b9d358a71bdd958ea9097be94f292cd,raw/cut_03_J_1p5.npz,dca10f9e614067c599c0c9a404734e82381a8364dc63c6412a0518c7bda4c617
6,20,0.1,1.0,3,1.55,64,64,1,0,haar,IXYZ,future_rows_history_columns,complete_retained_record,1,0,1e-12,0.007642044861905977,0.0,0.017260309866388112,0.0,0.05731796891639053,0.0,-0.009618265004482134,-0.04967592405448455,42.87083388110829,64,256x64,raw/probes_cut_03.npz,33aebd9f59703f9d798c8993a5a5c2a12b9d358a71bdd958ea9097be94f292cd,raw/cut_03_J_1p55.npz,2abc89e9032ed2444f7d924a0c43dc304b20195f3e781a3a748d1b7af2dc1830
6,20,0.1,1.0,3,1.6,64,64,1,0,haar,IXYZ,future_rows_history_columns,complete_retained_record,1,0,1e-12,0.00824563230403078,0.0,0.01838263218549304,0.0,0.06115484876888861,0.0,-0.01013699988146226,-0.05290921646485783,42.920499012154814,64,256x64,raw/probes_cut_03.npz,33aebd9f59703f9d798c8993a5a5c2a12b9d358a71bdd958ea9097be94f292cd,raw/cut_03_J_1p6.npz,eacf123cd3a7b23262087de62b5e6641b3d44db80c6ffa922147cb0452bd29bb
6,20,0.1,1.0,3,1.6500000000000001,64,64,1,0,haar,IXYZ,future_rows_history_columns,complete_retained_record,1,0,1e-12,0.008831321384156503,0.0,0.019425816549066305,0.0,0.06473577988624825,0.0,-0.010594495164909802,-0.05590445850209175,42.989042086521344,64,256x64,raw/probes_cut_03.npz,33aebd9f59703f9d798c8993a5a5c2a12b9d358a71bdd958ea9097be94f292cd,raw/cut_03_J_1p65.npz,9d309759fcde6b8c0eda1b0ff3a42bc0e30cc52faa6c0e4108f07f0cfc3d3432
6,20,0.1,1.0,3,1.7000000000000002,64,64,1,0,haar,IXYZ,future_rows_history_columns,complete_retained_record,1,0,1e-12,0.00939054416641726,0.0,0.020383240189495815,0.0,0.06804162472745535,0.0,-0.010992696023078554,-0.05865108056103809,43.07288714204068,64,256x64,raw/probes_cut_03.npz,33aebd9f59703f9d798c8993a5a5c2a12b9d358a71bdd958ea9097be94f292cd,raw/cut_03_J_1p7.npz,76458cba6bfe856487a1eb98dc43594cb26cbb43c34c4ff089945ac07dba6eae
6,20,0.1,1.0,3,1.75,64,64,1,0,haar,IXYZ,future_rows_history_columns,complete_retained_record,1,0,1e-12,0.00991635686891229,0.0,0.02125279967095798,0.0,0.07106848382356012,0.0,-0.011336442802045689,-0.061152126954647834,43.16870983842996,64,256x64,raw/probes_cut_03.npz,33aebd9f59703f9d798c8993a5a5c2a12b9d358a71bdd958ea9097be94f292cd,raw/cut_03_J_1p75.npz,141f7a89d896b032025537698731baa6aba22a0026f251e2c0e8ce6c113e0a63
6,20,0.1,1.0,3,1.8,64,64,1,0,haar,IXYZ,future_rows_history_columns,complete_retained_record,1,0,1e-12,0.010403763486419724,0.0,0.022036162027586556,0.0,0.0738247633623722,0.0,-0.011632398541166832,-0.06342099987595248,43.273446489746576,64,256x64,raw/probes_cut_03.npz,33aebd9f59703f9d798c8993a5a5c2a12b9d358a71bdd958ea9097be94f292cd,raw/cut_03_J_1p8.npz,539c219774b0459d77d4a08fee8e5eefa6e0db090d67e0cdfa97441f57de2199
6,20,0.1,1.0,3,1.85,64,64,1,0,haar,IXYZ,future_rows_history_columns,complete_retained_record,1,0,1e-12,0.010849880294739945,0.0,0.022737946850691495,0.0,0.07632811429776194,0.0,-0.01188806655595155,-0.065478234003022,43.3842813446385,64,256x64,raw/probes_cut_03.npz,33aebd9f59703f9d798c8993a5a5c2a12b9d358a71bdd958ea9097be94f292cd,raw/cut_03_J_1p85.npz,a1b6f3e0b5a0f694e61e2b23885adae958cf936abccae8cc41e5216d88650db9
6,20,0.1,1.0,3,1.9000000000000001,64,64,1,0,haar,IXYZ,future_rows_history_columns,complete_retained_record,1,0,1e-12,0.011253937029602168,0.0,0.02336495133526883,0.0,0.07860263865361125,0.0,-0.01211101430566666,-0.06734870162400908,43.49862929954363,64,256x64,raw/probes_cut_03.npz,33aebd9f59703f9d798c8993a5a5c2a12b9d358a71bdd958ea9097be94f292cd,raw/cut_03_J_1p9.npz,33715d008869fc8157417aed5a500878954f55d2e06bbfbc5cdd47f5931d2abe
6,20,0.1,1.0,3,1.9500000000000002,64,64,1,0,haar,IXYZ,future_rows_history_columns,complete_retained_record,1,0,1e-12,0.01161712761558443,0.0,0.023925476508566565,0.0,0.08067655650923086,0.0,-0.012308348892982135,-0.06905942889364643,43.61412611574253,64,256x64,raw/probes_cut_03.npz,33aebd9f59703f9d798c8993a5a5c2a12b9d358a71bdd958ea9097be94f292cd,raw/cut_03_J_1p95.npz,1f409614d20cb65baf21f89651b95b988f0b8dfeca2e15edb35d539bf9c9e2d9
6,20,0.1,1.0,3,2.0,64,64,1,0,haar,IXYZ,future_rows_history_columns,complete_retained_record,1,0,1e-12,0.011942333081495872,0.0,0.024428760822547448,0.0,0.08258033349104743,0.0,-0.012486427741051576,-0.07063800040955157,43.72863232508501,64,256x64,raw/probes_cut_03.npz,33aebd9f59703f9d798c8993a5a5c2a12b9d358a71bdd958ea9097be94f292cd,raw/cut_03_J_2.npz,730bd4b56d29f09cfcc30922073df8b783ba037e36171afc241d364206eec44a
6,20,0.1,1.0,4,0.0,64,64,1,0,haar,IXYZ,future_rows_history_columns,complete_retained_record,1,0,1e-12,0.0,0.0,0.0,0.0,0.0,0.0,0.0,0.0,54.017642636882805,1,256x64,raw/probes_cut_04.npz,b79f9edbba779978b2901ac8c03e4e5836eda1fd4e2f5130fbe4ef119794dd8a,raw/cut_04_J_0.npz,f78c931cb826797ceb74654dfc3aa603d9763b30110dc42d2c653199a0247e69
6,20,0.1,1.0,4,0.05,64,64,1,0,haar,IXYZ,future_rows_history_columns,complete_retained_record,1,0,1e-12,6.73576433210469e-08,0.0,1.3021153756362228e-07,0.0,4.926777736101537e-07,0.0,-6.285389424257537e-08,-4.2532013028910684e-07,53.952506999925426,64,256x64,raw/probes_cut_04.npz,b79f9edbba779978b2901ac8c03e4e5836eda1fd4e2f5130fbe4ef119794dd8a,raw/cut_04_J_0p05.npz,39f12aeb16972d2a0d3b07efe3c0d693a9c9cd33a6a5cd66216baa1caefc54b2
6,20,0.1,1.0,4,0.1,64,64,1,0,haar,IXYZ,future_rows_history_columns,complete_retained_record,1,0,1e-12,9.44133329749605e-07,0.0,1.8169934160487582e-06,0.0,6.743064342700084e-06,0.0,-8.728600862991532e-07,-5.798931012950479e-06,53.86982027859064,64,256x64,raw/probes_cut_04.npz,b79f9edbba779978b2901ac8c03e4e5836eda1fd4e2f5130fbe4ef119794dd8a,raw/cut_04_J_0p1.npz,df39690cc860cd0c0b6e0d0acb8e5c9a9a9dbb2578c9dd8d364586419b5e4971
6,20,0.1,1.0,4,0.15000000000000002,64,64,1,0,haar,IXYZ,future_rows_history_columns,complete_retained_record,1,0,1e-12,4.435418000965076e-06,0.0,8.515439574829763e-06,0.0,3.1113329698593525e-05,0.0,-4.080021573864687e-06,-2.667791169762845e-05,53.768175039791366,64,256x64,raw/probes_cut_04.npz,b79f9edbba779978b2901ac8c03e4e5836eda1fd4e2f5130fbe4ef119794dd8a,raw/cut_04_J_0p15.npz,2f960ed35fb51dcca64b3baa1c27b176a57ddcfda7af0e20de9bb7ad5d739948
6,20,0.1,1.0,4,0.2,64,64,1,0,haar,IXYZ,future_rows_history_columns,complete_retained_record,1,0,1e-12,1.3370891775099626e-05,0.0,2.564374958362399e-05,0.0,9.243432566486282e-05,0.0,-1.2272857808524364e-05,-7.90634338897632e-05,53.645460471232816,64,256x64,raw/probes_cut_04.npz,b79f9edbba779978b2901ac8c03e4e5836eda1fd4e2f5130fbe4ef119794dd8a,raw/cut_04_J_0p2.npz,2f8224a597551cdc94a7ebbd09a81aa7b27f3b2a021ea6e40a7fea011e9d0656
6,20,0.1,1.0,4,0.25,64,64,1,0,haar,IXYZ,future_rows_history_columns,complete_retained_record,1,0,1e-12,3.161438726013477e-05,0.0,6.064171971785451e-05,0.0,0.00021594545716137272,0.0,-2.902733245771974e-05,-0.00018433106990123794,53.49905591474446,64,256x64,raw/probes_cut_04.npz,b79f9edbba779978b2901ac8c03e4e5836eda1fd4e2f5130fbe4ef119794dd8a,raw/cut_04_J_0p25.npz,ac44b57c22d842c07af31fd20520a276f1053a2b97fa6003af5cf1d251e594e8
6,20,0.1,1.0,4,0.30000000000000004,64,64,1,0,haar,IXYZ,future_rows_history_columns,complete_retained_record,1,0,1e-12,6.399975229639579e-05,0.0,0.0001229241669921214,0.0,0.00043289804032582203,0.0,-5.89244146957256e-05,-0.00036889828802942626,53.32607300942708,64,256x64,raw/probes_cut_04.npz,b79f9edbba779978b2901ac8c03e4e5836eda1fd4e2f5130fbe4ef119794dd8a,raw/cut_04_J_0p3.npz,fa71c567dc772b0ce67810ac5be83a74e6286fe00a51fef749792fd79a6c54ff
6,20,0.1,1.0,4,0.35000000000000003,64,64,1,0,haar,IXYZ,future_rows_history_columns,complete_retained_record,1,0,1e-12,0.00011611735772767963,0.0,0.00022359270037031282,0.0,0.0007793477992547894,0.0,-0.00010747534264263319,-0.0006632304415271098,53.12363118688196,64,256x64,raw/probes_cut_04.npz,b79f9edbba779978b2901ac8c03e4e5836eda1fd4e2f5130fbe4ef119794dd8a,raw/cut_04_J_0p35.npz,622b90890b6e75751b2a5dafd38ad5dfc1c7c3cddb37d3472cb5226cd769d180
6,20,0.1,1.0,4,0.4,64,64,1,0,haar,IXYZ,future_rows_history_columns,complete_retained_record,1,0,1e-12,0.00019394118678892143,0.0,0.0003748855844357379,0.0,0.0012941097972633195,0.0,-0.00018094439764681648,-0.0011001686104743981,52.88914997711165,64,256x64,raw/probes_cut_04.npz,b79f9edbba779978b2901ac8c03e4e5836eda1fd4e2f5130fbe4ef119794dd8a,raw/cut_04_J_0p4.npz,59f389864238e6ad30c0c193898e3c0d8c3082da033febbb6d5bca70fe996f53
6,20,0.1,1.0,4,0.45,64,64,1,0,haar,IXYZ,future_rows_history_columns,complete_retained_record,1,0,1e-12,0.00030334138391736794,0.0,0.0005894393056402809,0.0,0.0020161731719007966,0.0,-0.0002860979217229129,-0.0017128317879834287,52.620642914948974,64,256x64,raw/probes_cut_04.npz,b79f9edbba779978b2901ac8c03e4e5836eda1fd4e2f5130fbe4ef119794dd8a,raw/cut_04_J_0p45.npz,b8e8b072962fc85d506901b906730f91396e92de585793d3c9d76399a9bedddd
6,20,0.1,1.0,4,0.5,64,64,1,0,haar,IXYZ,future_rows_history_columns,complete_retained_record,1,0,1e-12,0.0004495673863346816,0.0,0.0008794972592713944,0.0,0.0029820666449807648,0.0,-0.00042992987293671283,-0.0025324992586460834,52.31699766414675,64,256x64,raw/probes_cut_04.npz,b79f9edbba779978b2901ac8c03e4e5836eda1fd4e2f5130fbe4ef119794dd8a,raw/cut_04_J_0p5.npz,9a514a8a21ab085368cb09bcfd083a13bc96fb86b36826bddc0a6757b2d37058
6,20,0.1,1.0,4,0.55,64,64,1,0,haar,IXYZ,future_rows_history_columns,complete_retained_record,1,0,1e-12,0.0006368077668310547,0.0,0.0012562332616829555,0.0,0.004223735313540884,0.0,-0.0006194254948519008,-0.0035869275467098295,51.97822730410756,64,256x64,raw/probes_cut_04.npz,b79f9edbba779978b2901ac8c03e4e5836eda1fd4e2f5130fbe4ef119794dd8a,raw/cut_04_J_0p55.npz,d22ee29196a3977d92f9914b87f7f4a07914a853cbdd3658d104a65e90389200
6,20,0.1,1.0,4,0.6000000000000001,64,64,1,0,haar,IXYZ,future_rows_history_columns,complete_retained_record,1,0,1e-12,0.0008679287541036693,0.0,0.0017293492940579497,0.0,0.005767420923036829,0.0,-0.0008614205399542804,-0.004899492168933159,51.60567758539964,64,256x64,raw/probes_cut_04.npz,b79f9edbba779978b2901ac8c03e4e5836eda1fd4e2f5130fbe4ef119794dd8a,raw/cut_04_J_0p6.npz,251e554793a9ebcdc02c30a6d75e4488bd854288c83b98d748940ef6d45e256f
6,20,0.1,1.0,4,0.65,64,64,1,0,haar,IXYZ,future_rows_history_columns,complete_retained_record,1,0,1e-12,0.0011444706292582647,0.0,0.0023070750274936038,0.0,0.007633893483301419,0.0,-0.001162604398235339,-0.006489422854043154,51.20217410586929,64,256x64,raw/probes_cut_04.npz,b79f9edbba779978b2901ac8c03e4e5836eda1fd4e2f5130fbe4ef119794dd8a,raw/cut_04_J_0p65.npz,e4cb06b6b943011e041100971174d4746fecdfa5d46f958d49f33b48b8f2521c
6,20,0.1,1.0,4,0.7000000000000001,64,64,1,0,haar,IXYZ,future_rows_history_columns,complete_retained_record,1,0,1e-12,0.0014669408583084728,0.0,0.0029966363402240135,0.0,0.009840159160871033,0.0,-0.0015296954819155406,-0.00837321830256256,50.772091846040226,64,256x64,raw/probes_cut_04.npz,b79f9edbba779978b2901ac8c03e4e5836eda1fd4e2f5130fbe4ef119794dd8a,raw/cut_04_J_0p7.npz,2d0cd8ebbfe925e52419cb62dd8c806816c47ed8af67e9318e3c061d4d21deb6
6,20,0.1,1.0,4,0.75,64,64,1,0,haar,IXYZ,future_rows_history_columns,complete_retained_record,1,0,1e-12,0.0018353876332211088,0.0,0.003805175847296617,0.0,0.012402481902069329,0.0,-0.0019697882140755083,-0.01056709426884822,50.3213314051209,64,256x64,raw/probes_cut_04.npz,b79f9edbba779978b2901ac8c03e4e5836eda1fd4e2f5130fbe4ef119794dd8a,raw/cut_04_J_0p75.npz,7180f9d98c6d1e2bc6ec8181ae2456a54d4bbd1b8f2c62f0f059c864a9d3151d
6,20,0.1,1.0,4,0.8,64,64,1,0,haar,IXYZ,future_rows_history_columns,complete_retained_record,1,0,1e-12,0.0022501816708696233,0.0,0.004741008518650815,0.0,0.01534023571586115,0.0,-0.0024908268477811914,-0.013090054044991528,49.85718791177199,64,256x64,raw/probes_cut_04.npz,b79f9edbba779978b2901ac8c03e4e5836eda1fd4e2f5130fbe4ef119794dd8a,raw/cut_04_J_0p8.npz,16fd2f738ada3148cde3a44ef8906a5ae1ba1b067e4c09366bfdd03a6566b39c
6,20,0.1,1.0,4,0.8500000000000001,64,64,1,0,haar,IXYZ,future_rows_history_columns,complete_retained_record,1,0,1e-12,0.0027128645946422874,0.0,0.005814942665059015,0.0,0.01867964102090736,0.0,-0.0031020780704167274,-0.015966776426265074,49.38810507068772,64,256x64,raw/probes_cut_04.npz,b79f9edbba779978b2901ac8c03e4e5836eda1fd4e2f5130fbe4ef119794dd8a,raw/cut_04_J_0p85.npz,57372d15476bbe9a99236a18485d3ed928a79ec61824fe59f1c31756626b124b
6,20,0.1,1.0,4,0.9,64,64,1,0,haar,IXYZ,future_rows_history_columns,complete_retained_record,1,0,1e-12,0.0032268701571303926,0.0,0.007041234874289722,0.0,0.02245598438512624,0.0,-0.003814364717159329,-0.01922911422799585,48.92331648244737,64,256x64,raw/probes_cut_04.npz,b79f9edbba779978b2901ac8c03e4e5836eda1fd4e2f5130fbe4ef119794dd8a,raw/cut_04_J_0p9.npz,26857222a86a8a9df3b42b6d3d5b9326317611ddafdc329c305ab5f26893deec
6,20,0.1,1.0,4,0.9500000000000001,64,64,1,0,haar,IXYZ,future_rows_history_columns,complete_retained_record,1,0,1e-12,0.0037978809961384244,0.0,0.008437569588519798,0.0,0.026712498577302294,0.0,-0.0046396885923813734,-0.02291461758116387,48.47238873909562,64,256x64,raw/probes_cut_04.npz,b79f9edbba779978b2901ac8c03e4e5836eda1fd4e2f5130fbe4ef119794dd8a,raw/cut_04_J_0p95.npz,07a88f2348140ca2b4c6f84c836c9a1864ee2e84a494450408bb04a29c3dc50f
6,20,0.1,1.0,4,1.0,64,64,1,0,haar,IXYZ,future_rows_history_columns,complete_retained_record,1,0,1e-12,0.004433620318057781,0.0,0.01002344931901723,0.0,0.0314942959635372,0.0,-0.005589829000959449,-0.02706067564547942,48.044695262019836,64,256x64,raw/probes_cut_04.npz,b79f9edbba779978b2901ac8c03e4e5836eda1fd4e2f5130fbe4ef119794dd8a,raw/cut_04_J_1.npz,5bc10b59986b687eb17525f693f491125094aad05eee5ec7e004f22fdb2600c5
6,20,0.1,1.0,4,1.05,64,64,1,0,haar,IXYZ,future_rows_history_columns,complete_retained_record,1,0,1e-12,0.005143000629752659,0.0,0.011816690268638491,0.0,0.03683690198843187,0.0,-0.006673689638885832,-0.03169390135867921,47.648863877216215,64,256x64,raw/probes_cut_04.npz,b79f9edbba779978b2901ac8c03e4e5836eda1fd4e2f5130fbe4ef119794dd8a,raw/cut_04_J_1p05.npz,5bd03e0f73bf54a3ce13ae952a4563fb37c7f7fb731265a971df185b2649b748
6,20,0.1,1.0,4,1.1,64,64,1,0,haar,IXYZ,future_rows_history_columns,complete_retained_record,1,0,1e-12,0.00593475453562391,0.0,0.013828407283350386,0.0,0.04275110599160257,0.0,-0.007893652747726475,-0.036816351455978655,47.292251050983765,64,256x64,raw/probes_cut_04.npz,b79f9edbba779978b2901ac8c03e4e5836eda1fd4e2f5130fbe4ef119794dd8a,raw/cut_04_J_1p1.npz,0cbb8780be9c2334327a53d955acaa12913cc58d237ea33d5dca74373ee1ffe8
6,20,0.1,1.0,4,1.1500000000000001,64,64,1,0,haar,IXYZ,future_rows_history_columns,complete_retained_record,1,0,1e-12,0.00681580385460684,0.0,0.016057568811039702,0.0,0.04920792008755192,0.0,-0.009241764956432863,-0.04239211623294508,46.98049945794974,64,256x64,raw/probes_cut_04.npz,b79f9edbba779978b2901ac8c03e4e5836eda1fd4e2f5130fbe4ef119794dd8a,raw/cut_04_J_1p15.npz,4032ea628cdd45cb69e77487ed2fc7e960e83c81e13d5eb293fe04358540488d
6,20,0.1,1.0,4,1.2000000000000002,64,64,1,0,haar,IXYZ,future_rows_history_columns,complete_retained_record,1,0,1e-12,0.007789667308541676,0.0,0.01848664656114019,0.0,0.05612856658272016,0.0,-0.010696979252598514,-0.04833889927417848,46.717229178314895,64,256x64,raw/probes_cut_04.npz,b79f9edbba779978b2901ac8c03e4e5836eda1fd4e2f5130fbe4ef119794dd8a,raw/cut_04_J_1p2.npz,4e6ff35b9d17070a17fc9239f0449e403a13472b36d81a6d36477f03795be796
6,20,0.1,1.0,4,1.25,64,64,1,0,haar,IXYZ,future_rows_history_columns,complete_retained_record,1,0,1e-12,0.00885519410081568,0.0,0.02107989466393029,0.0,0.06338385377963263,0.0,-0.01222470056311461,-0.05452865967881695,46.50389937483879,64,256x64,raw/probes_cut_04.npz,b79f9edbba779978b2901ac8c03e4e5836eda1fd4e2f5130fbe4ef119794dd8a,raw/cut_04_J_1p25.npz,6ff1c0aaf876aacb0d772c6bdc1ea6f270fce7166a657a31ce1f262cf39a1d9d
6,20,0.1,1.0,4,1.3,64,64,1,0,haar,IXYZ,future_rows_history_columns,complete_retained_record,1,0,1e-12,0.010005865063056698,0.0,0.023785240139164426,0.0,0.07080484982877934,0.0,-0.013779375076107728,-0.06079898476572264,46.33985382877725,64,256x64,raw/probes_cut_04.npz,b79f9edbba779978b2901ac8c03e4e5836eda1fd4e2f5130fbe4ef119794dd8a,raw/cut_04_J_1p3.npz,2e1bdf9ee4aba1bce8a3ad843c965254d4b4ac17cc607beca81c30e7dfecb59c
6,20,0.1,1.0,4,1.35,64,64,1,0,haar,IXYZ,future_rows_history_columns,complete_retained_record,1,0,1e-12,0.011229781591072933,0.0,0.02653965624696006,0.0,0.07820295383396449,0.0,-0.015309874655887125,-0.06697317224289155,46.22253892342864,64,256x64,raw/probes_cut_04.npz,b79f9edbba779978b2901ac8c03e4e5836eda1fd4e2f5130fbe4ef119794dd8a,raw/cut_04_J_1p35.npz,c2c5b7b160411d38a1451979459211eda9c7dc53e1194f838e0b1ac112b84c8d
6,20,0.1,1.0,4,1.4000000000000001,64,64,1,0,haar,IXYZ,future_rows_history_columns,complete_retained_record,1,0,1e-12,0.012510343846235275,0.0,0.029276780643402545,0.0,0.08539431464968801,0.0,-0.016766436797167272,-0.07288397080345274,46.14785946592442,64,256x64,raw/probes_cut_04.npz,b79f9edbba779978b2901ac8c03e4e5836eda1fd4e2f5130fbe4ef119794dd8a,raw/cut_04_J_1p4.npz,d9da4ff3a4125986953954370cf21ad8451945f1cd7d00f97b7e96377a2faddf
6,20,0.1,1.0,4,1.4500000000000002,64,64,1,0,haar,IXYZ,future_rows_history_columns,complete_retained_record,1,0,1e-12,0.013827478992037241,0.0,0.03193484623476875,0.0,0.09222226140964677,0.0,-0.018107367242731508,-0.07839478241760953,46.11062075103773,64,256x64,raw/probes_cut_04.npz,b79f9edbba779978b2901ac8c03e4e5836eda1fd4e2f5130fbe4ef119794dd8a,raw/cut_04_J_1p45.npz,5c9911c62ac2704a5450592c2e95ee5717dd727d8452417e91181eef7bfcc165
6,20,0.1,1.0,4,1.5,64,64,1,0,haar,IXYZ,future_rows_history_columns,complete_retained_record,1,0,1e-12,0.015159188435886834,0.0,0.03446307251923554,0.0,0.09857264610017809,0.0,-0.019303884083348707,-0.08341345766429126,46.104998551018,64,256x64,raw/probes_cut_04.npz,b79f9edbba779978b2901ac8c03e4e5836eda1fd4e2f5130fbe4ef119794dd8a,raw/cut_04_J_1p5.npz,2ea0c9c7c9e17138803db0ab01e26ced355e9b3a127ccb6f7700360f27b15595
6,20,0.1,1.0,4,1.55,64,64,1,0,haar,IXYZ,future_rows_history_columns,complete_retained_record,1,0,1e-12,0.016483181057306638,0.0,0.03682544374739168,0.0,0.1043800380698278,0.0,-0.020342262690085045,-0.08789685701252117,46.124982431060005,64,256x64,raw/probes_cut_04.npz,b79f9edbba779978b2901ac8c03e4e5836eda1fd4e2f5130fbe4ef119794dd8a,raw/cut_04_J_1p55.npz,5ffa92291cc438ac026b90e0d5f98c85dd12d7fb490bf2af06d51c51e37940c1
6,20,0.1,1.0,4,1.6,64,64,1,0,haar,IXYZ,future_rows_history_columns,complete_retained_record,1,0,1e-12,0.017778376695148788,0.0,0.03900167506898533,0.0,0.10962551070689927,0.0,-0.021223298373836543,-0.09184713401175049,46.16474860687607,64,256x64,raw/probes_cut_04.npz,b79f9edbba779978b2901ac8c03e4e5836eda1fd4e2f5130fbe4ef119794dd8a,raw/cut_04_J_1p6.npz,bb73f8f8310ab94d9a3a33daa48917cf4357f502b61ae0ce65ff9ceba1a76f42
6,20,0.1,1.0,4,1.6500000000000001,64,64,1,0,haar,IXYZ,future_rows_history_columns,complete_retained_record,1,0,1e-12,0.019026146277297266,0.0,0.04098591710022919,0.0,0.11432867498820458,0.0,-0.021959770822931924,-0.09530252871090732,46.21893586140135,64,256x64,raw/probes_cut_04.npz,b79f9edbba779978b2901ac8c03e4e5836eda1fd4e2f5130fbe4ef119794dd8a,raw/cut_04_J_1p65.npz,14421c986943f7fb2720dcc3fd6173db0c7696811fa9cebb0e700c706fc70e8c
6,20,0.1,1.0,4,1.7000000000000002,64,64,1,0,haar,IXYZ,future_rows_history_columns,complete_retained_record,1,0,1e-12,0.020211211361437616,0.0,0.04278403116646709,0.0,0.11853693587177108,0.0,-0.022572819805029475,-0.09832572451033347,46.2828153007727,64,256x64,raw/probes_cut_04.npz,b79f9edbba779978b2901ac8c03e4e5836eda1fd4e2f5130fbe4ef119794dd8a,raw/cut_04_J_1p7.npz,d3d0457470a8ed661347bbc89f099e2ba45cfa430de32071b36099b352562e06
6,20,0.1,1.0,4,1.75,64,64,1,0,haar,IXYZ,future_rows_history_columns,complete_retained_record,1,0,1e-12,0.02132219014856495,0.0,0.04441027915606811,0.0,0.12231450522053097,0.0,-0.023088089007503157,-0.10099231507196602,46.3523604557877,64,256x64,raw/probes_cut_04.npz,b79f9edbba779978b2901ac8c03e4e5836eda1fd4e2f5130fbe4ef119794dd8a,raw/cut_04_J_1p75.npz,8ee77f2f0eaeb64014f48474a86b2770a32061ac60ea66ec868e52928ba994f6
6,20,0.1,1.0,4,1.8,64,64,1,0,haar,IXYZ,future_rows_history_columns,complete_retained_record,1,0,1e-12,0.022351805749108007,0.0,0.04588405548133729,0.0,0.12573275608134984,0.0,-0.023532249732229282,-0.10338095033224184,46.424236073770835,64,256x64,raw/probes_cut_04.npz,b79f9edbba779978b2901ac8c03e4e5836eda1fd4e2f5130fbe4ef119794dd8a,raw/cut_04_J_1p8.npz,ed6052087f611d8e472cb76155d8eb4a5afee941171cb26484e01283cb552729
6,20,0.1,1.0,4,1.85,64,64,1,0,haar,IXYZ,future_rows_history_columns,complete_retained_record,1,0,1e-12,0.023296800100518707,0.0,0.04722707388042433,0.0,0.128862758378395,0.0,-0.023930273779905625,-0.10556595827787629,46.49572998332817,64,256x64,raw/probes_cut_04.npz,b79f9edbba779978b2901ac8c03e4e5836eda1fd4e2f5130fbe4ef119794dd8a,raw/cut_04_J_1p85.npz,6ae550a0137857a9fb86794cd11ae8eae98e161970750bc48e0b5d1dc246e3cf
6,20,0.1,1.0,4,1.9000000000000001,64,64,1,0,haar,IXYZ,future_rows_history_columns,complete_retained_record,1,0,1e-12,0.0241575949641594,0.0,0.048461187140081304,0.0,0.13177013019224754,0.0,-0.024303592175921904,-0.10761253522808814,46.56465461462259,64,256x64,raw/probes_cut_04.npz,b79f9edbba779978b2901ac8c03e4e5836eda1fd4e2f5130fbe4ef119794dd8a,raw/cut_04_J_1p9.npz,ff6a506ba4feca0d2f2f9c018f56a157400677da82142d46484e4afa38433d9c
6,20,0.1,1.0,4,1.9500000000000002,64,64,1,0,haar,IXYZ,future_rows_history_columns,complete_retained_record,1,0,1e-12,0.024937748533284895,0.0,0.04960687656131799,0.0,0.1345120187569286,0.0,-0.0246691280280331,-0.10957427022364369,46.62924129037434,64,256x64,raw/probes_cut_04.npz,b79f9edbba779978b2901ac8c03e4e5836eda1fd4e2f5130fbe4ef119794dd8a,raw/cut_04_J_1p95.npz,992b8b0292b605bafbcfec3c57457fcf2dd0352232a68a386b808406ad792e7f
6,20,0.1,1.0,4,2.0,64,64,1,0,haar,IXYZ,future_rows_history_columns,complete_retained_record,1,0,1e-12,0.025643255333199267,0.0,0.050682319913948115,0.0,0.13713572958888146,0.0,-0.025039064580748848,-0.11149247425568219,46.68804587715591,64,256x64,raw/probes_cut_04.npz,b79f9edbba779978b2901ac8c03e4e5836eda1fd4e2f5130fbe4ef119794dd8a,raw/cut_04_J_2.npz,489197eea7d8fe18d7a462e3b3dffe41caf7871137608987ef121be4bd72d6d2
6,20,0.1,1.0,5,0.0,64,64,1,0,haar,IXYZ,future_rows_history_columns,complete_retained_record,1,0,1e-12,0.0,0.0,0.0,0.0,0.0,0.0,0.0,0.0,49.36750207397078,1,256x64,raw/probes_cut_05.npz,16bc88ea7c42e1316fd14b39a93bca14163cb443ede5e6ccaf4467c261931b36,raw/cut_05_J_0.npz,ae17ff2adcfdfd4dbe36fbf851b3b40f5261227084bb9034ea543f8ae8594994
6,20,0.1,1.0,5,0.05,64,64,1,0,haar,IXYZ,future_rows_history_columns,complete_retained_record,1,0,1e-12,1.3284938548991146e-07,0.0,2.565252138850541e-07,0.0,7.837762958855718e-07,0.0,-1.2367582839514266e-07,-6.509269103956603e-07,49.32499939082935,64,256x64,raw/probes_cut_05.npz,16bc88ea7c42e1316fd14b39a93bca14163cb443ede5e6ccaf4467c261931b36,raw/cut_05_J_0p05.npz,f870b13f51b7b0e80147aef97e48e0f650ab5e727602564488a277c7bc72df7e
6,20,0.1,1.0,5,0.1,64,64,1,0,haar,IXYZ,future_rows_history_columns,complete_retained_record,1,0,1e-12,1.8669811357193384e-06,0.0,3.585674116578393e-06,0.0,1.0806352521723893e-05,0.0,-1.7186929808590546e-06,-8.939371386004554e-06,49.27009164076994,64,256x64,raw/probes_cut_05.npz,16bc88ea7c42e1316fd14b39a93bca14163cb443ede5e6ccaf4467c261931b36,raw/cut_05_J_0p1.npz,ee028f6920a96d93ffc231d5259ceae8b4a214eaa1d5c09009b9d70222ae55e5
6,20,0.1,1.0,5,0.15000000000000002,64,64,1,0,haar,IXYZ,future_rows_history_columns,complete_retained_record,1,0,1e-12,8.766007504040177e-06,0.0,1.6781705359454704e-05,0.0,5.004212632897145e-05,0.0,-8.015697855414527e-06,-4.1276118824931275e-05,49.20172713991802,64,256x64,raw/probes_cut_05.npz,16bc88ea7c42e1316fd14b39a93bca14163cb443ede5e6ccaf4467c261931b36,raw/cut_05_J_0p15.npz,fbc785605aa0964a7a90b7fe172ed8cf42314aafa8621298df1b4fc8eb4f9f1b
6,20,0.1,1.0,5,0.2,64,64,1,0,haar,IXYZ,future_rows_history_columns,complete_retained_record,1,0,1e-12,2.6316292500503843e-05,0.0,5.0280429602310316e-05,0.0,0.0001485758546115847,0.0,-2.3964137101806473e-05,-0.00012225956211108085,49.11823122140382,64,256x64,raw/probes_cut_05.npz,16bc88ea7c42e1316fd14b39a93bca14163cb443ede5e6ccaf4467c261931b36,raw/cut_05_J_0p2.npz,05690c6fdd286a169beb4653575de7b0d91bc73ef219cdb635364a22c88ea81c
6,20,0.1,1.0,5,0.25,64,64,1,0,haar,IXYZ,future_rows_history_columns,complete_retained_record,1,0,1e-12,6.176098291499407e-05,0.0,0.00011788972979680634,0.0,0.000345505532138327,0.0,-5.612874688181227e-05,-0.00028374454922333294,49.01745384670747,64,256x64,raw/probes_cut_05.npz,16bc88ea7c42e1316fd14b39a93bca14163cb443ede5e6ccaf4467c261931b36,raw/cut_05_J_0p25.npz,e8818894ea055b8b820848afe0dd15a1ad217fc62378e08fd94835e9e6d3e191
6,20,0.1,1.0,5,0.30000000000000004,64,64,1,0,haar,IXYZ,future_rows_history_columns,complete_retained_record,1,0,1e-12,0.0001237595817445839,0.0,0.0002362419080505231,0.0,0.0006870649301550616,0.0,-0.0001124823263059392,-0.0005633053484104777,48.896963535249014,64,256x64,raw/probes_cut_05.npz,16bc88ea7c42e1316fd14b39a93bca14163cb443ede5e6ccaf4467c261931b36,raw/cut_05_J_0p3.npz,c763b31333dc1849cf698552ba1f247234909e10ff9621f8f064419cf0289f07
6,20,0.1,1.0,5,0.35000000000000003,64,64,1,0,haar,IXYZ,future_rows_history_columns,complete_retained_record,1,0,1e-12,0.00022178134604101382,0.0,0.00042379991797097976,0.0,0.0012235154368388113,0.0,-0.00020201857192996594,-0.0010017340907977975,48.75427270726873,64,256x64,raw/probes_cut_05.npz,16bc88ea7c42e1316fd14b39a93bca14163cb443ede5e6ccaf4467c261931b36,raw/cut_05_J_0p35.npz,077bb112e4f85d405063bf9798121d42a3486575737542a485a10ad26e4dde3d
6,20,0.1,1.0,5,0.4,64,64,1,0,haar,IXYZ,future_rows_history_columns,complete_retained_record,1,0,1e-12,0.00036525295728222093,0.0,0.0006994509427733627,0.0,0.0020049820454650074,0.0,-0.0003341979854911418,-0.0016397290881827865,48.587079279934784,64,256x64,raw/probes_cut_05.npz,16bc88ea7c42e1316fd14b39a93bca14163cb443ede5e6ccaf4467c261931b36,raw/cut_05_J_0p4.npz,4a389a5d507f3a6efe422fc916cbaeaa4b7dadf0b6b5eddd5cb5358382fe0168
6,20,0.1,1.0,5,0.45,64,64,1,0,haar,IXYZ,future_rows_history_columns,complete_retained_record,1,0,1e-12,0.0005625713254392486,0.0,0.0010808697298972617,0.0,0.0030768217565191576,0.0,-0.0005182984044580131,-0.002514250431079909,48.39350850362398,64,256x64,raw/probes_cut_05.npz,16bc88ea7c42e1316fd14b39a93bca14163cb443ede5e6ccaf4467c261931b36,raw/cut_05_J_0p45.npz,ebce2137e4c7a9500be060cc480cbee8fd034e70dc749acdcdfbe86d2bdf168f
6,20,0.1,1.0,5,0.5,64,64,1,0,haar,IXYZ,future_rows_history_columns,complete_retained_record,1,0,1e-12,0.0008201498630959382,0.0,0.0015829249417205872,0.0,0.0044753307764865465,0.0,-0.000762775078624649,-0.0036551809133906084,48.17234188581783,64,256x64,raw/probes_cut_05.npz,16bc88ea7c42e1316fd14b39a93bca14163cb443ede5e6ccaf4467c261931b36,raw/cut_05_J_0p5.npz,391a347d3f9674ed9777297a7bd48b18106183e16abbedfbf996992c77e5b692
6,20,0.1,1.0,5,0.55,64,64,1,0,haar,IXYZ,future_rows_history_columns,complete_retained_record,1,0,1e-12,0.001141694265748147,0.0,0.0022164426506743554,0.0,0.0062246478500000806,0.0,-0.0010747483849262085,-0.005082953584251934,47.92321932189525,64,256x64,raw/probes_cut_05.npz,16bc88ea7c42e1316fd14b39a93bca14163cb443ede5e6ccaf4467c261931b36,raw/cut_05_J_0p55.npz,328d20ba2e59e7ed5307d000065c98a4d9d7e49da94622d9df9815c442e2ae28
6,20,0.1,1.0,5,0.6000000000000001,64,64,1,0,haar,IXYZ,future_rows_history_columns,complete_retained_record,1,0,1e-12,0.001527888765768168,0.0,0.0029876179174488033,0.0,0.008335582052261639,0.0,-0.0014597291516806352,-0.0068076932864934705,47.64680283314151,64,256x64,raw/probes_cut_05.npz,16bc88ea7c42e1316fd14b39a93bca14163cb443ede5e6ccaf4467c261931b36,raw/cut_05_J_0p6.npz,4e04a33b61fa050f0dae3213d11310b55ebd161e943d04960f36a3a7866e6f0a
6,20,0.1,1.0,5,0.65,64,64,1,0,haar,IXYZ,future_rows_history_columns,complete_retained_record,1,0,1e-12,0.0019766271597229028,0.0,0.0038983057476012018,0.0,0.010806868079131185,0.0,-0.001921678587878299,-0.008830240919408282,47.34489041901755,64,256x64,raw/probes_cut_05.npz,16bc88ea7c42e1316fd14b39a93bca14163cb443ede5e6ccaf4467c261931b36,raw/cut_05_J_0p65.npz,e0320bfb7206fa3c7649ec7b7905054de8bdbd874bd32dd0261c282a8c349ae9
6,20,0.1,1.0,5,0.7000000000000001,64,64,1,0,haar,IXYZ,future_rows_history_columns,complete_retained_record,1,0,1e-12,0.002483845266413782,0.0,0.00494731590500358,0.0,0.013629016958882986,0.0,-0.002463470638589798,-0.011145171692469204,47.02046823912472,64,256x64,raw/probes_cut_05.npz,16bc88ea7c42e1316fd14b39a93bca14163cb443ede5e6ccaf4467c261931b36,raw/cut_05_J_0p7.npz,759862a8dcaca609fb89a02e0aa802c126ac3cf29b6cbc1f96a31136d589e074
6,20,0.1,1.0,5,0.75,64,64,1,0,haar,IXYZ,future_rows_history_columns,complete_retained_record,1,0,1e-12,0.0030449157991585085,0.0,0.006132701398836431,0.0,0.016790549127950406,0.0,-0.0030877855996779223,-0.013745633328791897,46.677691391933514,64,256x64,raw/probes_cut_05.npz,16bc88ea7c42e1316fd14b39a93bca14163cb443ede5e6ccaf4467c261931b36,raw/cut_05_J_0p75.npz,c49f16d1fee96b1f9fc58dfb167638823b5b39b94a2cf3d70e224437f0749352
6,20,0.1,1.0,5,0.8,64,64,1,0,haar,IXYZ,future_rows_history_columns,complete_retained_record,1,0,1e-12,0.0036564508361785477,0.0,0.007454838434145213,0.0,0.02028587788550933,0.0,-0.003798387597966665,-0.01662942704933078,46.32178514798793,64,256x64,raw/probes_cut_05.npz,16bc88ea7c42e1316fd14b39a93bca14163cb443ede5e6ccaf4467c261931b36,raw/cut_05_J_0p8.npz,ef31113adf5b7808e2e5250ecebd91bddc40f51dbc0cdf482c0323ac34759439
6,20,0.1,1.0,5,0.8500000000000001,64,64,1,0,haar,IXYZ,future_rows_history_columns,complete_retained_record,1,0,1e-12,0.004318242271241081,0.0,0.008919860427778228,0.0,0.02412353435014849,0.0,-0.004601618156537147,-0.019805292078907407,45.958862431795204,64,256x64,raw/probes_cut_05.npz,16bc88ea7c42e1316fd14b39a93bca14163cb443ede5e6ccaf4467c261931b36,raw/cut_05_J_0p85.npz,a736c9fbdcb4a6492ebd2f191f979640d61fb7c6e4a710f15534160e10f9a7ff
6,20,0.1,1.0,5,0.9,64,64,1,0,haar,IXYZ,future_rows_history_columns,complete_retained_record,1,0,1e-12,0.005034943353268154,0.0,0.010542677061533093,0.0,0.028332645239750605,0.0,-0.005507733708264939,-0.02329770188648245,45.59566083248026,64,256x64,raw/probes_cut_05.npz,16bc88ea7c42e1316fd14b39a93bca14163cb443ede5e6ccaf4467c261931b36,raw/cut_05_J_0p9.npz,7f1aa98411f42ffdd6a385a16ebabb6a692047b43f23a060ad36734a0cef1b3b
6,20,0.1,1.0,5,0.9500000000000001,64,64,1,0,haar,IXYZ,future_rows_history_columns,complete_retained_record,1,0,1e-12,0.005817006865012473,0.0,0.012348479591232841,0.0,0.032964954539311656,0.0,-0.0065314727262203685,-0.027147947674299185,45.239209993514784,64,256x64,raw/probes_cut_05.npz,16bc88ea7c42e1316fd14b39a93bca14163cb443ede5e6ccaf4467c261931b36,raw/cut_05_J_0p95.npz,c8ed1ec0e8db5f1c874d7fd2e96a9c0f2b3843168b0a295c3b13185d48e668f7
6,20,0.1,1.0,5,1.0,64,64,1,0,haar,IXYZ,future_rows_history_columns,complete_retained_record,1,0,1e-12,0.006680411044967916,0.0,0.014371501113316115,0.0,0.038089657935975345,0.0,-0.007691090068348199,-0.03140924689100743,44.896451031445906,64,256x64,raw/probes_cut_05.npz,16bc88ea7c42e1316fd14b39a93bca14163cb443ede5e6ccaf4467c261931b36,raw/cut_05_J_1.npz,be3d6de45eea1afaefc0f117b742b995bd82176b0557cb94f1abd9b5a8baf016
6,20,0.1,1.0,5,1.05,64,64,1,0,haar,IXYZ,future_rows_history_columns,complete_retained_record,1,0,1e-12,0.007644975827403,0.0,0.016650342721255477,0.0,0.043779800051325965,0.0,-0.009005366893852477,-0.036134824223922966,44.57383769344624,64,256x64,raw/probes_cut_05.npz,16bc88ea7c42e1316fd14b39a93bca14163cb443ede5e6ccaf4467c261931b36,raw/cut_05_J_1p05.npz,ac1ebf1283c22076a4347d388d01f2ad29dd2096608f4bb03e95be5903bd1f72
6,20,0.1,1.0,5,1.1,64,64,1,0,haar,IXYZ,future_rows_history_columns,complete_retained_record,1,0,1e-12,0.008731557118679375,0.0,0.01922046247655164,0.0,0.050092136251485,0.0,-0.010488905357872265,-0.04136057913280563,44.27695678233166,64,256x64,raw/probes_cut_05.npz,16bc88ea7c42e1316fd14b39a93bca14163cb443ede5e6ccaf4467c261931b36,raw/cut_05_J_1p1.npz,23c5653ec3509271f9dbae1e8e9c8d5ceced800540984d59985b64d11151646c
6,20,0.1,1.0,5,1.1500000000000001,64,64,1,0,haar,IXYZ,future_rows_history_columns,complete_retained_record,1,0,1e-12,0.009958692925565664,0.0,0.022105466481250377,0.0,0.057045330002675594,0.0,-0.012146773555684713,-0.04708663707710993,44.010206695037255,64,256x64,raw/probes_cut_05.npz,16bc88ea7c42e1316fd14b39a93bca14163cb443ede5e6ccaf4467c261931b36,raw/cut_05_J_1p15.npz,20f4c44cf2d627350b44caebc0aeb83c5719d2d0cfb5add6c240c3ecfaf6e785
6,20,0.1,1.0,5,1.2000000000000002,64,64,1,0,haar,IXYZ,future_rows_history_columns,complete_retained_record,1,0,1e-12,0.011339284808805434,0.0,0.025309202186499787,0.0,0.0646026182611219,0.0,-0.013969917377694353,-0.05326333345231647,43.776569637710544,64,256x64,raw/probes_cut_05.npz,16bc88ea7c42e1316fd14b39a93bca14163cb443ede5e6ccaf4467c261931b36,raw/cut_05_J_1p2.npz,86d5fbd2706066e3d0c129e83bfe48247080b11bde5b18289e826f1370d54edb
6,20,0.1,1.0,5,1.25,64,64,1,0,haar,IXYZ,future_rows_history_columns,complete_retained_record,1,0,1e-12,0.012877826423231441,0.0,0.028810561612902907,0.0,0.07266415699862265,0.0,-0.015932735189671466,-0.059786330575391206,43.57750247898373,64,256x64,raw/probes_cut_05.npz,16bc88ea7c42e1316fd14b39a93bca14163cb443ede5e6ccaf4467c261931b36,raw/cut_05_J_1p25.npz,e7fc5491bcba0e4fe965a16fa6de13cc7d96a71539f2fb49197a916abf4fb669
6,20,0.1,1.0,5,1.3,64,64,1,0,haar,IXYZ,future_rows_history_columns,complete_retained_record,1,0,1e-12,0.014568643685447033,0.0,0.032562480633052476,0.0,0.08107196919958211,0.0,-0.017993836947605445,-0.06650332551413507,43.41295699914326,64,256x64,raw/probes_cut_05.npz,16bc88ea7c42e1316fd14b39a93bca14163cb443ede5e6ccaf4467c261931b36,raw/cut_05_J_1p3.npz,bd3d18cb6f40ecc2e42d9d14a481441436e28a5d6664e03fed024ba3fb5880e0
6,20,0.1,1.0,5,1.35,64,64,1,0,haar,IXYZ,future_rows_history_columns,complete_retained_record,1,0,1e-12,0.016395431900292894,0.0,0.03649556435041431,0.0,0.08962680925478116,0.0,-0.020100132450121416,-0.07323137735448826,43.2815222038366,64,256x64,raw/probes_cut_05.npz,16bc88ea7c42e1316fd14b39a93bca14163cb443ede5e6ccaf4467c261931b36,raw/cut_05_J_1p35.npz,ec80a0d857b073113a5f703d2435f7dfcc060dc88bbe508e02467222cab7e126
6,20,0.1,1.0,5,1.4000000000000001,64,64,1,0,haar,IXYZ,future_rows_history_columns,complete_retained_record,1,0,1e-12,0.01833212473247005,0.0,0.04052548052828172,0.0,0.09811270322390012,0.0,-0.022193355795811668,-0.07978057849143007,43.180666104117556,64,256x64,raw/probes_cut_05.npz,16bc88ea7c42e1316fd14b39a93bca14163cb443ede5e6ccaf4467c261931b36,raw/cut_05_J_1p4.npz,711374377843dcfb17450c9210975a56f74b6fcd909fc3929ac1b549bc669c09
6,20,0.1,1.0,5,1.4500000000000002,64,64,1,0,haar,IXYZ,future_rows_history_columns,complete_retained_record,1,0,1e-12,0.02034488646157959,0.0,0.044562302217100995,0.0,0.10632297204060613,0.0,-0.024217415755521405,-0.08597808557902654,43.107042038113185,64,256x64,raw/probes_cut_05.npz,16bc88ea7c42e1316fd14b39a93bca14163cb443ede5e6ccaf4467c261931b36,raw/cut_05_J_1p45.npz,56b2c62222e91c0aa2f2f85b9937f86c6405b87fcbe4770d10e19075bb98e0cb
6,20,0.1,1.0,5,1.5,64,64,1,0,haar,IXYZ,future_rows_history_columns,complete_retained_record,1,0,1e-12,0.02239487618870079,0.0,0.04851975783871752,0.0,0.11408203408244473,0.0,-0.026124881650016734,-0.09168715789374395,43.05681898207835,64,256x64,raw/probes_cut_05.npz,16bc88ea7c42e1316fd14b39a93bca14163cb443ede5e6ccaf4467c261931b36,raw/cut_05_J_1p5.npz,ad7aeaeb5c813e90ecc72659057496d8321b5b7dc417e6f4d341259256b7a375
6,20,0.1,1.0,5,1.55,64,64,1,0,haar,IXYZ,future_rows_history_columns,complete_retained_record,1,0,1e-12,0.02444136013136061,0.0,0.05232273615862956,0.0,0.12125940268868442,0.0,-0.027881376027268954,-0.0968180425573238,43.02599764551352,64,256x64,raw/probes_cut_05.npz,16bc88ea7c42e1316fd14b39a93bca14163cb443ede5e6ccaf4467c261931b36,raw/cut_05_J_1p55.npz,cf795ac1aa04794f2e7ae75448a5b66ee33b37885d5074e9794e90e1d8014845
6,20,0.1,1.0,5,1.6,64,64,1,0,haar,IXYZ,future_rows_history_columns,complete_retained_record,1,0,1e-12,0.026444789622458397,0.0,0.05591218752673166,0.0,0.12777506955196258,0.0,-0.029467397904273263,-0.10133027992950418,43.01068024411899,64,256x64,raw/probes_cut_05.npz,16bc88ea7c42e1316fd14b39a93bca14163cb443ede5e6ccaf4467c261931b36,raw/cut_05_J_1p6.npz,1aff2c51d3d76277d9988d98e574b109d3b54ab8cbf0a5627bb16fdb9f217a36
6,20,0.1,1.0,5,1.6500000000000001,64,64,1,0,haar,IXYZ,future_rows_history_columns,complete_retained_record,1,0,1e-12,0.02836951814901001,0.0,0.059247284685238,0.0,0.13359751178715984,0.0,-0.030877766536227993,-0.10522799363814983,43.00727441737334,64,256x64,raw/probes_cut_05.npz,16bc88ea7c42e1316fd14b39a93bca14163cb443ede5e6ccaf4467c261931b36,raw/cut_05_J_1p65.npz,17af6fb33c7ce1aec543395bc92908850f93385e0be1e156a2d26272d31cd688
6,20,0.1,1.0,5,1.7000000000000002,64,64,1,0,haar,IXYZ,future_rows_history_columns,complete_retained_record,1,0,1e-12,0.030185953865852176,0.0,0.06230528523339907,0.0,0.13873675252767,0.0,-0.0321193313675469,-0.10855079866181783,43.012623127524975,64,256x64,raw/probes_cut_05.npz,16bc88ea7c42e1316fd14b39a93bca14163cb443ede5e6ccaf4467c261931b36,raw/cut_05_J_1p7.npz,c15d710f3816b9f208be73fbba38d8199b131464166549507595d5d3a3a1a971
6,20,0.1,1.0,5,1.75,64,64,1,0,haar,IXYZ,future_rows_history_columns,complete_retained_record,1,0,1e-12,0.03187201864457256,0.0,0.06507972899895363,0.0,0.14323489699627695,0.0,-0.033207710354381074,-0.11136287835170439,43.024064554914304,64,256x64,raw/probes_cut_05.npz,16bc88ea7c42e1316fd14b39a93bca14163cb443ede5e6ccaf4467c261931b36,raw/cut_05_J_1p75.npz,8167e600695a2367a4e8a9ca791ae48043faf332988586acbca8d839fbfc097d
6,20,0.1,1.0,5,1.8,64,64,1,0,haar,IXYZ,future_rows_history_columns,complete_retained_record,1,0,1e-12,0.033413875015358654,0.0,0.06757765470132063,0.0,0.14715617435199588,0.0,-0.03416377968596197,-0.11374229933663722,43.03943405570896,64,256x64,raw/probes_cut_05.npz,16bc88ea7c42e1316fd14b39a93bca14163cb443ede5e6ccaf4467c261931b36,raw/cut_05_J_1p8.npz,748442031c4fac010de55bef91be42c42636a5da3554acdc904f62801eeb54dc
6,20,0.1,1.0,5,1.85,64,64,1,0,haar,IXYZ,future_rows_history_columns,complete_retained_record,1,0,1e-12,0.034805946097702795,0.0,0.06981640241733736,0.0,0.15057779767620777,0.0,-0.035010456319634564,-0.11577185157850498,43.05702483912876,64,256x64,raw/probes_cut_05.npz,16bc88ea7c42e1316fd14b39a93bca14163cb443ede5e6ccaf4467c261931b36,raw/cut_05_J_1p85.npz,a7aaaae9a8eb40ff90948993f9887d95ce091fc89778777c064f446bd31c57d4
6,20,0.1,1.0,5,1.9000000000000001,64,64,1,0,haar,IXYZ,future_rows_history_columns,complete_retained_record,1,0,1e-12,0.03605027701040516,0.0,0.07182036308823724,0.0,0.1535822176466068,0.0,-0.035770086077832074,-0.11753194063620162,43.07552601722643,64,256x64,raw/probes_cut_05.npz,16bc88ea7c42e1316fd14b39a93bca14163cb443ede5e6ccaf4467c261931b36,raw/cut_05_J_1p9.npz,8722104bf544e45c4567cf8f81bc1319a4740f753abc00d3af870c44812458e1
6,20,0.1,1.0,5,1.9500000000000002,64,64,1,0,haar,IXYZ,future_rows_history_columns,complete_retained_record,1,0,1e-12,0.037155359159298185,0.0,0.07361796226793316,0.0,0.15625101897917013,0.0,-0.03646260310863497,-0.11909565981987194,43.09395311951007,64,256x64,raw/probes_cut_05.npz,16bc88ea7c42e1316fd14b39a93bca14163cb443ede5e6ccaf4467c261931b36,raw/cut_05_J_1p95.npz,17ec5786ebb7ff6cf9b624cb5814d75c81827947aae1af045d60282c8fad88f0
6,20,0.1,1.0,5,2.0,64,64,1,0,haar,IXYZ,future_rows_history_columns,complete_retained_record,1,0,1e-12,0.03813454098872678,0.0,0.07523896583795092,0.0,0.15866023179361136,0.0,-0.03710442484922414,-0.12052569080488457,43.11158304356205,64,256x64,raw/probes_cut_05.npz,16bc88ea7c42e1316fd14b39a93bca14163cb443ede5e6ccaf4467c261931b36,raw/cut_05_J_2.npz,c150c2c73ad2479a6fbd19800ff036c456d569109591cec61da5ad3902b26911
6,20,0.1,1.0,6,0.0,64,64,1,0,haar,IXYZ,future_rows_history_columns,complete_retained_record,1,0,1e-12,0.0,0.0,0.0,0.0,0.0,0.0,0.0,0.0,49.686538872865896,1,256x64,raw/probes_cut_06.npz,81a2557e779b50cbf2cc301e7ca606939b4d0ff6bf35ceebbf7b914c32e0d450,raw/cut_06_J_0.npz,a776bd49534ec2b952f9bc640f7c2aedbca111084e3492173f9c9bc22af2a043
6,20,0.1,1.0,6,0.05,64,64,1,0,haar,IXYZ,future_rows_history_columns,complete_retained_record,1,0,1e-12,1.7770318867825693e-07,0.0,3.428757430449662e-07,0.0,1.2267758934636154e-06,0.0,-1.6517255436670927e-07,-1.0490727047853585e-06,49.69911047082756,64,256x64,raw/probes_cut_06.npz,81a2557e779b50cbf2cc301e7ca606939b4d0ff6bf35ceebbf7b914c32e0d450,raw/cut_06_J_0p05.npz,57aed1ff84e6795e83eebc4e5250bfb30b5f01923861602e08e8b5b3300c509b
6,20,0.1,1.0,6,0.1,64,64,1,0,haar,IXYZ,future_rows_history_columns,complete_retained_record,1,0,1e-12,2.4724456083427566e-06,0.0,4.7452635826379254e-06,0.0,1.6807804926299225e-05,0.0,-2.272817974295169e-06,-1.433535931795647e-05,49.69796050641744,64,256x64,raw/probes_cut_06.npz,81a2557e779b50cbf2cc301e7ca606939b4d0ff6bf35ceebbf7b914c32e0d450,raw/cut_06_J_0p1.npz,b70d770a2f25b502f4d0b71061ce376ecaf6908e49a525147321a226122e0016
6,20,0.1,1.0,6,0.15000000000000002,64,64,1,0,haar,IXYZ,future_rows_history_columns,complete_retained_record,1,0,1e-12,1.1535845878835731e-05,0.0,2.206771705013434e-05,0.0,7.75952267325608e-05,0.0,-1.053187117129861e-05,-6.605938085372508e-05,49.6818560586532,64,256x64,raw/probes_cut_06.npz,81a2557e779b50cbf2cc301e7ca606939b4d0ff6bf35ceebbf7b914c32e0d450,raw/cut_06_J_0p15.npz,4e03521bf05956fb8c84ac25ce922bad30d13c3f6878b00fc7a224f180bdbfef
6,20,0.1,1.0,6,0.2,64,64,1,0,haar,IXYZ,future_rows_history_columns,complete_retained_record,1,0,1e-12,3.449892192469971e-05,0.0,6.586302052959635e-05,0.0,0.00023015763518845098,0.0,-3.136409860489664e-05,-0.00019565871326375126,49.64899223455567,64,256x64,raw/probes_cut_06.npz,81a2557e779b50cbf2cc301e7ca606939b4d0ff6bf35ceebbf7b914c32e0d450,raw/cut_06_J_0p2.npz,531bb7729ce0ff770e97117b8b5cf48282ef30992220621f424ee805b68c5209
6,20,0.1,1.0,6,0.25,64,64,1,0,haar,IXYZ,future_rows_history_columns,complete_retained_record,1,0,1e-12,8.077684422223193e-05,0.0,0.00015406685123472888,0.0,0.0005353543483922961,0.0,-7.329000701249694e-05,-0.00045457750417006416,49.59715937500709,64,256x64,raw/probes_cut_06.npz,81a2557e779b50cbf2cc301e7ca606939b4d0ff6bf35ceebbf7b914c32e0d450,raw/cut_06_J_0p25.npz,11522e03a7ae876ebb369e48cf697c49ba8e4a6c09b7b40ff51a2b5452de886b
6,20,0.1,1.0,6,0.30000000000000004,64,64,1,0,haar,IXYZ,future_rows_history_columns,complete_retained_record,1,0,1e-12,0.0001615946881656105,0.0,0.0003082267889816692,0.0,0.0010653768032061171,0.0,-0.0001466321008160587,-0.0009037821150405066,49.52395204456737,64,256x64,raw/probes_cut_06.npz,81a2557e779b50cbf2cc301e7ca606939b4d0ff6bf35ceebbf7b914c32e0d450,raw/cut_06_J_0p3.npz,dbd77d4292b893eb8def35b66a9de547be406bc7fe1229c15a2888189e037483
6,20,0.1,1.0,6,0.35000000000000003,64,64,1,0,haar,IXYZ,future_rows_history_columns,complete_retained_record,1,0,1e-12,0.00028908318773529496,0.0,0.0005519894526602935,0.0,0.0018983980585777572,0.0,-0.00026290626492499853,-0.001609314870842462,49.42700110814322,64,256x64,raw/probes_cut_06.npz,81a2557e779b50cbf2cc301e7ca606939b4d0ff6bf35ceebbf7b914c32e0d450,raw/cut_06_J_0p35.npz,1bdaeda85df65eeff8727c2a19d5906958b55320c3e89be43e168ffdb6bb7c16
6,20,0.1,1.0,6,0.4,64,64,1,0,haar,IXYZ,future_rows_history_columns,complete_retained_record,1,0,1e-12,0.0004749907058758076,0.0,0.0009089194924434212,0.0,0.0031111832318826,0.0,-0.0004339287865676136,-0.0026361925260067923,49.30420892769403,64,256x64,raw/probes_cut_06.npz,81a2557e779b50cbf2cc301e7ca606939b4d0ff6bf35ceebbf7b914c32e0d450,raw/cut_06_J_0p4.npz,fb331f99792f2c9c692593e2c76adb094695ca065b68a54b74f2dc03962c5f0e
6,20,0.1,1.0,6,0.45,64,64,1,0,haar,IXYZ,future_rows_history_columns,complete_retained_record,1,0,1e-12,0.0007292094299609339,0.0,0.0013999798338693754,0.0,0.004770833047076333,0.0,-0.0006707704039084415,-0.004041623617115399,49.15397244796547,64,256x64,raw/probes_cut_06.npz,81a2557e779b50cbf2cc301e7ca606939b4d0ff6bf35ceebbf7b914c32e0d450,raw/cut_06_J_0p45.npz,cb6ccc0de9e952a812668b4a5efa411cf17f23476834691e7e30958b533d7a96
6,20,0.1,1.0,6,0.5,64,64,1,0,haar,IXYZ,future_rows_history_columns,complete_retained_record,1,0,1e-12,0.0010584099557223031,0.0,0.0020411599814200644,0.0,0.006927277538084947,0.0,-0.0009827500256977613,-0.005868867582362644,48.975380093560915,64,256x64,raw/probes_cut_06.npz,81a2557e779b50cbf2cc301e7ca606939b4d0ff6bf35ceebbf7b914c32e0d450,raw/cut_06_J_0p5.npz,7b3a55524b97c7bab8d127839e54307c51902d33f476c853fe0bf5c0fd6d8f78
6,20,0.1,1.0,6,0.55,64,64,1,0,haar,IXYZ,future_rows_history_columns,complete_retained_record,1,0,1e-12,0.0014651067774449698,0.0,0.0028417849992907122,0.0,0.009608208707176158,0.0,-0.0013766782218457424,-0.008143101929731188,48.768373166698055,64,256x64,raw/probes_cut_06.npz,81a2557e779b50cbf2cc301e7ca606939b4d0ff6bf35ceebbf7b914c32e0d450,raw/cut_06_J_0p55.npz,34c4fb35ec684be3bc68014755a25beaa91e8cd889d410521ffc37943ae20c67
6,20,0.1,1.0,6,0.6000000000000001,64,64,1,0,haar,IXYZ,future_rows_history_columns,complete_retained_record,1,0,1e-12,0.001947436873556829,0.0,0.0038039925903430444,0.0,0.012817909451740503,0.0,-0.0018565557167862154,-0.010870472578183674,48.533863942293195,64,256x64,raw/probes_cut_06.npz,81a2557e779b50cbf2cc301e7ca606939b4d0ff6bf35ceebbf7b914c32e0d450,raw/cut_06_J_0p6.npz,e9ab14edb6e0065bb628303f63effb65fa1e60f9ccd552ec298f6bb2aeb683dc
6,20,0.1,1.0,6,0.65,64,64,1,0,haar,IXYZ,future_rows_history_columns,complete_retained_record,1,0,1e-12,0.002499837418459923,0.0,0.004923736027764459,0.0,0.016540965377926906,0.0,-0.002423898609304536,-0.014041127959466984,48.273805005584386,64,256x64,raw/probes_cut_06.npz,81a2557e779b50cbf2cc301e7ca606939b4d0ff6bf35ceebbf7b914c32e0d450,raw/cut_06_J_0p65.npz,68eb05a3b8ebbe1867b85cd4c574fe40918784c69eee03589418d3a006a6fe4c
6,20,0.1,1.0,6,0.7000000000000001,64,64,1,0,haar,IXYZ,future_rows_history_columns,complete_retained_record,1,0,1e-12,0.003114668534195354,0.0,0.00619348824796048,0.0,0.020751230433907503,0.0,-0.003078819713765126,-0.017636561899712147,47.99120365909714,64,256x64,raw/probes_cut_06.npz,81a2557e779b50cbf2cc301e7ca606939b4d0ff6bf35ceebbf7b914c32e0d450,raw/cut_06_J_0p7.npz,a3c58bbfc7541aa2ee91db6bb0d023c5ea50c94e48868daa8c275b3980d23e57
6,20,0.1,1.0,6,0.75,64,64,1,0,haar,IXYZ,future_rows_history_columns,complete_retained_record,1,0,1e-12,0.0037846652767339643,0.0,0.007606582673734386,0.0,0.025425657754336223,0.0,-0.0038219173970004214,-0.021640992477602258,47.69007625124509,64,256x64,raw/probes_cut_06.npz,81a2557e779b50cbf2cc301e7ca606939b4d0ff6bf35ceebbf7b914c32e0d450,raw/cut_06_J_0p75.npz,b7fcde4039178a105319d154adebff15c5dfd97ecce617a8cf6dc1b10bb46942
6,20,0.1,1.0,6,0.8,64,64,1,0,haar,IXYZ,future_rows_history_columns,complete_retained_record,1,0,1e-12,0.004505914211496954,0.0,0.009162801288592481,0.0,0.030561564269384743,0.0,-0.004656887077095527,-0.026055650057887788,47.37533839348454,64,256x64,raw/probes_cut_06.npz,81a2557e779b50cbf2cc301e7ca606939b4d0ff6bf35ceebbf7b914c32e0d450,raw/cut_06_J_0p8.npz,451fca7da3ec65c8eede280da4ba1b7ee62043e6c2ad3fce3a3dcfbc253ab597
6,20,0.1,1.0,6,0.8500000000000001,64,64,1,0,haar,IXYZ,future_rows_history_columns,complete_retained_record,1,0,1e-12,0.00528084562884761,0.0,0.01087436067774759,0.0,0.036194401876212916,0.0,-0.00559351504889998,-0.030913556247365304,47.05262895425774,64,256x64,raw/probes_cut_06.npz,81a2557e779b50cbf2cc301e7ca606939b4d0ff6bf35ceebbf7b914c32e0d450,raw/cut_06_J_0p85.npz,131b4dea64ce1f6a4fa6ede622a05c8e4ba7c13ab40aa4257a8a0b85d43b658b
6,20,0.1,1.0,6,0.9,64,64,1,0,haar,IXYZ,future_rows_history_columns,complete_retained_record,1,0,1e-12,0.00612049405626078,0.0,0.012770769683343843,0.0,0.04241091240368138,0.0,-0.006650275627083063,-0.036290418347420604,46.72807249211708,64,256x64,raw/probes_cut_06.npz,81a2557e779b50cbf2cc301e7ca606939b4d0ff6bf35ceebbf7b914c32e0d450,raw/cut_06_J_0p9.npz,48b382a24960490c167e935e9cd4b70c0630b0dcaeddec214c14a5f258994350
6,20,0.1,1.0,6,0.9500000000000001,64,64,1,0,haar,IXYZ,future_rows_history_columns,complete_retained_record,1,0,1e-12,0.007045093259679104,0.0,0.01490029075649923,0.0,0.04935040023381411,0.0,-0.007855197496820124,-0.042305306974135,46.40798985914014,64,256x64,raw/probes_cut_06.npz,81a2557e779b50cbf2cc301e7ca606939b4d0ff6bf35ceebbf7b914c32e0d450,raw/cut_06_J_0p95.npz,c3e3e6f2470f3e737552795b36d772b8ba60260c61d07c859b0b45b068282106
6,20,0.1,1.0,6,1.0,64,64,1,0,haar,IXYZ,future_rows_history_columns,complete_retained_record,1,0,1e-12,0.008082235360418561,0.0,0.017325722342688275,0.0,0.057187386955701566,0.0,-0.009243486982269714,-0.049105151595283,46.09857635192456,64,256x64,raw/probes_cut_06.npz,81a2557e779b50cbf2cc301e7ca606939b4d0ff6bf35ceebbf7b914c32e0d450,raw/cut_06_J_1.npz,bc944c553ce418d4d0f345e1192d4a67bb5fbda8eed03784d25eb6a0c92d673e
6,20,0.1,1.0,6,1.05,64,64,1,0,haar,IXYZ,future_rows_history_columns,complete_retained_record,1,0,1e-12,0.009262692906539674,0.0,0.020114085014414196,0.0,0.06609511192004833,0.0,-0.010851392107874521,-0.056832419013508655,45.805573314597346,64,256x64,raw/probes_cut_06.npz,81a2557e779b50cbf2cc301e7ca606939b4d0ff6bf35ceebbf7b914c32e0d450,raw/cut_06_J_1p05.npz,febf0369fbb3c014233063d1b3209841fcd5ff2fc4b4cc10b738b55f27cb8467
6,20,0.1,1.0,6,1.1,64,64,1,0,haar,IXYZ,future_rows_history_columns,complete_retained_record,1,0,1e-12,0.010615116990754464,0.0,0.023322786275237817,0.0,0.07619858772665616,0.0,-0.012707669284483353,-0.0655834707359017,45.533964508365294,64,256x64,raw/probes_cut_06.npz,81a2557e779b50cbf2cc301e7ca606939b4d0ff6bf35ceebbf7b914c32e0d450,raw/cut_06_J_1p1.npz,2105f0a13105be9b3058b24bb5184144e0d1ad024d2179082b3116bf315b7de2
6,20,0.1,1.0,6,1.1500000000000001,64,64,1,0,haar,IXYZ,future_rows_history_columns,complete_retained_record,1,0,1e-12,0.012160990682681965,0.0,0.02698591253919691,0.0,0.08753033912162247,0.0,-0.014824921856514945,-0.07536934843894051,45.2877287280097,64,256x64,raw/probes_cut_06.npz,81a2557e779b50cbf2cc301e7ca606939b4d0ff6bf35ceebbf7b914c32e0d450,raw/cut_06_J_1p15.npz,74bec93d409076e9fbe8afc62238c35b6232a7dc16f719014736dca9e139c0dc
6,20,0.1,1.0,6,1.2000000000000002,64,64,1,0,haar,IXYZ,future_rows_history_columns,complete_retained_record,1,0,1e-12,0.01391058668708318,0.0,0.031103284505673883,0.0,0.10000009635278151,0.0,-0.017192697818590702,-0.08608950966569832,45.069675756564024,64,256x64,raw/probes_cut_06.npz,81a2557e779b50cbf2cc301e7ca606939b4d0ff6bf35ceebbf7b914c32e0d450,raw/cut_06_J_1p2.npz,f00fd365d0fecfe39a28ae2cff85d249a1f2691850a3a5ae0d674a08d8559cde
6,20,0.1,1.0,6,1.25,64,64,1,0,haar,IXYZ,future_rows_history_columns,complete_retained_record,1,0,1e-12,0.015860267479900346,0.0,0.035634041153102994,0.0,0.1133854764406828,0.0,-0.019773773673202648,-0.09752520896078246,44.88138282767011,64,256x64,raw/probes_cut_06.npz,81a2557e779b50cbf2cc301e7ca606939b4d0ff6bf35ceebbf7b914c32e0d450,raw/cut_06_J_1p25.npz,6204bb48e1075f784bcb2c7d529b2ce43ab778278832587892c3888cf383243e
6,20,0.1,1.0,6,1.3,64,64,1,0,haar,IXYZ,future_rows_history_columns,complete_retained_record,1,0,1e-12,0.01799138358028552,0.0,0.04049603595392475,0.0,0.12734612058090897,0.0,-0.02250465237363923,-0.10935473700062345,44.72323469013786,64,256x64,raw/probes_cut_06.npz,81a2557e779b50cbf2cc301e7ca606939b4d0ff6bf35ceebbf7b914c32e0d450,raw/cut_06_J_1p3.npz,6f1e93f85c38ad1aa3536ceee5b6c67e75931f79904bfae48dc20ce1f68f4610
6,20,0.1,1.0,6,1.35,64,64,1,0,haar,IXYZ,future_rows_history_columns,complete_retained_record,1,0,1e-12,0.020270914300964112,0.0,0.045571463468828344,0.0,0.14145895343195355,0.0,-0.02530054916786423,-0.12118803913098944,44.59455692676201,64,256x64,raw/probes_cut_06.npz,81a2557e779b50cbf2cc301e7ca606939b4d0ff6bf35ceebbf7b914c32e0d450,raw/cut_06_J_1p35.npz,2284aee2d9fbf4a851ff00b699fb1cc2d38fe997b6b433a9b3d81e9c3e9a5374
6,20,0.1,1.0,6,1.4000000000000001,64,64,1,0,haar,IXYZ,future_rows_history_columns,complete_retained_record,1,0,1e-12,0.022653762265237947,0.0,0.05071784934897922,0.0,0.1552673179362141,0.0,-0.028064087083741276,-0.13261355567097616,44.493818375211724,64,256x64,raw/probes_cut_06.npz,81a2557e779b50cbf2cc301e7ca606939b4d0ff6bf35ceebbf7b914c32e0d450,raw/cut_06_J_1p4.npz,1e4aabf0179c38081921bd61564d289917bc454e9175c6635461c0d58bff0ab1
6,20,0.1,1.0,6,1.4500000000000002,64,64,1,0,haar,IXYZ,future_rows_history_columns,complete_retained_record,1,0,1e-12,0.02508632659025995,0.0,0.055782314515835756,0.0,0.16833333585880797,0.0,-0.030695987925575804,-0.14324700926854803,44.418871082675544,64,256x64,raw/probes_cut_06.npz,81a2557e779b50cbf2cc301e7ca606939b4d0ff6bf35ceebbf7b914c32e0d450,raw/cut_06_J_1p45.npz,59a90c6bdabdd420e7d9b9c6bf9d01f36065c8f7840b5e37af906f0be3a367b3
6,20,0.1,1.0,6,1.5,64,64,1,0,haar,IXYZ,future_rows_history_columns,complete_retained_record,1,0,1e-12,0.02751083245799783,0.0,0.060616542638950686,0.0,0.18028318231897875,0.0,-0.03310571018095286,-0.15277234986098093,44.36719427498793,64,256x64,raw/probes_cut_06.npz,81a2557e779b50cbf2cc301e7ca606939b4d0ff6bf35ceebbf7b914c32e0d450,raw/cut_06_J_1p5.npz,b6e419d219bb5b8cbe6d4155e80c8197d582e61bc821dd4a422b43fc98b0d6a7
6,20,0.1,1.0,6,1.55,64,64,1,0,haar,IXYZ,future_rows_history_columns,complete_retained_record,1,0,1e-12,0.029869855398940718,0.0,0.06509010808768782,0.0,0.19083827280440546,0.0,-0.03522025268874711,-0.16096841740546475,44.336111886060635,64,256x64,raw/probes_cut_06.npz,81a2557e779b50cbf2cc301e7ca606939b4d0ff6bf35ceebbf7b914c32e0d450,raw/cut_06_J_1p55.npz,d58fb556dedd33b04d771071fc9ad80ee72a29cecdfd38910d513dfa38ce6d92
6,20,0.1,1.0,6,1.6,64,64,1,0,haar,IXYZ,future_rows_history_columns,complete_retained_record,1,0,1e-12,0.032110534424918666,0.0,0.06910051639325637,0.0,0.19982981778313114,0.0,-0.03698998196833771,-0.16771928335821246,44.322962404540064,64,256x64,raw/probes_cut_06.npz,81a2557e779b50cbf2cc301e7ca606939b4d0ff6bf35ceebbf7b914c32e0d450,raw/cut_06_J_1p6.npz,4c5be1a1442fcabd27e45f52a73bf6c40d6e497192e98810fc9ecfedffba2848
6,20,0.1,1.0,6,1.6500000000000001,64,64,1,0,haar,IXYZ,future_rows_history_columns,complete_retained_record,1,0,1e-12,0.034188086013321024,0.0,0.07257918138108925,0.0,0.2071982001925343,0.0,-0.038391095367768226,-0.17301011417921328,44.325210776836514,64,256x64,raw/probes_cut_06.npz,81a2557e779b50cbf2cc301e7ca606939b4d0ff6bf35ceebbf7b914c32e0d450,raw/cut_06_J_1p65.npz,35e25efc47618678d4fc162171caa27180943c4499d2a21c709e7341794cf145
6,20,0.1,1.0,6,1.7000000000000002,64,64,1,0,haar,IXYZ,future_rows_history_columns,complete_retained_record,1,0,1e-12,0.036068350423431476,0.0,0.075493284639103,0.0,0.21298089141718213,0.0,-0.039424934215671524,-0.17691254099375064,44.340502693631976,64,256x64,raw/probes_cut_06.npz,81a2557e779b50cbf2cc301e7ca606939b4d0ff6bf35ceebbf7b914c32e0d450,raw/cut_06_J_1p7.npz,543f4e282d91765de7109e60c2a463dca071c3bcbc2b74dd1fb078cc9fc50c5f
6,20,0.1,1.0,6,1.75,64,64,1,0,haar,IXYZ,future_rows_history_columns,complete_retained_record,1,0,1e-12,0.03772925863645817,0.0,0.077844054527414,0.0,0.21729351043234546,0.0,-0.040114795890955825,-0.17956425179588728,44.36667141676651,64,256x64,raw/probes_cut_06.npz,81a2557e779b50cbf2cc301e7ca606939b4d0ff6bf35ceebbf7b914c32e0d450,raw/cut_06_J_1p75.npz,df42c1ed2f4d4aad8b076df08fb5f2ffa420c864259563ebe03c68cbed3e9cc3
6,20,0.1,1.0,6,1.8,64,64,1,0,haar,IXYZ,future_rows_history_columns,complete_retained_record,1,0,1e-12,0.03916118991565395,0.0,0.07966222691899896,0.0,0.220307961002962,0.0,-0.040501037003345015,-0.18114677108730803,44.40171259877479,64,256x64,raw/probes_cut_06.npz,81a2557e779b50cbf2cc301e7ca606939b4d0ff6bf35ceebbf7b914c32e0d450,raw/cut_06_J_1p8.npz,ce4ddc0cb48e236255f243ce76467f30fea38eae0a28cc1e3225b489fef1cde9
6,20,0.1,1.0,6,1.85,64,64,1,0,haar,IXYZ,future_rows_history_columns,complete_retained_record,1,0,1e-12,0.04036632386705945,0.0,0.08100167328530447,0.0,0.22223081259455063,0.0,-0.04063534941824502,-0.18186448872749117,44.44374452610967,64,256x64,raw/probes_cut_06.npz,81a2557e779b50cbf2cc301e7ca606939b4d0ff6bf35ceebbf7b914c32e0d450,raw/cut_06_J_1p85.npz,83955f0bf578fa8c66b56258576b07196b137f57bc3a4d3d7fd838c2900d7398
6,20,0.1,1.0,6,1.9000000000000001,64,64,1,0,haar,IXYZ,future_rows_history_columns,complete_retained_record,1,0,1e-12,0.041357131739640306,0.0,0.08193209296477609,0.0,0.2232837828625872,0.0,-0.040574961225135785,-0.1819266511229469,44.490969321753845,64,256x64,raw/probes_cut_06.npz,81a2557e779b50cbf2cc301e7ca606939b4d0ff6bf35ceebbf7b914c32e0d450,raw/cut_06_J_1p9.npz,4739ecef858cd4125a433d20b93682be9b1074a67254e04215301a57af44e00b
6,20,0.1,1.0,6,1.9500000000000002,64,64,1,0,haar,IXYZ,future_rows_history_columns,complete_retained_record,1,0,1e-12,0.04215424607921689,0.0,0.08253166830140914,0.0,0.22368751308917273,0.0,-0.04037742222219225,-0.18153326700995584,44.541646718471405,64,256x64,raw/probes_cut_06.npz,81a2557e779b50cbf2cc301e7ca606939b4d0ff6bf35ceebbf7b914c32e0d450,raw/cut_06_J_1p95.npz,2dafbf0ba0b1b33dcb1c351492b99c4c4e664e0586ad3464f460d902caa283a8
6,20,0.1,1.0,6,2.0,64,64,1,0,haar,IXYZ,future_rows_history_columns,complete_retained_record,1,0,1e-12,0.04278395774984982,0.0,0.08288035921218698,0.0,0.22364896994730168,0.0,-0.04009640146233716,-0.18086501219745188,44.59408627358659,64,256x64,raw/probes_cut_06.npz,81a2557e779b50cbf2cc301e7ca606939b4d0ff6bf35ceebbf7b914c32e0d450,raw/cut_06_J_2.npz,b13361b73b437eed23bb4f6ef6be026bd2561bbf28d5995054b5a1b3c118a73a
6,20,0.1,1.0,7,0.0,64,64,1,0,haar,IXYZ,future_rows_history_columns,complete_retained_record,1,0,1e-12,0.0,0.0,0.0,0.0,0.0,0.0,0.0,0.0,54.19236880600576,1,256x64,raw/probes_cut_07.npz,ac38ef3b9c3125361d3006f9fe64e6fe4aa2ea347f9f6bb508858c90dba005b5,raw/cut_07_J_0.npz,c66357634917949a6028e5cf8b99aac5e8f7d21ac61268fb7a5ce0edaa87dfb4
6,20,0.1,1.0,7,0.05,64,64,1,0,haar,IXYZ,future_rows_history_columns,complete_retained_record,1,0,1e-12,2.5469330115579093e-07,0.0,4.910941709297908e-07,0.0,1.641464894120591e-06,0.0,-2.3640086977399986e-07,-1.3867715929648e-06,54.13576331852811,64,256x64,raw/probes_cut_07.npz,ac38ef3b9c3125361d3006f9fe64e6fe4aa2ea347f9f6bb508858c90dba005b5,raw/cut_07_J_0p05.npz,27f1fa18c9c76044ad2b348c2897e73d8d3f7cfb193c980be0e28f2750c83ca5
6,20,0.1,1.0,7,0.1,64,64,1,0,haar,IXYZ,future_rows_history_columns,complete_retained_record,1,0,1e-12,3.5366425188159126e-06,0.0,6.782310540190194e-06,0.0,2.2334856231582726e-05,0.0,-3.245668021374281e-06,-1.8798213712766815e-05,54.059231507388596,64,256x64,raw/probes_cut_07.npz,ac38ef3b9c3125361d3006f9fe64e6fe4aa2ea347f9f6bb508858c90dba005b5,raw/cut_07_J_0p1.npz,eaede84519fe0c08b7d2ff974bf47db7cbc3ccd7fefc1c1d9f338efb3309d148
6,20,0.1,1.0,7,0.15000000000000002,64,64,1,0,haar,IXYZ,future_rows_history_columns,complete_retained_record,1,0,1e-12,1.650174576274613e-05,0.0,3.154217328930197e-05,0.0,0.00010266957479769824,0.0,-1.5040427526555843e-05,-8.61678290349521e-05,53.96161350097226,64,256x64,raw/probes_cut_07.npz,ac38ef3b9c3125361d3006f9fe64e6fe4aa2ea347f9f6bb508858c90dba005b5,raw/cut_07_J_0p15.npz,42b1f2a610368921d0fd84dc1a7bfea5b44d2edc4a27425427a47a184aab156f
6,20,0.1,1.0,7,0.2,64,64,1,0,haar,IXYZ,future_rows_history_columns,complete_retained_record,1,0,1e-12,4.942787173469471e-05,0.0,9.429854163980581e-05,0.0,0.00030389710795522345,0.0,-4.48706699051111e-05,-0.0002544692362205287,53.84103604429784,64,256x64,raw/probes_cut_07.npz,ac38ef3b9c3125361d3006f9fe64e6fe4aa2ea347f9f6bb508858c90dba005b5,raw/cut_07_J_0p2.npz,818d17c627a716355636b324ff8f3e46e2bb5db1ce1562527f5d2ba7bf0f0d44
6,20,0.1,1.0,7,0.25,64,64,1,0,haar,IXYZ,future_rows_history_columns,complete_retained_record,1,0,1e-12,0.00011605934423070053,0.0,0.000221249285822652,0.0,0.0007067552371542843,0.0,-0.00010518994159195148,-0.0005906958929235837,53.69514456041043,64,256x64,raw/probes_cut_07.npz,ac38ef3b9c3125361d3006f9fe64e6fe4aa2ea347f9f6bb508858c90dba005b5,raw/cut_07_J_0p25.npz,ec1493144040587e04d393c60dd78c0568f43d6b001a0b7673c2f0b3f5332d17
6,20,0.1,1.0,7,0.30000000000000004,64,64,1,0,haar,IXYZ,future_rows_history_columns,complete_retained_record,1,0,1e-12,0.00023306242098107235,0.0,0.000444446613809644,0.0,0.001408493171083278,0.0,-0.00021138419282857164,-0.0011754307501022057,53.521390878242336,64,256x64,raw/probes_cut_07.npz,ac38ef3b9c3125361d3006f9fe64e6fe4aa2ea347f9f6bb508858c90dba005b5,raw/cut_07_J_0p3.npz,dae7f647cd7767ff74f19a4d73f52a84c54c82ca77b14196a4ae7d540046167a
6,20,0.1,1.0,7,0.35000000000000003,64,64,1,0,haar,IXYZ,future_rows_history_columns,complete_retained_record,1,0,1e-12,0.0004188365402376937,0.0,0.0007998854701484443,0.0,0.0025166814512368775,0.0,-0.00038104892991075066,-0.002097844910999184,53.3173488165067,64,256x64,raw/probes_cut_07.npz,ac38ef3b9c3125361d3006f9fe64e6fe4aa2ea347f9f6bb508858c90dba005b5,raw/cut_07_J_0p35.npz,3e309dc9ceba4a675fcbf8ab62159667871419ad65b606392060873b8059575e
6,20,0.1,1.0,7,0.4,64,64,1,0,haar,IXYZ,future_rows_history_columns,complete_retained_record,1,0,1e-12,0.0006917150089427313,0.0,0.0013245427870314948,0.0,0.004140055025583406,0.0,-0.0006328277780887635,-0.0034483400166406748,53.08102786311877,64,256x64,raw/probes_cut_07.npz,ac38ef3b9c3125361d3006f9fe64e6fe4aa2ea347f9f6bb508858c90dba005b5,raw/cut_07_J_0p4.npz,5176642a06e8aff5c2ecea514bdd374e1cc342368f3a36f2262b7807418e28af
6,20,0.1,1.0,7,0.45,64,64,1,0,haar,IXYZ,future_rows_history_columns,complete_retained_record,1,0,1e-12,0.001067826766328973,0.0,0.002052807986358662,0.0,0.00637782608146619,0.0,-0.0009849812200296891,-0.005309999315137218,52.81116158904823,64,256x64,raw/probes_cut_07.npz,ac38ef3b9c3125361d3006f9fe64e6fe4aa2ea347f9f6bb508858c90dba005b5,raw/cut_07_J_0p45.npz,683ff518d7acc13b5c62a83540497d638c5368c7f61e697529a51c959a39f2dc
6,20,0.1,1.0,7,0.5,64,64,1,0,haar,IXYZ,future_rows_history_columns,complete_retained_record,1,0,1e-12,0.0015590529907529508,0.0,0.003013002842424086,0.0,0.00930960887281532,0.0,-0.0014539498516711353,-0.0077505558820623694,52.50745119653323,64,256x64,raw/probes_cut_07.npz,ac38ef3b9c3125361d3006f9fe64e6fe4aa2ea347f9f6bb508858c90dba005b5,raw/cut_07_J_0p5.npz,e74dcc635c3a4e075b20066157a373ad51409cb699f8a9954e064e5c848af1f8
6,20,0.1,1.0,7,0.55,64,64,1,0,haar,IXYZ,future_rows_history_columns,complete_retained_record,1,0,1e-12,0.0021715735221270616,0.0,0.004224793385619138,0.0,0.01298831372972709,0.0,-0.0020532198634920767,-0.01081674020760003,52.17075184937708,64,256x64,raw/probes_cut_07.npz,ac38ef3b9c3125361d3006f9fe64e6fe4aa2ea347f9f6bb508858c90dba005b5,raw/cut_07_J_0p55.npz,99c888a8762dca65e1a7d529068509782214fafc3b01291203ea898911d47230
6,20,0.1,1.0,7,0.6000000000000001,64,64,1,0,haar,IXYZ,future_rows_history_columns,complete_retained_record,1,0,1e-12,0.002905457449636811,0.0,0.0056982593436259955,0.0,0.017438146247753066,0.0,-0.0027928018939891845,-0.014532688798116256,51.80319233229643,64,256x64,raw/probes_cut_07.npz,ac38ef3b9c3125361d3006f9fe64e6fe4aa2ea347f9f6bb508858c90dba005b5,raw/cut_07_J_0p6.npz,e33a6f68679e98dce11ef076fe330fbf8fb6c1ce535a703a59a934a34fe5305c
6,20,0.1,1.0,7,0.65,64,64,1,0,haar,IXYZ,future_rows_history_columns,complete_retained_record,1,0,1e-12,0.003755611258899394,0.0,0.007435220987973902,0.0,0.02265926746335769,0.0,-0.0036796097290745077,-0.018903656204458295,51.408221802383835,64,256x64,raw/probes_cut_07.npz,ac38ef3b9c3125361d3006f9fe64e6fe4aa2ea347f9f6bb508858c90dba005b5,raw/cut_07_J_0p65.npz,08cb9081911bc9f32f0903abd7552c6871838e73a7531efa33f5e0b5980cdf34
6,20,0.1,1.0,7,0.7000000000000001,64,64,1,0,haar,IXYZ,future_rows_history_columns,complete_retained_record,1,0,1e-12,0.004714175560787378,0.0,0.009433134762116564,0.0,0.028639768967346668,0.0,-0.004718959201329186,-0.023925593406559288,50.990578154824334,64,256x64,raw/probes_cut_07.npz,ac38ef3b9c3125361d3006f9fe64e6fe4aa2ea347f9f6bb508858c90dba005b5,raw/cut_07_J_0p7.npz,e58b02854916ca2cb390d17474b86d21146a20abcd59a6f315ca44c76ea754ad
6,20,0.1,1.0,7,0.75,64,64,1,0,haar,IXYZ,future_rows_history_columns,complete_retained_record,1,0,1e-12,0.005774179145223965,0.0,0.011691464057128526,0.0,0.03537440067571253,0.0,-0.0059172849119045615,-0.029600221530488562,50.556172592470546,64,256x64,raw/probes_cut_07.npz,ac38ef3b9c3125361d3006f9fe64e6fe4aa2ea347f9f6bb508858c90dba005b5,raw/cut_07_J_0p75.npz,b2b54ceacbe0538478bf413e69b7fda2db841859067344e7ba4132a89bcf6f2c
6,20,0.1,1.0,7,0.8,64,64,1,0,haar,IXYZ,future_rows_history_columns,complete_retained_record,1,0,1e-12,0.006933919869484669,0.0,0.014219828449502009,0.0,0.042887674519983064,0.0,-0.0072859085800173395,-0.035953754650498396,50.11188761323761,64,256x64,raw/probes_cut_07.npz,ac38ef3b9c3125361d3006f9fe64e6fe4aa2ea347f9f6bb508858c90dba005b5,raw/cut_07_J_0p8.npz,093a0731da74d9e596cb4baf83f2d10c675b6be6a27833bf891f58d908fa04e5
6,20,0.1,1.0,7,0.8500000000000001,64,64,1,0,haar,IXYZ,future_rows_history_columns,complete_retained_record,1,0,1e-12,0.008201150391837988,0.0,0.017046346746291005,0.0,0.05125622638607159,0.0,-0.008845196354453017,-0.0430550759942336,49.66529024884868,64,256x64,raw/probes_cut_07.npz,ac38ef3b9c3125361d3006f9fe64e6fe4aa2ea347f9f6bb508858c90dba005b5,raw/cut_07_J_0p85.npz,cdf47a42850269e249e4d1cb92fdeda4e3248cf8b08267796ce01fdca54a3aea
6,20,0.1,1.0,7,0.9,64,64,1,0,haar,IXYZ,future_rows_history_columns,complete_retained_record,1,0,1e-12,0.009595733168971261,0.0,0.02022337790649227,0.0,0.060621622525908435,0.0,-0.01062764473752101,-0.05102588935693717,49.22426959285703,64,256x64,raw/probes_cut_07.npz,ac38ef3b9c3125361d3006f9fe64e6fe4aa2ea347f9f6bb508858c90dba005b5,raw/cut_07_J_0p9.npz,09f0139f22e64c821a1f3510c0c6c8e639635169658b549d82496eea5a8a6835
6,20,0.1,1.0,7,0.9500000000000001,64,64,1,0,haar,IXYZ,future_rows_history_columns,complete_retained_record,1,0,1e-12,0.011149225016312873,0.0,0.023826812055084513,0.0,0.07118210664834677,0.0,-0.01267758703877164,-0.0600328816320339,48.796618529276834,64,256x64,raw/probes_cut_07.npz,ac38ef3b9c3125361d3006f9fe64e6fe4aa2ea347f9f6bb508858c90dba005b5,raw/cut_07_J_0p95.npz,43c016d257f33fd6132da9eda550079aeb7d0d787b1acbc7ead87604135b7cc7
6,20,0.1,1.0,7,1.0,64,64,1,0,haar,IXYZ,future_rows_history_columns,complete_retained_record,1,0,1e-12,0.01290040237412637,0.0,0.027945674862531158,0.0,0.0831550363211108,0.0,-0.015045272488404787,-0.07025463394698443,48.38959152765299,64,256x64,raw/probes_cut_07.npz,ac38ef3b9c3125361d3006f9fe64e6fe4aa2ea347f9f6bb508858c90dba005b5,raw/cut_07_J_1.npz,edebc200b471fd9301c2b8167f3131f67062e1756cfb3e918975139a8cf5fb29
6,20,0.1,1.0,7,1.05,64,64,1,0,haar,IXYZ,future_rows_history_columns,complete_retained_record,1,0,1e-12,0.014887503557013853,0.0,0.032662785321365795,0.0,0.09671473154813344,0.0,-0.01777528176435194,-0.08182722799111959,48.00947921037805,64,256x64,raw/probes_cut_07.npz,ac38ef3b9c3125361d3006f9fe64e6fe4aa2ea347f9f6bb508858c90dba005b5,raw/cut_07_J_1p05.npz,a56b80caaf7633a5974aac255ea99dad8dbca00604c4b0438b4da2bdb4c3ae01
6,20,0.1,1.0,7,1.1,64,64,1,0,haar,IXYZ,future_rows_history_columns,complete_retained_record,1,0,1e-12,0.01713977856812511,0.0,0.03803237691471058,0.0,0.11192516795906748,0.0,-0.020892598346585467,-0.09478538939094237,47.661246337896756,64,256x64,raw/probes_cut_07.npz,ac38ef3b9c3125361d3006f9fe64e6fe4aa2ea347f9f6bb508858c90dba005b5,raw/cut_07_J_1p1.npz,0ee765cce2c53b43c0731ec9bb6685ecf43a0df2ddbb38834173ddcd13b863ed
6,20,0.1,1.0,7,1.1500000000000001,64,64,1,0,haar,IXYZ,future_rows_history_columns,complete_retained_record,1,0,1e-12,0.01967073212989374,0.0,0.04406145886733996,0.0,0.1286896631447664,0.0,-0.02439072673744622,-0.10901893101487266,47.34827721988292,64,256x64,raw/probes_cut_07.npz,ac38ef3b9c3125361d3006f9fe64e6fe4aa2ea347f9f6bb508858c90dba005b5,raw/cut_07_J_1p15.npz,f2ea63b37713cbc12c4265137b58ddd986072874e14e272be933f3785a06d4ac
6,20,0.1,1.0,7,1.2000000000000002,64,64,1,0,haar,IXYZ,future_rows_history_columns,complete_retained_record,1,0,1e-12,0.02247385088965,0.0,0.050698497885065724,0.0,0.1467307669121211,0.0,-0.028224646995415725,-0.12425691602247112,47.07226155215235,64,256x64,raw/probes_cut_07.npz,ac38ef3b9c3125361d3006f9fe64e6fe4aa2ea347f9f6bb508858c90dba005b5,raw/cut_07_J_1p2.npz,145512adf42a81fc9d40799848fdcf8d1db8f20cde60febff3d61d3daf3c6d59
6,20,0.1,1.0,7,1.25,64,64,1,0,haar,IXYZ,future_rows_history_columns,complete_retained_record,1,0,1e-12,0.025520907196646195,0.0,0.057830934726652995,0.0,0.16560404178184665,0.0,-0.0323100275300068,-0.14008313458520044,46.83323585742676,64,256x64,raw/probes_cut_07.npz,ac38ef3b9c3125361d3006f9fe64e6fe4aa2ea347f9f6bb508858c90dba005b5,raw/cut_07_J_1p25.npz,1e7430f50d82c75b2bf2450510cc081688e4cc298118ec2ecf2e664d30bd50f3
6,20,0.1,1.0,7,1.3,64,64,1,0,haar,IXYZ,future_rows_history_columns,complete_retained_record,1,0,1e-12,0.02876303325233656,0.0,0.06529237089224173,0.0,0.1847432506530719,0.0,-0.036529337639905166,-0.15598021740073534,46.62977386872273,64,256x64,raw/probes_cut_07.npz,ac38ef3b9c3125361d3006f9fe64e6fe4aa2ea347f9f6bb508858c90dba005b5,raw/cut_07_J_1p3.npz,05be329334f766a1d6e883e5307f6141d01556157a4b13df38205d63e7bb2645
6,20,0.1,1.0,7,1.35,64,64,1,0,haar,IXYZ,future_rows_history_columns,complete_retained_record,1,0,1e-12,0.032134498808428044,0.0,0.07287849089332012,0.0,0.20352764661995779,0.0,-0.04074399208489207,-0.17139314781152976,46.459296731298274,64,256x64,raw/probes_cut_07.npz,ac38ef3b9c3125361d3006f9fe64e6fe4aa2ea347f9f6bb508858c90dba005b5,raw/cut_07_J_1p35.npz,d9ecdff1020ef31d7a9e5c8d01533f5e54d1e98149728c535c98d156250ef1cb
6,20,0.1,1.0,7,1.4000000000000001,64,64,1,0,haar,IXYZ,future_rows_history_columns,complete_retained_record,1,0,1e-12,0.035558524083287364,0.0,0.08036839944106842,0.0,0.22135565720000516,0.0,-0.04480987535778106,-0.1857971331167178,46.318458247308676,64,256x64,raw/probes_cut_07.npz,ac38ef3b9c3125361d3006f9fe64e6fe4aa2ea347f9f6bb508858c90dba005b5,raw/cut_07_J_1p4.npz,5b820d9724da447fa37d1f719e4ef1f1b0d0ad259c25c32f552b4ac604d40fda
6,20,0.1,1.0,7,1.4500000000000002,64,64,1,0,haar,IXYZ,future_rows_history_columns,complete_retained_record,1,0,1e-12,0.03895419273236242,0.0,0.08754720273207478,0.0,0.23770958721874424,0.0,-0.04859300999971236,-0.19875539448638183,46.203551135579474,64,256x64,raw/probes_cut_07.npz,ac38ef3b9c3125361d3006f9fe64e6fe4aa2ea347f9f6bb508858c90dba005b5,raw/cut_07_J_1p45.npz,54aa5a5ae8dc0332921371abbef63685fecf33c425861d8bb31a45eefc3f7303
6,20,0.1,1.0,7,1.5,64,64,1,0,haar,IXYZ,future_rows_history_columns,complete_retained_record,1,0,1e-12,0.04224347440895311,0.0,0.0942260815517179,0.0,0.2522009327272964,0.0,-0.051982607142764786,-0.20995745831834328,46.11088234371735,64,256x64,raw/probes_cut_07.npz,ac38ef3b9c3125361d3006f9fe64e6fe4aa2ea347f9f6bb508858c90dba005b5,raw/cut_07_J_1p5.npz,f072468342a496be59acbe4bfbfb3478675a91867c80c376734e9e6422e8e255
6,20,0.1,1.0,7,1.55,64,64,1,0,haar,IXYZ,future_rows_history_columns,complete_retained_record,1,0,1e-12,0.045357461471265494,0.0,0.10025728147960056,0.0,0.2645925108097437,0.0,-0.054899820008335064,-0.21923504933847823,46.03707504205977,64,256x64,raw/probes_cut_07.npz,ac38ef3b9c3125361d3006f9fe64e6fe4aa2ea347f9f6bb508858c90dba005b5,raw/cut_07_J_1p55.npz,904dfb41cdde8cf83c285f93c6ce456ff5f36b19e5bf28c9c84296c036fad88c
6,20,0.1,1.0,7,1.6,64,64,1,0,haar,IXYZ,future_rows_history_columns,complete_retained_record,1,0,1e-12,0.04824118946627538,0.0,0.1055429446153168,0.0,0.2747994596418458,0.0,-0.057301755149041414,-0.22655827017557045,45.97927042209315,64,256x64,raw/probes_cut_07.npz,ac38ef3b9c3125361d3006f9fe64e6fe4aa2ea347f9f6bb508858c90dba005b5,raw/cut_07_J_1p6.npz,6f598feae3663ed542fc429cf94f3aebbe635e53e26cc7b2eb71644e568310f6
6,20,0.1,1.0,7,1.6500000000000001,64,64,1,0,haar,IXYZ,future_rows_history_columns,complete_retained_record,1,0,1e-12,0.05085662895127924,0.0,0.11003774490586897,0.0,0.28287406012629274,0.0,-0.05918111595458973,-0.2320174311750135,45.935220422498425,64,256x64,raw/probes_cut_07.npz,ac38ef3b9c3125361d3006f9fe64e6fe4aa2ea347f9f6bb508858c90dba005b5,raw/cut_07_J_1p65.npz,429ce2a1995c9e5fc6e111d0614b269f7ec4266a2104be726b35b9c904da3fec
6,20,0.1,1.0,7,1.7000000000000002,64,64,1,0,haar,IXYZ,future_rows_history_columns,complete_retained_record,1,0,1e-12,0.05318374833485329,0.0,0.11374609321804181,0.0,0.28898024124947347,0.0,-0.060562344883188526,-0.23579649291462018,45.90327909920662,64,256x64,raw/probes_cut_07.npz,ac38ef3b9c3125361d3006f9fe64e6fe4aa2ea347f9f6bb508858c90dba005b5,raw/cut_07_J_1p7.npz,52db2429c33d773641b3406c223a29d5981c53c13712f433f07d4aae207b4159
6,20,0.1,1.0,7,1.75,64,64,1,0,haar,IXYZ,future_rows_history_columns,complete_retained_record,1,0,1e-12,0.05521973728723098,0.0,0.11671496847194612,0.0,0.2933627411630457,0.0,-0.06149523118471514,-0.23814300387581475,45.882313869774244,64,256x64,raw/probes_cut_07.npz,ac38ef3b9c3125361d3006f9fe64e6fe4aa2ea347f9f6bb508858c90dba005b5,raw/cut_07_J_1p75.npz,340789b11a21163c73804c6a164eaa80ee500d86e02c030cd083dea8bf821062
6,20,0.1,1.0,7,1.8,64,64,1,0,haar,IXYZ,future_rows_history_columns,complete_retained_record,1,0,1e-12,0.056976669207000535,0.0,0.11902362079324116,0.0,0.2963147260767452,0.0,-0.06204695158624063,-0.23933805686974466,45.87156447420607,64,256x64,raw/probes_cut_07.npz,ac38ef3b9c3125361d3006f9fe64e6fe4aa2ea347f9f6bb508858c90dba005b5,raw/cut_07_J_1p8.npz,2e779a339c8f2825b30348a956e95ff394a90ab9cc8bd1934987e664fb83ad95
6,20,0.1,1.0,7,1.85,64,64,1,0,haar,IXYZ,future_rows_history_columns,complete_retained_record,1,0,1e-12,0.05847802216180609,0.0,0.12077152478844368,0.0,0.2981467335703823,0.0,-0.06229350262663759,-0.2396687114085762,45.87048137856066,64,256x64,raw/probes_cut_07.npz,ac38ef3b9c3125361d3006f9fe64e6fe4aa2ea347f9f6bb508858c90dba005b5,raw/cut_07_J_1p85.npz,0198c5cdd1275df87c9a8b588215b7275586e918a7d23aeef4c1c477459dd360
6,20,0.1,1.0,7,1.9000000000000001,64,64,1,0,haar,IXYZ,future_rows_history_columns,complete_retained_record,1,0,1e-12,0.059754550941879876,0.0,0.12206602182634302,0.0,0.2991591616958103,0.0,-0.06231147088446314,-0.23940461075393044,45.87857076353587,64,256x64,raw/probes_cut_07.npz,ac38ef3b9c3125361d3006f9fe64e6fe4aa2ea347f9f6bb508858c90dba005b5,raw/cut_07_J_1p9.npz,128d597b98a92c8d73c7b9ff7ede0b8ca3e933d3af1c7fabeb06076698dead74
6,20,0.1,1.0,7,1.9500000000000002,64,64,1,0,haar,IXYZ,future_rows_history_columns,complete_retained_record,1,0,1e-12,0.06084004513838229,0.0,0.12301106708075646,0.0,0.29962004079303256,0.0,-0.06217102194237417,-0.23877999565465027,45.895268061156706,64,256x64,raw/probes_cut_07.npz,ac38ef3b9c3125361d3006f9fe64e6fe4aa2ea347f9f6bb508858c90dba005b5,raw/cut_07_J_1p95.npz,4b0c4a5955fb611c4cb4785e2cce7f8662f4d6f151cf9fd921a2dcc79a9d9af1
6,20,0.1,1.0,7,2.0,64,64,1,0,haar,IXYZ,future_rows_history_columns,complete_retained_record,1,0,1e-12,0.0617674521243315,0.0,0.12369823942848342,0.0,0.29974926846031436,0.0,-0.06193078730415192,-0.23798181633598287,45.919853073412774,64,256x64,raw/probes_cut_07.npz,ac38ef3b9c3125361d3006f9fe64e6fe4aa2ea347f9f6bb508858c90dba005b5,raw/cut_07_J_2.npz,c93795678b02bda0df0610ca1cc75b11516cccd4211cb08b8853f2e0a3710372
6,20,0.1,1.0,8,0.0,64,64,1,0,haar,IXYZ,future_rows_history_columns,complete_retained_record,1,0,1e-12,0.0,0.0,0.0,0.0,0.0,0.0,0.0,0.0,52.67070716212077,1,256x64,raw/probes_cut_08.npz,cb2db36d485b1a18f951405d2e8bf4fa4ac544e4a8898dd0aa3ebd194ced0532,raw/cut_08_J_0.npz,c99d5b1807c07bf0eb2a31b7641bb51e587a5c5d4e941c00ad3087bd57a7a743
6,20,0.1,1.0,8,0.05,64,64,1,0,haar,IXYZ,future_rows_history_columns,complete_retained_record,1,0,1e-12,2.4404896182296086e-07,0.0,4.7055402679486173e-07,0.0,1.5933044920313947e-06,0.0,-2.2650506497190087e-07,-1.3492555302084338e-06,52.699044386621885,64,256x64,raw/probes_cut_08.npz,cb2db36d485b1a18f951405d2e8bf4fa4ac544e4a8898dd0aa3ebd194ced0532,raw/cut_08_J_0p05.npz,8517224d09d3acd7b01981890f3beeb64b2911c9347d63f45420b89188b285f5
6,20,0.1,1.0,8,0.1,64,64,1,0,haar,IXYZ,future_rows_history_columns,complete_retained_record,1,0,1e-12,3.4547128608911513e-06,0.0,6.6224140779832355e-06,0.0,2.210534940094987e-05,0.0,-3.167701217092084e-06,-1.865063654005872e-05,52.71828675887945,64,256x64,raw/probes_cut_08.npz,cb2db36d485b1a18f951405d2e8bf4fa4ac544e4a8898dd0aa3ebd194ced0532,raw/cut_08_J_0p1.npz,c17f7cdb0d4b8dc931769113e658ebd75844015a3b1b2862080a668b41930d7f
6,20,0.1,1.0,8,0.15000000000000002,64,64,1,0,haar,IXYZ,future_rows_history_columns,complete_retained_record,1,0,1e-12,1.6448021342370026e-05,0.0,3.140523438182166e-05,0.0,0.00010365919799828182,0.0,-1.4957213039451632e-05,-8.72111766559118e-05,52.72725428435426,64,256x64,raw/probes_cut_08.npz,cb2db36d485b1a18f951405d2e8bf4fa4ac544e4a8898dd0aa3ebd194ced0532,raw/cut_08_J_0p15.npz,7181aa1efba02b56eae49ddc00435dec44cef19ee71e293ee92a2e7540014fff
6,20,0.1,1.0,8,0.2,64,64,1,0,haar,IXYZ,future_rows_history_columns,complete_retained_record,1,0,1e-12,5.022930725944385e-05,0.0,9.563201957607466e-05,0.0,0.0003126299316756261,0.0,-4.540271231663081e-05,-0.00026240062441618226,52.724164638243735,64,256x64,raw/probes_cut_08.npz,cb2db36d485b1a18f951405d2e8bf4fa4ac544e4a8898dd0aa3ebd194ced0532,raw/cut_08_J_0p2.npz,8c5c7e09294cb0d1fe2fec6aa7bd798d1400e2f5516b7d72dc6220eb50de709b
6,20,0.1,1.0,8,0.25,64,64,1,0,haar,IXYZ,future_rows_history_columns,complete_retained_record,1,0,1e-12,0.00011998970291483568,0.0,0.0002279954721871738,0.0,0.0007390592351684008,0.0,-0.00010800576927233811,-0.0006190695322535652,52.706825894305,64,256x64,raw/probes_cut_08.npz,cb2db36d485b1a18f951405d2e8bf4fa4ac544e4a8898dd0aa3ebd194ced0532,raw/cut_08_J_0p25.npz,8275bb8d4e8bfe0ea609b9f420b12ce1fe18d11929cd7437ad36f3dafe30e13e
6,20,0.1,1.0,8,0.30000000000000004,64,64,1,0,haar,IXYZ,future_rows_history_columns,complete_retained_record,1,0,1e-12,0.00024443586499701053,0.0,0.0004639195107699406,0.0,0.0014926133204002108,0.0,-0.00021948364577293006,-0.0012481774554032002,52.67286700394583,64,256x64,raw/probes_cut_08.npz,cb2db36d485b1a18f951405d2e8bf4fa4ac544e4a8898dd0aa3ebd194ced0532,raw/cut_08_J_0p3.npz,81a8613277d0e1c5dc45625d0849bfe01c9cbb921e8bd161daed0813f6346727
6,20,0.1,1.0,8,0.35000000000000003,64,64,1,0,haar,IXYZ,future_rows_history_columns,complete_retained_record,1,0,1e-12,0.0004442025077009384,0.0,0.000842803686648985,0.0,0.0026938263055023078,0.0,-0.0003986011789480466,-0.0022496237978013693,52.61998562190569,64,256x64,raw/probes_cut_08.npz,cb2db36d485b1a18f951405d2e8bf4fa4ac544e4a8898dd0aa3ebd194ced0532,raw/cut_08_J_0p35.npz,1edaa6d3c6e89c1a082ccedbddbed6678f68cb002b1d3e5eb3c8b679e7a03314
6,20,0.1,1.0,8,0.4,64,64,1,0,haar,IXYZ,future_rows_history_columns,complete_retained_record,1,0,1e-12,0.0007394656534719787,0.0,0.0014038738070477049,0.0,0.004461439355018349,0.0,-0.0006644081535757262,-0.0037219737015463704,52.54619412631109,64,256x64,raw/probes_cut_08.npz,cb2db36d485b1a18f951405d2e8bf4fa4ac544e4a8898dd0aa3ebd194ced0532,raw/cut_08_J_0p4.npz,8634b0ec3762195553bb478d1d7e2c5d14c973af668a0fec110b0a0f3608aea6
6,20,0.1,1.0,8,0.45,64,64,1,0,haar,IXYZ,future_rows_history_columns,complete_retained_record,1,0,1e-12,0.0011471736948250712,0.0,0.002181351189083379,0.0,0.006898127390604567,0.0,-0.0010341774942583077,-0.005750953695779496,52.45004689345288,64,256x64,raw/probes_cut_08.npz,cb2db36d485b1a18f951405d2e8bf4fa4ac544e4a8898dd0aa3ebd194ced0532,raw/cut_08_J_0p45.npz,dc1b3f780a837eae9cfde2b635f11def38b01db6475a5727dea8d213f935cff4
6,20,0.1,1.0,8,0.5,64,64,1,0,haar,IXYZ,future_rows_history_columns,complete_retained_record,1,0,1e-12,0.0016785069144256857,0.0,0.0031999623155161442,0.0,0.010077749486020266,0.0,-0.0015214554010904585,-0.00839924257159458,52.33083607595996,64,256x64,raw/probes_cut_08.npz,cb2db36d485b1a18f951405d2e8bf4fa4ac544e4a8898dd0aa3ebd194ced0532,raw/cut_08_J_0p5.npz,97e427e17d8c6790ae17f5837b8e5c6ac15a7333b04b845e29c84cd040dee1d4
6,20,0.1,1.0,8,0.55,64,64,1,0,haar,IXYZ,future_rows_history_columns,complete_retained_record,1,0,1e-12,0.002337243914538735,0.0,0.004471927677183981,0.0,0.014037490728067443,0.0,-0.0021346837626452465,-0.011700246813528707,52.18874459627074,64,256x64,raw/probes_cut_08.npz,cb2db36d485b1a18f951405d2e8bf4fa4ac544e4a8898dd0aa3ebd194ced0532,raw/cut_08_J_0p55.npz,736680634dbda4dfaa429fd82d2071e80baf2b8008598c8c2cf613254f228c0b
6,20,0.1,1.0,8,0.6000000000000001,64,64,1,0,haar,IXYZ,future_rows_history_columns,complete_retained_record,1,0,1e-12,0.0031196397470990224,0.0,0.005996487179496551,0.0,0.01877790801519328,0.0,-0.002876847432397529,-0.015658268268094258,52.02494878878564,64,256x64,raw/probes_cut_08.npz,cb2db36d485b1a18f951405d2e8bf4fa4ac544e4a8898dd0aa3ebd194ced0532,raw/cut_08_J_0p6.npz,8f14122984e91f309882c0828948684e7ff87b111487b9e31ea8591f4c85c60b
6,20,0.1,1.0,8,0.65,64,64,1,0,haar,IXYZ,future_rows_history_columns,complete_retained_record,1,0,1e-12,0.004016233611743992,0.0,0.007762790280105622,0.0,0.024273119690485328,0.0,-0.0037465566683616298,-0.020256886078741335,51.84166342139663,64,256x64,raw/probes_cut_08.npz,cb2db36d485b1a18f951405d2e8bf4fa4ac544e4a8898dd0aa3ebd194ced0532,raw/cut_08_J_0p65.npz,b8a4d867c19fc2c2e27a12d3e5652b2b64f9fab4cc7d889ad2b6e977d9d6ce44
6,20,0.1,1.0,8,0.7000000000000001,64,64,1,0,haar,IXYZ,future_rows_history_columns,complete_retained_record,1,0,1e-12,0.005015711246060155,0.0,0.009756592781412108,0.0,0.030492191669814466,0.0,-0.0047408815353519535,-0.025476480423754312,51.642123603777016,64,256x64,raw/probes_cut_08.npz,cb2db36d485b1a18f951405d2e8bf4fa4ac544e4a8898dd0aa3ebd194ced0532,raw/cut_08_J_0p7.npz,4efdc50d0c2276211f924571355ae465863806166adc17d4824b1a53d03eab32
6,20,0.1,1.0,8,0.75,64,64,1,0,haar,IXYZ,future_rows_history_columns,complete_retained_record,1,0,1e-12,0.0061105847644693685,0.0,0.01197066400424168,0.0,0.037431134921961144,0.0,-0.005860079239772312,-0.03132055015749177,51.43049824320533,64,256x64,raw/probes_cut_08.npz,cb2db36d485b1a18f951405d2e8bf4fa4ac544e4a8898dd0aa3ebd194ced0532,raw/cut_08_J_0p75.npz,e5e5fa5647132f1d1de765d64e952308f862f339775f9344b81b7251b481fc1d
6,20,0.1,1.0,8,0.8,64,64,1,0,haar,IXYZ,future_rows_history_columns,complete_retained_record,1,0,1e-12,0.007304004204579923,0.0,0.014417999794441739,0.0,0.04515229571149261,0.0,-0.007113995589861816,-0.037848291506912685,51.211733770158034,64,256x64,raw/probes_cut_08.npz,cb2db36d485b1a18f951405d2e8bf4fa4ac544e4a8898dd0aa3ebd194ced0532,raw/cut_08_J_0p8.npz,d48ec61ab709830846514826c55a75d843c955ac6464d89f5e0d2bd3991e789a
6,20,0.1,1.0,8,0.8500000000000001,64,64,1,0,haar,IXYZ,future_rows_history_columns,complete_retained_record,1,0,1e-12,0.008616451201760657,0.0,0.01714568318405068,0.0,0.053823455350668736,0.0,-0.008529231982290022,-0.045207004148908075,50.99132942260125,64,256x64,raw/probes_cut_08.npz,cb2db36d485b1a18f951405d2e8bf4fa4ac544e4a8898dd0aa3ebd194ced0532,raw/cut_08_J_0p85.npz,9a4db06f6f9b693a3cb42af1f478cac813f553a547b4c5a1077b157f401164a1
6,20,0.1,1.0,8,0.9,64,64,1,0,haar,IXYZ,future_rows_history_columns,complete_retained_record,1,0,1e-12,0.01009028555041715,0.0,0.020245193342051736,0.0,0.06374181317712922,0.0,-0.010154907791634585,-0.053651527626712076,50.775054281963996,64,256x64,raw/probes_cut_08.npz,cb2db36d485b1a18f951405d2e8bf4fa4ac544e4a8898dd0aa3ebd194ced0532,raw/cut_08_J_0p9.npz,cf8f907d48093fbf10f76b2364c63a7e1be188393487e4d47a1ad19fc278623f
6,20,0.1,1.0,8,0.9500000000000001,64,64,1,0,haar,IXYZ,future_rows_history_columns,complete_retained_record,1,0,1e-12,0.011789248432093297,0.0,0.023852353025596792,0.0,0.07532120402285823,0.0,-0.012063104593503494,-0.06353195559076494,50.568622320332764,64,256x64,raw/probes_cut_08.npz,cb2db36d485b1a18f951405d2e8bf4fa4ac544e4a8898dd0aa3ebd194ced0532,raw/cut_08_J_0p95.npz,5312b1120aabd5c0415c7b284c8cbcd7a6a8954cc3e7526384b0862aca00cadd
6,20,0.1,1.0,8,1.0,64,64,1,0,haar,IXYZ,future_rows_history_columns,complete_retained_record,1,0,1e-12,0.013790455671842184,0.0,0.028130210822350094,0.0,0.0890267400743871,0.0,-0.014339755150507909,-0.07523628440254491,50.37735188743533,64,256x64,raw/probes_cut_08.npz,cb2db36d485b1a18f951405d2e8bf4fa4ac544e4a8898dd0aa3ebd194ced0532,raw/cut_08_J_1.npz,0d391a5ec4c7f1745ed31fd48a558ff7af9ca4b332e1ee65b964af3400f77aa8
6,20,0.1,1.0,8,1.05,64,64,1,0,haar,IXYZ,future_rows_history_columns,complete_retained_record,1,0,1e-12,0.016170641750389368,0.0,0.03323752596845789,0.0,0.10526999984551107,0.0,-0.01706688421806852,-0.0890993580951217,50.205841055331305,64,256x64,raw/probes_cut_08.npz,cb2db36d485b1a18f951405d2e8bf4fa4ac544e4a8898dd0aa3ebd194ced0532,raw/cut_08_J_1p05.npz,7834105e04eff11b3b9fc46ce75c5d2b4b937aa4b70e0cc27331db9c6ebf6d45
6,20,0.1,1.0,8,1.1,64,64,1,0,haar,IXYZ,future_rows_history_columns,complete_retained_record,1,0,1e-12,0.018992802409199316,0.0,0.039296803769534164,0.0,0.12430304770908324,0.0,-0.020304001360334847,-0.10531024529988392,50.057693781012816,64,256x64,raw/probes_cut_08.npz,cb2db36d485b1a18f951405d2e8bf4fa4ac544e4a8898dd0aa3ebd194ced0532,raw/cut_08_J_1p1.npz,9b4265a34340ff1f72e8648e7e87cb0ab5ab734bdc4d91986675d5129b04e301
6,20,0.1,1.0,8,1.1500000000000001,64,64,1,0,haar,IXYZ,future_rows_history_columns,complete_retained_record,1,0,1e-12,0.022296292940164834,0.0,0.046370303559970114,0.0,0.146139069448149,0.0,-0.02407401061980528,-0.12384277650798417,49.93532923373449,64,256x64,raw/probes_cut_08.npz,cb2db36d485b1a18f951405d2e8bf4fa4ac544e4a8898dd0aa3ebd194ced0532,raw/cut_08_J_1p15.npz,9dc5e85f9ae64bd836b641467e53e7e48ef260a8b0bcc0406ec5b244a3adbf2a
6,20,0.1,1.0,8,1.2000000000000002,64,64,1,0,haar,IXYZ,future_rows_history_columns,complete_retained_record,1,0,1e-12,0.02608967442250621,0.0,0.054443886718456604,0.0,0.17051083574838907,0.0,-0.028354212295950393,-0.14442116132588287,49.83989750202905,64,256x64,raw/probes_cut_08.npz,cb2db36d485b1a18f951405d2e8bf4fa4ac544e4a8898dd0aa3ebd194ced0532,raw/cut_08_J_1p2.npz,4e8d47fd1adfb89801acc654e5248f083aef1d2cad570f7ae50b633e64da4b29
6,20,0.1,1.0,8,1.25,64,64,1,0,haar,IXYZ,future_rows_history_columns,complete_retained_record,1,0,1e-12,0.030346807005619113,0.0,0.0634206412308136,0.0,0.19687700156065174,0.0,-0.03307383422519449,-0.16653019455503262,49.77131201432516,64,256x64,raw/probes_cut_08.npz,cb2db36d485b1a18f951405d2e8bf4fa4ac544e4a8898dd0aa3ebd194ced0532,raw/cut_08_J_1p25.npz,2c0c6695d867a197144df84a0dbf1c67935a31034ef5759a582b8689a05b5ff8
6,20,0.1,1.0,8,1.3,64,64,1,0,haar,IXYZ,future_rows_history_columns,complete_retained_record,1,0,1e-12,0.03500718725386892,0.0,0.07312653735982956,0.0,0.22447846279587816,0.0,-0.03811935010596064,-0.18947127554200924,49.728393733068124,64,256x64,raw/probes_cut_08.npz,cb2db36d485b1a18f951405d2e8bf4fa4ac544e4a8898dd0aa3ebd194ced0532,raw/cut_08_J_1p3.npz,9e5078e0035fb92531b5c48f0a4ec5f94cd260bdaf6cc30fa17569f1f1d471ae
6,20,0.1,1.0,8,1.35,64,64,1,0,haar,IXYZ,future_rows_history_columns,complete_retained_record,1,0,1e-12,0.03998047224028726,0.0,0.083327015371638,0.0,0.25243190892647543,0.0,-0.043346543131350744,-0.21245143668618818,49.709105809926434,64,256x64,raw/probes_cut_08.npz,cb2db36d485b1a18f951405d2e8bf4fa4ac544e4a8898dd0aa3ebd194ced0532,raw/cut_08_J_1p35.npz,3cb087dc47b8594c92e005a7aa4801010477fd228cfa5dfaa754128aaf2ad600
6,20,0.1,1.0,8,1.4000000000000001,64,64,1,0,haar,IXYZ,future_rows_history_columns,complete_retained_record,1,0,1e-12,0.045154379154397434,0.0,0.093751037391181,0.0,0.2798389319809252,0.0,-0.048596658236783566,-0.23468455282652775,49.71084638282026,64,256x64,raw/probes_cut_08.npz,cb2db36d485b1a18f951405d2e8bf4fa4ac544e4a8898dd0aa3ebd194ced0532,raw/cut_08_J_1p4.npz,3a1af54a0ce52d40c672542f039b88d40175f3680866518780f9fb486aa6b72b
6,20,0.1,1.0,8,1.4500000000000002,64,64,1,0,haar,IXYZ,future_rows_history_columns,complete_retained_record,1,0,1e-12,0.05040467894023307,0.0,0.10411805856285428,0.0,0.30588759856602227,0.0,-0.0537133796226212,-0.2554829196257892,49.73076025834383,64,256x64,raw/probes_cut_08.npz,cb2db36d485b1a18f951405d2e8bf4fa4ac544e4a8898dd0aa3ebd194ced0532,raw/cut_08_J_1p45.npz,9a114032e66c23a25154b40ba1a821fc623cb2a9b1309ef4d428bb9f969ac9e2
6,20,0.1,1.0,8,1.5,64,64,1,0,haar,IXYZ,future_rows_history_columns,complete_retained_record,1,0,1e-12,0.05560583993951465,0.0,0.11416358181285835,0.0,0.3299288366709372,0.0,-0.0585577418733437,-0.2743229967314226,49.76603111734765,64,256x64,raw/probes_cut_08.npz,cb2db36d485b1a18f951405d2e8bf4fa4ac544e4a8898dd0aa3ebd194ced0532,raw/cut_08_J_1p5.npz,40aca5790281628486dab10a3f02817c29858e4605884e91f2fd4cf1ce2a08f7
6,20,0.1,1.0,8,1.55,64,64,1,0,haar,IXYZ,future_rows_history_columns,complete_retained_record,1,0,1e-12,0.06064096496973585,0.0,0.12366004386564139,0.0,0.35151922509326283,0.0,-0.06301907889590554,-0.29087826012352697,49.81412115343135,64,256x64,raw/probes_cut_08.npz,cb2db36d485b1a18f951405d2e8bf4fa4ac544e4a8898dd0aa3ebd194ced0532,raw/cut_08_J_1p55.npz,1a87603eba62541f43382e7777015ed1624606907f424f70f9dec8944f36fc82
6,20,0.1,1.0,8,1.6,64,64,1,0,haar,IXYZ,future_rows_history_columns,complete_retained_record,1,0,1e-12,0.0654099738074706,0.0,0.13243125093288488,0.0,0.37043090577937227,0.0,-0.06702127712541428,-0.30502093197190167,49.872936392386436,64,256x64,raw/probes_cut_08.npz,cb2db36d485b1a18f951405d2e8bf4fa4ac544e4a8898dd0aa3ebd194ced0532,raw/cut_08_J_1p6.npz,2e52be13fccc3cc064a5207fe733d0ff099d550fb0c1c3aaa072fd1ecb64c19c
6,20,0.1,1.0,8,1.6500000000000001,64,64,1,0,haar,IXYZ,future_rows_history_columns,complete_retained_record,1,0,1e-12,0.06983531560587126,0.0,0.1403597886751686,0.0,0.38663515773774293,0.0,-0.07052447306929734,-0.3167998421318717,49.940907777963055,64,256x64,raw/probes_cut_08.npz,cb2db36d485b1a18f951405d2e8bf4fa4ac544e4a8898dd0aa3ebd194ced0532,raw/cut_08_J_1p65.npz,9811474be003f76c9f2a68749ce7da82d5b893b630b851e2efd571a3b77422c6
6,20,0.1,1.0,8,1.7000000000000002,64,64,1,0,haar,IXYZ,future_rows_history_columns,complete_retained_record,1,0,1e-12,0.07386490012844946,0.0,0.14738780713225041,0.0,0.4002685094088247,0.0,-0.07352290700380096,-0.32640360928037526,50.01699082473192,64,256x64,raw/probes_cut_08.npz,cb2db36d485b1a18f951405d2e8bf4fa4ac544e4a8898dd0aa3ebd194ced0532,raw/cut_08_J_1p7.npz,18565873708890fcd905c7e1ac6903212195609e275cda1f5e57a9c91ca6cfcc
6,20,0.1,1.0,8,1.75,64,64,1,0,haar,IXYZ,future_rows_history_columns,complete_retained_record,1,0,1e-12,0.07747223253132529,0.0,0.15351203083337012,0.0,0.41158952926629844,0.0,-0.07603979830204483,-0.33411729673497315,50.100596964881476,64,256x64,raw/probes_cut_08.npz,cb2db36d485b1a18f951405d2e8bf4fa4ac544e4a8898dd0aa3ebd194ced0532,raw/cut_08_J_1p75.npz,746e795e4d7347179967778b835a8f2807a3ea5d7aa9708536752a39b0c911a8
6,20,0.1,1.0,8,1.8,64,64,1,0,haar,IXYZ,future_rows_history_columns,complete_retained_record,1,0,1e-12,0.08065404821704315,0.0,0.15877424139992144,0.0,0.42093279536711253,0.0,-0.07812019318287829,-0.3402787471500694,50.19147624352531,64,256x64,raw/probes_cut_08.npz,cb2db36d485b1a18f951405d2e8bf4fa4ac544e4a8898dd0aa3ebd194ced0532,raw/cut_08_J_1p8.npz,c95c8237027e836ecface292317b01273c6198384474480464c52849beef3458
6,20,0.1,1.0,8,1.85,64,64,1,0,haar,IXYZ,future_rows_history_columns,complete_retained_record,1,0,1e-12,0.08342597634634541,0.0,0.1632486792117852,0.0,0.4286646233076224,0.0,-0.0798227028654398,-0.345238646961277,50.289575169657816,64,256x64,raw/probes_cut_08.npz,cb2db36d485b1a18f951405d2e8bf4fa4ac544e4a8898dd0aa3ebd194ced0532,raw/cut_08_J_1p85.npz,f232ef1a43baf028d73c468dea48fe21ac09f3aa375d3bc4e412d0eb25748185
6,20,0.1,1.0,8,1.9000000000000001,64,64,1,0,haar,IXYZ,future_rows_history_columns,complete_retained_record,1,0,1e-12,0.08581693255499788,0.0,0.1670280030619845,0.0,0.4351438111525428,0.0,-0.08121107050698663,-0.3493268785975449,50.394891749865764,64,256x64,raw/probes_cut_08.npz,cb2db36d485b1a18f951405d2e8bf4fa4ac544e4a8898dd0aa3ebd194ced0532,raw/cut_08_J_1p9.npz,b38d546273fbdd7d2a37f6b53a0c68b9291dd4085c42c0f491daa0ec673c8438
6,20,0.1,1.0,8,1.9500000000000002,64,64,1,0,haar,IXYZ,future_rows_history_columns,complete_retained_record,1,0,1e-12,0.08786304419520403,0.0,0.1702095153712305,0.0,0.44068979122566565,0.0,-0.08234647117602646,-0.35282674703046163,50.50734751765116,64,256x64,raw/probes_cut_08.npz,cb2db36d485b1a18f951405d2e8bf4fa4ac544e4a8898dd0aa3ebd194ced0532,raw/cut_08_J_1p95.npz,a40134b084689a5a4ca2057e70c637280f6a50de3bfdc24349bf11d7f53fe27f
6,20,0.1,1.0,8,2.0,64,64,1,0,haar,IXYZ,future_rows_history_columns,complete_retained_record,1,0,1e-12,0.0896018932108245,0.0,0.1728832451991964,0.0,0.44555981635632097,0.0,-0.0832813519883719,-0.35595792314549646,50.626690288392005,64,256x64,raw/probes_cut_08.npz,cb2db36d485b1a18f951405d2e8bf4fa4ac544e4a8898dd0aa3ebd194ced0532,raw/cut_08_J_2.npz,4963270bc408cfd5360023777b7eab473d5469ba96bb1b7f669b6b1ba0b6f287
6,20,0.1,1.0,9,0.0,64,64,1,0,haar,IXYZ,future_rows_history_columns,complete_retained_record,1,0,1e-12,0.0,0.0,0.0,0.0,0.0,0.0,0.0,0.0,57.11890208958601,1,256x64,raw/probes_cut_09.npz,ba6b8c5d290cd40eb55d260ab5bf9557cb087b44f42d50dca3c68cdf3238be54,raw/cut_09_J_0.npz,f297b2b0d61ba456d62b724520a64cfdb836a798adadd098bb282498052f8e6d
6,20,0.1,1.0,9,0.05,64,64,1,0,haar,IXYZ,future_rows_history_columns,complete_retained_record,1,0,1e-12,1.6496882514649525e-07,0.0,3.1833390977514437e-07,0.0,1.2410416618798003e-06,0.0,-1.5336508462864912e-07,-1.0760728367333051e-06,57.12025289441964,64,256x64,raw/probes_cut_09.npz,ba6b8c5d290cd40eb55d260ab5bf9557cb087b44f42d50dca3c68cdf3238be54,raw/cut_09_J_0p05.npz,641c9ec6d638ed591dcc243ca88ac446d2db3b9d6312feb46175064d69a94e74
6,20,0.1,1.0,9,0.1,64,64,1,0,haar,IXYZ,future_rows_history_columns,complete_retained_record,1,0,1e-12,2.3214267016731164e-06,0.0,4.455166451354591e-06,0.0,1.706232143667474e-05,0.0,-2.133739749681475e-06,-1.4740894735001622e-05,57.104763122553585,64,256x64,raw/probes_cut_09.npz,ba6b8c5d290cd40eb55d260ab5bf9557cb087b44f42d50dca3c68cdf3238be54,raw/cut_09_J_0p1.npz,86b9917c696f7092bc70687ad3f23c5e9f0b2d04eb02e302fff0b7a609cfa8bc
6,20,0.1,1.0,9,0.15000000000000002,64,64,1,0,haar,IXYZ,future_rows_history_columns,complete_retained_record,1,0,1e-12,1.1044627294048705e-05,0.0,2.1119660025198516e-05,0.0,7.976694615380925e-05,0.0,-1.007503273114981e-05,-6.872231885976055e-05,57.07046600366186,64,256x64,raw/probes_cut_09.npz,ba6b8c5d290cd40eb55d260ab5bf9557cb087b44f42d50dca3c68cdf3238be54,raw/cut_09_J_0p15.npz,bb870d1ef1ccd744151247d05db86e1c398ebbacba2df94f85918caf28a9a27c
6,20,0.1,1.0,9,0.2,64,64,1,0,haar,IXYZ,future_rows_history_columns,complete_retained_record,1,0,1e-12,3.384034230365512e-05,0.0,6.454512353666405e-05,0.0,0.00024091842147740483,0.0,-3.070478123300893e-05,-0.00020707807917374972,57.01440088899742,64,256x64,raw/probes_cut_09.npz,ba6b8c5d290cd40eb55d260ab5bf9557cb087b44f42d50dca3c68cdf3238be54,raw/cut_09_J_0p2.npz,ebea0f75ced728c2004063260aa62b22579d995b0b0c3b579ce853684b7c469f
6,20,0.1,1.0,9,0.25,64,64,1,0,haar,IXYZ,future_rows_history_columns,complete_retained_record,1,0,1e-12,8.129687203847912e-05,0.0,0.000154801693242511,0.0,0.0005718274985773617,0.0,-7.350482120403187e-05,-0.0004905306265388826,56.932907952571234,64,256x64,raw/probes_cut_09.npz,ba6b8c5d290cd40eb55d260ab5bf9557cb087b44f42d50dca3c68cdf3238be54,raw/cut_09_J_0p25.npz,eb723d2bd34b6324d131a7bf3d7789265dba95206f3ea53202e1549b3e2e4586
6,20,0.1,1.0,9,0.30000000000000004,64,64,1,0,haar,IXYZ,future_rows_history_columns,complete_retained_record,1,0,1e-12,0.00016669232620839173,0.0,0.00031715701235508797,0.0,0.0011606629550977206,0.0,-0.00015046468614669624,-0.000993970628889329,56.82199169499845,64,256x64,raw/probes_cut_09.npz,ba6b8c5d290cd40eb55d260ab5bf9557cb087b44f42d50dca3c68cdf3238be54,raw/cut_09_J_0p3.npz,72e4938398e0a268e7a91aba764effc2b3ff2de990c4b9bc299364d47488608e
6,20,0.1,1.0,9,0.35000000000000003,64,64,1,0,haar,IXYZ,future_rows_history_columns,complete_retained_record,1,0,1e-12,0.00030484264979551524,0.0,0.0005801184392449863,0.0,0.002105071777071076,0.0,-0.0002752757894494711,-0.0018002291272755607,56.6777213200444,64,256x64,raw/probes_cut_09.npz,ba6b8c5d290cd40eb55d260ab5bf9557cb087b44f42d50dca3c68cdf3238be54,raw/cut_09_J_0p35.npz,b314f1a4c72de6db026b4bfd272d2f24df99b424c8aa574b35f1d9a1b1cfa4ab
6,20,0.1,1.0,9,0.4,64,64,1,0,haar,IXYZ,future_rows_history_columns,complete_retained_record,1,0,1e-12,0.000510318765832541,0.0,0.0009724056344796201,0.0,0.0035014649314981895,0.0,-0.0004620868686470791,-0.0029911461656656484,56.49663520871291,64,256x64,raw/probes_cut_09.npz,ba6b8c5d290cd40eb55d260ab5bf9557cb087b44f42d50dca3c68cdf3238be54,raw/cut_09_J_0p4.npz,033bde360104567fa8482226c12fe489065a247dcb1bba661d2d154a04ea305c
6,20,0.1,1.0,9,0.45,64,64,1,0,haar,IXYZ,future_rows_history_columns,complete_retained_record,1,0,1e-12,0.0007954373887555333,0.0,0.0015195535320693134,0.0,0.0054336222919471175,0.0,-0.0007241161433137801,-0.004638184903191584,56.276120266156845,64,256x64,raw/probes_cut_09.npz,ba6b8c5d290cd40eb55d260ab5bf9557cb087b44f42d50dca3c68cdf3238be54,raw/cut_09_J_0p45.npz,91fead95c93b4a04773e51f7826cff77d4a334eb74fa60be1f0fec0902fbdf48
6,20,0.1,1.0,9,0.5,64,64,1,0,haar,IXYZ,future_rows_history_columns,complete_retained_record,1,0,1e-12,0.0011685993758193645,0.0,0.0022411122984825164,0.0,0.007963979021920796,0.0,-0.001072512922663152,-0.006795379646101432,56.0147414850386,64,256x64,raw/probes_cut_09.npz,ba6b8c5d290cd40eb55d260ab5bf9557cb087b44f42d50dca3c68cdf3238be54,raw/cut_09_J_0p5.npz,c106b1e8b4a595b822518c31058b2230b0cb416b4d9f8a8903852b6071f85818
6,20,0.1,1.0,9,0.55,64,64,1,0,haar,IXYZ,future_rows_history_columns,complete_retained_record,1,0,1e-12,0.0016335839814404654,0.0,0.0031494684416275825,0.0,0.011130884900119865,0.0,-0.001515884460187117,-0.0094973009186794,55.712503317604295,64,256x64,raw/probes_cut_09.npz,ba6b8c5d290cd40eb55d260ab5bf9557cb087b44f42d50dca3c68cdf3238be54,raw/cut_09_J_0p55.npz,2cab947954f1b7becb405403e57e8df2a6aff8bd9e1b56ea0cb9e353b2513ed8
6,20,0.1,1.0,9,0.6000000000000001,64,64,1,0,haar,IXYZ,future_rows_history_columns,complete_retained_record,1,0,1e-12,0.0021903172234760495,0.0,0.004251215665478415,0.0,0.014954533639305424,0.0,-0.002060898442002365,-0.012764216415829375,55.371026983668926,64,256x64,raw/probes_cut_09.npz,ba6b8c5d290cd40eb55d260ab5bf9557cb087b44f42d50dca3c68cdf3238be54,raw/cut_09_J_0p6.npz,2b2bc3f62c98b76c0d7d8f3c36ece2422b6fda28e3c88085ea519a1d2fe0c08c
6,20,0.1,1.0,9,0.65,64,64,1,0,haar,IXYZ,future_rows_history_columns,complete_retained_record,1,0,1e-12,0.0028374201819906515,0.0,0.005551750429522862,0.0,0.01945319937380185,0.0,-0.0027143302475322105,-0.0166157791918112,54.99363378327399,64,256x64,raw/probes_cut_09.npz,ba6b8c5d290cd40eb55d260ab5bf9557cb087b44f42d50dca3c68cdf3238be54,raw/cut_09_J_0p65.npz,1efacc5ee47dffc6bc380ba637077a01b7c7e719a23a19b98239688901523ccb
6,20,0.1,1.0,9,0.7000000000000001,64,64,1,0,haar,IXYZ,future_rows_history_columns,complete_retained_record,1,0,1e-12,0.003576529039987235,0.0,0.0070633531707266954,0.0,0.02466990538533846,0.0,-0.0034868241307394604,-0.021093376345351227,54.58532482331292,64,256x64,raw/probes_cut_09.npz,ba6b8c5d290cd40eb55d260ab5bf9557cb087b44f42d50dca3c68cdf3238be54,raw/cut_09_J_0p7.npz,e1d280cdb4c3950bf8f01f934727277a8bc91a4965f9926aa28ec8bfe27328b4
6,20,0.1,1.0,9,0.75,64,64,1,0,haar,IXYZ,future_rows_history_columns,complete_retained_record,1,0,1e-12,0.004417947317150922,0.0,0.008816319148158853,0.0,0.030707192873155802,0.0,-0.004398371831007931,-0.02628924555600488,54.15265164719305,64,256x64,raw/probes_cut_09.npz,ba6b8c5d290cd40eb55d260ab5bf9557cb087b44f42d50dca3c68cdf3238be54,raw/cut_09_J_0p75.npz,f743418a9f016a3b9758d42856c5783bfb3545e9767b86bee8c7540df80ba1de
6,20,0.1,1.0,9,0.8,64,64,1,0,haar,IXYZ,future_rows_history_columns,complete_retained_record,1,0,1e-12,0.005386614211056702,0.0,0.01087151291909771,0.0,0.03776340224062429,0.0,-0.005484898708041007,-0.03237678802956759,53.70347606518804,64,256x64,raw/probes_cut_09.npz,ba6b8c5d290cd40eb55d260ab5bf9557cb087b44f42d50dca3c68cdf3238be54,raw/cut_09_J_0p8.npz,0e1d15f063bdc3e3432b28959918f77f0087ea512842bc9d2b1287c68adf2df3
6,20,0.1,1.0,9,0.8500000000000001,64,64,1,0,haar,IXYZ,future_rows_history_columns,complete_retained_record,1,0,1e-12,0.006526629560400049,0.0,0.01333081135190339,0.0,0.04615702470998121,0.0,-0.006804181791503341,-0.03963039514958116,53.246624155829366,64,256x64,raw/probes_cut_09.npz,ba6b8c5d290cd40eb55d260ab5bf9557cb087b44f42d50dca3c68cdf3238be54,raw/cut_09_J_0p85.npz,d9f27d84fb1b0278a0d632dd675df8c02d6826739107407768d333a888285803
6,20,0.1,1.0,9,0.9,64,64,1,0,haar,IXYZ,future_rows_history_columns,complete_retained_record,1,0,1e-12,0.007901872690522437,0.0,0.016339574273944227,0.0,0.05631809831080067,0.0,-0.00843770158342179,-0.04841622562027823,52.79144757908923,64,256x64,raw/probes_cut_09.npz,ba6b8c5d290cd40eb55d260ab5bf9557cb087b44f42d50dca3c68cdf3238be54,raw/cut_09_J_0p9.npz,97564ff00deb0efdfa16f2acb967e38f65422594d230078750a4106133071a0f
6,20,0.1,1.0,9,0.9500000000000001,64,64,1,0,haar,IXYZ,future_rows_history_columns,complete_retained_record,1,0,1e-12,0.009590402621058989,0.0,0.020074531292993924,0.0,0.06872575927837624,0.0,-0.010484128671934935,-0.05913535665731725,52.34731780087848,64,256x64,raw/probes_cut_09.npz,ba6b8c5d290cd40eb55d260ab5bf9557cb087b44f42d50dca3c68cdf3238be54,raw/cut_09_J_0p95.npz,8fbcaae82556bb1b0b9e20deef698e987ba87cc8b97e2f5a88c3bbd7bdc09b1a
6,20,0.1,1.0,9,1.0,64,64,1,0,haar,IXYZ,future_rows_history_columns,complete_retained_record,1,0,1e-12,0.011672447928872733,0.0,0.02471468077727991,0.0,0.08379016883831776,0.0,-0.013042232848407177,-0.07211772090944503,51.92308968096085,64,256x64,raw/probes_cut_09.npz,ba6b8c5d290cd40eb55d260ab5bf9557cb087b44f42d50dca3c68cdf3238be54,raw/cut_09_J_1.npz,b442a9c7d8193e4aea7fb21df3c7003abd01f2da26f932f1d34979dd95598ca4
6,20,0.1,1.0,9,1.05,64,64,1,0,haar,IXYZ,future_rows_history_columns,complete_retained_record,1,0,1e-12,0.014215173012513196,0.0,0.030401485746566967,0.0,0.10170917549139513,0.0,-0.01618631273405377,-0.08749400247888194,51.526580464731914,64,256x64,raw/probes_cut_09.npz,ba6b8c5d290cd40eb55d260ab5bf9557cb087b44f42d50dca3c68cdf3238be54,raw/cut_09_J_1p05.npz,86d6191044b070033842a1d4286d5cefdb378f0781ccc8f475d3aa2ffbacda5a
6,20,0.1,1.0,9,1.1,64,64,1,0,haar,IXYZ,future_rows_history_columns,complete_retained_record,1,0,1e-12,0.017258582889133636,0.0,0.03719974763593168,0.0,0.12234707888464542,0.0,-0.019941164746798044,-0.10508849599551179,51.164115490531266,64,256x64,raw/probes_cut_09.npz,ba6b8c5d290cd40eb55d260ab5bf9557cb087b44f42d50dca3c68cdf3238be54,raw/cut_09_J_1p1.npz,9adf6d97befd32e110e058509f71b2e90be6d259a6a4f971c52c88af5a6bc4b4
6,20,0.1,1.0,9,1.1500000000000001,64,64,1,0,haar,IXYZ,future_rows_history_columns,complete_retained_record,1,0,1e-12,0.020805404592724917,0.0,0.04506907542688853,0.0,0.14517762444565452,0.0,-0.024263670834163614,-0.1243722198529296,50.840189276183175,64,256x64,raw/probes_cut_09.npz,ba6b8c5d290cd40eb55d260ab5bf9557cb087b44f42d50dca3c68cdf3238be54,raw/cut_09_J_1p15.npz,11923901438b5db2ee9d71ffe35fba784d9db3206ff697a08368da12352c0de4
6,20,0.1,1.0,9,1.2000000000000002,64,64,1,0,haar,IXYZ,future_rows_history_columns,complete_retained_record,1,0,1e-12,0.024816428381402446,0.0,0.05385312900085726,0.0,0.16931760146584224,0.0,-0.029036700619454812,-0.1445011730844398,50.55727986161917,64,256x64,raw/probes_cut_09.npz,ba6b8c5d290cd40eb55d260ab5bf9557cb087b44f42d50dca3c68cdf3238be54,raw/cut_09_J_1p2.npz,09c18ba3fb36ac7a2d1cd00dee289438be758dcd21d7f2aafa1e6db1a9dd21eb
6,20,0.1,1.0,9,1.25,64,64,1,0,haar,IXYZ,future_rows_history_columns,complete_retained_record,1,0,1e-12,0.02921144950997337,0.0,0.06328910897562276,0.0,0.19364616567958248,0.0,-0.03407765946564939,-0.1644347161696091,50.31583562441614,64,256x64,raw/probes_cut_09.npz,ba6b8c5d290cd40eb55d260ab5bf9557cb087b44f42d50dca3c68cdf3238be54,raw/cut_09_J_1p25.npz,5178ae6a1afbf284e7162e524d29a5cee266ccf467756be9d492dc3ff9c5cec9
6,20,0.1,1.0,9,1.3,64,64,1,0,haar,IXYZ,future_rows_history_columns,complete_retained_record,1,0,1e-12,0.033875275331896694,0.0,0.07303549330002468,0.0,0.2169771205373638,0.0,-0.039160217968127985,-0.1831018452054671,50.11443241945603,64,256x64,raw/probes_cut_09.npz,ba6b8c5d290cd40eb55d260ab5bf9557cb087b44f42d50dca3c68cdf3238be54,raw/cut_09_J_1p3.npz,452f406c7707bc5c577aa43ed1161792ae9f6f844d4cc24297b3ad3309a18a84
6,20,0.1,1.0,9,1.35,64,64,1,0,haar,IXYZ,future_rows_history_columns,complete_retained_record,1,0,1e-12,0.03866809753060263,0.0,0.0827128888875856,0.0,0.23823955445817868,0.0,-0.04404479135698297,-0.19957145692757605,49.950075157175476,64,256x64,raw/probes_cut_09.npz,ba6b8c5d290cd40eb55d260ab5bf9557cb087b44f42d50dca3c68cdf3238be54,raw/cut_09_J_1p35.npz,219b0604eb88c630ea85627d6d79ee451499e58ce3fee3efd8155fbebd28e65f
6,20,0.1,1.0,9,1.4000000000000001,64,64,1,0,haar,IXYZ,future_rows_history_columns,complete_retained_record,1,0,1e-12,0.04343877279073886,0.0,0.09194967313906197,0.0,0.2566221374608269,0.0,-0.04851090034832311,-0.21318336467008805,49.818600051999454,64,256x64,raw/probes_cut_09.npz,ba6b8c5d290cd40eb55d260ab5bf9557cb087b44f42d50dca3c68cdf3238be54,raw/cut_09_J_1p4.npz,2a2316ca413a771059378f0745f710810ee9cfc78eb47c6ccb2d41daad4ea574
6,20,0.1,1.0,9,1.4500000000000002,64,64,1,0,haar,IXYZ,future_rows_history_columns,complete_retained_record,1,0,1e-12,0.04803899538125752,0.0,0.10042333774842478,0.0,0.2716519961649162,0.0,-0.05238434236716726,-0.22361300078365867,49.71512483638003,64,256x64,raw/probes_cut_09.npz,ba6b8c5d290cd40eb55d260ab5bf9557cb087b44f42d50dca3c68cdf3238be54,raw/cut_09_J_1p45.npz,e15fb2a14ad85cbb9986314c7f82283ee034814d217214ee8ec0f6e624534804
6,20,0.1,1.0,9,1.5,64,64,1,0,haar,IXYZ,future_rows_history_columns,complete_retained_record,1,0,1e-12,0.05233641309053506,0.0,0.10789082983142351,0.0,0.28320396589028984,0.0,-0.05555441674088845,-0.2308675527997548,49.63449232736409,64,256x64,raw/probes_cut_09.npz,ba6b8c5d290cd40eb55d260ab5bf9557cb087b44f42d50dca3c68cdf3238be54,raw/cut_09_J_1p5.npz,42f4cd910240cf6ff5fdb92c0d28f99f38ab626978af9535caeec95ff1b862ab
6,20,0.1,1.0,9,1.55,64,64,1,0,haar,IXYZ,future_rows_history_columns,complete_retained_record,1,0,1e-12,0.05622514264448212,0.0,0.11420482593734382,0.0,0.29145598729168853,0.0,-0.057979683292861704,-0.23523084464720642,49.571661464628136,64,256x64,raw/probes_cut_09.npz,ba6b8c5d290cd40eb55d260ab5bf9557cb087b44f42d50dca3c68cdf3238be54,raw/cut_09_J_1p55.npz,bf772c1640a39a81cb8e8e7aa3783e30d1583bdfcba51b92de658cd906d62812
6,20,0.1,1.0,9,1.6,64,64,1,0,haar,IXYZ,future_rows_history_columns,complete_retained_record,1,0,1e-12,0.059632782297026385,0.0,0.11931639151900751,0.0,0.2968151286627988,0.0,-0.059683609221981127,-0.2371823463657724,49.52201364460593,64,256x64,raw/probes_cut_09.npz,ba6b8c5d290cd40eb55d260ab5bf9557cb087b44f42d50dca3c68cdf3238be54,raw/cut_09_J_1p6.npz,8b2a5fb26fd2d895a0886abb1f5fb5e16a782578fc6f7b52f953d171360e523a
6,20,0.1,1.0,9,1.6500000000000001,64,64,1,0,haar,IXYZ,future_rows_history_columns,complete_retained_record,1,0,1e-12,0.0625235365917656,0.0,0.12326651209266087,0.0,0.2998360100078739,0.0,-0.060742975500895274,-0.2373124734161083,49.48155848450492,64,256x64,raw/probes_cut_09.npz,ba6b8c5d290cd40eb55d260ab5bf9557cb087b44f42d50dca3c68cdf3238be54,raw/cut_09_J_1p65.npz,b81cf70c1e869667bbd9830e9bbe1a3a53dff5292b5ad50997f1ed59b5b7327c
6,20,0.1,1.0,9,1.7000000000000002,64,64,1,0,haar,IXYZ,future_rows_history_columns,complete_retained_record,1,0,1e-12,0.06489759631893224,0.0,0.1261699062125274,0.0,0.3011459457862678,0.0,-0.06127230989359517,-0.23624834946733556,49.44703896373787,64,256x64,raw/probes_cut_09.npz,ba6b8c5d290cd40eb55d260ab5bf9557cb087b44f42d50dca3c68cdf3238be54,raw/cut_09_J_1p7.npz,db8856127b3fb6bc0af885825a8c943148ac17f445a23b572a980bc4555a15c9
6,20,0.1,1.0,9,1.75,64,64,1,0,haar,IXYZ,future_rows_history_columns,complete_retained_record,1,0,1e-12,0.06678721455629638,0.0,0.1281943437788878,0.0,0.3013829907564032,0.0,-0.06140712922259142,-0.2345957762001068,49.41594852372489,64,256x64,raw/probes_cut_09.npz,ba6b8c5d290cd40eb55d260ab5bf9557cb087b44f42d50dca3c68cdf3238be54,raw/cut_09_J_1p75.npz,fa5d24e0a61435b8d6781b992132c9bb9a5d02096f8ed1cc5d906a1683402aeb
6,20,0.1,1.0,9,1.8,64,64,1,0,haar,IXYZ,future_rows_history_columns,complete_retained_record,1,0,1e-12,0.06825016760454353,0.0,0.12953822665799955,0.0,0.30114773080070056,0.0,-0.06128805905345602,-0.23289756319615704,49.386480375838495,64,256x64,raw/probes_cut_09.npz,ba6b8c5d290cd40eb55d260ab5bf9557cb087b44f42d50dca3c68cdf3238be54,raw/cut_09_J_1p8.npz,b6c41d5ec5d01438b0815f12c12599c71a9cb6b42a1cbec1b1d5f57256cbee22
6,20,0.1,1.0,9,1.85,64,64,1,0,haar,IXYZ,future_rows_history_columns,complete_retained_record,1,0,1e-12,0.06936144638629904,0.0,0.1304086311435018,0.0,0.3009671180802392,0.0,-0.06104718475720275,-0.23160567169394014,49.357433127616254,64,256x64,raw/probes_cut_09.npz,ba6b8c5d290cd40eb55d260ab5bf9557cb087b44f42d50dca3c68cdf3238be54,raw/cut_09_J_1p85.npz,50e72b854444c2b624b1ab843c2895d7d21375941fc299caee9df68b12147ed1
6,20,0.1,1.0,9,1.9000000000000001,64,64,1,0,haar,IXYZ,future_rows_history_columns,complete_retained_record,1,0,1e-12,0.07020408385675342,0.0,0.1310015089848147,0.0,0.30126822847243606,0.0,-0.06079742512806127,-0.23106414461568264,49.32809499228405,64,256x64,raw/probes_cut_09.npz,ba6b8c5d290cd40eb55d260ab5bf9557cb087b44f42d50dca3c68cdf3238be54,raw/cut_09_J_1p9.npz,1f56dbbf03ee964de5e6cbf44ded98f5077181bb9bd7d87860c825d641b5b405
6,20,0.1,1.0,9,1.9500000000000002,64,64,1,0,haar,IXYZ,future_rows_history_columns,complete_retained_record,1,0,1e-12,0.07086007063202274,0.0,0.13148537843495844,0.0,0.30236056558227364,0.0,-0.06062530780293571,-0.2315004949502509,49.298125311482266,64,256x64,raw/probes_cut_09.npz,ba6b8c5d290cd40eb55d260ab5bf9557cb087b44f42d50dca3c68cdf3238be54,raw/cut_09_J_1p95.npz,50cd25db19b57119194e8251a87fc901d8c1f6ede630f19d4e118d5695a1f6a5
6,20,0.1,1.0,9,2.0,64,64,1,0,haar,IXYZ,future_rows_history_columns,complete_retained_record,1,0,1e-12,0.07140226136995102,0.0,0.13198944301395246,0.0,0.3044263612957282,0.0,-0.06058718164400144,-0.23302409992577716,49.26744705697883,64,256x64,raw/probes_cut_09.npz,ba6b8c5d290cd40eb55d260ab5bf9557cb087b44f42d50dca3c68cdf3238be54,raw/cut_09_J_2.npz,955a17d594186d084f99f920a97fd2d7e5bb48b8335e47c1f8f473d586ea12cb
6,20,0.1,1.0,10,0.0,64,64,1,0,haar,IXYZ,future_rows_history_columns,complete_retained_record,1,0,1e-12,0.0,0.0,0.0,0.0,0.0,0.0,0.0,0.0,50.44972728119396,1,256x64,raw/probes_cut_10.npz,bd04ad457a5577022303f846dc61a4a8b695f3b0fd39b07a95bbb6383e17768d,raw/cut_10_J_0.npz,64b117e649898dbc5322c1002f84113d94f12bf844a1112caa0f54182c024ff8
6,20,0.1,1.0,10,0.05,64,64,1,0,haar,IXYZ,future_rows_history_columns,complete_retained_record,1,0,1e-12,2.3741054111582742e-07,0.0,4.5774058091253825e-07,0.0,1.4947770740271537e-06,0.0,-2.2033003979671082e-07,-1.2573665329113263e-06,50.52827523192486,64,256x64,raw/probes_cut_10.npz,bd04ad457a5577022303f846dc61a4a8b695f3b0fd39b07a95bbb6383e17768d,raw/cut_10_J_0p05.npz,b4a30dc5a42f66f8d238a65c6488b579b9014cd0a22d08c0be994d87f8f0955b
6,20,0.1,1.0,10,0.1,64,64,1,0,haar,IXYZ,future_rows_history_columns,complete_retained_record,1,0,1e-12,3.2527011526518793e-06,0.0,6.2341553029938375e-06,0.0,2.0119052895373196e-05,0.0,-2.9814541503419583e-06,-1.686635174272132e-05,50.59565148906803,64,256x64,raw/probes_cut_10.npz,bd04ad457a5577022303f846dc61a4a8b695f3b0fd39b07a95bbb6383e17768d,raw/cut_10_J_0p1.npz,4faccad3a39c117eea1c2b3deb9c068fe4084156dedfe4c5d98147323d260f73
6,20,0.1,1.0,10,0.15000000000000002,64,64,1,0,haar,IXYZ,future_rows_history_columns,complete_retained_record,1,0,1e-12,1.4928886724968649e-05,0.0,2.849411375110949e-05,0.0,9.112808149511713e-05,0.0,-1.356522702614084e-05,-7.619919477014849e-05,50.650429621433716,64,256x64,raw/probes_cut_10.npz,bd04ad457a5577022303f846dc61a4a8b695f3b0fd39b07a95bbb6383e17768d,raw/cut_10_J_0p15.npz,ec5ad5980a560962918c8a5bf702569d0e2a494996301998358be1cff596a636
6,20,0.1,1.0,10,0.2,64,64,1,0,haar,IXYZ,future_rows_history_columns,complete_retained_record,1,0,1e-12,4.391722149319937e-05,0.0,8.356146438496437e-05,0.0,0.0002651919844176507,0.0,-3.9644242891765e-05,-0.00022127476292445135,50.690424137464674,64,256x64,raw/probes_cut_10.npz,bd04ad457a5577022303f846dc61a4a8b695f3b0fd39b07a95bbb6383e17768d,raw/cut_10_J_0p2.npz,fbaeb774df0d1edee8e374c40ebbfc3ba4744bbef581af9ccd64f54438757104
6,20,0.1,1.0,10,0.25,64,64,1,0,haar,IXYZ,future_rows_history_columns,complete_retained_record,1,0,1e-12,0.0001012503070947349,0.0,0.00019220527282852099,0.0,0.0006058999340195679,0.0,-9.095496573378608e-05,-0.0005046496269248329,50.71285401330398,64,256x64,raw/probes_cut_10.npz,bd04ad457a5577022303f846dc61a4a8b695f3b0fd39b07a95bbb6383e17768d,raw/cut_10_J_0p25.npz,08687bd1a96eb7d945eae9f895310993e05c1502c17f4b1c5fb2eb1f99d4830e
6,20,0.1,1.0,10,0.30000000000000004,64,64,1,0,haar,IXYZ,future_rows_history_columns,complete_retained_record,1,0,1e-12,0.00019978826696938874,0.0,0.0003786775053852249,0.0,0.001186746592908654,0.0,-0.00017888923841583615,-0.0009869583259392654,50.71456259495173,64,256x64,raw/probes_cut_10.npz,bd04ad457a5577022303f846dc61a4a8b695f3b0fd39b07a95bbb6383e17768d,raw/cut_10_J_0p3.npz,1a1a270a340fbc4fbbbab7d1bc5b6d77345515ef66fe6fcc5ffaff58a6046029
6,20,0.1,1.0,10,0.35000000000000003,64,64,1,0,haar,IXYZ,future_rows_history_columns,complete_retained_record,1,0,1e-12,0.000353311085792178,0.0,0.0006691632372575328,0.0,0.002086554597676489,0.0,-0.00031585215146535484,-0.0017332435118843112,50.69227749686258,64,256x64,raw/probes_cut_10.npz,bd04ad457a5577022303f846dc61a4a8b695f3b0fd39b07a95bbb6383e17768d,raw/cut_10_J_0p35.npz,b1e2fee2037ae94a5fe16f99a92971ff83fdfdeee146731963d74bc706f58503
6,20,0.1,1.0,10,0.4,64,64,1,0,haar,IXYZ,future_rows_history_columns,complete_retained_record,1,0,1e-12,0.0005752900911702729,0.0,0.0010897101979565264,0.0,0.003383538792066492,0.0,-0.0005144201067862535,-0.002808248700896219,50.64289078669394,64,256x64,raw/probes_cut_10.npz,bd04ad457a5577022303f846dc61a4a8b695f3b0fd39b07a95bbb6383e17768d,raw/cut_10_J_0p4.npz,c38364d9829f3bb2b6e7b9c162cac660d5bb09d2662399ec9e362895f57597e8
6,20,0.1,1.0,10,0.45,64,64,1,0,haar,IXYZ,future_rows_history_columns,complete_retained_record,1,0,1e-12,0.0008775493962412639,0.0,0.001664009124929158,0.0,0.00514912591635288,0.0,-0.0007864597286878942,-0.004271576520111616,50.56374058571439,64,256x64,raw/probes_cut_10.npz,bd04ad457a5577022303f846dc61a4a8b695f3b0fd39b07a95bbb6383e17768d,raw/cut_10_J_0p45.npz,b0a5b632b9fd8b64d008b44162454b793cf2f9143aa30fc260cd7330a216bb01
6,20,0.1,1.0,10,0.5,64,64,1,0,haar,IXYZ,future_rows_history_columns,complete_retained_record,1,0,1e-12,0.0012691502053067691,0.0,0.0024115975505473123,0.0,0.007443209179365721,0.0,-0.0011424473452405432,-0.006174058974058952,50.452876012959166,64,256x64,raw/probes_cut_10.npz,bd04ad457a5577022303f846dc61a4a8b695f3b0fd39b07a95bbb6383e17768d,raw/cut_10_J_0p5.npz,391ec7885c1faa42c991a2e57863daa6edfe292a87e823006b0973792b407a4b
6,20,0.1,1.0,10,0.55,64,64,1,0,haar,IXYZ,future_rows_history_columns,complete_retained_record,1,0,1e-12,0.0017558660991428298,0.0,0.0033471147041824385,0.0,0.010312628991920487,0.0,-0.0015912486050396087,-0.008556762892777658,50.3092892503822,64,256x64,raw/probes_cut_10.npz,bd04ad457a5577022303f846dc61a4a8b695f3b0fd39b07a95bbb6383e17768d,raw/cut_10_J_0p55.npz,1dac082a64c3377021e8709b47cb5a19f1b0352c5d98a23d384379c1dcd00295
6,20,0.1,1.0,10,0.6000000000000001,64,64,1,0,haar,IXYZ,future_rows_history_columns,complete_retained_record,1,0,1e-12,0.002340563450232647,0.0,0.004481153316230542,0.0,0.013794357314140686,0.0,-0.0021405898659978945,-0.01145379386390804,50.13310060019805,64,256x64,raw/probes_cut_10.npz,bd04ad457a5577022303f846dc61a4a8b695f3b0fd39b07a95bbb6383e17768d,raw/cut_10_J_0p6.npz,b465202197209bd40e8f726578c0d545a4fee27559837cee86a2613cd96a742c
6,20,0.1,1.0,10,0.65,64,64,1,0,haar,IXYZ,future_rows_history_columns,complete_retained_record,1,0,1e-12,0.0030246622480720187,0.0,0.005823050161221273,0.0,0.017924180615819765,0.0,-0.0027983879131492544,-0.014899518367747746,49.925684046977366,64,256x64,raw/probes_cut_10.npz,bd04ad457a5577022303f846dc61a4a8b695f3b0fd39b07a95bbb6383e17768d,raw/cut_10_J_0p65.npz,15a8fb4a17f916c7db08ed07e9b2a115ac91004a2aec1948ba3f3bef86ceacb4
6,20,0.1,1.0,10,0.7000000000000001,64,64,1,0,haar,IXYZ,future_rows_history_columns,complete_retained_record,1,0,1e-12,0.0038106332369548515,0.0,0.007385609401936857,0.0,0.022750550322824352,0.0,-0.003574976164982005,-0.0189399170858695,49.68972274387761,64,256x64,raw/probes_cut_10.npz,bd04ad457a5577022303f846dc61a4a8b695f3b0fd39b07a95bbb6383e17768d,raw/cut_10_J_0p7.npz,155a564d1cf700a7afbcb7c101e57270d5be81e97077fedb0a1eba43781ece67
6,20,0.1,1.0,10,0.75,64,64,1,0,haar,IXYZ,future_rows_history_columns,complete_retained_record,1,0,1e-12,0.004705224539005987,0.0,0.009191293161583224,0.0,0.028351813262725616,0.0,-0.004486068622577237,-0.02364658872371963,49.42918577327475,64,256x64,raw/probes_cut_10.npz,bd04ad457a5577022303f846dc61a4a8b695f3b0fd39b07a95bbb6383e17768d,raw/cut_10_J_0p75.npz,fb58c2b313fee20be8b223ef30e03702e8470e87663347a465830e032b946d79
6,20,0.1,1.0,10,0.8,64,64,1,0,haar,IXYZ,future_rows_history_columns,complete_retained_record,1,0,1e-12,0.0057228003412774855,0.0,0.011278774549006108,0.0,0.034853014664738904,0.0,-0.0055559742077286225,-0.02913021432346142,49.14922094187414,64,256x64,raw/probes_cut_10.npz,bd04ad457a5577022303f846dc61a4a8b695f3b0fd39b07a95bbb6383e17768d,raw/cut_10_J_0p8.npz,635be5b166581d76a64f0c3871272310709c2faff48afbe76ca6b4a075117182
6,20,0.1,1.0,10,0.8500000000000001,64,64,1,0,haar,IXYZ,future_rows_history_columns,complete_retained_record,1,0,1e-12,0.006887871307850824,0.0,0.013707982135999748,0.0,0.04243612326744558,0.0,-0.006820110828148924,-0.035548251959594754,48.85596221677349,64,256x64,raw/probes_cut_10.npz,bd04ad457a5577022303f846dc61a4a8b695f3b0fd39b07a95bbb6383e17768d,raw/cut_10_J_0p85.npz,0372f3ca626df0226ab4bd7ff558c9ed7c0ab5f57bdd5d1304ce3927d2fde22a
6,20,0.1,1.0,10,0.9,64,64,1,0,haar,IXYZ,future_rows_history_columns,complete_retained_record,1,0,1e-12,0.008235711203964923,0.0,0.016561092507696787,0.0,0.051335679597122284,0.0,-0.008325381303731864,-0.04309996839315736,48.556257669843454,64,256x64,raw/probes_cut_10.npz,bd04ad457a5577022303f846dc61a4a8b695f3b0fd39b07a95bbb6383e17768d,raw/cut_10_J_0p9.npz,0a3b0d0206f5ba1c8f5e3f8aec30b9b5536a442bb54c336165b34641020fff3a
6,20,0.1,1.0,10,0.9500000000000001,64,64,1,0,haar,IXYZ,future_rows_history_columns,complete_retained_record,1,0,1e-12,0.009810088492403593,0.0,0.01993688887873475,0.0,0.06181243850385742,0.0,-0.010126800386331158,-0.05200235001145383,48.257330517643645,64,256x64,raw/probes_cut_10.npz,bd04ad457a5577022303f846dc61a4a8b695f3b0fd39b07a95bbb6383e17768d,raw/cut_10_J_0p95.npz,29d95af4490da8aeef8d20aefa672a10c38bcddeebe31a5bc542e2631a6a5576
6,20,0.1,1.0,10,1.0,64,64,1,0,haar,IXYZ,future_rows_history_columns,complete_retained_record,1,0,1e-12,0.011657820963837285,0.0,0.02393721862263665,0.0,0.07410275464176608,0.0,-0.012279397658799365,-0.06244493367792879,47.96639504429337,64,256x64,raw/probes_cut_10.npz,bd04ad457a5577022303f846dc61a4a8b695f3b0fd39b07a95bbb6383e17768d,raw/cut_10_J_1.npz,14d4d467685bece97dafd9762a43d121cda23a80c088ac680b78f5896deb1895
6,20,0.1,1.0,10,1.05,64,64,1,0,haar,IXYZ,future_rows_history_columns,complete_retained_record,1,0,1e-12,0.013820842466788524,0.0,0.028646695919312414,0.0,0.0883499761456181,0.0,-0.01482585345252389,-0.07452913367882957,47.690256725552025,64,256x64,raw/probes_cut_10.npz,bd04ad457a5577022303f846dc61a4a8b695f3b0fd39b07a95bbb6383e17768d,raw/cut_10_J_1p05.npz,dd888ad656ea096d5ef4a09c72117a8c880746d9812ac95c6ede74f8c5f0bd3b
6,20,0.1,1.0,10,1.1,64,64,1,0,haar,IXYZ,future_rows_history_columns,complete_retained_record,1,0,1e-12,0.016327283016103564,0.0,0.034109317389644206,0.0,0.10453237930386673,0.0,-0.01778203437354064,-0.08820509628776317,47.434930592338205,64,256x64,raw/probes_cut_10.npz,bd04ad457a5577022303f846dc61a4a8b695f3b0fd39b07a95bbb6383e17768d,raw/cut_10_J_1p1.npz,01cfa7731ae2ae8f3764a1a0968c59b6d841edc53ec3a447b4e62c8f6d276906
6,20,0.1,1.0,10,1.1500000000000001,64,64,1,0,haar,IXYZ,future_rows_history_columns,complete_retained_record,1,0,1e-12,0.01918394128043742,0.0,0.04030860616596862,0.0,0.12241135470456785,0.0,-0.0211246648855312,-0.10322741342413043,47.2053140171818,64,256x64,raw/probes_cut_10.npz,bd04ad457a5577022303f846dc61a4a8b695f3b0fd39b07a95bbb6383e17768d,raw/cut_10_J_1p15.npz,fe659900b421bc2b52380e0bc840480e0e8cf5164a2721fde4ba76c1fa017fc1
6,20,0.1,1.0,10,1.2000000000000002,64,64,1,0,haar,IXYZ,future_rows_history_columns,complete_retained_record,1,0,1e-12,0.02237240294319895,0.0,0.04715832117309218,0.0,0.14152424157213442,0.0,-0.024785918229893233,-0.11915183862893547,47.004945839663506,64,256x64,raw/probes_cut_10.npz,bd04ad457a5577022303f846dc61a4a8b695f3b0fd39b07a95bbb6383e17768d,raw/cut_10_J_1p2.npz,468f1e091980afe2cfa86416e404b51b33c236bec2b62165a9a6193b93226669
6,20,0.1,1.0,10,1.25,64,64,1,0,haar,IXYZ,future_rows_history_columns,complete_retained_record,1,0,1e-12,0.02584885235461323,0.0,0.0545053621735243,0.0,0.16122614358387388,0.0,-0.02865650981891107,-0.13537729122926065,46.83587466022677,64,256x64,raw/probes_cut_10.npz,bd04ad457a5577022303f846dc61a4a8b695f3b0fd39b07a95bbb6383e17768d,raw/cut_10_J_1p25.npz,1b5575a700c2d98ecdd7f76df308ee1a0adf1c7da3c747105a87760c88eb95b9
6,20,0.1,1.0,10,1.3,64,64,1,0,haar,IXYZ,future_rows_history_columns,complete_retained_record,1,0,1e-12,0.029546878254361236,0.0,0.06214341553784038,0.0,0.1807695413384438,0.0,-0.03259653728347914,-0.15122266308408258,46.69864624235083,64,256x64,raw/probes_cut_10.npz,bd04ad457a5577022303f846dc61a4a8b695f3b0fd39b07a95bbb6383e17768d,raw/cut_10_J_1p3.npz,dac930d7fb4061f1b7d6abcc3f68ff680d418afb9e7074efd85e7759c97f47d0
6,20,0.1,1.0,10,1.35,64,64,1,0,haar,IXYZ,future_rows_history_columns,complete_retained_record,1,0,1e-12,0.033383008777914364,0.0,0.0698353872597954,0.0,0.19940515234366835,0.0,-0.03645237848188104,-0.16602214356575398,46.59240582175766,64,256x64,raw/probes_cut_10.npz,bd04ad457a5577022303f846dc61a4a8b695f3b0fd39b07a95bbb6383e17768d,raw/cut_10_J_1p35.npz,188da357adb2e798f632e3ec8c8db3bb4227eebc6ddd6c3923d2d18071a71740
6,20,0.1,1.0,10,1.4000000000000001,64,64,1,0,haar,IXYZ,future_rows_history_columns,complete_retained_record,1,0,1e-12,0.03726434619660666,0.0,0.07734074086423302,0.0,0.2164820814462926,0.0,-0.040076394667626365,-0.17921773524968596,46.51509652545696,64,256x64,raw/probes_cut_10.npz,bd04ad457a5577022303f846dc61a4a8b695f3b0fd39b07a95bbb6383e17768d,raw/cut_10_J_1p4.npz,61df83fb5883a32ba34b8f59b2ab86017f510e9dffc930794e0da3bab2f35593
6,20,0.1,1.0,10,1.4500000000000002,64,64,1,0,haar,IXYZ,future_rows_history_columns,complete_retained_record,1,0,1e-12,0.041097163403175874,0.0,0.08444243929489169,0.0,0.23152529119970372,0.0,-0.043345275891715815,-0.19042812779652785,46.46372555879337,64,256x64,raw/probes_cut_10.npz,bd04ad457a5577022303f846dc61a4a8b695f3b0fd39b07a95bbb6383e17768d,raw/cut_10_J_1p45.npz,23e30d179169d2e9da92e82a33ca5622a005e3f2506965b04d4b7c1c820b2d1f
6,20,0.1,1.0,10,1.5,64,64,1,0,haar,IXYZ,future_rows_history_columns,complete_retained_record,1,0,1e-12,0.044795186105211625,0.0,0.09096862892462303,0.0,0.2442765634864481,0.0,-0.0461734428194114,-0.19948137738123647,46.43466468444235,64,256x64,raw/probes_cut_10.npz,bd04ad457a5577022303f846dc61a4a8b695f3b0fd39b07a95bbb6383e17768d,raw/cut_10_J_1p5.npz,6ee9459ee3cf19cc1c96bb82522f1f447ec11ca50141dd31636ec6d3679ebcee
6,20,0.1,1.0,10,1.55,64,64,1,0,haar,IXYZ,future_rows_history_columns,complete_retained_record,1,0,1e-12,0.04828646227597869,0.0,0.0968059994888671,0.0,0.25469683612893174,0.0,-0.04851953721288842,-0.20641037385295305,46.423951497477475,64,256x64,raw/probes_cut_10.npz,bd04ad457a5577022303f846dc61a4a8b695f3b0fd39b07a95bbb6383e17768d,raw/cut_10_J_1p55.npz,c1ddecaa97d392f817a8b5b9a47542dab4eb55ac12615c102a41f078b4b5bc92
6,20,0.1,1.0,10,1.6,64,64,1,0,haar,IXYZ,future_rows_history_columns,complete_retained_record,1,0,1e-12,0.051518055287996425,0.0,0.10190392882916434,0.0,0.2629373953634453,0.0,-0.050385873541167914,-0.21141934007544888,46.42756430779668,64,256x64,raw/probes_cut_10.npz,bd04ad457a5577022303f846dc61a4a8b695f3b0fd39b07a95bbb6383e17768d,raw/cut_10_J_1p6.npz,daaceb8670fd6e0406ad79e25c73d7b17f084d2a8eb76436d29ae0b29443eabc
6,20,0.1,1.0,10,1.6500000000000001,64,64,1,0,haar,IXYZ,future_rows_history_columns,complete_retained_record,1,0,1e-12,0.05445820998578849,0.0,0.10627039409009294,0.0,0.2692921730587873,0.0,-0.051812184104304444,-0.2148339630729988,46.44165054380582,64,256x64,raw/probes_cut_10.npz,bd04ad457a5577022303f846dc61a4a8b695f3b0fd39b07a95bbb6383e17768d,raw/cut_10_J_1p65.npz,870c0426adc63ae7ca7fc1caa8be4a1ada9d7705c3b74a8414e16c3e02b69b3d
6,20,0.1,1.0,10,1.7000000000000002,64,64,1,0,haar,IXYZ,future_rows_history_columns,complete_retained_record,1,0,1e-12,0.05709602619176322,0.0,0.10996174590006323,0.0,0.2741432554023214,0.0,-0.052865719708300014,-0.21704722921055816,46.462698974182366,64,256x64,raw/probes_cut_10.npz,bd04ad457a5577022303f846dc61a4a8b695f3b0fd39b07a95bbb6383e17768d,raw/cut_10_J_1p7.npz,259adbdfaef3fbf1cc7187be54196b192a1e54dbace46f170e572c438be366d0
6,20,0.1,1.0,10,1.75,64,64,1,0,haar,IXYZ,future_rows_history_columns,complete_retained_record,1,0,1e-12,0.05943898194013144,0.0,0.11306883488492721,0.0,0.2779087700794591,0.0,-0.05362985294479577,-0.21846978813932763,46.48765381362602,64,256x64,raw/probes_cut_10.npz,bd04ad457a5577022303f846dc61a4a8b695f3b0fd39b07a95bbb6383e17768d,raw/cut_10_J_1p75.npz,fbb5e1f751c7f63a8aa0ef031fbd0055c4abe6cbdf871338cfb469ff79785097
6,20,0.1,1.0,10,1.8,64,64,1,0,haar,IXYZ,future_rows_history_columns,complete_retained_record,1,0,1e-12,0.0615088811765344,0.0,0.11570186547953636,0.0,0.28099867929102934,0.0,-0.054192984303001956,-0.21948979811449493,46.513976412982856,64,256x64,raw/probes_cut_10.npz,bd04ad457a5577022303f846dc61a4a8b695f3b0fd39b07a95bbb6383e17768d,raw/cut_10_J_1p8.npz,3edd0515fd33f7905c9514b14cbf8edece50b63558f09eed5bcc373b0f4e1c86
6,20,0.1,1.0,10,1.85,64,64,1,0,haar,IXYZ,future_rows_history_columns,complete_retained_record,1,0,1e-12,0.0633368862457914,0.0,0.11797588075075598,0.0,0.28378082197295473,0.0,-0.05463899450496458,-0.22044393572716334,46.53966320564934,64,256x64,raw/probes_cut_10.npz,bd04ad457a5577022303f846dc61a4a8b695f3b0fd39b07a95bbb6383e17768d,raw/cut_10_J_1p85.npz,b92d7c17ddc4a6e667b6b38847a4d7184e07af3769e28315bb2f1b542575a8e1
6,20,0.1,1.0,10,1.9000000000000001,64,64,1,0,haar,IXYZ,future_rows_history_columns,complete_retained_record,1,0,1e-12,0.06495830793511999,0.0,0.11999823807603548,0.0,0.286557434237495,0.0,-0.05503993014091549,-0.22159912630237505,46.56323065102366,64,256x64,raw/probes_cut_10.npz,bd04ad457a5577022303f846dc61a4a8b695f3b0fd39b07a95bbb6383e17768d,raw/cut_10_J_1p9.npz,0059f8f1e41d6d6d7ea5778918645393aa259a23a1496a71639909719efe05bc
6,20,0.1,1.0,10,1.9500000000000002,64,64,1,0,haar,IXYZ,future_rows_history_columns,complete_retained_record,1,0,1e-12,0.06640774609136574,0.0,0.12185887423370863,0.0,0.2895511015591956,0.0,-0.05545112814234289,-0.22314335546782987,46.58367794969182,64,256x64,raw/probes_cut_10.npz,bd04ad457a5577022303f846dc61a4a8b695f3b0fd39b07a95bbb6383e17768d,raw/cut_10_J_1p95.npz,bd4fe5f3cb20a69736e1755ad1bbb415149e2b958547d78130544b169403db38
6,20,0.1,1.0,10,2.0,64,64,1,0,haar,IXYZ,future_rows_history_columns,complete_retained_record,1,0,1e-12,0.06771503470255792,0.0,0.12362369322597236,0.0,0.2928985809049691,0.0,-0.05590865852341444,-0.2251835462024112,46.60043535413854,64,256x64,raw/probes_cut_10.npz,bd04ad457a5577022303f846dc61a4a8b695f3b0fd39b07a95bbb6383e17768d,raw/cut_10_J_2.npz,622335f8cb0787819181ca6e92492f7bc61499f41e09f26ed2a81e9a1d0271f9
6,20,0.1,1.0,11,0.0,64,64,1,0,haar,IXYZ,future_rows_history_columns,complete_retained_record,1,0,1e-12,0.0,0.0,0.0,0.0,0.0,0.0,0.0,0.0,56.160009876260254,1,256x64,raw/probes_cut_11.npz,7f1dbfa62e334aa0fd7ea843a141aeaa8179c2a12d716075080fc6d4c0908ed9,raw/cut_11_J_0.npz,02a2e7b62f534e9b7474ffcdecfddb1d6beed5a74e539dd57cf93d382c1e6a21
6,20,0.1,1.0,11,0.05,64,64,1,0,haar,IXYZ,future_rows_history_columns,complete_retained_record,1,0,1e-12,1.6231357295277624e-07,0.0,3.1320710846862365e-07,0.0,1.3327874687399363e-06,0.0,-1.5089353551584741e-07,-1.17047389578716e-06,56.17040407421371,64,256x64,raw/probes_cut_11.npz,7f1dbfa62e334aa0fd7ea843a141aeaa8179c2a12d716075080fc6d4c0908ed9,raw/cut_11_J_0p05.npz,ba19cb2442096bec9bb065454aa4c8846ba1847aaf8fcef2afebb1e8b3d6c124
6,20,0.1,1.0,11,0.1,64,64,1,0,haar,IXYZ,future_rows_history_columns,complete_retained_record,1,0,1e-12,2.389617705141375e-06,0.0,4.584992603265888e-06,0.0,1.916336868764335e-05,0.0,-2.1953748981245134e-06,-1.6773750982501974e-05,56.16640096036141,64,256x64,raw/probes_cut_11.npz,7f1dbfa62e334aa0fd7ea843a141aeaa8179c2a12d716075080fc6d4c0908ed9,raw/cut_11_J_0p1.npz,3bc33fd61938aa9fed965f2092b7400228276855c809d0b64c49951cb5edc5c6
6,20,0.1,1.0,11,0.15000000000000002,64,64,1,0,haar,IXYZ,future_rows_history_columns,complete_retained_record,1,0,1e-12,1.2005324562231918e-05,0.0,2.2942443344969835e-05,0.0,9.446848898333367e-05,0.0,-1.0937118782737917e-05,-8.246316442110176e-05,56.14654027859422,64,256x64,raw/probes_cut_11.npz,7f1dbfa62e334aa0fd7ea843a141aeaa8179c2a12d716075080fc6d4c0908ed9,raw/cut_11_J_0p15.npz,ee69f0944b94ab6fc33864c33c0201ce9ec01e0ec9a7f625a47dafc014b84e39
6,20,0.1,1.0,11,0.2,64,64,1,0,haar,IXYZ,future_rows_history_columns,complete_retained_record,1,0,1e-12,3.883086720680953e-05,0.0,7.397472680488382e-05,0.0,0.00030050535032155015,0.0,-3.514385959807429e-05,-0.00026167448311474064,56.108444368095334,64,256x64,raw/probes_cut_11.npz,7f1dbfa62e334aa0fd7ea843a141aeaa8179c2a12d716075080fc6d4c0908ed9,raw/cut_11_J_0p2.npz,594cb399288943dfb978a42a214056aa86994f9782d63bfb6c85ae4149ef4848
6,20,0.1,1.0,11,0.25,64,64,1,0,haar,IXYZ,future_rows_history_columns,complete_retained_record,1,0,1e-12,9.785962738156957e-05,0.0,0.00018597252716766698,0.0,0.0007460681583007017,0.0,-8.811289978609741e-05,-0.0006482085309191321,56.04905512912332,64,256x64,raw/probes_cut_11.npz,7f1dbfa62e334aa0fd7ea843a141aeaa8179c2a12d716075080fc6d4c0908ed9,raw/cut_11_J_0p25.npz,960f69c240a0f55621b66ad781e3c7a29c70bb585d723ae29b8feb9486dec196
6,20,0.1,1.0,11,0.30000000000000004,64,64,1,0,haar,IXYZ,future_rows_history_columns,complete_retained_record,1,0,1e-12,0.00020862428308621563,0.0,0.00039577576796705086,0.0,0.0015694002926952945,0.0,-0.00018715148488083523,-0.001360776009609079,55.96494348120457,64,256x64,raw/probes_cut_11.npz,7f1dbfa62e334aa0fd7ea843a141aeaa8179c2a12d716075080fc6d4c0908ed9,raw/cut_11_J_0p3.npz,972cd13a9005889ec03547e1baac1d4867545ab23bc277e42aed47c8e2a8e60d
6,20,0.1,1.0,11,0.35000000000000003,64,64,1,0,haar,IXYZ,future_rows_history_columns,complete_retained_record,1,0,1e-12,0.0003930088496127156,0.0,0.0007448402424174177,0.0,0.0029220170815247065,0.0,-0.0003518313928047021,-0.002529008231911991,55.852657428765305,64,256x64,raw/probes_cut_11.npz,7f1dbfa62e334aa0fd7ea843a141aeaa8179c2a12d716075080fc6d4c0908ed9,raw/cut_11_J_0p35.npz,c4e9d5c6f65e323b3ad258562c026917943252b9ef5679135b59de870f15dc5a
6,20,0.1,1.0,11,0.4,64,64,1,0,haar,IXYZ,future_rows_history_columns,complete_retained_record,1,0,1e-12,0.0006719354445549777,0.0,0.001273364740664809,0.0,0.004946326784555718,0.0,-0.0006014292961098312,-0.00427439134000074,55.709073699589865,64,256x64,raw/probes_cut_11.npz,7f1dbfa62e334aa0fd7ea843a141aeaa8179c2a12d716075080fc6d4c0908ed9,raw/cut_11_J_0p4.npz,24e54ffd438ee82a5362d481631d0e5135b6c429c5aab6dfbd34406f2ef3adcb
6,20,0.1,1.0,11,0.45,64,64,1,0,haar,IXYZ,future_rows_history_columns,complete_retained_record,1,0,1e-12,0.0010618593698501614,0.0,0.0020141613945114994,0.0,0.007753717614847893,0.0,-0.000952302024661338,-0.006691858244997732,55.53172456888546,64,256x64,raw/probes_cut_11.npz,7f1dbfa62e334aa0fd7ea843a141aeaa8179c2a12d716075080fc6d4c0908ed9,raw/cut_11_J_0p45.npz,c2e226b7912ebf1cd76ac39c35fd844fb6d9e63b91e87ee228f49cde2f5c1104
6,20,0.1,1.0,11,0.5,64,64,1,0,haar,IXYZ,future_rows_history_columns,complete_retained_record,1,0,1e-12,0.0015722334521661894,0.0,0.0029882979031409544,0.0,0.011410531812339428,0.0,-0.001416064450974765,-0.009838298360173239,55.319077329810284,64,256x64,raw/probes_cut_11.npz,7f1dbfa62e334aa0fd7ea843a141aeaa8179c2a12d716075080fc6d4c0908ed9,raw/cut_11_J_0p5.npz,95219b3242013e8a90bb0006b90d91317d0f37e3bb01f26c92dc7fc7786f7439
6,20,0.1,1.0,11,0.55,64,64,1,0,haar,IXYZ,future_rows_history_columns,complete_retained_record,1,0,1e-12,0.0022050259023004516,0.0,0.004204390281738387,0.0,0.015938334180617977,0.0,-0.001999364379437935,-0.013733308278317525,55.070752781287545,64,256x64,raw/probes_cut_11.npz,7f1dbfa62e334aa0fd7ea843a141aeaa8179c2a12d716075080fc6d4c0908ed9,raw/cut_11_J_0p55.npz,70e871ba30b89a175d2fc80fa713e8b5cfb0e0dc1f3041ff92207d55d818926d
6,20,0.1,1.0,11,0.6000000000000001,64,64,1,0,haar,IXYZ,future_rows_history_columns,complete_retained_record,1,0,1e-12,0.0029570337334154373,0.0,0.0056628932521784235,0.0,0.021332671808641367,0.0,-0.0027058595187629863,-0.01837563807522593,54.7876748727296,64,256x64,raw/probes_cut_11.npz,7f1dbfa62e334aa0fd7ea843a141aeaa8179c2a12d716075080fc6d4c0908ed9,raw/cut_11_J_0p6.npz,a53118568967de6709b2123c96ca69fd6c4bac894acc77f27a1bd9fd2696d5ac
6,20,0.1,1.0,11,0.65,64,64,1,0,haar,IXYZ,future_rows_history_columns,complete_retained_record,1,0,1e-12,0.003825189049670474,0.0,0.007365920374100402,0.0,0.027601571007690433,0.0,-0.0035407313244299283,-0.02377638195801996,54.47214655781115,64,256x64,raw/probes_cut_11.npz,7f1dbfa62e334aa0fd7ea843a141aeaa8179c2a12d716075080fc6d4c0908ed9,raw/cut_11_J_0p65.npz,63dfc53011ff96b5b98cb124ac28d410a6efab803f1f1f67420d69ea0425bdb5
6,20,0.1,1.0,11,0.7000000000000001,64,64,1,0,haar,IXYZ,future_rows_history_columns,complete_retained_record,1,0,1e-12,0.004814368726156541,0.0,0.009332051274848686,0.0,0.03482130262439652,0.0,-0.004517682548692146,-0.03000693389823998,54.127849259516104,64,256x64,raw/probes_cut_11.npz,7f1dbfa62e334aa0fd7ea843a141aeaa8179c2a12d716075080fc6d4c0908ed9,raw/cut_11_J_0p7.npz,e03e870679ed893e70322f95da17a67e2c38657ea30af88a0659f52b4515abce
6,20,0.1,1.0,11,0.75,64,64,1,0,haar,IXYZ,future_rows_history_columns,complete_retained_record,1,0,1e-12,0.005946425123198004,0.0,0.011614174814060234,0.0,0.043201801261329366,0.0,-0.00566774969086223,-0.03725537613813136,53.759762696672354,64,256x64,raw/probes_cut_11.npz,7f1dbfa62e334aa0fd7ea843a141aeaa8179c2a12d716075080fc6d4c0908ed9,raw/cut_11_J_0p75.npz,374fc8df22d200b69553d85da20c8a39bf5e12efcef3cf3f1b7c9a016f501901
6,20,0.1,1.0,11,0.8,64,64,1,0,haar,IXYZ,future_rows_history_columns,complete_retained_record,1,0,1e-12,0.007268234651243933,0.0,0.014316439752138452,0.0,0.05314595498363419,0.0,-0.007048205100894519,-0.04587772033239026,53.37400301915086,64,256x64,raw/probes_cut_11.npz,7f1dbfa62e334aa0fd7ea843a141aeaa8179c2a12d716075080fc6d4c0908ed9,raw/cut_11_J_0p8.npz,f869d16a0febc70e900516f45980dfd096ca48685fc5dfcd32a5c838555044fb
6,20,0.1,1.0,11,0.8500000000000001,64,64,1,0,haar,IXYZ,future_rows_history_columns,complete_retained_record,1,0,1e-12,0.008855642547987557,0.0,0.017603911160406657,0.0,0.06527576614909705,0.0,-0.0087482686124191,-0.0564201236011095,52.97758018870458,64,256x64,raw/probes_cut_11.npz,7f1dbfa62e334aa0fd7ea843a141aeaa8179c2a12d716075080fc6d4c0908ed9,raw/cut_11_J_0p85.npz,af9f8c1b6cfc2acbb454cb0236cc32dda09efe4159bb629a484e56f3f7caf467
6,20,0.1,1.0,11,0.9,64,64,1,0,haar,IXYZ,future_rows_history_columns,complete_retained_record,1,0,1e-12,0.01080976379851372,0.0,0.021696611651149843,0.0,0.0803899106830967,0.0,-0.010886847852636123,-0.06958014688458297,52.57808108280204,64,256x64,raw/probes_cut_11.npz,7f1dbfa62e334aa0fd7ea843a141aeaa8179c2a12d716075080fc6d4c0908ed9,raw/cut_11_J_0p9.npz,2a947c76377f7ef1554af36431d2c093c1b38ffc94d09a961a92785c0bb0aa43
6,20,0.1,1.0,11,0.9500000000000001,64,64,1,0,haar,IXYZ,future_rows_history_columns,complete_retained_record,1,0,1e-12,0.013243594614338255,0.0,0.026841736926457298,0.0,0.09932887557467805,0.0,-0.013598142312119043,-0.0860852809603398,52.18329362014784,64,256x64,raw/probes_cut_11.npz,7f1dbfa62e334aa0fd7ea843a141aeaa8179c2a12d716075080fc6d4c0908ed9,raw/cut_11_J_0p95.npz,d99c592be097a9d6844d42f14164288099bdda92806e7c743f2424996ae0ae0d
6,20,0.1,1.0,11,1.0,64,64,1,0,haar,IXYZ,future_rows_history_columns,complete_retained_record,1,0,1e-12,0.016261083633036622,0.0,0.03326675199178128,0.0,0.12276623608411259,0.0,-0.017005668358744657,-0.10650515245107597,51.80079629715975,64,256x64,raw/probes_cut_11.npz,7f1dbfa62e334aa0fd7ea843a141aeaa8179c2a12d716075080fc6d4c0908ed9,raw/cut_11_J_1.npz,7df9500126f3a6b4794d311a0a40bd906ca45faa64de14c25354f4767b019120
6,20,0.1,1.0,11,1.05,64,64,1,0,haar,IXYZ,future_rows_history_columns,complete_retained_record,1,0,1e-12,0.019934794319218175,0.0,0.04112614108659503,0.0,0.15098750440630693,0.0,-0.021191346767376853,-0.13105271008708874,51.43754812983005,64,256x64,raw/probes_cut_11.npz,7f1dbfa62e334aa0fd7ea843a141aeaa8179c2a12d716075080fc6d4c0908ed9,raw/cut_11_J_1p05.npz,ed760ce1a2261a924dbc7d3d18a2e6d2637640245442f171b8347cd38b50078a
6,20,0.1,1.0,11,1.1,64,64,1,0,haar,IXYZ,future_rows_history_columns,complete_retained_record,1,0,1e-12,0.02428792532093083,0.0,0.050455896639150635,0.0,0.18372254447027805,0.0,-0.026167971318219806,-0.15943461914934723,51.09951691213878,64,256x64,raw/probes_cut_11.npz,7f1dbfa62e334aa0fd7ea843a141aeaa8179c2a12d716075080fc6d4c0908ed9,raw/cut_11_J_1p1.npz,01d03d0e6a8803b47b9c3d5cb3d76a9a4e40020d5b165173925289c4a1d6da63
6,20,0.1,1.0,11,1.1500000000000001,64,64,1,0,haar,IXYZ,future_rows_history_columns,complete_retained_record,1,0,1e-12,0.029284345932651827,0.0,0.06114674523721619,0.0,0.22008677191493767,0.0,-0.03186239930456436,-0.19080242598228583,50.791386383728444,64,256x64,raw/probes_cut_11.npz,7f1dbfa62e334aa0fd7ea843a141aeaa8179c2a12d716075080fc6d4c0908ed9,raw/cut_11_J_1p15.npz,f9145bdbcb422ad9c42dd28962fd30f199dd8fe9447d40ea546d78ae1faa5e73
6,20,0.1,1.0,11,1.2000000000000002,64,64,1,0,haar,IXYZ,future_rows_history_columns,complete_retained_record,1,0,1e-12,0.03482798253619266,0.0,0.07294215931354762,0.0,0.2586582892089526,0.0,-0.038114176777354965,-0.22383030667275997,50.516372828183236,64,256x64,raw/probes_cut_11.npz,7f1dbfa62e334aa0fd7ea843a141aeaa8179c2a12d716075080fc6d4c0908ed9,raw/cut_11_J_1p2.npz,62f06f4bfb374b8018bc676b18130ad2997c26eed647a89e8fecbffb63736807
6,20,0.1,1.0,11,1.25,64,64,1,0,haar,IXYZ,future_rows_history_columns,complete_retained_record,1,0,1e-12,0.04077014094416312,0.0,0.08545949666237218,0.0,0.2976689778843923,0.0,-0.04468935571820906,-0.2568988369402292,50.276170582846994,64,256x64,raw/probes_cut_11.npz,7f1dbfa62e334aa0fd7ea843a141aeaa8179c2a12d716075080fc6d4c0908ed9,raw/cut_11_J_1p25.npz,a182ba267cd686552c504e86281f9b7e0c86c9fac01aac8aa6181350d0d7f489
6,20,0.1,1.0,11,1.3,64,64,1,0,haar,IXYZ,future_rows_history_columns,complete_retained_record,1,0,1e-12,0.046923455929771735,0.0,0.09823072221891921,0.0,0.3352643915264878,0.0,-0.051307266289147474,-0.28834093559671603,50.071026675498075,64,256x64,raw/probes_cut_11.npz,7f1dbfa62e334aa0fd7ea843a141aeaa8179c2a12d716075080fc6d4c0908ed9,raw/cut_11_J_1p3.npz,1a0e227cca768edf803f63d066667b7896aa7705769c8f048d9d11ed42121cc8
6,20,0.1,1.0,11,1.35,64,64,1,0,haar,IXYZ,future_rows_history_columns,complete_retained_record,1,0,1e-12,0.053080812334870914,0.0,0.11075650892322635,0.0,0.36977174174348587,0.0,-0.05767569658835543,-0.316690929408615,49.89992775488107,64,256x64,raw/probes_cut_11.npz,7f1dbfa62e334aa0fd7ea843a141aeaa8179c2a12d716075080fc6d4c0908ed9,raw/cut_11_J_1p35.npz,89f2e2ea170bd9c8d7bfbc1b8852c2135851e4a952d5883e8c747ac380f1d8b8
6,20,0.1,1.0,11,1.4000000000000001,64,64,1,0,haar,IXYZ,future_rows_history_columns,complete_retained_record,1,0,1e-12,0.059036455008225866,0.0,0.12256391176080039,0.0,0.3999123947107197,0.0,-0.06352745675257453,-0.34087593970249386,49.76086772913884,64,256x64,raw/probes_cut_11.npz,7f1dbfa62e334aa0fd7ea843a141aeaa8179c2a12d716075080fc6d4c0908ed9,raw/cut_11_J_1p4.npz,7ee00069cc77eb8282e77cae8ad43ab5ebcd6f9648eb4524edfc900e5b44344e
6,20,0.1,1.0,11,1.4500000000000002,64,64,1,0,haar,IXYZ,future_rows_history_columns,complete_retained_record,1,0,1e-12,0.06460623590062407,0.0,0.1332575428862881,0.0,0.42491887940868683,0.0,-0.06865130698566403,-0.36031264350806275,49.65115601871179,64,256x64,raw/probes_cut_11.npz,7f1dbfa62e334aa0fd7ea843a141aeaa8179c2a12d716075080fc6d4c0908ed9,raw/cut_11_J_1p45.npz,68ee5cadc1034859496cf572224ae235a8c31deaefe670c27b1a23ccb8bf16bd
6,20,0.1,1.0,11,1.5,64,64,1,0,haar,IXYZ,future_rows_history_columns,complete_retained_record,1,0,1e-12,0.06964432102150528,0.0,0.1425565824455051,0.0,0.44455100718101503,0.0,-0.07291226142399981,-0.3749066861595097,49.567724678050375,64,256x64,raw/probes_cut_11.npz,7f1dbfa62e334aa0fd7ea843a141aeaa8179c2a12d716075080fc6d4c0908ed9,raw/cut_11_J_1p5.npz,5fd140375f9d5d11aa3071906a5c179429046a4318916dbbd6f3a3f14c5147d9
6,20,0.1,1.0,11,1.55,64,64,1,0,haar,IXYZ,future_rows_history_columns,complete_retained_record,1,0,1e-12,0.07405447517613371,0.0,0.1503137246032878,0.0,0.4590334477798995,0.0,-0.07625924942715408,-0.3849789726037658,49.50740042369447,64,256x64,raw/probes_cut_11.npz,7f1dbfa62e334aa0fd7ea843a141aeaa8179c2a12d716075080fc6d4c0908ed9,raw/cut_11_J_1p55.npz,d3fdd5884e9e260459941df89cecb960d2b6b6a41218632a247f10faedf4b161
6,20,0.1,1.0,11,1.6,64,64,1,0,haar,IXYZ,future_rows_history_columns,complete_retained_record,1,0,1e-12,0.07779494511139735,0.0,0.15651578433480756,0.0,0.46894835558982484,0.0,-0.07872083922341021,-0.3911534104784275,49.46711645370906,64,256x64,raw/probes_cut_11.npz,7f1dbfa62e334aa0fd7ea843a141aeaa8179c2a12d716075080fc6d4c0908ed9,raw/cut_11_J_1p6.npz,a6baf355a1a10a79980211c91b836f28b6641bbf0bcf73ee92d9fba319e84eff
6,20,0.1,1.0,11,1.6500000000000001,64,64,1,0,haar,IXYZ,future_rows_history_columns,complete_retained_record,1,0,1e-12,0.08087683690929495,0.0,0.1612683798191379,0.0,0.4751131375312436,0.0,-0.08039154290984296,-0.3942363006219487,49.444054137314325,64,256x64,raw/probes_cut_11.npz,7f1dbfa62e334aa0fd7ea843a141aeaa8179c2a12d716075080fc6d4c0908ed9,raw/cut_11_J_1p65.npz,6aa099bef3d21d7caecfd043c78eafe5fc121bded617c8280a388aa4163e0f00
6,20,0.1,1.0,11,1.7000000000000002,64,64,1,0,haar,IXYZ,future_rows_history_columns,complete_retained_record,1,0,1e-12,0.08335662271261993,0.0,0.16476863310699214,0.0,0.4784626011092385,0.0,-0.08141201039437221,-0.39510597839661854,49.43571583296974,64,256x64,raw/probes_cut_11.npz,7f1dbfa62e334aa0fd7ea843a141aeaa8179c2a12d716075080fc6d4c0908ed9,raw/cut_11_J_1p7.npz,82cb62dfc88809272921d2b92739f46407b021e6cd326d93818fe0e124f14d6c
6,20,0.1,1.0,11,1.75,64,64,1,0,haar,IXYZ,future_rows_history_columns,complete_retained_record,1,0,1e-12,0.08532402699013436,0.0,0.1672705271864321,0.0,0.4799443547645908,0.0,-0.08194650019629773,-0.39462032777445644,49.43994032985352,64,256x64,raw/probes_cut_11.npz,7f1dbfa62e334aa0fd7ea843a141aeaa8179c2a12d716075080fc6d4c0908ed9,raw/cut_11_J_1p75.npz,6e12a726776883578c01c05524ad0d1b4b7932c5e1549a94da195eb2a9814db5
6,20,0.1,1.0,11,1.8,64,64,1,0,haar,IXYZ,future_rows_history_columns,complete_retained_record,1,0,1e-12,0.08688700364858039,0.0,0.16904766553043168,0.0,0.4804300214818868,0.0,-0.0821606618818513,-0.3935430178333064,49.45487817389661,64,256x64,raw/probes_cut_11.npz,7f1dbfa62e334aa0fd7ea843a141aeaa8179c2a12d716075080fc6d4c0908ed9,raw/cut_11_J_1p8.npz,0e6af83d9c74b7509c3f89665c51656bbd0aa82c3212172db7e8c5bfa16382e2
6,20,0.1,1.0,11,1.85,64,64,1,0,haar,IXYZ,future_rows_history_columns,complete_retained_record,1,0,1e-12,0.08815583021744408,0.0,0.17035804129151144,0.0,0.4806434594766673,0.0,-0.08220221107406736,-0.3924876292592232,49.4789446746793,64,256x64,raw/probes_cut_11.npz,7f1dbfa62e334aa0fd7ea843a141aeaa8179c2a12d716075080fc6d4c0908ed9,raw/cut_11_J_1p85.npz,71557d0794ceaee9737d2da51388a9a45b33345cfc586347dd158cacc33215d6
6,20,0.1,1.0,11,1.9000000000000001,64,64,1,0,haar,IXYZ,future_rows_history_columns,complete_retained_record,1,0,1e-12,0.08922842053340074,0.0,0.17141483938770014,0.0,0.4811080881401799,0.0,-0.08218641885429939,-0.39187966760677917,49.510767404097315,64,256x64,raw/probes_cut_11.npz,7f1dbfa62e334aa0fd7ea843a141aeaa8179c2a12d716075080fc6d4c0908ed9,raw/cut_11_J_1p9.npz,2af933b67741ffb7ef51877df1016122f02c0b53735aa6aab839287f73fa85f0
6,20,0.1,1.0,11,1.9500000000000002,64,64,1,0,haar,IXYZ,future_rows_history_columns,complete_retained_record,1,0,1e-12,0.09017873563607035,0.0,0.17236629270758935,0.0,0.48211628886785923,0.0,-0.08218755707151901,-0.3919375532317889,49.549139475363866,64,256x64,raw/probes_cut_11.npz,7f1dbfa62e334aa0fd7ea843a141aeaa8179c2a12d716075080fc6d4c0908ed9,raw/cut_11_J_1p95.npz,db106a974c12289723bd1ad37db5d419f82a95c96b964135acb3ff4125a5c736
6,20,0.1,1.0,11,2.0,64,64,1,0,haar,IXYZ,future_rows_history_columns,complete_retained_record,1,0,1e-12,0.09104977052276553,0.0,0.17328645166254122,0.0,0.4837245557590916,0.0,-0.0822366811397757,-0.3926747852363261,49.59298513938886,64,256x64,raw/probes_cut_11.npz,7f1dbfa62e334aa0fd7ea843a141aeaa8179c2a12d716075080fc6d4c0908ed9,raw/cut_11_J_2.npz,9290fbdbd264cdcd998790da0a9039597ed36bc417fa4dacab51eb49297685dd
6,20,0.1,1.0,12,0.0,64,64,1,0,haar,IXYZ,future_rows_history_columns,complete_retained_record,1,0,1e-12,0.0,0.0,0.0,0.0,0.0,0.0,0.0,0.0,55.04169607641742,1,256x64,raw/probes_cut_12.npz,6f0b8b0fb36a6c43cb19202ff0673e8fb98348c20f7e7439beb07428cd320df2,raw/cut_12_J_0.npz,598e07c548955e5f195288610f0359d4d79d4beae2d4a3f03d0409113b646043
6,20,0.1,1.0,12,0.05,64,64,1,0,haar,IXYZ,future_rows_history_columns,complete_retained_record,1,0,1e-12,1.366643664632163e-07,0.0,2.6378595993331624e-07,0.0,1.034489502192179e-06,0.0,-1.2712159347009995e-07,-8.978251357289626e-07,55.058504837746284,64,256x64,raw/probes_cut_12.npz,6f0b8b0fb36a6c43cb19202ff0673e8fb98348c20f7e7439beb07428cd320df2,raw/cut_12_J_0p05.npz,9483836dfe6541112c394939cebe966234e69f1a472898e51af8a73e7edd2f5f
6,20,0.1,1.0,12,0.1,64,64,1,0,haar,IXYZ,future_rows_history_columns,complete_retained_record,1,0,1e-12,1.9703729114984915e-06,0.0,3.781727547560046e-06,0.0,1.4445745161979197e-05,0.0,-1.8113546360615546e-06,-1.2475372250480706e-05,55.06343645020784,64,256x64,raw/probes_cut_12.npz,6f0b8b0fb36a6c43cb19202ff0673e8fb98348c20f7e7439beb07428cd320df2,raw/cut_12_J_0p1.npz,7940088949fe7e488a83e5d8aa177a4a9fc0f396fbad8f7a615b56bac4e7de48
6,20,0.1,1.0,12,0.15000000000000002,64,64,1,0,haar,IXYZ,future_rows_history_columns,complete_retained_record,1,0,1e-12,9.596524218355159e-06,0.0,1.834518197038392e-05,0.0,6.83149236452631e-05,0.0,-8.74865775202876e-06,-5.871839942690793e-05,55.05503853797035,64,256x64,raw/probes_cut_12.npz,6f0b8b0fb36a6c43cb19202ff0673e8fb98348c20f7e7439beb07428cd320df2,raw/cut_12_J_0p15.npz,5dc5f4c5b2859bdd0e3178620b0963865620ffa2afd54f975e5990ee860ae29e
6,20,0.1,1.0,12,0.2,64,64,1,0,haar,IXYZ,future_rows_history_columns,complete_retained_record,1,0,1e-12,2.999500727342128e-05,0.0,5.7163465255612026e-05,0.0,0.00020765478352897132,0.0,-2.7168457982190747e-05,-0.00017765977625555003,55.031004747876324,64,256x64,raw/probes_cut_12.npz,6f0b8b0fb36a6c43cb19202ff0673e8fb98348c20f7e7439beb07428cd320df2,raw/cut_12_J_0p2.npz,adfbb5d7d5d589773215d0d5b352afdb97db3a1e91a71e1a41f923449eac1ef2
6,20,0.1,1.0,12,0.25,64,64,1,0,haar,IXYZ,future_rows_history_columns,complete_retained_record,1,0,1e-12,7.314792803882805e-05,0.0,0.00013907143829412633,0.0,0.0004934415626204937,0.0,-6.592351025529829e-05,-0.0004202936345816656,54.98837232082915,64,256x64,raw/probes_cut_12.npz,6f0b8b0fb36a6c43cb19202ff0673e8fb98348c20f7e7439beb07428cd320df2,raw/cut_12_J_0p25.npz,83bd8f5e59f0988d171df679c80d4c7fc575d9da4c6c409606801fa595de3713
6,20,0.1,1.0,12,0.30000000000000004,64,64,1,0,haar,IXYZ,future_rows_history_columns,complete_retained_record,1,0,1e-12,0.00015146620770844097,0.0,0.0002874827825220717,0.0,0.0009980187348068647,0.0,-0.00013601657481363073,-0.0008465525270984237,54.9237839247308,64,256x64,raw/probes_cut_12.npz,6f0b8b0fb36a6c43cb19202ff0673e8fb98348c20f7e7439beb07428cd320df2,raw/cut_12_J_0p3.npz,cd4b2efda052b966c0f5e3c5b77b8fc5e5602afdcb963a406be00ce6219a7bea
6,20,0.1,1.0,12,0.35000000000000003,64,64,1,0,haar,IXYZ,future_rows_history_columns,complete_retained_record,1,0,1e-12,0.0002784512415523225,0.0,0.0005279894808672836,0.0,0.0017970711460862053,0.0,-0.00024953823931496107,-0.0015186199045338828,54.83378938225991,64,256x64,raw/probes_cut_12.npz,6f0b8b0fb36a6c43cb19202ff0673e8fb98348c20f7e7439beb07428cd320df2,raw/cut_12_J_0p35.npz,163421fbbfdf4795801e1aa4319e021e09970ec4396f99d363bfd8da01d6ed50
6,20,0.1,1.0,12,0.4,64,64,1,0,haar,IXYZ,future_rows_history_columns,complete_retained_record,1,0,1e-12,0.00046692034900853313,0.0,0.0008852369954535005,0.0,0.002960635819876668,0.0,-0.0004183166464449674,-0.002493715470868135,54.715159226406826,64,256x64,raw/probes_cut_12.npz,6f0b8b0fb36a6c43cb19202ff0673e8fb98348c20f7e7439beb07428cd320df2,raw/cut_12_J_0p4.npz,4933a59bdf2e76302b1ed140ceb1c336229e047fcdc5a1d89ca1e4bda370df86
6,20,0.1,1.0,12,0.45,64,64,1,0,haar,IXYZ,future_rows_history_columns,complete_retained_record,1,0,1e-12,0.0007273996697726622,0.0,0.0013801725876389395,0.0,0.004546849550712573,0.0,-0.0006527729178662773,-0.003819449880939911,54.56518624405394,64,256x64,raw/probes_cut_12.npz,6f0b8b0fb36a6c43cb19202ff0673e8fb98348c20f7e7439beb07428cd320df2,raw/cut_12_J_0p45.npz,fc0656c5b4afa4d4d8109107677728c7895cd579c2ba199ccf54f55a639bdddb
6,20,0.1,1.0,12,0.5,64,64,1,0,haar,IXYZ,future_rows_history_columns,complete_retained_record,1,0,1e-12,0.0010673946017488477,0.0,0.002028928874597707,0.0,0.0066023195657905894,0.0,-0.0009615342728488592,-0.0055349249640417415,54.381953524934374,64,256x64,raw/probes_cut_12.npz,6f0b8b0fb36a6c43cb19202ff0673e8fb98348c20f7e7439beb07428cd320df2,raw/cut_12_J_0p5.npz,6ce4bc0300920bff88f87cbbb3a969856f2e6f28a4b84a3f2fb9a6cfcc3f720c
6,20,0.1,1.0,12,0.55,64,64,1,0,haar,IXYZ,future_rows_history_columns,complete_retained_record,1,0,1e-12,0.0014921585882384447,0.0,0.0028444564187293164,0.0,0.00917223370647054,0.0,-0.0013522978304908717,-0.007680075118232096,54.16455436964663,64,256x64,raw/probes_cut_12.npz,6f0b8b0fb36a6c43cb19202ff0673e8fb98348c20f7e7439beb07428cd320df2,raw/cut_12_J_0p55.npz,37a0cd2b5d83279ca54d292a395b4988d0574f1885f02a1fac9cc4ba70f59135
6,20,0.1,1.0,12,0.6000000000000001,64,64,1,0,haar,IXYZ,future_rows_history_columns,complete_retained_record,1,0,1e-12,0.0020073187039409512,0.0,0.003841611495083678,0.0,0.012321758925001878,0.0,-0.0018342927911427268,-0.010314440221060926,53.91325228391522,64,256x64,raw/probes_cut_12.npz,6f0b8b0fb36a6c43cb19202ff0673e8fb98348c20f7e7439beb07428cd320df2,raw/cut_12_J_0p6.npz,4748c6fa502068d16d8284f37796ab67aa0736b2775f427440a6e04b05bcb33f
6,20,0.1,1.0,12,0.65,64,64,1,0,haar,IXYZ,future_rows_history_columns,complete_retained_record,1,0,1e-12,0.0026233052063964904,0.0,0.0050457535791931865,0.0,0.016167905339595796,0.0,-0.002422448372796696,-0.013544600133199306,53.62957367363984,64,256x64,raw/probes_cut_12.npz,6f0b8b0fb36a6c43cb19202ff0673e8fb98348c20f7e7439beb07428cd320df2,raw/cut_12_J_0p65.npz,0a53baa22823276b45cdeeeab9a2656f4ec8eb5a7f1475b19dc6a19a4edc650a
6,20,0.1,1.0,12,0.7000000000000001,64,64,1,0,haar,IXYZ,future_rows_history_columns,complete_retained_record,1,0,1e-12,0.0033609919302043973,0.0,0.006503976711383709,0.0,0.020917527706607937,0.0,-0.0031429847811793115,-0.01755653577640354,53.31632826110573,64,256x64,raw/probes_cut_12.npz,6f0b8b0fb36a6c43cb19202ff0673e8fb98348c20f7e7439beb07428cd320df2,raw/cut_12_J_0p7.npz,ec511898dfc5a204d0867aabbc3294992fca90d602cdc5c7af2e3f96d13559fd
6,20,0.1,1.0,12,0.75,64,64,1,0,haar,IXYZ,future_rows_history_columns,complete_retained_record,1,0,1e-12,0.004257308895107064,0.0,0.008296815428318983,0.0,0.02690225642894196,0.0,-0.00403950653321192,-0.0226449475338349,52.97755349511892,64,256x64,raw/probes_cut_12.npz,6f0b8b0fb36a6c43cb19202ff0673e8fb98348c20f7e7439beb07428cd320df2,raw/cut_12_J_0p75.npz,c94b9402c97922af888acf32e1bc82c8a9eef0f74ab62c311ebeb1d3b7110fc0
6,20,0.1,1.0,12,0.8,64,64,1,0,haar,IXYZ,future_rows_history_columns,complete_retained_record,1,0,1e-12,0.005368924878604416,0.0,0.010546693875900744,0.0,0.03459563598458027,0.0,-0.005177768997296327,-0.029226711105975856,52.618382213348085,64,256x64,raw/probes_cut_12.npz,6f0b8b0fb36a6c43cb19202ff0673e8fb98348c20f7e7439beb07428cd320df2,raw/cut_12_J_0p8.npz,77d408123a8078a58545193a8dd7411fe8207ded440abf0977659e371d2e6e6b
6,20,0.1,1.0,12,0.8500000000000001,64,64,1,0,haar,IXYZ,future_rows_history_columns,complete_retained_record,1,0,1e-12,0.006771727531201863,0.0,0.013418115590737842,0.0,0.044594822354874074,0.0,-0.006646388059535979,-0.03782309482367221,52.24483567433388,64,256x64,raw/probes_cut_12.npz,6f0b8b0fb36a6c43cb19202ff0673e8fb98348c20f7e7439beb07428cd320df2,raw/cut_12_J_0p85.npz,f144f4b92ef00368ea1a2c9a4f3fb696de1eb2abc673c9f1d8280078648e71f9
6,20,0.1,1.0,12,0.9,64,64,1,0,haar,IXYZ,future_rows_history_columns,complete_retained_record,1,0,1e-12,0.008554332078737412,0.0,0.01710500310460375,0.0,0.05755376162253094,0.0,-0.008550671025866338,-0.04899942954379353,51.86354924510709,64,256x64,raw/probes_cut_12.npz,6f0b8b0fb36a6c43cb19202ff0673e8fb98348c20f7e7439beb07428cd320df2,raw/cut_12_J_0p9.npz,b9544beacf4f70d4640244268f079085bc2eea961d00844e3c0936f65d22ed05
6,20,0.1,1.0,12,0.9500000000000001,64,64,1,0,haar,IXYZ,future_rows_history_columns,complete_retained_record,1,0,1e-12,0.01080567792960134,0.0,0.02180408464059321,0.0,0.07406888613584861,0.0,-0.010998406710991868,-0.06326320820624727,51.48144435284206,64,256x64,raw/probes_cut_12.npz,6f0b8b0fb36a6c43cb19202ff0673e8fb98348c20f7e7439beb07428cd320df2,raw/cut_12_J_0p95.npz,e04b49b797dc3b583c4e5a324b164dd6c119ee3ad7ab7e26b17a5581eecee4b5
6,20,0.1,1.0,12,1.0,64,64,1,0,haar,IXYZ,future_rows_history_columns,complete_retained_record,1,0,1e-12,0.01359919905340698,0.0,0.02767869981920725,0.0,0.09453617823828026,0.0,-0.014079500765800272,-0.08093697918487328,51.10536814160826,64,256x64,raw/probes_cut_12.npz,6f0b8b0fb36a6c43cb19202ff0673e8fb98348c20f7e7439beb07428cd320df2,raw/cut_12_J_1.npz,cf7ed6500dcdbeceaaf41b4f757ede67b476f6107b5fe809d1af369a6330463a
6,20,0.1,1.0,12,1.05,64,64,1,0,haar,IXYZ,future_rows_history_columns,complete_retained_record,1,0,1e-12,0.01697733393469222,0.0,0.03482116156931228,0.0,0.1190116935922103,0.0,-0.01784382763462006,-0.10203435965751807,50.74172778335802,64,256x64,raw/probes_cut_12.npz,6f0b8b0fb36a6c43cb19202ff0673e8fb98348c20f7e7439beb07428cd320df2,raw/cut_12_J_1p05.npz,d8c48a17184eb876bba42f5e85ae75e45a31347862217a6d620a7c513968ee23
6,20,0.1,1.0,12,1.1,64,64,1,0,haar,IXYZ,future_rows_history_columns,complete_retained_record,1,0,1e-12,0.020939854561066312,0.0,0.043222469765527696,0.0,0.14711373725656957,0.0,-0.022282615204461384,-0.12617388269550325,50.39615221608336,64,256x64,raw/probes_cut_12.npz,6f0b8b0fb36a6c43cb19202ff0673e8fb98348c20f7e7439beb07428cd320df2,raw/cut_12_J_1p1.npz,6d93cb86066b3d6844e8337f76ca61d0f3be2e8dfd225889f305e71aa81406fb
6,20,0.1,1.0,12,1.1500000000000001,64,64,1,0,haar,IXYZ,future_rows_history_columns,complete_retained_record,1,0,1e-12,0.02543854939806006,0.0,0.05275706892153564,0.0,0.17800123254303424,0.0,-0.02731851952347558,-0.15256268314497418,50.07321268227592,64,256x64,raw/probes_cut_12.npz,6f0b8b0fb36a6c43cb19202ff0673e8fb98348c20f7e7439beb07428cd320df2,raw/cut_12_J_1p15.npz,a5860e6966016955e98e23a2d05de89fa68e7517284737b8213426a4065e4931
6,20,0.1,1.0,12,1.2000000000000002,64,64,1,0,haar,IXYZ,future_rows_history_columns,complete_retained_record,1,0,1e-12,0.030378954939204825,0.0,0.0631862691570321,0.0,0.21044612947941627,0.0,-0.032807314217827274,-0.18006717454021143,49.77623052837837,64,256x64,raw/probes_cut_12.npz,6f0b8b0fb36a6c43cb19202ff0673e8fb98348c20f7e7439beb07428cd320df2,raw/cut_12_J_1p2.npz,9dbdd646f0956eb7f3952e2eb137c803135d59ccccab6ba21d0ed5474a63c9bc
6,20,0.1,1.0,12,1.25,64,64,1,0,haar,IXYZ,future_rows_history_columns,complete_retained_record,1,0,1e-12,0.03562808295825479,0.0,0.07417892765486844,0.0,0.24298792701326624,0.0,-0.03855084469661365,-0.20735984405501146,49.507189784780635,64,256x64,raw/probes_cut_12.npz,6f0b8b0fb36a6c43cb19202ff0673e8fb98348c20f7e7439beb07428cd320df2,raw/cut_12_J_1p25.npz,6065c387f13664c67b2b451d5920a0a7600ea60a4350a5f6b97226f2ae129bb9
6,20,0.1,1.0,12,1.3,64,64,1,0,haar,IXYZ,future_rows_history_columns,complete_retained_record,1,0,1e-12,0.04102727359164041,0.0,0.0853469267194163,0.0,0.2741380091204445,0.0,-0.04431965312777588,-0.2331107355288041,49.26676031324548,64,256x64,raw/probes_cut_12.npz,6f0b8b0fb36a6c43cb19202ff0673e8fb98348c20f7e7439beb07428cd320df2,raw/cut_12_J_1p3.npz,f6f6f7f906093e88179f6e5d9bec290a5d793a8a269f7eec9eb0b69b4770227d
6,20,0.1,1.0,12,1.35,64,64,1,0,haar,IXYZ,future_rows_history_columns,complete_retained_record,1,0,1e-12,0.04640864283100914,0.0,0.09629017492138532,0.0,0.30258778935396197,0.0,-0.04988153209037618,-0.2561791465229528,49.05442228500153,64,256x64,raw/probes_cut_12.npz,6f0b8b0fb36a6c43cb19202ff0673e8fb98348c20f7e7439beb07428cd320df2,raw/cut_12_J_1p35.npz,b7eba012daae392c6c4745283aeeb9c58290ea5909d7bc82bc5a548e45e4ef72
6,20,0.1,1.0,12,1.4000000000000001,64,64,1,0,haar,IXYZ,future_rows_history_columns,complete_retained_record,1,0,1e-12,0.05161275733073191,0.0,0.10664325355844688,0.0,0.32737327714628295,0.0,-0.05503049622771497,-0.27576051981555105,48.86866970433682,64,256x64,raw/probes_cut_12.npz,6f0b8b0fb36a6c43cb19202ff0673e8fb98348c20f7e7439beb07428cd320df2,raw/cut_12_J_1p4.npz,96bb61f161f3e8f4c375dc896b7a948df357b20b57d0ada559e3b304b0bf6bf3
6,20,0.1,1.0,12,1.4500000000000002,64,64,1,0,haar,IXYZ,future_rows_history_columns,complete_retained_record,1,0,1e-12,0.0565049841956589,0.0,0.11611568027467156,0.0,0.34796501578256045,0.0,-0.05961069607901266,-0.29146003158690154,48.70726247400721,64,256x64,raw/probes_cut_12.npz,6f0b8b0fb36a6c43cb19202ff0673e8fb98348c20f7e7439beb07428cd320df2,raw/cut_12_J_1p45.npz,968a8ac3055f1e66d0245d8efaf07a9216d30db653483404af286e1f9e4f2ba5
6,20,0.1,1.0,12,1.5,64,64,1,0,haar,IXYZ,future_rows_history_columns,complete_retained_record,1,0,1e-12,0.06098828306958017,0.0,0.12451963561935259,0.0,0.3642773431628487,0.0,-0.06353135254977241,-0.30328906009326856,48.5674924877132,64,256x64,raw/probes_cut_12.npz,6f0b8b0fb36a6c43cb19202ff0673e8fb98348c20f7e7439beb07428cd320df2,raw/cut_12_J_1p5.npz,f75db6caf1f6612a4e4c58f04f717aa154e2465da8629f5636d4ebd189d2b870
6,20,0.1,1.0,12,1.55,64,64,1,0,haar,IXYZ,future_rows_history_columns,complete_retained_record,1,0,1e-12,0.0650108535967871,0.0,0.1317819023304486,0.0,0.37661211223019236,0.0,-0.06677104873366149,-0.31160125863340526,48.44643148669584,64,256x64,raw/probes_cut_12.npz,6f0b8b0fb36a6c43cb19202ff0673e8fb98348c20f7e7439beb07428cd320df2,raw/cut_12_J_1p55.npz,e786b6b359c9282c116dc060246a89811a6404dc2d2ee9bc014909ca940b7bf7
6,20,0.1,1.0,12,1.6,64,64,1,0,haar,IXYZ,future_rows_history_columns,complete_retained_record,1,0,1e-12,0.06856780874482649,0.0,0.13793968845047128,0.0,0.3855618113438308,0.0,-0.06937187970564479,-0.3169940025990043,48.34113644479366,64,256x64,raw/probes_cut_12.npz,6f0b8b0fb36a6c43cb19202ff0673e8fb98348c20f7e7439beb07428cd320df2,raw/cut_12_J_1p6.npz,aa67aeb8165050c92345bdd2a22c75d3a6ef41915c59dbdbfc9f638e93bdb19b
6,20,0.1,1.0,12,1.6500000000000001,64,64,1,0,haar,IXYZ,future_rows_history_columns,complete_retained_record,1,0,1e-12,0.07169687547556548,0.0,0.14312243215469647,0.0,0.3918961460047864,0.0,-0.07142555667913099,-0.3201992705292209,48.24879744713672,64,256x64,raw/probes_cut_12.npz,6f0b8b0fb36a6c43cb19202ff0673e8fb98348c20f7e7439beb07428cd320df2,raw/cut_12_J_1p65.npz,476055e5d8c576255833174fd6afe3056017f2421066f4189e1ec4f5177313c7
6,20,0.1,1.0,12,1.7000000000000002,64,64,1,0,haar,IXYZ,future_rows_history_columns,complete_retained_record,1,0,1e-12,0.07446886153052441,0.0,0.14752327500890663,0.0,0.3964493673173675,0.0,-0.07305441347838222,-0.3219805057868431,48.16682493720947,64,256x64,raw/probes_cut_12.npz,6f0b8b0fb36a6c43cb19202ff0673e8fb98348c20f7e7439beb07428cd320df2,raw/cut_12_J_1p7.npz,a88b8513eb6aa10fd0a8c43d34110b3a788d59804b66adb0ea46e53bff78d18e
6,20,0.1,1.0,12,1.75,64,64,1,0,haar,IXYZ,future_rows_history_columns,complete_retained_record,1,0,1e-12,0.07697431148143331,0.0,0.15136486819202116,0.0,0.4000189663787947,0.0,-0.07439055671058785,-0.3230446548973614,48.0928825951421,64,256x64,raw/probes_cut_12.npz,6f0b8b0fb36a6c43cb19202ff0673e8fb98348c20f7e7439beb07428cd320df2,raw/cut_12_J_1p75.npz,d8d1ff83042948eb60811e2c842ac2e1a1ad5c0b2f37cd1ad09331c79433b059
6,20,0.1,1.0,12,1.8,64,64,1,0,haar,IXYZ,future_rows_history_columns,complete_retained_record,1,0,1e-12,0.07930829364658395,0.0,0.15486457791641622,0.0,0.4032824261284752,0.0,-0.07555628426983227,-0.3239741324818912,48.02487891391453,64,256x64,raw/probes_cut_12.npz,6f0b8b0fb36a6c43cb19202ff0673e8fb98348c20f7e7439beb07428cd320df2,raw/cut_12_J_1p8.npz,9ee75c4f65fe2e5ba0ad0ac8bf3ed6ddba8954b14ecc8370c11eccefb46e0bd8
6,20,0.1,1.0,12,1.85,64,64,1,0,haar,IXYZ,future_rows_history_columns,complete_retained_record,1,0,1e-12,0.08155552099512868,0.0,0.15820392655810048,0.0,0.4067371419415793,0.0,-0.0766484055629718,-0.3251816209464506,47.96093466598606,64,256x64,raw/probes_cut_12.npz,6f0b8b0fb36a6c43cb19202ff0673e8fb98348c20f7e7439beb07428cd320df2,raw/cut_12_J_1p85.npz,e1ea4dd9065307c24dacbff306fe2fbf1a932273b36b7fd3189ed82ffe4e5f1c
6,20,0.1,1.0,12,1.9000000000000001,64,64,1,0,haar,IXYZ,future_rows_history_columns,complete_retained_record,1,0,1e-12,0.08377792799833515,0.0,0.16150620254710452,0.0,0.41066745874737137,0.0,-0.07772827454876936,-0.3268895307490362,47.899342020807865,64,256x64,raw/probes_cut_12.npz,6f0b8b0fb36a6c43cb19202ff0673e8fb98348c20f7e7439beb07428cd320df2,raw/cut_12_J_1p9.npz,ad5e6e1f71367ed5b7a1f8f3f905ef8e8d2ea34cfc968f825727e772ae14ea2d
6,20,0.1,1.0,12,1.9500000000000002,64,64,1,0,haar,IXYZ,future_rows_history_columns,complete_retained_record,1,0,1e-12,0.08600651798119315,0.0,0.16482495223384153,0.0,0.4151415779362482,0.0,-0.07881843425264838,-0.32913505995505504,47.83852981737682,64,256x64,raw/probes_cut_12.npz,6f0b8b0fb36a6c43cb19202ff0673e8fb98348c20f7e7439beb07428cd320df2,raw/cut_12_J_1p95.npz,e2e4865df04feaa6f6465408eebe85dc2e394e0bed57ddaab2f00c11f3715940
6,20,0.1,1.0,12,2.0,64,64,1,0,haar,IXYZ,future_rows_history_columns,complete_retained_record,1,0,1e-12,0.08823872971966569,0.0,0.16814464869599896,0.0,0.42003918160500153,0.0,-0.07990591897633327,-0.33180045188533586,47.777043477228275,64,256x64,raw/probes_cut_12.npz,6f0b8b0fb36a6c43cb19202ff0673e8fb98348c20f7e7439beb07428cd320df2,raw/cut_12_J_2.npz,55cb658351869c7ffa5cb807c2c7d71da701dea59c1bb2b4bbd5487406e0ca4c
6,20,0.1,1.0,13,0.0,64,64,1,0,haar,IXYZ,future_rows_history_columns,complete_retained_record,1,0,1e-12,0.0,0.0,0.0,0.0,0.0,0.0,0.0,0.0,53.24254613190872,1,256x64,raw/probes_cut_13.npz,a4d8cf15bee32763da179605fbb32d16ccc39522fd7138ab5e4d672c81672918,raw/cut_13_J_0.npz,0edddbbec984ed7899c67bf11066dbe2786474f1ef92a7945c04fdf23c18d611
6,20,0.1,1.0,13,0.05,64,64,1,0,haar,IXYZ,future_rows_history_columns,complete_retained_record,1,0,1e-12,1.5563183830912443e-07,0.0,3.003201095520444e-07,0.0,1.0379371498397299e-06,0.0,-1.4468827124291998e-07,-8.823053115306055e-07,53.30071487407273,64,256x64,raw/probes_cut_13.npz,a4d8cf15bee32763da179605fbb32d16ccc39522fd7138ab5e4d672c81672918,raw/cut_13_J_0p05.npz,0a98ecc3bacc3daaf94b69e77448c25373d11055dbf2e9a6b785015745972b1c
6,20,0.1,1.0,13,0.1,64,64,1,0,haar,IXYZ,future_rows_history_columns,complete_retained_record,1,0,1e-12,2.173882103916912e-06,0.0,4.171011932320169e-06,0.0,1.405967889258256e-05,0.0,-1.9971298284032572e-06,-1.1885796788665648e-05,53.34956603284128,64,256x64,raw/probes_cut_13.npz,a4d8cf15bee32763da179605fbb32d16ccc39522fd7138ab5e4d672c81672918,raw/cut_13_J_0p1.npz,a2ef228b6daacdeaf34451b507a7964a75dc136a10197970ae0dd58f6f53837d
6,20,0.1,1.0,13,0.15000000000000002,64,64,1,0,haar,IXYZ,future_rows_history_columns,complete_retained_record,1,0,1e-12,1.0258810415536466e-05,0.0,1.9603506934985666e-05,0.0,6.457572445906709e-05,0.0,-9.3446965194492e-06,-5.431691404353062e-05,53.387696068476885,64,256x64,raw/probes_cut_13.npz,a4d8cf15bee32763da179605fbb32d16ccc39522fd7138ab5e4d672c81672918,raw/cut_13_J_0p15.npz,7d2bb2a6cca23f5960869c7417bfe08707a1c38107d71967028fdb1d30cd5c09
6,20,0.1,1.0,13,0.2,64,64,1,0,haar,IXYZ,future_rows_history_columns,complete_retained_record,1,0,1e-12,3.115962735707749e-05,0.0,5.935275188230463e-05,0.0,0.0001914299974983658,0.0,-2.8193124525227138e-05,-0.0001602703701412883,53.41298788976975,64,256x64,raw/probes_cut_13.npz,a4d8cf15bee32763da179605fbb32d16ccc39522fd7138ab5e4d672c81672918,raw/cut_13_J_0p2.npz,4c8d1b27cd4e1d1de61fdb61c51ce80d6690f3466740aedc752855bfd022548b
6,20,0.1,1.0,13,0.25,64,64,1,0,haar,IXYZ,future_rows_history_columns,complete_retained_record,1,0,1e-12,7.417342548661427e-05,0.0,0.00014092873005860815,0.0,0.0004461777053783068,0.0,-6.675530457199388e-05,-0.0003720042798916925,53.42280199334324,64,256x64,raw/probes_cut_13.npz,a4d8cf15bee32763da179605fbb32d16ccc39522fd7138ab5e4d672c81672918,raw/cut_13_J_0p25.npz,5232982abcb33d65a797ec3a7849b050f2d6d26b6ad4b1153e8cbf33f66b340f
6,20,0.1,1.0,13,0.30000000000000004,64,64,1,0,haar,IXYZ,future_rows_history_columns,complete_retained_record,1,0,1e-12,0.00015065967753140293,0.0,0.0002857126701755414,0.0,0.0008906422456648461,0.0,-0.00013505299264413847,-0.0007399825681334432,53.41421441904097,64,256x64,raw/probes_cut_13.npz,a4d8cf15bee32763da179605fbb32d16ccc39522fd7138ab5e4d672c81672918,raw/cut_13_J_0p3.npz,3499997858a0779d2061681a586f099e5ad545461916a59de3b613235ca0a251
6,20,0.1,1.0,13,0.35000000000000003,64,64,1,0,haar,IXYZ,future_rows_history_columns,complete_retained_record,1,0,1e-12,0.00027295581713460175,0.0,0.0005170162424098085,0.0,0.0015922536710299515,0.0,-0.00024406042527520675,-0.0013192978538953497,53.38428101738174,64,256x64,raw/probes_cut_13.npz,a4d8cf15bee32763da179605fbb32d16ccc39522fd7138ab5e4d672c81672918,raw/cut_13_J_0p35.npz,7cb26e915df7d342a6b12f0b426fad16ffcf132a7ab8582d6cb43569602cf89a
6,20,0.1,1.0,13,0.4,64,64,1,0,haar,IXYZ,future_rows_history_columns,complete_retained_record,1,0,1e-12,0.0004529473215235508,0.0,0.000857560592534298,0.0,0.002618662545147401,0.0,-0.0004046132710107472,-0.0021657152236238503,53.330306623030914,64,256x64,raw/probes_cut_13.npz,a4d8cf15bee32763da179605fbb32d16ccc39522fd7138ab5e4d672c81672918,raw/cut_13_J_0p4.npz,fc63a755e62f27fa8cb296ca3a27dd4aa091623732930b76fc037cfac2d83f3f
6,20,0.1,1.0,13,0.45,64,64,1,0,haar,IXYZ,future_rows_history_columns,complete_retained_record,1,0,1e-12,0.0007008120673904273,0.0,0.0013273093154362243,0.0,0.004034306154469784,0.0,-0.000626497248045797,-0.0033334940870793565,53.25010069906124,64,256x64,raw/probes_cut_13.npz,a4d8cf15bee32763da179605fbb32d16ccc39522fd7138ab5e4d672c81672918,raw/cut_13_J_0p45.npz,483c035cc90665f314f091c79696267f80f23dfd9c02cb2ac9fbe48ca289ba9f
6,20,0.1,1.0,13,0.5,64,64,1,0,haar,IXYZ,future_rows_history_columns,complete_retained_record,1,0,1e-12,0.001024573506906899,0.0,0.0019427788081721436,0.0,0.005901919633563012,0.0,-0.0009182053012652446,-0.004877346126656113,53.142202873838166,64,256x64,raw/probes_cut_13.npz,a4d8cf15bee32763da179605fbb32d16ccc39522fd7138ab5e4d672c81672918,raw/cut_13_J_0p5.npz,79621b5bd240e5abf5b1faaac7d2d84181f023075530c6d00105f14fe201545e
6,20,0.1,1.0,13,0.55,64,64,1,0,haar,IXYZ,future_rows_history_columns,complete_retained_record,1,0,1e-12,0.0014310237332905147,0.0,0.002718829078002092,0.0,0.008291361164295668,0.0,-0.0012878053447115774,-0.006860337431005153,53.00606551653737,64,256x64,raw/probes_cut_13.npz,a4d8cf15bee32763da179605fbb32d16ccc39522fd7138ab5e4d672c81672918,raw/cut_13_J_0p55.npz,19040394dcc961b084406cd8800b7fa7af1808f139d4aa86b3b7773c3d6aaada
6,20,0.1,1.0,13,0.6000000000000001,64,64,1,0,haar,IXYZ,future_rows_history_columns,complete_retained_record,1,0,1e-12,0.001928325252094987,0.0,0.003673539348174439,0.0,0.011296636343820998,0.0,-0.0017452140960794518,-0.009368311091726011,52.84218330611392,64,256x64,raw/probes_cut_13.npz,a4d8cf15bee32763da179605fbb32d16ccc39522fd7138ab5e4d672c81672918,raw/cut_13_J_0p6.npz,296af69521271fbfbb97feee5e95a0df10f0020042c74be8fd85b98fcdadaa33
6,20,0.1,1.0,13,0.65,64,64,1,0,haar,IXYZ,future_rows_history_columns,complete_retained_record,1,0,1e-12,0.0025301946415688557,0.0,0.004836107173297828,0.0,0.015059732052586313,0.0,-0.0023059125317289727,-0.012529537411017456,52.65216164963982,64,256x64,raw/probes_cut_13.npz,a4d8cf15bee32763da179605fbb32d16ccc39522fd7138ab5e4d672c81672918,raw/cut_13_J_0p65.npz,a0f998b19e1f81fb02101bb2525b14248f8936f3084f700c240f480bd42e0c06
6,20,0.1,1.0,13,0.7000000000000001,64,64,1,0,haar,IXYZ,future_rows_history_columns,complete_retained_record,1,0,1e-12,0.003261043879699633,0.0,0.00625678486990472,0.0,0.01979680743240387,0.0,-0.002995740990205087,-0.016535763552704235,52.43871761188892,64,256x64,raw/probes_cut_13.npz,a4d8cf15bee32763da179605fbb32d16ccc39522fd7138ab5e4d672c81672918,raw/cut_13_J_0p7.npz,8495c7dbb9b6aac4bdd2cbdf8342d19c865848ba3e009dee78601a951debd405
6,20,0.1,1.0,13,0.75,64,64,1,0,haar,IXYZ,future_rows_history_columns,complete_retained_record,1,0,1e-12,0.0041608657365304275,0.0,0.008016690623954483,0.0,0.025818664232645082,0.0,-0.003855824887424056,-0.021657798496114655,52.20560989416758,64,256x64,raw/probes_cut_13.npz,a4d8cf15bee32763da179605fbb32d16ccc39522fd7138ab5e4d672c81672918,raw/cut_13_J_0p75.npz,b552fdb07375e5f1c5ab73eea87ee274ad9d7fe62ecb7846cf9a3081f26c97a3
6,20,0.1,1.0,13,0.8,64,64,1,0,haar,IXYZ,future_rows_history_columns,complete_retained_record,1,0,1e-12,0.005288088941422953,0.0,0.01023402192899062,0.0,0.033533986150428526,0.0,-0.004945932987567667,-0.028245897209005572,51.95749630898162,64,256x64,raw/probes_cut_13.npz,a4d8cf15bee32763da179605fbb32d16ccc39522fd7138ab5e4d672c81672918,raw/cut_13_J_0p8.npz,3c34fcc7711750206599c64647aa82fc7b672fb5e19055e6470a2c0b99b7820a
6,20,0.1,1.0,13,0.8500000000000001,64,64,1,0,haar,IXYZ,future_rows_history_columns,complete_retained_record,1,0,1e-12,0.006718361291326531,0.0,0.013062264569359569,0.0,0.043422589306881774,0.0,-0.006343903278033037,-0.03670422801555524,51.69972309034774,64,256x64,raw/probes_cut_13.npz,a4d8cf15bee32763da179605fbb32d16ccc39522fd7138ab5e4d672c81672918,raw/cut_13_J_0p85.npz,5954dcd0b7372c2f8da0acdff128fd88d7012eedc213ebbb3dc7f441b04c18e4
6,20,0.1,1.0,13,0.9,64,64,1,0,haar,IXYZ,future_rows_history_columns,complete_retained_record,1,0,1e-12,0.008537694100379085,0.0,0.01667652049647831,0.0,0.05596965722437199,0.0,-0.008138826396099225,-0.04743196312399291,51.438055445781224,64,256x64,raw/probes_cut_13.npz,a4d8cf15bee32763da179605fbb32d16ccc39522fd7138ab5e4d672c81672918,raw/cut_13_J_0p9.npz,b9020383afcfd28de9d076252e350704c75629b89db3846342a026d940b1fb3e
6,20,0.1,1.0,13,0.9500000000000001,64,64,1,0,haar,IXYZ,future_rows_history_columns,complete_retained_record,1,0,1e-12,0.010830034103537235,0.0,0.02124727810791364,0.0,0.07156273627308879,0.0,-0.010417244004376406,-0.06073270216955155,51.17836691425186,64,256x64,raw/probes_cut_13.npz,a4d8cf15bee32763da179605fbb32d16ccc39522fd7138ab5e4d672c81672918,raw/cut_13_J_0p95.npz,c50f1a5722b088c190093c6e6bdb54c1ebc6ea55c80243cdf04f1c5d5fd8f9ab
6,20,0.1,1.0,13,1.0,64,64,1,0,haar,IXYZ,future_rows_history_columns,complete_retained_record,1,0,1e-12,0.013661704354254569,0.0,0.026906301297008762,0.0,0.09037001507514007,0.0,-0.013244596942754193,-0.0767083107208855,50.9263106407437,64,256x64,raw/probes_cut_13.npz,a4d8cf15bee32763da179605fbb32d16ccc39522fd7138ab5e4d672c81672918,raw/cut_13_J_1.npz,e079d486cb376949e639d9c4cbf324849b01047460efc0b12b4e7758b793b733
6,20,0.1,1.0,13,1.05,64,64,1,0,haar,IXYZ,future_rows_history_columns,complete_retained_record,1,0,1e-12,0.017066735821454716,0.0,0.033713536625788965,0.0,0.11223420286859882,0.0,-0.01664680080433425,-0.0951674670471441,50.68700240517549,64,256x64,raw/probes_cut_13.npz,a4d8cf15bee32763da179605fbb32d16ccc39522fd7138ab5e4d672c81672918,raw/cut_13_J_1p05.npz,2e664dc954c05d305ca33c458ddfb5369b2385036d91ac6b15e23ed42876d47c
6,20,0.1,1.0,13,1.1,64,64,1,0,haar,IXYZ,future_rows_history_columns,complete_retained_record,1,0,1e-12,0.0210366778558784,0.0,0.04163388208556111,0.0,0.1366184747531148,0.0,-0.02059720422968271,-0.11558179689723641,50.4647454862713,64,256x64,raw/probes_cut_13.npz,a4d8cf15bee32763da179605fbb32d16ccc39522fd7138ab5e4d672c81672918,raw/cut_13_J_1p1.npz,66316d0cd0605b687ed8e5ccef40dcd8ad9b4b388204dcb2496872c429516e31
6,20,0.1,1.0,13,1.1500000000000001,64,64,1,0,haar,IXYZ,future_rows_history_columns,complete_retained_record,1,0,1e-12,0.02551660366711976,0.0,0.05052887508389497,0.0,0.16262724682863605,0.0,-0.025012271416775207,-0.13711064316151628,50.262826343867545,64,256x64,raw/probes_cut_13.npz,a4d8cf15bee32763da179605fbb32d16ccc39522fd7138ab5e4d672c81672918,raw/cut_13_J_1p15.npz,8d8dba68cdb6ee2abf8cd6f9715687d273776529f01765fe6302261430e6a146
6,20,0.1,1.0,13,1.2000000000000002,64,64,1,0,haar,IXYZ,future_rows_history_columns,complete_retained_record,1,0,1e-12,0.030407439360076026,0.0,0.06016435534677027,0.0,0.18910592559652956,0.0,-0.029756915986694242,-0.15869848623645352,50.0834013768734,64,256x64,raw/probes_cut_13.npz,a4d8cf15bee32763da179605fbb32d16ccc39522fd7138ab5e4d672c81672918,raw/cut_13_J_1p2.npz,f51c1ce3f44033eff003323e49807e003cc819539ccb6dda16216379c1f834f9
6,20,0.1,1.0,13,1.25,64,64,1,0,haar,IXYZ,future_rows_history_columns,complete_retained_record,1,0,1e-12,0.03557400185711541,0.0,0.07023254416876105,0.0,0.2148019754271326,0.0,-0.03465854231164565,-0.1792279735700172,49.92748513455096,64,256x64,raw/probes_cut_13.npz,a4d8cf15bee32763da179605fbb32d16ccc39522fd7138ab5e4d672c81672918,raw/cut_13_J_1p25.npz,db3ee82b2cf50edc4695f8e0cd98b1750956bf82e216872d38bb0d7612d12e37
6,20,0.1,1.0,13,1.3,64,64,1,0,haar,IXYZ,future_rows_history_columns,complete_retained_record,1,0,1e-12,0.04085758017325398,0.0,0.08038480526986834,0.0,0.23855011683859761,0.0,-0.03952722509661436,-0.19769253666534364,49.79503590763275,64,256x64,raw/probes_cut_13.npz,a4d8cf15bee32763da179605fbb32d16ccc39522fd7138ab5e4d672c81672918,raw/cut_13_J_1p3.npz,89eb41cd00706a88e3070de19c734f2b71eeeebdb9a2fbba965382414a23eaa0
6,20,0.1,1.0,13,1.35,64,64,1,0,haar,IXYZ,future_rows_history_columns,complete_retained_record,1,0,1e-12,0.046091205562199866,0.0,0.09026931192112025,0.0,0.2594365581065753,0.0,-0.04417810635892039,-0.21334535254437542,49.68512365209013,64,256x64,raw/probes_cut_13.npz,a4d8cf15bee32763da179605fbb32d16ccc39522fd7138ab5e4d672c81672918,raw/cut_13_J_1p35.npz,0380e64df4284bc23a216cf999e7b115b774cb899d18c1488a5509967a10eb42
6,20,0.1,1.0,13,1.4000000000000001,64,64,1,0,haar,IXYZ,future_rows_history_columns,complete_retained_record,1,0,1e-12,0.05111538145364564,0.0,0.09956717576861863,0.0,0.2769056965571074,0.0,-0.04845179431497299,-0.22579031510346176,49.59615324361903,64,256x64,raw/probes_cut_13.npz,a4d8cf15bee32763da179605fbb32d16ccc39522fd7138ab5e4d672c81672918,raw/cut_13_J_1p4.npz,1e7fb7dca4ebb77b7f32c5645d67766aaec6b7b9d3a3f3c94ab01cbecb21e8b7
6,20,0.1,1.0,13,1.4500000000000002,64,64,1,0,haar,IXYZ,future_rows_history_columns,complete_retained_record,1,0,1e-12,0.05579213341160752,0.0,0.10802155429066682,0.0,0.2907934290596435,0.0,-0.052229420879059296,-0.23500129564803598,49.52611227849774,64,256x64,raw/probes_cut_13.npz,a4d8cf15bee32763da179605fbb32d16ccc39522fd7138ab5e4d672c81672918,raw/cut_13_J_1p45.npz,43bebaafb879557d7fac70e5d08d90d19113295915d7b76617360993397df6f3
6,20,0.1,1.0,13,1.5,64,64,1,0,haar,IXYZ,future_rows_history_columns,complete_retained_record,1,0,1e-12,0.060015713227332214,0.0,0.11545632582454297,0.0,0.3012937091719708,0.0,-0.05544061259721076,-0.24127799594463858,49.472812093426214,64,256x64,raw/probes_cut_13.npz,a4d8cf15bee32763da179605fbb32d16ccc39522fd7138ab5e4d672c81672918,raw/cut_13_J_1p5.npz,93387440cbc8f372fed3bf3d2e3a9ed171f21276aa6df51c5a761e020008d414
6,20,0.1,1.0,13,1.55,64,64,1,0,haar,IXYZ,future_rows_history_columns,complete_retained_record,1,0,1e-12,0.06371893466122527,0.0,0.1217831930933093,0.0,0.30887948099841706,0.0,-0.05806425843208403,-0.24516054633719178,49.43409503736982,64,256x64,raw/probes_cut_13.npz,a4d8cf15bee32763da179605fbb32d16ccc39522fd7138ab5e4d672c81672918,raw/cut_13_J_1p55.npz,91beb6e3e61c2b5e898d5fabb7747ac0a3616b022833c7bab6c0ca772117a2a8
6,20,0.1,1.0,13,1.6,64,64,1,0,haar,IXYZ,future_rows_history_columns,complete_retained_record,1,0,1e-12,0.06687479771887599,0.0,0.12699799667188677,0.0,0.31420279802330325,0.0,-0.060123198953010784,-0.24732800030442725,49.40798991951038,64,256x64,raw/probes_cut_13.npz,a4d8cf15bee32763da179605fbb32d16ccc39522fd7138ab5e4d672c81672918,raw/cut_13_J_1p6.npz,99e4de0eff2142b3b3abc28d4c800bde78a3d85271a551ae52791ee046db79b2
6,20,0.1,1.0,13,1.6500000000000001,64,64,1,0,haar,IXYZ,future_rows_history_columns,complete_retained_record,1,0,1e-12,0.06949366919886939,0.0,0.13116827251447483,0.0,0.3179942308229223,0.0,-0.06167460331560544,-0.24850056162405287,49.39280674014161,64,256x64,raw/probes_cut_13.npz,a4d8cf15bee32763da179605fbb32d16ccc39522fd7138ab5e4d672c81672918,raw/cut_13_J_1p65.npz,e67261c1e8a04d89644be1ffcd9aa23d224d1e9a09cbb8639bd7365c2e716872
6,20,0.1,1.0,13,1.7000000000000002,64,64,1,0,haar,IXYZ,future_rows_history_columns,complete_retained_record,1,0,1e-12,0.07161678067380844,0.0,0.13441473840646517,0.0,0.32097396554430785,0.0,-0.06279795773265673,-0.2493571848704994,49.38717180617438,64,256x64,raw/probes_cut_13.npz,a4d8cf15bee32763da179605fbb32d16ccc39522fd7138ab5e4d672c81672918,raw/cut_13_J_1p7.npz,f29879a2f1d5c6d1c9ea242699a70f2ff283663adacc427dcf29ee29ae339df5
6,20,0.1,1.0,13,1.75,64,64,1,0,haar,IXYZ,future_rows_history_columns,complete_retained_record,1,0,1e-12,0.07330712429873347,0.0,0.13688952353895148,0.0,0.323780165162544,0.0,-0.06358239924021801,-0.2504730408638105,49.39001158602773,64,256x64,raw/probes_cut_13.npz,a4d8cf15bee32763da179605fbb32d16ccc39522fd7138ab5e4d672c81672918,raw/cut_13_J_1p75.npz,f269b8bb222ea5a7de8fa689356f56ed1a6b8f7e1154fd9028944e8320f18b6f
6,20,0.1,1.0,13,1.8,64,64,1,0,haar,IXYZ,future_rows_history_columns,complete_retained_record,1,0,1e-12,0.07463903473910816,0.0,0.13875389297295,0.0,0.3269162789090885,0.0,-0.06411485823384183,-0.2522772441699803,49.40049884983145,64,256x64,raw/probes_cut_13.npz,a4d8cf15bee32763da179605fbb32d16ccc39522fd7138ab5e4d672c81672918,raw/cut_13_J_1p8.npz,a9e8abddc367ba6b07f6cb46638f065b9318ceb27a99afc00ffec3370fb553e8
6,20,0.1,1.0,13,1.85,64,64,1,0,haar,IXYZ,future_rows_history_columns,complete_retained_record,1,0,1e-12,0.07568782455924722,0.0,0.14015801757904706,0.0,0.3307177965055911,0.0,-0.06447019301979984,-0.25502997194634386,49.417976799470864,64,256x64,raw/probes_cut_13.npz,a4d8cf15bee32763da179605fbb32d16ccc39522fd7138ab5e4d672c81672918,raw/cut_13_J_1p85.npz,f204e9493f8da1a9611f8314315040bdff5582bf04293149f160989381e25f2c
6,20,0.1,1.0,13,1.9000000000000001,64,64,1,0,haar,IXYZ,future_rows_history_columns,complete_retained_record,1,0,1e-12,0.07652086450704265,0.0,0.14122522467202225,0.0,0.3353396464030408,0.0,-0.0647043601649796,-0.25881878189599816,49.44187604382938,64,256x64,raw/probes_cut_13.npz,a4d8cf15bee32763da179605fbb32d16ccc39522fd7138ab5e4d672c81672918,raw/cut_13_J_1p9.npz,a30df49c49109348b2fdebba46d780026d7a73fd57436081052bd41dd41c7096
6,20,0.1,1.0,13,1.9500000000000002,64,64,1,0,haar,IXYZ,future_rows_history_columns,complete_retained_record,1,0,1e-12,0.07719128428222245,0.0,0.14204264620170787,0.0,0.3407652541448363,0.0,-0.06485136191948541,-0.2635739698626139,49.471636481490144,64,256x64,raw/probes_cut_13.npz,a4d8cf15bee32763da179605fbb32d16ccc39522fd7138ab5e4d672c81672918,raw/cut_13_J_1p95.npz,4df54f32ee6dbd35ed5c794888459a2772263d6e5d8af89bf3cede53af693343
6,20,0.1,1.0,13,2.0,64,64,1,0,haar,IXYZ,future_rows_history_columns,complete_retained_record,1,0,1e-12,0.07773495982749284,0.0,0.14265906960020214,0.0,0.34683561477294267,0.0,-0.0649241097727093,-0.2691006549454498,49.50664387031411,64,256x64,raw/probes_cut_13.npz,a4d8cf15bee32763da179605fbb32d16ccc39522fd7138ab5e4d672c81672918,raw/cut_13_J_2.npz,ce6e0a0791f7a6b04cb2072f4fa1e899508dd19ea2fe954bbad0f6a80a73af7d
6,20,0.1,1.0,14,0.0,64,64,1,0,haar,IXYZ,future_rows_history_columns,complete_retained_record,1,0,1e-12,0.0,0.0,0.0,0.0,0.0,0.0,0.0,0.0,52.194929435620566,1,256x64,raw/probes_cut_14.npz,5ce6d4e36dbbbf445a51553baccfaccd6e2a73ce800dfd5f6052b7054dcda82a,raw/cut_14_J_0.npz,f56c4608973dedb2c4d44ce4b2f13222b47066afbfe80113b01e1b04d8e47b1e
6,20,0.1,1.0,14,0.05,64,64,1,0,haar,IXYZ,future_rows_history_columns,complete_retained_record,1,0,1e-12,1.293289850108713e-07,0.0,2.496390329844276e-07,0.0,9.415977490036028e-07,0.0,-1.203100479735563e-07,-8.122687639927314e-07,52.18955467118325,64,256x64,raw/probes_cut_14.npz,5ce6d4e36dbbbf445a51553baccfaccd6e2a73ce800dfd5f6052b7054dcda82a,raw/cut_14_J_0p05.npz,909c46d01e4e28ca83f9e76e6d5bae50254b5940be54cc8be368f3b18401a4c0
6,20,0.1,1.0,14,0.1,64,64,1,0,haar,IXYZ,future_rows_history_columns,complete_retained_record,1,0,1e-12,1.7896261099520497e-06,0.0,3.4347988680808153e-06,0.0,1.2710391719153788e-05,0.0,-1.6451727581287655e-06,-1.0920765609201738e-05,52.175523889300656,64,256x64,raw/probes_cut_14.npz,5ce6d4e36dbbbf445a51553baccfaccd6e2a73ce800dfd5f6052b7054dcda82a,raw/cut_14_J_0p1.npz,22ab3fb13828dfb9587103bbe42917425d3cb69330c25e2e9d6fe304f4921fc7
6,20,0.1,1.0,14,0.15000000000000002,64,64,1,0,haar,IXYZ,future_rows_history_columns,complete_retained_record,1,0,1e-12,8.3220680619474e-06,0.0,1.5907217320012723e-05,0.0,5.792631575142494e-05,0.0,-7.585149258065322e-06,-4.960424768947754e-05,52.151206782923225,64,256x64,raw/probes_cut_14.npz,5ce6d4e36dbbbf445a51553baccfaccd6e2a73ce800dfd5f6052b7054dcda82a,raw/cut_14_J_0p15.npz,4213034f74134ac43baf747acae692a59f75194383a9c8b91ac895b0407ff14c
6,20,0.1,1.0,14,0.2,64,64,1,0,haar,IXYZ,future_rows_history_columns,complete_retained_record,1,0,1e-12,2.4865901698652082e-05,0.0,4.737927791959072e-05,0.0,0.0001700572025875134,0.0,-2.2513376220938635e-05,-0.00014519130088886132,52.114294038941296,64,256x64,raw/probes_cut_14.npz,5ce6d4e36dbbbf445a51553baccfaccd6e2a73ce800dfd5f6052b7054dcda82a,raw/cut_14_J_0p2.npz,6094af260c8e6f54677841219e55aa02426d303bd8b8b63d68e574c43d3b0947
6,20,0.1,1.0,14,0.25,64,64,1,0,haar,IXYZ,future_rows_history_columns,complete_retained_record,1,0,1e-12,5.8314054616397936e-05,0.0,0.0001108404887708807,0.0,0.0003926617001986453,0.0,-5.252643415448277e-05,-0.00033434764558224736,52.06199043332698,64,256x64,raw/probes_cut_14.npz,5ce6d4e36dbbbf445a51553baccfaccd6e2a73ce800dfd5f6052b7054dcda82a,raw/cut_14_J_0p25.npz,bac09210158ac76c7c9e2e9f070526bacf29241558124edd577b213db15f2359
6,20,0.1,1.0,14,0.30000000000000004,64,64,1,0,haar,IXYZ,future_rows_history_columns,complete_retained_record,1,0,1e-12,0.0001171418505360091,0.0,0.00022227183425902074,0.0,0.0007782896365581715,0.0,-0.00010512998372301163,-0.0006611477860221623,51.99125178950993,64,256x64,raw/probes_cut_14.npz,5ce6d4e36dbbbf445a51553baccfaccd6e2a73ce800dfd5f6052b7054dcda82a,raw/cut_14_J_0p3.npz,bf7afc9923c09f30913caf7efa27e3346d0e662f9462febca493deb416c8807d
6,20,0.1,1.0,14,0.35000000000000003,64,64,1,0,haar,IXYZ,future_rows_history_columns,complete_retained_record,1,0,1e-12,0.00021105613511073322,0.0,0.0004000673186993404,0.0,0.0013868991459043635,0.0,-0.00018901118358860718,-0.0011758430107936303,51.89904762128014,64,256x64,raw/probes_cut_14.npz,5ce6d4e36dbbbf445a51553baccfaccd6e2a73ce800dfd5f6052b7054dcda82a,raw/cut_14_J_0p35.npz,67b7f0a1a84f9c64a7f4d879dfbe771e9ae146b51124e5100af24d095cc9dfc0
6,20,0.1,1.0,14,0.4,64,64,1,0,haar,IXYZ,future_rows_history_columns,complete_retained_record,1,0,1e-12,0.0003506006420001888,0.0,0.0006644157221801176,0.0,0.0022847969169138994,0.0,-0.0003138150801799288,-0.0019341962749137105,51.78262962938611,64,256x64,raw/probes_cut_14.npz,5ce6d4e36dbbbf445a51553baccfaccd6e2a73ce800dfd5f6052b7054dcda82a,raw/cut_14_J_0p4.npz,8831d20124db52b506ccf9b8f59ab46cf155b48411e9fe23b9007d164319193d
6,20,0.1,1.0,14,0.45,64,64,1,0,haar,IXYZ,future_rows_history_columns,complete_retained_record,1,0,1e-12,0.0005469663665618631,0.0,0.0010370969446646774,0.0,0.0035456244053884713,0.0,-0.0004901305781028143,-0.002998658038826608,51.6397868728543,64,256x64,raw/probes_cut_14.npz,5ce6d4e36dbbbf445a51553baccfaccd6e2a73ce800dfd5f6052b7054dcda82a,raw/cut_14_J_0p45.npz,763c5f505fe1bc83b45d097d3b9fb3011219f55a1576ecfaea18405c4bd7b946
6,20,0.1,1.0,14,0.5,64,64,1,0,haar,IXYZ,future_rows_history_columns,complete_retained_record,1,0,1e-12,0.0008122688270739983,0.0,0.0015421693227950358,0.0,0.005254759106066671,0.0,-0.0007299004957210376,-0.004442490278992673,51.46907111013469,64,256x64,raw/probes_cut_14.npz,5ce6d4e36dbbbf445a51553baccfaccd6e2a73ce800dfd5f6052b7054dcda82a,raw/cut_14_J_0p5.npz,fc0027abeaf0287d01e8d8e0fb6b290700d77556fef4b1e054ce661e0cd42f6d
6,20,0.1,1.0,14,0.55,64,64,1,0,haar,IXYZ,future_rows_history_columns,complete_retained_record,1,0,1e-12,0.0011604570185942981,0.0,0.002207855943233951,0.0,0.007517694728649302,0.0,-0.0010473989246396528,-0.0063572377100550035,51.26997723361189,64,256x64,raw/probes_cut_14.npz,5ce6d4e36dbbbf445a51553baccfaccd6e2a73ce800dfd5f6052b7054dcda82a,raw/cut_14_J_0p55.npz,68bfb96c31b0a925c8f5730b417348d10688d5ba64bd2c02cca7366d53955230
6,20,0.1,1.0,14,0.6000000000000001,64,64,1,0,haar,IXYZ,future_rows_history_columns,complete_retained_record,1,0,1e-12,0.0016088226896779016,0.0,0.0030695961831774133,0.0,0.010471645727062712,0.0,-0.0014607734934995117,-0.008862823037384811,51.04306841378348,64,256x64,raw/probes_cut_14.npz,5ce6d4e36dbbbf445a51553baccfaccd6e2a73ce800dfd5f6052b7054dcda82a,raw/cut_14_J_0p6.npz,690cc1837002ff24518995d3b9977a9adf1aa76c54ba4bd9a4ee254400241b78
6,20,0.1,1.0,14,0.65,64,64,1,0,haar,IXYZ,future_rows_history_columns,complete_retained_record,1,0,1e-12,0.0021798290977584345,0.0,0.004173765792436117,0.0,0.014297994685103541,0.0,-0.0019939366946776825,-0.012118165587345107,50.79003534426693,64,256x64,raw/probes_cut_14.npz,5ce6d4e36dbbbf445a51553baccfaccd6e2a73ce800dfd5f6052b7054dcda82a,raw/cut_14_J_0p65.npz,f2d5b6ed664761e2d9e58e8120e8b58b247feb93f168cfb2488c3555c7ef9e7c
6,20,0.1,1.0,14,0.7000000000000001,64,64,1,0,haar,IXYZ,future_rows_history_columns,complete_retained_record,1,0,1e-12,0.0029027292458163783,0.0,0.005581069500045897,0.0,0.019231560783717745,0.0,-0.002678340254229519,-0.016328831537901368,50.5136849979833,64,256x64,raw/probes_cut_14.npz,5ce6d4e36dbbbf445a51553baccfaccd6e2a73ce800dfd5f6052b7054dcda82a,raw/cut_14_J_0p7.npz,f51cfb0209a46b29e6d8e7bb42d49ce7991ed4454e4dc2b9c4dbcad45dbc9830
6,20,0.1,1.0,14,0.75,64,64,1,0,haar,IXYZ,future_rows_history_columns,complete_retained_record,1,0,1e-12,0.003814276957744261,0.0,0.00736820242377918,0.0,0.025561383467232992,0.0,-0.003553925466034919,-0.02174710650948873,50.21785564920834,64,256x64,raw/probes_cut_14.npz,5ce6d4e36dbbbf445a51553baccfaccd6e2a73ce800dfd5f6052b7054dcda82a,raw/cut_14_J_0p75.npz,430a4d28f72252e1bf9420e0ab21164c853168c70f6df391c23aa22c1a903329
6,20,0.1,1.0,14,0.8,64,64,1,0,haar,IXYZ,future_rows_history_columns,complete_retained_record,1,0,1e-12,0.004957829131285801,0.0,0.009626230827713005,0.0,0.03361736396726878,0.0,-0.004668401696427204,-0.02865953483598298,49.90725994163316,64,256x64,raw/probes_cut_14.npz,5ce6d4e36dbbbf445a51553baccfaccd6e2a73ce800dfd5f6052b7054dcda82a,raw/cut_14_J_0p8.npz,e4da65446507a18b6e8fce00a67e06e4807b5681447a1ae865393399ffc8b0db
6,20,0.1,1.0,14,0.8500000000000001,64,64,1,0,haar,IXYZ,future_rows_history_columns,complete_retained_record,1,0,1e-12,0.0063803387193337845,0.0,0.012454411559860358,0.0,0.04373823880746416,0.0,-0.0060740728405265735,-0.03735790008813037,49.58726231013577,64,256x64,raw/probes_cut_14.npz,5ce6d4e36dbbbf445a51553baccfaccd6e2a73ce800dfd5f6052b7054dcda82a,raw/cut_14_J_0p85.npz,eafa94882c4794e169fab3f5d1b143bc609dbbb6b9cdf9e10b211ac5f7a84050
6,20,0.1,1.0,14,0.9,64,64,1,0,haar,IXYZ,future_rows_history_columns,complete_retained_record,1,0,1e-12,0.008127177144594456,0.0,0.015948997179592552,0.0,0.05621978941288071,0.0,-0.007821820034998097,-0.048092612268286254,49.26360355395693,64,256x64,raw/probes_cut_14.npz,5ce6d4e36dbbbf445a51553baccfaccd6e2a73ce800dfd5f6052b7054dcda82a,raw/cut_14_J_0p9.npz,8cc10f3538d1112f855684fa6f2218180b04db0957db97ddd1454f229047a3b2
6,20,0.1,1.0,14,0.9500000000000001,64,64,1,0,haar,IXYZ,future_rows_history_columns,complete_retained_record,1,0,1e-12,0.01023528448510774,0.0,0.020187831671148196,0.0,0.07124777878691448,0.0,-0.009952547186040456,-0.06101249430180673,48.94209066180566,64,256x64,raw/probes_cut_14.npz,5ce6d4e36dbbbf445a51553baccfaccd6e2a73ce800dfd5f6052b7054dcda82a,raw/cut_14_J_0p95.npz,99a3f7418285fe38e864241268634a2bbc792a32091bd4458325e701df8f77b4
6,20,0.1,1.0,14,1.0,64,64,1,0,haar,IXYZ,future_rows_history_columns,complete_retained_record,1,0,1e-12,0.012725778353986656,0.0,0.025213147796239618,0.0,0.0888275130468596,0.0,-0.012487369442252962,-0.07610173469287294,48.62827612304226,64,256x64,raw/probes_cut_14.npz,5ce6d4e36dbbbf445a51553baccfaccd6e2a73ce800dfd5f6052b7054dcda82a,raw/cut_14_J_1.npz,728dc446a6cee79089e3ae8d05e97e80efe6919e834ba6443d91ad6cee7b9caf
6,20,0.1,1.0,14,1.05,64,64,1,0,haar,IXYZ,future_rows_history_columns,complete_retained_record,1,0,1e-12,0.015597629452957926,0.0,0.031016398346052715,0.0,0.10872858937149962,0.0,-0.015418768893094788,-0.0931309599185417,48.32715395200249,64,256x64,raw/probes_cut_14.npz,5ce6d4e36dbbbf445a51553baccfaccd6e2a73ce800dfd5f6052b7054dcda82a,raw/cut_14_J_1p05.npz,9452f630a95e9ab575c26630332e2e91a33ca279c8d05ec0b298175eb9e0561f
6,20,0.1,1.0,14,1.1,64,64,1,0,haar,IXYZ,future_rows_history_columns,complete_retained_record,1,0,1e-12,0.018824073976797164,0.0,0.03752942810820848,0.0,0.13046529632257656,0.0,-0.018705354131411316,-0.11164122234577939,48.04290070956782,64,256x64,raw/probes_cut_14.npz,5ce6d4e36dbbbf445a51553baccfaccd6e2a73ce800dfd5f6052b7054dcda82a,raw/cut_14_J_1p1.npz,930c7cc37d36ad17459264177958a220d3c3635cb5709ed8cd73afb7f96d024d
6,20,0.1,1.0,14,1.1500000000000001,64,64,1,0,haar,IXYZ,future_rows_history_columns,complete_retained_record,1,0,1e-12,0.022352801643312045,0.0,0.044624982957565534,0.0,0.15332549033704895,0.0,-0.02227218131425349,-0.1309726886937369,47.77868593636241,64,256x64,raw/probes_cut_14.npz,5ce6d4e36dbbbf445a51553baccfaccd6e2a73ce800dfd5f6052b7054dcda82a,raw/cut_14_J_1p15.npz,b3e15a0e301680549dbf79d7d3c8f33b4973238a5adf5e59a60d45e1dec5424a
6,20,0.1,1.0,14,1.2000000000000002,64,64,1,0,haar,IXYZ,future_rows_history_columns,complete_retained_record,1,0,1e-12,0.02611007642910357,0.0,0.05212727751650126,0.0,0.1764468962186995,0.0,-0.026017201087397687,-0.15033681978959593,47.53656999915307,64,256x64,raw/probes_cut_14.npz,5ce6d4e36dbbbf445a51553baccfaccd6e2a73ce800dfd5f6052b7054dcda82a,raw/cut_14_J_1p2.npz,6d92b3961aec3ebfa6acf6e79ac83f8988035752e03d26336dc3d4eb7d48b118
6,20,0.1,1.0,14,1.25,64,64,1,0,haar,IXYZ,future_rows_history_columns,complete_retained_record,1,0,1e-12,0.030008162981460425,0.0,0.05983101912898279,0.0,0.19892578805945937,0.0,-0.029822856147522364,-0.16891762507799896,47.31749662475556,64,256x64,raw/probes_cut_14.npz,5ce6d4e36dbbbf445a51553baccfaccd6e2a73ce800dfd5f6052b7054dcda82a,raw/cut_14_J_1p25.npz,4ebe86e39181f159af10db42974253aefa8f3682d461c72f80105f06b2742d7c
6,20,0.1,1.0,14,1.3,64,64,1,0,haar,IXYZ,future_rows_history_columns,complete_retained_record,1,0,1e-12,0.03395490824478431,0.0,0.06752555873198197,0.0,0.2199342598793462,0.0,-0.033570650487197665,-0.1859793516345619,47.12137562743728,64,256x64,raw/probes_cut_14.npz,5ce6d4e36dbbbf445a51553baccfaccd6e2a73ce800dfd5f6052b7054dcda82a,raw/cut_14_J_1p3.npz,fbfd55b1ecf19107167e8d6ccf70d86c4e8ea89b7c77677aad7bdd52ce4b0219
6,20,0.1,1.0,14,1.35,64,64,1,0,haar,IXYZ,future_rows_history_columns,complete_retained_record,1,0,1e-12,0.03786396283330644,0.0,0.07501978186898688,0.0,0.23882076117258133,0.0,-0.03715581903568044,-0.20095679833927488,46.94724060828331,64,256x64,raw/probes_cut_14.npz,5ce6d4e36dbbbf445a51553baccfaccd6e2a73ce800dfd5f6052b7054dcda82a,raw/cut_14_J_1p35.npz,be835089bd69979ae9c4befbed6edce81a0409b7882440bdee6ef789672d3aef
6,20,0.1,1.0,14,1.4000000000000001,64,64,1,0,haar,IXYZ,future_rows_history_columns,complete_retained_record,1,0,1e-12,0.04166404988576332,0.0,0.08216336306339647,0.0,0.2551748827368875,0.0,-0.04049931317763315,-0.21351083285112415,46.79345731295852,64,256x64,raw/probes_cut_14.npz,5ce6d4e36dbbbf445a51553baccfaccd6e2a73ce800dfd5f6052b7054dcda82a,raw/cut_14_J_1p4.npz,8eb41701ff2a561ea0eeaaa3ee5b749ba85d6f1aae6d36907c2187de887fd6db
6,20,0.1,1.0,14,1.4500000000000002,64,64,1,0,haar,IXYZ,future_rows_history_columns,complete_retained_record,1,0,1e-12,0.04530584691294759,0.0,0.08886088946427534,0.0,0.2688481952909544,0.0,-0.04355504255132775,-0.2235423483780068,46.65795426049308,64,256x64,raw/probes_cut_14.npz,5ce6d4e36dbbbf445a51553baccfaccd6e2a73ce800dfd5f6052b7054dcda82a,raw/cut_14_J_1p45.npz,f7f58654ff170d13cb0513d089e79c50f4776f4825fddccf0ed9a9c05c51013b
6,20,0.1,1.0,14,1.5,64,64,1,0,haar,IXYZ,future_rows_history_columns,complete_retained_record,1,0,1e-12,0.048765482623511484,0.0,0.09507695967839107,0.0,0.27993429174540707,0.0,-0.046311477054879584,-0.23116880912189558,46.53844729950539,64,256x64,raw/probes_cut_14.npz,5ce6d4e36dbbbf445a51553baccfaccd6e2a73ce800dfd5f6052b7054dcda82a,raw/cut_14_J_1p5.npz,d44e092154eebe759fd218d0c18be226bb2a65ec132d11f5f1403345bc9d5cf0
6,20,0.1,1.0,14,1.55,64,64,1,0,haar,IXYZ,future_rows_history_columns,complete_retained_record,1,0,1e-12,0.05204418563403319,0.0,0.10083202861453122,0.0,0.2887186381515595,0.0,-0.048787842980498035,-0.23667445251752633,46.43263488137285,64,256x64,raw/probes_cut_14.npz,5ce6d4e36dbbbf445a51553baccfaccd6e2a73ce800dfd5f6052b7054dcda82a,raw/cut_14_J_1p55.npz,63eb26c258f7c472a1623bba1cbb1d3a7b06351e721e24f01ad5e0919df1b483
6,20,0.1,1.0,14,1.6,64,64,1,0,haar,IXYZ,future_rows_history_columns,complete_retained_record,1,0,1e-12,0.055164234382065955,0.0,0.10619030324862798,0.0,0.2956118130683793,0.0,-0.051026068866562024,-0.24044757868631333,46.33834767891522,64,256x64,raw/probes_cut_14.npz,5ce6d4e36dbbbf445a51553baccfaccd6e2a73ce800dfd5f6052b7054dcda82a,raw/cut_14_J_1p6.npz,c17b9f60cd9f65d252337103ece109585b62557cbda62d6bd5a19a8b1d164193
6,20,0.1,1.0,14,1.6500000000000001,64,64,1,0,haar,IXYZ,future_rows_history_columns,complete_retained_record,1,0,1e-12,0.05816190354417084,0.0,0.11124204776992894,0.0,0.30107858034664314,0.0,-0.053080144225758095,-0.2429166768024723,46.25364650076096,64,256x64,raw/probes_cut_14.npz,5ce6d4e36dbbbf445a51553baccfaccd6e2a73ce800dfd5f6052b7054dcda82a,raw/cut_14_J_1p65.npz,e1430c734f560cbff756c9ceee05b30377e9344c75c7e80b3af7521a9e2565b8
6,20,0.1,1.0,14,1.7000000000000002,64,64,1,0,haar,IXYZ,future_rows_history_columns,complete_retained_record,1,0,1e-12,0.061078534802461,0.0,0.1160832771086811,0.0,0.3055725223887752,0.0,-0.05500474230622011,-0.2444939875863142,46.17686951166493,64,256x64,raw/probes_cut_14.npz,5ce6d4e36dbbbf445a51553baccfaccd6e2a73ce800dfd5f6052b7054dcda82a,raw/cut_14_J_1p7.npz,5af2f3f07dfe1a6706f5ee91b3b503bdb6fca04774b35cc45b462545d561c87e
6,20,0.1,1.0,14,1.75,64,64,1,0,haar,IXYZ,future_rows_history_columns,complete_retained_record,1,0,1e-12,0.06395112134586566,0.0,0.12079595446509449,0.0,0.30948284002811527,0.0,-0.05684483311922883,-0.2455317186822496,46.10663856323729,64,256x64,raw/probes_cut_14.npz,5ce6d4e36dbbbf445a51553baccfaccd6e2a73ce800dfd5f6052b7054dcda82a,raw/cut_14_J_1p75.npz,66dc0cf10dd67fc2021b2d1cc67120cdc7104b9bec2394f25cc2d495fc51cf58
6,20,0.1,1.0,14,1.8,64,64,1,0,haar,IXYZ,future_rows_history_columns,complete_retained_record,1,0,1e-12,0.06680386065398147,0.0,0.12543160183463264,0.0,0.31309770556110345,0.0,-0.05862774118065117,-0.24629384490712197,46.04183589938909,64,256x64,raw/probes_cut_14.npz,5ce6d4e36dbbbf445a51553baccfaccd6e2a73ce800dfd5f6052b7054dcda82a,raw/cut_14_J_1p8.npz,26fea4ad7f542fce678acbda4cf5156047058a457be39f8a65a6983c844a1cb6
6,20,0.1,1.0,14,1.85,64,64,1,0,haar,IXYZ,future_rows_history_columns,complete_retained_record,1,0,1e-12,0.06964215533226774,0.0,0.1300010400802326,0.0,0.3165877903020296,0.0,-0.06035888474796487,-0.24694563496976185,45.98156639617665,64,256x64,raw/probes_cut_14.npz,5ce6d4e36dbbbf445a51553baccfaccd6e2a73ce800dfd5f6052b7054dcda82a,raw/cut_14_J_1p85.npz,53d4c8b9531d45a10c3c1f28f96d03ab0c7f656d5e92ef7ab69530173e5dbddf
6,20,0.1,1.0,14,1.9000000000000001,64,64,1,0,haar,IXYZ,future_rows_history_columns,complete_retained_record,1,0,1e-12,0.07245027341940848,0.0,0.13447232542230206,0.0,0.32001220989474977,0.0,-0.06202205200289358,-0.2475619364753413,45.92511637091087,64,256x64,raw/probes_cut_14.npz,5ce6d4e36dbbbf445a51553baccfaccd6e2a73ce800dfd5f6052b7054dcda82a,raw/cut_14_J_1p9.npz,00693735a7a37389ef5c6b7d61e5ec2a1bf5dbe5debb30da00adf806eaeacaaf
6,20,0.1,1.0,14,1.9500000000000002,64,64,1,0,haar,IXYZ,future_rows_history_columns,complete_retained_record,1,0,1e-12,0.07519301267859371,0.0,0.13877700691887276,0.0,0.3233439808694359,0.0,-0.06358399424027905,-0.24815096819084217,45.87191837415854,64,256x64,raw/probes_cut_14.npz,5ce6d4e36dbbbf445a51553baccfaccd6e2a73ce800dfd5f6052b7054dcda82a,raw/cut_14_J_1p95.npz,dc337b361d66b555176838f873ab9d55043ab435a98e58e7a10a3099c09cf126
6,20,0.1,1.0,14,2.0,64,64,1,0,haar,IXYZ,future_rows_history_columns,complete_retained_record,1,0,1e-12,0.0778206145339487,0.0,0.14282248560195732,0.0,0.32650617042962554,0.0,-0.06500187106800862,-0.24868555589567684,45.82152658667933,64,256x64,raw/probes_cut_14.npz,5ce6d4e36dbbbf445a51553baccfaccd6e2a73ce800dfd5f6052b7054dcda82a,raw/cut_14_J_2.npz,7108241af58280998225fd380e150df2612b568854d53cc54e26612c390652e8
6,20,0.1,1.0,15,0.0,64,64,1,0,haar,IXYZ,future_rows_history_columns,complete_retained_record,1,0,1e-12,0.0,0.0,0.0,0.0,0.0,0.0,0.0,0.0,54.681205485013756,1,256x64,raw/probes_cut_15.npz,d7709bc40ff6b29911edf30dbb72c9f335837e8473ecb821900aeb99868207e2,raw/cut_15_J_0.npz,7a57e7fd9f1a23a60942734b4c516622cf8b5dcc13d6673f1f3b0fd0fdc4a5e9
6,20,0.1,1.0,15,0.05,64,64,1,0,haar,IXYZ,future_rows_history_columns,complete_retained_record,1,0,1e-12,1.208009394472269e-07,0.0,2.3320500521571517e-07,0.0,1.0830668986205925e-06,0.0,-1.1240406576848827e-07,-9.622659591733656e-07,54.632352375694424,64,256x64,raw/probes_cut_15.npz,d7709bc40ff6b29911edf30dbb72c9f335837e8473ecb821900aeb99868207e2,raw/cut_15_J_0p05.npz,b9fcf1cff003c965ae97e3467de002dad62e4c52c90605f76ac02397191f0ba6
6,20,0.1,1.0,15,0.1,64,64,1,0,haar,IXYZ,future_rows_history_columns,complete_retained_record,1,0,1e-12,1.7107007931587257e-06,0.0,3.283508998732393e-06,0.0,1.5046992688740055e-05,0.0,-1.5728082055736675e-06,-1.333629189558133e-05,54.579482301762845,64,256x64,raw/probes_cut_15.npz,d7709bc40ff6b29911edf30dbb72c9f335837e8473ecb821900aeb99868207e2,raw/cut_15_J_0p1.npz,cd08a4b4521f062a61178e9c62d1b69442de6596457993a6ba93129c981e105b
6,20,0.1,1.0,15,0.15000000000000002,64,64,1,0,haar,IXYZ,future_rows_history_columns,complete_retained_record,1,0,1e-12,8.188895796631167e-06,0.0,1.565094368060415e-05,0.0,7.099258201196208e-05,0.0,-7.462047883972983e-06,-6.280368621533091e-05,54.52112080174408,64,256x64,raw/probes_cut_15.npz,d7709bc40ff6b29911edf30dbb72c9f335837e8473ecb821900aeb99868207e2,raw/cut_15_J_0p15.npz,a929c17dbc2e0a2b2b639f0a6844f495280641f43cc61365ef70a5c99af70755
6,20,0.1,1.0,15,0.2,64,64,1,0,haar,IXYZ,future_rows_history_columns,complete_retained_record,1,0,1e-12,2.5235771993947692e-05,0.0,4.806474531233632e-05,0.0,0.00021612627395620833,0.0,-2.282897331838863e-05,-0.00019089050196226064,54.45515185927786,64,256x64,raw/probes_cut_15.npz,d7709bc40ff6b29911edf30dbb72c9f335837e8473ecb821900aeb99868207e2,raw/cut_15_J_0p2.npz,c066166a52642eeb1126d39fbf1f8201c964f417931e4d436afe5271573a0b68
6,20,0.1,1.0,15,0.25,64,64,1,0,haar,IXYZ,future_rows_history_columns,complete_retained_record,1,0,1e-12,6.093974637363037e-05,0.0,0.00011573565793565357,0.0,0.0005164580211554363,0.0,-5.47959115620232e-05,-0.0004555182747818059,54.378991075641416,64,256x64,raw/probes_cut_15.npz,d7709bc40ff6b29911edf30dbb72c9f335837e8473ecb821900aeb99868207e2,raw/cut_15_J_0p25.npz,bbb5fde668b133ebbc4d9be417920452641c22276e9263950dffdc07d72023ee
6,20,0.1,1.0,15,0.30000000000000004,64,64,1,0,haar,IXYZ,future_rows_history_columns,complete_retained_record,1,0,1e-12,0.00012551687033025347,0.0,0.00023783313642697682,0.0,0.001054343236160752,0.0,-0.00011231626609672335,-0.0009288263658304986,54.289800620234864,64,256x64,raw/probes_cut_15.npz,d7709bc40ff6b29911edf30dbb72c9f335837e8473ecb821900aeb99868207e2,raw/cut_15_J_0p3.npz,8535bd982d5dc6a54a88ea2c1d1844016f9cc54b54513d8dfd85b88ecc31af1d
6,20,0.1,1.0,15,0.35000000000000003,64,64,1,0,haar,IXYZ,future_rows_history_columns,complete_retained_record,1,0,1e-12,0.00023048461558058925,0.0,0.0004359874779919629,0.0,0.0019222801029766718,0.0,-0.00020550286241137364,-0.0016917954873960825,54.18472683720944,64,256x64,raw/probes_cut_15.npz,d7709bc40ff6b29911edf30dbb72c9f335837e8473ecb821900aeb99868207e2,raw/cut_15_J_0p35.npz,9a02c83228b093da2c0d11b8c4c4c602d8c04e4d8878f0916a4747662c6d5c92
6,20,0.1,1.0,15,0.4,64,64,1,0,haar,IXYZ,future_rows_history_columns,complete_retained_record,1,0,1e-12,0.00038747494096261534,0.0,0.0007321720688117926,0.0,0.0032147697464910553,0.0,-0.0003446971278491773,-0.00282729480552844,54.06114176953312,64,256x64,raw/probes_cut_15.npz,d7709bc40ff6b29911edf30dbb72c9f335837e8473ecb821900aeb99868207e2,raw/cut_15_J_0p4.npz,d67d760440a2766f88fafd17bc84eac626537f85eaa4c4e388148218bc8b88e5
6,20,0.1,1.0,15,0.45,64,64,1,0,haar,IXYZ,future_rows_history_columns,complete_retained_record,1,0,1e-12,0.0006070922251403014,0.0,0.0011467049902963956,0.0,0.005021565904631088,0.0,-0.0005396127651560942,-0.004414473679490787,53.916870787265296,64,256x64,raw/probes_cut_15.npz,d7709bc40ff6b29911edf30dbb72c9f335837e8473ecb821900aeb99868207e2,raw/cut_15_J_0p45.npz,23ad8d69242485b64f29b4efcd7cae43878dada8a0684aecfacef73e1d9fb02e
6,20,0.1,1.0,15,0.5,64,64,1,0,haar,IXYZ,future_rows_history_columns,complete_retained_record,1,0,1e-12,0.000898310587730426,0.0,0.0016972474341480739,0.0,0.007426021979251991,0.0,-0.0007989368464176479,-0.006527711391521565,53.750391677854374,64,256x64,raw/probes_cut_15.npz,d7709bc40ff6b29911edf30dbb72c9f335837e8473ecb821900aeb99868207e2,raw/cut_15_J_0p5.npz,d7823a26da99b5193600523a234b5172fdb7e6d938991bdbe7f11be5bb3c7c5a
6,20,0.1,1.0,15,0.55,64,64,1,0,haar,IXYZ,future_rows_history_columns,complete_retained_record,1,0,1e-12,0.0012688318448085224,0.0,0.00239954241625158,0.0,0.010511463561366684,0.0,-0.0011307105714430574,-0.009242631716558161,53.56099390853044,64,256x64,raw/probes_cut_15.npz,d7709bc40ff6b29911edf30dbb72c9f335837e8473ecb821900aeb99868207e2,raw/cut_15_J_0p55.npz,2ed5735671afc04b1eab3812f03507b1a0582eea660ee46edd946bd5e981b1df
6,20,0.1,1.0,15,0.6000000000000001,64,64,1,0,haar,IXYZ,future_rows_history_columns,complete_retained_record,1,0,1e-12,0.0017266077437431328,0.0,0.003270254957314391,0.0,0.014376716134896071,0.0,-0.0015436472135712583,-0.012650108391152938,53.34889010382175,64,256x64,raw/probes_cut_15.npz,d7709bc40ff6b29911edf30dbb72c9f335837e8473ecb821900aeb99868207e2,raw/cut_15_J_0p6.npz,48ec5bb8d9840a5a3d0a99fd1a27b69ada70d710149d1068999bd18adc0b99bf
6,20,0.1,1.0,15,0.65,64,64,1,0,haar,IXYZ,future_rows_history_columns,complete_retained_record,1,0,1e-12,0.0022823944895069407,0.0,0.004331700440946405,0.0,0.019159275606351802,0.0,-0.0020493059514394645,-0.01687688111684486,53.11527456198761,64,256x64,raw/probes_cut_15.npz,d7709bc40ff6b29911edf30dbb72c9f335837e8473ecb821900aeb99868207e2,raw/cut_15_J_0p65.npz,23632e12fb7c6e3f5904a844095dbd027e5e593b8b5e5296cd92e3f721a07b56
6,20,0.1,1.0,15,0.7000000000000001,64,64,1,0,haar,IXYZ,future_rows_history_columns,complete_retained_record,1,0,1e-12,0.002952819047026045,0.0,0.005617549928506959,0.0,0.025061289505316473,0.0,-0.002664730881480914,-0.022108470458290428,52.862325705617295,64,256x64,raw/probes_cut_15.npz,d7709bc40ff6b29911edf30dbb72c9f335837e8473ecb821900aeb99868207e2,raw/cut_15_J_0p7.npz,2fad6e4da9270b9b8f49f76e29eec437a367b30c7000fc427e85993f5d16c301
6,20,0.1,1.0,15,0.75,64,64,1,0,haar,IXYZ,future_rows_history_columns,complete_retained_record,1,0,1e-12,0.0037630507019103306,0.0,0.007177865555843667,0.0,0.03236969047802296,0.0,-0.0034148148539333368,-0.02860663977611263,52.593151587422845,64,256x64,raw/probes_cut_15.npz,d7709bc40ff6b29911edf30dbb72c9f335837e8473ecb821900aeb99868207e2,raw/cut_15_J_0p75.npz,369c37dc74b9e17e478c01a8f213bc0accf93ebba19c79cc6e8cc69683ac7d18
6,20,0.1,1.0,15,0.8,64,64,1,0,haar,IXYZ,future_rows_history_columns,complete_retained_record,1,0,1e-12,0.004747900340564862,0.0,0.009081218314456465,0.0,0.04145822707018213,0.0,-0.0043333179738916025,-0.03671032672961727,52.31167911588667,64,256x64,raw/probes_cut_15.npz,d7709bc40ff6b29911edf30dbb72c9f335837e8473ecb821900aeb99868207e2,raw/cut_15_J_0p8.npz,3e99a05443ba5f90f460ea37f333d7676e548ce2f3f5af2d746e530a0022bc2c
6,20,0.1,1.0,15,0.8500000000000001,64,64,1,0,haar,IXYZ,future_rows_history_columns,complete_retained_record,1,0,1e-12,0.0059501527242778775,0.0,0.011411464774256044,0.0,0.05275747608340342,0.0,-0.005461312049978167,-0.04680732335912555,52.02249085890997,64,256x64,raw/probes_cut_15.npz,d7709bc40ff6b29911edf30dbb72c9f335837e8473ecb821900aeb99868207e2,raw/cut_15_J_0p85.npz,7640f8e9bab7dce3693a394212bc1997c7a0a3457b9b12c1359e638c95019bce
6,20,0.1,1.0,15,0.9,64,64,1,0,haar,IXYZ,future_rows_history_columns,complete_retained_record,1,0,1e-12,0.007415376683493016,0.0,0.01425748720477272,0.0,0.06668246699863016,0.0,-0.0068421105212797045,-0.05926709031513715,51.73061615976089,64,256x64,raw/probes_cut_15.npz,d7709bc40ff6b29911edf30dbb72c9f335837e8473ecb821900aeb99868207e2,raw/cut_15_J_0p9.npz,a6c37aea741d9b523de1e0edc4a183d7f0cb7e3def9209fd8d0480c0b3a7e0c0
6,20,0.1,1.0,15,0.9500000000000001,64,64,1,0,haar,IXYZ,future_rows_history_columns,complete_retained_record,1,0,1e-12,0.009183491882361634,0.0,0.01769622492744082,0.0,0.08351977132652469,0.0,-0.008512733045079185,-0.07433627944416306,51.44128771314956,64,256x64,raw/probes_cut_15.npz,d7709bc40ff6b29911edf30dbb72c9f335837e8473ecb821900aeb99868207e2,raw/cut_15_J_0p95.npz,2c352acae2de053e35ab99f080881a216a8ca240775aef769d9c7fee1924accd
6,20,0.1,1.0,15,1.0,64,64,1,0,haar,IXYZ,future_rows_history_columns,complete_retained_record,1,0,1e-12,0.011278724457043272,0.0,0.021772196657043885,0.0,0.10329576212786021,0.0,-0.010493472200000614,-0.09201703767081694,51.15967939730435,64,256x64,raw/probes_cut_15.npz,d7709bc40ff6b29911edf30dbb72c9f335837e8473ecb821900aeb99868207e2,raw/cut_15_J_1.npz,1dcbb3d20ef32f7d4b6959ceb862d48fc76a4bdf75d04d8e9d87432e29b790ac
6,20,0.1,1.0,15,1.05,64,64,1,0,haar,IXYZ,future_rows_history_columns,complete_retained_record,1,0,1e-12,0.013700442725222785,0.0,0.02647872828651808,0.0,0.1256652142364314,0.0,-0.012778285561295295,-0.11196477151120862,50.890644130810315,64,256x64,raw/probes_cut_15.npz,d7709bc40ff6b29911edf30dbb72c9f335837e8473ecb821900aeb99868207e2,raw/cut_15_J_1p05.npz,45b2f4e67499747e949f4596bd0187d582ef14626062c4a5efd8c2025143f7a8
6,20,0.1,1.0,15,1.1,64,64,1,0,haar,IXYZ,future_rows_history_columns,complete_retained_record,1,0,1e-12,0.016417387401875608,0.0,0.03174637503982081,0.0,0.14986491492818407,0.0,-0.015328987637945199,-0.13344752752630845,50.63847337625787,64,256x64,raw/probes_cut_15.npz,d7709bc40ff6b29911edf30dbb72c9f335837e8473ecb821900aeb99868207e2,raw/cut_15_J_1p1.npz,1732d23f73bd81bbc6bfe3821a2abc96030204d317a0b4f20556e3b3b0fe0492
6,20,0.1,1.0,15,1.1500000000000001,64,64,1,0,haar,IXYZ,future_rows_history_columns,complete_retained_record,1,0,1e-12,0.019366867221483536,0.0,0.037442099636901004,0.0,0.17476295844751336,0.0,-0.018075232415417468,-0.15539609122602982,50.40669887941157,64,256x64,raw/probes_cut_15.npz,d7709bc40ff6b29911edf30dbb72c9f335837e8473ecb821900aeb99868207e2,raw/cut_15_J_1p15.npz,cfb14f9de8855700bf737b9ee3f0a645996a090f1e84c652589e9a4c6d3b2d86
6,20,0.1,1.0,15,1.2000000000000002,64,64,1,0,haar,IXYZ,future_rows_history_columns,complete_retained_record,1,0,1e-12,0.022459158298301956,0.0,0.043379755748474545,0.0,0.19900524720975352,0.0,-0.02092059745017259,-0.17654608891145157,50.19795358337881,64,256x64,raw/probes_cut_15.npz,d7709bc40ff6b29911edf30dbb72c9f335837e8473ecb821900aeb99868207e2,raw/cut_15_J_1p2.npz,b5c5f6a79b1fdd582432f7012b96c32c67c78b1a73ca3ddddbdc834b1b1d90ba
6,20,0.1,1.0,15,1.25,64,64,1,0,haar,IXYZ,future_rows_history_columns,complete_retained_record,1,0,1e-12,0.025586375409144477,0.0,0.049340053691198024,0.0,0.22122872284573103,0.0,-0.023753678282053547,-0.19564234743658654,50.013903228828745,64,256x64,raw/probes_cut_15.npz,d7709bc40ff6b29911edf30dbb72c9f335837e8473ecb821900aeb99868207e2,raw/cut_15_J_1p25.npz,0902e3f36a85ef642004e3a1983bd569c495cc11b8aae5fb77ac73c6f16bc3a6
6,20,0.1,1.0,15,1.3,64,64,1,0,haar,IXYZ,future_rows_history_columns,complete_retained_record,1,0,1e-12,0.028634387543976233,0.0,0.05509646357854539,0.0,0.24028671932696424,0.0,-0.026462076034569158,-0.211652331782988,49.855250470714765,64,256x64,raw/probes_cut_15.npz,d7709bc40ff6b29911edf30dbb72c9f335837e8473ecb821900aeb99868207e2,raw/cut_15_J_1p3.npz,0bb45c46a3ed67f67b6216660ce700a7c4a529e622987c86cfe3b81bc915e0e1
6,20,0.1,1.0,15,1.35,64,64,1,0,haar,IXYZ,future_rows_history_columns,complete_retained_record,1,0,1e-12,0.03149584993378037,0.0,0.060442433712306634,0.0,0.2554262207745358,0.0,-0.028946583778526262,-0.22393037084075543,49.72180576104401,64,256x64,raw/probes_cut_15.npz,d7709bc40ff6b29911edf30dbb72c9f335837e8473ecb821900aeb99868207e2,raw/cut_15_J_1p35.npz,f0dd9630f92a3454ca6f92614f1b01b49e34395d7f1da82b4fabcebe09059357
6,20,0.1,1.0,15,1.4000000000000001,64,64,1,0,haar,IXYZ,future_rows_history_columns,complete_retained_record,1,0,1e-12,0.034082330284822326,0.0,0.06521534418791763,0.0,0.26637466571550555,0.0,-0.031133013903095308,-0.23229233543068323,49.612610360172454,64,256x64,raw/probes_cut_15.npz,d7709bc40ff6b29911edf30dbb72c9f335837e8473ecb821900aeb99868207e2,raw/cut_15_J_1p4.npz,abc8b9d4d77354d97db5390ea78e67c5f1e8dc035c3e0b22f6e931c8f25f59b5
6,20,0.1,1.0,15,1.4500000000000002,64,64,1,0,haar,IXYZ,future_rows_history_columns,complete_retained_record,1,0,1e-12,0.036333716043702585,0.0,0.06931349262131331,0.0,0.27332596426514943,0.0,-0.032979776577610725,-0.23699224822144685,49.526092821646444,64,256x64,raw/probes_cut_15.npz,d7709bc40ff6b29911edf30dbb72c9f335837e8473ecb821900aeb99868207e2,raw/cut_15_J_1p45.npz,495801a6fdac5599e13d8d045111a9126999edc4b8fbda386b1a41dd0015559d
6,20,0.1,1.0,15,1.5,64,64,1,0,haar,IXYZ,future_rows_history_columns,complete_retained_record,1,0,1e-12,0.038223639949188815,0.0,0.07270399719546287,0.0,0.2768464741554448,0.0,-0.03448035724627406,-0.23862283420625596,49.460237020030775,64,256x64,raw/probes_cut_15.npz,d7709bc40ff6b29911edf30dbb72c9f335837e8473ecb821900aeb99868207e2,raw/cut_15_J_1p5.npz,47cfd470ebd78a47106f05b7b1b15ea766bd640ee5254a65ff21f871f65a0760
6,20,0.1,1.0,15,1.55,64,64,1,0,haar,IXYZ,future_rows_history_columns,complete_retained_record,1,0,1e-12,0.0397603236507607,0.0,0.07542115344505582,0.0,0.27773804141956915,0.0,-0.035660829794295114,-0.23797771776880844,49.41274283721568,64,256x64,raw/probes_cut_15.npz,d7709bc40ff6b29911edf30dbb72c9f335837e8473ecb821900aeb99868207e2,raw/cut_15_J_1p55.npz,d4f5628a989a8e14beef8c665544c436e2c5b8249e2c372d4611abd1002f3799
6,20,0.1,1.0,15,1.6,64,64,1,0,haar,IXYZ,future_rows_history_columns,complete_retained_record,1,0,1e-12,0.04098295630538571,0.0,0.07755628651168887,0.0,0.2768948847523409,0.0,-0.03657333020630316,-0.23591192844695522,49.381163975004355,64,256x64,raw/probes_cut_15.npz,d7709bc40ff6b29911edf30dbb72c9f335837e8473ecb821900aeb99868207e2,raw/cut_15_J_1p6.npz,f832f048fe9070232be26a8d0b8f8964a0cca6f0356b142f628b24993b147543
6,20,0.1,1.0,15,1.6500000000000001,64,64,1,0,haar,IXYZ,future_rows_history_columns,complete_retained_record,1,0,1e-12,0.04195431357107594,0.0,0.07924112822340695,0.0,0.27517949649099394,0.0,-0.03728681465233102,-0.233225182919918,49.3630149162014,64,256x64,raw/probes_cut_15.npz,d7709bc40ff6b29911edf30dbb72c9f335837e8473ecb821900aeb99868207e2,raw/cut_15_J_1p65.npz,e99cf0c5985aed812ee3e30baa35b32f737edbfcd27be3df2e19be0e8d6bf7c6
6,20,0.1,1.0,15,1.7000000000000002,64,64,1,0,haar,IXYZ,future_rows_history_columns,complete_retained_record,1,0,1e-12,0.042750810835446025,0.0,0.08062740552178574,0.0,0.2733297166359627,0.0,-0.037876594686339714,-0.2305789058005167,49.355844072000636,64,256x64,raw/probes_cut_15.npz,d7709bc40ff6b29911edf30dbb72c9f335837e8473ecb821900aeb99868207e2,raw/cut_15_J_1p7.npz,ffa189bf1cf61da61ad874fb039f87078e28ba44dc43fa6403b445145f50e868
6,20,0.1,1.0,15,1.75,64,64,1,0,haar,IXYZ,future_rows_history_columns,complete_retained_record,1,0,1e-12,0.04345147700697461,0.0,0.08186556616916554,0.0,0.2718997212549986,0.0,-0.03841408916219093,-0.228448244248024,49.35727742257304,64,256x64,raw/probes_cut_15.npz,d7709bc40ff6b29911edf30dbb72c9f335837e8473ecb821900aeb99868207e2,raw/cut_15_J_1p75.npz,3f1a169ab39c3c85eeba74e6936b445c1aaff5f21ae90a7a946b495e320443ba
6,20,0.1,1.0,15,1.8,64,64,1,0,haar,IXYZ,future_rows_history_columns,complete_retained_record,1,0,1e-12,0.04412751045253142,0.0,0.08308566918966133,0.0,0.27123383478161256,0.0,-0.03895815873712991,-0.22710632432908115,49.365039462739034,64,256x64,raw/probes_cut_15.npz,d7709bc40ff6b29911edf30dbb72c9f335837e8473ecb821900aeb99868207e2,raw/cut_15_J_1p8.npz,18050a2f7f77e4bed9b0ff9d878b5eeb5122a7fa3c6069672bc8e68825193df6
6,20,0.1,1.0,15,1.85,64,64,1,0,haar,IXYZ,future_rows_history_columns,complete_retained_record,1,0,1e-12,0.044833993018016736,0.0,0.08438316448742908,0.0,0.2714704357451256,0.0,-0.03954917146941234,-0.22663644272710884,49.3769604046865,64,256x64,raw/probes_cut_15.npz,d7709bc40ff6b29911edf30dbb72c9f335837e8473ecb821900aeb99868207e2,raw/cut_15_J_1p85.npz,c6fdc78f20ed8d4128b249f51a599486ff361d96381d4eae81ed3e57557eb25f
6,20,0.1,1.0,15,1.9000000000000001,64,64,1,0,haar,IXYZ,future_rows_history_columns,complete_retained_record,1,0,1e-12,0.04560489497823291,0.0,0.08581134888375859,0.0,0.27257048147615065,0.0,-0.04020645390552568,-0.22696558649791773,49.39097783585155,64,256x64,raw/probes_cut_15.npz,d7709bc40ff6b29911edf30dbb72c9f335837e8473ecb821900aeb99868207e2,raw/cut_15_J_1p9.npz,f5bce066f31c965d1925b21653e21d964a98b603c37d88ffc0735fa824ca5635
6,20,0.1,1.0,15,1.9500000000000002,64,64,1,0,haar,IXYZ,future_rows_history_columns,complete_retained_record,1,0,1e-12,0.04645183912199343,0.0,0.0873809900975195,0.0,0.2743624445851269,0.0,-0.04092915097552607,-0.22791060546313344,49.405139372577246,64,256x64,raw/probes_cut_15.npz,d7709bc40ff6b29911edf30dbb72c9f335837e8473ecb821900aeb99868207e2,raw/cut_15_J_1p95.npz,9a3ff7153539b8483712c7d2ec69be269b618d2efd078da94e876648290dba2e
6,20,0.1,1.0,15,2.0,64,64,1,0,haar,IXYZ,future_rows_history_columns,complete_retained_record,1,0,1e-12,0.0473663743304212,0.0,0.08906628998705728,0.0,0.2765941085715182,0.0,-0.041699915656636076,-0.22922773424109702,49.41760926949519,64,256x64,raw/probes_cut_15.npz,d7709bc40ff6b29911edf30dbb72c9f335837e8473ecb821900aeb99868207e2,raw/cut_15_J_2.npz,d1a39d55190853aabbe2fc726eb70ad1fdeb46657bb4d7d854a65fe750441af9
6,20,0.1,1.0,16,0.0,64,64,1,0,haar,IXYZ,future_rows_history_columns,complete_retained_record,1,0,1e-12,0.0,0.0,0.0,0.0,0.0,0.0,0.0,0.0,47.86190864181559,1,256x64,raw/probes_cut_16.npz,2872ad9742a7908ffb0dfd3e00ff9cecb0cb24743b624a4288f2926f3032aa93,raw/cut_16_J_0.npz,b3f4c457e941eec91e9f1e6fb93f4ca8967a067cc429164092b3e9de4a16bb13
6,20,0.1,1.0,16,0.05,64,64,1,0,haar,IXYZ,future_rows_history_columns,complete_retained_record,1,0,1e-12,1.2952170600327612e-07,0.0,2.49995482741179e-07,0.0,7.712267624057977e-07,0.0,-1.2047377673790287e-07,-6.417050564025216e-07,47.88600853804863,64,256x64,raw/probes_cut_16.npz,2872ad9742a7908ffb0dfd3e00ff9cecb0cb24743b624a4288f2926f3032aa93,raw/cut_16_J_0p05.npz,696cb6b1e444f424a3d85dd697c87cb26385442714e4a0ac4bfa1e8b2b6c8ea0
6,20,0.1,1.0,16,0.1,64,64,1,0,haar,IXYZ,future_rows_history_columns,complete_retained_record,1,0,1e-12,1.8389734718310233e-06,0.0,3.528350025491141e-06,0.0,1.074333217770254e-05,0.0,-1.6893765536601176e-06,-8.904358705871518e-06,47.901639718909564,64,256x64,raw/probes_cut_16.npz,2872ad9742a7908ffb0dfd3e00ff9cecb0cb24743b624a4288f2926f3032aa93,raw/cut_16_J_0p1.npz,aa0d8c8fa263621ec22ab4932c3474ec759cd0bde7d5c527c2f8e81bb7338651
6,20,0.1,1.0,16,0.15000000000000002,64,64,1,0,haar,IXYZ,future_rows_history_columns,complete_retained_record,1,0,1e-12,8.791875764047653e-06,0.0,1.679187241766289e-05,0.0,5.062708621098369e-05,0.0,-7.999996653615237e-06,-4.1835210446936036e-05,47.90672886579057,64,256x64,raw/probes_cut_16.npz,2872ad9742a7908ffb0dfd3e00ff9cecb0cb24743b624a4288f2926f3032aa93,raw/cut_16_J_0p15.npz,9e1363dd699a5622bd103e4ce394a03accb5252e65c96d41d4df0e2757a5f3ea
6,20,0.1,1.0,16,0.2,64,64,1,0,haar,IXYZ,future_rows_history_columns,complete_retained_record,1,0,1e-12,2.696564996957037e-05,0.0,5.1305053788754495e-05,0.0,0.0001534775710329206,0.0,-2.4339403819184124e-05,-0.00012651192106335023,47.89879217057429,64,256x64,raw/probes_cut_16.npz,2872ad9742a7908ffb0dfd3e00ff9cecb0cb24743b624a4288f2926f3032aa93,raw/cut_16_J_0p2.npz,50f0675a45bae2eec96d6e74a5e7ffd491e04c0b868b33d3537aab70704de788
6,20,0.1,1.0,16,0.25,64,64,1,0,haar,IXYZ,future_rows_history_columns,complete_retained_record,1,0,1e-12,6.460488196330461e-05,0.0,0.00012251395155955084,0.0,0.00036425093842621937,0.0,-5.7909069596246223e-05,-0.00029964605646291473,47.87511609163865,64,256x64,raw/probes_cut_16.npz,2872ad9742a7908ffb0dfd3e00ff9cecb0cb24743b624a4288f2926f3032aa93,raw/cut_16_J_0p25.npz,44377185346148e065bcf4c986e72d3ae00ab5b692dccf39737f70cf894b8479
6,20,0.1,1.0,16,0.30000000000000004,64,64,1,0,haar,IXYZ,future_rows_history_columns,complete_retained_record,1,0,1e-12,0.00013163405230037054,0.0,0.00024894215814371177,0.0,0.0007367184323273211,0.0,-0.00011730810584334122,-0.0006050843800269505,47.83296405667867,64,256x64,raw/probes_cut_16.npz,2872ad9742a7908ffb0dfd3e00ff9cecb0cb24743b624a4288f2926f3032aa93,raw/cut_16_J_0p3.npz,5102301fa076b52ceb19b44c11a8d169ab0d3451ee4cdf7ec9dc1ddb380e09ae
6,20,0.1,1.0,16,0.35000000000000003,64,64,1,0,haar,IXYZ,future_rows_history_columns,complete_retained_record,1,0,1e-12,0.0002384527259214632,0.0,0.0004499952001477066,0.0,0.001327455736140349,0.0,-0.00021154247422624337,-0.0010890030102188857,47.7697920666378,64,256x64,raw/probes_cut_16.npz,2872ad9742a7908ffb0dfd3e00ff9cecb0cb24743b624a4288f2926f3032aa93,raw/cut_16_J_0p35.npz,00e0a9350c8c04297a3d8dc8f5c55a026d17fcf7925a6b85be8b619d8e033492
6,20,0.1,1.0,16,0.4,64,64,1,0,haar,IXYZ,future_rows_history_columns,complete_retained_record,1,0,1e-12,0.0003944194365041462,0.0,0.0007432550742293061,0.0,0.0021885803871271553,0.0,-0.00034883563772515993,-0.001794160950623009,47.6834564138806,64,256x64,raw/probes_cut_16.npz,2872ad9742a7908ffb0dfd3e00ff9cecb0cb24743b624a4288f2926f3032aa93,raw/cut_16_J_0p4.npz,06c407969f580ea05efa3fc0e306be1d71b8bac740e3fb6f54be41b5259b0ea0
6,20,0.1,1.0,16,0.45,64,64,1,0,haar,IXYZ,future_rows_history_columns,complete_retained_record,1,0,1e-12,0.0006066229579654734,0.0,0.001142349256109053,0.0,0.003362225190874373,0.0,-0.0005357262981435796,-0.0027556022329089,47.572399624605346,64,256x64,raw/probes_cut_16.npz,2872ad9742a7908ffb0dfd3e00ff9cecb0cb24743b624a4288f2926f3032aa93,raw/cut_16_J_0p45.npz,e89156b68af218e2427e8ea4f5965a988d25175ce14892a0a9fc91535eef2c5f
6,20,0.1,1.0,16,0.5,64,64,1,0,haar,IXYZ,future_rows_history_columns,complete_retained_record,1,0,1e-12,0.0008796650067440704,0.0,0.0016566763454059956,0.0,0.0048801449473170255,0.0,-0.0007770113386619252,-0.004000479940572955,47.43580353145366,64,256x64,raw/probes_cut_16.npz,2872ad9742a7908ffb0dfd3e00ff9cecb0cb24743b624a4288f2926f3032aa93,raw/cut_16_J_0p5.npz,8cc51d5a5bdd085103357a4c579eedcdadc53891520a62a3164cb3644f0903c2
6,20,0.1,1.0,16,0.55,64,64,1,0,haar,IXYZ,future_rows_history_columns,complete_retained_record,1,0,1e-12,0.0012170829557283322,0.0,0.0022940958635887946,0.0,0.006771263414676074,0.0,-0.0010770129078604624,-0.005554180458947742,47.273701911777835,64,256x64,raw/probes_cut_16.npz,2872ad9742a7908ffb0dfd3e00ff9cecb0cb24743b624a4288f2926f3032aa93,raw/cut_16_J_0p55.npz,c82d73bab6a8885c1cdf9740578e6e32bb2aef2a1d86b8fed16f067a62a867a8
6,20,0.1,1.0,16,0.6000000000000001,64,64,1,0,haar,IXYZ,future_rows_history_columns,complete_retained_record,1,0,1e-12,0.001624732116572995,0.0,0.0030671637247485202,0.0,0.00907850499256474,0.0,-0.0014424316081755252,-0.007453772875991745,47.08704728250302,64,256x64,raw/probes_cut_16.npz,2872ad9742a7908ffb0dfd3e00ff9cecb0cb24743b624a4288f2926f3032aa93,raw/cut_16_J_0p6.npz,a76cbb16de695693b4210354503d9b57d3bcb4d6e4313bc0b4a7859f4e2d72bc
6,20,0.1,1.0,16,0.65,64,64,1,0,haar,IXYZ,future_rows_history_columns,complete_retained_record,1,0,1e-12,0.002115939574219268,0.0,0.004002632267789365,0.0,0.01188397381012495,0.0,-0.0018866926935700973,-0.009768034235905682,46.87772748034387,64,256x64,raw/probes_cut_16.npz,2872ad9742a7908ffb0dfd3e00ff9cecb0cb24743b624a4288f2926f3032aa93,raw/cut_16_J_0p65.npz,471ffada85f4dc15d72a5200d6889d31f3a00f88e3a550c8bdb575c5eb757565
6,20,0.1,1.0,16,0.7000000000000001,64,64,1,0,haar,IXYZ,future_rows_history_columns,complete_retained_record,1,0,1e-12,0.0027175918208093893,0.0,0.0051527759026008466,0.0,0.01533848025037325,0.0,-0.0024351840817914572,-0.01262088842956386,46.64852996779734,64,256x64,raw/probes_cut_16.npz,2872ad9742a7908ffb0dfd3e00ff9cecb0cb24743b624a4288f2926f3032aa93,raw/cut_16_J_0p7.npz,37ed324d0f448ec43b1d77da02cfb8bb07fcda17a3b635cbec2a31ded7a0a8bc
6,20,0.1,1.0,16,0.75,64,64,1,0,haar,IXYZ,future_rows_history_columns,complete_retained_record,1,0,1e-12,0.003475621549860045,0.0,0.006605766164165836,0.0,0.019687723914335563,0.0,-0.003130144614305791,-0.01621210236447552,46.4030519713041,64,256x64,raw/probes_cut_16.npz,2872ad9742a7908ffb0dfd3e00ff9cecb0cb24743b624a4288f2926f3032aa93,raw/cut_16_J_0p75.npz,079e92ad04d8ff000935c7e9e5b79611bc1c3e930951ff89771935c69d8c79ca
6,20,0.1,1.0,16,0.8,64,64,1,0,haar,IXYZ,future_rows_history_columns,complete_retained_record,1,0,1e-12,0.0044577979444624695,0.0,0.008491101032820216,0.0,0.02528380404966097,0.0,-0.004033303088357747,-0.0208260061051985,46.145556756089796,64,256x64,raw/probes_cut_16.npz,2872ad9742a7908ffb0dfd3e00ff9cecb0cb24743b624a4288f2926f3032aa93,raw/cut_16_J_0p8.npz,af9da33f771e4851067d09f670f742780f24e20ee3242ca0db202934275253ec
6,20,0.1,1.0,16,0.8500000000000001,64,64,1,0,haar,IXYZ,future_rows_history_columns,complete_retained_record,1,0,1e-12,0.005751654048974881,0.0,0.010975711312868371,0.0,0.0325692246691199,0.0,-0.00522405726389349,-0.026817570620145018,45.88078038196637,64,256x64,raw/probes_cut_16.npz,2872ad9742a7908ffb0dfd3e00ff9cecb0cb24743b624a4288f2926f3032aa93,raw/cut_16_J_0p85.npz,c761484bb9f683cddaf2a35fa1bb0afa172df3fcd5730a788d1c85a9c7fea1f2
6,20,0.1,1.0,16,0.9,64,64,1,0,haar,IXYZ,future_rows_history_columns,complete_retained_record,1,0,1e-12,0.007456164191302928,0.0,0.014247676349466444,0.0,0.04202411871393482,0.0,-0.0067915121581635166,-0.034567954522631894,45.613696982086076,64,256x64,raw/probes_cut_16.npz,2872ad9742a7908ffb0dfd3e00ff9cecb0cb24743b624a4288f2926f3032aa93,raw/cut_16_J_0p9.npz,6e83c1c280780ed043d1f1310b3558d8071936a8a0a5065762d67c8ce56e5da9
6,20,0.1,1.0,16,0.9500000000000001,64,64,1,0,haar,IXYZ,future_rows_history_columns,complete_retained_record,1,0,1e-12,0.009667520287434655,0.0,0.018487907930583244,0.0,0.054078065985135315,0.0,-0.008820387643148589,-0.04441054569770066,45.349256761055635,64,256x64,raw/probes_cut_16.npz,2872ad9742a7908ffb0dfd3e00ff9cecb0cb24743b624a4288f2926f3032aa93,raw/cut_16_J_0p95.npz,8cd9d12766895b00cc25cb2c9d6639264f0581af1526a9d96a43e7127577fa6b
6,20,0.1,1.0,16,1.0,64,64,1,0,haar,IXYZ,future_rows_history_columns,complete_retained_record,1,0,1e-12,0.01246146399730643,0.0,0.02383465951155897,0.0,0.06900300036822059,0.0,-0.01137319551425254,-0.05654153637091416,45.09211613850056,64,256x64,raw/probes_cut_16.npz,2872ad9742a7908ffb0dfd3e00ff9cecb0cb24743b624a4288f2926f3032aa93,raw/cut_16_J_1.npz,fd71b9b13ac1d270ae7a34250dfacd8000b20d42c4e7030e5c5423e672936252
6,20,0.1,1.0,16,1.05,64,64,1,0,haar,IXYZ,future_rows_history_columns,complete_retained_record,1,0,1e-12,0.015876053991171375,0.0,0.030349026273256093,0.0,0.08681564156574327,0.0,-0.014472972282084717,-0.07093958757457189,44.84638327878416,64,256x64,raw/probes_cut_16.npz,2872ad9742a7908ffb0dfd3e00ff9cecb0cb24743b624a4288f2926f3032aa93,raw/cut_16_J_1p05.npz,0dcb35ff1ed9a32eecc46a91be16dcdec0e33ea4f3ea4727c4e32fc1b209358a
6,20,0.1,1.0,16,1.1,64,64,1,0,haar,IXYZ,future_rows_history_columns,complete_retained_record,1,0,1e-12,0.019898838831157274,0.0,0.037990086621918655,0.0,0.10721968716429199,0.0,-0.01809124779076138,-0.08732084833313472,44.6154045185994,64,256x64,raw/probes_cut_16.npz,2872ad9742a7908ffb0dfd3e00ff9cecb0cb24743b624a4288f2926f3032aa93,raw/cut_16_J_1p1.npz,4f884ddc7d7c3fb736db46b8e18ac50f9a7e9afdc29f81b9a68b515eb69ed494
6,20,0.1,1.0,16,1.1500000000000001,64,64,1,0,haar,IXYZ,future_rows_history_columns,complete_retained_record,1,0,1e-12,0.024461322015205598,0.0,0.046606030610875024,0.0,0.1296082741464592,0.0,-0.022144708595669426,-0.10514695213125361,44.4016139971125,64,256x64,raw/probes_cut_16.npz,2872ad9742a7908ffb0dfd3e00ff9cecb0cb24743b624a4288f2926f3032aa93,raw/cut_16_J_1p15.npz,48725e38d3bb4c071e90dbeae9f7660fce956a73503246d15e1a084aca369e8f
6,20,0.1,1.0,16,1.2000000000000002,64,64,1,0,haar,IXYZ,future_rows_history_columns,complete_retained_record,1,0,1e-12,0.029441808977570073,0.0,0.05594341286986879,0.0,0.15312864651770208,0.0,-0.02650160389229872,-0.12368683754013202,44.20646310845755,64,256x64,raw/probes_cut_16.npz,2872ad9742a7908ffb0dfd3e00ff9cecb0cb24743b624a4288f2926f3032aa93,raw/cut_16_J_1p2.npz,b2a4c65bed7a2bb0303fdfe64007e1e6793fe8eef0aec12e7eb5acebd96060ce
6,20,0.1,1.0,16,1.25,64,64,1,0,haar,IXYZ,future_rows_history_columns,complete_retained_record,1,0,1e-12,0.0346760663188119,0.0,0.06567258389365933,0.0,0.17679257662901623,0.0,-0.030996517574847435,-0.14211651031020434,44.03043731670048,64,256x64,raw/probes_cut_16.npz,2872ad9742a7908ffb0dfd3e00ff9cecb0cb24743b624a4288f2926f3032aa93,raw/cut_16_J_1p25.npz,d53914509d8552a5087ddb3a88a3825601bc0a1453fc200b93740e8d6714958e
6,20,0.1,1.0,16,1.3,64,64,1,0,haar,IXYZ,future_rows_history_columns,complete_retained_record,1,0,1e-12,0.039973996803832734,0.0,0.07542437605383497,0.0,0.19960505782576407,0.0,-0.03545037925000223,-0.15963106102193134,43.87315610330369,64,256x64,raw/probes_cut_16.npz,2872ad9742a7908ffb0dfd3e00ff9cecb0cb24743b624a4288f2926f3032aa93,raw/cut_16_J_1p3.npz,7bdc3923434fda39ffeea094f00e2083f12e17bca064a7a5150ce72e502f7e10
6,20,0.1,1.0,16,1.35,64,64,1,0,haar,IXYZ,future_rows_history_columns,complete_retained_record,1,0,1e-12,0.045139686037034964,0.0,0.08483140846823609,0.0,0.22068251481629705,0.0,-0.03969172243120112,-0.17554282877926208,43.73354159862789,64,256x64,raw/probes_cut_16.npz,2872ad9742a7908ffb0dfd3e00ff9cecb0cb24743b624a4288f2926f3032aa93,raw/cut_16_J_1p35.npz,c0e1a018d0592b315b8c4a824d329d551fb74f2b5e180dcad4cc7138592cb7d4
6,20,0.1,1.0,16,1.4000000000000001,64,64,1,0,haar,IXYZ,future_rows_history_columns,complete_retained_record,1,0,1e-12,0.04999186205901346,0.0,0.09356728018533882,0.0,0.2393395144670849,0.0,-0.04357541812632536,-0.18934765240807144,43.61003237069576,64,256x64,raw/probes_cut_16.npz,2872ad9742a7908ffb0dfd3e00ff9cecb0cb24743b624a4288f2926f3032aa93,raw/cut_16_J_1p4.npz,29db7fc09660efe85d755e8bc9e67eda8ff10ac57890a3b70a529527f211b9ee
6,20,0.1,1.0,16,1.4500000000000002,64,64,1,0,haar,IXYZ,future_rows_history_columns,complete_retained_record,1,0,1e-12,0.054382025456779864,0.0,0.10137823804465547,0.0,0.25513522067035566,0.0,-0.046996212587875605,-0.2007531952135758,43.5008149018482,64,256x64,raw/probes_cut_16.npz,2872ad9742a7908ffb0dfd3e00ff9cecb0cb24743b624a4288f2926f3032aa93,raw/cut_16_J_1p45.npz,c306c511f794ad14ee6a821a4fb723456229ade9f951f9f8373d5c52cecebab4
6,20,0.1,1.0,16,1.5,64,64,1,0,haar,IXYZ,future_rows_history_columns,complete_retained_record,1,0,1e-12,0.058208141347842655,0.0,0.10810403165901629,0.0,0.2678821862672407,0.0,-0.049895890311173634,-0.20967404491939803,43.404044013440036,64,256x64,raw/probes_cut_16.npz,2872ad9742a7908ffb0dfd3e00ff9cecb0cb24743b624a4288f2926f3032aa93,raw/cut_16_J_1p5.npz,eb7978f9e5fe60cc2c4d37e43a20d6d3d745d72753c3ec71696f99aa84a16777
6,20,0.1,1.0,16,1.55,64,64,1,0,haar,IXYZ,future_rows_history_columns,complete_retained_record,1,0,1e-12,0.06142260952556109,0.0,0.1136868468399735,0.0,0.2776269004163593,0.0,-0.05226423731441241,-0.2162042908907982,43.318029223547505,64,256x64,raw/probes_cut_16.npz,2872ad9742a7908ffb0dfd3e00ff9cecb0cb24743b624a4288f2926f3032aa93,raw/cut_16_J_1p55.npz,b4e8e71abe06c63b0e4d180fc914356787bb846a61bcfe84c51bce4211c523be
6,20,0.1,1.0,16,1.6,64,64,1,0,haar,IXYZ,future_rows_history_columns,complete_retained_record,1,0,1e-12,0.06403405075737288,0.0,0.11816890924472807,0.0,0.2846130656100931,0.0,-0.05413485848735519,-0.2205790148527202,43.2413688324836,64,256x64,raw/probes_cut_16.npz,2872ad9742a7908ffb0dfd3e00ff9cecb0cb24743b624a4288f2926f3032aa93,raw/cut_16_J_1p6.npz,4b142abc35817509714fd4a234985799d59056740da7fa23e93630f537b3fb0e
6,20,0.1,1.0,16,1.6500000000000001,64,64,1,0,haar,IXYZ,future_rows_history_columns,complete_retained_record,1,0,1e-12,0.06610317843295581,0.0,0.1216804249558458,0.0,0.28923646425364175,0.0,-0.05557724652288999,-0.22313328582068592,43.17302506128612,64,256x64,raw/probes_cut_16.npz,2872ad9742a7908ffb0dfd3e00ff9cecb0cb24743b624a4288f2926f3032aa93,raw/cut_16_J_1p65.npz,177c4da62b237365de5aa4a0a948a0b9fa09a67c3bd5bda05348435989ad17d0
6,20,0.1,1.0,16,1.7000000000000002,64,64,1,0,haar,IXYZ,future_rows_history_columns,complete_retained_record,1,0,1e-12,0.0677335714092633,0.0,0.12442002978499078,0.0,0.2919967798662658,0.0,-0.056686458375727486,-0.22426320845700254,43.11233980090961,64,256x64,raw/probes_cut_16.npz,2872ad9742a7908ffb0dfd3e00ff9cecb0cb24743b624a4288f2926f3032aa93,raw/cut_16_J_1p7.npz,4a6b93e12daa3cdc6abfa3eb1ce4c0082ae54d2fe781c9178f032433d8dd6626
6,20,0.1,1.0,16,1.75,64,64,1,0,haar,IXYZ,future_rows_history_columns,complete_retained_record,1,0,1e-12,0.06905861505013361,0.0,0.1266302053876828,0.0,0.2934489979074432,0.0,-0.05757159033754919,-0.2243903828573096,43.058999701995354,64,256x64,raw/probes_cut_16.npz,2872ad9742a7908ffb0dfd3e00ff9cecb0cb24743b624a4288f2926f3032aa93,raw/cut_16_J_1p75.npz,51c126e11ca628554e9a10aa31c9a2634542028595a624b3d0b67f964ca4d270
6,20,0.1,1.0,16,1.8,64,64,1,0,haar,IXYZ,future_rows_history_columns,complete_retained_record,1,0,1e-12,0.07022617748747903,0.0,0.12857024471082035,0.0,0.2941556498169569,0.0,-0.05834406722334132,-0.22392947232947788,43.0129633906132,64,256x64,raw/probes_cut_16.npz,2872ad9742a7908ffb0dfd3e00ff9cecb0cb24743b624a4288f2926f3032aa93,raw/cut_16_J_1p8.npz,61b6bb8b42bef6b915bb365be94f1b208630fe5258c14bc2e728f1117bf3f430
6,20,0.1,1.0,16,1.85,64,64,1,0,haar,IXYZ,future_rows_history_columns,complete_retained_record,1,0,1e-12,0.07138276658464479,0.0,0.13048946898403735,0.0,0.29464140375008163,0.0,-0.05910670239939256,-0.22325863716543684,42.974366710567196,64,256x64,raw/probes_cut_16.npz,2872ad9742a7908ffb0dfd3e00ff9cecb0cb24743b624a4288f2926f3032aa93,raw/cut_16_J_1p85.npz,e406bf75d1790fd34f3f345f0a7f65e128c4f0f8ad2ce9d9728acbd601d0ce47
6,20,0.1,1.0,16,1.9000000000000001,64,64,1,0,haar,IXYZ,future_rows_history_columns,complete_retained_record,1,0,1e-12,0.07265900761517925,0.0,0.13260354934992027,0.0,0.29535295275379264,0.0,-0.05994454173474102,-0.2226939451386134,42.943421064139436,64,256x64,raw/probes_cut_16.npz,2872ad9742a7908ffb0dfd3e00ff9cecb0cb24743b624a4288f2926f3032aa93,raw/cut_16_J_1p9.npz,1e29b618f6462ef393573dde52e4c65f40bed54c8634b0e1fa4ef5cdf1a28498
6,20,0.1,1.0,16,1.9500000000000002,64,64,1,0,haar,IXYZ,future_rows_history_columns,complete_retained_record,1,0,1e-12,0.07415808569359948,0.0,0.13507650421466977,0.0,0.29662810328798506,0.0,-0.060918418521070286,-0.22247001759438556,42.920318939819055,64,256x64,raw/probes_cut_16.npz,2872ad9742a7908ffb0dfd3e00ff9cecb0cb24743b624a4288f2926f3032aa93,raw/cut_16_J_1p95.npz,a5c52dc0b240727ed51dfd6efe4c154e49482f1dd796dd7128497a7b87159031
6,20,0.1,1.0,16,2.0,64,64,1,0,haar,IXYZ,future_rows_history_columns,complete_retained_record,1,0,1e-12,0.07594842987834481,0.0,0.13801037535969105,0.0,0.29867831643256937,0.0,-0.062061945481346234,-0.22272988655422454,42.90515599690981,64,256x64,raw/probes_cut_16.npz,2872ad9742a7908ffb0dfd3e00ff9cecb0cb24743b624a4288f2926f3032aa93,raw/cut_16_J_2.npz,e185c2b71e747a85a7a83b583fd0006602294e44d67a38d7e4e6e8ae3defd6f6
6,20,0.1,1.0,17,0.0,64,64,1,0,haar,IXYZ,future_rows_history_columns,complete_retained_record,1,0,1e-12,0.0,0.0,0.0,0.0,0.0,0.0,0.0,0.0,57.01490147223707,1,256x64,raw/probes_cut_17.npz,6c62491e3cfbc4e0a00dcadc4e5e20978d6a62e99304332fad3e86f3d45aefbb,raw/cut_17_J_0.npz,7dc93d86b86637655e0d5e9434e40a95cb995e089938b6c6254e250b24d46877
6,20,0.1,1.0,17,0.05,64,64,1,0,haar,IXYZ,future_rows_history_columns,complete_retained_record,1,0,1e-12,1.2779544751738177e-07,0.0,2.467093281517853e-07,0.0,1.0073906486706555e-06,0.0,-1.1891388063440353e-07,-8.795952011532738e-07,57.024029824603545,64,256x64,raw/probes_cut_17.npz,6c62491e3cfbc4e0a00dcadc4e5e20978d6a62e99304332fad3e86f3d45aefbb,raw/cut_17_J_0p05.npz,62861675cc64d0db63dd83c101a9df17dafa750e34676a69905b88ce7497f4a6
6,20,0.1,1.0,17,0.1,64,64,1,0,haar,IXYZ,future_rows_history_columns,complete_retained_record,1,0,1e-12,1.8589866111380398e-06,0.0,3.566642461392375e-06,0.0,1.4392304963180023e-05,0.0,-1.707655850254335e-06,-1.2533318352041984e-05,57.012872524006916,64,256x64,raw/probes_cut_17.npz,6c62491e3cfbc4e0a00dcadc4e5e20978d6a62e99304332fad3e86f3d45aefbb,raw/cut_17_J_0p1.npz,a5525c4e5e839464a0fb124e41a330804f55a5a8a5b79f4d8fca92603f100d25
6,20,0.1,1.0,17,0.15000000000000002,64,64,1,0,haar,IXYZ,future_rows_history_columns,complete_retained_record,1,0,1e-12,9.014348722240695e-06,0.0,1.7215486451237853e-05,0.0,6.89701623268207e-05,0.0,-8.201137728997157e-06,-5.995581360458001e-05,56.97982364791546,64,256x64,raw/probes_cut_17.npz,6c62491e3cfbc4e0a00dcadc4e5e20978d6a62e99304332fad3e86f3d45aefbb,raw/cut_17_J_0p15.npz,e70c405080faa5666a8b7a9fe3f2bb62f675c96d89bceaed47ef7e5028743172
6,20,0.1,1.0,17,0.2,64,64,1,0,haar,IXYZ,future_rows_history_columns,complete_retained_record,1,0,1e-12,2.7789689565825977e-05,0.0,5.2868059349193064e-05,0.0,0.0002108787463506179,0.0,-2.5078369783367087e-05,-0.00018308905678479192,56.92272767810722,64,256x64,raw/probes_cut_17.npz,6c62491e3cfbc4e0a00dcadc4e5e20978d6a62e99304332fad3e86f3d45aefbb,raw/cut_17_J_0p2.npz,409eaff28a86b6997d29346f75ff7853f61a3654762b5defd35632640965d43c
6,20,0.1,1.0,17,0.25,64,64,1,0,haar,IXYZ,future_rows_history_columns,complete_retained_record,1,0,1e-12,6.644303403050679e-05,0.0,0.0001259904051775334,0.0,0.0005014162857355759,0.0,-5.954737114702661e-05,-0.0004349732517050691,56.839041998212124,64,256x64,raw/probes_cut_17.npz,6c62491e3cfbc4e0a00dcadc4e5e20978d6a62e99304332fad3e86f3d45aefbb,raw/cut_17_J_0p25.npz,8a4b202b88d340d504618d964db9381d935939fd892ff9a2a06b5826c776a1f9
6,20,0.1,1.0,17,0.30000000000000004,64,64,1,0,haar,IXYZ,future_rows_history_columns,complete_retained_record,1,0,1e-12,0.00013442738981184633,0.0,0.0002542184703806544,0.0,0.0010112773320007336,0.0,-0.00011979108056880809,-0.0008768499421888873,56.726042146332944,64,256x64,raw/probes_cut_17.npz,6c62491e3cfbc4e0a00dcadc4e5e20978d6a62e99304332fad3e86f3d45aefbb,raw/cut_17_J_0p3.npz,d1a3449b27a6ff7d35e650eece84db10e6cd838784ed8491f8a0bcd2a59b82c5
6,20,0.1,1.0,17,0.35000000000000003,64,64,1,0,haar,IXYZ,future_rows_history_columns,complete_retained_record,1,0,1e-12,0.00024105962588580034,0.0,0.00045493679322950494,0.0,0.0018119362779409002,0.0,-0.0002138771673437046,-0.0015708766520551,56.58105479447035,64,256x64,raw/probes_cut_17.npz,6c62491e3cfbc4e0a00dcadc4e5e20978d6a62e99304332fad3e86f3d45aefbb,raw/cut_17_J_0p35.npz,956c3b8a4f23f48bb1d460aa48e0ab87b0b96a49e1bb6823571cd76b4bbebf9d
6,20,0.1,1.0,17,0.4,64,64,1,0,haar,IXYZ,future_rows_history_columns,complete_retained_record,1,0,1e-12,0.0003941211668936431,0.0,0.0007427971087177445,0.0,0.002967032245380032,0.0,-0.00034867594182410135,-0.002572911078486389,56.401700624260116,64,256x64,raw/probes_cut_17.npz,6c62491e3cfbc4e0a00dcadc4e5e20978d6a62e99304332fad3e86f3d45aefbb,raw/cut_17_J_0p4.npz,9efaa30eba386ab5bec5f6a51346f498a7ba16b7245a8a3c9f951654d84e3d0c
6,20,0.1,1.0,17,0.45,64,64,1,0,haar,IXYZ,future_rows_history_columns,complete_retained_record,1,0,1e-12,0.0005989790856717093,0.0,0.0011282337883192649,0.0,0.004527759276516052,0.0,-0.0005292547026475555,-0.003928780190844343,56.18613096751194,64,256x64,raw/probes_cut_17.npz,6c62491e3cfbc4e0a00dcadc4e5e20978d6a62e99304332fad3e86f3d45aefbb,raw/cut_17_J_0p45.npz,89c410cde442bae411fa8882e4b828a0b370d40845fcc1f7e5653a00a5c97424
6,20,0.1,1.0,17,0.5,64,64,1,0,haar,IXYZ,future_rows_history_columns,complete_retained_record,1,0,1e-12,0.000858845268498045,0.0,0.0016180663308602526,0.0,0.006536328670817622,0.0,-0.0007592210623622077,-0.0056774834023195775,55.933244136401726,64,256x64,raw/probes_cut_17.npz,6c62491e3cfbc4e0a00dcadc4e5e20978d6a62e99304332fad3e86f3d45aefbb,raw/cut_17_J_0p5.npz,74d4aa70243def6ad8f91e1904a485b3abb5275faa343d58d34b0074524e2577
6,20,0.1,1.0,17,0.55,64,64,1,0,haar,IXYZ,future_rows_history_columns,complete_retained_record,1,0,1e-12,0.001176640738948021,0.0,0.002219011431997081,0.0,0.00904054056121911,0.0,-0.00104237069304906,-0.00786389982227109,55.64286973880422,64,256x64,raw/probes_cut_17.npz,6c62491e3cfbc4e0a00dcadc4e5e20978d6a62e99304332fad3e86f3d45aefbb,raw/cut_17_J_0p55.npz,b5e91d4a0480cda83aca3bb443d037fa893aea6eacfd2c56bcb69207c3e0c651
6,20,0.1,1.0,17,0.6000000000000001,64,64,1,0,haar,IXYZ,future_rows_history_columns,complete_retained_record,1,0,1e-12,0.001558603455259173,0.0,0.002944368330291946,0.0,0.0121204320651867,0.0,-0.0013857648750327729,-0.010561828609927527,55.31591038435945,64,256x64,raw/probes_cut_17.npz,6c62491e3cfbc4e0a00dcadc4e5e20978d6a62e99304332fad3e86f3d45aefbb,raw/cut_17_J_0p6.npz,f0efa79435a6976c1e73125fa6a6130478b7898dd7eb62753b6c7f907dcdb531
6,20,0.1,1.0,17,0.65,64,64,1,0,haar,IXYZ,future_rows_history_columns,complete_retained_record,1,0,1e-12,0.0020192901559756816,0.0,0.003823305158850005,0.0,0.015924783398839886,0.0,-0.0018040150028743236,-0.013905493242864204,54.95443272161911,64,256x64,raw/probes_cut_17.npz,6c62491e3cfbc4e0a00dcadc4e5e20978d6a62e99304332fad3e86f3d45aefbb,raw/cut_17_J_0p65.npz,33ae8b473bc99401856bf830496fae393e747bbcc932a13d6854cec00ef3f408
6,20,0.1,1.0,17,0.7000000000000001,64,64,1,0,haar,IXYZ,future_rows_history_columns,complete_retained_record,1,0,1e-12,0.0025870294421516623,0.0,0.004911101528320708,0.0,0.020710834732719695,0.0,-0.0023240720861690454,-0.01812380529056803,54.561700120576546,64,256x64,raw/probes_cut_17.npz,6c62491e3cfbc4e0a00dcadc4e5e20978d6a62e99304332fad3e86f3d45aefbb,raw/cut_17_J_0p7.npz,c2d46f8bd7cee70314ae248ad23fa1006569bb602081aa7d51369914f51a5feb
6,20,0.1,1.0,17,0.75,64,64,1,0,haar,IXYZ,future_rows_history_columns,complete_retained_record,1,0,1e-12,0.0033082680502659334,0.0,0.006297494973323579,0.0,0.02687493545973043,0.0,-0.0029892269230576453,-0.023566667409464497,54.14213988495304,64,256x64,raw/probes_cut_17.npz,6c62491e3cfbc4e0a00dcadc4e5e20978d6a62e99304332fad3e86f3d45aefbb,raw/cut_17_J_0p75.npz,0cc8455faaa63bce81e073b04acdd37693a1260241ad5e605e105a8699380e4d
6,20,0.1,1.0,17,0.8,64,64,1,0,haar,IXYZ,future_rows_history_columns,complete_retained_record,1,0,1e-12,0.004248836463497719,0.0,0.008109328099137864,0.0,0.03495641052710699,0.0,-0.0038604916356401444,-0.030707574063609272,53.70124040189237,64,256x64,raw/probes_cut_17.npz,6c62491e3cfbc4e0a00dcadc4e5e20978d6a62e99304332fad3e86f3d45aefbb,raw/cut_17_J_0p8.npz,1b0495fd1028ec23bd892449cbaad0579ded9993b735f088ab06b7504a692687
6,20,0.1,1.0,17,0.8500000000000001,64,64,1,0,haar,IXYZ,future_rows_history_columns,complete_retained_record,1,0,1e-12,0.0054902649436854856,0.0,0.010503660908375146,0.0,0.045594995300549196,0.0,-0.00501339596468966,-0.04010473035686371,53.245376076722124,64,256x64,raw/probes_cut_17.npz,6c62491e3cfbc4e0a00dcadc4e5e20978d6a62e99304332fad3e86f3d45aefbb,raw/cut_17_J_0p85.npz,28349579fea84d2b7601b414d6e89fa1002e52cf4ee8a2d6d6338df7330eecff
6,20,0.1,1.0,17,0.9,64,64,1,0,haar,IXYZ,future_rows_history_columns,complete_retained_record,1,0,1e-12,0.00712021517717942,0.0,0.013649150714353672,0.0,0.05942863775953613,0.0,-0.006528935537174253,-0.05230842258235671,52.78156359445295,64,256x64,raw/probes_cut_17.npz,6c62491e3cfbc4e0a00dcadc4e5e20978d6a62e99304332fad3e86f3d45aefbb,raw/cut_17_J_0p9.npz,1637516f20ee6cb0e453f5b06723dfbd07901c05a67a21b2a6915610f82e7c9d
6,20,0.1,1.0,17,0.9500000000000001,64,64,1,0,haar,IXYZ,future_rows_history_columns,complete_retained_record,1,0,1e-12,0.009217803862471383,0.0,0.017696903193093538,0.0,0.07693637652020886,0.0,-0.008479099330622155,-0.06771857265773748,52.31715962238294,64,256x64,raw/probes_cut_17.npz,6c62491e3cfbc4e0a00dcadc4e5e20978d6a62e99304332fad3e86f3d45aefbb,raw/cut_17_J_0p95.npz,77b396e787f20c66ea0102d3e27844c42dc0f3c74a230f23a8eda1f5ab0b3cfe
6,20,0.1,1.0,17,1.0,64,64,1,0,haar,IXYZ,future_rows_history_columns,complete_retained_record,1,0,1e-12,0.01183647991112036,0.0,0.022746041098096848,0.0,0.09825730326424678,0.0,-0.010909561186976488,-0.08642082335312642,51.85951817177404,64,256x64,raw/probes_cut_17.npz,6c62491e3cfbc4e0a00dcadc4e5e20978d6a62e99304332fad3e86f3d45aefbb,raw/cut_17_J_1.npz,57415f13c170e7a4a7cb2681e68f7ef75b92a9171720fab81cfa2dde3c0f2730
6,20,0.1,1.0,17,1.05,64,64,1,0,haar,IXYZ,future_rows_history_columns,complete_retained_record,1,0,1e-12,0.014988245647053366,0.0,0.028811935879211676,0.0,0.12304006119483843,0.0,-0.01382369023215831,-0.10805181554778506,51.415633804045676,64,256x64,raw/probes_cut_17.npz,6c62491e3cfbc4e0a00dcadc4e5e20978d6a62e99304332fad3e86f3d45aefbb,raw/cut_17_J_1p05.npz,555394c9bcb00e8997b6a5b1ac660f468476ddab4232e51715f2c979ad261cf3
6,20,0.1,1.0,17,1.1,64,64,1,0,haar,IXYZ,future_rows_history_columns,complete_retained_record,1,0,1e-12,0.018632870854444674,0.0,0.03580505319351887,0.0,0.15038281965530487,0.0,-0.017172182339074197,-0.1317499488008602,50.99180155248399,64,256x64,raw/probes_cut_17.npz,6c62491e3cfbc4e0a00dcadc4e5e20978d6a62e99304332fad3e86f3d45aefbb,raw/cut_17_J_1p1.npz,5dbd165d08c629df124d3e5d2631cdd7e7897e67366248ba5d9926917fad6d7c
6,20,0.1,1.0,17,1.1500000000000001,64,64,1,0,haar,IXYZ,future_rows_history_columns,complete_retained_record,1,0,1e-12,0.02267454871363216,0.0,0.04352584551967535,0.0,0.17890205855250335,0.0,-0.020851296806043192,-0.15622750983887118,50.59332702060477,64,256x64,raw/probes_cut_17.npz,6c62491e3cfbc4e0a00dcadc4e5e20978d6a62e99304332fad3e86f3d45aefbb,raw/cut_17_J_1p15.npz,de4fa09b0c9aa816bbf465b53b921b833ee9a8d39432399caa49a412d21966a9
6,20,0.1,1.0,17,1.2000000000000002,64,64,1,0,haar,IXYZ,future_rows_history_columns,complete_retained_record,1,0,1e-12,0.026966962437118765,0.0,0.051677646507561556,0.0,0.2069267081353782,0.0,-0.02471068407044279,-0.17995974569825943,50.22431622771876,64,256x64,raw/probes_cut_17.npz,6c62491e3cfbc4e0a00dcadc4e5e20978d6a62e99304332fad3e86f3d45aefbb,raw/cut_17_J_1p2.npz,e32d49b078bd207d7911d1f56576d1cf03d2867c7c0a4c7b77f5978e8221a247
6,20,0.1,1.0,17,1.25,64,64,1,0,haar,IXYZ,future_rows_history_columns,complete_retained_record,1,0,1e-12,0.03132623409642586,0.0,0.059895832294558984,0.0,0.23276744100500793,0.0,-0.028569598198133123,-0.20144120690858208,49.88756627704396,64,256x64,raw/probes_cut_17.npz,6c62491e3cfbc4e0a00dcadc4e5e20978d6a62e99304332fad3e86f3d45aefbb,raw/cut_17_J_1p25.npz,bcddf338b23f52c17dacb50a05454816cb2e6662fdc2ead500d82d7964a49d67
6,20,0.1,1.0,17,1.3,64,64,1,0,haar,IXYZ,future_rows_history_columns,complete_retained_record,1,0,1e-12,0.035549875975222356,0.0,0.06778827231602517,0.0,0.2549812335673681,0.0,-0.03223839634080282,-0.21943135759214577,49.5845660158458,64,256x64,raw/probes_cut_17.npz,6c62491e3cfbc4e0a00dcadc4e5e20978d6a62e99304332fad3e86f3d45aefbb,raw/cut_17_J_1p3.npz,a5661e8e1fc24ed3f4d791c8be79dea4a86d7a158bd4e858f22a01b0e8f143cc
6,20,0.1,1.0,17,1.35,64,64,1,0,haar,IXYZ,future_rows_history_columns,complete_retained_record,1,0,1e-12,0.03943888548943454,0.0,0.07498008059757867,0.0,0.2725568398543802,0.0,-0.03554119510814413,-0.23311795436494565,49.31560020430924,64,256x64,raw/probes_cut_17.npz,6c62491e3cfbc4e0a00dcadc4e5e20978d6a62e99304332fad3e86f3d45aefbb,raw/cut_17_J_1p35.npz,6f7275fcecd3afdc650574815337da87b4b7f76e47551d241733bfc6546785f3
6,20,0.1,1.0,17,1.4000000000000001,64,64,1,0,haar,IXYZ,future_rows_history_columns,complete_retained_record,1,0,1e-12,0.042819749112936525,0.0,0.08115545152187444,0.0,0.2849856009345938,0.0,-0.03833570240893791,-0.24216585182165729,49.079938568461,64,256x64,raw/probes_cut_17.npz,6c62491e3cfbc4e0a00dcadc4e5e20978d6a62e99304332fad3e86f3d45aefbb,raw/cut_17_J_1p4.npz,a98a0c7ad8956c5a0f466981c856ca87b6f7a67164ab174804a884cba98a1696
6,20,0.1,1.0,17,1.4500000000000002,64,64,1,0,haar,IXYZ,future_rows_history_columns,complete_retained_record,1,0,1e-12,0.04556336980488697,0.0,0.08609078462675632,0.0,0.2922298942847265,0.0,-0.04052741482186935,-0.24666652447983956,48.87607994062688,64,256x64,raw/probes_cut_17.npz,6c62491e3cfbc4e0a00dcadc4e5e20978d6a62e99304332fad3e86f3d45aefbb,raw/cut_17_J_1p45.npz,e3fdd6f9c3f05c9a17b48bbed09a662bb5de33e31e64840b3f1b5b051435264a
6,20,0.1,1.0,17,1.5,64,64,1,0,haar,IXYZ,future_rows_history_columns,complete_retained_record,1,0,1e-12,0.04759862744973471,0.0,0.08967559086986887,0.0,0.2946318821050119,0.0,-0.04207696342013416,-0.2470332546552772,48.70201794653339,64,256x64,raw/probes_cut_17.npz,6c62491e3cfbc4e0a00dcadc4e5e20978d6a62e99304332fad3e86f3d45aefbb,raw/cut_17_J_1p5.npz,9d355b9f83f1ff6a237edaadde45b14c10eeda243c9bc1ca46c779f38bbf9a04
6,20,0.1,1.0,17,1.55,64,64,1,0,haar,IXYZ,future_rows_history_columns,complete_retained_record,1,0,1e-12,0.048919193095672914,0.0,0.09192000917799918,0.0,0.29280805824984724,0.0,-0.04300081608232627,-0.24388886515417432,48.555494895590506,64,256x64,raw/probes_cut_17.npz,6c62491e3cfbc4e0a00dcadc4e5e20978d6a62e99304332fad3e86f3d45aefbb,raw/cut_17_J_1p55.npz,97d117fdeb363136ea83991af9b81b2d7e604abc665f367ae80058aa58ead850
6,20,0.1,1.0,17,1.6,64,64,1,0,haar,IXYZ,future_rows_history_columns,complete_retained_record,1,0,1e-12,0.049583099032596334,0.0,0.09294944750133585,0.0,0.28755816535253564,0.0,-0.04336634846873952,-0.2379750663199393,48.43421777293107,64,256x64,raw/probes_cut_17.npz,6c62491e3cfbc4e0a00dcadc4e5e20978d6a62e99304332fad3e86f3d45aefbb,raw/cut_17_J_1p6.npz,461fd36ecd02f1f6cd05a237a55be39e8ac28731cb8c071db4140d063e53313d
6,20,0.1,1.0,17,1.6500000000000001,64,64,1,0,haar,IXYZ,future_rows_history_columns,complete_retained_record,1,0,1e-12,0.04970530423371892,0.0,0.09298778247366186,0.0,0.2797952195777479,0.0,-0.04328247823994295,-0.23008991534402898,48.336019153373265,64,256x64,raw/probes_cut_17.npz,6c62491e3cfbc4e0a00dcadc4e5e20978d6a62e99304332fad3e86f3d45aefbb,raw/cut_17_J_1p65.npz,6235fe09b17e1dfb1357638cb502ef0e2abe442adce62022911436096e2427a6
6,20,0.1,1.0,17,1.7000000000000002,64,64,1,0,haar,IXYZ,future_rows_history_columns,complete_retained_record,1,0,1e-12,0.04944409173234648,0.0,0.09233096187947334,0.0,0.27048781926071275,0.0,-0.04288687014712687,-0.22104372752836626,48.25895663468351,64,256x64,raw/probes_cut_17.npz,6c62491e3cfbc4e0a00dcadc4e5e20978d6a62e99304332fad3e86f3d45aefbb,raw/cut_17_J_1p7.npz,c408d4285c9a30bc7ad2dde20521aa5d37126b68fafd543b52daeb6feb632f84
6,20,0.1,1.0,17,1.75,64,64,1,0,haar,IXYZ,future_rows_history_columns,complete_retained_record,1,0,1e-12,0.04898269980582801,0.0,0.09131330075746047,0.0,0.2606011878540913,0.0,-0.042330600951632456,-0.2116184880482633,48.20135408475735,64,256x64,raw/probes_cut_17.npz,6c62491e3cfbc4e0a00dcadc4e5e20978d6a62e99304332fad3e86f3d45aefbb,raw/cut_17_J_1p75.npz,cdc5a1988db0d138241c6834a8baeb1395315ad2dce4461394e5e4405813c246
6,20,0.1,1.0,17,1.8,64,64,1,0,haar,IXYZ,future_rows_history_columns,complete_retained_record,1,0,1e-12,0.04850817407173517,0.0,0.09026956924662115,0.0,0.25102848769646974,0.0,-0.04176139517488598,-0.20252031362473458,48.16179552680023,64,256x64,raw/probes_cut_17.npz,6c62491e3cfbc4e0a00dcadc4e5e20978d6a62e99304332fad3e86f3d45aefbb,raw/cut_17_J_1p8.npz,8f12499f618889429e6ead4ca900970d2f18d2b7fd88c2707181fbaa4e7e0b61
6,20,0.1,1.0,17,1.85,64,64,1,0,haar,IXYZ,future_rows_history_columns,complete_retained_record,1,0,1e-12,0.048190039326550985,0.0,0.08949720236253719,0.0,0.24251510059915993,0.0,-0.04130716303598621,-0.19432506127260896,48.139085961598965,64,256x64,raw/probes_cut_17.npz,6c62491e3cfbc4e0a00dcadc4e5e20978d6a62e99304332fad3e86f3d45aefbb,raw/cut_17_J_1p85.npz,2af516dfa4ef165c83e5cc904c9141ad5cf3c85273c679d5a726653509d59229
6,20,0.1,1.0,17,1.9000000000000001,64,64,1,0,haar,IXYZ,future_rows_history_columns,complete_retained_record,1,0,1e-12,0.04816177882615069,0.0,0.089223976662166,0.0,0.2355897504258903,0.0,-0.04106219783601531,-0.18742797159973962,48.13219493736052,64,256x64,raw/probes_cut_17.npz,6c62491e3cfbc4e0a00dcadc4e5e20978d6a62e99304332fad3e86f3d45aefbb,raw/cut_17_J_1p9.npz,5b027147645a003fcc6c9ea5e6fb0d935744bbc7004617b67032570fb6f32468
6,20,0.1,1.0,17,1.9500000000000002,64,64,1,0,haar,IXYZ,future_rows_history_columns,complete_retained_record,1,0,1e-12,0.04850798332160175,0.0,0.08958651210989514,0.0,0.23052178781458582,0.0,-0.04107852878829339,-0.18201380449298407,48.14019629425418,64,256x64,raw/probes_cut_17.npz,6c62491e3cfbc4e0a00dcadc4e5e20978d6a62e99304332fad3e86f3d45aefbb,raw/cut_17_J_1p95.npz,ef23991c4109d51d30e511b66805a2c450125a14aab8e1f61fd1d4135b821d4a
6,20,0.1,1.0,17,2.0,64,64,1,0,haar,IXYZ,future_rows_history_columns,complete_retained_record,1,0,1e-12,0.049259114415019144,0.0,0.09062322969627026,0.0,0.22731946433325534,0.0,-0.04136411528125112,-0.1780603499182362,48.16221443771489,64,256x64,raw/probes_cut_17.npz,6c62491e3cfbc4e0a00dcadc4e5e20978d6a62e99304332fad3e86f3d45aefbb,raw/cut_17_J_2.npz,6e45a62127c8d5c84984885421181103e1a6b2f41fd6cc5dd2bf04f525a41d20
6,20,0.1,1.0,18,0.0,64,64,1,0,haar,IXYZ,future_rows_history_columns,complete_retained_record,1,0,1e-12,0.0,0.0,0.0,0.0,0.0,0.0,0.0,0.0,54.61587081625361,1,256x64,raw/probes_cut_18.npz,8c7404201aa967e8e9623ba25fd93fc7a4d601d4c07fd23daf723e5fd3b11cd0,raw/cut_18_J_0.npz,c2deefff635fa7d843eb32a3e3898c10b90f9cab7ce200e7201edfcf41135695
6,20,0.1,1.0,18,0.05,64,64,1,0,haar,IXYZ,future_rows_history_columns,complete_retained_record,1,0,1e-12,1.1402209091969201e-07,0.0,2.201336790524709e-07,0.0,8.800267424305947e-07,0.0,-1.0611158813277888e-07,-7.660046515109026e-07,54.593781359894756,64,256x64,raw/probes_cut_18.npz,8c7404201aa967e8e9623ba25fd93fc7a4d601d4c07fd23daf723e5fd3b11cd0,raw/cut_18_J_0p05.npz,1434012b5b8e77541d3d518f4224a0047557d7006b3f486cc7112740337c933b
6,20,0.1,1.0,18,0.1,64,64,1,0,haar,IXYZ,future_rows_history_columns,complete_retained_record,1,0,1e-12,1.690794713648541e-06,0.0,3.2448266533477094e-06,0.0,1.2822796438065235e-05,0.0,-1.5540319396991685e-06,-1.1132001724416694e-05,54.55732252432407,64,256x64,raw/probes_cut_18.npz,8c7404201aa967e8e9623ba25fd93fc7a4d601d4c07fd23daf723e5fd3b11cd0,raw/cut_18_J_0p1.npz,20da23b56693f53d0a8e28eadb0d2eabdb1a9a28c4ec09215b8906ab2bb23452
6,20,0.1,1.0,18,0.15000000000000002,64,64,1,0,haar,IXYZ,future_rows_history_columns,complete_retained_record,1,0,1e-12,8.417920008146052e-06,0.0,1.608038515057737e-05,0.0,6.301418449102481e-05,0.0,-7.662465142431318e-06,-5.459626448287876e-05,54.505295647921116,64,256x64,raw/probes_cut_18.npz,8c7404201aa967e8e9623ba25fd93fc7a4d601d4c07fd23daf723e5fd3b11cd0,raw/cut_18_J_0p15.npz,af330c887629fbfe7ed5ad49eadfbe2cb56ea98767dc6b2e627e13e24e1008f0
6,20,0.1,1.0,18,0.2,64,64,1,0,haar,IXYZ,future_rows_history_columns,complete_retained_record,1,0,1e-12,2.670278307474522e-05,0.0,5.080733351850967e-05,0.0,0.0001977039352271224,0.0,-2.4104550443764447e-05,-0.00017100115215237718,54.43596970613871,64,256x64,raw/probes_cut_18.npz,8c7404201aa967e8e9623ba25fd93fc7a4d601d4c07fd23daf723e5fd3b11cd0,raw/cut_18_J_0p2.npz,531106ce64d5ce8f636fd0b9ba474182063eadc1dd511b3954ca8268aa4dd9e7
6,20,0.1,1.0,18,0.25,64,64,1,0,haar,IXYZ,future_rows_history_columns,complete_retained_record,1,0,1e-12,6.559387678102588e-05,0.0,0.0001243719619651451,0.0,0.0004809846706044167,0.0,-5.877808518411921e-05,-0.00041539079382339083,54.34723891199454,64,256x64,raw/probes_cut_18.npz,8c7404201aa967e8e9623ba25fd93fc7a4d601d4c07fd23daf723e5fd3b11cd0,raw/cut_18_J_0p25.npz,45d4ad97143cc8acd632622f314f6cdf5275a8e5870edf49954a869bee3c5da7
6,20,0.1,1.0,18,0.30000000000000004,64,64,1,0,haar,IXYZ,future_rows_history_columns,complete_retained_record,1,0,1e-12,0.00013580632976919072,0.0,0.00025672536539012475,0.0,0.0009874249365138883,0.0,-0.00012091903562093403,-0.0008516186067446976,54.23681826175247,64,256x64,raw/probes_cut_18.npz,8c7404201aa967e8e9623ba25fd93fc7a4d601d4c07fd23daf723e5fd3b11cd0,raw/cut_18_J_0p3.npz,66732f9be8e69de514e8b6cc8a615ba18e910c1ec69a4b255bda38a014e37696
6,20,0.1,1.0,18,0.35000000000000003,64,64,1,0,haar,IXYZ,future_rows_history_columns,complete_retained_record,1,0,1e-12,0.00024783116195759155,0.0,0.0004673136065503729,0.0,0.0017888583408115159,0.0,-0.00021948244459278133,-0.0015410271788539242,54.10245779048231,64,256x64,raw/probes_cut_18.npz,8c7404201aa967e8e9623ba25fd93fc7a4d601d4c07fd23daf723e5fd3b11cd0,raw/cut_18_J_0p35.npz,5a3794647a6aec8210a6177e88593dcea61dc04b4f17d77ee7a01e246a0f6df1
6,20,0.1,1.0,18,0.4,64,64,1,0,haar,IXYZ,future_rows_history_columns,complete_retained_record,1,0,1e-12,0.0004095554592127357,0.0,0.0007707360828794177,0.0,0.0029386131870617984,0.0,-0.000361180623666682,-0.0025290577278490626,53.9421565076216,64,256x64,raw/probes_cut_18.npz,8c7404201aa967e8e9623ba25fd93fc7a4d601d4c07fd23daf723e5fd3b11cd0,raw/cut_18_J_0p4.npz,21384d7fbf7f4b2ff461938e203385adc2941e289781fbe01036ea8ad9f05cbe
6,20,0.1,1.0,18,0.45,64,64,1,0,haar,IXYZ,future_rows_history_columns,complete_retained_record,1,0,1e-12,0.0006241497715537563,0.0,0.0011729558120274688,0.0,0.0044583689480281906,0.0,-0.0005488060404737125,-0.0038342191764744343,53.75436100620801,64,256x64,raw/probes_cut_18.npz,8c7404201aa967e8e9623ba25fd93fc7a4d601d4c07fd23daf723e5fd3b11cd0,raw/cut_18_J_0p45.npz,0c38d29454429f85fdf5f653363a1a0831cbe4add2a28f7d2c811c0e85122551
6,20,0.1,1.0,18,0.5,64,64,1,0,haar,IXYZ,future_rows_history_columns,complete_retained_record,1,0,1e-12,0.0008891161130472478,0.0,0.0016696585288944873,0.0,0.006333409271690328,0.0,-0.0007805424158472395,-0.005444293158643081,53.538137776525254,64,256x64,raw/probes_cut_18.npz,8c7404201aa967e8e9623ba25fd93fc7a4d601d4c07fd23daf723e5fd3b11cd0,raw/cut_18_J_0p5.npz,fd84b333ec51a9d87049809a16e6ab0f7f1afd28782596e86819e027d20bdfb7
6,20,0.1,1.0,18,0.55,64,64,1,0,haar,IXYZ,future_rows_history_columns,complete_retained_record,1,0,1e-12,0.0011972983970989352,0.0,0.002248175186053929,0.0,0.008521297193290596,0.0,-0.0010508767889549939,-0.007323998796191661,53.293312616532845,64,256x64,raw/probes_cut_18.npz,8c7404201aa967e8e9623ba25fd93fc7a4d601d4c07fd23daf723e5fd3b11cd0,raw/cut_18_J_0p55.npz,036e1f7df0c28d5c235394657e7392501660cc1ca0bea37215944d84e9873c8b
6,20,0.1,1.0,18,0.6000000000000001,64,64,1,0,haar,IXYZ,future_rows_history_columns,complete_retained_record,1,0,1e-12,0.0015403387816170385,0.0,0.002893830145717143,0.0,0.010977084641734275,0.0,-0.0013534913641001043,-0.009436745860117236,53.02057414617673,64,256x64,raw/probes_cut_18.npz,8c7404201aa967e8e9623ba25fd93fc7a4d601d4c07fd23daf723e5fd3b11cd0,raw/cut_18_J_0p6.npz,b01d3cbfee95f05c772caa19c70f18b08b0eacec5df6ade124e477c321a6b1e4
6,20,0.1,1.0,18,0.65,64,64,1,0,haar,IXYZ,future_rows_history_columns,complete_retained_record,1,0,1e-12,0.0019145467648265858,0.0,0.003600691266571177,0.0,0.01369514629878217,0.0,-0.0016861445017445913,-0.011780599533955584,52.721539205234215,64,256x64,raw/probes_cut_18.npz,8c7404201aa967e8e9623ba25fd93fc7a4d601d4c07fd23daf723e5fd3b11cd0,raw/cut_18_J_0p65.npz,28aa00d1edc4c8eecdbda315649d2848109328e23f62aa31b00ee430b01b78ad
6,20,0.1,1.0,18,0.7000000000000001,64,64,1,0,haar,IXYZ,future_rows_history_columns,complete_retained_record,1,0,1e-12,0.002328461376890117,0.0,0.004385498663339492,0.0,0.016763307200649922,0.0,-0.0020570372864493745,-0.014434845823759805,52.39877806816168,64,256x64,raw/probes_cut_18.npz,8c7404201aa967e8e9623ba25fd93fc7a4d601d4c07fd23daf723e5fd3b11cd0,raw/cut_18_J_0p7.npz,51107cf6c46977c8b7634edf4d848372509a00580ebc046adb042fa452398311
6,20,0.1,1.0,18,0.75,64,64,1,0,haar,IXYZ,future_rows_history_columns,complete_retained_record,1,0,1e-12,0.002810566235890388,0.0,0.005302039153858993,0.0,0.02041848368733257,0.0,-0.002491472917968605,-0.017607917451442183,52.05579535305501,64,256x64,raw/probes_cut_18.npz,8c7404201aa967e8e9623ba25fd93fc7a4d601d4c07fd23daf723e5fd3b11cd0,raw/cut_18_J_0p75.npz,aed2d8b1a84db5a394de6222e2e1fb4eae8b847f95b9e7838335636eae7f7a9e
6,20,0.1,1.0,18,0.8,64,64,1,0,haar,IXYZ,future_rows_history_columns,complete_retained_record,1,0,1e-12,0.0034147709171687872,0.0,0.006451548158249826,0.0,0.025084514081550425,0.0,-0.003036777241081039,-0.02166974316438164,51.69696235232461,64,256x64,raw/probes_cut_18.npz,8c7404201aa967e8e9623ba25fd93fc7a4d601d4c07fd23daf723e5fd3b11cd0,raw/cut_18_J_0p8.npz,1c04b860d5852855667dd445b04f85daf01244f4cee50e36fc72bdfce8758333
6,20,0.1,1.0,18,0.8500000000000001,64,64,1,0,haar,IXYZ,future_rows_history_columns,complete_retained_record,1,0,1e-12,0.004220751042966315,0.0,0.007983524720560803,0.0,0.03136542141511715,0.0,-0.003762773677594487,-0.027144670372150837,51.32739556641036,64,256x64,raw/probes_cut_18.npz,8c7404201aa967e8e9623ba25fd93fc7a4d601d4c07fd23daf723e5fd3b11cd0,raw/cut_18_J_0p85.npz,2ea77dffd43f7e62f58c8dd18c082a135fa587c4ff4ed05acda519a300b8e4c2
6,20,0.1,1.0,18,0.9,64,64,1,0,haar,IXYZ,future_rows_history_columns,complete_retained_record,1,0,1e-12,0.0053267401985244815,0.0,0.01008207014084894,0.0,0.039969531614263046,0.0,-0.004755329942324459,-0.03464279141573856,50.952779638681626,64,256x64,raw/probes_cut_18.npz,8c7404201aa967e8e9623ba25fd93fc7a4d601d4c07fd23daf723e5fd3b11cd0,raw/cut_18_J_0p9.npz,368d3d321572da98dc49cb19657e7a3ef86c9a1187e4957af60c973ae6c699b9
6,20,0.1,1.0,18,0.9500000000000001,64,64,1,0,haar,IXYZ,future_rows_history_columns,complete_retained_record,1,0,1e-12,0.006834523455069336,0.0,0.012936962930352893,0.0,0.05156094164677593,0.0,-0.006102439475283558,-0.04472641819170659,50.57913798206273,64,256x64,raw/probes_cut_18.npz,8c7404201aa967e8e9623ba25fd93fc7a4d601d4c07fd23daf723e5fd3b11cd0,raw/cut_18_J_0p95.npz,0c530a91d64d6e2e7b0e2c214ea7c3335e2ca2decffa633f9fbfc9efccf3864d
6,20,0.1,1.0,18,1.0,64,64,1,0,haar,IXYZ,future_rows_history_columns,complete_retained_record,1,0,1e-12,0.008829586747189118,0.0,0.016705127082217528,0.0,0.06657020027789234,0.0,-0.00787554033502841,-0.05774061353070323,50.21256138495773,64,256x64,raw/probes_cut_18.npz,8c7404201aa967e8e9623ba25fd93fc7a4d601d4c07fd23daf723e5fd3b11cd0,raw/cut_18_J_1.npz,5443d7391e16eb6fa01115425e8d1050c9d7da940ede095b87ddd97588b8b123
6,20,0.1,1.0,18,1.05,64,64,1,0,haar,IXYZ,future_rows_history_columns,complete_retained_record,1,0,1e-12,0.011361631151309148,0.0,0.021472902822806606,0.0,0.08502396215779516,0.0,-0.010111271671497458,-0.07366233100648602,49.85891293202636,64,256x64,raw/probes_cut_18.npz,8c7404201aa967e8e9623ba25fd93fc7a4d601d4c07fd23daf723e5fd3b11cd0,raw/cut_18_J_1p05.npz,f62f352f6644215a6a7139f298a9f8088fb5dcaaa17870c913b89b6d2721f3ce
6,20,0.1,1.0,18,1.1,64,64,1,0,haar,IXYZ,future_rows_history_columns,complete_retained_record,1,0,1e-12,0.014430388062167223,0.0,0.027229165151932945,0.0,0.10645384200941195,0.0,-0.012798777089765722,-0.09202345394724473,49.523535261568924,64,256x64,raw/probes_cut_18.npz,8c7404201aa967e8e9623ba25fd93fc7a4d601d4c07fd23daf723e5fd3b11cd0,raw/cut_18_J_1p1.npz,fd5b189249ef4fe1105463879bd761b4c886f8041fb4db33d0803d9f9e1cc7b6
6,20,0.1,1.0,18,1.1500000000000001,64,64,1,0,haar,IXYZ,future_rows_history_columns,complete_retained_record,1,0,1e-12,0.017979590332291098,0.0,0.033855100281779515,0.0,0.12991942407706275,0.0,-0.015875509949488418,-0.11193983374477165,49.21098830751596,64,256x64,raw/probes_cut_18.npz,8c7404201aa967e8e9623ba25fd93fc7a4d601d4c07fd23daf723e5fd3b11cd0,raw/cut_18_J_1p15.npz,303282e9ae32c7ad45b65145f87bb874644b08bb985048d518fd716b33c391dc
6,20,0.1,1.0,18,1.2000000000000002,64,64,1,0,haar,IXYZ,future_rows_history_columns,complete_retained_record,1,0,1e-12,0.021899855414505846,0.0,0.04113197973312089,0.0,0.15414469349420268,0.0,-0.019232124318615044,-0.13224483807969684,48.92484689377604,64,256x64,raw/probes_cut_18.npz,8c7404201aa967e8e9623ba25fd93fc7a4d601d4c07fd23daf723e5fd3b11cd0,raw/cut_18_J_1p2.npz,96ac3acd3a0fd5a54e9056b8383fe0c98db33d811ef95a47fa4af2d791442c6e
6,20,0.1,1.0,18,1.25,64,64,1,0,haar,IXYZ,future_rows_history_columns,complete_retained_record,1,0,1e-12,0.026039734557184883,0.0,0.04876497502593202,0.0,0.17773249075922418,0.0,-0.02272524046874714,-0.15169275620203929,48.66757954251513,64,256x64,raw/probes_cut_18.npz,8c7404201aa967e8e9623ba25fd93fc7a4d601d4c07fd23daf723e5fd3b11cd0,raw/cut_18_J_1p25.npz,e2f0d82ccc299c4aaa5e841610ce3e3d6f50509a33b9b2f1c642288602d73f5c
6,20,0.1,1.0,18,1.3,64,64,1,0,haar,IXYZ,future_rows_history_columns,complete_retained_record,1,0,1e-12,0.030222998646857464,0.0,0.05641850773747524,0.0,0.19939756067860082,0.0,-0.026195509090617776,-0.16917456203174336,48.44052159734679,64,256x64,raw/probes_cut_18.npz,8c7404201aa967e8e9623ba25fd93fc7a4d601d4c07fd23daf723e5fd3b11cd0,raw/cut_18_J_1p3.npz,9fb57c72cd581f6f85222e7687f921413a46423f766e6e28609c0e911bd8493b
6,20,0.1,1.0,18,1.35,64,64,1,0,haar,IXYZ,future_rows_history_columns,complete_retained_record,1,0,1e-12,0.03426925954681347,0.0,0.06375675352513009,0.0,0.21815585246537555,0.0,-0.02948749397831662,-0.18388659291856208,48.243940824936566,64,256x64,raw/probes_cut_18.npz,8c7404201aa967e8e9623ba25fd93fc7a4d601d4c07fd23daf723e5fd3b11cd0,raw/cut_18_J_1p35.npz,f2c13f134cce3c69c045e6c19552f0738b5de2f29729bcbf266bb6de34933804
6,20,0.1,1.0,18,1.4000000000000001,64,64,1,0,haar,IXYZ,future_rows_history_columns,complete_retained_record,1,0,1e-12,0.03801458578586178,0.0,0.07048237617430644,0.0,0.23342875445673797,0.0,-0.03246779038844466,-0.1954141686708762,48.077182832852486,64,256x64,raw/probes_cut_18.npz,8c7404201aa967e8e9623ba25fd93fc7a4d601d4c07fd23daf723e5fd3b11cd0,raw/cut_18_J_1p4.npz,b7c8927e96b4ca43545a584a520566cb019d4af745a39a9a065b35f2fb0d546b
6,20,0.1,1.0,18,1.4500000000000002,64,64,1,0,haar,IXYZ,future_rows_history_columns,complete_retained_record,1,0,1e-12,0.04132894688932828,0.0,0.0763674577307721,0.0,0.2450542132452187,0.0,-0.03503851084144381,-0.20372526635589042,47.938872016831425,64,256x64,raw/probes_cut_18.npz,8c7404201aa967e8e9623ba25fd93fc7a4d601d4c07fd23daf723e5fd3b11cd0,raw/cut_18_J_1p45.npz,9983ffb4b3bb2c6e1d8099c98c08d720ac60ee39b1844853a9d36962188f5008
6,20,0.1,1.0,18,1.5,64,64,1,0,haar,IXYZ,future_rows_history_columns,complete_retained_record,1,0,1e-12,0.04412810990587558,0.0,0.08127266822435858,0.0,0.2532254697036565,0.0,-0.037144558318483,-0.20909735979778094,47.827139450916306,64,256x64,raw/probes_cut_18.npz,8c7404201aa967e8e9623ba25fd93fc7a4d601d4c07fd23daf723e5fd3b11cd0,raw/cut_18_J_1p5.npz,e13bc8d69f7b1b25f77304e4b130761002c978126833e290349cf91d9e9eeb30
6,20,0.1,1.0,18,1.55,64,64,1,0,haar,IXYZ,future_rows_history_columns,complete_retained_record,1,0,1e-12,0.046378697238421515,0.0,0.08515315700923483,0.0,0.25839091446469686,0.0,-0.03877445977081331,-0.21201221722627533,47.739848176656295,64,256x64,raw/probes_cut_18.npz,8c7404201aa967e8e9623ba25fd93fc7a4d601d4c07fd23daf723e5fd3b11cd0,raw/cut_18_J_1p55.npz,2c9cc29e4faefc206f010d2bd1f3c037245f31aeb2304fc271b26d2972175db7
6,20,0.1,1.0,18,1.6,64,64,1,0,haar,IXYZ,future_rows_history_columns,complete_retained_record,1,0,1e-12,0.04809629048172651,0.0,0.08805191022181297,0.0,0.26114579710036023,0.0,-0.039955619740086455,-0.21304950661863373,47.67479139949273,64,256x64,raw/probes_cut_18.npz,8c7404201aa967e8e9623ba25fd93fc7a4d601d4c07fd23daf723e5fd3b11cd0,raw/cut_18_J_1p6.npz,1dcd86fa3e2482212c55c8ce59221e4139b040fd7a88ed5b70beb434dd80318e
6,20,0.1,1.0,18,1.6500000000000001,64,64,1,0,haar,IXYZ,future_rows_history_columns,complete_retained_record,1,0,1e-12,0.0493374694838369,0.0,0.09008294510622965,0.0,0.26213528979294465,0.0,-0.040745475622392745,-0.21279782030910774,47.6298466318423,64,256x64,raw/probes_cut_18.npz,8c7404201aa967e8e9623ba25fd93fc7a4d601d4c07fd23daf723e5fd3b11cd0,raw/cut_18_J_1p65.npz,79ed97c76c8e106dc7f57fa48474d4e7cdc7ea9674d860ac480ade651e5c9e8d
6,20,0.1,1.0,18,1.7000000000000002,64,64,1,0,haar,IXYZ,future_rows_history_columns,complete_retained_record,1,0,1e-12,0.05018745446130116,0.0,0.09140773024285868,0.0,0.26197698082633214,0.0,-0.04122027578155752,-0.21178952636503098,47.60307824858092,64,256x64,raw/probes_cut_18.npz,8c7404201aa967e8e9623ba25fd93fc7a4d601d4c07fd23daf723e5fd3b11cd0,raw/cut_18_J_1p7.npz,41ae399f36e667c2b37260e83d5fdc4aa13ddb1ed0c9a5383fbf09bec95fddc5
6,20,0.1,1.0,18,1.75,64,64,1,0,haar,IXYZ,future_rows_history_columns,complete_retained_record,1,0,1e-12,0.050745471855979364,0.0,0.09220864759682598,0.0,0.26120358066318106,0.0,-0.04146317574084662,-0.2104581088072017,47.592789616541275,64,256x64,raw/probes_cut_18.npz,8c7404201aa967e8e9623ba25fd93fc7a4d601d4c07fd23daf723e5fd3b11cd0,raw/cut_18_J_1p75.npz,cc306a6b4dfd2f61d4fbdd38a0ae35a1544a35d1b54d5c869bae63fd12b09ae8
6,20,0.1,1.0,18,1.8,64,64,1,0,haar,IXYZ,future_rows_history_columns,complete_retained_record,1,0,1e-12,0.05111011549149871,0.0,0.09266330523597772,0.0,0.2602240836417912,0.0,-0.04155318974447902,-0.2091139681502925,47.59753188327979,64,256x64,raw/probes_cut_18.npz,8c7404201aa967e8e9623ba25fd93fc7a4d601d4c07fd23daf723e5fd3b11cd0,raw/cut_18_J_1p8.npz,57d74db39d558e21e37ea3101ede29e9e0a314ff9d06cb9e08c2fd094827ed93
6,20,0.1,1.0,18,1.85,64,64,1,0,haar,IXYZ,future_rows_history_columns,complete_retained_record,1,0,1e-12,0.051366836420426394,0.0,0.092923154051746,0.0,0.25930216017936475,0.0,-0.04155631763131961,-0.20793532375893836,47.61608098739308,64,256x64,raw/probes_cut_18.npz,8c7404201aa967e8e9623ba25fd93fc7a4d601d4c07fd23daf723e5fd3b11cd0,raw/cut_18_J_1p85.npz,ce2feae2f31dd66405326f2cb3e5c7a7778f80f2037954ea7c31572085eed14a
6,20,0.1,1.0,18,1.9000000000000001,64,64,1,0,haar,IXYZ,future_rows_history_columns,complete_retained_record,1,0,1e-12,0.05157921198361764,0.0,0.09309902552384086,0.0,0.2585516448167841,0.0,-0.04151981354022322,-0.20697243283316646,47.647395152813374,64,256x64,raw/probes_cut_18.npz,8c7404201aa967e8e9623ba25fd93fc7a4d601d4c07fd23daf723e5fd3b11cd0,raw/cut_18_J_1p9.npz,40cebc141980627e028a192e9e3dc941176a98b3bbd97a6f2bb3ef2d8cb6df0b
6,20,0.1,1.0,18,1.9500000000000002,64,64,1,0,haar,IXYZ,future_rows_history_columns,complete_retained_record,1,0,1e-12,0.05178491627942811,0.0,0.09325499406642933,0.0,0.2579490457140333,0.0,-0.041470077787001215,-0.20616412943460521,47.69056337045288,64,256x64,raw/probes_cut_18.npz,8c7404201aa967e8e9623ba25fd93fc7a4d601d4c07fd23daf723e5fd3b11cd0,raw/cut_18_J_1p95.npz,afb7f41630d4f8d9921156963a81dc281e4a7e5fb43d7e0d2d4085fbc22c4b21
6,20,0.1,1.0,18,2.0,64,64,1,0,haar,IXYZ,future_rows_history_columns,complete_retained_record,1,0,1e-12,0.051996444906574034,0.0,0.09341050798072356,0.0,0.25736159790916935,0.0,-0.04141406307414953,-0.2053651530025953,47.74475386639179,64,256x64,raw/probes_cut_18.npz,8c7404201aa967e8e9623ba25fd93fc7a4d601d4c07fd23daf723e5fd3b11cd0,raw/cut_18_J_2.npz,9312cfda1bb486cf043841d85159d02022cd949237aa7648b7b85bbd55e0766b
6,20,0.1,1.0,19,0.0,64,64,1,0,haar,IXYZ,future_rows_history_columns,complete_retained_record,1,0,1e-12,0.0,0.0,0.0,0.0,0.0,0.0,0.0,0.0,51.07293918333264,1,256x64,raw/probes_cut_19.npz,090056379769f1da1adf3caaa059ce0712f8a2e03ff7f7756a7b78d22bc5baa0,raw/cut_19_J_0.npz,1bff4c16d4f59645b49cf8b2f0d758b79de271a581d85240fd24689cd52b76a8
6,20,0.1,1.0,19,0.05,64,64,1,0,haar,IXYZ,future_rows_history_columns,complete_retained_record,1,0,1e-12,8.898883039740031e-08,0.0,1.7188526339108825e-07,0.0,7.807847901435095e-07,0.0,-8.289643299368794e-08,-6.917959597461092e-07,51.042724981968256,64,256x64,raw/probes_cut_19.npz,090056379769f1da1adf3caaa059ce0712f8a2e03ff7f7756a7b78d22bc5baa0,raw/cut_19_J_0p05.npz,73eaf51a59a15543bbe822421454129d1e58c5018e87059d2fb343ba54fa3907
6,20,0.1,1.0,19,0.1,64,64,1,0,haar,IXYZ,future_rows_history_columns,complete_retained_record,1,0,1e-12,1.2864002499250545e-06,0.0,2.470574365911137e-06,0.0,1.1205020797555739e-05,0.0,-1.1841741159860826e-06,-9.918620547630685e-06,51.01647893443224,64,256x64,raw/probes_cut_19.npz,090056379769f1da1adf3caaa059ce0712f8a2e03ff7f7756a7b78d22bc5baa0,raw/cut_19_J_0p1.npz,e6c42a43fa27d2d61c3b52570e2ddff2b2bbf2f5af313408a9da788f63166987
6,20,0.1,1.0,19,0.15000000000000002,64,64,1,0,haar,IXYZ,future_rows_history_columns,complete_retained_record,1,0,1e-12,6.2786344428583515e-06,0.0,1.2005783827596744e-05,0.0,5.4485909700292096e-05,0.0,-5.727149384738393e-06,-4.820727525743374e-05,50.99569950657253,64,256x64,raw/probes_cut_19.npz,090056379769f1da1adf3caaa059ce0712f8a2e03ff7f7756a7b78d22bc5baa0,raw/cut_19_J_0p15.npz,6df607dab66dfc582b1b712a1ac22b6a0d6d75baa80095d9d272fa558f72fba5
6,20,0.1,1.0,19,0.2,64,64,1,0,haar,IXYZ,future_rows_history_columns,complete_retained_record,1,0,1e-12,1.9661131996301337e-05,0.0,3.745498723328126e-05,0.0,0.00017018087396455784,0.0,-1.7793855236979923e-05,-0.0001505197419682565,50.98102219705003,64,256x64,raw/probes_cut_19.npz,090056379769f1da1adf3caaa059ce0712f8a2e03ff7f7756a7b78d22bc5baa0,raw/cut_19_J_0p2.npz,fdd16c7a34a513ede3bf7d06b7ca6bdefc4dd9411a2945379b4a76ee518211db
6,20,0.1,1.0,19,0.25,64,64,1,0,haar,IXYZ,future_rows_history_columns,complete_retained_record,1,0,1e-12,4.800722299097736e-05,0.0,9.115142190823854e-05,0.0,0.0004147152075018079,0.0,-4.314419891726118e-05,-0.0003667079845108306,50.972253184851084,64,256x64,raw/probes_cut_19.npz,090056379769f1da1adf3caaa059ce0712f8a2e03ff7f7756a7b78d22bc5baa0,raw/cut_19_J_0p25.npz,5f36ea18b6b103f257e6cb4ba642e6075f247fbc3800267b6d08ee8e7cd87c58
6,20,0.1,1.0,19,0.30000000000000004,64,64,1,0,haar,IXYZ,future_rows_history_columns,complete_retained_record,1,0,1e-12,9.944250267520059e-05,0.0,0.0001882505972622087,0.0,0.0008577771857698454,0.0,-8.880809458700811e-05,-0.0007583346830946448,50.96845939449041,64,256x64,raw/probes_cut_19.npz,090056379769f1da1adf3caaa059ce0712f8a2e03ff7f7756a7b78d22bc5baa0,raw/cut_19_J_0p3.npz,0f49e44a8573791f03470a457ad3c7a79f8c0c620b358b633fca84f663d8d5da
6,20,0.1,1.0,19,0.35000000000000003,64,64,1,0,haar,IXYZ,future_rows_history_columns,complete_retained_record,1,0,1e-12,0.00018269963938906563,0.0,0.00034495122125480525,0.0,0.0015745289688764298,0.0,-0.00016225158186573962,-0.001391829329487364,50.96810387809498,64,256x64,raw/probes_cut_19.npz,090056379769f1da1adf3caaa059ce0712f8a2e03ff7f7756a7b78d22bc5baa0,raw/cut_19_J_0p35.npz,eb32457bcf3da0ff3a1851e0ae671fc26405c953c5ac698ce73d332865da91f2
6,20,0.1,1.0,19,0.4,64,64,1,0,haar,IXYZ,future_rows_history_columns,complete_retained_record,1,0,1e-12,0.0003059396219948617,0.0,0.0005763220892310606,0.0,0.002636160410151355,0.0,-0.0002703824672361989,-0.0023302207881564932,50.96921364116472,64,256x64,raw/probes_cut_19.npz,090056379769f1da1adf3caaa059ce0712f8a2e03ff7f7756a7b78d22bc5baa0,raw/cut_19_J_0p4.npz,49169a5a956065a02fefb7dc0b47d1fb16be5583533605acc9d2c50be8fa7501
6,20,0.1,1.0,19,0.45,64,64,1,0,haar,IXYZ,future_rows_history_columns,complete_retained_record,1,0,1e-12,0.00047581770156888276,0.0,0.0008946235934411421,0.0,0.004102754035884911,0.0,-0.0004188058918722594,-0.003626936334316028,50.9695655824588,64,256x64,raw/probes_cut_19.npz,090056379769f1da1adf3caaa059ce0712f8a2e03ff7f7756a7b78d22bc5baa0,raw/cut_19_J_0p45.npz,f4639a2bcf1229851615a750aaab5806bd2206110445ff37da11f5ea6f4b6bde
6,20,0.1,1.0,19,0.5,64,64,1,0,haar,IXYZ,future_rows_history_columns,complete_retained_record,1,0,1e-12,0.0006972853750162002,0.0,0.001309013356095475,0.0,0.0060222931323839005,0.0,-0.0006117279810792748,-0.0053250077573677,50.96687789396989,64,256x64,raw/probes_cut_19.npz,090056379769f1da1adf3caaa059ce0712f8a2e03ff7f7756a7b78d22bc5baa0,raw/cut_19_J_0p5.npz,41fda64d38a13816b0e8265cad53465067fdfafee46b3cf375ab49eec486287c
6,20,0.1,1.0,19,0.55,64,64,1,0,haar,IXYZ,future_rows_history_columns,complete_retained_record,1,0,1e-12,0.0009744401301327542,0.0,0.001827180280533724,0.0,0.008437964220057752,0.0,-0.0008527401504009697,-0.007463524089924998,50.958994740727526,64,256x64,raw/probes_cut_19.npz,090056379769f1da1adf3caaa059ce0712f8a2e03ff7f7756a7b78d22bc5baa0,raw/cut_19_J_0p55.npz,b16696ef508cdcc68f1eb601184decb8242333a7e6cdda75fc561bcbe5f4104c
6,20,0.1,1.0,19,0.6000000000000001,64,64,1,0,haar,IXYZ,future_rows_history_columns,complete_retained_record,1,0,1e-12,0.0013124112433569037,0.0,0.0024588571930186415,0.0,0.011403184270993441,0.0,-0.0011464459496617378,-0.010090773027636538,50.94405345908643,64,256x64,raw/probes_cut_19.npz,090056379769f1da1adf3caaa059ce0712f8a2e03ff7f7756a7b78d22bc5baa0,raw/cut_19_J_0p6.npz,66770bb039e1950f026a8ddc01f4f2ed5fd03074d42fb63571fa34ec12480000
6,20,0.1,1.0,19,0.65,64,64,1,0,haar,IXYZ,future_rows_history_columns,complete_retained_record,1,0,1e-12,0.0017198785481917697,0.0,0.0032204572313709397,0.0,0.015000624846115689,0.0,-0.00150057868317917,-0.01328074629792392,50.92062404068236,64,256x64,raw/probes_cut_19.npz,090056379769f1da1adf3caaa059ce0712f8a2e03ff7f7756a7b78d22bc5baa0,raw/cut_19_J_0p65.npz,37e3e21f83e57bf1efa336aff131f8692748bb1c11bac4734c4a720f491c239c
6,20,0.1,1.0,19,0.7000000000000001,64,64,1,0,haar,IXYZ,future_rows_history_columns,complete_retained_record,1,0,1e-12,0.002211471704984097,0.0,0.0041394472167527495,0.0,0.019358662090775792,0.0,-0.0019279755117686524,-0.017147190385791693,50.88781277532485,64,256x64,raw/probes_cut_19.npz,090056379769f1da1adf3caaa059ce0712f8a2e03ff7f7756a7b78d22bc5baa0,raw/cut_19_J_0p7.npz,a042acc6c42a40689d1cf84745c0d2f67d821f50e12dc2067558640b698df40b
6,20,0.1,1.0,19,0.75,64,64,1,0,haar,IXYZ,future_rows_history_columns,complete_retained_record,1,0,1e-12,0.002809102906062746,0.0,0.005256718190542844,0.0,0.02465701604725842,0.0,-0.002447615284480098,-0.021847913141195673,50.845321814982604,64,256x64,raw/probes_cut_19.npz,090056379769f1da1adf3caaa059ce0712f8a2e03ff7f7756a7b78d22bc5baa0,raw/cut_19_J_0p75.npz,5ba1269496846aa7d309991383a9359447e888de5bb66dc09e2c215593960834
6,20,0.1,1.0,19,0.8,64,64,1,0,haar,IXYZ,future_rows_history_columns,complete_retained_record,1,0,1e-12,0.00354135849173558,0.0,0.006625335139043752,0.0,0.031113898828791356,0.0,-0.003083976647308172,-0.027572540337055775,50.79346028042485,64,256x64,raw/probes_cut_19.npz,090056379769f1da1adf3caaa059ce0712f8a2e03ff7f7756a7b78d22bc5baa0,raw/cut_19_J_0p8.npz,34e9beadcfe42104474ff2b25ba2d18784c92a9b3947270ff51630af4c3f5b4c
6,20,0.1,1.0,19,0.8500000000000001,64,64,1,0,haar,IXYZ,future_rows_history_columns,complete_retained_record,1,0,1e-12,0.004440471538025255,0.0,0.008304775169932093,0.0,0.03895069206624703,0.0,-0.003864303631906838,-0.03451022052822177,50.733104072756326,64,256x64,raw/probes_cut_19.npz,090056379769f1da1adf3caaa059ce0712f8a2e03ff7f7756a7b78d22bc5baa0,raw/cut_19_J_0p85.npz,ce24ed5ac44e87b82c70e15f4bb78b54a02fc0cf97678c07455f75379bba8c92
6,20,0.1,1.0,19,0.9,64,64,1,0,haar,IXYZ,future_rows_history_columns,complete_retained_record,1,0,1e-12,0.005537057762030773,0.0,0.01035099763742717,0.0,0.04833692307413048,0.0,-0.0048139398753963974,-0.042799865312099714,50.66560750868617,64,256x64,raw/probes_cut_19.npz,090056379769f1da1adf3caaa059ce0712f8a2e03ff7f7756a7b78d22bc5baa0,raw/cut_19_J_0p9.npz,55af45b06212b0cac9e2c3cfd73880330934c2472a8c9eb430d00f3c2e98f6f2
6,20,0.1,1.0,19,0.9500000000000001,64,64,1,0,haar,IXYZ,future_rows_history_columns,complete_retained_record,1,0,1e-12,0.006853516052552387,0.0,0.012804057135236567,0.0,0.059326325821605345,0.0,-0.00595054108268418,-0.052472809769052955,50.592674076086766,64,256x64,raw/probes_cut_19.npz,090056379769f1da1adf3caaa059ce0712f8a2e03ff7f7756a7b78d22bc5baa0,raw/cut_19_J_0p95.npz,72d3f40a70e5cbf0af24d6f2ea348b95d07daf6b45e3430688c497d79043a4c1
6,20,0.1,1.0,19,1.0,64,64,1,0,haar,IXYZ,future_rows_history_columns,complete_retained_record,1,0,1e-12,0.008397505882481459,0.0,0.015675954720882835,0.0,0.07180090909498366,0.0,-0.007278448838401376,-0.0634034032125022,50.51619818260578,64,256x64,raw/probes_cut_19.npz,090056379769f1da1adf3caaa059ce0712f8a2e03ff7f7756a7b78d22bc5baa0,raw/cut_19_J_1.npz,01a03de5c0f53e173111cd60b16d709407b4a774055c5dcf8734609964e00c26
6,20,0.1,1.0,19,1.05,64,64,1,0,haar,IXYZ,future_rows_history_columns,complete_retained_record,1,0,1e-12,0.010157023040246954,0.0,0.018941632628610088,0.0,0.08544106229683,0.0,-0.008784609588363133,-0.07528403925658304,50.438094475875786,64,256x64,raw/probes_cut_19.npz,090056379769f1da1adf3caaa059ce0712f8a2e03ff7f7756a7b78d22bc5baa0,raw/cut_19_J_1p05.npz,9d76496edc523d6791823c178416e9d5583a36cff8934941f48fb66504d6b6f1
6,20,0.1,1.0,19,1.1,64,64,1,0,haar,IXYZ,future_rows_history_columns,complete_retained_record,1,0,1e-12,0.012098295635303935,0.0,0.022535422168763728,0.0,0.09973454707876536,0.0,-0.010437126533459793,-0.08763625144346143,50.36013236922858,64,256x64,raw/probes_cut_19.npz,090056379769f1da1adf3caaa059ce0712f8a2e03ff7f7756a7b78d22bc5baa0,raw/cut_19_J_1p1.npz,b9c7753ccadf620faee0c8bc2f4a38a23baeb5eb4260b258ad951b28bc461b40
6,20,0.1,1.0,19,1.1500000000000001,64,64,1,0,haar,IXYZ,future_rows_history_columns,complete_retained_record,1,0,1e-12,0.014167139729123977,0.0,0.026354095727446045,0.0,0.114026948245701,0.0,-0.012186955998322068,-0.09985980851657703,50.2837933981399,64,256x64,raw/probes_cut_19.npz,090056379769f1da1adf3caaa059ce0712f8a2e03ff7f7756a7b78d22bc5baa0,raw/cut_19_J_1p15.npz,14b74fa2c57d45d1f49a512c8bfa10e4e8beeb184bbf48cf68ee1d311014c8df
6,20,0.1,1.0,19,1.2000000000000002,64,64,1,0,haar,IXYZ,future_rows_history_columns,complete_retained_record,1,0,1e-12,0.016293728526757378,0.0,0.030266312727483896,0.0,0.1276043040749889,0.0,-0.013972584200726518,-0.11131057554823152,50.21016543315923,64,256x64,raw/probes_cut_19.npz,090056379769f1da1adf3caaa059ce0712f8a2e03ff7f7756a7b78d22bc5baa0,raw/cut_19_J_1p2.npz,e17844f8ea068115e80064afa05d225c1464b989e846d4edcbb149386b2beb56
6,20,0.1,1.0,19,1.25,64,64,1,0,haar,IXYZ,future_rows_history_columns,complete_retained_record,1,0,1e-12,0.018400097004144304,0.0,0.034127025378204785,0.0,0.13978972844409368,0.0,-0.01572692837406048,-0.12138963143994938,50.13988280270797,64,256x64,raw/probes_cut_19.npz,090056379769f1da1adf3caaa059ce0712f8a2e03ff7f7756a7b78d22bc5baa0,raw/cut_19_J_1p25.npz,793faa9049d0870fd6575ba044c3da9702b59587dff13f5f94a148d6ac29cb90
6,20,0.1,1.0,19,1.3,64,64,1,0,haar,IXYZ,future_rows_history_columns,complete_retained_record,1,0,1e-12,0.020409242869399682,0.0,0.03779455829195047,0.0,0.15003318935086218,0.0,-0.017385315422550788,-0.1296239464814625,50.07311512027528,64,256x64,raw/probes_cut_19.npz,090056379769f1da1adf3caaa059ce0712f8a2e03ff7f7756a7b78d22bc5baa0,raw/cut_19_J_1p3.npz,8a4738e878707cde3aebe4148561e6b8e37ab5ef1ed5065d98e3af52095a31c0
6,20,0.1,1.0,19,1.35,64,64,1,0,haar,IXYZ,future_rows_history_columns,complete_retained_record,1,0,1e-12,0.02225444625021573,0.0,0.0411477098920574,0.0,0.15797774891380453,0.0,-0.018893263641841667,-0.1357233026635888,50.009601052235745,64,256x64,raw/probes_cut_19.npz,090056379769f1da1adf3caaa059ce0712f8a2e03ff7f7756a7b78d22bc5baa0,raw/cut_19_J_1p35.npz,b720271c4bf19d633dc38ee8747c86ce93aeaa917945cf5aae627565f2055adf
6,20,0.1,1.0,19,1.4000000000000001,64,64,1,0,haar,IXYZ,future_rows_history_columns,complete_retained_record,1,0,1e-12,0.02388743452695854,0.0,0.04410034662157511,0.0,0.16349385300889716,0.0,-0.02021291209461657,-0.1396064184819386,49.94871779153509,64,256x64,raw/probes_cut_19.npz,090056379769f1da1adf3caaa059ce0712f8a2e03ff7f7756a7b78d22bc5baa0,raw/cut_19_J_1p4.npz,ecb977fff39f5ab311e84b312ed3429d5983be3d3bcdc205cc79ed0e451199ee
6,20,0.1,1.0,19,1.4500000000000002,64,64,1,0,haar,IXYZ,future_rows_history_columns,complete_retained_record,1,0,1e-12,0.02528424118473089,0.0,0.046611484935887695,0.0,0.16668181438316595,0.0,-0.021327243751156806,-0.14139757319843507,49.889574821255444,64,256x64,raw/probes_cut_19.npz,090056379769f1da1adf3caaa059ce0712f8a2e03ff7f7756a7b78d22bc5baa0,raw/cut_19_J_1p45.npz,1ce37b6dbffc9fb35463f347002c194659793d95c5cb6afd15059cd48c3ae496
6,20,0.1,1.0,19,1.5,64,64,1,0,haar,IXYZ,future_rows_history_columns,complete_retained_record,1,0,1e-12,0.026447970290208015,0.0,0.04868959995484228,0.0,0.16784819659863037,0.0,-0.022241629664634267,-0.14140022630842236,49.831118190389184,64,256x64,raw/probes_cut_19.npz,090056379769f1da1adf3caaa059ce0712f8a2e03ff7f7756a7b78d22bc5baa0,raw/cut_19_J_1p5.npz,c8efa02a118f4d862ee08fc4e8fe87d4c4bbcc6941a2b96fa12a16f8a019b478
6,20,0.1,1.0,19,1.55,64,64,1,0,haar,IXYZ,future_rows_history_columns,complete_retained_record,1,0,1e-12,0.02740813646019896,0.0,0.050390746742724195,0.0,0.16746361631296702,0.0,-0.022982610282525236,-0.14005547985276806,49.77223321161065,64,256x64,raw/probes_cut_19.npz,090056379769f1da1adf3caaa059ce0712f8a2e03ff7f7756a7b78d22bc5baa0,raw/cut_19_J_1p55.npz,a25edfd9567ae23e3a18a63e63351ae9386fcf0cf56e41ac6e8c1b36b232975b
6,20,0.1,1.0,19,1.6,64,64,1,0,haar,IXYZ,future_rows_history_columns,complete_retained_record,1,0,1e-12,0.028216714066228728,0.0,0.05181087540135012,0.0,0.1661085393580044,0.0,-0.02359416133512139,-0.13789182529177568,49.71183691423473,64,256x64,raw/probes_cut_19.npz,090056379769f1da1adf3caaa059ce0712f8a2e03ff7f7756a7b78d22bc5baa0,raw/cut_19_J_1p6.npz,25e8a99cecf0f807d2e9ca0cb38ec90db7a2630e991e9e077f5ff9e662603f7f
6,20,0.1,1.0,19,1.6500000000000001,64,64,1,0,haar,IXYZ,future_rows_history_columns,complete_retained_record,1,0,1e-12,0.02894147097053877,0.0,0.05307345077348594,0.0,0.16441220435473744,0.0,-0.024131979802947172,-0.13547073338419868,49.64895335147432,64,256x64,raw/probes_cut_19.npz,090056379769f1da1adf3caaa059ce0712f8a2e03ff7f7756a7b78d22bc5baa0,raw/cut_19_J_1p65.npz,3601e975dc838914d0d1c5b95153ccaf17601710f93c822351a6dfa00f81f21b
6,20,0.1,1.0,19,1.7000000000000002,64,64,1,0,haar,IXYZ,future_rows_history_columns,complete_retained_record,1,0,1e-12,0.029657529993574894,0.0,0.054314077278952023,0.0,0.16298917136616614,0.0,-0.02465654728537713,-0.13333164137259124,49.58277037061694,64,256x64,raw/probes_cut_19.npz,090056379769f1da1adf3caaa059ce0712f8a2e03ff7f7756a7b78d22bc5baa0,raw/cut_19_J_1p7.npz,08ed43d20bda9e41c9938ae702e841a3ebacd0719c0a7100b68e32e671eb7195
6,20,0.1,1.0,19,1.75,64,64,1,0,haar,IXYZ,future_rows_history_columns,complete_retained_record,1,0,1e-12,0.030438360975361053,0.0,0.05566426808158566,0.0,0.16237895401412436,0.0,-0.025225907106224604,-0.13194059303876332,49.5126769508628,64,256x64,raw/probes_cut_19.npz,090056379769f1da1adf3caaa059ce0712f8a2e03ff7f7756a7b78d22bc5baa0,raw/cut_19_J_1p75.npz,b009212d495bebb59c514cc619ffd7f9503db1125514e2aa1ddf680b66a8a312
6,20,0.1,1.0,19,1.8,64,64,1,0,haar,IXYZ,future_rows_history_columns,complete_retained_record,1,0,1e-12,0.031347507923718834,0.0,0.05723666628810642,0.0,0.16299564104347886,0.0,-0.025889158364387585,-0.13164813311976004,49.4382844745078,64,256x64,raw/probes_cut_19.npz,090056379769f1da1adf3caaa059ce0712f8a2e03ff7f7756a7b78d22bc5baa0,raw/cut_19_J_1p8.npz,fb8ded9b17ba8dc2ea2cec33b19247cec70fb72d39a3f78f9d3d2a22e036db3d
6,20,0.1,1.0,19,1.85,64,64,1,0,haar,IXYZ,future_rows_history_columns,complete_retained_record,1,0,1e-12,0.032432230382650196,0.0,0.05911381938230759,0.0,0.16509492848770208,0.0,-0.026681588999657398,-0.13266269810505188,49.35943424004076,64,256x64,raw/probes_cut_19.npz,090056379769f1da1adf3caaa059ce0712f8a2e03ff7f7756a7b78d22bc5baa0,raw/cut_19_J_1p85.npz,cf1c438db8f44e3b007047d5114598870bce27cd73f7554d9a24b595e8cb95c2
6,20,0.1,1.0,19,1.9000000000000001,64,64,1,0,haar,IXYZ,future_rows_history_columns,complete_retained_record,1,0,1e-12,0.033719889022362635,0.0,0.06134197183086443,0.0,0.1687639074108746,0.0,-0.027622082808501792,-0.13504401838851196,49.276195230224715,64,256x64,raw/probes_cut_19.npz,090056379769f1da1adf3caaa059ce0712f8a2e03ff7f7756a7b78d22bc5baa0,raw/cut_19_J_1p9.npz,b95ede42341089b47f7a2999c5313c7239ef0e8cff5dcaec3abb9aa2cc9a4ec5
6,20,0.1,1.0,19,1.9500000000000002,64,64,1,0,haar,IXYZ,future_rows_history_columns,complete_retained_record,1,0,1e-12,0.0352173557340805,0.0,0.06393034754233144,0.0,0.17393433600607391,0.0,-0.028712991808250946,-0.13871698027199342,49.188854127701944,64,256x64,raw/probes_cut_19.npz,090056379769f1da1adf3caaa059ce0712f8a2e03ff7f7756a7b78d22bc5baa0,raw/cut_19_J_1p95.npz,f3d531d3630e899b12755a3a70c514b784183fd89c7f2f9522d2c777e37cd9a8
6,20,0.1,1.0,19,2.0,64,64,1,0,haar,IXYZ,future_rows_history_columns,complete_retained_record,1,0,1e-12,0.036913129892341544,0.0,0.06685528484850756,0.0,0.18041445970184752,0.0,-0.029942154956166013,-0.14350132980950597,49.09790025278292,64,256x64,raw/probes_cut_19.npz,090056379769f1da1adf3caaa059ce0712f8a2e03ff7f7756a7b78d22bc5baa0,raw/cut_19_J_2.npz,a6ea1ce88ab40d55da062bcc955d7a14fe45e83395cd6c215f5959cf38b2e221
6,20,0.1,1.0,20,0.0,64,64,1,0,haar,IXYZ,future_rows_history_columns,complete_retained_record,1,0,1e-12,0.0,0.0,0.0,0.0,0.0,0.0,0.0,0.0,54.6963566235273,1,256x64,raw/probes_cut_20.npz,39e327003780f1fc9adae6708a576286ca98d8776e759f1a79f95c247134c530,raw/cut_20_J_0.npz,e5ff5382ac2873e8f4b8d98dc4569dfbecc694ea9deb10362b9c486aa98da6d1
6,20,0.1,1.0,20,0.05,64,64,1,0,haar,IXYZ,future_rows_history_columns,complete_retained_record,1,0,1e-12,6.353808862147048e-08,0.0,1.228008616206287e-07,0.0,4.25974713880209e-07,0.0,-5.9262772999158224e-08,-3.624366252587385e-07,54.59353138835457,64,256x64,raw/probes_cut_20.npz,39e327003780f1fc9adae6708a576286ca98d8776e759f1a79f95c247134c530,raw/cut_20_J_0p05.npz,e1cbd42a663291384df64d20d6f8328cc114290caa3073fbca3b74440bd3ba00
6,20,0.1,1.0,20,0.1,64,64,1,0,haar,IXYZ,future_rows_history_columns,complete_retained_record,1,0,1e-12,8.97564964888541e-07,0.0,1.7253073786231682e-06,0.0,5.939970485638636e-06,0.0,-8.277424137346272e-07,-5.042405520750095e-06,54.473413515867406,64,256x64,raw/probes_cut_20.npz,39e327003780f1fc9adae6708a576286ca98d8776e759f1a79f95c247134c530,raw/cut_20_J_0p1.npz,54b9e488c87da7c960c1e3accaa6a1d2a17d94bdc6dfe5f2ad2f8254d18d31cb
6,20,0.1,1.0,20,0.15000000000000002,64,64,1,0,haar,IXYZ,future_rows_history_columns,complete_retained_record,1,0,1e-12,4.239430088596644e-06,0.0,8.11580267750179e-06,0.0,2.7832445291432386e-05,0.0,-3.876372588905145e-06,-2.359301520283574e-05,54.33701404662545,64,256x64,raw/probes_cut_20.npz,39e327003780f1fc9adae6708a576286ca98d8776e759f1a79f95c247134c530,raw/cut_20_J_0p15.npz,71c5f3950abed1ce1901c1cebd0054913636fad063195b294e2316712b797b43
6,20,0.1,1.0,20,0.2,64,64,1,0,haar,IXYZ,future_rows_history_columns,complete_retained_record,1,0,1e-12,1.2808670630376383e-05,0.0,2.44358293506276e-05,0.0,8.366184608376719e-05,0.0,-1.1627158720251219e-05,-7.085317545339081e-05,54.185260291404404,64,256x64,raw/probes_cut_20.npz,39e327003780f1fc9adae6708a576286ca98d8776e759f1a79f95c247134c530,raw/cut_20_J_0p2.npz,f5ee97b00c9f3ba7658018f9b097f0d930383a19909f2a46577fe388512d0980
6,20,0.1,1.0,20,0.25,64,64,1,0,haar,IXYZ,future_rows_history_columns,complete_retained_record,1,0,1e-12,3.0242244615034167e-05,0.0,5.7518059006219656e-05,0.0,0.0001969760131833647,0.0,-2.727581439118549e-05,-0.00016673376856833055,54.019024049066566,64,256x64,raw/probes_cut_20.npz,39e327003780f1fc9adae6708a576286ca98d8776e759f1a79f95c247134c530,raw/cut_20_J_0p25.npz,c707088a219f37978233855beb3a5aafd48057e06938ba47a7e77835f727e8da
6,20,0.1,1.0,20,0.30000000000000004,64,64,1,0,haar,IXYZ,future_rows_history_columns,complete_retained_record,1,0,1e-12,6.089623444797435e-05,0.0,0.00011549816712679854,0.0,0.0003963606220672993,0.0,-5.460193267882419e-05,-0.000335464387619325,53.83916398875232,64,256x64,raw/probes_cut_20.npz,39e327003780f1fc9adae6708a576286ca98d8776e759f1a79f95c247134c530,raw/cut_20_J_0p3.npz,52c5e32b738bcb9ae32579841afb0c5d27e4f91c2013de407ef62a06f21cee8b
6,20,0.1,1.0,20,0.35000000000000003,64,64,1,0,haar,IXYZ,future_rows_history_columns,complete_retained_record,1,0,1e-12,0.00010947196559740861,0.0,0.00020710462097042653,0.0,0.00071354323986547,0.0,-9.763265537301792e-05,-0.0006040712742680614,53.646576450228636,64,256x64,raw/probes_cut_20.npz,39e327003780f1fc9adae6708a576286ca98d8776e759f1a79f95c247134c530,raw/cut_20_J_0p35.npz,512a4432c53242f16a3f83fbb4652d85c8d08baf0c8f9ca0b2781eeb0e73fdd0
6,20,0.1,1.0,20,0.4,64,64,1,0,haar,IXYZ,future_rows_history_columns,complete_retained_record,1,0,1e-12,0.0001805174232983107,0.0,0.00034072850880776783,0.0,0.0011808232922460688,0.0,-0.00016021108550945713,-0.001000305868947758,53.44225015102359,64,256x64,raw/probes_cut_20.npz,39e327003780f1fc9adae6708a576286ca98d8776e759f1a79f95c247134c530,raw/cut_20_J_0p4.npz,dd780417a3b81d15ad83dae25fb3eb46e2b8ad92dac3459acf25b1266021a146
6,20,0.1,1.0,20,0.45,64,64,1,0,haar,IXYZ,future_rows_history_columns,complete_retained_record,1,0,1e-12,0.00027792557638435696,0.0,0.000523502475450165,0.0,0.0018284707257791683,0.0,-0.0002455768990658081,-0.0015505451493948114,53.22731914712891,64,256x64,raw/probes_cut_20.npz,39e327003780f1fc9adae6708a576286ca98d8776e759f1a79f95c247134c530,raw/cut_20_J_0p45.npz,b4db60533022cf14e29cb288659de543e24db84338a57f9743c8e91e503c1eaa
6,20,0.1,1.0,20,0.5,64,64,1,0,haar,IXYZ,future_rows_history_columns,complete_retained_record,1,0,1e-12,0.00040458053783761747,0.0,0.0007606653059999443,0.0,0.0026828769822039886,0.0,-0.0003560847681623269,-0.002278296444366371,53.00310979289836,64,256x64,raw/probes_cut_20.npz,39e327003780f1fc9adae6708a576286ca98d8776e759f1a79f95c247134c530,raw/cut_20_J_0p5.npz,1a0108eb6d851f67b4a1ce53418f527ee9af18e140b9767e1ab1c3e583f237a9
6,20,0.1,1.0,20,0.55,64,64,1,0,haar,IXYZ,future_rows_history_columns,complete_retained_record,1,0,1e-12,0.0005622782983153204,0.0,0.0010554412695864056,0.0,0.003766094518704054,0.0,-0.0004931629712710852,-0.0032038162203887333,52.77117689907829,64,256x64,raw/probes_cut_20.npz,39e327003780f1fc9adae6708a576286ca98d8776e759f1a79f95c247134c530,raw/cut_20_J_0p55.npz,09fe25af5083384bc6722cc331dd543b987291375d031def5d8ad5d89fca0123
6,20,0.1,1.0,20,0.6000000000000001,64,64,1,0,haar,IXYZ,future_rows_history_columns,complete_retained_record,1,0,1e-12,0.0007519821278326805,0.0,0.0014095346227904772,0.0,0.005097009346857516,0.0,-0.0006575524949577967,-0.004345027219024836,52.53332538270879,64,256x64,raw/probes_cut_20.npz,39e327003780f1fc9adae6708a576286ca98d8776e759f1a79f95c247134c530,raw/cut_20_J_0p6.npz,106d8e370cc50b0c5fc2fee945dfddd7d58799cbc3549ba646c93dd2525e10ea
6,20,0.1,1.0,20,0.65,64,64,1,0,haar,IXYZ,future_rows_history_columns,complete_retained_record,1,0,1e-12,0.000974378799421156,0.0,0.00182416845928371,0.0,0.006693851414089716,0.0,-0.0008497896598625539,-0.005719472614668561,52.29161343027162,64,256x64,raw/probes_cut_20.npz,39e327003780f1fc9adae6708a576286ca98d8776e759f1a79f95c247134c530,raw/cut_20_J_0p65.npz,14e47d7de077d8b1b4e8b1dc0dc58e684ba16dd26c83fe82bdaab30f1d1c6192
6,20,0.1,1.0,20,0.7000000000000001,64,64,1,0,haar,IXYZ,future_rows_history_columns,complete_retained_record,1,0,1e-12,0.0012306061403514208,0.0,0.0023014238776150144,0.0,0.008577179237124461,0.0,-0.0010708177372635937,-0.0073465730967730404,52.04833325573612,64,256x64,raw/probes_cut_20.npz,39e327003780f1fc9adae6708a576286ca98d8776e759f1a79f95c247134c530,raw/cut_20_J_0p7.npz,7f37af0e3a13883d300ade81b2aadec4836653169c55f62404a9bbcfaad13d88
6,20,0.1,1.0,20,0.75,64,64,1,0,haar,IXYZ,future_rows_history_columns,complete_retained_record,1,0,1e-12,0.0015229584260522814,0.0,0.002845522406064983,0.0,0.010772098515859379,0.0,-0.0013225639800127015,-0.009249140089807097,51.805967245568866,64,256x64,raw/probes_cut_20.npz,39e327003780f1fc9adae6708a576286ca98d8776e759f1a79f95c247134c530,raw/cut_20_J_0p75.npz,d7d8c96b7d1804ebecae89a80f6d9b89b69f864188edc609bf74e66b2da2d07f
6,20,0.1,1.0,20,0.8,64,64,1,0,haar,IXYZ,future_rows_history_columns,complete_retained_record,1,0,1e-12,0.0018553603283151844,0.0,0.00346366891012939,0.0,0.013308431396274235,0.0,-0.0016083085818142055,-0.01145307106795905,51.56711772830674,64,256x64,raw/probes_cut_20.npz,39e327003780f1fc9adae6708a576286ca98d8776e759f1a79f95c247134c530,raw/cut_20_J_0p8.npz,528f3ec4003a74a6ee0d65cba127bb724daf09faad5f32678c2ee407f6b69b6b
6,20,0.1,1.0,20,0.8500000000000001,64,64,1,0,haar,IXYZ,future_rows_history_columns,complete_retained_record,1,0,1e-12,0.002233452523043242,0.0,0.004166170879399453,0.0,0.01621804892089874,0.0,-0.001932718356356211,-0.0139845963978555,51.33441180809964,64,256x64,raw/probes_cut_20.npz,39e327003780f1fc9adae6708a576286ca98d8776e759f1a79f95c247134c530,raw/cut_20_J_0p85.npz,e71bac919bd0a329086e23fd560e0bcf67b092ccccc970b791a5837d10157f6f
6,20,0.1,1.0,20,0.9,64,64,1,0,haar,IXYZ,future_rows_history_columns,complete_retained_record,1,0,1e-12,0.0026642312158475954,0.0,0.004965733005772922,0.0,0.019529515094948355,0.0,-0.0023015017899253266,-0.01686528387910076,51.11038582756146,64,256x64,raw/probes_cut_20.npz,39e327003780f1fc9adae6708a576286ca98d8776e759f1a79f95c247134c530,raw/cut_20_J_0p9.npz,b39eaee728745581d0f7fdbc33eac8590080e0fde415ba49eadeb21f32b81537
6,20,0.1,1.0,20,0.9500000000000001,64,64,1,0,haar,IXYZ,future_rows_history_columns,complete_retained_record,1,0,1e-12,0.0031553121090383373,0.0,0.005876063261669912,0.0,0.023261401172730393,0.0,-0.002720751152631575,-0.020106089063692056,50.89735703359817,64,256x64,raw/probes_cut_20.npz,39e327003780f1fc9adae6708a576286ca98d8776e759f1a79f95c247134c530,raw/cut_20_J_0p95.npz,d5f07d8596837d380c0f95ca09f53375ca179d4b991d8dadca31f081ef340ebb
6,20,0.1,1.0,20,1.0,64,64,1,0,haar,IXYZ,future_rows_history_columns,complete_retained_record,1,0,1e-12,0.0037140008084390577,0.0,0.006910132642748906,0.0,0.027416612950306857,0.0,-0.003196131834309848,-0.0237026121418678,50.69729426872859,64,256x64,raw/probes_cut_20.npz,39e327003780f1fc9adae6708a576286ca98d8776e759f1a79f95c247134c530,raw/cut_20_J_1.npz,0e6bad3b2ecfd43932258f78e0b72c2483af807d2122df838c7f6da8f7faf919
6,20,0.1,1.0,20,1.05,64,64,1,0,haar,IXYZ,future_rows_history_columns,complete_retained_record,1,0,1e-12,0.004346402999984861,0.0,0.008078525394144448,0.0,0.03198025258511306,0.0,-0.003732122394159587,-0.0276338495851282,50.511700958058825,64,256x64,raw/probes_cut_20.npz,39e327003780f1fc9adae6708a576286ca98d8776e759f1a79f95c247134c530,raw/cut_20_J_1p05.npz,bee32758973d7c35775a43c157e7a6f784a9e74918d1fc09557e04259d23ed78
6,20,0.1,1.0,20,1.1,64,64,1,0,haar,IXYZ,future_rows_history_columns,complete_retained_record,1,0,1e-12,0.00505678242285847,0.0,0.009388267467277523,0.0,0.036922595846889034,0.0,-0.004331485044419053,-0.03186581342403057,50.34152456634593,64,256x64,raw/probes_cut_20.npz,39e327003780f1fc9adae6708a576286ca98d8776e759f1a79f95c247134c530,raw/cut_20_J_1p1.npz,72a63d18106f938a78702dc3c510a42d4b1bf5afae8b8e3a378b398be2715ab8
6,20,0.1,1.0,20,1.1500000000000001,64,64,1,0,haar,IXYZ,future_rows_history_columns,complete_retained_record,1,0,1e-12,0.005847290390065626,0.0,0.010842360939253117,0.0,0.04220693228856103,0.0,-0.0049950705491874905,-0.03635964189849541,50.18710450540861,64,256x64,raw/probes_cut_20.npz,39e327003780f1fc9adae6708a576286ca98d8776e759f1a79f95c247134c530,raw/cut_20_J_1p15.npz,6bf5a2f4623503fc719e723e111ee17e23c69707dac4ad8920f8e37fbf9c63a7
6,20,0.1,1.0,20,1.2000000000000002,64,64,1,0,haar,IXYZ,future_rows_history_columns,complete_retained_record,1,0,1e-12,0.006718062717443059,0.0,0.012440011158816862,0.0,0.047799863226143845,0.0,-0.005721948441373802,-0.041081800508700785,50.04816700054641,64,256x64,raw/probes_cut_20.npz,39e327003780f1fc9adae6708a576286ca98d8776e759f1a79f95c247134c530,raw/cut_20_J_1p2.npz,7aaab4fee4a83fb401a9f2649ade967526749391912826a633a16baa604477a0
6,20,0.1,1.0,20,1.25,64,64,1,0,haar,IXYZ,future_rows_history_columns,complete_retained_record,1,0,1e-12,0.007667580491582303,0.0,0.014177346390775204,0.0,0.05368039375484467,0.0,-0.006509765899192901,-0.04601281326326237,49.92386960636453,64,256x64,raw/probes_cut_20.npz,39e327003780f1fc9adae6708a576286ca98d8776e759f1a79f95c247134c530,raw/cut_20_J_1p25.npz,fbf4211e31608f460da96645e8aaa1d1e4afcd7e4841dfac0df1cccb803b0554
6,20,0.1,1.0,20,1.3,64,64,1,0,haar,IXYZ,future_rows_history_columns,complete_retained_record,1,0,1e-12,0.00869312031575973,0.0,0.016048299726315374,0.0,0.05984428078454944,0.0,-0.007355179410555645,-0.05115116046878971,49.81289174330526,64,256x64,raw/probes_cut_20.npz,39e327003780f1fc9adae6708a576286ca98d8776e759f1a79f95c247134c530,raw/cut_20_J_1p3.npz,3f4a5fb4a5845f042460ad19cf44d3b1bca6ad01e91a9a9c1ab2c6944563f359
6,20,0.1,1.0,20,1.35,64,64,1,0,haar,IXYZ,future_rows_history_columns,complete_retained_record,1,0,1e-12,0.009791123717493057,0.0,0.018045333856277386,0.0,0.06630180752176341,0.0,-0.00825421013878433,-0.05651068380427036,49.713561700640966,64,256x64,raw/probes_cut_20.npz,39e327003780f1fc9adae6708a576286ca98d8776e759f1a79f95c247134c530,raw/cut_20_J_1p35.npz,5b1c152bd512e70d80ff2f7486787144a04b6342756e3c24820ee8cacfd920f7
6,20,0.1,1.0,20,1.4000000000000001,64,64,1,0,haar,IXYZ,future_rows_history_columns,complete_retained_record,1,0,1e-12,0.010957359850158657,0.0,0.02015977604413497,0.0,0.07306950964588647,0.0,-0.009202416193976314,-0.062112149795727815,49.62400630206292,64,256x64,raw/probes_cut_20.npz,39e327003780f1fc9adae6708a576286ca98d8776e759f1a79f95c247134c530,raw/cut_20_J_1p4.npz,8e5a01adea050ed3d11e2e5afb0c8398436ff3cf0987bf1fcf82e285bd21c0e7
6,20,0.1,1.0,20,1.4500000000000002,64,64,1,0,haar,IXYZ,future_rows_history_columns,complete_retained_record,1,0,1e-12,0.012186838628694754,0.0,0.02238168869196454,0.0,0.08015838071655298,0.0,-0.010194850063269787,-0.06797154208785823,49.54230644451076,64,256x64,raw/probes_cut_20.npz,39e327003780f1fc9adae6708a576286ca98d8776e759f1a79f95c247134c530,raw/cut_20_J_1p45.npz,8dee21130da33e3345d7bf5abb269eace07332bffa3710c3c9814d95c3f57610
6,20,0.1,1.0,20,1.5,64,64,1,0,haar,IXYZ,future_rows_history_columns,complete_retained_record,1,0,1e-12,0.013473525943247558,0.0,0.024699375071760694,0.0,0.0875619873273164,0.0,-0.011225849128513135,-0.07408846138406884,49.46664265035701,64,256x64,raw/probes_cut_20.npz,39e327003780f1fc9adae6708a576286ca98d8776e759f1a79f95c247134c530,raw/cut_20_J_1p5.npz,66284fd51d77729ff828f4313124d940aa30644fb98c1ac2c6692055d960d42c
6,20,0.1,1.0,20,1.55,64,64,1,0,haar,IXYZ,future_rows_history_columns,complete_retained_record,1,0,1e-12,0.014809979331811768,0.0,0.027098741426856074,0.0,0.09524750887857208,0.0,-0.012288762095044306,-0.08043752954676031,49.39541627568137,64,256x64,raw/probes_cut_20.npz,39e327003780f1fc9adae6708a576286ca98d8776e759f1a79f95c247134c530,raw/cut_20_J_1p55.npz,579556acb1811d69510a05d9af00dd0d0466beca3cd548845a3cc1a193dd5812
6,20,0.1,1.0,20,1.6,64,64,1,0,haar,IXYZ,future_rows_history_columns,complete_retained_record,1,0,1e-12,0.016187070974644512,0.0,0.029562820440176045,0.0,0.10315164950400832,0.0,-0.013375749465531533,-0.0869645785293638,49.327336758562815,64,256x64,raw/probes_cut_20.npz,39e327003780f1fc9adae6708a576286ca98d8776e759f1a79f95c247134c530,raw/cut_20_J_1p6.npz,32ac1d83e7cfe1ff572a7a21c7bf5552cd5cd19776c0d4adbd36b90f3a725949
6,20,0.1,1.0,20,1.6500000000000001,64,64,1,0,haar,IXYZ,future_rows_history_columns,complete_retained_record,1,0,1e-12,0.017593951839097677,0.0,0.0320717311401613,0.0,0.11118198877600817,0.0,-0.014477779301063622,-0.0935880369369105,49.26146972684592,64,256x64,raw/probes_cut_20.npz,39e327003780f1fc9adae6708a576286ca98d8776e759f1a79f95c247134c530,raw/cut_20_J_1p65.npz,e55d493b94208abb0e6d94d9b701e8053dc7a501e28c1960d5213a5d3345b87e
6,20,0.1,1.0,20,1.7000000000000002,64,64,1,0,haar,IXYZ,future_rows_history_columns,complete_retained_record,1,0,1e-12,0.019018371884704,0.0,0.03460327568291078,0.0,0.1192233315388391,0.0,-0.015584903798206779,-0.1002049596541351,49.19724634481385,64,256x64,raw/probes_cut_20.npz,39e327003780f1fc9adae6708a576286ca98d8776e759f1a79f95c247134c530,raw/cut_20_J_1p7.npz,31e693f0669260f9fb88db2eb537b35f96c4c7d61ea8bc7df8fd7ca14a2f8275
6,20,0.1,1.0,20,1.75,64,64,1,0,haar,IXYZ,future_rows_history_columns,complete_retained_record,1,0,1e-12,0.0204473804077995,0.0,0.037134206718216,0.0,0.1271478522504016,0.0,-0.016686826310416496,-0.10670047184260209,49.134437780414316,64,256x64,raw/probes_cut_20.npz,39e327003780f1fc9adae6708a576286ca98d8776e759f1a79f95c247134c530,raw/cut_20_J_1p75.npz,0f4da88be0c8600a0451998c52eb161d0dfee9819cfb5b50109685f0d0c00b2c
6,20,0.1,1.0,20,1.8,64,64,1,0,haar,IXYZ,future_rows_history_columns,complete_retained_record,1,0,1e-12,0.02186834263133715,0.0,0.039642040177703966,0.0,0.13482745015768766,0.0,-0.017773697546366814,-0.11295910752635051,49.073103042755186,64,256x64,raw/probes_cut_20.npz,39e327003780f1fc9adae6708a576286ca98d8776e759f1a79f95c247134c530,raw/cut_20_J_1p8.npz,58f64948fd7065e5f4479548f80f0ba21f22951d5fd2211de2d0e20a9a5e9b9f
6,20,0.1,1.0,20,1.85,64,64,1,0,haar,IXYZ,future_rows_history_columns,complete_retained_record,1,0,1e-12,0.023270110620148988,0.0,0.04210712033795001,0.0,0.14214648389685755,0.0,-0.018837009717801025,-0.11887637327670857,49.013518753802884,64,256x64,raw/probes_cut_20.npz,39e327003780f1fc9adae6708a576286ca98d8776e759f1a79f95c247134c530,raw/cut_20_J_1p85.npz,6136174a6bb2197405fa37a69f29102e1bcc5ed3201947ffffbb50fc297b91be
6,20,0.1,1.0,20,1.9000000000000001,64,64,1,0,haar,IXYZ,future_rows_history_columns,complete_retained_record,1,0,1e-12,0.02464412137407938,0.0,0.04451453168105553,0.0,0.14901296919094612,0.0,-0.019870410306976147,-0.12436884781686673,48.95610087424539,64,256x64,raw/probes_cut_20.npz,39e327003780f1fc9adae6708a576286ca98d8776e759f1a79f95c247134c530,raw/cut_20_J_1p9.npz,151237652ac0a0eef548136d16d81e69241aecd263ebe0047bc694b4996f4782
6,20,0.1,1.0,20,1.9500000000000002,64,64,1,0,haar,IXYZ,future_rows_history_columns,complete_retained_record,1,0,1e-12,0.02598518706980336,0.0,0.04685544797474187,0.0,0.15536652801465556,0.0,-0.02087026090493851,-0.1293813409448522,48.90132705683208,64,256x64,raw/probes_cut_20.npz,39e327003780f1fc9adae6708a576286ca98d8776e759f1a79f95c247134c530,raw/cut_20_J_1p95.npz,5149d936010ca03035a752093b0b91e202f370930ee2f459648bfb56affcea5b
6,20,0.1,1.0,20,2.0,64,64,1,0,haar,IXYZ,future_rows_history_columns,complete_retained_record,1,0,1e-12,0.027291772736742995,0.0,0.04912756585345924,0.0,0.16118171371462794,0.0,-0.021835793116716243,-0.13388994097788495,48.84966695540164,64,256x64,raw/probes_cut_20.npz,39e327003780f1fc9adae6708a576286ca98d8776e759f1a79f95c247134c530,raw/cut_20_J_2.npz,89e4db6f768b5ab5dd5d99463d1158ff07a0d963ec3e2b459f6c0a67bb59db18
