{
  "case_name": "markov_ref",
  "cut": 10,
  "cut_comparison_mode": "asymmetry_grid",
  "J": 0.0,
  "g": 1.0,
  "L": 2,
  "k": 20,
  "dt": 0.1,
  "n_pasts": 32,
  "n_futures": 16,
  "fraction_terminated_early": 0.009765625,
  "fraction_any_prob_skipped_renormalize": 0.0,
  "fraction_weight_lt_1e-12": 0.125,
  "fraction_weight_lt_1e-10": 0.34765625,
  "fraction_weight_lt_1e-08": 0.73046875,
  "fraction_weight_lt_1e-06": 0.96484375,
  "mean_cumulative_weight": 2.531005855890701e-07,
  "median_cumulative_weight": 5.909917087650552e-10,
  "metrics_V_raw": {
    "frobenius": 22.627417052901837,
    "frobenius_sq": 512.0000024859529,
    "entropy_sv": 0.041614977153516856,
    "rank_tol": 5,
    "participation_ratio": 0.9870604935528124,
    "mean_row_norm": 4.000000009710755,
    "std_row_norm": 1.7615855793845295e-09,
    "mean_col_norm": 1.453965087763191,
    "std_col_norm": 1.3787080266877858
  },
  "metrics_V_centered_past": {
    "frobenius": 1.8417317570557274,
    "frobenius_sq": 3.391975864947577,
    "entropy_sv": 0.3592786679195827,
    "rank_tol": 4,
    "participation_ratio": 0.8052658943393493,
    "mean_row_norm": 0.1696780345622057,
    "std_row_norm": 0.282310486346379,
    "mean_col_norm": 0.034990538579930675,
    "std_col_norm": 0.15960730914461926
  },
  "metrics_V_centered_global": {
    "frobenius": 20.603971289285823,
    "frobenius_sq": 424.5236328897145,
    "entropy_sv": 0.04901880342795338,
    "rank_tol": 5,
    "participation_ratio": 0.9842934353755964,
    "mean_row_norm": 3.642271786678188,
    "std_row_norm": 0.015061500474865357,
    "mean_col_norm": 1.4622708334467351,
    "std_col_norm": 1.0897858856560443
  },
  "metrics_V_centered_rowcol": {
    "frobenius": 1.8323184584846937,
    "frobenius_sq": 3.357390933303724,
    "entropy_sv": 0.3607031293641244,
    "rank_tol": 4,
    "participation_ratio": 0.8042988092997159,
    "mean_row_norm": 0.16871685562231287,
    "std_row_norm": 0.2809258229169856,
    "mean_col_norm": 0.04999785718335218,
    "std_col_norm": 0.15465018592312052
  },
  "row_distance_raw": {
    "max_row_distance": 1.3393961072853584,
    "mean_row_distance": 0.19347763717553623,
    "median_row_distance": 0.0
  },
  "row_distance_centered_past": {
    "max_row_distance": 1.3393961072853584,
    "mean_row_distance": 0.19347763717553623,
    "median_row_distance": 0.0
  },
  "delta_norm_centered_past": 0.006624952829059095,
  "corr_weight_vs_centered_block_norm": -0.018481980801918523,
  "corr_terminated_early_vs_centered_block_norm": 0.7707637282631851,
  "summarize_weights": {
    "mean_weight_by_past": [
      7.475546441594045e-09,
      8.430030922339267e-10,
      8.061420504363894e-09,
      3.365699774581396e-08,
      6.914254072962276e-10,
      6.369633282862321e-07,
      1.3907846887180964e-07,
      8.837458955219657e-09,
      2.930012430698062e-06,
      1.5168827922509174e-08,
      6.138251195409609e-09,
      7.408729906061359e-12,
      1.1394217365284964e-12,
      8.035834189845e-09,
      2.8838106778088914e-06,
      3.6435770296536895e-07,
      3.3333120828990097e-08,
      4.3245067630993296e-09,
      6.316602482750651e-07,
      1.7781666119768677e-07,
      7.0381240236075e-09,
      1.1722164493478404e-10,
      4.584116176596276e-09,
      2.859559212605962e-08,
      3.917718174227805e-12,
      1.0130620369030281e-08,
      1.453501220162417e-08,
      5.513288023697081e-08,
      5.1173115340417246e-08,
      5.341256675556319e-09,
      1.3589232973712268e-08,
      1.8703190062424273e-08
    ],
    "mean_weight_by_future": [
      2.8477743981599526e-08,
      1.6970041224459156e-12,
      4.101506089946145e-09,
      3.965109598341954e-07,
      5.846637653556835e-10,
      1.0655832011799683e-07,
      2.4048536605274508e-08,
      4.546371080619074e-09,
      3.3522569155976746e-09,
      2.4121778803976428e-06,
      2.2778740944808174e-10,
      7.96772717755235e-11,
      2.0374566731179684e-08,
      2.793412771877471e-07,
      7.633517218967652e-07,
      5.874403135854194e-09
    ]
  },
  "mean_centered_block_norm_by_past": [
    0.005567332556683115,
    0.005567332556683115,
    0.005567332556683115,
    0.005567332556683115,
    0.005567332556683115,
    0.005567332556683115,
    0.005567332556683115,
    0.005567332556683115,
    0.005567332556683115,
    0.005567332556683115,
    0.005567332556683115,
    0.037035267327866696,
    0.0827464729401734,
    0.005567332556683115,
    0.005567332556683115,
    0.005567332556683115,
    0.005567332556683115,
    0.005567332556683115,
    0.005567332556683115,
    0.005567332556683115,
    0.005567332556683115,
    0.005611344363135529,
    0.005567332556683115,
    0.005567332556683115,
    0.07447387006677433,
    0.005567332556683115,
    0.005567332556683115,
    0.005567332556683115,
    0.005567332556683115,
    0.005567332556683115,
    0.005567332556683115,
    0.005567332556683115
  ],
  "mean_centered_block_norm_by_future": [
    0.0,
    0.16932777684002626,
    0.0,
    0.0,
    0.0,
    0.0,
    0.0,
    0.0,
    0.0,
    0.0,
    0.0,
    0.008548356302512376,
    0.0,
    0.0,
    0.0,
    0.0
  ],
  "weighted_variants": {
    "masked_lt_1e-12_thr1e-12": {
      "frobenius": 21.16601052898112,
      "frobenius_sq": 448.0000017129396,
      "entropy_sv": 0.23290621250144874,
      "rank_tol": 6,
      "participation_ratio": 0.915198500702404,
      "mean_row_norm": 3.706468977360786,
      "std_row_norm": 0.5201367298070853,
      "mean_col_norm": 1.341924117347339,
      "std_col_norm": 1.3086708969934495
    },
    "weighted_sqrt_thr1e-12": {
      "frobenius": 0.011383650547828958,
      "frobenius_sq": 0.00012958749979508652,
      "entropy_sv": 3.5870634911365873e-10,
      "rank_tol": 5,
      "participation_ratio": 0.9999999999731133,
      "mean_row_norm": 0.001099435762538556,
      "std_row_norm": 0.0017124516656680435,
      "mean_col_norm": 0.0004435379619000049,
      "std_col_norm": 0.0009066967891568226
    },
    "weighted_linear_thr1e-12": {
      "frobenius": 4.310599230816364e-05,
      "frobenius_sq": 1.8581265728714629e-09,
      "entropy_sv": 4.2422608165976845e-20,
      "rank_tol": 1,
      "participation_ratio": 1.0,
      "mean_row_norm": 2.578721234003078e-06,
      "std_row_norm": 7.2852765138593625e-06,
      "mean_col_norm": 1.1884011472859778e-06,
      "std_col_norm": 3.634212453706764e-06
    },
    "masked_lt_1e-10_thr1e-10": {
      "frobenius": 18.275666914059936,
      "frobenius_sq": 334.00000115366504,
      "entropy_sv": 0.44872960828354125,
      "rank_tol": 9,
      "participation_ratio": 0.8234070783368789,
      "mean_row_norm": 3.044753599761494,
      "std_row_norm": 1.0975517871436193,
      "mean_col_norm": 1.1007074301876596,
      "std_col_norm": 1.1869391746691498
    },
    "weighted_sqrt_thr1e-10": {
      "frobenius": 0.011383650547828958,
      "frobenius_sq": 0.00012958749979508652,
      "entropy_sv": 3.5870634911365873e-10,
      "rank_tol": 5,
      "participation_ratio": 0.9999999999731133,
      "mean_row_norm": 0.001099435762538556,
      "std_row_norm": 0.0017124516656680435,
      "mean_col_norm": 0.0004435379619000049,
      "std_col_norm": 0.0009066967891568226
    },
    "weighted_linear_thr1e-10": {
      "frobenius": 4.310599230816364e-05,
      "frobenius_sq": 1.8581265728714629e-09,
      "entropy_sv": 4.2422608165976845e-20,
      "rank_tol": 1,
      "participation_ratio": 1.0,
      "mean_row_norm": 2.578721234003078e-06,
      "std_row_norm": 7.2852765138593625e-06,
      "mean_col_norm": 1.1884011472859778e-06,
      "std_col_norm": 3.634212453706764e-06
    },
    "masked_lt_1e-08_thr1e-08": {
      "frobenius": 11.747340156245876,
      "frobenius_sq": 138.00000074654687,
      "entropy_sv": 0.8578133771801734,
      "rank_tol": 7,
      "participation_ratio": 0.5964083181486063,
      "mean_row_norm": 1.798255703228169,
      "std_row_norm": 1.0552609579775496,
      "mean_col_norm": 0.6017983655202106,