{
  "case_name": "sweep",
  "L": 2,
  "k": 20,
  "dt": 0.1,
  "cut": 5,
  "J": 0.2,
  "g": 1.0,
  "n_pasts": 32,
  "n_futures": 32,
  "n_seeds": 1,
  "branch_weight_beta": 1.0,
  "delta": 6.03856899873519e-10,
  "delta_norm": 0.7492300209819969,
  "entropy": 1.2306875436474484e-05,
  "rank": 4,
  "max_row_distance": 1.928963041149048e-05,
  "mean_row_distance": 3.7799456232627645e-06,
  "median_row_distance": 1.7525360648700766e-06,
  "weight_preparation": {
    "weight_data_invalid": false,
    "nan_count": 0,
    "posinf_count": 0,
    "neginf_count": 0,
    "negative_count": 0,
    "warnings": []
  }
}