{
  "case_name": "trivial",
  "cut": 15,
  "cut_comparison_mode": "cut_comparison_fresh_probes",
  "J": 0.0,
  "g": 0.0,
  "L": 2,
  "k": 20,
  "dt": 0.1,
  "n_pasts": 32,
  "n_futures": 32,
  "fraction_terminated_early": 0.0009765625,
  "fraction_any_prob_skipped_renormalize": 0.0,
  "fraction_weight_lt_1e-12": 0.0322265625,
  "fraction_weight_lt_1e-10": 0.1875,
  "fraction_weight_lt_1e-08": 0.5400390625,
  "fraction_weight_lt_1e-06": 0.9140625,
  "mean_cumulative_weight": 6.765357602431155e-07,
  "median_cumulative_weight": 6.698984612212083e-09,
  "metrics_V_raw": {
    "frobenius": 32.00000006133929,
    "frobenius_sq": 1024.0000039257147,
    "entropy_sv": 2.141404136484463e-27,
    "rank_tol": 1,
    "participation_ratio": 1.0,
    "mean_row_norm": 5.656854260335742,
    "std_row_norm": 0.0,
    "mean_col_norm": 1.4236279619437735,
    "std_col_norm": 1.4074877646868351
  },
  "metrics_V_centered_past": {
    "frobenius": 0.0,
    "frobenius_sq": 0.0,
    "entropy_sv": 0.0,
    "rank_tol": 0,
    "participation_ratio": 0.0,
    "mean_row_norm": 0.0,
    "std_row_norm": 0.0,
    "mean_col_norm": 0.0,
    "std_col_norm": 0.0
  },
  "metrics_V_centered_global": {
    "frobenius": 29.94002247350705,
    "frobenius_sq": 896.4049457141072,
    "entropy_sv": 2.141404136484463e-27,
    "rank_tol": 1,
    "participation_ratio": 1.0,
    "mean_row_norm": 5.292698229973617,
    "std_row_norm": 0.0,
    "mean_col_norm": 1.4842025032167054,
    "std_col_norm": 1.1418484080082445
  },
  "metrics_V_centered_rowcol": {
    "frobenius": 0.0,
    "frobenius_sq": 0.0,
    "entropy_sv": 0.0,
    "rank_tol": 0,
    "participation_ratio": 0.0,
    "mean_row_norm": 0.0,
    "std_row_norm": 0.0,
    "mean_col_norm": 0.0,
    "std_col_norm": 0.0
  },
  "row_distance_raw": {
    "max_row_distance": 0.0,
    "mean_row_distance": 0.0,
    "median_row_distance": 0.0
  },
  "row_distance_centered_past": {
    "max_row_distance": 0.0,
    "mean_row_distance": 0.0,
    "median_row_distance": 0.0
  },
  "delta_norm_centered_past": 0.0,
  "corr_weight_vs_centered_block_norm": NaN,
  "corr_terminated_early_vs_centered_block_norm": NaN,
  "summarize_weights": {
    "mean_weight_by_past": [
      2.8298743055051794e-06,
      2.5796348673613533e-08,
      2.529614136650123e-07,
      6.076729347285442e-09,
      7.742632660315621e-11,
      1.491618551389975e-07,
      3.3091159891433515e-06,
      4.6589694263147214e-08,
      1.4880664677928853e-09,
      1.767494968385742e-08,
      6.190990450540554e-09,
      4.2422713308756374e-08,
      1.7981769513476783e-08,
      7.051977505185789e-07,
      7.91763860582974e-08,
      9.302896787231494e-08,
      1.7508601424559435e-07,
      2.6831390371435536e-10,
      7.333417085785352e-08,
      3.208526568796781e-06,
      7.959266398886524e-08,
      2.7789623731176227e-09,
      7.842404659815298e-09,
      1.9930737040638524e-08,
      1.4098733093290277e-10,
      8.607722504739031e-06,
      8.543580261256305e-09,
      4.640629145354869e-11,
      5.220740073734346e-08,
      1.8296099000398454e-06,
      6.801309289197082e-10,
      1.8225647728858344e-11
    ],
    "mean_weight_by_future": [
      9.573273326502835e-07,
      1.8231256340414665e-11,
      6.40210335579447e-08,
      8.689335590406738e-08,
      2.3411275775146365e-08,
      2.7145150840368113e-06,
      1.4046054846580412e-07,
      4.3887069242328564e-07,
      1.0220222570366e-08,
      1.0112000965159838e-06,
      3.025069889628272e-06,
      2.9282601825443236e-07,
      4.903019617814638e-07,
      2.2622316743938717e-07,
      1.862524946097175e-07,
      6.358469193636121e-08,
      4.049888260606169e-08,
      6.93356912782817e-07,
      3.088389072221138e-08,
      2.876264386039334e-06,
      2.660616642503541e-08,
      1.6292876383151287e-06,
      7.638256955254057e-07,
      1.415203279863071e-07,
      1.2743357359373186e-06,
      2.3942211366194453e-06,
      7.535546771842072e-08,
      1.1111882403937234e-08,
      2.21779973409293e-09,
      1.7931727378843424e-06,
      1.640932950634474e-07,
      1.1962752107250398e-09
    ]
  },
  "mean_centered_block_norm_by_past": [
    0.0,
    0.0,
    0.0,
    0.0,
    0.0,
    0.0,
    0.0,
    0.0,
    0.0,
    0.0,
    0.0,
    0.0,
    0.0,
    0.0,
    0.0,
    0.0,
    0.0,
    0.0,
    0.0,
    0.0,
    0.0,
    0.0,
    0.0,
    0.0,
    0.0,
    0.0,
    0.0,
    0.0,
    0.0,
    0.0,
    0.0,
    0.0
  ],
  "mean_centered_block_norm_by_future": [
    0.0,
    0.0,
    0.0,
    0.0,
    0.0,
    0.0,
    0.0,
    0.0,
    0.0,
    0.0,
    0.0,
    0.0,
    0.0,
    0.0,
    0.0,
    0.0,
    0.0,
    0.0,
    0.0,
    0.0,
    0.0,
    0.0,
    0.0,
    0.0,
    0.0,
    0.0,
    0.0,
    0.0,
    0.0,
    0.0,
    0.0,
    0.0
  ],
  "weighted_variants": {
    "masked_lt_1e-12_thr1e-12": {
      "frobenius": 31.48015253218932,
      "frobenius_sq": 991.0000034499055,
      "entropy_sv": 0.12481075696469777,
      "rank_tol": 5,
      "participation_ratio": 0.9584392730645265,
      "mean_row_norm": 5.562678206970011,
      "std_row_norm": 0.16180042987463536,
      "mean_col_norm": 1.401215873222092,
      "std_col_norm": 1.3838962999052284
    },
    "weighted_sqrt_thr1e-12": {
      "frobenius": 0.026320574138074676,
      "frobenius_sq": 0.0006927726229578855,
      "entropy_sv": 2.141404136484463e-27,
      "rank_tol": 1,
      "participation_ratio": 1.0,
      "mean_row_norm": 0.0025788220175516144,
      "std_row_norm": 0.003934800429481157,
      "mean_col_norm": 0.0008639222092467068,
      "std_col_norm": 0.0014026642122574322
    },
    "weighted_linear_thr1e-12": {
      "frobenius": 9.891484513045834e-05,
      "frobenius_sq": 9.784146587182557e-09,
      "entropy_sv": 2.141404136484463e-27,
      "rank_tol": 1,
      "participation_ratio": 1.0,
      "mean_row_norm": 6.459004631111655e-06,
      "std_row_norm": 1.650918305631206e-05,
      "mean_col_norm": 2.4462492455810453e-06,
      "std_col_norm": 5.688725668692027e-06
    },
    "masked_lt_1e-10_thr1e-10": {
      "frobenius": 28.84441025941124,
      "frobenius_sq": 832.0000032132284,
      "entropy_sv": 0.3439162499284291,
      "rank_tol": 13,
      "participation_ratio": 0.877262273931453,
      "mean_row_norm": 4.956542070884334,
      "std_row_norm": 1.216103051646561,
      "mean_col_norm": 1.2711681707422395,
      "std_col_norm": 1.2808356073456353
    },
    "weighted_sqrt_thr1e-10": {
      "frobenius": 0.026320574138074676,
      "frobenius_sq": 0.0006927726229578855,
      "entropy_sv": 2.141404136484463e-27,
      "rank_tol": 1,
      "participation_ratio": 1.0,
      "mean_row_norm": 0.0025788220175516144,
      "std_row_norm": 0.003934800429481157,
      "mean_col_norm": 0.0008639222092467068,
      "std_col_norm": 0.0014026642122574322
    },
    "weighted_linear_thr1e-10": {
      "frobenius": 9.891484513045834e-05,
      "frobenius_sq": 9.784146587182557e-09,
      "entropy_sv": 2.141404136484463e-27,
      "rank_tol": 1,
      "participation_ratio": 1.0,
      "mean_row_norm": 6.459004631111655e-06,
      "std_row_norm": 1.650918305631206e-05,
      "mean_col_norm": 2.4462492455810453e-06,
      "std_col_norm": 5.688725668692027e-06
    },
    "masked_lt_1e-08_thr1e-08": {
      "frobenius": 21.7025344852037,
      "frobenius_sq": 471.0000030814558,
      "entropy_sv": 0.7199852953448573,
      "rank_tol": 15,
      "participation_ratio": 0.7018405090797906,
      "mean_row_norm": 3.295163834225542,
      "std_row_norm": 1.9962921505521567,
      "mean_col_norm": 0.9109806756140391,
      "std_col_norm": 1.0069352462733874
    },
    "weighted_sqrt_thr1e-08": {
      "frobenius": 0.026320574138074676,
      "frobenius_sq": 0.0006927726229578855,
      "entropy_sv": 2.141404136484463e-27,
      "rank_tol": 1,
      "participation_ratio": 1.0,
      "mean_row_norm": 0.0025788220175516144,
      "std_row_norm": 0.003934800429481157,
      "mean_col_norm": 0.0008639222092467068,