experiment,method,gate_type,theta,q0,q1,chi_max,tdvp_substeps,sequence,gate_count,infidelity_median,infidelity_min,infidelity_max,n_seeds
A,hybrid_tdvp,rxx,0.025,2,9,16,1,,1,1.1735923344247112e-10,1.1735923344247112e-10,1.1735923344247112e-10,1
A,hybrid_tdvp,rxx,0.025,2,9,16,2,,1,2.931499487601741e-11,2.931499487601741e-11,2.931499487601741e-11,1
A,hybrid_tdvp,rxx,0.025,2,9,16,4,,1,7.319256312143807e-12,7.319256312143807e-12,7.319256312143807e-12,1
A,hybrid_tdvp,rxx,0.025,2,9,16,8,,1,1.822098028014807e-12,1.822098028014807e-12,1.822098028014807e-12,1
A,hybrid_tdvp,rxx,0.025,2,9,64,1,,1,1.1735923344247112e-10,1.1735923344247112e-10,1.1735923344247112e-10,1
A,hybrid_tdvp,rxx,0.025,2,9,64,2,,1,2.931499487601741e-11,2.931499487601741e-11,2.931499487601741e-11,1
A,hybrid_tdvp,rxx,0.025,2,9,64,4,,1,7.319256312143807e-12,7.319256312143807e-12,7.319256312143807e-12,1
A,hybrid_tdvp,rxx,0.025,2,9,64,8,,1,1.822098028014807e-12,1.822098028014807e-12,1.822098028014807e-12,1
A,hybrid_tdvp,rxx,0.025,2,9,8,1,,1,6.885800506839512e-05,6.885800506839512e-05,6.885800506839512e-05,1
A,hybrid_tdvp,rxx,0.025,2,9,8,2,,1,6.886946999318244e-05,6.886946999318244e-05,6.886946999318244e-05,1
A,hybrid_tdvp,rxx,0.025,2,9,8,4,,1,6.887646853814822e-05,6.887646853814822e-05,6.887646853814822e-05,1
A,hybrid_tdvp,rxx,0.025,2,9,8,8,,1,6.888026558327098e-05,6.888026558327098e-05,6.888026558327098e-05,1
A,hybrid_tdvp,rxx,0.05,2,9,16,1,,1,4.699116651352142e-10,4.699116651352142e-10,4.699116651352142e-10,1
A,hybrid_tdvp,rxx,0.05,2,9,16,2,,1,1.173510177920889e-10,1.173510177920889e-10,1.173510177920889e-10,1
A,hybrid_tdvp,rxx,0.05,2,9,16,4,,1,2.9321434169560234e-11,2.9321434169560234e-11,2.9321434169560234e-11,1
A,hybrid_tdvp,rxx,0.05,2,9,16,8,,1,7.301492743749805e-12,7.301492743749805e-12,7.301492743749805e-12,1
A,hybrid_tdvp,rxx,0.05,2,9,64,1,,1,4.699116651352142e-10,4.699116651352142e-10,4.699116651352142e-10,1
A,hybrid_tdvp,rxx,0.05,2,9,64,2,,1,1.173510177920889e-10,1.173510177920889e-10,1.173510177920889e-10,1
A,hybrid_tdvp,rxx,0.05,2,9,64,4,,1,2.9321434169560234e-11,2.9321434169560234e-11,2.9321434169560234e-11,1
A,hybrid_tdvp,rxx,0.05,2,9,64,8,,1,7.301492743749805e-12,7.301492743749805e-12,7.301492743749805e-12,1
A,hybrid_tdvp,rxx,0.05,2,9,8,1,,1,0.0002737367444930472,0.0002737367444930472,0.0002737367444930472,1
A,hybrid_tdvp,rxx,0.05,2,9,8,2,,1,0.0002739409003087445,0.0002739409003087445,0.0002739409003087445,1
A,hybrid_tdvp,rxx,0.05,2,9,8,4,,1,0.00027405920519030236,0.00027405920519030236,0.00027405920519030236,1
A,hybrid_tdvp,rxx,0.05,2,9,8,8,,1,0.0002741218959141367,0.0002741218959141367,0.0002741218959141367,1
A,hybrid_tdvp,rxx,0.1,2,9,16,1,,1,0.0,0.0,0.0,1
A,hybrid_tdvp,rxx,0.1,2,9,16,2,,1,4.699209910086211e-10,4.699209910086211e-10,4.699209910086211e-10,1
A,hybrid_tdvp,rxx,0.1,2,9,16,4,,1,1.1733547466974414e-10,1.1733547466974414e-10,1.1733547466974414e-10,1
A,hybrid_tdvp,rxx,0.1,2,9,16,8,,1,2.930233833353668e-11,2.930233833353668e-11,2.930233833353668e-11,1
A,hybrid_tdvp,rxx,0.1,2,9,64,1,,1,0.0,0.0,0.0,1
A,hybrid_tdvp,rxx,0.1,2,9,64,2,,1,4.699209910086211e-10,4.699209910086211e-10,4.699209910086211e-10,1
A,hybrid_tdvp,rxx,0.1,2,9,64,4,,1,1.1733547466974414e-10,1.1733547466974414e-10,1.1733547466974414e-10,1
A,hybrid_tdvp,rxx,0.1,2,9,64,8,,1,2.930233833353668e-11,2.930233833353668e-11,2.930233833353668e-11,1
A,hybrid_tdvp,rxx,0.1,2,9,8,1,,1,0.0010738649293019487,0.0010738649293019487,0.0010738649293019487,1
A,hybrid_tdvp,rxx,0.1,2,9,8,2,,1,0.0010773574919471507,0.0010773574919471507,0.0010773574919471507,1
A,hybrid_tdvp,rxx,0.1,2,9,8,4,,1,0.0010792441326319402,0.0010792441326319402,0.0010792441326319402,1
A,hybrid_tdvp,rxx,0.1,2,9,8,8,,1,0.0010802127063874734,0.0010802127063874734,0.0010802127063874734,1
A,hybrid_tdvp,rxx,0.2,2,9,16,1,,1,0.0,0.0,0.0,1
A,hybrid_tdvp,rxx,0.2,2,9,16,2,,1,0.0,0.0,0.0,1
A,hybrid_tdvp,rxx,0.2,2,9,16,4,,1,4.698930133884005e-10,4.698930133884005e-10,4.698930133884005e-10,1
A,hybrid_tdvp,rxx,0.2,2,9,16,8,,1,1.1730594273728912e-10,1.1730594273728912e-10,1.1730594273728912e-10,1
A,hybrid_tdvp,rxx,0.2,2,9,64,1,,1,0.0,0.0,0.0,1
A,hybrid_tdvp,rxx,0.2,2,9,64,2,,1,0.0,0.0,0.0,1
A,hybrid_tdvp,rxx,0.2,2,9,64,4,,1,4.698930133884005e-10,4.698930133884005e-10,4.698930133884005e-10,1
A,hybrid_tdvp,rxx,0.2,2,9,64,8,,1,1.1730594273728912e-10,1.1730594273728912e-10,1.1730594273728912e-10,1
A,hybrid_tdvp,rxx,0.2,2,9,8,1,,1,0.0040391829726272865,0.0040391829726272865,0.0040391829726272865,1
A,hybrid_tdvp,rxx,0.2,2,9,8,2,,1,0.0040978289938437,0.0040978289938437,0.0040978289938437,1
A,hybrid_tdvp,rxx,0.2,2,9,8,4,,1,0.004125500678112681,0.004125500678112681,0.004125500678112681,1
A,hybrid_tdvp,rxx,0.2,2,9,8,8,,1,0.004139003195776203,0.004139003195776203,0.004139003195776203,1
A,hybrid_tdvp,ryy,0.025,2,9,16,1,,1,0.0,0.0,0.0,1
A,hybrid_tdvp,ryy,0.025,2,9,16,2,,1,8.193890010943505e-11,8.193890010943505e-11,8.193890010943505e-11,1
A,hybrid_tdvp,ryy,0.025,2,9,16,4,,1,2.0470292128038636e-11,2.0470292128038636e-11,2.0470292128038636e-11,1
A,hybrid_tdvp,ryy,0.025,2,9,16,8,,1,5.114575429843171e-12,5.114575429843171e-12,5.114575429843171e-12,1
A,hybrid_tdvp,ryy,0.025,2,9,64,1,,1,0.0,0.0,0.0,1
A,hybrid_tdvp,ryy,0.025,2,9,64,2,,1,8.193890010943505e-11,8.193890010943505e-11,8.193890010943505e-11,1
A,hybrid_tdvp,ryy,0.025,2,9,64,4,,1,2.0470292128038636e-11,2.0470292128038636e-11,2.0470292128038636e-11,1
A,hybrid_tdvp,ryy,0.025,2,9,64,8,,1,5.114575429843171e-12,5.114575429843171e-12,5.114575429843171e-12,1
A,hybrid_tdvp,ryy,0.025,2,9,8,1,,1,7.978525790730551e-05,7.978525790730551e-05,7.978525790730551e-05,1
A,hybrid_tdvp,ryy,0.025,2,9,8,2,,1,7.980366723381316e-05,7.980366723381316e-05,7.980366723381316e-05,1
A,hybrid_tdvp,ryy,0.025,2,9,8,4,,1,7.981516289712332e-05,7.981516289712332e-05,7.981516289712332e-05,1
A,hybrid_tdvp,ryy,0.025,2,9,8,8,,1,7.98214873100056e-05,7.98214873100056e-05,7.98214873100056e-05,1
A,hybrid_tdvp,ryy,0.05,2,9,16,1,,1,0.0,0.0,0.0,1
A,hybrid_tdvp,ryy,0.05,2,9,16,2,,1,5.773159728050814e-15,5.773159728050814e-15,5.773159728050814e-15,1
A,hybrid_tdvp,ryy,0.05,2,9,16,4,,1,8.192535538853463e-11,8.192535538853463e-11,8.192535538853463e-11,1
A,hybrid_tdvp,ryy,0.05,2,9,16,8,,1,2.0472512574087887e-11,2.0472512574087887e-11,2.0472512574087887e-11,1
A,hybrid_tdvp,ryy,0.05,2,9,64,1,,1,0.0,0.0,0.0,1
A,hybrid_tdvp,ryy,0.05,2,9,64,2,,1,5.773159728050814e-15,5.773159728050814e-15,5.773159728050814e-15,1
A,hybrid_tdvp,ryy,0.05,2,9,64,4,,1,8.192535538853463e-11,8.192535538853463e-11,8.192535538853463e-11,1
A,hybrid_tdvp,ryy,0.05,2,9,64,8,,1,2.0472512574087887e-11,2.0472512574087887e-11,2.0472512574087887e-11,1
A,hybrid_tdvp,ryy,0.05,2,9,8,1,,1,0.0003185140922913332,0.0003185140922913332,0.0003185140922913332,1
A,hybrid_tdvp,ryy,0.05,2,9,8,2,,1,0.00031882336195709904,0.00031882336195709904,0.00031882336195709904,1
A,hybrid_tdvp,ryy,0.05,2,9,8,4,,1,0.0003190104804561278,0.0003190104804561278,0.0003190104804561278,1
A,hybrid_tdvp,ryy,0.05,2,9,8,8,,1,0.000319112148358891,0.000319112148358891,0.000319112148358891,1
A,hybrid_tdvp,ryy,0.1,2,9,16,1,,1,1.3322676295501878e-15,1.3322676295501878e-15,1.3322676295501878e-15,1
A,hybrid_tdvp,ryy,0.1,2,9,16,2,,1,4.440892098500626e-16,4.440892098500626e-16,4.440892098500626e-16,1
A,hybrid_tdvp,ryy,0.1,2,9,16,4,,1,0.0,0.0,0.0,1
A,hybrid_tdvp,ryy,0.1,2,9,16,8,,1,8.18833889582038e-11,8.18833889582038e-11,8.18833889582038e-11,1
A,hybrid_tdvp,ryy,0.1,2,9,64,1,,1,1.3322676295501878e-15,1.3322676295501878e-15,1.3322676295501878e-15,1
A,hybrid_tdvp,ryy,0.1,2,9,64,2,,1,4.440892098500626e-16,4.440892098500626e-16,4.440892098500626e-16,1
A,hybrid_tdvp,ryy,0.1,2,9,64,4,,1,0.0,0.0,0.0,1
A,hybrid_tdvp,ryy,0.1,2,9,64,8,,1,8.18833889582038e-11,8.18833889582038e-11,8.18833889582038e-11,1
A,hybrid_tdvp,ryy,0.1,2,9,8,1,,1,0.0012449569523014237,0.0012449569523014237,0.0012449569523014237,1
A,hybrid_tdvp,ryy,0.1,2,9,8,2,,1,0.0012514557237768287,0.0012514557237768287,0.0012514557237768287,1
A,hybrid_tdvp,ryy,0.1,2,9,8,4,,1,0.0012548912064218598,0.0012548912064218598,0.0012548912064218598,1
A,hybrid_tdvp,ryy,0.1,2,9,8,8,,1,0.0012566579685366897,0.0012566579685366897,0.0012566579685366897,1
A,hybrid_tdvp,ryy,0.2,2,9,16,1,,1,0.0,0.0,0.0,1
A,hybrid_tdvp,ryy,0.2,2,9,16,2,,1,0.0,0.0,0.0,1
A,hybrid_tdvp,ryy,0.2,2,9,16,4,,1,0.0,0.0,0.0,1
A,hybrid_tdvp,ryy,0.2,2,9,16,8,,1,0.0,0.0,0.0,1
A,hybrid_tdvp,ryy,0.2,2,9,64,1,,1,0.0,0.0,0.0,1
A,hybrid_tdvp,ryy,0.2,2,9,64,2,,1,0.0,0.0,0.0,1
A,hybrid_tdvp,ryy,0.2,2,9,64,4,,1,0.0,0.0,0.0,1
A,hybrid_tdvp,ryy,0.2,2,9,64,8,,1,0.0,0.0,0.0,1
A,hybrid_tdvp,ryy,0.2,2,9,8,1,,1,0.004343033797991502,0.004343033797991502,0.004343033797991502,1
A,hybrid_tdvp,ryy,0.2,2,9,8,2,,1,0.004522667424727289,0.004522667424727289,0.004522667424727289,1
A,hybrid_tdvp,ryy,0.2,2,9,8,4,,1,0.004597455647526116,0.004597455647526116,0.004597455647526116,1
A,hybrid_tdvp,ryy,0.2,2,9,8,8,,1,0.004632029224674761,0.004632029224674761,0.004632029224674761,1
A,hybrid_tdvp,rzz,0.025,2,9,16,1,,1,5.823563853368796e-11,5.823563853368796e-11,5.823563853368796e-11,1
A,hybrid_tdvp,rzz,0.025,2,9,16,2,,1,1.4529710767874349e-11,1.4529710767874349e-11,1.4529710767874349e-11,1
A,hybrid_tdvp,rzz,0.025,2,9,16,4,,1,3.6268765768454614e-12,3.6268765768454614e-12,3.6268765768454614e-12,1
A,hybrid_tdvp,rzz,0.025,2,9,16,8,,1,8.757439218243235e-13,8.757439218243235e-13,8.757439218243235e-13,1
A,hybrid_tdvp,rzz,0.025,2,9,64,1,,1,5.823563853368796e-11,5.823563853368796e-11,5.823563853368796e-11,1
A,hybrid_tdvp,rzz,0.025,2,9,64,2,,1,1.4529710767874349e-11,1.4529710767874349e-11,1.4529710767874349e-11,1
A,hybrid_tdvp,rzz,0.025,2,9,64,4,,1,3.6268765768454614e-12,3.6268765768454614e-12,3.6268765768454614e-12,1
A,hybrid_tdvp,rzz,0.025,2,9,64,8,,1,8.757439218243235e-13,8.757439218243235e-13,8.757439218243235e-13,1
A,hybrid_tdvp,rzz,0.025,2,9,8,1,,1,9.901454446703539e-05,9.901454446703539e-05,9.901454446703539e-05,1
A,hybrid_tdvp,rzz,0.025,2,9,8,2,,1,9.90316582468731e-05,9.90316582468731e-05,9.90316582468731e-05,1
A,hybrid_tdvp,rzz,0.025,2,9,8,4,,1,9.904197224541722e-05,9.904197224541722e-05,9.904197224541722e-05,1
A,hybrid_tdvp,rzz,0.025,2,9,8,8,,1,9.904756303236173e-05,9.904756303236173e-05,9.904756303236173e-05,1
A,hybrid_tdvp,rzz,0.05,2,9,16,1,,1,0.0,0.0,0.0,1
A,hybrid_tdvp,rzz,0.05,2,9,16,2,,1,5.823763693513229e-11,5.823763693513229e-11,5.823763693513229e-11,1
A,hybrid_tdvp,rzz,0.05,2,9,16,4,,1,1.45345957491827e-11,1.45345957491827e-11,1.45345957491827e-11,1
A,hybrid_tdvp,rzz,0.05,2,9,16,8,,1,3.6350922272276875e-12,3.6350922272276875e-12,3.6350922272276875e-12,1
A,hybrid_tdvp,rzz,0.05,2,9,64,1,,1,0.0,0.0,0.0,1
A,hybrid_tdvp,rzz,0.05,2,9,64,2,,1,5.823763693513229e-11,5.823763693513229e-11,5.823763693513229e-11,1
A,hybrid_tdvp,rzz,0.05,2,9,64,4,,1,1.45345957491827e-11,1.45345957491827e-11,1.45345957491827e-11,1
A,hybrid_tdvp,rzz,0.05,2,9,64,8,,1,3.6350922272276875e-12,3.6350922272276875e-12,3.6350922272276875e-12,1
A,hybrid_tdvp,rzz,0.05,2,9,8,1,,1,0.00039480613211362314,0.00039480613211362314,0.00039480613211362314,1
A,hybrid_tdvp,rzz,0.05,2,9,8,2,,1,0.00039512707706057526,0.00039512707706057526,0.00039512707706057526,1
A,hybrid_tdvp,rzz,0.05,2,9,8,4,,1,0.0003953098554629886,0.0003953098554629886,0.0003953098554629886,1
A,hybrid_tdvp,rzz,0.05,2,9,8,8,,1,0.00039540650411296063,0.00039540650411296063,0.00039540650411296063,1
A,hybrid_tdvp,rzz,0.1,2,9,16,1,,1,8.881784197001252e-16,8.881784197001252e-16,8.881784197001252e-16,1
A,hybrid_tdvp,rzz,0.1,2,9,16,2,,1,0.0,0.0,0.0,1
A,hybrid_tdvp,rzz,0.1,2,9,16,4,,1,5.823475035526826e-11,5.823475035526826e-11,5.823475035526826e-11,1
A,hybrid_tdvp,rzz,0.1,2,9,16,8,,1,1.4511059021060646e-11,1.4511059021060646e-11,1.4511059021060646e-11,1
A,hybrid_tdvp,rzz,0.1,2,9,64,1,,1,8.881784197001252e-16,8.881784197001252e-16,8.881784197001252e-16,1
A,hybrid_tdvp,rzz,0.1,2,9,64,2,,1,0.0,0.0,0.0,1
A,hybrid_tdvp,rzz,0.1,2,9,64,4,,1,5.823475035526826e-11,5.823475035526826e-11,5.823475035526826e-11,1
A,hybrid_tdvp,rzz,0.1,2,9,64,8,,1,1.4511059021060646e-11,1.4511059021060646e-11,1.4511059021060646e-11,1
A,hybrid_tdvp,rzz,0.1,2,9,8,1,,1,0.001546535884512923,0.001546535884512923,0.001546535884512923,1
A,hybrid_tdvp,rzz,0.1,2,9,8,2,,1,0.0015537667763215746,0.0015537667763215746,0.0015537667763215746,1
A,hybrid_tdvp,rzz,0.1,2,9,8,4,,1,0.0015573929167596035,0.0015573929167596035,0.0015573929167596035,1
A,hybrid_tdvp,rzz,0.1,2,9,8,8,,1,0.0015592069575456335,0.0015592069575456335,0.0015592069575456335,1
A,hybrid_tdvp,rzz,0.2,2,9,16,1,,1,0.0,0.0,0.0,1
A,hybrid_tdvp,rzz,0.2,2,9,16,2,,1,5.329070518200751e-15,5.329070518200751e-15,5.329070518200751e-15,1
A,hybrid_tdvp,rzz,0.2,2,9,16,4,,1,0.0,0.0,0.0,1
A,hybrid_tdvp,rzz,0.2,2,9,16,8,,1,5.821187976096098e-11,5.821187976096098e-11,5.821187976096098e-11,1
A,hybrid_tdvp,rzz,0.2,2,9,64,1,,1,0.0,0.0,0.0,1
A,hybrid_tdvp,rzz,0.2,2,9,64,2,,1,5.329070518200751e-15,5.329070518200751e-15,5.329070518200751e-15,1
A,hybrid_tdvp,rzz,0.2,2,9,64,4,,1,0.0,0.0,0.0,1
A,hybrid_tdvp,rzz,0.2,2,9,64,8,,1,5.821187976096098e-11,5.821187976096098e-11,5.821187976096098e-11,1
A,hybrid_tdvp,rzz,0.2,2,9,8,1,,1,0.005484739329295052,0.005484739329295052,0.005484739329295052,1
A,hybrid_tdvp,rzz,0.2,2,9,8,2,,1,0.005707994178676623,0.005707994178676623,0.005707994178676623,1
A,hybrid_tdvp,rzz,0.2,2,9,8,4,,1,0.005793832883359662,0.005793832883359662,0.005793832883359662,1
A,hybrid_tdvp,rzz,0.2,2,9,8,8,,1,0.005832463607211347,0.005832463607211347,0.005832463607211347,1
A,mpo_zipup,rxx,0.025,2,9,16,,,1,5.551115123125783e-15,5.551115123125783e-15,5.551115123125783e-15,1
A,mpo_zipup,rxx,0.025,2,9,64,,,1,5.551115123125783e-15,5.551115123125783e-15,5.551115123125783e-15,1
A,mpo_zipup,rxx,0.025,2,9,8,,,1,0.10486941980604414,0.10486941980604414,0.10486941980604414,1
A,mpo_zipup,rxx,0.05,2,9,16,,,1,3.3306690738754696e-15,3.3306690738754696e-15,3.3306690738754696e-15,1
A,mpo_zipup,rxx,0.05,2,9,64,,,1,3.3306690738754696e-15,3.3306690738754696e-15,3.3306690738754696e-15,1
A,mpo_zipup,rxx,0.05,2,9,8,,,1,0.10486941980604081,0.10486941980604081,0.10486941980604081,1
A,mpo_zipup,rxx,0.1,2,9,16,,,1,2.220446049250313e-15,2.220446049250313e-15,2.220446049250313e-15,1
A,mpo_zipup,rxx,0.1,2,9,64,,,1,2.220446049250313e-15,2.220446049250313e-15,2.220446049250313e-15,1
A,mpo_zipup,rxx,0.1,2,9,8,,,1,0.10486941980604092,0.10486941980604092,0.10486941980604092,1
A,mpo_zipup,rxx,0.2,2,9,16,,,1,2.886579864025407e-15,2.886579864025407e-15,2.886579864025407e-15,1
A,mpo_zipup,rxx,0.2,2,9,64,,,1,2.886579864025407e-15,2.886579864025407e-15,2.886579864025407e-15,1
A,mpo_zipup,rxx,0.2,2,9,8,,,1,0.1048694198060447,0.1048694198060447,0.1048694198060447,1
A,mpo_zipup,ryy,0.025,2,9,16,,,1,3.774758283725532e-15,3.774758283725532e-15,3.774758283725532e-15,1
A,mpo_zipup,ryy,0.025,2,9,64,,,1,3.774758283725532e-15,3.774758283725532e-15,3.774758283725532e-15,1
A,mpo_zipup,ryy,0.025,2,9,8,,,1,0.09489654743468401,0.09489654743468401,0.09489654743468401,1
A,mpo_zipup,ryy,0.05,2,9,16,,,1,5.10702591327572e-15,5.10702591327572e-15,5.10702591327572e-15,1
A,mpo_zipup,ryy,0.05,2,9,64,,,1,5.10702591327572e-15,5.10702591327572e-15,5.10702591327572e-15,1
A,mpo_zipup,ryy,0.05,2,9,8,,,1,0.09489654743469034,0.09489654743469034,0.09489654743469034,1
A,mpo_zipup,ryy,0.1,2,9,16,,,1,3.552713678800501e-15,3.552713678800501e-15,3.552713678800501e-15,1
A,mpo_zipup,ryy,0.1,2,9,64,,,1,3.552713678800501e-15,3.552713678800501e-15,3.552713678800501e-15,1
A,mpo_zipup,ryy,0.1,2,9,8,,,1,0.09489654743468234,0.09489654743468234,0.09489654743468234,1
A,mpo_zipup,ryy,0.2,2,9,16,,,1,5.329070518200751e-15,5.329070518200751e-15,5.329070518200751e-15,1
A,mpo_zipup,ryy,0.2,2,9,64,,,1,5.329070518200751e-15,5.329070518200751e-15,5.329070518200751e-15,1
A,mpo_zipup,ryy,0.2,2,9,8,,,1,0.09489654743469167,0.09489654743469167,0.09489654743469167,1
A,mpo_zipup,rzz,0.025,2,9,16,,,1,0.0,0.0,0.0,1
A,mpo_zipup,rzz,0.025,2,9,64,,,1,0.0,0.0,0.0,1
A,mpo_zipup,rzz,0.025,2,9,8,,,1,0.10513203263806481,0.10513203263806481,0.10513203263806481,1
A,mpo_zipup,rzz,0.05,2,9,16,,,1,0.0,0.0,0.0,1
A,mpo_zipup,rzz,0.05,2,9,64,,,1,0.0,0.0,0.0,1
A,mpo_zipup,rzz,0.05,2,9,8,,,1,0.10513203263806226,0.10513203263806226,0.10513203263806226,1
A,mpo_zipup,rzz,0.1,2,9,16,,,1,8.881784197001252e-16,8.881784197001252e-16,8.881784197001252e-16,1
A,mpo_zipup,rzz,0.1,2,9,64,,,1,8.881784197001252e-16,8.881784197001252e-16,8.881784197001252e-16,1
A,mpo_zipup,rzz,0.1,2,9,8,,,1,0.10513203263806226,0.10513203263806226,0.10513203263806226,1
A,mpo_zipup,rzz,0.2,2,9,16,,,1,0.0,0.0,0.0,1
A,mpo_zipup,rzz,0.2,2,9,64,,,1,0.0,0.0,0.0,1
A,mpo_zipup,rzz,0.2,2,9,8,,,1,0.10513203263806647,0.10513203263806647,0.10513203263806647,1
A,tebd_swap,rxx,0.025,2,9,16,,,1,1.3322676295501878e-15,1.3322676295501878e-15,1.3322676295501878e-15,1
A,tebd_swap,rxx,0.025,2,9,64,,,1,1.3322676295501878e-15,1.3322676295501878e-15,1.3322676295501878e-15,1
A,tebd_swap,rxx,0.025,2,9,8,,,1,0.5509776627434848,0.5509776627434848,0.5509776627434848,1
A,tebd_swap,rxx,0.05,2,9,16,,,1,0.0,0.0,0.0,1
A,tebd_swap,rxx,0.05,2,9,64,,,1,0.0,0.0,0.0,1
A,tebd_swap,rxx,0.05,2,9,8,,,1,0.5517297650000141,0.5517297650000141,0.5517297650000141,1
A,tebd_swap,rxx,0.1,2,9,16,,,1,0.0,0.0,0.0,1
A,tebd_swap,rxx,0.1,2,9,64,,,1,0.0,0.0,0.0,1
A,tebd_swap,rxx,0.1,2,9,8,,,1,0.5533362344977879,0.5533362344977879,0.5533362344977879,1
A,tebd_swap,rxx,0.2,2,9,16,,,1,0.0,0.0,0.0,1
A,tebd_swap,rxx,0.2,2,9,64,,,1,0.0,0.0,0.0,1
A,tebd_swap,rxx,0.2,2,9,8,,,1,0.5568310761720701,0.5568310761720701,0.5568310761720701,1
A,tebd_swap,ryy,0.025,2,9,16,,,1,0.0,0.0,0.0,1
A,tebd_swap,ryy,0.025,2,9,64,,,1,0.0,0.0,0.0,1
A,tebd_swap,ryy,0.025,2,9,8,,,1,0.5502067491780993,0.5502067491780993,0.5502067491780993,1
A,tebd_swap,ryy,0.05,2,9,16,,,1,0.0,0.0,0.0,1
A,tebd_swap,ryy,0.05,2,9,64,,,1,0.0,0.0,0.0,1
A,tebd_swap,ryy,0.05,2,9,8,,,1,0.5502866682492495,0.5502866682492495,0.5502866682492495,1
A,tebd_swap,ryy,0.1,2,9,16,,,1,0.0,0.0,0.0,1
A,tebd_swap,ryy,0.1,2,9,64,,,1,0.0,0.0,0.0,1
A,tebd_swap,ryy,0.1,2,9,8,,,1,0.5510429147182623,0.5510429147182623,0.5510429147182623,1
A,tebd_swap,ryy,0.2,2,9,16,,,1,1.3322676295501878e-15,1.3322676295501878e-15,1.3322676295501878e-15,1
A,tebd_swap,ryy,0.2,2,9,64,,,1,1.3322676295501878e-15,1.3322676295501878e-15,1.3322676295501878e-15,1
A,tebd_swap,ryy,0.2,2,9,8,,,1,0.5551068628036464,0.5551068628036464,0.5551068628036464,1
A,tebd_swap,rzz,0.025,2,9,16,,,1,0.0,0.0,0.0,1
A,tebd_swap,rzz,0.025,2,9,64,,,1,0.0,0.0,0.0,1
A,tebd_swap,rzz,0.025,2,9,8,,,1,0.5504949679303783,0.5504949679303783,0.5504949679303783,1
A,tebd_swap,rzz,0.05,2,9,16,,,1,1.3322676295501878e-15,1.3322676295501878e-15,1.3322676295501878e-15,1
A,tebd_swap,rzz,0.05,2,9,64,,,1,1.3322676295501878e-15,1.3322676295501878e-15,1.3322676295501878e-15,1
A,tebd_swap,rzz,0.05,2,9,8,,,1,0.5508092908572801,0.5508092908572801,0.5508092908572801,1
A,tebd_swap,rzz,0.1,2,9,16,,,1,1.9984014443252818e-15,1.9984014443252818e-15,1.9984014443252818e-15,1
A,tebd_swap,rzz,0.1,2,9,64,,,1,1.9984014443252818e-15,1.9984014443252818e-15,1.9984014443252818e-15,1
A,tebd_swap,rzz,0.1,2,9,8,,,1,0.551858412938315,0.551858412938315,0.551858412938315,1
A,tebd_swap,rzz,0.2,2,9,16,,,1,5.773159728050814e-15,5.773159728050814e-15,5.773159728050814e-15,1
A,tebd_swap,rzz,0.2,2,9,64,,,1,5.773159728050814e-15,5.773159728050814e-15,5.773159728050814e-15,1
A,tebd_swap,rzz,0.2,2,9,8,,,1,0.5551709402633047,0.5551709402633047,0.5551709402633047,1
B,hybrid_tdvp,rxx,0.1,2,9,64,1,,1,0.0,0.0,0.0,1
B,hybrid_tdvp,rxx,0.1,2,9,64,8,,1,2.930233833353668e-11,2.930233833353668e-11,2.930233833353668e-11,1
B,hybrid_tdvp,rxx,0.1,2,9,8,1,,1,0.0010738649293019487,0.0010738649293019487,0.0010738649293019487,1
B,hybrid_tdvp,rxx,0.1,2,9,8,8,,1,0.0010802127063874734,0.0010802127063874734,0.0010802127063874734,1
B,hybrid_tdvp,rxx,0.1,3,8,64,1,,1,0.0,0.0,0.0,1
B,hybrid_tdvp,rxx,0.1,3,8,64,8,,1,1.5718981671852816e-11,1.5718981671852816e-11,1.5718981671852816e-11,1
B,hybrid_tdvp,rxx,0.1,3,8,8,1,,1,0.0012459357349260403,0.0012459357349260403,0.0012459357349260403,1
B,hybrid_tdvp,rxx,0.1,3,8,8,8,,1,0.001259105711031383,0.001259105711031383,0.001259105711031383,1
B,hybrid_tdvp,rxx,0.1,4,7,64,1,,1,0.0,0.0,0.0,1
B,hybrid_tdvp,rxx,0.1,4,7,64,8,,1,0.0,0.0,0.0,1
B,hybrid_tdvp,rxx,0.1,4,7,8,1,,1,0.0005366655617432547,0.0005366655617432547,0.0005366655617432547,1
B,hybrid_tdvp,rxx,0.1,4,7,8,8,,1,0.0005425381724165623,0.0005425381724165623,0.0005425381724165623,1
B,hybrid_tdvp,ryy,0.1,2,9,64,1,,1,1.3322676295501878e-15,1.3322676295501878e-15,1.3322676295501878e-15,1
B,hybrid_tdvp,ryy,0.1,2,9,64,8,,1,8.18833889582038e-11,8.18833889582038e-11,8.18833889582038e-11,1
B,hybrid_tdvp,ryy,0.1,2,9,8,1,,1,0.0012449569523014237,0.0012449569523014237,0.0012449569523014237,1
B,hybrid_tdvp,ryy,0.1,2,9,8,8,,1,0.0012566579685366897,0.0012566579685366897,0.0012566579685366897,1
B,hybrid_tdvp,ryy,0.1,3,8,64,1,,1,0.0,0.0,0.0,1
B,hybrid_tdvp,ryy,0.1,3,8,64,8,,1,8.886247293560245e-11,8.886247293560245e-11,8.886247293560245e-11,1
B,hybrid_tdvp,ryy,0.1,3,8,8,1,,1,0.0008986430747225382,0.0008986430747225382,0.0008986430747225382,1
B,hybrid_tdvp,ryy,0.1,3,8,8,8,,1,0.0009039485404954695,0.0009039485404954695,0.0009039485404954695,1
B,hybrid_tdvp,ryy,0.1,4,7,64,1,,1,0.0,0.0,0.0,1
B,hybrid_tdvp,ryy,0.1,4,7,64,8,,1,8.539391416206854e-12,8.539391416206854e-12,8.539391416206854e-12,1
B,hybrid_tdvp,ryy,0.1,4,7,8,1,,1,0.0006984095434925397,0.0006984095434925397,0.0006984095434925397,1
B,hybrid_tdvp,ryy,0.1,4,7,8,8,,1,0.0007091448836629155,0.0007091448836629155,0.0007091448836629155,1
B,hybrid_tdvp,rzz,0.1,2,9,64,1,,1,8.881784197001252e-16,8.881784197001252e-16,8.881784197001252e-16,1
B,hybrid_tdvp,rzz,0.1,2,9,64,8,,1,1.4511059021060646e-11,1.4511059021060646e-11,1.4511059021060646e-11,1
B,hybrid_tdvp,rzz,0.1,2,9,8,1,,1,0.001546535884512923,0.001546535884512923,0.001546535884512923,1
B,hybrid_tdvp,rzz,0.1,2,9,8,8,,1,0.0015592069575456335,0.0015592069575456335,0.0015592069575456335,1
B,hybrid_tdvp,rzz,0.1,3,8,64,1,,1,1.1546319456101628e-14,1.1546319456101628e-14,1.1546319456101628e-14,1
B,hybrid_tdvp,rzz,0.1,3,8,64,8,,1,1.3888712402376768e-10,1.3888712402376768e-10,1.3888712402376768e-10,1
B,hybrid_tdvp,rzz,0.1,3,8,8,1,,1,0.000834581030868975,0.000834581030868975,0.000834581030868975,1
B,hybrid_tdvp,rzz,0.1,3,8,8,8,,1,0.0008372336109154777,0.0008372336109154777,0.0008372336109154777,1
B,hybrid_tdvp,rzz,0.1,4,7,64,1,,1,0.0,0.0,0.0,1
B,hybrid_tdvp,rzz,0.1,4,7,64,8,,1,0.0,0.0,0.0,1
B,hybrid_tdvp,rzz,0.1,4,7,8,1,,1,0.0005829784525070991,0.0005829784525070991,0.0005829784525070991,1
B,hybrid_tdvp,rzz,0.1,4,7,8,8,,1,0.00059569611913457,0.00059569611913457,0.00059569611913457,1
B,mpo_zipup,rxx,0.1,2,9,64,,,1,2.220446049250313e-15,2.220446049250313e-15,2.220446049250313e-15,1
B,mpo_zipup,rxx,0.1,2,9,8,,,1,0.10486941980604092,0.10486941980604092,0.10486941980604092,1
B,mpo_zipup,rxx,0.1,3,8,64,,,1,0.0,0.0,0.0,1
B,mpo_zipup,rxx,0.1,3,8,8,,,1,0.07013169394423491,0.07013169394423491,0.07013169394423491,1
B,mpo_zipup,rxx,0.1,4,7,64,,,1,5.329070518200751e-15,5.329070518200751e-15,5.329070518200751e-15,1
B,mpo_zipup,rxx,0.1,4,7,8,,,1,0.039265348349259654,0.039265348349259654,0.039265348349259654,1
B,mpo_zipup,ryy,0.1,2,9,64,,,1,3.552713678800501e-15,3.552713678800501e-15,3.552713678800501e-15,1
B,mpo_zipup,ryy,0.1,2,9,8,,,1,0.09489654743468234,0.09489654743468234,0.09489654743468234,1
B,mpo_zipup,ryy,0.1,3,8,64,,,1,4.440892098500626e-16,4.440892098500626e-16,4.440892098500626e-16,1
B,mpo_zipup,ryy,0.1,3,8,8,,,1,0.076015050076093,0.076015050076093,0.076015050076093,1
B,mpo_zipup,ryy,0.1,4,7,64,,,1,4.440892098500626e-15,4.440892098500626e-15,4.440892098500626e-15,1
B,mpo_zipup,ryy,0.1,4,7,8,,,1,0.031382231573966135,0.031382231573966135,0.031382231573966135,1
B,mpo_zipup,rzz,0.1,2,9,64,,,1,8.881784197001252e-16,8.881784197001252e-16,8.881784197001252e-16,1
B,mpo_zipup,rzz,0.1,2,9,8,,,1,0.10513203263806226,0.10513203263806226,0.10513203263806226,1
B,mpo_zipup,rzz,0.1,3,8,64,,,1,0.0,0.0,0.0,1
B,mpo_zipup,rzz,0.1,3,8,8,,,1,0.0763117827155475,0.0763117827155475,0.0763117827155475,1
B,mpo_zipup,rzz,0.1,4,7,64,,,1,1.1102230246251565e-15,1.1102230246251565e-15,1.1102230246251565e-15,1
B,mpo_zipup,rzz,0.1,4,7,8,,,1,0.03691943897525085,0.03691943897525085,0.03691943897525085,1
B,tebd_swap,rxx,0.1,2,9,64,,,1,0.0,0.0,0.0,1
B,tebd_swap,rxx,0.1,2,9,8,,,1,0.5533362344977879,0.5533362344977879,0.5533362344977879,1
B,tebd_swap,rxx,0.1,3,8,64,,,1,0.0,0.0,0.0,1
B,tebd_swap,rxx,0.1,3,8,8,,,1,0.44645253565123777,0.44645253565123777,0.44645253565123777,1
B,tebd_swap,rxx,0.1,4,7,64,,,1,3.774758283725532e-15,3.774758283725532e-15,3.774758283725532e-15,1
B,tebd_swap,rxx,0.1,4,7,8,,,1,0.3536173239267836,0.3536173239267836,0.3536173239267836,1
B,tebd_swap,ryy,0.1,2,9,64,,,1,0.0,0.0,0.0,1
B,tebd_swap,ryy,0.1,2,9,8,,,1,0.5510429147182623,0.5510429147182623,0.5510429147182623,1
B,tebd_swap,ryy,0.1,3,8,64,,,1,0.0,0.0,0.0,1
B,tebd_swap,ryy,0.1,3,8,8,,,1,0.4450038595722793,0.4450038595722793,0.4450038595722793,1
B,tebd_swap,ryy,0.1,4,7,64,,,1,5.773159728050814e-15,5.773159728050814e-15,5.773159728050814e-15,1
B,tebd_swap,ryy,0.1,4,7,8,,,1,0.3530847082071339,0.3530847082071339,0.3530847082071339,1
B,tebd_swap,rzz,0.1,2,9,64,,,1,1.9984014443252818e-15,1.9984014443252818e-15,1.9984014443252818e-15,1
B,tebd_swap,rzz,0.1,2,9,8,,,1,0.551858412938315,0.551858412938315,0.551858412938315,1
B,tebd_swap,rzz,0.1,3,8,64,,,1,8.881784197001252e-16,8.881784197001252e-16,8.881784197001252e-16,1
B,tebd_swap,rzz,0.1,3,8,8,,,1,0.4445893205243484,0.4445893205243484,0.4445893205243484,1
B,tebd_swap,rzz,0.1,4,7,64,,,1,0.0,0.0,0.0,1
B,tebd_swap,rzz,0.1,4,7,8,,,1,0.35274595137081355,0.35274595137081355,0.35274595137081355,1
C,hybrid_tdvp,rxx,0.05,2,9,16,1,mixed,1,4.699116651352142e-10,4.699116651352142e-10,4.699116651352142e-10,1
C,hybrid_tdvp,rxx,0.05,2,9,16,1,mixed,4,0.0026425558503301305,0.0026425558503301305,0.0026425558503301305,1
C,hybrid_tdvp,rxx,0.05,2,9,16,1,mixed,7,0.01050475540937601,0.01050475540937601,0.01050475540937601,1
C,hybrid_tdvp,rxx,0.05,2,9,16,1,mixed,10,0.023464308592631933,0.023464308592631933,0.023464308592631933,1
C,hybrid_tdvp,rxx,0.05,2,9,16,1,mixed,13,0.04130962582932396,0.04130962582932396,0.04130962582932396,1
C,hybrid_tdvp,rxx,0.05,2,9,16,1,mixed,16,0.0637510074879859,0.0637510074879859,0.0637510074879859,1
C,hybrid_tdvp,rxx,0.05,2,9,16,1,mixed,19,0.09042845807027078,0.09042845807027078,0.09042845807027078,1
C,hybrid_tdvp,rxx,0.05,2,9,16,1,mixed,22,0.120920955541718,0.120920955541718,0.120920955541718,1
C,hybrid_tdvp,rxx,0.05,2,9,16,1,mixed,25,0.1547570581685931,0.1547570581685931,0.1547570581685931,1
C,hybrid_tdvp,rxx,0.05,2,9,16,1,mixed,28,0.19142655896436,0.19142655896436,0.19142655896436,1
C,hybrid_tdvp,rxx,0.05,2,9,16,1,mixed,31,0.2303928192005117,0.2303928192005117,0.2303928192005117,1
C,hybrid_tdvp,rxx,0.05,2,9,16,1,mixed,34,0.27110537545828817,0.27110537545828817,0.27110537545828817,1
C,hybrid_tdvp,rxx,0.05,2,9,16,2,mixed,1,1.173510177920889e-10,1.173510177920889e-10,1.173510177920889e-10,1
C,hybrid_tdvp,rxx,0.05,2,9,16,2,mixed,4,0.002600800464740538,0.002600800464740538,0.002600800464740538,1
C,hybrid_tdvp,rxx,0.05,2,9,16,2,mixed,7,0.01040561483052671,0.01040561483052671,0.01040561483052671,1
C,hybrid_tdvp,rxx,0.05,2,9,16,2,mixed,10,0.023304785427114783,0.023304785427114783,0.023304785427114783,1
C,hybrid_tdvp,rxx,0.05,2,9,16,2,mixed,13,0.04109086943129492,0.04109086943129492,0.04109086943129492,1
C,hybrid_tdvp,rxx,0.05,2,9,16,2,mixed,16,0.06347671136492183,0.06347671136492183,0.06347671136492183,1
C,hybrid_tdvp,rxx,0.05,2,9,16,2,mixed,19,0.0901041927955405,0.0901041927955405,0.0901041927955405,1
C,hybrid_tdvp,rxx,0.05,2,9,16,2,mixed,22,0.12055374509289507,0.12055374509289507,0.12055374509289507,1
C,hybrid_tdvp,rxx,0.05,2,9,16,2,mixed,25,0.1543550259098836,0.1543550259098836,0.1543550259098836,1
C,hybrid_tdvp,rxx,0.05,2,9,16,2,mixed,28,0.1909985798733137,0.1909985798733137,0.1909985798733137,1
C,hybrid_tdvp,rxx,0.05,2,9,16,2,mixed,31,0.22994815746693953,0.22994815746693953,0.22994815746693953,1
C,hybrid_tdvp,rxx,0.05,2,9,16,2,mixed,34,0.27065331704774254,0.27065331704774254,0.27065331704774254,1
C,hybrid_tdvp,rxx,0.05,2,9,16,4,mixed,1,2.9321434169560234e-11,2.9321434169560234e-11,2.9321434169560234e-11,1
C,hybrid_tdvp,rxx,0.05,2,9,16,4,mixed,4,0.002575606242630646,0.002575606242630646,0.002575606242630646,1
C,hybrid_tdvp,rxx,0.05,2,9,16,4,mixed,7,0.010336253185550759,0.010336253185550759,0.010336253185550759,1
C,hybrid_tdvp,rxx,0.05,2,9,16,4,mixed,10,0.02318428774929815,0.02318428774929815,0.02318428774929815,1
C,hybrid_tdvp,rxx,0.05,2,9,16,4,mixed,13,0.04091633014665352,0.04091633014665352,0.04091633014665352,1
C,hybrid_tdvp,rxx,0.05,2,9,16,4,mixed,16,0.0632464094214844,0.0632464094214844,0.0632464094214844,1
C,hybrid_tdvp,rxx,0.05,2,9,16,4,mixed,19,0.0898179901677223,0.0898179901677223,0.0898179901677223,1
C,hybrid_tdvp,rxx,0.05,2,9,16,4,mixed,22,0.12021296565115758,0.12021296565115758,0.12021296565115758,1
C,hybrid_tdvp,rxx,0.05,2,9,16,4,mixed,25,0.15396227847190613,0.15396227847190613,0.15396227847190613,1
C,hybrid_tdvp,rxx,0.05,2,9,16,4,mixed,28,0.19055751045531355,0.19055751045531355,0.19055751045531355,1
C,hybrid_tdvp,rxx,0.05,2,9,16,4,mixed,31,0.22946315816337648,0.22946315816337648,0.22946315816337648,1
C,hybrid_tdvp,rxx,0.05,2,9,16,4,mixed,34,0.27012923281125356,0.27012923281125356,0.27012923281125356,1
C,hybrid_tdvp,rxx,0.05,2,9,16,8,mixed,1,7.301492743749805e-12,7.301492743749805e-12,7.301492743749805e-12,1
C,hybrid_tdvp,rxx,0.05,2,9,16,8,mixed,4,0.0025641927503519124,0.0025641927503519124,0.0025641927503519124,1
C,hybrid_tdvp,rxx,0.05,2,9,16,8,mixed,7,0.01030511764546893,0.01030511764546893,0.01030511764546893,1
C,hybrid_tdvp,rxx,0.05,2,9,16,8,mixed,10,0.023131561768743758,0.023131561768743758,0.023131561768743758,1
C,hybrid_tdvp,rxx,0.05,2,9,16,8,mixed,13,0.04084104715288761,0.04084104715288761,0.04084104715288761,1
C,hybrid_tdvp,rxx,0.05,2,9,16,8,mixed,16,0.06314752765554299,0.06314752765554299,0.06314752765554299,1
C,hybrid_tdvp,rxx,0.05,2,9,16,8,mixed,19,0.08969650552931441,0.08969650552931441,0.08969650552931441,1
C,hybrid_tdvp,rxx,0.05,2,9,16,8,mixed,22,0.12006882791246998,0.12006882791246998,0.12006882791246998,1
C,hybrid_tdvp,rxx,0.05,2,9,16,8,mixed,25,0.15379759331362441,0.15379759331362441,0.15379759331362441,1
C,hybrid_tdvp,rxx,0.05,2,9,16,8,mixed,28,0.19037354333847956,0.19037354333847956,0.19037354333847956,1
C,hybrid_tdvp,rxx,0.05,2,9,16,8,mixed,31,0.2292614951943186,0.2292614951943186,0.2292614951943186,1
C,hybrid_tdvp,rxx,0.05,2,9,16,8,mixed,34,0.2699127379769768,0.2699127379769768,0.2699127379769768,1
C,hybrid_tdvp,rxx,0.05,2,9,64,1,mixed,1,4.699116651352142e-10,4.699116651352142e-10,4.699116651352142e-10,1
C,hybrid_tdvp,rxx,0.05,2,9,64,1,mixed,4,0.0026422180892531344,0.0026422180892531344,0.0026422180892531344,1
C,hybrid_tdvp,rxx,0.05,2,9,64,1,mixed,7,0.010525772979637749,0.010525772979637749,0.010525772979637749,1
C,hybrid_tdvp,rxx,0.05,2,9,64,1,mixed,10,0.02352037812275043,0.02352037812275043,0.02352037812275043,1
C,hybrid_tdvp,rxx,0.05,2,9,64,1,mixed,13,0.04141129630711182,0.04141129630711182,0.04141129630711182,1
C,hybrid_tdvp,rxx,0.05,2,9,64,1,mixed,16,0.06390500779903818,0.06390500779903818,0.06390500779903818,1
C,hybrid_tdvp,rxx,0.05,2,9,64,1,mixed,19,0.09063690186750983,0.09063690186750983,0.09063690186750983,1
C,hybrid_tdvp,rxx,0.05,2,9,64,1,mixed,22,0.12118072715020378,0.12118072715020378,0.12118072715020378,1
C,hybrid_tdvp,rxx,0.05,2,9,64,1,mixed,25,0.1550594795475313,0.1550594795475313,0.1550594795475313,1
C,hybrid_tdvp,rxx,0.05,2,9,64,1,mixed,28,0.19175736051816172,0.19175736051816172,0.19175736051816172,1
C,hybrid_tdvp,rxx,0.05,2,9,64,1,mixed,31,0.2307324074858006,0.2307324074858006,0.2307324074858006,1
C,hybrid_tdvp,rxx,0.05,2,9,64,1,mixed,34,0.27142938387536253,0.27142938387536253,0.27142938387536253,1
C,hybrid_tdvp,rxx,0.05,2,9,64,2,mixed,1,1.173510177920889e-10,1.173510177920889e-10,1.173510177920889e-10,1
C,hybrid_tdvp,rxx,0.05,2,9,64,2,mixed,4,0.002642217754647236,0.002642217754647236,0.002642217754647236,1
C,hybrid_tdvp,rxx,0.05,2,9,64,2,mixed,7,0.010525772507353981,0.010525772507353981,0.010525772507353981,1
C,hybrid_tdvp,rxx,0.05,2,9,64,2,mixed,10,0.02352037724227385,0.02352037724227385,0.02352037724227385,1
C,hybrid_tdvp,rxx,0.05,2,9,64,2,mixed,13,0.041411294792427,0.041411294792427,0.041411294792427,1
C,hybrid_tdvp,rxx,0.05,2,9,64,2,mixed,16,0.06390500552938538,0.06390500552938538,0.06390500552938538,1
C,hybrid_tdvp,rxx,0.05,2,9,64,2,mixed,19,0.0906368985125755,0.0906368985125755,0.0906368985125755,1
C,hybrid_tdvp,rxx,0.05,2,9,64,2,mixed,22,0.12118072246374689,0.12118072246374689,0.12118072246374689,1
C,hybrid_tdvp,rxx,0.05,2,9,64,2,mixed,25,0.1550594734036983,0.1550594734036983,0.1550594734036983,1
C,hybrid_tdvp,rxx,0.05,2,9,64,2,mixed,28,0.19175735277689632,0.19175735277689632,0.19175735277689632,1
C,hybrid_tdvp,rxx,0.05,2,9,64,2,mixed,31,0.230732398007656,0.230732398007656,0.230732398007656,1
C,hybrid_tdvp,rxx,0.05,2,9,64,2,mixed,34,0.2714293725644409,0.2714293725644409,0.2714293725644409,1
C,hybrid_tdvp,rxx,0.05,2,9,64,4,mixed,1,2.9321434169560234e-11,2.9321434169560234e-11,2.9321434169560234e-11,1
C,hybrid_tdvp,rxx,0.05,2,9,64,4,mixed,4,0.002642219054133532,0.002642219054133532,0.002642219054133532,1
C,hybrid_tdvp,rxx,0.05,2,9,64,4,mixed,7,0.010525775004249671,0.010525775004249671,0.010525775004249671,1
C,hybrid_tdvp,rxx,0.05,2,9,64,4,mixed,10,0.023520380915575845,0.023520380915575845,0.023520380915575845,1
C,hybrid_tdvp,rxx,0.05,2,9,64,4,mixed,13,0.0414112995043997,0.0414112995043997,0.0414112995043997,1
C,hybrid_tdvp,rxx,0.05,2,9,64,4,mixed,16,0.06390501099152124,0.06390501099152124,0.06390501099152124,1
C,hybrid_tdvp,rxx,0.05,2,9,64,4,mixed,19,0.0906369046502079,0.0906369046502079,0.0906369046502079,1
C,hybrid_tdvp,rxx,0.05,2,9,64,4,mixed,22,0.1211807290564183,0.1211807290564183,0.1211807290564183,1
C,hybrid_tdvp,rxx,0.05,2,9,64,4,mixed,25,0.15505948021459914,0.15505948021459914,0.15505948021459914,1
C,hybrid_tdvp,rxx,0.05,2,9,64,4,mixed,28,0.1917573595517209,0.1917573595517209,0.1917573595517209,1
C,hybrid_tdvp,rxx,0.05,2,9,64,4,mixed,31,0.2307324045406728,0.2307324045406728,0.2307324045406728,1
C,hybrid_tdvp,rxx,0.05,2,9,64,4,mixed,34,0.2714293786900517,0.2714293786900517,0.2714293786900517,1
C,hybrid_tdvp,rxx,0.05,2,9,64,8,mixed,1,7.301492743749805e-12,7.301492743749805e-12,7.301492743749805e-12,1
C,hybrid_tdvp,rxx,0.05,2,9,64,8,mixed,4,0.0026422192180128867,0.0026422192180128867,0.0026422192180128867,1
C,hybrid_tdvp,rxx,0.05,2,9,64,8,mixed,7,0.010525775411478588,0.010525775411478588,0.010525775411478588,1
C,hybrid_tdvp,rxx,0.05,2,9,64,8,mixed,10,0.023520381444794625,0.023520381444794625,0.023520381444794625,1
C,hybrid_tdvp,rxx,0.05,2,9,64,8,mixed,13,0.04141130009948368,0.04141130009948368,0.04141130009948368,1
C,hybrid_tdvp,rxx,0.05,2,9,64,8,mixed,16,0.06390501184722053,0.06390501184722053,0.06390501184722053,1
C,hybrid_tdvp,rxx,0.05,2,9,64,8,mixed,19,0.09063690565656202,0.09063690565656202,0.09063690565656202,1
C,hybrid_tdvp,rxx,0.05,2,9,64,8,mixed,22,0.12118073023006037,0.12118073023006037,0.12118073023006037,1
C,hybrid_tdvp,rxx,0.05,2,9,64,8,mixed,25,0.15505948151262228,0.15505948151262228,0.15505948151262228,1
C,hybrid_tdvp,rxx,0.05,2,9,64,8,mixed,28,0.19175736097123874,0.19175736097123874,0.19175736097123874,1
C,hybrid_tdvp,rxx,0.05,2,9,64,8,mixed,31,0.23073240597105327,0.23073240597105327,0.23073240597105327,1
C,hybrid_tdvp,rxx,0.05,2,9,64,8,mixed,34,0.2714293800774751,0.2714293800774751,0.2714293800774751,1
C,hybrid_tdvp,rxx,0.05,2,9,8,1,mixed,1,0.0002737367444930472,0.0002737367444930472,0.0002737367444930472,1
C,hybrid_tdvp,rxx,0.05,2,9,8,1,mixed,4,0.0030770777765850577,0.0030770777765850577,0.0030770777765850577,1
C,hybrid_tdvp,rxx,0.05,2,9,8,1,mixed,7,0.010409796398109794,0.010409796398109794,0.010409796398109794,1
C,hybrid_tdvp,rxx,0.05,2,9,8,1,mixed,10,0.022217816062734985,0.022217816062734985,0.022217816062734985,1
C,hybrid_tdvp,rxx,0.05,2,9,8,1,mixed,13,0.03836666638821662,0.03836666638821662,0.03836666638821662,1
C,hybrid_tdvp,rxx,0.05,2,9,8,1,mixed,16,0.05865369985447111,0.05865369985447111,0.05865369985447111,1
C,hybrid_tdvp,rxx,0.05,2,9,8,1,mixed,19,0.08282683957230741,0.08282683957230741,0.08282683957230741,1
C,hybrid_tdvp,rxx,0.05,2,9,8,1,mixed,22,0.11058675495910131,0.11058675495910131,0.11058675495910131,1
C,hybrid_tdvp,rxx,0.05,2,9,8,1,mixed,25,0.14158616224781406,0.14158616224781406,0.14158616224781406,1
C,hybrid_tdvp,rxx,0.05,2,9,8,1,mixed,28,0.17543485323611596,0.17543485323611596,0.17543485323611596,1
C,hybrid_tdvp,rxx,0.05,2,9,8,1,mixed,31,0.21170836665775006,0.21170836665775006,0.21170836665775006,1
C,hybrid_tdvp,rxx,0.05,2,9,8,1,mixed,34,0.24995782320754578,0.24995782320754578,0.24995782320754578,1
C,hybrid_tdvp,rxx,0.05,2,9,8,2,mixed,1,0.0002739409003087445,0.0002739409003087445,0.0002739409003087445,1
C,hybrid_tdvp,rxx,0.05,2,9,8,2,mixed,4,0.0030757648242465407,0.0030757648242465407,0.0030757648242465407,1
C,hybrid_tdvp,rxx,0.05,2,9,8,2,mixed,7,0.010400894743652578,0.010400894743652578,0.010400894743652578,1
C,hybrid_tdvp,rxx,0.05,2,9,8,2,mixed,10,0.022195152318616795,0.022195152318616795,0.022195152318616795,1
C,hybrid_tdvp,rxx,0.05,2,9,8,2,mixed,13,0.038325693065363375,0.038325693065363375,0.038325693065363375,1
C,hybrid_tdvp,rxx,0.05,2,9,8,2,mixed,16,0.05858972970666043,0.05858972970666043,0.05858972970666043,1
C,hybrid_tdvp,rxx,0.05,2,9,8,2,mixed,19,0.08273353900451819,0.08273353900451819,0.08273353900451819,1
C,hybrid_tdvp,rxx,0.05,2,9,8,2,mixed,22,0.11045736102503634,0.11045736102503634,0.11045736102503634,1
C,hybrid_tdvp,rxx,0.05,2,9,8,2,mixed,25,0.14141518683579446,0.14141518683579446,0.14141518683579446,1
C,hybrid_tdvp,rxx,0.05,2,9,8,2,mixed,28,0.17521895761215456,0.17521895761215456,0.17521895761215456,1
C,hybrid_tdvp,rxx,0.05,2,9,8,2,mixed,31,0.2114465441683987,0.2114465441683987,0.2114465441683987,1
C,hybrid_tdvp,rxx,0.05,2,9,8,2,mixed,34,0.24965124699260843,0.24965124699260843,0.24965124699260843,1
C,hybrid_tdvp,rxx,0.05,2,9,8,4,mixed,1,0.00027405920519030236,0.00027405920519030236,0.00027405920519030236,1
C,hybrid_tdvp,rxx,0.05,2,9,8,4,mixed,4,0.003075322233644484,0.003075322233644484,0.003075322233644484,1
C,hybrid_tdvp,rxx,0.05,2,9,8,4,mixed,7,0.010397109905357027,0.010397109905357027,0.010397109905357027,1
C,hybrid_tdvp,rxx,0.05,2,9,8,4,mixed,10,0.022185111120822,0.022185111120822,0.022185111120822,1
C,hybrid_tdvp,rxx,0.05,2,9,8,4,mixed,13,0.0383072561326675,0.0383072561326675,0.0383072561326675,1
C,hybrid_tdvp,rxx,0.05,2,9,8,4,mixed,16,0.05856078548114052,0.05856078548114052,0.05856078548114052,1
C,hybrid_tdvp,rxx,0.05,2,9,8,4,mixed,19,0.08269118386435304,0.08269118386435304,0.08269118386435304,1
C,hybrid_tdvp,rxx,0.05,2,9,8,4,mixed,22,0.11039834199223675,0.11039834199223675,0.11039834199223675,1
C,hybrid_tdvp,rxx,0.05,2,9,8,4,mixed,25,0.14133673016622006,0.14133673016622006,0.14133673016622006,1
C,hybrid_tdvp,rxx,0.05,2,9,8,4,mixed,28,0.175119263939995,0.175119263939995,0.175119263939995,1
C,hybrid_tdvp,rxx,0.05,2,9,8,4,mixed,31,0.21132493640399286,0.21132493640399286,0.21132493640399286,1
C,hybrid_tdvp,rxx,0.05,2,9,8,4,mixed,34,0.2495081280412189,0.2495081280412189,0.2495081280412189,1
C,hybrid_tdvp,rxx,0.05,2,9,8,8,mixed,1,0.0002741218959141367,0.0002741218959141367,0.0002741218959141367,1
C,hybrid_tdvp,rxx,0.05,2,9,8,8,mixed,4,0.003075153407597897,0.003075153407597897,0.003075153407597897,1
C,hybrid_tdvp,rxx,0.05,2,9,8,8,mixed,7,0.010395379784669645,0.010395379784669645,0.010395379784669645,1
C,hybrid_tdvp,rxx,0.05,2,9,8,8,mixed,10,0.022180402510815433,0.022180402510815433,0.022180402510815433,1
C,hybrid_tdvp,rxx,0.05,2,9,8,8,mixed,13,0.03829853031539754,0.03829853031539754,0.03829853031539754,1
C,hybrid_tdvp,rxx,0.05,2,9,8,8,mixed,16,0.058547041072211425,0.058547041072211425,0.058547041072211425,1
C,hybrid_tdvp,rxx,0.05,2,9,8,8,mixed,19,0.08267103500588979,0.08267103500588979,0.08267103500588979,1
C,hybrid_tdvp,rxx,0.05,2,9,8,8,mixed,22,0.11037019896093925,0.11037019896093925,0.11037019896093925,1
C,hybrid_tdvp,rxx,0.05,2,9,8,8,mixed,25,0.14129920382201477,0.14129920382201477,0.14129920382201477,1
C,hybrid_tdvp,rxx,0.05,2,9,8,8,mixed,28,0.1750714256385344,0.1750714256385344,0.1750714256385344,1
C,hybrid_tdvp,rxx,0.05,2,9,8,8,mixed,31,0.21126640601264335,0.21126640601264335,0.21126640601264335,1
C,hybrid_tdvp,rxx,0.05,2,9,8,8,mixed,34,0.2494390618812944,0.2494390618812944,0.2494390618812944,1
C,hybrid_tdvp,ryy,0.05,3,9,16,1,mixed,3,0.0026259461611762847,0.0026259461611762847,0.0026259461611762847,1
C,hybrid_tdvp,ryy,0.05,3,9,16,1,mixed,6,0.01047383853635997,0.01047383853635997,0.01047383853635997,1
C,hybrid_tdvp,ryy,0.05,3,9,16,1,mixed,9,0.02342016593662577,0.02342016593662577,0.02342016593662577,1
C,hybrid_tdvp,ryy,0.05,3,9,16,1,mixed,12,0.0412537064395051,0.0412537064395051,0.0412537064395051,1
C,hybrid_tdvp,ryy,0.05,3,9,16,1,mixed,15,0.06368478390722365,0.06368478390722365,0.06368478390722365,1
C,hybrid_tdvp,ryy,0.05,3,9,16,1,mixed,18,0.09035328147892197,0.09035328147892197,0.09035328147892197,1
C,hybrid_tdvp,ryy,0.05,3,9,16,1,mixed,21,0.1208380234926979,0.1208380234926979,0.1208380234926979,1
C,hybrid_tdvp,ryy,0.05,3,9,16,1,mixed,24,0.15466743217888745,0.15466743217888745,0.15466743217888745,1
C,hybrid_tdvp,ryy,0.05,3,9,16,1,mixed,27,0.1913311871822192,0.1913311871822192,0.1913311871822192,1
C,hybrid_tdvp,ryy,0.05,3,9,16,1,mixed,30,0.23029254075430627,0.23029254075430627,0.23029254075430627,1
C,hybrid_tdvp,ryy,0.05,3,9,16,1,mixed,33,0.271000899940004,0.271000899940004,0.271000899940004,1
C,hybrid_tdvp,ryy,0.05,3,9,16,1,mixed,36,0.312904275832701,0.312904275832701,0.312904275832701,1
C,hybrid_tdvp,ryy,0.05,3,9,16,2,mixed,3,0.0025878370471913437,0.0025878370471913437,0.0025878370471913437,1
C,hybrid_tdvp,ryy,0.05,3,9,16,2,mixed,6,0.01037712540851643,0.01037712540851643,0.01037712540851643,1
C,hybrid_tdvp,ryy,0.05,3,9,16,2,mixed,9,0.023261729067187487,0.023261729067187487,0.023261729067187487,1
C,hybrid_tdvp,ryy,0.05,3,9,16,2,mixed,12,0.04103463658284423,0.04103463658284423,0.04103463658284423,1
C,hybrid_tdvp,ryy,0.05,3,9,16,2,mixed,15,0.06340879028599056,0.06340879028599056,0.06340879028599056,1
C,hybrid_tdvp,ryy,0.05,3,9,16,2,mixed,18,0.09002604173027684,0.09002604173027684,0.09002604173027684,1
C,hybrid_tdvp,ryy,0.05,3,9,16,2,mixed,21,0.12046674751799857,0.12046674751799857,0.12046674751799857,1
C,hybrid_tdvp,ryy,0.05,3,9,16,2,mixed,24,0.1542604759748688,0.1542604759748688,0.1542604759748688,1
C,hybrid_tdvp,ryy,0.05,3,9,16,2,mixed,27,0.19089766432542044,0.19089766432542044,0.19089766432542044,1
C,hybrid_tdvp,ryy,0.05,3,9,16,2,mixed,30,0.22984192173535378,0.22984192173535378,0.22984192173535378,1
C,hybrid_tdvp,ryy,0.05,3,9,16,2,mixed,33,0.2705426188427362,0.2705426188427362,0.2705426188427362,1
C,hybrid_tdvp,ryy,0.05,3,9,16,2,mixed,36,0.3124473868853128,0.3124473868853128,0.3124473868853128,1
C,hybrid_tdvp,ryy,0.05,3,9,16,4,mixed,3,0.002564409083880226,0.002564409083880226,0.002564409083880226,1
C,hybrid_tdvp,ryy,0.05,3,9,16,4,mixed,6,0.010309954173596925,0.010309954173596925,0.010309954173596925,1
C,hybrid_tdvp,ryy,0.05,3,9,16,4,mixed,9,0.023144307431346434,0.023144307431346434,0.023144307431346434,1
C,hybrid_tdvp,ryy,0.05,3,9,16,4,mixed,12,0.04086348180798971,0.04086348180798971,0.04086348180798971,1
C,hybrid_tdvp,ryy,0.05,3,9,16,4,mixed,15,0.0631822422552697,0.0631822422552697,0.0631822422552697,1
C,hybrid_tdvp,ryy,0.05,3,9,16,4,mixed,18,0.08974400941437233,0.08974400941437233,0.08974400941437233,1
C,hybrid_tdvp,ryy,0.05,3,9,16,4,mixed,21,0.12013056470469596,0.12013056470469596,0.12013056470469596,1
C,hybrid_tdvp,ryy,0.05,3,9,16,4,mixed,24,0.15387271567168848,0.15387271567168848,0.15387271567168848,1
C,hybrid_tdvp,ryy,0.05,3,9,16,4,mixed,27,0.1904618918145381,0.1904618918145381,0.1904618918145381,1
C,hybrid_tdvp,ryy,0.05,3,9,16,4,mixed,30,0.22936241120056766,0.22936241120056766,0.22936241120056766,1
C,hybrid_tdvp,ryy,0.05,3,9,16,4,mixed,33,0.27002407265915074,0.27002407265915074,0.27002407265915074,1
C,hybrid_tdvp,ryy,0.05,3,9,16,4,mixed,36,0.31189469263245007,0.31189469263245007,0.31189469263245007,1
C,hybrid_tdvp,ryy,0.05,3,9,16,8,mixed,3,0.0025538406279482784,0.0025538406279482784,0.0025538406279482784,1
C,hybrid_tdvp,ryy,0.05,3,9,16,8,mixed,6,0.010280261868128693,0.010280261868128693,0.010280261868128693,1
C,hybrid_tdvp,ryy,0.05,3,9,16,8,mixed,9,0.0230936151012483,0.0230936151012483,0.0230936151012483,1
C,hybrid_tdvp,ryy,0.05,3,9,16,8,mixed,12,0.04078958024729895,0.04078958024729895,0.04078958024729895,1
C,hybrid_tdvp,ryy,0.05,3,9,16,8,mixed,15,0.06308591686150888,0.06308591686150888,0.06308591686150888,1
C,hybrid_tdvp,ryy,0.05,3,9,16,8,mixed,18,0.08962448659363176,0.08962448659363176,0.08962448659363176,1
C,hybrid_tdvp,ryy,0.05,3,9,16,8,mixed,21,0.11998965489531366,0.11998965489531366,0.11998965489531366,1
C,hybrid_tdvp,ryy,0.05,3,9,16,8,mixed,24,0.1537106424572141,0.1537106424572141,0.1537106424572141,1
C,hybrid_tdvp,ryy,0.05,3,9,16,8,mixed,27,0.19028084566850956,0.19028084566850956,0.19028084566850956,1
C,hybrid_tdvp,ryy,0.05,3,9,16,8,mixed,30,0.22916443265739173,0.22916443265739173,0.22916443265739173,1
C,hybrid_tdvp,ryy,0.05,3,9,16,8,mixed,33,0.2698114965828877,0.2698114965828877,0.2698114965828877,1
C,hybrid_tdvp,ryy,0.05,3,9,16,8,mixed,36,0.31167006938897135,0.31167006938897135,0.31167006938897135,1
C,hybrid_tdvp,ryy,0.05,3,9,64,1,mixed,3,0.002642218104229155,0.002642218104229155,0.002642218104229155,1
C,hybrid_tdvp,ryy,0.05,3,9,64,1,mixed,6,0.010525772970650826,0.010525772970650826,0.010525772970650826,1
C,hybrid_tdvp,ryy,0.05,3,9,64,1,mixed,9,0.02352037809177765,0.02352037809177765,0.02352037809177765,1
C,hybrid_tdvp,ryy,0.05,3,9,64,1,mixed,12,0.041411296266456565,0.041411296266456565,0.041411296266456565,1
C,hybrid_tdvp,ryy,0.05,3,9,64,1,mixed,15,0.06390500781145203,0.06390500781145203,0.06390500781145203,1
C,hybrid_tdvp,ryy,0.05,3,9,64,1,mixed,18,0.09063690185753226,0.09063690185753226,0.09063690185753226,1
C,hybrid_tdvp,ryy,0.05,3,9,64,1,mixed,21,0.12118072709897376,0.12118072709897376,0.12118072709897376,1
C,hybrid_tdvp,ryy,0.05,3,9,64,1,mixed,24,0.1550594794932869,0.1550594794932869,0.1550594794932869,1
C,hybrid_tdvp,ryy,0.05,3,9,64,1,mixed,27,0.1917573604770212,0.1917573604770212,0.1917573604770212,1
C,hybrid_tdvp,ryy,0.05,3,9,64,1,mixed,30,0.23073240744062096,0.23073240744062096,0.23073240744062096,1
C,hybrid_tdvp,ryy,0.05,3,9,64,1,mixed,33,0.2714293838425328,0.2714293838425328,0.2714293838425328,1
C,hybrid_tdvp,ryy,0.05,3,9,64,1,mixed,36,0.31329251596499197,0.31329251596499197,0.31329251596499197,1
C,hybrid_tdvp,ryy,0.05,3,9,64,2,mixed,3,0.0026422177182074957,0.0026422177182074957,0.0026422177182074957,1
C,hybrid_tdvp,ryy,0.05,3,9,64,2,mixed,6,0.0105257725028709,0.0105257725028709,0.0105257725028709,1
C,hybrid_tdvp,ryy,0.05,3,9,64,2,mixed,9,0.02352037721147282,0.02352037721147282,0.02352037721147282,1
C,hybrid_tdvp,ryy,0.05,3,9,64,2,mixed,12,0.041411294741823146,0.041411294741823146,0.041411294741823146,1
C,hybrid_tdvp,ryy,0.05,3,9,64,2,mixed,15,0.0639050054812812,0.0639050054812812,0.0639050054812812,1
C,hybrid_tdvp,ryy,0.05,3,9,64,2,mixed,18,0.09063689857150925,0.09063689857150925,0.09063689857150925,1
C,hybrid_tdvp,ryy,0.05,3,9,64,2,mixed,21,0.12118072254338985,0.12118072254338985,0.12118072254338985,1
C,hybrid_tdvp,ryy,0.05,3,9,64,2,mixed,24,0.1550594734294819,0.1550594734294819,0.1550594734294819,1
C,hybrid_tdvp,ryy,0.05,3,9,64,2,mixed,27,0.1917573527959603,0.1917573527959603,0.1917573527959603,1
C,hybrid_tdvp,ryy,0.05,3,9,64,2,mixed,30,0.23073239803336776,0.23073239803336776,0.23073239803336776,1
C,hybrid_tdvp,ryy,0.05,3,9,64,2,mixed,33,0.27142937255438626,0.27142937255438626,0.27142937255438626,1
C,hybrid_tdvp,ryy,0.05,3,9,64,2,mixed,36,0.3132925027666268,0.3132925027666268,0.3132925027666268,1
C,hybrid_tdvp,ryy,0.05,3,9,64,4,mixed,3,0.0026422189960948472,0.0026422189960948472,0.0026422189960948472,1
C,hybrid_tdvp,ryy,0.05,3,9,64,4,mixed,6,0.010525775021585027,0.010525775021585027,0.010525775021585027,1
C,hybrid_tdvp,ryy,0.05,3,9,64,4,mixed,9,0.023520380968349963,0.023520380968349963,0.023520380968349963,1
C,hybrid_tdvp,ryy,0.05,3,9,64,4,mixed,12,0.04141129945667288,0.04141129945667288,0.04141129945667288,1
C,hybrid_tdvp,ryy,0.05,3,9,64,4,mixed,15,0.06390501097196488,0.06390501097196488,0.06390501097196488,1
C,hybrid_tdvp,ryy,0.05,3,9,64,4,mixed,18,0.09063690461072849,0.09063690461072849,0.09063690461072849,1
C,hybrid_tdvp,ryy,0.05,3,9,64,4,mixed,21,0.12118072906402222,0.12118072906402222,0.12118072906402222,1
C,hybrid_tdvp,ryy,0.05,3,9,64,4,mixed,24,0.15505948025261673,0.15505948025261673,0.15505948025261673,1
C,hybrid_tdvp,ryy,0.05,3,9,64,4,mixed,27,0.19175735959926177,0.19175735959926177,0.19175735959926177,1
C,hybrid_tdvp,ryy,0.05,3,9,64,4,mixed,30,0.2307324045848893,0.2307324045848893,0.2307324045848893,1
C,hybrid_tdvp,ryy,0.05,3,9,64,4,mixed,33,0.2714293786542955,0.2714293786542955,0.2714293786542955,1
C,hybrid_tdvp,ryy,0.05,3,9,64,4,mixed,36,0.3132925082599497,0.3132925082599497,0.3132925082599497,1
C,hybrid_tdvp,ryy,0.05,3,9,64,8,mixed,3,0.002642219240325261,0.002642219240325261,0.002642219240325261,1
C,hybrid_tdvp,ryy,0.05,3,9,64,8,mixed,6,0.010525775298390716,0.010525775298390716,0.010525775298390716,1
C,hybrid_tdvp,ryy,0.05,3,9,64,8,mixed,9,0.023520381367066134,0.023520381367066134,0.023520381367066134,1
C,hybrid_tdvp,ryy,0.05,3,9,64,8,mixed,12,0.04141130005010474,0.04141130005010474,0.04141130005010474,1
C,hybrid_tdvp,ryy,0.05,3,9,64,8,mixed,15,0.06390501177084906,0.06390501177084906,0.06390501177084906,1
C,hybrid_tdvp,ryy,0.05,3,9,64,8,mixed,18,0.09063690561342153,0.09063690561342153,0.09063690561342153,1
C,hybrid_tdvp,ryy,0.05,3,9,64,8,mixed,21,0.12118073018557807,0.12118073018557807,0.12118073018557807,1
C,hybrid_tdvp,ryy,0.05,3,9,64,8,mixed,24,0.15505948144761217,0.15505948144761217,0.15505948144761217,1
C,hybrid_tdvp,ryy,0.05,3,9,64,8,mixed,27,0.19175736094072193,0.19175736094072193,0.19175736094072193,1
C,hybrid_tdvp,ryy,0.05,3,9,64,8,mixed,30,0.23073240598837563,0.23073240598837563,0.23073240598837563,1
C,hybrid_tdvp,ryy,0.05,3,9,64,8,mixed,33,0.2714293801270714,0.2714293801270714,0.2714293801270714,1
C,hybrid_tdvp,ryy,0.05,3,9,64,8,mixed,36,0.3132925096704564,0.3132925096704564,0.3132925096704564,1
C,hybrid_tdvp,ryy,0.05,3,9,8,1,mixed,3,0.002276216622531413,0.002276216622531413,0.002276216622531413,1
C,hybrid_tdvp,ryy,0.05,3,9,8,1,mixed,6,0.009126880350490474,0.009126880350490474,0.009126880350490474,1
C,hybrid_tdvp,ryy,0.05,3,9,8,1,mixed,9,0.020507607280272677,0.020507607280272677,0.020507607280272677,1
C,hybrid_tdvp,ryy,0.05,3,9,8,1,mixed,12,0.03628829660199939,0.03628829660199939,0.03628829660199939,1
C,hybrid_tdvp,ryy,0.05,3,9,8,1,mixed,15,0.056271399436779834,0.056271399436779834,0.056271399436779834,1
C,hybrid_tdvp,ryy,0.05,3,9,8,1,mixed,18,0.08020308588810432,0.08020308588810432,0.08020308588810432,1
C,hybrid_tdvp,ryy,0.05,3,9,8,1,mixed,21,0.10777843668249665,0.10777843668249665,0.10777843668249665,1
C,hybrid_tdvp,ryy,0.05,3,9,8,1,mixed,24,0.1386442014518411,0.1386442014518411,0.1386442014518411,1
C,hybrid_tdvp,ryy,0.05,3,9,8,1,mixed,27,0.17240438729205743,0.17240438729205743,0.17240438729205743,1
C,hybrid_tdvp,ryy,0.05,3,9,8,1,mixed,30,0.20862879156479286,0.20862879156479286,0.20862879156479286,1
C,hybrid_tdvp,ryy,0.05,3,9,8,1,mixed,33,0.24686288667634226,0.24686288667634226,0.24686288667634226,1
C,hybrid_tdvp,ryy,0.05,3,9,8,1,mixed,36,0.2866379921577207,0.2866379921577207,0.2866379921577207,1
C,hybrid_tdvp,ryy,0.05,3,9,8,2,mixed,3,0.002272505706725436,0.002272505706725436,0.002272505706725436,1
C,hybrid_tdvp,ryy,0.05,3,9,8,2,mixed,6,0.009112018426965851,0.009112018426965851,0.009112018426965851,1
C,hybrid_tdvp,ryy,0.05,3,9,8,2,mixed,9,0.020474918604753256,0.020474918604753256,0.020474918604753256,1
C,hybrid_tdvp,ryy,0.05,3,9,8,2,mixed,12,0.036231961193688544,0.036231961193688544,0.036231961193688544,1
C,hybrid_tdvp,ryy,0.05,3,9,8,2,mixed,15,0.056185892710196805,0.056185892710196805,0.056185892710196805,1
C,hybrid_tdvp,ryy,0.05,3,9,8,2,mixed,18,0.08008245862134067,0.08008245862134067,0.08008245862134067,1
C,hybrid_tdvp,ryy,0.05,3,9,8,2,mixed,21,0.10761689254184181,0.10761689254184181,0.10761689254184181,1
C,hybrid_tdvp,ryy,0.05,3,9,8,2,mixed,24,0.13843726479137186,0.13843726479137186,0.13843726479137186,1
C,hybrid_tdvp,ryy,0.05,3,9,8,2,mixed,27,0.17214967451578,0.17214967451578,0.17214967451578,1
C,hybrid_tdvp,ryy,0.05,3,9,8,2,mixed,30,0.20832621666452977,0.20832621666452977,0.20832621666452977,1
C,hybrid_tdvp,ryy,0.05,3,9,8,2,mixed,33,0.24651450951736387,0.24651450951736387,0.24651450951736387,1
C,hybrid_tdvp,ryy,0.05,3,9,8,2,mixed,36,0.28624771672165117,0.28624771672165117,0.28624771672165117,1
C,hybrid_tdvp,ryy,0.05,3,9,8,4,mixed,3,0.002270884945177354,0.002270884945177354,0.002270884945177354,1
C,hybrid_tdvp,ryy,0.05,3,9,8,4,mixed,6,0.009105316654745677,0.009105316654745677,0.009105316654745677,1
C,hybrid_tdvp,ryy,0.05,3,9,8,4,mixed,9,0.020460003776071045,0.020460003776071045,0.020460003776071045,1
C,hybrid_tdvp,ryy,0.05,3,9,8,4,mixed,12,0.036206106373134705,0.036206106373134705,0.036206106373134705,1
C,hybrid_tdvp,ryy,0.05,3,9,8,4,mixed,15,0.05614652673162579,0.05614652673162579,0.05614652673162579,1
C,hybrid_tdvp,ryy,0.05,3,9,8,4,mixed,18,0.08002678807011543,0.08002678807011543,0.08002678807011543,1
C,hybrid_tdvp,ryy,0.05,3,9,8,4,mixed,21,0.10754210418852594,0.10754210418852594,0.10754210418852594,1
C,hybrid_tdvp,ryy,0.05,3,9,8,4,mixed,24,0.1383410791627706,0.1383410791627706,0.1383410791627706,1
C,hybrid_tdvp,ryy,0.05,3,9,8,4,mixed,27,0.17203076662298789,0.17203076662298789,0.17203076662298789,1
C,hybrid_tdvp,ryy,0.05,3,9,8,4,mixed,30,0.20818436789619077,0.20818436789619077,0.20818436789619077,1
C,hybrid_tdvp,ryy,0.05,3,9,8,4,mixed,33,0.2463505667432725,0.2463505667432725,0.2463505667432725,1
C,hybrid_tdvp,ryy,0.05,3,9,8,4,mixed,36,0.28606345863681404,0.28606345863681404,0.28606345863681404,1
C,hybrid_tdvp,ryy,0.05,3,9,8,8,mixed,3,0.0022701306941236288,0.0022701306941236288,0.0022701306941236288,1
C,hybrid_tdvp,ryy,0.05,3,9,8,8,mixed,6,0.009102141341966075,0.009102141341966075,0.009102141341966075,1
C,hybrid_tdvp,ryy,0.05,3,9,8,8,mixed,9,0.020452888573150307,0.020452888573150307,0.020452888573150307,1
C,hybrid_tdvp,ryy,0.05,3,9,8,8,mixed,12,0.03619373085125044,0.03619373085125044,0.03619373085125044,1
C,hybrid_tdvp,ryy,0.05,3,9,8,8,mixed,15,0.056127652048394094,0.056127652048394094,0.056127652048394094,1
C,hybrid_tdvp,ryy,0.05,3,9,8,8,mixed,18,0.08000006415737126,0.08000006415737126,0.08000006415737126,1
C,hybrid_tdvp,ryy,0.05,3,9,8,8,mixed,21,0.1075061496987747,0.1075061496987747,0.1075061496987747,1
C,hybrid_tdvp,ryy,0.05,3,9,8,8,mixed,24,0.13829474854390233,0.13829474854390233,0.13829474854390233,1
C,hybrid_tdvp,ryy,0.05,3,9,8,8,mixed,27,0.17197336744745995,0.17197336744745995,0.17197336744745995,1
C,hybrid_tdvp,ryy,0.05,3,9,8,8,mixed,30,0.20811574874349204,0.20811574874349204,0.20811574874349204,1
C,hybrid_tdvp,ryy,0.05,3,9,8,8,mixed,33,0.24627110595486223,0.24627110595486223,0.24627110595486223,1
C,hybrid_tdvp,ryy,0.05,3,9,8,8,mixed,36,0.2859740023692734,0.2859740023692734,0.2859740023692734,1
C,hybrid_tdvp,rzz,0.05,2,8,16,1,commuting,2,0.0012841372450371757,0.0012841372450371757,0.0012841372450371757,1
C,hybrid_tdvp,rzz,0.05,2,8,16,1,commuting,5,0.0013085705998051589,0.0013085705998051589,0.0013085705998051589,1
C,hybrid_tdvp,rzz,0.05,2,8,16,1,commuting,8,0.0013463218245139963,0.0013463218245139963,0.0013463218245139963,1
C,hybrid_tdvp,rzz,0.05,2,8,16,1,commuting,11,0.0014025691728656309,0.0014025691728656309,0.0014025691728656309,1
C,hybrid_tdvp,rzz,0.05,2,8,16,1,commuting,14,0.0014792122470445035,0.0014792122470445035,0.0014792122470445035,1
C,hybrid_tdvp,rzz,0.05,2,8,16,1,commuting,17,0.0015781972395407795,0.0015781972395407795,0.0015781972395407795,1
C,hybrid_tdvp,rzz,0.05,2,8,16,1,commuting,20,0.0017014824292411745,0.0017014824292411745,0.0017014824292411745,1
C,hybrid_tdvp,rzz,0.05,2,8,16,1,commuting,23,0.0018509107757348486,0.0018509107757348486,0.0018509107757348486,1
C,hybrid_tdvp,rzz,0.05,2,8,16,1,commuting,26,0.0020280886779467933,0.0020280886779467933,0.0020280886779467933,1
C,hybrid_tdvp,rzz,0.05,2,8,16,1,commuting,29,0.002234321466492717,0.002234321466492717,0.002234321466492717,1
C,hybrid_tdvp,rzz,0.05,2,8,16,1,commuting,32,0.0024706211213277873,0.0024706211213277873,0.0024706211213277873,1
C,hybrid_tdvp,rzz,0.05,2,8,16,1,commuting,35,0.002737757975169175,0.002737757975169175,0.002737757975169175,1
C,hybrid_tdvp,rzz,0.05,2,8,16,1,mixed,2,0.0012790941882176998,0.0012790941882176998,0.0012790941882176998,1
C,hybrid_tdvp,rzz,0.05,2,8,16,1,mixed,5,0.006534591266256884,0.006534591266256884,0.006534591266256884,1
C,hybrid_tdvp,rzz,0.05,2,8,16,1,mixed,8,0.016955104349898997,0.016955104349898997,0.016955104349898997,1
C,hybrid_tdvp,rzz,0.05,2,8,16,1,mixed,11,0.032374147882296866,0.032374147882296866,0.032374147882296866,1
C,hybrid_tdvp,rzz,0.05,2,8,16,1,mixed,14,0.05254098995291778,0.05254098995291778,0.05254098995291778,1
C,hybrid_tdvp,rzz,0.05,2,8,16,1,mixed,17,0.0771300986743374,0.0771300986743374,0.0771300986743374,1
C,hybrid_tdvp,rzz,0.05,2,8,16,1,mixed,20,0.10574995703071144,0.10574995703071144,0.10574995703071144,1
C,hybrid_tdvp,rzz,0.05,2,8,16,1,mixed,23,0.13795314460948804,0.13795314460948804,0.13795314460948804,1
C,hybrid_tdvp,rzz,0.05,2,8,16,1,mixed,26,0.17324755498981048,0.17324755498981048,0.17324755498981048,1
C,hybrid_tdvp,rzz,0.05,2,8,16,1,mixed,29,0.21110844088650316,0.21110844088650316,0.21110844088650316,1
C,hybrid_tdvp,rzz,0.05,2,8,16,1,mixed,32,0.25099091645954363,0.25099091645954363,0.25099091645954363,1
C,hybrid_tdvp,rzz,0.05,2,8,16,1,mixed,35,0.292342520421236,0.292342520421236,0.292342520421236,1
C,hybrid_tdvp,rzz,0.05,2,8,16,2,commuting,2,0.0012841336944279247,0.0012841336944279247,0.0012841336944279247,1
C,hybrid_tdvp,rzz,0.05,2,8,16,2,commuting,5,0.0013220061812287964,0.0013220061812287964,0.0013220061812287964,1
C,hybrid_tdvp,rzz,0.05,2,8,16,2,commuting,8,0.0013670806789348733,0.0013670806789348733,0.0013670806789348733,1
C,hybrid_tdvp,rzz,0.05,2,8,16,2,commuting,11,0.0014305490351832484,0.0014305490351832484,0.0014305490351832484,1
C,hybrid_tdvp,rzz,0.05,2,8,16,2,commuting,14,0.0015151146885004074,0.0015151146885004074,0.0015151146885004074,1
C,hybrid_tdvp,rzz,0.05,2,8,16,2,commuting,17,0.001622993948319218,0.001622993948319218,0.001622993948319218,1
C,hybrid_tdvp,rzz,0.05,2,8,16,2,commuting,20,0.001756190576723493,0.001756190576723493,0.001756190576723493,1
C,hybrid_tdvp,rzz,0.05,2,8,16,2,commuting,23,0.0019163829364323703,0.0019163829364323703,0.0019163829364323703,1
C,hybrid_tdvp,rzz,0.05,2,8,16,2,commuting,26,0.00210478793350255,0.00210478793350255,0.00210478793350255,1
C,hybrid_tdvp,rzz,0.05,2,8,16,2,commuting,29,0.0023221195666557337,0.0023221195666557337,0.0023221195666557337,1
C,hybrid_tdvp,rzz,0.05,2,8,16,2,commuting,32,0.002568685294098816,0.002568685294098816,0.002568685294098816,1
C,hybrid_tdvp,rzz,0.05,2,8,16,2,commuting,35,0.002844575682419026,0.002844575682419026,0.002844575682419026,1
C,hybrid_tdvp,rzz,0.05,2,8,16,2,mixed,2,0.0012745749931342143,0.0012745749931342143,0.0012745749931342143,1
C,hybrid_tdvp,rzz,0.05,2,8,16,2,mixed,5,0.0064820482232892385,0.0064820482232892385,0.0064820482232892385,1
C,hybrid_tdvp,rzz,0.05,2,8,16,2,mixed,8,0.016843677411277458,0.016843677411277458,0.016843677411277458,1
C,hybrid_tdvp,rzz,0.05,2,8,16,2,mixed,11,0.0322016617716,0.0322016617716,0.0322016617716,1
C,hybrid_tdvp,rzz,0.05,2,8,16,2,mixed,14,0.05230898418514929,0.05230898418514929,0.05230898418514929,1
C,hybrid_tdvp,rzz,0.05,2,8,16,2,mixed,17,0.07684253133361596,0.07684253133361596,0.07684253133361596,1
C,hybrid_tdvp,rzz,0.05,2,8,16,2,mixed,20,0.10541260750663384,0.10541260750663384,0.10541260750663384,1
C,hybrid_tdvp,rzz,0.05,2,8,16,2,mixed,23,0.1375732102945465,0.1375732102945465,0.1375732102945465,1
C,hybrid_tdvp,rzz,0.05,2,8,16,2,mixed,26,0.1728332961036465,0.1728332961036465,0.1728332961036465,1
C,hybrid_tdvp,rzz,0.05,2,8,16,2,mixed,29,0.21066882019224487,0.21066882019224487,0.21066882019224487,1
C,hybrid_tdvp,rzz,0.05,2,8,16,2,mixed,32,0.2505352241808587,0.2505352241808587,0.2505352241808587,1
C,hybrid_tdvp,rzz,0.05,2,8,16,2,mixed,35,0.29188000777385137,0.29188000777385137,0.29188000777385137,1
C,hybrid_tdvp,rzz,0.05,2,8,16,4,commuting,2,0.0012841354530018778,0.0012841354530018778,0.0012841354530018778,1
C,hybrid_tdvp,rzz,0.05,2,8,16,4,commuting,5,0.0013296490152489016,0.0013296490152489016,0.0013296490152489016,1
C,hybrid_tdvp,rzz,0.05,2,8,16,4,commuting,8,0.0013778534921273788,0.0013778534921273788,0.0013778534921273788,1
C,hybrid_tdvp,rzz,0.05,2,8,16,4,commuting,11,0.0014433559833463283,0.0014433559833463283,0.0014433559833463283,1
C,hybrid_tdvp,rzz,0.05,2,8,16,4,commuting,14,0.0015292953457399783,0.0015292953457399783,0.0015292953457399783,1
C,hybrid_tdvp,rzz,0.05,2,8,16,4,commuting,17,0.0016379118416833816,0.0016379118416833816,0.0016379118416833816,1
C,hybrid_tdvp,rzz,0.05,2,8,16,4,commuting,20,0.0017704493298291712,0.0017704493298291712,0.0017704493298291712,1
C,hybrid_tdvp,rzz,0.05,2,8,16,4,commuting,23,0.0019297299324820827,0.0019297299324820827,0.0019297299324820827,1
C,hybrid_tdvp,rzz,0.05,2,8,16,4,commuting,26,0.0021162023089441595,0.0021162023089441595,0.0021162023089441595,1
C,hybrid_tdvp,rzz,0.05,2,8,16,4,commuting,29,0.002330499152027987,0.002330499152027987,0.002330499152027987,1
C,hybrid_tdvp,rzz,0.05,2,8,16,4,commuting,32,0.0025729478859604082,0.0025729478859604082,0.0025729478859604082,1
C,hybrid_tdvp,rzz,0.05,2,8,16,4,commuting,35,0.0028437643364732645,0.0028437643364732645,0.0028437643364732645,1
C,hybrid_tdvp,rzz,0.05,2,8,16,4,mixed,2,0.0012703503618703982,0.0012703503618703982,0.0012703503618703982,1
C,hybrid_tdvp,rzz,0.05,2,8,16,4,mixed,5,0.006448391801650577,0.006448391801650577,0.006448391801650577,1
C,hybrid_tdvp,rzz,0.05,2,8,16,4,mixed,8,0.016763180921668508,0.016763180921668508,0.016763180921668508,1
C,hybrid_tdvp,rzz,0.05,2,8,16,4,mixed,11,0.032069352463118705,0.032069352463118705,0.032069352463118705,1
C,hybrid_tdvp,rzz,0.05,2,8,16,4,mixed,14,0.05212193501200435,0.05212193501200435,0.05212193501200435,1
C,hybrid_tdvp,rzz,0.05,2,8,16,4,mixed,17,0.07659952511883872,0.07659952511883872,0.07659952511883872,1
C,hybrid_tdvp,rzz,0.05,2,8,16,4,mixed,20,0.10511399488894002,0.10511399488894002,0.10511399488894002,1
C,hybrid_tdvp,rzz,0.05,2,8,16,4,mixed,23,0.13722076670485261,0.13722076670485261,0.13722076670485261,1
C,hybrid_tdvp,rzz,0.05,2,8,16,4,mixed,26,0.17243001001781744,0.17243001001781744,0.17243001001781744,1
C,hybrid_tdvp,rzz,0.05,2,8,16,4,mixed,29,0.21021861782137996,0.21021861782137996,0.21021861782137996,1
C,hybrid_tdvp,rzz,0.05,2,8,16,4,mixed,32,0.2500426665102373,0.2500426665102373,0.2500426665102373,1
C,hybrid_tdvp,rzz,0.05,2,8,16,4,mixed,35,0.2913500021895623,0.2913500021895623,0.2913500021895623,1
C,hybrid_tdvp,rzz,0.05,2,8,16,8,commuting,2,0.0012841363445845744,0.0012841363445845744,0.0012841363445845744,1
C,hybrid_tdvp,rzz,0.05,2,8,16,8,commuting,5,0.0013337603404902643,0.0013337603404902643,0.0013337603404902643,1
C,hybrid_tdvp,rzz,0.05,2,8,16,8,commuting,8,0.0013783831427313098,0.0013783831427313098,0.0013783831427313098,1
C,hybrid_tdvp,rzz,0.05,2,8,16,8,commuting,11,0.0014396807765783004,0.0014396807765783004,0.0014396807765783004,1
C,hybrid_tdvp,rzz,0.05,2,8,16,8,commuting,14,0.00152126117974416,0.00152126117974416,0.00152126117974416,1
C,hybrid_tdvp,rzz,0.05,2,8,16,8,commuting,17,0.0016234321552970332,0.0016234321552970332,0.0016234321552970332,1
C,hybrid_tdvp,rzz,0.05,2,8,16,8,commuting,20,0.0017490442946103135,0.0017490442946103135,0.0017490442946103135,1
C,hybrid_tdvp,rzz,0.05,2,8,16,8,commuting,23,0.0018992738911013385,0.0018992738911013385,0.0018992738911013385,1
C,hybrid_tdvp,rzz,0.05,2,8,16,8,commuting,26,0.0020756790049893947,0.0020756790049893947,0.0020756790049893947,1
C,hybrid_tdvp,rzz,0.05,2,8,16,8,commuting,29,0.0022790045259075686,0.0022790045259075686,0.0022790045259075686,1
C,hybrid_tdvp,rzz,0.05,2,8,16,8,commuting,32,0.0025100088349484517,0.0025100088349484517,0.0025100088349484517,1
C,hybrid_tdvp,rzz,0.05,2,8,16,8,commuting,35,0.0027693447047951736,0.0027693447047951736,0.0027693447047951736,1
C,hybrid_tdvp,rzz,0.05,2,8,16,8,mixed,2,0.0012637778733557425,0.0012637778733557425,0.0012637778733557425,1
C,hybrid_tdvp,rzz,0.05,2,8,16,8,mixed,5,0.006429140658587795,0.006429140658587795,0.006429140658587795,1
C,hybrid_tdvp,rzz,0.05,2,8,16,8,mixed,8,0.016723245067780668,0.016723245067780668,0.016723245067780668,1
C,hybrid_tdvp,rzz,0.05,2,8,16,8,mixed,11,0.03200766884319994,0.03200766884319994,0.03200766884319994,1
C,hybrid_tdvp,rzz,0.05,2,8,16,8,mixed,14,0.05203697826063902,0.05203697826063902,0.05203697826063902,1
C,hybrid_tdvp,rzz,0.05,2,8,16,8,mixed,17,0.07649213085136375,0.07649213085136375,0.07649213085136375,1
C,hybrid_tdvp,rzz,0.05,2,8,16,8,mixed,20,0.10498381055809691,0.10498381055809691,0.10498381055809691,1
C,hybrid_tdvp,rzz,0.05,2,8,16,8,mixed,23,0.13706967870601405,0.13706967870601405,0.13706967870601405,1
C,hybrid_tdvp,rzz,0.05,2,8,16,8,mixed,26,0.17225860369774282,0.17225860369774282,0.17225860369774282,1
C,hybrid_tdvp,rzz,0.05,2,8,16,8,mixed,29,0.21002920360251476,0.21002920360251476,0.21002920360251476,1
C,hybrid_tdvp,rzz,0.05,2,8,16,8,mixed,32,0.24983791387258125,0.24983791387258125,0.24983791387258125,1
C,hybrid_tdvp,rzz,0.05,2,8,16,8,mixed,35,0.2911314324721419,0.2911314324721419,0.2911314324721419,1
C,hybrid_tdvp,rzz,0.05,2,8,64,1,commuting,2,0.0012841372450371757,0.0012841372450371757,0.0012841372450371757,1
C,hybrid_tdvp,rzz,0.05,2,8,64,1,commuting,5,0.0012841372756815517,0.0012841372756815517,0.0012841372756815517,1
C,hybrid_tdvp,rzz,0.05,2,8,64,1,commuting,8,0.001284137280387454,0.001284137280387454,0.001284137280387454,1
C,hybrid_tdvp,rzz,0.05,2,8,64,1,commuting,11,0.0012841372803816808,0.0012841372803816808,0.0012841372803816808,1
C,hybrid_tdvp,rzz,0.05,2,8,64,1,commuting,14,0.0012841372803839013,0.0012841372803839013,0.0012841372803839013,1
C,hybrid_tdvp,rzz,0.05,2,8,64,1,commuting,17,0.0012841372803936713,0.0012841372803936713,0.0012841372803936713,1
C,hybrid_tdvp,rzz,0.05,2,8,64,1,commuting,20,0.0012841372803914508,0.0012841372803914508,0.0012841372803914508,1
C,hybrid_tdvp,rzz,0.05,2,8,64,1,commuting,23,0.0012841372803934492,0.0012841372803934492,0.0012841372803934492,1
C,hybrid_tdvp,rzz,0.05,2,8,64,1,commuting,26,0.0012841372803839013,0.0012841372803839013,0.0012841372803839013,1
C,hybrid_tdvp,rzz,0.05,2,8,64,1,commuting,29,0.0012841372803545914,0.0012841372803545914,0.0012841372803545914,1
C,hybrid_tdvp,rzz,0.05,2,8,64,1,commuting,32,0.0012841372803401585,0.0012841372803401585,0.0012841372803401585,1
C,hybrid_tdvp,rzz,0.05,2,8,64,1,commuting,35,0.0012841372803239492,0.0012841372803239492,0.0012841372803239492,1
C,hybrid_tdvp,rzz,0.05,2,8,64,1,mixed,2,0.001284616532461258,0.001284616532461258,0.001284616532461258,1
C,hybrid_tdvp,rzz,0.05,2,8,64,1,mixed,5,0.006554591070157101,0.006554591070157101,0.006554591070157101,1
C,hybrid_tdvp,rzz,0.05,2,8,64,1,mixed,8,0.017008454297648856,0.017008454297648856,0.017008454297648856,1
C,hybrid_tdvp,rzz,0.05,2,8,64,1,mixed,11,0.03247326838328224,0.03247326838328224,0.03247326838328224,1
C,hybrid_tdvp,rzz,0.05,2,8,64,1,mixed,14,0.05269424797970401,0.05269424797970401,0.05269424797970401,1
C,hybrid_tdvp,rzz,0.05,2,8,64,1,mixed,17,0.07734146431552358,0.07734146431552358,0.07734146431552358,1
C,hybrid_tdvp,rzz,0.05,2,8,64,1,mixed,20,0.10601844813290873,0.10601844813290873,0.10601844813290873,1
C,hybrid_tdvp,rzz,0.05,2,8,64,1,mixed,23,0.13827239669496572,0.13827239669496572,0.13827239669496572,1
C,hybrid_tdvp,rzz,0.05,2,8,64,1,mixed,26,0.1736056393416049,0.1736056393416049,0.1736056393416049,1
C,hybrid_tdvp,rzz,0.05,2,8,64,1,mixed,29,0.21148797709960931,0.21148797709960931,0.21148797709960931,1
C,hybrid_tdvp,rzz,0.05,2,8,64,1,mixed,32,0.2513694893683539,0.2513694893683539,0.2513694893683539,1
C,hybrid_tdvp,rzz,0.05,2,8,64,1,mixed,35,0.2926933926801504,0.2926933926801504,0.2926933926801504,1
C,hybrid_tdvp,rzz,0.05,2,8,64,2,commuting,2,0.0012841328110667627,0.0012841328110667627,0.0012841328110667627,1
C,hybrid_tdvp,rzz,0.05,2,8,64,2,commuting,5,0.0012841328227727322,0.0012841328227727322,0.0012841328227727322,1
C,hybrid_tdvp,rzz,0.05,2,8,64,2,commuting,8,0.0012841328323673906,0.0012841328323673906,0.0012841328323673906,1
C,hybrid_tdvp,rzz,0.05,2,8,64,2,commuting,11,0.0012841328478943037,0.0012841328478943037,0.0012841328478943037,1
C,hybrid_tdvp,rzz,0.05,2,8,64,2,commuting,14,0.0012841328846805444,0.0012841328846805444,0.0012841328846805444,1
C,hybrid_tdvp,rzz,0.05,2,8,64,2,commuting,17,0.0012841329080313102,0.0012841329080313102,0.0012841329080313102,1
C,hybrid_tdvp,rzz,0.05,2,8,64,2,commuting,20,0.00128413290801066,0.00128413290801066,0.00128413290801066,1
C,hybrid_tdvp,rzz,0.05,2,8,64,2,commuting,23,0.00128413290799001,0.00128413290799001,0.00128413290799001,1
C,hybrid_tdvp,rzz,0.05,2,8,64,2,commuting,26,0.0012841329079769093,0.0012841329079769093,0.0012841329079769093,1
C,hybrid_tdvp,rzz,0.05,2,8,64,2,commuting,29,0.0012841329079582575,0.0012841329079582575,0.0012841329079582575,1
C,hybrid_tdvp,rzz,0.05,2,8,64,2,commuting,32,0.0012841329079493757,0.0012841329079493757,0.0012841329079493757,1
C,hybrid_tdvp,rzz,0.05,2,8,64,2,commuting,35,0.0012841329079382735,0.0012841329079382735,0.0012841329079382735,1
C,hybrid_tdvp,rzz,0.05,2,8,64,2,mixed,2,0.0012846163964430612,0.0012846163964430612,0.0012846163964430612,1
C,hybrid_tdvp,rzz,0.05,2,8,64,2,mixed,5,0.006554590830899154,0.006554590830899154,0.006554590830899154,1
C,hybrid_tdvp,rzz,0.05,2,8,64,2,mixed,8,0.017008453730824824,0.017008453730824824,0.017008453730824824,1
C,hybrid_tdvp,rzz,0.05,2,8,64,2,mixed,11,0.03247326722418664,0.03247326722418664,0.03247326722418664,1
C,hybrid_tdvp,rzz,0.05,2,8,64,2,mixed,14,0.05269424606269568,0.05269424606269568,0.05269424606269568,1
C,hybrid_tdvp,rzz,0.05,2,8,64,2,mixed,17,0.07734146149334897,0.07734146149334897,0.07734146149334897,1
C,hybrid_tdvp,rzz,0.05,2,8,64,2,mixed,20,0.1060184440932832,0.1060184440932832,0.1060184440932832,1
C,hybrid_tdvp,rzz,0.05,2,8,64,2,mixed,23,0.1382723912206002,0.1382723912206002,0.1382723912206002,1
C,hybrid_tdvp,rzz,0.05,2,8,64,2,mixed,26,0.1736056322984867,0.1736056322984867,0.1736056322984867,1
C,hybrid_tdvp,rzz,0.05,2,8,64,2,mixed,29,0.21148796836111095,0.21148796836111095,0.21148796836111095,1
C,hybrid_tdvp,rzz,0.05,2,8,64,2,mixed,32,0.251369478766578,0.251369478766578,0.251369478766578,1
C,hybrid_tdvp,rzz,0.05,2,8,64,2,mixed,35,0.2926933801784415,0.2926933801784415,0.2926933801784415,1
C,hybrid_tdvp,rzz,0.05,2,8,64,4,commuting,2,0.0012841354311814435,0.0012841354311814435,0.0012841354311814435,1
C,hybrid_tdvp,rzz,0.05,2,8,64,4,commuting,5,0.0012841355159977086,0.0012841355159977086,0.0012841355159977086,1
C,hybrid_tdvp,rzz,0.05,2,8,64,4,commuting,8,0.0012841355394349607,0.0012841355394349607,0.0012841355394349607,1
C,hybrid_tdvp,rzz,0.05,2,8,64,4,commuting,11,0.0012841356239008395,0.0012841356239008395,0.0012841356239008395,1
C,hybrid_tdvp,rzz,0.05,2,8,64,4,commuting,14,0.0012841357043017476,0.0012841357043017476,0.0012841357043017476,1
C,hybrid_tdvp,rzz,0.05,2,8,64,4,commuting,17,0.0012841357742707782,0.0012841357742707782,0.0012841357742707782,1
C,hybrid_tdvp,rzz,0.05,2,8,64,4,commuting,20,0.0012841358931185987,0.0012841358931185987,0.0012841358931185987,1
C,hybrid_tdvp,rzz,0.05,2,8,64,4,commuting,23,0.0012841360776586486,0.0012841360776586486,0.0012841360776586486,1
C,hybrid_tdvp,rzz,0.05,2,8,64,4,commuting,26,0.0012841363458365729,0.0012841363458365729,0.0012841363458365729,1
C,hybrid_tdvp,rzz,0.05,2,8,64,4,commuting,29,0.0012841364682898426,0.0012841364682898426,0.0012841364682898426,1
C,hybrid_tdvp,rzz,0.05,2,8,64,4,commuting,32,0.0012841366308532498,0.0012841366308532498,0.0012841366308532498,1
C,hybrid_tdvp,rzz,0.05,2,8,64,4,commuting,35,0.0012841368393794461,0.0012841368393794461,0.0012841368393794461,1
C,hybrid_tdvp,rzz,0.05,2,8,64,4,mixed,2,0.0012846171818143848,0.0012846171818143848,0.0012846171818143848,1
C,hybrid_tdvp,rzz,0.05,2,8,64,4,mixed,5,0.006554592892384692,0.006554592892384692,0.006554592892384692,1
C,hybrid_tdvp,rzz,0.05,2,8,64,4,mixed,8,0.017008456984774822,0.017008456984774822,0.017008456984774822,1
C,hybrid_tdvp,rzz,0.05,2,8,64,4,mixed,11,0.032473271527810765,0.032473271527810765,0.032473271527810765,1
C,hybrid_tdvp,rzz,0.05,2,8,64,4,mixed,14,0.0526942512244335,0.0526942512244335,0.0526942512244335,1
C,hybrid_tdvp,rzz,0.05,2,8,64,4,mixed,17,0.07734146729412039,0.07734146729412039,0.07734146729412039,1
C,hybrid_tdvp,rzz,0.05,2,8,64,4,mixed,20,0.10601845044262259,0.10601845044262259,0.10601845044262259,1
C,hybrid_tdvp,rzz,0.05,2,8,64,4,mixed,23,0.1382723978934608,0.1382723978934608,0.1382723978934608,1
C,hybrid_tdvp,rzz,0.05,2,8,64,4,mixed,26,0.1736056390197972,0.1736056390197972,0.1736056390197972,1
C,hybrid_tdvp,rzz,0.05,2,8,64,4,mixed,29,0.2114879749004679,0.2114879749004679,0.2114879749004679,1
C,hybrid_tdvp,rzz,0.05,2,8,64,4,mixed,32,0.25136948492670186,0.25136948492670186,0.25136948492670186,1
C,hybrid_tdvp,rzz,0.05,2,8,64,4,mixed,35,0.2926933858044417,0.2926933858044417,0.2926933858044417,1
C,hybrid_tdvp,rzz,0.05,2,8,64,8,commuting,2,0.0012841363445845744,0.0012841363445845744,0.0012841363445845744,1
C,hybrid_tdvp,rzz,0.05,2,8,64,8,commuting,5,0.0012841364559620372,0.0012841364559620372,0.0012841364559620372,1
C,hybrid_tdvp,rzz,0.05,2,8,64,8,commuting,8,0.0012841368234735029,0.0012841368234735029,0.0012841368234735029,1
C,hybrid_tdvp,rzz,0.05,2,8,64,8,commuting,11,0.0012841370515388473,0.0012841370515388473,0.0012841370515388473,1
C,hybrid_tdvp,rzz,0.05,2,8,64,8,commuting,14,0.0012841372533988205,0.0012841372533988205,0.0012841372533988205,1
C,hybrid_tdvp,rzz,0.05,2,8,64,8,commuting,17,0.001284137646800243,0.001284137646800243,0.001284137646800243,1
C,hybrid_tdvp,rzz,0.05,2,8,64,8,commuting,20,0.0012841383174925225,0.0012841383174925225,0.0012841383174925225,1
C,hybrid_tdvp,rzz,0.05,2,8,64,8,commuting,23,0.0012841393592238903,0.0012841393592238903,0.0012841393592238903,1
C,hybrid_tdvp,rzz,0.05,2,8,64,8,commuting,26,0.0012841399891654337,0.0012841399891654337,0.0012841399891654337,1
C,hybrid_tdvp,rzz,0.05,2,8,64,8,commuting,29,0.0012841408775915442,0.0012841408775915442,0.0012841408775915442,1
C,hybrid_tdvp,rzz,0.05,2,8,64,8,commuting,32,0.0012841417170861291,0.0012841417170861291,0.0012841417170861291,1
C,hybrid_tdvp,rzz,0.05,2,8,64,8,commuting,35,0.0012841423472575997,0.0012841423472575997,0.0012841423472575997,1
C,hybrid_tdvp,rzz,0.05,2,8,64,8,mixed,2,0.0012846185442206837,0.0012846185442206837,0.0012846185442206837,1
C,hybrid_tdvp,rzz,0.05,2,8,64,8,mixed,5,0.006554594355519416,0.006554594355519416,0.006554594355519416,1
C,hybrid_tdvp,rzz,0.05,2,8,64,8,mixed,8,0.017008458637191914,0.017008458637191914,0.017008458637191914,1
C,hybrid_tdvp,rzz,0.05,2,8,64,8,mixed,11,0.03247327323695448,0.03247327323695448,0.03247327323695448,1
C,hybrid_tdvp,rzz,0.05,2,8,64,8,mixed,14,0.052694253103394484,0.052694253103394484,0.052694253103394484,1
C,hybrid_tdvp,rzz,0.05,2,8,64,8,mixed,17,0.0773414693190857,0.0773414693190857,0.0773414693190857,1
C,hybrid_tdvp,rzz,0.05,2,8,64,8,mixed,20,0.10601845253150777,0.10601845253150777,0.10601845253150777,1
C,hybrid_tdvp,rzz,0.05,2,8,64,8,mixed,23,0.1382724001405503,0.1382724001405503,0.1382724001405503,1
C,hybrid_tdvp,rzz,0.05,2,8,64,8,mixed,26,0.17360564140078827,0.17360564140078827,0.17360564140078827,1
C,hybrid_tdvp,rzz,0.05,2,8,64,8,mixed,29,0.21148797730269286,0.21148797730269286,0.21148797730269286,1
C,hybrid_tdvp,rzz,0.05,2,8,64,8,mixed,32,0.2513694873430199,0.2513694873430199,0.2513694873430199,1
C,hybrid_tdvp,rzz,0.05,2,8,64,8,mixed,35,0.29269338811396106,0.29269338811396106,0.29269338811396106,1
C,hybrid_tdvp,rzz,0.05,2,8,8,1,commuting,2,0.00131963667092716,0.00131963667092716,0.00131963667092716,1
C,hybrid_tdvp,rzz,0.05,2,8,8,1,commuting,5,0.003235146833907687,0.003235146833907687,0.003235146833907687,1
C,hybrid_tdvp,rzz,0.05,2,8,8,1,commuting,8,0.006369438255237281,0.006369438255237281,0.006369438255237281,1
C,hybrid_tdvp,rzz,0.05,2,8,8,1,commuting,11,0.01031711661448731,0.01031711661448731,0.01031711661448731,1
C,hybrid_tdvp,rzz,0.05,2,8,8,1,commuting,14,0.01479779058904529,0.01479779058904529,0.01479779058904529,1
C,hybrid_tdvp,rzz,0.05,2,8,8,1,commuting,17,0.019664684946121613,0.019664684946121613,0.019664684946121613,1
C,hybrid_tdvp,rzz,0.05,2,8,8,1,commuting,20,0.024846833556521175,0.024846833556521175,0.024846833556521175,1
C,hybrid_tdvp,rzz,0.05,2,8,8,1,commuting,23,0.030309304566250805,0.030309304566250805,0.030309304566250805,1
C,hybrid_tdvp,rzz,0.05,2,8,8,1,commuting,26,0.036036886445591,0.036036886445591,0.036036886445591,1
C,hybrid_tdvp,rzz,0.05,2,8,8,1,commuting,29,0.042026174086564394,0.042026174086564394,0.042026174086564394,1
C,hybrid_tdvp,rzz,0.05,2,8,8,1,commuting,32,0.04828008506319592,0.04828008506319592,0.04828008506319592,1
C,hybrid_tdvp,rzz,0.05,2,8,8,1,commuting,35,0.05480434850673899,0.05480434850673899,0.05480434850673899,1
C,hybrid_tdvp,rzz,0.05,2,8,8,1,mixed,2,0.0011472990312754172,0.0011472990312754172,0.0011472990312754172,1
C,hybrid_tdvp,rzz,0.05,2,8,8,1,mixed,5,0.005849331150829973,0.005849331150829973,0.005849331150829973,1
C,hybrid_tdvp,rzz,0.05,2,8,8,1,mixed,8,0.015097364236466015,0.015097364236466015,0.015097364236466015,1
C,hybrid_tdvp,rzz,0.05,2,8,8,1,mixed,11,0.028811644083266197,0.028811644083266197,0.028811644083266197,1
C,hybrid_tdvp,rzz,0.05,2,8,8,1,mixed,14,0.04682853783495544,0.04682853783495544,0.04682853783495544,1
C,hybrid_tdvp,rzz,0.05,2,8,8,1,mixed,17,0.0689158394179934,0.0689158394179934,0.0689158394179934,1
C,hybrid_tdvp,rzz,0.05,2,8,8,1,mixed,20,0.09478995221684405,0.09478995221684405,0.09478995221684405,1
C,hybrid_tdvp,rzz,0.05,2,8,8,1,mixed,23,0.124120417947029,0.124120417947029,0.124120417947029,1
C,hybrid_tdvp,rzz,0.05,2,8,8,1,mixed,26,0.1565326163735019,0.1565326163735019,0.1565326163735019,1
C,hybrid_tdvp,rzz,0.05,2,8,8,1,mixed,29,0.19161414800207932,0.19161414800207932,0.19161414800207932,1
C,hybrid_tdvp,rzz,0.05,2,8,8,1,mixed,32,0.2289236726665973,0.2289236726665973,0.2289236726665973,1
C,hybrid_tdvp,rzz,0.05,2,8,8,1,mixed,35,0.2680006212270448,0.2680006212270448,0.2680006212270448,1
C,hybrid_tdvp,rzz,0.05,2,8,8,2,commuting,2,0.001318246522083233,0.001318246522083233,0.001318246522083233,1
C,hybrid_tdvp,rzz,0.05,2,8,8,2,commuting,5,0.003241041719459492,0.003241041719459492,0.003241041719459492,1
C,hybrid_tdvp,rzz,0.05,2,8,8,2,commuting,8,0.006402803047977468,0.006402803047977468,0.006402803047977468,1
C,hybrid_tdvp,rzz,0.05,2,8,8,2,commuting,11,0.010399552723605265,0.010399552723605265,0.010399552723605265,1
C,hybrid_tdvp,rzz,0.05,2,8,8,2,commuting,14,0.0149416635561338,0.0149416635561338,0.0149416635561338,1
C,hybrid_tdvp,rzz,0.05,2,8,8,2,commuting,17,0.01987264930135524,0.01987264930135524,0.01987264930135524,1
C,hybrid_tdvp,rzz,0.05,2,8,8,2,commuting,20,0.025116703503910043,0.025116703503910043,0.025116703503910043,1
C,hybrid_tdvp,rzz,0.05,2,8,8,2,commuting,23,0.030637513912647685,0.030637513912647685,0.030637513912647685,1
C,hybrid_tdvp,rzz,0.05,2,8,8,2,commuting,26,0.036419942650841586,0.036419942650841586,0.036419942650841586,1
C,hybrid_tdvp,rzz,0.05,2,8,8,2,commuting,29,0.042461250227842195,0.042461250227842195,0.042461250227842195,1
C,hybrid_tdvp,rzz,0.05,2,8,8,2,commuting,32,0.04876525505277207,0.04876525505277207,0.04876525505277207,1
C,hybrid_tdvp,rzz,0.05,2,8,8,2,commuting,35,0.05533857437622025,0.05533857437622025,0.05533857437622025,1
C,hybrid_tdvp,rzz,0.05,2,8,8,2,mixed,2,0.0011459801189690477,0.0011459801189690477,0.0011459801189690477,1
C,hybrid_tdvp,rzz,0.05,2,8,8,2,mixed,5,0.005841458429077129,0.005841458429077129,0.005841458429077129,1
C,hybrid_tdvp,rzz,0.05,2,8,8,2,mixed,8,0.015074620553440332,0.015074620553440332,0.015074620553440332,1
C,hybrid_tdvp,rzz,0.05,2,8,8,2,mixed,11,0.028766124343019506,0.028766124343019506,0.028766124343019506,1
C,hybrid_tdvp,rzz,0.05,2,8,8,2,mixed,14,0.046754381641049836,0.046754381641049836,0.046754381641049836,1
C,hybrid_tdvp,rzz,0.05,2,8,8,2,mixed,17,0.06880790654951718,0.06880790654951718,0.06880790654951718,1
C,hybrid_tdvp,rzz,0.05,2,8,8,2,mixed,20,0.09464285638151815,0.09464285638151815,0.09464285638151815,1
C,hybrid_tdvp,rzz,0.05,2,8,8,2,mixed,23,0.12392933121301175,0.12392933121301175,0.12392933121301175,1
C,hybrid_tdvp,rzz,0.05,2,8,8,2,mixed,26,0.1562943166510785,0.1562943166510785,0.1562943166510785,1
C,hybrid_tdvp,rzz,0.05,2,8,8,2,mixed,29,0.19132752050512647,0.19132752050512647,0.19132752050512647,1
C,hybrid_tdvp,rzz,0.05,2,8,8,2,mixed,32,0.22858975172733909,0.22858975172733909,0.22858975172733909,1
C,hybrid_tdvp,rzz,0.05,2,8,8,2,mixed,35,0.2676224016732528,0.2676224016732528,0.2676224016732528,1
C,hybrid_tdvp,rzz,0.05,2,8,8,4,commuting,2,0.0013176767246584342,0.0013176767246584342,0.0013176767246584342,1
C,hybrid_tdvp,rzz,0.05,2,8,8,4,commuting,5,0.003244127348106085,0.003244127348106085,0.003244127348106085,1
C,hybrid_tdvp,rzz,0.05,2,8,8,4,commuting,8,0.006419433287600862,0.006419433287600862,0.006419433287600862,1
C,hybrid_tdvp,rzz,0.05,2,8,8,4,commuting,11,0.010440574307426731,0.010440574307426731,0.010440574307426731,1
C,hybrid_tdvp,rzz,0.05,2,8,8,4,commuting,14,0.015013660420261754,0.015013660420261754,0.015013660420261754,1
C,hybrid_tdvp,rzz,0.05,2,8,8,4,commuting,17,0.019977343866479425,0.019977343866479425,0.019977343866479425,1
C,hybrid_tdvp,rzz,0.05,2,8,8,4,commuting,20,0.025253200436424983,0.025253200436424983,0.025253200436424983,1
C,hybrid_tdvp,rzz,0.05,2,8,8,4,commuting,23,0.03080407901554727,0.03080407901554727,0.03080407901554727,1
C,hybrid_tdvp,rzz,0.05,2,8,8,4,commuting,26,0.036614803563948306,0.036614803563948306,0.036614803563948306,1
C,hybrid_tdvp,rzz,0.05,2,8,8,4,commuting,29,0.04268293326013228,0.04268293326013228,0.04268293326013228,1
C,hybrid_tdvp,rzz,0.05,2,8,8,4,commuting,32,0.04901272673917456,0.04901272673917456,0.04901272673917456,1
C,hybrid_tdvp,rzz,0.05,2,8,8,4,commuting,35,0.055611251182069776,0.055611251182069776,0.055611251182069776,1
C,hybrid_tdvp,rzz,0.05,2,8,8,4,mixed,2,0.0011454432786204283,0.0011454432786204283,0.0011454432786204283,1
C,hybrid_tdvp,rzz,0.05,2,8,8,4,mixed,5,0.005838063098395407,0.005838063098395407,0.005838063098395407,1
C,hybrid_tdvp,rzz,0.05,2,8,8,4,mixed,8,0.015064530420060951,0.015064530420060951,0.015064530420060951,1
C,hybrid_tdvp,rzz,0.05,2,8,8,4,mixed,11,0.028745589895186052,0.028745589895186052,0.028745589895186052,1
C,hybrid_tdvp,rzz,0.05,2,8,8,4,mixed,14,0.04672057026984455,0.04672057026984455,0.04672057026984455,1
C,hybrid_tdvp,rzz,0.05,2,8,8,4,mixed,17,0.06875836979233918,0.06875836979233918,0.06875836979233918,1
C,hybrid_tdvp,rzz,0.05,2,8,8,4,mixed,20,0.09457501574938432,0.09457501574938432,0.09457501574938432,1
C,hybrid_tdvp,rzz,0.05,2,8,8,4,mixed,23,0.12384079081144839,0.12384079081144839,0.12384079081144839,1
C,hybrid_tdvp,rzz,0.05,2,8,8,4,mixed,26,0.15618338115050379,0.15618338115050379,0.15618338115050379,1
C,hybrid_tdvp,rzz,0.05,2,8,8,4,mixed,29,0.19119348572035888,0.19119348572035888,0.19119348572035888,1
C,hybrid_tdvp,rzz,0.05,2,8,8,4,mixed,32,0.22843296316213746,0.22843296316213746,0.22843296316213746,1
C,hybrid_tdvp,rzz,0.05,2,8,8,4,mixed,35,0.2674441826514622,0.2674441826514622,0.2674441826514622,1
C,hybrid_tdvp,rzz,0.05,2,8,8,8,commuting,2,0.0013174204183378224,0.0013174204183378224,0.0013174204183378224,1
C,hybrid_tdvp,rzz,0.05,2,8,8,8,commuting,5,0.0032457020457087316,0.0032457020457087316,0.0032457020457087316,1
C,hybrid_tdvp,rzz,0.05,2,8,8,8,commuting,8,0.006427737811505074,0.006427737811505074,0.006427737811505074,1
C,hybrid_tdvp,rzz,0.05,2,8,8,8,commuting,11,0.010461042363745232,0.010461042363745232,0.010461042363745232,1
C,hybrid_tdvp,rzz,0.05,2,8,8,8,commuting,14,0.015049680196987936,0.015049680196987936,0.015049680196987936,1
C,hybrid_tdvp,rzz,0.05,2,8,8,8,commuting,17,0.02002987620188812,0.02002987620188812,0.02002987620188812,1
C,hybrid_tdvp,rzz,0.05,2,8,8,8,commuting,20,0.025321849978704902,0.025321849978704902,0.025321849978704902,1
C,hybrid_tdvp,rzz,0.05,2,8,8,8,commuting,23,0.030887992840103462,0.030887992840103462,0.030887992840103462,1
C,hybrid_tdvp,rzz,0.05,2,8,8,8,commuting,26,0.03671308961535702,0.03671308961535702,0.03671308961535702,1
C,hybrid_tdvp,rzz,0.05,2,8,8,8,commuting,29,0.042794839316465993,0.042794839316465993,0.042794839316465993,1
C,hybrid_tdvp,rzz,0.05,2,8,8,8,commuting,32,0.04913771741939854,0.04913771741939854,0.04913771741939854,1
C,hybrid_tdvp,rzz,0.05,2,8,8,8,commuting,35,0.055749017054644634,0.055749017054644634,0.055749017054644634,1
C,hybrid_tdvp,rzz,0.05,2,8,8,8,mixed,2,0.0011452031648784278,0.0011452031648784278,0.0011452031648784278,1
C,hybrid_tdvp,rzz,0.05,2,8,8,8,mixed,5,0.0058364935405510465,0.0058364935405510465,0.0058364935405510465,1
C,hybrid_tdvp,rzz,0.05,2,8,8,8,mixed,8,0.015059788762720738,0.015059788762720738,0.015059788762720738,1
C,hybrid_tdvp,rzz,0.05,2,8,8,8,mixed,11,0.028735850573378463,0.028735850573378463,0.028735850573378463,1
C,hybrid_tdvp,rzz,0.05,2,8,8,8,mixed,14,0.04670444274978591,0.04670444274978591,0.04670444274978591,1
C,hybrid_tdvp,rzz,0.05,2,8,8,8,mixed,17,0.06873466053053434,0.06873466053053434,0.06873466053053434,1
C,hybrid_tdvp,rzz,0.05,2,8,8,8,mixed,20,0.09454246587104209,0.09454246587104209,0.09454246587104209,1
C,hybrid_tdvp,rzz,0.05,2,8,8,8,mixed,23,0.12379821048134931,0.12379821048134931,0.12379821048134931,1
C,hybrid_tdvp,rzz,0.05,2,8,8,8,mixed,26,0.15612990515313963,0.15612990515313963,0.15612990515313963,1
C,hybrid_tdvp,rzz,0.05,2,8,8,8,mixed,29,0.19112872767615974,0.19112872767615974,0.19112872767615974,1
C,hybrid_tdvp,rzz,0.05,2,8,8,8,mixed,32,0.2283570542561193,0.2283570542561193,0.2283570542561193,1
C,hybrid_tdvp,rzz,0.05,2,8,8,8,mixed,35,0.2673577417091333,0.2673577417091333,0.2673577417091333,1
C,hybrid_tdvp,rzz,0.05,2,9,16,1,commuting,1,0.0,0.0,0.0,1
C,hybrid_tdvp,rzz,0.05,2,9,16,1,commuting,4,8.993258079681432e-06,8.993258079681432e-06,8.993258079681432e-06,1
C,hybrid_tdvp,rzz,0.05,2,9,16,1,commuting,7,3.334620674455557e-05,3.334620674455557e-05,3.334620674455557e-05,1
C,hybrid_tdvp,rzz,0.05,2,9,16,1,commuting,10,7.715611801184519e-05,7.715611801184519e-05,7.715611801184519e-05,1
C,hybrid_tdvp,rzz,0.05,2,9,16,1,commuting,13,0.00014134586333514054,0.00014134586333514054,0.00014134586333514054,1
C,hybrid_tdvp,rzz,0.05,2,9,16,1,commuting,16,0.00022758205039152823,0.00022758205039152823,0.00022758205039152823,1
C,hybrid_tdvp,rzz,0.05,2,9,16,1,commuting,19,0.00033765246600159227,0.00033765246600159227,0.00033765246600159227,1
C,hybrid_tdvp,rzz,0.05,2,9,16,1,commuting,22,0.0004733233954085092,0.0004733233954085092,0.0004733233954085092,1
C,hybrid_tdvp,rzz,0.05,2,9,16,1,commuting,25,0.0006362011822681479,0.0006362011822681479,0.0006362011822681479,1
C,hybrid_tdvp,rzz,0.05,2,9,16,1,commuting,28,0.0008276396127762098,0.0008276396127762098,0.0008276396127762098,1
C,hybrid_tdvp,rzz,0.05,2,9,16,1,commuting,31,0.0010487183084432194,0.0010487183084432194,0.0010487183084432194,1
C,hybrid_tdvp,rzz,0.05,2,9,16,1,commuting,34,0.0013002801113234375,0.0013002801113234375,0.0013002801113234375,1
C,hybrid_tdvp,rzz,0.05,2,9,16,2,commuting,1,5.823763693513229e-11,5.823763693513229e-11,5.823763693513229e-11,1
C,hybrid_tdvp,rzz,0.05,2,9,16,2,commuting,4,1.0088688978338034e-05,1.0088688978338034e-05,1.0088688978338034e-05,1
C,hybrid_tdvp,rzz,0.05,2,9,16,2,commuting,7,3.877778174010693e-05,3.877778174010693e-05,3.877778174010693e-05,1
C,hybrid_tdvp,rzz,0.05,2,9,16,2,commuting,10,8.729444500610306e-05,8.729444500610306e-05,8.729444500610306e-05,1
C,hybrid_tdvp,rzz,0.05,2,9,16,2,commuting,13,0.00015718069965720005,0.00015718069965720005,0.00015718069965720005,1
C,hybrid_tdvp,rzz,0.05,2,9,16,2,commuting,16,0.00025027322384651995,0.00025027322384651995,0.00025027322384651995,1
C,hybrid_tdvp,rzz,0.05,2,9,16,2,commuting,19,0.00036843639668326933,0.00036843639668326933,0.00036843639668326933,1
C,hybrid_tdvp,rzz,0.05,2,9,16,2,commuting,22,0.0005133585594843115,0.0005133585594843115,0.0005133585594843115,1
C,hybrid_tdvp,rzz,0.05,2,9,16,2,commuting,25,0.000686363740948992,0.000686363740948992,0.000686363740948992,1
C,hybrid_tdvp,rzz,0.05,2,9,16,2,commuting,28,0.0008883024074807233,0.0008883024074807233,0.0008883024074807233,1
C,hybrid_tdvp,rzz,0.05,2,9,16,2,commuting,31,0.0011195778460242334,0.0011195778460242334,0.0011195778460242334,1
C,hybrid_tdvp,rzz,0.05,2,9,16,2,commuting,34,0.0013803008513492143,0.0013803008513492143,0.0013803008513492143,1
C,hybrid_tdvp,rzz,0.05,2,9,16,4,commuting,1,1.45345957491827e-11,1.45345957491827e-11,1.45345957491827e-11,1
C,hybrid_tdvp,rzz,0.05,2,9,16,4,commuting,4,1.082456680290278e-05,1.082456680290278e-05,1.082456680290278e-05,1
C,hybrid_tdvp,rzz,0.05,2,9,16,4,commuting,7,4.1435581641602326e-05,4.1435581641602326e-05,4.1435581641602326e-05,1
C,hybrid_tdvp,rzz,0.05,2,9,16,4,commuting,10,9.17494330744395e-05,9.17494330744395e-05,9.17494330744395e-05,1
C,hybrid_tdvp,rzz,0.05,2,9,16,4,commuting,13,0.00016307259966541476,0.00016307259966541476,0.00016307259966541476,1
C,hybrid_tdvp,rzz,0.05,2,9,16,4,commuting,16,0.00025713520137038426,0.00025713520137038426,0.00025713520137038426,1
C,hybrid_tdvp,rzz,0.05,2,9,16,4,commuting,19,0.00037566482317175076,0.00037566482317175076,0.00037566482317175076,1
C,hybrid_tdvp,rzz,0.05,2,9,16,4,commuting,22,0.0005201806242177698,0.0005201806242177698,0.0005201806242177698,1
C,hybrid_tdvp,rzz,0.05,2,9,16,4,commuting,25,0.0006918336968915195,0.0006918336968915195,0.0006918336968915195,1
C,hybrid_tdvp,rzz,0.05,2,9,16,4,commuting,28,0.0008913459613663077,0.0008913459613663077,0.0008913459613663077,1
C,hybrid_tdvp,rzz,0.05,2,9,16,4,commuting,31,0.0011190852954072739,0.0011190852954072739,0.0011190852954072739,1
C,hybrid_tdvp,rzz,0.05,2,9,16,4,commuting,34,0.0013752413651620943,0.0013752413651620943,0.0013752413651620943,1
C,hybrid_tdvp,rzz,0.05,2,9,16,8,commuting,1,3.6350922272276875e-12,3.6350922272276875e-12,3.6350922272276875e-12,1
C,hybrid_tdvp,rzz,0.05,2,9,16,8,commuting,4,1.1132100102062559e-05,1.1132100102062559e-05,1.1132100102062559e-05,1
C,hybrid_tdvp,rzz,0.05,2,9,16,8,commuting,7,4.04208459185984e-05,4.04208459185984e-05,4.04208459185984e-05,1
C,hybrid_tdvp,rzz,0.05,2,9,16,8,commuting,10,8.90301836909968e-05,8.90301836909968e-05,8.90301836909968e-05,1
C,hybrid_tdvp,rzz,0.05,2,9,16,8,commuting,13,0.00015696594060787827,0.00015696594060787827,0.00015696594060787827,1
C,hybrid_tdvp,rzz,0.05,2,9,16,8,commuting,16,0.0002463097956252325,0.0002463097956252325,0.0002463097956252325,1
C,hybrid_tdvp,rzz,0.05,2,9,16,8,commuting,19,0.0003589174908522619,0.0003589174908522619,0.0003589174908522619,1
C,hybrid_tdvp,rzz,0.05,2,9,16,8,commuting,22,0.0004967077597813896,0.0004967077597813896,0.0004967077597813896,1
C,hybrid_tdvp,rzz,0.05,2,9,16,8,commuting,25,0.0006593065388258434,0.0006593065388258434,0.0006593065388258434,1
C,hybrid_tdvp,rzz,0.05,2,9,16,8,commuting,28,0.0008487192990956904,0.0008487192990956904,0.0008487192990956904,1
C,hybrid_tdvp,rzz,0.05,2,9,16,8,commuting,31,0.0010655007754529766,0.0010655007754529766,0.0010655007754529766,1
C,hybrid_tdvp,rzz,0.05,2,9,16,8,commuting,34,0.0013103081678106365,0.0013103081678106365,0.0013103081678106365,1
C,hybrid_tdvp,rzz,0.05,2,9,64,1,commuting,1,0.0,0.0,0.0,1
C,hybrid_tdvp,rzz,0.05,2,9,64,1,commuting,4,9.426681657487279e-12,9.426681657487279e-12,9.426681657487279e-12,1
C,hybrid_tdvp,rzz,0.05,2,9,64,1,commuting,7,1.2600143151075827e-11,1.2600143151075827e-11,1.2600143151075827e-11,1
C,hybrid_tdvp,rzz,0.05,2,9,64,1,commuting,10,1.5823564680772506e-11,1.5823564680772506e-11,1.5823564680772506e-11,1
C,hybrid_tdvp,rzz,0.05,2,9,64,1,commuting,13,1.580646724619328e-11,1.580646724619328e-11,1.580646724619328e-11,1
C,hybrid_tdvp,rzz,0.05,2,9,64,1,commuting,16,1.5834666911018758e-11,1.5834666911018758e-11,1.5834666911018758e-11,1
C,hybrid_tdvp,rzz,0.05,2,9,64,1,commuting,19,1.5827339439056232e-11,1.5827339439056232e-11,1.5827339439056232e-11,1
C,hybrid_tdvp,rzz,0.05,2,9,64,1,commuting,22,1.5840662115351734e-11,1.5840662115351734e-11,1.5840662115351734e-11,1
C,hybrid_tdvp,rzz,0.05,2,9,64,1,commuting,25,1.582600717142668e-11,1.582600717142668e-11,1.582600717142668e-11,1
C,hybrid_tdvp,rzz,0.05,2,9,64,1,commuting,28,1.5798029551206128e-11,1.5798029551206128e-11,1.5798029551206128e-11,1
C,hybrid_tdvp,rzz,0.05,2,9,64,1,commuting,31,1.5781598250441675e-11,1.5781598250441675e-11,1.5781598250441675e-11,1
C,hybrid_tdvp,rzz,0.05,2,9,64,1,commuting,34,1.577515895689885e-11,1.577515895689885e-11,1.577515895689885e-11,1
C,hybrid_tdvp,rzz,0.05,2,9,64,2,commuting,1,5.823763693513229e-11,5.823763693513229e-11,5.823763693513229e-11,1
C,hybrid_tdvp,rzz,0.05,2,9,64,2,commuting,4,6.079670100689327e-11,6.079670100689327e-11,6.079670100689327e-11,1
C,hybrid_tdvp,rzz,0.05,2,9,64,2,commuting,7,6.758060777656283e-11,6.758060777656283e-11,6.758060777656283e-11,1
C,hybrid_tdvp,rzz,0.05,2,9,64,2,commuting,10,8.118372640808502e-11,8.118372640808502e-11,8.118372640808502e-11,1
C,hybrid_tdvp,rzz,0.05,2,9,64,2,commuting,13,1.0739586997488004e-10,1.0739586997488004e-10,1.0739586997488004e-10,1
C,hybrid_tdvp,rzz,0.05,2,9,64,2,commuting,16,1.3928391773276871e-10,1.3928391773276871e-10,1.3928391773276871e-10,1
C,hybrid_tdvp,rzz,0.05,2,9,64,2,commuting,19,1.5235812611535948e-10,1.5235812611535948e-10,1.5235812611535948e-10,1
C,hybrid_tdvp,rzz,0.05,2,9,64,2,commuting,22,1.5235368522326098e-10,1.5235368522326098e-10,1.5235368522326098e-10,1
C,hybrid_tdvp,rzz,0.05,2,9,64,2,commuting,25,1.5233192485197833e-10,1.5233192485197833e-10,1.5233192485197833e-10,1
C,hybrid_tdvp,rzz,0.05,2,9,64,2,commuting,28,1.5230905425767105e-10,1.5230905425767105e-10,1.5230905425767105e-10,1
C,hybrid_tdvp,rzz,0.05,2,9,64,2,commuting,31,1.5230461336557255e-10,1.5230461336557255e-10,1.5230461336557255e-10,1
C,hybrid_tdvp,rzz,0.05,2,9,64,2,commuting,34,1.522864057079687e-10,1.522864057079687e-10,1.522864057079687e-10,1
C,hybrid_tdvp,rzz,0.05,2,9,64,4,commuting,1,1.45345957491827e-11,1.45345957491827e-11,1.45345957491827e-11,1
C,hybrid_tdvp,rzz,0.05,2,9,64,4,commuting,4,2.923905562113305e-11,2.923905562113305e-11,2.923905562113305e-11,1
C,hybrid_tdvp,rzz,0.05,2,9,64,4,commuting,7,6.673506192100831e-11,6.673506192100831e-11,6.673506192100831e-11,1
C,hybrid_tdvp,rzz,0.05,2,9,64,4,commuting,10,1.2118883674361314e-10,1.2118883674361314e-10,1.2118883674361314e-10,1
C,hybrid_tdvp,rzz,0.05,2,9,64,4,commuting,13,2.1022095175737832e-10,2.1022095175737832e-10,2.1022095175737832e-10,1
C,hybrid_tdvp,rzz,0.05,2,9,64,4,commuting,16,2.8878988089786617e-10,2.8878988089786617e-10,2.8878988089786617e-10,1
C,hybrid_tdvp,rzz,0.05,2,9,64,4,commuting,19,3.831688299982261e-10,3.831688299982261e-10,3.831688299982261e-10,1
C,hybrid_tdvp,rzz,0.05,2,9,64,4,commuting,22,5.349178877622762e-10,5.349178877622762e-10,5.349178877622762e-10,1
C,hybrid_tdvp,rzz,0.05,2,9,64,4,commuting,25,7.614879837802846e-10,7.614879837802846e-10,7.614879837802846e-10,1
C,hybrid_tdvp,rzz,0.05,2,9,64,4,commuting,28,9.621576868568127e-10,9.621576868568127e-10,9.621576868568127e-10,1
C,hybrid_tdvp,rzz,0.05,2,9,64,4,commuting,31,1.1049592352208037e-09,1.1049592352208037e-09,1.1049592352208037e-09,1
C,hybrid_tdvp,rzz,0.05,2,9,64,4,commuting,34,1.290990869762254e-09,1.290990869762254e-09,1.290990869762254e-09,1
C,hybrid_tdvp,rzz,0.05,2,9,64,8,commuting,1,3.6350922272276875e-12,3.6350922272276875e-12,3.6350922272276875e-12,1
C,hybrid_tdvp,rzz,0.05,2,9,64,8,commuting,4,3.940603399144038e-11,3.940603399144038e-11,3.940603399144038e-11,1
C,hybrid_tdvp,rzz,0.05,2,9,64,8,commuting,7,2.9517743804774454e-10,2.9517743804774454e-10,2.9517743804774454e-10,1
C,hybrid_tdvp,rzz,0.05,2,9,64,8,commuting,10,6.565741283992566e-10,6.565741283992566e-10,6.565741283992566e-10,1
C,hybrid_tdvp,rzz,0.05,2,9,64,8,commuting,13,8.899072589940715e-10,8.899072589940715e-10,8.899072589940715e-10,1
C,hybrid_tdvp,rzz,0.05,2,9,64,8,commuting,16,1.1907177466241592e-09,1.1907177466241592e-09,1.1907177466241592e-09,1
C,hybrid_tdvp,rzz,0.05,2,9,64,8,commuting,19,1.728515997001523e-09,1.728515997001523e-09,1.728515997001523e-09,1
C,hybrid_tdvp,rzz,0.05,2,9,64,8,commuting,22,2.5943047710086375e-09,2.5943047710086375e-09,2.5943047710086375e-09,1
C,hybrid_tdvp,rzz,0.05,2,9,64,8,commuting,25,3.4509317625719405e-09,3.4509317625719405e-09,3.4509317625719405e-09,1
C,hybrid_tdvp,rzz,0.05,2,9,64,8,commuting,28,4.212682869209061e-09,4.212682869209061e-09,4.212682869209061e-09,1
C,hybrid_tdvp,rzz,0.05,2,9,64,8,commuting,31,5.263565139301818e-09,5.263565139301818e-09,5.263565139301818e-09,1
C,hybrid_tdvp,rzz,0.05,2,9,64,8,commuting,34,5.8236517830323464e-09,5.8236517830323464e-09,5.8236517830323464e-09,1
C,hybrid_tdvp,rzz,0.05,2,9,8,1,commuting,1,0.00039480613211362314,0.00039480613211362314,0.00039480613211362314,1
C,hybrid_tdvp,rzz,0.05,2,9,8,1,commuting,4,0.00186101817268014,0.00186101817268014,0.00186101817268014,1
C,hybrid_tdvp,rzz,0.05,2,9,8,1,commuting,7,0.004644537921204228,0.004644537921204228,0.004644537921204228,1
C,hybrid_tdvp,rzz,0.05,2,9,8,1,commuting,10,0.008324503291336272,0.008324503291336272,0.008324503291336272,1
C,hybrid_tdvp,rzz,0.05,2,9,8,1,commuting,13,0.012588395656409679,0.012588395656409679,0.012588395656409679,1
C,hybrid_tdvp,rzz,0.05,2,9,8,1,commuting,16,0.01727067295640028,0.01727067295640028,0.01727067295640028,1
C,hybrid_tdvp,rzz,0.05,2,9,8,1,commuting,19,0.02229283827681028,0.02229283827681028,0.02229283827681028,1
C,hybrid_tdvp,rzz,0.05,2,9,8,1,commuting,22,0.027614483501341103,0.027614483501341103,0.027614483501341103,1
C,hybrid_tdvp,rzz,0.05,2,9,8,1,commuting,25,0.03321476068458162,0.03321476068458162,0.03321476068458162,1
C,hybrid_tdvp,rzz,0.05,2,9,8,1,commuting,28,0.03908546082985709,0.03908546082985709,0.03908546082985709,1
C,hybrid_tdvp,rzz,0.05,2,9,8,1,commuting,31,0.04522607474782969,0.04522607474782969,0.04522607474782969,1
C,hybrid_tdvp,rzz,0.05,2,9,8,1,commuting,34,0.05164002095322051,0.05164002095322051,0.05164002095322051,1
C,hybrid_tdvp,rzz,0.05,2,9,8,2,commuting,1,0.00039512707706057526,0.00039512707706057526,0.00039512707706057526,1
C,hybrid_tdvp,rzz,0.05,2,9,8,2,commuting,4,0.0018676032363070805,0.0018676032363070805,0.0018676032363070805,1
C,hybrid_tdvp,rzz,0.05,2,9,8,2,commuting,7,0.004675540908003151,0.004675540908003151,0.004675540908003151,1
C,hybrid_tdvp,rzz,0.05,2,9,8,2,commuting,10,0.008402450504645276,0.008402450504645276,0.008402450504645276,1
C,hybrid_tdvp,rzz,0.05,2,9,8,2,commuting,13,0.01272759291785841,0.01272759291785841,0.01272759291785841,1
C,hybrid_tdvp,rzz,0.05,2,9,8,2,commuting,16,0.017474529787552262,0.017474529787552262,0.017474529787552262,1
C,hybrid_tdvp,rzz,0.05,2,9,8,2,commuting,19,0.022558954417772892,0.022558954417772892,0.022558954417772892,1
C,hybrid_tdvp,rzz,0.05,2,9,8,2,commuting,22,0.02793894785076856,0.02793894785076856,0.02793894785076856,1
C,hybrid_tdvp,rzz,0.05,2,9,8,2,commuting,25,0.033593835813342965,0.033593835813342965,0.033593835813342965,1
C,hybrid_tdvp,rzz,0.05,2,9,8,2,commuting,28,0.03951612079342559,0.03951612079342559,0.03951612079342559,1
C,hybrid_tdvp,rzz,0.05,2,9,8,2,commuting,31,0.0457062109349784,0.0457062109349784,0.0457062109349784,1
C,hybrid_tdvp,rzz,0.05,2,9,8,2,commuting,34,0.05216845582018914,0.05216845582018914,0.05216845582018914,1
C,hybrid_tdvp,rzz,0.05,2,9,8,4,commuting,1,0.0003953098554629886,0.0003953098554629886,0.0003953098554629886,1
C,hybrid_tdvp,rzz,0.05,2,9,8,4,commuting,4,0.001870898532757237,0.001870898532757237,0.001870898532757237,1
C,hybrid_tdvp,rzz,0.05,2,9,8,4,commuting,7,0.004690769954801555,0.004690769954801555,0.004690769954801555,1
C,hybrid_tdvp,rzz,0.05,2,9,8,4,commuting,10,0.008440821792546016,0.008440821792546016,0.008440821792546016,1
C,hybrid_tdvp,rzz,0.05,2,9,8,4,commuting,13,0.01279664478253395,0.01279664478253395,0.01279664478253395,1
C,hybrid_tdvp,rzz,0.05,2,9,8,4,commuting,16,0.01757645793015894,0.01757645793015894,0.01757645793015894,1
C,hybrid_tdvp,rzz,0.05,2,9,8,4,commuting,19,0.022692831348889664,0.022692831348889664,0.022692831348889664,1
C,hybrid_tdvp,rzz,0.05,2,9,8,4,commuting,22,0.02810289191437676,0.02810289191437676,0.02810289191437676,1
C,hybrid_tdvp,rzz,0.05,2,9,8,4,commuting,25,0.03378595519876737,0.03378595519876737,0.03378595519876737,1
C,hybrid_tdvp,rzz,0.05,2,9,8,4,commuting,28,0.03973483945565781,0.03973483945565781,0.03973483945565781,1
C,hybrid_tdvp,rzz,0.05,2,9,8,4,commuting,31,0.04595039876522311,0.04595039876522311,0.04595039876522311,1
C,hybrid_tdvp,rzz,0.05,2,9,8,4,commuting,34,0.05243745229631891,0.05243745229631891,0.05243745229631891,1
C,hybrid_tdvp,rzz,0.05,2,9,8,8,commuting,1,0.00039540650411296063,0.00039540650411296063,0.00039540650411296063,1
C,hybrid_tdvp,rzz,0.05,2,9,8,8,commuting,4,0.0018725482282434536,0.0018725482282434536,0.0018725482282434536,1
C,hybrid_tdvp,rzz,0.05,2,9,8,8,commuting,7,0.004698325914492041,0.004698325914492041,0.004698325914492041,1
C,hybrid_tdvp,rzz,0.05,2,9,8,8,commuting,10,0.008459875316793264,0.008459875316793264,0.008459875316793264,1
C,hybrid_tdvp,rzz,0.05,2,9,8,8,commuting,13,0.012831054240916795,0.012831054240916795,0.012831054240916795,1
C,hybrid_tdvp,rzz,0.05,2,9,8,8,commuting,16,0.01762744151239881,0.01762744151239881,0.01762744151239881,1
C,hybrid_tdvp,rzz,0.05,2,9,8,8,commuting,19,0.022759996639558966,0.022759996639558966,0.022759996639558966,1
C,hybrid_tdvp,rzz,0.05,2,9,8,8,commuting,22,0.028185319688306065,0.028185319688306065,0.028185319688306065,1
C,hybrid_tdvp,rzz,0.05,2,9,8,8,commuting,25,0.03388269520332898,0.03388269520332898,0.03388269520332898,1
C,hybrid_tdvp,rzz,0.05,2,9,8,8,commuting,28,0.039845087979339944,0.039845087979339944,0.039845087979339944,1
C,hybrid_tdvp,rzz,0.05,2,9,8,8,commuting,31,0.046073570938681696,0.046073570938681696,0.046073570938681696,1
C,hybrid_tdvp,rzz,0.05,2,9,8,8,commuting,34,0.052573198408120914,0.052573198408120914,0.052573198408120914,1
C,hybrid_tdvp,rzz,0.05,3,9,16,1,commuting,3,8.958501039879607e-06,8.958501039879607e-06,8.958501039879607e-06,1
C,hybrid_tdvp,rzz,0.05,3,9,16,1,commuting,6,3.5658797849058566e-05,3.5658797849058566e-05,3.5658797849058566e-05,1
C,hybrid_tdvp,rzz,0.05,3,9,16,1,commuting,9,8.122052784020894e-05,8.122052784020894e-05,8.122052784020894e-05,1
C,hybrid_tdvp,rzz,0.05,3,9,16,1,commuting,12,0.0001469603969580513,0.0001469603969580513,0.0001469603969580513,1
C,hybrid_tdvp,rzz,0.05,3,9,16,1,commuting,15,0.00023450699514016016,0.00023450699514016016,0.00023450699514016016,1
C,hybrid_tdvp,rzz,0.05,3,9,16,1,commuting,18,0.00034563018165023607,0.00034563018165023607,0.00034563018165023607,1
C,hybrid_tdvp,rzz,0.05,3,9,16,1,commuting,21,0.00048208429838458855,0.00048208429838458855,0.00048208429838458855,1
C,hybrid_tdvp,rzz,0.05,3,9,16,1,commuting,24,0.0006454624475559223,0.0006454624475559223,0.0006454624475559223,1
C,hybrid_tdvp,rzz,0.05,3,9,16,1,commuting,27,0.0008370971583498976,0.0008370971583498976,0.0008370971583498976,1
C,hybrid_tdvp,rzz,0.05,3,9,16,1,commuting,30,0.0010580334318054385,0.0010580334318054385,0.0010580334318054385,1
C,hybrid_tdvp,rzz,0.05,3,9,16,1,commuting,33,0.0013090647385787246,0.0013090647385787246,0.0013090647385787246,1
C,hybrid_tdvp,rzz,0.05,3,9,16,1,commuting,36,0.001590787313994646,0.001590787313994646,0.001590787313994646,1
C,hybrid_tdvp,rzz,0.05,3,9,16,2,commuting,3,1.1594108735080155e-05,1.1594108735080155e-05,1.1594108735080155e-05,1
C,hybrid_tdvp,rzz,0.05,3,9,16,2,commuting,6,4.2566813947986226e-05,4.2566813947986226e-05,4.2566813947986226e-05,1
C,hybrid_tdvp,rzz,0.05,3,9,16,2,commuting,9,9.325742056920383e-05,9.325742056920383e-05,9.325742056920383e-05,1
C,hybrid_tdvp,rzz,0.05,3,9,16,2,commuting,12,0.00016514418852753288,0.00016514418852753288,0.00016514418852753288,1
C,hybrid_tdvp,rzz,0.05,3,9,16,2,commuting,15,0.00025997494719898206,0.00025997494719898206,0.00025997494719898206,1
C,hybrid_tdvp,rzz,0.05,3,9,16,2,commuting,18,0.00037954937707174174,0.00037954937707174174,0.00037954937707174174,1
C,hybrid_tdvp,rzz,0.05,3,9,16,2,commuting,21,0.0005255145134281936,0.0005255145134281936,0.0005255145134281936,1
C,hybrid_tdvp,rzz,0.05,3,9,16,2,commuting,24,0.0006991731249011979,0.0006991731249011979,0.0006991731249011979,1
C,hybrid_tdvp,rzz,0.05,3,9,16,2,commuting,27,0.0009013672362273573,0.0009013672362273573,0.0009013672362273573,1
C,hybrid_tdvp,rzz,0.05,3,9,16,2,commuting,30,0.0011324927497441406,0.0011324927497441406,0.0011324927497441406,1
C,hybrid_tdvp,rzz,0.05,3,9,16,2,commuting,33,0.0013926421771590647,0.0013926421771590647,0.0013926421771590647,1
C,hybrid_tdvp,rzz,0.05,3,9,16,2,commuting,36,0.0016817968183118204,0.0016817968183118204,0.0016817968183118204,1
C,hybrid_tdvp,rzz,0.05,3,9,16,4,commuting,3,1.297169634584261e-05,1.297169634584261e-05,1.297169634584261e-05,1
C,hybrid_tdvp,rzz,0.05,3,9,16,4,commuting,6,4.585767827092191e-05,4.585767827092191e-05,4.585767827092191e-05,1
C,hybrid_tdvp,rzz,0.05,3,9,16,4,commuting,9,9.823323208879575e-05,9.823323208879575e-05,9.823323208879575e-05,1
C,hybrid_tdvp,rzz,0.05,3,9,16,4,commuting,12,0.00017147614644685838,0.00017147614644685838,0.00017147614644685838,1
C,hybrid_tdvp,rzz,0.05,3,9,16,4,commuting,15,0.0002672400326985125,0.0002672400326985125,0.0002672400326985125,1
C,hybrid_tdvp,rzz,0.05,3,9,16,4,commuting,18,0.0003871917489666199,0.0003871917489666199,0.0003871917489666199,1
C,hybrid_tdvp,rzz,0.05,3,9,16,4,commuting,21,0.0005328107262831949,0.0005328107262831949,0.0005328107262831949,1
C,hybrid_tdvp,rzz,0.05,3,9,16,4,commuting,24,0.0007052221930068381,0.0007052221930068381,0.0007052221930068381,1
C,hybrid_tdvp,rzz,0.05,3,9,16,4,commuting,27,0.0009051261227450702,0.0009051261227450702,0.0009051261227450702,1
C,hybrid_tdvp,rzz,0.05,3,9,16,4,commuting,30,0.0011328624379555174,0.0011328624379555174,0.0011328624379555174,1
C,hybrid_tdvp,rzz,0.05,3,9,16,4,commuting,33,0.0013885813998069096,0.0013885813998069096,0.0013885813998069096,1
C,hybrid_tdvp,rzz,0.05,3,9,16,4,commuting,36,0.001672421874189478,0.001672421874189478,0.001672421874189478,1
C,hybrid_tdvp,rzz,0.05,3,9,16,8,commuting,3,1.3012098925124782e-05,1.3012098925124782e-05,1.3012098925124782e-05,1
C,hybrid_tdvp,rzz,0.05,3,9,16,8,commuting,6,4.4828054820866825e-05,4.4828054820866825e-05,4.4828054820866825e-05,1
C,hybrid_tdvp,rzz,0.05,3,9,16,8,commuting,9,9.450740837368965e-05,9.450740837368965e-05,9.450740837368965e-05,1
C,hybrid_tdvp,rzz,0.05,3,9,16,8,commuting,12,0.00016401602718629782,0.00016401602718629782,0.00016401602718629782,1
C,hybrid_tdvp,rzz,0.05,3,9,16,8,commuting,15,0.00025471717417147044,0.00025471717417147044,0.00025471717417147044,1
C,hybrid_tdvp,rzz,0.05,3,9,16,8,commuting,18,0.00036917273105674386,0.00036917273105674386,0.00036917273105674386,1
C,hybrid_tdvp,rzz,0.05,3,9,16,8,commuting,21,0.0005071478019422759,0.0005071478019422759,0.0005071478019422759,1
C,hybrid_tdvp,rzz,0.05,3,9,16,8,commuting,24,0.0006703998251337273,0.0006703998251337273,0.0006703998251337273,1
C,hybrid_tdvp,rzz,0.05,3,9,16,8,commuting,27,0.0008601899526703427,0.0008601899526703427,0.0008601899526703427,1
C,hybrid_tdvp,rzz,0.05,3,9,16,8,commuting,30,0.001077028269043434,0.001077028269043434,0.001077028269043434,1
C,hybrid_tdvp,rzz,0.05,3,9,16,8,commuting,33,0.0013215151215349996,0.0013215151215349996,0.0013215151215349996,1
C,hybrid_tdvp,rzz,0.05,3,9,16,8,commuting,36,0.0015942065695149221,0.0015942065695149221,0.0015942065695149221,1
C,hybrid_tdvp,rzz,0.05,3,9,64,1,commuting,3,9.418243962500128e-12,9.418243962500128e-12,9.418243962500128e-12,1
C,hybrid_tdvp,rzz,0.05,3,9,64,1,commuting,6,1.2608136756853128e-11,1.2608136756853128e-11,1.2608136756853128e-11,1
C,hybrid_tdvp,rzz,0.05,3,9,64,1,commuting,9,1.5828005572871007e-11,1.5828005572871007e-11,1.5828005572871007e-11,1
C,hybrid_tdvp,rzz,0.05,3,9,64,1,commuting,12,1.581179631671148e-11,1.581179631671148e-11,1.581179631671148e-11,1
C,hybrid_tdvp,rzz,0.05,3,9,64,1,commuting,15,1.582423081458728e-11,1.582423081458728e-11,1.582423081458728e-11,1
C,hybrid_tdvp,rzz,0.05,3,9,64,1,commuting,18,1.5825785126821756e-11,1.5825785126821756e-11,1.5825785126821756e-11,1
C,hybrid_tdvp,rzz,0.05,3,9,64,1,commuting,21,1.5828893751290707e-11,1.5828893751290707e-11,1.5828893751290707e-11,1
C,hybrid_tdvp,rzz,0.05,3,9,64,1,commuting,24,1.5833556687994133e-11,1.5833556687994133e-11,1.5833556687994133e-11,1
C,hybrid_tdvp,rzz,0.05,3,9,64,1,commuting,27,1.5815126985785355e-11,1.5815126985785355e-11,1.5815126985785355e-11,1
C,hybrid_tdvp,rzz,0.05,3,9,64,1,commuting,30,1.5794698882132252e-11,1.5794698882132252e-11,1.5794698882132252e-11,1
C,hybrid_tdvp,rzz,0.05,3,9,64,1,commuting,33,1.5782486428861375e-11,1.5782486428861375e-11,1.5782486428861375e-11,1
C,hybrid_tdvp,rzz,0.05,3,9,64,1,commuting,36,1.5764056726652598e-11,1.5764056726652598e-11,1.5764056726652598e-11,1
C,hybrid_tdvp,rzz,0.05,3,9,64,2,commuting,3,6.080180803280655e-11,6.080180803280655e-11,6.080180803280655e-11,1
C,hybrid_tdvp,rzz,0.05,3,9,64,2,commuting,6,6.759703907732728e-11,6.759703907732728e-11,6.759703907732728e-11,1
C,hybrid_tdvp,rzz,0.05,3,9,64,2,commuting,9,8.120082384266425e-11,8.120082384266425e-11,8.120082384266425e-11,1
C,hybrid_tdvp,rzz,0.05,3,9,64,2,commuting,12,1.074096367403854e-10,1.074096367403854e-10,1.074096367403854e-10,1
C,hybrid_tdvp,rzz,0.05,3,9,64,2,commuting,15,1.3932499598467984e-10,1.3932499598467984e-10,1.3932499598467984e-10,1
C,hybrid_tdvp,rzz,0.05,3,9,64,2,commuting,18,1.523663417657417e-10,1.523663417657417e-10,1.523663417657417e-10,1
C,hybrid_tdvp,rzz,0.05,3,9,64,2,commuting,21,1.5236167882903828e-10,1.5236167882903828e-10,1.5236167882903828e-10,1
C,hybrid_tdvp,rzz,0.05,3,9,64,2,commuting,24,1.5234213890380488e-10,1.5234213890380488e-10,1.5234213890380488e-10,1
C,hybrid_tdvp,rzz,0.05,3,9,64,2,commuting,27,1.5231815808647298e-10,1.5231815808647298e-10,1.5231815808647298e-10,1
C,hybrid_tdvp,rzz,0.05,3,9,64,2,commuting,30,1.5230572358859717e-10,1.5230572358859717e-10,1.5230572358859717e-10,1
C,hybrid_tdvp,rzz,0.05,3,9,64,2,commuting,33,1.5229462135835092e-10,1.5229462135835092e-10,1.5229462135835092e-10,1
C,hybrid_tdvp,rzz,0.05,3,9,64,2,commuting,36,1.5228396321731452e-10,1.5228396321731452e-10,1.5228396321731452e-10,1
C,hybrid_tdvp,rzz,0.05,3,9,64,4,commuting,3,2.9174440641099864e-11,2.9174440641099864e-11,2.9174440641099864e-11,1
C,hybrid_tdvp,rzz,0.05,3,9,64,4,commuting,6,6.661204920987984e-11,6.661204920987984e-11,6.661204920987984e-11,1
C,hybrid_tdvp,rzz,0.05,3,9,64,4,commuting,9,1.2056244891311962e-10,1.2056244891311962e-10,1.2056244891311962e-10,1
C,hybrid_tdvp,rzz,0.05,3,9,64,4,commuting,12,2.100575269281535e-10,2.100575269281535e-10,2.100575269281535e-10,1
C,hybrid_tdvp,rzz,0.05,3,9,64,4,commuting,15,2.8904345583669055e-10,2.8904345583669055e-10,2.8904345583669055e-10,1
C,hybrid_tdvp,rzz,0.05,3,9,64,4,commuting,18,3.835118889128353e-10,3.835118889128353e-10,3.835118889128353e-10,1
C,hybrid_tdvp,rzz,0.05,3,9,64,4,commuting,21,5.353342213965107e-10,5.353342213965107e-10,5.353342213965107e-10,1
C,hybrid_tdvp,rzz,0.05,3,9,64,4,commuting,24,7.619069819497781e-10,7.619069819497781e-10,7.619069819497781e-10,1
C,hybrid_tdvp,rzz,0.05,3,9,64,4,commuting,27,9.624940844332741e-10,9.624940844332741e-10,9.624940844332741e-10,1
C,hybrid_tdvp,rzz,0.05,3,9,64,4,commuting,30,1.1050538262225018e-09,1.1050538262225018e-09,1.1050538262225018e-09,1
C,hybrid_tdvp,rzz,0.05,3,9,64,4,commuting,33,1.290626716610177e-09,1.290626716610177e-09,1.290626716610177e-09,1
C,hybrid_tdvp,rzz,0.05,3,9,64,4,commuting,36,1.5248531326506054e-09,1.5248531326506054e-09,1.5248531326506054e-09,1
C,hybrid_tdvp,rzz,0.05,3,9,64,8,commuting,3,3.984768071063627e-11,3.984768071063627e-11,3.984768071063627e-11,1
C,hybrid_tdvp,rzz,0.05,3,9,64,8,commuting,6,2.9568836268367704e-10,2.9568836268367704e-10,2.9568836268367704e-10,1
C,hybrid_tdvp,rzz,0.05,3,9,64,8,commuting,9,6.572342670096987e-10,6.572342670096987e-10,6.572342670096987e-10,1
C,hybrid_tdvp,rzz,0.05,3,9,64,8,commuting,12,8.871885448513694e-10,8.871885448513694e-10,8.871885448513694e-10,1
C,hybrid_tdvp,rzz,0.05,3,9,64,8,commuting,15,1.1847320902091951e-09,1.1847320902091951e-09,1.1847320902091951e-09,1
C,hybrid_tdvp,rzz,0.05,3,9,64,8,commuting,18,1.7167700594455937e-09,1.7167700594455937e-09,1.7167700594455937e-09,1
C,hybrid_tdvp,rzz,0.05,3,9,64,8,commuting,21,2.573440793796067e-09,2.573440793796067e-09,2.573440793796067e-09,1
C,hybrid_tdvp,rzz,0.05,3,9,64,8,commuting,24,3.4426896888817282e-09,3.4426896888817282e-09,3.4426896888817282e-09,1
C,hybrid_tdvp,rzz,0.05,3,9,64,8,commuting,27,4.198665859433959e-09,4.198665859433959e-09,4.198665859433959e-09,1
C,hybrid_tdvp,rzz,0.05,3,9,64,8,commuting,30,5.2403128503186736e-09,5.2403128503186736e-09,5.2403128503186736e-09,1
C,hybrid_tdvp,rzz,0.05,3,9,64,8,commuting,33,5.827320848084128e-09,5.827320848084128e-09,5.827320848084128e-09,1
C,hybrid_tdvp,rzz,0.05,3,9,64,8,commuting,36,6.534774943389721e-09,6.534774943389721e-09,6.534774943389721e-09,1
C,hybrid_tdvp,rzz,0.05,3,9,8,1,commuting,3,0.0008356226578808412,0.0008356226578808412,0.0008356226578808412,1
C,hybrid_tdvp,rzz,0.05,3,9,8,1,commuting,6,0.0031710392845473168,0.0031710392845473168,0.0031710392845473168,1
C,hybrid_tdvp,rzz,0.05,3,9,8,1,commuting,9,0.0066341404914825874,0.0066341404914825874,0.0066341404914825874,1
C,hybrid_tdvp,rzz,0.05,3,9,8,1,commuting,12,0.010846766327261226,0.010846766327261226,0.010846766327261226,1
C,hybrid_tdvp,rzz,0.05,3,9,8,1,commuting,15,0.015560229842550788,0.015560229842550788,0.015560229842550788,1
C,hybrid_tdvp,rzz,0.05,3,9,8,1,commuting,18,0.0206441688546688,0.0206441688546688,0.0206441688546688,1
C,hybrid_tdvp,rzz,0.05,3,9,8,1,commuting,21,0.02603374696248939,0.02603374696248939,0.02603374696248939,1
C,hybrid_tdvp,rzz,0.05,3,9,8,1,commuting,24,0.03169688256312153,0.03169688256312153,0.03169688256312153,1
C,hybrid_tdvp,rzz,0.05,3,9,8,1,commuting,27,0.037620263599563386,0.037620263599563386,0.037620263599563386,1
C,hybrid_tdvp,rzz,0.05,3,9,8,1,commuting,30,0.043801709062290084,0.043801709062290084,0.043801709062290084,1
C,hybrid_tdvp,rzz,0.05,3,9,8,1,commuting,33,0.05024484737942381,0.05024484737942381,0.05024484737942381,1
C,hybrid_tdvp,rzz,0.05,3,9,8,1,commuting,36,0.05695586803257968,0.05695586803257968,0.05695586803257968,1
C,hybrid_tdvp,rzz,0.05,3,9,8,2,commuting,3,0.0008368846535554697,0.0008368846535554697,0.0008368846535554697,1
C,hybrid_tdvp,rzz,0.05,3,9,8,2,commuting,6,0.003184650532778388,0.003184650532778388,0.003184650532778388,1
C,hybrid_tdvp,rzz,0.05,3,9,8,2,commuting,9,0.006681171702625721,0.006681171702625721,0.006681171702625721,1
C,hybrid_tdvp,rzz,0.05,3,9,8,2,commuting,12,0.010947142429451273,0.010947142429451273,0.010947142429451273,1
C,hybrid_tdvp,rzz,0.05,3,9,8,2,commuting,15,0.01572422424618758,0.01572422424618758,0.01572422424618758,1
C,hybrid_tdvp,rzz,0.05,3,9,8,2,commuting,18,0.02087340750025002,0.02087340750025002,0.02087340750025002,1
C,hybrid_tdvp,rzz,0.05,3,9,8,2,commuting,21,0.02632590266683399,0.02632590266683399,0.02632590266683399,1
C,hybrid_tdvp,rzz,0.05,3,9,8,2,commuting,24,0.032048610543837786,0.032048610543837786,0.032048610543837786,1
C,hybrid_tdvp,rzz,0.05,3,9,8,2,commuting,27,0.038028401022868086,0.038028401022868086,0.038028401022868086,1
C,hybrid_tdvp,rzz,0.05,3,9,8,2,commuting,30,0.04426377205775811,0.04426377205775811,0.04426377205775811,1
C,hybrid_tdvp,rzz,0.05,3,9,8,2,commuting,33,0.050759206278964464,0.050759206278964464,0.050759206278964464,1
C,hybrid_tdvp,rzz,0.05,3,9,8,2,commuting,36,0.05752169274072594,0.05752169274072594,0.05752169274072594,1
C,hybrid_tdvp,rzz,0.05,3,9,8,4,commuting,3,0.0008375645390460429,0.0008375645390460429,0.0008375645390460429,1
C,hybrid_tdvp,rzz,0.05,3,9,8,4,commuting,6,0.0031914185634484005,0.0031914185634484005,0.0031914185634484005,1
C,hybrid_tdvp,rzz,0.05,3,9,8,4,commuting,9,0.006704368365951119,0.006704368365951119,0.006704368365951119,1
C,hybrid_tdvp,rzz,0.05,3,9,8,4,commuting,12,0.010996853081094327,0.010996853081094327,0.010996853081094327,1
C,hybrid_tdvp,rzz,0.05,3,9,8,4,commuting,15,0.015806035557603626,0.015806035557603626,0.015806035557603626,1
C,hybrid_tdvp,rzz,0.05,3,9,8,4,commuting,18,0.0209885207327436,0.0209885207327436,0.0209885207327436,1
C,hybrid_tdvp,rzz,0.05,3,9,8,4,commuting,21,0.026473334474278798,0.026473334474278798,0.026473334474278798,1
C,hybrid_tdvp,rzz,0.05,3,9,8,4,commuting,24,0.03222672850484276,0.03222672850484276,0.03222672850484276,1
C,hybrid_tdvp,rzz,0.05,3,9,8,4,commuting,27,0.03823559576728108,0.03823559576728108,0.03823559576728108,1
C,hybrid_tdvp,rzz,0.05,3,9,8,4,commuting,30,0.04449874481807348,0.04449874481807348,0.04449874481807348,1
C,hybrid_tdvp,rzz,0.05,3,9,8,4,commuting,33,0.05102107956323665,0.05102107956323665,0.05102107956323665,1
C,hybrid_tdvp,rzz,0.05,3,9,8,4,commuting,36,0.05780999726269587,0.05780999726269587,0.05780999726269587,1
C,hybrid_tdvp,rzz,0.05,3,9,8,8,commuting,3,0.0008379163558639435,0.0008379163558639435,0.0008379163558639435,1
C,hybrid_tdvp,rzz,0.05,3,9,8,8,commuting,6,0.003194796334701766,0.003194796334701766,0.003194796334701766,1
C,hybrid_tdvp,rzz,0.05,3,9,8,8,commuting,9,0.006715898578658619,0.006715898578658619,0.006715898578658619,1
C,hybrid_tdvp,rzz,0.05,3,9,8,8,commuting,12,0.011021605722621342,0.011021605722621342,0.011021605722621342,1
C,hybrid_tdvp,rzz,0.05,3,9,8,8,commuting,15,0.015846911313019962,0.015846911313019962,0.015846911313019962,1
C,hybrid_tdvp,rzz,0.05,3,9,8,8,commuting,18,0.02104621838350651,0.02104621838350651,0.02104621838350651,1
C,hybrid_tdvp,rzz,0.05,3,9,8,8,commuting,21,0.026547410428290896,0.026547410428290896,0.026547410428290896,1
C,hybrid_tdvp,rzz,0.05,3,9,8,8,commuting,24,0.032316378347460484,0.032316378347460484,0.032316378347460484,1
C,hybrid_tdvp,rzz,0.05,3,9,8,8,commuting,27,0.03834000822392125,0.03834000822392125,0.03834000822392125,1
C,hybrid_tdvp,rzz,0.05,3,9,8,8,commuting,30,0.044617255690982405,0.044617255690982405,0.044617255690982405,1
C,hybrid_tdvp,rzz,0.05,3,9,8,8,commuting,33,0.05115323314697129,0.05115323314697129,0.05115323314697129,1
C,hybrid_tdvp,rzz,0.05,3,9,8,8,commuting,36,0.05795554367565703,0.05795554367565703,0.05795554367565703,1
C,mpo_zipup,rxx,0.05,2,9,16,,mixed,1,3.3306690738754696e-15,3.3306690738754696e-15,3.3306690738754696e-15,1
C,mpo_zipup,rxx,0.05,2,9,16,,mixed,4,0.3075532958410808,0.3075532958410808,0.3075532958410808,1
C,mpo_zipup,rxx,0.05,2,9,16,,mixed,7,0.3431918471217411,0.3431918471217411,0.3431918471217411,1
C,mpo_zipup,rxx,0.05,2,9,16,,mixed,10,0.36936622561262145,0.36936622561262145,0.36936622561262145,1
C,mpo_zipup,rxx,0.05,2,9,16,,mixed,13,0.39349167286537867,0.39349167286537867,0.39349167286537867,1
C,mpo_zipup,rxx,0.05,2,9,16,,mixed,16,0.4150603489320488,0.4150603489320488,0.4150603489320488,1
C,mpo_zipup,rxx,0.05,2,9,16,,mixed,19,0.44226060232798603,0.44226060232798603,0.44226060232798603,1
C,mpo_zipup,rxx,0.05,2,9,16,,mixed,22,0.46855700149673785,0.46855700149673785,0.46855700149673785,1
C,mpo_zipup,rxx,0.05,2,9,16,,mixed,25,0.49358384962514534,0.49358384962514534,0.49358384962514534,1
C,mpo_zipup,rxx,0.05,2,9,16,,mixed,28,0.5179583605483,0.5179583605483,0.5179583605483,1
C,mpo_zipup,rxx,0.05,2,9,16,,mixed,31,0.5420398166327465,0.5420398166327465,0.5420398166327465,1
C,mpo_zipup,rxx,0.05,2,9,16,,mixed,34,0.565883200539594,0.565883200539594,0.565883200539594,1
C,mpo_zipup,rxx,0.05,2,9,64,,mixed,1,3.3306690738754696e-15,3.3306690738754696e-15,3.3306690738754696e-15,1
C,mpo_zipup,rxx,0.05,2,9,64,,mixed,4,0.0026422178728079393,0.0026422178728079393,0.0026422178728079393,1
C,mpo_zipup,rxx,0.05,2,9,64,,mixed,7,0.0105257726307596,0.0105257726307596,0.0105257726307596,1
C,mpo_zipup,rxx,0.05,2,9,64,,mixed,10,0.023520377246797564,0.023520377246797564,0.023520377246797564,1
C,mpo_zipup,rxx,0.05,2,9,64,,mixed,13,0.04141129446083547,0.04141129446083547,0.04141129446083547,1
C,mpo_zipup,rxx,0.05,2,9,64,,mixed,16,0.06390500460331361,0.06390500460331361,0.06390500460331361,1
C,mpo_zipup,rxx,0.05,2,9,64,,mixed,19,0.09063689686237375,0.09063689686237375,0.09063689686237375,1
C,mpo_zipup,rxx,0.05,2,9,64,,mixed,22,0.12118071986799395,0.12118071986799395,0.12118071986799395,1
C,mpo_zipup,rxx,0.05,2,9,64,,mixed,25,0.1550594696051949,0.1550594696051949,0.1550594696051949,1
C,mpo_zipup,rxx,0.05,2,9,64,,mixed,28,0.19175734754393592,0.19175734754393592,0.19175734754393592,1
C,mpo_zipup,rxx,0.05,2,9,64,,mixed,31,0.23073239117475086,0.23073239117475086,0.23073239117475086,1
C,mpo_zipup,rxx,0.05,2,9,64,,mixed,34,0.2714293639399743,0.2714293639399743,0.2714293639399743,1
C,mpo_zipup,rxx,0.05,2,9,8,,mixed,1,0.10486941980604081,0.10486941980604081,0.10486941980604081,1
C,mpo_zipup,rxx,0.05,2,9,8,,mixed,4,0.6627283472955644,0.6627283472955644,0.6627283472955644,1
C,mpo_zipup,rxx,0.05,2,9,8,,mixed,7,0.6848097663815962,0.6848097663815962,0.6848097663815962,1
C,mpo_zipup,rxx,0.05,2,9,8,,mixed,10,0.7059800005089055,0.7059800005089055,0.7059800005089055,1
C,mpo_zipup,rxx,0.05,2,9,8,,mixed,13,0.7369637672417204,0.7369637672417204,0.7369637672417204,1
C,mpo_zipup,rxx,0.05,2,9,8,,mixed,16,0.7577484310163136,0.7577484310163136,0.7577484310163136,1
C,mpo_zipup,rxx,0.05,2,9,8,,mixed,19,0.7758320975357546,0.7758320975357546,0.7758320975357546,1
C,mpo_zipup,rxx,0.05,2,9,8,,mixed,22,0.7901333650935733,0.7901333650935733,0.7901333650935733,1
C,mpo_zipup,rxx,0.05,2,9,8,,mixed,25,0.8018362997173181,0.8018362997173181,0.8018362997173181,1
C,mpo_zipup,rxx,0.05,2,9,8,,mixed,28,0.8121189847194921,0.8121189847194921,0.8121189847194921,1
C,mpo_zipup,rxx,0.05,2,9,8,,mixed,31,0.8214069726491031,0.8214069726491031,0.8214069726491031,1
C,mpo_zipup,rxx,0.05,2,9,8,,mixed,34,0.8304031709761832,0.8304031709761832,0.8304031709761832,1
C,mpo_zipup,ryy,0.05,3,9,16,,mixed,3,0.2968366367122651,0.2968366367122651,0.2968366367122651,1
C,mpo_zipup,ryy,0.05,3,9,16,,mixed,6,0.3389058778828946,0.3389058778828946,0.3389058778828946,1
C,mpo_zipup,ryy,0.05,3,9,16,,mixed,9,0.3663911996783974,0.3663911996783974,0.3663911996783974,1
C,mpo_zipup,ryy,0.05,3,9,16,,mixed,12,0.3907856723334844,0.3907856723334844,0.3907856723334844,1
C,mpo_zipup,ryy,0.05,3,9,16,,mixed,15,0.41165305696089505,0.41165305696089505,0.41165305696089505,1
C,mpo_zipup,ryy,0.05,3,9,16,,mixed,18,0.4404065609315788,0.4404065609315788,0.4404065609315788,1
C,mpo_zipup,ryy,0.05,3,9,16,,mixed,21,0.46673738327102576,0.46673738327102576,0.46673738327102576,1
C,mpo_zipup,ryy,0.05,3,9,16,,mixed,24,0.49171775099855686,0.49171775099855686,0.49171775099855686,1
C,mpo_zipup,ryy,0.05,3,9,16,,mixed,27,0.5161581659240092,0.5161581659240092,0.5161581659240092,1
C,mpo_zipup,ryy,0.05,3,9,16,,mixed,30,0.5403824084486502,0.5403824084486502,0.5403824084486502,1
C,mpo_zipup,ryy,0.05,3,9,16,,mixed,33,0.5643724003534029,0.5643724003534029,0.5643724003534029,1
C,mpo_zipup,ryy,0.05,3,9,16,,mixed,36,0.5882459715928542,0.5882459715928542,0.5882459715928542,1
C,mpo_zipup,ryy,0.05,3,9,64,,mixed,3,0.0026422178728083834,0.0026422178728083834,0.0026422178728083834,1
C,mpo_zipup,ryy,0.05,3,9,64,,mixed,6,0.010525772630760266,0.010525772630760266,0.010525772630760266,1
C,mpo_zipup,ryy,0.05,3,9,64,,mixed,9,0.023520377246798008,0.023520377246798008,0.023520377246798008,1
C,mpo_zipup,ryy,0.05,3,9,64,,mixed,12,0.04141129446083269,0.04141129446083269,0.04141129446083269,1
C,mpo_zipup,ryy,0.05,3,9,64,,mixed,15,0.0639050046033185,0.0639050046033185,0.0639050046033185,1
C,mpo_zipup,ryy,0.05,3,9,64,,mixed,18,0.0906368968623733,0.0906368968623733,0.0906368968623733,1
C,mpo_zipup,ryy,0.05,3,9,64,,mixed,21,0.1211807198679935,0.1211807198679935,0.1211807198679935,1
C,mpo_zipup,ryy,0.05,3,9,64,,mixed,24,0.15505946960519523,0.15505946960519523,0.15505946960519523,1
C,mpo_zipup,ryy,0.05,3,9,64,,mixed,27,0.19175734754393647,0.19175734754393647,0.19175734754393647,1
C,mpo_zipup,ryy,0.05,3,9,64,,mixed,30,0.23073239117475064,0.23073239117475064,0.23073239117475064,1
C,mpo_zipup,ryy,0.05,3,9,64,,mixed,33,0.2714293639399734,0.2714293639399734,0.2714293639399734,1
C,mpo_zipup,ryy,0.05,3,9,64,,mixed,36,0.31329249226492306,0.31329249226492306,0.31329249226492306,1
C,mpo_zipup,ryy,0.05,3,9,8,,mixed,3,0.6608878284611612,0.6608878284611612,0.6608878284611612,1
C,mpo_zipup,ryy,0.05,3,9,8,,mixed,6,0.6810828330002521,0.6810828330002521,0.6810828330002521,1
C,mpo_zipup,ryy,0.05,3,9,8,,mixed,9,0.7012978663902852,0.7012978663902852,0.7012978663902852,1
C,mpo_zipup,ryy,0.05,3,9,8,,mixed,12,0.7327753522170102,0.7327753522170102,0.7327753522170102,1
C,mpo_zipup,ryy,0.05,3,9,8,,mixed,15,0.7527629007551278,0.7527629007551278,0.7527629007551278,1
C,mpo_zipup,ryy,0.05,3,9,8,,mixed,18,0.772018606809449,0.772018606809449,0.772018606809449,1
C,mpo_zipup,ryy,0.05,3,9,8,,mixed,21,0.7878379607372544,0.7878379607372544,0.7878379607372544,1
C,mpo_zipup,ryy,0.05,3,9,8,,mixed,24,0.8005164583356772,0.8005164583356772,0.8005164583356772,1
C,mpo_zipup,ryy,0.05,3,9,8,,mixed,27,0.8114214787794851,0.8114214787794851,0.8114214787794851,1
C,mpo_zipup,ryy,0.05,3,9,8,,mixed,30,0.8212130296630216,0.8212130296630216,0.8212130296630216,1
C,mpo_zipup,ryy,0.05,3,9,8,,mixed,33,0.830543456132867,0.830543456132867,0.830543456132867,1
C,mpo_zipup,ryy,0.05,3,9,8,,mixed,36,0.8392643103778693,0.8392643103778693,0.8392643103778693,1
C,mpo_zipup,rzz,0.05,2,8,16,,commuting,2,0.0012841372450367317,0.0012841372450367317,0.0012841372450367317,1
C,mpo_zipup,rzz,0.05,2,8,16,,commuting,5,0.19919915408033984,0.19919915408033984,0.19919915408033984,1
C,mpo_zipup,rzz,0.05,2,8,16,,commuting,8,0.20736854748591127,0.20736854748591127,0.20736854748591127,1
C,mpo_zipup,rzz,0.05,2,8,16,,commuting,11,0.21608232161554308,0.21608232161554308,0.21608232161554308,1
C,mpo_zipup,rzz,0.05,2,8,16,,commuting,14,0.22469171220349526,0.22469171220349526,0.22469171220349526,1
C,mpo_zipup,rzz,0.05,2,8,16,,commuting,17,0.2325535071173458,0.2325535071173458,0.2325535071173458,1
C,mpo_zipup,rzz,0.05,2,8,16,,commuting,20,0.2394966922240911,0.2394966922240911,0.2394966922240911,1
C,mpo_zipup,rzz,0.05,2,8,16,,commuting,23,0.24569867596734096,0.24569867596734096,0.24569867596734096,1
C,mpo_zipup,rzz,0.05,2,8,16,,commuting,26,0.2513665415200894,0.2513665415200894,0.2513665415200894,1
C,mpo_zipup,rzz,0.05,2,8,16,,commuting,29,0.2566203465699167,0.2566203465699167,0.2566203465699167,1
C,mpo_zipup,rzz,0.05,2,8,16,,commuting,32,0.2615107997570776,0.2615107997570776,0.2615107997570776,1
C,mpo_zipup,rzz,0.05,2,8,16,,commuting,35,0.26605746210856107,0.26605746210856107,0.26605746210856107,1
C,mpo_zipup,rzz,0.05,2,8,16,,mixed,2,0.17155076169598904,0.17155076169598904,0.17155076169598904,1
C,mpo_zipup,rzz,0.05,2,8,16,,mixed,5,0.32262211074399216,0.32262211074399216,0.32262211074399216,1
C,mpo_zipup,rzz,0.05,2,8,16,,mixed,8,0.3548528791492954,0.3548528791492954,0.3548528791492954,1
C,mpo_zipup,rzz,0.05,2,8,16,,mixed,11,0.37937992909104246,0.37937992909104246,0.37937992909104246,1
C,mpo_zipup,rzz,0.05,2,8,16,,mixed,14,0.4010772068898836,0.4010772068898836,0.4010772068898836,1
C,mpo_zipup,rzz,0.05,2,8,16,,mixed,17,0.4213956952735738,0.4213956952735738,0.4213956952735738,1
C,mpo_zipup,rzz,0.05,2,8,16,,mixed,20,0.44752996789165633,0.44752996789165633,0.44752996789165633,1
C,mpo_zipup,rzz,0.05,2,8,16,,mixed,23,0.47419170070522954,0.47419170070522954,0.47419170070522954,1
C,mpo_zipup,rzz,0.05,2,8,16,,mixed,26,0.5000148447675137,0.5000148447675137,0.5000148447675137,1
C,mpo_zipup,rzz,0.05,2,8,16,,mixed,29,0.5251701013375696,0.5251701013375696,0.5251701013375696,1
C,mpo_zipup,rzz,0.05,2,8,16,,mixed,32,0.5498550659712635,0.5498550659712635,0.5498550659712635,1
C,mpo_zipup,rzz,0.05,2,8,16,,mixed,35,0.574130444992127,0.574130444992127,0.574130444992127,1
C,mpo_zipup,rzz,0.05,2,8,64,,commuting,2,0.0012841372450367317,0.0012841372450367317,0.0012841372450367317,1
C,mpo_zipup,rzz,0.05,2,8,64,,commuting,5,0.0012841372450269617,0.0012841372450269617,0.0012841372450269617,1
C,mpo_zipup,rzz,0.05,2,8,64,,commuting,8,0.0012841372450218547,0.0012841372450218547,0.0012841372450218547,1
C,mpo_zipup,rzz,0.05,2,8,64,,commuting,11,0.0012841372450151933,0.0012841372450151933,0.0012841372450151933,1
C,mpo_zipup,rzz,0.05,2,8,64,,commuting,14,0.0012841372450067556,0.0012841372450067556,0.0012841372450067556,1
C,mpo_zipup,rzz,0.05,2,8,64,,commuting,17,0.0012841372450014266,0.0012841372450014266,0.0012841372450014266,1
C,mpo_zipup,rzz,0.05,2,8,64,,commuting,20,0.0012841372449994282,0.0012841372449994282,0.0012841372449994282,1
C,mpo_zipup,rzz,0.05,2,8,64,,commuting,23,0.0012841372449925448,0.0012841372449925448,0.0012841372449925448,1
C,mpo_zipup,rzz,0.05,2,8,64,,commuting,26,0.0012841372449965416,0.0012841372449965416,0.0012841372449965416,1
C,mpo_zipup,rzz,0.05,2,8,64,,commuting,29,0.0012841372449912125,0.0012841372449912125,0.0012841372449912125,1
C,mpo_zipup,rzz,0.05,2,8,64,,commuting,32,0.0012841372449858834,0.0012841372449858834,0.0012841372449858834,1
C,mpo_zipup,rzz,0.05,2,8,64,,commuting,35,0.0012841372449863275,0.0012841372449863275,0.0012841372449863275,1
C,mpo_zipup,rzz,0.05,2,8,64,,mixed,2,0.0012846167523795637,0.0012846167523795637,0.0012846167523795637,1
C,mpo_zipup,rzz,0.05,2,8,64,,mixed,5,0.00655459129659719,0.00655459129659719,0.00655459129659719,1
C,mpo_zipup,rzz,0.05,2,8,64,,mixed,8,0.017008454147501184,0.017008454147501184,0.017008454147501184,1
C,mpo_zipup,rzz,0.05,2,8,64,,mixed,11,0.03247326740951051,0.03247326740951051,0.03247326740951051,1
C,mpo_zipup,rzz,0.05,2,8,64,,mixed,14,0.05269424574450432,0.05269424574450432,0.05269424574450432,1
C,mpo_zipup,rzz,0.05,2,8,64,,mixed,17,0.07734146042546475,0.07734146042546475,0.07734146042546475,1
C,mpo_zipup,rzz,0.05,2,8,64,,mixed,20,0.10601844213604761,0.10601844213604761,0.10601844213604761,1
C,mpo_zipup,rzz,0.05,2,8,64,,mixed,23,0.13827238815974285,0.13827238815974285,0.13827238815974285,1
C,mpo_zipup,rzz,0.05,2,8,64,,mixed,26,0.17360562787370015,0.17360562787370015,0.17360562787370015,1
C,mpo_zipup,rzz,0.05,2,8,64,,mixed,29,0.21148796238059386,0.21148796238059386,0.21148796238059386,1
C,mpo_zipup,rzz,0.05,2,8,64,,mixed,32,0.25136947106613095,0.25136947106613095,0.25136947106613095,1
C,mpo_zipup,rzz,0.05,2,8,64,,mixed,35,0.29269337060710043,0.29269337060710043,0.29269337060710043,1
C,mpo_zipup,rzz,0.05,2,8,8,,commuting,2,0.10639623835923717,0.10639623835923717,0.10639623835923717,1
C,mpo_zipup,rzz,0.05,2,8,8,,commuting,5,0.4484061427085466,0.4484061427085466,0.4484061427085466,1
C,mpo_zipup,rzz,0.05,2,8,8,,commuting,8,0.45947653997079685,0.45947653997079685,0.45947653997079685,1
C,mpo_zipup,rzz,0.05,2,8,8,,commuting,11,0.4727197624463859,0.4727197624463859,0.4727197624463859,1
C,mpo_zipup,rzz,0.05,2,8,8,,commuting,14,0.48660593603088975,0.48660593603088975,0.48660593603088975,1
C,mpo_zipup,rzz,0.05,2,8,8,,commuting,17,0.5005281715396386,0.5005281715396386,0.5005281715396386,1
C,mpo_zipup,rzz,0.05,2,8,8,,commuting,20,0.514241205252451,0.514241205252451,0.514241205252451,1
C,mpo_zipup,rzz,0.05,2,8,8,,commuting,23,0.5275936309456644,0.5275936309456644,0.5275936309456644,1
C,mpo_zipup,rzz,0.05,2,8,8,,commuting,26,0.5404889035349937,0.5404889035349937,0.5404889035349937,1
C,mpo_zipup,rzz,0.05,2,8,8,,commuting,29,0.5528536020529935,0.5528536020529935,0.5528536020529935,1
C,mpo_zipup,rzz,0.05,2,8,8,,commuting,32,0.5646059488573236,0.5646059488573236,0.5646059488573236,1
C,mpo_zipup,rzz,0.05,2,8,8,,commuting,35,0.5756214243542275,0.5756214243542275,0.5756214243542275,1
C,mpo_zipup,rzz,0.05,2,8,8,,mixed,2,0.4080123554302195,0.4080123554302195,0.4080123554302195,1
C,mpo_zipup,rzz,0.05,2,8,8,,mixed,5,0.6660250104219584,0.6660250104219584,0.6660250104219584,1
C,mpo_zipup,rzz,0.05,2,8,8,,mixed,8,0.6872004112844384,0.6872004112844384,0.6872004112844384,1
C,mpo_zipup,rzz,0.05,2,8,8,,mixed,11,0.7083669635030765,0.7083669635030765,0.7083669635030765,1
C,mpo_zipup,rzz,0.05,2,8,8,,mixed,14,0.7402363482761062,0.7402363482761062,0.7402363482761062,1
C,mpo_zipup,rzz,0.05,2,8,8,,mixed,17,0.7605204981848047,0.7605204981848047,0.7605204981848047,1
C,mpo_zipup,rzz,0.05,2,8,8,,mixed,20,0.7785225882937092,0.7785225882937092,0.7785225882937092,1
C,mpo_zipup,rzz,0.05,2,8,8,,mixed,23,0.7930764504003976,0.7930764504003976,0.7930764504003976,1
C,mpo_zipup,rzz,0.05,2,8,8,,mixed,26,0.8051002406848772,0.8051002406848772,0.8051002406848772,1
C,mpo_zipup,rzz,0.05,2,8,8,,mixed,29,0.815710400781892,0.815710400781892,0.815710400781892,1
C,mpo_zipup,rzz,0.05,2,8,8,,mixed,32,0.8255096629984191,0.8255096629984191,0.8255096629984191,1
C,mpo_zipup,rzz,0.05,2,8,8,,mixed,35,0.834476704999483,0.834476704999483,0.834476704999483,1
C,mpo_zipup,rzz,0.05,2,9,16,,commuting,1,0.0,0.0,0.0,1
C,mpo_zipup,rzz,0.05,2,9,16,,commuting,4,0.19862039072226279,0.19862039072226279,0.19862039072226279,1
C,mpo_zipup,rzz,0.05,2,9,16,,commuting,7,0.20725810860835492,0.20725810860835492,0.20725810860835492,1
C,mpo_zipup,rzz,0.05,2,9,16,,commuting,10,0.21627287809020623,0.21627287809020623,0.21627287809020623,1
C,mpo_zipup,rzz,0.05,2,9,16,,commuting,13,0.225049411997699,0.225049411997699,0.225049411997699,1
C,mpo_zipup,rzz,0.05,2,9,16,,commuting,16,0.23299477295558202,0.23299477295558202,0.23299477295558202,1
C,mpo_zipup,rzz,0.05,2,9,16,,commuting,19,0.2399768975438762,0.2399768975438762,0.2399768975438762,1
C,mpo_zipup,rzz,0.05,2,9,16,,commuting,22,0.24619416237179526,0.24619416237179526,0.24619416237179526,1
C,mpo_zipup,rzz,0.05,2,9,16,,commuting,25,0.25186351372255356,0.25186351372255356,0.25186351372255356,1
C,mpo_zipup,rzz,0.05,2,9,16,,commuting,28,0.25711011994462574,0.25711011994462574,0.25711011994462574,1
C,mpo_zipup,rzz,0.05,2,9,16,,commuting,31,0.26198796430999927,0.26198796430999927,0.26198796430999927,1
C,mpo_zipup,rzz,0.05,2,9,16,,commuting,34,0.26651904560274275,0.26651904560274275,0.26651904560274275,1
C,mpo_zipup,rzz,0.05,2,9,64,,commuting,1,0.0,0.0,0.0,1
C,mpo_zipup,rzz,0.05,2,9,64,,commuting,4,0.0,0.0,0.0,1
C,mpo_zipup,rzz,0.05,2,9,64,,commuting,7,0.0,0.0,0.0,1
C,mpo_zipup,rzz,0.05,2,9,64,,commuting,10,0.0,0.0,0.0,1
C,mpo_zipup,rzz,0.05,2,9,64,,commuting,13,0.0,0.0,0.0,1
C,mpo_zipup,rzz,0.05,2,9,64,,commuting,16,0.0,0.0,0.0,1
C,mpo_zipup,rzz,0.05,2,9,64,,commuting,19,0.0,0.0,0.0,1
C,mpo_zipup,rzz,0.05,2,9,64,,commuting,22,0.0,0.0,0.0,1
C,mpo_zipup,rzz,0.05,2,9,64,,commuting,25,0.0,0.0,0.0,1
C,mpo_zipup,rzz,0.05,2,9,64,,commuting,28,0.0,0.0,0.0,1
C,mpo_zipup,rzz,0.05,2,9,64,,commuting,31,0.0,0.0,0.0,1
C,mpo_zipup,rzz,0.05,2,9,64,,commuting,34,0.0,0.0,0.0,1
C,mpo_zipup,rzz,0.05,2,9,8,,commuting,1,0.10513203263806226,0.10513203263806226,0.10513203263806226,1
C,mpo_zipup,rzz,0.05,2,9,8,,commuting,4,0.4476643049351877,0.4476643049351877,0.4476643049351877,1
C,mpo_zipup,rzz,0.05,2,9,8,,commuting,7,0.45865965774572814,0.45865965774572814,0.45865965774572814,1
C,mpo_zipup,rzz,0.05,2,9,8,,commuting,10,0.471865087578195,0.471865087578195,0.471865087578195,1
C,mpo_zipup,rzz,0.05,2,9,8,,commuting,13,0.48574329807483774,0.48574329807483774,0.48574329807483774,1
C,mpo_zipup,rzz,0.05,2,9,8,,commuting,16,0.49966730147174887,0.49966730147174887,0.49966730147174887,1
C,mpo_zipup,rzz,0.05,2,9,8,,commuting,19,0.5133778728883577,0.5133778728883577,0.5133778728883577,1
C,mpo_zipup,rzz,0.05,2,9,8,,commuting,22,0.5267165472671624,0.5267165472671624,0.5267165472671624,1
C,mpo_zipup,rzz,0.05,2,9,8,,commuting,25,0.5395840675536302,0.5395840675536302,0.5395840675536302,1
C,mpo_zipup,rzz,0.05,2,9,8,,commuting,28,0.5519078578897332,0.5519078578897332,0.5519078578897332,1
C,mpo_zipup,rzz,0.05,2,9,8,,commuting,31,0.5636105982804029,0.5636105982804029,0.5636105982804029,1
C,mpo_zipup,rzz,0.05,2,9,8,,commuting,34,0.5745749284320445,0.5745749284320445,0.5745749284320445,1
C,mpo_zipup,rzz,0.05,3,9,16,,commuting,3,0.19544213541240785,0.19544213541240785,0.19544213541240785,1
C,mpo_zipup,rzz,0.05,3,9,16,,commuting,6,0.20406955400917048,0.20406955400917048,0.20406955400917048,1
C,mpo_zipup,rzz,0.05,3,9,16,,commuting,9,0.21311963420199065,0.21311963420199065,0.21311963420199065,1
C,mpo_zipup,rzz,0.05,3,9,16,,commuting,12,0.22194434592443257,0.22194434592443257,0.22194434592443257,1
C,mpo_zipup,rzz,0.05,3,9,16,,commuting,15,0.23002107533936889,0.23002107533936889,0.23002107533936889,1
C,mpo_zipup,rzz,0.05,3,9,16,,commuting,18,0.23721123649094034,0.23721123649094034,0.23721123649094034,1
C,mpo_zipup,rzz,0.05,3,9,16,,commuting,21,0.24365352897949322,0.24365352897949322,0.24365352897949322,1
C,mpo_zipup,rzz,0.05,3,9,16,,commuting,24,0.24953275575423317,0.24953275575423317,0.24953275575423317,1
C,mpo_zipup,rzz,0.05,3,9,16,,commuting,27,0.25497934429624625,0.25497934429624625,0.25497934429624625,1
C,mpo_zipup,rzz,0.05,3,9,16,,commuting,30,0.26006105537278734,0.26006105537278734,0.26006105537278734,1
C,mpo_zipup,rzz,0.05,3,9,16,,commuting,33,0.2648059121744726,0.2648059121744726,0.2648059121744726,1
C,mpo_zipup,rzz,0.05,3,9,16,,commuting,36,0.2692271006353736,0.2692271006353736,0.2692271006353736,1
C,mpo_zipup,rzz,0.05,3,9,64,,commuting,3,0.0,0.0,0.0,1
C,mpo_zipup,rzz,0.05,3,9,64,,commuting,6,0.0,0.0,0.0,1
C,mpo_zipup,rzz,0.05,3,9,64,,commuting,9,0.0,0.0,0.0,1
C,mpo_zipup,rzz,0.05,3,9,64,,commuting,12,0.0,0.0,0.0,1
C,mpo_zipup,rzz,0.05,3,9,64,,commuting,15,0.0,0.0,0.0,1
C,mpo_zipup,rzz,0.05,3,9,64,,commuting,18,0.0,0.0,0.0,1
C,mpo_zipup,rzz,0.05,3,9,64,,commuting,21,0.0,0.0,0.0,1
C,mpo_zipup,rzz,0.05,3,9,64,,commuting,24,0.0,0.0,0.0,1
C,mpo_zipup,rzz,0.05,3,9,64,,commuting,27,0.0,0.0,0.0,1
C,mpo_zipup,rzz,0.05,3,9,64,,commuting,30,0.0,0.0,0.0,1
C,mpo_zipup,rzz,0.05,3,9,64,,commuting,33,0.0,0.0,0.0,1
C,mpo_zipup,rzz,0.05,3,9,64,,commuting,36,0.0,0.0,0.0,1
C,mpo_zipup,rzz,0.05,3,9,8,,commuting,3,0.44506502544801496,0.44506502544801496,0.44506502544801496,1
C,mpo_zipup,rzz,0.05,3,9,8,,commuting,6,0.4528112578472213,0.4528112578472213,0.4528112578472213,1
C,mpo_zipup,rzz,0.05,3,9,8,,commuting,9,0.4643508891121326,0.4643508891121326,0.4643508891121326,1
C,mpo_zipup,rzz,0.05,3,9,8,,commuting,12,0.47783812334937725,0.47783812334937725,0.47783812334937725,1
C,mpo_zipup,rzz,0.05,3,9,8,,commuting,15,0.4918318454925905,0.4918318454925905,0.4918318454925905,1
C,mpo_zipup,rzz,0.05,3,9,8,,commuting,18,0.5057476514127734,0.5057476514127734,0.5057476514127734,1
C,mpo_zipup,rzz,0.05,3,9,8,,commuting,21,0.5193366450586111,0.5193366450586111,0.5193366450586111,1
C,mpo_zipup,rzz,0.05,3,9,8,,commuting,24,0.5324559727917844,0.5324559727917844,0.5324559727917844,1
C,mpo_zipup,rzz,0.05,3,9,8,,commuting,27,0.5450289588911144,0.5450289588911144,0.5450289588911144,1
C,mpo_zipup,rzz,0.05,3,9,8,,commuting,30,0.5570235402933037,0.5570235402933037,0.5570235402933037,1
C,mpo_zipup,rzz,0.05,3,9,8,,commuting,33,0.5684241527478032,0.5684241527478032,0.5684241527478032,1
C,mpo_zipup,rzz,0.05,3,9,8,,commuting,36,0.5791290667598715,0.5791290667598715,0.5791290667598715,1
C,tebd_swap,rxx,0.05,2,9,16,,mixed,1,0.0,0.0,0.0,1
C,tebd_swap,rxx,0.05,2,9,16,,mixed,4,0.15362770665509373,0.15362770665509373,0.15362770665509373,1
C,tebd_swap,rxx,0.05,2,9,16,,mixed,7,0.2758961008517653,0.2758961008517653,0.2758961008517653,1
C,tebd_swap,rxx,0.05,2,9,16,,mixed,10,0.3588455488489809,0.3588455488489809,0.3588455488489809,1
C,tebd_swap,rxx,0.05,2,9,16,,mixed,13,0.3987054183334239,0.3987054183334239,0.3987054183334239,1
C,tebd_swap,rxx,0.05,2,9,16,,mixed,16,0.4271265578567649,0.4271265578567649,0.4271265578567649,1
C,tebd_swap,rxx,0.05,2,9,16,,mixed,19,0.45070998478301627,0.45070998478301627,0.45070998478301627,1
C,tebd_swap,rxx,0.05,2,9,16,,mixed,22,0.46786231742418305,0.46786231742418305,0.46786231742418305,1
C,tebd_swap,rxx,0.05,2,9,16,,mixed,25,0.48613820515130923,0.48613820515130923,0.48613820515130923,1
C,tebd_swap,rxx,0.05,2,9,16,,mixed,28,0.5098179101030307,0.5098179101030307,0.5098179101030307,1
C,tebd_swap,rxx,0.05,2,9,16,,mixed,31,0.5327945073974335,0.5327945073974335,0.5327945073974335,1
C,tebd_swap,rxx,0.05,2,9,16,,mixed,34,0.5551972406081838,0.5551972406081838,0.5551972406081838,1
C,tebd_swap,rxx,0.05,2,9,64,,mixed,1,0.0,0.0,0.0,1
C,tebd_swap,rxx,0.05,2,9,64,,mixed,4,0.0026422178728001677,0.0026422178728001677,0.0026422178728001677,1
C,tebd_swap,rxx,0.05,2,9,64,,mixed,7,0.010525767617301285,0.010525767617301285,0.010525767617301285,1
C,tebd_swap,rxx,0.05,2,9,64,,mixed,10,0.023520371171547483,0.023520371171547483,0.023520371171547483,1
C,tebd_swap,rxx,0.05,2,9,64,,mixed,13,0.0414112855458314,0.0414112855458314,0.0414112855458314,1
C,tebd_swap,rxx,0.05,2,9,64,,mixed,16,0.06390499836804697,0.06390499836804697,0.06390499836804697,1
C,tebd_swap,rxx,0.05,2,9,64,,mixed,19,0.09063689424489252,0.09063689424489252,0.09063689424489252,1
C,tebd_swap,rxx,0.05,2,9,64,,mixed,22,0.12118072070265928,0.12118072070265928,0.12118072070265928,1
C,tebd_swap,rxx,0.05,2,9,64,,mixed,25,0.15505947348532723,0.15505947348532723,0.15505947348532723,1
C,tebd_swap,rxx,0.05,2,9,64,,mixed,28,0.19175735100966806,0.19175735100966806,0.19175735100966806,1
C,tebd_swap,rxx,0.05,2,9,64,,mixed,31,0.23073239347537822,0.23073239347537822,0.23073239347537822,1
C,tebd_swap,rxx,0.05,2,9,64,,mixed,34,0.2714293655527307,0.2714293655527307,0.2714293655527307,1
C,tebd_swap,rxx,0.05,2,9,8,,mixed,1,0.5517297650000141,0.5517297650000141,0.5517297650000141,1
C,tebd_swap,rxx,0.05,2,9,8,,mixed,4,0.7618009051391933,0.7618009051391933,0.7618009051391933,1
C,tebd_swap,rxx,0.05,2,9,8,,mixed,7,0.7864887219926723,0.7864887219926723,0.7864887219926723,1
C,tebd_swap,rxx,0.05,2,9,8,,mixed,10,0.803151423808796,0.803151423808796,0.803151423808796,1
C,tebd_swap,rxx,0.05,2,9,8,,mixed,13,0.8137868667486996,0.8137868667486996,0.8137868667486996,1
C,tebd_swap,rxx,0.05,2,9,8,,mixed,16,0.8236288154570206,0.8236288154570206,0.8236288154570206,1
C,tebd_swap,rxx,0.05,2,9,8,,mixed,19,0.8325510901574206,0.8325510901574206,0.8325510901574206,1
C,tebd_swap,rxx,0.05,2,9,8,,mixed,22,0.8406365972091279,0.8406365972091279,0.8406365972091279,1
C,tebd_swap,rxx,0.05,2,9,8,,mixed,25,0.8488119102172837,0.8488119102172837,0.8488119102172837,1
C,tebd_swap,rxx,0.05,2,9,8,,mixed,28,0.8558565852685531,0.8558565852685531,0.8558565852685531,1
C,tebd_swap,rxx,0.05,2,9,8,,mixed,31,0.8628385054598643,0.8628385054598643,0.8628385054598643,1
C,tebd_swap,rxx,0.05,2,9,8,,mixed,34,0.8700351752597146,0.8700351752597146,0.8700351752597146,1
C,tebd_swap,ryy,0.05,3,9,16,,mixed,3,0.13874724619700218,0.13874724619700218,0.13874724619700218,1
C,tebd_swap,ryy,0.05,3,9,16,,mixed,6,0.2647674435373827,0.2647674435373827,0.2647674435373827,1
C,tebd_swap,ryy,0.05,3,9,16,,mixed,9,0.34943136040569434,0.34943136040569434,0.34943136040569434,1
C,tebd_swap,ryy,0.05,3,9,16,,mixed,12,0.39263124833613094,0.39263124833613094,0.39263124833613094,1
C,tebd_swap,ryy,0.05,3,9,16,,mixed,15,0.42316708655213353,0.42316708655213353,0.42316708655213353,1
C,tebd_swap,ryy,0.05,3,9,16,,mixed,18,0.4472228045572729,0.4472228045572729,0.4472228045572729,1
C,tebd_swap,ryy,0.05,3,9,16,,mixed,21,0.46386882460471157,0.46386882460471157,0.46386882460471157,1
C,tebd_swap,ryy,0.05,3,9,16,,mixed,24,0.48159187201852505,0.48159187201852505,0.48159187201852505,1
C,tebd_swap,ryy,0.05,3,9,16,,mixed,27,0.5051130508328943,0.5051130508328943,0.5051130508328943,1
C,tebd_swap,ryy,0.05,3,9,16,,mixed,30,0.5269059866134241,0.5269059866134241,0.5269059866134241,1
C,tebd_swap,ryy,0.05,3,9,16,,mixed,33,0.5497024887587756,0.5497024887587756,0.5497024887587756,1
C,tebd_swap,ryy,0.05,3,9,16,,mixed,36,0.5720891964377686,0.5720891964377686,0.5720891964377686,1
C,tebd_swap,ryy,0.05,3,9,64,,mixed,3,0.0026422178727990575,0.0026422178727990575,0.0026422178727990575,1
C,tebd_swap,ryy,0.05,3,9,64,,mixed,6,0.01052576928420712,0.01052576928420712,0.01052576928420712,1
C,tebd_swap,ryy,0.05,3,9,64,,mixed,9,0.02352037174063315,0.02352037174063315,0.02352037174063315,1
C,tebd_swap,ryy,0.05,3,9,64,,mixed,12,0.041411286511154444,0.041411286511154444,0.041411286511154444,1
C,tebd_swap,ryy,0.05,3,9,64,,mixed,15,0.0639049986172966,0.0639049986172966,0.0639049986172966,1
C,tebd_swap,ryy,0.05,3,9,64,,mixed,18,0.09063689444876455,0.09063689444876455,0.09063689444876455,1
C,tebd_swap,ryy,0.05,3,9,64,,mixed,21,0.12118072115409917,0.12118072115409917,0.12118072115409917,1
C,tebd_swap,ryy,0.05,3,9,64,,mixed,24,0.15505947437293655,0.15505947437293655,0.15505947437293655,1
C,tebd_swap,ryy,0.05,3,9,64,,mixed,27,0.191757352690879,0.191757352690879,0.191757352690879,1
C,tebd_swap,ryy,0.05,3,9,64,,mixed,30,0.2307323960840817,0.2307323960840817,0.2307323960840817,1
C,tebd_swap,ryy,0.05,3,9,64,,mixed,33,0.27142936843276244,0.27142936843276244,0.27142936843276244,1
C,tebd_swap,ryy,0.05,3,9,64,,mixed,36,0.3132924964653877,0.3132924964653877,0.3132924964653877,1
C,tebd_swap,ryy,0.05,3,9,8,,mixed,3,0.7515087559439894,0.7515087559439894,0.7515087559439894,1
C,tebd_swap,ryy,0.05,3,9,8,,mixed,6,0.7830891497919189,0.7830891497919189,0.7830891497919189,1
C,tebd_swap,ryy,0.05,3,9,8,,mixed,9,0.8002012509211056,0.8002012509211056,0.8002012509211056,1
C,tebd_swap,ryy,0.05,3,9,8,,mixed,12,0.811972233901931,0.811972233901931,0.811972233901931,1
C,tebd_swap,ryy,0.05,3,9,8,,mixed,15,0.822139788443496,0.822139788443496,0.822139788443496,1
C,tebd_swap,ryy,0.05,3,9,8,,mixed,18,0.8312595291517799,0.8312595291517799,0.8312595291517799,1
C,tebd_swap,ryy,0.05,3,9,8,,mixed,21,0.8397049543618575,0.8397049543618575,0.8397049543618575,1
C,tebd_swap,ryy,0.05,3,9,8,,mixed,24,0.8477701103344046,0.8477701103344046,0.8477701103344046,1
C,tebd_swap,ryy,0.05,3,9,8,,mixed,27,0.8550139908180879,0.8550139908180879,0.8550139908180879,1
C,tebd_swap,ryy,0.05,3,9,8,,mixed,30,0.8620260984018082,0.8620260984018082,0.8620260984018082,1
C,tebd_swap,ryy,0.05,3,9,8,,mixed,33,0.8689763865306512,0.8689763865306512,0.8689763865306512,1
C,tebd_swap,ryy,0.05,3,9,8,,mixed,36,0.8761006839830751,0.8761006839830751,0.8761006839830751,1
C,tebd_swap,rzz,0.05,2,8,16,,commuting,2,0.13203018341889372,0.13203018341889372,0.13203018341889372,1
C,tebd_swap,rzz,0.05,2,8,16,,commuting,5,0.2259760544442253,0.2259760544442253,0.2259760544442253,1
C,tebd_swap,rzz,0.05,2,8,16,,commuting,8,0.2815727726395435,0.2815727726395435,0.2815727726395435,1
C,tebd_swap,rzz,0.05,2,8,16,,commuting,11,0.3138955652470553,0.3138955652470553,0.3138955652470553,1
C,tebd_swap,rzz,0.05,2,8,16,,commuting,14,0.32462809022781103,0.32462809022781103,0.32462809022781103,1
C,tebd_swap,rzz,0.05,2,8,16,,commuting,17,0.3358676043238604,0.3358676043238604,0.3358676043238604,1
C,tebd_swap,rzz,0.05,2,8,16,,commuting,20,0.35667737430541835,0.35667737430541835,0.35667737430541835,1
C,tebd_swap,rzz,0.05,2,8,16,,commuting,23,0.37378780489544694,0.37378780489544694,0.37378780489544694,1
C,tebd_swap,rzz,0.05,2,8,16,,commuting,26,0.3860061422051242,0.3860061422051242,0.3860061422051242,1
C,tebd_swap,rzz,0.05,2,8,16,,commuting,29,0.3971248137074551,0.3971248137074551,0.3971248137074551,1
C,tebd_swap,rzz,0.05,2,8,16,,commuting,32,0.41206044868368885,0.41206044868368885,0.41206044868368885,1
C,tebd_swap,rzz,0.05,2,8,16,,commuting,35,0.43110294371509383,0.43110294371509383,0.43110294371509383,1
C,tebd_swap,rzz,0.05,2,8,16,,mixed,2,0.05879879485842576,0.05879879485842576,0.05879879485842576,1
C,tebd_swap,rzz,0.05,2,8,16,,mixed,5,0.24362897032492048,0.24362897032492048,0.24362897032492048,1
C,tebd_swap,rzz,0.05,2,8,16,,mixed,8,0.33125426311825745,0.33125426311825745,0.33125426311825745,1
C,tebd_swap,rzz,0.05,2,8,16,,mixed,11,0.37335238657944314,0.37335238657944314,0.37335238657944314,1
C,tebd_swap,rzz,0.05,2,8,16,,mixed,14,0.4158088454583099,0.4158088454583099,0.4158088454583099,1
C,tebd_swap,rzz,0.05,2,8,16,,mixed,17,0.44378946497360716,0.44378946497360716,0.44378946497360716,1
C,tebd_swap,rzz,0.05,2,8,16,,mixed,20,0.4620766970809165,0.4620766970809165,0.4620766970809165,1
C,tebd_swap,rzz,0.05,2,8,16,,mixed,23,0.4760137510119399,0.4760137510119399,0.4760137510119399,1
C,tebd_swap,rzz,0.05,2,8,16,,mixed,26,0.49669789353529037,0.49669789353529037,0.49669789353529037,1
C,tebd_swap,rzz,0.05,2,8,16,,mixed,29,0.5187915782284898,0.5187915782284898,0.5187915782284898,1
C,tebd_swap,rzz,0.05,2,8,16,,mixed,32,0.5404658176037976,0.5404658176037976,0.5404658176037976,1
C,tebd_swap,rzz,0.05,2,8,16,,mixed,35,0.5628167020603051,0.5628167020603051,0.5628167020603051,1
C,tebd_swap,rzz,0.05,2,8,64,,commuting,2,0.001284137245038286,0.001284137245038286,0.001284137245038286,1
C,tebd_swap,rzz,0.05,2,8,64,,commuting,5,0.001284137245023187,0.001284137245023187,0.001284137245023187,1
C,tebd_swap,rzz,0.05,2,8,64,,commuting,8,0.0012841372400146378,0.0012841372400146378,0.0012841372400146378,1
C,tebd_swap,rzz,0.05,2,8,64,,commuting,11,0.0012841371618362851,0.0012841371618362851,0.0012841371618362851,1
C,tebd_swap,rzz,0.05,2,8,64,,commuting,14,0.0012841390259703545,0.0012841390259703545,0.0012841390259703545,1
C,tebd_swap,rzz,0.05,2,8,64,,commuting,17,0.0012841416868459854,0.0012841416868459854,0.0012841416868459854,1
C,tebd_swap,rzz,0.05,2,8,64,,commuting,20,0.0012841418378245484,0.0012841418378245484,0.0012841418378245484,1
C,tebd_swap,rzz,0.05,2,8,64,,commuting,23,0.0012841443142418418,0.0012841443142418418,0.0012841443142418418,1
C,tebd_swap,rzz,0.05,2,8,64,,commuting,26,0.0012841436533922446,0.0012841436533922446,0.0012841436533922446,1
C,tebd_swap,rzz,0.05,2,8,64,,commuting,29,0.0012841449837593943,0.0012841449837593943,0.0012841449837593943,1
C,tebd_swap,rzz,0.05,2,8,64,,commuting,32,0.001284143513939462,0.001284143513939462,0.001284143513939462,1
C,tebd_swap,rzz,0.05,2,8,64,,commuting,35,0.001284142123332721,0.001284142123332721,0.001284142123332721,1
C,tebd_swap,rzz,0.05,2,8,64,,mixed,2,0.0012846167523726804,0.0012846167523726804,0.0012846167523726804,1
C,tebd_swap,rzz,0.05,2,8,64,,mixed,5,0.006554589877884043,0.006554589877884043,0.006554589877884043,1
C,tebd_swap,rzz,0.05,2,8,64,,mixed,8,0.01700844994049333,0.01700844994049333,0.01700844994049333,1
C,tebd_swap,rzz,0.05,2,8,64,,mixed,11,0.03247325930778999,0.03247325930778999,0.03247325930778999,1
C,tebd_swap,rzz,0.05,2,8,64,,mixed,14,0.05269423737345591,0.05269423737345591,0.05269423737345591,1
C,tebd_swap,rzz,0.05,2,8,64,,mixed,17,0.07734145512661739,0.07734145512661739,0.07734145512661739,1
C,tebd_swap,rzz,0.05,2,8,64,,mixed,20,0.10601844088061563,0.10601844088061563,0.10601844088061563,1
C,tebd_swap,rzz,0.05,2,8,64,,mixed,23,0.138272390919295,0.138272390919295,0.138272390919295,1
C,tebd_swap,rzz,0.05,2,8,64,,mixed,26,0.17360563154952713,0.17360563154952713,0.17360563154952713,1
C,tebd_swap,rzz,0.05,2,8,64,,mixed,29,0.21148796578680407,0.21148796578680407,0.21148796578680407,1
C,tebd_swap,rzz,0.05,2,8,64,,mixed,32,0.2513694735449262,0.2513694735449262,0.2513694735449262,1
C,tebd_swap,rzz,0.05,2,8,64,,mixed,35,0.2926933724343356,0.2926933724343356,0.2926933724343356,1
C,tebd_swap,rzz,0.05,2,8,8,,commuting,2,0.7319141077685241,0.7319141077685241,0.7319141077685241,1
C,tebd_swap,rzz,0.05,2,8,8,,commuting,5,0.7660198372287641,0.7660198372287641,0.7660198372287641,1
C,tebd_swap,rzz,0.05,2,8,8,,commuting,8,0.7810768479547928,0.7810768479547928,0.7810768479547928,1
C,tebd_swap,rzz,0.05,2,8,8,,commuting,11,0.7906106760860612,0.7906106760860612,0.7906106760860612,1
C,tebd_swap,rzz,0.05,2,8,8,,commuting,14,0.797878716976075,0.797878716976075,0.797878716976075,1
C,tebd_swap,rzz,0.05,2,8,8,,commuting,17,0.8047746866498378,0.8047746866498378,0.8047746866498378,1
C,tebd_swap,rzz,0.05,2,8,8,,commuting,20,0.8122098285314876,0.8122098285314876,0.8122098285314876,1
C,tebd_swap,rzz,0.05,2,8,8,,commuting,23,0.8267179997260388,0.8267179997260388,0.8267179997260388,1
C,tebd_swap,rzz,0.05,2,8,8,,commuting,26,0.8489753891358167,0.8489753891358167,0.8489753891358167,1
C,tebd_swap,rzz,0.05,2,8,8,,commuting,29,0.8645750713069872,0.8645750713069872,0.8645750713069872,1
C,tebd_swap,rzz,0.05,2,8,8,,commuting,32,0.8726213861421813,0.8726213861421813,0.8726213861421813,1
C,tebd_swap,rzz,0.05,2,8,8,,commuting,35,0.8774874868047127,0.8774874868047127,0.8774874868047127,1
C,tebd_swap,rzz,0.05,2,8,8,,mixed,2,0.7301844583352775,0.7301844583352775,0.7301844583352775,1
C,tebd_swap,rzz,0.05,2,8,8,,mixed,5,0.7747558706959786,0.7747558706959786,0.7747558706959786,1
C,tebd_swap,rzz,0.05,2,8,8,,mixed,8,0.7928926394221557,0.7928926394221557,0.7928926394221557,1
C,tebd_swap,rzz,0.05,2,8,8,,mixed,11,0.807195660866205,0.807195660866205,0.807195660866205,1
C,tebd_swap,rzz,0.05,2,8,8,,mixed,14,0.8175301289462996,0.8175301289462996,0.8175301289462996,1
C,tebd_swap,rzz,0.05,2,8,8,,mixed,17,0.8271510632348481,0.8271510632348481,0.8271510632348481,1
C,tebd_swap,rzz,0.05,2,8,8,,mixed,20,0.836791555792997,0.836791555792997,0.836791555792997,1
C,tebd_swap,rzz,0.05,2,8,8,,mixed,23,0.8451783064535661,0.8451783064535661,0.8451783064535661,1
C,tebd_swap,rzz,0.05,2,8,8,,mixed,26,0.8526819265328879,0.8526819265328879,0.8526819265328879,1
C,tebd_swap,rzz,0.05,2,8,8,,mixed,29,0.8594340928462953,0.8594340928462953,0.8594340928462953,1
C,tebd_swap,rzz,0.05,2,8,8,,mixed,32,0.8662472201812239,0.8662472201812239,0.8662472201812239,1
C,tebd_swap,rzz,0.05,2,8,8,,mixed,35,0.8732438743806512,0.8732438743806512,0.8732438743806512,1
C,tebd_swap,rzz,0.05,2,9,16,,commuting,1,1.3322676295501878e-15,1.3322676295501878e-15,1.3322676295501878e-15,1
C,tebd_swap,rzz,0.05,2,9,16,,commuting,4,0.1777268909437395,0.1777268909437395,0.1777268909437395,1
C,tebd_swap,rzz,0.05,2,9,16,,commuting,7,0.2604519320340316,0.2604519320340316,0.2604519320340316,1
C,tebd_swap,rzz,0.05,2,9,16,,commuting,10,0.305238817686142,0.305238817686142,0.305238817686142,1
C,tebd_swap,rzz,0.05,2,9,16,,commuting,13,0.3258483219463394,0.3258483219463394,0.3258483219463394,1
C,tebd_swap,rzz,0.05,2,9,16,,commuting,16,0.3363857962272333,0.3363857962272333,0.3363857962272333,1
C,tebd_swap,rzz,0.05,2,9,16,,commuting,19,0.3494411606072687,0.3494411606072687,0.3494411606072687,1
C,tebd_swap,rzz,0.05,2,9,16,,commuting,22,0.3672112468092137,0.3672112468092137,0.3672112468092137,1
C,tebd_swap,rzz,0.05,2,9,16,,commuting,25,0.38076795188318147,0.38076795188318147,0.38076795188318147,1
C,tebd_swap,rzz,0.05,2,9,16,,commuting,28,0.39100379538269203,0.39100379538269203,0.39100379538269203,1
C,tebd_swap,rzz,0.05,2,9,16,,commuting,31,0.4049633766923435,0.4049633766923435,0.4049633766923435,1
C,tebd_swap,rzz,0.05,2,9,16,,commuting,34,0.4223732639969119,0.4223732639969119,0.4223732639969119,1
C,tebd_swap,rzz,0.05,2,9,64,,commuting,1,1.3322676295501878e-15,1.3322676295501878e-15,1.3322676295501878e-15,1
C,tebd_swap,rzz,0.05,2,9,64,,commuting,4,0.0,0.0,0.0,1
C,tebd_swap,rzz,0.05,2,9,64,,commuting,7,0.0,0.0,0.0,1
C,tebd_swap,rzz,0.05,2,9,64,,commuting,10,0.0,0.0,0.0,1
C,tebd_swap,rzz,0.05,2,9,64,,commuting,13,9.792222588345112e-10,9.792222588345112e-10,9.792222588345112e-10,1
C,tebd_swap,rzz,0.05,2,9,64,,commuting,16,1.0179528331377696e-09,1.0179528331377696e-09,1.0179528331377696e-09,1
C,tebd_swap,rzz,0.05,2,9,64,,commuting,19,4.0470298223738155e-09,4.0470298223738155e-09,4.0470298223738155e-09,1
C,tebd_swap,rzz,0.05,2,9,64,,commuting,22,6.872705959892755e-09,6.872705959892755e-09,6.872705959892755e-09,1
C,tebd_swap,rzz,0.05,2,9,64,,commuting,25,7.022638026654704e-09,7.022638026654704e-09,7.022638026654704e-09,1
C,tebd_swap,rzz,0.05,2,9,64,,commuting,28,6.1097911174812225e-09,6.1097911174812225e-09,6.1097911174812225e-09,1
C,tebd_swap,rzz,0.05,2,9,64,,commuting,31,4.976123957334266e-09,4.976123957334266e-09,4.976123957334266e-09,1
C,tebd_swap,rzz,0.05,2,9,64,,commuting,34,2.9192939177136168e-09,2.9192939177136168e-09,2.9192939177136168e-09,1
C,tebd_swap,rzz,0.05,2,9,8,,commuting,1,0.5508092908572801,0.5508092908572801,0.5508092908572801,1
C,tebd_swap,rzz,0.05,2,9,8,,commuting,4,0.7558040067134337,0.7558040067134337,0.7558040067134337,1
C,tebd_swap,rzz,0.05,2,9,8,,commuting,7,0.7765630885989844,0.7765630885989844,0.7765630885989844,1
C,tebd_swap,rzz,0.05,2,9,8,,commuting,10,0.7882726669906888,0.7882726669906888,0.7882726669906888,1
C,tebd_swap,rzz,0.05,2,9,8,,commuting,13,0.7949072998888558,0.7949072998888558,0.7949072998888558,1
C,tebd_swap,rzz,0.05,2,9,8,,commuting,16,0.8014538030795784,0.8014538030795784,0.8014538030795784,1
C,tebd_swap,rzz,0.05,2,9,8,,commuting,19,0.8086150728421069,0.8086150728421069,0.8086150728421069,1
C,tebd_swap,rzz,0.05,2,9,8,,commuting,22,0.8236038926548923,0.8236038926548923,0.8236038926548923,1
C,tebd_swap,rzz,0.05,2,9,8,,commuting,25,0.8459409827856619,0.8459409827856619,0.8459409827856619,1
C,tebd_swap,rzz,0.05,2,9,8,,commuting,28,0.8605242730237733,0.8605242730237733,0.8605242730237733,1
C,tebd_swap,rzz,0.05,2,9,8,,commuting,31,0.8684007951707591,0.8684007951707591,0.8684007951707591,1
C,tebd_swap,rzz,0.05,2,9,8,,commuting,34,0.8743718636714779,0.8743718636714779,0.8743718636714779,1
C,tebd_swap,rzz,0.05,3,9,16,,commuting,3,0.166652864358926,0.166652864358926,0.166652864358926,1
C,tebd_swap,rzz,0.05,3,9,16,,commuting,6,0.25197077439436977,0.25197077439436977,0.25197077439436977,1
C,tebd_swap,rzz,0.05,3,9,16,,commuting,9,0.2983563428205944,0.2983563428205944,0.2983563428205944,1
C,tebd_swap,rzz,0.05,3,9,16,,commuting,12,0.3205869626596588,0.3205869626596588,0.3205869626596588,1
C,tebd_swap,rzz,0.05,3,9,16,,commuting,15,0.3324060509245368,0.3324060509245368,0.3324060509245368,1
C,tebd_swap,rzz,0.05,3,9,16,,commuting,18,0.34380178723425225,0.34380178723425225,0.34380178723425225,1
C,tebd_swap,rzz,0.05,3,9,16,,commuting,21,0.36214926419170923,0.36214926419170923,0.36214926419170923,1
C,tebd_swap,rzz,0.05,3,9,16,,commuting,24,0.3760388145816911,0.3760388145816911,0.3760388145816911,1
C,tebd_swap,rzz,0.05,3,9,16,,commuting,27,0.38602489422361763,0.38602489422361763,0.38602489422361763,1
C,tebd_swap,rzz,0.05,3,9,16,,commuting,30,0.39948347093667114,0.39948347093667114,0.39948347093667114,1
C,tebd_swap,rzz,0.05,3,9,16,,commuting,33,0.4164493669264131,0.4164493669264131,0.4164493669264131,1
C,tebd_swap,rzz,0.05,3,9,16,,commuting,36,0.43573517585472943,0.43573517585472943,0.43573517585472943,1
C,tebd_swap,rzz,0.05,3,9,64,,commuting,3,0.0,0.0,0.0,1
C,tebd_swap,rzz,0.05,3,9,64,,commuting,6,0.0,0.0,0.0,1
C,tebd_swap,rzz,0.05,3,9,64,,commuting,9,0.0,0.0,0.0,1
C,tebd_swap,rzz,0.05,3,9,64,,commuting,12,1.065799892785435e-09,1.065799892785435e-09,1.065799892785435e-09,1
C,tebd_swap,rzz,0.05,3,9,64,,commuting,15,3.0916913473788554e-10,3.0916913473788554e-10,3.0916913473788554e-10,1
C,tebd_swap,rzz,0.05,3,9,64,,commuting,18,2.689786837706265e-09,2.689786837706265e-09,2.689786837706265e-09,1
C,tebd_swap,rzz,0.05,3,9,64,,commuting,21,6.867163282464617e-09,6.867163282464617e-09,6.867163282464617e-09,1
C,tebd_swap,rzz,0.05,3,9,64,,commuting,24,7.397012335985664e-09,7.397012335985664e-09,7.397012335985664e-09,1
C,tebd_swap,rzz,0.05,3,9,64,,commuting,27,6.3999023858229975e-09,6.3999023858229975e-09,6.3999023858229975e-09,1
C,tebd_swap,rzz,0.05,3,9,64,,commuting,30,5.602189823150638e-09,5.602189823150638e-09,5.602189823150638e-09,1
C,tebd_swap,rzz,0.05,3,9,64,,commuting,33,3.450204122401601e-09,3.450204122401601e-09,3.450204122401601e-09,1
C,tebd_swap,rzz,0.05,3,9,64,,commuting,36,2.2620016970620327e-09,2.2620016970620327e-09,2.2620016970620327e-09,1
C,tebd_swap,rzz,0.05,3,9,8,,commuting,3,0.7496287408378739,0.7496287408378739,0.7496287408378739,1
C,tebd_swap,rzz,0.05,3,9,8,,commuting,6,0.773123270169998,0.773123270169998,0.773123270169998,1
C,tebd_swap,rzz,0.05,3,9,8,,commuting,9,0.7859747415865866,0.7859747415865866,0.7859747415865866,1
C,tebd_swap,rzz,0.05,3,9,8,,commuting,12,0.7932275318626052,0.7932275318626052,0.7932275318626052,1
C,tebd_swap,rzz,0.05,3,9,8,,commuting,15,0.8000461356217782,0.8000461356217782,0.8000461356217782,1
C,tebd_swap,rzz,0.05,3,9,8,,commuting,18,0.8070577121622169,0.8070577121622169,0.8070577121622169,1
C,tebd_swap,rzz,0.05,3,9,8,,commuting,21,0.8201781657073557,0.8201781657073557,0.8201781657073557,1
C,tebd_swap,rzz,0.05,3,9,8,,commuting,24,0.841517042498951,0.841517042498951,0.841517042498951,1
C,tebd_swap,rzz,0.05,3,9,8,,commuting,27,0.8559722361467044,0.8559722361467044,0.8559722361467044,1
C,tebd_swap,rzz,0.05,3,9,8,,commuting,30,0.8676241102294878,0.8676241102294878,0.8676241102294878,1
C,tebd_swap,rzz,0.05,3,9,8,,commuting,33,0.872748868490956,0.872748868490956,0.872748868490956,1
C,tebd_swap,rzz,0.05,3,9,8,,commuting,36,0.8792061702826364,0.8792061702826364,0.8792061702826364,1
local_vs_full,full_tdvp,rxx,0.1,2,9,16,1,,1,0.0,0.0,0.0,1
local_vs_full,full_tdvp,rxx,0.1,2,9,16,4,,1,1.1733547466974414e-10,1.1733547466974414e-10,1.1733547466974414e-10,1
local_vs_full,full_tdvp,rxx,0.1,2,9,64,1,,1,0.0,0.0,0.0,1
local_vs_full,full_tdvp,rxx,0.1,2,9,64,4,,1,1.1733547466974414e-10,1.1733547466974414e-10,1.1733547466974414e-10,1
local_vs_full,hybrid_tdvp,rxx,0.1,2,9,16,1,,1,0.0,0.0,0.0,1
local_vs_full,hybrid_tdvp,rxx,0.1,2,9,16,4,,1,1.1733547466974414e-10,1.1733547466974414e-10,1.1733547466974414e-10,1
local_vs_full,hybrid_tdvp,rxx,0.1,2,9,64,1,,1,0.0,0.0,0.0,1
local_vs_full,hybrid_tdvp,rxx,0.1,2,9,64,4,,1,1.1733547466974414e-10,1.1733547466974414e-10,1.1733547466974414e-10,1
local_vs_full,local_vs_full_cross,rxx,0.1,2,9,16,1,,1,0.0,0.0,0.0,1
local_vs_full,local_vs_full_cross,rxx,0.1,2,9,16,4,,1,0.0,0.0,0.0,1
local_vs_full,local_vs_full_cross,rxx,0.1,2,9,64,1,,1,0.0,0.0,0.0,1
local_vs_full,local_vs_full_cross,rxx,0.1,2,9,64,4,,1,0.0,0.0,0.0,1
