task_id,experiment,method,seed,gate_type,theta,q0,q1,separation,chi_max,tdvp_substeps,gate_index,gate_count,sequence,fidelity,raw_overlap,infidelity,vec_error,norm_before,norm_after,max_obs_error,rms_obs_error,runtime_s,max_bond,bond_profile,param_count,discarded_weight_gate,discarded_weight_cumulative,lanczos_tol
7ee22817e75cf5a1c72ce144584b69e0d16235d65cd633736eba636e4e984bbc,A,exact,11,rxx,0.025,2,9,7,,,1,1,,0.9999999999999987,0.9999999999999987,1.3322676295501878e-15,0.0,0.9999999999999996,0.9999999999999992,0.0,0.0,0.0,8,"[1, 2, 4, 8, 8, 8, 8, 8, 8, 8, 4, 2, 1]",936,0.0,0.0,1e-12
e1d5d0107ea67650d375eae22189fbb48b81ad952def92dfdbc7533ab4c71521,A,exact,11,rxx,0.05,2,9,7,,,1,1,,0.999999999999998,0.999999999999998,1.9984014443252818e-15,0.0,0.9999999999999996,0.9999999999999997,0.0,0.0,0.0,8,"[1, 2, 4, 8, 8, 8, 8, 8, 8, 8, 4, 2, 1]",936,0.0,0.0,1e-12
fa0ea92fb89a808d3543d4d0738b5faa5eb80f35a11985c842aea67095d8d84b,A,exact,11,rxx,0.1,2,9,7,,,1,1,,0.9999999999999987,0.9999999999999987,1.3322676295501878e-15,0.0,0.9999999999999996,0.9999999999999997,0.0,0.0,0.0,8,"[1, 2, 4, 8, 8, 8, 8, 8, 8, 8, 4, 2, 1]",936,0.0,0.0,1e-12
58245fb5658ff5cc479b403db134d2b4f4053c4047ed118536b0583a564fba90,A,exact,11,rxx,0.2,2,9,7,,,1,1,,0.9999999999999982,0.9999999999999982,1.7763568394002505e-15,0.0,0.9999999999999996,0.9999999999999999,0.0,0.0,0.0,8,"[1, 2, 4, 8, 8, 8, 8, 8, 8, 8, 4, 2, 1]",936,0.0,0.0,1e-12
7907a3c61fad2f304331b3c50583eb6847c09a5e240b50a4343df03cb4b19b54,A,exact,11,ryy,0.025,2,9,7,,,1,1,,0.9999999999999987,0.9999999999999987,1.3322676295501878e-15,0.0,0.9999999999999996,0.9999999999999991,0.0,0.0,0.0,8,"[1, 2, 4, 8, 8, 8, 8, 8, 8, 8, 4, 2, 1]",936,0.0,0.0,1e-12
4fc4228c9ac2ed70022ec1e5ff707af0e010d57cef2e083883e9387a14a231d5,A,exact,11,ryy,0.05,2,9,7,,,1,1,,0.9999999999999978,0.9999999999999978,2.220446049250313e-15,0.0,0.9999999999999996,0.9999999999999997,0.0,0.0,0.0,8,"[1, 2, 4, 8, 8, 8, 8, 8, 8, 8, 4, 2, 1]",936,0.0,0.0,1e-12
cf441a1fd09b1fb9f58ef27e4099e79aa5fef0be6362d15e70e5acfe97c3c40b,A,exact,11,ryy,0.1,2,9,7,,,1,1,,0.9999999999999982,0.9999999999999982,1.7763568394002505e-15,0.0,0.9999999999999996,0.9999999999999998,0.0,0.0,0.0,8,"[1, 2, 4, 8, 8, 8, 8, 8, 8, 8, 4, 2, 1]",936,0.0,0.0,1e-12
a169ef233696609d5438ec77d6905fc975dbe1d34bb2a3984e0637837accd110,A,exact,11,ryy,0.2,2,9,7,,,1,1,,0.9999999999999987,0.9999999999999987,1.3322676295501878e-15,0.0,0.9999999999999996,0.9999999999999996,0.0,0.0,0.0,8,"[1, 2, 4, 8, 8, 8, 8, 8, 8, 8, 4, 2, 1]",936,0.0,0.0,1e-12
832871f8456e60b019c52ad8dad1a61660aff869251face4dd94aa6b9a42efd0,A,exact,11,rzz,0.025,2,9,7,,,1,1,,0.9999999999999987,0.9999999999999987,1.3322676295501878e-15,0.0,0.9999999999999996,0.9999999999999993,0.0,0.0,0.0,8,"[1, 2, 4, 8, 8, 8, 8, 8, 8, 8, 4, 2, 1]",936,0.0,0.0,1e-12
ac463ad512800007a18c62a4317b3c05bf158b4977ebb7c3a48a2994b7faffb5,A,exact,11,rzz,0.05,2,9,7,,,1,1,,0.999999999999998,0.999999999999998,1.9984014443252818e-15,0.0,0.9999999999999996,0.9999999999999994,0.0,0.0,0.0,8,"[1, 2, 4, 8, 8, 8, 8, 8, 8, 8, 4, 2, 1]",936,0.0,0.0,1e-12
e26a41776ec5ea78fd172422ce40e1593a42a2a4e90a0014d2a00b849d70d356,A,exact,11,rzz,0.1,2,9,7,,,1,1,,0.999999999999998,0.999999999999998,1.9984014443252818e-15,0.0,0.9999999999999996,0.9999999999999994,0.0,0.0,0.0,8,"[1, 2, 4, 8, 8, 8, 8, 8, 8, 8, 4, 2, 1]",936,0.0,0.0,1e-12
5342b8dd65c9c31c5a75e0e96bb266770fc5f6284a5278cb9f72ddeb98039cae,A,exact,11,rzz,0.2,2,9,7,,,1,1,,0.9999999999999984,0.9999999999999984,1.5543122344752192e-15,0.0,0.9999999999999996,0.9999999999999991,0.0,0.0,0.0,8,"[1, 2, 4, 8, 8, 8, 8, 8, 8, 8, 4, 2, 1]",936,0.0,0.0,1e-12
bb0c35323f95ec87ad8c0df63d9eafed0ef9b2f8c5bb228040e59d799b0bd7c6,A,hybrid_tdvp,11,rxx,0.025,2,9,7,8,1,1,1,,0.9999311419949316,0.9999311419949316,6.885800506839512e-05,0.008298143796370765,0.9999999999999996,1.0,0.0006296098639083786,9.502870035523828e-05,0.3655413239612244,8,"[1, 2, 4, 8, 8, 8, 8, 8, 8, 8, 4, 2, 1]",936,1.0262027948409133e-05,1.0262027948409133e-05,1e-12
3d6807b9200a4b9ba8d1795d939d401db0652ded977951a314a28c0e63bc5830,A,hybrid_tdvp,11,rxx,0.025,2,9,7,8,2,1,1,,0.9999311305300068,0.9999311305300068,6.886946999318244e-05,0.008298834604073619,0.9999999999999996,1.0000000000000004,0.0006258397313641875,9.45698837598456e-05,0.1590306559810415,8,"[1, 2, 4, 8, 8, 8, 8, 8, 8, 8, 4, 2, 1]",936,5.132431342249524e-06,5.132431342249524e-06,1e-12
30630e6f91b7f21d8dcd69cef9c1996674ff65acb96c256912ec2b0b565bd735,A,hybrid_tdvp,11,rxx,0.025,2,9,7,8,4,1,1,,0.9999311235314619,0.9999311235314619,6.887646853814822e-05,0.008299256266086992,0.9999999999999996,1.0000000000000002,0.0006239809032802697,9.435003987170522e-05,0.8625607740250416,8,"[1, 2, 4, 8, 8, 8, 8, 8, 8, 8, 4, 2, 1]",936,2.5665912537264117e-06,2.5665912537264117e-06,1e-12
66c086dcbb955d378ec35e1da0c5f8fec86802b02f438cd77275efbd0b19c037,A,hybrid_tdvp,11,rxx,0.025,2,9,7,8,8,1,1,,0.9999311197344167,0.9999311197344167,6.888026558327098e-05,0.00829948502903336,0.9999999999999996,1.0000000000000002,0.0006230568525217098,9.424241714057068e-05,2.0639567489852197,8,"[1, 2, 4, 8, 8, 8, 8, 8, 8, 8, 4, 2, 1]",936,1.283392546689105e-06,1.283392546689105e-06,1e-12
6ab0613fa9495685b367988adceb493e220f9014ddb696ebde04d73e5cbc102d,A,hybrid_tdvp,11,rxx,0.025,2,9,7,16,1,1,1,,0.9999999998826408,0.9999999998826408,1.1735923344247112e-10,1.0832344231440733e-05,0.9999999999999996,0.999999999999991,6.931215146277481e-08,1.1328806066342495e-08,0.3836685940041207,16,"[1, 2, 4, 8, 16, 16, 16, 16, 16, 8, 4, 2, 1]",2728,2.022245239169169e-14,2.022245239169169e-14,1e-12
0055e264cf03155039a6f7dfebb09e5b75c2f208c841b371c675e9221a641ea5,A,hybrid_tdvp,11,rxx,0.025,2,9,7,16,2,1,1,,0.999999999970685,0.999999999970685,2.931499487601741e-11,5.414751562273092e-06,0.9999999999999996,1.0000000000000022,3.4729670889133146e-08,5.705093566967257e-09,0.22616881597787142,16,"[1, 2, 4, 8, 16, 16, 16, 16, 16, 8, 4, 2, 1]",2728,5.052861327670253e-15,5.052861327670253e-15,1e-12
e77c1e19cffe1ac86fa9222fa862f82c1cb5627ee91d4fae347c5b424e780f3d,A,hybrid_tdvp,11,rxx,0.025,2,9,7,16,4,1,1,,0.9999999999926807,0.9999999999926807,7.319256312143807e-12,2.707016195246967e-06,0.9999999999999996,1.0000000000000042,1.738315810739799e-08,2.866342863892201e-09,0.3118728749686852,16,"[1, 2, 4, 8, 16, 16, 16, 16, 16, 8, 4, 2, 1]",2728,1.2628720048141901e-15,1.2628720048141901e-15,1e-12
8e3cef3ba494f7e89c196fd8386535ea194565e2669fd2b05b0f7def49ce936d,A,hybrid_tdvp,11,rxx,0.025,2,9,7,16,8,1,1,,0.9999999999981779,0.9999999999981779,1.822098028014807e-12,1.3534176446774615e-06,0.9999999999999996,1.0000000000000044,8.696200329283421e-09,1.4370721358115889e-09,0.26252118800766766,16,"[1, 2, 4, 8, 16, 16, 16, 16, 16, 8, 4, 2, 1]",2728,3.1567512565066167e-16,3.1567512565066167e-16,1e-12
1572eb991d7ef307652e695bb5203e2109037287f9035a6ba5fb7a08e26b763a,A,hybrid_tdvp,11,rxx,0.025,2,9,7,64,1,1,1,,0.9999999998826408,0.9999999998826408,1.1735923344247112e-10,1.0832344231440733e-05,0.9999999999999996,0.999999999999991,6.931215146277481e-08,1.1328806066342495e-08,0.1125290269847028,16,"[1, 2, 4, 8, 16, 16, 16, 16, 16, 8, 4, 2, 1]",2728,2.022245239169169e-14,2.022245239169169e-14,1e-12
45cd74f0aa28c87baab3ea16cbdc8fb6b6daa16eb50f80d58c550960c6f39575,A,hybrid_tdvp,11,rxx,0.025,2,9,7,64,2,1,1,,0.999999999970685,0.999999999970685,2.931499487601741e-11,5.414751562273092e-06,0.9999999999999996,1.0000000000000022,3.4729670889133146e-08,5.705093566967257e-09,0.11342222703387961,16,"[1, 2, 4, 8, 16, 16, 16, 16, 16, 8, 4, 2, 1]",2728,5.052861327670253e-15,5.052861327670253e-15,1e-12
4282cb470307b57f3dac25ff11cd207683f4191a40cb83bcae8ec175ef5dbee7,A,hybrid_tdvp,11,rxx,0.025,2,9,7,64,4,1,1,,0.9999999999926807,0.9999999999926807,7.319256312143807e-12,2.707016195246967e-06,0.9999999999999996,1.0000000000000042,1.738315810739799e-08,2.866342863892201e-09,0.2261787080205977,16,"[1, 2, 4, 8, 16, 16, 16, 16, 16, 8, 4, 2, 1]",2728,1.2628720048141901e-15,1.2628720048141901e-15,1e-12
67a23c72594ebebf92102214c88b6b8ea74cff55e875810f720c82c21f843dc3,A,hybrid_tdvp,11,rxx,0.025,2,9,7,64,8,1,1,,0.9999999999981779,0.9999999999981779,1.822098028014807e-12,1.3534176446774615e-06,0.9999999999999996,1.0000000000000044,8.696200329283421e-09,1.4370721358115889e-09,0.1891111449804157,16,"[1, 2, 4, 8, 16, 16, 16, 16, 16, 8, 4, 2, 1]",2728,3.1567512565066167e-16,3.1567512565066167e-16,1e-12
eb0398e08bf666d82cd03182046d518d7c823526243af94ebce2ad441d3cfbea,A,hybrid_tdvp,11,rxx,0.05,2,9,7,8,1,1,1,,0.999726263255507,0.999726263255507,0.0002737367444930472,0.016545557712237823,0.9999999999999996,1.0000000000000004,0.001296398970579777,0.00019899507974830682,0.5507616190006956,8,"[1, 2, 4, 8, 8, 8, 8, 8, 8, 8, 4, 2, 1]",936,4.0783644865547394e-05,4.0783644865547394e-05,1e-12
9a563fab090cb7dc292283cb93118e1cdbece72319014eeee5c2184aa067abe1,A,hybrid_tdvp,11,rxx,0.05,2,9,7,8,2,1,1,,0.9997260590996913,0.9997260590996913,0.0002739409003087445,0.01655172691238901,0.9999999999999996,1.0000000000000007,0.0012797345524159127,0.00019706286310095731,0.7895471210358664,8,"[1, 2, 4, 8, 8, 8, 8, 8, 8, 8, 4, 2, 1]",936,2.0410737764740687e-05,2.0410737764740687e-05,1e-12
470222ac1be56734f49828feb81799dd0dc4080cb25a3a4ceed1aa2ea42b10ee,A,hybrid_tdvp,11,rxx,0.05,2,9,7,8,4,1,1,,0.9997259407948097,0.9997259407948097,0.00027405920519030236,0.01655530080896197,0.9999999999999996,0.9999999999999998,0.0012717466941535444,0.00019617516336393974,0.8080148759763688,8,"[1, 2, 4, 8, 8, 8, 8, 8, 8, 8, 4, 2, 1]",936,1.0210517125451239e-05,1.0210517125451239e-05,1e-12
f4120eee773fc3d11f70dd272419b49c3595a88838cd64e9e95b77808ecbd5c7,A,hybrid_tdvp,11,rxx,0.05,2,9,7,8,8,1,1,,0.9997258781040859,0.9997258781040859,0.0002741218959141367,0.016557194333371612,0.9999999999999996,1.0000000000000002,0.001267824384447551,0.0001957500270085715,0.6517937949975021,8,"[1, 2, 4, 8, 8, 8, 8, 8, 8, 8, 4, 2, 1]",936,5.106601621051547e-06,5.106601621051547e-06,1e-12
5a1224b8b2774b5cd1330dd2f57b71cca91791eeadb63e30891802b143303b40,A,hybrid_tdvp,11,rxx,0.05,2,9,7,16,1,1,1,,0.9999999995300883,0.9999999995300883,4.699116651352142e-10,2.1675768781515416e-05,0.9999999999999996,0.9999999999999647,1.3803122432543002e-07,2.4574595400686957e-08,0.09296324203023687,16,"[1, 2, 4, 8, 16, 16, 16, 16, 16, 8, 4, 2, 1]",2728,8.097819567880028e-14,8.097819567880028e-14,1e-12
f3e869c2b9e0a9194d26a6978b2e6b001b907377436974d129bd7f61484c1752,A,hybrid_tdvp,11,rxx,0.05,2,9,7,16,2,1,1,,0.999999999882649,0.999999999882649,1.173510177920889e-10,1.0832344231444233e-05,0.9999999999999996,0.9999999999999953,6.931214116545625e-08,1.2556151665239672e-08,0.26483552099671215,16,"[1, 2, 4, 8, 16, 16, 16, 16, 16, 8, 4, 2, 1]",2728,2.0222452412062407e-14,2.0222452412062407e-14,1e-12
3829121df62a20c93127b6b125dcf6941d97604895daf933085453ce2df6f1ae,A,hybrid_tdvp,11,rxx,0.05,2,9,7,16,4,1,1,,0.9999999999706786,0.9999999999706786,2.9321434169560234e-11,5.414751562272001e-06,0.9999999999999996,0.999999999999999,3.472968246320818e-08,6.3707333524862905e-09,0.10942621499998495,16,"[1, 2, 4, 8, 16, 16, 16, 16, 16, 8, 4, 2, 1]",2728,5.052861327829669e-15,5.052861327829669e-15,1e-12
144884d2ebe4ba77e38fd7abd3e1a03d1e7103ca0a08a922b9a351f2d59e1082,A,hybrid_tdvp,11,rxx,0.05,2,9,7,16,8,1,1,,0.9999999999926985,0.9999999999926985,7.301492743749805e-12,2.7070161952665092e-06,0.9999999999999996,1.0000000000000138,1.7383165865081374e-08,3.211576247060976e-09,0.1146389739587903,16,"[1, 2, 4, 8, 16, 16, 16, 16, 16, 8, 4, 2, 1]",2728,1.2628720048154462e-15,1.2628720048154462e-15,1e-12
b6d2b14edabe6ed02d46945a28f83672bb9d9f9ca020a53d1b855380e9940a5a,A,hybrid_tdvp,11,rxx,0.05,2,9,7,64,1,1,1,,0.9999999995300883,0.9999999995300883,4.699116651352142e-10,2.1675768781515416e-05,0.9999999999999996,0.9999999999999647,1.3803122432543002e-07,2.4574595400686957e-08,0.2040925640030764,16,"[1, 2, 4, 8, 16, 16, 16, 16, 16, 8, 4, 2, 1]",2728,8.097819567880028e-14,8.097819567880028e-14,1e-12
b943687c5d3a9a34c1ed456ad28b005ca1bfaa5184434ee1c055bc78c2499798,A,hybrid_tdvp,11,rxx,0.05,2,9,7,64,2,1,1,,0.999999999882649,0.999999999882649,1.173510177920889e-10,1.0832344231444233e-05,0.9999999999999996,0.9999999999999953,6.931214116545625e-08,1.2556151665239672e-08,0.14541686803568155,16,"[1, 2, 4, 8, 16, 16, 16, 16, 16, 8, 4, 2, 1]",2728,2.0222452412062407e-14,2.0222452412062407e-14,1e-12
565651ad13b6ad13f67564bee5c3effcb781308b6f42211a3d4dcea53b0c7db8,A,hybrid_tdvp,11,rxx,0.05,2,9,7,64,4,1,1,,0.9999999999706786,0.9999999999706786,2.9321434169560234e-11,5.414751562272001e-06,0.9999999999999996,0.999999999999999,3.472968246320818e-08,6.3707333524862905e-09,0.22349305398529395,16,"[1, 2, 4, 8, 16, 16, 16, 16, 16, 8, 4, 2, 1]",2728,5.052861327829669e-15,5.052861327829669e-15,1e-12
bd0d5a9c5d49e8e87fddb0f8a4c4a9d76e229e3c95177d2b4c20474291b5d54d,A,hybrid_tdvp,11,rxx,0.05,2,9,7,64,8,1,1,,0.9999999999926985,0.9999999999926985,7.301492743749805e-12,2.7070161952665092e-06,0.9999999999999996,1.0000000000000138,1.7383165865081374e-08,3.211576247060976e-09,0.21980390598764643,16,"[1, 2, 4, 8, 16, 16, 16, 16, 16, 8, 4, 2, 1]",2728,1.2628720048154462e-15,1.2628720048154462e-15,1e-12
8c861e8e89a81eaf58a2012fabad061b44c8cb965c2e266e4a70b74a7c01a7ad,A,hybrid_tdvp,11,rxx,0.1,2,9,7,8,1,1,1,,0.998926135070698,0.998926135070698,0.0010738649293019487,0.03277427925482141,0.9999999999999996,1.0000000000000004,0.002697226286321658,0.00043833183942926506,0.018835532013326883,8,"[1, 2, 4, 8, 8, 8, 8, 8, 8, 8, 4, 2, 1]",936,0.0001615846889029573,0.0001615846889029573,1e-12
cf8d2011c13b3709d2488a7b2644ae5d542d4c03ea012aeec1c3b4fbc6ed6cd8,A,hybrid_tdvp,11,rxx,0.1,2,9,7,8,2,1,1,,0.9989226425080528,0.9989226425080528,0.0010773574919471507,0.03282754671239742,0.9999999999999996,1.0000000000000004,0.0026375250911895715,0.00043212126533632484,0.0951476960326545,8,"[1, 2, 4, 8, 8, 8, 8, 8, 8, 8, 4, 2, 1]",936,8.083963808156511e-05,8.083963808156511e-05,1e-12
0ed237f2841528504e418fd48a17099b61795bad27587cf863d04351a76af05d,A,hybrid_tdvp,11,rxx,0.1,2,9,7,8,4,1,1,,0.9989207558673681,0.9989207558673681,0.0010792441326319402,0.032856285271554,0.9999999999999996,1.0000000000000007,0.0026082189916321642,0.0004293457763613754,0.07650542701594532,8,"[1, 2, 4, 8, 8, 8, 8, 8, 8, 8, 4, 2, 1]",936,4.046330407046103e-05,4.046330407046103e-05,1e-12
bb96bc9c85ed4441d7dd894b5746cf266d0404a48275462e35c3e6f68e71d1ee,A,hybrid_tdvp,11,rxx,0.1,2,9,7,8,8,1,1,,0.9989197872936125,0.9989197872936125,0.0010802127063874734,0.03287102947769823,0.9999999999999996,1.0,0.0025938448679575996,0.00042805654653296917,0.1865090029896237,8,"[1, 2, 4, 8, 8, 8, 8, 8, 8, 8, 4, 2, 1]",936,2.0244747923788245e-05,2.0244747923788245e-05,1e-12
aa82a8ac66e8e01a5e2286b79a17ec3f826624355022f3a619bb2096a5631e11,A,hybrid_tdvp,11,rxx,0.1,2,9,7,16,1,1,1,,1.0000000000000098,1.0000000000000098,0.0,2.2313137793845224e-14,0.9999999999999996,1.0000000000000049,2.1316282072803006e-14,7.028660219279919e-15,0.06934919900959358,16,"[1, 2, 4, 8, 16, 16, 16, 16, 16, 8, 4, 2, 1]",2728,1.9190264543978879e-31,1.9190264543978879e-31,1e-12
a010e3e1231e89a015e1831d5cf1b9d53330f2debc352d1b9d621009443bac25,A,hybrid_tdvp,11,rxx,0.1,2,9,7,16,2,1,1,,0.999999999530079,0.999999999530079,4.699209910086211e-10,2.1675768781543174e-05,0.9999999999999996,0.9999999999999594,2.1109095932336785e-07,3.2721654995071895e-08,0.033231865032576025,16,"[1, 2, 4, 8, 16, 16, 16, 16, 16, 8, 4, 2, 1]",2728,8.097819599604061e-14,8.097819599604061e-14,1e-12
a4a6270b29523e479361fde38363edd3d1cb79b23a98037e95f0ed2975e3bde6,A,hybrid_tdvp,11,rxx,0.1,2,9,7,16,4,1,1,,0.9999999998826645,0.9999999998826645,1.1733547466974414e-10,1.0832344231442878e-05,0.9999999999999996,1.0000000000000022,1.1288856595348395e-07,1.6904609294393745e-08,0.0537957510096021,16,"[1, 2, 4, 8, 16, 16, 16, 16, 16, 8, 4, 2, 1]",2728,2.0222452413993674e-14,2.0222452413993674e-14,1e-12
4faf498211d83eb36b344d96c6d609712d5913e9cbdd8e865c5839428c41ef0d,A,hybrid_tdvp,11,rxx,0.1,2,9,7,16,8,1,1,,0.9999999999706977,0.9999999999706977,2.930233833353668e-11,5.41475156227875e-06,0.9999999999999996,1.0000000000000089,5.828101815041897e-08,8.60474677296798e-09,0.18908083898713812,16,"[1, 2, 4, 8, 16, 16, 16, 16, 16, 8, 4, 2, 1]",2728,5.05286132784982e-15,5.05286132784982e-15,1e-12
8a06c852bad2d058639bf2827f67b25b1903b865709f4d8f151fa4636888b786,A,hybrid_tdvp,11,rxx,0.1,2,9,7,64,1,1,1,,1.0000000000000098,1.0000000000000098,0.0,2.2313137793845224e-14,0.9999999999999996,1.0000000000000049,2.1316282072803006e-14,7.028660219279919e-15,0.18117907497799024,16,"[1, 2, 4, 8, 16, 16, 16, 16, 16, 8, 4, 2, 1]",2728,1.9190264543978879e-31,1.9190264543978879e-31,1e-12
555dabf37cc9805b4c16099436fca3b078566b4833db6fe7bff50d9472faa144,A,hybrid_tdvp,11,rxx,0.1,2,9,7,64,2,1,1,,0.999999999530079,0.999999999530079,4.699209910086211e-10,2.1675768781543174e-05,0.9999999999999996,0.9999999999999594,2.1109095932336785e-07,3.2721654995071895e-08,0.10626882198266685,16,"[1, 2, 4, 8, 16, 16, 16, 16, 16, 8, 4, 2, 1]",2728,8.097819599604061e-14,8.097819599604061e-14,1e-12
7a6166e413b61f87f1fa926b9ac613c6d238711dec908673cb6a4d6a01acaac6,A,hybrid_tdvp,11,rxx,0.1,2,9,7,64,4,1,1,,0.9999999998826645,0.9999999998826645,1.1733547466974414e-10,1.0832344231442878e-05,0.9999999999999996,1.0000000000000022,1.1288856595348395e-07,1.6904609294393745e-08,0.10446845705155283,16,"[1, 2, 4, 8, 16, 16, 16, 16, 16, 8, 4, 2, 1]",2728,2.0222452413993674e-14,2.0222452413993674e-14,1e-12
2f453fc6d8b134a158992f0bfeb489c3a204c8a1755551aa0ae597be964e1b67,A,hybrid_tdvp,11,rxx,0.1,2,9,7,64,8,1,1,,0.9999999999706977,0.9999999999706977,2.930233833353668e-11,5.41475156227875e-06,0.9999999999999996,1.0000000000000089,5.828101815041897e-08,8.60474677296798e-09,0.11455650796415284,16,"[1, 2, 4, 8, 16, 16, 16, 16, 16, 8, 4, 2, 1]",2728,5.05286132784982e-15,5.05286132784982e-15,1e-12
84bdb72690ad8fcf4dc70e6b540526125a38fe8f36876d921ccfb092b45c71f2,A,hybrid_tdvp,11,rxx,0.2,2,9,7,8,1,1,1,,0.9959608170273727,0.9959608170273727,0.0040391829726272865,0.06358671229635968,0.9999999999999996,0.9999999999999998,0.005010259961870978,0.0010198926731781936,0.02102533698780462,8,"[1, 2, 4, 8, 8, 8, 8, 8, 8, 8, 4, 2, 1]",936,0.000651246361312402,0.000651246361312402,1e-12
acf419a966d2e91d9575c9329c5d6765c2dfc2445c26ae81b434136876dca2a2,A,hybrid_tdvp,11,rxx,0.2,2,9,7,8,2,1,1,,0.9959021710061563,0.9959021710061563,0.0040978289938437,0.06404713629818234,0.9999999999999996,1.0000000000000004,0.0050694187857663955,0.0010243942465747574,0.038304928049910814,8,"[1, 2, 4, 8, 8, 8, 8, 8, 8, 8, 4, 2, 1]",936,0.0003208851393801886,0.0003208851393801886,1e-12
e1777b2bf4b09bc44b57f8ad08ea0233938c83caabee88cd7dcb91e346f4fed2,A,hybrid_tdvp,11,rxx,0.2,2,9,7,8,4,1,1,,0.9958744993218873,0.9958744993218873,0.004125500678112681,0.06426324312268439,0.9999999999999996,0.9999999999999997,0.005049408497670972,0.001025497413967056,0.07999274402391165,8,"[1, 2, 4, 8, 8, 8, 8, 8, 8, 8, 4, 2, 1]",936,0.0001603920446059361,0.0001603920446059361,1e-12
12c87082a9428df6b83b11f856fc103edbb6a2da5cffd79bcfcc0d91972d71f3,A,hybrid_tdvp,11,rxx,0.2,2,9,7,8,8,1,1,,0.9958609968042238,0.9958609968042238,0.004139003195776203,0.06436843107434595,0.9999999999999996,1.0000000000000002,0.005032887376899071,0.001026034785549997,0.13204455998493358,8,"[1, 2, 4, 8, 8, 8, 8, 8, 8, 8, 4, 2, 1]",936,8.025122220785039e-05,8.025122220785039e-05,1e-12
70fd3625ed495ee8462171d5dfe2d85b9bc08cacf1d7d303de31ee28115da508,A,hybrid_tdvp,11,rxx,0.2,2,9,7,16,1,1,1,,1.000000000000004,1.000000000000004,0.0,1.9377116701532373e-13,0.9999999999999996,1.0000000000000029,1.1610330752365172e-13,3.344774752388276e-14,0.04954725899733603,16,"[1, 2, 4, 8, 16, 16, 16, 16, 16, 8, 4, 2, 1]",2728,1.8638076498042217e-31,1.8638076498042217e-31,1e-12
17fcbc80a95476057ac7d898e4fec79a84e07d8e2861c3e476670d9562189f17,A,hybrid_tdvp,11,rxx,0.2,2,9,7,16,2,1,1,,1.0000000000000173,1.0000000000000173,0.0,3.324715395255337e-14,0.9999999999999996,1.0000000000000089,4.04121180963557e-14,1.175480486180661e-14,0.05972434900468215,16,"[1, 2, 4, 8, 16, 16, 16, 16, 16, 8, 4, 2, 1]",2728,5.578775088747243e-31,5.578775088747243e-31,1e-12
a23a580807121d5ade65ce6410d577b8ec010ed796b816a9ddb5825811c6e409,A,hybrid_tdvp,11,rxx,0.2,2,9,7,16,4,1,1,,0.999999999530107,0.999999999530107,4.698930133884005e-10,2.167576878146361e-05,0.9999999999999996,0.9999999999999739,4.4900032153405434e-07,5.561862070418657e-08,0.286608636029996,16,"[1, 2, 4, 8, 16, 16, 16, 16, 16, 8, 4, 2, 1]",2728,8.097819603672925e-14,8.097819603672925e-14,1e-12
46ba9d9947c4b306a281aba606898e426fbfdaaecc2d4415b58bd8e3287ceaae,A,hybrid_tdvp,11,rxx,0.2,2,9,7,16,8,1,1,,0.9999999998826941,0.9999999998826941,1.1730594273728912e-10,1.083234423145026e-05,0.9999999999999996,1.000000000000017,2.3188772316218298e-07,2.8534449915647007e-08,0.29937043302925304,16,"[1, 2, 4, 8, 16, 16, 16, 16, 16, 8, 4, 2, 1]",2728,2.022245241494675e-14,2.022245241494675e-14,1e-12
07e20cd7813d9c57a7844df68fdc23d4705b357ab207103f3ca36396fccf8367,A,hybrid_tdvp,11,rxx,0.2,2,9,7,64,1,1,1,,1.000000000000004,1.000000000000004,0.0,1.9377116701532373e-13,0.9999999999999996,1.0000000000000029,1.1610330752365172e-13,3.344774752388276e-14,0.07968030299525708,16,"[1, 2, 4, 8, 16, 16, 16, 16, 16, 8, 4, 2, 1]",2728,1.8638076498042217e-31,1.8638076498042217e-31,1e-12
5fa85a43c7f5e15d6a179606c835cb9c14909ce0203a5a8d5944fcfad6884790,A,hybrid_tdvp,11,rxx,0.2,2,9,7,64,2,1,1,,1.0000000000000173,1.0000000000000173,0.0,3.324715395255337e-14,0.9999999999999996,1.0000000000000089,4.04121180963557e-14,1.175480486180661e-14,0.17354369797976688,16,"[1, 2, 4, 8, 16, 16, 16, 16, 16, 8, 4, 2, 1]",2728,5.578775088747243e-31,5.578775088747243e-31,1e-12
53c1011ad33c4597649ae6f2f7998e264915b4eeb843752cca5a969db1bb97ef,A,hybrid_tdvp,11,rxx,0.2,2,9,7,64,4,1,1,,0.999999999530107,0.999999999530107,4.698930133884005e-10,2.167576878146361e-05,0.9999999999999996,0.9999999999999739,4.4900032153405434e-07,5.561862070418657e-08,0.3292625449830666,16,"[1, 2, 4, 8, 16, 16, 16, 16, 16, 8, 4, 2, 1]",2728,8.097819603672925e-14,8.097819603672925e-14,1e-12
6a0ae0fe7eb27b57aff062e94209b331e1fdac055ff9c8408f5024d28c6310ba,A,hybrid_tdvp,11,rxx,0.2,2,9,7,64,8,1,1,,0.9999999998826941,0.9999999998826941,1.1730594273728912e-10,1.083234423145026e-05,0.9999999999999996,1.000000000000017,2.3188772316218298e-07,2.8534449915647007e-08,0.37725382298231125,16,"[1, 2, 4, 8, 16, 16, 16, 16, 16, 8, 4, 2, 1]",2728,2.022245241494675e-14,2.022245241494675e-14,1e-12
2f10469ce40778e291dbdab985142352cab451f61ac19d90fbfa6f9f9d37cb5c,A,hybrid_tdvp,11,ryy,0.025,2,9,7,8,1,1,1,,0.9999202147420927,0.9999202147420927,7.978525790730551e-05,0.008932348481293715,0.9999999999999996,0.9999999999999997,0.0006715323040346055,0.00014655605109098447,0.019900611019693315,8,"[1, 2, 4, 8, 8, 8, 8, 8, 8, 8, 4, 2, 1]",936,1.5593376763128093e-05,1.5593376763128093e-05,1e-12
c7afa382cb132bc2ea778548894bc96d809d88a515f5acbd36e9c24d9a3961e0,A,hybrid_tdvp,11,ryy,0.025,2,9,7,8,2,1,1,,0.9999201963327662,0.9999201963327662,7.980366723381316e-05,0.008933378949497472,0.9999999999999996,1.0000000000000007,0.0006710060045800881,0.00014631314429314684,0.03788506501587108,8,"[1, 2, 4, 8, 8, 8, 8, 8, 8, 8, 4, 2, 1]",936,7.79428754153591e-06,7.79428754153591e-06,1e-12
7c93a6e013be566be3e9800cbca795ab1324484e75ba60bb79ee27de8b2d1084,A,hybrid_tdvp,11,ryy,0.025,2,9,7,8,4,1,1,,0.9999201848371029,0.9999201848371029,7.981516289712332e-05,0.008934022362546154,0.9999999999999996,0.9999999999999999,0.0006707005418439826,0.00014619341922865315,0.1981527500320226,8,"[1, 2, 4, 8, 8, 8, 8, 8, 8, 8, 4, 2, 1]",936,3.896966690310939e-06,3.896966690310939e-06,1e-12
0e7d84882a8a3c9024625c6b4ebd69f580623a3e481f60e8a693f4782578a5f8,A,hybrid_tdvp,11,ryy,0.025,2,9,7,8,8,1,1,,0.99992017851269,0.99992017851269,7.98214873100056e-05,0.008934376320714367,0.9999999999999996,0.9999999999999994,0.000670537334670096,0.00014613387009766452,1.3716431069769897,8,"[1, 2, 4, 8, 8, 8, 8, 8, 8, 8, 4, 2, 1]",936,1.948491584498606e-06,1.948491584498606e-06,1e-12
78c1d2f64a92360ef7216e45233f65b77057869c19567160cf7a3fa2b5b57730,A,hybrid_tdvp,11,ryy,0.025,2,9,7,16,1,1,1,,1.0000000000000036,1.0000000000000036,0.0,5.991291864917126e-15,0.9999999999999996,1.0000000000000018,9.325873406851315e-15,2.418799607311237e-15,0.02783127996372059,16,"[1, 2, 4, 8, 16, 16, 16, 16, 16, 8, 4, 2, 1]",2728,1.8761597328204187e-31,1.8761597328204187e-31,1e-12
b91442dbf4ad1f5623a1cd77824a2d706d5e26203858f6a9369ed930e9affd7c,A,hybrid_tdvp,11,ryy,0.025,2,9,7,16,2,1,1,,0.9999999999180611,0.9999999999180611,8.193890010943505e-11,9.04827323271397e-06,0.9999999999999996,0.9999999999999672,6.112106765848724e-08,1.0020228448485145e-08,0.041265945008490235,16,"[1, 2, 4, 8, 16, 16, 16, 16, 16, 8, 4, 2, 1]",2728,7.617447246877078e-14,7.617447246877078e-14,1e-12
08e09f22b8a618b28bfccbeef9481c495d093ac92d0b2f07b8265493ab2b8037,A,hybrid_tdvp,11,ryy,0.025,2,9,7,16,4,1,1,,0.9999999999795297,0.9999999999795297,2.0470292128038636e-11,4.5250921183986345e-06,0.9999999999999996,1.0000000000000029,3.0574849593095754e-08,5.0507848464746126e-09,0.07703623798443004,16,"[1, 2, 4, 8, 16, 16, 16, 16, 16, 8, 4, 2, 1]",2728,1.905187177188461e-14,1.905187177188461e-14,1e-12
fb246d202bdc28a73ac58a51407685a93ec038f004a32ae806073b3efe00467f,A,hybrid_tdvp,11,ryy,0.025,2,9,7,16,8,1,1,,0.9999999999948854,0.9999999999948854,5.114575429843171e-12,2.262784241034665e-06,0.9999999999999996,1.0000000000000027,1.5290964681946573e-08,2.5366710833541148e-09,0.08242477098247036,16,"[1, 2, 4, 8, 16, 16, 16, 16, 16, 8, 4, 2, 1]",2728,4.763999981100991e-15,4.763999981100991e-15,1e-12
6c41d66dc5c8d6405b9c9f053c1b3286fb2ecab8b1b5c592359a10abbd091647,A,hybrid_tdvp,11,ryy,0.025,2,9,7,64,1,1,1,,1.0000000000000036,1.0000000000000036,0.0,5.991291864917126e-15,0.9999999999999996,1.0000000000000018,9.325873406851315e-15,2.418799607311237e-15,0.020337952009867877,16,"[1, 2, 4, 8, 16, 16, 16, 16, 16, 8, 4, 2, 1]",2728,1.8761597328204187e-31,1.8761597328204187e-31,1e-12
e3635f2914f60985847d837fb85cb1f76774f4edd4ad54fbd3aa0b43c4c3c5d1,A,hybrid_tdvp,11,ryy,0.025,2,9,7,64,2,1,1,,0.9999999999180611,0.9999999999180611,8.193890010943505e-11,9.04827323271397e-06,0.9999999999999996,0.9999999999999672,6.112106765848724e-08,1.0020228448485145e-08,0.0343622540240176,16,"[1, 2, 4, 8, 16, 16, 16, 16, 16, 8, 4, 2, 1]",2728,7.617447246877078e-14,7.617447246877078e-14,1e-12
43da86715486587b310eb173bd88135fc7b9b75e7602eb0cbe045a2b59650664,A,hybrid_tdvp,11,ryy,0.025,2,9,7,64,4,1,1,,0.9999999999795297,0.9999999999795297,2.0470292128038636e-11,4.5250921183986345e-06,0.9999999999999996,1.0000000000000029,3.0574849593095754e-08,5.0507848464746126e-09,0.043726009025704116,16,"[1, 2, 4, 8, 16, 16, 16, 16, 16, 8, 4, 2, 1]",2728,1.905187177188461e-14,1.905187177188461e-14,1e-12
5e399734180dfc2a1bf2a9cfeda161e2870e79fccd801348442fb140a2ca2446,A,hybrid_tdvp,11,ryy,0.025,2,9,7,64,8,1,1,,0.9999999999948854,0.9999999999948854,5.114575429843171e-12,2.262784241034665e-06,0.9999999999999996,1.0000000000000027,1.5290964681946573e-08,2.5366710833541148e-09,0.14925900899106637,16,"[1, 2, 4, 8, 16, 16, 16, 16, 16, 8, 4, 2, 1]",2728,4.763999981100991e-15,4.763999981100991e-15,1e-12
2dea8d3546e2f7b22db1c618b0d7deb7de849837020775b999570cba4eaeef20,A,hybrid_tdvp,11,ryy,0.05,2,9,7,8,1,1,1,,0.9996814859077087,0.9996814859077087,0.0003185140922913332,0.017847673773792285,0.9999999999999996,0.9999999999999998,0.0013619786301919956,0.000304057366940978,0.03852938604541123,8,"[1, 2, 4, 8, 8, 8, 8, 8, 8, 8, 4, 2, 1]",936,6.240792176556566e-05,6.240792176556566e-05,1e-12
a944e53b1a6883ef39576b566337ac70f11c3a1d1acd3e0686c7f1da341e517e,A,hybrid_tdvp,11,ryy,0.05,2,9,7,8,2,1,1,,0.9996811766380429,0.9996811766380429,0.00031882336195709904,0.017856337196938306,0.9999999999999996,0.9999999999999993,0.0013633512047875884,0.00030329280241250817,0.03185029100859538,8,"[1, 2, 4, 8, 8, 8, 8, 8, 8, 8, 4, 2, 1]",936,3.116748201253706e-05,3.116748201253706e-05,1e-12
01d1443adba4081ce8fcab6a3a1df1ca0607d3a776568c02c48ad41bfdc0afc2,A,hybrid_tdvp,11,ryy,0.05,2,9,7,8,4,1,1,,0.9996809895195439,0.9996809895195439,0.0003190104804561278,0.017861576818290887,0.9999999999999996,1.0000000000000004,0.001363562689871478,0.00030293898033972725,0.09305155900074169,8,"[1, 2, 4, 8, 8, 8, 8, 8, 8, 8, 4, 2, 1]",936,1.5581100871228815e-05,1.5581100871228815e-05,1e-12
f9939b99bda7354faf4ea5cc9497171f22d14fefc9446737fc1c98c45d2dc010,A,hybrid_tdvp,11,ryy,0.05,2,9,7,8,8,1,1,,0.9996808878516411,0.9996808878516411,0.000319112148358891,0.017864423040238955,0.9999999999999996,0.9999999999999996,0.001363555893599988,0.00030276694396595233,1.185568015964236,8,"[1, 2, 4, 8, 8, 8, 8, 8, 8, 8, 4, 2, 1]",936,7.790685741391436e-06,7.790685741391436e-06,1e-12
e0afbfcff6fad2751972a44c1a791948e6021970a043f6580262b9f4efd44f8a,A,hybrid_tdvp,11,ryy,0.05,2,9,7,16,1,1,1,,1.0000000000000036,1.0000000000000036,0.0,5.551717298526361e-14,0.9999999999999996,1.0000000000000022,3.287127514628452e-14,9.34938506764396e-15,0.04729028698056936,16,"[1, 2, 4, 8, 16, 16, 16, 16, 16, 8, 4, 2, 1]",2728,1.9186129608604678e-31,1.9186129608604678e-31,1e-12
40f002cf53465cb1b046032b5e197211ef655262eb142604a0b799db615d39cb,A,hybrid_tdvp,11,ryy,0.05,2,9,7,16,2,1,1,,0.9999999999999942,0.9999999999999942,5.773159728050814e-15,1.8950967748043544e-14,0.9999999999999996,0.9999999999999977,1.532107773982716e-14,4.2571601391630556e-15,0.03340108902193606,16,"[1, 2, 4, 8, 16, 16, 16, 16, 16, 8, 4, 2, 1]",2728,5.636917937609504e-31,5.636917937609504e-31,1e-12
6a58a8b4c9a73d2b7423bcda8fef637307e141a885947a4e7dda802585d2a07e,A,hybrid_tdvp,11,ryy,0.05,2,9,7,16,4,1,1,,0.9999999999180746,0.9999999999180746,8.192535538853463e-11,9.04827323292499e-06,0.9999999999999996,0.9999999999999731,6.370976000230621e-08,1.2116701235440582e-08,0.08757225301815197,16,"[1, 2, 4, 8, 16, 16, 16, 16, 16, 8, 4, 2, 1]",2728,7.61744724686394e-14,7.61744724686394e-14,1e-12
cc6deb11aa61375f7ea89ee17e4c1d55c52f09d69eb8442183560fa6164c890b,A,hybrid_tdvp,11,ryy,0.05,2,9,7,16,8,1,1,,0.9999999999795275,0.9999999999795275,2.0472512574087887e-11,4.525092118438864e-06,0.9999999999999996,1.0000000000000027,3.289348305540729e-08,6.134706321659123e-09,0.13013093097833917,16,"[1, 2, 4, 8, 16, 16, 16, 16, 16, 8, 4, 2, 1]",2728,1.9051871771886476e-14,1.9051871771886476e-14,1e-12
86fe76b9cb46c828d3b38e563df44e8cc5097f249cca8dd19a646237a738d56f,A,hybrid_tdvp,11,ryy,0.05,2,9,7,64,1,1,1,,1.0000000000000036,1.0000000000000036,0.0,5.551717298526361e-14,0.9999999999999996,1.0000000000000022,3.287127514628452e-14,9.34938506764396e-15,0.04684046300826594,16,"[1, 2, 4, 8, 16, 16, 16, 16, 16, 8, 4, 2, 1]",2728,1.9186129608604678e-31,1.9186129608604678e-31,1e-12
1d9e652ab0a469519dbb4de9be2f0b7081ffa2f1ad2e96d9f970683be0d2f05f,A,hybrid_tdvp,11,ryy,0.05,2,9,7,64,2,1,1,,0.9999999999999942,0.9999999999999942,5.773159728050814e-15,1.8950967748043544e-14,0.9999999999999996,0.9999999999999977,1.532107773982716e-14,4.2571601391630556e-15,0.07611209602328017,16,"[1, 2, 4, 8, 16, 16, 16, 16, 16, 8, 4, 2, 1]",2728,5.636917937609504e-31,5.636917937609504e-31,1e-12
4855c8ad85ae0a16d4947e81213a89849ef378746068440bf3805c2aa680973a,A,hybrid_tdvp,11,ryy,0.05,2,9,7,64,4,1,1,,0.9999999999180746,0.9999999999180746,8.192535538853463e-11,9.04827323292499e-06,0.9999999999999996,0.9999999999999731,6.370976000230621e-08,1.2116701235440582e-08,0.13962194498162717,16,"[1, 2, 4, 8, 16, 16, 16, 16, 16, 8, 4, 2, 1]",2728,7.61744724686394e-14,7.61744724686394e-14,1e-12
cd6929cedb814bb19372c08f7d08635df5ea418210c7a188160fd4c9b4cf4678,A,hybrid_tdvp,11,ryy,0.05,2,9,7,64,8,1,1,,0.9999999999795275,0.9999999999795275,2.0472512574087887e-11,4.525092118438864e-06,0.9999999999999996,1.0000000000000027,3.289348305540729e-08,6.134706321659123e-09,0.11185972398379818,16,"[1, 2, 4, 8, 16, 16, 16, 16, 16, 8, 4, 2, 1]",2728,1.9051871771886476e-14,1.9051871771886476e-14,1e-12
eaae01b9984876deac533fd955c965ff1c223a25d55ccdf04086087a6bf789db,A,hybrid_tdvp,11,ryy,0.1,2,9,7,8,1,1,1,,0.9987550430476986,0.9987550430476986,0.0012449569523014237,0.03528944138323329,0.9999999999999996,1.0000000000000002,0.002858251502615705,0.000661855398809692,0.020888305036351085,8,"[1, 2, 4, 8, 8, 8, 8, 8, 8, 8, 4, 2, 1]",936,0.0002477083731674697,0.0002477083731674697,1e-12
9f51ff93e94cf423b22bc73377bcec7c8f889451c3febe595be7a6398ef430c0,A,hybrid_tdvp,11,ryy,0.1,2,9,7,8,2,1,1,,0.9987485442762232,0.9987485442762232,0.0012514557237768287,0.03538145706892625,0.9999999999999996,1.0,0.0028256384805929458,0.0006608928416041273,0.03415335499448702,8,"[1, 2, 4, 8, 8, 8, 8, 8, 8, 8, 4, 2, 1]",936,0.00012344790896446565,0.00012344790896446565,1e-12
79d9ceb7b94ecf2bfb541f718e6899d73149be38de22cb2492b48c3989911ea9,A,hybrid_tdvp,11,ryy,0.1,2,9,7,8,4,1,1,,0.9987451087935781,0.9987451087935781,0.0012548912064218598,0.03543000340980692,0.9999999999999996,1.0000000000000007,0.0028111009603998954,0.0006607164393805523,0.08047276502475142,8,"[1, 2, 4, 8, 8, 8, 8, 8, 8, 8, 4, 2, 1]",936,6.170196663546236e-05,6.170196663546236e-05,1e-12
01601a2436a19858381993db2d71bf76ad03ea75878fcd229728489155fe0619,A,hybrid_tdvp,11,ryy,0.1,2,9,7,8,8,1,1,,0.9987433420314633,0.9987433420314633,0.0012566579685366897,0.03545494343678283,0.9999999999999996,0.9999999999999998,0.002804025864081322,0.00066067019689129,0.1677916109911166,8,"[1, 2, 4, 8, 8, 8, 8, 8, 8, 8, 4, 2, 1]",936,3.085521913402281e-05,3.085521913402281e-05,1e-12
d807cceba7b73d86e4beb45fcf4f55c9a74b63bf6bcd5c21b89097f77edd3276,A,hybrid_tdvp,11,ryy,0.1,2,9,7,16,1,1,1,,0.9999999999999987,0.9999999999999987,1.3322676295501878e-15,2.020747948467643e-14,0.9999999999999996,1.0,1.4210854715202004e-14,4.000860101453127e-15,0.022669629950542003,16,"[1, 2, 4, 8, 16, 16, 16, 16, 16, 8, 4, 2, 1]",2728,1.910224229720939e-31,1.910224229720939e-31,1e-12
434ccb209a1c5cd6a3ff1b61111d88bd8169f608d4a53449bf3f811cd91318c5,A,hybrid_tdvp,11,ryy,0.1,2,9,7,16,2,1,1,,0.9999999999999996,0.9999999999999996,4.440892098500626e-16,5.124976962334324e-14,0.9999999999999996,1.0000000000000004,3.134298376394895e-14,8.8106239620659e-15,0.02493333601159975,16,"[1, 2, 4, 8, 16, 16, 16, 16, 16, 8, 4, 2, 1]",2728,5.637460463015634e-31,5.637460463015634e-31,1e-12
81542ec4dd3d698c223e11c33d5bc9564750a331502278174bb613b0d9dc64c1,A,hybrid_tdvp,11,ryy,0.1,2,9,7,16,4,1,1,,1.000000000000004,1.000000000000004,0.0,5.769025637891056e-14,0.9999999999999996,1.0000000000000029,4.375666495803898e-14,1.1704731711541822e-14,0.3637855569832027,16,"[1, 2, 4, 8, 16, 16, 16, 16, 16, 8, 4, 2, 1]",2728,1.3049325295646407e-30,1.3049325295646407e-30,1e-12
0769bc685de3634c700b4a99c3a3b2ad7ee3105e86f05ead8e46971b8f918681,A,hybrid_tdvp,11,ryy,0.1,2,9,7,16,8,1,1,,0.9999999999181166,0.9999999999181166,8.18833889582038e-11,9.04827323264483e-06,0.9999999999999996,0.9999999999999941,1.3137933154577786e-07,1.8441896322314424e-08,0.12118010496487841,16,"[1, 2, 4, 8, 16, 16, 16, 16, 16, 8, 4, 2, 1]",2728,7.617447246939505e-14,7.617447246939505e-14,1e-12
850155b0b583afec2eb579984652e97426b8aa5a92a7e56455b0ea5f3b358c19,A,hybrid_tdvp,11,ryy,0.1,2,9,7,64,1,1,1,,0.9999999999999987,0.9999999999999987,1.3322676295501878e-15,2.020747948467643e-14,0.9999999999999996,1.0,1.4210854715202004e-14,4.000860101453127e-15,0.28925444302149117,16,"[1, 2, 4, 8, 16, 16, 16, 16, 16, 8, 4, 2, 1]",2728,1.910224229720939e-31,1.910224229720939e-31,1e-12
bc00fc6db23e76c621c2b3654f2cce0400b74a959f18eba11d284a610a1b1dd5,A,hybrid_tdvp,11,ryy,0.1,2,9,7,64,2,1,1,,0.9999999999999996,0.9999999999999996,4.440892098500626e-16,5.124976962334324e-14,0.9999999999999996,1.0000000000000004,3.134298376394895e-14,8.8106239620659e-15,0.1545292770024389,16,"[1, 2, 4, 8, 16, 16, 16, 16, 16, 8, 4, 2, 1]",2728,5.637460463015634e-31,5.637460463015634e-31,1e-12
225f7bb1ed93124f7bc465f0b21940c12998cf082ad5e331891c16f20725ab6a,A,hybrid_tdvp,11,ryy,0.1,2,9,7,64,4,1,1,,1.000000000000004,1.000000000000004,0.0,5.769025637891056e-14,0.9999999999999996,1.0000000000000029,4.375666495803898e-14,1.1704731711541822e-14,0.043516892998013645,16,"[1, 2, 4, 8, 16, 16, 16, 16, 16, 8, 4, 2, 1]",2728,1.3049325295646407e-30,1.3049325295646407e-30,1e-12
85ab2f619a42380312713787ff495c6e0f362d7e4472b4700a801c843d274cce,A,hybrid_tdvp,11,ryy,0.1,2,9,7,64,8,1,1,,0.9999999999181166,0.9999999999181166,8.18833889582038e-11,9.04827323264483e-06,0.9999999999999996,0.9999999999999941,1.3137933154577786e-07,1.8441896322314424e-08,0.12380094802938402,16,"[1, 2, 4, 8, 16, 16, 16, 16, 16, 8, 4, 2, 1]",2728,7.617447246939505e-14,7.617447246939505e-14,1e-12
813bf474aed43352e9de12a2f50a41c71e24f767182ad15d8fdba475d838e47e,A,hybrid_tdvp,11,ryy,0.2,2,9,7,8,1,1,1,,0.9956569662020085,0.9956569662020085,0.004343033797991502,0.06593754280582191,0.9999999999999996,1.0,0.006262809160734378,0.0014991130274023383,0.3202740279957652,8,"[1, 2, 4, 8, 8, 8, 8, 8, 8, 8, 4, 2, 1]",936,0.0009523377734593207,0.0009523377734593207,1e-12
761d466c5e7dc195df74ca2072b44ab1c68fa01ac2922446a0a492381b7e7c27,A,hybrid_tdvp,11,ryy,0.2,2,9,7,8,2,1,1,,0.9954773325752727,0.9954773325752727,0.004522667424727289,0.06728887464730725,0.9999999999999996,1.0000000000000007,0.006189935091016299,0.0015563759972898568,0.3679324379772879,8,"[1, 2, 4, 8, 8, 8, 8, 8, 8, 8, 4, 2, 1]",936,0.00047311359804384757,0.00047311359804384757,1e-12
e2e8352fc2ce400e3e3a1f22f34d4d5c9faad3344c3abb33f49cf374e4016937,A,hybrid_tdvp,11,ryy,0.2,2,9,7,8,4,1,1,,0.9954025443524739,0.9954025443524739,0.004597455647526116,0.06784358465596269,0.9999999999999996,0.9999999999999998,0.006149098805855124,0.001577259988864608,0.0974951459793374,8,"[1, 2, 4, 8, 8, 8, 8, 8, 8, 8, 4, 2, 1]",936,0.00023682556252685964,0.00023682556252685964,1e-12
f2c887cc0758b0c00c65d5355779729e057b21379f1a13cd27afe5a8b2cd3fac,A,hybrid_tdvp,11,ryy,0.2,2,9,7,8,8,1,1,,0.9953679707753252,0.9953679707753252,0.004632029224674761,0.0680984993033324,0.9999999999999996,1.0000000000000002,0.0061277431522120535,0.0015864320620141996,0.8732619380461983,8,"[1, 2, 4, 8, 8, 8, 8, 8, 8, 8, 4, 2, 1]",936,0.00011855148958965108,0.00011855148958965108,1e-12
6ba1c577a70606e9f6599ed895086c008683c4460f9d445fe897c1667316bc3d,A,hybrid_tdvp,11,ryy,0.2,2,9,7,16,1,1,1,,1.0000000000000027,1.0000000000000027,0.0,9.87941423041785e-14,0.9999999999999996,1.0000000000000016,4.456157665089222e-14,1.713679252003389e-14,0.055579153005965054,16,"[1, 2, 4, 8, 16, 16, 16, 16, 16, 8, 4, 2, 1]",2728,1.8509065165467223e-31,1.8509065165467223e-31,1e-12
2b49f797cb2e2df81a96bda49e9667ec93b10f3ba4b618f83132b27729ed47a2,A,hybrid_tdvp,11,ryy,0.2,2,9,7,16,2,1,1,,1.0,1.0,0.0,8.158910493737212e-14,0.9999999999999996,1.0000000000000002,5.773159728050814e-14,1.5547707969549164e-14,0.05266298301285133,16,"[1, 2, 4, 8, 16, 16, 16, 16, 16, 8, 4, 2, 1]",2728,5.534652870339327e-31,5.534652870339327e-31,1e-12
e48c549ba803bf02ae9640b40ec15f9761234aabf40e8e465c8232b2a3c5ba94,A,hybrid_tdvp,11,ryy,0.2,2,9,7,16,4,1,1,,1.0000000000000018,1.0000000000000018,0.0,5.429944453157773e-14,0.9999999999999996,1.0000000000000016,2.0941581801992015e-14,7.026719573854766e-15,0.041563479986507446,16,"[1, 2, 4, 8, 16, 16, 16, 16, 16, 8, 4, 2, 1]",2728,1.2937021242202826e-30,1.2937021242202826e-30,1e-12
799d27465fede437d77c1cac67983c2e5294b4a0a885416762bb9c374bd199c8,A,hybrid_tdvp,11,ryy,0.2,2,9,7,16,8,1,1,,1.0000000000000018,1.0000000000000018,0.0,1.023267119912149e-13,0.9999999999999996,1.0000000000000009,8.147649221967868e-14,1.9458262518833893e-14,0.1046072340104729,16,"[1, 2, 4, 8, 16, 16, 16, 16, 16, 8, 4, 2, 1]",2728,2.7749687591293778e-30,2.7749687591293778e-30,1e-12
ef9ba19a6615fc65cd1b2eca4da6947dad4b13cba0752c62ac34b210feb3c16b,A,hybrid_tdvp,11,ryy,0.2,2,9,7,64,1,1,1,,1.0000000000000027,1.0000000000000027,0.0,9.87941423041785e-14,0.9999999999999996,1.0000000000000016,4.456157665089222e-14,1.713679252003389e-14,0.019530966004822403,16,"[1, 2, 4, 8, 16, 16, 16, 16, 16, 8, 4, 2, 1]",2728,1.8509065165467223e-31,1.8509065165467223e-31,1e-12
d910b1da37ba294b7912dd99eb06eeff9697f1901640999887e9f38ae27b7bb1,A,hybrid_tdvp,11,ryy,0.2,2,9,7,64,2,1,1,,1.0,1.0,0.0,8.158910493737212e-14,0.9999999999999996,1.0000000000000002,5.773159728050814e-14,1.5547707969549164e-14,0.04433303198311478,16,"[1, 2, 4, 8, 16, 16, 16, 16, 16, 8, 4, 2, 1]",2728,5.534652870339327e-31,5.534652870339327e-31,1e-12
a98c858c9b4478103558229daaaed7d57ee746f398459ca1a1993b6c5f0557b1,A,hybrid_tdvp,11,ryy,0.2,2,9,7,64,4,1,1,,1.0000000000000018,1.0000000000000018,0.0,5.429944453157773e-14,0.9999999999999996,1.0000000000000016,2.0941581801992015e-14,7.026719573854766e-15,0.11844078003196046,16,"[1, 2, 4, 8, 16, 16, 16, 16, 16, 8, 4, 2, 1]",2728,1.2937021242202826e-30,1.2937021242202826e-30,1e-12
8053cf5d696502fb38e0f055d5e47e86ef824e4c6f5f4bc80b0766d85c58b5a4,A,hybrid_tdvp,11,ryy,0.2,2,9,7,64,8,1,1,,1.0000000000000018,1.0000000000000018,0.0,1.023267119912149e-13,0.9999999999999996,1.0000000000000009,8.147649221967868e-14,1.9458262518833893e-14,0.1075257760239765,16,"[1, 2, 4, 8, 16, 16, 16, 16, 16, 8, 4, 2, 1]",2728,2.7749687591293778e-30,2.7749687591293778e-30,1e-12
6dd89537930c19a0676574242314e7fb6cbcf4537e40f715b202c0ba198706a5,A,hybrid_tdvp,11,rzz,0.025,2,9,7,8,1,1,1,,0.999900985455533,0.999900985455533,9.901454446703539e-05,0.009950728393347416,0.9999999999999996,1.0000000000000004,0.0006233524166303628,0.00012134847517611695,0.034158984024543315,8,"[1, 2, 4, 8, 8, 8, 8, 8, 8, 8, 4, 2, 1]",936,1.5134296813262678e-05,1.5134296813262678e-05,1e-12
03d74f55433efb144253b647ab7cc8e16c0832209776d7535ff714ff37c66487,A,hybrid_tdvp,11,rzz,0.025,2,9,7,8,2,1,1,,0.9999009683417531,0.9999009683417531,9.90316582468731e-05,0.009951588324747051,0.9999999999999996,1.0000000000000004,0.0006226120855220008,0.00012139938859638331,0.03310519200749695,8,"[1, 2, 4, 8, 8, 8, 8, 8, 8, 8, 4, 2, 1]",936,7.570738140752974e-06,7.570738140752974e-06,1e-12
cbc0531f74de8eaddff15c0f2527ab9408dd29d5a82c6d950e16dcdf2fd92b2a,A,hybrid_tdvp,11,rzz,0.025,2,9,7,8,4,1,1,,0.9999009580277546,0.9999009580277546,9.904197224541722e-05,0.009952106545505787,0.9999999999999996,0.9999999999999996,0.0006222368212793206,0.0001214393320246262,0.0794141449732706,8,"[1, 2, 4, 8, 8, 8, 8, 8, 8, 8, 4, 2, 1]",936,3.7858406447244536e-06,3.7858406447244536e-06,1e-12
fd2cdaac7919915462f2b1e17dc2550204e35c4f0e756c762e5634e6c99bb399,A,hybrid_tdvp,11,rzz,0.025,2,9,7,8,8,1,1,,0.9999009524369676,0.9999009524369676,9.904756303236173e-05,0.009952387440131357,0.9999999999999996,1.0,0.0006220479564421066,0.00012146301037851926,1.0788552580052055,8,"[1, 2, 4, 8, 8, 8, 8, 8, 8, 8, 4, 2, 1]",936,1.8929875147209184e-06,1.8929875147209184e-06,1e-12
d5c7a1fa2455e6632fca60f3b34b5b4184059934638fceef9b3db13d1c9bf7ec,A,hybrid_tdvp,11,rzz,0.025,2,9,7,16,1,1,1,,0.9999999999417644,0.9999999999417644,5.823563853368796e-11,7.629720798657438e-06,0.9999999999999996,0.9999999999999888,1.7394027906555976e-07,2.014445141345263e-08,0.022216499026399106,16,"[1, 2, 4, 8, 16, 16, 16, 16, 16, 8, 4, 2, 1]",2728,3.071190532757778e-14,3.071190532757778e-14,1e-12
19f82953fb5318a73458f1ec94d8df21937386b25891a3b2ec981a3ab81a98e2,A,hybrid_tdvp,11,rzz,0.025,2,9,7,16,2,1,1,,0.9999999999854703,0.9999999999854703,1.4529710767874349e-11,3.8125325260680785e-06,0.9999999999999996,1.0000000000000024,8.68254317679118e-08,1.0034876164429222e-08,0.09353478695265949,16,"[1, 2, 4, 8, 16, 16, 16, 16, 16, 8, 4, 2, 1]",2728,7.668122116687271e-15,7.668122116687271e-15,1e-12
0eeba5d86a1ae0377604b00a72d5ff31f0f964f60f814da1fcbfa8de5a955afa,A,hybrid_tdvp,11,rzz,0.025,2,9,7,16,4,1,1,,0.9999999999963731,0.9999999999963731,3.6268765768454614e-12,1.9056835995999318e-06,0.9999999999999996,1.0000000000000024,4.3376291575941694e-08,5.013493982026147e-09,0.049560123996343464,16,"[1, 2, 4, 8, 16, 16, 16, 16, 16, 8, 4, 2, 1]",2728,1.915790906956552e-15,1.915790906956552e-15,1e-12
58d23100233d3f39bbed25440f031374da25f768d04c0604f7507b35a50462b5,A,hybrid_tdvp,11,rzz,0.025,2,9,7,16,8,1,1,,0.9999999999991243,0.9999999999991243,8.757439218243235e-13,9.526960461417821e-07,0.9999999999999996,1.0000000000000162,2.167902991151438e-08,2.506440758441274e-09,0.10069920704700053,16,"[1, 2, 4, 8, 16, 16, 16, 16, 16, 8, 4, 2, 1]",2728,4.787922850329641e-16,4.787922850329641e-16,1e-12
a9b5c785eca44a52d1d1644eb6efd6598141a44c91997d613a14bd341c1c62a8,A,hybrid_tdvp,11,rzz,0.025,2,9,7,64,1,1,1,,0.9999999999417644,0.9999999999417644,5.823563853368796e-11,7.629720798657438e-06,0.9999999999999996,0.9999999999999888,1.7394027906555976e-07,2.014445141345263e-08,0.013402807002421468,16,"[1, 2, 4, 8, 16, 16, 16, 16, 16, 8, 4, 2, 1]",2728,3.071190532757778e-14,3.071190532757778e-14,1e-12
63b0b7922009c67649c7b018325d3571a9878bb9de6da2cc75e51b6a7ef817d3,A,hybrid_tdvp,11,rzz,0.025,2,9,7,64,2,1,1,,0.9999999999854703,0.9999999999854703,1.4529710767874349e-11,3.8125325260680785e-06,0.9999999999999996,1.0000000000000024,8.68254317679118e-08,1.0034876164429222e-08,0.05296307196840644,16,"[1, 2, 4, 8, 16, 16, 16, 16, 16, 8, 4, 2, 1]",2728,7.668122116687271e-15,7.668122116687271e-15,1e-12
91baa1811df00349783dd54919d7edfe35c2d05f68009f64bd3b06adcc248f7c,A,hybrid_tdvp,11,rzz,0.025,2,9,7,64,4,1,1,,0.9999999999963731,0.9999999999963731,3.6268765768454614e-12,1.9056835995999318e-06,0.9999999999999996,1.0000000000000024,4.3376291575941694e-08,5.013493982026147e-09,0.08788389898836613,16,"[1, 2, 4, 8, 16, 16, 16, 16, 16, 8, 4, 2, 1]",2728,1.915790906956552e-15,1.915790906956552e-15,1e-12
a1e93213d1510e9dbac1cb757ab5b2c96f78de1e097b736b00d3e698daa1a3e4,A,hybrid_tdvp,11,rzz,0.025,2,9,7,64,8,1,1,,0.9999999999991243,0.9999999999991243,8.757439218243235e-13,9.526960461417821e-07,0.9999999999999996,1.0000000000000162,2.167902991151438e-08,2.506440758441274e-09,0.12765297800069675,16,"[1, 2, 4, 8, 16, 16, 16, 16, 16, 8, 4, 2, 1]",2728,4.787922850329641e-16,4.787922850329641e-16,1e-12
b860c716fc44b0eafed25b2105ad82a2f0fadd4209e91f11ceeba09b014684d3,A,hybrid_tdvp,11,rzz,0.05,2,9,7,8,1,1,1,,0.9996051938678864,0.9996051938678864,0.00039480613211362314,0.019870709795498397,0.9999999999999996,0.9999999999999998,0.0012426753005715385,0.0002514705498507119,0.04017397097777575,8,"[1, 2, 4, 8, 8, 8, 8, 8, 8, 8, 4, 2, 1]",936,6.087739703269894e-05,6.087739703269894e-05,1e-12
e95b218b27a158f027ce5c94a99a0336b271ec54b58b472b43ef1314c5272c38,A,hybrid_tdvp,11,rzz,0.05,2,9,7,8,2,1,1,,0.9996048729229394,0.9996048729229394,0.00039512707706057526,0.019878785579718568,0.9999999999999996,0.9999999999999998,0.0012401266014262502,0.00025159749536652465,0.0343215040047653,8,"[1, 2, 4, 8, 8, 8, 8, 8, 8, 8, 4, 2, 1]",936,3.0495753297393947e-05,3.0495753297393947e-05,1e-12
40ae4f985c321e531a08c21f2a8fe90ce283fcc771f49f45d32eabbf0f423c3d,A,hybrid_tdvp,11,rzz,0.05,2,9,7,8,4,1,1,,0.999604690144537,0.999604690144537,0.0003953098554629886,0.019883383279900756,0.9999999999999996,0.999999999999999,0.0012388224496711064,0.00025177479860563,0.1544151980197057,8,"[1, 2, 4, 8, 8, 8, 8, 8, 8, 8, 4, 2, 1]",936,1.525511101310617e-05,1.525511101310617e-05,1e-12
df7541072346864f99ea7f1d2b309ef930462daaf99b9f0e9d8587139de724e5,A,hybrid_tdvp,11,rzz,0.05,2,9,7,8,8,1,1,,0.999604593495887,0.999604593495887,0.00039540650411296063,0.019885813999390694,0.9999999999999996,1.0000000000000004,0.0012381641151869016,0.0002518927229705145,0.13396917999489233,8,"[1, 2, 4, 8, 8, 8, 8, 8, 8, 8, 4, 2, 1]",936,7.628594348263857e-06,7.628594348263857e-06,1e-12
f6a75d660aaf07c773c563013ad2fb8bea2826e85b30af37267786165a025e46,A,hybrid_tdvp,11,rzz,0.05,2,9,7,16,1,1,1,,1.0000000000000053,1.0000000000000053,0.0,3.657908895849902e-14,0.9999999999999996,1.0000000000000029,1.7263968032921184e-14,5.220686566989619e-15,0.024996978987473994,16,"[1, 2, 4, 8, 16, 16, 16, 16, 16, 8, 4, 2, 1]",2728,1.8644082488929627e-31,1.8644082488929627e-31,1e-12
87e9d375843058d1562d1c7adb491d4af8c437267f0a1afce7528ef150d814e4,A,hybrid_tdvp,11,rzz,0.05,2,9,7,16,2,1,1,,0.9999999999417624,0.9999999999417624,5.823763693513229e-11,7.629720798693416e-06,0.9999999999999996,0.9999999999999882,1.7394029298151148e-07,2.057917197740978e-08,0.1525816009962,16,"[1, 2, 4, 8, 16, 16, 16, 16, 16, 8, 4, 2, 1]",2728,3.071190532706497e-14,3.071190532706497e-14,1e-12
fbb1956c09436760d862203d1208818cef4a9650f5dc58cb8a229d1c2e6687b0,A,hybrid_tdvp,11,rzz,0.05,2,9,7,16,4,1,1,,0.9999999999854654,0.9999999999854654,1.45345957491827e-11,3.812532526043303e-06,0.9999999999999996,1.0000000000000002,8.682542121732362e-08,1.027499711854586e-08,0.06795795500511304,16,"[1, 2, 4, 8, 16, 16, 16, 16, 16, 8, 4, 2, 1]",2728,7.668122116687345e-15,7.668122116687345e-15,1e-12
4e68319c9af502a705a0e4fa68d1c452aeec6e3b711e635c414cc4b3ccb97453,A,hybrid_tdvp,11,rzz,0.05,2,9,7,16,8,1,1,,0.9999999999963649,0.9999999999963649,3.6350922272276875e-12,1.9056835995470428e-06,0.9999999999999996,0.9999999999999983,4.337629150308331e-08,5.139153690069525e-09,0.12544328800868243,16,"[1, 2, 4, 8, 16, 16, 16, 16, 16, 8, 4, 2, 1]",2728,1.9157909069565523e-15,1.9157909069565523e-15,1e-12
ec94bf99d33b61dbf6da778c2bbbd68caf3b9cbd06c93a788c8cd6a23f16d49f,A,hybrid_tdvp,11,rzz,0.05,2,9,7,64,1,1,1,,1.0000000000000053,1.0000000000000053,0.0,3.657908895849902e-14,0.9999999999999996,1.0000000000000029,1.7263968032921184e-14,5.220686566989619e-15,0.07563002995448187,16,"[1, 2, 4, 8, 16, 16, 16, 16, 16, 8, 4, 2, 1]",2728,1.8644082488929627e-31,1.8644082488929627e-31,1e-12
c820cb5ca43e3741c21b46902649c8a1896aba248b4bb599808504f13e42c064,A,hybrid_tdvp,11,rzz,0.05,2,9,7,64,2,1,1,,0.9999999999417624,0.9999999999417624,5.823763693513229e-11,7.629720798693416e-06,0.9999999999999996,0.9999999999999882,1.7394029298151148e-07,2.057917197740978e-08,0.14953259099274874,16,"[1, 2, 4, 8, 16, 16, 16, 16, 16, 8, 4, 2, 1]",2728,3.071190532706497e-14,3.071190532706497e-14,1e-12
048648d98b52104f87df81d0fc135a9da1604dc18cb6deffde062a70672bb799,A,hybrid_tdvp,11,rzz,0.05,2,9,7,64,4,1,1,,0.9999999999854654,0.9999999999854654,1.45345957491827e-11,3.812532526043303e-06,0.9999999999999996,1.0000000000000002,8.682542121732362e-08,1.027499711854586e-08,0.161516293999739,16,"[1, 2, 4, 8, 16, 16, 16, 16, 16, 8, 4, 2, 1]",2728,7.668122116687345e-15,7.668122116687345e-15,1e-12
0eac9fa04ab13ecda9b3ae0cea6467f017bde1849ade4e0030066a16e383930b,A,hybrid_tdvp,11,rzz,0.05,2,9,7,64,8,1,1,,0.9999999999963649,0.9999999999963649,3.6350922272276875e-12,1.9056835995470428e-06,0.9999999999999996,0.9999999999999983,4.337629150308331e-08,5.139153690069525e-09,0.16607298201415688,16,"[1, 2, 4, 8, 16, 16, 16, 16, 16, 8, 4, 2, 1]",2728,1.9157909069565523e-15,1.9157909069565523e-15,1e-12
f9f3b33972df5efb567c8883844e64df5d0b0a35bdb572b72b2fdb3cdee850b6,A,hybrid_tdvp,11,rzz,0.1,2,9,7,8,1,1,1,,0.9984534641154871,0.9984534641154871,0.001546535884512923,0.039333627987263926,0.9999999999999996,0.9999999999999998,0.0024463192055182437,0.0005553841616240289,0.34708486299496144,8,"[1, 2, 4, 8, 8, 8, 8, 8, 8, 8, 4, 2, 1]",936,0.00024620009340164104,0.00024620009340164104,1e-12
a3a547037f034611d11bec5e3f07f36025eec1c707e95d0bcc6afc7d62cbf88b,A,hybrid_tdvp,11,rzz,0.1,2,9,7,8,2,1,1,,0.9984462332236784,0.9984462332236784,0.0015537667763215746,0.03942550942550934,0.9999999999999996,0.9999999999999991,0.0024397652988051854,0.0005557713829113897,0.8112013379577547,8,"[1, 2, 4, 8, 8, 8, 8, 8, 8, 8, 4, 2, 1]",936,0.0001237374664504603,0.0001237374664504603,1e-12
3ad1091dc08e3b97a0449d65325e3da36920e631201e7424558025fd669151f1,A,hybrid_tdvp,11,rzz,0.1,2,9,7,8,4,1,1,,0.9984426070832404,0.9984426070832404,0.0015573929167596035,0.03947150564104234,0.9999999999999996,1.000000000000001,0.0024365007301549446,0.000556838638193058,0.4906924280221574,8,"[1, 2, 4, 8, 8, 8, 8, 8, 8, 8, 4, 2, 1]",936,6.19630431319761e-05,6.19630431319761e-05,1e-12
acb660c30088f4184736450c0218300ea3390b3e665a1a7ed36b766345197317,A,hybrid_tdvp,11,rzz,0.1,2,9,7,8,8,1,1,,0.9984407930424544,0.9984407930424544,0.0015592069575456335,0.0394944959889342,0.9999999999999996,0.9999999999999992,0.0024348376675840666,0.0005575678834188416,0.14417239604517817,8,"[1, 2, 4, 8, 8, 8, 8, 8, 8, 8, 4, 2, 1]",936,3.0997088915425344e-05,3.0997088915425344e-05,1e-12
b99dce8b625e2decb4167bb5f14f70c8f6f49db80c6f913ca6ef964710ae2f00,A,hybrid_tdvp,11,rzz,0.1,2,9,7,16,1,1,1,,0.9999999999999991,0.9999999999999991,8.881784197001252e-16,1.6190990014546136e-13,0.9999999999999996,0.9999999999999999,6.455946888195285e-14,1.643185690789269e-14,0.0786866580019705,16,"[1, 2, 4, 8, 16, 16, 16, 16, 16, 8, 4, 2, 1]",2728,1.8625287607597032e-31,1.8625287607597032e-31,1e-12
4ff025a1390ddf722584c38280c37d7ae860f521bad691ff25ae4b2175a4a291,A,hybrid_tdvp,11,rzz,0.1,2,9,7,16,2,1,1,,1.0000000000000115,1.0000000000000115,0.0,3.794581668641304e-14,0.9999999999999996,1.0000000000000062,2.3314683517128287e-14,7.792555879012696e-15,0.0927730190451257,16,"[1, 2, 4, 8, 16, 16, 16, 16, 16, 8, 4, 2, 1]",2728,5.5790858839013176e-31,5.5790858839013176e-31,1e-12
fc7c497b8be1abefd9cbad80c27e533d87a3aa3afc237e28613c847b507919cb,A,hybrid_tdvp,11,rzz,0.1,2,9,7,16,4,1,1,,0.9999999999417652,0.9999999999417652,5.823475035526826e-11,7.629720798648373e-06,0.9999999999999996,0.9999999999999893,1.739402921488442e-07,2.2384938100627787e-08,0.16118767799343914,16,"[1, 2, 4, 8, 16, 16, 16, 16, 16, 8, 4, 2, 1]",2728,3.0711905327588116e-14,3.0711905327588116e-14,1e-12
9c07ca059ea04e938b61d1975352951071a0792e9688e8224e855317968e704d,A,hybrid_tdvp,11,rzz,0.1,2,9,7,16,8,1,1,,0.9999999999854889,0.9999999999854889,1.4511059021060646e-11,3.812532526122118e-06,0.9999999999999996,1.0000000000000122,8.68254513425315e-08,1.1220434829655696e-08,0.24620810500346124,16,"[1, 2, 4, 8, 16, 16, 16, 16, 16, 8, 4, 2, 1]",2728,7.668122116862414e-15,7.668122116862414e-15,1e-12
fe1e6a6203f2a48a7842a1287f1a9695971b5c15d6e42ed29857ede269d2a7d1,A,hybrid_tdvp,11,rzz,0.1,2,9,7,64,1,1,1,,0.9999999999999991,0.9999999999999991,8.881784197001252e-16,1.6190990014546136e-13,0.9999999999999996,0.9999999999999999,6.455946888195285e-14,1.643185690789269e-14,0.02058777998900041,16,"[1, 2, 4, 8, 16, 16, 16, 16, 16, 8, 4, 2, 1]",2728,1.8625287607597032e-31,1.8625287607597032e-31,1e-12
43e687c712f4c04029bc7ab4de6c17b7d9b44e0439e16608bf95d2e3e14e0713,A,hybrid_tdvp,11,rzz,0.1,2,9,7,64,2,1,1,,1.0000000000000115,1.0000000000000115,0.0,3.794581668641304e-14,0.9999999999999996,1.0000000000000062,2.3314683517128287e-14,7.792555879012696e-15,0.049573382013477385,16,"[1, 2, 4, 8, 16, 16, 16, 16, 16, 8, 4, 2, 1]",2728,5.5790858839013176e-31,5.5790858839013176e-31,1e-12
1452def8db33bac27908cf07a1a4079f6499844b474e0be6d4d8e09cd1f3ea7f,A,hybrid_tdvp,11,rzz,0.1,2,9,7,64,4,1,1,,0.9999999999417652,0.9999999999417652,5.823475035526826e-11,7.629720798648373e-06,0.9999999999999996,0.9999999999999893,1.739402921488442e-07,2.2384938100627787e-08,0.0791335140238516,16,"[1, 2, 4, 8, 16, 16, 16, 16, 16, 8, 4, 2, 1]",2728,3.0711905327588116e-14,3.0711905327588116e-14,1e-12
a6b816d652b9f82db397de8b211e8bfb652c5b4ac96f2733b828673a7139d588,A,hybrid_tdvp,11,rzz,0.1,2,9,7,64,8,1,1,,0.9999999999854889,0.9999999999854889,1.4511059021060646e-11,3.812532526122118e-06,0.9999999999999996,1.0000000000000122,8.68254513425315e-08,1.1220434829655696e-08,0.11720406200038269,16,"[1, 2, 4, 8, 16, 16, 16, 16, 16, 8, 4, 2, 1]",2728,7.668122116862414e-15,7.668122116862414e-15,1e-12
fa23d8e4aeceec003473fb3e21420d15dcb27bb360b6031f63ccd9c0a70f714e,A,hybrid_tdvp,11,rzz,0.2,2,9,7,8,1,1,1,,0.994515260670705,0.994515260670705,0.005484739329295052,0.07410992251976549,0.9999999999999996,1.0000000000000007,0.0059785690621152465,0.001326975656184295,0.024167527968529612,8,"[1, 2, 4, 8, 8, 8, 8, 8, 8, 8, 4, 2, 1]",936,0.0009762894616230893,0.0009762894616230893,1e-12
95795669b030ea20f08f8b8a4eee73ef3157c543a92aef146d32fd4274b6862e,A,hybrid_tdvp,11,rzz,0.2,2,9,7,8,2,1,1,,0.9942920058213234,0.9942920058213234,0.005707994178676623,0.07560530939019842,0.9999999999999996,1.0000000000000002,0.006434133983449053,0.0013698324095103005,0.08748246397590265,8,"[1, 2, 4, 8, 8, 8, 8, 8, 8, 8, 4, 2, 1]",936,0.0004959439445558881,0.0004959439445558881,1e-12
b81048b4b80c42ce3128ab3dbe0a24b39f4555938d4ee6a379cbbf4e82190e4d,A,hybrid_tdvp,11,rzz,0.2,2,9,7,8,4,1,1,,0.9942061671166403,0.9942061671166403,0.005793832883359662,0.07617249771345079,0.9999999999999996,1.0,0.006608830065176763,0.0013893488500996607,0.14280279097147286,8,"[1, 2, 4, 8, 8, 8, 8, 8, 8, 8, 4, 2, 1]",936,0.0002499696383135178,0.0002499696383135178,1e-12
bf07dc467a67d308d2fa0770da6f6f14685270d7cf8b86d1313a6e06d8cda98c,A,hybrid_tdvp,11,rzz,0.2,2,9,7,8,8,1,1,,0.9941675363927887,0.9941675363927887,0.005832463607211347,0.07642638881135744,0.9999999999999996,1.0000000000000002,0.006687988465921446,0.0013989205868400775,0.13383212900953367,8,"[1, 2, 4, 8, 8, 8, 8, 8, 8, 8, 4, 2, 1]",936,0.0001254065403970981,0.0001254065403970981,1e-12
2618e9120b93cd4f31383e1f286df2e2267eb14199acc25c1a5fd5e1506b59df,A,hybrid_tdvp,11,rzz,0.2,2,9,7,16,1,1,1,,1.0000000000000053,1.0000000000000053,0.0,1.2196465327918975e-13,0.9999999999999996,1.0000000000000033,6.583622536027178e-14,2.3913184262120133e-14,0.04666491301031783,16,"[1, 2, 4, 8, 16, 16, 16, 16, 16, 8, 4, 2, 1]",2728,1.8549910291709725e-31,1.8549910291709725e-31,1e-12
edf925df75716e742ba25dfea3e675c1184c4d6cca2ee0947c235e580d967629,A,hybrid_tdvp,11,rzz,0.2,2,9,7,16,2,1,1,,0.9999999999999947,0.9999999999999947,5.329070518200751e-15,2.494624938599344e-14,0.9999999999999996,0.9999999999999978,1.4654943925052066e-14,5.204654916795881e-15,0.05451609496958554,16,"[1, 2, 4, 8, 16, 16, 16, 16, 16, 8, 4, 2, 1]",2728,5.561220280192106e-31,5.561220280192106e-31,1e-12
fb317a55dea3ec2f7f33f23834f000b138f0cb361df60b45efc0c90b7c0b963e,A,hybrid_tdvp,11,rzz,0.2,2,9,7,16,4,1,1,,1.0000000000000155,1.0000000000000155,0.0,9.74525025927627e-14,0.9999999999999996,1.0000000000000084,7.243511346288756e-14,1.9894019334328358e-14,0.1400142450002022,16,"[1, 2, 4, 8, 16, 16, 16, 16, 16, 8, 4, 2, 1]",2728,1.2987271150565536e-30,1.2987271150565536e-30,1e-12
c847a0f1b86c1d94394834f825eecfc5dfb3d070cc046a97ae967db1bc66f89a,A,hybrid_tdvp,11,rzz,0.2,2,9,7,16,8,1,1,,0.9999999999417881,0.9999999999417881,5.821187976096098e-11,7.629720798667712e-06,0.9999999999999996,1.0000000000000009,1.739402870279405e-07,2.866206662298822e-08,0.20621572603704408,16,"[1, 2, 4, 8, 16, 16, 16, 16, 16, 8, 4, 2, 1]",2728,3.07119053270663e-14,3.07119053270663e-14,1e-12
fdadbf75d65e5937f1ccc30a6021ac57858f160de2e3ee6a145f9d4adc4b5b2b,A,hybrid_tdvp,11,rzz,0.2,2,9,7,64,1,1,1,,1.0000000000000053,1.0000000000000053,0.0,1.2196465327918975e-13,0.9999999999999996,1.0000000000000033,6.583622536027178e-14,2.3913184262120133e-14,0.18668171303579584,16,"[1, 2, 4, 8, 16, 16, 16, 16, 16, 8, 4, 2, 1]",2728,1.8549910291709725e-31,1.8549910291709725e-31,1e-12
10f8b9993824976ff5b4665d93bfa8e5ade1e1023e931be99fdc28bb207c71e7,A,hybrid_tdvp,11,rzz,0.2,2,9,7,64,2,1,1,,0.9999999999999947,0.9999999999999947,5.329070518200751e-15,2.494624938599344e-14,0.9999999999999996,0.9999999999999978,1.4654943925052066e-14,5.204654916795881e-15,0.08720781898591667,16,"[1, 2, 4, 8, 16, 16, 16, 16, 16, 8, 4, 2, 1]",2728,5.561220280192106e-31,5.561220280192106e-31,1e-12
8161d6093bc88200468c003f8e0cd0da5143f24cf3878580c78567f974464af7,A,hybrid_tdvp,11,rzz,0.2,2,9,7,64,4,1,1,,1.0000000000000155,1.0000000000000155,0.0,9.74525025927627e-14,0.9999999999999996,1.0000000000000084,7.243511346288756e-14,1.9894019334328358e-14,0.15257939195726067,16,"[1, 2, 4, 8, 16, 16, 16, 16, 16, 8, 4, 2, 1]",2728,1.2987271150565536e-30,1.2987271150565536e-30,1e-12
22b78da5ccb022b215722cf2d25cea1a9d1b5e1d5cc212db434106518421be52,A,hybrid_tdvp,11,rzz,0.2,2,9,7,64,8,1,1,,0.9999999999417881,0.9999999999417881,5.821187976096098e-11,7.629720798667712e-06,0.9999999999999996,1.0000000000000009,1.739402870279405e-07,2.866206662298822e-08,0.7340142690227367,16,"[1, 2, 4, 8, 16, 16, 16, 16, 16, 8, 4, 2, 1]",2728,3.07119053270663e-14,3.07119053270663e-14,1e-12
937af0731e87d004ede4c61764f936d7604af6cc240ae602ea4306c59a60d718,A,mpo_zipup,11,rxx,0.025,2,9,7,8,,1,1,,0.8951305801939559,0.8951305801939559,0.10486941980604414,0.23213485804353295,0.9999999999999996,0.9726836112946006,0.09984166032976738,0.025211314615271402,0.008637999009806663,8,"[1, 2, 4, 8, 8, 8, 8, 8, 8, 8, 4, 2, 1]",936,0.055034124750721475,0.055034124750721475,1e-12
94c6531d63b8f30fa554986293d54949b74184f4c204b227b181a7e8209620bb,A,mpo_zipup,11,rxx,0.025,2,9,7,16,,1,1,,0.9999999999999944,0.9999999999999944,5.551115123125783e-15,3.3686239041061472e-15,0.9999999999999996,0.9999999999999976,7.105427357601002e-15,1.994971325603604e-15,0.004889033967629075,16,"[1, 2, 4, 8, 16, 16, 16, 16, 16, 8, 4, 2, 1]",2728,1.1708878026720665e-31,1.1708878026720665e-31,1e-12
1c3b1bf0ea67c48258590f5a9e075d135bbc8454d565ee5857d711402c88fd1d,A,mpo_zipup,11,rxx,0.025,2,9,7,64,,1,1,,0.9999999999999944,0.9999999999999944,5.551115123125783e-15,3.3686239041061472e-15,0.9999999999999996,0.9999999999999976,7.105427357601002e-15,1.994971325603604e-15,0.004328986979089677,16,"[1, 2, 4, 8, 16, 16, 16, 16, 16, 8, 4, 2, 1]",2728,1.1708878026720665e-31,1.1708878026720665e-31,1e-12
2898f6e40fa47a9bfcb5c1ec5548f3003beef394cb00fb8038491e0141fdc9a7,A,mpo_zipup,11,rxx,0.05,2,9,7,8,,1,1,,0.8951305801939592,0.8951305801939592,0.10486941980604081,0.23213485804353276,0.9999999999999996,0.9726836112946023,0.09984166032975583,0.025209526677580762,0.0028404879849404097,8,"[1, 2, 4, 8, 8, 8, 8, 8, 8, 8, 4, 2, 1]",936,0.055034124750721454,0.055034124750721454,1e-12
df985e7fa2c693bec7b5cdedb56ca185bcd9c72ab77fc04b5ab5c3029fc7d35d,A,mpo_zipup,11,rxx,0.05,2,9,7,16,,1,1,,0.9999999999999967,0.9999999999999967,3.3306690738754696e-15,3.871773141672103e-15,0.9999999999999996,0.999999999999999,3.1086244689504383e-15,1.0696839774070591e-15,0.0030412919586524367,16,"[1, 2, 4, 8, 16, 16, 16, 16, 16, 8, 4, 2, 1]",2728,1.2170976694495743e-31,1.2170976694495743e-31,1e-12
1410d154eae7ee983dfa046b56e02605bb8660b199272c5f2c5ba772d9cc4423,A,mpo_zipup,11,rxx,0.05,2,9,7,64,,1,1,,0.9999999999999967,0.9999999999999967,3.3306690738754696e-15,3.871773141672103e-15,0.9999999999999996,0.999999999999999,3.1086244689504383e-15,1.0696839774070591e-15,0.0030342130339704454,16,"[1, 2, 4, 8, 16, 16, 16, 16, 16, 8, 4, 2, 1]",2728,1.2170976694495743e-31,1.2170976694495743e-31,1e-12
d375ae647517844640f4a232efa2273bf069fd6588b8671d72f3bb53086b87ab,A,mpo_zipup,11,rxx,0.1,2,9,7,8,,1,1,,0.8951305801939591,0.8951305801939591,0.10486941980604092,0.23213485804353276,0.9999999999999996,0.9726836112946023,0.09984166032976072,0.025205991695288112,0.0037699060048907995,8,"[1, 2, 4, 8, 8, 8, 8, 8, 8, 8, 4, 2, 1]",936,0.05503412475072148,0.05503412475072148,1e-12
cfc9164ee5bc63f081693f139a81b27fcd376eb462504da371d2c5062610719b,A,mpo_zipup,11,rxx,0.1,2,9,7,16,,1,1,,0.9999999999999978,0.9999999999999978,2.220446049250313e-15,3.794026473795165e-15,0.9999999999999996,0.999999999999999,3.9968028886505635e-15,9.361399938951822e-16,0.006133902992587537,16,"[1, 2, 4, 8, 16, 16, 16, 16, 16, 8, 4, 2, 1]",2728,1.2154217813561222e-31,1.2154217813561222e-31,1e-12
45e91f7d35bd455cf5c3e4c10b94901f114957c3783b6745b9b59b518dbfa919,A,mpo_zipup,11,rxx,0.1,2,9,7,64,,1,1,,0.9999999999999978,0.9999999999999978,2.220446049250313e-15,3.794026473795165e-15,0.9999999999999996,0.999999999999999,3.9968028886505635e-15,9.361399938951822e-16,0.007186628005001694,16,"[1, 2, 4, 8, 16, 16, 16, 16, 16, 8, 4, 2, 1]",2728,1.2154217813561222e-31,1.2154217813561222e-31,1e-12
bbf41f08f28a7d6c9c2f3744e846adca9f25aa20cfa188358ea218f3a430845d,A,mpo_zipup,11,rxx,0.2,2,9,7,8,,1,1,,0.8951305801939553,0.8951305801939553,0.1048694198060447,0.23213485804353282,0.9999999999999996,0.9726836112946,0.09984166032976982,0.02519920801615026,0.002877535007428378,8,"[1, 2, 4, 8, 8, 8, 8, 8, 8, 8, 4, 2, 1]",936,0.055034124750721475,0.055034124750721475,1e-12
28171f72e09fbdb82fa7fd05b7fa7f2d69d77c082e624153b2ab8356bbb75202,A,mpo_zipup,11,rxx,0.2,2,9,7,16,,1,1,,0.9999999999999971,0.9999999999999971,2.886579864025407e-15,3.3153925017649496e-15,0.9999999999999996,0.9999999999999988,2.886579864025407e-15,8.939632835683425e-16,0.003049086022656411,16,"[1, 2, 4, 8, 16, 16, 16, 16, 16, 8, 4, 2, 1]",2728,1.1687972592618136e-31,1.1687972592618136e-31,1e-12
5aa2055761e4741e02d082a63b417e6addf6a90e2816abf423f15c316be9a4ab,A,mpo_zipup,11,rxx,0.2,2,9,7,64,,1,1,,0.9999999999999971,0.9999999999999971,2.886579864025407e-15,3.3153925017649496e-15,0.9999999999999996,0.9999999999999988,2.886579864025407e-15,8.939632835683425e-16,0.003089154022745788,16,"[1, 2, 4, 8, 16, 16, 16, 16, 16, 8, 4, 2, 1]",2728,1.1687972592618136e-31,1.1687972592618136e-31,1e-12
be45f7db3cb97729fd37ade4372326155db9d13219bd75d53335d566bdd369b1,A,mpo_zipup,11,ryy,0.025,2,9,7,8,,1,1,,0.905103452565316,0.905103452565316,0.09489654743468401,0.2205238049975814,0.9999999999999996,0.9753815927263494,0.09016018204190202,0.022441052641079616,0.0028297780081629753,8,"[1, 2, 4, 8, 8, 8, 8, 8, 8, 8, 4, 2, 1]",936,0.04957482314218157,0.04957482314218157,1e-12
3b6851484ecc85e20b649273d9e633150357728b50678278603a3c10b1c7adfb,A,mpo_zipup,11,ryy,0.025,2,9,7,16,,1,1,,0.9999999999999962,0.9999999999999962,3.774758283725532e-15,3.1834510253683277e-15,0.9999999999999996,0.9999999999999981,5.329070518200751e-15,1.4939658395366068e-15,0.003069282043725252,16,"[1, 2, 4, 8, 16, 16, 16, 16, 16, 8, 4, 2, 1]",2728,1.2924186251146e-31,1.2924186251146e-31,1e-12
d25d93198f4b8ec7c12ca45a96340c8a18eb4928b9952182d658cd7949e1e788,A,mpo_zipup,11,ryy,0.025,2,9,7,64,,1,1,,0.9999999999999962,0.9999999999999962,3.774758283725532e-15,3.1834510253683277e-15,0.9999999999999996,0.9999999999999981,5.329070518200751e-15,1.4939658395366068e-15,0.003162109002005309,16,"[1, 2, 4, 8, 16, 16, 16, 16, 16, 8, 4, 2, 1]",2728,1.2924186251146e-31,1.2924186251146e-31,1e-12
b42b8a0250249d9e5463edcdb894b251c51bb2d5eeffbbe584657c9af49df99c,A,mpo_zipup,11,ryy,0.05,2,9,7,8,,1,1,,0.9051034525653097,0.9051034525653097,0.09489654743469034,0.2205238049975815,0.9999999999999996,0.9753815927263461,0.09016018204191623,0.022451212135661078,0.0038227160112001,8,"[1, 2, 4, 8, 8, 8, 8, 8, 8, 8, 4, 2, 1]",936,0.04957482314218175,0.04957482314218175,1e-12
0c348fcb6e9923007b66aad24bd8f501b1ff0b5b7896bb514db33885f4c51108,A,mpo_zipup,11,ryy,0.05,2,9,7,16,,1,1,,0.9999999999999949,0.9999999999999949,5.10702591327572e-15,3.288189769129123e-15,0.9999999999999996,0.9999999999999981,5.995204332975845e-15,1.477250660113472e-15,0.00311191298533231,16,"[1, 2, 4, 8, 16, 16, 16, 16, 16, 8, 4, 2, 1]",2728,1.3286269652995747e-31,1.3286269652995747e-31,1e-12
b8d31176ced0ce939dbad6bd6240da7b756716cc541c6336d8fbb8d28d3ae46d,A,mpo_zipup,11,ryy,0.05,2,9,7,64,,1,1,,0.9999999999999949,0.9999999999999949,5.10702591327572e-15,3.288189769129123e-15,0.9999999999999996,0.9999999999999981,5.995204332975845e-15,1.477250660113472e-15,0.0031001580064184964,16,"[1, 2, 4, 8, 16, 16, 16, 16, 16, 8, 4, 2, 1]",2728,1.3286269652995747e-31,1.3286269652995747e-31,1e-12
3c80889d9bb646119b47dc082f9bc0675797265ee53e7870d83a7df4a4fa8c19,A,mpo_zipup,11,ryy,0.1,2,9,7,8,,1,1,,0.9051034525653177,0.9051034525653177,0.09489654743468234,0.22052380499758137,0.9999999999999996,0.9753815927263499,0.09016018204190268,0.022470897441705214,0.004096377990208566,8,"[1, 2, 4, 8, 8, 8, 8, 8, 8, 8, 4, 2, 1]",936,0.04957482314218159,0.04957482314218159,1e-12
09f549bdf87ba98141a7902ddd6a4ccf6f76fbc3348a4d56c1eeb24c021b8d42,A,mpo_zipup,11,ryy,0.1,2,9,7,16,,1,1,,0.9999999999999964,0.9999999999999964,3.552713678800501e-15,3.306870910319296e-15,0.9999999999999996,0.9999999999999986,3.774758283725532e-15,1.0556450040857696e-15,0.010224892001133412,16,"[1, 2, 4, 8, 16, 16, 16, 16, 16, 8, 4, 2, 1]",2728,1.3299141973426816e-31,1.3299141973426816e-31,1e-12
ecf6add9fac6dfde6680322ef6b994564e406283faae00966cad91fe894620c4,A,mpo_zipup,11,ryy,0.1,2,9,7,64,,1,1,,0.9999999999999964,0.9999999999999964,3.552713678800501e-15,3.306870910319296e-15,0.9999999999999996,0.9999999999999986,3.774758283725532e-15,1.0556450040857696e-15,0.004755797970574349,16,"[1, 2, 4, 8, 16, 16, 16, 16, 16, 8, 4, 2, 1]",2728,1.3299141973426816e-31,1.3299141973426816e-31,1e-12
fc51ed2529a89d0b7be9ff1755bfaba2921e535e48aa571b16fa4e99b7a0ed40,A,mpo_zipup,11,ryy,0.2,2,9,7,8,,1,1,,0.9051034525653083,0.9051034525653083,0.09489654743469167,0.2205238049975814,0.9999999999999996,0.975381592726345,0.090160182041924,0.022507515294198806,0.0028436110005714,8,"[1, 2, 4, 8, 8, 8, 8, 8, 8, 8, 4, 2, 1]",936,0.04957482314218162,0.04957482314218162,1e-12
509111c62cbbe2c644e09134a66db97fa518490339a3da63f1f9e48a66e4122a,A,mpo_zipup,11,ryy,0.2,2,9,7,16,,1,1,,0.9999999999999947,0.9999999999999947,5.329070518200751e-15,3.82767679400873e-15,0.9999999999999996,0.9999999999999977,6.439293542825908e-15,1.872669472139952e-15,0.0030466070165857673,16,"[1, 2, 4, 8, 16, 16, 16, 16, 16, 8, 4, 2, 1]",2728,1.2766602986120628e-31,1.2766602986120628e-31,1e-12
6c4808936836ff666212943559f23bed4473a6fd076299e1d80d302dd19541b7,A,mpo_zipup,11,ryy,0.2,2,9,7,64,,1,1,,0.9999999999999947,0.9999999999999947,5.329070518200751e-15,3.82767679400873e-15,0.9999999999999996,0.9999999999999977,6.439293542825908e-15,1.872669472139952e-15,0.0034702090197242796,16,"[1, 2, 4, 8, 16, 16, 16, 16, 16, 8, 4, 2, 1]",2728,1.2766602986120628e-31,1.2766602986120628e-31,1e-12
c8276aaebe1c8f66393e3b641011af242dc8d509885d03a7554f0783e631254a,A,mpo_zipup,11,rzz,0.025,2,9,7,8,,1,1,,0.8948679673619352,0.8948679673619352,0.10513203263806481,0.23243361970696066,0.9999999999999996,0.9726122621219201,0.10023753371294086,0.025447502995123328,0.0028044380014762282,8,"[1, 2, 4, 8, 8, 8, 8, 8, 8, 8, 4, 2, 1]",936,0.05518299890421604,0.05518299890421604,1e-12
90ea401e1af6ce33d59ea2e28429234781668ef5a271c7917ac94aea27f9ad49,A,mpo_zipup,11,rzz,0.025,2,9,7,16,,1,1,,1.0000000000000062,1.0000000000000062,0.0,9.008522796920294e-15,0.9999999999999996,1.000000000000003,1.3988810110276972e-14,3.79259037368219e-15,0.0032267210190184414,16,"[1, 2, 4, 8, 16, 16, 16, 16, 16, 8, 4, 2, 1]",2728,1.1801544126272974e-31,1.1801544126272974e-31,1e-12
65b7bcb91bead7e2cbb03357c23977e88f34cd06ddec0b2b122e30169735501d,A,mpo_zipup,11,rzz,0.025,2,9,7,64,,1,1,,1.0000000000000062,1.0000000000000062,0.0,9.008522796920294e-15,0.9999999999999996,1.000000000000003,1.3988810110276972e-14,3.79259037368219e-15,0.0030950060463510454,16,"[1, 2, 4, 8, 16, 16, 16, 16, 16, 8, 4, 2, 1]",2728,1.1801544126272974e-31,1.1801544126272974e-31,1e-12
98859ee783b04bb74c635b1010be4e3bca4517dce861bd736a9da8d4a18bcf77,A,mpo_zipup,11,rzz,0.05,2,9,7,8,,1,1,,0.8948679673619377,0.8948679673619377,0.10513203263806226,0.23243361970696072,0.9999999999999996,0.9726122621219213,0.10023753371293731,0.02544654632200685,0.0022213420015759766,8,"[1, 2, 4, 8, 8, 8, 8, 8, 8, 8, 4, 2, 1]",936,0.055182998904216046,0.055182998904216046,1e-12
f687425b822f4914300b0d00897d6d12eee5e2de22ac254f3fb89d1a592950f4,A,mpo_zipup,11,rzz,0.05,2,9,7,16,,1,1,,1.0000000000000027,1.0000000000000027,0.0,5.410102403101358e-15,0.9999999999999996,1.0000000000000018,9.769962616701378e-15,2.3630198967443966e-15,0.0030457809916697443,16,"[1, 2, 4, 8, 16, 16, 16, 16, 16, 8, 4, 2, 1]",2728,1.1888390059055768e-31,1.1888390059055768e-31,1e-12
264af12f0e011bf7b9923b3e7fd0dbc27cc1a4f5b66ee702fa1f6c2db762a86c,A,mpo_zipup,11,rzz,0.05,2,9,7,64,,1,1,,1.0000000000000027,1.0000000000000027,0.0,5.410102403101358e-15,0.9999999999999996,1.0000000000000018,9.769962616701378e-15,2.3630198967443966e-15,0.0033836420043371618,16,"[1, 2, 4, 8, 16, 16, 16, 16, 16, 8, 4, 2, 1]",2728,1.1888390059055768e-31,1.1888390059055768e-31,1e-12
30ed86dc54b535d7972c3188f786318b5e54d882aa5a3199f6f8999b008be8da,A,mpo_zipup,11,rzz,0.1,2,9,7,8,,1,1,,0.8948679673619377,0.8948679673619377,0.10513203263806226,0.23243361970696078,0.9999999999999996,0.9726122621219216,0.1002375337129362,0.02544494465580057,0.0028120779898017645,8,"[1, 2, 4, 8, 8, 8, 8, 8, 8, 8, 4, 2, 1]",936,0.055182998904215935,0.055182998904215935,1e-12
b0119f490630cf6f8bae34b9b19fe29fcddcdd3bbd51fe16e235dcf27a264d52,A,mpo_zipup,11,rzz,0.1,2,9,7,16,,1,1,,0.9999999999999991,0.9999999999999991,8.881784197001252e-16,8.179726054540789e-15,0.9999999999999996,1.0,4.073130721593543e-15,1.3819471452807893e-15,0.005898921983316541,16,"[1, 2, 4, 8, 16, 16, 16, 16, 16, 8, 4, 2, 1]",2728,1.1820819572024469e-31,1.1820819572024469e-31,1e-12
a3dde8683370dbd8c1791b3bcffcc861b6031a684e67d9eb11b99827d7e0fef1,A,mpo_zipup,11,rzz,0.1,2,9,7,64,,1,1,,0.9999999999999991,0.9999999999999991,8.881784197001252e-16,8.179726054540789e-15,0.9999999999999996,1.0,4.073130721593543e-15,1.3819471452807893e-15,0.004782566044013947,16,"[1, 2, 4, 8, 16, 16, 16, 16, 16, 8, 4, 2, 1]",2728,1.1820819572024469e-31,1.1820819572024469e-31,1e-12
2dd0ed3061e52602cf0175f680eb5f4fdca03a64987fd42ea28c5576bf6067e9,A,mpo_zipup,11,rzz,0.2,2,9,7,8,,1,1,,0.8948679673619335,0.8948679673619335,0.10513203263806647,0.2324336197069606,0.9999999999999996,0.9726122621219195,0.10023753371294508,0.025442875389429333,0.002782083989586681,8,"[1, 2, 4, 8, 8, 8, 8, 8, 8, 8, 4, 2, 1]",936,0.055182998904215935,0.055182998904215935,1e-12
0634606c4b903a8b2674da813007779935529003fd77277b3db503e608b8a227,A,mpo_zipup,11,rzz,0.2,2,9,7,16,,1,1,,1.0000000000000027,1.0000000000000027,0.0,8.974829327036516e-15,0.9999999999999996,1.0000000000000016,7.549516567451064e-15,2.28781381831471e-15,0.0031075619626790285,16,"[1, 2, 4, 8, 16, 16, 16, 16, 16, 8, 4, 2, 1]",2728,1.1920142163852487e-31,1.1920142163852487e-31,1e-12
d3487994a35c5b24e7e0d032ff88230768e55cb5e747e86bcddc1b544c9a24d1,A,mpo_zipup,11,rzz,0.2,2,9,7,64,,1,1,,1.0000000000000027,1.0000000000000027,0.0,8.974829327036516e-15,0.9999999999999996,1.0000000000000016,7.549516567451064e-15,2.28781381831471e-15,0.0034476870205253363,16,"[1, 2, 4, 8, 16, 16, 16, 16, 16, 8, 4, 2, 1]",2728,1.1920142163852487e-31,1.1920142163852487e-31,1e-12
3b34ab53012594076ebd6b4a07ee5f4ecf6acaf9f159d054963d60990eaf2d54,A,tebd_swap,11,rxx,0.025,2,9,7,8,,1,1,,0.44902233725651514,0.44902233725651514,0.5509776627434848,0.5491038009286868,0.9999999999999996,0.8010602753075664,0.6861768953109466,0.19313437972547845,0.004206173005513847,8,"[1, 2, 4, 8, 8, 8, 8, 8, 8, 8, 4, 2, 1]",936,0.5274932447518047,0.5274932447518047,1e-12
619dfd37168b45e65b3a557f3b3b3b66d772ae63bf21fd41908a6c5895badaa4,A,tebd_swap,11,rxx,0.025,2,9,7,16,,1,1,,0.9999999999999987,0.9999999999999987,1.3322676295501878e-15,4.4680814591240894e-15,0.9999999999999996,0.9999999999999989,3.9968028886505635e-15,1.193750760605689e-15,0.00934418203542009,16,"[1, 2, 4, 8, 16, 16, 16, 16, 16, 8, 4, 2, 1]",2728,1.0397040161065005e-30,1.0397040161065005e-30,1e-12
95e55fe60f128ffb4a4faef209d5612e5527c3d53edcf419c6e29240703643f3,A,tebd_swap,11,rxx,0.025,2,9,7,64,,1,1,,0.9999999999999987,0.9999999999999987,1.3322676295501878e-15,4.4680814591240894e-15,0.9999999999999996,0.9999999999999989,3.9968028886505635e-15,1.193750760605689e-15,0.003195221011992544,16,"[1, 2, 4, 8, 16, 16, 16, 16, 16, 8, 4, 2, 1]",2728,1.0397040161065005e-30,1.0397040161065005e-30,1e-12
cfec7c7eb8e4a94623266c4b166f7cc2ac393f28937ecac7d39a186f70b4d7df,A,tebd_swap,11,rxx,0.05,2,9,7,8,,1,1,,0.4482702349999859,0.4482702349999859,0.5517297650000141,0.5496440119493886,0.9999999999999996,0.8007298309756599,0.6872186491500112,0.19347633871156902,0.0026764540234580636,8,"[1, 2, 4, 8, 8, 8, 8, 8, 8, 8, 4, 2, 1]",936,0.5277071190690076,0.5277071190690076,1e-12
de0a530c2cf4346e99bcde0233af32fde6d1fdefbdeee9d1b9ff6226993e85dd,A,tebd_swap,11,rxx,0.05,2,9,7,16,,1,1,,1.0000000000000018,1.0000000000000018,0.0,3.847724063311115e-15,0.9999999999999996,1.0000000000000022,7.327471962526033e-15,2.1215819891456326e-15,0.0031797019764781,16,"[1, 2, 4, 8, 16, 16, 16, 16, 16, 8, 4, 2, 1]",2728,1.1457102822953162e-30,1.1457102822953162e-30,1e-12
a03c5aa59488fca60cf96c436eea18514d4c12065248040a18b6cb80ede72d32,A,tebd_swap,11,rxx,0.05,2,9,7,64,,1,1,,1.0000000000000018,1.0000000000000018,0.0,3.847724063311115e-15,0.9999999999999996,1.0000000000000022,7.327471962526033e-15,2.1215819891456326e-15,0.003119182016234845,16,"[1, 2, 4, 8, 16, 16, 16, 16, 16, 8, 4, 2, 1]",2728,1.1457102822953162e-30,1.1457102822953162e-30,1e-12
77f6edee844ad275abd63a1e3746fb350a36e7078c0824a439042a928f3689bb,A,tebd_swap,11,rxx,0.1,2,9,7,8,,1,1,,0.44666376550221215,0.44666376550221215,0.5533362344977879,0.550821671983404,0.9999999999999996,0.8000391764131491,0.6893847197767373,0.19414066278773087,0.0026224330067634583,8,"[1, 2, 4, 8, 8, 8, 8, 8, 8, 8, 4, 2, 1]",936,0.5284270673168588,0.5284270673168588,1e-12
77225776afdfc87b77b0a59a84a7c1d12747a40273b4bad8fb52dea732ebf57c,A,tebd_swap,11,rxx,0.1,2,9,7,16,,1,1,,1.0000000000000018,1.0000000000000018,0.0,3.515810684524645e-15,0.9999999999999996,1.0000000000000009,6.217248937900877e-15,1.7135683795896427e-15,0.0066881420207209885,16,"[1, 2, 4, 8, 16, 16, 16, 16, 16, 8, 4, 2, 1]",2728,9.412963206916211e-31,9.412963206916211e-31,1e-12
9fbfe495e1fbf5242ad2e2a8998c33f7765e46ebdd058dd020a3b623fe7bf311,A,tebd_swap,11,rxx,0.1,2,9,7,64,,1,1,,1.0000000000000018,1.0000000000000018,0.0,3.515810684524645e-15,0.9999999999999996,1.0000000000000009,6.217248937900877e-15,1.7135683795896427e-15,0.0031379450228996575,16,"[1, 2, 4, 8, 16, 16, 16, 16, 16, 8, 4, 2, 1]",2728,9.412963206916211e-31,9.412963206916211e-31,1e-12
28850e275ff0c1d6ec114dc9b0639599c79fd660373a1bc752655ec7cfa7bf4a,A,tebd_swap,11,rxx,0.2,2,9,7,8,,1,1,,0.44316892382793,0.44316892382793,0.5568310761720701,0.5533337149835102,0.9999999999999996,0.7984966360800677,0.6941801987196285,0.19541213485204334,0.00461053301114589,8,"[1, 2, 4, 8, 8, 8, 8, 8, 8, 8, 4, 2, 1]",936,0.5312787179829651,0.5312787179829651,1e-12
1f9749814dab7509e5fc174ceffe9169fb37cb138d8eafbde6a9819230bd6073,A,tebd_swap,11,rxx,0.2,2,9,7,16,,1,1,,1.0000000000000044,1.0000000000000044,0.0,5.092632382219717e-15,0.9999999999999996,1.0000000000000036,1.2878587085651816e-14,3.629261259746719e-15,0.003122030000668019,16,"[1, 2, 4, 8, 16, 16, 16, 16, 16, 8, 4, 2, 1]",2728,1.1291344997548893e-30,1.1291344997548893e-30,1e-12
9f890ec7490ee4df347ca08463ce1879222fdf62418179120280224206f69eeb,A,tebd_swap,11,rxx,0.2,2,9,7,64,,1,1,,1.0000000000000044,1.0000000000000044,0.0,5.092632382219717e-15,0.9999999999999996,1.0000000000000036,1.2878587085651816e-14,3.629261259746719e-15,0.0031518369796685874,16,"[1, 2, 4, 8, 16, 16, 16, 16, 16, 8, 4, 2, 1]",2728,1.1291344997548893e-30,1.1291344997548893e-30,1e-12
905c8518607d15cdbca9e0844e368b43dc53ee2efe83efd66c40fd420d10de44,A,tebd_swap,11,ryy,0.025,2,9,7,8,,1,1,,0.44979325082190075,0.44979325082190075,0.5502067491780993,0.5486675594393906,0.9999999999999996,0.8014790317873463,0.6848571148141422,0.19271655976590088,0.002967495995108038,8,"[1, 2, 4, 8, 8, 8, 8, 8, 8, 8, 4, 2, 1]",936,0.5273154815514333,0.5273154815514333,1e-12
e70cfaac1a7ef145d000800c58b603b5e56ee51bfa2ffafd422afa8eb8fdde87,A,tebd_swap,11,ryy,0.025,2,9,7,16,,1,1,,1.0,1.0,0.0,4.248353144756241e-15,0.9999999999999996,0.9999999999999998,3.774758283725532e-15,1.1795374530734533e-15,0.003157715022098273,16,"[1, 2, 4, 8, 16, 16, 16, 16, 16, 8, 4, 2, 1]",2728,1.069872035029523e-30,1.069872035029523e-30,1e-12
ba7151e3c3747a9aa0a4d5575b1ec72ac44b1026576f9e51a3f6dc75e86956ab,A,tebd_swap,11,ryy,0.025,2,9,7,64,,1,1,,1.0,1.0,0.0,4.248353144756241e-15,0.9999999999999996,0.9999999999999998,3.774758283725532e-15,1.1795374530734533e-15,0.008821511000860482,16,"[1, 2, 4, 8, 16, 16, 16, 16, 16, 8, 4, 2, 1]",2728,1.069872035029523e-30,1.069872035029523e-30,1e-12
d77cdb3dae3d3c469e27ccee1765ebc79c04edc9ca0634016eb628d20a177ec1,A,tebd_swap,11,ryy,0.05,2,9,7,8,,1,1,,0.4497133317507505,0.4497133317507505,0.5502866682492495,0.5488263237148792,0.9999999999999996,0.8015133886763887,0.6847499809526525,0.19267370351918045,0.0026780019979923964,8,"[1, 2, 4, 8, 8, 8, 8, 8, 8, 8, 4, 2, 1]",936,0.5274678144154394,0.5274678144154394,1e-12
dc35beb255e87ea82dad95af1efe9798659e91d5af1093a67bd91c977997c4a6,A,tebd_swap,11,ryy,0.05,2,9,7,16,,1,1,,1.0000000000000009,1.0000000000000009,0.0,3.2615624861807505e-15,0.9999999999999996,1.000000000000001,6.439293542825908e-15,1.877015227256852e-15,0.0032303929910995066,16,"[1, 2, 4, 8, 16, 16, 16, 16, 16, 8, 4, 2, 1]",2728,1.0214697992840316e-30,1.0214697992840316e-30,1e-12
3b5c3648e448eefecd4fb54a2681ce40de57f6b88955f65ca540f4937ba4bc97,A,tebd_swap,11,ryy,0.05,2,9,7,64,,1,1,,1.0000000000000009,1.0000000000000009,0.0,3.2615624861807505e-15,0.9999999999999996,1.000000000000001,6.439293542825908e-15,1.877015227256852e-15,0.0031118810293264687,16,"[1, 2, 4, 8, 16, 16, 16, 16, 16, 8, 4, 2, 1]",2728,1.0214697992840316e-30,1.0214697992840316e-30,1e-12
fe691bcaf59ed89dfc264c856ed1585b4c64dacc795b9bcc1dcf30a23b655e2b,A,tebd_swap,11,ryy,0.1,2,9,7,8,,1,1,,0.44895708528173767,0.44895708528173767,0.5510429147182623,0.5495359984453384,0.9999999999999996,0.8012958335045872,0.6854306915705792,0.19276639977732674,0.0027063849847763777,8,"[1, 2, 4, 8, 8, 8, 8, 8, 8, 8, 4, 2, 1]",936,0.5283712916011009,0.5283712916011009,1e-12
c984ce695ad8c514077676a25f4af280a9cc2fc9ab9a89c1cd3f40ade2cd1c2d,A,tebd_swap,11,ryy,0.1,2,9,7,16,,1,1,,1.0000000000000036,1.0000000000000036,0.0,4.173364269752816e-15,0.9999999999999996,1.0000000000000022,9.769962616701378e-15,2.8331113706924268e-15,0.008864544972311705,16,"[1, 2, 4, 8, 16, 16, 16, 16, 16, 8, 4, 2, 1]",2728,1.204921849170756e-30,1.204921849170756e-30,1e-12
f7ee20e7db9f38dcead894826412d5354a55a428f5a2ed4bd98300aea83f07a8,A,tebd_swap,11,ryy,0.1,2,9,7,64,,1,1,,1.0000000000000036,1.0000000000000036,0.0,4.173364269752816e-15,0.9999999999999996,1.0000000000000022,9.769962616701378e-15,2.8331113706924268e-15,0.005988617951516062,16,"[1, 2, 4, 8, 16, 16, 16, 16, 16, 8, 4, 2, 1]",2728,1.204921849170756e-30,1.204921849170756e-30,1e-12
493d4e1b2406f3046c893515dcf1b7b32dc99c5e22fa04c0291b73f8288f4446,A,tebd_swap,11,ryy,0.2,2,9,7,8,,1,1,,0.4448931371963536,0.4448931371963536,0.5551068628036464,0.55263727442748,0.9999999999999996,0.7996337660237955,0.690621586912519,0.19370882831201838,0.0027212860295549035,8,"[1, 2, 4, 8, 8, 8, 8, 8, 8, 8, 4, 2, 1]",936,0.5325209971643325,0.5325209971643325,1e-12
bea1d63d9c8bccdb5a17f075de88ed58a8ec87d99b52a915a57ea8b188b7f317,A,tebd_swap,11,ryy,0.2,2,9,7,16,,1,1,,0.9999999999999987,0.9999999999999987,1.3322676295501878e-15,3.59261458218247e-15,0.9999999999999996,1.0,2.55351295663786e-15,7.804916243860563e-16,0.00471731903962791,16,"[1, 2, 4, 8, 16, 16, 16, 16, 16, 8, 4, 2, 1]",2728,1.0073224797419264e-30,1.0073224797419264e-30,1e-12
fa2d6a08f9ca0ffc70561897be6d2c14c23a4694e4c56c478b962ed2399ba13c,A,tebd_swap,11,ryy,0.2,2,9,7,64,,1,1,,0.9999999999999987,0.9999999999999987,1.3322676295501878e-15,3.59261458218247e-15,0.9999999999999996,1.0,2.55351295663786e-15,7.804916243860563e-16,0.003176847007125616,16,"[1, 2, 4, 8, 16, 16, 16, 16, 16, 8, 4, 2, 1]",2728,1.0073224797419264e-30,1.0073224797419264e-30,1e-12
003898615c21e5cb8972a87de55a4b580b33cfea10535d010e520196be192007,A,tebd_swap,11,rzz,0.025,2,9,7,8,,1,1,,0.44950503206962167,0.44950503206962167,0.5504949679303783,0.5487610270647876,0.9999999999999996,0.8012748552716044,0.6854968572844728,0.1929324947435045,0.002838263986632228,8,"[1, 2, 4, 8, 8, 8, 8, 8, 8, 8, 4, 2, 1]",936,0.5273295944469574,0.5273295944469574,1e-12
53899231a66151d2e41a84446e3681634cc1229a5680f7c3843945353c2b15f9,A,tebd_swap,11,rzz,0.025,2,9,7,16,,1,1,,1.0000000000000004,1.0000000000000004,0.0,4.311247502124116e-15,0.9999999999999996,1.000000000000001,4.6629367034256575e-15,1.6173215575809043e-15,0.0031398870050907135,16,"[1, 2, 4, 8, 16, 16, 16, 16, 16, 8, 4, 2, 1]",2728,8.924185949514583e-31,8.924185949514583e-31,1e-12
89eb636ebfa148299b0dd8bac915f614c76cf32b3286fcec502952b79bd10f33,A,tebd_swap,11,rzz,0.025,2,9,7,64,,1,1,,1.0000000000000004,1.0000000000000004,0.0,4.311247502124116e-15,0.9999999999999996,1.000000000000001,4.6629367034256575e-15,1.6173215575809043e-15,0.005405320960562676,16,"[1, 2, 4, 8, 16, 16, 16, 16, 16, 8, 4, 2, 1]",2728,8.924185949514583e-31,8.924185949514583e-31,1e-12
05f6d8c87ae0425607b1d2546126333ca651794e901887766840bf243697ce2d,A,tebd_swap,11,rzz,0.05,2,9,7,8,,1,1,,0.44919070914271986,0.44919070914271986,0.5508092908572801,0.548981620294321,0.9999999999999996,0.8011333493487459,0.6859378413919246,0.19308124410493546,0.0027062559965997934,8,"[1, 2, 4, 8, 8, 8, 8, 8, 8, 8, 4, 2, 1]",936,0.5274107228560019,0.5274107228560019,1e-12
0709e3cff887dd8013441b66ae927ec3c5ab0699faa0c44ee77356b808ecf8ab,A,tebd_swap,11,rzz,0.05,2,9,7,16,,1,1,,0.9999999999999987,0.9999999999999987,1.3322676295501878e-15,3.5282240857017525e-15,0.9999999999999996,0.9999999999999998,2.220446049250313e-15,6.302374930171436e-16,0.0031384449684992433,16,"[1, 2, 4, 8, 16, 16, 16, 16, 16, 8, 4, 2, 1]",2728,7.380029975001574e-31,7.380029975001574e-31,1e-12
8dc37be5d76eb0f48b683bc1679a19eedb89ea02369fdc16e33e1bf0c05e295d,A,tebd_swap,11,rzz,0.05,2,9,7,64,,1,1,,0.9999999999999987,0.9999999999999987,1.3322676295501878e-15,3.5282240857017525e-15,0.9999999999999996,0.9999999999999998,2.220446049250313e-15,6.302374930171436e-16,0.0033705650130286813,16,"[1, 2, 4, 8, 16, 16, 16, 16, 16, 8, 4, 2, 1]",2728,7.380029975001574e-31,7.380029975001574e-31,1e-12
ccf062181040b40169b0bfd8f8ca6d58f0df5bb722987880fd176f4a34d5f098,A,tebd_swap,11,rzz,0.1,2,9,7,8,,1,1,,0.44814158706168505,0.44814158706168505,0.551858412938315,0.5497375173006076,0.9999999999999996,0.8006740284316335,0.6873624676308305,0.1934653993350074,0.006491932028438896,8,"[1, 2, 4, 8, 8, 8, 8, 8, 8, 8, 4, 2, 1]",936,0.5278949900262279,0.5278949900262279,1e-12
a70f8f6992af0303cdb7ab702dc8370725ee9d87e833e4bc509db8725e8c8321,A,tebd_swap,11,rzz,0.1,2,9,7,16,,1,1,,0.999999999999998,0.999999999999998,1.9984014443252818e-15,3.2532916001186287e-15,0.9999999999999996,0.9999999999999986,2.4424906541753444e-15,6.178030900637365e-16,0.0031878220033831894,16,"[1, 2, 4, 8, 16, 16, 16, 16, 16, 8, 4, 2, 1]",2728,9.090679172905534e-31,9.090679172905534e-31,1e-12
91734e9a8d49d088fad84c1e9cce8f1a02ea00609a9cc91abcb597c5d9d4f341,A,tebd_swap,11,rzz,0.1,2,9,7,64,,1,1,,0.999999999999998,0.999999999999998,1.9984014443252818e-15,3.2532916001186287e-15,0.9999999999999996,0.9999999999999986,2.4424906541753444e-15,6.178030900637365e-16,0.010212616994976997,16,"[1, 2, 4, 8, 16, 16, 16, 16, 16, 8, 4, 2, 1]",2728,9.090679172905534e-31,9.090679172905534e-31,1e-12
a1c0aaba189aa7611e897ea697877244ad48100bfbfb4827d9a7e39de0b19d84,A,tebd_swap,11,rzz,0.2,2,9,7,8,,1,1,,0.4448290597366953,0.4448290597366953,0.5551709402633047,0.5521697676828292,0.9999999999999996,0.7992506389447357,0.6917492953961455,0.19435875499493993,0.0026207520277239382,8,"[1, 2, 4, 8, 8, 8, 8, 8, 8, 8, 4, 2, 1]",936,0.5299913304791136,0.5299913304791136,1e-12
ec1bbf70fad205dd473b6dd64ab3501345644e8c15f3ae0e3978285f74f963b3,A,tebd_swap,11,rzz,0.2,2,9,7,16,,1,1,,0.9999999999999942,0.9999999999999942,5.773159728050814e-15,4.703095574283779e-15,0.9999999999999996,0.9999999999999969,8.43769498715119e-15,2.3755097852886027e-15,0.005292257992550731,16,"[1, 2, 4, 8, 16, 16, 16, 16, 16, 8, 4, 2, 1]",2728,9.617213657104322e-31,9.617213657104322e-31,1e-12
bad0364a603311db1c9a3ce02206874e925bfa02c9d21eade822d7482c886c3a,A,tebd_swap,11,rzz,0.2,2,9,7,64,,1,1,,0.9999999999999942,0.9999999999999942,5.773159728050814e-15,4.703095574283779e-15,0.9999999999999996,0.9999999999999969,8.43769498715119e-15,2.3755097852886027e-15,0.003935594984795898,16,"[1, 2, 4, 8, 16, 16, 16, 16, 16, 8, 4, 2, 1]",2728,9.617213657104322e-31,9.617213657104322e-31,1e-12
a29d9ee32172f5d199e0908a9d712a7b4bb20c854eea708df5001d432a888964,B,exact,11,rxx,0.1,4,7,3,,,1,1,,0.9999999999999982,0.9999999999999982,1.7763568394002505e-15,0.0,0.9999999999999996,0.9999999999999996,0.0,0.0,0.0,8,"[1, 2, 4, 8, 8, 8, 8, 8, 8, 8, 4, 2, 1]",936,0.0,0.0,1e-12
119294c08b88e93ac5436fa144dfac67868ce6a1036134cab143d95a9144dd09,B,exact,11,rxx,0.1,3,8,5,,,1,1,,0.9999999999999978,0.9999999999999978,2.220446049250313e-15,0.0,0.9999999999999996,0.9999999999999998,0.0,0.0,0.0,8,"[1, 2, 4, 8, 8, 8, 8, 8, 8, 8, 4, 2, 1]",936,0.0,0.0,1e-12
788b21ca83ee7d6c6c5ae177f78c50607c17e6f149edb0f7acf63865fa7c2a2c,B,exact,11,rxx,0.1,2,9,7,,,1,1,,0.9999999999999987,0.9999999999999987,1.3322676295501878e-15,0.0,0.9999999999999996,0.9999999999999997,0.0,0.0,0.0,8,"[1, 2, 4, 8, 8, 8, 8, 8, 8, 8, 4, 2, 1]",936,0.0,0.0,1e-12
ca6e6c79ee09d02c7568fcaa203ad09716913ace300faf87f3494f25a336aaec,B,exact,11,ryy,0.1,4,7,3,,,1,1,,0.9999999999999982,0.9999999999999982,1.7763568394002505e-15,0.0,0.9999999999999996,0.9999999999999993,0.0,0.0,0.0,8,"[1, 2, 4, 8, 8, 8, 8, 8, 8, 8, 4, 2, 1]",936,0.0,0.0,1e-12
b7806456a10ff955e2df21f760b1b57d7ff327b9eeadc32694320799d56507b8,B,exact,11,ryy,0.1,3,8,5,,,1,1,,0.9999999999999982,0.9999999999999982,1.7763568394002505e-15,0.0,0.9999999999999996,0.9999999999999994,0.0,0.0,0.0,8,"[1, 2, 4, 8, 8, 8, 8, 8, 8, 8, 4, 2, 1]",936,0.0,0.0,1e-12
9ea01f0eedc6d41cdb4d103b641a48a696ed0eb3e19cd6a350e259b33956fb30,B,exact,11,ryy,0.1,2,9,7,,,1,1,,0.9999999999999982,0.9999999999999982,1.7763568394002505e-15,0.0,0.9999999999999996,0.9999999999999998,0.0,0.0,0.0,8,"[1, 2, 4, 8, 8, 8, 8, 8, 8, 8, 4, 2, 1]",936,0.0,0.0,1e-12
32594699c84a188a8fbee19da69a401ce59080f9e3e8b4f6174fb7a4c4d8dc8c,B,exact,11,rzz,0.1,4,7,3,,,1,1,,0.9999999999999987,0.9999999999999987,1.3322676295501878e-15,0.0,0.9999999999999996,0.9999999999999991,0.0,0.0,0.0,8,"[1, 2, 4, 8, 8, 8, 8, 8, 8, 8, 4, 2, 1]",936,0.0,0.0,1e-12
94c02fcb008af2a8a539b0d466c463385d9bc89ab25a11e2f91666b7624efde2,B,exact,11,rzz,0.1,3,8,5,,,1,1,,0.9999999999999971,0.9999999999999971,2.886579864025407e-15,0.0,0.9999999999999996,0.9999999999999993,0.0,0.0,0.0,8,"[1, 2, 4, 8, 8, 8, 8, 8, 8, 8, 4, 2, 1]",936,0.0,0.0,1e-12
e3f19569c37004edc008696b4c140b9daa818ba50e7bfefc6d3605421a7768ba,B,exact,11,rzz,0.1,2,9,7,,,1,1,,0.999999999999998,0.999999999999998,1.9984014443252818e-15,0.0,0.9999999999999996,0.9999999999999994,0.0,0.0,0.0,8,"[1, 2, 4, 8, 8, 8, 8, 8, 8, 8, 4, 2, 1]",936,0.0,0.0,1e-12
d760348056a758474be4119ff62802f926e0d45b7555b5c59004802c761a198c,B,hybrid_tdvp,11,rxx,0.1,4,7,3,8,1,1,1,,0.9994633344382567,0.9994633344382567,0.0005366655617432547,0.023167597707810836,0.9999999999999996,0.9999999999999998,0.0023541467575485964,0.00043580731168166477,0.055166483973152936,8,"[1, 2, 4, 8, 8, 8, 8, 8, 8, 8, 4, 2, 1]",936,0.00016964124649235764,0.00016964124649235764,1e-12
1caf6fc891e8479f47e16a27ca871c6d6e708191f3e2b0157524b1f398e80870,B,hybrid_tdvp,11,rxx,0.1,4,7,3,8,8,1,1,,0.9994574618275834,0.9994574618275834,0.0005425381724165623,0.023294028833600888,0.9999999999999996,0.9999999999999996,0.0024154745923123284,0.00045033012439046617,0.09823730698553845,8,"[1, 2, 4, 8, 8, 8, 8, 8, 8, 8, 4, 2, 1]",936,2.149199302835374e-05,2.149199302835374e-05,1e-12
c96f599dd31c6cf7218cad36efa5e9ecf67cee00be366b9eb253fa7f069aafe7,B,hybrid_tdvp,11,rxx,0.1,4,7,3,64,1,1,1,,1.0,1.0,0.0,1.7206825187936894e-14,0.9999999999999996,1.0000000000000004,1.0269562977782698e-14,2.5844853674390514e-15,0.007834587944671512,16,"[1, 2, 4, 8, 8, 16, 16, 16, 8, 8, 4, 2, 1]",1960,7.250519453379896e-32,7.250519453379896e-32,1e-12
f58ea9dc6acdccee810c426350bf757701d97dd4313c04c6777bcd288511e77e,B,hybrid_tdvp,11,rxx,0.1,4,7,3,64,8,1,1,,1.000000000000007,1.000000000000007,0.0,7.143048687655754e-14,0.9999999999999996,1.0000000000000038,5.540012892879531e-14,1.2816481168169076e-14,0.048277658002916723,16,"[1, 2, 4, 8, 8, 16, 16, 16, 8, 8, 4, 2, 1]",1960,9.827919059184568e-31,9.827919059184568e-31,1e-12
693a8a852d2310987fe3ddcaffbcdceb08b87406088d17f1007065a946a4dcad,B,hybrid_tdvp,11,rxx,0.1,3,8,5,8,1,1,1,,0.998754064265074,0.998754064265074,0.0012459357349260403,0.03530331522456696,0.9999999999999996,1.0000000000000009,0.002553805161814797,0.0005354953767335545,0.020591368025634438,8,"[1, 2, 4, 8, 8, 8, 8, 8, 8, 8, 4, 2, 1]",936,0.0002676538694431708,0.0002676538694431708,1e-12
d5d1b03b0c7061d68bdbb43c0795573dd04fca8f37e4cf1026a323c5bb447f63,B,hybrid_tdvp,11,rxx,0.1,3,8,5,8,8,1,1,,0.9987408942889686,0.9987408942889686,0.001259105711031383,0.035489467416984416,0.9999999999999996,1.0000000000000016,0.002853336979880064,0.0005626932697598828,0.1474013080005534,8,"[1, 2, 4, 8, 8, 8, 8, 8, 8, 8, 4, 2, 1]",936,3.338552620417372e-05,3.338552620417372e-05,1e-12
dd3efab4a64f0623835d9ad69c57c8e4e9fd0a5394bf7d5cb6024c43805bfbd1,B,hybrid_tdvp,11,rxx,0.1,3,8,5,64,1,1,1,,1.000000000000007,1.000000000000007,0.0,1.9431385987707097e-14,0.9999999999999996,1.0000000000000042,2.1316282072803006e-14,5.850521711621027e-15,0.041109877987764776,16,"[1, 2, 4, 8, 16, 16, 16, 16, 16, 8, 4, 2, 1]",2728,1.930565852236199e-31,1.930565852236199e-31,1e-12
d1e25cfa2b6533f66e84b342bbf41a9562d86640b45f88cd4b6ff95798bac2bc,B,hybrid_tdvp,11,rxx,0.1,3,8,5,64,8,1,1,,0.999999999984281,0.999999999984281,1.5718981671852816e-11,3.9623547142836385e-06,0.9999999999999996,0.9999999999999905,4.080997814334686e-08,5.8906629483554124e-09,0.09014100796775892,16,"[1, 2, 4, 8, 16, 16, 16, 16, 16, 8, 4, 2, 1]",2728,6.084496618467006e-14,6.084496618467006e-14,1e-12
97d8b724dd26f4243ac77a4b96d568a8c1a7d2b50e7ccf76550587a97917760b,B,hybrid_tdvp,11,rxx,0.1,2,9,7,8,1,1,1,,0.998926135070698,0.998926135070698,0.0010738649293019487,0.03277427925482141,0.9999999999999996,1.0000000000000004,0.002697226286321658,0.00043833183942926506,0.022290681023150682,8,"[1, 2, 4, 8, 8, 8, 8, 8, 8, 8, 4, 2, 1]",936,0.0001615846889029573,0.0001615846889029573,1e-12
2dbe855364e309c39f9b75af0e394cdbb9a9c7e3da3b04662947a680e59e7a59,B,hybrid_tdvp,11,rxx,0.1,2,9,7,8,8,1,1,,0.9989197872936125,0.9989197872936125,0.0010802127063874734,0.03287102947769823,0.9999999999999996,1.0,0.0025938448679575996,0.00042805654653296917,0.14266667800256982,8,"[1, 2, 4, 8, 8, 8, 8, 8, 8, 8, 4, 2, 1]",936,2.0244747923788245e-05,2.0244747923788245e-05,1e-12
92576c19df075b8a589947ed209ec9b6885db90dbfecea388d33216e0a44f716,B,hybrid_tdvp,11,rxx,0.1,2,9,7,64,1,1,1,,1.0000000000000098,1.0000000000000098,0.0,2.2313137793845224e-14,0.9999999999999996,1.0000000000000049,2.1316282072803006e-14,7.028660219279919e-15,0.08469683898147196,16,"[1, 2, 4, 8, 16, 16, 16, 16, 16, 8, 4, 2, 1]",2728,1.9190264543978879e-31,1.9190264543978879e-31,1e-12
81d2c9bbd012f94728fe501331a2a913f44d3ade7e99e5db2908f9b4ab103377,B,hybrid_tdvp,11,rxx,0.1,2,9,7,64,8,1,1,,0.9999999999706977,0.9999999999706977,2.930233833353668e-11,5.41475156227875e-06,0.9999999999999996,1.0000000000000089,5.828101815041897e-08,8.60474677296798e-09,0.19232648803154007,16,"[1, 2, 4, 8, 16, 16, 16, 16, 16, 8, 4, 2, 1]",2728,5.05286132784982e-15,5.05286132784982e-15,1e-12
074b24adac6304263b1b8ff3eba5d2516f151ea4722c0e652daf57b13f6efbe5,B,hybrid_tdvp,11,ryy,0.1,4,7,3,8,1,1,1,,0.9993015904565075,0.9993015904565075,0.0006984095434925397,0.02642974706773353,0.9999999999999996,0.9999999999999987,0.0017504654004125986,0.00044704252056452885,0.01099196303403005,8,"[1, 2, 4, 8, 8, 8, 8, 8, 8, 8, 4, 2, 1]",936,0.000217047536197613,0.000217047536197613,1e-12
de281c6e4ce3ddcacc35d4e689895f86616b971b911429fb9a28d480f7fc7c7a,B,hybrid_tdvp,11,ryy,0.1,4,7,3,8,8,1,1,,0.9992908551163371,0.9992908551163371,0.0007091448836629155,0.026632135661187068,0.9999999999999996,1.0,0.0018409233215480464,0.00046248249625634337,0.5796866519958712,8,"[1, 2, 4, 8, 8, 8, 8, 8, 8, 8, 4, 2, 1]",936,2.733825625855879e-05,2.733825625855879e-05,1e-12
fdf71261ba4165bf47f008ad369b39984a47f601a3ebf214c9337f15e217a94e,B,hybrid_tdvp,11,ryy,0.1,4,7,3,64,1,1,1,,1.0000000000000053,1.0000000000000053,0.0,1.6014737075071997e-14,0.9999999999999996,1.0000000000000029,1.1546319456101628e-14,3.895699230656065e-15,0.013772310980129987,16,"[1, 2, 4, 8, 8, 16, 16, 16, 8, 8, 4, 2, 1]",1960,7.246846527274857e-32,7.246846527274857e-32,1e-12
b9cb2443e83c5d6038f66dab6bfb13fb81ecaa29048d48f79806ff53769fcc14,B,hybrid_tdvp,11,ryy,0.1,4,7,3,64,8,1,1,,0.9999999999914606,0.9999999999914606,8.539391416206854e-12,2.9187774041958142e-06,0.9999999999999996,0.9999999999999901,1.4095138629877102e-07,2.777494223205342e-08,0.057239304995164275,16,"[1, 2, 4, 8, 8, 16, 16, 16, 8, 8, 4, 2, 1]",1960,2.2926327000162027e-14,2.2926327000162027e-14,1e-12
6aa900ed6ede90880dad96fa254886af73232883664274a6b1628646a61c6925,B,hybrid_tdvp,11,ryy,0.1,3,8,5,8,1,1,1,,0.9991013569252775,0.9991013569252775,0.0008986430747225382,0.029980744742758792,0.9999999999999996,1.0000000000000002,0.0032434740286100827,0.0005711613019113971,0.03255794395226985,8,"[1, 2, 4, 8, 8, 8, 8, 8, 8, 8, 4, 2, 1]",936,0.00020373367878574958,0.00020373367878574958,1e-12
8d173a5b3eb0b650186397c96161715f8cef325c1ba799bfb9e21a2ce1b77abc,B,hybrid_tdvp,11,ryy,0.1,3,8,5,8,8,1,1,,0.9990960514595045,0.9990960514595045,0.0009039485404954695,0.030069135564852488,0.9999999999999996,1.0000000000000004,0.0032130621426428863,0.0005705539690264775,0.9784279130399227,8,"[1, 2, 4, 8, 8, 8, 8, 8, 8, 8, 4, 2, 1]",936,2.5452511165023398e-05,2.5452511165023398e-05,1e-12
45293363088259eac8ad38d57361d588f34c7be4920c3927dac8007f1cc6e86e,B,hybrid_tdvp,11,ryy,0.1,3,8,5,64,1,1,1,,1.0000000000000075,1.0000000000000075,0.0,2.023832577991538e-14,0.9999999999999996,1.000000000000004,2.042810365310288e-14,6.104922074030957e-15,0.12125323200598359,16,"[1, 2, 4, 8, 16, 16, 16, 16, 16, 8, 4, 2, 1]",2728,1.908997203961213e-31,1.908997203961213e-31,1e-12
e1966c4abb090d905540bfff509cd9d41e567a05b2040e74cc0b1fed97670230,B,hybrid_tdvp,11,ryy,0.1,3,8,5,64,8,1,1,,0.9999999999111375,0.9999999999111375,8.886247293560245e-11,9.42531840432026e-06,0.9999999999999996,0.9999999999999878,1.0772893363486524e-07,1.48309711711086e-08,0.22395955002866685,16,"[1, 2, 4, 8, 16, 16, 16, 16, 16, 8, 4, 2, 1]",2728,4.822545075184916e-14,4.822545075184916e-14,1e-12
a0057dbef8ed6b4046e0098dc9f8dc4dad9c64ffef1cdacf32db868d6ccce3d6,B,hybrid_tdvp,11,ryy,0.1,2,9,7,8,1,1,1,,0.9987550430476986,0.9987550430476986,0.0012449569523014237,0.03528944138323329,0.9999999999999996,1.0000000000000002,0.002858251502615705,0.000661855398809692,0.6431306240265258,8,"[1, 2, 4, 8, 8, 8, 8, 8, 8, 8, 4, 2, 1]",936,0.0002477083731674697,0.0002477083731674697,1e-12
e7884ffd69c85237f7afb357233b846b311e4863432823f86ca18551086d7c28,B,hybrid_tdvp,11,ryy,0.1,2,9,7,8,8,1,1,,0.9987433420314633,0.9987433420314633,0.0012566579685366897,0.03545494343678283,0.9999999999999996,0.9999999999999998,0.002804025864081322,0.00066067019689129,0.7380440560518764,8,"[1, 2, 4, 8, 8, 8, 8, 8, 8, 8, 4, 2, 1]",936,3.085521913402281e-05,3.085521913402281e-05,1e-12
1250b7ac79b43c75a6df756f7ad3ee0f7048a396675ddedcc84a87041b6e2fb3,B,hybrid_tdvp,11,ryy,0.1,2,9,7,64,1,1,1,,0.9999999999999987,0.9999999999999987,1.3322676295501878e-15,2.020747948467643e-14,0.9999999999999996,1.0,1.4210854715202004e-14,4.000860101453127e-15,0.08056790399132296,16,"[1, 2, 4, 8, 16, 16, 16, 16, 16, 8, 4, 2, 1]",2728,1.910224229720939e-31,1.910224229720939e-31,1e-12
a5b78c722a08a0d44c5b311590c3f0ceee2dd7a64699df1f0fcba7e03380ef74,B,hybrid_tdvp,11,ryy,0.1,2,9,7,64,8,1,1,,0.9999999999181166,0.9999999999181166,8.18833889582038e-11,9.04827323264483e-06,0.9999999999999996,0.9999999999999941,1.3137933154577786e-07,1.8441896322314424e-08,0.12177942105336115,16,"[1, 2, 4, 8, 16, 16, 16, 16, 16, 8, 4, 2, 1]",2728,7.617447246939505e-14,7.617447246939505e-14,1e-12
9e2fe4e1261d9ed8a4a0afa5ea109b9f761365cc65c4a0c59406473e97677f15,B,hybrid_tdvp,11,rzz,0.1,4,7,3,8,1,1,1,,0.9994170215474929,0.9994170215474929,0.0005829784525070991,0.024146706675065188,0.9999999999999996,1.0000000000000004,0.0010993519782719688,0.0002679630011110211,0.01246153999818489,8,"[1, 2, 4, 8, 8, 8, 8, 8, 8, 8, 4, 2, 1]",936,0.00021504141263881395,0.00021504141263881395,1e-12
8df9d4e16fe582fa10deb6c08e463cd2952dc45511e180913ab2e9dbf6a47602,B,hybrid_tdvp,11,rzz,0.1,4,7,3,8,8,1,1,,0.9994043038808654,0.9994043038808654,0.00059569611913457,0.024408704575098816,0.9999999999999996,1.0000000000000007,0.0011193757245071788,0.00028232811379132937,0.10287710902048275,8,"[1, 2, 4, 8, 8, 8, 8, 8, 8, 8, 4, 2, 1]",936,2.7338405326567213e-05,2.7338405326567213e-05,1e-12
7ad85ff59011db871bef47aad8ca54d3a2240c4db8c0852cbb056ceda66a7e09,B,hybrid_tdvp,11,rzz,0.1,4,7,3,64,1,1,1,,1.0000000000000018,1.0000000000000018,0.0,1.4952938099774127e-14,0.9999999999999996,1.0000000000000013,9.325873406851315e-15,3.1918748530243703e-15,0.05822562094544992,16,"[1, 2, 4, 8, 8, 16, 16, 16, 8, 8, 4, 2, 1]",1960,6.686848665577194e-32,6.686848665577194e-32,1e-12
65f75c8e13f2d4c1be47bb9ce851041b7eed03e2625fb8a54cc4f2dba066aafe,B,hybrid_tdvp,11,rzz,0.1,4,7,3,64,8,1,1,,1.0000000000000036,1.0000000000000036,0.0,6.640335452452192e-14,0.9999999999999996,1.000000000000002,5.47201173262124e-14,1.1038830818642986e-14,0.08705620397813618,16,"[1, 2, 4, 8, 8, 16, 16, 16, 8, 8, 4, 2, 1]",1960,9.757095154200556e-31,9.757095154200556e-31,1e-12
44b4b192900f0f9aa95f76e9a2524a8efaaa8f59fad9cd289d2f76ce1f744f96,B,hybrid_tdvp,11,rzz,0.1,3,8,5,8,1,1,1,,0.999165418969131,0.999165418969131,0.000834581030868975,0.028892131021151037,0.9999999999999996,0.999999999999999,0.0032218452528043895,0.0006368240635646401,0.3425361050176434,8,"[1, 2, 4, 8, 8, 8, 8, 8, 8, 8, 4, 2, 1]",936,0.0001768741625207094,0.0001768741625207094,1e-12
b381a03a160ef5fb2f7302c4ac9612b4ac0a057ad7874f9323fee49b1f34945d,B,hybrid_tdvp,11,rzz,0.1,3,8,5,8,8,1,1,,0.9991627663890845,0.9991627663890845,0.0008372336109154777,0.028938018666473487,0.9999999999999996,0.9999999999999997,0.0031519838187564486,0.0006320636929083118,0.49219729303149506,8,"[1, 2, 4, 8, 8, 8, 8, 8, 8, 8, 4, 2, 1]",936,2.2057706572754596e-05,2.2057706572754596e-05,1e-12
fa03bb98ddacddd8025608ebe443f309f208b34093bf7b6dbab8ca8fd5673d75,B,hybrid_tdvp,11,rzz,0.1,3,8,5,64,1,1,1,,0.9999999999999885,0.9999999999999885,1.1546319456101628e-14,1.8830730070396557e-14,0.9999999999999996,0.9999999999999951,2.2648549702353193e-14,6.413802131872068e-15,0.06273054197663441,16,"[1, 2, 4, 8, 16, 16, 16, 16, 16, 8, 4, 2, 1]",2728,1.8601731746421397e-31,1.8601731746421397e-31,1e-12
86b3ab706a49013ac3e8ca6469d613f613fa67de22ef987bb395a2541c7a4cd7,B,hybrid_tdvp,11,rzz,0.1,3,8,5,64,8,1,1,,0.9999999998611129,0.9999999998611129,1.3888712402376768e-10,1.1783924292355453e-05,0.9999999999999996,0.9999999999999868,3.753088556601725e-08,7.987831759755082e-09,0.13207829999737442,16,"[1, 2, 4, 8, 16, 16, 16, 16, 16, 8, 4, 2, 1]",2728,3.749199026802059e-14,3.749199026802059e-14,1e-12
e23fbf956c9987e7141ad995a3824cdfa97bfd731219c8130372048e8309adf1,B,hybrid_tdvp,11,rzz,0.1,2,9,7,8,1,1,1,,0.9984534641154871,0.9984534641154871,0.001546535884512923,0.039333627987263926,0.9999999999999996,0.9999999999999998,0.0024463192055182437,0.0005553841616240289,0.377754068991635,8,"[1, 2, 4, 8, 8, 8, 8, 8, 8, 8, 4, 2, 1]",936,0.00024620009340164104,0.00024620009340164104,1e-12
f2a0cac14a260b38dfd3708ad3b370aa42191bb084c52377e9016793b0d41513,B,hybrid_tdvp,11,rzz,0.1,2,9,7,8,8,1,1,,0.9984407930424544,0.9984407930424544,0.0015592069575456335,0.0394944959889342,0.9999999999999996,0.9999999999999992,0.0024348376675840666,0.0005575678834188416,0.5251208370318636,8,"[1, 2, 4, 8, 8, 8, 8, 8, 8, 8, 4, 2, 1]",936,3.0997088915425344e-05,3.0997088915425344e-05,1e-12
95a57913f441d8c66b4da1147eb5c1fada922bf9db13689519a0f49d71e9bd65,B,hybrid_tdvp,11,rzz,0.1,2,9,7,64,1,1,1,,0.9999999999999991,0.9999999999999991,8.881784197001252e-16,1.6190990014546136e-13,0.9999999999999996,0.9999999999999999,6.455946888195285e-14,1.643185690789269e-14,0.06450828799279407,16,"[1, 2, 4, 8, 16, 16, 16, 16, 16, 8, 4, 2, 1]",2728,1.8625287607597032e-31,1.8625287607597032e-31,1e-12
a64c624bad37c0ec115deaef1ba07374faf0f6711dba11d87c98deb17b515e7d,B,hybrid_tdvp,11,rzz,0.1,2,9,7,64,8,1,1,,0.9999999999854889,0.9999999999854889,1.4511059021060646e-11,3.812532526122118e-06,0.9999999999999996,1.0000000000000122,8.68254513425315e-08,1.1220434829655696e-08,0.1192162079969421,16,"[1, 2, 4, 8, 16, 16, 16, 16, 16, 8, 4, 2, 1]",2728,7.668122116862414e-15,7.668122116862414e-15,1e-12
6abf47549e71a96fba1837dcf692b9b2693d930451074c7006625c7fd0c00a04,B,mpo_zipup,11,rxx,0.1,4,7,3,8,,1,1,,0.9607346516507403,0.9607346516507403,0.039265348349259654,0.14081645583144517,0.9999999999999996,0.9900357194399937,0.037752965096460755,0.009670871608383915,0.0031331900390796363,8,"[1, 2, 4, 8, 8, 8, 8, 8, 8, 8, 4, 2, 1]",936,0.01992546974858927,0.01992546974858927,1e-12
577fd2db4695008dea5761c7058ecc4f53e53194de3128e04536eff8f3648ccf,B,mpo_zipup,11,rxx,0.1,4,7,3,64,,1,1,,0.9999999999999947,0.9999999999999947,5.329070518200751e-15,5.5797431347575125e-15,0.9999999999999996,0.9999999999999982,7.105427357601002e-15,2.075446169961919e-15,0.0028093549772165716,16,"[1, 2, 4, 8, 8, 16, 16, 16, 8, 8, 4, 2, 1]",1960,4.012896630806123e-32,4.012896630806123e-32,1e-12
3ad759748084eec3849f7c672837389bb9301d7cfadc49f386b3d9b6def5bc28,B,mpo_zipup,11,rxx,0.1,3,8,5,8,,1,1,,0.9298683060557651,0.9298683060557651,0.07013169394423491,0.1889529212460876,0.9999999999999996,0.9819861473323177,0.0674464470493652,0.01746680134602785,0.004124146013054997,8,"[1, 2, 4, 8, 8, 8, 8, 8, 8, 8, 4, 2, 1]",936,0.03614586473246873,0.03614586473246873,1e-12
2aedc601171500fd9f9682d35aa49851796363c0a546d3648bd3db535a344a4f,B,mpo_zipup,11,rxx,0.1,3,8,5,64,,1,1,,1.0000000000000004,1.0000000000000004,0.0,5.148240193826286e-15,0.9999999999999996,1.0000000000000007,5.10702591327572e-15,1.4235724678120275e-15,0.003248636028729379,16,"[1, 2, 4, 8, 16, 16, 16, 16, 16, 8, 4, 2, 1]",2728,1.1331195091258492e-31,1.1331195091258492e-31,1e-12
8caebe1e9ab8357b61a3cb6056ea1a7b75ae6d63e39b8543c63aa884ff97de97,B,mpo_zipup,11,rxx,0.1,2,9,7,8,,1,1,,0.8951305801939591,0.8951305801939591,0.10486941980604092,0.23213485804353276,0.9999999999999996,0.9726836112946023,0.09984166032976072,0.025205991695288112,0.0028367480263113976,8,"[1, 2, 4, 8, 8, 8, 8, 8, 8, 8, 4, 2, 1]",936,0.05503412475072148,0.05503412475072148,1e-12
10e1046f808fc6081ff84580d89381858cae0c266b8327a6c6e9a97142eb6862,B,mpo_zipup,11,rxx,0.1,2,9,7,64,,1,1,,0.9999999999999978,0.9999999999999978,2.220446049250313e-15,3.794026473795165e-15,0.9999999999999996,0.999999999999999,3.9968028886505635e-15,9.361399938951822e-16,0.005787189991679043,16,"[1, 2, 4, 8, 16, 16, 16, 16, 16, 8, 4, 2, 1]",2728,1.2154217813561222e-31,1.2154217813561222e-31,1e-12
8d6b0b76b065097f311d37d9d7de40d44571d6d21c3b12b24f4a444f009ec858,B,mpo_zipup,11,ryy,0.1,4,7,3,8,,1,1,,0.9686177684260339,0.9686177684260339,0.031382231573966135,0.12576244172121953,0.9999999999999996,0.9920603853860499,0.030157484187081085,0.008456696628339418,0.004502858035266399,8,"[1, 2, 4, 8, 8, 8, 8, 8, 8, 8, 4, 2, 1]",936,0.015879973287776808,0.015879973287776808,1e-12
6eea600d98b257023c802d75a27065b181bc232ca9a432160906c0eff2d91be6,B,mpo_zipup,11,ryy,0.1,4,7,3,64,,1,1,,0.9999999999999956,0.9999999999999956,4.440892098500626e-15,5.321390633944619e-15,0.9999999999999996,0.9999999999999983,5.551115123125783e-15,1.8291604493452583e-15,0.002959445002488792,16,"[1, 2, 4, 8, 8, 16, 16, 16, 8, 8, 4, 2, 1]",1960,3.980360827110467e-32,3.980360827110467e-32,1e-12
7d9d140783a2783ae64d3179abef5282e02bba188691dc215c03c4dade8160ec,B,mpo_zipup,11,ryy,0.1,3,8,5,8,,1,1,,0.923984949923907,0.923984949923907,0.076015050076093,0.19687214422245738,0.9999999999999996,0.9804291707355779,0.07319293522649817,0.019191802693679497,0.0028231769683770835,8,"[1, 2, 4, 8, 8, 8, 8, 8, 8, 8, 4, 2, 1]",936,0.039295675388675316,0.039295675388675316,1e-12
de66e5a4dfcb7b233ec3be200284690ae46992608bcbeb00c9f293cd3c0c7165,B,mpo_zipup,11,ryy,0.1,3,8,5,64,,1,1,,0.9999999999999996,0.9999999999999996,4.440892098500626e-16,5.623595618770951e-15,0.9999999999999996,1.0000000000000004,3.552713678800501e-15,1.0132692698929424e-15,0.004685886960942298,16,"[1, 2, 4, 8, 16, 16, 16, 16, 16, 8, 4, 2, 1]",2728,1.2577722276064636e-31,1.2577722276064636e-31,1e-12
59ceeeae7777b7faed5954e0d03dc20385b6141383ad8a6cdc01a0f64ca22a8f,B,mpo_zipup,11,ryy,0.1,2,9,7,8,,1,1,,0.9051034525653177,0.9051034525653177,0.09489654743468234,0.22052380499758137,0.9999999999999996,0.9753815927263499,0.09016018204190268,0.022470897441705214,0.0030132150277495384,8,"[1, 2, 4, 8, 8, 8, 8, 8, 8, 8, 4, 2, 1]",936,0.04957482314218159,0.04957482314218159,1e-12
b2d83734efccae7a4e6d4204253f52251e6ef16acdd59c5bc94534cc1f8ff1f7,B,mpo_zipup,11,ryy,0.1,2,9,7,64,,1,1,,0.9999999999999964,0.9999999999999964,3.552713678800501e-15,3.306870910319296e-15,0.9999999999999996,0.9999999999999986,3.774758283725532e-15,1.0556450040857696e-15,0.004068473004736006,16,"[1, 2, 4, 8, 16, 16, 16, 16, 16, 8, 4, 2, 1]",2728,1.3299141973426816e-31,1.3299141973426816e-31,1e-12
a5335053b8d5d3ed567ca758153cfcea6e05dc103bc3e23b4a46b7dbb2f68b36,B,mpo_zipup,11,rzz,0.1,4,7,3,8,,1,1,,0.9630805610247491,0.9630805610247491,0.03691943897525085,0.1365039185915166,0.9999999999999996,0.9906395309138242,0.03557039518661598,0.009306469963354935,0.005060424969997257,8,"[1, 2, 4, 8, 8, 8, 8, 8, 8, 8, 4, 2, 1]",936,0.018716758045170128,0.018716758045170128,1e-12
f1adb4920addabba85e558598bf58e01c56f71e5393d0b7943c2d5d72f18f247,B,mpo_zipup,11,rzz,0.1,4,7,3,64,,1,1,,0.9999999999999989,0.9999999999999989,1.1102230246251565e-15,3.172854257828528e-15,0.9999999999999996,0.9999999999999999,1.7763568394002505e-15,4.988323758503958e-16,0.002834008017089218,16,"[1, 2, 4, 8, 8, 16, 16, 16, 8, 8, 4, 2, 1]",1960,3.401940285782484e-32,3.401940285782484e-32,1e-12
8551f6a904f45c8f0578cb191bdd4c78185eb0b74397bd6049f857da5f1216ab,B,mpo_zipup,11,rzz,0.1,3,8,5,8,,1,1,,0.9236882172844525,0.9236882172844525,0.0763117827155475,0.19726378843824985,0.9999999999999996,0.9803504464072982,0.07350008171159206,0.01848073365206141,0.003089247038587928,8,"[1, 2, 4, 8, 8, 8, 8, 8, 8, 8, 4, 2, 1]",936,0.03943735486343976,0.03943735486343976,1e-12
309c4158690e52da6cd01acc4eb7806f98ff0fdb11b91fa1cdc75ec0c252209a,B,mpo_zipup,11,rzz,0.1,3,8,5,64,,1,1,,1.0000000000000044,1.0000000000000044,0.0,7.217465702059557e-15,0.9999999999999996,1.0000000000000029,1.176836406102666e-14,3.271406430053613e-15,0.0030084570171311498,16,"[1, 2, 4, 8, 16, 16, 16, 16, 16, 8, 4, 2, 1]",2728,1.4662675985553077e-31,1.4662675985553077e-31,1e-12
cabd6254af44c5e55cfcd2aa839977f5f7fcae42b70e537d6d4393437fa1d11f,B,mpo_zipup,11,rzz,0.1,2,9,7,8,,1,1,,0.8948679673619377,0.8948679673619377,0.10513203263806226,0.23243361970696078,0.9999999999999996,0.9726122621219216,0.1002375337129362,0.02544494465580057,0.0039933109655976295,8,"[1, 2, 4, 8, 8, 8, 8, 8, 8, 8, 4, 2, 1]",936,0.055182998904215935,0.055182998904215935,1e-12
a1bc735b63d6881a5be8a8f24df6ff0d62c956251867a9719a3b963b7968c9ef,B,mpo_zipup,11,rzz,0.1,2,9,7,64,,1,1,,0.9999999999999991,0.9999999999999991,8.881784197001252e-16,8.179726054540789e-15,0.9999999999999996,1.0,4.073130721593543e-15,1.3819471452807893e-15,0.003663645009510219,16,"[1, 2, 4, 8, 16, 16, 16, 16, 16, 8, 4, 2, 1]",2728,1.1820819572024469e-31,1.1820819572024469e-31,1e-12
9fe869f5072a813d0911406c9a1d3ac3e2a43fe923a63ea6e4d975a272862226,B,tebd_swap,11,rxx,0.1,4,7,3,8,,1,1,,0.6463826760732164,0.6463826760732164,0.3536173239267836,0.4092386942110739,0.9999999999999996,0.8805877926903523,0.4290238189775315,0.12812859511508012,0.0012350889737717807,8,"[1, 2, 4, 8, 8, 8, 8, 8, 8, 8, 4, 2, 1]",936,0.20665379549924956,0.20665379549924956,1e-12
4bbeab24afad24e19d5293e8cbdc1994dac23fffab22b46f68f7f48ad498a99b,B,tebd_swap,11,rxx,0.1,4,7,3,64,,1,1,,0.9999999999999962,0.9999999999999962,3.774758283725532e-15,2.713017835879701e-15,0.9999999999999996,0.9999999999999986,5.995204332975845e-15,1.3914864810209553e-15,0.0014779379707761109,16,"[1, 2, 4, 8, 8, 16, 16, 16, 8, 8, 4, 2, 1]",1960,1.4991453618132783e-31,1.4991453618132783e-31,1e-12
d8cd1c82e6d93271ba21c6f6a46ae85418ed4fbf2478f80647116412de92cf32,B,tebd_swap,11,rxx,0.1,3,8,5,8,,1,1,,0.5535474643487622,0.5535474643487622,0.44645253565123777,0.4712291150799995,0.9999999999999996,0.8426578711969721,0.5549915834082007,0.15799433353690603,0.0030585979693569243,8,"[1, 2, 4, 8, 8, 8, 8, 8, 8, 8, 4, 2, 1]",936,0.3813372703286771,0.3813372703286771,1e-12
0066a0ad667a8db37d0fe843fb5c637b35d52e7f002f5947a39c645cf84bc88d,B,tebd_swap,11,rxx,0.1,3,8,5,64,,1,1,,1.0000000000000013,1.0000000000000013,0.0,3.0999580534662985e-15,0.9999999999999996,1.0000000000000013,5.551115123125783e-15,1.7605018874075853e-15,0.00332907703705132,16,"[1, 2, 4, 8, 16, 16, 16, 16, 16, 8, 4, 2, 1]",2728,9.005150018881584e-31,9.005150018881584e-31,1e-12
c0f835cc12326efa0a443b225711df69c142d52b96013ef26a546178ed8d3ec1,B,tebd_swap,11,rxx,0.1,2,9,7,8,,1,1,,0.44666376550221215,0.44666376550221215,0.5533362344977879,0.550821671983404,0.9999999999999996,0.8000391764131491,0.6893847197767373,0.19414066278773087,0.003724366019014269,8,"[1, 2, 4, 8, 8, 8, 8, 8, 8, 8, 4, 2, 1]",936,0.5284270673168588,0.5284270673168588,1e-12
74a48750825504c22a9ac51431633f84bc1516ee14df2b25d883910f73cbd5b3,B,tebd_swap,11,rxx,0.1,2,9,7,64,,1,1,,1.0000000000000018,1.0000000000000018,0.0,3.515810684524645e-15,0.9999999999999996,1.0000000000000009,6.217248937900877e-15,1.7135683795896427e-15,0.003433139994740486,16,"[1, 2, 4, 8, 16, 16, 16, 16, 16, 8, 4, 2, 1]",2728,9.412963206916211e-31,9.412963206916211e-31,1e-12
75a0e7ef7e4ac97a6650520458ba1bf7920b485406c9314282f5fc346c2f0b49,B,tebd_swap,11,ryy,0.1,4,7,3,8,,1,1,,0.6469152917928661,0.6469152917928661,0.3530847082071339,0.4097749722838532,0.9999999999999996,0.8812130376544329,0.4267899350783453,0.1277541670270928,0.0017808530246838927,8,"[1, 2, 4, 8, 8, 8, 8, 8, 8, 8, 4, 2, 1]",936,0.20657481767954966,0.20657481767954966,1e-12
6d027712c806d819ed8c7eb1075f78fb18206f81da3f5a7d216f19b8d01f5f08,B,tebd_swap,11,ryy,0.1,4,7,3,64,,1,1,,0.9999999999999942,0.9999999999999942,5.773159728050814e-15,3.1207522096070235e-15,0.9999999999999996,0.9999999999999978,6.8833827526759706e-15,1.9405625105423723e-15,0.0060436929925344884,16,"[1, 2, 4, 8, 8, 16, 16, 16, 8, 8, 4, 2, 1]",1960,1.919833486765946e-31,1.919833486765946e-31,1e-12
887341bde7a09404ee680871bd9c57ddffb113744b2e95cb726b8e89596280a5,B,tebd_swap,11,ryy,0.1,3,8,5,8,,1,1,,0.5549961404277207,0.5549961404277207,0.4450038595722793,0.4687306665363228,0.9999999999999996,0.8424189572695415,0.5558394753744382,0.15809704444421124,0.006056276033632457,8,"[1, 2, 4, 8, 8, 8, 8, 8, 8, 8, 4, 2, 1]",936,0.38072464070359746,0.38072464070359746,1e-12
91eaebf5ef6c9b11252fae7b85c957d9cbd99c438692aca64bda309c8bbeb517,B,tebd_swap,11,ryy,0.1,3,8,5,64,,1,1,,1.0000000000000027,1.0000000000000027,0.0,3.7693111998478945e-15,0.9999999999999996,1.000000000000002,1.2434497875801753e-14,2.864996914456315e-15,0.006522070034407079,16,"[1, 2, 4, 8, 16, 16, 16, 16, 16, 8, 4, 2, 1]",2728,9.24492550730375e-31,9.24492550730375e-31,1e-12
5ab268dc11b55cdf61e144dad128c803855b7586c19858ec8ec30f312923db9e,B,tebd_swap,11,ryy,0.1,2,9,7,8,,1,1,,0.44895708528173767,0.44895708528173767,0.5510429147182623,0.5495359984453384,0.9999999999999996,0.8012958335045872,0.6854306915705792,0.19276639977732674,0.003708158037625253,8,"[1, 2, 4, 8, 8, 8, 8, 8, 8, 8, 4, 2, 1]",936,0.5283712916011009,0.5283712916011009,1e-12
28b6bc5dad748be36161893fda4bae6212404b3a11e6441246fef51586681cab,B,tebd_swap,11,ryy,0.1,2,9,7,64,,1,1,,1.0000000000000036,1.0000000000000036,0.0,4.173364269752816e-15,0.9999999999999996,1.0000000000000022,9.769962616701378e-15,2.8331113706924268e-15,0.004296544997487217,16,"[1, 2, 4, 8, 16, 16, 16, 16, 16, 8, 4, 2, 1]",2728,1.204921849170756e-30,1.204921849170756e-30,1e-12
4ab40392bd715fb6e25fea2d4917d4d04a841a43e8d2e0cc416cfd0e7840b709,B,tebd_swap,11,rzz,0.1,4,7,3,8,,1,1,,0.6472540486291865,0.6472540486291865,0.35274595137081355,0.41016818872482697,0.9999999999999996,0.8816348192208033,0.42542292817922345,0.12744858426871192,0.0012381160049699247,8,"[1, 2, 4, 8, 8, 8, 8, 8, 8, 8, 4, 2, 1]",936,0.20654179421409002,0.20654179421409002,1e-12
17e81792d602a3ed213034699dc7e35d1f963ecaa63e9d5a9ac8fc8b308d9b1c,B,tebd_swap,11,rzz,0.1,4,7,3,64,,1,1,,1.0000000000000009,1.0000000000000009,0.0,2.518955635095756e-15,0.9999999999999996,1.0000000000000007,3.9968028886505635e-15,1.1120686099341262e-15,0.001411220000591129,16,"[1, 2, 4, 8, 8, 16, 16, 16, 8, 8, 4, 2, 1]",1960,1.8366344128712787e-31,1.8366344128712787e-31,1e-12
81244c9f51c11fbc86e2500bd4daab316ed19019ccb011ce44435a93a6ad3d0e,B,tebd_swap,11,rzz,0.1,3,8,5,8,,1,1,,0.5554106794756516,0.5554106794756516,0.4445893205243484,0.467925481841477,0.9999999999999996,0.8423015239361064,0.5561291605153686,0.1584038202277073,0.001969250966794789,8,"[1, 2, 4, 8, 8, 8, 8, 8, 8, 8, 4, 2, 1]",936,0.3803722213640509,0.3803722213640509,1e-12
103c522eb4200b7b42c75f16fe4e26255ba70288dbd2df6171133d7656264e4b,B,tebd_swap,11,rzz,0.1,3,8,5,64,,1,1,,0.9999999999999991,0.9999999999999991,8.881784197001252e-16,2.887403737962259e-15,0.9999999999999996,1.0,2.6645352591003757e-15,7.985795779354777e-16,0.0023742010234855115,16,"[1, 2, 4, 8, 16, 16, 16, 16, 16, 8, 4, 2, 1]",2728,7.424125980806941e-31,7.424125980806941e-31,1e-12
3fbbda8af5eb927a2eaf365f33021f8a11986e94e46e68e1dbd71251a9fd76b4,B,tebd_swap,11,rzz,0.1,2,9,7,8,,1,1,,0.44814158706168505,0.44814158706168505,0.551858412938315,0.5497375173006076,0.9999999999999996,0.8006740284316335,0.6873624676308305,0.1934653993350074,0.005980128946248442,8,"[1, 2, 4, 8, 8, 8, 8, 8, 8, 8, 4, 2, 1]",936,0.5278949900262279,0.5278949900262279,1e-12
04c1dc5f69823c988fad7e254cebf2cdf6ca9c0660980fff3244f42a1d3a746b,B,tebd_swap,11,rzz,0.1,2,9,7,64,,1,1,,0.999999999999998,0.999999999999998,1.9984014443252818e-15,3.2532916001186287e-15,0.9999999999999996,0.9999999999999986,2.4424906541753444e-15,6.178030900637365e-16,0.0031448829686269164,16,"[1, 2, 4, 8, 16, 16, 16, 16, 16, 8, 4, 2, 1]",2728,9.090679172905534e-31,9.090679172905534e-31,1e-12
b1dff94b383b42dbff09c59dd8aa10493689fbddee5ea2c5ddc42ff501b450a3,C,exact,11,rzz,0.05,2,9,7,,,1,1,commuting,0.999999999999998,0.999999999999998,1.9984014443252818e-15,0.0,0.9999999999999996,0.9999999999999994,0.0,0.0,0.0,8,"[1, 2, 4, 8, 8, 8, 8, 8, 8, 8, 4, 2, 1]",936,0.0,0.0,1e-12
8bfb2ab2b6d3fc3172ebb0860a8b7bcb494b8ca14499a30189031db8eadc8bdc,C,exact,11,rxx,0.05,2,9,7,,,1,1,mixed,0.999999999999998,0.999999999999998,1.9984014443252818e-15,0.0,0.9999999999999996,0.9999999999999997,0.0,0.0,0.0,8,"[1, 2, 4, 8, 8, 8, 8, 8, 8, 8, 4, 2, 1]",936,0.0,0.0,1e-12
6ebf5eaa5b8d7b404fc78aa3171d92fd9a76ef6535cd76951726e6ef68eb2698,C,exact,11,rzz,0.05,2,8,6,,,2,2,commuting,0.9999999999999978,0.9999999999999978,2.220446049250313e-15,0.0,0.9999999999999996,0.9999999999999992,0.0,0.0,0.0,8,"[1, 2, 4, 8, 8, 8, 8, 8, 8, 8, 4, 2, 1]",936,0.0,0.0,1e-12
8342f608f0d0bae1bc9459bf05a14879a8d31a83ae324d7aa0a1ccf2333a2120,C,exact,11,rzz,0.05,2,8,6,,,2,2,mixed,0.9999999999999984,0.9999999999999984,1.5543122344752192e-15,0.0,0.9999999999999996,0.9999999999999996,0.0,0.0,0.0,8,"[1, 2, 4, 8, 8, 8, 8, 8, 8, 8, 4, 2, 1]",936,0.0,0.0,1e-12
27a00e51a9aae8ae315646c87e8f2f60473417f0bc66c6a2f2248576062c19e4,C,exact,11,rzz,0.05,3,9,6,,,3,3,commuting,0.9999999999999982,0.9999999999999982,1.7763568394002505e-15,0.0,0.9999999999999996,0.9999999999999992,0.0,0.0,0.0,8,"[1, 2, 4, 8, 8, 8, 8, 8, 8, 8, 4, 2, 1]",936,0.0,0.0,1e-12
7592e9496c73f3bab9b3ae5d62c47d24ef68263237c4d0e1fc5e4b2243268c8f,C,exact,11,ryy,0.05,3,9,6,,,3,3,mixed,0.9999999999999984,0.9999999999999984,1.5543122344752192e-15,0.0,0.9999999999999996,0.9999999999999994,0.0,0.0,0.0,8,"[1, 2, 4, 8, 8, 8, 8, 8, 8, 8, 4, 2, 1]",936,0.0,0.0,1e-12
f41d0b285387a65224e47f6661b5b02ea3ea296cdc9b4421a2a7acb3022bef6d,C,exact,11,rzz,0.05,2,9,7,,,4,4,commuting,0.9999999999999982,0.9999999999999982,1.7763568394002505e-15,0.0,0.9999999999999996,0.9999999999999994,0.0,0.0,0.0,8,"[1, 2, 4, 8, 8, 8, 8, 8, 8, 8, 4, 2, 1]",936,0.0,0.0,1e-12
3a09fe7076f2ed9a502eb9a4d1380faf02a01699b052c65ecd01df1a0f4e9850,C,exact,11,rxx,0.05,2,9,7,,,4,4,mixed,0.9999999999999989,0.9999999999999989,1.1102230246251565e-15,0.0,0.9999999999999996,1.0,0.0,0.0,0.0,8,"[1, 2, 4, 8, 8, 8, 8, 8, 8, 8, 4, 2, 1]",936,0.0,0.0,1e-12
310692d60a73e27435cbfc157adc4af26aee2b330bb3873cfe7afbfc709592b7,C,exact,11,rzz,0.05,2,8,6,,,5,5,commuting,0.9999999999999987,0.9999999999999987,1.3322676295501878e-15,0.0,0.9999999999999996,0.9999999999999993,0.0,0.0,0.0,8,"[1, 2, 4, 8, 8, 8, 8, 8, 8, 8, 4, 2, 1]",936,0.0,0.0,1e-12
0daf39a5cd809e0fa9cb24d0ed9c6efb0a3f69669210fa6235a25566e0d073d6,C,exact,11,rzz,0.05,2,8,6,,,5,5,mixed,0.9999999999999987,0.9999999999999987,1.3322676295501878e-15,0.0,0.9999999999999996,0.9999999999999993,0.0,0.0,0.0,8,"[1, 2, 4, 8, 8, 8, 8, 8, 8, 8, 4, 2, 1]",936,0.0,0.0,1e-12
c84b9023a66418fa62d47a1575681a6ec01b09830e11feba8b20d2767a71440d,C,exact,11,rzz,0.05,3,9,6,,,6,6,commuting,0.9999999999999991,0.9999999999999991,8.881784197001252e-16,0.0,0.9999999999999996,0.9999999999999993,0.0,0.0,0.0,8,"[1, 2, 4, 8, 8, 8, 8, 8, 8, 8, 4, 2, 1]",936,0.0,0.0,1e-12
df24bcfaba84586ee3de99520df3b0d1f96329df0461b3c2481efd2df6618d8f,C,exact,11,ryy,0.05,3,9,6,,,6,6,mixed,0.9999999999999991,0.9999999999999991,8.881784197001252e-16,0.0,0.9999999999999996,0.9999999999999993,0.0,0.0,0.0,8,"[1, 2, 4, 8, 8, 8, 8, 8, 8, 8, 4, 2, 1]",936,0.0,0.0,1e-12
83df9e97b1eebfae37206aa5d837aa78a971e618427af74fa920833b1e3f7927,C,exact,11,rzz,0.05,2,9,7,,,7,7,commuting,0.9999999999999991,0.9999999999999991,8.881784197001252e-16,0.0,0.9999999999999996,0.9999999999999996,0.0,0.0,0.0,8,"[1, 2, 4, 8, 8, 8, 8, 8, 8, 8, 4, 2, 1]",936,0.0,0.0,1e-12
ed14d246102a272c0e250f6e4ddf8435bd86206dd728a77dc4b011a25b43e69a,C,exact,11,rxx,0.05,2,9,7,,,7,7,mixed,0.9999999999999991,0.9999999999999991,8.881784197001252e-16,0.0,0.9999999999999996,0.9999999999999994,0.0,0.0,0.0,8,"[1, 2, 4, 8, 8, 8, 8, 8, 8, 8, 4, 2, 1]",936,0.0,0.0,1e-12
f7950df343bbdaa26b91066b7e02af9b47838d84877081b17e77dc2db10618da,C,exact,11,rzz,0.05,2,8,6,,,8,8,commuting,0.9999999999999993,0.9999999999999993,6.661338147750939e-16,0.0,0.9999999999999996,0.9999999999999998,0.0,0.0,0.0,8,"[1, 2, 4, 8, 8, 8, 8, 8, 8, 8, 4, 2, 1]",936,0.0,0.0,1e-12
317203790e3920db6e2354f35295128691d33d755a88751d19eaa6a9ebc61407,C,exact,11,rzz,0.05,2,8,6,,,8,8,mixed,0.9999999999999991,0.9999999999999991,8.881784197001252e-16,0.0,0.9999999999999996,0.9999999999999998,0.0,0.0,0.0,8,"[1, 2, 4, 8, 8, 8, 8, 8, 8, 8, 4, 2, 1]",936,0.0,0.0,1e-12
842937c487339bc397e586aab9453dd57c8c31a496740c42fe2761a6afbfd056,C,exact,11,rzz,0.05,3,9,6,,,9,9,commuting,0.9999999999999998,0.9999999999999998,2.220446049250313e-16,0.0,0.9999999999999996,0.9999999999999999,0.0,0.0,0.0,8,"[1, 2, 4, 8, 8, 8, 8, 8, 8, 8, 4, 2, 1]",936,0.0,0.0,1e-12
a52bd8494af27c1d97a331e0dc02f28691f4d7ef65bd8517a57b9eb363cb090d,C,exact,11,ryy,0.05,3,9,6,,,9,9,mixed,0.9999999999999996,0.9999999999999996,4.440892098500626e-16,0.0,0.9999999999999996,0.9999999999999996,0.0,0.0,0.0,8,"[1, 2, 4, 8, 8, 8, 8, 8, 8, 8, 4, 2, 1]",936,0.0,0.0,1e-12
013ee8542384a5f423a563ddb16738427ca203740867c22faba7be3aeca073c0,C,exact,11,rzz,0.05,2,9,7,,,10,10,commuting,0.9999999999999996,0.9999999999999996,4.440892098500626e-16,0.0,0.9999999999999996,0.9999999999999999,0.0,0.0,0.0,8,"[1, 2, 4, 8, 8, 8, 8, 8, 8, 8, 4, 2, 1]",936,0.0,0.0,1e-12
0d798903333fdf96e45b80fc8c184535c1735de5cf524dad77b8cb6218a66c13,C,exact,11,rxx,0.05,2,9,7,,,10,10,mixed,1.0,1.0,0.0,0.0,0.9999999999999996,1.0,0.0,0.0,0.0,8,"[1, 2, 4, 8, 8, 8, 8, 8, 8, 8, 4, 2, 1]",936,0.0,0.0,1e-12
d4de0994155df832f83faf92a63916cefac192a88db96ed69833dbbf5b0a9a9e,C,exact,11,rzz,0.05,2,8,6,,,11,11,commuting,1.0000000000000004,1.0000000000000004,0.0,0.0,0.9999999999999996,1.0,0.0,0.0,0.0,8,"[1, 2, 4, 8, 8, 8, 8, 8, 8, 8, 4, 2, 1]",936,0.0,0.0,1e-12
343cbd03e8112eaf97136024b128b1f384d8af208260583403d9f07a58689b81,C,exact,11,rzz,0.05,2,8,6,,,11,11,mixed,1.0,1.0,0.0,0.0,0.9999999999999996,1.0,0.0,0.0,0.0,8,"[1, 2, 4, 8, 8, 8, 8, 8, 8, 8, 4, 2, 1]",936,0.0,0.0,1e-12
c59ca7874ea8f9536277e4f2bbaa914a39e6fe70730afdb8a53de861ee690453,C,exact,11,rzz,0.05,3,9,6,,,12,12,commuting,1.0,1.0,0.0,0.0,0.9999999999999996,1.0,0.0,0.0,0.0,8,"[1, 2, 4, 8, 8, 8, 8, 8, 8, 8, 4, 2, 1]",936,0.0,0.0,1e-12
74d23fef6ab7e6deddf964da2d3c6d5965e46595992ec5d0ef1e29a9c8ad1bbe,C,exact,11,ryy,0.05,3,9,6,,,12,12,mixed,0.9999999999999996,0.9999999999999996,4.440892098500626e-16,0.0,0.9999999999999996,0.9999999999999996,0.0,0.0,0.0,8,"[1, 2, 4, 8, 8, 8, 8, 8, 8, 8, 4, 2, 1]",936,0.0,0.0,1e-12
7cbc6b3cdb467893b10c0ffca6de4b8fce2e02aeb187f82e121538bab754b1fc,C,exact,11,rzz,0.05,2,9,7,,,13,13,commuting,1.0000000000000004,1.0000000000000004,0.0,0.0,0.9999999999999996,0.9999999999999999,0.0,0.0,0.0,8,"[1, 2, 4, 8, 8, 8, 8, 8, 8, 8, 4, 2, 1]",936,0.0,0.0,1e-12
1df4d73abf494dac53b394e47cd7dc9d5fafb8e68630d15478773824b01d4fed,C,exact,11,rxx,0.05,2,9,7,,,13,13,mixed,1.0,1.0,0.0,0.0,0.9999999999999996,0.9999999999999998,0.0,0.0,0.0,8,"[1, 2, 4, 8, 8, 8, 8, 8, 8, 8, 4, 2, 1]",936,0.0,0.0,1e-12
4b0937a7694c1441e9f4e8e933297d0d42581be093c2443c6f6a9882ee07c049,C,exact,11,rzz,0.05,2,8,6,,,14,14,commuting,0.9999999999999998,0.9999999999999998,2.220446049250313e-16,0.0,0.9999999999999996,1.0,0.0,0.0,0.0,8,"[1, 2, 4, 8, 8, 8, 8, 8, 8, 8, 4, 2, 1]",936,0.0,0.0,1e-12
26e54b103216abab48fece68261cbb891cc4398f2eaf742e385c6b291caf880f,C,exact,11,rzz,0.05,2,8,6,,,14,14,mixed,1.0000000000000004,1.0000000000000004,0.0,0.0,0.9999999999999996,0.9999999999999998,0.0,0.0,0.0,8,"[1, 2, 4, 8, 8, 8, 8, 8, 8, 8, 4, 2, 1]",936,0.0,0.0,1e-12
e9b58c2fa34f064d472760ea8f5799119a7c61ffee4b62cb4bb94538d5ec87f3,C,exact,11,rzz,0.05,3,9,6,,,15,15,commuting,1.0000000000000009,1.0000000000000009,0.0,0.0,0.9999999999999996,0.9999999999999998,0.0,0.0,0.0,8,"[1, 2, 4, 8, 8, 8, 8, 8, 8, 8, 4, 2, 1]",936,0.0,0.0,1e-12
6c04fb0915ed490685f958d87f72a4b8982e36143d4171471c6a74f6e8edd90c,C,exact,11,ryy,0.05,3,9,6,,,15,15,mixed,1.0,1.0,0.0,0.0,0.9999999999999996,0.9999999999999999,0.0,0.0,0.0,8,"[1, 2, 4, 8, 8, 8, 8, 8, 8, 8, 4, 2, 1]",936,0.0,0.0,1e-12
72c3240c7bbbeb34bfce616fd917582a242bf6c78e67d9877ae85a636ad82bcb,C,exact,11,rzz,0.05,2,9,7,,,16,16,commuting,1.0000000000000009,1.0000000000000009,0.0,0.0,0.9999999999999996,0.9999999999999999,0.0,0.0,0.0,8,"[1, 2, 4, 8, 8, 8, 8, 8, 8, 8, 4, 2, 1]",936,0.0,0.0,1e-12
685f056ca9be7dfd8afaa6a3b482df3b4674438473145044850dc22878a1d398,C,exact,11,rxx,0.05,2,9,7,,,16,16,mixed,1.0000000000000009,1.0000000000000009,0.0,0.0,0.9999999999999996,1.0,0.0,0.0,0.0,8,"[1, 2, 4, 8, 8, 8, 8, 8, 8, 8, 4, 2, 1]",936,0.0,0.0,1e-12
85dcce4c0e0d6f7439d88aa8b22438a9bcd2810f84afa2721e0125a60e0c011a,C,exact,11,rzz,0.05,2,8,6,,,17,17,commuting,1.0000000000000009,1.0000000000000009,0.0,0.0,0.9999999999999996,1.0000000000000002,0.0,0.0,0.0,8,"[1, 2, 4, 8, 8, 8, 8, 8, 8, 8, 4, 2, 1]",936,0.0,0.0,1e-12
51c8a1f0ac2c528d77d73bfb54e9b1a4a204faa351f345e5b89473b445d8e0bd,C,exact,11,rzz,0.05,2,8,6,,,17,17,mixed,1.0,1.0,0.0,0.0,0.9999999999999996,1.0000000000000002,0.0,0.0,0.0,8,"[1, 2, 4, 8, 8, 8, 8, 8, 8, 8, 4, 2, 1]",936,0.0,0.0,1e-12
d0ce7202c28942aff4c24f41efcd9f4a9b29328e030a0972fcab909ff447cf59,C,exact,11,rzz,0.05,3,9,6,,,18,18,commuting,1.0000000000000009,1.0000000000000009,0.0,0.0,0.9999999999999996,0.9999999999999999,0.0,0.0,0.0,8,"[1, 2, 4, 8, 8, 8, 8, 8, 8, 8, 4, 2, 1]",936,0.0,0.0,1e-12
188ba3707c9488aa42cd8b41ef34d1407b5cdabae97341b1a7996cefbfbe1ae3,C,exact,11,ryy,0.05,3,9,6,,,18,18,mixed,1.0000000000000004,1.0000000000000004,0.0,0.0,0.9999999999999996,1.0000000000000002,0.0,0.0,0.0,8,"[1, 2, 4, 8, 8, 8, 8, 8, 8, 8, 4, 2, 1]",936,0.0,0.0,1e-12
e202b0728300d4b84017e102cbf285b4f6d59a5d16bc4e5045c1d4f87ef4e5a7,C,exact,11,rzz,0.05,2,9,7,,,19,19,commuting,1.0,1.0,0.0,0.0,0.9999999999999996,1.0000000000000004,0.0,0.0,0.0,8,"[1, 2, 4, 8, 8, 8, 8, 8, 8, 8, 4, 2, 1]",936,0.0,0.0,1e-12
285128754e3de7566c5b434978197f5369c6027aedde8462802a99a1c1d5b4e4,C,exact,11,rxx,0.05,2,9,7,,,19,19,mixed,1.0000000000000009,1.0000000000000009,0.0,0.0,0.9999999999999996,0.9999999999999999,0.0,0.0,0.0,8,"[1, 2, 4, 8, 8, 8, 8, 8, 8, 8, 4, 2, 1]",936,0.0,0.0,1e-12
695f4bda1cdc52b9a431c32d46193f074ec118f0689df419b36efbca400859be,C,exact,11,rzz,0.05,2,8,6,,,20,20,commuting,1.0000000000000009,1.0000000000000009,0.0,0.0,0.9999999999999996,1.0,0.0,0.0,0.0,8,"[1, 2, 4, 8, 8, 8, 8, 8, 8, 8, 4, 2, 1]",936,0.0,0.0,1e-12
b266a1d8f7726970a91c16e9b829eced08713a3bb0cec0be4798c2edbc5909e6,C,exact,11,rzz,0.05,2,8,6,,,20,20,mixed,1.0000000000000018,1.0000000000000018,0.0,0.0,0.9999999999999996,1.0000000000000007,0.0,0.0,0.0,8,"[1, 2, 4, 8, 8, 8, 8, 8, 8, 8, 4, 2, 1]",936,0.0,0.0,1e-12
5cf20033c0d671a1feacc5a8e5043d7766d0a5b0e9b9a0c293570bf5067e8554,C,exact,11,rzz,0.05,3,9,6,,,21,21,commuting,1.0000000000000009,1.0000000000000009,0.0,0.0,0.9999999999999996,1.0000000000000004,0.0,0.0,0.0,8,"[1, 2, 4, 8, 8, 8, 8, 8, 8, 8, 4, 2, 1]",936,0.0,0.0,1e-12
df0fd6a3ecff2bbe1e7a7b0267f0109a0eff3692b849dec4a0d5108f16058ddd,C,exact,11,ryy,0.05,3,9,6,,,21,21,mixed,1.0000000000000013,1.0000000000000013,0.0,0.0,0.9999999999999996,1.0000000000000004,0.0,0.0,0.0,8,"[1, 2, 4, 8, 8, 8, 8, 8, 8, 8, 4, 2, 1]",936,0.0,0.0,1e-12
b710471728714e4d4d91a9c86e669cb0dabb89578a536dff112dad9f09c146df,C,exact,11,rzz,0.05,2,9,7,,,22,22,commuting,1.0000000000000018,1.0000000000000018,0.0,0.0,0.9999999999999996,0.9999999999999999,0.0,0.0,0.0,8,"[1, 2, 4, 8, 8, 8, 8, 8, 8, 8, 4, 2, 1]",936,0.0,0.0,1e-12
221c657a63359eca67121e1992bef27d33c235de46291e8710d50cab77055bc8,C,exact,11,rxx,0.05,2,9,7,,,22,22,mixed,1.0000000000000013,1.0000000000000013,0.0,0.0,0.9999999999999996,1.0000000000000004,0.0,0.0,0.0,8,"[1, 2, 4, 8, 8, 8, 8, 8, 8, 8, 4, 2, 1]",936,0.0,0.0,1e-12
805ada0a8a1b3aaf81baa42c4d51bfc8f7767e3504bb5d8ec2ea2536cfccdfc0,C,exact,11,rzz,0.05,2,8,6,,,23,23,commuting,1.0000000000000013,1.0000000000000013,0.0,0.0,0.9999999999999996,1.0000000000000002,0.0,0.0,0.0,8,"[1, 2, 4, 8, 8, 8, 8, 8, 8, 8, 4, 2, 1]",936,0.0,0.0,1e-12
c646962a3b8c62777138e979c93ff9374bc8295fc0ba0129bc44608e547d23ea,C,exact,11,rzz,0.05,2,8,6,,,23,23,mixed,1.0000000000000018,1.0000000000000018,0.0,0.0,0.9999999999999996,0.9999999999999998,0.0,0.0,0.0,8,"[1, 2, 4, 8, 8, 8, 8, 8, 8, 8, 4, 2, 1]",936,0.0,0.0,1e-12
9f40cc601d675c0b4fd1536f5e7756247c0da757dd5b4b142afa87e58e8aff92,C,exact,11,rzz,0.05,3,9,6,,,24,24,commuting,1.0000000000000018,1.0000000000000018,0.0,0.0,0.9999999999999996,1.0000000000000002,0.0,0.0,0.0,8,"[1, 2, 4, 8, 8, 8, 8, 8, 8, 8, 4, 2, 1]",936,0.0,0.0,1e-12
d39f8a31596a0e87a33e05aaf8606a934389b658a06d6cc0131b68af762398c3,C,exact,11,ryy,0.05,3,9,6,,,24,24,mixed,1.0000000000000018,1.0000000000000018,0.0,0.0,0.9999999999999996,1.0000000000000002,0.0,0.0,0.0,8,"[1, 2, 4, 8, 8, 8, 8, 8, 8, 8, 4, 2, 1]",936,0.0,0.0,1e-12
eca24bbee630e34c17b98d6aba3c8d569288d3a3ffdde63919ca26525e5eabc8,C,exact,11,rzz,0.05,2,9,7,,,25,25,commuting,1.0000000000000018,1.0000000000000018,0.0,0.0,0.9999999999999996,1.0000000000000007,0.0,0.0,0.0,8,"[1, 2, 4, 8, 8, 8, 8, 8, 8, 8, 4, 2, 1]",936,0.0,0.0,1e-12
59f9eb3e7f4a2481b396cd6a4738eb1ddc232f4608071197212acba7f46aa450,C,exact,11,rxx,0.05,2,9,7,,,25,25,mixed,1.0000000000000018,1.0000000000000018,0.0,0.0,0.9999999999999996,1.0000000000000007,0.0,0.0,0.0,8,"[1, 2, 4, 8, 8, 8, 8, 8, 8, 8, 4, 2, 1]",936,0.0,0.0,1e-12
133bb9bce42e8dc3f0f6a365058d602a1898afc03d9d38e37b0d6a49f83d7a5f,C,exact,11,rzz,0.05,2,8,6,,,26,26,commuting,1.0000000000000027,1.0000000000000027,0.0,0.0,0.9999999999999996,1.0000000000000004,0.0,0.0,0.0,8,"[1, 2, 4, 8, 8, 8, 8, 8, 8, 8, 4, 2, 1]",936,0.0,0.0,1e-12
64178096658b44ba3280a56d9d61f907bd6c4913d91242e7cac837c9cea0a624,C,exact,11,rzz,0.05,2,8,6,,,26,26,mixed,1.0000000000000027,1.0000000000000027,0.0,0.0,0.9999999999999996,1.0000000000000007,0.0,0.0,0.0,8,"[1, 2, 4, 8, 8, 8, 8, 8, 8, 8, 4, 2, 1]",936,0.0,0.0,1e-12
e6da986c9425661393723672e3d8d65cc8bfc95fc11efc474eff275d5a01a77b,C,exact,11,rzz,0.05,3,9,6,,,27,27,commuting,1.0000000000000022,1.0000000000000022,0.0,0.0,0.9999999999999996,1.0000000000000004,0.0,0.0,0.0,8,"[1, 2, 4, 8, 8, 8, 8, 8, 8, 8, 4, 2, 1]",936,0.0,0.0,1e-12
6b1058922ac95a0292cbee004c0a801ce5c30079349da349302c75ab8c4041e2,C,exact,11,ryy,0.05,3,9,6,,,27,27,mixed,1.0000000000000018,1.0000000000000018,0.0,0.0,0.9999999999999996,1.0,0.0,0.0,0.0,8,"[1, 2, 4, 8, 8, 8, 8, 8, 8, 8, 4, 2, 1]",936,0.0,0.0,1e-12
108e23587116a5072d37bffa84bfcc63adf549f37a83a96b5a7a5b615cb11b0c,C,exact,11,rzz,0.05,2,9,7,,,28,28,commuting,1.000000000000003,1.000000000000003,0.0,0.0,0.9999999999999996,1.0000000000000004,0.0,0.0,0.0,8,"[1, 2, 4, 8, 8, 8, 8, 8, 8, 8, 4, 2, 1]",936,0.0,0.0,1e-12
7ebd7672b23c3395a4164ca1a3df7ff71f45fee4d1078937067f0fc158ff17f9,C,exact,11,rxx,0.05,2,9,7,,,28,28,mixed,1.0000000000000018,1.0000000000000018,0.0,0.0,0.9999999999999996,1.0000000000000007,0.0,0.0,0.0,8,"[1, 2, 4, 8, 8, 8, 8, 8, 8, 8, 4, 2, 1]",936,0.0,0.0,1e-12
3040998bfbda228f82c72275f318d7a478ce0e31927664d9d0f3785ef48d3092,C,exact,11,rzz,0.05,2,8,6,,,29,29,commuting,1.000000000000003,1.000000000000003,0.0,0.0,0.9999999999999996,1.0000000000000004,0.0,0.0,0.0,8,"[1, 2, 4, 8, 8, 8, 8, 8, 8, 8, 4, 2, 1]",936,0.0,0.0,1e-12
bd55a5351763da9cbf4ee682cd49ccf412ee4a7653bdceb5a1cb0a1bfce67a86,C,exact,11,rzz,0.05,2,8,6,,,29,29,mixed,1.0000000000000027,1.0000000000000027,0.0,0.0,0.9999999999999996,1.0000000000000007,0.0,0.0,0.0,8,"[1, 2, 4, 8, 8, 8, 8, 8, 8, 8, 4, 2, 1]",936,0.0,0.0,1e-12
f550e90d8a233112be6c1a642a58738f33c483fd4aa2ae5dbb2995b82d4a245a,C,exact,11,rzz,0.05,3,9,6,,,30,30,commuting,1.0000000000000036,1.0000000000000036,0.0,0.0,0.9999999999999996,1.0000000000000009,0.0,0.0,0.0,8,"[1, 2, 4, 8, 8, 8, 8, 8, 8, 8, 4, 2, 1]",936,0.0,0.0,1e-12
6f34960d477fa1018ee6b711233a08367bb200156d930ccf50d549e8c1d8aed5,C,exact,11,ryy,0.05,3,9,6,,,30,30,mixed,1.000000000000003,1.000000000000003,0.0,0.0,0.9999999999999996,1.0000000000000009,0.0,0.0,0.0,8,"[1, 2, 4, 8, 8, 8, 8, 8, 8, 8, 4, 2, 1]",936,0.0,0.0,1e-12
64573228da32e8244f2598a7466bfb6b6d062018223bffe6c1be95dface9ab59,C,exact,11,rzz,0.05,2,9,7,,,31,31,commuting,1.0000000000000027,1.0000000000000027,0.0,0.0,0.9999999999999996,1.0000000000000004,0.0,0.0,0.0,8,"[1, 2, 4, 8, 8, 8, 8, 8, 8, 8, 4, 2, 1]",936,0.0,0.0,1e-12
dedb8651ebaac798ce7f1db527f20c78cb9768656ce604cb29aec121d1c28f62,C,exact,11,rxx,0.05,2,9,7,,,31,31,mixed,1.0000000000000027,1.0000000000000027,0.0,0.0,0.9999999999999996,1.0000000000000007,0.0,0.0,0.0,8,"[1, 2, 4, 8, 8, 8, 8, 8, 8, 8, 4, 2, 1]",936,0.0,0.0,1e-12
84d338af234dbcce4c372966a9a794ec4bed5c92c3c07e0b329bbc9705586eb6,C,exact,11,rzz,0.05,2,8,6,,,32,32,commuting,1.000000000000003,1.000000000000003,0.0,0.0,0.9999999999999996,1.0000000000000009,0.0,0.0,0.0,8,"[1, 2, 4, 8, 8, 8, 8, 8, 8, 8, 4, 2, 1]",936,0.0,0.0,1e-12
742a131e8e5b00703be650f9b1b1a6056f55cc926a7b615e9c53ff4dbfd4d86d,C,exact,11,rzz,0.05,2,8,6,,,32,32,mixed,1.0000000000000036,1.0000000000000036,0.0,0.0,0.9999999999999996,1.0000000000000004,0.0,0.0,0.0,8,"[1, 2, 4, 8, 8, 8, 8, 8, 8, 8, 4, 2, 1]",936,0.0,0.0,1e-12
5bd8e0f5914b0314a16a825e729ad97a5d999dba25793c24df2ecb7f4988ef49,C,exact,11,rzz,0.05,3,9,6,,,33,33,commuting,1.000000000000003,1.000000000000003,0.0,0.0,0.9999999999999996,1.0000000000000004,0.0,0.0,0.0,8,"[1, 2, 4, 8, 8, 8, 8, 8, 8, 8, 4, 2, 1]",936,0.0,0.0,1e-12
a72e97e7f788d25fd654b7bf3119d6f43b4178a1db8391a49998c7bbfe2ecc4f,C,exact,11,ryy,0.05,3,9,6,,,33,33,mixed,1.000000000000003,1.000000000000003,0.0,0.0,0.9999999999999996,1.000000000000001,0.0,0.0,0.0,8,"[1, 2, 4, 8, 8, 8, 8, 8, 8, 8, 4, 2, 1]",936,0.0,0.0,1e-12
b51e68278ad04fb017a882e0375b603922639bac66a99e1958276cfe3c9f6d27,C,exact,11,rzz,0.05,2,9,7,,,34,34,commuting,1.0000000000000036,1.0000000000000036,0.0,0.0,0.9999999999999996,1.0000000000000007,0.0,0.0,0.0,8,"[1, 2, 4, 8, 8, 8, 8, 8, 8, 8, 4, 2, 1]",936,0.0,0.0,1e-12
c073ca496950daeeb0f9be15ccbe8e87323ce3708a85737b1d9137a84007d09f,C,exact,11,rxx,0.05,2,9,7,,,34,34,mixed,1.0000000000000036,1.0000000000000036,0.0,0.0,0.9999999999999996,1.000000000000001,0.0,0.0,0.0,8,"[1, 2, 4, 8, 8, 8, 8, 8, 8, 8, 4, 2, 1]",936,0.0,0.0,1e-12
56bac9a7282fcca40495d77d3a6e7b800743737f2880c5cfce6b855979fa0e35,C,exact,11,rzz,0.05,2,8,6,,,35,35,commuting,1.0000000000000036,1.0000000000000036,0.0,0.0,0.9999999999999996,1.000000000000001,0.0,0.0,0.0,8,"[1, 2, 4, 8, 8, 8, 8, 8, 8, 8, 4, 2, 1]",936,0.0,0.0,1e-12
229b4a134ea76e4e027f5a8e527a440d192f9e2bf467eb4bb1358926739a0989,C,exact,11,rzz,0.05,2,8,6,,,35,35,mixed,1.000000000000003,1.000000000000003,0.0,0.0,0.9999999999999996,1.0000000000000009,0.0,0.0,0.0,8,"[1, 2, 4, 8, 8, 8, 8, 8, 8, 8, 4, 2, 1]",936,0.0,0.0,1e-12
274b666e94a48c4957a60d1fa374a9c84092508ea7fd163eef3a3b5386afb604,C,exact,11,rzz,0.05,3,9,6,,,36,36,commuting,1.0000000000000036,1.0000000000000036,0.0,0.0,0.9999999999999996,1.0000000000000009,0.0,0.0,0.0,8,"[1, 2, 4, 8, 8, 8, 8, 8, 8, 8, 4, 2, 1]",936,0.0,0.0,1e-12
281d1311e1a71b753994686b54ee8cce29e3677318537ddb271a1d46f011628e,C,exact,11,ryy,0.05,3,9,6,,,36,36,mixed,1.000000000000004,1.000000000000004,0.0,0.0,0.9999999999999996,1.000000000000001,0.0,0.0,0.0,8,"[1, 2, 4, 8, 8, 8, 8, 8, 8, 8, 4, 2, 1]",936,0.0,0.0,1e-12
1c8bcb3bd9d36e7a0fcd8bcc3c14369a044ced5f430263c33699636261d43803,C,hybrid_tdvp,11,rzz,0.05,2,9,7,8,1,1,1,commuting,0.9996051938678864,0.9996051938678864,0.00039480613211362314,0.019870709795498397,0.9999999999999996,0.9999999999999998,0.0012426753005715385,0.0002514705498507119,0.02021611202508211,8,"[1, 2, 4, 8, 8, 8, 8, 8, 8, 8, 4, 2, 1]",936,6.087739703269894e-05,6.087739703269894e-05,1e-12
5eee2b5f21969d35d1e9aefaecd24254520cc8e24fd0a23fe86c79f614f3f01d,C,hybrid_tdvp,11,rzz,0.05,2,9,7,8,2,1,1,commuting,0.9996048729229394,0.9996048729229394,0.00039512707706057526,0.019878785579718568,0.9999999999999996,0.9999999999999998,0.0012401266014262502,0.00025159749536652465,0.10092040803283453,8,"[1, 2, 4, 8, 8, 8, 8, 8, 8, 8, 4, 2, 1]",936,3.0495753297393947e-05,3.0495753297393947e-05,1e-12
d7d7ba4eeade46765185c6e13a31dc48c2bfa566db46bad91f040e286f37cdca,C,hybrid_tdvp,11,rzz,0.05,2,9,7,8,4,1,1,commuting,0.999604690144537,0.999604690144537,0.0003953098554629886,0.019883383279900756,0.9999999999999996,0.999999999999999,0.0012388224496711064,0.00025177479860563,0.13436764798825607,8,"[1, 2, 4, 8, 8, 8, 8, 8, 8, 8, 4, 2, 1]",936,1.525511101310617e-05,1.525511101310617e-05,1e-12
61d36404ec0ece0c2ba13b6d54949e6908a0d5feea3650f51ee5dbe9f69f1175,C,hybrid_tdvp,11,rzz,0.05,2,9,7,8,8,1,1,commuting,0.999604593495887,0.999604593495887,0.00039540650411296063,0.019885813999390694,0.9999999999999996,1.0000000000000004,0.0012381641151869016,0.0002518927229705145,0.16353824600810185,8,"[1, 2, 4, 8, 8, 8, 8, 8, 8, 8, 4, 2, 1]",936,7.628594348263857e-06,7.628594348263857e-06,1e-12
646127e790671ddbcb7cd3c62aca2868bf500c072678a433236eadd43b76a52e,C,hybrid_tdvp,11,rzz,0.05,2,9,7,16,1,1,1,commuting,1.0000000000000053,1.0000000000000053,0.0,3.657908895849902e-14,0.9999999999999996,1.0000000000000029,1.7263968032921184e-14,5.220686566989619e-15,0.013517596991732717,16,"[1, 2, 4, 8, 16, 16, 16, 16, 16, 8, 4, 2, 1]",2728,1.8644082488929627e-31,1.8644082488929627e-31,1e-12
07b17c7fed8be240125d7df8637d2422ffd7fec6894b1bd1d051361f88c2d288,C,hybrid_tdvp,11,rzz,0.05,2,9,7,16,2,1,1,commuting,0.9999999999417624,0.9999999999417624,5.823763693513229e-11,7.629720798693416e-06,0.9999999999999996,0.9999999999999882,1.7394029298151148e-07,2.057917197740978e-08,0.025522467971313745,16,"[1, 2, 4, 8, 16, 16, 16, 16, 16, 8, 4, 2, 1]",2728,3.071190532706497e-14,3.071190532706497e-14,1e-12
4aa24d3159c719218b43d0e3c842cf66a40c2bce44d0d0676b1aab1bb207fd97,C,hybrid_tdvp,11,rzz,0.05,2,9,7,16,4,1,1,commuting,0.9999999999854654,0.9999999999854654,1.45345957491827e-11,3.812532526043303e-06,0.9999999999999996,1.0000000000000002,8.682542121732362e-08,1.027499711854586e-08,0.0595987259875983,16,"[1, 2, 4, 8, 16, 16, 16, 16, 16, 8, 4, 2, 1]",2728,7.668122116687345e-15,7.668122116687345e-15,1e-12
111a4a4a77d88583056a30d77c468ce18fe96356cb9c62cb3b28ce85c568fa4c,C,hybrid_tdvp,11,rzz,0.05,2,9,7,16,8,1,1,commuting,0.9999999999963649,0.9999999999963649,3.6350922272276875e-12,1.9056835995470428e-06,0.9999999999999996,0.9999999999999983,4.337629150308331e-08,5.139153690069525e-09,0.1277569230296649,16,"[1, 2, 4, 8, 16, 16, 16, 16, 16, 8, 4, 2, 1]",2728,1.9157909069565523e-15,1.9157909069565523e-15,1e-12
e1a692e47e4b98af79caa5703ee9693f06e4157aad6cfdd4809e066295d7f668,C,hybrid_tdvp,11,rzz,0.05,2,9,7,64,1,1,1,commuting,1.0000000000000053,1.0000000000000053,0.0,3.657908895849902e-14,0.9999999999999996,1.0000000000000029,1.7263968032921184e-14,5.220686566989619e-15,0.01829271001042798,16,"[1, 2, 4, 8, 16, 16, 16, 16, 16, 8, 4, 2, 1]",2728,1.8644082488929627e-31,1.8644082488929627e-31,1e-12
afc77f3ad3be64abb809885d09d4d54d5a91c78ada2f0bc87a0dfbea80bf40d4,C,hybrid_tdvp,11,rzz,0.05,2,9,7,64,2,1,1,commuting,0.9999999999417624,0.9999999999417624,5.823763693513229e-11,7.629720798693416e-06,0.9999999999999996,0.9999999999999882,1.7394029298151148e-07,2.057917197740978e-08,0.02798330201767385,16,"[1, 2, 4, 8, 16, 16, 16, 16, 16, 8, 4, 2, 1]",2728,3.071190532706497e-14,3.071190532706497e-14,1e-12
131113d5e334a03559c927c5cb87dc7db97733c4169d09bbb65e0d6ac8cd3d8e,C,hybrid_tdvp,11,rzz,0.05,2,9,7,64,4,1,1,commuting,0.9999999999854654,0.9999999999854654,1.45345957491827e-11,3.812532526043303e-06,0.9999999999999996,1.0000000000000002,8.682542121732362e-08,1.027499711854586e-08,0.05507754802238196,16,"[1, 2, 4, 8, 16, 16, 16, 16, 16, 8, 4, 2, 1]",2728,7.668122116687345e-15,7.668122116687345e-15,1e-12
db0b043e6a09ccf5cc4b309c816292e5a8e6ff889a690c01bc353e64a8113b49,C,hybrid_tdvp,11,rzz,0.05,2,9,7,64,8,1,1,commuting,0.9999999999963649,0.9999999999963649,3.6350922272276875e-12,1.9056835995470428e-06,0.9999999999999996,0.9999999999999983,4.337629150308331e-08,5.139153690069525e-09,0.15834972698939964,16,"[1, 2, 4, 8, 16, 16, 16, 16, 16, 8, 4, 2, 1]",2728,1.9157909069565523e-15,1.9157909069565523e-15,1e-12
30a375b8a4317553d6ec083fce2db377016fc0697dec6c2b1486e4110217bb73,C,hybrid_tdvp,11,rxx,0.05,2,9,7,8,1,1,1,mixed,0.999726263255507,0.999726263255507,0.0002737367444930472,0.016545557712237823,0.9999999999999996,1.0000000000000004,0.001296398970579777,0.00019899507974830682,0.3724041099776514,8,"[1, 2, 4, 8, 8, 8, 8, 8, 8, 8, 4, 2, 1]",936,4.0783644865547394e-05,4.0783644865547394e-05,1e-12
76fe82ab65bdce29e8cdcaec29c1fb13d8c8589991ff810bf6fad3fbc7eed423,C,hybrid_tdvp,11,rxx,0.05,2,9,7,8,2,1,1,mixed,0.9997260590996913,0.9997260590996913,0.0002739409003087445,0.01655172691238901,0.9999999999999996,1.0000000000000007,0.0012797345524159127,0.00019706286310095731,0.07760445500025526,8,"[1, 2, 4, 8, 8, 8, 8, 8, 8, 8, 4, 2, 1]",936,2.0410737764740687e-05,2.0410737764740687e-05,1e-12
41dedc4fd5722b3ab7e0cdcb36e7a1f43799c59be1bd08b824847db276f15187,C,hybrid_tdvp,11,rxx,0.05,2,9,7,8,4,1,1,mixed,0.9997259407948097,0.9997259407948097,0.00027405920519030236,0.01655530080896197,0.9999999999999996,0.9999999999999998,0.0012717466941535444,0.00019617516336393974,0.18850462598493323,8,"[1, 2, 4, 8, 8, 8, 8, 8, 8, 8, 4, 2, 1]",936,1.0210517125451239e-05,1.0210517125451239e-05,1e-12
0a406a4cabb1f6eed2bf8c2057fde24f01d675a22ebb64c35a98151f1da87627,C,hybrid_tdvp,11,rxx,0.05,2,9,7,8,8,1,1,mixed,0.9997258781040859,0.9997258781040859,0.0002741218959141367,0.016557194333371612,0.9999999999999996,1.0000000000000002,0.001267824384447551,0.0001957500270085715,2.257978647015989,8,"[1, 2, 4, 8, 8, 8, 8, 8, 8, 8, 4, 2, 1]",936,5.106601621051547e-06,5.106601621051547e-06,1e-12
d91d96bc7b2bf97e17771a26517283388eaa770149c048c7578facfbd1ea3bdf,C,hybrid_tdvp,11,rxx,0.05,2,9,7,16,1,1,1,mixed,0.9999999995300883,0.9999999995300883,4.699116651352142e-10,2.1675768781515416e-05,0.9999999999999996,0.9999999999999647,1.3803122432543002e-07,2.4574595400686957e-08,0.018188833026215434,16,"[1, 2, 4, 8, 16, 16, 16, 16, 16, 8, 4, 2, 1]",2728,8.097819567880028e-14,8.097819567880028e-14,1e-12
0a6fce59c929264c03e46ff18cc913e8b2f2480988203f5889186b024320770d,C,hybrid_tdvp,11,rxx,0.05,2,9,7,16,2,1,1,mixed,0.999999999882649,0.999999999882649,1.173510177920889e-10,1.0832344231444233e-05,0.9999999999999996,0.9999999999999953,6.931214116545625e-08,1.2556151665239672e-08,0.05990540300263092,16,"[1, 2, 4, 8, 16, 16, 16, 16, 16, 8, 4, 2, 1]",2728,2.0222452412062407e-14,2.0222452412062407e-14,1e-12
85eca3f191b93c2cf0b5b240412ef6ff9cc9c81e4beb310709ac97d093fb0553,C,hybrid_tdvp,11,rxx,0.05,2,9,7,16,4,1,1,mixed,0.9999999999706786,0.9999999999706786,2.9321434169560234e-11,5.414751562272001e-06,0.9999999999999996,0.999999999999999,3.472968246320818e-08,6.3707333524862905e-09,0.1419325959868729,16,"[1, 2, 4, 8, 16, 16, 16, 16, 16, 8, 4, 2, 1]",2728,5.052861327829669e-15,5.052861327829669e-15,1e-12
2296f802382226d637624da42f19dd80dc8c98da803fabaac8cf327ca2f46af8,C,hybrid_tdvp,11,rxx,0.05,2,9,7,16,8,1,1,mixed,0.9999999999926985,0.9999999999926985,7.301492743749805e-12,2.7070161952665092e-06,0.9999999999999996,1.0000000000000138,1.7383165865081374e-08,3.211576247060976e-09,0.24737343797460198,16,"[1, 2, 4, 8, 16, 16, 16, 16, 16, 8, 4, 2, 1]",2728,1.2628720048154462e-15,1.2628720048154462e-15,1e-12
1bf4526297568a23f326eee6211aae6a361760f094acfa3aa54f4db8cb3aa6bb,C,hybrid_tdvp,11,rxx,0.05,2,9,7,64,1,1,1,mixed,0.9999999995300883,0.9999999995300883,4.699116651352142e-10,2.1675768781515416e-05,0.9999999999999996,0.9999999999999647,1.3803122432543002e-07,2.4574595400686957e-08,0.023703828977886587,16,"[1, 2, 4, 8, 16, 16, 16, 16, 16, 8, 4, 2, 1]",2728,8.097819567880028e-14,8.097819567880028e-14,1e-12
084c5f5e48b3c21cb1987b565ee2ee4c5ee1a6fcba95752e7b6c296f7154685e,C,hybrid_tdvp,11,rxx,0.05,2,9,7,64,2,1,1,mixed,0.999999999882649,0.999999999882649,1.173510177920889e-10,1.0832344231444233e-05,0.9999999999999996,0.9999999999999953,6.931214116545625e-08,1.2556151665239672e-08,0.1142147210193798,16,"[1, 2, 4, 8, 16, 16, 16, 16, 16, 8, 4, 2, 1]",2728,2.0222452412062407e-14,2.0222452412062407e-14,1e-12
ff321c1141e11f14c3406412629da83b675d7010ea3e998ed646952c08197cbd,C,hybrid_tdvp,11,rxx,0.05,2,9,7,64,4,1,1,mixed,0.9999999999706786,0.9999999999706786,2.9321434169560234e-11,5.414751562272001e-06,0.9999999999999996,0.999999999999999,3.472968246320818e-08,6.3707333524862905e-09,0.15045793901663274,16,"[1, 2, 4, 8, 16, 16, 16, 16, 16, 8, 4, 2, 1]",2728,5.052861327829669e-15,5.052861327829669e-15,1e-12
87ac206b4e759044de3287144e5c00c2ece5c5d7914ec4e355a68840604284d5,C,hybrid_tdvp,11,rxx,0.05,2,9,7,64,8,1,1,mixed,0.9999999999926985,0.9999999999926985,7.301492743749805e-12,2.7070161952665092e-06,0.9999999999999996,1.0000000000000138,1.7383165865081374e-08,3.211576247060976e-09,0.1457412189920433,16,"[1, 2, 4, 8, 16, 16, 16, 16, 16, 8, 4, 2, 1]",2728,1.2628720048154462e-15,1.2628720048154462e-15,1e-12
d8cee6454ca3ed1332d5142d1aa9f1e2f38da2b03eb152138fc2de06bf189793,C,hybrid_tdvp,11,rzz,0.05,2,8,6,8,1,2,2,commuting,0.9986803633290728,0.9986803633290728,0.00131963667092716,0.0363327994883281,0.9999999999999996,1.0000000000000007,0.01718646795937737,0.0028279968740029244,0.015801166009623557,8,"[1, 2, 4, 8, 8, 8, 8, 8, 8, 8, 4, 2, 1]",936,5.0367800350226185e-05,0.00011124519738292512,1e-12
095da44a390abddb9d656a1393a4a4d3901fcf805c1a9e8d4257e4e11a8485f9,C,hybrid_tdvp,11,rzz,0.05,2,8,6,8,2,2,2,commuting,0.9986817534779168,0.9986817534779168,0.001318246522083233,0.03631365104397532,0.9999999999999996,1.0000000000000002,0.017189456119103965,0.002827308601327734,0.036212792969308794,8,"[1, 2, 4, 8, 8, 8, 8, 8, 8, 8, 4, 2, 1]",936,2.5159773391988917e-05,5.565552668938286e-05,1e-12
fd347d972245b9a5e28fe02a66657550bda30df66b3b0b9dced7e40d6aebb114,C,hybrid_tdvp,11,rzz,0.05,2,8,6,8,4,2,2,commuting,0.9986823232753416,0.9986823232753416,0.0013176767246584342,0.036305799521041085,0.9999999999999996,1.0000000000000004,0.01719094104059642,0.0028270157201803685,0.10692285001277924,8,"[1, 2, 4, 8, 8, 8, 8, 8, 8, 8, 4, 2, 1]",936,1.2576231429482762e-05,2.7831342442588935e-05,1e-12
f586ed37e2b5f4cad1ec7d9a119eb7b3e0726b5a74bf8f4005d3f689231a5f05,C,hybrid_tdvp,11,rzz,0.05,2,8,6,8,8,2,2,commuting,0.9986825795816622,0.9986825795816622,0.0013174204183378224,0.03630226719539095,0.9999999999999996,0.9999999999999998,0.01719168257221902,0.0028268820330762884,0.18724096094956622,8,"[1, 2, 4, 8, 8, 8, 8, 8, 8, 8, 4, 2, 1]",936,6.287534695076413e-06,1.3916129043340268e-05,1e-12
8c10fe21104a995564fa9366a30a856ea4560aad6b5eb533d686fd0a218081e7,C,hybrid_tdvp,11,rzz,0.05,2,8,6,16,1,2,2,commuting,0.9987158627549628,0.9987158627549628,0.0012841372450371757,0.03584061609490556,0.9999999999999996,1.0000000000000016,0.01765399964070625,0.002925626889476865,0.04111079697031528,16,"[1, 2, 4, 8, 16, 16, 16, 16, 16, 8, 4, 2, 1]",2728,3.93501417982788e-31,5.799422428720843e-31,1e-12
fd94f124aff893e9cc271ba32864f30c197f7e1731ddd261c8fb22c410ec9c0a,C,hybrid_tdvp,11,rzz,0.05,2,8,6,16,2,2,2,commuting,0.9987158663055721,0.9987158663055721,0.0012841336944279247,0.03584056645276268,0.9999999999999996,0.9999999999972441,0.01765399957727629,0.0029256277714898404,0.04596691997721791,16,"[1, 2, 4, 8, 16, 16, 16, 16, 16, 8, 4, 2, 1]",2728,5.488479730828388e-12,5.519191636155453e-12,1e-12
bb0ada3b5d76ee32589c4e53fc566772401893e80ae4e0e6e2da8a52f2de6904,C,hybrid_tdvp,11,rzz,0.05,2,8,6,16,4,2,2,commuting,0.9987158645469981,0.9987158645469981,0.0012841354530018778,0.03584059106920533,0.9999999999999996,0.999999999999659,0.017653999606017674,0.002925627346006928,0.07730346696916968,16,"[1, 2, 4, 8, 16, 16, 16, 16, 16, 8, 4, 2, 1]",2728,6.971493713251519e-13,7.048174934418393e-13,1e-12
27ed4209ec79bd53ddb56dab774598d508ec576b5d7f8f0252d41875665f10bd,C,hybrid_tdvp,11,rzz,0.05,2,8,6,16,8,2,2,commuting,0.9987158636554154,0.9987158636554154,0.0012841363445845744,0.035840603524183653,0.9999999999999996,0.9999999999999749,0.017653999622871657,0.002925627122615711,0.19431367999641225,16,"[1, 2, 4, 8, 16, 16, 16, 16, 16, 8, 4, 2, 1]",2728,8.826857532646853e-14,9.018436623342509e-14,1e-12
dc39e0da6a7fdb28d71b70dc9262c0e40f2d0a653560ac7130133837fec7e3f2,C,hybrid_tdvp,11,rzz,0.05,2,8,6,64,1,2,2,commuting,0.9987158627549628,0.9987158627549628,0.0012841372450371757,0.03584061609490556,0.9999999999999996,1.0000000000000016,0.01765399964070625,0.002925626889476865,0.0490934620029293,16,"[1, 2, 4, 8, 16, 16, 16, 16, 16, 8, 4, 2, 1]",2728,3.93501417982788e-31,5.799422428720843e-31,1e-12
7443dd8766caab8e274a989af8eeb9851bb7b243b30ab5d15f736f4bb3d95f33,C,hybrid_tdvp,11,rzz,0.05,2,8,6,64,2,2,2,commuting,0.9987158671889332,0.9987158671889332,0.0012841328110667627,0.035840554194194414,0.9999999999999996,0.9999999999998547,0.01765399957736866,0.0029256297708925546,0.03652720298850909,18,"[1, 2, 4, 8, 16, 18, 18, 17, 16, 8, 4, 2, 1]",3060,2.7119799519901757e-13,3.0190990052608254e-13,1e-12
894d417c5c1e46bfb23f502ad36ae8140ea7109c89616298393d59522187ee4e,C,hybrid_tdvp,11,rzz,0.05,2,8,6,64,4,2,2,commuting,0.9987158645688186,0.9987158645688186,0.0012841354311814435,0.035840590767098376,0.9999999999999996,0.999999999999748,0.017653999605978604,0.0029256276595521656,0.19494587095687166,17,"[1, 2, 4, 8, 16, 17, 16, 16, 16, 8, 4, 2, 1]",2792,5.143838274981719e-13,5.220519496148593e-13,1e-12
ac16f23cf7f10f4c272d3d1c72e00e3de7215b9d3576729804a15c9233f8288a,C,hybrid_tdvp,11,rzz,0.05,2,8,6,64,8,2,2,commuting,0.9987158636554154,0.9987158636554154,0.0012841363445845744,0.035840603524183653,0.9999999999999996,0.9999999999999749,0.017653999622871657,0.002925627122615711,0.17162008699961007,16,"[1, 2, 4, 8, 16, 16, 16, 16, 16, 8, 4, 2, 1]",2728,8.826857532646853e-14,9.018436623342509e-14,1e-12
a686656c5cbf0caedc69e355359f78f11f08c6c1e9d2d5706a0a107bc2e0b44d,C,hybrid_tdvp,11,rzz,0.05,2,8,6,8,1,2,2,mixed,0.9988527009687246,0.9988527009687246,0.0011472990312754172,0.0338766629695028,0.9999999999999996,0.9999999999999998,0.01710378851364979,0.002838682724849092,0.22045962902484462,8,"[1, 2, 4, 8, 8, 8, 8, 8, 8, 8, 4, 2, 1]",936,5.3261824338495194e-05,9.40454692040426e-05,1e-12
40ab5811d2b129c31ab0276dd76a5a529618e28269ac452a1e4e6ea00edd4ddc,C,hybrid_tdvp,11,rzz,0.05,2,8,6,8,2,2,2,mixed,0.998854019881031,0.998854019881031,0.0011459801189690477,0.03385717981218092,0.9999999999999996,1.0,0.017104472530658558,0.0028375490725101905,0.035589808016084135,8,"[1, 2, 4, 8, 8, 8, 8, 8, 8, 8, 4, 2, 1]",936,2.6593373384407432e-05,4.700411114914812e-05,1e-12
166bd136e92874e558c2cb81fdf89eb23e625630b99fad837402c21af3837cb5,C,hybrid_tdvp,11,rzz,0.05,2,8,6,8,4,2,2,mixed,0.9988545567213796,0.9988545567213796,0.0011454432786204283,0.033849246323802776,0.9999999999999996,1.0000000000000007,0.017104872199959736,0.0028370152101921593,0.07305743702454492,8,"[1, 2, 4, 8, 8, 8, 8, 8, 8, 8, 4, 2, 1]",936,1.3291651470870575e-05,2.3502168596321816e-05,1e-12
78622edff428859d6797322867f36f878e28b63214210d6cf42ceebc311f1bc1,C,hybrid_tdvp,11,rzz,0.05,2,8,6,8,8,2,2,mixed,0.9988547968351216,0.9988547968351216,0.0011452031648784278,0.03384569729410587,0.9999999999999996,1.0000000000000002,0.017105085813256985,0.0028367565250460576,0.2642281400039792,8,"[1, 2, 4, 8, 8, 8, 8, 8, 8, 8, 4, 2, 1]",936,6.645112313102792e-06,1.1751713934154343e-05,1e-12
fbaf22515ad2447eb014bc788c39797797f78adad64068cf83619ec2e11c0f8e,C,hybrid_tdvp,11,rzz,0.05,2,8,6,16,1,2,2,mixed,0.9987209058117823,0.9987209058117823,0.0012790941882176998,0.03577014775618309,0.9999999999999996,1.0000000000000009,0.017613383504474164,0.0029464582739932225,0.06415578705491498,16,"[1, 2, 4, 8, 16, 16, 16, 16, 16, 8, 4, 2, 1]",2728,4.119351815977248e-06,4.119351896955444e-06,1e-12
8d1eaa30f6c3895103c74a14c026a8259d790ccf1675190ec72da40628a7b36c,C,hybrid_tdvp,11,rzz,0.05,2,8,6,16,2,2,2,mixed,0.9987254250068658,0.9987254250068658,0.0012745749931342143,0.03570688151488191,0.9999999999999996,1.0,0.017613568417249054,0.0029469186006254016,0.03017881204141304,16,"[1, 2, 4, 8, 16, 16, 16, 16, 16, 8, 4, 2, 1]",2728,2.5124060635401787e-06,2.512406083762631e-06,1e-12
4c0f8ebfee58491fcb83260cec97165da7b79d315acc207363c4cdbe3ad18cfb,C,hybrid_tdvp,11,rzz,0.05,2,8,6,16,4,2,2,mixed,0.9987296496381296,0.9987296496381296,0.0012703503618703982,0.03564763759133954,0.9999999999999996,0.9999999999999999,0.017613607442967822,0.002946635110226607,0.08554160996573046,16,"[1, 2, 4, 8, 16, 16, 16, 16, 16, 8, 4, 2, 1]",2728,1.5010629315719912e-06,1.5010629366248523e-06,1e-12
e02df9c09d4fa6a506abcf6200092de6e3486504e6a6f28b32bd9d51dbd343fc,C,hybrid_tdvp,11,rzz,0.05,2,8,6,16,8,2,2,mixed,0.9987362221266443,0.9987362221266443,0.0012637778733557425,0.03555527259755101,0.9999999999999996,1.0000000000000002,0.017613604844912725,0.002945174493749886,0.20704335998743773,16,"[1, 2, 4, 8, 16, 16, 16, 16, 16, 8, 4, 2, 1]",2728,8.708006806129722e-07,8.708006818758442e-07,1e-12
137d52e069abf735972d93be04d1c703cda94d660743f40aa03fa7dbe1cacd27,C,hybrid_tdvp,11,rzz,0.05,2,8,6,64,1,2,2,mixed,0.9987153834675387,0.9987153834675387,0.001284616532461258,0.035847306136932905,0.9999999999999996,0.9999999999998513,0.017613567574052025,0.00294769409935962,0.08293202798813581,32,"[1, 2, 4, 8, 16, 31, 32, 30, 16, 8, 4, 2, 1]",6536,2.3320066218173447e-13,3.1417885786053477e-13,1e-12
fbc0129a1b811655a26b69f2a28f9636639f486464239f0b4d7aaa71a77a7d08,C,hybrid_tdvp,11,rzz,0.05,2,8,6,64,2,2,2,mixed,0.9987153836035569,0.9987153836035569,0.0012846163964430612,0.0358473042373733,0.9999999999999996,0.9999999999998092,0.017613567525854742,0.002947695418256191,0.1229547550319694,32,"[1, 2, 4, 8, 16, 30, 32, 29, 16, 8, 4, 2, 1]",6344,3.8621688012350023e-13,4.064393325355626e-13,1e-12
eec16bd59968f9fa209cbcfe7e98a833c903df72da806fddee0cd14f682a6693,C,hybrid_tdvp,11,rzz,0.05,2,8,6,64,4,2,2,mixed,0.9987153828181856,0.9987153828181856,0.0012846171818143848,0.03584731518856587,0.9999999999999996,0.9999999999994427,0.017613567488511242,0.002947696502485493,0.1619570719776675,31,"[1, 2, 4, 8, 16, 29, 31, 28, 16, 8, 4, 2, 1]",6038,1.1343219010401682e-12,1.1393747623679978e-12,1e-12
26f63c115af4b519b7a9fa60a54363d4489534ab1a2d11bf32327c7791e6c2d6,C,hybrid_tdvp,11,rzz,0.05,2,8,6,64,8,2,2,mixed,0.9987153814557793,0.9987153814557793,0.0012846185442206837,0.03584733418218626,0.9999999999999996,0.9999999999986727,0.017613567466540272,0.0029476986305423097,0.19757376000052318,30,"[1, 2, 4, 8, 16, 28, 30, 27, 16, 8, 4, 2, 1]",5740,2.710181309252526e-12,2.7114441812573414e-12,1e-12
02d321d0fc9b482ba8c1ea2fd6389d149148de6407583e9da312ee7136bf6ba9,C,hybrid_tdvp,11,rzz,0.05,3,9,6,8,1,3,3,commuting,0.9991643773421192,0.9991643773421192,0.0008356226578808412,0.028910159064946567,0.9999999999999996,0.9999999999999998,0.004111130103143432,0.0007347832150200343,0.03142948797903955,8,"[1, 2, 4, 8, 8, 8, 8, 8, 8, 8, 4, 2, 1]",936,4.567243159983914e-05,0.00015691762898276427,1e-12
fe3b08ee59788647f5f03a0e3120ff66f6b347909660acac3ec153d76c563012,C,hybrid_tdvp,11,rzz,0.05,3,9,6,8,2,3,3,commuting,0.9991631153464445,0.9991631153464445,0.0008368846535554697,0.028931986119899923,0.9999999999999996,1.0000000000000013,0.004151552422719272,0.0007334100560009867,0.0529048049938865,8,"[1, 2, 4, 8, 8, 8, 8, 8, 8, 8, 4, 2, 1]",936,2.2868191729269988e-05,7.852371841865281e-05,1e-12
68ac6c0432bfa815d4c6f63c2d6c6c5e64ae15af3e30f198c0b18a0801f39fe4,C,hybrid_tdvp,11,rzz,0.05,3,9,6,8,4,3,3,commuting,0.999162435460954,0.999162435460954,0.0008375645390460429,0.02894373837496992,0.9999999999999996,1.0000000000000007,0.004169918186365952,0.0007328131742513893,0.8610496650217101,8,"[1, 2, 4, 8, 8, 8, 8, 8, 8, 8, 4, 2, 1]",936,1.1441631426320165e-05,3.9272973868909085e-05,1e-12
b4fd543ac13c07135f4cf7d484932f5b2b4668f3b72f945bd60a4f9182a2c993,C,hybrid_tdvp,11,rzz,0.05,3,9,6,8,8,3,3,commuting,0.9991620836441361,0.9991620836441361,0.0008379163558639435,0.02894981788187986,0.9999999999999996,0.9999999999999991,0.004178701430821462,0.0007325411830847978,0.13308911595959216,8,"[1, 2, 4, 8, 8, 8, 8, 8, 8, 8, 4, 2, 1]",936,5.722651363422598e-06,1.9638780406762868e-05,1e-12
a21ae3646566869d24dcd87cd5241c92775a35057b4f1bba8d79e399ee5c2f10,C,hybrid_tdvp,11,rzz,0.05,3,9,6,16,1,3,3,commuting,0.9999910414989601,0.9999910414989601,8.958501039879607e-06,0.0029930788668465435,0.9999999999999996,0.9999999999999998,0.00015119671084596817,2.587456146624042e-05,0.01613759103929624,16,"[1, 2, 4, 8, 16, 16, 16, 16, 16, 8, 4, 2, 1]",2728,4.035331667502303e-06,4.035331667502303e-06,1e-12
40452a5450d2e1cbf0caf08f599951789e6760efe0b87861fe8525afc18ea6d3,C,hybrid_tdvp,11,rzz,0.05,3,9,6,16,2,3,3,commuting,0.9999884058912649,0.9999884058912649,1.1594108735080155e-05,0.003405017230442346,0.9999999999999996,1.0000000000000009,0.00012803610343098404,3.0335434319700545e-05,0.056593410030473024,16,"[1, 2, 4, 8, 16, 16, 16, 16, 16, 8, 4, 2, 1]",2728,2.8415857054199638e-06,2.8415912246116e-06,1e-12
40bd3f7915b2bf9d0e3ce2c77263902148d8e55aed4ccfdd8358862c9b36fdc3,C,hybrid_tdvp,11,rzz,0.05,3,9,6,16,4,3,3,commuting,0.9999870283036542,0.9999870283036542,1.297169634584261e-05,0.0036016299658032116,0.9999999999999996,0.9999999999999997,0.00020428266937863593,3.910200324167584e-05,0.1459833169938065,16,"[1, 2, 4, 8, 16, 16, 16, 16, 16, 8, 4, 2, 1]",2728,1.7100252575696076e-06,1.7100259623871011e-06,1e-12
5b6a3c543ed20dc557a2aec4be26c88a27a176ed98201d5cffd9237c9625d859,C,hybrid_tdvp,11,rzz,0.05,3,9,6,16,8,3,3,commuting,0.9999869879010749,0.9999869879010749,1.3012098925124782e-05,0.0036072345716146783,0.9999999999999996,1.0000000000000002,0.0002442232434999754,4.32144712775996e-05,0.12789716897532344,16,"[1, 2, 4, 8, 16, 16, 16, 16, 16, 8, 4, 2, 1]",2728,8.823695678830045e-07,8.823696580673706e-07,1e-12
56c19f57e21f7fff8dff7925ccef081cc8fd9fe51809314867ba71426133eaa7,C,hybrid_tdvp,11,rzz,0.05,3,9,6,64,1,3,3,commuting,0.9999999999905818,0.9999999999905818,9.418243962500128e-12,3.03140649625652e-06,0.9999999999999996,0.999999999999885,5.174617129233283e-08,9.342182596312448e-09,0.06935780501225963,32,"[1, 2, 4, 8, 16, 31, 32, 30, 16, 8, 4, 2, 1]",6536,2.304006219003718e-13,2.304006219003718e-13,1e-12
75d28e97f9ec0d6acbb1dda8ce8495b88d400914642ba06f0db9de9dc2a281de,C,hybrid_tdvp,11,rzz,0.05,3,9,6,64,2,3,3,commuting,0.9999999999391982,0.9999999999391982,6.080180803280655e-11,7.758594772201978e-06,0.9999999999999996,0.999999999999697,1.71676490405559e-07,2.0495438487635425e-08,0.11095547099830583,32,"[1, 2, 4, 8, 16, 30, 32, 30, 16, 8, 4, 2, 1]",6440,3.075309430248861e-13,6.094408435509687e-13,1e-12
3e1448a400b4917b44a7437a320dc67aab7c550b66c89dc07e563199ce8bc272,C,hybrid_tdvp,11,rzz,0.05,3,9,6,64,4,3,3,commuting,0.9999999999708256,0.9999999999708256,2.9174440641099864e-11,5.242657392351063e-06,0.9999999999999996,0.9999999999991553,8.389771165295823e-08,1.1172029533018517e-08,0.3061828499776311,31,"[1, 2, 4, 8, 16, 29, 31, 29, 16, 8, 4, 2, 1]",6132,1.2033889690542775e-12,1.725440918669137e-12,1e-12
e898645de3262eb5cd380944769b8d118b55feca4a380d324ff31e90c026dfb5,C,hybrid_tdvp,11,rzz,0.05,3,9,6,64,8,3,3,commuting,0.9999999999601523,0.9999999999601523,3.984768071063627e-11,6.145148859997304e-06,0.9999999999999996,0.9999999999989577,3.031888121812765e-08,6.410617629991114e-09,0.42544277501292527,31,"[1, 2, 4, 8, 16, 28, 31, 27, 16, 8, 4, 2, 1]",5850,2.064025429020509e-12,2.154209795253934e-12,1e-12
e7396579e69eef97f0b210948799ec42a2970642550c855731c297b2c17438a8,C,hybrid_tdvp,11,ryy,0.05,3,9,6,8,1,3,3,mixed,0.9977237833774686,0.9977237833774686,0.002276216622531413,0.04772330027712895,0.9999999999999996,1.0000000000000009,0.017158072309835085,0.003512347778490407,0.3263165549724363,8,"[1, 2, 4, 8, 8, 8, 8, 8, 8, 8, 4, 2, 1]",936,5.5683228363369334e-05,0.00014972869756741194,1e-12
d4628b2488bcc630aaf7cd7db2e70586fba6ed9705cf00cf744993023c5d4df9,C,hybrid_tdvp,11,ryy,0.05,3,9,6,8,2,3,3,mixed,0.9977274942932746,0.9977274942932746,0.002272505706725436,0.04768436060533117,0.9999999999999996,0.9999999999999992,0.017161428397670212,0.003511670310491319,0.049595177988521755,8,"[1, 2, 4, 8, 8, 8, 8, 8, 8, 8, 4, 2, 1]",936,2.782407615375485e-05,7.482818730290299e-05,1e-12
743e357e4da3b6eed7b0ff28cd4ea6fde63fde36c98904ecc33514cc05953dc3,C,hybrid_tdvp,11,ryy,0.05,3,9,6,8,4,3,3,mixed,0.9977291150548226,0.9977291150548226,0.002270884945177354,0.04766734354579387,0.9999999999999996,1.0000000000000004,0.017163177036220327,0.00351135062121714,0.1017449630307965,8,"[1, 2, 4, 8, 8, 8, 8, 8, 8, 8, 4, 2, 1]",936,1.3912763152071081e-05,3.7414931748392896e-05,1e-12
08f5fd72090b59cfbb5071e852a315ddf8f50a652bea7f0c1da4ce915c5a241d,C,hybrid_tdvp,11,ryy,0.05,3,9,6,8,8,3,3,mixed,0.9977298693058764,0.9977298693058764,0.0022701306941236288,0.04765942227860915,0.9999999999999996,1.0000000000000009,0.01716406707833652,0.0035111958473937987,0.46390715800225735,8,"[1, 2, 4, 8, 8, 8, 8, 8, 8, 8, 4, 2, 1]",936,6.957213867856822e-06,1.8708927802011174e-05,1e-12
3faed04139bcd5645c22ca7824a5b2542c4d731f1bd38d7b12ba2f97db2d5496,C,hybrid_tdvp,11,ryy,0.05,3,9,6,16,1,3,3,mixed,0.9973740538388237,0.9973740538388237,0.0026259461611762847,0.05126082643343223,0.9999999999999996,0.9999999999999997,0.017611038074672444,0.0036481051730582496,0.038406963052693754,16,"[1, 2, 4, 8, 16, 16, 16, 16, 16, 8, 4, 2, 1]",2728,1.191247488738689e-05,1.6031826784342334e-05,1e-12
202fa24f247adba6dae3561955e83a65465a72d8f9ef8639784d589253d0fcc7,C,hybrid_tdvp,11,ryy,0.05,3,9,6,16,2,3,3,mixed,0.9974121629528087,0.9974121629528087,0.0025878370471913437,0.05088726208156452,0.9999999999999996,1.0,0.01759603674470563,0.003629841479277661,0.10043010098161176,16,"[1, 2, 4, 8, 16, 16, 16, 16, 16, 8, 4, 2, 1]",2728,8.34663278389569e-06,1.0859038867658321e-05,1e-12
79a94d5425ad5a2e12fae83e612576c323d86ad491d2ff066a96b27345942df0,C,hybrid_tdvp,11,ryy,0.05,3,9,6,16,4,3,3,mixed,0.9974355909161198,0.9974355909161198,0.002564409083880226,0.050656245851397774,0.9999999999999996,0.9999999999999996,0.017581290257504337,0.0036215409534815163,0.11349342303583398,16,"[1, 2, 4, 8, 16, 16, 16, 16, 16, 8, 4, 2, 1]",2728,5.221851404081088e-06,6.7229143407059405e-06,1e-12
92696e929c398407de1bb533a2b798240f14828858880cac25e44212143accdc,C,hybrid_tdvp,11,ryy,0.05,3,9,6,16,8,3,3,mixed,0.9974461593720517,0.9974461593720517,0.0025538406279482784,0.050551688783030346,0.9999999999999996,0.9999999999999998,0.017570084758834276,0.003619060972058387,0.1816324430401437,16,"[1, 2, 4, 8, 16, 16, 16, 16, 16, 8, 4, 2, 1]",2728,2.7804188294727605e-06,3.6512195113486045e-06,1e-12
76a5ac360197e5abe74f9ffdec4e7f1f784cbead0276b8086fedef4618e297f6,C,hybrid_tdvp,11,ryy,0.05,3,9,6,64,1,3,3,mixed,0.9973577818957708,0.9973577818957708,0.002642218104229155,0.051419507412429885,0.9999999999999996,0.9999999999997979,0.017613567574037575,0.0036519262749804254,0.4049561290303245,50,"[1, 2, 4, 8, 16, 32, 50, 32, 16, 8, 4, 2, 1]",9128,1.0616740000208338e-13,4.2034625786261817e-13,1e-12
65a5254ab497a886567f0f869feba60d4be2c70a1336bdb8d1209783fdd9ad4c,C,hybrid_tdvp,11,ryy,0.05,3,9,6,64,2,3,3,mixed,0.9973577822817925,0.9973577822817925,0.0026422177182074957,0.05141950365177625,0.9999999999999996,0.9999999999996927,0.01761356752582033,0.003651927005123428,0.43123954499606043,48,"[1, 2, 4, 8, 16, 32, 48, 32, 16, 8, 4, 2, 1]",8872,2.323945378665544e-13,6.38833870402117e-13,1e-12
7366e81666eb4084ce2cba2d05c0150fd62a093d5b7ed3630acf250c365ced4a,C,hybrid_tdvp,11,ryy,0.05,3,9,6,64,4,3,3,mixed,0.9973577810039052,0.9973577810039052,0.0026422189960948472,0.05141951608517011,0.9999999999999996,0.9999999999992234,0.017613567488499203,0.0036519277130379,0.8994502020068467,46,"[1, 2, 4, 8, 16, 32, 46, 32, 16, 8, 4, 2, 1]",8616,4.510479379386749e-13,1.5904227003066723e-12,1e-12
1f15563382daf5d20ccaf8944aeef5f1019734be195746c3d7cadc3d32cc31ca,C,hybrid_tdvp,11,ryy,0.05,3,9,6,64,8,3,3,mixed,0.9973577807596747,0.9973577807596747,0.002642219240325261,0.05141951844545918,0.9999999999999996,0.9999999999983104,0.017613567466431466,0.003651929198068525,1.5651667980127968,44,"[1, 2, 4, 8, 16, 32, 44, 32, 16, 8, 4, 2, 1]",8360,7.372884452201488e-13,3.4487326264774903e-12,1e-12
b8c6c6332f5a1a5a9f4bd7efde677e15d860a5171b060f76270a38dd931ffbb3,C,hybrid_tdvp,11,rzz,0.05,2,9,7,8,1,4,4,commuting,0.9981389818273199,0.9981389818273199,0.00186101817268014,0.043149563456142806,0.9999999999999996,1.0000000000000007,0.004551639899023921,0.000857535229445599,0.17478337901411578,8,"[1, 2, 4, 8, 8, 8, 8, 8, 8, 8, 4, 2, 1]",936,6.0234418523262995e-05,0.00021715204750602724,1e-12
c8a6ef8330e07e40347b994be1644293f1a1b825bbf34e562c77bbed251a2823,C,hybrid_tdvp,11,rzz,0.05,2,9,7,8,2,4,4,commuting,0.9981323967636929,0.9981323967636929,0.0018676032363070805,0.0432258723102488,0.9999999999999996,1.0000000000000007,0.004646071963971397,0.0008603953594825584,0.0502939959987998,8,"[1, 2, 4, 8, 8, 8, 8, 8, 8, 8, 4, 2, 1]",936,3.0131956397097823e-05,0.00010865567481575064,1e-12
aab91c1d781b8def3d818a17fad7e0dfb9992ed80358a849ae55f499498ddc88,C,hybrid_tdvp,11,rzz,0.05,2,9,7,8,4,4,4,commuting,0.9981291014672428,0.9981291014672428,0.001870898532757237,0.04326400833977953,0.9999999999999996,0.9999999999999999,0.004689916083933304,0.0008617853756726982,0.5455569259938784,8,"[1, 2, 4, 8, 8, 8, 8, 8, 8, 8, 4, 2, 1]",936,1.5066666015334892e-05,5.4339639884243996e-05,1e-12
06dce366b593fe18b4df75d80ae56ea64ae0c6d84b7e8b88b72333fb44bb14fa,C,hybrid_tdvp,11,rzz,0.05,2,9,7,8,8,4,4,commuting,0.9981274517717565,0.9981274517717565,0.0018725482282434536,0.04328308744958174,0.9999999999999996,1.0000000000000009,0.004711115815426568,0.0008624794370068684,0.1589541399735026,8,"[1, 2, 4, 8, 8, 8, 8, 8, 8, 8, 4, 2, 1]",936,7.533084123791211e-06,2.7171864530554087e-05,1e-12
9bbe612e946947f5c7ac4cfdbe5df3a6c645451def51992015b1ba0c26048d62,C,hybrid_tdvp,11,rzz,0.05,2,9,7,16,1,4,4,commuting,0.9999910067419203,0.9999910067419203,8.993258079681432e-06,0.002908365361672527,0.9999999999999996,0.9999997326553539,0.0001562173118418702,2.523516148277875e-05,0.01905490196077153,16,"[1, 2, 4, 8, 16, 16, 16, 16, 16, 8, 4, 2, 1]",2728,5.458466589827514e-07,4.581178326485055e-06,1e-12
12d4ed4678c830f58a78e3eb7ac54e060e44d53c919bdea83ff1bb38b5ba1709,C,hybrid_tdvp,11,rzz,0.05,2,9,7,16,2,4,4,commuting,0.9999899113110217,0.9999899113110217,1.0088688978338034e-05,0.0031284599526613783,0.9999999999999996,0.9999998492736151,0.00010792753987147463,2.9313662994961146e-05,0.05055073800031096,16,"[1, 2, 4, 8, 16, 16, 16, 16, 16, 8, 4, 2, 1]",2728,3.004330142765497e-07,3.1420242388881494e-06,1e-12
150a2fa7c4c6c5f66c02cfb5a600d2f7ed89d28e0aacdb848d26ca218476410e,C,hybrid_tdvp,11,rzz,0.05,2,9,7,16,4,4,4,commuting,0.9999891754331971,0.9999891754331971,1.082456680290278e-05,0.0032642462214088597,0.9999999999999996,0.9999999153536469,0.0001905686853405815,3.6957543230562115e-05,0.1252507179742679,16,"[1, 2, 4, 8, 16, 16, 16, 16, 16, 8, 4, 2, 1]",2728,1.666412063285711e-07,1.8766671687156722e-06,1e-12
a6acf6e314a21590b66312e32617ddd511d468a9561c19c172bbf286f2da11ba,C,hybrid_tdvp,11,rzz,0.05,2,9,7,16,8,4,4,commuting,0.9999888678998979,0.9999888678998979,1.1132100102062559e-05,0.0033245598085665223,0.9999999999999996,0.9999999602834189,0.0002297553137513529,4.088801747379792e-05,0.23748368700034916,16,"[1, 2, 4, 8, 16, 16, 16, 16, 16, 8, 4, 2, 1]",2728,7.90647356451461e-08,9.614343937125169e-07,1e-12
0c3b2a77c394f97e9f1ad4662ad45fd9f7a1d752c22c27ea15fa56f9bfae565c,C,hybrid_tdvp,11,rzz,0.05,2,9,7,64,1,4,4,commuting,0.9999999999905733,0.9999999999905733,9.426681657487279e-12,3.0313943449402164e-06,0.9999999999999996,0.9999999999998815,5.175292651198038e-08,9.355687476017586e-09,0.06345907802460715,32,"[1, 2, 4, 8, 16, 31, 32, 30, 16, 8, 4, 2, 1]",6536,8.330642301676701e-18,2.304089525426735e-13,1e-12
4304b216d7c98b64c21dccd8e06225c4eef460d23226cef272b4eebd893b10bc,C,hybrid_tdvp,11,rzz,0.05,2,9,7,64,2,4,4,commuting,0.9999999999392033,0.9999999999392033,6.079670100689327e-11,7.759135089794189e-06,0.9999999999999996,0.9999999999997043,1.7176292540707627e-07,2.225654428473942e-08,0.1928691630018875,32,"[1, 2, 4, 8, 16, 30, 32, 30, 16, 8, 4, 2, 1]",6440,4.6597512161903257e-17,6.094874410631306e-13,1e-12
e87b2c24a0ae1673c56fbb7ce36ee17fdba5ef5afaff4dc023c2d2ecfb12c06b,C,hybrid_tdvp,11,rzz,0.05,2,9,7,64,4,4,4,commuting,0.9999999999707609,0.9999999999707609,2.923905562113305e-11,5.249995972087178e-06,0.9999999999999996,0.999999999999162,8.418424701783778e-08,1.2166311842858073e-08,0.12868803599849343,31,"[1, 2, 4, 8, 16, 29, 31, 29, 16, 8, 4, 2, 1]",6132,1.6192463866949283e-16,1.7256028433078066e-12,1e-12
d1458f8650d6be4f7f529e10479996f49ef7f1873ed0cc604a69a8b6cdc041ba,C,hybrid_tdvp,11,rzz,0.05,2,9,7,64,8,4,4,commuting,0.999999999960594,0.999999999960594,3.940603399144038e-11,6.112687137499495e-06,0.9999999999999996,0.9999999999989785,3.027180543735408e-08,6.675328212396741e-09,0.32321944303112105,31,"[1, 2, 4, 8, 16, 28, 31, 27, 16, 8, 4, 2, 1]",5850,5.517261213461251e-16,2.154761521375279e-12,1e-12
82f148e0af122b30e82a29a93fa9f70b6ad518ac38f6f1d092b7aab9de7d1844,C,hybrid_tdvp,11,rxx,0.05,2,9,7,8,1,4,4,mixed,0.9969229222234149,0.9969229222234149,0.0030770777765850577,0.05549277905632139,0.9999999999999996,1.0000000000000002,0.01683740190128986,0.003523016628508458,0.1877983990125358,8,"[1, 2, 4, 8, 8, 8, 8, 8, 8, 8, 4, 2, 1]",936,3.943618644907367e-05,0.0001891648840164856,1e-12
72b6cbe2889f25f271affdc88ed0c1776c51ffb63255c17aa9dfc8fe0a7719f0,C,hybrid_tdvp,11,rxx,0.05,2,9,7,8,2,4,4,mixed,0.9969242351757535,0.9969242351757535,0.0030757648242465407,0.05548092961356222,0.9999999999999996,0.9999999999999999,0.016843148059506544,0.0035227625327183183,0.06989594700280577,8,"[1, 2, 4, 8, 8, 8, 8, 8, 8, 8, 4, 2, 1]",936,1.973694614267356e-05,9.456513344557652e-05,1e-12
1feca123ea5404f5418255e95fa82b2a6ead9a162c308397bcaf5b38faa8b8d3,C,hybrid_tdvp,11,rxx,0.05,2,9,7,8,4,4,4,mixed,0.9969246777663555,0.9969246777663555,0.003075322233644484,0.05547693464860318,0.9999999999999996,1.0000000000000004,0.016846126137863106,0.003522638829469099,0.14773874898673967,8,"[1, 2, 4, 8, 8, 8, 8, 8, 8, 8, 4, 2, 1]",936,9.874749165573987e-06,4.7289680913966874e-05,1e-12
09d16d35bd0b971769d25af66b7cf553c1bc26ded05a80ec1b2e66314cd6ff47,C,hybrid_tdvp,11,rxx,0.05,2,9,7,8,8,4,4,mixed,0.9969248465924021,0.9969248465924021,0.003075153407597897,0.055475410694909,0.9999999999999996,1.0000000000000002,0.016847639384956776,0.0035225793694221947,0.6779497839743271,8,"[1, 2, 4, 8, 8, 8, 8, 8, 8, 8, 4, 2, 1]",936,4.939119349422238e-06,2.3648047151433417e-05,1e-12
99c7c8ad18d3d8b091f9511e7b75d277cfb14a57291a3d434da227e443cf64d0,C,hybrid_tdvp,11,rxx,0.05,2,9,7,16,1,4,4,mixed,0.9973574441496699,0.9973574441496699,0.0026425558503301305,0.05142279588039033,0.9999999999999996,0.9999999999999999,0.017886627093316423,0.0036613850313222136,0.028831714007537812,16,"[1, 2, 4, 8, 16, 16, 16, 16, 16, 8, 4, 2, 1]",2728,2.355049341935606e-06,1.838687612627794e-05,1e-12
4a43240f45ff7c27b7a9fad729e4eda7f4ca96e4ddd660ff3ed2d5744ad21cdd,C,hybrid_tdvp,11,rxx,0.05,2,9,7,16,2,4,4,mixed,0.9973991995352595,0.9973991995352595,0.002600800464740538,0.051014642095338174,0.9999999999999996,1.000000000000001,0.017851100017615692,0.0036357947963220165,0.05112272599944845,16,"[1, 2, 4, 8, 16, 16, 16, 16, 16, 8, 4, 2, 1]",2728,1.0467144659224427e-06,1.1905753333580762e-05,1e-12
d0e1c6831d6ccc8fb17be90e49ff25c555dd8437f6791429479ce485fb8452de,C,hybrid_tdvp,11,rxx,0.05,2,9,7,16,4,4,4,mixed,0.9974243937573694,0.9974243937573694,0.002575606242630646,0.05076257808676757,0.9999999999999996,0.9999997862576385,0.017832693100647116,0.0036276428220102163,0.12218515697168186,16,"[1, 2, 4, 8, 16, 16, 16, 16, 16, 8, 4, 2, 1]",2728,4.4202550040965523e-07,7.164939841115594e-06,1e-12
1100b07a0d350763eb6c996542332c6ca5b1b216384453ac60c8b3b8bb286bc3,C,hybrid_tdvp,11,rxx,0.05,2,9,7,16,8,4,4,mixed,0.9974358072496481,0.9974358072496481,0.0025641927503519124,0.050652171908046786,0.9999999999999996,0.9999999019433352,0.01781966255977934,0.003625949332373193,0.25584472896298394,16,"[1, 2, 4, 8, 16, 16, 16, 16, 16, 8, 4, 2, 1]",2728,2.032237250060557e-07,3.854443236354659e-06,1e-12
3c88743b16305f395883a7aa569852b1234f1074f250f71bc6b572d16a1382aa,C,hybrid_tdvp,11,rxx,0.05,2,9,7,64,1,4,4,mixed,0.9973577819107469,0.9973577819107469,0.0026422180892531344,0.051419507265077165,0.9999999999999996,0.999999999999719,0.017879658497431197,0.003668043218264168,0.2984037969727069,46,"[1, 2, 4, 8, 16, 32, 46, 32, 16, 8, 4, 2, 1]",8616,1.605152808305643e-13,5.808615386931825e-13,1e-12
8b47cca0a26e8b920bc2b55029173f280725b1d4255bb56a9dd7aa208aaeba7d,C,hybrid_tdvp,11,rxx,0.05,2,9,7,64,2,4,4,mixed,0.9973577822453528,0.9973577822453528,0.002642217754647236,0.05141950400480595,0.9999999999999996,0.9999999999996011,0.01787965843064834,0.0036680445213317743,0.5573293690104038,46,"[1, 2, 4, 8, 16, 32, 46, 32, 16, 8, 4, 2, 1]",8616,1.9768355212079486e-13,8.365174225229119e-13,1e-12
f4886d7350ccc1ba94355ee7b4e166d2ebac113c70e5bb64756d0720e648c337,C,hybrid_tdvp,11,rxx,0.05,2,9,7,64,4,4,4,mixed,0.9973577809458665,0.9973577809458665,0.002642219054133532,0.0514195166466487,0.9999999999999996,0.9999999999990364,0.01787965839344986,0.003668045509783225,1.2544125720160082,47,"[1, 2, 4, 8, 16, 32, 47, 32, 16, 8, 4, 2, 1]",8744,3.8975343286549867e-13,1.980176133172171e-12,1e-12
7deb57dd6ce6dcb7090107d58f25c486174105e46bdbf551adfe16284d65d480,C,hybrid_tdvp,11,rxx,0.05,2,9,7,64,8,4,4,mixed,0.9973577807819871,0.9973577807819871,0.0026422192180128867,0.051419518222404745,0.9999999999999996,0.9999999999980126,0.017879658445440035,0.0036680471654816902,2.017948712047655,46,"[1, 2, 4, 8, 16, 32, 46, 32, 16, 8, 4, 2, 1]",8616,6.528510347774479e-13,4.101583661254938e-12,1e-12
7416d96ce6235cbf5bc2c5ea2f8d0c02b93a3c8638c6f575a0ef0cb8ea9268cc,C,hybrid_tdvp,11,rzz,0.05,2,8,6,8,1,5,5,commuting,0.9967648531660923,0.9967648531660923,0.003235146833907687,0.05690138503319547,0.9999999999999996,1.0000000000000002,0.018778506243509564,0.003180123397290742,0.14783975895261392,8,"[1, 2, 4, 8, 8, 8, 8, 8, 8, 8, 4, 2, 1]",936,5.1601836381763695e-05,0.0002687538838877909,1e-12
b81aefe201cebf50db5aba77c8aa3c0f2ce407656f8859694956d2556a0ead63,C,hybrid_tdvp,11,rzz,0.05,2,8,6,8,2,5,5,commuting,0.9967589582805405,0.9967589582805405,0.003241041719459492,0.05695324460982048,0.9999999999999996,1.0,0.018807078565845917,0.0031821249855438875,0.036800510017201304,8,"[1, 2, 4, 8, 8, 8, 8, 8, 8, 8, 4, 2, 1]",936,2.5757788179265253e-05,0.0001344134629950159,1e-12
5b8c43a72d644ef87868637c7ed09271a160c616a3e08fbf0b8b1c13d365f845,C,hybrid_tdvp,11,rzz,0.05,2,8,6,8,4,5,5,commuting,0.9967558726518939,0.9967558726518939,0.003244127348106085,0.05698037131450241,0.9999999999999996,1.0,0.01882055990490286,0.003183121534613255,0.15309905400499701,8,"[1, 2, 4, 8, 8, 8, 8, 8, 8, 8, 4, 2, 1]",936,1.2871403989472657e-05,6.721104387371665e-05,1e-12
7b96b23dfe236152f74b892bd4dfdba0553834063a6a3f10833a3eedbb76c008,C,hybrid_tdvp,11,rzz,0.05,2,8,6,8,8,5,5,commuting,0.9967542979542913,0.9967542979542913,0.0032457020457087316,0.05699421000289893,0.9999999999999996,1.0000000000000004,0.01882711087950965,0.0031836222227447073,0.16700841701822355,8,"[1, 2, 4, 8, 8, 8, 8, 8, 8, 8, 4, 2, 1]",936,6.43420635917722e-06,3.36060708897313e-05,1e-12
482cad1cae0d5b02ce89a646bec6e3611ffc112692b594d4d3265a54859d0faf,C,hybrid_tdvp,11,rzz,0.05,2,8,6,16,1,5,5,commuting,0.9986914294001948,0.9986914294001948,0.0013085705998051589,0.036180090787334224,0.9999999999999996,0.9999999999999994,0.017651849355496636,0.0029396382158353145,0.06549801700748503,16,"[1, 2, 4, 8, 16, 16, 16, 16, 16, 8, 4, 2, 1]",2728,8.468056775429136e-07,5.4279840040279686e-06,1e-12
0b1b04ed91538bf08cb3e74b19e120e3ef8bb4b98116977d08899499a691c5ff,C,hybrid_tdvp,11,rzz,0.05,2,8,6,16,2,5,5,commuting,0.9986779938187712,0.9986779938187712,0.0013220061812287964,0.03636541482456899,0.9999999999999996,1.0000000000000004,0.01765254475073497,0.002935853214599808,0.15928849199553952,16,"[1, 2, 4, 8, 16, 16, 16, 16, 16, 8, 4, 2, 1]",2728,5.125178575078919e-07,3.6545420963960414e-06,1e-12
98771be1377eb7d99d3d09f30dea049d0b34ff16d5f5e0bd05568f379f3e44df,C,hybrid_tdvp,11,rzz,0.05,2,8,6,16,4,5,5,commuting,0.9986703509847511,0.9986703509847511,0.0013296490152489016,0.03646417674076749,0.9999999999999996,0.9999997724421821,0.017653516621295495,0.0029340706647997135,0.06757349398685619,16,"[1, 2, 4, 8, 16, 16, 16, 16, 16, 8, 4, 2, 1]",2728,2.803387481701202e-07,2.157005916885792e-06,1e-12
2dfc165355af59254d6519a447e23952624a071edfbb7b1b87f0b7a49307bee1,C,hybrid_tdvp,11,rzz,0.05,2,8,6,16,8,5,5,commuting,0.9986662396595097,0.9986662396595097,0.0013337603404902643,0.03652384985644986,0.9999999999999996,0.9999998931209236,0.017655106092821313,0.0029364524128681854,0.336500519013498,16,"[1, 2, 4, 8, 16, 16, 16, 16, 16, 8, 4, 2, 1]",2728,1.3271883098118267e-07,1.0941532246936996e-06,1e-12
bf15657cfac9675756f4ec89ddaa68013c93f008f92fac499b82759b14965e5e,C,hybrid_tdvp,11,rzz,0.05,2,8,6,64,1,5,5,commuting,0.9987158627243184,0.9987158627243184,0.0012841372756815517,0.03584061651717212,0.9999999999999996,0.9999999999998045,0.017650561097024828,0.0029360107862024948,0.12901288300054148,32,"[1, 2, 4, 8, 16, 31, 32, 30, 16, 8, 4, 2, 1]",6536,1.6084619542254495e-13,3.9125514796521846e-13,1e-12
9ea6e6f08ed2c9a4b0edf7b12606db564b60dd5aec13e05d63dcddf5273a123d,C,hybrid_tdvp,11,rzz,0.05,2,8,6,64,2,5,5,commuting,0.9987158671772273,0.9987158671772273,0.0012841328227727322,0.035840554350622736,0.9999999999999996,0.9999999999996027,0.01765056158139015,0.0029360109748935836,0.112733865971677,32,"[1, 2, 4, 8, 16, 30, 32, 30, 16, 8, 4, 2, 1]",6440,2.0713290263975753e-13,8.166203437028882e-13,1e-12
e23ef58a16aa1b3ff63744931ad905d6befec5cd4cdfafa1ec3f114b529c2839,C,hybrid_tdvp,11,rzz,0.05,2,8,6,64,4,5,5,commuting,0.9987158644840023,0.9987158644840023,0.0012841355159977086,0.035840591919458674,0.9999999999999996,0.9999999999986156,0.01765056153044076,0.002936010394131938,0.12406745803309605,31,"[1, 2, 4, 8, 16, 29, 31, 29, 16, 8, 4, 2, 1]",6132,1.0900548627662378e-12,2.815657706074044e-12,1e-12
eef3836eddabbe4f2c15c955d66d7889a49c4c7f43e8f28f3c9b90f42ea76441,C,hybrid_tdvp,11,rzz,0.05,2,8,6,64,8,5,5,commuting,0.998715863544038,0.998715863544038,0.0012841364559620372,0.035840605023894766,0.9999999999999996,0.9999999999980009,0.017650561110923904,0.0029360096742232092,0.2278554099611938,31,"[1, 2, 4, 8, 16, 28, 31, 27, 16, 8, 4, 2, 1]",5850,1.984292525272658e-12,4.139054046647937e-12,1e-12
19ed97e6f343727417461fa25a0195ae2908bf35557c93f6f00c2f15b238ec10,C,hybrid_tdvp,11,rzz,0.05,2,8,6,8,1,5,5,mixed,0.99415066884917,0.99415066884917,0.005849331150829973,0.07653698405353512,0.9999999999999996,0.9999999999999999,0.03393167455325872,0.005955457463351867,0.30652544600889087,8,"[1, 2, 4, 8, 8, 8, 8, 8, 8, 8, 4, 2, 1]",936,5.5148201474833244e-05,0.00024431308549131885,1e-12
d1839e26673d1b7c3e06b7ea965a55ae6ad2f4429789b65f3eee1b36f9542af7,C,hybrid_tdvp,11,rzz,0.05,2,8,6,8,2,5,5,mixed,0.9941585415709229,0.9941585415709229,0.005841458429077129,0.07648538484773398,0.9999999999999996,0.9999999999999998,0.03393684538945537,0.005953997811263704,0.06212412304012105,8,"[1, 2, 4, 8, 8, 8, 8, 8, 8, 8, 4, 2, 1]",936,2.7533388525949262e-05,0.00012209852197152577,1e-12
f2417fcd9b3682dbfcd326d2c77b50f6a1e55fa61d0033f1ad8bbe1d530d2399,C,hybrid_tdvp,11,rzz,0.05,2,8,6,8,4,5,5,mixed,0.9941619369016046,0.9941619369016046,0.005838063098395407,0.07646312056822287,0.9999999999999996,1.0000000000000002,0.033939616902580724,0.005953330955887428,0.10254231601720676,8,"[1, 2, 4, 8, 8, 8, 8, 8, 8, 8, 4, 2, 1]",936,1.3761729019691868e-05,6.105140993365876e-05,1e-12
274bd86cf22466aa921bedb75fd458083248f86719f7a167bc12f4ce146287c9,C,hybrid_tdvp,11,rzz,0.05,2,8,6,8,8,5,5,mixed,0.994163506459449,0.994163506459449,0.0058364935405510465,0.07645282629216542,0.9999999999999996,1.0000000000000002,0.03394104289342517,0.005953012820825426,0.8739856019965373,8,"[1, 2, 4, 8, 8, 8, 8, 8, 8, 8, 4, 2, 1]",936,6.880216509279304e-06,3.052826366071272e-05,1e-12
54f0f9586698e1d77cb4c591bb9a7f2a77dfefbfb3d7f0aa451ba52e5817e241,C,hybrid_tdvp,11,rzz,0.05,2,8,6,16,1,5,5,mixed,0.9934654087337431,0.9934654087337431,0.006534591266256884,0.08090303770079763,0.9999999999999996,0.9999999999999998,0.03550374235805509,0.00627596012759412,0.019442623015493155,16,"[1, 2, 4, 8, 16, 16, 16, 16, 16, 8, 4, 2, 1]",2728,3.324442740615202e-06,2.171131886689314e-05,1e-12
a5e61486614748483e6a84bb4aa53ad6051ac037c245ee1a63135b8c341aa14f,C,hybrid_tdvp,11,rzz,0.05,2,8,6,16,2,5,5,mixed,0.9935179517767108,0.9935179517767108,0.0064820482232892385,0.08057658868195249,0.9999999999999996,0.9999999999999999,0.035477434052696794,0.0062592881638437806,0.046952700009569526,16,"[1, 2, 4, 8, 16, 16, 16, 16, 16, 8, 4, 2, 1]",2728,1.684639377797523e-06,1.3590392711378284e-05,1e-12
4fa9703d033cbb4572abc17793f644a496a0182b606cd5cf1a07687fd47ea3c9,C,hybrid_tdvp,11,rzz,0.05,2,8,6,16,4,5,5,mixed,0.9935516081983494,0.9935516081983494,0.006448391801650577,0.08036678974230094,0.9999999999999996,0.9999999999999996,0.035452893907214136,0.0062542288035623075,0.10384806396905333,16,"[1, 2, 4, 8, 16, 16, 16, 16, 16, 8, 4, 2, 1]",2728,8.981856103873106e-07,8.063125451502906e-06,1e-12
68f021d9bf28ebd3fd90ceddf7484326c2244a81606a92395fde947561e41b30,C,hybrid_tdvp,11,rzz,0.05,2,8,6,16,8,5,5,mixed,0.9935708593414122,0.9935708593414122,0.006429140658587795,0.08024654181154224,0.9999999999999996,1.0000000000000007,0.03543282005582265,0.006251263962447084,0.35458055400522426,16,"[1, 2, 4, 8, 16, 16, 16, 16, 16, 8, 4, 2, 1]",2728,4.699773590435143e-07,4.324420595398172e-06,1e-12
492de97a89aabc0950478147fd99e93b9b307d52498ce825bbb5773c946ef9fc,C,hybrid_tdvp,11,rzz,0.05,2,8,6,64,1,5,5,mixed,0.9934454089298429,0.9934454089298429,0.006554591070157101,0.08102695280426524,0.9999999999999996,0.9999999999996803,0.03551102034312831,0.0062806194793598585,0.293554223026149,48,"[1, 2, 4, 8, 16, 32, 48, 32, 16, 8, 4, 2, 1]",8872,7.692524205093544e-14,6.577867807441179e-13,1e-12
2a1d1f644c937ebb9b900aa469ba8dc10b2a3cc8958ded1b1742796a4550eca5,C,hybrid_tdvp,11,rzz,0.05,2,8,6,64,2,5,5,mixed,0.9934454091691008,0.9934454091691008,0.006554590830899154,0.08102695132149418,0.9999999999999996,0.9999999999995591,0.035511020276334404,0.006280621263159702,0.5557529390207492,48,"[1, 2, 4, 8, 16, 32, 48, 32, 16, 8, 4, 2, 1]",8872,9.326403278312874e-14,9.297814553060406e-13,1e-12
a12eed24f41a42e4954ac6fcccb71fadcc7034254610b4358b6481e3ff329fd0,C,hybrid_tdvp,11,rzz,0.05,2,8,6,64,4,5,5,mixed,0.9934454071076153,0.9934454071076153,0.006554592892384692,0.08102696407705917,0.9999999999999996,0.9999999999989664,0.035511020239129734,0.006280622586297958,0.9402594669954851,47,"[1, 2, 4, 8, 16, 32, 47, 32, 16, 8, 4, 2, 1]",8744,1.5676969200964917e-13,2.1369458251818203e-12,1e-12
167afffe2b7339ee0d2d947edd4a73715ab49f13abd24cb0be8ac69e4e6402db,C,hybrid_tdvp,11,rzz,0.05,2,8,6,64,8,5,5,mixed,0.9934454056444806,0.9934454056444806,0.006554594355519416,0.0810269731222188,0.9999999999999996,0.9999999999978911,0.035511020291163355,0.006280624704889922,1.921031117963139,46,"[1, 2, 4, 8, 16, 32, 46, 32, 16, 8, 4, 2, 1]",8616,2.405256237526337e-13,4.342109285007571e-12,1e-12
c38c4381f172f638332987da7dcd9dc3423ed7ea54e9ad566c32872b967bf23c,C,hybrid_tdvp,11,rzz,0.05,3,9,6,8,1,6,6,commuting,0.9968289607154527,0.9968289607154527,0.0031710392845473168,0.056334333676660395,0.9999999999999996,0.9999999999999993,0.006929700209707457,0.0014226553919502447,0.024147275020368397,8,"[1, 2, 4, 8, 8, 8, 8, 8, 8, 8, 4, 2, 1]",936,4.4229863028005044e-05,0.0003129837469157959,1e-12
9b170659da7b6938f96059186cd9590b693ff780e6cb17a0c8c1f2c189194a9a,C,hybrid_tdvp,11,rzz,0.05,3,9,6,8,2,6,6,commuting,0.9968153494672216,0.9968153494672216,0.003184650532778388,0.05645520417043952,0.9999999999999996,1.0000000000000002,0.007089239548804038,0.0014258953676665842,0.04886196705047041,8,"[1, 2, 4, 8, 8, 8, 8, 8, 8, 8, 4, 2, 1]",936,2.218499566623923e-05,0.0001565984586612551,1e-12
1931f1199120e47fed5128e191269839df4ae08377bc411e614337c72e01e500,C,hybrid_tdvp,11,rzz,0.05,3,9,6,8,4,6,6,commuting,0.9968085814365516,0.9968085814365516,0.0031914185634484005,0.05651520965916056,0.9999999999999996,1.0000000000000002,0.0071629239103052356,0.001427428996083118,0.37767430499661714,8,"[1, 2, 4, 8, 8, 8, 8, 8, 8, 8, 4, 2, 1]",936,1.110948313765783e-05,7.832052701137448e-05,1e-12
402033a2ffd4747a282642700439e75dff4d89024541f49d2e438f8905d2eaf4,C,hybrid_tdvp,11,rzz,0.05,3,9,6,8,8,6,6,commuting,0.9968052036652982,0.9968052036652982,0.003194796334701766,0.05654513329910447,0.9999999999999996,0.9999999999999999,0.007198417396315802,0.0014281851483748124,0.13161608600057662,8,"[1, 2, 4, 8, 8, 8, 8, 8, 8, 8, 4, 2, 1]",936,5.5589307209409315e-06,3.9165001610672216e-05,1e-12
d8ac25be4c9ffa65199cc3a707097a6c12194a7f7f3ad99fc27eb3d93e2ac61e,C,hybrid_tdvp,11,rzz,0.05,3,9,6,16,1,6,6,commuting,0.9999643412021509,0.9999643412021509,3.5658797849058566e-05,0.0059715254116895974,0.9999999999999996,1.0000000000000004,0.00030373719532300614,5.3880417646767457e-05,0.018301525968126953,16,"[1, 2, 4, 8, 16, 16, 16, 16, 16, 8, 4, 2, 1]",2728,2.736941321856839e-06,8.164925325884807e-06,1e-12
49e2904b37b1f37f8151015fbbab257629f8daa2efaeb7628a22716aee1ba7ff,C,hybrid_tdvp,11,rzz,0.05,3,9,6,16,2,6,6,commuting,0.999957433186052,0.999957433186052,4.2566813947986226e-05,0.006524359504263895,0.9999999999999996,1.0000000000000002,0.00022881263115140382,6.22182622552674e-05,0.029703209991566837,16,"[1, 2, 4, 8, 16, 16, 16, 16, 16, 8, 4, 2, 1]",2728,1.5907572940822551e-06,5.2452993904782984e-06,1e-12
83364d40330e1cbee119567a07c7774d3a5ce58cfaae7d0d86ec976c48849f22,C,hybrid_tdvp,11,rzz,0.05,3,9,6,16,4,6,6,commuting,0.9999541423217291,0.9999541423217291,4.585767827092191e-05,0.006771868576400749,0.9999999999999996,1.0000000000000007,0.00024180249936764375,6.951178078013882e-05,0.09017518098698929,16,"[1, 2, 4, 8, 16, 16, 16, 16, 16, 8, 4, 2, 1]",2728,8.453940410384265e-07,3.002399957924219e-06,1e-12
9ec387cf8f3b96a0cca49d6e2ca8c4b5223f62ee0a567786c422da8a1bb9b349,C,hybrid_tdvp,11,rzz,0.05,3,9,6,16,8,6,6,commuting,0.9999551719451791,0.9999551719451791,4.4828054820866825e-05,0.0066508297826566466,0.9999999999999996,0.9999997024897445,0.0003950466378083682,7.247441441072026e-05,0.15436368301743641,16,"[1, 2, 4, 8, 16, 16, 16, 16, 16, 8, 4, 2, 1]",2728,3.9934186577179023e-07,1.4934950904654897e-06,1e-12
2a7f700d46989ef830e6a6544370818c8d79d6f12101435c5092a25126abc931,C,hybrid_tdvp,11,rzz,0.05,3,9,6,64,1,6,6,commuting,0.9999999999873919,0.9999999999873919,1.2608136756853128e-11,3.452546387996399e-06,0.9999999999999996,0.9999999999996563,4.9614509195494705e-08,8.913610229806022e-09,0.15643980202730745,32,"[1, 2, 4, 8, 16, 31, 32, 31, 16, 8, 4, 2, 1]",6632,2.945424513870211e-13,6.857975993522396e-13,1e-12
c46ba3111d33dbf251feaffeac3b8a07f169000032b9696b2b4866aba16d27c9,C,hybrid_tdvp,11,rzz,0.05,3,9,6,64,2,6,6,commuting,0.999999999932403,0.999999999932403,6.759703907732728e-11,8.154739009550266e-06,0.9999999999999996,0.9999999999994511,1.6874572569824942e-07,2.238405615620007e-08,0.13427871197927743,32,"[1, 2, 4, 8, 16, 31, 32, 30, 16, 8, 4, 2, 1]",6536,3.1969481731257793e-13,1.1363151610154662e-12,1e-12
d031e58c114c3eb2baccaab65348563aa42211282191be2012fcf842b9d0bc6a,C,hybrid_tdvp,11,rzz,0.05,3,9,6,64,4,6,6,commuting,0.999999999933388,0.999999999933388,6.661204920987984e-11,7.964908639668559e-06,0.9999999999999996,0.9999999999984138,9.377567982554735e-08,1.5386529087372828e-08,0.16610484797274694,32,"[1, 2, 4, 8, 16, 30, 32, 30, 16, 8, 4, 2, 1]",6440,4.012666897211892e-13,3.2169243957952322e-12,1e-12
a270a710e9d2e722b7c260348968ac74fbe7eb98f83ba5ffe34c57b4ee42e9ab,C,hybrid_tdvp,11,rzz,0.05,3,9,6,64,8,6,6,commuting,0.9999999997043116,0.9999999997043116,2.9568836268367704e-10,1.6985681272295428e-05,0.9999999999999996,0.9999999999964125,1.0352704765681509e-07,1.5572737774472762e-08,0.1787557519855909,31,"[1, 2, 4, 8, 16, 29, 31, 28, 16, 8, 4, 2, 1]",6038,3.1958255789981678e-12,7.334879625646105e-12,1e-12
5de033b574b116fd5035fdc227e538b918c884d51864c53d6d2e7c5f6b199ec5,C,hybrid_tdvp,11,ryy,0.05,3,9,6,8,1,6,6,mixed,0.9908731196495095,0.9908731196495095,0.009126880350490474,0.09564413686102374,0.9999999999999996,1.0000000000000007,0.03389792115196168,0.007058571049287029,0.10744185402290896,8,"[1, 2, 4, 8, 8, 8, 8, 8, 8, 8, 4, 2, 1]",936,5.173909901120561e-05,0.0002960521845025244,1e-12
23ea45011b83edb0b5b307cf502a099dd2d0221b09e271ed35fd59b179fce6c0,C,hybrid_tdvp,11,ryy,0.05,3,9,6,8,2,6,6,mixed,0.9908879815730341,0.9908879815730341,0.009112018426965851,0.09556605442855583,0.9999999999999996,1.0000000000000007,0.03390425762867927,0.007057349460277182,0.06427533301757649,8,"[1, 2, 4, 8, 8, 8, 8, 8, 8, 8, 4, 2, 1]",936,2.5896235803821562e-05,0.0001479947577753474,1e-12
79a896bea55047432486e179b633a97e5f4d1535836d7cbf7fba25c2de8a1a6a,C,hybrid_tdvp,11,ryy,0.05,3,9,6,8,4,6,6,mixed,0.9908946833452543,0.9908946833452543,0.009105316654745677,0.09553082358383151,0.9999999999999996,0.9999999999999992,0.033907755638659914,0.007056773321170037,0.19484868203289807,8,"[1, 2, 4, 8, 8, 8, 8, 8, 8, 8, 4, 2, 1]",936,1.2957205118323556e-05,7.40086150519823e-05,1e-12
2444bf65f734d37b41217119dc81f46a6737f7a51837b9296f0937c385956d81,C,hybrid_tdvp,11,ryy,0.05,3,9,6,8,8,6,6,mixed,0.9908978586580339,0.9908978586580339,0.009102141341966075,0.09551412664517624,0.9999999999999996,1.0000000000000002,0.03390957703383011,0.007056494590457793,0.14670700702117756,8,"[1, 2, 4, 8, 8, 8, 8, 8, 8, 8, 4, 2, 1]",936,6.481198270371205e-06,3.700946193108393e-05,1e-12
d4879b6f183b67d4a81d1f618784c733b862ee3baf84d2f43e05d1df3b708505,C,hybrid_tdvp,11,ryy,0.05,3,9,6,16,1,6,6,mixed,0.98952616146364,0.98952616146364,0.01047383853635997,0.1024763798693029,0.9999999999999996,1.0,0.03552263814158796,0.007386274447121685,0.05260381702100858,16,"[1, 2, 4, 8, 16, 16, 16, 16, 16, 8, 4, 2, 1]",2728,5.149466205478851e-06,2.6860785072371994e-05,1e-12
3335937227e63fadfb1475e94075fe7db41c1269cc40af8861edd6ac4cad4eb0,C,hybrid_tdvp,11,ryy,0.05,3,9,6,16,2,6,6,mixed,0.9896228745914836,0.9896228745914836,0.01037712540851643,0.1020009175756156,0.9999999999999996,0.9999999999999999,0.03550137624914693,0.007360036315128183,0.06428693101042882,16,"[1, 2, 4, 8, 16, 16, 16, 16, 16, 8, 4, 2, 1]",2728,2.7509974113271017e-06,1.634139012270539e-05,1e-12
8b275353467414044d76355a08aa628c03659d35c9a6982ce7f5e150818404ee,C,hybrid_tdvp,11,ryy,0.05,3,9,6,16,4,6,6,mixed,0.9896900458264031,0.9896900458264031,0.010309954173596925,0.10166939479884225,0.9999999999999996,0.9999999999999999,0.03548682300267518,0.007347099698551993,0.1103588379919529,16,"[1, 2, 4, 8, 16, 16, 16, 16, 16, 8, 4, 2, 1]",2728,1.5529604579487796e-06,9.616085909451688e-06,1e-12
c7aaa0b11d65c7d74652d90db458deb2754e632732a6f3117d9ae99ef45a9ec9,C,hybrid_tdvp,11,ryy,0.05,3,9,6,16,8,6,6,mixed,0.9897197381318713,0.9897197381318713,0.010280261868128693,0.10152250735763459,0.9999999999999996,0.9999999999999996,0.03546730049957353,0.007342128862865257,0.1569916890002787,16,"[1, 2, 4, 8, 16, 16, 16, 16, 16, 8, 4, 2, 1]",2728,8.281256668610464e-07,5.1525462622592206e-06,1e-12
655ed6fd2055493f803985b46efcfcea78e3e29a45f8afc1732ad2456568f793,C,hybrid_tdvp,11,ryy,0.05,3,9,6,64,1,6,6,mixed,0.9894742270293492,0.9894742270293492,0.010525772970650826,0.10273080200933876,0.9999999999999996,0.9999999999996434,0.035511020343122826,0.007395936804698142,0.3706892070476897,53,"[1, 2, 4, 8, 16, 32, 53, 32, 16, 8, 4, 2, 1]",9512,7.440929797930354e-14,7.321960787234215e-13,1e-12
3b6577c3f4e2d16b3adc84465d6acb9cc119f4af76017053db577e0ae961e859,C,hybrid_tdvp,11,ryy,0.05,3,9,6,64,2,6,6,mixed,0.9894742274971291,0.9894742274971291,0.0105257725028709,0.10273079971858104,0.9999999999999996,0.9999999999994423,0.03551102027631618,0.007395938167234024,0.675569806015119,51,"[1, 2, 4, 8, 16, 32, 51, 32, 16, 8, 4, 2, 1]",9256,2.4051163820156204e-13,1.1702930935076026e-12,1e-12
e05863052d9f9fea8d71de96595d7a1daa52f081977b6c959da347a14ef9b58d,C,hybrid_tdvp,11,ryy,0.05,3,9,6,64,4,6,6,mixed,0.989474224978415,0.989474224978415,0.010525775021585027,0.10273081203651444,0.9999999999999996,0.9999999999988354,0.035511020239099786,0.007395939249509331,1.177667771000415,50,"[1, 2, 4, 8, 16, 32, 50, 32, 16, 8, 4, 2, 1]",9128,2.6926637810970483e-13,2.406212203291525e-12,1e-12
fb97ec041c946942969c8d5066f6a11dbb0deb1622134a815453c8ab98d28f7a,C,hybrid_tdvp,11,ryy,0.05,3,9,6,64,8,6,6,mixed,0.9894742247016093,0.9894742247016093,0.010525775298390716,0.10273081337945848,0.9999999999999996,0.9999999999976609,0.0355110202911757,0.007395940937948481,1.9474366020294838,48,"[1, 2, 4, 8, 16, 32, 48, 32, 16, 8, 4, 2, 1]",8872,4.930408778487016e-13,4.835150162856273e-12,1e-12
c4a59997c8e24b99cf6112a5a518fdcd86e7152bca183500f22b7aa666172de6,C,hybrid_tdvp,11,rzz,0.05,2,9,7,8,1,7,7,commuting,0.9953554620787958,0.9953554620787958,0.004644537921204228,0.06819049357969525,0.9999999999999996,1.0,0.006678134727440067,0.001565060263559218,0.058823210012633353,8,"[1, 2, 4, 8, 8, 8, 8, 8, 8, 8, 4, 2, 1]",936,5.932547164893165e-05,0.0003723092185647276,1e-12
aea9ebc825bd04f4fc6b48b46ac6da794cb522b74b9a85a843f181d492c03e8a,C,hybrid_tdvp,11,rzz,0.05,2,9,7,8,2,7,7,commuting,0.9953244590919968,0.9953244590919968,0.004675540908003151,0.06841797199911541,0.9999999999999996,0.9999999999999998,0.006934981083763652,0.0015752311193909718,0.12106530496384948,8,"[1, 2, 4, 8, 8, 8, 8, 8, 8, 8, 4, 2, 1]",936,2.9753350587507286e-05,0.00018635180924876237,1e-12
ed73c404098eb42c4365a38cb77817377b1bc86b81364215a56323d85ad0ae9f,C,hybrid_tdvp,11,rzz,0.05,2,9,7,8,4,7,7,commuting,0.9953092300451984,0.9953092300451984,0.004690769954801555,0.06852943692317642,0.9999999999999996,0.9999999999999997,0.007055472624379101,0.0015802016596956003,0.30966196494409814,8,"[1, 2, 4, 8, 8, 8, 8, 8, 8, 8, 4, 2, 1]",936,1.4896835487643094e-05,9.321736249901756e-05,1e-12
02ecded4f6f512bcc19745528d4b434879ad7f331ed2a91b6b4e0cad5eb4eb9e,C,hybrid_tdvp,11,rzz,0.05,2,9,7,8,8,7,7,commuting,0.995301674085508,0.995301674085508,0.004698325914492041,0.06858467382220705,0.9999999999999996,1.0000000000000009,0.007113950446262118,0.0015826669620929341,0.157729169994127,8,"[1, 2, 4, 8, 8, 8, 8, 8, 8, 8, 4, 2, 1]",936,7.453097073212672e-06,4.6618098683884896e-05,1e-12
e9b853dceb691beca8ffe05aa617513d39b45ea1e3b828643a4edc3490f45c59,C,hybrid_tdvp,11,rzz,0.05,2,9,7,16,1,7,7,commuting,0.9999666537932554,0.9999666537932554,3.334620674455557e-05,0.005774641524827178,0.9999999999999996,0.9999999999999999,0.00030712775859026605,5.027418026293902e-05,0.047024447994772345,16,"[1, 2, 4, 8, 16, 16, 16, 16, 16, 8, 4, 2, 1]",2728,6.495336683298577e-07,8.814458994214666e-06,1e-12
cbdfe0d367d7b2a55962329e14fad2ecd40aba02716471e0a2b20736b9b22664,C,hybrid_tdvp,11,rzz,0.05,2,9,7,16,2,7,7,commuting,0.9999612222182599,0.9999612222182599,3.877778174010693e-05,0.006198911936374094,0.9999999999999996,0.9999998241757437,0.0002187755529075297,5.676169004050024e-05,0.04881048703100532,16,"[1, 2, 4, 8, 16, 16, 16, 16, 16, 8, 4, 2, 1]",2728,3.5519691098665385e-07,5.600496301464953e-06,1e-12
89e18699f38e54224aaaac1d57140235b60ab2a72e462e35a4517174134ca336,C,hybrid_tdvp,11,rzz,0.05,2,9,7,16,4,7,7,commuting,0.9999585644183584,0.9999585644183584,4.1435581641602326e-05,0.006422072536387128,0.9999999999999996,0.9999999035023873,0.00025107968388361074,6.381817771083896e-05,0.12349431798793375,16,"[1, 2, 4, 8, 16, 16, 16, 16, 16, 8, 4, 2, 1]",2728,1.9376716768535507e-07,3.196167125609574e-06,1e-12
475b80f2fb8824c62f2476a0f842f14415fd590d20f5dfff4b7d3db30d99d438,C,hybrid_tdvp,11,rzz,0.05,2,9,7,16,8,7,7,commuting,0.9999595791540814,0.9999595791540814,4.04208459185984e-05,0.006357771180962846,0.9999999999999996,1.0000000000000007,0.000398462258538115,6.916286936840437e-05,0.2827215410070494,16,"[1, 2, 4, 8, 16, 16, 16, 16, 16, 8, 4, 2, 1]",2728,9.432622951131157e-08,1.5878213199768016e-06,1e-12
9c9acc359ada1cc856e24aa7f96d68775304f6767c6f43d6b93a896fc99e14f3,C,hybrid_tdvp,11,rzz,0.05,2,9,7,64,1,7,7,commuting,0.9999999999873999,0.9999999999873999,1.2600143151075827e-11,3.4520463888295844e-06,0.9999999999999996,0.999999999999658,4.9616902581331446e-08,8.927584358925027e-09,0.16114942799322307,32,"[1, 2, 4, 8, 16, 31, 32, 31, 16, 8, 4, 2, 1]",6632,4.025185477279514e-18,6.858016245377169e-13,1e-12
84b5da8f5368e041be62b290abc035e1efce0708ba9330425d72d454d9ad31a2,C,hybrid_tdvp,11,rzz,0.05,2,9,7,64,2,7,7,commuting,0.9999999999324194,0.9999999999324194,6.758060777656283e-11,8.1550667474272e-06,0.9999999999999996,0.999999999999463,1.6871134052298675e-07,2.5171380278963558e-08,0.14715909998631105,32,"[1, 2, 4, 8, 16, 31, 32, 30, 16, 8, 4, 2, 1]",6536,4.301341370306836e-17,1.1363581744291692e-12,1e-12
eeca2c16ac6d05fbd88fc7b316821b62264cfa0d58b5222efc70b7fd095da0dc,C,hybrid_tdvp,11,rzz,0.05,2,9,7,64,4,7,7,commuting,0.9999999999332649,0.9999999999332649,6.673506192100831e-11,7.972649551102659e-06,0.9999999999999996,0.9999999999984138,9.403530546250871e-08,1.662430293012128e-08,0.3300340590067208,32,"[1, 2, 4, 8, 16, 30, 32, 30, 16, 8, 4, 2, 1]",6440,2.5632954215033306e-16,3.2171807253373833e-12,1e-12
87a16e275fa2000232f2e7471f695610d45b8a781b262b2739154b81e9c1069e,C,hybrid_tdvp,11,rzz,0.05,2,9,7,64,8,7,7,commuting,0.9999999997048226,0.9999999997048226,2.9517743804774454e-10,1.697169140883496e-05,0.9999999999999996,0.9999999999964306,1.0385636992071845e-07,1.581536412792295e-08,0.23132460098713636,31,"[1, 2, 4, 8, 16, 29, 31, 28, 16, 8, 4, 2, 1]",6038,2.0651430676560912e-15,7.33694476871376e-12,1e-12
8bc3b57d34231518d1baf57fd617eff642e07f2e6e00e091e351967d08b5e541,C,hybrid_tdvp,11,rxx,0.05,2,9,7,8,1,7,7,mixed,0.9895902036018902,0.9895902036018902,0.010409796398109794,0.10216178000224015,0.9999999999999996,0.9999999999999999,0.0337368957912034,0.007083592081812841,0.019341185048688203,8,"[1, 2, 4, 8, 8, 8, 8, 8, 8, 8, 4, 2, 1]",936,3.9448667095233375e-05,0.00033550085159775783,1e-12
f7b1eadb1f971e57d26711fb8a8dcf10b1ce30bd8cbbc1f9786fb0b21d6e7754,C,hybrid_tdvp,11,rxx,0.05,2,9,7,8,2,7,7,mixed,0.9895991052563474,0.9895991052563474,0.010400894743652578,0.10211797570353234,0.9999999999999996,0.9999999999999993,0.03374025310186014,0.0070833953138861715,0.1407914399751462,8,"[1, 2, 4, 8, 8, 8, 8, 8, 8, 8, 4, 2, 1]",936,1.9714653232430436e-05,0.0001677094110077778,1e-12
aaf895c973981a8a28ec368e2ae46f1233f16e914ceb3a0c183fb01c71318e84,C,hybrid_tdvp,11,rxx,0.05,2,9,7,8,4,7,7,mixed,0.989602890094643,0.989602890094643,0.010397109905357027,0.10209934519572254,0.9999999999999996,0.9999999999999996,0.033742481517314765,0.0070833086168595955,0.13458025903673843,8,"[1, 2, 4, 8, 8, 8, 8, 8, 8, 8, 4, 2, 1]",936,9.857183889080667e-06,8.386579894106295e-05,1e-12
9741a06da057789c2d70c005879874b05bffa3513a0e1d41c9b682f5be2e6933,C,hybrid_tdvp,11,rxx,0.05,2,9,7,8,8,7,7,mixed,0.9896046202153304,0.9896046202153304,0.010395379784669645,0.10209082772018956,0.9999999999999996,0.9999999999999997,0.03374371910884535,0.007083269335351267,0.35459158901358023,8,"[1, 2, 4, 8, 8, 8, 8, 8, 8, 8, 4, 2, 1]",936,4.928827177490939e-06,4.193828910857489e-05,1e-12
aa5000026ee96c9de110e0eece6eeb5c2fed73493fca14b33e302aeff3a21943,C,hybrid_tdvp,11,rxx,0.05,2,9,7,16,1,7,7,mixed,0.989495244590624,0.989495244590624,0.01050475540937601,0.10262791403480913,0.9999999999999996,1.0000000000000004,0.036019435722055924,0.007409855124076861,0.01861461898079142,16,"[1, 2, 4, 8, 16, 16, 16, 16, 16, 8, 4, 2, 1]",2728,2.618711750183033e-06,2.9479496822555027e-05,1e-12
c791ca1a55d70f7f8adfe0fb459794710de79fa617a5f0579582d56049e0e5a6,C,hybrid_tdvp,11,rxx,0.05,2,9,7,16,2,7,7,mixed,0.9895943851694733,0.9895943851694733,0.01040561483052671,0.10214120517224409,0.9999999999999996,0.9999999999999997,0.03597898712615581,0.007375813947573744,0.03967945999465883,16,"[1, 2, 4, 8, 16, 16, 16, 16, 16, 8, 4, 2, 1]",2728,1.3164636716676346e-06,1.7657853794373025e-05,1e-12
4a5d271eab366a509a62e8580c7407161920c46565a2a8bb3793a4b0877cc9a2,C,hybrid_tdvp,11,rxx,0.05,2,9,7,16,4,7,7,mixed,0.9896637468144492,0.9896637468144492,0.010336253185550759,0.10179638176445918,0.9999999999999996,0.9999997008428597,0.035956651899266986,0.007361531040058778,0.1586072799982503,16,"[1, 2, 4, 8, 16, 16, 16, 16, 16, 8, 4, 2, 1]",2728,6.16903998427297e-07,1.0232989907878983e-05,1e-12
df463c3c6b1dada6e4084a95b9ee80bc56450128c74d466c6ef1128663510365,C,hybrid_tdvp,11,rxx,0.05,2,9,7,16,8,7,7,mixed,0.9896948823545311,0.9896948823545311,0.01030511764546893,0.10164407901148538,0.9999999999999996,0.9999998573040746,0.035934916049409835,0.007356810037450934,0.3118038139655255,16,"[1, 2, 4, 8, 16, 16, 16, 16, 16, 8, 4, 2, 1]",2728,2.946141434118899e-07,5.447160405671111e-06,1e-12
61bcd97de6cd388e48f39b4167d6a0bced849714eaecfaaf37c6c3c9d966e996,C,hybrid_tdvp,11,rxx,0.05,2,9,7,64,1,7,7,mixed,0.9894742270203623,0.9894742270203623,0.010525772979637749,0.10273080205250021,0.9999999999999996,0.99999999999956,0.03599909107097353,0.007422044241632038,0.367086130019743,47,"[1, 2, 4, 8, 16, 32, 47, 32, 16, 8, 4, 2, 1]",8744,1.69311757387409e-13,9.015078361108305e-13,1e-12
bfe8d58b478d244a7dd9b067cde822581a6d4f8721498a198955913ebb871a9d,C,hybrid_tdvp,11,rxx,0.05,2,9,7,64,2,7,7,mixed,0.989474227492646,0.989474227492646,0.010525772507353981,0.10273079973957062,0.9999999999999996,0.9999999999993447,0.035999091089524066,0.0074220462618855305,0.5472563770017587,48,"[1, 2, 4, 8, 16, 32, 48, 32, 16, 8, 4, 2, 1]",8872,2.1529929020883697e-13,1.3855923837164396e-12,1e-12
f287250b760f552a21c82a944e2f89ef596cd8d7a5a01c1a25628dc5e49bc884,C,hybrid_tdvp,11,rxx,0.05,2,9,7,64,4,7,7,mixed,0.9894742249957503,0.9894742249957503,0.010525775004249671,0.1027308119504683,0.9999999999999996,0.9999999999987093,0.03599909110585578,0.007422047689640335,1.177837497962173,50,"[1, 2, 4, 8, 16, 32, 50, 32, 16, 8, 4, 2, 1]",9128,2.7224759731526865e-13,2.678459800606794e-12,1e-12
bab7d16e73d3422f62753619f4677a0f594feadb1304314845a3d76aaca4a876,C,hybrid_tdvp,11,rxx,0.05,2,9,7,64,8,7,7,mixed,0.9894742245885214,0.9894742245885214,0.010525775411478588,0.1027308139310595,0.9999999999999996,0.9999999999974823,0.03599909132865031,0.007422049574063667,2.1494255529833026,50,"[1, 2, 4, 8, 16, 32, 50, 32, 16, 8, 4, 2, 1]",9128,4.0206551633580387e-13,5.237215679192077e-12,1e-12
d8d37badb9ae84812c7b3a9089130f965b10cc9e6b2d5842cdf74c55bef6a60a,C,hybrid_tdvp,11,rzz,0.05,2,8,6,8,1,8,8,commuting,0.9936305617447627,0.9936305617447627,0.006369438255237281,0.07987248037422531,0.9999999999999996,1.0000000000000007,0.02001945481318796,0.003632051637496513,0.014911186997778714,8,"[1, 2, 4, 8, 8, 8, 8, 8, 8, 8, 4, 2, 1]",936,5.236137585182039e-05,0.0004246705944165481,1e-12
8172831cdd699bf8c0a0d77bc7a4815d8c4bb29676fef385ee88fabdb0e15b80,C,hybrid_tdvp,11,rzz,0.05,2,8,6,8,2,8,8,commuting,0.9935971969520225,0.9935971969520225,0.006402803047977468,0.08008173925846841,0.9999999999999996,0.9999999999999998,0.02008228500483633,0.003638778924462086,0.03702574101043865,8,"[1, 2, 4, 8, 8, 8, 8, 8, 8, 8, 4, 2, 1]",936,2.6185935761225655e-05,0.00021253774500998808,1e-12
3332b40fa11d53b1610ddd79ba002386a76489f622fa83359d4bbb2d03237ab0,C,hybrid_tdvp,11,rzz,0.05,2,8,6,8,4,8,8,commuting,0.9935805667123991,0.9935805667123991,0.006419433287600862,0.08018583895681057,0.9999999999999996,0.9999999999999999,0.020112118569692496,0.003642184006704023,0.11333331500645727,8,"[1, 2, 4, 8, 8, 8, 8, 8, 8, 8, 4, 2, 1]",936,1.3095113496218482e-05,0.00010631247599523603,1e-12
484c682cb4ac42e90acdf47063cedfc60df24a0e8d663b94eab0518adcb89881,C,hybrid_tdvp,11,rzz,0.05,2,8,6,8,8,8,8,commuting,0.9935722621884949,0.9935722621884949,0.006427737811505074,0.08023777224419958,0.9999999999999996,1.0000000000000004,0.02012666636777241,0.0036438994635542184,0.15480663400376216,8,"[1, 2, 4, 8, 8, 8, 8, 8, 8, 8, 4, 2, 1]",936,6.5481890312632154e-06,5.316628771514811e-05,1e-12
34bc21a993045b2f3bce302d5f9819757943afa14e0b652a039342b11af648ac,C,hybrid_tdvp,11,rzz,0.05,2,8,6,16,1,8,8,commuting,0.998653678175486,0.998653678175486,0.0013463218245139963,0.03669843696159614,0.9999999999999996,1.0000000000000002,0.017526574500346035,0.002961102370040151,0.04234218702185899,16,"[1, 2, 4, 8, 16, 16, 16, 16, 16, 8, 4, 2, 1]",2728,1.060052471754191e-06,9.874511465968857e-06,1e-12
ca1e85dac98954d348dda05951b7c109732c68e1848ae61b162f1ceaa23248cf,C,hybrid_tdvp,11,rzz,0.05,2,8,6,16,2,8,8,commuting,0.9986329193210651,0.9986329193210651,0.0013670806789348733,0.03698037622810871,0.9999999999999996,1.0000000000000004,0.017518314536590276,0.0029575849515479395,0.034066616964992136,16,"[1, 2, 4, 8, 16, 16, 16, 16, 16, 8, 4, 2, 1]",2728,6.050570476127242e-07,6.205553349077676e-06,1e-12
5047a9b2a851cf7678328fcfd37140f3fb9de180635ca05a300cbabc17d7d2ab,C,hybrid_tdvp,11,rzz,0.05,2,8,6,16,4,8,8,commuting,0.9986221465078726,0.9986221465078726,0.0013778534921273788,0.03711882516466286,0.9999999999999996,0.9999997393710442,0.017519056293775398,0.0029555515313896682,0.09098753496073186,16,"[1, 2, 4, 8, 16, 16, 16, 16, 16, 8, 4, 2, 1]",2728,3.263369479941635e-07,3.522504073603737e-06,1e-12
d61805adf970f27cedc79589aefef37191d8251ee486867e7970c526db7a5fec,C,hybrid_tdvp,11,rzz,0.05,2,8,6,16,8,8,8,commuting,0.9986216168572687,0.9986216168572687,0.0013783831427313098,0.03713092183035678,0.9999999999999996,0.9999999234502887,0.01752860781783641,0.002958562263287623,0.35480041801929474,16,"[1, 2, 4, 8, 16, 16, 16, 16, 16, 8, 4, 2, 1]",2728,1.5412543371694758e-07,1.7419467536937497e-06,1e-12
c47b5735f83f0499f935704b7d7b7a08b7169f19e9901047f804d98932b3c9d6,C,hybrid_tdvp,11,rzz,0.05,2,8,6,64,1,8,8,commuting,0.9987158627196125,0.9987158627196125,0.001284137280387454,0.035840616574700224,0.9999999999999996,0.9999999999995115,0.017542115765795396,0.002959388971256283,0.11414458602666855,32,"[1, 2, 4, 8, 16, 31, 32, 31, 16, 8, 4, 2, 1]",6632,2.9271014700102433e-13,9.785117715387413e-13,1e-12
eb998b8d02b69939ccdb119333b64f3f95ce2bb2ad3d32e789c0f30d91df4649,C,hybrid_tdvp,11,rzz,0.05,2,8,6,64,2,8,8,commuting,0.9987158671676326,0.9987158671676326,0.0012841328323673906,0.035840554476174034,0.9999999999999996,0.9999999999993034,0.017542116912921905,0.0029593884917443487,0.2511253060074523,32,"[1, 2, 4, 8, 16, 31, 32, 30, 16, 8, 4, 2, 1]",6536,3.2423834338948874e-13,1.4605965178186583e-12,1e-12
f6ed5d99e91efa2fd47595b4a8e6edace6bf4a28917139d0393af680ce95f24e,C,hybrid_tdvp,11,rzz,0.05,2,8,6,64,4,8,8,commuting,0.998715864460565,0.998715864460565,0.0012841355394349607,0.035840592235386,0.9999999999999996,0.9999999999982117,0.017542116687591265,0.0029593882213008182,0.19249302399111912,32,"[1, 2, 4, 8, 16, 30, 32, 30, 16, 8, 4, 2, 1]",6440,4.1858570956143036e-13,3.635766434898813e-12,1e-12
819eba5908e7b74c01c1c2405fc4342df434bf9382b29decbc33a8a189f36dc3,C,hybrid_tdvp,11,rzz,0.05,2,8,6,64,8,8,8,commuting,0.9987158631765265,0.9987158631765265,0.0012841368234735029,0.03584061006634628,0.9999999999999996,0.9999999999948506,0.017542116055907796,0.002959388829160419,0.21171405701898038,31,"[1, 2, 4, 8, 16, 29, 31, 28, 16, 8, 4, 2, 1]",6038,3.198623453667519e-12,1.0535568222381275e-11,1e-12
d13f4f15309cd18a26c5bb1afda05a5245dc712f54aadd0b5823e6c0671701ff,C,hybrid_tdvp,11,rzz,0.05,2,8,6,8,1,8,8,mixed,0.984902635763534,0.984902635763534,0.015097364236466015,0.12310475654454545,0.9999999999999996,1.0000000000000002,0.05079550219883025,0.009384507379632347,0.11960182100301608,8,"[1, 2, 4, 8, 8, 8, 8, 8, 8, 8, 4, 2, 1]",936,5.476410545348284e-05,0.00039026495705124064,1e-12
d275f0f457132746de9dc098ede5f90a2fa629f4c5e0a7d4c5b529af59d94e17,C,hybrid_tdvp,11,rzz,0.05,2,8,6,8,2,8,8,mixed,0.9849253794465597,0.9849253794465597,0.015074620553440332,0.1230116412359239,0.9999999999999996,0.9999999999999992,0.05079441229641825,0.009381739026516834,0.028236134035978466,8,"[1, 2, 4, 8, 8, 8, 8, 8, 8, 8, 4, 2, 1]",936,2.7403117663726078e-05,0.00019511252867150387,1e-12
4eee1890b97549777716ca8d0acd6166edcd020024121f3278f589cc09d1a98c,C,hybrid_tdvp,11,rzz,0.05,2,8,6,8,4,8,8,mixed,0.984935469579939,0.984935469579939,0.015064530420060951,0.1229703088105382,0.9999999999999996,1.0000000000000002,0.050794829946353565,0.009380522157329912,0.10034059098688886,8,"[1, 2, 4, 8, 8, 8, 8, 8, 8, 8, 4, 2, 1]",936,1.3710308168316524e-05,9.757610710937953e-05,1e-12
b4bd629a809b9e499417205b660ad2fe16fb4ce7ddb8358dc3a22d5c03b5ff12,C,hybrid_tdvp,11,rzz,0.05,2,8,6,8,8,8,8,mixed,0.9849402112372793,0.9849402112372793,0.015059788762720738,0.12295088073408565,0.9999999999999996,0.9999999999999998,0.05079525108565523,0.00937995185418725,0.18107067904202268,8,"[1, 2, 4, 8, 8, 8, 8, 8, 8, 8, 4, 2, 1]",936,6.857744747915904e-06,4.87960338564908e-05,1e-12
6d37b4e643c5dcac8c34391eb0983a5a6f82386de23d889faa95d1f901241ec3,C,hybrid_tdvp,11,rzz,0.05,2,8,6,16,1,8,8,mixed,0.983044895650101,0.983044895650101,0.016955104349898997,0.13048980437983512,0.9999999999999996,0.9999999999999993,0.05360965698384274,0.009934918533817944,0.04738416901091114,16,"[1, 2, 4, 8, 16, 16, 16, 16, 16, 8, 4, 2, 1]",2728,3.369705894452384e-06,3.2849202717007416e-05,1e-12
b701b1d81c7b3bb2280df45f4a8c7f5436f479d4d2514dea0318b77d155245e3,C,hybrid_tdvp,11,rzz,0.05,2,8,6,16,2,8,8,mixed,0.9831563225887225,0.9831563225887225,0.016843677411277458,0.13005848100283288,0.9999999999999996,1.0000000000000007,0.05357359069718946,0.00990881277382454,0.07089555897982791,16,"[1, 2, 4, 8, 16, 16, 16, 16, 16, 8, 4, 2, 1]",2728,1.6826007443999064e-06,1.9340454538772934e-05,1e-12
fe233cd41ae25c123315d83c55c628ee202e7145e0e518b4f8bf5199bfb4bd8f,C,hybrid_tdvp,11,rzz,0.05,2,8,6,16,4,8,8,mixed,0.9832368190783315,0.9832368190783315,0.016763180921668508,0.12974600971994912,0.9999999999999996,1.0000000000000004,0.05355383503810409,0.009900364596476216,0.10219898901414126,16,"[1, 2, 4, 8, 16, 16, 16, 16, 16, 8, 4, 2, 1]",2728,8.836947938352181e-07,1.1116684701714199e-05,1e-12
406471ee85b9e4d704b4f065bcdac5ffb894643fc3ec1a4366c1b130e636fc94,C,hybrid_tdvp,11,rzz,0.05,2,8,6,16,8,8,8,mixed,0.9832767549322193,0.9832767549322193,0.016723245067780668,0.12959071185611235,0.9999999999999996,1.0000000000000002,0.053529253903698,0.009895784584179577,0.1518698480213061,16,"[1, 2, 4, 8, 16, 16, 16, 16, 16, 8, 4, 2, 1]",2728,4.579960946157471e-07,5.905156500286855e-06,1e-12
274288052dcf26bbb1dfce0ae39571e8907c02b6db9b81f9caa3132cc3bc8d1b,C,hybrid_tdvp,11,rzz,0.05,2,8,6,64,1,8,8,mixed,0.9829915457023511,0.9829915457023511,0.017008454297648856,0.1306958217949262,0.9999999999999996,0.9999999999994985,0.05360457543969409,0.009945610513032119,0.3017677469761111,49,"[1, 2, 4, 8, 16, 32, 49, 32, 16, 8, 4, 2, 1]",9000,1.228723662942738e-13,1.0243802024051042e-12,1e-12
731f654c8d960c9a5940a20e52f128bb70146df50ab68e344c77537fb7fa6c25,C,hybrid_tdvp,11,rzz,0.05,2,8,6,64,2,8,8,mixed,0.9829915462691752,0.9829915462691752,0.017008453730824824,0.13069581960586543,0.9999999999999996,0.9999999999992507,0.05360457545823672,0.00994561296342715,0.7075790009694174,49,"[1, 2, 4, 8, 16, 32, 49, 32, 16, 8, 4, 2, 1]",9000,1.870673527523734e-13,1.572659736468813e-12,1e-12
50cb4a623018d42dac65122e0af02679da95313f5ff008e2916be000b353a0ac,C,hybrid_tdvp,11,rzz,0.05,2,8,6,64,4,8,8,mixed,0.9829915430152252,0.9829915430152252,0.017008456984774822,0.13069583215641262,0.9999999999999996,0.9999999999985635,0.05360457547457035,0.009945614665493773,1.0871795460116118,48,"[1, 2, 4, 8, 16, 32, 48, 32, 16, 8, 4, 2, 1]",8872,3.0219260393940095e-13,2.9806524045461956e-12,1e-12
f3542e5055066fb3a10d36d704c1084ce7d154907a8dfd4675ce3e3799c54ca3,C,hybrid_tdvp,11,rzz,0.05,2,8,6,64,8,8,8,mixed,0.9829915413628081,0.9829915413628081,0.017008458637191914,0.13069583852362188,0.9999999999999996,0.9999999999974072,0.0536045756974285,0.00994561693816942,1.9624392259866,49,"[1, 2, 4, 8, 16, 32, 49, 32, 16, 8, 4, 2, 1]",9000,1.8755398255584934e-13,5.424769661747926e-12,1e-12
1126e19137b318c5759c4b0201bf07727d1d2ba0ce63355301fc7d24b689b72d,C,hybrid_tdvp,11,rzz,0.05,3,9,6,8,1,9,9,commuting,0.9933658595085174,0.9933658595085174,0.0066341404914825874,0.08151797406774984,0.9999999999999996,1.0000000000000002,0.00887525126664386,0.002158913439996603,0.027659037965349853,8,"[1, 2, 4, 8, 8, 8, 8, 8, 8, 8, 4, 2, 1]",936,4.2115941061901235e-05,0.0004667865354784493,1e-12
4a9efd1605cc171a372969449caef55ef26702ba78dee4ccd68fb32cdc7d3627,C,hybrid_tdvp,11,rzz,0.05,3,9,6,8,2,9,9,commuting,0.9933188282973743,0.9933188282973743,0.006681171702625721,0.0818068985609942,0.9999999999999996,0.9999999999999999,0.008540411610958334,0.0021671669555983508,0.05017003300599754,8,"[1, 2, 4, 8, 8, 8, 8, 8, 8, 8, 4, 2, 1]",936,2.1165726371540493e-05,0.00023370347138152857,1e-12
bd1e237f70e844ec3af611938b2080cacd5e728ece0ea2bb22d67429a7c10d3f,C,hybrid_tdvp,11,rzz,0.05,3,9,6,8,4,9,9,commuting,0.9932956316340489,0.9932956316340489,0.006704368365951119,0.08194902886729166,0.9999999999999996,0.9999999999999998,0.008638121124401892,0.002171364338215591,0.1412671900470741,8,"[1, 2, 4, 8, 8, 8, 8, 8, 8, 8, 4, 2, 1]",936,1.0609179197492331e-05,0.00011692165519272837,1e-12
11a8bd768d5df5055bc0576c7ad11027db1c5c67b56cc219195f0ee006abb0b4,C,hybrid_tdvp,11,rzz,0.05,3,9,6,8,8,9,9,commuting,0.9932841014213414,0.9932841014213414,0.006715898578658619,0.08201958562083202,0.9999999999999996,1.0,0.008716440703571936,0.002173484552428854,0.13825872301822528,8,"[1, 2, 4, 8, 8, 8, 8, 8, 8, 8, 4, 2, 1]",936,5.3111002365384574e-06,5.8477387951686566e-05,1e-12
156873456358b8e1cf644d66bb8e649b9ee58a8e53d35c1ec1573b1eff4afeef,C,hybrid_tdvp,11,rzz,0.05,3,9,6,16,1,9,9,commuting,0.9999187794721598,0.9999187794721598,8.122052784020894e-05,0.009012334719784625,0.9999999999999996,1.0000000000000002,0.00042043897390783413,8.060136454993926e-05,0.04671805299585685,16,"[1, 2, 4, 8, 16, 16, 16, 16, 16, 8, 4, 2, 1]",2728,2.5575738071931204e-06,1.243208527316198e-05,1e-12
19870dc70ad533fd0c78a23384b0deaaf8bb4b53ec714c7a24ef3572c495f1df,C,hybrid_tdvp,11,rzz,0.05,3,9,6,16,2,9,9,commuting,0.9999067425794308,0.9999067425794308,9.325742056920383e-05,0.009657100750607803,0.9999999999999996,1.0,0.0003444624372879266,9.389394979694726e-05,0.0340536690200679,16,"[1, 2, 4, 8, 16, 16, 16, 16, 16, 8, 4, 2, 1]",2728,1.4664199945183644e-06,7.671973343596042e-06,1e-12
d0fccccbfbf9b6b9c5f342fc4af6e267cf9216a001e589bc833391eb0690cbe6,C,hybrid_tdvp,11,rzz,0.05,3,9,6,16,4,9,9,commuting,0.9999017667679112,0.9999017667679112,9.823323208879575e-05,0.00991138964270879,0.9999999999999996,0.9999999999999994,0.0003384021515990777,9.92776483901278e-05,0.09030911000445485,16,"[1, 2, 4, 8, 16, 16, 16, 16, 16, 8, 4, 2, 1]",2728,7.501500343564157e-07,4.272654107960152e-06,1e-12
8fb0cc2e4388392f97560404436d2d6d6c4dafe01904f0f4d92b86ccecc7cc7e,C,hybrid_tdvp,11,rzz,0.05,3,9,6,16,8,9,9,commuting,0.9999054925916263,0.9999054925916263,9.450740837368965e-05,0.00969655291601654,0.9999999999999996,0.999999756748502,0.0005250564017437349,9.904391065280798e-05,0.38854102697223425,16,"[1, 2, 4, 8, 16, 16, 16, 16, 16, 8, 4, 2, 1]",2728,3.517835013975249e-07,2.0937302550912743e-06,1e-12
233c91095b44a28453fed0856bdcc6d9354812a2591a9e8f3083d782ad58e249,C,hybrid_tdvp,11,rzz,0.05,3,9,6,64,1,9,9,commuting,0.999999999984172,0.999999999984172,1.5828005572871007e-11,3.853011295520616e-06,0.9999999999999996,0.9999999999995093,4.7284529541835596e-08,8.796806157183259e-09,0.3124771909788251,32,"[1, 2, 4, 8, 16, 32, 32, 32, 16, 8, 4, 2, 1]",6824,1.8735534520245144e-18,9.785136450921934e-13,1e-12
168fa776a27667f0b77248c6d6d091f2456a8ef503832545c5f2d933ee25d8d8,C,hybrid_tdvp,11,rzz,0.05,3,9,6,64,2,9,9,commuting,0.9999999999187992,0.9999999999187992,8.120082384266425e-11,8.91655586864442e-06,0.9999999999999996,0.9999999999991522,1.6717452849465686e-07,2.5669357172990165e-08,0.11879498499911278,32,"[1, 2, 4, 8, 16, 31, 32, 31, 16, 8, 4, 2, 1]",6632,3.279660657380851e-13,1.7885625835567437e-12,1e-12
0a0a896903887693c2f41baa84466e6f09cdb8615766803f4b1761a89e5c844f,C,hybrid_tdvp,11,rzz,0.05,3,9,6,64,4,9,9,commuting,0.9999999998794376,0.9999999998794376,1.2056244891311962e-10,1.0774582989618327e-05,0.9999999999999996,0.9999999999977643,1.006823383380151e-07,1.8329874128567705e-08,0.20185455802129582,32,"[1, 2, 4, 8, 16, 30, 32, 30, 16, 8, 4, 2, 1]",6440,8.956002556149081e-13,4.53136669051372e-12,1e-12
8d87035e614726abcd4c843209fae6cb445e510d4c763f00e49f888a48712985,C,hybrid_tdvp,11,rzz,0.05,3,9,6,64,8,9,9,commuting,0.9999999993427657,0.9999999993427657,6.572342670096987e-10,2.5411071723292678e-05,0.9999999999999996,0.9999999999942447,1.5465111000839693e-07,2.447850791027348e-08,0.4458647209685296,32,"[1, 2, 4, 8, 16, 30, 32, 29, 16, 8, 4, 2, 1]",6344,1.2496452022825729e-12,1.1785213424663847e-11,1e-12
300b529129035a0f397b210e43db1eaa094bdcce5d7599716b85cb84f76bc693,C,hybrid_tdvp,11,ryy,0.05,3,9,6,8,1,9,9,mixed,0.9794923927197273,0.9794923927197273,0.020507607280272677,0.14357520635161927,0.9999999999999996,0.9999999999999999,0.05070396458364469,0.010671543606345665,0.031521461030934006,8,"[1, 2, 4, 8, 8, 8, 8, 8, 8, 8, 4, 2, 1]",936,4.849358477442038e-05,0.000438758541825661,1e-12
17cdc83881c0d4357e7a540b47c349c177624ddf36e88338d6039271903cdc40,C,hybrid_tdvp,11,ryy,0.05,3,9,6,8,2,9,9,mixed,0.9795250813952467,0.9795250813952467,0.020474918604753256,0.1434601374968959,0.9999999999999996,0.9999999999999998,0.050700999381482745,0.010669103302214576,0.08010607695905492,8,"[1, 2, 4, 8, 8, 8, 8, 8, 8, 8, 4, 2, 1]",936,2.429701081086301e-05,0.0002194095394823669,1e-12
e5346ac4d6efabf0c4a4a103f80bb6934069683e4241828f5c79e13044f32fbd,C,hybrid_tdvp,11,ryy,0.05,3,9,6,8,4,9,9,mixed,0.979539996223929,0.979539996223929,0.020460003776071045,0.1434076051117477,0.9999999999999996,0.9999999999999998,0.050700752003394065,0.010668012337877222,0.10560402402188629,8,"[1, 2, 4, 8, 8, 8, 8, 8, 8, 8, 4, 2, 1]",936,1.2162301384551154e-05,0.00010973840849393068,1e-12
28d355423f1d768bc4fc5693caf23a92b43997970806d796b747fb82726bdced,C,hybrid_tdvp,11,ryy,0.05,3,9,6,8,8,9,9,mixed,0.9795471114268497,0.9795471114268497,0.020452888573150307,0.1433825376018666,0.9999999999999996,0.9999999999999999,0.05070090434413997,0.0106674968070722,0.16842042497592047,8,"[1, 2, 4, 8, 8, 8, 8, 8, 8, 8, 4, 2, 1]",936,6.0847637114273806e-06,5.488079756791819e-05,1e-12
1dacdc68d43bec5fad25a184cec1a6d3c2b82656e1bd7fa263fc3e49a91c1fe3,C,hybrid_tdvp,11,ryy,0.05,3,9,6,16,1,9,9,mixed,0.9765798340633742,0.9765798340633742,0.02342016593662577,0.15348915803327187,0.9999999999999996,1.0000000000000004,0.05363174293268533,0.011219621272700485,0.020656098960898817,16,"[1, 2, 4, 8, 16, 16, 16, 16, 16, 8, 4, 2, 1]",2728,4.815403751574014e-06,3.7664606468581433e-05,1e-12
4bffab25a66484d063d68064e0511ccbe5ccc159d448f415749f071f8833b89c,C,hybrid_tdvp,11,ryy,0.05,3,9,6,16,2,9,9,mixed,0.9767382709328125,0.9767382709328125,0.023261729067187487,0.1529660181853933,0.9999999999999996,0.9999999999999998,0.05359642370365162,0.01118594621506328,0.032098142022732645,16,"[1, 2, 4, 8, 16, 16, 16, 16, 16, 8, 4, 2, 1]",2728,2.3897212820387103e-06,2.1730175820811645e-05,1e-12
71b93c049e7c4268714231b7c988e090f9665635c5b6f3dae3c6e9bf6d204fd7,C,hybrid_tdvp,11,ryy,0.05,3,9,6,16,4,9,9,mixed,0.9768556925686536,0.9768556925686536,0.023144307431346434,0.15257717601587006,0.9999999999999996,0.9999999999999998,0.053581372873336,0.011169807942035224,0.11279803799698129,16,"[1, 2, 4, 8, 16, 16, 16, 16, 16, 8, 4, 2, 1]",2728,1.2523071411572415e-06,1.2368991842871437e-05,1e-12
b3dd863cdad00987b863ff18181c19b837a1caff756acb75a64d0b44f0193a50,C,hybrid_tdvp,11,ryy,0.05,3,9,6,16,8,9,9,mixed,0.9769063848987517,0.9769063848987517,0.0230936151012483,0.15240704977857494,0.9999999999999996,0.9999997014242157,0.053558379250854306,0.011162946406775703,0.1661763209849596,16,"[1, 2, 4, 8, 16, 16, 16, 16, 16, 8, 4, 2, 1]",2728,6.437776031599348e-07,6.548934103446791e-06,1e-12
3fbaf0d3f76f282f0ce4bb0a66cbc8cf448c237aa7d45fbea0b1252e11074b10,C,hybrid_tdvp,11,ryy,0.05,3,9,6,64,1,9,9,mixed,0.9764796219082224,0.9764796219082224,0.02352037809177765,0.15381914999560886,0.9999999999999996,0.9999999999994722,0.05360457543969452,0.01123695090116839,0.4475586079643108,54,"[1, 2, 4, 8, 16, 32, 54, 32, 16, 8, 4, 2, 1]",9640,5.752431897769822e-14,1.0819045213828024e-12,1e-12
bdd3b1cfc55cd5c6dd65ee33b4b9a6a780171b3af0d15a248d83a3af111b95df,C,hybrid_tdvp,11,ryy,0.05,3,9,6,64,2,9,9,mixed,0.9764796227885272,0.9764796227885272,0.02352037721147282,0.15381914709795197,0.9999999999999996,0.9999999999991794,0.05360457545822718,0.011236952975776548,0.6008898710133508,53,"[1, 2, 4, 8, 16, 32, 53, 32, 16, 8, 4, 2, 1]",9512,1.393296937224948e-13,1.711989430191308e-12,1e-12
d05f58c2657d0d5dce191a04c1b7ad003e762def636871ddd9f6781a8409e0c0,C,hybrid_tdvp,11,ryy,0.05,3,9,6,64,4,9,9,mixed,0.97647961903165,0.97647961903165,0.023520380968349963,0.15381915945113883,0.9999999999999996,0.9999999999984083,0.053604575474510724,0.01123695452090789,1.230804615013767,51,"[1, 2, 4, 8, 16, 32, 51, 32, 16, 8, 4, 2, 1]",9256,3.28997494921229e-13,3.309649899467425e-12,1e-12
d05b01901d525497b9be9f36ea62767e62ea7dc7fdb79ac22d3afca5abaf4426,C,hybrid_tdvp,11,ryy,0.05,3,9,6,64,8,9,9,mixed,0.9764796186329339,0.9764796186329339,0.023520381367066134,0.15381916075489002,0.9999999999999996,0.9999999999972056,0.05360457569739316,0.011236956429130526,1.999034465989098,50,"[1, 2, 4, 8, 16, 32, 50, 32, 16, 8, 4, 2, 1]",9128,4.1704576344527095e-13,5.841815425193197e-12,1e-12
f4ee1c7a1da82fa542e529132e49db773bad61be0c840f7c230f044a2a58e60e,C,hybrid_tdvp,11,rzz,0.05,2,9,7,8,1,10,10,commuting,0.9916754967086637,0.9916754967086637,0.008324503291336272,0.09133400306415092,0.9999999999999996,1.0000000000000002,0.008936838880058938,0.002309833072719204,0.01701156102353707,8,"[1, 2, 4, 8, 8, 8, 8, 8, 8, 8, 4, 2, 1]",936,5.5144254469669904e-05,0.0005219307899481192,1e-12
c2487661921c9b3367b80f9953f6961a2b022cd5fae5345c92537f6f5a34e04a,C,hybrid_tdvp,11,rzz,0.05,2,9,7,8,2,10,10,commuting,0.9915975494953547,0.9915975494953547,0.008402450504645276,0.09176151340756779,0.9999999999999996,0.9999999999999998,0.008549318705346552,0.0023243557860720037,0.0532067539752461,8,"[1, 2, 4, 8, 8, 8, 8, 8, 8, 8, 4, 2, 1]",936,2.784700050833768e-05,0.00026155047188986625,1e-12
561943e6fea1ab75d19671e9bb2ecc490be357f7ac5b773a2b0f65cf93b80562,C,hybrid_tdvp,11,rzz,0.05,2,9,7,8,4,10,10,commuting,0.991559178207454,0.991559178207454,0.008440821792546016,0.09197124133672369,0.9999999999999996,0.9999999999999993,0.008358088470361236,0.0023318023850012145,0.28188802499789745,8,"[1, 2, 4, 8, 8, 8, 8, 8, 8, 8, 4, 2, 1]",936,1.3988594656446279e-05,0.0001309102498491746,1e-12
0fb92c6f752ad0341d2765e8e74bc7eac8f5298460ed9c5efd4305106bc73e57,C,hybrid_tdvp,11,rzz,0.05,2,9,7,8,8,10,10,commuting,0.9915401246832067,0.9915401246832067,0.008459875316793264,0.09207520717090076,0.9999999999999996,1.0000000000000002,0.008263067792035138,0.0023355730337126595,0.14102117699803784,8,"[1, 2, 4, 8, 8, 8, 8, 8, 8, 8, 4, 2, 1]",936,7.01012269762742e-06,6.548751064931399e-05,1e-12
41b514a600ae0983820f0d664dbf3396231a68fce7da7068cda73606260c9d72,C,hybrid_tdvp,11,rzz,0.05,2,9,7,16,1,10,10,commuting,0.9999228438819882,0.9999228438819882,7.715611801184519e-05,0.00878394025118848,0.9999999999999996,0.9999999999999999,0.00042169994251256993,7.601715750970919e-05,0.04402136302087456,16,"[1, 2, 4, 8, 16, 16, 16, 16, 16, 8, 4, 2, 1]",2728,7.073483162315733e-07,1.3139433589393552e-05,1e-12
8ebe85c97873c8344b389e18390db80c5073eae06b618aa0021a64620dbbd154,C,hybrid_tdvp,11,rzz,0.05,2,9,7,16,2,10,10,commuting,0.9999127055549939,0.9999127055549939,8.729444500610306e-05,0.009323016942950539,0.9999999999999996,0.9999998111473574,0.00033538018714843014,8.732865326279732e-05,0.08457977999933064,16,"[1, 2, 4, 8, 16, 16, 16, 16, 16, 8, 4, 2, 1]",2728,3.832214930532565e-07,8.055194836649301e-06,1e-12
c25307e43ec0520b3250f6087245e9368f732e71021f4e40f578adf717b1f753,C,hybrid_tdvp,11,rzz,0.05,2,9,7,16,4,10,10,commuting,0.9999082505669256,0.9999082505669256,9.17494330744395e-05,0.0095681330800469,0.9999999999999996,0.9999998988164831,0.0003283101938666502,9.27595854170625e-05,0.09301858698017895,16,"[1, 2, 4, 8, 16, 16, 16, 16, 16, 8, 4, 2, 1]",2728,2.0484665938330564e-07,4.47750076734346e-06,1e-12
2017fb4e839b48498c74faf4e6179d86a85b1b96a33eeab87d7eae10b30efaed,C,hybrid_tdvp,11,rzz,0.05,2,9,7,16,8,10,10,commuting,0.999910969816309,0.999910969816309,8.90301836909968e-05,0.009404611797712903,0.9999999999999996,0.9999997072788044,0.0005307479495948349,9.498375010505421e-05,0.18752963503357023,16,"[1, 2, 4, 8, 16, 16, 16, 16, 16, 8, 4, 2, 1]",2728,1.004991421754589e-07,2.194229397266735e-06,1e-12
3ce2876ec8014c564341112577f459e8193c2b5c66a358d537c6787a4bcc72ac,C,hybrid_tdvp,11,rzz,0.05,2,9,7,64,1,10,10,commuting,0.9999999999841764,0.9999999999841764,1.5823564680772506e-11,3.8530113475720394e-06,0.9999999999999996,0.9999999999995113,4.728455358250089e-08,8.810550875847773e-09,0.22763956896960735,32,"[1, 2, 4, 8, 16, 32, 32, 32, 16, 8, 4, 2, 1]",6824,4.099244868202338e-20,9.78513686084642e-13,1e-12
0396d55bc2ae86319512407f1d45679b8646778f266cf561d874e9ea3c9d1cc0,C,hybrid_tdvp,11,rzz,0.05,2,9,7,64,2,10,10,commuting,0.9999999999188163,0.9999999999188163,8.118372640808502e-11,8.915549769683544e-06,0.9999999999999996,0.9999999999991519,1.671438198125319e-07,2.9190614750385693e-08,0.12946513295173645,32,"[1, 2, 4, 8, 16, 31, 32, 31, 16, 8, 4, 2, 1]",6632,7.06094068157237e-18,1.7885696444974253e-12,1e-12
7952615f6422cb23bd9e473e8abec2eff4eec0089934ca1250f211f2f2a5f971,C,hybrid_tdvp,11,rzz,0.05,2,9,7,64,4,10,10,commuting,0.9999999998788112,0.9999999998788112,1.2118883674361314e-10,1.080446118937454e-05,0.9999999999999996,0.9999999999977733,1.01266193212185e-07,1.982604936158055e-08,0.44205100199906155,32,"[1, 2, 4, 8, 16, 30, 32, 30, 16, 8, 4, 2, 1]",6440,1.2796861620156917e-15,4.532646376675735e-12,1e-12
3e30193c40eb06b07065cfc9f5d4ab06181c887226190f0bd9f4c3d54db3dd55,C,hybrid_tdvp,11,rzz,0.05,2,9,7,64,8,10,10,commuting,0.9999999993434259,0.9999999993434259,6.565741283992566e-10,2.5398837950985573e-05,0.9999999999999996,0.9999999999942638,1.5466783795381467e-07,2.461173978637646e-08,0.5130182159482501,32,"[1, 2, 4, 8, 16, 30, 32, 29, 16, 8, 4, 2, 1]",6344,1.7254334921804487e-15,1.1786938858156029e-11,1e-12
9b60835f9fd0a14ede278edc2eab5471dbb355f0954c237e9cbfd84847522044,C,hybrid_tdvp,11,rxx,0.05,2,9,7,8,1,10,10,mixed,0.977782183937265,0.977782183937265,0.022217816062734985,0.1494744599075798,0.9999999999999996,1.0000000000000004,0.05071522966796138,0.010708542126064334,0.05287839501397684,8,"[1, 2, 4, 8, 8, 8, 8, 8, 8, 8, 4, 2, 1]",936,4.039130673738197e-05,0.00047914984856304297,1e-12
4f3f95389091c04cdaf8fb3ac89a1f3e19e3376146354b1ee49bfb5301b8a441,C,hybrid_tdvp,11,rxx,0.05,2,9,7,8,2,10,10,mixed,0.9778048476813832,0.9778048476813832,0.022195152318616795,0.14939777277243968,0.9999999999999996,1.0000000000000007,0.0507020947953601,0.010707089968955348,0.06592581397853792,8,"[1, 2, 4, 8, 8, 8, 8, 8, 8, 8, 4, 2, 1]",936,2.0159462767444517e-05,0.00023956900224981136,1e-12
b7a9843b0f427730bfc1e9a3015c9ee472cbc6064d5d0bcc37bb2e8465f4d411,C,hybrid_tdvp,11,rxx,0.05,2,9,7,8,4,10,10,mixed,0.977814888879178,0.977814888879178,0.022185111120822,0.14936378414709567,0.9999999999999996,0.9999999999999997,0.050697196796495994,0.01070649477189855,0.11351879400899634,8,"[1, 2, 4, 8, 8, 8, 8, 8, 8, 8, 4, 2, 1]",936,1.007292498145763e-05,0.00011981133347538832,1e-12
d9fed71a50f8e6fbc72397d21dea235277970df06c8c10bc6977e1e99a922074,C,hybrid_tdvp,11,rxx,0.05,2,9,7,8,8,10,10,mixed,0.9778195974891846,0.9778195974891846,0.022180402510815433,0.1493478432871016,0.9999999999999996,1.0000000000000007,0.0506951252532962,0.0107062271312577,0.9107130680349655,8,"[1, 2, 4, 8, 8, 8, 8, 8, 8, 8, 4, 2, 1]",936,5.035031241300427e-06,5.991582880921863e-05,1e-12
69a556c7f767e22beb7c61d0d5d4b83d3e294a70e71980fe5978a4b21a915722,C,hybrid_tdvp,11,rxx,0.05,2,9,7,16,1,10,10,mixed,0.9765356914073681,0.9765356914073681,0.023464308592631933,0.15363460212235025,0.9999999999999996,1.0,0.054305264452394905,0.011247765050956501,0.029524696001317352,16,"[1, 2, 4, 8, 16, 16, 16, 16, 16, 8, 4, 2, 1]",2728,2.8463429503728575e-06,4.051094941895429e-05,1e-12
dd01ba175f502a1d9d3365326b1b8ad8025e1d08ec2c75d6c2dd57f112fdb82b,C,hybrid_tdvp,11,rxx,0.05,2,9,7,16,2,10,10,mixed,0.9766952145728852,0.9766952145728852,0.023304785427114783,0.1531083578774272,0.9999999999999996,0.9999999999999998,0.0542518501998009,0.011206037772613548,0.057792371022515,16,"[1, 2, 4, 8, 16, 16, 16, 16, 16, 8, 4, 2, 1]",2728,1.474862834309929e-06,2.3205038655121566e-05,1e-12
26614e87f58419f8134537a3956a21ec0e1f76f8597ed7c7fe36471ff136057e,C,hybrid_tdvp,11,rxx,0.05,2,9,7,16,4,10,10,mixed,0.9768157122507019,0.9768157122507019,0.02318428774929815,0.15270967952372763,0.9999999999999996,0.9999999999999998,0.05422727796606848,0.011188143014770955,0.18081795499892905,16,"[1, 2, 4, 8, 16, 16, 16, 16, 16, 8, 4, 2, 1]",2728,7.103424593116568e-07,1.3079334302183093e-05,1e-12
04d5399abbfcc1393fb6515b04e1a97a460689c9102fdc5c8d2485cba9039702,C,hybrid_tdvp,11,rxx,0.05,2,9,7,16,8,10,10,mixed,0.9768684382312562,0.9768684382312562,0.023131561768743758,0.15253491047961532,0.9999999999999996,1.0000000000000002,0.054202054957783005,0.011181352132180945,0.22305802896153182,16,"[1, 2, 4, 8, 16, 16, 16, 16, 16, 8, 4, 2, 1]",2728,3.439948797649389e-07,6.892928983211732e-06,1e-12
a6e08a184375d981793a80f3d549402174f1d6b2eafdd1b7f6220dde106171cc,C,hybrid_tdvp,11,rxx,0.05,2,9,7,64,1,10,10,mixed,0.9764796218772496,0.9764796218772496,0.02352037812275043,0.1538191500968925,0.9999999999999996,0.9999999999993799,0.05426787237698584,0.011267010623895674,0.3446326720295474,48,"[1, 2, 4, 8, 16, 32, 48, 32, 16, 8, 4, 2, 1]",8872,1.778115821100193e-13,1.2597161034928216e-12,1e-12
d7ea65f321d13eb52f36f510d138713ce40c5e34968572199553bbeca0a49704,C,hybrid_tdvp,11,rxx,0.05,2,9,7,64,2,10,10,mixed,0.9764796227577262,0.9764796227577262,0.02352037724227385,0.15381914719838208,0.9999999999999996,0.9999999999990422,0.05426787259903884,0.011267013451915506,0.6738839939935133,49,"[1, 2, 4, 8, 16, 32, 49, 32, 16, 8, 4, 2, 1]",9000,2.68210901813404e-13,1.980200332004712e-12,1e-12
28a2185f97c4f5211448dc76c8c16ff728d49b4fa711b0c79bbdb243b70d0490,C,hybrid_tdvp,11,rxx,0.05,2,9,7,64,4,10,10,mixed,0.9764796190844242,0.9764796190844242,0.023520380915575845,0.15381915927657494,0.9999999999999996,0.9999999999982601,0.05426787272766822,0.011267015400544795,1.1090729080024175,51,"[1, 2, 4, 8, 16, 32, 51, 32, 16, 8, 4, 2, 1]",9256,3.287066413506528e-13,3.638356540818077e-12,1e-12
0e2e49cd64d3fd4d371ee61be0e75190087860a30da1568232a8b0ee3927e4ee,C,hybrid_tdvp,11,rxx,0.05,2,9,7,64,8,10,10,mixed,0.9764796185552054,0.9764796185552054,0.023520381444794625,0.15381916100950827,0.9999999999999996,0.9999999999970406,0.05426787321844263,0.011267017536237201,2.15676279499894,52,"[1, 2, 4, 8, 16, 32, 52, 32, 16, 8, 4, 2, 1]",9384,3.81398873985472e-13,6.22321429917867e-12,1e-12
a86d5f7f6b495c2f067c435d5578c5645394d242d3f3838a7695266f78c54fe6,C,hybrid_tdvp,11,rzz,0.05,2,8,6,8,1,11,11,commuting,0.9896828833855127,0.9896828833855127,0.01031711661448731,0.10170479586958028,0.9999999999999996,1.0,0.020857561071307866,0.004178434570970855,0.029397966049145907,8,"[1, 2, 4, 8, 8, 8, 8, 8, 8, 8, 4, 2, 1]",936,5.073290289831773e-05,0.0005726636928464369,1e-12
b7fec7dbf8f3e62cf95c60d81d4a727950337ae7ec7adea1002ea2548cf37de5,C,hybrid_tdvp,11,rzz,0.05,2,8,6,8,2,11,11,commuting,0.9896004472763947,0.9896004472763947,0.010399552723605265,0.10211137012191891,0.9999999999999996,0.9999999999999997,0.02095392267853611,0.004188440201754476,0.03908175101969391,8,"[1, 2, 4, 8, 8, 8, 8, 8, 8, 8, 4, 2, 1]",936,2.550266710236642e-05,0.0002870531389922326,1e-12
e40e0e30556c6332f0b9baa8c21f1e1085c1bb25f7661f488614f77d65a0079a,C,hybrid_tdvp,11,rzz,0.05,2,8,6,8,4,11,11,commuting,0.9895594256925733,0.9895594256925733,0.010440574307426731,0.10231309251827066,0.9999999999999996,0.9999999999999998,0.021000111948248815,0.00419373781537317,0.1707302380236797,8,"[1, 2, 4, 8, 8, 8, 8, 8, 8, 8, 4, 2, 1]",936,1.2782683879501171e-05,0.0001436929337286758,1e-12
94814addeb917e7e549a229cea071d34ebe4f31dc7361b8a5af73e10cb654302,C,hybrid_tdvp,11,rzz,0.05,2,8,6,8,8,11,11,commuting,0.9895389576362548,0.9895389576362548,0.010461042363745232,0.10241359654129306,0.9999999999999996,0.9999999999999999,0.021022734458213475,0.004196459415519004,0.15730787499342114,8,"[1, 2, 4, 8, 8, 8, 8, 8, 8, 8, 4, 2, 1]",936,6.398887663687983e-06,7.188639831300192e-05,1e-12
c9e02dd3582edc06e71142f2a33aaa094ea9d94ea8b14506ff66b2fbecbc2ef1,C,hybrid_tdvp,11,rzz,0.05,2,8,6,16,1,11,11,commuting,0.9985974308271344,0.9985974308271344,0.0014025691728656309,0.03745746011319783,0.9999999999999996,1.0000000000000002,0.017310621589458786,0.002994243502279425,0.017316736979410052,16,"[1, 2, 4, 8, 16, 16, 16, 16, 16, 8, 4, 2, 1]",2728,1.2204782350259691e-06,1.4359911824419522e-05,1e-12
2beb4acbc82565224a42f9c00e9956b236b7750fa416509671e05985b3616977,C,hybrid_tdvp,11,rzz,0.05,2,8,6,16,2,11,11,commuting,0.9985694509648168,0.9985694509648168,0.0014305490351832484,0.037829367151630766,0.9999999999999996,0.9999999999999992,0.017299062610017624,0.0029916855096531044,0.028945679019670933,16,"[1, 2, 4, 8, 16, 16, 16, 16, 16, 8, 4, 2, 1]",2728,6.736595963435886e-07,8.72885443299289e-06,1e-12
81471da5d88b457ebc47e14479cf8a3fae7b749e8906f2126af08111d8478a48,C,hybrid_tdvp,11,rzz,0.05,2,8,6,16,4,11,11,commuting,0.9985566440166537,0.9985566440166537,0.0014433559833463283,0.03799105450458528,0.9999999999999996,0.99999972152181,0.01730054884970908,0.0029895941335156564,0.2308273939997889,16,"[1, 2, 4, 8, 16, 16, 16, 16, 16, 8, 4, 2, 1]",2728,3.560035821395925e-07,4.833504349483052e-06,1e-12
5e6b53f02da58dd81ccb9dc8c725cdf86d763bfb64df94d4db755e06134f6195,C,hybrid_tdvp,11,rzz,0.05,2,8,6,16,8,11,11,commuting,0.9985603192234217,0.9985603192234217,0.0014396807765783004,0.03794995810404382,0.9999999999999996,0.9999999999999996,0.01731575536788739,0.002992639676457686,0.16484016296453774,16,"[1, 2, 4, 8, 16, 16, 16, 16, 16, 8, 4, 2, 1]",2728,1.7013593127560924e-07,2.364365328542345e-06,1e-12
afe2dbc7aa3bb83ec77099bb0bb831736701cfe41ea86f0de9136cc235f6dc69,C,hybrid_tdvp,11,rzz,0.05,2,8,6,64,1,11,11,commuting,0.9987158627196183,0.9987158627196183,0.0012841372803816808,0.03584061657469432,0.9999999999999996,0.9999999999995139,0.01732974719460978,0.002994782638099564,0.24768064002273604,32,"[1, 2, 4, 8, 16, 32, 32, 32, 16, 8, 4, 2, 1]",6824,1.053650321399294e-18,9.785147397349636e-13,1e-12
473af6ae9c767b5344f2a17e7add8d2414852105f5d38c45a3062822d11cc129,C,hybrid_tdvp,11,rzz,0.05,2,8,6,64,2,11,11,commuting,0.9987158671521057,0.9987158671521057,0.0012841328478943037,0.03584055468396778,0.9999999999999996,0.9999999999989824,0.017329749132650125,0.002994781591231042,0.12302420800551772,32,"[1, 2, 4, 8, 16, 31, 32, 31, 16, 8, 4, 2, 1]",6632,3.302502113235533e-13,2.118819855820979e-12,1e-12
959bca873884f3f36ce5012fc9a3bce5389e517aaf492f8aa53ec8835e4934a7,C,hybrid_tdvp,11,rzz,0.05,2,8,6,64,4,11,11,commuting,0.9987158643760992,0.9987158643760992,0.0012841356239008395,0.035840593389447985,0.9999999999999996,0.9999999999973124,0.017329748639233145,0.0029947813442304494,0.28453888598596677,32,"[1, 2, 4, 8, 16, 30, 32, 30, 16, 8, 4, 2, 1]",6440,9.405484772197773e-13,5.4731948538955126e-12,1e-12
d99332e04fbb39f2aa46b3e8dda0b0ffa9576da1c184ad8536f063a4a2942844,C,hybrid_tdvp,11,rzz,0.05,2,8,6,64,8,11,11,commuting,0.9987158629484612,0.9987158629484612,0.0012841370515388473,0.03584061321670813,0.9999999999999996,0.9999999999936561,0.017329748021956234,0.0029947820446060776,0.44565608905395493,32,"[1, 2, 4, 8, 16, 30, 32, 29, 16, 8, 4, 2, 1]",6344,1.255033502494139e-12,1.3041972360650169e-11,1e-12
a4bb579704a2d391f2b860c405be8ac55f624ff34f19945851879776d090e3d8,C,hybrid_tdvp,11,rzz,0.05,2,8,6,8,1,11,11,mixed,0.9711883559167338,0.9711883559167338,0.028811644083266197,0.17035908060223834,0.9999999999999996,1.0,0.06774221857636267,0.012942435502277496,0.055800848989747465,8,"[1, 2, 4, 8, 8, 8, 8, 8, 8, 8, 4, 2, 1]",936,5.265559325709825e-05,0.0005318054418201413,1e-12
8dd01f95fd80793c3bfe93c238bbb17e1f12af129c88f592e7d45e524c6ae248,C,hybrid_tdvp,11,rzz,0.05,2,8,6,8,2,11,11,mixed,0.9712338756569805,0.9712338756569805,0.028766124343019506,0.1702234615921252,0.9999999999999996,1.000000000000001,0.0677153060143532,0.01293610382035408,0.34215047099860385,8,"[1, 2, 4, 8, 8, 8, 8, 8, 8, 8, 4, 2, 1]",936,2.645555888022007e-05,0.00026602456113003145,1e-12
0a8456ff427ecceca03f944bbed6f2cda19070640853732396d6e9c220879b01,C,hybrid_tdvp,11,rzz,0.05,2,8,6,8,4,11,11,mixed,0.971254410104814,0.971254410104814,0.028745589895186052,0.17016224805094263,0.9999999999999996,0.9999999999999997,0.06770441418358322,0.012933346782211723,0.13477326702559367,8,"[1, 2, 4, 8, 8, 8, 8, 8, 8, 8, 4, 2, 1]",936,1.325983361508189e-05,0.00013307116709047027,1e-12
b6e9d1216e1d2c86b0a65043ed71193d5646d544c6e008896568de24eea7076a,C,hybrid_tdvp,11,rzz,0.05,2,8,6,8,8,11,11,mixed,0.9712641494266215,0.9712641494266215,0.028735850573378463,0.1701332074916549,0.9999999999999996,0.9999999999999992,0.06769954795700361,0.01293206064767186,0.3010728239896707,8,"[1, 2, 4, 8, 8, 8, 8, 8, 8, 8, 4, 2, 1]",936,6.637987469775939e-06,6.655381627899454e-05,1e-12
695b17c5c9be3d3f2f611c99807c5a8a0ebfeef7b99fb2d723436e8f82d78acf,C,hybrid_tdvp,11,rzz,0.05,2,8,6,16,1,11,11,mixed,0.9676258521177031,0.9676258521177031,0.032374147882296866,0.1806668160358045,0.9999999999999996,0.9999999999999994,0.07182599773872098,0.013737474882327164,0.10687847202643752,16,"[1, 2, 4, 8, 16, 16, 16, 16, 16, 8, 4, 2, 1]",2728,3.4707476826171995e-06,4.39816971015715e-05,1e-12
0bdf1274c528c8cf6178293c519e32a5a4ba69f4daa783a616e9d02c16e0b1cd,C,hybrid_tdvp,11,rzz,0.05,2,8,6,16,2,11,11,mixed,0.9677983382284,0.9677983382284,0.0322016617716,0.18018090464604883,0.9999999999999996,0.9999999999999986,0.07177595932121048,0.013703042004168893,0.07174897100776434,16,"[1, 2, 4, 8, 16, 16, 16, 16, 16, 8, 4, 2, 1]",2728,1.7114288342757427e-06,2.4916467489397305e-05,1e-12
0212652cc6e24d01b95725470b96d5ca899a4f7d6b4ab50b66a1775298e0d072,C,hybrid_tdvp,11,rzz,0.05,2,8,6,16,4,11,11,mixed,0.9679306475368813,0.9679306475368813,0.032069352463118705,0.17980731499943314,0.9999999999999996,1.0000000000000007,0.07175643254385822,0.013692023462411409,0.07012374902842566,16,"[1, 2, 4, 8, 16, 16, 16, 16, 16, 8, 4, 2, 1]",2728,8.873055916264842e-07,1.3966639893809582e-05,1e-12
a832a6fa279e3a7d2b0de321c30277eff306804bf1cff9ade6f31635e180bbb0,C,hybrid_tdvp,11,rzz,0.05,2,8,6,16,8,11,11,mixed,0.9679923311568001,0.9679923311568001,0.03200766884319994,0.1796316344272243,0.9999999999999996,0.9999997748505013,0.0717299927895799,0.013685995483590212,0.4606796310399659,16,"[1, 2, 4, 8, 16, 16, 16, 16, 16, 8, 4, 2, 1]",2728,4.5659717028595573e-07,7.349526153497688e-06,1e-12
d1fecfbcb7a7189f5c2b11b0852a34e8d7f37899d7fb3064f7aeff0d09880583,C,hybrid_tdvp,11,rzz,0.05,2,8,6,64,1,11,11,mixed,0.9675267316167178,0.9675267316167178,0.03247326838328224,0.18094547799516877,0.9999999999999996,0.9999999999993302,0.07180372877476318,0.013756119776403418,0.3940750919864513,51,"[1, 2, 4, 8, 16, 32, 51, 32, 16, 8, 4, 2, 1]",9256,1.0098420305527297e-13,1.3607003065480944e-12,1e-12
7aaa29f2a3f5e3cf9a13f29ff5c76db782d03d1b916009f7a714da6803bda524,C,hybrid_tdvp,11,rzz,0.05,2,8,6,64,2,11,11,mixed,0.9675267327758134,0.9675267327758134,0.03247326722418664,0.18094547473683242,0.9999999999999996,0.9999999999989434,0.07180372899681822,0.013756123017192366,0.5310050440020859,50,"[1, 2, 4, 8, 16, 32, 50, 32, 16, 8, 4, 2, 1]",9128,1.9669458501618644e-13,2.1768949170208983e-12,1e-12
57198b9652a3a2776835ebba40e6248f19affc3c460b7e8b2fd48484ff58b926,C,hybrid_tdvp,11,rzz,0.05,2,8,6,64,4,11,11,mixed,0.9675267284721892,0.9675267284721892,0.032473271527810765,0.18094548682239023,0.9999999999999996,0.9999999999981455,0.07180372912544727,0.013756125220803035,0.9920659589697607,50,"[1, 2, 4, 8, 16, 32, 50, 32, 16, 8, 4, 2, 1]",9128,2.5114956636287403e-13,3.889506107180951e-12,1e-12
84138ef0516f995516296b12bab00dff59900d859d47f65f0242ece17aff8d56,C,hybrid_tdvp,11,rzz,0.05,2,8,6,64,8,11,11,mixed,0.9675267267630455,0.9675267267630455,0.03247327323695448,0.1809454916169299,0.9999999999999996,0.9999999999969014,0.07180372961625181,0.013756127678389974,2.0469896100112237,50,"[1, 2, 4, 8, 16, 32, 50, 32, 16, 8, 4, 2, 1]",9128,2.907348090436034e-13,6.513949108222272e-12,1e-12
38605c1046355e4dc63bf90b301a567d129386aafa9efeea6568f8e4300d6cc7,C,hybrid_tdvp,11,rzz,0.05,3,9,6,8,1,12,12,commuting,0.9891532336727388,0.9891532336727388,0.010846766327261226,0.10428969278083713,0.9999999999999996,1.0000000000000007,0.01241313891592652,0.0029650455837564958,0.038288261042907834,8,"[1, 2, 4, 8, 8, 8, 8, 8, 8, 8, 4, 2, 1]",936,3.9682276517752764e-05,0.0006123459693641895,1e-12
32b3b0158abacfe570db1a4fc8f8b40a9ecacac6ccd06aa2e9836e1be162e6a4,C,hybrid_tdvp,11,rzz,0.05,3,9,6,8,2,12,12,commuting,0.9890528575705487,0.9890528575705487,0.010947142429451273,0.10477245597034711,0.9999999999999996,1.0000000000000009,0.011965346742837186,0.0029755264780375015,0.03522976901149377,8,"[1, 2, 4, 8, 8, 8, 8, 8, 8, 8, 4, 2, 1]",936,1.997692088769961e-05,0.00030703005987993225,1e-12
c3f32d027a1ac108ab3855f4ef67c8da61136158260c236a7fad34dca853d5d5,C,hybrid_tdvp,11,rzz,0.05,3,9,6,8,4,12,12,commuting,0.9890031469189057,0.9890031469189057,0.010996853081094327,0.10501072878117641,0.9999999999999996,1.0,0.01174448074323415,0.0029811695707261552,0.5734969630138949,8,"[1, 2, 4, 8, 8, 8, 8, 8, 8, 8, 4, 2, 1]",936,1.0021835339803496e-05,0.00015371476906847936,1e-12
419624dd6ef21449b077b587f033fd5ce7e338dc92a3f983b5b72ba77591829f,C,hybrid_tdvp,11,rzz,0.05,3,9,6,8,8,12,12,commuting,0.9889783942773787,0.9889783942773787,0.011021605722621342,0.10512917382864584,0.9999999999999996,0.9999999999999999,0.011634816466997162,0.00298409164803175,0.13369800295913592,8,"[1, 2, 4, 8, 8, 8, 8, 8, 8, 8, 4, 2, 1]",936,5.019194720112202e-06,7.690559303311412e-05,1e-12
4679cd1bae1d2d4a864b889e809319ea9dfc5b642b70822262f22a0b9e5da4f3,C,hybrid_tdvp,11,rzz,0.05,3,9,6,16,1,12,12,commuting,0.999853039603042,0.999853039603042,0.0001469603969580513,0.012122945050331445,0.9999999999999996,0.9999999999999994,0.0004993853543254844,0.00010412744766454214,0.060557361983228475,16,"[1, 2, 4, 8, 16, 16, 16, 16, 16, 8, 4, 2, 1]",2728,2.4947386900667356e-06,1.685465051448626e-05,1e-12
417a3678fb45eeff770b91f60bf168dafb3dee284e164b44d0147ac94b3765b1,C,hybrid_tdvp,11,rzz,0.05,3,9,6,16,2,12,12,commuting,0.9998348558114725,0.9998348558114725,0.00016514418852753288,0.01285110918339086,0.9999999999999996,1.000000000000001,0.00043824992427959897,0.00012327275005770234,0.040964517975226045,16,"[1, 2, 4, 8, 16, 16, 16, 16, 16, 8, 4, 2, 1]",2728,1.4310708825706594e-06,1.015992531556355e-05,1e-12
e5ca2b17222c4547e39e654ffe041aa35ab6ff158a3134d4a390c20d10e905cd,C,hybrid_tdvp,11,rzz,0.05,3,9,6,16,4,12,12,commuting,0.9998285238535531,0.9998285238535531,0.00017147614644685838,0.013095170792871862,0.9999999999999996,0.9999999999999997,0.00041150267649921115,0.00012700513024493343,0.061422533995937556,16,"[1, 2, 4, 8, 16, 16, 16, 16, 16, 8, 4, 2, 1]",2728,7.221081965549024e-07,5.555612546037954e-06,1e-12
4360610e5c1dc1892cf91305f1a393187958eafdcd73ce78ab38a02974d87089,C,hybrid_tdvp,11,rzz,0.05,3,9,6,16,8,12,12,commuting,0.9998359839728137,0.9998359839728137,0.00016401602718629782,0.01279475901372025,0.9999999999999996,0.9999998415525714,0.0006138161596792655,0.00012277851876921927,0.14260647603077814,16,"[1, 2, 4, 8, 16, 16, 16, 16, 16, 8, 4, 2, 1]",2728,3.352625233248911e-07,2.6996278518672367e-06,1e-12
016ef716765dbd70e965a5206122e2ad8ee076b2d65982fcbe4935336f8e91e3,C,hybrid_tdvp,11,rzz,0.05,3,9,6,64,1,12,12,commuting,0.9999999999841882,0.9999999999841882,1.581179631671148e-11,3.853013711287907e-06,0.9999999999999996,0.9999999999995155,4.51918691446538e-08,8.87693145069992e-09,0.21489246794953942,32,"[1, 2, 4, 8, 16, 32, 32, 32, 16, 8, 4, 2, 1]",6824,5.553404168374723e-19,9.785152950753803e-13,1e-12
26c43e00d1d1d8e509486db0b07531f24d829faead5fc4be0af6cef95ef7bff8,C,hybrid_tdvp,11,rzz,0.05,3,9,6,64,2,12,12,commuting,0.9999999998925904,0.9999999998925904,1.074096367403854e-10,1.0236548472297573e-05,0.9999999999999996,0.9999999999986882,1.6819277261562182e-07,2.995632410865819e-08,0.14329605997772887,32,"[1, 2, 4, 8, 16, 31, 32, 31, 16, 8, 4, 2, 1]",6632,5.764449649114231e-13,2.6952648207324023e-12,1e-12
80b46f817a498b4e45583350d4808da441ccd7cb4c6ce1b753e0db8d2720b712,C,hybrid_tdvp,11,rzz,0.05,3,9,6,64,4,12,12,commuting,0.9999999997899425,0.9999999997899425,2.100575269281535e-10,1.4284939317628508e-05,0.9999999999999996,0.9999999999970012,1.0786399550974379e-07,2.2224232417276493e-08,0.2768357690074481,32,"[1, 2, 4, 8, 16, 31, 32, 30, 16, 8, 4, 2, 1]",6536,6.344651393690461e-13,6.10765999326456e-12,1e-12
c02f38d8e177f7f1c6514c93eaaa26e8d2799d16d590e4b97894d4dd3dcc998c,C,hybrid_tdvp,11,rzz,0.05,3,9,6,64,8,12,12,commuting,0.9999999991128115,0.9999999991128115,8.871885448513694e-10,2.9558714856351245e-05,0.9999999999999996,0.9999999999932646,1.721440549898312e-07,2.7459903427958372e-08,0.5816371659748256,32,"[1, 2, 4, 8, 16, 30, 32, 30, 16, 8, 4, 2, 1]",6440,7.807858781535266e-13,1.3822758238803697e-11,1e-12
3c787e45038548ec426ee538e8cdd8e420150cb60fa1f41d4359c73e909024c8,C,hybrid_tdvp,11,ryy,0.05,3,9,6,8,1,12,12,mixed,0.9637117033980006,0.9637117033980006,0.03628829660199939,0.1913729839047056,0.9999999999999996,1.0000000000000009,0.06762467674819383,0.0143667864893452,0.35307885002112016,8,"[1, 2, 4, 8, 8, 8, 8, 8, 8, 8, 4, 2, 1]",936,4.601225880818032e-05,0.0005778177006283216,1e-12
69c77f29758bc55eabb607cd56b66199803ff42de51ca33a313d2f3b7a3cf1fc,C,hybrid_tdvp,11,ryy,0.05,3,9,6,8,2,12,12,mixed,0.9637680388063115,0.9637680388063115,0.036231961193688544,0.19122299430964815,0.9999999999999996,1.0,0.06759258494513136,0.014360763403487244,0.03247517300769687,8,"[1, 2, 4, 8, 8, 8, 8, 8, 8, 8, 4, 2, 1]",936,2.307272432400532e-05,0.0002890972854540367,1e-12
f705f826dfaee8c9dd175b5c874cb4f0cad104e44741f7162b1e5ebb58df4a7b,C,hybrid_tdvp,11,ryy,0.05,3,9,6,8,4,12,12,mixed,0.9637938936268653,0.9637938936268653,0.036206106373134705,0.19115411949160335,0.9999999999999996,1.0000000000000002,0.06757942226552872,0.014358120851080057,0.10743749799439684,8,"[1, 2, 4, 8, 8, 8, 8, 8, 8, 8, 4, 2, 1]",936,1.155330714964139e-05,0.0001446244742401116,1e-12
7a304c1058059bee8f5e1fdad537044309beb3ef9dc3424012325ca3ff02f025,C,hybrid_tdvp,11,ryy,0.05,3,9,6,8,8,12,12,mixed,0.9638062691487496,0.9638062691487496,0.03619373085125044,0.1911211438049931,0.9999999999999996,1.0000000000000007,0.06757349732843942,0.0143568832476981,0.14646174100926146,8,"[1, 2, 4, 8, 8, 8, 8, 8, 8, 8, 4, 2, 1]",936,5.780938990835987e-06,7.233475526983054e-05,1e-12
66ca66fd301e4004af8a2d93c5fec97afaf8a2cb2149c6193725c1881fef4fe5,C,hybrid_tdvp,11,ryy,0.05,3,9,6,16,1,12,12,mixed,0.9587462935604949,0.9587462935604949,0.0412537064395051,0.20417684144200757,0.9999999999999996,0.9999999999999984,0.0718485742019618,0.015151258448173978,0.04553157597547397,16,"[1, 2, 4, 8, 16, 16, 16, 16, 16, 8, 4, 2, 1]",2728,4.812897425189559e-06,4.8794594526761054e-05,1e-12
8f83b9b35bd12a65b422a6754223bca95c5eb57e5781f758c740b536297c87aa,C,hybrid_tdvp,11,ryy,0.05,3,9,6,16,2,12,12,mixed,0.9589653634171558,0.9589653634171558,0.04103463658284423,0.20362824456535047,0.9999999999999996,1.0000000000000004,0.0717970024938549,0.015109893275086411,0.056876867020037025,16,"[1, 2, 4, 8, 16, 16, 16, 16, 16, 8, 4, 2, 1]",2728,2.3064586705814158e-06,2.722292615997872e-05,1e-12
36e07678c42c03b8e6c329c63a020750ad147784f161ce0d2d33e0330a2133bc,C,hybrid_tdvp,11,ryy,0.05,3,9,6,16,4,12,12,mixed,0.9591365181920103,0.9591365181920103,0.04086348180798971,0.20319865024963235,0.9999999999999996,0.9999999999999997,0.07178006473015627,0.015091035038480652,0.1390853319899179,16,"[1, 2, 4, 8, 16, 16, 16, 16, 16, 8, 4, 2, 1]",2728,1.1839676455067005e-06,1.5150607539316282e-05,1e-12
ef9c97adb81d3c5e6c2d92a0a13314aed117b2bc7ce588785d6fe87f752347f5,C,hybrid_tdvp,11,ryy,0.05,3,9,6,16,8,12,12,mixed,0.959210419752701,0.959210419752701,0.04078958024729895,0.20301289000508335,0.9999999999999996,1.0000000000000007,0.07175511565745282,0.015082520244827312,0.4510979449842125,16,"[1, 2, 4, 8, 16, 16, 16, 16, 16, 8, 4, 2, 1]",2728,6.02895720749288e-07,7.952421874246973e-06,1e-12
24133e4b58d3f7d9810b916dcc6f29ec3cc0078174f8c3e9174cebbc882efa7c,C,hybrid_tdvp,11,ryy,0.05,3,9,6,64,1,12,12,mixed,0.9585887037335434,0.9585887037335434,0.041411296266456565,0.2045706082609718,0.9999999999999996,0.9999999999992856,0.07180372877474833,0.0151780822797078,0.2996725649572909,55,"[1, 2, 4, 8, 16, 32, 55, 32, 16, 8, 4, 2, 1]",9768,8.836000802997818e-14,1.4490603145780726e-12,1e-12
99be69689098e6348a08e76ca7b9017c01ce3dfacb21d2c77f989eb248afddbb,C,hybrid_tdvp,11,ryy,0.05,3,9,6,64,2,12,12,mixed,0.9585887052581769,0.9585887052581769,0.041411294741823146,0.20457060445304523,0.9999999999999996,0.9999999999989051,0.07180372899680315,0.015178085154542161,0.543970552040264,54,"[1, 2, 4, 8, 16, 32, 54, 32, 16, 8, 4, 2, 1]",9640,8.417285301133479e-14,2.261067770032233e-12,1e-12
c971e743edafccbe9b09b1bfbd2da0467bd7b37099653d36d02e0e5f7dda1953,C,hybrid_tdvp,11,ryy,0.05,3,9,6,64,4,12,12,mixed,0.9585887005433271,0.9585887005433271,0.04141129945667288,0.2045706162185571,0.9999999999999996,0.9999999999979763,0.071803729125419,0.015178087227500895,0.9378548310487531,52,"[1, 2, 4, 8, 16, 32, 52, 32, 16, 8, 4, 2, 1]",9384,3.3189602474526993e-13,4.221402131926222e-12,1e-12
c11cc2750081206b374fa9e8c89a61b304eb84308952fc0fe0155d31fd1db0bb,C,hybrid_tdvp,11,ryy,0.05,3,9,6,64,8,12,12,mixed,0.9585886999498953,0.9585886999498953,0.04141130005010474,0.20457061769374982,0.9999999999999996,0.9999999999966996,0.07180372961615773,0.015178089392618947,1.9577153279678896,51,"[1, 2, 4, 8, 16, 32, 51, 32, 16, 8, 4, 2, 1]",9256,4.175329005265029e-13,6.931482008748775e-12,1e-12
ed4d82c51ad5171e6aa7a4e3ce541864e8bcbedb3df2326632245a1d542cc5d7,C,hybrid_tdvp,11,rzz,0.05,2,9,7,8,1,13,13,commuting,0.9874116043435903,0.9874116043435903,0.012588395656409679,0.1123755485806845,0.9999999999999996,0.9999999999999999,0.012488948365798436,0.0031386401777757046,0.018266375991515815,8,"[1, 2, 4, 8, 8, 8, 8, 8, 8, 8, 4, 2, 1]",936,4.9184742668165927e-05,0.0006615307120323555,1e-12
0379d01ccad0e797f0bca915317d576ce12d62b8df44e1fd78c5c891cd78afa1,C,hybrid_tdvp,11,rzz,0.05,2,9,7,8,2,13,13,commuting,0.9872724070821416,0.9872724070821416,0.01272759291785841,0.11299712656611326,0.9999999999999996,1.0,0.011994483505074541,0.0031543124712112023,0.13527707901084796,8,"[1, 2, 4, 8, 8, 8, 8, 8, 8, 8, 4, 2, 1]",936,2.4987066923761332e-05,0.0003320171268036936,1e-12
1fb061b566e4a5dc4c03018e40e3ce1c1a2f878084c3449ad9190d6fac79f7e6,C,hybrid_tdvp,11,rzz,0.05,2,9,7,8,4,13,13,commuting,0.987203355217466,0.987203355217466,0.01279664478253395,0.11330422482753247,0.9999999999999996,0.9999999999999997,0.011985521300313273,0.003162689489872771,0.08628483198117465,8,"[1, 2, 4, 8, 8, 8, 8, 8, 8, 8, 4, 2, 1]",936,1.2589585865444204e-05,0.00016630435493392355,1e-12
b90533e82f8c75593b1a24ef38d92e390041f33dcfa772727d469cb4b081584e,C,hybrid_tdvp,11,rzz,0.05,2,9,7,8,8,13,13,commuting,0.9871689457590832,0.9871689457590832,0.012831054240916795,0.11345694964408175,0.9999999999999996,1.0000000000000004,0.012040754693519284,0.0031670122707430077,0.15097194298869,8,"[1, 2, 4, 8, 8, 8, 8, 8, 8, 8, 4, 2, 1]",936,6.318487016286522e-06,8.322408004940061e-05,1e-12
cb0c904fb4ebd4bce2851a827934c3dc473daf9c8e3f3b9c46d03cbe04c36c70,C,hybrid_tdvp,11,rzz,0.05,2,9,7,16,1,13,13,commuting,0.9998586541366649,0.9998586541366649,0.00014134586333514054,0.011889106709573407,0.9999999999999996,0.9999999999999999,0.0004974949756345368,9.928961533866975e-05,0.09655755601124838,16,"[1, 2, 4, 8, 16, 16, 16, 16, 16, 8, 4, 2, 1]",2728,7.468045028548196e-07,1.760145501734108e-05,1e-12
23f8647015539e88df2a90455b4eedc8c01371e0835ee6e1ffc783845ff9ccdb,C,hybrid_tdvp,11,rzz,0.05,2,9,7,16,2,13,13,commuting,0.9998428193003428,0.9998428193003428,0.00015718069965720005,0.012521658341348513,0.9999999999999996,0.9999998025254958,0.00041270438268564073,0.0001164423506055114,0.05869905202416703,16,"[1, 2, 4, 8, 16, 16, 16, 16, 16, 8, 4, 2, 1]",2728,4.015973578359156e-07,1.0561522673399466e-05,1e-12
ac4a00852de0cf56a4ad82c62f5000954f6425a05af7eceb553c1652eaa724ae,C,hybrid_tdvp,11,rzz,0.05,2,9,7,16,4,13,13,commuting,0.9998369274003346,0.9998369274003346,0.00016307259966541476,0.012762090317403744,0.9999999999999996,0.9999998958504416,0.00040277742216197497,0.00012025039352739862,0.09784733701962978,16,"[1, 2, 4, 8, 16, 16, 16, 16, 16, 8, 4, 2, 1]",2728,2.1172063219356906e-07,5.767333178231524e-06,1e-12
6886b7559c30478b41bb64654621dfdd342f16c6c189a213b4002a94762fe227,C,hybrid_tdvp,11,rzz,0.05,2,9,7,16,8,13,13,commuting,0.9998430340593921,0.9998430340593921,0.00015696594060787827,0.01251212132262297,0.9999999999999996,0.99999979053964,0.0006181171808973175,0.00011822929618074984,0.14447500702226534,16,"[1, 2, 4, 8, 16, 16, 16, 16, 16, 8, 4, 2, 1]",2728,1.038950897265247e-07,2.8035229415937612e-06,1e-12
4db1ca36943a6d8c5357e8e8c3daf1c760199a5ff249ae8c0f49d9fb2070a2b9,C,hybrid_tdvp,11,rzz,0.05,2,9,7,64,1,13,13,commuting,0.9999999999841935,0.9999999999841935,1.580646724619328e-11,3.853013734776347e-06,0.9999999999999996,0.99999999999952,4.519188539142335e-08,8.889756917996524e-09,0.2464361329912208,32,"[1, 2, 4, 8, 16, 32, 32, 32, 16, 8, 4, 2, 1]",6824,1.3065933947641525e-20,9.785153081413142e-13,1e-12
312fbb037b8ced3e70346028aad95bdc740cec06186e65d6adc20ca048f1c099,C,hybrid_tdvp,11,rzz,0.05,2,9,7,64,2,13,13,commuting,0.9999999998926041,0.9999999998926041,1.0739586997488004e-10,1.0235106099129126e-05,0.9999999999999996,0.9999999999986812,2.0033021162768616e-07,3.395700531114619e-08,0.15947946003871039,32,"[1, 2, 4, 8, 16, 31, 32, 31, 16, 8, 4, 2, 1]",6632,5.73861584040362e-18,2.6952705593482428e-12,1e-12
4406d61f01489833b289837ba3e95a147b1a3506ee1bb56e08d01e2e390f45c4,C,hybrid_tdvp,11,rzz,0.05,2,9,7,64,4,13,13,commuting,0.999999999789779,0.999999999789779,2.1022095175737832e-10,1.4291273861416049e-05,0.9999999999999996,0.9999999999970098,1.1961112393599205e-07,2.3818008549699188e-08,0.17632514203432947,32,"[1, 2, 4, 8, 16, 31, 32, 30, 16, 8, 4, 2, 1]",6536,4.3070168550292517e-16,6.108090694950063e-12,1e-12
50bc974470c424450265531f88b5edfb781d30c772ad1e5c94f1031338be0a84,C,hybrid_tdvp,11,rzz,0.05,2,9,7,64,8,13,13,commuting,0.9999999991100927,0.9999999991100927,8.899072589940715e-10,2.9604979540483058e-05,0.9999999999999996,0.9999999999932745,1.7214320533615046e-07,2.76224717951866e-08,0.6359705119975843,32,"[1, 2, 4, 8, 16, 30, 32, 30, 16, 8, 4, 2, 1]",6440,2.5022168445190055e-15,1.3825260455648215e-11,1e-12
a2f1aefdb2f0b793258e4c559e1a93255798dc9f96972f1789f67bb3f9707e93,C,hybrid_tdvp,11,rxx,0.05,2,9,7,8,1,13,13,mixed,0.9616333336117834,0.9616333336117834,0.03836666638821662,0.1968296219930768,0.9999999999999996,0.9999999999999998,0.06780957180025955,0.014412597509616834,0.4835012310068123,8,"[1, 2, 4, 8, 8, 8, 8, 8, 8, 8, 4, 2, 1]",936,4.161169580692133e-05,0.0006194293964352429,1e-12
a3f082c19c71f323513f9965a119661720d1091b00b4f551115f32d2abdcbb7d,C,hybrid_tdvp,11,rxx,0.05,2,9,7,8,2,13,13,mixed,0.9616743069346366,0.9616743069346366,0.038325693065363375,0.19672345525046575,0.9999999999999996,0.9999999999999999,0.06776004510470932,0.014407185151409627,0.061056360020302236,8,"[1, 2, 4, 8, 8, 8, 8, 8, 8, 8, 4, 2, 1]",936,2.0761022039938054e-05,0.0003098583074939747,1e-12
cbbb392b0861970bf0cfba7410015f6d94bbd79f3f06bc19e5260fb4e4962b9e,C,hybrid_tdvp,11,rxx,0.05,2,9,7,8,4,13,13,mixed,0.9616927438673325,0.9616927438673325,0.0383072561326675,0.1966756650119727,0.9999999999999996,0.9999999999999999,0.06773874525089815,0.014404884974069478,0.11795029597124085,8,"[1, 2, 4, 8, 8, 8, 8, 8, 8, 8, 4, 2, 1]",936,1.0370768790779722e-05,0.00015499524303089129,1e-12
064b3bce18e9083432077aa489a7e83843ff7cfcd54e82f811fcd96860dcd6b4,C,hybrid_tdvp,11,rxx,0.05,2,9,7,8,8,13,13,mixed,0.9617014696846025,0.9617014696846025,0.03829853031539754,0.19665304299552955,0.9999999999999996,0.9999999999999996,0.06772888966011356,0.014403826583496664,0.20246996002970263,8,"[1, 2, 4, 8, 8, 8, 8, 8, 8, 8, 4, 2, 1]",936,5.183135759700169e-06,7.751789102953071e-05,1e-12
f012a10415b80ffc238340ff206e073989254a01a8d68f890e072bd5588877c5,C,hybrid_tdvp,11,rxx,0.05,2,9,7,16,1,13,13,mixed,0.958690374170676,0.958690374170676,0.04130962582932396,0.20431664935958782,0.9999999999999996,1.000000000000001,0.07265113667966475,0.015178287846625886,0.03852158098015934,16,"[1, 2, 4, 8, 16, 16, 16, 16, 16, 8, 4, 2, 1]",2728,3.092984067355881e-06,5.188757859411694e-05,1e-12
1b3565244f381fe3e4d03794144179a7e0e63eb20b90e601882952f0e30f265e,C,hybrid_tdvp,11,rxx,0.05,2,9,7,16,2,13,13,mixed,0.9589091305687051,0.9589091305687051,0.04109086943129492,0.20376919833349988,0.9999999999999996,1.0000000000000018,0.0725818625791003,0.01512862194681371,0.05241977499099448,16,"[1, 2, 4, 8, 16, 16, 16, 16, 16, 8, 4, 2, 1]",2728,1.6157288306576692e-06,2.8838654990636392e-05,1e-12
20be155abdac888852cb491b8a2d859d27697776783cff5c1b93144f262d2d4b,C,hybrid_tdvp,11,rxx,0.05,2,9,7,16,4,13,13,mixed,0.9590836698533465,0.9590836698533465,0.04091633014665352,0.2033313910599561,0.9999999999999996,1.0,0.07255463026734904,0.015107864223797288,0.12320538004860282,16,"[1, 2, 4, 8, 16, 16, 16, 16, 16, 8, 4, 2, 1]",2728,7.855807083168059e-07,1.593618824763309e-05,1e-12
45f987e81dd9288762b9e198378351fe505f74394eaad1d327fb9e0294ac42b3,C,hybrid_tdvp,11,rxx,0.05,2,9,7,16,8,13,13,mixed,0.9591589528471124,0.9591589528471124,0.04084104715288761,0.2031413632973286,0.9999999999999996,0.9999998147317822,0.07252760916094686,0.015099317078773072,0.17920837801648304,16,"[1, 2, 4, 8, 16, 16, 16, 16, 16, 8, 4, 2, 1]",2728,3.8296661618507617e-07,8.335388490432051e-06,1e-12
f5c42956f8ac2d4ae453fe53625ee8f7f6a7efd44c7fec9906134276074bb13d,C,hybrid_tdvp,11,rxx,0.05,2,9,7,64,1,13,13,mixed,0.9585887036928882,0.9585887036928882,0.04141129630711182,0.20457060836208396,0.9999999999999996,0.9999999999992089,0.07259321267842275,0.015206256248301072,0.30392350599868223,50,"[1, 2, 4, 8, 16, 32, 50, 32, 16, 8, 4, 2, 1]",9128,1.6167664460016156e-13,1.6107369591782342e-12,1e-12
e9b1d5448e95ffb63023da5e72e919b53deeda3d29a4b1580a3d4f0ffd914bec,C,hybrid_tdvp,11,rxx,0.05,2,9,7,64,2,13,13,mixed,0.958588705207573,0.958588705207573,0.041411294792427,0.2045706045789463,0.9999999999999996,0.9999999999988191,0.07259321323352108,0.015206259981383889,0.7985427299863659,50,"[1, 2, 4, 8, 16, 32, 50, 32, 16, 8, 4, 2, 1]",9128,1.7711711981103772e-13,2.438184889843271e-12,1e-12
83e60b58207c71785b2a3fb2efd295ccf72afe511c8af417c3c8db9c696f9bc7,C,hybrid_tdvp,11,rxx,0.05,2,9,7,64,4,13,13,mixed,0.9585887004956003,0.9585887004956003,0.0414112995043997,0.20457061633690915,0.9999999999999996,0.9999999999978135,0.07259321353928472,0.01520626249739464,1.2542384049738757,53,"[1, 2, 4, 8, 16, 32, 53, 32, 16, 8, 4, 2, 1]",9512,3.5225928157121285e-13,4.573661413497435e-12,1e-12
6ebf4172721ac4884dac7d095abf0588fd2904d442657e6a63686a598c6e390e,C,hybrid_tdvp,11,rxx,0.05,2,9,7,64,8,13,13,mixed,0.9585886999005163,0.9585886999005163,0.04141130009948368,0.20457061781629227,0.9999999999999996,0.9999999999965505,0.07259321439329658,0.015206264915807866,2.325557267991826,53,"[1, 2, 4, 8, 16, 32, 53, 32, 16, 8, 4, 2, 1]",9512,3.6154377167685985e-13,7.293025780425635e-12,1e-12
17f506545015f8b8b02dd3fc3bab2243b7daa6b700df2906e802dfc2c110d07e,C,hybrid_tdvp,11,rzz,0.05,2,8,6,8,1,14,14,commuting,0.9852022094109547,0.9852022094109547,0.01479779058904529,0.12187265102759536,0.9999999999999996,0.9999999999999992,0.02132364184138231,0.004835176469452661,0.03216581302694976,8,"[1, 2, 4, 8, 8, 8, 8, 8, 8, 8, 4, 2, 1]",936,4.737989975797443e-05,0.0007089106117903299,1e-12
cd3c133accc8eddd5f48317c8b610243b3ac19e49b5d2b978a4f463005c1b08b,C,hybrid_tdvp,11,rzz,0.05,2,8,6,8,2,14,14,commuting,0.9850583364438662,0.9850583364438662,0.0149416635561338,0.12246590460478726,0.9999999999999996,1.0000000000000004,0.021443016359571847,0.004847353896367977,0.030332011985592544,8,"[1, 2, 4, 8, 8, 8, 8, 8, 8, 8, 4, 2, 1]",936,2.3929319762634632e-05,0.0003559464465663283,1e-12
95e7ed7986d55be91b597195ef648eda6edf2a848ffde7b5d099b1fe34589e66,C,hybrid_tdvp,11,rzz,0.05,2,8,6,8,4,14,14,commuting,0.9849863395797382,0.9849863395797382,0.015013660420261754,0.12276172025681661,0.9999999999999996,1.0000000000000007,0.021500894615019764,0.004853984608682647,0.10732473200187087,8,"[1, 2, 4, 8, 8, 8, 8, 8, 8, 8, 4, 2, 1]",936,1.202097315061246e-05,0.00017832532808453598,1e-12
d3afa70fa3cb267752d247fb7e3721ae31b26c3403b4c172b145f5277af6fd80,C,hybrid_tdvp,11,rzz,0.05,2,8,6,8,8,14,14,commuting,0.9849503198030121,0.9849503198030121,0.015049680196987936,0.12290945263323165,0.9999999999999996,1.0000000000000004,0.02152939419313707,0.0048574360609971445,0.164059565984644,8,"[1, 2, 4, 8, 8, 8, 8, 8, 8, 8, 4, 2, 1]",936,6.024168719081956e-06,8.924824876848258e-05,1e-12
bae832c77ab67b8faeffb214d9f415cfcf30a7d85b54756556ed8c2ad040fbd1,C,hybrid_tdvp,11,rzz,0.05,2,8,6,16,1,14,14,commuting,0.9985207877529555,0.9985207877529555,0.0014792122470445035,0.038467644445881286,0.9999999999999996,1.0000000000000004,0.017008101842611346,0.003037678403594394,0.03802156395977363,16,"[1, 2, 4, 8, 16, 16, 16, 16, 16, 8, 4, 2, 1]",2728,1.3697746644456776e-06,1.8971229681786758e-05,1e-12
5a8bd47962dba32b870bbcd8bd3adebf591bbe2b6412feb7ac21f07537b43522,C,hybrid_tdvp,11,rzz,0.05,2,8,6,16,2,14,14,commuting,0.9984848853114996,0.9984848853114996,0.0015151146885004074,0.038931850929526675,0.9999999999999996,1.0000000000000007,0.016998605903914298,0.003036769898719653,0.034783073992002755,16,"[1, 2, 4, 8, 16, 16, 16, 16, 16, 8, 4, 2, 1]",2728,7.452199714480847e-07,1.130674264484755e-05,1e-12
6eff5805aa33826f56d7b83cd1c2976e8b281d4c03f51a8b1ac249d596c3f77f,C,hybrid_tdvp,11,rzz,0.05,2,8,6,16,4,14,14,commuting,0.99847070465426,0.99847070465426,0.0015292953457399783,0.039106116377132974,0.9999999999999996,0.9999997039293526,0.017001731321895974,0.0030346611072841765,0.07874798902776092,16,"[1, 2, 4, 8, 16, 16, 16, 16, 16, 8, 4, 2, 1]",2728,3.880739164776856e-07,6.155407094709211e-06,1e-12
8f372312703b890d061432366e9971f18f5c696c5edc64f8164950e6efbfd847,C,hybrid_tdvp,11,rzz,0.05,2,8,6,16,8,14,14,commuting,0.9984787388202558,0.9984787388202558,0.00152126117974416,0.039003068696693385,0.9999999999999996,0.9999996995942709,0.017020541577694684,0.0030373279484834275,0.15853488899301738,16,"[1, 2, 4, 8, 16, 16, 16, 16, 16, 8, 4, 2, 1]",2728,1.8586947749429674e-07,2.989392419088058e-06,1e-12
b4218336b5c003e110226cb0b65440eea40b2c885752b43e89399c24300da579,C,hybrid_tdvp,11,rzz,0.05,2,8,6,64,1,14,14,commuting,0.9987158627196161,0.9987158627196161,0.0012841372803839013,0.03584061657468446,0.9999999999999996,0.9999999999995121,0.017015577297410205,0.003040856710817769,0.14972285699332133,32,"[1, 2, 4, 8, 16, 32, 32, 32, 16, 8, 4, 2, 1]",6824,2.111118807676658e-19,9.78515519253195e-13,1e-12
b759b64229924edbf32e4e312365cf23d66c2438fc881793ebbd02d6b96ccda0,C,hybrid_tdvp,11,rzz,0.05,2,8,6,64,2,14,14,commuting,0.9987158671153195,0.9987158671153195,0.0012841328846805444,0.03584055518112274,0.9999999999999996,0.9999999999983961,0.01701558013529149,0.003040855110769044,0.14381764503195882,32,"[1, 2, 4, 8, 16, 31, 32, 31, 16, 8, 4, 2, 1]",6632,5.734734902221657e-13,3.2687440495704093e-12,1e-12
a516c0e9d6669a127ebfa1109dd14a702565dfec13cdcd8e798d03a659209807,C,hybrid_tdvp,11,rzz,0.05,2,8,6,64,4,14,14,commuting,0.9987158642956983,0.9987158642956983,0.0012841357043017476,0.03584059449422231,0.9999999999999996,0.9999999999966828,0.017015579343218415,0.0030408551933261366,0.39343693101545796,32,"[1, 2, 4, 8, 16, 31, 32, 30, 16, 8, 4, 2, 1]",6536,6.436323938693935e-13,6.751723088819456e-12,1e-12
b56b120283ca3440b4306fde478b0fa33c7b4806388d4afd8246a71b4399aae9,C,hybrid_tdvp,11,rzz,0.05,2,8,6,64,8,14,14,commuting,0.9987158627466012,0.9987158627466012,0.0012841372533988205,0.0358406160126209,0.9999999999999996,0.9999999999928683,0.017015578785841506,0.0030408554106712243,0.7861671259743161,32,"[1, 2, 4, 8, 16, 30, 32, 30, 16, 8, 4, 2, 1]",6440,8.265783246255121e-13,1.465183878027373e-11,1e-12
8fb48fb6623a83186421da59e8833a8b75d1fa635f4b9cd4aa348136b639e335,C,hybrid_tdvp,11,rzz,0.05,2,8,6,8,1,14,14,mixed,0.9531714621650446,0.9531714621650446,0.04682853783495544,0.21769242209623862,0.9999999999999996,1.0000000000000002,0.08480511433206225,0.016610854551302526,0.2934658720041625,8,"[1, 2, 4, 8, 8, 8, 8, 8, 8, 8, 4, 2, 1]",936,4.9771770047968934e-05,0.0006692011664832118,1e-12
033b38757ca0f25d6fcdac79749b91f8d0fb2b08b1bcbc47b29544d71384d5a7,C,hybrid_tdvp,11,rzz,0.05,2,8,6,8,2,14,14,mixed,0.9532456183589502,0.9532456183589502,0.046754381641049836,0.21751789844777203,0.9999999999999996,0.9999999999999998,0.08473181711209604,0.016597824026865313,0.05480735003948212,8,"[1, 2, 4, 8, 8, 8, 8, 8, 8, 8, 4, 2, 1]",936,2.5102877456272414e-05,0.0003349611849502472,1e-12
5815059abe469b10b90b6b1181448522e2e12b0a55d890935cad01812558ae22,C,hybrid_tdvp,11,rzz,0.05,2,8,6,8,4,14,14,mixed,0.9532794297301554,0.9532794297301554,0.04672057026984455,0.21743828049265418,0.9999999999999996,0.9999999999999997,0.08469966115166144,0.016592071415035374,0.12057462002849206,8,"[1, 2, 4, 8, 8, 8, 8, 8, 8, 8, 4, 2, 1]",936,1.2603791186668096e-05,0.00016759903421755936,1e-12
d829968c3d3b2ff2d319784b316bdd872015d50a9c6cd9c82060c9b23a4c799b,C,hybrid_tdvp,11,rzz,0.05,2,8,6,8,8,14,14,mixed,0.9532955572502141,0.9532955572502141,0.04670444274978591,0.21740029414142523,0.9999999999999996,1.0000000000000002,0.08468462367231022,0.016589369942146374,0.1613176940008998,8,"[1, 2, 4, 8, 8, 8, 8, 8, 8, 8, 4, 2, 1]",936,6.31481871445187e-06,8.383270974398252e-05,1e-12
c77ee94683ab2c646213fb88cab6f623f6e9c6a4f0dec961741b64693576e665,C,hybrid_tdvp,11,rzz,0.05,2,8,6,16,1,14,14,mixed,0.9474590100470822,0.9474590100470822,0.05254098995291778,0.23075934934761894,0.9999999999999996,1.0000000000000007,0.09005874437711023,0.017653761606334254,0.0690385969937779,16,"[1, 2, 4, 8, 16, 16, 16, 16, 16, 8, 4, 2, 1]",2728,3.6162623600886897e-06,5.550384095420563e-05,1e-12
27e9d8690c52c2abe63479f72b321d6af9db0dd41016c1d2caac4b344209d100,C,hybrid_tdvp,11,rzz,0.05,2,8,6,16,2,14,14,mixed,0.9476910158148507,0.9476910158148507,0.05230898418514929,0.23024235064213727,0.9999999999999996,0.999999999999999,0.08999317213633225,0.01761090325670072,0.08620300702750683,16,"[1, 2, 4, 8, 16, 16, 16, 16, 16, 8, 4, 2, 1]",2728,1.7617437817490476e-06,3.0600398772385445e-05,1e-12
f6d1e95f27c47dd38753da712a70080b9d01f557413988640c93e5e4e85cbb57,C,hybrid_tdvp,11,rzz,0.05,2,8,6,16,4,14,14,mixed,0.9478780649879956,0.9478780649879956,0.05212193501200435,0.2298247320529184,0.9999999999999996,1.0000000000000009,0.08997236253221028,0.017597711704641607,0.11201267299475148,16,"[1, 2, 4, 8, 16, 16, 16, 16, 16, 8, 4, 2, 1]",2728,9.034497746060774e-07,1.6839638022239173e-05,1e-12
1fd7ead1eaf4af3b84bc3533e04cf73c40a72d65939707a75dcf4116b523cc9e,C,hybrid_tdvp,11,rzz,0.05,2,8,6,16,8,14,14,mixed,0.947963021739361,0.947963021739361,0.05203697826063902,0.2296348146994046,0.9999999999999996,1.0,0.0899449580800879,0.01759034650299289,0.21851343801245093,16,"[1, 2, 4, 8, 16, 16, 16, 16, 16, 8, 4, 2, 1]",2728,4.6229723344484135e-07,8.797685723876892e-06,1e-12
d5f2eecc2dbe987a53542097f991e19a6c0332f555a6f64f8cd1cc061f9e399d,C,hybrid_tdvp,11,rzz,0.05,2,8,6,64,1,14,14,mixed,0.947305752020296,0.947305752020296,0.05269424797970401,0.23110026785811486,0.9999999999999996,0.9999999999991647,0.09001583000188496,0.01768204849256368,0.30043780396226794,52,"[1, 2, 4, 8, 16, 32, 52, 32, 16, 8, 4, 2, 1]",9384,9.718967108644977e-14,1.707926630264684e-12,1e-12
288e9ad6f830f4f0d2eef40b7547098c93ba4cbcec74d9a58b7a6b940bd1435a,C,hybrid_tdvp,11,rzz,0.05,2,8,6,64,2,14,14,mixed,0.9473057539373043,0.9473057539373043,0.05269424606269568,0.23110026359485222,0.9999999999999996,0.9999999999987249,0.09001583055694905,0.017682052639752015,0.6784904499654658,51,"[1, 2, 4, 8, 16, 32, 51, 32, 16, 8, 4, 2, 1]",9256,1.9862177468661947e-13,2.6368066645298904e-12,1e-12
f55cb8fffeb92fc68e0452f0e23468f54950a1d2eef064320581e5f36a4d950e,C,hybrid_tdvp,11,rzz,0.05,2,8,6,64,4,14,14,mixed,0.9473057487755665,0.9473057487755665,0.0526942512244335,0.23110027506443398,0.9999999999999996,0.9999999999976698,0.09001583086273432,0.01768205537516653,1.2239752220339142,51,"[1, 2, 4, 8, 16, 32, 51, 32, 16, 8, 4, 2, 1]",9256,3.1552567219597616e-13,4.889187085693412e-12,1e-12
42ecef5d4245267dcecbc33cd0abaa5b26de649a333dcc037a079408a87ccc62,C,hybrid_tdvp,11,rzz,0.05,2,8,6,64,8,14,14,mixed,0.9473057468966055,0.9473057468966055,0.052694253103394484,0.23110027923600085,0.9999999999999996,0.999999999996464,0.09001583171675825,0.01768205808030182,1.849129798996728,52,"[1, 2, 4, 8, 16, 32, 52, 32, 16, 8, 4, 2, 1]",9384,2.0154880088187599e-13,7.494574581307512e-12,1e-12
6434c042b46427680dbd72569bfafa730f26294b9a99542333438f0094bcdc29,C,hybrid_tdvp,11,rzz,0.05,3,9,6,8,1,15,15,commuting,0.9844397701574492,0.9844397701574492,0.015560229842550788,0.12498494146462198,0.9999999999999996,1.0000000000000013,0.015892426368459917,0.0038564016578477587,0.017239816952496767,8,"[1, 2, 4, 8, 8, 8, 8, 8, 8, 8, 4, 2, 1]",936,3.733386879901079e-05,0.0007462444805893406,1e-12
88dab1ff41f92de6fefd7c673e25e7b820c2deace007921b1c6bcff9f87555ee,C,hybrid_tdvp,11,rzz,0.05,3,9,6,8,2,15,15,commuting,0.9842757757538124,0.9842757757538124,0.01572422424618758,0.12564445018252024,0.9999999999999996,0.9999999999999993,0.01535427097867191,0.0038694169778335247,0.052745234046597034,8,"[1, 2, 4, 8, 8, 8, 8, 8, 8, 8, 4, 2, 1]",936,1.8811316944543568e-05,0.0003747577635108719,1e-12
29c7a5fc2190ed5d5172165b35eafde9aa3f59d2fe30fff54638d91d96f948e6,C,hybrid_tdvp,11,rzz,0.05,3,9,6,8,4,15,15,commuting,0.9841939644423964,0.9841939644423964,0.015806035557603626,0.1259721865439111,0.9999999999999996,0.9999999999999999,0.015086930535645478,0.0038765114255625444,0.05331139802001417,8,"[1, 2, 4, 8, 8, 8, 8, 8, 8, 8, 4, 2, 1]",936,9.441480443346273e-06,0.00018776680852788222,1e-12
78d2cee37f4cb90adf9b09c95d7a372e472d3e98591fc9c5591a1ffcf1dd7946,C,hybrid_tdvp,11,rzz,0.05,3,9,6,8,8,15,15,commuting,0.98415308868698,0.98415308868698,0.015846911313019962,0.12613562101312037,0.9999999999999996,0.9999999999999997,0.014953788217089398,0.003880209294223859,0.1329701989889145,8,"[1, 2, 4, 8, 8, 8, 8, 8, 8, 8, 4, 2, 1]",936,4.729659547087301e-06,9.397790831556989e-05,1e-12
1ded0ae2599e43856c25309d13a2e811e83cd8d9b072b9def74559d76b6bb7ce,C,hybrid_tdvp,11,rzz,0.05,3,9,6,16,1,15,15,commuting,0.9997654930048598,0.9997654930048598,0.00023450699514016016,0.015314070168833667,0.9999999999999996,1.0,0.0005391190304034218,0.00012467210415834383,0.13407369703054428,16,"[1, 2, 4, 8, 16, 16, 16, 16, 16, 8, 4, 2, 1]",2728,2.483321255466097e-06,2.1454550937252855e-05,1e-12
a08d957d0592ddb4de5f22a47c62fc4c8020f344924442c39dab17f671d6a5b9,C,hybrid_tdvp,11,rzz,0.05,3,9,6,16,2,15,15,commuting,0.999740025052801,0.999740025052801,0.00025997494719898206,0.016124262654147757,0.9999999999999996,1.0000000000000007,0.0005719833209417713,0.00015049063734323584,0.09733909397618845,16,"[1, 2, 4, 8, 16, 16, 16, 16, 16, 8, 4, 2, 1]",2728,1.4217356360911524e-06,1.27284782809387e-05,1e-12
b9333bfd9610db484e5183a94bc1d630c1affcbc9bebc9611557ab1e4c23193d,C,hybrid_tdvp,11,rzz,0.05,3,9,6,16,4,15,15,commuting,0.9997327599673015,0.9997327599673015,0.0002672400326985125,0.01634802402108954,0.9999999999999996,1.0000000000000004,0.0005373818346966486,0.0001528438628916015,0.07179593900218606,16,"[1, 2, 4, 8, 16, 16, 16, 16, 16, 8, 4, 2, 1]",2728,7.125147691332029e-07,6.867921863842413e-06,1e-12
b798c76227f3598b0c4d8cbb04b593d9670b8aa9be9ba13f99b7b663d438fa68,C,hybrid_tdvp,11,rzz,0.05,3,9,6,16,8,15,15,commuting,0.9997452828258285,0.9997452828258285,0.00025471717417147044,0.015960369558624503,0.9999999999999996,1.0,0.0006629281098804321,0.0001438164453454304,0.1286050479975529,16,"[1, 2, 4, 8, 16, 16, 16, 16, 16, 8, 4, 2, 1]",2728,3.2889020562630604e-07,3.3182826247143657e-06,1e-12
63cf1228094a72d7bfe659ff3afd7c4bbe6df5077e88e3aa6c6400c351120bfb,C,hybrid_tdvp,11,rzz,0.05,3,9,6,64,1,15,15,commuting,0.9999999999841758,0.9999999999841758,1.582423081458728e-11,3.8530143829468914e-06,0.9999999999999996,0.9999999999995103,4.3042575544570416e-08,9.049492401903288e-09,0.2021376909688115,32,"[1, 2, 4, 8, 16, 32, 32, 32, 16, 8, 4, 2, 1]",6824,1.2314877009590916e-19,9.785156424019653e-13,1e-12
83e366ee57f8afe7b491b7d893f28404f69be38c2c8e189a0531be8d1ed83adb,C,hybrid_tdvp,11,rzz,0.05,3,9,6,64,2,15,15,commuting,0.999999999860675,0.999999999860675,1.3932499598467984e-10,1.1654856648548175e-05,0.9999999999999996,0.9999999999982556,1.9879253165822064e-07,3.481172893547097e-08,0.22923337400425225,32,"[1, 2, 4, 8, 16, 31, 32, 32, 16, 8, 4, 2, 1]",6728,2.901633028692998e-13,3.558907352439709e-12,1e-12
7dc664a8708274d3971835a3c4b15d3a2d67a8b72ae0d607a3cddcd61f189f80,C,hybrid_tdvp,11,rzz,0.05,3,9,6,64,4,15,15,commuting,0.9999999997109565,0.9999999997109565,2.8904345583669055e-10,1.67924699369775e-05,0.9999999999999996,0.9999999999964713,1.2335628156445733e-07,2.5778763575354527e-08,0.3026582580059767,32,"[1, 2, 4, 8, 16, 31, 32, 31, 16, 8, 4, 2, 1]",6632,4.4152706852619207e-13,7.193250157345647e-12,1e-12
b5395b6e96ebf2f12fec7da6a02d382dbed9aa9c7d05bdd2a81935ed5c8f4155,C,hybrid_tdvp,11,rzz,0.05,3,9,6,64,8,15,15,commuting,0.9999999988152679,0.9999999988152679,1.1847320902091951e-09,3.419415252118527e-05,0.9999999999999996,0.9999999999922531,1.9267331876487992e-07,3.275957910775756e-08,0.274359135015402,32,"[1, 2, 4, 8, 16, 30, 32, 30, 16, 8, 4, 2, 1]",6440,1.2032327842937378e-12,1.585507156456747e-11,1e-12
b171d3879fef21b975c01744c06047ccb874a9413db247e0354e2a819de60920,C,hybrid_tdvp,11,ryy,0.05,3,9,6,8,1,15,15,mixed,0.9437286005632202,0.9437286005632202,0.056271399436779834,0.2389269873645664,0.9999999999999996,1.0000000000000004,0.08468895590966491,0.018159763197963204,0.21979185903910547,8,"[1, 2, 4, 8, 8, 8, 8, 8, 8, 8, 4, 2, 1]",936,4.3920818004723066e-05,0.0007131219844879348,1e-12
41d8aa3d7772a18553fa3384efc36435aea26ad2ebf7879d2a26ea9cf5206c80,C,hybrid_tdvp,11,ryy,0.05,3,9,6,8,2,15,15,mixed,0.9438141072898032,0.9438141072898032,0.056185892710196805,0.23874272392167292,0.9999999999999996,1.0000000000000009,0.08460763552356503,0.018147003440107987,0.13359436800237745,8,"[1, 2, 4, 8, 8, 8, 8, 8, 8, 8, 4, 2, 1]",936,2.2047365025221777e-05,0.00035700854997546905,1e-12
23c95fe891e47c01bcf183230bfb034679365762b349de672eb79624a713853a,C,hybrid_tdvp,11,ryy,0.05,3,9,6,8,4,15,15,mixed,0.9438534732683742,0.9438534732683742,0.05614652673162579,0.2386578468559659,0.9999999999999996,1.0,0.08457175776710027,0.018141339130827296,0.06939368299208581,8,"[1, 2, 4, 8, 8, 8, 8, 8, 8, 8, 4, 2, 1]",936,1.1044722206142996e-05,0.00017864375642370232,1e-12
d6563146aa7ee88b46b5ba42169fe0387991ead8de8836fed6c062bf25559e45,C,hybrid_tdvp,11,ryy,0.05,3,9,6,8,8,15,15,mixed,0.9438723479516059,0.9438723479516059,0.056127652048394094,0.2386171410333178,0.9999999999999996,1.0000000000000007,0.08455493096234477,0.0181386714474567,0.14943632000358775,8,"[1, 2, 4, 8, 8, 8, 8, 8, 8, 8, 4, 2, 1]",936,5.527552086521772e-06,8.936026183050427e-05,1e-12
9d1076a6f56472dad6bf7bcf5e79efce664d696153668fcdcf19460224b824cc,C,hybrid_tdvp,11,ryy,0.05,3,9,6,16,1,15,15,mixed,0.9363152160927763,0.9363152160927763,0.06368478390722365,0.25442553586089245,0.9999999999999996,1.0000000000000009,0.09008040146363565,0.019182547431796742,0.0453939059516415,16,"[1, 2, 4, 8, 16, 16, 16, 16, 16, 8, 4, 2, 1]",2728,4.964234520998019e-06,6.046807547520364e-05,1e-12
3a467cd7270e09c4ba1e0697dba02b95d85b9ebd729fb4cd088bf68e50b53916,C,hybrid_tdvp,11,ryy,0.05,3,9,6,16,2,15,15,mixed,0.9365912097140094,0.9365912097140094,0.06340879028599056,0.2538644304365334,0.9999999999999996,0.9999999999999997,0.09001244001704112,0.019132965849937893,0.05288138799369335,16,"[1, 2, 4, 8, 16, 16, 16, 16, 16, 8, 4, 2, 1]",2728,2.3215423343673804e-06,3.292194110675283e-05,1e-12
6a5078155534967bee747ef106f2f4753ade2003f6673d6da0396070483d8cd0,C,hybrid_tdvp,11,ryy,0.05,3,9,6,16,4,15,15,mixed,0.9368177577447303,0.9368177577447303,0.0631822422552697,0.2534029832227252,0.9999999999999996,1.000000000000001,0.08999345136936049,0.019111724399489525,0.11249033996136859,16,"[1, 2, 4, 8, 16, 16, 16, 16, 16, 8, 4, 2, 1]",2728,1.1782080559364285e-06,1.8017846078175603e-05,1e-12
0b6c776422daa0c831027b5f5e2c1cd7bfab0c095f8da1c4e48e8e4334007d62,C,hybrid_tdvp,11,ryy,0.05,3,9,6,16,8,15,15,mixed,0.9369140831384911,0.9369140831384911,0.06308591686150888,0.2532054533189101,0.9999999999999996,0.9999997238917052,0.0899674689492857,0.019101633372532192,0.2501341329771094,16,"[1, 2, 4, 8, 16, 16, 16, 16, 16, 8, 4, 2, 1]",2728,5.973123514525503e-07,9.394998075329437e-06,1e-12
0b4f7ec828467613cfaaac95c4b68e6b1354e4b0629055da111c56de988134a8,C,hybrid_tdvp,11,ryy,0.05,3,9,6,64,1,15,15,mixed,0.936094992188548,0.936094992188548,0.06390500781145203,0.2548724324183184,0.9999999999999996,0.999999999999117,0.0900158300019039,0.019220608137133735,0.36591879499610513,56,"[1, 2, 4, 8, 16, 32, 56, 32, 16, 8, 4, 2, 1]",9896,1.0888568916974554e-13,1.8168123194344295e-12,1e-12
216f30c052759ddb18c6d779efef1ed71411e24e6a7dfb35e8eae37c0dd27333,C,hybrid_tdvp,11,ryy,0.05,3,9,6,64,2,15,15,mixed,0.9360949945187188,0.9360949945187188,0.0639050054812812,0.25487242769168217,0.9999999999999996,0.9999999999986259,0.09001583055692346,0.019220611913422628,0.5252781030139886,54,"[1, 2, 4, 8, 16, 32, 54, 32, 16, 8, 4, 2, 1]",9640,2.0108299680467973e-13,2.8378896613345703e-12,1e-12
fa6a74f84050f481bf38db2af670d3a1406ceee23c7340446647b0084b1c7391,C,hybrid_tdvp,11,ryy,0.05,3,9,6,64,4,15,15,mixed,0.9360949890280351,0.9360949890280351,0.06390501097196488,0.25487243882043603,0.9999999999999996,0.9999999999975338,0.09001583086271749,0.019220614538253494,1.2877153959707357,53,"[1, 2, 4, 8, 16, 32, 53, 32, 16, 8, 4, 2, 1]",9512,2.9800966709313625e-13,5.187196752786548e-12,1e-12
600e66e30f5d14248c838432cd48c695dbee9d56c800c37b5b269f96f63b2dbd,C,hybrid_tdvp,11,ryy,0.05,3,9,6,64,8,15,15,mixed,0.9360949882291509,0.9360949882291509,0.06390501177084906,0.2548724404356743,0.9999999999999996,0.9999999999963631,0.09001583171666591,0.019220616954719362,1.9255735180340707,53,"[1, 2, 4, 8, 16, 32, 53, 32, 16, 8, 4, 2, 1]",9512,2.298323714209342e-13,7.724406952728445e-12,1e-12
02e25c106036c21a22b078440aa2e6eab0871e1277aba336a87b1921900bd7fb,C,hybrid_tdvp,11,rzz,0.05,2,9,7,8,1,16,16,commuting,0.9827293270435997,0.9827293270435997,0.01727067295640028,0.13170380767851234,0.9999999999999996,0.9999999999999994,0.015972078875242886,0.004056432990942908,0.031785384053364396,8,"[1, 2, 4, 8, 8, 8, 8, 8, 8, 8, 4, 2, 1]",936,4.3333156043823526e-05,0.0007895776366331641,1e-12
de8109c1738598571a7e963ff15aeb3102f7d11acdb337538429c8ed97dac8b6,C,hybrid_tdvp,11,rzz,0.05,2,9,7,8,2,16,16,commuting,0.9825254702124477,0.9825254702124477,0.017474529787552262,0.13248224017357965,0.9999999999999996,1.0,0.015893543282882838,0.004074686032921324,0.06076625199057162,8,"[1, 2, 4, 8, 8, 8, 8, 8, 8, 8, 4, 2, 1]",936,2.208813695329484e-05,0.00039684590046416666,1e-12
a22c36405ed6b0e1b80de9d9fb454898c6ad13ab3d2b0f658566d1e2afe8c34a,C,hybrid_tdvp,11,rzz,0.05,2,9,7,8,4,16,16,commuting,0.9824235420698411,0.9824235420698411,0.01757645793015894,0.13286977530137603,0.9999999999999996,0.9999999999999993,0.01604959968705222,0.0040844882713735,0.20371975901070982,8,"[1, 2, 4, 8, 8, 8, 8, 8, 8, 8, 4, 2, 1]",936,1.1148270400192165e-05,0.0001989150789280744,1e-12
21cca6f016a60d844f8ec1f58f3b8cc2e23c29ea7e2f24055ccb8b3f1cb3277a,C,hybrid_tdvp,11,rzz,0.05,2,9,7,8,8,16,16,commuting,0.9823725584876012,0.9823725584876012,0.01762744151239881,0.1330632011035472,0.9999999999999996,1.0000000000000004,0.016126645133421214,0.0040895632275258385,0.8769342810264789,8,"[1, 2, 4, 8, 8, 8, 8, 8, 8, 8, 4, 2, 1]",936,5.60004541536255e-06,9.957795373093247e-05,1e-12
7860309dad0a20f2898aa2bcc6a578102a9c41ec2e6b15436ac00517daebd9a5,C,hybrid_tdvp,11,rzz,0.05,2,9,7,16,1,16,16,commuting,0.9997724179496085,0.9997724179496085,0.00022758205039152823,0.015086252028323125,0.9999999999999996,0.9999999999999989,0.0005331534981117938,0.0001200905559091695,0.09560780599713326,16,"[1, 2, 4, 8, 16, 16, 16, 16, 16, 8, 4, 2, 1]",2728,7.768430518650706e-07,2.2231393989117923e-05,1e-12
609be6acb7c44222c95b864a7e9458a5eeb439279d40bc8b81dfcc9eecf72d51,C,hybrid_tdvp,11,rzz,0.05,2,9,7,16,2,16,16,commuting,0.9997497267761535,0.9997497267761535,0.00025027322384651995,0.015807641647493282,0.9999999999999996,0.9999997963247181,0.0004938521859414458,0.0001439182579603457,0.10154975001933053,16,"[1, 2, 4, 8, 16, 16, 16, 16, 16, 8, 4, 2, 1]",2728,4.1474979417145686e-07,1.3143228075110157e-05,1e-12
c38d227481a11b93734c5255108b7d853a77ac9f4bba1d408355b8f136ba4298,C,hybrid_tdvp,11,rzz,0.05,2,9,7,16,4,16,16,commuting,0.9997428647986296,0.9997428647986296,0.00025713520137038426,0.016029326957127377,0.9999999999999996,0.999999893794782,0.0004902762311467801,0.00014627885239860454,0.09810422902228311,16,"[1, 2, 4, 8, 16, 16, 16, 16, 16, 8, 4, 2, 1]",2728,2.1643937332651834e-07,7.084361237168931e-06,1e-12
52716ac42fc17eb152c68badeee0ebc0ae69e4bb145f2af3ea13f338b10fd728,C,hybrid_tdvp,11,rzz,0.05,2,9,7,16,8,16,16,commuting,0.9997536902043748,0.9997536902043748,0.0002463097956252325,0.015691429753782665,0.9999999999999996,0.999999948001546,0.0006644933226638968,0.00013914042171590308,0.13720118801575154,16,"[1, 2, 4, 8, 16, 16, 16, 16, 16, 8, 4, 2, 1]",2728,1.0606444356054684e-07,3.4243470682749126e-06,1e-12
28f399c226d7ef9ebe5143ce3e5603e9268170fdc23da1380a404a889b3ea267,C,hybrid_tdvp,11,rzz,0.05,2,9,7,64,1,16,16,commuting,0.9999999999841653,0.9999999999841653,1.5834666911018758e-11,3.853014395164692e-06,0.9999999999999996,0.9999999999995048,4.304258691047863e-08,9.061218375881388e-09,0.23637092695571482,32,"[1, 2, 4, 8, 16, 32, 32, 32, 16, 8, 4, 2, 1]",6824,5.421817396932254e-21,9.785156478237828e-13,1e-12
02157540fdbe6ad8e322dfa60f0d4fc45f6705c73ac65c1998e3bd2f232773bb,C,hybrid_tdvp,11,rzz,0.05,2,9,7,64,2,16,16,commuting,0.9999999998607161,0.9999999998607161,1.3928391773276871e-10,1.1653713557720738e-05,0.9999999999999996,0.9999999999982628,2.4496394122885956e-07,3.913241296100355e-08,0.1465085240197368,32,"[1, 2, 4, 8, 16, 31, 32, 32, 16, 8, 4, 2, 1]",6728,3.676284173195006e-18,3.5589110287238823e-12,1e-12
e0251499036302c8955f5c84727f3a4006b0297beae0be34c4bc1c9b4bbd6fb0,C,hybrid_tdvp,11,rzz,0.05,2,9,7,64,4,16,16,commuting,0.9999999997112101,0.9999999997112101,2.8878988089786617e-10,1.6785482672558473e-05,0.9999999999999996,0.9999999999964816,1.4724421978917768e-07,2.752966501048661e-08,0.3365200710250065,32,"[1, 2, 4, 8, 16, 31, 32, 31, 16, 8, 4, 2, 1]",6632,8.69309511886178e-17,7.193337088296837e-12,1e-12
281e0480bdcf40a15035939c71845aeb3d1fe2bb52620c25368037f4a6c5b4b6,C,hybrid_tdvp,11,rzz,0.05,2,9,7,64,8,16,16,commuting,0.9999999988092823,0.9999999988092823,1.1907177466241592e-09,3.428231860978963e-05,0.9999999999999996,0.9999999999922795,1.926233506449604e-07,3.296115921428156e-08,0.6782724229851738,32,"[1, 2, 4, 8, 16, 30, 32, 30, 16, 8, 4, 2, 1]",6440,5.5218296325240284e-15,1.58605933942e-11,1e-12
e8a964cf3f62a80ca98d8eba5d0201a6f54b8ccedea7464170fc6e8b03efc476,C,hybrid_tdvp,11,rxx,0.05,2,9,7,8,1,16,16,mixed,0.9413463001455289,0.9413463001455289,0.05865369985447111,0.24400809680175958,0.9999999999999996,0.9999999999999999,0.08503573254277827,0.01820989004175337,0.37827954901149496,8,"[1, 2, 4, 8, 8, 8, 8, 8, 8, 8, 4, 2, 1]",936,4.252894538407785e-05,0.0007556509298720127,1e-12
a5cbfb826e0f6988593c7c3e3fa413ca349190d5298518523a0564b452a6f38b,C,hybrid_tdvp,11,rxx,0.05,2,9,7,8,2,16,16,mixed,0.9414102702933396,0.9414102702933396,0.05858972970666043,0.24387295761147784,0.9999999999999996,1.0000000000000002,0.08493029099441624,0.018197191020522408,0.037536247982643545,8,"[1, 2, 4, 8, 8, 8, 8, 8, 8, 8, 4, 2, 1]",936,2.1233445364589488e-05,0.00037824199534005856,1e-12
cff28226626c56fa5e88d9fc474fa6d5d30114132ddfecde52d9bf39abbd04df,C,hybrid_tdvp,11,rxx,0.05,2,9,7,8,4,16,16,mixed,0.9414392145188595,0.9414392145188595,0.05856078548114052,0.24381178881197493,0.9999999999999996,0.9999999999999999,0.08488301167295913,0.018191624807213244,0.08671895699808374,8,"[1, 2, 4, 8, 8, 8, 8, 8, 8, 8, 4, 2, 1]",936,1.0609243500759401e-05,0.00018925299992446175,1e-12
0bc21909353c1db901b4b782ab85f408194fb8043b8af511d91f44d2392879d9,C,hybrid_tdvp,11,rxx,0.05,2,9,7,8,8,16,16,mixed,0.9414529589277886,0.9414529589277886,0.058547041072211425,0.24378273724787078,0.9999999999999996,0.9999999999999999,0.0848606425953714,0.018189021679012353,0.19112556101754308,8,"[1, 2, 4, 8, 8, 8, 8, 8, 8, 8, 4, 2, 1]",936,5.302805085920999e-06,9.46630669164253e-05,1e-12
37d212da4cc68d0208ccc8ebe7831a7937a80f6fff11deef958af338ca0b62e5,C,hybrid_tdvp,11,rxx,0.05,2,9,7,16,1,16,16,mixed,0.9362489925120141,0.9362489925120141,0.0637510074879859,0.25455999918961164,0.9999999999999996,0.9999999999999998,0.09096227149791208,0.019203002007327705,0.0604700319818221,16,"[1, 2, 4, 8, 16, 16, 16, 16, 16, 8, 4, 2, 1]",2728,3.37799712333879e-06,6.384607259854241e-05,1e-12
15cbba1aa82b372e0d13cfa5e04aff330c7f2566a5a080ee20871d80c2b722ab,C,hybrid_tdvp,11,rxx,0.05,2,9,7,16,2,16,16,mixed,0.9365232886350782,0.9365232886350782,0.06347671136492183,0.25400262385834127,0.9999999999999996,0.9999999999999997,0.09087639651211038,0.019144859947519924,0.07666236103978008,16,"[1, 2, 4, 8, 16, 16, 16, 16, 16, 8, 4, 2, 1]",2728,1.763339728835729e-06,3.468528083558855e-05,1e-12
64d59add5d4d829eb71e037ebaf424c7933375915b8478a974d80f9208a4c5e7,C,hybrid_tdvp,11,rxx,0.05,2,9,7,16,4,16,16,mixed,0.9367535905785156,0.9367535905785156,0.0632464094214844,0.2535337625103446,0.9999999999999996,0.9999999999999994,0.09084678023920309,0.019121698968704953,0.1277188989915885,16,"[1, 2, 4, 8, 16, 16, 16, 16, 16, 8, 4, 2, 1]",2728,8.598653284042616e-07,1.8877711406579868e-05,1e-12
660fb10212b52c72c16d1771b9badcdff1e6e6b65f13b84a1346461b26677970,C,hybrid_tdvp,11,rxx,0.05,2,9,7,16,8,16,16,mixed,0.936852472344457,0.936852472344457,0.06314752765554299,0.25333220502195325,0.9999999999999996,1.0000000000000009,0.09081904162002413,0.019111591311222063,0.31592929898761213,16,"[1, 2, 4, 8, 16, 16, 16, 16, 16, 8, 4, 2, 1]",2728,4.2077269009110495e-07,9.81577076542054e-06,1e-12
f82f9d58e0f11a4fbd87fd7335775f1ff774458b6bbb489649eea3001ccb9aca,C,hybrid_tdvp,11,rxx,0.05,2,9,7,64,1,16,16,mixed,0.9360949922009618,0.9360949922009618,0.06390500779903818,0.2548724323928447,0.9999999999999996,0.9999999999990409,0.09088056224884271,0.019241354771862798,0.28391241299686953,51,"[1, 2, 4, 8, 16, 32, 51, 32, 16, 8, 4, 2, 1]",9256,1.5247248074644312e-13,1.9692848001808725e-12,1e-12
7961a324c2e7307f6da64ac3ae551b7b6340ad0742e14e6111acae518b336396,C,hybrid_tdvp,11,rxx,0.05,2,9,7,64,2,16,16,mixed,0.9360949944706146,0.9360949944706146,0.06390500552938538,0.25487242778888736,0.9999999999999996,0.9999999999985405,0.0908805632745966,0.019241359496044712,0.6345635170000605,51,"[1, 2, 4, 8, 16, 32, 51, 32, 16, 8, 4, 2, 1]",9256,1.8301406019235627e-13,3.0209037215269266e-12,1e-12
da5b82849ad18a552e013bd083a5779ff90c2e0d5f331180c958470e87d8a37e,C,hybrid_tdvp,11,rxx,0.05,2,9,7,64,4,16,16,mixed,0.9360949890084788,0.9360949890084788,0.06390501099152124,0.2548724388594495,0.9999999999999996,0.9999999999973711,0.09088056382649762,0.019241362614042884,1.1067541859811172,53,"[1, 2, 4, 8, 16, 32, 53, 32, 16, 8, 4, 2, 1]",9512,3.514721710291677e-13,5.5386689238157165e-12,1e-12
de467a440c3d688dc329b7e86a228b6d41b01e826617ca696033169494a8caf4,C,hybrid_tdvp,11,rxx,0.05,2,9,7,64,8,16,16,mixed,0.9360949881527795,0.9360949881527795,0.06390501184722053,0.2548724405900891,0.9999999999999996,0.999999999996251,0.09088056513638818,0.019241365325143575,2.1273682250175625,53,"[1, 2, 4, 8, 16, 32, 53, 32, 16, 8, 4, 2, 1]",9512,2.622497232879037e-13,7.986656676016348e-12,1e-12
b7b0f5950fa41a993705ae21ee44c60edaeea7ccacb21f16c553aba5289f132b,C,hybrid_tdvp,11,rzz,0.05,2,8,6,8,1,17,17,commuting,0.9803353150538784,0.9803353150538784,0.019664684946121613,0.14057852713594907,0.9999999999999996,1.0,0.02491244633412726,0.005598930584154173,0.016379814012907445,8,"[1, 2, 4, 8, 8, 8, 8, 8, 8, 8, 4, 2, 1]",936,4.361324793024771e-05,0.0008331908845634119,1e-12
e3023f9ce85d28b39e57760ff095c49f8c41a6fdbeca0ce370d64bb1d5d92bf7,C,hybrid_tdvp,11,rzz,0.05,2,8,6,8,2,17,17,commuting,0.9801273506986448,0.9801273506986448,0.01987264930135524,0.1413236470814754,0.9999999999999996,1.0000000000000002,0.025218034265581224,0.005615049773813248,0.09879413398448378,8,"[1, 2, 4, 8, 8, 8, 8, 8, 8, 8, 4, 2, 1]",936,2.208802387422983e-05,0.00041893392433839654,1e-12
2b4d767dab4a162a11948b6b09b1144ca4623d8d2acd9ff043e5b19ae3b4e9c8,C,hybrid_tdvp,11,rzz,0.05,2,8,6,8,4,17,17,commuting,0.9800226561335206,0.9800226561335206,0.019977343866479425,0.14169730646351017,0.9999999999999996,0.9999999999999998,0.025366865734523403,0.005623748422316322,0.18051090999506414,8,"[1, 2, 4, 8, 8, 8, 8, 8, 8, 8, 4, 2, 1]",936,1.1111680446849153e-05,0.0002100267593749235,1e-12
09e1e92cce84307c0724bdfaf45b855d1655a0af89c343c3be0e6970b37e6931,C,hybrid_tdvp,11,rzz,0.05,2,8,6,8,8,17,17,commuting,0.9799701237981119,0.9799701237981119,0.02002987620188812,0.14188443335701867,0.9999999999999996,1.0000000000000002,0.0254403494536537,0.005628263754708829,0.22111622599186376,8,"[1, 2, 4, 8, 8, 8, 8, 8, 8, 8, 4, 2, 1]",936,5.572450547727898e-06,0.00010515040427866037,1e-12
a0bda88dea8f68e47bcbc600cf91848b8f6061edb7f2aae23f137d1ab845aa44,C,hybrid_tdvp,11,rzz,0.05,2,8,6,16,1,17,17,commuting,0.9984218027604592,0.9984218027604592,0.0015781972395407795,0.039734373129709774,0.9999999999999996,0.9999999999999998,0.01662446982057443,0.0030899228733491653,0.09606415702728555,16,"[1, 2, 4, 8, 16, 16, 16, 16, 16, 8, 4, 2, 1]",2728,1.5169441265681554e-06,2.3748338115686078e-05,1e-12
29287f21038811ad2d3b448be29790b0b763a1fe05afc2ea92650ac061cb9c0b,C,hybrid_tdvp,11,rzz,0.05,2,8,6,16,2,17,17,commuting,0.9983770060516808,0.9983770060516808,0.001622993948319218,0.0402945779304751,0.9999999999999996,0.9999999999999999,0.016622652942229782,0.0030913455212332485,0.036126611987128854,16,"[1, 2, 4, 8, 16, 16, 16, 16, 16, 8, 4, 2, 1]",2728,8.205798770280275e-07,1.3963807952138187e-05,1e-12
20d0fb4bc931518f0fcea8f97ddf9a88abfb92f06b0b3da57777d82e58269414,C,hybrid_tdvp,11,rzz,0.05,2,8,6,16,4,17,17,commuting,0.9983620881583166,0.9983620881583166,0.0016379118416833816,0.04047165881780883,0.9999999999999996,0.9999996860435275,0.01662818037211279,0.0030891787352916003,0.07613165897782892,16,"[1, 2, 4, 8, 16, 16, 16, 16, 16, 8, 4, 2, 1]",2728,4.2241449795882916e-07,7.50677573512776e-06,1e-12
08a39ee13e63ad3afde41088db135fb55014d79c6cc5001ccfb8ccd1622ecf71,C,hybrid_tdvp,11,rzz,0.05,2,8,6,16,8,17,17,commuting,0.998376567844703,0.998376567844703,0.0016234321552970332,0.04029629126013709,0.9999999999999996,0.999999849757822,0.016648074949420125,0.0030910771138110754,0.17455425899242982,16,"[1, 2, 4, 8, 16, 16, 16, 16, 16, 8, 4, 2, 1]",2728,2.0159897819439557e-07,3.625946046469308e-06,1e-12
50afc82dd38fb4c639fffb006b51838a35b347f4d63ab619da566ffb3bb4538c,C,hybrid_tdvp,11,rzz,0.05,2,8,6,64,1,17,17,commuting,0.9987158627196063,0.9987158627196063,0.0012841372803936713,0.03584061657467465,0.9999999999999996,0.9999999999995067,0.016602745155968573,0.0030960211800212726,0.187720576999709,32,"[1, 2, 4, 8, 16, 32, 32, 32, 16, 8, 4, 2, 1]",6824,5.982772686500196e-20,9.785157076515096e-13,1e-12
1d3760b8c62888f58c820e6f72ddae82f205aa97ae43e02183d7e9c76c47adc3,C,hybrid_tdvp,11,rzz,0.05,2,8,6,64,2,17,17,commuting,0.9987158670919687,0.9987158670919687,0.0012841329080313102,0.03584055549940631,0.9999999999999996,0.9999999999981192,0.016602748999235625,0.003096019023338506,0.13364499696763232,32,"[1, 2, 4, 8, 16, 31, 32, 32, 16, 8, 4, 2, 1]",6728,2.924315465785857e-13,3.851342575302469e-12,1e-12
c96619e08dcabae3222447f7ef9700c28901a8307384bf18f091a4479d6d1a84,C,hybrid_tdvp,11,rzz,0.05,2,8,6,64,4,17,17,commuting,0.9987158642257292,0.9987158642257292,0.0012841357742707782,0.035840595459452965,0.9999999999999996,0.9999999999962698,0.01660274789790439,0.00309601973433422,0.22892131400294602,32,"[1, 2, 4, 8, 16, 31, 32, 31, 16, 8, 4, 2, 1]",6632,4.448417569647779e-13,7.638178845261618e-12,1e-12
2580cfd37fed3fd0d4a902354a910fac147a468c889491ee0b1bc459bcb557ae,C,hybrid_tdvp,11,rzz,0.05,2,8,6,64,8,17,17,commuting,0.9987158623531998,0.9987158623531998,0.001284137646800243,0.03584062147100781,0.9999999999999996,0.9999999999916731,0.016602747480047753,0.003096018944270813,0.6344142209854908,32,"[1, 2, 4, 8, 16, 30, 32, 30, 16, 8, 4, 2, 1]",6440,1.2672887853826788e-12,1.7127882179582674e-11,1e-12
462c3f7e6a4eaf86e602a967f073fde12634243fb5a170f748ffa60f466eb0b5,C,hybrid_tdvp,11,rzz,0.05,2,8,6,8,1,17,17,mixed,0.9310841605820066,0.9310841605820066,0.0689158394179934,0.26485081291577167,0.9999999999999996,0.9999999999999999,0.10197242583332602,0.020389666017548738,0.32775301905348897,8,"[1, 2, 4, 8, 8, 8, 8, 8, 8, 8, 4, 2, 1]",936,4.6871318647880264e-05,0.000802522248519893,1e-12
480b0b25108bb94afa8b6a13482f50b4df070b8b323cfca973f4892dd862102d,C,hybrid_tdvp,11,rzz,0.05,2,8,6,8,2,17,17,mixed,0.9311920934504828,0.9311920934504828,0.06880790654951718,0.26463956686891427,0.9999999999999996,1.0000000000000007,0.10183718917522332,0.020367055212416215,0.03755844198167324,8,"[1, 2, 4, 8, 8, 8, 8, 8, 8, 8, 4, 2, 1]",936,2.3696689557728508e-05,0.00040193868489778715,1e-12
e3d548ac10772ca6f60c66ba5ea375f18fd866d96be5bb2bf481f8f1e9d66b38,C,hybrid_tdvp,11,rzz,0.05,2,8,6,8,4,17,17,mixed,0.9312416302076608,0.9312416302076608,0.06875836979233918,0.26454256122810305,0.9999999999999996,0.9999999999999993,0.1017757952301186,0.020356887789595567,0.11384138400899246,8,"[1, 2, 4, 8, 8, 8, 8, 8, 8, 8, 4, 2, 1]",936,1.191149725596261e-05,0.00020116449718042434,1e-12
427fe6e08419990771474c41aa8b0ae1a822b886bfd097a3c85c949f1276e508,C,hybrid_tdvp,11,rzz,0.05,2,8,6,8,8,17,17,mixed,0.9312653394694657,0.9312653394694657,0.06873466053053434,0.2644961207535343,0.9999999999999996,1.0000000000000004,0.10174656715684549,0.020352069621681762,0.13840289501240477,8,"[1, 2, 4, 8, 8, 8, 8, 8, 8, 8, 4, 2, 1]",936,5.971332800475852e-06,0.00010063439971690117,1e-12
f3232dca29fcae57b24a498d3cb5309365e40431c4f69ba926048eca1ca54d88,C,hybrid_tdvp,11,rzz,0.05,2,8,6,16,1,17,17,mixed,0.9228699013256626,0.9228699013256626,0.0771300986743374,0.28049535021462235,0.9999999999999996,0.9999999999999996,0.10821311399268085,0.0216747732450729,0.030714371998328716,16,"[1, 2, 4, 8, 16, 16, 16, 16, 16, 8, 4, 2, 1]",2728,3.8088316474013217e-06,6.765490424594373e-05,1e-12
ccd8df73165c99c983367043130dced48269144c96bc9bf233bd04ecfbc95f58,C,hybrid_tdvp,11,rzz,0.05,2,8,6,16,2,17,17,mixed,0.923157468666384,0.923157468666384,0.07684253133361596,0.2799612860025168,0.9999999999999996,1.0000000000000004,0.10813193049595725,0.021622987893575307,0.11227338097523898,16,"[1, 2, 4, 8, 16, 16, 16, 16, 16, 8, 4, 2, 1]",2728,1.8347346373235458e-06,3.6520015472912105e-05,1e-12
ce046cd0ac8704b5cd83d400b8fa4dc1989af0e2b86965a50388160f61653200,C,hybrid_tdvp,11,rzz,0.05,2,8,6,16,4,17,17,mixed,0.9234004748811613,0.9234004748811613,0.07659952511883872,0.2795092493083541,0.9999999999999996,1.0000000000000007,0.10810957906354057,0.021607892362289164,0.1263060310157016,16,"[1, 2, 4, 8, 16, 16, 16, 16, 16, 8, 4, 2, 1]",2728,9.321145792155992e-07,1.9809825985795467e-05,1e-12
9d5b8e6c9dac7836c368fe84de56b6a6e655d2581f11b674822a6199e08afb29,C,hybrid_tdvp,11,rzz,0.05,2,8,6,16,8,17,17,mixed,0.9235078691486363,0.9235078691486363,0.07649213085136375,0.2793084237745274,0.9999999999999996,0.9999997659028378,0.1080819079632866,0.021599210487686833,0.18952705897390842,16,"[1, 2, 4, 8, 16, 16, 16, 16, 16, 8, 4, 2, 1]",2728,4.746726911470533e-07,1.0290443456567594e-05,1e-12
1fa9c72a968e3b7b52f8b083baacd41deb5bda35ae5784c852c05b94b8e75a6e,C,hybrid_tdvp,11,rzz,0.05,2,8,6,64,1,17,17,mixed,0.9226585356844764,0.9226585356844764,0.07734146431552358,0.28088729963735465,0.9999999999999996,0.999999999999007,0.10814668617910014,0.021714294808351086,0.2917098159668967,53,"[1, 2, 4, 8, 16, 32, 53, 32, 16, 8, 4, 2, 1]",9512,8.146500041141332e-14,2.0507498005922858e-12,1e-12
a094a1ada8df37e9beb185e866237b607a261a57858609076c6af6ea4aa9f219,C,hybrid_tdvp,11,rzz,0.05,2,8,6,64,2,17,17,mixed,0.922658538506651,0.922658538506651,0.07734146149334897,0.2808872944053867,0.9999999999999996,0.9999999999984521,0.10814668720482175,0.021714299936683588,0.5599889190052636,52,"[1, 2, 4, 8, 16, 32, 52, 32, 16, 8, 4, 2, 1]",9384,1.9901452336287713e-13,3.219918244889804e-12,1e-12
a32caec37465d6a44fb2b2284e5f1564dcb05db800fb8097f6c4b0e12c47ab8c,C,hybrid_tdvp,11,rzz,0.05,2,8,6,64,4,17,17,mixed,0.9226585327058796,0.9226585327058796,0.07734146729412039,0.28088730515096544,0.9999999999999996,0.999999999997248,0.10814668775669989,0.02171430323800529,0.9747526759747416,52,"[1, 2, 4, 8, 16, 32, 52, 32, 16, 8, 4, 2, 1]",9384,2.665635607652243e-13,5.805232484580942e-12,1e-12
d05d43110c1d14c1b0d4a17f90b8cc1951f1e45663f98bb0406f982d96075f3e,C,hybrid_tdvp,11,rzz,0.05,2,8,6,64,8,17,17,mixed,0.9226585306809143,0.9226585306809143,0.0773414693190857,0.28088730889982555,0.9999999999999996,0.9999999999961904,0.1081466890665816,0.021714306228123557,2.2383121160091832,53,"[1, 2, 4, 8, 16, 32, 53, 32, 16, 8, 4, 2, 1]",9512,1.5807006338756423e-13,8.144726739403914e-12,1e-12
698ed0d45ddf03226b8efe53584efe5542a5eb960c725a4544df61c1b0817950,C,hybrid_tdvp,11,rzz,0.05,3,9,6,8,1,18,18,commuting,0.9793558311453312,0.9793558311453312,0.0206441688546688,0.14405494941403865,0.9999999999999996,0.9999999999999998,0.0191630635734628,0.004822279109441833,0.04855582700110972,8,"[1, 2, 4, 8, 8, 8, 8, 8, 8, 8, 4, 2, 1]",936,3.5295977739821845e-05,0.0008684868623032338,1e-12
aa300eb52991a03f3d306e471fe68e54c13cea68d84ddb355c2a11f14bcfe21c,C,hybrid_tdvp,11,rzz,0.05,3,9,6,8,2,18,18,commuting,0.97912659249975,0.97912659249975,0.02087340750025002,0.14485677116393605,0.9999999999999996,1.0000000000000002,0.018559435480054523,0.0048410959352901605,0.25382790801813826,8,"[1, 2, 4, 8, 8, 8, 8, 8, 8, 8, 4, 2, 1]",936,1.7787298173398198e-05,0.00043672122251179474,1e-12
625a05b2bfb8b7cfd3fb470d5ee592f667cfc9a9421442311742fc2642174a38,C,hybrid_tdvp,11,rzz,0.05,3,9,6,8,4,18,18,commuting,0.9790114792672564,0.9790114792672564,0.0209885207327436,0.14525777551640706,0.9999999999999996,1.0000000000000007,0.018257278914232643,0.004851082528476208,0.12838623899733648,8,"[1, 2, 4, 8, 8, 8, 8, 8, 8, 8, 4, 2, 1]",936,8.928466999648694e-06,0.0002189552263745722,1e-12
2106bff72e90d753e4530a11adb49a1613a02f004fb2be4b2d59d0d4725b4979,C,hybrid_tdvp,11,rzz,0.05,3,9,6,8,8,18,18,commuting,0.9789537816164935,0.9789537816164935,0.02104621838350651,0.14545836192271186,0.9999999999999996,0.9999999999999994,0.01810628002520087,0.004856231794178619,0.12667907698778436,8,"[1, 2, 4, 8, 8, 8, 8, 8, 8, 8, 4, 2, 1]",936,4.472930680159557e-06,0.00010962333495881987,1e-12
a0ab1db40167a03d3fd1ee9ad22f9147b30a932941746749ee5feeb8c2d14822,C,hybrid_tdvp,11,rzz,0.05,3,9,6,16,1,18,18,commuting,0.9996543698183498,0.9996543698183498,0.00034563018165023607,0.018591935129732427,0.9999999999999996,1.0000000000000007,0.000586446682586339,0.00014355811078972872,0.029515038011595607,16,"[1, 2, 4, 8, 16, 16, 16, 16, 16, 8, 4, 2, 1]",2728,2.5033396360540496e-06,2.6251677751740123e-05,1e-12
78d9f73bea05db3f46673657b1b3defe4c55b3d410a9afb40e7b0394eaab518e,C,hybrid_tdvp,11,rzz,0.05,3,9,6,16,2,18,18,commuting,0.9996204506229283,0.9996204506229283,0.00037954937707174174,0.01948295147921215,0.9999999999999996,1.0000000000000002,0.0007014747162651935,0.00017679216456675673,0.029254601045977324,16,"[1, 2, 4, 8, 16, 16, 16, 16, 16, 8, 4, 2, 1]",2728,1.4239079744551446e-06,1.538771592659333e-05,1e-12
d12e6a969708cf5ca73762d07f306d1d09fb8a3eddc598b534237d90a1757ee4,C,hybrid_tdvp,11,rzz,0.05,3,9,6,16,4,18,18,commuting,0.9996128082510334,0.9996128082510334,0.0003871917489666199,0.019678141060276936,0.9999999999999996,1.0000000000000002,0.0006598853426439399,0.00017795797970859527,0.06800260103773326,16,"[1, 2, 4, 8, 16, 16, 16, 16, 16, 8, 4, 2, 1]",2728,7.108144291398685e-07,8.217590164267629e-06,1e-12
d2c0b005c2a4e75807e408300d85c629d8feca9708142a9caa1067eb9d161947,C,hybrid_tdvp,11,rzz,0.05,3,9,6,16,8,18,18,commuting,0.9996308272689433,0.9996308272689433,0.00036917273105674386,0.01919886694960704,0.9999999999999996,0.9999996948412898,0.0006758199048269836,0.00016323097590914152,0.12553671502973884,16,"[1, 2, 4, 8, 16, 16, 16, 16, 16, 8, 4, 2, 1]",2728,3.278827042680944e-07,3.953828750737402e-06,1e-12
507de6fb1586c49fea59f9f0c94c27a25b6d3326d556ec0b1724a4903bdf5789,C,hybrid_tdvp,11,rzz,0.05,3,9,6,64,1,18,18,commuting,0.9999999999841742,0.9999999999841742,1.5825785126821756e-11,3.8530146241121005e-06,0.9999999999999996,0.9999999999995097,4.293539791061507e-08,9.307747913427658e-09,0.21026368596358225,32,"[1, 2, 4, 8, 16, 32, 32, 32, 16, 8, 4, 2, 1]",6824,3.65923154755779e-20,9.785157442438251e-13,1e-12
c50f1330127bc099f8ad4f0aaf1d6d06b9f0cd3055b9bc967832cae1c390c801,C,hybrid_tdvp,11,rzz,0.05,3,9,6,64,2,18,18,commuting,0.9999999998476337,0.9999999998476337,1.523663417657417e-10,1.2191065888087826e-05,0.9999999999999996,0.9999999999981277,2.4391655832622927e-07,3.9659614811673406e-08,0.41682387195760384,32,"[1, 2, 4, 8, 16, 32, 32, 32, 16, 8, 4, 2, 1]",6824,4.9431954882960936e-18,3.851347518497958e-12,1e-12
71534798a81496acbf78676b92499d92c2d1e4c33e92ca663c209f7821950a8c,C,hybrid_tdvp,11,rzz,0.05,3,9,6,64,4,18,18,commuting,0.9999999996164881,0.9999999996164881,3.835118889128353e-10,1.9376286192751683e-05,0.9999999999999996,0.9999999999959638,1.5155950255918427e-07,2.9255561195909092e-08,0.2162120189750567,32,"[1, 2, 4, 8, 16, 31, 32, 31, 16, 8, 4, 2, 1]",6632,6.256746226989085e-13,8.26385346796053e-12,1e-12
76a9173ed09e8481027e5c1a82383711dd8d265ff570f6ffbf0c6a62df3e9d93,C,hybrid_tdvp,11,rzz,0.05,3,9,6,64,8,18,18,commuting,0.9999999982832299,0.9999999982832299,1.7167700594455937e-09,4.121263932341661e-05,0.9999999999999996,0.9999999999908554,2.1634849232954334e-07,4.145063538949811e-08,0.5129372160299681,32,"[1, 2, 4, 8, 16, 30, 32, 30, 16, 8, 4, 2, 1]",6440,1.7002166969854591e-12,1.8828098876568137e-11,1e-12
79f746f0d94e4e0b24cb73afc05c5f2945e9a17182149cbb6d3e843f31e8016f,C,hybrid_tdvp,11,ryy,0.05,3,9,6,8,1,18,18,mixed,0.9197969141118957,0.9197969141118957,0.08020308588810432,0.28614530231285423,0.9999999999999996,1.0000000000000004,0.10187733658670063,0.022058000904257455,0.3969245320186019,8,"[1, 2, 4, 8, 8, 8, 8, 8, 8, 8, 4, 2, 1]",936,4.198885521269525e-05,0.0008445111037325883,1e-12
cf377c7ba903beb361dff7ae2b5a4547e4640bf87996f5c592ae49ae9691aa69,C,hybrid_tdvp,11,ryy,0.05,3,9,6,8,2,18,18,mixed,0.9199175413786593,0.9199175413786593,0.08008245862134067,0.2859254477252636,0.9999999999999996,1.0000000000000002,0.10173224940525827,0.02203582453237765,0.03407505596987903,8,"[1, 2, 4, 8, 8, 8, 8, 8, 8, 8, 4, 2, 1]",936,2.1100916271455523e-05,0.00042303960116924253,1e-12
e8fc094551beedfaa1285e854af1ad5df95a85bc2de77003df515c99303b6c03,C,hybrid_tdvp,11,ryy,0.05,3,9,6,8,4,18,18,mixed,0.9199732119298846,0.9199732119298846,0.08002678807011543,0.28582393071948453,0.9999999999999996,1.0,0.10166613746144829,0.022025807891879263,0.052965684968512505,8,"[1, 2, 4, 8, 8, 8, 8, 8, 8, 8, 4, 2, 1]",936,1.0575803844010723e-05,0.00021174030102443506,1e-12
8a7e350a9bee3ad99405401f8b1fe6dddd9968e29ed379c54923572252876005,C,hybrid_tdvp,11,ryy,0.05,3,9,6,8,8,18,18,mixed,0.9199999358426287,0.9199999358426287,0.08000006415737126,0.2857751871027232,0.9999999999999996,1.0,0.10163460315440982,0.02202105025186818,0.13860438397387043,8,"[1, 2, 4, 8, 8, 8, 8, 8, 8, 8, 4, 2, 1]",936,5.294094388980229e-06,0.0001059284941058814,1e-12
3d3b148e7820b044996e0fa5a76b7749f0b4e90556cb3b25bc496dbb4a79521a,C,hybrid_tdvp,11,ryy,0.05,3,9,6,16,1,18,18,mixed,0.909646718521078,0.909646718521078,0.09035328147892197,0.30412492948454484,0.9999999999999996,1.0000000000000002,0.10823274817803413,0.02331300803354411,0.07035287900362164,16,"[1, 2, 4, 8, 16, 16, 16, 16, 16, 8, 4, 2, 1]",2728,5.219776264567247e-06,7.287468051051097e-05,1e-12
7166ffefbbfc3d4946f18134501e4cc2de00a9741493058939619b8b55d0c686,C,hybrid_tdvp,11,ryy,0.05,3,9,6,16,2,18,18,mixed,0.9099739582697232,0.9099739582697232,0.09002604173027684,0.3035603671634188,0.9999999999999996,0.9999999999999983,0.10814950417130959,0.02325458649108872,0.03864316700492054,16,"[1, 2, 4, 8, 16, 16, 16, 16, 16, 8, 4, 2, 1]",2728,2.39320116281123e-06,3.891321663572332e-05,1e-12
7de43f7e1b30cae70f5989e6b1da9045c2d28bad1a6f951a18172afba1816b29,C,hybrid_tdvp,11,ryy,0.05,3,9,6,16,4,18,18,mixed,0.9102559905856277,0.9102559905856277,0.08974400941437233,0.30307303572991295,0.9999999999999996,1.0000000000000007,0.1081288632689355,0.023231251175636285,0.11482299695489928,16,"[1, 2, 4, 8, 16, 16, 16, 16, 16, 8, 4, 2, 1]",2728,1.204503069211619e-06,2.1014329055007084e-05,1e-12
b80faf37c42539b2d44c54ccfcfc50f6ce6a30b08782b565a2f485fb3e58ed3b,C,hybrid_tdvp,11,ryy,0.05,3,9,6,16,8,18,18,mixed,0.9103755134063682,0.9103755134063682,0.08962448659363176,0.30286629518231184,0.9999999999999996,0.9999999999999998,0.10810268017443261,0.023219721972462415,0.19170007796492428,16,"[1, 2, 4, 8, 16, 16, 16, 16, 16, 8, 4, 2, 1]",2728,6.088855999955246e-07,1.0899329056563117e-05,1e-12
ab89c5cad19e600cd88ccd4bf3b5452e501a09a058bfa095857f29618becf926,C,hybrid_tdvp,11,ryy,0.05,3,9,6,64,1,18,18,mixed,0.9093630981424677,0.9093630981424677,0.09063690185753226,0.304613474071998,0.9999999999999996,0.999999999998964,0.10814668617910261,0.023363975012003997,0.3836325890151784,57,"[1, 2, 4, 8, 16, 32, 57, 32, 16, 8, 4, 2, 1]",10024,8.858408331966786e-14,2.1393338839119536e-12,1e-12
78bf55eb2b79c2ef58eef823c0df517e68f9acadbe6a547daa9d8755659fd2fe,C,hybrid_tdvp,11,ryy,0.05,3,9,6,64,2,18,18,mixed,0.9093631014284907,0.9093631014284907,0.09063689857150925,0.30461346841377973,0.9999999999999996,0.9999999999983417,0.10814668720478507,0.02336397975479082,0.7288856040104292,55,"[1, 2, 4, 8, 16, 32, 55, 32, 16, 8, 4, 2, 1]",9768,2.278285108293387e-13,3.4477467557191428e-12,1e-12
6e8043b74bf276d59b0fa85493b0a66fec69fdd429b7312d9a4d4191c713f287,C,hybrid_tdvp,11,ryy,0.05,3,9,6,64,4,18,18,mixed,0.9093630953892715,0.9093630953892715,0.09063690461072849,0.3046134788048816,0.9999999999999996,0.9999999999970907,0.10814668775659615,0.023363982967787703,1.2495232410146855,54,"[1, 2, 4, 8, 16, 32, 54, 32, 16, 8, 4, 2, 1]",9640,3.0684778885080854e-13,6.11208027343175e-12,1e-12
cc6df9cb0137fc2a0013747a1453bdbfa41ff636a6032821490be5ac73492cd3,C,hybrid_tdvp,11,ryy,0.05,3,9,6,64,8,18,18,mixed,0.9093630943865785,0.9093630943865785,0.09063690561342153,0.30461348052718573,0.9999999999999996,0.9999999999959888,0.10814668906647135,0.02336398565097918,2.1242401709896512,53,"[1, 2, 4, 8, 16, 32, 53, 32, 16, 8, 4, 2, 1]",9512,4.093153504751797e-13,8.554042089879092e-12,1e-12
246957843fe5156e74bbf83c8d78845211092746b5a636e7e3a3202bfc539ac8,C,hybrid_tdvp,11,rzz,0.05,2,9,7,8,1,19,19,commuting,0.9777071617231897,0.9777071617231897,0.02229283827681028,0.14972803811812782,0.9999999999999996,1.0,0.019649802713323172,0.00504316490327419,0.016514234011992812,8,"[1, 2, 4, 8, 8, 8, 8, 8, 8, 8, 4, 2, 1]",936,3.841258408472046e-05,0.0009068994463879543,1e-12
c724ecdd25a13d93597dd17e68dcb6e8244921e0d3e1603bcf791797b360aa9a,C,hybrid_tdvp,11,rzz,0.05,2,9,7,8,2,19,19,commuting,0.9774410455822271,0.9774410455822271,0.022558954417772892,0.15062415686654465,0.9999999999999996,1.0000000000000002,0.02006553842718084,0.005067965815416254,0.0380582120269537,8,"[1, 2, 4, 8, 8, 8, 8, 8, 8, 8, 4, 2, 1]",936,1.9602997621103473e-05,0.0004563242201328982,1e-12
1fa1a3811ffc6afbe08539ba8174ced47e3397274e3e1bc01947bbcc1f49c2fe,C,hybrid_tdvp,11,rzz,0.05,2,9,7,8,4,19,19,commuting,0.9773071686511103,0.9773071686511103,0.022692831348889664,0.1510730098356259,0.9999999999999996,0.9999999999999999,0.020268953567968095,0.005080994141268548,0.3294586160336621,8,"[1, 2, 4, 8, 8, 8, 8, 8, 8, 8, 4, 2, 1]",936,9.900514026423927e-06,0.00022885574040099624,1e-12
187465d2497f40d3fb0a6724fe59b293dfc7bdad720eafb8c1741047f06c6335,C,hybrid_tdvp,11,rzz,0.05,2,9,7,8,8,19,19,commuting,0.977240003360441,0.977240003360441,0.022759996639558966,0.15129770673995493,0.9999999999999996,1.0000000000000004,0.020369613926880747,0.005087677953307522,0.18389121198561043,8,"[1, 2, 4, 8, 8, 8, 8, 8, 8, 8, 4, 2, 1]",936,4.9749982357430455e-06,0.0001145983331945629,1e-12
49b8a9b3e9b510e361cc503f063d48e9b6380954efa49f0693215315f7d996ef,C,hybrid_tdvp,11,rzz,0.05,2,9,7,16,1,19,19,commuting,0.9996623475339984,0.9996623475339984,0.00033765246600159227,0.018376097875049187,0.9999999999999996,1.0000000000000004,0.0005315199631632465,0.00013973062510910426,0.09059620602056384,16,"[1, 2, 4, 8, 16, 16, 16, 16, 16, 8, 4, 2, 1]",2728,8.012293296762013e-07,2.705290708141632e-05,1e-12
120bd6a403d87ffe46810c7e0677068ff8364ab305759f7d0472a5a3647fd786,C,hybrid_tdvp,11,rzz,0.05,2,9,7,16,2,19,19,commuting,0.9996315636033167,0.9996315636033167,0.00036843639668326933,0.019184724281166486,0.9999999999999996,0.9999997916532096,0.0006277119273770393,0.0001709651081804608,0.08400324999820441,16,"[1, 2, 4, 8, 16, 16, 16, 16, 16, 8, 4, 2, 1]",2728,4.245787692065409e-07,1.581229469579987e-05,1e-12
d457f9029cd493521f01745d299fa52dd517603f16248e9dcb4c526a1dee7dc8,C,hybrid_tdvp,11,rzz,0.05,2,9,7,16,4,19,19,commuting,0.9996243351768282,0.9996243351768282,0.00037566482317175076,0.019377428346891275,0.9999999999999996,0.9999998923092556,0.0005923681958706906,0.00017202482981430403,0.13538234401494265,16,"[1, 2, 4, 8, 16, 16, 16, 16, 16, 8, 4, 2, 1]",2728,2.1980834953420356e-07,8.437398513801832e-06,1e-12
419648f2804690eac47d537c10c6a93d5417c2ee69c73314b119ad4966e3907b,C,hybrid_tdvp,11,rzz,0.05,2,9,7,16,8,19,19,commuting,0.9996410825091477,0.9996410825091477,0.0003589174908522619,0.018945967963559494,0.9999999999999996,1.0000000000000002,0.0006740607218421674,0.00015881285600996084,0.144125780032482,16,"[1, 2, 4, 8, 16, 16, 16, 16, 16, 8, 4, 2, 1]",2728,1.0760023007007484e-07,4.061428980807477e-06,1e-12
d6e68aded6c9b359237c585e362a6d3c4c64df96b41570906b1863161b63f6ed,C,hybrid_tdvp,11,rzz,0.05,2,9,7,64,1,19,19,commuting,0.9999999999841727,0.9999999999841727,1.5827339439056232e-11,3.8530146310725336e-06,0.9999999999999996,0.999999999999509,4.29353942330013e-08,9.318495127005078e-09,0.2428864050307311,32,"[1, 2, 4, 8, 16, 32, 32, 32, 16, 8, 4, 2, 1]",6824,2.6602744341653287e-21,9.785157469040996e-13,1e-12
e277ee4d9720c7873e67e51d108aeb5cc358d5fd3a68d4c6ff4ae82b4989ff17,C,hybrid_tdvp,11,rzz,0.05,2,9,7,64,2,19,19,commuting,0.9999999998476419,0.9999999998476419,1.5235812611535948e-10,1.2191066463157634e-05,0.9999999999999996,0.9999999999981319,2.9060637080774443e-07,4.422477342719526e-08,0.4469776170444675,32,"[1, 2, 4, 8, 16, 32, 32, 32, 16, 8, 4, 2, 1]",6824,3.405408859620907e-19,3.851347859038844e-12,1e-12
47446806dcaff2af0d1bbbbacf182355d1926a68f1c3e6bb4b23f9992fba9113,C,hybrid_tdvp,11,rzz,0.05,2,9,7,64,4,19,19,commuting,0.9999999996168312,0.9999999996168312,3.831688299982261e-10,1.9367529287512876e-05,0.9999999999999996,0.9999999999959654,1.7623942987626817e-07,3.11614561144824e-08,0.22908965399255976,32,"[1, 2, 4, 8, 16, 31, 32, 31, 16, 8, 4, 2, 1]",6632,8.020886018372396e-17,8.263933676820711e-12,1e-12
479ec653d82a76ca0895f2c979e9da4a5e2341bb41ffbe5c58337946642885ed,C,hybrid_tdvp,11,rzz,0.05,2,9,7,64,8,19,19,commuting,0.999999998271484,0.999999998271484,1.728515997001523e-09,4.135531580966574e-05,0.9999999999999996,0.9999999999908726,2.1664591454834126e-07,4.172583818962794e-08,0.48252486099954695,32,"[1, 2, 4, 8, 16, 30, 32, 30, 16, 8, 4, 2, 1]",6440,1.0873524698107706e-14,1.883897240126624e-11,1e-12
87260fcbadac6798a4456f3e33d362870f7cd2f74b2ef46e9c139e65effe64b7,C,hybrid_tdvp,11,rxx,0.05,2,9,7,8,1,19,19,mixed,0.9171731604276926,0.9171731604276926,0.08282683957230741,0.2908897421059462,0.9999999999999996,1.0,0.10236391191197372,0.02210671766258939,0.22064542502630502,8,"[1, 2, 4, 8, 8, 8, 8, 8, 8, 8, 4, 2, 1]",936,4.300980415613172e-05,0.00088752090788872,1e-12
3ddce4a95ed647582b750ec28a3d51b4ec3361b606c27c99742943f7399ccdd0,C,hybrid_tdvp,11,rxx,0.05,2,9,7,8,2,19,19,mixed,0.9172664609954818,0.9172664609954818,0.08273353900451819,0.2907222423313888,0.9999999999999996,1.0000000000000002,0.1021888645873301,0.02208404573694066,0.05896464199759066,8,"[1, 2, 4, 8, 8, 8, 8, 8, 8, 8, 4, 2, 1]",936,2.1498164634264293e-05,0.0004445377658035069,1e-12
c1d2243fa0065a445672ae7535b1fa7c401c76f0ed6c0a9947e7231e7b0f2e2e,C,hybrid_tdvp,11,rxx,0.05,2,9,7,8,4,19,19,mixed,0.917308816135647,0.917308816135647,0.08269118386435304,0.29064617434534096,0.9999999999999996,1.0000000000000004,0.10210846755445946,0.022073864673797478,0.2099161299993284,8,"[1, 2, 4, 8, 8, 8, 8, 8, 8, 8, 4, 2, 1]",936,1.0746614994158282e-05,0.00022248691601859335,1e-12
57b88b36d963333ff76185306db896f6fbc2747755f6ae74daf046b1582fdf90,C,hybrid_tdvp,11,rxx,0.05,2,9,7,8,8,19,19,mixed,0.9173289649941102,0.9173289649941102,0.08267103500588979,0.29060998150122874,0.9999999999999996,1.0000000000000004,0.1020699589446861,0.02206904458491196,0.21384300902718678,8,"[1, 2, 4, 8, 8, 8, 8, 8, 8, 8, 4, 2, 1]",936,5.372617705851612e-06,0.00011130111181173305,1e-12
84c4b700d56a9d164698dee6946db5073efe1e33305410207c1ac2830295e16d,C,hybrid_tdvp,11,rxx,0.05,2,9,7,16,1,19,19,mixed,0.9095715419297292,0.9095715419297292,0.09042845807027078,0.30425449239904573,0.9999999999999996,0.9999999999999997,0.10914263886529554,0.023321726049820378,0.024767302034888417,16,"[1, 2, 4, 8, 16, 16, 16, 16, 16, 8, 4, 2, 1]",2728,3.7085463332507264e-06,7.65832268437617e-05,1e-12
9021f6288e6ba4a682e190e4419bf17f5f54f4dfd3c542e0b0f1ab44bc1b82e7,C,hybrid_tdvp,11,rxx,0.05,2,9,7,16,2,19,19,mixed,0.9098958072044595,0.9098958072044595,0.0901041927955405,0.30369528152477465,0.9999999999999996,0.9999999999999992,0.10904073147046679,0.02325448405100091,0.050681521999649704,16,"[1, 2, 4, 8, 16, 16, 16, 16, 16, 8, 4, 2, 1]",2728,1.9260837956858746e-06,4.0839300431409195e-05,1e-12
1da9d33dd1dd9ce1005adb6474460bd14f626483a548186c9751ce4d35d8f432,C,hybrid_tdvp,11,rxx,0.05,2,9,7,16,4,19,19,mixed,0.9101820098322777,0.9101820098322777,0.0898179901677223,0.30320093759463757,0.9999999999999996,1.0000000000000002,0.10900934939806159,0.023229280564927613,0.07507736998377368,16,"[1, 2, 4, 8, 16, 16, 16, 16, 16, 8, 4, 2, 1]",2728,9.393211479338488e-07,2.195365020294094e-05,1e-12
0e0024e9cf3620c5e9a2ecf9e54d9f7a8f8e2ec87307405e0a7b4d010b5a2bd6,C,hybrid_tdvp,11,rxx,0.05,2,9,7,16,8,19,19,mixed,0.9103034944706856,0.9103034944706856,0.08969650552931441,0.30299014852287304,0.9999999999999996,0.9999997775326771,0.1089817468149348,0.02321770470280456,0.3685745029943064,16,"[1, 2, 4, 8, 16, 16, 16, 16, 16, 8, 4, 2, 1]",2728,4.607811126329741e-07,1.1360110169196089e-05,1e-12
37176560606564db19df7256d813ec7811a2bc2b86461c186854d85b43a03a57,C,hybrid_tdvp,11,rxx,0.05,2,9,7,64,1,19,19,mixed,0.9093630981324902,0.9093630981324902,0.09063690186750983,0.3046134740889315,0.9999999999999996,0.9999999999988899,0.1090342413663051,0.023372129815659788,0.34738506498979405,51,"[1, 2, 4, 8, 16, 32, 51, 32, 16, 8, 4, 2, 1]",9256,1.5111428873291316e-13,2.290448172644867e-12,1e-12
3290b5ec0063592b5acfbb8f4ad269b3a3c1295b1aad2a01a77901efdc90be18,C,hybrid_tdvp,11,rxx,0.05,2,9,7,64,2,19,19,mixed,0.9093631014874245,0.9093631014874245,0.0906368985125755,0.30461346831203057,0.9999999999999996,0.9999999999982463,0.10903424300663393,0.023372135579423022,0.6457093950011767,52,"[1, 2, 4, 8, 16, 32, 52, 32, 16, 8, 4, 2, 1]",9384,1.9622408850103468e-13,3.643970844220178e-12,1e-12
2a8523bde4a0d51c54c550445a939fa88c28dd3ab677da8fabd4f7faf5331f79,C,hybrid_tdvp,11,rxx,0.05,2,9,7,64,4,19,19,mixed,0.9093630953497921,0.9093630953497921,0.0906369046502079,0.30461347887239626,0.9999999999999996,0.9999999999969571,0.10903424387513469,0.023372139341070967,1.3186324749840423,54,"[1, 2, 4, 8, 16, 32, 54, 32, 16, 8, 4, 2, 1]",9640,2.7715833386487003e-13,6.389238607296619e-12,1e-12
8313769e2e77d41a4d9698c0d5443d4d3fd01828aaacaaf20c8cf4456bc0e0bd,C,hybrid_tdvp,11,rxx,0.05,2,9,7,64,8,19,19,mixed,0.909363094343438,0.909363094343438,0.09063690565656202,0.3046134806009928,0.9999999999999996,0.999999999995853,0.10903424572920942,0.023372142350541632,2.4179748889873736,54,"[1, 2, 4, 8, 16, 32, 54, 32, 16, 8, 4, 2, 1]",9640,2.8441026339787214e-13,8.838452353276965e-12,1e-12
927cc9f07bb556733adfe7a1ea8984a041aa567ffd089b253bbeb48ad2ea0ef6,C,hybrid_tdvp,11,rzz,0.05,2,8,6,8,1,20,20,commuting,0.9751531664434788,0.9751531664434788,0.024846833556521175,0.15812375720097235,0.9999999999999996,0.9999999999999998,0.030180631539544756,0.006450186783205713,0.029629005992319435,8,"[1, 2, 4, 8, 8, 8, 8, 8, 8, 8, 4, 2, 1]",936,4.014854898586961e-05,0.000947047995373824,1e-12
6cdffe86ecde1f9e7ea2c2897fa0620f1e394a8a9c0be6978700dc758fcf3252,C,hybrid_tdvp,11,rzz,0.05,2,8,6,8,2,20,20,commuting,0.97488329649609,0.97488329649609,0.025116703503910043,0.15898562185452866,0.9999999999999996,1.0000000000000009,0.030582282407376482,0.006473631518067384,0.03525578900007531,8,"[1, 2, 4, 8, 8, 8, 8, 8, 8, 8, 4, 2, 1]",936,2.0357446428060804e-05,0.00047668166656095895,1e-12
5192305c277f1efd6da154444d8c5f6c6c832c6139d5460b6b152a2110033dfa,C,hybrid_tdvp,11,rzz,0.05,2,8,6,8,4,20,20,commuting,0.974746799563575,0.974746799563575,0.025253200436424983,0.1594198133443261,0.9999999999999996,1.0000000000000007,0.03077873444229473,0.006485972078813244,1.3297701010014862,8,"[1, 2, 4, 8, 8, 8, 8, 8, 8, 8, 4, 2, 1]",936,1.0247887290372759e-05,0.00023910362769136894,1e-12
f52fba885ba6c480cf0166f9ed088305fbd0fe0beef16493b2480e08e71486bb,C,hybrid_tdvp,11,rzz,0.05,2,8,6,8,8,20,20,commuting,0.9746781500212951,0.9746781500212951,0.025321849978704902,0.159637750028825,0.9999999999999996,1.0000000000000007,0.030875934832526708,0.006492309276029067,0.1309899580082856,8,"[1, 2, 4, 8, 8, 8, 8, 8, 8, 8, 4, 2, 1]",936,5.141048722141114e-06,0.00011973938191670403,1e-12
68b7dd5408180e004602a001cb316482c92facc5eb1ab4f9dddf41ffa859bddb,C,hybrid_tdvp,11,rzz,0.05,2,8,6,16,1,20,20,commuting,0.9982985175707588,0.9982985175707588,0.0017014824292411745,0.041257809033504525,0.9999999999999996,1.0000000000000016,0.01616592713369301,0.0031495242562721085,0.1147669890196994,16,"[1, 2, 4, 8, 16, 16, 16, 16, 16, 8, 4, 2, 1]",2728,1.6621899741443888e-06,2.871509705556071e-05,1e-12
878b721041ae91023b04dfc0c8f027ca07104ee01966971990e304ff1c9b99f6,C,hybrid_tdvp,11,rzz,0.05,2,8,6,16,2,20,20,commuting,0.9982438094232765,0.9982438094232765,0.001756190576723493,0.04191613419507748,0.9999999999999996,1.0,0.016177669413989446,0.0031539082820102385,0.12919142498867586,16,"[1, 2, 4, 8, 16, 16, 16, 16, 16, 8, 4, 2, 1]",2728,8.970426203134044e-07,1.6709337316113273e-05,1e-12
0ea2d1c054738eeddcb0178269f9ddbd5b0781d5954e5e624a8b55f37a92ba31,C,hybrid_tdvp,11,rzz,0.05,2,8,6,16,4,20,20,commuting,0.9982295506701708,0.9982295506701708,0.0017704493298291712,0.0420860267427061,0.9999999999999996,1.0000000000000004,0.01618628158693422,0.0031516144889857886,0.09730982698965818,16,"[1, 2, 4, 8, 16, 16, 16, 16, 16, 8, 4, 2, 1]",2728,4.5722404656294035e-07,8.894622560364775e-06,1e-12
b1dac86ba87d861ba3c199bbdfcdd92a09700e25ef05cadffeb6722259b18216,C,hybrid_tdvp,11,rzz,0.05,2,8,6,16,8,20,20,commuting,0.9982509557053897,0.9982509557053897,0.0017490442946103135,0.04182820619665226,0.9999999999999996,0.9999998945402319,0.016204309734245623,0.0031522134778533203,0.17480145598528907,16,"[1, 2, 4, 8, 16, 16, 16, 16, 16, 8, 4, 2, 1]",2728,2.1699307513554782e-07,4.2784220559430285e-06,1e-12
51e31fb7bdcff764039abcc6ed5d9201676df13a6f8a1bcc6c507e126e45b977,C,hybrid_tdvp,11,rzz,0.05,2,8,6,64,1,20,20,commuting,0.9987158627196085,0.9987158627196085,0.0012841372803914508,0.03584061657467038,0.9999999999999996,0.9999999999995076,0.016095375652589408,0.003158535731399796,0.2033514609793201,32,"[1, 2, 4, 8, 16, 32, 32, 32, 16, 8, 4, 2, 1]",6824,2.1170848508841514e-20,9.78515768074948e-13,1e-12
d7cbbf56678ea997ec748258dff71973ac53f348e7b900521e032d0dc676bf96,C,hybrid_tdvp,11,rzz,0.05,2,8,6,64,2,20,20,commuting,0.9987158670919893,0.9987158670919893,0.00128413290801066,0.0358405554994276,0.9999999999999996,0.9999999999981305,0.01609538059385887,0.0031585329611332016,0.37635685002896935,32,"[1, 2, 4, 8, 16, 32, 32, 32, 16, 8, 4, 2, 1]",6824,2.72165350949295e-18,3.851350580692354e-12,1e-12
2e0974b49c0ba658f5e274c184ffbf36871eeadb15041c91536b0ed53a140ba7,C,hybrid_tdvp,11,rzz,0.05,2,8,6,64,4,20,20,commuting,0.9987158641068814,0.9987158641068814,0.0012841358931185987,0.035840597101599675,0.9999999999999996,0.9999999999956631,0.01609537911183606,0.0031585344296106584,0.2192969549796544,32,"[1, 2, 4, 8, 16, 31, 32, 31, 16, 8, 4, 2, 1]",6632,6.226204821873542e-13,8.886554159008065e-12,1e-12
6cdf95a098ad6b2a9c1793cc9584d04d05597d6d0d7e79562874ca80d6f9ea88,C,hybrid_tdvp,11,rzz,0.05,2,8,6,64,8,20,20,commuting,0.9987158616825075,0.9987158616825075,0.0012841383174925225,0.03584063078670082,0.9999999999999996,0.9999999999899916,0.016095379062700324,0.0031585323633821338,0.878131129022222,32,"[1, 2, 4, 8, 16, 30, 32, 30, 16, 8, 4, 2, 1]",6440,1.7728971428283572e-12,2.0611869544094592e-11,1e-12
c426fb1af4a649fde05714050b971cf508d2a093fd65d9e040e82891fee97df3,C,hybrid_tdvp,11,rzz,0.05,2,8,6,8,1,20,20,mixed,0.905210047783156,0.905210047783156,0.09478995221684405,0.3116880755473569,0.9999999999999996,1.0,0.11919413158704142,0.024276515101904633,0.01682548102689907,8,"[1, 2, 4, 8, 8, 8, 8, 8, 8, 8, 4, 2, 1]",936,4.4252092228404536e-05,0.0009317730001171245,1e-12
2f3ae77f438db626c6dac8ec26638fc60f81f196c69f14a3e4b87428b8653ef3,C,hybrid_tdvp,11,rzz,0.05,2,8,6,8,2,20,20,mixed,0.9053571436184819,0.9053571436184819,0.09464285638151815,0.31143997326967665,0.9999999999999996,1.0000000000000002,0.11898739411626166,0.02424242267673258,0.2417098629521206,8,"[1, 2, 4, 8, 8, 8, 8, 8, 8, 8, 4, 2, 1]",936,2.2401189477192607e-05,0.00046693895528069956,1e-12
8e914495919c3c2aed4ced7077e0a573b0b2873cb0097f7ea5a0176d8578bbf1,C,hybrid_tdvp,11,rzz,0.05,2,8,6,8,4,20,20,mixed,0.9054249842506157,0.9054249842506157,0.09457501574938432,0.31132548861848974,0.9999999999999996,1.0,0.1188915932174654,0.02422683836346003,0.07844735600519925,8,"[1, 2, 4, 8, 8, 8, 8, 8, 8, 8, 4, 2, 1]",936,1.1267662266995595e-05,0.00023375457828558887,1e-12
b920d8e57148d24c1aaca69f1113ebbd4d7070b5582e55a0cfb644c161209bd4,C,hybrid_tdvp,11,rzz,0.05,2,8,6,8,8,20,20,mixed,0.9054575341289579,0.9054575341289579,0.09454246587104209,0.31127054555392264,0.9999999999999996,1.0000000000000002,0.11884550177457726,0.024219392501291806,0.1493313819519244,8,"[1, 2, 4, 8, 8, 8, 8, 8, 8, 8, 4, 2, 1]",936,5.650424953115898e-06,0.000116951536764849,1e-12
e60271615c668b866cfbf65850eeb1891bea60f98075494a00d85bb279253bb0,C,hybrid_tdvp,11,rzz,0.05,2,8,6,16,1,20,20,mixed,0.8942500429692886,0.8942500429692886,0.10574995703071144,0.32970305201215294,0.9999999999999996,0.9999999999999991,0.12619346940950113,0.025795578497286992,0.05030799296218902,16,"[1, 2, 4, 8, 16, 16, 16, 16, 16, 8, 4, 2, 1]",2728,4.049377374378389e-06,8.063260421814009e-05,1e-12
3d4b419cad0723c7639a33954d822a17071d185796d66d055a3ecb2c41e5ffdd,C,hybrid_tdvp,11,rzz,0.05,2,8,6,16,2,20,20,mixed,0.8945873924933662,0.8945873924933662,0.10541260750663384,0.32916165803816966,0.9999999999999996,1.0000000000000009,0.12609763494487253,0.025734240326067356,0.06666642898926511,16,"[1, 2, 4, 8, 16, 16, 16, 16, 16, 8, 4, 2, 1]",2728,1.9317496119497367e-06,4.277105004335893e-05,1e-12
71f7c53dc51102c82d371fdb013699455481f0ba7628ce360c26338f090cddd7,C,hybrid_tdvp,11,rzz,0.05,2,8,6,16,4,20,20,mixed,0.89488600511106,0.89488600511106,0.10511399488894002,0.3286817721390204,0.9999999999999996,0.9999999999999998,0.12607391016460975,0.025717454308713684,0.11914160999003798,16,"[1, 2, 4, 8, 16, 16, 16, 16, 16, 8, 4, 2, 1]",2728,9.739146544482133e-07,2.2927564857389157e-05,1e-12
4b9d9c0ec8c22a398330e96a19ea7168b1ba5abeb7e92c18ba2b6446e1dbc1aa,C,hybrid_tdvp,11,rzz,0.05,2,8,6,16,8,20,20,mixed,0.8950161894419031,0.8950161894419031,0.10498381055809691,0.32847236483926573,0.9999999999999996,1.0,0.1260466728025456,0.025707543075334273,0.1811538299662061,16,"[1, 2, 4, 8, 16, 16, 16, 16, 16, 8, 4, 2, 1]",2728,4.938883491129308e-07,1.1853998518309025e-05,1e-12
7a5af419ac32b4db204e8ab3906e765e892ee9e60095628d51fd398ca8bd198b,C,hybrid_tdvp,11,rzz,0.05,2,8,6,64,1,20,20,mixed,0.8939815518670913,0.8939815518670913,0.10601844813290873,0.3301333771557269,0.9999999999999996,0.999999999998836,0.12610118979568416,0.02584789815091168,0.5049497709842399,53,"[1, 2, 4, 8, 16, 32, 53, 32, 16, 8, 4, 2, 1]",9512,1.148252048813421e-13,2.405273377526209e-12,1e-12
d45c28e145666a57800710fb83aba40ecd021d41d6e6d67545f8c012aaaaf275,C,hybrid_tdvp,11,rzz,0.05,2,8,6,64,2,20,20,mixed,0.8939815559067168,0.8939815559067168,0.1060184440932832,0.3301333706828726,0.9999999999999996,0.9999999999981547,0.12610119143597143,0.025847904296744162,0.572687151026912,53,"[1, 2, 4, 8, 16, 32, 53, 32, 16, 8, 4, 2, 1]",9512,1.9686524243340645e-13,3.840836086653584e-12,1e-12
36572c71b9525509153295fd4f60c4c27a8198865c0cfd1b43cef65ccbab3604,C,hybrid_tdvp,11,rzz,0.05,2,8,6,64,4,20,20,mixed,0.8939815495573774,0.8939815495573774,0.10601845044262259,0.3301333808495382,0.9999999999999996,0.9999999999968694,0.12610119230446695,0.025847908214273477,1.2317091040313244,53,"[1, 2, 4, 8, 16, 32, 53, 32, 16, 8, 4, 2, 1]",9512,1.9992834518962982e-13,6.589166952486249e-12,1e-12
361f6d1c61a844394a76d8312c03e338565ff98a52280e824524db59d48b29fb,C,hybrid_tdvp,11,rzz,0.05,2,8,6,64,8,20,20,mixed,0.8939815474684922,0.8939815474684922,0.10601845253150777,0.330133384192282,0.9999999999999996,0.9999999999957818,0.12610119415846832,0.02584791147035567,2.0554348689620383,53,"[1, 2, 4, 8, 16, 32, 53, 32, 16, 8, 4, 2, 1]",9512,1.7402862883483197e-13,9.012480982111797e-12,1e-12
c5fe1ed9d3f348713b40d043dd12ec7d9ad5e4409cc75ffcbe4d32a2e352ece6,C,hybrid_tdvp,11,rzz,0.05,3,9,6,8,1,21,21,commuting,0.9739662530375106,0.9739662530375106,0.02603374696248939,0.16188090708194233,0.9999999999999996,0.9999999999999999,0.022174808888465642,0.005844012323008442,0.01565067796036601,8,"[1, 2, 4, 8, 8, 8, 8, 8, 8, 8, 4, 2, 1]",936,3.359876765589274e-05,0.0009806467630297166,1e-12
6b35474360015f87f71dc8971d090dfa68f56180ceeffa5d69c14e8488f6bf56,C,hybrid_tdvp,11,rzz,0.05,3,9,6,8,2,21,21,commuting,0.973674097333166,0.973674097333166,0.02632590266683399,0.1627927665516433,0.9999999999999996,1.0000000000000007,0.02152540424507386,0.005872522500413458,0.032086983032058924,8,"[1, 2, 4, 8, 8, 8, 8, 8, 8, 8, 4, 2, 1]",936,1.6928861262805555e-05,0.0004936105278237646,1e-12
472da9ac9298740717e774e9aeead3577f9cdfdb4665f74c36948c27ade63648,C,hybrid_tdvp,11,rzz,0.05,3,9,6,8,4,21,21,commuting,0.9735266655257212,0.9735266655257212,0.026473334474278798,0.1632510401811726,0.9999999999999996,1.0,0.021499705185172413,0.005887247234753332,0.8285935129970312,8,"[1, 2, 4, 8, 8, 8, 8, 8, 8, 8, 4, 2, 1]",936,8.496928411147153e-06,0.000247600556102516,1e-12
685c9fda9706f2d51f719b615acb6c68b4246087ed5a03f7b7b57b8bdf057941,C,hybrid_tdvp,11,rzz,0.05,3,9,6,8,8,21,21,commuting,0.9734525895717091,0.9734525895717091,0.026547410428290896,0.16348082434672292,0.9999999999999996,1.0,0.02160181670147865,0.005894745404033953,0.15185189800104126,8,"[1, 2, 4, 8, 8, 8, 8, 8, 8, 8, 4, 2, 1]",936,4.25659594385634e-06,0.00012399597786056044,1e-12
10a29b088b43218bebcf9a7abf47529b0eb37a6b536654423ba5fe4f0c05ea89,C,hybrid_tdvp,11,rzz,0.05,3,9,6,16,1,21,21,commuting,0.9995179157016154,0.9995179157016154,0.00048208429838458855,0.02195774154396175,0.9999999999999996,0.9999999999999996,0.0006888500346924897,0.00016316858158699684,0.1340052259620279,16,"[1, 2, 4, 8, 16, 16, 16, 16, 16, 8, 4, 2, 1]",2728,2.5443540181536666e-06,3.125945107371438e-05,1e-12
e53c38da1ec674b15836d09d7ba2f7dbc6c365ffaebd83727e8e8217c49811a2,C,hybrid_tdvp,11,rzz,0.05,3,9,6,16,2,21,21,commuting,0.9994744854865718,0.9994744854865718,0.0005255145134281936,0.02292560954371466,0.9999999999999996,0.9999999999999994,0.0008240596150939083,0.0002043378679197808,0.03161638998426497,16,"[1, 2, 4, 8, 16, 16, 16, 16, 16, 8, 4, 2, 1]",2728,1.4317562327816632e-06,1.8141093548894933e-05,1e-12
8ff8fb5adf208c215477ffa9662b5f6361f1cc5aea5841f0564edd2cc0933974,C,hybrid_tdvp,11,rzz,0.05,3,9,6,16,4,21,21,commuting,0.9994671892737168,0.9994671892737168,0.0005328107262831949,0.02308423091669848,0.9999999999999996,1.0,0.0007757709132449331,0.00020437044674430162,0.06375291000586003,16,"[1, 2, 4, 8, 16, 16, 16, 16, 16, 8, 4, 2, 1]",2728,7.1308195493903e-07,9.607704515303802e-06,1e-12
3fd79c059987f4e54f356d61ea5364f1d71f8a88cffe42b601b4970c9ecafc72,C,hybrid_tdvp,11,rzz,0.05,3,9,6,16,8,21,21,commuting,0.9994928521980577,0.9994928521980577,0.0005071478019422759,0.02250974828116856,0.9999999999999996,0.9999997383248187,0.0006678006124478664,0.00018298221424772125,0.1281091189594008,16,"[1, 2, 4, 8, 16, 16, 16, 16, 16, 8, 4, 2, 1]",2728,3.3013837370265495e-07,4.608560429645683e-06,1e-12
357133c7f3bc9031f9819fdbff2104de8242850a2e993d9b2eab4e7da1519983,C,hybrid_tdvp,11,rzz,0.05,3,9,6,64,1,21,21,commuting,0.9999999999841711,0.9999999999841711,1.5828893751290707e-11,3.853014726181318e-06,0.9999999999999996,0.9999999999995078,4.29354027678408e-08,9.643332786088603e-09,0.1970117100281641,32,"[1, 2, 4, 8, 16, 32, 32, 32, 16, 8, 4, 2, 1]",6824,1.3166516698096076e-20,9.785157812414648e-13,1e-12
553cba9c8ead3c0a8e2b9e9a5060282f1d6bf538c5292d09f5e6ce74c3cf74cd,C,hybrid_tdvp,11,rzz,0.05,3,9,6,64,2,21,21,commuting,0.9999999998476383,0.9999999998476383,1.5236167882903828e-10,1.2191074910365243e-05,0.9999999999999996,0.9999999999981308,2.898750975366404e-07,4.4423583252071325e-08,0.41259497398277745,32,"[1, 2, 4, 8, 16, 32, 32, 32, 16, 8, 4, 2, 1]",6824,1.7985160826792072e-18,3.851352379208437e-12,1e-12
b455da66711842d44f89822fe18115cb4792335cfda0e90e4050272528cf9077,C,hybrid_tdvp,11,rzz,0.05,3,9,6,64,4,21,21,commuting,0.9999999994646658,0.9999999994646658,5.353342213965107e-10,2.2931170728762522e-05,0.9999999999999996,0.9999999999952527,1.8111461422276598e-07,3.304304087042801e-08,0.3251403429894708,32,"[1, 2, 4, 8, 16, 31, 32, 31, 16, 8, 4, 2, 1]",6632,8.348982139457962e-13,9.721452372953864e-12,1e-12
13526a92cfd0712d02eab5baff2311cb045cf53dc087830b1b09ab4bff1794ac,C,hybrid_tdvp,11,rzz,0.05,3,9,6,64,8,21,21,commuting,0.9999999974265592,0.9999999974265592,2.573440793796067e-09,5.050917238666571e-05,0.9999999999999996,0.9999999999888664,3.245755745978629e-07,5.380704582264852e-08,0.3721087930025533,32,"[1, 2, 4, 8, 16, 30, 32, 30, 16, 8, 4, 2, 1]",6440,2.2598092024241083e-12,2.287167874651869e-11,1e-12
becc56206022b8314a7334c05ac3fc4cb32b79dbd21faab131ef08748b6382f6,C,hybrid_tdvp,11,ryy,0.05,3,9,6,8,1,21,21,mixed,0.8922215633175034,0.8922215633175034,0.10777843668249665,0.33294202026795394,0.9999999999999996,1.0,0.11912976935235794,0.026060186164426985,0.05064866604516283,8,"[1, 2, 4, 8, 8, 8, 8, 8, 8, 8, 4, 2, 1]",936,4.018031904718416e-05,0.0009719533191643086,1e-12
252d9568c0e7fa201b44c1f77a738780d3ea3aa10162572eaae83e98a972929b,C,hybrid_tdvp,11,ryy,0.05,3,9,6,8,2,21,21,mixed,0.8923831074581582,0.8923831074581582,0.10761689254184181,0.33268509655492223,0.9999999999999996,1.0000000000000009,0.1189126237075768,0.026026918026832494,0.8265454029897228,8,"[1, 2, 4, 8, 8, 8, 8, 8, 8, 8, 4, 2, 1]",936,2.0209178040171326e-05,0.00048714813332087086,1e-12
3374afc1863956a880000cdf9a2cf9e0be28d4bcbdebab9a66202dc30479a254,C,hybrid_tdvp,11,ryy,0.05,3,9,6,8,4,21,21,mixed,0.8924578958114741,0.8924578958114741,0.10754210418852594,0.33256609201145515,0.9999999999999996,1.0000000000000002,0.11881172348284305,0.026011658347540156,0.8660754489828832,8,"[1, 2, 4, 8, 8, 8, 8, 8, 8, 8, 4, 2, 1]",936,1.0132942722702215e-05,0.0002438875210082911,1e-12
7049ea5a5010ecd752f2959df3a3fc3cb3310863e6f8ec4dd3dfc8b3d9d809d5,C,hybrid_tdvp,11,ryy,0.05,3,9,6,8,8,21,21,mixed,0.8924938503012253,0.8924938503012253,0.1075061496987747,0.3325088672104399,0.9999999999999996,1.0,0.11876311033421413,0.026004354775775746,0.20246139401569963,8,"[1, 2, 4, 8, 8, 8, 8, 8, 8, 8, 4, 2, 1]",936,5.0733935379441175e-06,0.00012202493030279308,1e-12
50df2dc4ec1434369a38a746e51c9f3cb3d0e9fa3057bff85a8e0f82698ed07f,C,hybrid_tdvp,11,ryy,0.05,3,9,6,16,1,21,21,mixed,0.8791619765073021,0.8791619765073021,0.1208380234926979,0.35316744597660427,0.9999999999999996,0.9999999999999993,0.12621009115392093,0.027540316495958984,0.03896040696417913,16,"[1, 2, 4, 8, 16, 16, 16, 16, 16, 8, 4, 2, 1]",2728,5.551876248531713e-06,8.61844804666718e-05,1e-12
b71b1c5cbfdce1f92607c803d7c25f22669fa9de79c3aedf00e0d348b6669bb1,C,hybrid_tdvp,11,ryy,0.05,3,9,6,16,2,21,21,mixed,0.8795332524820014,0.8795332524820014,0.12046674751799857,0.3526064613548657,0.9999999999999996,1.0000000000000004,0.1261135588261762,0.027472453934459257,0.03290777403162792,16,"[1, 2, 4, 8, 16, 16, 16, 16, 16, 8, 4, 2, 1]",2728,2.5024111461696073e-06,4.527346118952855e-05,1e-12
3e3c1a6e8506aaac9b276d452b2137e185660592f3b5f441395d808eb3327fee,C,hybrid_tdvp,11,ryy,0.05,3,9,6,16,4,21,21,mixed,0.879869435295304,0.879869435295304,0.12013056470469596,0.352097832535877,0.9999999999999996,1.0000000000000013,0.12609176854278178,0.027447288252501385,0.12130797898862511,16,"[1, 2, 4, 8, 16, 16, 16, 16, 16, 8, 4, 2, 1]",2728,1.2510579686202013e-06,2.4178622826009352e-05,1e-12
acc193fb36dc68ac410709469ce448b787b47b9f05ebdd6cf3afdef861343e5d,C,hybrid_tdvp,11,ryy,0.05,3,9,6,16,8,21,21,mixed,0.8800103451046863,0.8800103451046863,0.11998965489531366,0.3518836224680857,0.9999999999999996,0.999999707788393,0.1260660633633611,0.027434362206035703,0.14692705299239606,16,"[1, 2, 4, 8, 16, 16, 16, 16, 16, 8, 4, 2, 1]",2728,6.310382691406061e-07,1.2485036787449628e-05,1e-12
8423f9b328d728377007228f09804d84e587ec35aa8249c210b45b4af2f5495e,C,hybrid_tdvp,11,ryy,0.05,3,9,6,64,1,21,21,mixed,0.8788192729010262,0.8788192729010262,0.12118072709897376,0.3536845739711734,0.9999999999999996,0.999999999998768,0.12610118979570475,0.02760583520896804,0.35685310198459774,57,"[1, 2, 4, 8, 16, 32, 57, 32, 16, 8, 4, 2, 1]",10024,1.5267766804645227e-13,2.557951045572661e-12,1e-12
b111b931777b2ea45443149470b47b3739e6857025c1917e89879d06ad7b3f1d,C,hybrid_tdvp,11,ryy,0.05,3,9,6,64,2,21,21,mixed,0.8788192774566101,0.8788192774566101,0.12118072254338985,0.3536845670992654,0.9999999999999996,0.9999999999980446,0.1261011914359757,0.027605840954365787,0.6406907939817756,56,"[1, 2, 4, 8, 16, 32, 56, 32, 16, 8, 4, 2, 1]",9896,2.0550320549271798e-13,4.046339292146302e-12,1e-12
4cfc3929b747da6cd531db71697b96240b7e89fc935d8102132d92a747ee3387,C,hybrid_tdvp,11,ryy,0.05,3,9,6,64,4,21,21,mixed,0.8788192709359778,0.8788192709359778,0.12118072906402222,0.3536845769287967,0.9999999999999996,0.9999999999967555,0.12610119230440986,0.027605844803587912,1.1355910769780166,55,"[1, 2, 4, 8, 16, 32, 55, 32, 16, 8, 4, 2, 1]",9768,2.509860921460127e-13,6.840153044632261e-12,1e-12
bdb8c712ff4317763ea75c9dff54add86bdb4759f380ab121018bbd7d0da2019,C,hybrid_tdvp,11,ryy,0.05,3,9,6,64,8,21,21,mixed,0.8788192698144219,0.8788192698144219,0.12118073018557807,0.353684578616834,0.9999999999999996,0.9999999999955959,0.12610119415838253,0.027605847741906723,1.9474852260318585,54,"[1, 2, 4, 8, 16, 32, 54, 32, 16, 8, 4, 2, 1]",9640,3.9617607786024686e-13,9.408657059972043e-12,1e-12
ccc28feb6853655692e4fd47e1851849e7ba0838fcb16e767f44c0ba3e8452e3,C,hybrid_tdvp,11,rzz,0.05,2,9,7,8,1,22,22,commuting,0.9723855164986589,0.9723855164986589,0.027614483501341103,0.16675671489885457,0.9999999999999996,1.0000000000000004,0.02375518163121426,0.006077327697545602,0.06471983500523493,8,"[1, 2, 4, 8, 8, 8, 8, 8, 8, 8, 4, 2, 1]",936,3.452880352004565e-05,0.0010151755665497625,1e-12
bba0069deeb4c06373af6245fcbac1129c26d2e3cdfb9daa68432cb2b3c5c54c,C,hybrid_tdvp,11,rzz,0.05,2,9,7,8,2,22,22,commuting,0.9720610521492314,0.9720610521492314,0.02793894785076856,0.16774048019416776,0.9999999999999996,1.0000000000000004,0.024270243076754294,0.00611260555750694,0.08699667803011835,8,"[1, 2, 4, 8, 8, 8, 8, 8, 8, 8, 4, 2, 1]",936,1.7618434381830415e-05,0.000511228962205595,1e-12
bd465f470ce0e03814feca7e5189ec4dd723760cfa3f172bde9e0d68d7b4a86a,C,hybrid_tdvp,11,rzz,0.05,2,9,7,8,4,22,22,commuting,0.9718971080856232,0.9718971080856232,0.02810289191437676,0.16823542765541025,0.9999999999999996,1.0000000000000004,0.024523200068781392,0.006130752209508962,0.8335074380156584,8,"[1, 2, 4, 8, 8, 8, 8, 8, 8, 8, 4, 2, 1]",936,8.898177278287536e-06,0.00025649873338080354,1e-12
c59bd5ee436f89411ec54db31a981f1447c86a28b7e28dc287c560aa27a9b2b0,C,hybrid_tdvp,11,rzz,0.05,2,9,7,8,8,22,22,commuting,0.9718146803116939,0.9718146803116939,0.028185319688306065,0.16848374370523908,0.9999999999999996,1.0000000000000004,0.024648608528081706,0.006139971836990478,0.18759463797323406,8,"[1, 2, 4, 8, 8, 8, 8, 8, 8, 8, 4, 2, 1]",936,4.4713913321562195e-06,0.00012846736919271674,1e-12
59e28ebf1e775debab1b5d6723ec0fa2c54d2b47486bea44227ef278b9dbbe56,C,hybrid_tdvp,11,rzz,0.05,2,9,7,16,1,22,22,commuting,0.9995266766045915,0.9995266766045915,0.0004733233954085092,0.021757284238338268,0.9999999999999996,0.9999999999999992,0.0006358601291237553,0.0001605542770630489,0.12639361497713253,16,"[1, 2, 4, 8, 16, 16, 16, 16, 16, 8, 4, 2, 1]",2728,8.220595899921362e-07,3.208151066370652e-05,1e-12
1d04127ec19ac06fe450238c18284d2db104b7f636b9b3773f88e85430069360,C,hybrid_tdvp,11,rzz,0.05,2,9,7,16,2,22,22,commuting,0.9994866414405157,0.9994866414405157,0.0005133585594843115,0.022649512177283344,0.9999999999999996,0.9999997879705842,0.0007549583779212221,0.00019971926914516742,0.1183507609530352,16,"[1, 2, 4, 8, 16, 16, 16, 16, 16, 8, 4, 2, 1]",2728,4.3219826196769063e-07,1.857329181086262e-05,1e-12
1a4f31e67165a5a2962828e3df31e9d98e4c91dbf4f3b00d0db686d94a0a001f,C,hybrid_tdvp,11,rzz,0.05,2,9,7,16,4,22,22,commuting,0.9994798193757822,0.9994798193757822,0.0005201806242177698,0.022804179924045487,0.9999999999999996,0.9999998911666035,0.0007094688267076377,0.0001995064221208784,0.07496551098302007,16,"[1, 2, 4, 8, 16, 16, 16, 16, 16, 8, 4, 2, 1]",2728,2.2232050772848802e-07,9.83002502303229e-06,1e-12
0e5fcc9681965f7a277394e4f05217f7e434a9debc2dda4fad642845331a8bb9,C,hybrid_tdvp,11,rzz,0.05,2,9,7,16,8,22,22,commuting,0.9995032922402186,0.9995032922402186,0.0004967077597813896,0.022274190921871894,0.9999999999999996,0.9999996850631857,0.0006542892124688868,0.0001792841148547879,0.14423559000715613,16,"[1, 2, 4, 8, 16, 16, 16, 16, 16, 8, 4, 2, 1]",2728,1.088235992652211e-07,4.717384028910902e-06,1e-12
5fdf62dbf3fa6b232a14a8d8d513f1d26ef90fbda5951ba4984798cb1309ff84,C,hybrid_tdvp,11,rzz,0.05,2,9,7,64,1,22,22,commuting,0.9999999999841593,0.9999999999841593,1.5840662115351734e-11,3.85301473041476e-06,0.9999999999999996,0.9999999999995021,4.293539975636085e-08,9.65343994155012e-09,0.21568672801367939,32,"[1, 2, 4, 8, 16, 32, 32, 32, 16, 8, 4, 2, 1]",6824,1.466594298312655e-21,9.78515782708059e-13,1e-12
0a211bc86cbe5926752e6061b380dba2cdc2359ad5471272f2c318c1c7a62b02,C,hybrid_tdvp,11,rzz,0.05,2,9,7,64,2,22,22,commuting,0.9999999998476463,0.9999999998476463,1.5235368522326098e-10,1.219107526608221e-05,0.9999999999999996,0.9999999999981345,3.367506955925803e-07,4.9162960756915274e-08,0.4632087899954058,32,"[1, 2, 4, 8, 16, 32, 32, 32, 16, 8, 4, 2, 1]",6824,1.8783036699452516e-19,3.851352567038804e-12,1e-12
7fe4249ac26c3d78379f8380ac92128111dcb218b42031ca92c5b0068ab99c6c,C,hybrid_tdvp,11,rzz,0.05,2,9,7,64,4,22,22,commuting,0.9999999994650821,0.9999999994650821,5.349178877622762e-10,2.292229621873106e-05,0.9999999999999996,0.9999999999952556,2.0667334435509055e-07,3.5081757424617565e-08,0.48786371399182826,32,"[1, 2, 4, 8, 16, 31, 32, 31, 16, 8, 4, 2, 1]",6632,6.592716169077019e-17,9.72151830011556e-12,1e-12
40569fd30cb7650959d6057e0405f8cdf20f5fad60b988b5def6ce71473b5369,C,hybrid_tdvp,11,rzz,0.05,2,9,7,64,8,22,22,commuting,0.9999999974056952,0.9999999974056952,2.5943047710086375e-09,5.071535151183044e-05,0.9999999999999996,0.9999999999888711,3.273943096071541e-07,5.420186674740314e-08,1.239280679030344,32,"[1, 2, 4, 8, 16, 30, 32, 30, 16, 8, 4, 2, 1]",6440,1.9314516212396374e-14,2.2890993262731086e-11,1e-12
af560c37a0d80b6fc4d3d13dce83db7dfc2f18f96b439a3fbae5814a4808512b,C,hybrid_tdvp,11,rxx,0.05,2,9,7,8,1,22,22,mixed,0.8894132450408987,0.8894132450408987,0.11058675495910131,0.33738084584896094,0.9999999999999996,1.0000000000000013,0.11972523950198015,0.026101035496366994,0.13898758101277053,8,"[1, 2, 4, 8, 8, 8, 8, 8, 8, 8, 4, 2, 1]",936,4.3153211444910394e-05,0.0010151065306092187,1e-12
a314fff3497418eadf6c47eda82d6d306c890fe0e744ebaf0b2b75d9e23425ab,C,hybrid_tdvp,11,rxx,0.05,2,9,7,8,2,22,22,mixed,0.8895426389749637,0.8895426389749637,0.11045736102503634,0.337177457142627,0.9999999999999996,1.0000000000000009,0.11947332143006673,0.02606678605385335,0.23278612998547032,8,"[1, 2, 4, 8, 8, 8, 8, 8, 8, 8, 4, 2, 1]",936,2.1595173802873802e-05,0.0005087433071237447,1e-12
f021c41d208c520ef7c39201a126531583d6814c65b7d9dc8369e27023b217ff,C,hybrid_tdvp,11,rxx,0.05,2,9,7,8,4,22,22,mixed,0.8896016580077633,0.8896016580077633,0.11039834199223675,0.33708465184991143,0.9999999999999996,0.9999999999999999,0.11935573138972795,0.026051122428656318,0.9832843809854239,8,"[1, 2, 4, 8, 8, 8, 8, 8, 8, 8, 4, 2, 1]",936,1.0800697252315524e-05,0.0002546882182606067,1e-12
07331df8b61d0e0404bae4d39eecd2b89c88cd42b773c0dffa3bca2403150ab3,C,hybrid_tdvp,11,rxx,0.05,2,9,7,8,8,22,22,mixed,0.8896298010390608,0.8896298010390608,0.11037019896093925,0.33704039003815717,0.9999999999999996,1.0,0.11929894286733674,0.026043637926241987,0.16457322298083454,8,"[1, 2, 4, 8, 8, 8, 8, 8, 8, 8, 4, 2, 1]",936,5.400958826189953e-06,0.00012742588912898297,1e-12
06d220743a64c2517f0c91b1ff71f9f19cfff509abcebcb96ee0ae3cbf41df0e,C,hybrid_tdvp,11,rxx,0.05,2,9,7,16,1,22,22,mixed,0.879079044458282,0.879079044458282,0.120920955541718,0.35329264777149316,0.9999999999999996,1.0000000000000007,0.12709561267177183,0.027532502872415283,0.058439020009245723,16,"[1, 2, 4, 8, 16, 16, 16, 16, 16, 8, 4, 2, 1]",2728,4.0866323647362995e-06,9.02711128314081e-05,1e-12
6f8c9a1c6cff2ba9d07425fdebcd9432e28052b9e32feccfa02a2cf96d43fc94,C,hybrid_tdvp,11,rxx,0.05,2,9,7,16,2,22,22,mixed,0.8794462549071049,0.8794462549071049,0.12055374509289507,0.35273798096291503,0.9999999999999996,0.9999999999999992,0.12697920823348458,0.027455582314762805,0.06875706498976797,16,"[1, 2, 4, 8, 16, 16, 16, 16, 16, 8, 4, 2, 1]",2728,2.107066007098615e-06,4.738052719662715e-05,1e-12
e8aefede30c8d463b8df291b86684c7d432f642d25a1f8d002cd0d1767a58a0d,C,hybrid_tdvp,11,rxx,0.05,2,9,7,16,4,22,22,mixed,0.8797870343488424,0.8797870343488424,0.12021296565115758,0.35222256025760856,0.9999999999999996,0.9999999999999989,0.12694665555918033,0.02742864882666765,0.11887421499704942,16,"[1, 2, 4, 8, 16, 16, 16, 16, 16, 8, 4, 2, 1]",2728,1.0264660924892565e-06,2.520508891849862e-05,1e-12
60044c3bee2c87267ffb3908dc4a287eb5ba8ecf8036c165d6b639cbd2deeafc,C,hybrid_tdvp,11,rxx,0.05,2,9,7,16,8,22,22,mixed,0.87993117208753,0.87993117208753,0.12006882791246998,0.35200435836300675,0.9999999999999996,0.9999999999999997,0.12691997587338513,0.027415734989328897,0.17908892000559717,16,"[1, 2, 4, 8, 16, 16, 16, 16, 16, 8, 4, 2, 1]",2728,5.044194935926577e-07,1.2989456281042282e-05,1e-12
7cba63800ecb7823d05ad821a73f32bc7ce4ba361a2e78916ac668cb4004c6f6,C,hybrid_tdvp,11,rxx,0.05,2,9,7,64,1,22,22,mixed,0.8788192728497962,0.8788192728497962,0.12118072715020378,0.35368457404822395,0.9999999999999996,0.9999999999986948,0.12695809143276113,0.027596675559689882,0.32443046401022,51,"[1, 2, 4, 8, 16, 32, 51, 32, 16, 8, 4, 2, 1]",9256,1.505522478474221e-13,2.7085032934200835e-12,1e-12
4bb766938c7d2175c3f787025905f81f0b79b0e7dfc24572aa97f647c1ba0b7f,C,hybrid_tdvp,11,rxx,0.05,2,9,7,64,2,22,22,mixed,0.8788192775362531,0.8788192775362531,0.12118072246374689,0.3536845669787741,0.9999999999999996,0.9999999999979077,0.12695809383468662,0.027596682392318987,0.5818242779932916,52,"[1, 2, 4, 8, 16, 32, 52, 32, 16, 8, 4, 2, 1]",9384,2.7612805215278747e-13,4.322467344299089e-12,1e-12
8f459d0d1686724216a710f10936e902f54945932d9aa9633ab2c9b765e16363,C,hybrid_tdvp,11,rxx,0.05,2,9,7,64,4,22,22,mixed,0.8788192709435817,0.8788192709435817,0.1211807290564183,0.3536845769170088,0.9999999999999996,0.9999999999966424,0.12695809509342437,0.027596686831815476,1.1209606360062025,54,"[1, 2, 4, 8, 16, 32, 54, 32, 16, 8, 4, 2, 1]",9640,2.542404789171944e-13,7.094393523549456e-12,1e-12
4f1b69307aa12f161483201e235e569fcd5c8085e4ef1cc2946b2b760819ff97,C,hybrid_tdvp,11,rxx,0.05,2,9,7,64,8,22,22,mixed,0.8788192697699396,0.8788192697699396,0.12118073023006037,0.353684578683559,0.9999999999999996,0.999999999995471,0.126958097570699,0.027596690137324693,2.7821374110062607,55,"[1, 2, 4, 8, 16, 32, 55, 32, 16, 8, 4, 2, 1]",9768,2.817467276040133e-13,9.690403787576056e-12,1e-12
290127c1ac7b49eab4659c046b486ab561089b740413b02b5b4fa44074394f6a,C,hybrid_tdvp,11,rzz,0.05,2,8,6,8,1,23,23,commuting,0.9696906954337492,0.9696906954337492,0.030309304566250805,0.17476417220187068,0.9999999999999996,1.0000000000000007,0.03537865601466028,0.007365649841962856,0.03575360297691077,8,"[1, 2, 4, 8, 8, 8, 8, 8, 8, 8, 4, 2, 1]",936,3.721784950274423e-05,0.0010523934160525067,1e-12
f5c3e1d60b665e2a814f7b583d5320dd2c1d7bff5a49b0e08bd33c573fcc4d18,C,hybrid_tdvp,11,rzz,0.05,2,8,6,8,2,23,23,commuting,0.9693624860873523,0.9693624860873523,0.030637513912647685,0.1757152336540827,0.9999999999999996,1.0000000000000002,0.03588092433556844,0.007399851753968924,0.185725232004188,8,"[1, 2, 4, 8, 8, 8, 8, 8, 8, 8, 4, 2, 1]",936,1.8875480455383525e-05,0.0005301044426609788,1e-12
7f387a1975d3cb9f938bfdffe34d977c48a609f6cb8b817614c383a57cc3f10c,C,hybrid_tdvp,11,rzz,0.05,2,8,6,8,4,23,23,commuting,0.9691959209844527,0.9691959209844527,0.03080407901554727,0.17619599157715507,0.9999999999999996,1.0,0.03612748174795999,0.007417501002461556,0.16573280096054077,8,"[1, 2, 4, 8, 8, 8, 8, 8, 8, 8, 4, 2, 1]",936,9.503549143895938e-06,0.00026600228252469954,1e-12
78f63560ffa0115bd8a5109d852869127d3c9e076b93cac98a68222a7021562b,C,hybrid_tdvp,11,rzz,0.05,2,8,6,8,8,23,23,commuting,0.9691120071598965,0.9691120071598965,0.030887992840103462,0.17643771197978217,0.9999999999999996,1.0,0.036249692094210584,0.007426480095294774,0.13329240900930017,8,"[1, 2, 4, 8, 8, 8, 8, 8, 8, 8, 4, 2, 1]",936,4.7681352691739e-06,0.00013323550446189066,1e-12
6f60d221bfe253a8a02828ab94e999c386f078e337cdf5ca8216f7b770548b88,C,hybrid_tdvp,11,rzz,0.05,2,8,6,16,1,23,23,commuting,0.9981490892242652,0.9981490892242652,0.0018509107757348486,0.043032174439018835,0.9999999999999996,0.9999999999999999,0.015639092850115,0.003215159362617903,0.04513796896208078,16,"[1, 2, 4, 8, 16, 16, 16, 16, 16, 8, 4, 2, 1]",2728,1.8025926210040284e-06,3.3884103284710546e-05,1e-12
ee717a9d1617651dd5f5c514dabd67e05af67ff6ece8746fbc5ae885ad53c94a,C,hybrid_tdvp,11,rzz,0.05,2,8,6,16,2,23,23,commuting,0.9980836170635676,0.9980836170635676,0.0019163829364323703,0.043787006612963225,0.9999999999999996,1.0000000000000004,0.01567031477045297,0.003223055383587088,0.0325757420505397,16,"[1, 2, 4, 8, 16, 16, 16, 16, 16, 8, 4, 2, 1]",2728,9.706335162159226e-07,1.9543925327078546e-05,1e-12
bf783593ec0d6acdf062d861874b2bb6518cf06630e3274a7a1d3e2d263b1573,C,hybrid_tdvp,11,rzz,0.05,2,8,6,16,4,23,23,commuting,0.9980702700675179,0.9980702700675179,0.0019297299324820827,0.0439392967197363,0.9999999999999996,1.0000000000000009,0.015682885435652022,0.0032204670420347796,0.12893736897967756,16,"[1, 2, 4, 8, 16, 16, 16, 16, 16, 8, 4, 2, 1]",2728,4.903742361561213e-07,1.0320399259188412e-05,1e-12
36ea6a5d50448354d0f91c9026773cbf6bfcc35a862feb3c1f98ab4114c4086a,C,hybrid_tdvp,11,rzz,0.05,2,8,6,16,8,23,23,commuting,0.9981007261088987,0.9981007261088987,0.0018992738911013385,0.043591014657161406,0.9999999999999996,0.9999999999999998,0.0156954844523466,0.0032192618489292756,0.1363291679881513,16,"[1, 2, 4, 8, 16, 16, 16, 16, 16, 8, 4, 2, 1]",2728,2.3158684077469265e-07,4.948970869685596e-06,1e-12
9449bc7bb045527f31c30f0545bea723cb82e9cef44d23147f25db10d40f8c22,C,hybrid_tdvp,11,rzz,0.05,2,8,6,64,1,23,23,commuting,0.9987158627196066,0.9987158627196066,0.0012841372803934492,0.03584061657466275,0.9999999999999996,0.9999999999995062,0.015498538255624306,0.0032266073464559336,0.21810176799772307,32,"[1, 2, 4, 8, 16, 32, 32, 32, 16, 8, 4, 2, 1]",6824,8.745431637954357e-21,9.785157914534907e-13,1e-12
a79729e1a25491a186e1b50e50c66f9681d6e0492940621e809c7fbbefdb01d7,C,hybrid_tdvp,11,rzz,0.05,2,8,6,64,2,23,23,commuting,0.99871586709201,0.99871586709201,0.00128413290799001,0.03584055549944162,0.9999999999999996,0.9999999999981413,0.015498544370920103,0.003226603973923953,0.45461814204463735,32,"[1, 2, 4, 8, 16, 32, 32, 32, 16, 8, 4, 2, 1]",6824,1.1277141497476667e-18,3.851353694752954e-12,1e-12
0be3c6743d40a6a72a261f45306680c9c3cd065dbd5f8011f8a3432cb8ef10f7,C,hybrid_tdvp,11,rzz,0.05,2,8,6,64,4,23,23,commuting,0.9987158639223414,0.9987158639223414,0.0012841360776586486,0.03584059965500189,0.9999999999999996,0.9999999999948488,0.015498542450895075,0.003226606267941106,0.30778077704599127,32,"[1, 2, 4, 8, 16, 31, 32, 31, 16, 8, 4, 2, 1]",6632,8.216718424381406e-13,1.05431901425537e-11,1e-12
f414d47623e349b0801450492e9966d20b67a1180c9b9d05404f283c72300c7d,C,hybrid_tdvp,11,rzz,0.05,2,8,6,64,8,23,23,commuting,0.9987158606407761,0.9987158606407761,0.0012841393592238903,0.035840645265463385,0.9999999999999996,0.9999999999877192,0.015498543093922582,0.0032266026973634242,0.5578718219767325,32,"[1, 2, 4, 8, 16, 30, 32, 30, 16, 8, 4, 2, 1]",6440,2.322232773817069e-12,2.5213226036548155e-11,1e-12
a826855f3b91189415e706afd1c4324383eb23e399fc66066fada3899c25dc5e,C,hybrid_tdvp,11,rzz,0.05,2,8,6,8,1,23,23,mixed,0.875879582052971,0.875879582052971,0.124120417947029,0.3580938843881266,0.9999999999999996,0.9999999999999994,0.1363940969889971,0.02826455306248543,0.028349499974865466,8,"[1, 2, 4, 8, 8, 8, 8, 8, 8, 8, 4, 2, 1]",936,4.196043334043751e-05,0.0010570669639496564,1e-12
7dbd6b76ca0586d556a7913a89147eafd41a439874f0ff1355ef9e537b45bf0f,C,hybrid_tdvp,11,rzz,0.05,2,8,6,8,2,23,23,mixed,0.8760706687869882,0.8760706687869882,0.12392933121301175,0.35780869673247595,0.9999999999999996,0.9999999999999997,0.1361111871497488,0.02821802562568888,0.3889887550030835,8,"[1, 2, 4, 8, 8, 8, 8, 8, 8, 8, 4, 2, 1]",936,2.1255349430943598e-05,0.0005299986565546883,1e-12
e61f996e101079d15f4e693f04c906dd1fbd81c0bae9d61a5bbf66e712d73c67,C,hybrid_tdvp,11,rzz,0.05,2,8,6,8,4,23,23,mixed,0.8761592091885516,0.8761592091885516,0.12384079081144839,0.3576764879520022,0.9999999999999996,0.9999999999999998,0.13597826330535628,0.028196475522607796,0.10628673294559121,8,"[1, 2, 4, 8, 8, 8, 8, 8, 8, 8, 4, 2, 1]",936,1.0695212474093089e-05,0.00026538343073469986,1e-12
4764c331b7ef5762d2554d4c1cb9051f969aa5ca30a1c589dfeb49c2cbd92ca2,C,hybrid_tdvp,11,rzz,0.05,2,8,6,8,8,23,23,mixed,0.8762017895186507,0.8762017895186507,0.12379821048134931,0.3576128918561143,0.9999999999999996,0.9999999999999998,0.13591385770372352,0.028186110992742368,0.14846153202233836,8,"[1, 2, 4, 8, 8, 8, 8, 8, 8, 8, 4, 2, 1]",936,5.364363135468866e-06,0.0001327902522644519,1e-12
bcb3c59bcaf5c2b4f280fd4af62ccd0f58b6741d2ed1c501c95fdb04c406b5d9,C,hybrid_tdvp,11,rzz,0.05,2,8,6,16,1,23,23,mixed,0.862046855390512,0.862046855390512,0.13795314460948804,0.37824652241288886,0.9999999999999996,0.9999999999999999,0.14390386179622042,0.030011517469484855,0.043621635995805264,16,"[1, 2, 4, 8, 16, 16, 16, 16, 16, 8, 4, 2, 1]",2728,4.33529653499883e-06,9.460640936640694e-05,1e-12
c98cc22699215dd82b516144121ba913929c71c0f1d58d55da54ed780d1fcd90,C,hybrid_tdvp,11,rzz,0.05,2,8,6,16,2,23,23,mixed,0.8624267897054535,0.8624267897054535,0.1375732102945465,0.3777052683872204,0.9999999999999996,0.9999999999999998,0.14379515003739832,0.029940047046254928,0.057494804030284286,16,"[1, 2, 4, 8, 16, 16, 16, 16, 16, 8, 4, 2, 1]",2728,2.052800338956122e-06,4.943332753558327e-05,1e-12
98a1554ce76aa11de1ef7a421e3b7f08b62c6d26a1e1c23c2a135f8e150eb30d,C,hybrid_tdvp,11,rzz,0.05,2,8,6,16,4,23,23,mixed,0.8627792332951474,0.8627792332951474,0.13722076670485261,0.37720259003023654,0.9999999999999996,1.0000000000000009,0.1437702320282073,0.029921755741776083,0.12281910300953314,16,"[1, 2, 4, 8, 16, 16, 16, 16, 16, 8, 4, 2, 1]",2728,1.028973059049726e-06,2.6234061977548338e-05,1e-12
3d2d4a554dba7f6592d790514415d8f1bd765356a0905afb2bbc4a696a813b8b,C,hybrid_tdvp,11,rzz,0.05,2,8,6,16,8,23,23,mixed,0.862930321293986,0.862930321293986,0.13706967870601405,0.37698624603561054,0.9999999999999996,0.9999997442069877,0.14374401155902625,0.029910615375528516,0.15282295097131282,16,"[1, 2, 4, 8, 16, 16, 16, 16, 16, 8, 4, 2, 1]",2728,5.199721014486467e-07,1.3509428382490927e-05,1e-12
c2fa3a69fc68c79c0c47c49ac56f43d7ccb1f53f325f30861fcebe3b6206ac51,C,hybrid_tdvp,11,rzz,0.05,2,8,6,64,1,23,23,mixed,0.8617276033050343,0.8617276033050343,0.13827239669496572,0.3787008225296737,0.9999999999999996,0.9999999999986378,0.1437839665797036,0.03007823574372022,0.367664011020679,54,"[1, 2, 4, 8, 16, 32, 54, 32, 16, 8, 4, 2, 1]",9640,1.1082119473925714e-13,2.819324488159341e-12,1e-12
c9a01516e5402a1da529e82d5170f625167576b043133e1d278b8f53e401979e,C,hybrid_tdvp,11,rzz,0.05,2,8,6,64,2,23,23,mixed,0.8617276087793998,0.8617276087793998,0.1382723912206002,0.37870081474128037,0.9999999999999996,0.9999999999977868,0.14378396898159668,0.03007824293188677,0.6611004989827052,53,"[1, 2, 4, 8, 16, 32, 53, 32, 16, 8, 4, 2, 1]",9512,2.3448555369890027e-13,4.55695289799799e-12,1e-12
51d6e6fb3b0e8c444146147b271ec2ab7d7d39b1bbcb3e4354d081efd8062b8c,C,hybrid_tdvp,11,rzz,0.05,2,8,6,64,4,23,23,mixed,0.8617276021065392,0.8617276021065392,0.1382723978934608,0.37870082422865553,0.9999999999999996,0.9999999999965057,0.14378397024034154,0.030078247494967975,1.0764668119954877,53,"[1, 2, 4, 8, 16, 32, 53, 32, 16, 8, 4, 2, 1]",9512,2.7817962576042275e-13,7.372573149309878e-12,1e-12
9541d5b41a09b06379d803a4fbdae4003a62abb0fc7ade2c61f266cfdb194cda,C,hybrid_tdvp,11,rzz,0.05,2,8,6,64,8,23,23,mixed,0.8617275998594497,0.8617275998594497,0.1382724001405503,0.378700827421803,0.9999999999999996,0.999999999995419,0.14378397271756793,0.03007825102791254,1.9096225009998307,55,"[1, 2, 4, 8, 16, 32, 55, 32, 16, 8, 4, 2, 1]",9768,1.0264045446153515e-13,9.793044242037587e-12,1e-12
0461433f24118b30d94b9e5c88ec4cf23075d2c452da24c4422dbf9d89ca311f,C,hybrid_tdvp,11,rzz,0.05,3,9,6,8,1,24,24,commuting,0.9683031174368785,0.9683031174368785,0.03169688256312153,0.17875155106586807,0.9999999999999996,1.0000000000000002,0.02498287940874877,0.006904228654623818,0.3244592319824733,8,"[1, 2, 4, 8, 8, 8, 8, 8, 8, 8, 4, 2, 1]",936,3.219612098937342e-05,0.0010845895370418803,1e-12
67e7722e635e98a34afa30a2aa3e91722b0b541cc33fdfa0f54ac66e3404902c,C,hybrid_tdvp,11,rzz,0.05,3,9,6,8,2,24,24,commuting,0.9679513894561622,0.9679513894561622,0.032048610543837786,0.17974867986050116,0.9999999999999996,0.9999999999999999,0.025503572783915907,0.006945707526660781,0.08639240596676245,8,"[1, 2, 4, 8, 8, 8, 8, 8, 8, 8, 4, 2, 1]",936,1.6217783910211355e-05,0.0005463222265711901,1e-12
0c862838e97d74b0ee77ba90c8ef86f9383fe22a1be76add2ddd138d783ca64d,C,hybrid_tdvp,11,rzz,0.05,3,9,6,8,4,24,24,commuting,0.9677732714951572,0.9677732714951572,0.03222672850484276,0.18025159890837053,0.9999999999999996,1.0000000000000007,0.02575958579600046,0.006966785431510994,0.13954716303851455,8,"[1, 2, 4, 8, 8, 8, 8, 8, 8, 8, 4, 2, 1]",936,8.139002111952873e-06,0.00027414128463665245,1e-12
3786b4499a0059dea28c675ed47e022034efec44f22d3d3dd7722f1734a00c62,C,hybrid_tdvp,11,rzz,0.05,3,9,6,8,8,24,24,commuting,0.9676836216525395,0.9676836216525395,0.032316378347460484,0.18050421408590148,0.9999999999999996,1.0000000000000002,0.02588657819846918,0.006977432805949801,0.13235163502395153,8,"[1, 2, 4, 8, 8, 8, 8, 8, 8, 8, 4, 2, 1]",936,4.077039995641262e-06,0.00013731254445753199,1e-12
b84df0e92e5011b616679743e7ba297995e5fcf49b5e3df514460364e0db97e3,C,hybrid_tdvp,11,rzz,0.05,3,9,6,16,1,24,24,commuting,0.9993545375524441,0.9993545375524441,0.0006454624475559223,0.02540800339710825,0.9999999999999996,0.9999999999999998,0.0007834446973504217,0.0001867172139983763,0.03296588500961661,16,"[1, 2, 4, 8, 16, 16, 16, 16, 16, 8, 4, 2, 1]",2728,2.599149370051471e-06,3.648325265476202e-05,1e-12
e6bc2d34ec8c0f3896fc9db8b90def19810df9af3b3c0797a7d091d56945af66,C,hybrid_tdvp,11,rzz,0.05,3,9,6,16,2,24,24,commuting,0.9993008268750988,0.9993008268750988,0.0006991731249011979,0.026444193661542097,0.9999999999999996,0.9999999999999989,0.0009374563768762001,0.0002358830237109552,0.04571717401267961,16,"[1, 2, 4, 8, 16, 16, 16, 16, 16, 8, 4, 2, 1]",2728,1.442386288318486e-06,2.0986311615397035e-05,1e-12
400e18c7889a791b23b9bc2fd70ddef81a65d4c45fe5c058121440e740d755a0,C,hybrid_tdvp,11,rzz,0.05,3,9,6,16,4,24,24,commuting,0.9992947778069932,0.9992947778069932,0.0007052221930068381,0.02655836161086701,0.9999999999999996,1.0000000000000002,0.0008827828574349827,0.0002346564820188417,0.0966500909999013,16,"[1, 2, 4, 8, 16, 16, 16, 16, 16, 8, 4, 2, 1]",2728,7.17447013469785e-07,1.1037846272658193e-05,1e-12
51a86baf7023ebf4c3fbf58d38847caaa5785bc12883f9cbbee3271a9223bd9e,C,hybrid_tdvp,11,rzz,0.05,3,9,6,16,8,24,24,commuting,0.9993296001748663,0.9993296001748663,0.0006703998251337273,0.02588812645008763,0.9999999999999996,0.999999841434638,0.0007540162803461592,0.00020589146266993753,0.13610573002370074,16,"[1, 2, 4, 8, 16, 16, 16, 16, 16, 8, 4, 2, 1]",2728,3.343964350157577e-07,5.283367304701353e-06,1e-12
f253d09d506b2079dd49f5bc44be9e2b2411c80df654536600853d51dc0ecc60,C,hybrid_tdvp,11,rzz,0.05,3,9,6,64,1,24,24,commuting,0.9999999999841664,0.9999999999841664,1.5833556687994133e-11,3.8530147745785445e-06,0.9999999999999996,0.9999999999995055,4.293540821487252e-08,1.0047048307575854e-08,0.18870670296018943,32,"[1, 2, 4, 8, 16, 32, 32, 32, 16, 8, 4, 2, 1]",6824,5.4221919411048264e-21,9.785157968756826e-13,1e-12
d7238c08ce2e8b5b1c1e4ba8d93d3cd9b30e1806e0fdcb8c2680e613796803ee,C,hybrid_tdvp,11,rzz,0.05,3,9,6,64,2,24,24,commuting,0.9999999998476579,0.9999999998476579,1.5234213890380488e-10,1.2191079212615324e-05,0.9999999999999996,0.9999999999981393,3.360898684495739e-07,4.9351040699231166e-08,0.5207603730377741,32,"[1, 2, 4, 8, 16, 32, 32, 32, 16, 8, 4, 2, 1]",6824,7.486733762635584e-19,3.851354443426331e-12,1e-12
f250407e03078df71383c3a66714fc0cf850b79f81b017ac18486f352f821e55,C,hybrid_tdvp,11,rzz,0.05,3,9,6,64,4,24,24,commuting,0.999999999238093,0.999999999238093,7.619069819497781e-10,2.7396109577836012e-05,0.9999999999999996,0.9999999999943195,2.121100349597449e-07,3.7096583351655284e-08,0.26611371303442866,32,"[1, 2, 4, 8, 16, 31, 32, 31, 16, 8, 4, 2, 1]",6632,1.0652152448818976e-12,1.1608405387435601e-11,1e-12
d15db6f2dfea40a7ab70e92ce5accf2cb57eb4baabcf5fa8ff87896b912ffc1d,C,hybrid_tdvp,11,rzz,0.05,3,9,6,64,8,24,24,commuting,0.9999999965573103,0.9999999965573103,3.4426896888817282e-09,5.8454581017195964e-05,0.9999999999999996,0.9999999999871232,4.2740202445962217e-07,6.533572773237043e-08,0.322063444997184,32,"[1, 2, 4, 8, 16, 31, 32, 30, 16, 8, 4, 2, 1]",6536,1.2084790226908267e-12,2.6421705059238975e-11,1e-12
7365e28a1ab143a48198e3555460d732d6b328be6b7697600d8489bb01d38a00,C,hybrid_tdvp,11,ryy,0.05,3,9,6,8,1,24,24,mixed,0.8613557985481589,0.8613557985481589,0.1386442014518411,0.379229325720012,0.9999999999999996,1.0000000000000002,0.13636210258681675,0.030159210778745577,0.0585135180153884,8,"[1, 2, 4, 8, 8, 8, 8, 8, 8, 8, 4, 2, 1]",936,3.851487703929545e-05,0.0010955818409889516,1e-12
467ebe3641eea43d21db638c6a675523dab53ff99839d394045ef7f712797d9b,C,hybrid_tdvp,11,ryy,0.05,3,9,6,8,2,24,24,mixed,0.8615627352086281,0.8615627352086281,0.13843726479137186,0.37893525175737863,0.9999999999999996,1.0000000000000002,0.1360692465135842,0.03011401575196855,0.536523858027067,8,"[1, 2, 4, 8, 8, 8, 8, 8, 8, 8, 4, 2, 1]",936,1.9381223473785968e-05,0.0005493798800284743,1e-12
515a6ba600769ff611b5cb201fbdb2f56d3dbbbbd134af9116aeea054fda84b9,C,hybrid_tdvp,11,ryy,0.05,3,9,6,8,4,24,24,mixed,0.8616589208372294,0.8616589208372294,0.1383410791627706,0.3787984984047988,0.9999999999999996,0.9999999999999998,0.13593136648088383,0.030093029877977556,0.10901880695018917,8,"[1, 2, 4, 8, 8, 8, 8, 8, 8, 8, 4, 2, 1]",936,9.720273931601454e-06,0.00027510370466630123,1e-12
687f200f77692be4ae2e6a4c979c406d1c43162baac72d336e02afffd1ce81b7,C,hybrid_tdvp,11,ryy,0.05,3,9,6,8,8,24,24,mixed,0.8617052514560977,0.8617052514560977,0.13829474854390233,0.3787326122600705,0.9999999999999996,0.9999999999999997,0.13586448852752547,0.03008292369089317,0.1712583979824558,8,"[1, 2, 4, 8, 8, 8, 8, 8, 8, 8, 4, 2, 1]",936,4.867395040923804e-06,0.00013765764730537568,1e-12
95e7bdd128f67ec09db51106b023e75f0220c0a0470678a5b25c292185c7dfa4,C,hybrid_tdvp,11,ryy,0.05,3,9,6,16,1,24,24,mixed,0.8453325678211125,0.8453325678211125,0.15466743217888745,0.40144815158436453,0.9999999999999996,1.0000000000000002,0.14391653255800452,0.031860360991991576,0.0368540640338324,16,"[1, 2, 4, 8, 16, 16, 16, 16, 16, 8, 4, 2, 1]",2728,5.937571121219012e-06,0.00010054398048762595,1e-12
ee04613834b9bbff89574aa4e9e7116e59de7008cc86f91bcd0a5e92d15014ae,C,hybrid_tdvp,11,ryy,0.05,3,9,6,16,2,24,24,mixed,0.8457395240251312,0.8457395240251312,0.1542604759748688,0.4008965562029866,0.9999999999999996,0.9999999999999992,0.14380940064607,0.031782585895314325,0.07047026499640197,16,"[1, 2, 4, 8, 16, 16, 16, 16, 16, 8, 4, 2, 1]",2728,2.6365747922178432e-06,5.206990232780113e-05,1e-12
8e3c318d67495157788661364b1b87ecec0b2747065228f8fa7b0f6d658b544d,C,hybrid_tdvp,11,ryy,0.05,3,9,6,16,4,24,24,mixed,0.8461272843283115,0.8461272843283115,0.15387271567168848,0.4003703959581733,0.9999999999999996,1.0000000000000007,0.14378678682400609,0.03175583411532835,0.13419998699100688,16,"[1, 2, 4, 8, 16, 16, 16, 16, 16, 8, 4, 2, 1]",2728,1.3110735024288706e-06,2.7545135479977214e-05,1e-12
9e7dedd62a2837e1c1ad7976a4737d5ea4d73db8d0f36cbbc474cb54f5894cb4,C,hybrid_tdvp,11,ryy,0.05,3,9,6,16,8,24,24,mixed,0.8462893575427859,0.8462893575427859,0.1537106424572141,0.40015030609879276,0.9999999999999996,1.0000000000000009,0.1437622112681485,0.03174162865581685,0.21116492402506992,16,"[1, 2, 4, 8, 16, 16, 16, 16, 16, 8, 4, 2, 1]",2728,6.601824914046485e-07,1.4169610873895575e-05,1e-12
3be2a8ab93c13a215327daf898e25484f4a5aa6add4f9ba85a7b0ff863c1b05d,C,hybrid_tdvp,11,ryy,0.05,3,9,6,64,1,24,24,mixed,0.8449405205067131,0.8449405205067131,0.1550594794932869,0.40197894871408285,0.9999999999999996,0.9999999999985418,0.1437839665797329,0.03194210851068759,0.37843481096206233,57,"[1, 2, 4, 8, 16, 32, 57, 32, 16, 8, 4, 2, 1]",10024,1.9092647872405619e-13,3.010250966883397e-12,1e-12
9c6255b604ad5f168884a9de70ecd34b9a3a48755edc57aad3944b445a14b017,C,hybrid_tdvp,11,ryy,0.05,3,9,6,64,2,24,24,mixed,0.8449405265705181,0.8449405265705181,0.1550594734294819,0.4019789405066596,0.9999999999999996,0.9999999999977215,0.14378396898161105,0.031942115283657445,0.6232101240311749,57,"[1, 2, 4, 8, 16, 32, 57, 32, 16, 8, 4, 2, 1]",10024,1.474639751003592e-13,4.70441687309835e-12,1e-12
956a9dafdacdcacc9ff3581f968b3f8e8608d1c70c09d0b3f11af78144215534,C,hybrid_tdvp,11,ryy,0.05,3,9,6,64,4,24,24,mixed,0.8449405197473833,0.8449405197473833,0.15505948025261673,0.4019789497363133,0.9999999999999996,0.9999999999964221,0.14378397024031264,0.0319421197912309,1.1492497420404106,56,"[1, 2, 4, 8, 16, 32, 56, 32, 16, 8, 4, 2, 1]",9896,1.8610435147174732e-13,7.558677500781626e-12,1e-12
2b56158486dd405caaff701a5c8ec3f1d80c27afd2d3b94fc192bbf5a0de56e8,C,hybrid_tdvp,11,ryy,0.05,3,9,6,64,8,24,24,mixed,0.8449405185523878,0.8449405185523878,0.15505948144761217,0.40197895135047684,0.9999999999999996,0.9999999999952659,0.14378397271741838,0.031942122985358555,2.1896758119692095,55,"[1, 2, 4, 8, 16, 32, 55, 32, 16, 8, 4, 2, 1]",9768,2.9590855501535864e-13,1.0088952797052947e-11,1e-12
49f62f82f1288c03984dc8bf7c25fe39bac202bcf5c0d83a67691278e3212994,C,hybrid_tdvp,11,rzz,0.05,2,9,7,8,1,25,25,commuting,0.9667852393154184,0.9667852393154184,0.03321476068458162,0.18301705800056917,0.9999999999999996,0.9999999999999996,0.027793740482957574,0.00714192251349171,0.10055882501183078,8,"[1, 2, 4, 8, 8, 8, 8, 8, 8, 8, 4, 2, 1]",936,3.15332508234255e-05,0.0011161227878653055,1e-12
3eddd34481184ca4bcfe325a7bf405db8af8529bd20c5698e5f4d56167773ff6,C,hybrid_tdvp,11,rzz,0.05,2,9,7,8,2,25,25,commuting,0.966406164186657,0.966406164186657,0.033593835813342965,0.18406741479395403,0.9999999999999996,0.9999999999999997,0.02840901531825546,0.007190686569936076,0.047768385033123195,8,"[1, 2, 4, 8, 8, 8, 8, 8, 8, 8, 4, 2, 1]",936,1.607700619508814e-05,0.0005623992327662785,1e-12
92626da6ab906bf13558668d23fb5b59c6bc1b0a8f790f10d01ce620a9e02a79,C,hybrid_tdvp,11,rzz,0.05,2,9,7,8,4,25,25,commuting,0.9662140448012326,0.9662140448012326,0.03378595519876737,0.1845975431921876,0.9999999999999996,1.0000000000000004,0.02871213614261592,0.007215450928906672,1.3803026900277473,8,"[1, 2, 4, 8, 8, 8, 8, 8, 8, 8, 4, 2, 1]",936,8.116895976125195e-06,0.00028225818061277774,1e-12
3726bb3e9b315812a48304015ee15d86ac79c0e88a171201356d8573c99c9951,C,hybrid_tdvp,11,rzz,0.05,2,9,7,8,8,25,25,commuting,0.966117304796671,0.966117304796671,0.03388269520332898,0.18486392903792417,0.9999999999999996,1.0000000000000002,0.02886264760578472,0.007227953182810568,0.17014259402640164,8,"[1, 2, 4, 8, 8, 8, 8, 8, 8, 8, 4, 2, 1]",936,4.078150381836527e-06,0.00014139069483936847,1e-12
976f926be7812d4c62340f358f2f1905790f0ba1d26cc96775881100a1e4d710,C,hybrid_tdvp,11,rzz,0.05,2,9,7,16,1,25,25,commuting,0.9993637988177319,0.9993637988177319,0.0006362011822681479,0.02522503523200706,0.9999999999999996,0.9999999999999999,0.0007334320607806921,0.00018560335440816702,0.04458943801000714,16,"[1, 2, 4, 8, 16, 16, 16, 16, 16, 8, 4, 2, 1]",2728,8.40891782448107e-07,3.732414443721012e-05,1e-12
a90ca720f51f720b199b064e772a348c0997627d9eafff1073d5fe308f0b048d,C,hybrid_tdvp,11,rzz,0.05,2,9,7,16,2,25,25,commuting,0.999313636259051,0.999313636259051,0.000686363740948992,0.02619257946434009,0.9999999999999996,0.9999997848318831,0.0008729975061088635,0.00023281687411250097,0.06604418304050341,16,"[1, 2, 4, 8, 16, 16, 16, 16, 16, 8, 4, 2, 1]",2728,4.384997183963301e-07,2.142481133379336e-05,1e-12
474b2de254d345507ad007b7956ad8cbf045d48905947aa39893da0fc29e3d61,C,hybrid_tdvp,11,rzz,0.05,2,9,7,16,4,25,25,commuting,0.9993081663031085,0.9993081663031085,0.0006918336968915195,0.026300831099086302,0.9999999999999996,0.9999998901598615,0.0008292574685306864,0.00023119351384353988,0.11775620095431805,16,"[1, 2, 4, 8, 16, 16, 16, 16, 16, 8, 4, 2, 1]",2728,2.2439860854999861e-07,1.1262244881208195e-05,1e-12
9e5b50542a24d4930f4d8018bd89d0eca0325024f26e9b6120dde78a1dbb78ec,C,hybrid_tdvp,11,rzz,0.05,2,9,7,16,8,25,25,commuting,0.9993406934611742,0.9993406934611742,0.0006593065388258434,0.025670810065413406,0.9999999999999996,0.9999997876217132,0.0007055314920025868,0.00020320231276975024,0.15050163900014013,16,"[1, 2, 4, 8, 16, 16, 16, 16, 16, 8, 4, 2, 1]",2728,1.0997038851336208e-07,5.3933376932147135e-06,1e-12
eaf866347577c7071c16d515c8b9f7d7ae0bf6e25d205dae28cb6b27563f658e,C,hybrid_tdvp,11,rzz,0.05,2,9,7,64,1,25,25,commuting,0.999999999984174,0.999999999984174,1.582600717142668e-11,3.8530147772617475e-06,0.9999999999999996,0.9999999999995092,4.2935406133204346e-08,1.0056976360270328e-08,0.22378889401443303,32,"[1, 2, 4, 8, 16, 32, 32, 32, 16, 8, 4, 2, 1]",6824,8.81251424194883e-22,9.785157977569341e-13,1e-12
8a1d7437e49b3fb8bdc20570221eddd57589ba7f335fbf938e8ce48add8fe38c,C,hybrid_tdvp,11,rzz,0.05,2,9,7,64,2,25,25,commuting,0.9999999998476681,0.9999999998476681,1.5233192485197833e-10,1.2191079442202429e-05,0.9999999999999996,0.999999999998145,3.829204016925214e-07,5.4183513990404925e-08,0.4650562780443579,32,"[1, 2, 4, 8, 16, 32, 32, 32, 16, 8, 4, 2, 1]",6824,1.1289692079791932e-19,3.851354556323252e-12,1e-12
8490708930639b2070d62624260ed03558d8e9efc19d89861e8ef2d055925a27,C,hybrid_tdvp,11,rzz,0.05,2,9,7,64,4,25,25,commuting,0.999999999238512,0.999999999238512,7.614879837802846e-10,2.7388842411056798e-05,0.9999999999999996,0.9999999999943301,2.3865488289753767e-07,3.925777989148267e-08,0.23554724000860006,32,"[1, 2, 4, 8, 16, 31, 32, 31, 16, 8, 4, 2, 1]",6632,4.64801340532273e-17,1.1608451867569653e-11,1e-12
9783336a6ab06514a5385840796a27890041884a619099a167cb6eff03620a17,C,hybrid_tdvp,11,rzz,0.05,2,9,7,64,8,25,25,commuting,0.9999999965490682,0.9999999965490682,3.4509317625719405e-09,5.8525202719206465e-05,0.9999999999999996,0.9999999999871332,4.287004705533226e-07,6.54485603781101e-08,0.38235854799859226,32,"[1, 2, 4, 8, 16, 31, 32, 30, 16, 8, 4, 2, 1]",6536,5.218238825121794e-15,2.64269232980641e-11,1e-12
713b82a79fa52ef306309357918ae521d36c053c953f04de89ebb58f6248568d,C,hybrid_tdvp,11,rxx,0.05,2,9,7,8,1,25,25,mixed,0.8584138377521859,0.8584138377521859,0.14158616224781406,0.3833894795429301,0.9999999999999996,0.9999999999999998,0.13702865651391602,0.03018563954009887,0.04583558003650978,8,"[1, 2, 4, 8, 8, 8, 8, 8, 8, 8, 4, 2, 1]",936,4.30851238623331e-05,0.0011386669648512848,1e-12
665ee21906c8c1c8fed423651e396029e306e84a177ddf6092994722f22a7571,C,hybrid_tdvp,11,rxx,0.05,2,9,7,8,2,25,25,mixed,0.8585848131642055,0.8585848131642055,0.14141518683579446,0.38314874973948293,0.9999999999999996,1.0000000000000004,0.1366972911882785,0.030139043911159877,0.5907550679985434,8,"[1, 2, 4, 8, 8, 8, 8, 8, 8, 8, 4, 2, 1]",936,2.1583324172638995e-05,0.0005709632042011136,1e-12
00ad2dbd19d18f345116c95531c5f296c5cc207dee038422c03bffb7b68d01e6,C,hybrid_tdvp,11,rxx,0.05,2,9,7,8,4,25,25,mixed,0.8586632698337799,0.8586632698337799,0.14133673016622006,0.38303824177679696,0.9999999999999996,1.0,0.13654082455939848,0.030117441596587382,0.376456830999814,8,"[1, 2, 4, 8, 8, 8, 8, 8, 8, 8, 4, 2, 1]",936,1.0799882385426287e-05,0.0002859035870517275,1e-12
a5a63452cf7d437fbba9805eb27756abec42acd17289ba4bf5503c24f894adb3,C,hybrid_tdvp,11,rxx,0.05,2,9,7,8,8,25,25,mixed,0.8587007961779852,0.8587007961779852,0.14129920382201477,0.38298537559924223,0.9999999999999996,1.0000000000000002,0.13646481697552118,0.0301070478545528,0.20052372699137777,8,"[1, 2, 4, 8, 8, 8, 8, 8, 8, 8, 4, 2, 1]",936,5.401769211026032e-06,0.0001430594165164017,1e-12
96bb9ecf2b90237637ee1b027ca42bfc23a79f2914ae8dd14b060d8db44d543a,C,hybrid_tdvp,11,rxx,0.05,2,9,7,16,1,25,25,mixed,0.8452429418314069,0.8452429418314069,0.1547570581685931,0.4015695481939768,0.9999999999999996,1.0000000000000007,0.1447246525863676,0.031831646851593114,0.06161548796808347,16,"[1, 2, 4, 8, 16, 16, 16, 16, 16, 8, 4, 2, 1]",2728,4.511521371877727e-06,0.00010505550185950369,1e-12
c08a2f352f5ceb5b32c9ef58ffd5f00973b5fc61957c2efccc9a5bf20a64423b,C,hybrid_tdvp,11,rxx,0.05,2,9,7,16,2,25,25,mixed,0.8456449740901164,0.8456449740901164,0.1543550259098836,0.4010247666157513,0.9999999999999996,1.0000000000000004,0.14459610070061762,0.03174462916992483,0.03297803399618715,16,"[1, 2, 4, 8, 16, 16, 16, 16, 16, 8, 4, 2, 1]",2728,2.3072437086066927e-06,5.4377146036407825e-05,1e-12
df8a4e177eb01639694a83af54e9b27784080be9c3b41030361856e241f757d5,C,hybrid_tdvp,11,rxx,0.05,2,9,7,16,4,25,25,mixed,0.8460377215280939,0.8460377215280939,0.15396227847190613,0.40049197631606676,0.9999999999999996,1.0000000000000009,0.14456271082179123,0.03171624451018103,0.13791918201604858,16,"[1, 2, 4, 8, 16, 16, 16, 16, 16, 8, 4, 2, 1]",2728,1.1224015822083024e-06,2.8667537062185518e-05,1e-12
715184d5f36b18e16fb93d6ff26abfd1cb7843f0d2961dadafb3573d77374318,C,hybrid_tdvp,11,rxx,0.05,2,9,7,16,8,25,25,mixed,0.8462024066863756,0.8462024066863756,0.15379759331362441,0.4002677292252506,0.9999999999999996,0.9999997335909016,0.14453756768927956,0.03170203425627579,0.16001174703706056,16,"[1, 2, 4, 8, 16, 16, 16, 16, 16, 8, 4, 2, 1]",2728,5.523480721894583e-07,1.4721958946085033e-05,1e-12
f3069a9dc4afe240af9aefc5e1084a8f8f43b719f632f3cd374db3440abc3d7c,C,hybrid_tdvp,11,rxx,0.05,2,9,7,64,1,25,25,mixed,0.8449405204524687,0.8449405204524687,0.1550594795475313,0.40197894878732776,0.9999999999999996,0.9999999999984792,0.14455614231681388,0.031911403048765,0.43462025199551135,52,"[1, 2, 4, 8, 16, 32, 52, 32, 16, 8, 4, 2, 1]",9384,1.2974765639305268e-13,3.1399986232764496e-12,1e-12
650c1c04f1a9db9a435a9e509d5250664943b4688d055fa121686d6d2e0a7d57,C,hybrid_tdvp,11,rxx,0.05,2,9,7,64,2,25,25,mixed,0.8449405265963017,0.8449405265963017,0.1550594734036983,0.4019789404715493,0.9999999999999996,0.9999999999976326,0.14455614562816976,0.031911410963671276,0.6433845279971138,53,"[1, 2, 4, 8, 16, 32, 53, 32, 16, 8, 4, 2, 1]",9512,1.8383998683672375e-13,4.888256859935073e-12,1e-12
c5a8ac4c6ae2fc4220a147b6e68f4b7f2f0c9e53e4dad21b10e0eba0d17be552,C,hybrid_tdvp,11,rxx,0.05,2,9,7,64,4,25,25,mixed,0.8449405197854009,0.8449405197854009,0.15505948021459914,0.40197894968460673,0.9999999999999996,0.9999999999963166,0.14455614735153463,0.03191141610045523,1.2083187489770353,54,"[1, 2, 4, 8, 16, 32, 54, 32, 16, 8, 4, 2, 1]",9640,2.2810010662238846e-13,7.786777607404014e-12,1e-12
a1a8a57c67be8ee23293d81c025a8cb49c1842ab921158d9ab8daaa54a74b9d2,C,hybrid_tdvp,11,rxx,0.05,2,9,7,64,8,25,25,mixed,0.8449405184873777,0.8449405184873777,0.15505948151262228,0.40197895143821794,0.9999999999999996,0.9999999999951745,0.14455615052244047,0.03191141968322247,2.1914917809772305,55,"[1, 2, 4, 8, 16, 32, 55, 32, 16, 8, 4, 2, 1]",9768,2.5195358031353047e-13,1.0340906377366479e-11,1e-12
7c7446512612c04c361af3ab6828fd63c27e7e291c2d4fa21e7a4e9c89b22781,C,hybrid_tdvp,11,rzz,0.05,2,8,6,8,1,26,26,commuting,0.963963113554409,0.963963113554409,0.036036886445591,0.19070274214535043,0.9999999999999996,0.9999999999999994,0.040400816802923956,0.00832411890147343,0.019477538007777184,8,"[1, 2, 4, 8, 8, 8, 8, 8, 8, 8, 4, 2, 1]",936,3.483585566186239e-05,0.001150958643527168,1e-12
b1cd427d1ec6f31c86ca0ce315289bf9fe094c1fd9d7708574a4e0af414c8f3d,C,hybrid_tdvp,11,rzz,0.05,2,8,6,8,2,26,26,commuting,0.9635800573491584,0.9635800573491584,0.036419942650841586,0.1917230430649542,0.9999999999999996,1.0000000000000002,0.041004617304253976,0.008371871678840856,0.09807169600389898,8,"[1, 2, 4, 8, 8, 8, 8, 8, 8, 8, 4, 2, 1]",936,1.76621979812574e-05,0.0005800614307475357,1e-12
759fa5cba071ccc654951b0c2cead5e651357c1e3a62f7d38c0f788ff1d0a510,C,hybrid_tdvp,11,rzz,0.05,2,8,6,8,4,26,26,commuting,0.9633851964360517,0.9633851964360517,0.036614803563948306,0.19224007013907002,0.9999999999999996,1.0000000000000004,0.04130194819244215,0.008396223627681332,1.631685512023978,8,"[1, 2, 4, 8, 8, 8, 8, 8, 8, 8, 4, 2, 1]",936,8.891870354938496e-06,0.00029115005096771627,1e-12
ecd020cf8a99a6fc2c31a336707c18cecb9f36b9fc7c41abf3de41854d617e9d,C,hybrid_tdvp,11,rzz,0.05,2,8,6,8,8,26,26,commuting,0.963286910384643,0.963286910384643,0.03671308961535702,0.1925003467658588,0.9999999999999996,1.0000000000000004,0.04144955412800533,0.00840853957498418,0.13408232800429687,8,"[1, 2, 4, 8, 8, 8, 8, 8, 8, 8, 4, 2, 1]",936,4.4611000364342205e-06,0.0001458517948758026,1e-12
2f663c56993ffc113937b371dc3fce0676788e9b938d2b9267b7f8e6e97e8b15,C,hybrid_tdvp,11,rzz,0.05,2,8,6,16,1,26,26,commuting,0.9979719113220532,0.9979719113220532,0.0020280886779467933,0.045045732405176356,0.9999999999999996,0.9999999999999986,0.015050774091307062,0.0032856732080193203,0.10242446599295363,16,"[1, 2, 4, 8, 16, 16, 16, 16, 16, 8, 4, 2, 1]",2728,1.9348204995788335e-06,3.9258964936788956e-05,1e-12
1305d3249dce0d5228988eafd2184a48a542da1054644b1476a5f3c6e338157e,C,hybrid_tdvp,11,rzz,0.05,2,8,6,16,2,26,26,commuting,0.9978952120664975,0.9978952120664975,0.00210478793350255,0.04589004939702322,0.9999999999999996,0.9999999999999998,0.015107098578747369,0.0032975483728221694,0.038102658989373595,16,"[1, 2, 4, 8, 16, 16, 16, 16, 16, 8, 4, 2, 1]",2728,1.0374871056457389e-06,2.24622984394391e-05,1e-12
e4ac10793a9971aa0eb43c3b26c72bb2c93afdc6eccb1a8717b9d10553b26147,C,hybrid_tdvp,11,rzz,0.05,2,8,6,16,4,26,26,commuting,0.9978837976910558,0.9978837976910558,0.0021162023089441595,0.046014378983034995,0.9999999999999996,0.9999999999999996,0.015124573453370538,0.0032944936621700847,0.0897283879457973,16,"[1, 2, 4, 8, 16, 16, 16, 16, 16, 8, 4, 2, 1]",2728,5.200753115798488e-07,1.1782320192788047e-05,1e-12
8dee11a107f54f62ecaa161dea563743d67ccb44a5da5c000e1282fae062000b,C,hybrid_tdvp,11,rzz,0.05,2,8,6,16,8,26,26,commuting,0.9979243209950106,0.9979243209950106,0.0020756790049893947,0.04557145197536702,0.9999999999999996,1.0,0.015128052584748086,0.0032909133632546407,0.16484678396955132,16,"[1, 2, 4, 8, 16, 16, 16, 16, 16, 8, 4, 2, 1]",2728,2.4502989324193453e-07,5.638367586456648e-06,1e-12
cdaa7847a86cf4b48863e17d793fe6e8ee66421ec58e9464787a5ebe97bc8473,C,hybrid_tdvp,11,rzz,0.05,2,8,6,64,1,26,26,commuting,0.9987158627196161,0.9987158627196161,0.0012841372803839013,0.03584061657464933,0.9999999999999996,0.9999999999995102,0.014818196367058584,0.0032984732637951664,0.19900225900346413,32,"[1, 2, 4, 8, 16, 32, 32, 32, 16, 8, 4, 2, 1]",6824,4.049244767129672e-21,9.78515801806179e-13,1e-12
c43f8f4f93a05b04f67d33047dd363701e841312b3728f1f5899f1d47b3def86,C,hybrid_tdvp,11,rzz,0.05,2,8,6,64,2,26,26,commuting,0.9987158670920231,0.9987158670920231,0.0012841329079769093,0.03584055549944368,0.9999999999999996,0.999999999998147,0.014818203720665363,0.0032984693127970904,0.4464825940085575,32,"[1, 2, 4, 8, 16, 32, 32, 32, 16, 8, 4, 2, 1]",6824,5.237975716865853e-19,3.851355080120824e-12,1e-12
d2c1f15057e8369ce77754458f5864093d506e4263e836ffa6fd3f0de7cbc101,C,hybrid_tdvp,11,rzz,0.05,2,8,6,64,4,26,26,commuting,0.9987158636541634,0.9987158636541634,0.0012841363458365729,0.03584060337000795,0.9999999999999996,0.9999999999938218,0.014818201313799045,0.0032984724923249683,0.26812144299037755,32,"[1, 2, 4, 8, 16, 31, 32, 31, 16, 8, 4, 2, 1]",6632,1.0374714892171493e-12,1.2645923356786802e-11,1e-12
2a55c8c85eacdfffb9319d8f45b30d64f66415f497ad618b90ab068ba8b402a2,C,hybrid_tdvp,11,rzz,0.05,2,8,6,64,8,26,26,commuting,0.9987158600108346,0.9987158600108346,0.0012841399891654337,0.03584065402604637,0.9999999999999996,0.9999999999865304,0.014818203076586822,0.003298468545065389,0.4249257940100506,32,"[1, 2, 4, 8, 16, 31, 32, 30, 16, 8, 4, 2, 1]",6536,1.2434680588972769e-12,2.7670391356961366e-11,1e-12
88ece631aade62914792f14122fbdd2739c7a6f2563972d8a24be392d5f36064,C,hybrid_tdvp,11,rzz,0.05,2,8,6,8,1,26,26,mixed,0.8434673836264981,0.8434673836264981,0.1565326163735019,0.40396830620468044,0.9999999999999996,0.9999999999999997,0.1534809591884366,0.032344173141889816,0.017761069000698626,8,"[1, 2, 4, 8, 8, 8, 8, 8, 8, 8, 4, 2, 1]",936,3.99858123696355e-05,0.00117865277722092,1e-12
ced36417e9ea64073272fc3b996135d53b386459b2b5890ce1b792e35a58c634,C,hybrid_tdvp,11,rzz,0.05,2,8,6,8,2,26,26,mixed,0.8437056833489215,0.8437056833489215,0.1562943166510785,0.40364704805674134,0.9999999999999996,1.0000000000000002,0.1531205817593129,0.03228485666948404,0.21370225300779566,8,"[1, 2, 4, 8, 8, 8, 8, 8, 8, 8, 4, 2, 1]",936,2.026042300672214e-05,0.0005912236272078355,1e-12
e56a5898f88255545c9b39edb42ebc3323664b38b09aa3d54a45a42ecaf44bd4,C,hybrid_tdvp,11,rzz,0.05,2,8,6,8,4,26,26,mixed,0.8438166188494962,0.8438166188494962,0.15618338115050379,0.4034974212148291,0.9999999999999996,1.0000000000000004,0.1529495856475994,0.03225710184551682,0.12095549004152417,8,"[1, 2, 4, 8, 8, 8, 8, 8, 8, 8, 4, 2, 1]",936,1.0196326751639206e-05,0.0002960999138033667,1e-12
9301ba5d98af1dabc1a03f5e8815d68678c4b2449401598bb7bebe70d4152117,C,hybrid_tdvp,11,rzz,0.05,2,8,6,8,8,26,26,mixed,0.8438700948468604,0.8438700948468604,0.15612990515313963,0.40342527790838695,0.9999999999999996,1.0000000000000004,0.1528663149325169,0.03224368410942013,0.35466567997355014,8,"[1, 2, 4, 8, 8, 8, 8, 8, 8, 8, 4, 2, 1]",936,5.114614986636225e-06,0.00014817403150303788,1e-12
6a24d828d0a6c6697591eab78025d4ddc4e974cbb06d58b68738381c4722f255,C,hybrid_tdvp,11,rzz,0.05,2,8,6,16,1,26,26,mixed,0.8267524450101895,0.8267524450101895,0.17324755498981048,0.4260063762232861,0.9999999999999996,1.0,0.16124868205943887,0.034317071069080315,0.018933369021397084,16,"[1, 2, 4, 8, 16, 16, 16, 16, 16, 8, 4, 2, 1]",2728,4.66078229189173e-06,0.00010971628415139541,1e-12
581397dcd58b63c5946405f7fb555717c846177dbb53e095a68519a6fcd9b8d8,C,hybrid_tdvp,11,rzz,0.05,2,8,6,16,2,26,26,mixed,0.8271667038963535,0.8271667038963535,0.1728332961036465,0.42547137300665844,0.9999999999999996,1.0000000000000018,0.16112958185239906,0.0342350668243348,0.06759970396524295,16,"[1, 2, 4, 8, 16, 16, 16, 16, 16, 8, 4, 2, 1]",2728,2.196564599416771e-06,5.65737106358246e-05,1e-12
992a95673839425b5b690e26b58e91a2ddffee588c185ebe76e7ccbb92ab0fd6,C,hybrid_tdvp,11,rzz,0.05,2,8,6,16,4,26,26,mixed,0.8275699899821826,0.8275699899821826,0.17243001001781744,0.42495002272501897,0.9999999999999996,1.0000000000000002,0.16110344156983114,0.034215438121221395,0.13024884602054954,16,"[1, 2, 4, 8, 16, 16, 16, 16, 16, 8, 4, 2, 1]",2728,1.096754083643286e-06,2.9764291145828798e-05,1e-12
e3174e45b245da03eb2c57eeb15c3366f82656e01eada958448fb15b756c50dc,C,hybrid_tdvp,11,rzz,0.05,2,8,6,16,8,26,26,mixed,0.8277413963022572,0.8277413963022572,0.17225860369774282,0.42472828098581916,0.9999999999999996,1.000000000000001,0.16107880063853694,0.03420314405901317,0.2964632049552165,16,"[1, 2, 4, 8, 16, 16, 16, 16, 16, 8, 4, 2, 1]",2728,5.526607097858794e-07,1.527461965587092e-05,1e-12
6449232521db5108af057ecd775410ae7179563f70c0308aca795139a570e51d,C,hybrid_tdvp,11,rzz,0.05,2,8,6,64,1,26,26,mixed,0.8263943606583951,0.8263943606583951,0.1736056393416049,0.4264683986870611,0.9999999999999996,0.9999999999984083,0.1611000382055124,0.034399882186773055,0.3516009059967473,54,"[1, 2, 4, 8, 16, 32, 54, 32, 16, 8, 4, 2, 1]",9640,1.45597828898705e-13,3.2855964521751546e-12,1e-12
9acf0779013121b8a9282e50408e9ee3f1128f5db59fcde51f227cd134ebbb61,C,hybrid_tdvp,11,rzz,0.05,2,8,6,64,2,26,26,mixed,0.8263943677015133,0.8263943677015133,0.1736056322984867,0.4264683896014483,0.9999999999999996,0.9999999999975194,0.1611000415168525,0.0343998904174061,0.569840333017055,53,"[1, 2, 4, 8, 16, 32, 53, 32, 16, 8, 4, 2, 1]",9512,2.2928424397588704e-13,5.11754110391096e-12,1e-12
cd368e69e12a81f100bbe1539486c85e24f561aec383f591dda6d4e0d96881ae,C,hybrid_tdvp,11,rzz,0.05,2,8,6,64,4,26,26,mixed,0.8263943609802028,0.8263943609802028,0.1736056390197972,0.42646839826690236,0.9999999999999996,0.9999999999962248,0.161100043240183,0.034399895642878944,1.1069662459776737,54,"[1, 2, 4, 8, 16, 32, 54, 32, 16, 8, 4, 2, 1]",9640,1.8804657619914487e-13,7.974824183603158e-12,1e-12
a73bd79123b8b8c9d380acddcb39f2413aa9e8973188d116b31ab50b3e0a388f,C,hybrid_tdvp,11,rzz,0.05,2,8,6,64,8,26,26,mixed,0.8263943585992117,0.8263943585992117,0.17360564140078827,0.42646840133502284,0.9999999999999996,0.9999999999950963,0.16110004641103506,0.03439989944002244,2.070692032983061,55,"[1, 2, 4, 8, 16, 32, 55, 32, 16, 8, 4, 2, 1]",9768,1.7310287454953234e-13,1.051400925191601e-11,1e-12
295f742e5f3b4737561375e248ec2664446f114670c1ec9fa332c3b34f931f84,C,hybrid_tdvp,11,rzz,0.05,3,9,6,8,1,27,27,commuting,0.9623797364004366,0.9623797364004366,0.037620263599563386,0.19488689234033857,0.9999999999999996,1.0000000000000007,0.028990282461027084,0.00798862267983451,0.029296590015292168,8,"[1, 2, 4, 8, 8, 8, 8, 8, 8, 8, 4, 2, 1]",936,3.103204451936537e-05,0.0011819906880465333,1e-12
759ae5255824b5487fce14af5bcf316c8e524567ee8d8df7fcb0c7f7644949cc,C,hybrid_tdvp,11,rzz,0.05,3,9,6,8,2,27,27,commuting,0.9619715989771319,0.9619715989771319,0.038028401022868086,0.19595148149651115,0.9999999999999996,1.0000000000000002,0.029610519183407513,0.008045448655570064,0.04306771297706291,8,"[1, 2, 4, 8, 8, 8, 8, 8, 8, 8, 4, 2, 1]",936,1.5627808832247603e-05,0.0005956892395797834,1e-12
82dbe6efa474a15f737b64b3a50def156657d9673c8a3f50451497ba861df7ee,C,hybrid_tdvp,11,rzz,0.05,3,9,6,8,4,27,27,commuting,0.9617644042327189,0.9617644042327189,0.03823559576728108,0.19648980866971352,0.9999999999999996,0.9999999999999999,0.02991640770105941,0.008074086248199665,1.178356699005235,8,"[1, 2, 4, 8, 8, 8, 8, 8, 8, 8, 4, 2, 1]",936,7.842041988652134e-06,0.00029899209295636823,1e-12
c04dc1ee493ad6855b7ac484efbae06ae5f8d2651a70141d03a7e300bbbae7a5,C,hybrid_tdvp,11,rzz,0.05,3,9,6,8,8,27,27,commuting,0.9616599917760787,0.9616599917760787,0.03834000822392125,0.19676055377904575,0.9999999999999996,0.9999999999999991,0.03006836908640209,0.008088488902409308,0.14968293195124716,8,"[1, 2, 4, 8, 8, 8, 8, 8, 8, 8, 4, 2, 1]",936,3.92806604705464e-06,0.00014977986092285729,1e-12
bb850f2566790fcae045ad089977075f02195614a3fcb7f25e121e4ebe922a86,C,hybrid_tdvp,11,rzz,0.05,3,9,6,16,1,27,27,commuting,0.9991629028416501,0.9991629028416501,0.0008370971583498976,0.028935659913424533,0.9999999999999996,1.0000000000000007,0.0008692958950872187,0.00021767371382003096,0.03610735997790471,16,"[1, 2, 4, 8, 16, 16, 16, 16, 16, 8, 4, 2, 1]",2728,2.6623618023491367e-06,4.1921326739138086e-05,1e-12
34e5b9e1462d08e2c89df944aea68cc1e415ef9376d8d2ce81f5596ead86d6e3,C,hybrid_tdvp,11,rzz,0.05,3,9,6,16,2,27,27,commuting,0.9990986327637726,0.9990986327637726,0.0009013672362273573,0.030026162651019563,0.9999999999999996,1.0000000000000004,0.0010400414349734932,0.000274287924769699,0.044851345010101795,16,"[1, 2, 4, 8, 16, 16, 16, 16, 16, 8, 4, 2, 1]",2728,1.4545095720359803e-06,2.3916808011475077e-05,1e-12
f2657188a6f6eb014dfad99d8ab5dcaaabc7a2394c8ca93147176494387543be,C,hybrid_tdvp,11,rzz,0.05,3,9,6,16,4,27,27,commuting,0.9990948738772549,0.9990948738772549,0.0009051261227450702,0.030088719295010072,0.9999999999999996,1.0000000000000009,0.0009792192197702887,0.00027149169186172325,0.11826739698881283,16,"[1, 2, 4, 8, 16, 16, 16, 16, 16, 8, 4, 2, 1]",2728,7.230298509424542e-07,1.25053500437305e-05,1e-12
4f12d08a3dc2f379e227042d4d19dee769969d137c2dcbb9f6badc1c23d5df35,C,hybrid_tdvp,11,rzz,0.05,3,9,6,16,8,27,27,commuting,0.9991398100473297,0.9991398100473297,0.0008601899526703427,0.029326642629989366,0.9999999999999996,0.9999998384769789,0.0008297702100736881,0.0002351086575147643,0.13356546795694157,16,"[1, 2, 4, 8, 16, 16, 16, 16, 16, 8, 4, 2, 1]",2728,3.398297217239948e-07,5.978197308180643e-06,1e-12
e8a22e88b5db289fb2ecb6f29ea5cde9471dfcc85a2f51d6119aae82a81e5168,C,hybrid_tdvp,11,rzz,0.05,3,9,6,64,1,27,27,commuting,0.9999999999841849,0.9999999999841849,1.5815126985785355e-11,3.853014799495702e-06,0.9999999999999996,0.9999999999995136,4.785592138539796e-08,1.0509517833809556e-08,0.2311607679584995,32,"[1, 2, 4, 8, 16, 32, 32, 32, 16, 8, 4, 2, 1]",6824,2.4689329285959414e-21,9.785158042751119e-13,1e-12
6cbedee1221592b4bda8fe0cb5f2a20b5101f28c78c4f34bb3f1c85dd5f41d72,C,hybrid_tdvp,11,rzz,0.05,3,9,6,64,2,27,27,commuting,0.9999999998476818,0.9999999998476818,1.5231815808647298e-10,1.2191081445312848e-05,0.9999999999999996,0.999999999998152,3.820991061817547e-07,5.433034567067903e-08,0.45166849094675854,32,"[1, 2, 4, 8, 16, 32, 32, 32, 16, 8, 4, 2, 1]",6824,3.4439279177060175e-19,3.851355424513616e-12,1e-12
4832739101c2cba68aea98c17392d835b428bd043777d667211c661a34eab58d,C,hybrid_tdvp,11,rzz,0.05,3,9,6,64,4,27,27,commuting,0.9999999990375059,0.9999999990375059,9.624940844332741e-10,3.0817734650963225e-05,0.9999999999999996,0.9999999999936187,2.446648770457194e-07,4.1066295257433016e-08,0.23419174802256748,32,"[1, 2, 4, 8, 16, 31, 32, 32, 16, 8, 4, 2, 1]",6728,4.2443912517300945e-13,1.307036248195981e-11,1e-12
b8a060c070c7df8994e52984d2e8c0bda8ea611d619ff01333dcf7f6f6c36aa6,C,hybrid_tdvp,11,rzz,0.05,3,9,6,64,8,27,27,commuting,0.9999999958013341,0.9999999958013341,4.198665859433959e-09,6.457737969353493e-05,0.9999999999999996,0.9999999999857855,5.043523165909614e-07,7.344838100427953e-08,0.576397282013204,32,"[1, 2, 4, 8, 16, 31, 32, 30, 16, 8, 4, 2, 1]",6536,1.5106738466017274e-12,2.918106520356309e-11,1e-12
a8e0ac5a3acb50df1c8b2bbeb17fa27c7f6160ef6e280a9f5db5f761aa0d2839,C,hybrid_tdvp,11,ryy,0.05,3,9,6,8,1,27,27,mixed,0.8275956127079426,0.8275956127079426,0.17240438729205743,0.4249168814904282,0.9999999999999996,1.0000000000000002,0.15347849757372797,0.03434506911956179,0.06493718095589429,8,"[1, 2, 4, 8, 8, 8, 8, 8, 8, 8, 4, 2, 1]",936,3.7006657293360756e-05,0.001215659434514281,1e-12
bb0f7743718cfb9ee5469015cb814c329c72d80cf66cac216cca7495435f13a2,C,hybrid_tdvp,11,ryy,0.05,3,9,6,8,2,27,27,mixed,0.82785032548422,0.82785032548422,0.17214967451578,0.42458731526451887,0.9999999999999996,1.0,0.15310921513356396,0.03428760752806687,0.03570551099255681,8,"[1, 2, 4, 8, 8, 8, 8, 8, 8, 8, 4, 2, 1]",936,1.862587674887097e-05,0.0006098495039567065,1e-12
8e155af930db8c6e7bc9e048acf572dd170ea7ee78108af85555c9c606b89d94,C,hybrid_tdvp,11,ryy,0.05,3,9,6,8,4,27,27,mixed,0.8279692333770121,0.8279692333770121,0.17203076662298789,0.4244333931951025,0.9999999999999996,1.0,0.1529337262090828,0.03426067175727113,0.3139412040472962,8,"[1, 2, 4, 8, 8, 8, 8, 8, 8, 8, 4, 2, 1]",936,9.342490966546396e-06,0.00030544240476991307,1e-12
2509b72dba982a5fc0a2a5d3afac90b997042a18ee88153c0f26e5e6693d2cbb,C,hybrid_tdvp,11,ryy,0.05,3,9,6,8,8,27,27,mixed,0.82802663255254,0.82802663255254,0.17197336744745995,0.42435907596571626,0.9999999999999996,1.0000000000000007,0.1528481996653069,0.034247637952004105,0.26455618703039363,8,"[1, 2, 4, 8, 8, 8, 8, 8, 8, 8, 4, 2, 1]",936,4.6784972062485275e-06,0.00015285252870928637,1e-12
4eda20e36ca0c83ce8cb2dfe244b2386d6796a4bc56216a74fd2abe7e382525c,C,hybrid_tdvp,11,ryy,0.05,3,9,6,16,1,27,27,mixed,0.8086688128177808,0.8086688128177808,0.1913311871822192,0.4488649073731491,0.9999999999999996,1.0000000000000009,0.16125650520391765,0.03626733854359882,0.06071641994640231,16,"[1, 2, 4, 8, 16, 16, 16, 16, 16, 8, 4, 2, 1]",2728,6.355519433651208e-06,0.00011607180358504662,1e-12
5b1d3897400572be49339ee0bbea6726fff0bc8bdc1f79621e66f39a7c1e228a,C,hybrid_tdvp,11,ryy,0.05,3,9,6,16,2,27,27,mixed,0.8091023356745796,0.8091023356745796,0.19089766432542044,0.44832764948988657,0.9999999999999996,0.9999999999999999,0.1611420677409708,0.03617940159383055,0.05878650804515928,16,"[1, 2, 4, 8, 16, 16, 16, 16, 16, 8, 4, 2, 1]",2728,2.7861675920703866e-06,5.9359878227895e-05,1e-12
e6d27fcc7d3fe7228d3a47957af236e9e020b367dec34c313f0e0fd3a208723f,C,hybrid_tdvp,11,ryy,0.05,3,9,6,16,4,27,27,mixed,0.8095381081854619,0.8095381081854619,0.1904618918145381,0.44778709931326416,0.9999999999999996,1.0,0.16111862924594172,0.036151291206435995,0.13656001101480797,16,"[1, 2, 4, 8, 16, 16, 16, 16, 16, 8, 4, 2, 1]",2728,1.3799296543363457e-06,3.114422080016514e-05,1e-12
8dc7465321f36907b1c09bfa2a1a54a4acd30e35034a11f44661438a6566a833,C,hybrid_tdvp,11,ryy,0.05,3,9,6,16,8,27,27,mixed,0.8097191543314904,0.8097191543314904,0.19028084566850956,0.4475623730791908,0.9999999999999996,1.0000000000000004,0.16109568330861979,0.036135845626547126,0.16911186499055475,16,"[1, 2, 4, 8, 16, 16, 16, 16, 16, 8, 4, 2, 1]",2728,6.939708861648025e-07,1.5968590542035727e-05,1e-12
19fcf3cba81e0ad5644099fcf21278897ddfb03f20494a80c6d923c9b3c85b5b,C,hybrid_tdvp,11,ryy,0.05,3,9,6,64,1,27,27,mixed,0.8082426395229788,0.8082426395229788,0.1917573604770212,0.44939257113644504,0.9999999999999996,0.9999999999983481,0.1611000382055167,0.036367064207852386,0.33337725000455976,58,"[1, 2, 4, 8, 16, 32, 58, 32, 16, 8, 4, 2, 1]",10152,1.2501426774989374e-13,3.4106107199250484e-12,1e-12
20911981b38a425adde389ddf90137b4652efae22f425a7f4a9d1c11083c0228,C,hybrid_tdvp,11,ryy,0.05,3,9,6,64,2,27,27,mixed,0.8082426472040397,0.8082426472040397,0.1917573527959603,0.4493925616284797,0.9999999999999996,0.9999999999974327,0.1611000415168745,0.03636707201093767,0.5436120560043491,57,"[1, 2, 4, 8, 16, 32, 57, 32, 16, 8, 4, 2, 1]",10024,1.7053728498185537e-13,5.288078388892815e-12,1e-12
df94fc4886bc115d4f613b08a67ca8504acdd33c491ed7082ea35b984944d985,C,hybrid_tdvp,11,ryy,0.05,3,9,6,64,4,27,27,mixed,0.8082426404007382,0.8082426404007382,0.19175735959926177,0.44939257004514505,0.9999999999999996,0.9999999999961006,0.1611000432401796,0.036367077194541755,1.2332537940237671,56,"[1, 2, 4, 8, 16, 32, 56, 32, 16, 8, 4, 2, 1]",9896,2.5149826823455066e-13,8.226322451837711e-12,1e-12
70fba2a51f5a3a57520cc4508143852996f597a78ed0454733b0d2784c69548c,C,hybrid_tdvp,11,ryy,0.05,3,9,6,64,8,27,27,mixed,0.8082426390592781,0.8082426390592781,0.19175736094072193,0.44939257170286434,0.9999999999999996,0.9999999999950019,0.16110004641092973,0.03636708064090967,2.0313342910376377,56,"[1, 2, 4, 8, 16, 32, 56, 32, 16, 8, 4, 2, 1]",9896,1.9587298212302068e-13,1.070988223403903e-11,1e-12
d699fb54a9b2b3daea4aca6d6ae02fdc7f2b3887e5f6b67a46e1be5380dbd98d,C,hybrid_tdvp,11,rzz,0.05,2,9,7,8,1,28,28,commuting,0.9609145391701429,0.9609145391701429,0.03908546082985709,0.1986832412027798,0.9999999999999996,0.9999999999999999,0.03168529961219546,0.008223940936990023,0.048173821007367224,8,"[1, 2, 4, 8, 8, 8, 8, 8, 8, 8, 4, 2, 1]",936,2.923060931966739e-05,0.0012112212973662008,1e-12
6b4ba94652caa899eaa5ec6eaec3a57dd74cbebf1ce3cbd2dfb3c62e8237b07c,C,hybrid_tdvp,11,rzz,0.05,2,9,7,8,2,28,28,commuting,0.9604838792065744,0.9604838792065744,0.03951612079342559,0.19978591252046898,0.9999999999999996,1.0000000000000004,0.03239880189528388,0.008288237750851394,0.03970706998370588,8,"[1, 2, 4, 8, 8, 8, 8, 8, 8, 8, 4, 2, 1]",936,1.4887683626754648e-05,0.000610576923206538,1e-12
ebab7e0a72377b7f665319934a25bfa7eff74fafa9f0d560704a28e69caed311,C,hybrid_tdvp,11,rzz,0.05,2,9,7,8,4,28,28,commuting,0.9602651605443422,0.9602651605443422,0.03973483945565781,0.20034369496206325,0.9999999999999996,0.9999999999999997,0.0327512624021824,0.008320667652527555,1.436470593966078,8,"[1, 2, 4, 8, 8, 8, 8, 8, 8, 8, 4, 2, 1]",936,7.512929319299564e-06,0.0003065050222756675,1e-12
7ab3b1257e6577a856b0040d52e4e8dcc1b2b5e31d72d757f938128014bd9fb1,C,hybrid_tdvp,11,rzz,0.05,2,9,7,8,8,28,28,commuting,0.9601549120206601,0.9601549120206601,0.039845087979339944,0.20062428998555204,0.9999999999999996,1.0000000000000007,0.03292650610847625,0.008336981198452316,0.15653755399398506,8,"[1, 2, 4, 8, 8, 8, 8, 8, 8, 8, 4, 2, 1]",936,3.773863434452493e-06,0.00015355372435730982,1e-12
75f66096e32276428439109f0a5882acaa36c6b1eff71e27b22c87eed5e5b4df,C,hybrid_tdvp,11,rzz,0.05,2,9,7,16,1,28,28,commuting,0.9991723603872238,0.9991723603872238,0.0008276396127762098,0.02877170364285225,0.9999999999999996,1.0000000000000004,0.0008220212690192574,0.00021804710696413194,0.047687247046269476,16,"[1, 2, 4, 8, 16, 16, 16, 16, 16, 8, 4, 2, 1]",2728,8.590959231350434e-07,4.278042266227314e-05,1e-12
6a73965af2eceb8db99a41277f14bae59d91319ffe5854316ae29c1e1fdb7d10,C,hybrid_tdvp,11,rzz,0.05,2,9,7,16,2,28,28,commuting,0.9991116975925193,0.9991116975925193,0.0008883024074807233,0.029800392058183856,0.9999999999999996,0.9999997818006665,0.0009798988118668306,0.0002728822248347877,0.04236612701788545,16,"[1, 2, 4, 8, 16, 16, 16, 16, 16, 8, 4, 2, 1]",2728,4.4434037968621826e-07,2.43611483911613e-05,1e-12
d99c311d5b31d92b91b40a28f2eb2648a38560abebde128d8982fcacb8dc7df9,C,hybrid_tdvp,11,rzz,0.05,2,9,7,16,4,28,28,commuting,0.9991086540386337,0.9991086540386337,0.0008913459613663077,0.02985503026174624,0.9999999999999996,0.9999998890787867,0.0009692455860488003,0.0002695448302487981,0.09531018300913274,16,"[1, 2, 4, 8, 16, 16, 16, 16, 16, 8, 4, 2, 1]",2728,2.2646174837656943e-07,1.2731811792107073e-05,1e-12
a33ead984dc1c01a54a9bf5860fc631a0516e742abb9341d046bd85145402a1f,C,hybrid_tdvp,11,rzz,0.05,2,9,7,16,8,28,28,commuting,0.9991512807009043,0.9991512807009043,0.0008487192990956904,0.029128465461343785,0.9999999999999996,0.9999997840217086,0.0007836117511714202,0.0002335493200655239,0.14790703495964408,16,"[1, 2, 4, 8, 16, 16, 16, 16, 16, 8, 4, 2, 1]",2728,1.1123877603570294e-07,6.0894360842163455e-06,1e-12
6a09318a4f48a928939d243ebccb7b195f48c10b7c5bd0790b1abc9029b24b6b,C,hybrid_tdvp,11,rzz,0.05,2,9,7,64,1,28,28,commuting,0.999999999984202,0.999999999984202,1.5798029551206128e-11,3.853014801233195e-06,0.9999999999999996,0.9999999999995237,4.7855914515892994e-08,1.0519755791673419e-08,0.22465941199334338,32,"[1, 2, 4, 8, 16, 32, 32, 32, 16, 8, 4, 2, 1]",6824,5.659832559208212e-22,9.78515804841095e-13,1e-12
5b23f8b8e7d627b39e5bd24b2df29d6327e1133b92c9a5e4e389bee2af3ec906,C,hybrid_tdvp,11,rzz,0.05,2,9,7,64,2,28,28,commuting,0.999999999847691,0.999999999847691,1.5230905425767105e-10,1.2191081598014658e-05,0.9999999999999996,0.9999999999981563,4.28654173059706e-07,5.919221197876711e-08,0.5101273559848778,32,"[1, 2, 4, 8, 16, 32, 32, 32, 16, 8, 4, 2, 1]",6824,7.25216581599571e-20,3.851355497035274e-12,1e-12
579c4185f7f33af2588a5f119f3f2c8fa459d270255901c1d506fcbc60d94517,C,hybrid_tdvp,11,rzz,0.05,2,9,7,64,4,28,28,commuting,0.9999999990378423,0.9999999990378423,9.621576868568127e-10,3.081226715372099e-05,0.9999999999999996,0.9999999999936183,2.723183619435243e-07,4.336605364620412e-08,0.2232466150308028,32,"[1, 2, 4, 8, 16, 31, 32, 32, 16, 8, 4, 2, 1]",6728,2.4699487288856358e-17,1.3070387181447099e-11,1e-12
3adad71d399904984755a9c3ae4bcf39a5ed7760b75508f6e59a5426cdcbd123,C,hybrid_tdvp,11,rzz,0.05,2,9,7,64,8,28,28,commuting,0.9999999957873171,0.9999999957873171,4.212682869209061e-09,6.468607273065055e-05,0.9999999999999996,0.999999999985802,5.06176341764919e-07,7.36617209046178e-08,0.5739720359561034,32,"[1, 2, 4, 8, 16, 31, 32, 30, 16, 8, 4, 2, 1]",6536,8.131295798026749e-15,2.9189196499361096e-11,1e-12
c2310144fb004763e0197da3c053608077a5b03382c43a435d07e4eb8dad6317,C,hybrid_tdvp,11,rxx,0.05,2,9,7,8,1,28,28,mixed,0.824565146763884,0.824565146763884,0.17543485323611596,0.4288223505158279,0.9999999999999996,0.9999999999999992,0.15417331700687353,0.034350891330354356,0.07038250198820606,8,"[1, 2, 4, 8, 8, 8, 8, 8, 8, 8, 4, 2, 1]",936,4.290075646371226e-05,0.0012585601909779933,1e-12
671a40373c2271f6f4207088f03de8d8a73334dea1748fce2da83b5e9b49d2bd,C,hybrid_tdvp,11,rxx,0.05,2,9,7,8,2,28,28,mixed,0.8247810423878454,0.8247810423878454,0.17521895761215456,0.42854505939927034,0.9999999999999996,1.0,0.15376283451434586,0.03429164849834973,0.04758429399225861,8,"[1, 2, 4, 8, 8, 8, 8, 8, 8, 8, 4, 2, 1]",936,2.150872292698729e-05,0.000631358226883694,1e-12
3f08764b886663709c4ed4948cde772b842b0cd77573ef6b0dd92c9b19659063,C,hybrid_tdvp,11,rxx,0.05,2,9,7,8,4,28,28,mixed,0.824880736060005,0.824880736060005,0.175119263939995,0.42841696694192766,0.9999999999999996,1.0000000000000007,0.15356736080002273,0.034263900653470014,0.11415049899369478,8,"[1, 2, 4, 8, 8, 8, 8, 8, 8, 8, 4, 2, 1]",936,1.0766790273254227e-05,0.00031620919504316713,1e-12
e939d1532fc5063ef71a9836e305726fc33cfe1a404ff4fc874a7e0d44a97e2f,C,hybrid_tdvp,11,rxx,0.05,2,9,7,8,8,28,28,mixed,0.8249285743614656,0.8249285743614656,0.1750714256385344,0.42835549054907585,0.9999999999999996,1.0000000000000004,0.15347199369126557,0.03425048036558812,0.2136222809785977,8,"[1, 2, 4, 8, 8, 8, 8, 8, 8, 8, 4, 2, 1]",936,5.386245784802577e-06,0.000158238774494089,1e-12
62a8c31bf0090eda839e3aea4aaecc6c13c1cd993b7f36f6ca3c8b96585f7be6,C,hybrid_tdvp,11,rxx,0.05,2,9,7,16,1,28,28,mixed,0.80857344103564,0.80857344103564,0.19142655896436,0.4489830331194791,0.9999999999999996,0.9999999999999996,0.16193401588269302,0.0362138303498373,0.039114361978136,16,"[1, 2, 4, 8, 16, 16, 16, 16, 16, 8, 4, 2, 1]",2728,4.980682103550424e-06,0.00012105248568859705,1e-12
ee650381276308cca6abdd2762ee0e45c78f2551f7f82e03b20be3092adce833,C,hybrid_tdvp,11,rxx,0.05,2,9,7,16,2,28,28,mixed,0.8090014201266863,0.8090014201266863,0.1909985798733137,0.4484527571168651,0.9999999999999996,0.999999999999999,0.16179643823767745,0.03611655291158449,0.0950341010466218,16,"[1, 2, 4, 8, 16, 16, 16, 16, 16, 8, 4, 2, 1]",2728,2.5265340155613267e-06,6.188641224345633e-05,1e-12
e6305266386592eec33edeaef07c4278573768b6f5b531fd7ca89f9a6339b7c0,C,hybrid_tdvp,11,rxx,0.05,2,9,7,16,4,28,28,mixed,0.8094424895446864,0.8094424895446864,0.19055751045531355,0.4479057520156009,0.9999999999999996,0.9999999999999996,0.16176216201224616,0.03608696551998129,0.13377893198048696,16,"[1, 2, 4, 8, 16, 16, 16, 16, 16, 8, 4, 2, 1]",2728,1.2275559793836655e-06,3.2371776779548804e-05,1e-12
4d84cf6fe4ff5821f4d573a203e91bdd5d4405b93cdcfc418e368c2a6356634f,C,hybrid_tdvp,11,rxx,0.05,2,9,7,16,8,28,28,mixed,0.8096264566615204,0.8096264566615204,0.19037354333847956,0.4476767947359628,0.9999999999999996,0.9999997082643478,0.16173909255579286,0.03607153801058384,0.19477014598669484,16,"[1, 2, 4, 8, 16, 16, 16, 16, 16, 8, 4, 2, 1]",2728,6.048600560669956e-07,1.6573450598102723e-05,1e-12
ac2caf1d43064199489ff44554467fcd268caa21220186dbbcacde9d0a195997,C,hybrid_tdvp,11,rxx,0.05,2,9,7,64,1,28,28,mixed,0.8082426394818383,0.8082426394818383,0.19175736051816172,0.4493925711872246,0.9999999999999996,0.9999999999982886,0.16173329075538148,0.03631110769404665,0.4798160810023546,52,"[1, 2, 4, 8, 16, 32, 52, 32, 16, 8, 4, 2, 1]",9384,1.370313084036998e-13,3.5476420283287484e-12,1e-12
5367f4c3a7b4fb1f3343510f18c7531181d98f293796bb57feab15a5a0c18770,C,hybrid_tdvp,11,rxx,0.05,2,9,7,64,2,28,28,mixed,0.8082426472231037,0.8082426472231037,0.19175735277689632,0.44939256160463614,0.9999999999999996,0.9999999999973207,0.16173329512232593,0.03631111668477453,0.6805336949764751,53,"[1, 2, 4, 8, 16, 32, 53, 32, 16, 8, 4, 2, 1]",9512,2.2401682139880806e-13,5.512095210291623e-12,1e-12
c7fb623771493315b0a0e7289fb43a12edcace1371dfeb2bcf8c28b6d44da9ba,C,hybrid_tdvp,11,rxx,0.05,2,9,7,64,4,28,28,mixed,0.8082426404482791,0.8082426404482791,0.1917573595517209,0.44939256998607113,0.9999999999999996,0.9999999999959936,0.16173329738380593,0.03631112252128292,1.2297022000420839,54,"[1, 2, 4, 8, 16, 32, 54, 32, 16, 8, 4, 2, 1]",9640,2.345918267956512e-13,8.460914278633361e-12,1e-12
c11a8220a769abdd6cabac6fdcbfdb2b57940d6b1d2718757d9fe49009a95314,C,hybrid_tdvp,11,rxx,0.05,2,9,7,64,8,28,28,mixed,0.8082426390287613,0.8082426390287613,0.19175736097123874,0.4493925717403025,0.9999999999999996,0.9999999999948542,0.16173330131120095,0.03631112637466833,2.546380444022361,55,"[1, 2, 4, 8, 16, 32, 55, 32, 16, 8, 4, 2, 1]",9768,3.293403177751903e-13,1.103922255181422e-11,1e-12
369ae0325900f506545fdd05e34c737e8a1509706dcc2ddd0c9a221021954db7,C,hybrid_tdvp,11,rzz,0.05,2,8,6,8,1,29,29,commuting,0.9579738259134356,0.9579738259134356,0.042026174086564394,0.20610010516639213,0.9999999999999996,1.0000000000000002,0.0451579992254989,0.009307935112204296,0.04003710602410138,8,"[1, 2, 4, 8, 8, 8, 8, 8, 8, 8, 4, 2, 1]",936,3.2938061347895976e-05,0.001244159358714097,1e-12
6c551d5795ac83d5f4ae67e91b331be2ba1f7de1927508a28e2e7d61a6d32f3f,C,hybrid_tdvp,11,rzz,0.05,2,8,6,8,2,29,29,commuting,0.9575387497721578,0.9575387497721578,0.042461250227842195,0.20717582123717695,0.9999999999999996,0.9999999999999996,0.045861212757363656,0.00937126209469043,0.04678559402236715,8,"[1, 2, 4, 8, 8, 8, 8, 8, 8, 8, 4, 2, 1]",936,1.66915970958273e-05,0.0006272685203023654,1e-12
05b208809b6e7f8f86c723737791cde8f71cd85053d24b14a64cb2f4ef274cae,C,hybrid_tdvp,11,rzz,0.05,2,8,6,8,4,29,29,commuting,0.9573170667398677,0.9573170667398677,0.04268293326013228,0.2077218787484634,0.9999999999999996,1.0000000000000004,0.0462084461396004,0.009403349232862608,1.2729829560266808,8,"[1, 2, 4, 8, 8, 8, 8, 8, 8, 8, 4, 2, 1]",936,8.401498558893149e-06,0.0003149065208345607,1e-12
eefbcd558a3b41c2d448158543cc060864d46e80ef9361efb4f12e329b7731b8,C,hybrid_tdvp,11,rzz,0.05,2,8,6,8,8,29,29,commuting,0.957205160683534,0.957205160683534,0.042794839316465993,0.207997009177784,0.9999999999999996,1.0000000000000007,0.04638105829875161,0.009419522275461074,0.3783463389845565,8,"[1, 2, 4, 8, 8, 8, 8, 8, 8, 8, 4, 2, 1]",936,4.214688214355843e-06,0.00015776841257166574,1e-12
18e98da4c8549bfdb3c0b1d1f7bc4fb57ce074617a6f7941a354efade9536215,C,hybrid_tdvp,11,rzz,0.05,2,8,6,16,1,29,29,commuting,0.9977656785335073,0.9977656785335073,0.002234321466492717,0.04728182431779861,0.9999999999999996,1.0000000000000002,0.014407810305678809,0.003360068904678336,0.02012709400150925,16,"[1, 2, 4, 8, 16, 16, 16, 16, 16, 8, 4, 2, 1]",2728,2.0568158285846545e-06,4.48372384908578e-05,1e-12
edddba8e045afe718daed6632d7a37d66f35423724040dde39aa4eb4c8ef3f06,C,hybrid_tdvp,11,rzz,0.05,2,8,6,16,2,29,29,commuting,0.9976778804333443,0.9976778804333443,0.0023221195666557337,0.048202377471770363,0.9999999999999996,1.0000000000000002,0.014494224504379788,0.003376320287218297,0.14863169996533543,16,"[1, 2, 4, 8, 16, 16, 16, 16, 16, 8, 4, 2, 1]",2728,1.0952158108995863e-06,2.5456364202060882e-05,1e-12
8f7ef4b551d26c3440a8d26980a16dcabc94155d9a6fd8f2485c149e5f07736e,C,hybrid_tdvp,11,rzz,0.05,2,8,6,16,4,29,29,commuting,0.997669500847972,0.997669500847972,0.002330499152027987,0.04828932121177938,0.9999999999999996,0.9999999999999997,0.014517678716257615,0.003372594763055637,0.09296365099726245,16,"[1, 2, 4, 8, 16, 16, 16, 16, 16, 8, 4, 2, 1]",2728,5.454575404103937e-07,1.3277269332517469e-05,1e-12
9e3c23f004d1c9c518fd380fb4ff59115d7a25a2e71d10ccf05189cef4ec01cd,C,hybrid_tdvp,11,rzz,0.05,2,8,6,16,8,29,29,commuting,0.9977209954740924,0.9977209954740924,0.0022790045259075686,0.047752533681798125,0.9999999999999996,0.9999999999999982,0.0145084197773723,0.003366062477085035,0.14585319900652394,16,"[1, 2, 4, 8, 16, 16, 16, 16, 16, 8, 4, 2, 1]",2728,2.5722942874189384e-07,6.346665512958238e-06,1e-12
b751fe779f946dfb733117652829348e095b243420904b9040627287f0d89838,C,hybrid_tdvp,11,rzz,0.05,2,8,6,64,1,29,29,commuting,0.9987158627196454,0.9987158627196454,0.0012841372803545914,0.03584061657463067,0.9999999999999996,0.9999999999995242,0.01406114773814679,0.0033724659815654082,0.24479234195314348,32,"[1, 2, 4, 8, 16, 32, 32, 32, 16, 8, 4, 2, 1]",6824,2.0465096271599848e-21,9.785158068876047e-13,1e-12
b9d943e6c3a953fed74240cedc6ef8e45a901ecbeb4a4f05263240c920af1094,C,hybrid_tdvp,11,rzz,0.05,2,8,6,64,2,29,29,commuting,0.9987158670920417,0.9987158670920417,0.0012841329079582575,0.035840555499438154,0.9999999999999996,0.9999999999981569,0.014061156381982048,0.0033724614852382578,0.42992308095563203,32,"[1, 2, 4, 8, 16, 32, 32, 32, 16, 8, 4, 2, 1]",6824,2.656162043307755e-19,3.851355762651479e-12,1e-12
cd9042d01e2aaa4787286774294fdf107b4b29223076aa53e29592a7d44e7144,C,hybrid_tdvp,11,rzz,0.05,2,8,6,64,4,29,29,commuting,0.9987158635317102,0.9987158635317102,0.0012841364682898426,0.03584060506780098,0.9999999999999996,0.9999999999934057,0.014061153449037328,0.0033724655394563943,0.2155885020038113,32,"[1, 2, 4, 8, 16, 31, 32, 32, 16, 8, 4, 2, 1]",6728,4.2439477140787883e-13,1.349478195285498e-11,1e-12
2c7fdeb2faa32291e67611aa5b0e34f83dfbcea2137648837fe9f89bb9f71b21,C,hybrid_tdvp,11,rzz,0.05,2,8,6,64,8,29,29,commuting,0.9987158591224085,0.9987158591224085,0.0012841408775915442,0.035840666386238416,0.9999999999999996,0.9999999999850288,0.014061156825761728,0.0033724613075754527,0.3203927499707788,32,"[1, 2, 4, 8, 16, 31, 32, 30, 16, 8, 4, 2, 1]",6536,1.5578091682869355e-12,3.074700566764806e-11,1e-12
2a7bd81ccf95a625acecac29d40251249bae62bda13519148967e0cbd9f6a419,C,hybrid_tdvp,11,rzz,0.05,2,8,6,8,1,29,29,mixed,0.8083858519979207,0.8083858519979207,0.19161414800207932,0.4492153071534933,0.9999999999999996,1.0000000000000002,0.17035632095879377,0.03650454108333821,0.01648193201981485,8,"[1, 2, 4, 8, 8, 8, 8, 8, 8, 8, 4, 2, 1]",936,3.831505877392791e-05,0.0012968752497519215,1e-12
62b7921bbf75b7da75705f642a25dd01e009213610b032452ef5e6f128f60e7b,C,hybrid_tdvp,11,rzz,0.05,2,8,6,8,2,29,29,mixed,0.8086724794948735,0.8086724794948735,0.19132752050512647,0.44886036541242735,0.9999999999999996,1.0000000000000009,0.16991926314575895,0.0364323645874082,0.03100670501589775,8,"[1, 2, 4, 8, 8, 8, 8, 8, 8, 8, 4, 2, 1]",936,1.9412330763618985e-05,0.0006507705576473128,1e-12
5280252cf8d7af65baa9e48d5a9e39a9a51da8c555847b543a70c6ff56534baa,C,hybrid_tdvp,11,rzz,0.05,2,8,6,8,4,29,29,mixed,0.8088065142796411,0.8088065142796411,0.19119348572035888,0.4486943102884359,0.9999999999999996,1.0,0.1697103732146247,0.0363983260083737,0.10085815901402384,8,"[1, 2, 4, 8, 8, 8, 8, 8, 8, 8, 4, 2, 1]",936,9.769558124355284e-06,0.00032597875316752226,1e-12
b3092082b8e0b5d5645162b338c442c0d725d38c98b06c1c2097f236c1b19159,C,hybrid_tdvp,11,rzz,0.05,2,8,6,8,8,29,29,mixed,0.8088712723238403,0.8088712723238403,0.19112872767615974,0.44861406473261245,0.9999999999999996,0.9999999999999993,0.16960827102915862,0.03638180451466881,0.25257906602928415,8,"[1, 2, 4, 8, 8, 8, 8, 8, 8, 8, 4, 2, 1]",936,4.900600612108273e-06,0.00016313937510619735,1e-12
1f116f742e095d843af4f256fc6195b30eb4aa2cc3da489f50d2657e2c068a6c,C,hybrid_tdvp,11,rzz,0.05,2,8,6,16,1,29,29,mixed,0.7888915591134968,0.7888915591134968,0.21110844088650316,0.4728727606030336,0.9999999999999996,1.0000000000000009,0.17813336836539076,0.03870550545203847,0.018246813968289644,16,"[1, 2, 4, 8, 16, 16, 16, 16, 16, 8, 4, 2, 1]",2728,5.018009411511976e-06,0.000126070495100109,1e-12
c809e7faa25d54129efd4ec60ddef78a70094d65ab69a81b9685e02d200cdf9e,C,hybrid_tdvp,11,rzz,0.05,2,8,6,16,2,29,29,mixed,0.7893311798077551,0.7893311798077551,0.21066882019224487,0.4723491900858006,0.9999999999999996,1.0,0.17800707387060066,0.038612843227790336,0.09280098997987807,16,"[1, 2, 4, 8, 16, 16, 16, 16, 16, 8, 4, 2, 1]",2728,2.360878315368473e-06,6.424729055882483e-05,1e-12
0e3251b8489dca9931750a5d849f85cc6b93eb6e4f9caa056dd8d20dfe6365ef,C,hybrid_tdvp,11,rzz,0.05,2,8,6,16,4,29,29,mixed,0.78978138217862,0.78978138217862,0.21021861782137996,0.4718125664090658,0.9999999999999996,1.0,0.1779793754378486,0.038592031126333914,0.13578583695925772,16,"[1, 2, 4, 8, 16, 16, 16, 16, 16, 8, 4, 2, 1]",2728,1.17623499889999e-06,3.3548011778448806e-05,1e-12
c8d5bcd728cddf02a7388c5a797f05c00988206a0eee3004537b300b05da4864,C,hybrid_tdvp,11,rzz,0.05,2,8,6,16,8,29,29,mixed,0.7899707963974852,0.7899707963974852,0.21002920360251476,0.4715866553035536,0.9999999999999996,1.0000000000000007,0.17795674174764306,0.038578586452175795,0.1923184909974225,16,"[1, 2, 4, 8, 16, 16, 16, 16, 16, 8, 4, 2, 1]",2728,5.914562662147091e-07,1.7164906864317426e-05,1e-12
b25af59170bec15f41b369a499b0a3f1cf73badc518f768a3dbda034eac113ba,C,hybrid_tdvp,11,rzz,0.05,2,8,6,64,1,29,29,mixed,0.7885120229003907,0.7885120229003907,0.21148797709960931,0.4733244242681547,0.9999999999999996,0.9999999999981952,0.1779554947667134,0.03880623218290087,0.31006850698031485,54,"[1, 2, 4, 8, 16, 32, 54, 32, 16, 8, 4, 2, 1]",9640,1.9855159199763454e-13,3.746193620326383e-12,1e-12
b2885aa1aa1f7be0e35fe46b4b7ea22a37fb33de72e562707816718b0355bc26,C,hybrid_tdvp,11,rzz,0.05,2,8,6,64,2,29,29,mixed,0.788512031638889,0.788512031638889,0.21148796836111095,0.47332441387067364,0.9999999999999996,0.9999999999972392,0.17795549913365719,0.038806241442909034,0.6134847570210695,54,"[1, 2, 4, 8, 16, 32, 54, 32, 16, 8, 4, 2, 1]",9640,1.7142144843878396e-13,5.683516658730407e-12,1e-12
7468908ed1cd3f42abc77695a95f9fc4f359d0a4813abe410d2912b336d3d714,C,hybrid_tdvp,11,rzz,0.05,2,8,6,64,4,29,29,mixed,0.7885120250995321,0.7885120250995321,0.2114879749004679,0.47332442164711286,0.9999999999999996,0.9999999999958726,0.17795550139510385,0.03880624733222511,1.1226341250003316,54,"[1, 2, 4, 8, 16, 32, 54, 32, 16, 8, 4, 2, 1]",9640,2.588285357823639e-13,8.719742814415726e-12,1e-12
ec925466163c129de0a88edd0c64c217db0a43873edae9ae299f383bb7233a59,C,hybrid_tdvp,11,rzz,0.05,2,8,6,64,8,29,29,mixed,0.7885120226973071,0.7885120226973071,0.21148797730269286,0.47332442450245726,0.9999999999999996,0.9999999999947445,0.177955505322468,0.03880625138018107,2.0676010430324823,55,"[1, 2, 4, 8, 16, 32, 55, 32, 16, 8, 4, 2, 1]",9768,2.288780162817461e-13,1.1268100568095966e-11,1e-12
2c409050ed5f20f84429c61c75cbbd2f169c4c94760c8ea8b16851bdaa05ac4a,C,hybrid_tdvp,11,rzz,0.05,3,9,6,8,1,30,30,commuting,0.9561982909377099,0.9561982909377099,0.043801709062290084,0.21045702144283224,0.9999999999999996,1.0000000000000007,0.03281835331880667,0.009085711775943197,0.019392903021071106,8,"[1, 2, 4, 8, 8, 8, 8, 8, 8, 8, 4, 2, 1]",936,3.0059982367782184e-05,0.0012742193410818791,1e-12
8adf59b610a0e05a75774a88985186c2d6488d8d461b232fabcad96850bab7dc,C,hybrid_tdvp,11,rzz,0.05,3,9,6,8,2,30,30,commuting,0.9557362279422419,0.9557362279422419,0.04426377205775811,0.2115768007198204,0.9999999999999996,1.0,0.03353513587456147,0.009159445557581,0.05028086097445339,8,"[1, 2, 4, 8, 8, 8, 8, 8, 8, 8, 4, 2, 1]",936,1.5135983611742259e-05,0.0006424045039141076,1e-12
6df4f703ef74deac8c1ba37422d61550ea866597ecc55843fb3ec8eb4e4a8742,C,hybrid_tdvp,11,rzz,0.05,3,9,6,8,4,30,30,commuting,0.9555012551819265,0.9555012551819265,0.04449874481807348,0.212144077916376,0.9999999999999996,1.0000000000000002,0.03388957546079063,0.009196457377172593,1.6081809679744765,8,"[1, 2, 4, 8, 8, 8, 8, 8, 8, 8, 4, 2, 1]",936,7.594683124954304e-06,0.0003225012039595151,1e-12
312a91d85c3496671a7e51fa966883bc3f83b0144408751e55e73171c8f71812,C,hybrid_tdvp,11,rzz,0.05,3,9,6,8,8,30,30,commuting,0.9553827443090176,0.9553827443090176,0.044617255690982405,0.21242964156654923,0.9999999999999996,1.0,0.03406588632498497,0.009215029846745881,0.15158243098994717,8,"[1, 2, 4, 8, 8, 8, 8, 8, 8, 8, 4, 2, 1]",936,3.8040232264642766e-06,0.00016157243579813005,1e-12
82924b2de44138c4af62e3c689064236ee5cc9537963b5bddecb9c82600b0fc7,C,hybrid_tdvp,11,rzz,0.05,3,9,6,16,1,30,30,commuting,0.9989419665681946,0.9989419665681946,0.0010580334318054385,0.03253172972100399,0.9999999999999996,0.9999999999999991,0.000946064016953907,0.0002590101477564816,0.04915531596634537,16,"[1, 2, 4, 8, 16, 16, 16, 16, 16, 8, 4, 2, 1]",2728,2.730170844621081e-06,4.7567409335478884e-05,1e-12
7ebcb2b760745a6e640a27d9264c840c5d29482762f068c00ca3f66ad882c878,C,hybrid_tdvp,11,rzz,0.05,3,9,6,16,2,30,30,commuting,0.9988675072502559,0.9988675072502559,0.0011324927497441406,0.033657295886477895,0.9999999999999996,1.0000000000000009,0.001130976007229778,0.00032202533858180586,0.09665377403143793,16,"[1, 2, 4, 8, 16, 16, 16, 16, 16, 8, 4, 2, 1]",2728,1.4679274584831514e-06,2.6924291660544035e-05,1e-12
e98db432d0626fa30d8409397aa87e29a5a04ca9967ce6d78a0a765ea37e4bbc,C,hybrid_tdvp,11,rzz,0.05,3,9,6,16,4,30,30,commuting,0.9988671375620445,0.9988671375620445,0.0011328624379555174,0.03366279049852822,0.9999999999999996,0.9999999999999986,0.0011284627313200846,0.0003172001681133773,0.05979924200801179,16,"[1, 2, 4, 8, 16, 16, 16, 16, 16, 8, 4, 2, 1]",2728,7.295619966604501e-07,1.400683132917792e-05,1e-12
c760fedbab136d48bc466aaaf6a4a1fac22e416bcb4c1b5cb2dafd81952c799e,C,hybrid_tdvp,11,rzz,0.05,3,9,6,16,8,30,30,commuting,0.9989229717309566,0.9989229717309566,0.001077028269043434,0.03281750811881551,0.9999999999999996,0.9999998352081546,0.0008947215325886271,0.00027344234003102085,0.13494648097548634,16,"[1, 2, 4, 8, 16, 16, 16, 16, 16, 8, 4, 2, 1]",2728,3.4592109409171547e-07,6.692586607049953e-06,1e-12
2b0bb0caf26868393f0f7bb477f9d7215eafb4c9aa4ff73f61e2f858e3eaeebf,C,hybrid_tdvp,11,rzz,0.05,3,9,6,64,1,30,30,commuting,0.9999999999842053,0.9999999999842053,1.5794698882132252e-11,3.853014813137074e-06,0.9999999999999996,0.9999999999995243,5.285506446406352e-08,1.1021635615667766e-08,0.2065477300202474,32,"[1, 2, 4, 8, 16, 32, 32, 32, 16, 8, 4, 2, 1]",6824,1.2155570138444231e-21,9.785158081031618e-13,1e-12
591805ebd6d47f0941b4696705dc3308a465b84138ca4afa878da8655d175139,C,hybrid_tdvp,11,rzz,0.05,3,9,6,64,2,30,30,commuting,0.9999999998476943,0.9999999998476943,1.5230572358859717e-10,1.2191082679943096e-05,0.9999999999999996,0.9999999999981583,4.2744310024822596e-07,5.926881514699723e-08,0.3484453380224295,32,"[1, 2, 4, 8, 16, 32, 32, 32, 16, 8, 4, 2, 1]",6824,1.711342177478789e-19,3.851355933785697e-12,1e-12
1389b46e60475a97bb41836f293949796d5886994b4542de222bb88820feaaac,C,hybrid_tdvp,11,rzz,0.05,3,9,6,64,4,30,30,commuting,0.9999999988949462,0.9999999988949462,1.1050538262225018e-09,3.303589643441762e-05,0.9999999999999996,0.999999999993158,2.789227319874299e-07,4.495852311942329e-08,0.18249524902785197,32,"[1, 2, 4, 8, 16, 31, 32, 32, 16, 8, 4, 2, 1]",6728,5.062936052247789e-13,1.4001075558079759e-11,1e-12
4c9d709b7425fa677776e59f71c0d3fddcf589fede7c7480cde1bfe5a87a7668,C,hybrid_tdvp,11,rzz,0.05,3,9,6,64,8,30,30,commuting,0.9999999947596871,0.9999999947596871,5.2403128503186736e-09,7.217051882401977e-05,0.9999999999999996,0.9999999999841344,5.873242681919688e-07,8.267780446049712e-08,0.6976189730339684,32,"[1, 2, 4, 8, 16, 31, 32, 30, 16, 8, 4, 2, 1]",6536,1.839172412505744e-12,3.2586178080153806e-11,1e-12
479fec2459c6a81edb0894cd9b741d6d1e91b99dee0ec256d373ef2d234ad53e,C,hybrid_tdvp,11,ryy,0.05,3,9,6,8,1,30,30,mixed,0.7913712084352071,0.7913712084352071,0.20862879156479286,0.469913880799687,0.9999999999999996,1.0,0.1703788437785458,0.03860649512840358,0.06761225801892579,8,"[1, 2, 4, 8, 8, 8, 8, 8, 8, 8, 4, 2, 1]",936,3.565810531194795e-05,0.0013325333550638693,1e-12
5105886e5121eef6b073ec4c923a89ea56139ed9bad3b8cd21eeb205c8dc754c,C,hybrid_tdvp,11,ryy,0.05,3,9,6,8,2,30,30,mixed,0.7916737833354702,0.7916737833354702,0.20832621666452977,0.4695518710084393,0.9999999999999996,1.0000000000000002,0.16993412296015706,0.038536649502263196,0.05425410397583619,8,"[1, 2, 4, 8, 8, 8, 8, 8, 8, 8, 4, 2, 1]",936,1.7946334474437514e-05,0.0006687168921217505,1e-12
7146aa533b78b05c4f6978fab939e935aa8ce557ea72952bec4c2fc58e58ff04,C,hybrid_tdvp,11,ryy,0.05,3,9,6,8,4,30,30,mixed,0.7918156321038092,0.7918156321038092,0.20818436789619077,0.4693820865479211,0.9999999999999996,0.9999999999999998,0.16972133469054745,0.03850366794780923,0.12296382896602154,8,"[1, 2, 4, 8, 8, 8, 8, 8, 8, 8, 4, 2, 1]",936,9.001604739590843e-06,0.000334980357907113,1e-12
00db0db51ff2a621eafc7cc81af53db3b42e9f63d68ca7c6ef8e47fcab98e02f,C,hybrid_tdvp,11,ryy,0.05,3,9,6,8,8,30,30,mixed,0.791884251256508,0.791884251256508,0.20811574874349204,0.46929993695686706,0.9999999999999996,1.000000000000001,0.16961726630160734,0.03848764914628731,0.1695522619993426,8,"[1, 2, 4, 8, 8, 8, 8, 8, 8, 8, 4, 2, 1]",936,4.5077983145830796e-06,0.00016764717342078044,1e-12
5848cfb256f545b6d9c9e3a21c62f28067aeccdd8325d97a10de87a988fdb3b6,C,hybrid_tdvp,11,ryy,0.05,3,9,6,16,1,30,30,mixed,0.7697074592456937,0.7697074592456937,0.23029254075430627,0.49531862000370364,0.9999999999999996,1.0000000000000004,0.17813551762870108,0.04075387577376605,0.016664766997564584,16,"[1, 2, 4, 8, 16, 16, 16, 16, 16, 8, 4, 2, 1]",2728,6.786215222579248e-06,0.00013285671032268827,1e-12
031d3639593b3fe9f2a9b67f8ac326e3d4fed124ad0fca4a47e5e84ddfbc346f,C,hybrid_tdvp,11,ryy,0.05,3,9,6,16,2,30,30,mixed,0.7701580782646462,0.7701580782646462,0.22984192173535378,0.4947999442854249,0.9999999999999996,0.9999999999999999,0.1780176534601017,0.04065581828047611,0.19074890500633046,16,"[1, 2, 4, 8, 16, 16, 16, 16, 16, 8, 4, 2, 1]",2728,2.9440400152482875e-06,6.719133057407312e-05,1e-12
b27eb234df4af7010fcd9e23d7e1bc79fce8ccf10a8d59edfd520b709983e200,C,hybrid_tdvp,11,ryy,0.05,3,9,6,16,4,30,30,mixed,0.7706375887994323,0.7706375887994323,0.22936241120056766,0.4942475826961915,0.9999999999999996,1.0,0.17799301208313748,0.04062656121297514,0.19527564296731725,16,"[1, 2, 4, 8, 16, 16, 16, 16, 16, 8, 4, 2, 1]",2728,1.4544289425796718e-06,3.500244072102848e-05,1e-12
f20755c49844b643dbf8325a2a923ad4cdbb4caa9667e3d67fbb65885ed97be8,C,hybrid_tdvp,11,ryy,0.05,3,9,6,16,8,30,30,mixed,0.7708355673426083,0.7708355673426083,0.22916443265739173,0.49401939571883463,0.9999999999999996,1.0000000000000009,0.17797211685936665,0.040609927536714815,0.18490550300339237,16,"[1, 2, 4, 8, 16, 16, 16, 16, 16, 8, 4, 2, 1]",2728,7.308150204817902e-07,1.7895721884799215e-05,1e-12
6248b872329e8e78b7797e9038f1618bad6bf1f2a50fb0fd2d5a9a20aeb5eff8,C,hybrid_tdvp,11,ryy,0.05,3,9,6,64,1,30,30,mixed,0.769267592559379,0.769267592559379,0.23073240744062096,0.4958245423840056,0.9999999999999996,0.9999999999981345,0.17795549476671169,0.04087341907290549,0.3208589460118674,58,"[1, 2, 4, 8, 16, 32, 58, 32, 16, 8, 4, 2, 1]",10152,1.226275298271835e-13,3.868821150153567e-12,1e-12
6b28c587720b67a64c4ea689cd4ce69feeb63e7f13f0ba78583fecd990d6c080,C,hybrid_tdvp,11,ryy,0.05,3,9,6,64,2,30,30,mixed,0.7692676019666322,0.7692676019666322,0.23073239803336776,0.4958245315660086,0.9999999999999996,0.9999999999971371,0.17795549913368797,0.040873427894086704,0.6961140549974516,57,"[1, 2, 4, 8, 16, 32, 57, 32, 16, 8, 4, 2, 1]",10024,1.9566036703424258e-13,5.87917702576465e-12,1e-12
77f41c20e6491de44b4d67866748f8c30cff13135074bc1546c835510a4d9090,C,hybrid_tdvp,11,ryy,0.05,3,9,6,64,4,30,30,mixed,0.7692675954151107,0.7692675954151107,0.2307324045848893,0.49582453909593466,0.9999999999999996,0.9999999999958066,0.17795550139507121,0.040873433751055815,1.2548919930122793,57,"[1, 2, 4, 8, 16, 32, 57, 32, 16, 8, 4, 2, 1]",10024,1.4669339683932935e-13,8.866436211255056e-12,1e-12
6b561ce601bb6e3da831ca77787a120e771e629912baeb22944676bfc90dfb0c,C,hybrid_tdvp,11,ryy,0.05,3,9,6,64,8,30,30,mixed,0.7692675940116244,0.7692675940116244,0.23073240598837563,0.4958245407071924,0.9999999999999996,0.9999999999946172,0.17795550532234883,0.04087343743729457,2.3627212020219304,56,"[1, 2, 4, 8, 16, 32, 56, 32, 16, 8, 4, 2, 1]",9896,2.78093009573932e-13,1.1546193577669899e-11,1e-12
546a92f4f3161ac789e3e45ace1047552c5f30ff67d40a41cda0cead06f31b8d,C,hybrid_tdvp,11,rzz,0.05,2,9,7,8,1,31,31,commuting,0.9547739252521703,0.9547739252521703,0.04522607474782969,0.21389091829887566,0.9999999999999996,1.0000000000000004,0.035359853601329316,0.00931324617935507,0.09587113902671263,8,"[1, 2, 4, 8, 8, 8, 8, 8, 8, 8, 4, 2, 1]",936,2.7447454696098305e-05,0.0013016667957779777,1e-12
06014a5237706753eeaf3cecd4b0a9d975e26c29dfdebe020c623c27843a7ff2,C,hybrid_tdvp,11,rzz,0.05,2,9,7,8,2,31,31,commuting,0.9542937890650216,0.9542937890650216,0.0457062109349784,0.21503665495703386,0.9999999999999996,1.0000000000000009,0.03616723845875569,0.009394335370447477,0.055773270956706256,8,"[1, 2, 4, 8, 8, 8, 8, 8, 8, 8, 4, 2, 1]",936,1.396534808708329e-05,0.0006563698520011909,1e-12
31c5a2eed022a3ca7ab11a32d8c90e5d4ca036916c3fe541b0d32922eadf19e5,C,hybrid_tdvp,11,rzz,0.05,2,9,7,8,4,31,31,commuting,0.9540496012347769,0.9540496012347769,0.04595039876522311,0.21561712857343734,0.9999999999999996,0.9999999999999998,0.03656701259802553,0.00943509614990385,0.30709281901363283,8,"[1, 2, 4, 8, 8, 8, 8, 8, 8, 8, 4, 2, 1]",936,7.044195030993637e-06,0.0003295453989905086,1e-12
a1258bb417ef79c6fd6898a1db27cde5febf6887fa9e941376e6b40eeda7cd71,C,hybrid_tdvp,11,rzz,0.05,2,9,7,8,8,31,31,commuting,0.9539264290613183,0.9539264290613183,0.046073570938681696,0.2159093645512579,0.9999999999999996,0.9999999999999998,0.036766011104645946,0.00945556137145459,0.15674522396875545,8,"[1, 2, 4, 8, 8, 8, 8, 8, 8, 8, 4, 2, 1]",936,3.5376186284237185e-06,0.00016511005442655378,1e-12
4de6441db240c1b7cd3a9c55d51a0749920d474ab5674afb60863bbaef9bd9e0,C,hybrid_tdvp,11,rzz,0.05,2,9,7,16,1,31,31,commuting,0.9989512816915568,0.9989512816915568,0.0010487183084432194,0.03238816767332676,0.9999999999999996,1.0000000000000009,0.0009011527581176404,0.0002605583305070945,0.04058315098518506,16,"[1, 2, 4, 8, 16, 16, 16, 16, 16, 8, 4, 2, 1]",2728,8.778889839084369e-07,4.844529831938732e-05,1e-12
0cca91da1719df3f5bd734e2c4228e5b53ed23d06ce54407c52d1f40d734850b,C,hybrid_tdvp,11,rzz,0.05,2,9,7,16,2,31,31,commuting,0.9988804221539758,0.9988804221539758,0.0011195778460242334,0.03345815732130982,0.9999999999999996,0.9999997784530422,0.0011034391828962098,0.0003221087389035753,0.04396880103740841,16,"[1, 2, 4, 8, 16, 16, 16, 16, 16, 8, 4, 2, 1]",2728,4.505504113496817e-07,2.7374842071893713e-05,1e-12
3970a8a82ce7007423b13dc44b76fd0fe61956e2d184db429246658c792ef3db,C,hybrid_tdvp,11,rzz,0.05,2,9,7,16,4,31,31,commuting,0.9988809147045927,0.9988809147045927,0.0011190852954072739,0.033454058115749793,0.9999999999999996,0.9999998877228543,0.001126667668572584,0.00031662857086812025,0.12603207700885832,16,"[1, 2, 4, 8, 16, 16, 16, 16, 16, 8, 4, 2, 1]",2728,2.2891195109813908e-07,1.4235743280276058e-05,1e-12
f30403a37f96a75b6aaf227af63890f5066ecdc39cb95be0f5f32b9f99e15804,C,hybrid_tdvp,11,rzz,0.05,2,9,7,16,8,31,31,commuting,0.998934499224547,0.998934499224547,0.0010655007754529766,0.032639617322238634,0.9999999999999996,0.9999997799345774,0.0008504643260064393,0.00027290654234101574,0.17692640802124515,16,"[1, 2, 4, 8, 16, 16, 16, 16, 16, 8, 4, 2, 1]",2728,1.1279020056159467e-07,6.805376807611546e-06,1e-12
8ff03bb0a69e8d045660c900806ca068df8c848f6ad8f2fb2c4c284b7639a68f,C,hybrid_tdvp,11,rzz,0.05,2,9,7,64,1,31,31,commuting,0.9999999999842184,0.9999999999842184,1.5781598250441675e-11,3.853014814286479e-06,0.9999999999999996,0.9999999999995316,5.285505812191449e-08,1.1032627992772209e-08,0.23256998299621046,32,"[1, 2, 4, 8, 16, 32, 32, 32, 16, 8, 4, 2, 1]",6824,3.833842569049071e-22,9.78515808486546e-13,1e-12
42f1e86f3a1e684e232e25db7ca383623b0572441e757d6c93af5cffa7bc1c40,C,hybrid_tdvp,11,rzz,0.05,2,9,7,64,2,31,31,commuting,0.9999999998476954,0.9999999998476954,1.5230461336557255e-10,1.219108278360975e-05,0.9999999999999996,0.9999999999981586,4.734950568088814e-07,6.410874969631582e-08,0.45863139699213207,32,"[1, 2, 4, 8, 16, 32, 32, 32, 16, 8, 4, 2, 1]",6824,4.9130911843813316e-20,3.8513559829166096e-12,1e-12
f4492d556c0b58f1653d7705e46dbc75884e0cc1a712fc3dd67b85c5e3194cb5,C,hybrid_tdvp,11,rzz,0.05,2,9,7,64,4,31,31,commuting,0.9999999988950408,0.9999999988950408,1.1049592352208037e-09,3.3034444893199865e-05,0.9999999999999996,0.9999999999931574,3.078174355061747e-07,4.7416720131009974e-08,0.23153788998024538,32,"[1, 2, 4, 8, 16, 31, 32, 32, 16, 8, 4, 2, 1]",6728,1.0393253458261693e-17,1.4001085951333213e-11,1e-12
6a9a1d40b1c83ebf0bb8f746a5c0cc5f1260362c494c9ffe64795bf08f71775e,C,hybrid_tdvp,11,rzz,0.05,2,9,7,64,8,31,31,commuting,0.9999999947364349,0.9999999947364349,5.263565139301818e-09,7.233126504370538e-05,0.9999999999999996,0.9999999999841225,5.898391746278486e-07,8.301672901565043e-08,0.5239958839956671,32,"[1, 2, 4, 8, 16, 31, 32, 30, 16, 8, 4, 2, 1]",6536,1.2417141160588487e-14,3.259859522131442e-11,1e-12
44aec4a0079b6dfacf6e3ba914a8bd1272f6c26d5c92adcaf2319b84f08b5ee7,C,hybrid_tdvp,11,rxx,0.05,2,9,7,8,1,31,31,mixed,0.7882916333422499,0.7882916333422499,0.21170836665775006,0.4735865490372036,0.9999999999999996,1.0,0.1710555376235813,0.038586146262463074,0.06584435800323263,8,"[1, 2, 4, 8, 8, 8, 8, 8, 8, 8, 4, 2, 1]",936,4.2661692749403296e-05,0.0013751950478132723,1e-12
d06187765aae1bafb94c8f7abc4e1b1cf2366e44a4d14218d40f56c507e78e51,C,hybrid_tdvp,11,rxx,0.05,2,9,7,8,2,31,31,mixed,0.7885534558316013,0.7885534558316013,0.2114465441683987,0.4732751330599497,0.9999999999999996,1.0,0.17056792159990927,0.038514154932084696,0.0551512380479835,8,"[1, 2, 4, 8, 8, 8, 8, 8, 8, 8, 4, 2, 1]",936,2.140187066231454e-05,0.0006901187627840651,1e-12
33450b1f6db4439cec6f0d5495b7b5effc6433a37e026907ad86191efbb41027,C,hybrid_tdvp,11,rxx,0.05,2,9,7,8,4,31,31,mixed,0.7886750635960071,0.7886750635960071,0.21132493640399286,0.4731304386664789,0.9999999999999996,0.9999999999999998,0.17033422923875943,0.03848017285090078,0.12291295704199001,8,"[1, 2, 4, 8, 8, 8, 8, 8, 8, 8, 4, 2, 1]",936,1.0716522743921738e-05,0.00034569688065103483,1e-12
5d889aa38222958e8fbddca05d0cbd21f5ff5075536357e8a523d5bdae7970c5,C,hybrid_tdvp,11,rxx,0.05,2,9,7,8,8,31,31,mixed,0.7887335939873567,0.7887335939873567,0.21126640601264335,0.4730607847725194,0.9999999999999996,1.0000000000000004,0.17021984405231064,0.03846367192211349,0.38089015195146203,8,"[1, 2, 4, 8, 8, 8, 8, 8, 8, 8, 4, 2, 1]",936,5.361894560207329e-06,0.00017300906798098777,1e-12
dce751f9a29e09ec75c59d423457c695a5dd4c8020735bebafb8573555782840,C,hybrid_tdvp,11,rxx,0.05,2,9,7,16,1,31,31,mixed,0.7696071807994883,0.7696071807994883,0.2303928192005117,0.4954339902099403,0.9999999999999996,1.0,0.17862950444785122,0.04067219275699077,0.03689344599843025,16,"[1, 2, 4, 8, 16, 16, 16, 16, 16, 8, 4, 2, 1]",2728,5.490232822507665e-06,0.00013834694314519591,1e-12
136cd944344b3df955b2cfe02bc47ab2cceb14b9e32b83fbd4eb77fbebcd2be2,C,hybrid_tdvp,11,rxx,0.05,2,9,7,16,2,31,31,mixed,0.7700518425330605,0.7700518425330605,0.22994815746693953,0.49492226002317913,0.9999999999999996,0.9999999999999997,0.17848681754568502,0.04056481508224022,0.10071079095359892,16,"[1, 2, 4, 8, 16, 16, 16, 16, 16, 8, 4, 2, 1]",2728,2.7642244674310234e-06,6.995555504150414e-05,1e-12
85769b7ae095adae9ad87458dd7abab89b6cbdfa79e5f28e980e79bb38d7f3b4,C,hybrid_tdvp,11,rxx,0.05,2,9,7,16,4,31,31,mixed,0.7705368418366235,0.7705368418366235,0.22946315816337648,0.49436367288359384,0.9999999999999996,1.0,0.1784511964684383,0.04053424301473769,0.30261384998448193,16,"[1, 2, 4, 8, 16, 16, 16, 16, 16, 8, 4, 2, 1]",2728,1.3419357843973584e-06,3.634437650542583e-05,1e-12
e4de1ab4645610111d022681b5ecc5e393b130aeca39c8e4fc43a8de2fdfcdd6,C,hybrid_tdvp,11,rxx,0.05,2,9,7,16,8,31,31,mixed,0.7707385048056814,0.7707385048056814,0.2292614951943186,0.49413127798815604,0.9999999999999996,0.9999999999999999,0.17843063154658584,0.04051766985232884,0.2363313080277294,16,"[1, 2, 4, 8, 16, 16, 16, 16, 16, 8, 4, 2, 1]",2728,6.62017194472678e-07,1.85577390792719e-05,1e-12
d928e2cc69c173a0b45762988af433d72be0a280fc942de212ffbcfd1ac147c5,C,hybrid_tdvp,11,rxx,0.05,2,9,7,64,1,31,31,mixed,0.7692675925141994,0.7692675925141994,0.2307324074858006,0.49582454243578244,0.9999999999999996,0.9999999999980511,0.17839598443167692,0.040789053835123934,0.4991098759928718,52,"[1, 2, 4, 8, 16, 32, 52, 32, 16, 8, 4, 2, 1]",9384,1.7927194539988763e-13,4.0480930955534544e-12,1e-12
0fd9e0ce59135690326abf31c1b2f39cfbaabe91b4330218c1b78da56a0a44f0,C,hybrid_tdvp,11,rxx,0.05,2,9,7,64,2,31,31,mixed,0.769267601992344,0.769267601992344,0.230732398007656,0.495824531536178,0.9999999999999996,0.9999999999970042,0.1783959899958728,0.040789063877776685,0.6028014259645715,53,"[1, 2, 4, 8, 16, 32, 53, 32, 16, 8, 4, 2, 1]",9512,2.8055796589078363e-13,6.159734991655434e-12,1e-12
dea8147315773a282310e31ac97738e4131dbf5ce6a9e437978d79588c26eb14,C,hybrid_tdvp,11,rxx,0.05,2,9,7,64,4,31,31,mixed,0.7692675954593272,0.7692675954593272,0.2307324045406728,0.495824539044805,0.9999999999999996,0.9999999999956626,0.17839599286606436,0.04078907040620341,1.2605123299872503,54,"[1, 2, 4, 8, 16, 32, 54, 32, 16, 8, 4, 2, 1]",9640,3.109213549084998e-13,9.177357566163557e-12,1e-12
d9c0c36983551210ec42e0f15d22314d927c1d84f882ce5cf40849c021b3a294,C,hybrid_tdvp,11,rxx,0.05,2,9,7,64,8,31,31,mixed,0.7692675940289467,0.7692675940289467,0.23073240597105327,0.49582454068708764,0.9999999999999996,0.9999999999945229,0.1783959976042373,0.04078907451628619,2.467785148008261,56,"[1, 2, 4, 8, 16, 32, 56, 32, 16, 8, 4, 2, 1]",9896,2.1254568576707083e-13,1.1758739263436968e-11,1e-12
a3390ad56575c9f8a918407d5ba849a747460219d6d75b7879c8260d547fab82,C,hybrid_tdvp,11,rzz,0.05,2,8,6,8,1,32,32,commuting,0.9517199149368041,0.9517199149368041,0.04828008506319592,0.22108218719654557,0.9999999999999996,1.0000000000000004,0.049572190057821874,0.01030286590506338,0.03243371902499348,8,"[1, 2, 4, 8, 8, 8, 8, 8, 8, 8, 4, 2, 1]",936,3.1440009805594485e-05,0.001333106805583572,1e-12
e5dad098103111dd3222465b47146e9e719a5fbb6833791797d68c6628b46e29,C,hybrid_tdvp,11,rzz,0.05,2,8,6,8,2,32,32,commuting,0.9512347449472279,0.9512347449472279,0.04876525505277207,0.2222042322205104,0.9999999999999996,1.0000000000000009,0.050370315234214535,0.010383098735763409,0.11710460699396208,8,"[1, 2, 4, 8, 8, 8, 8, 8, 8, 8, 4, 2, 1]",936,1.59240467155406e-05,0.0006722938987167314,1e-12
e426b4bab244443d001507fa0a2b4c0148d0d403cc598c20389a905845c14c8f,C,hybrid_tdvp,11,rzz,0.05,2,8,6,8,4,32,32,commuting,0.9509872732608254,0.9509872732608254,0.04901272673917456,0.2227744892802908,0.9999999999999996,1.0000000000000007,0.05076535817375194,0.010423618112942764,0.48062855802709237,8,"[1, 2, 4, 8, 8, 8, 8, 8, 8, 8, 4, 2, 1]",936,8.013347139907263e-06,0.00033755874613041587,1e-12
1f772745990bc623c6a9f153acb5c76dfc832661176f89e2dc6510ec4cb727ee,C,hybrid_tdvp,11,rzz,0.05,2,8,6,8,8,32,32,commuting,0.9508622825806015,0.9508622825806015,0.04913771741939854,0.22306198339313293,0.9999999999999996,0.9999999999999999,0.05096196848882961,0.010444003542771812,0.1565199649776332,8,"[1, 2, 4, 8, 8, 8, 8, 8, 8, 8, 4, 2, 1]",936,4.019548239289952e-06,0.0001691296026658436,1e-12
0ff31986c11e9b51e2fa7ac4ed04556222fcd0b75db912294e8b886826ee61ad,C,hybrid_tdvp,11,rzz,0.05,2,8,6,16,1,32,32,commuting,0.9975293788786722,0.9975293788786722,0.0024706211213277873,0.04972070998588764,0.9999999999999996,0.999999999999999,0.013837339100651214,0.0034374736463238984,0.038486465986352414,16,"[1, 2, 4, 8, 16, 16, 16, 16, 16, 8, 4, 2, 1]",2728,2.1684440277387084e-06,5.061374234712603e-05,1e-12
2ef0b140afa030e1da473cf26d372f86129fbde0c58fff93db063481ffbf6809,C,hybrid_tdvp,11,rzz,0.05,2,8,6,16,2,32,32,commuting,0.9974313147059012,0.9974313147059012,0.002568685294098816,0.050698490629529705,0.9999999999999996,1.0000000000000013,0.013837595502759509,0.0034584427702693183,0.04486800101585686,16,"[1, 2, 4, 8, 16, 16, 16, 16, 16, 8, 4, 2, 1]",2728,1.1436924748027881e-06,2.8518534546696502e-05,1e-12
e59833f7d406cfe1d970b9a9b0e676be06dcb84d7fb6ed0c09ddfe1b3e0b5c4d,C,hybrid_tdvp,11,rzz,0.05,2,8,6,16,4,32,32,commuting,0.9974270521140396,0.9974270521140396,0.0025729478859604082,0.050740565957938355,0.9999999999999996,1.0000000000000002,0.01386820112095316,0.0034537991213360528,0.05618707701796666,16,"[1, 2, 4, 8, 16, 16, 16, 16, 16, 8, 4, 2, 1]",2728,5.667872960420782e-07,1.4802530576318134e-05,1e-12
2a451aedc5af726059d7654e20d41c8306a040cd785a27e932ee610ca62426a3,C,hybrid_tdvp,11,rzz,0.05,2,8,6,16,8,32,32,commuting,0.9974899911650515,0.9974899911650515,0.0025100088349484517,0.05011572458641819,0.9999999999999996,1.0000000000000007,0.013865143960625437,0.0034437285248001557,0.34860228101024404,16,"[1, 2, 4, 8, 16, 16, 16, 16, 16, 8, 4, 2, 1]",2728,2.6836141961452364e-07,7.0737382272260684e-06,1e-12
741463af810240592d02a0015b1da32855c16860b40dfb437c04759b4c42451b,C,hybrid_tdvp,11,rzz,0.05,2,8,6,64,1,32,32,commuting,0.9987158627196598,0.9987158627196598,0.0012841372803401585,0.035840616574608214,0.9999999999999996,0.9999999999995303,0.01410714063707208,0.0034470603131484673,0.2258520339964889,32,"[1, 2, 4, 8, 16, 32, 32, 32, 16, 8, 4, 2, 1]",6824,1.1086192224646423e-21,9.785158095951652e-13,1e-12
33ddeaf7dcca46d53e996d17c50d9ec3c9612987f382540eab625425efbc83fc,C,hybrid_tdvp,11,rzz,0.05,2,8,6,64,2,32,32,commuting,0.9987158670920506,0.9987158670920506,0.0012841329079493757,0.03584055549943016,0.9999999999999996,0.9999999999981608,0.014107100037709541,0.003447055311054891,0.3784086399828084,32,"[1, 2, 4, 8, 16, 32, 32, 32, 16, 8, 4, 2, 1]",6824,1.4440226706206041e-19,3.851356127318877e-12,1e-12
ab19e29a4a1c0662f0288f8e573caa5692cf3b25087f78436eb5c1ab43f50ed9,C,hybrid_tdvp,11,rzz,0.05,2,8,6,64,4,32,32,commuting,0.9987158633691468,0.9987158633691468,0.0012841366308532498,0.03584060732315682,0.9999999999999996,0.999999999992905,0.014107122016618678,0.0034470603094423043,0.25885888101765886,32,"[1, 2, 4, 8, 16, 31, 32, 32, 16, 8, 4, 2, 1]",6728,5.029801646927922e-13,1.4504066116026004e-11,1e-12
6c5b5a739f5b548b087bb36439c4d345f5920bb31929ade7f9c7cce197f4e33f,C,hybrid_tdvp,11,rzz,0.05,2,8,6,64,8,32,32,commuting,0.9987158582829139,0.9987158582829139,0.0012841417170861291,0.03584067806920247,0.9999999999999996,0.9999999999837386,0.014107129341214941,0.003447056189270355,0.3646995489834808,32,"[1, 2, 4, 8, 16, 31, 32, 31, 16, 8, 4, 2, 1]",6632,7.862579840770138e-13,3.338485320539141e-11,1e-12
a65247f18317e042085ee179989cd7e71b20996845dfa65995485711fba0babd,C,hybrid_tdvp,11,rzz,0.05,2,8,6,8,1,32,32,mixed,0.7710763273334027,0.7710763273334027,0.2289236726665973,0.4937417969227254,0.9999999999999996,0.9999999999999999,0.1869199519836648,0.040734346941661344,0.06447572499746457,8,"[1, 2, 4, 8, 8, 8, 8, 8, 8, 8, 4, 2, 1]",936,3.6932858641646945e-05,0.0014121279064549192,1e-12
2fe043b3a6f464655c36e5aae1337348128b780be6b5f44d03103289c44a2f82,C,hybrid_tdvp,11,rzz,0.05,2,8,6,8,2,32,32,mixed,0.7714102482726609,0.7714102482726609,0.22858975172733909,0.4933565958282557,0.9999999999999996,1.0000000000000004,0.18640818575966195,0.04064932412495954,0.05936368502443656,8,"[1, 2, 4, 8, 8, 8, 8, 8, 8, 8, 4, 2, 1]",936,1.870519524304979e-05,0.0007088239580271152,1e-12
598bb3e58d8188189c0bd3cec0d4cf0c897608ddc35ff585e694eb6f2fe7ac01,C,hybrid_tdvp,11,rzz,0.05,2,8,6,8,4,32,32,mixed,0.7715670368378625,0.7715670368378625,0.22843296316213746,0.4931756542680316,0.9999999999999996,1.0000000000000002,0.18616224265147518,0.040608981153864424,0.10421631002100185,8,"[1, 2, 4, 8, 8, 8, 8, 8, 8, 8, 4, 2, 1]",936,9.412371325200703e-06,0.0003551092519762355,1e-12
79d3f13db16ec88742a4f19b84aa4b79a039a8942721613d9989e845adaee147,C,hybrid_tdvp,11,rzz,0.05,2,8,6,8,8,32,32,mixed,0.7716429457438807,0.7716429457438807,0.2283570542561193,0.4930880344847868,0.9999999999999996,1.0000000000000007,0.18604169140564492,0.040589338391964117,0.19047257502097636,8,"[1, 2, 4, 8, 8, 8, 8, 8, 8, 8, 4, 2, 1]",936,4.7211474780457974e-06,0.00017773021545903348,1e-12
dd5bf4c31fe4e0be88b51df527cac5ac51caa4f77f47be5d6551e5d179ef31b8,C,hybrid_tdvp,11,rzz,0.05,2,8,6,16,1,32,32,mixed,0.7490090835404564,0.7490090835404564,0.25099091645954363,0.5187425010443543,0.9999999999999996,1.0000000000000002,0.19446515596600583,0.04316879395736943,0.03934678400401026,16,"[1, 2, 4, 8, 16, 16, 16, 16, 16, 8, 4, 2, 1]",2728,5.398612605025052e-06,0.00014374555575022096,1e-12
6fd4b55653eada29d43f97f660411fa0d41ec5d31c88d730c99e85eb0a0bc586,C,hybrid_tdvp,11,rzz,0.05,2,8,6,16,2,32,32,mixed,0.7494647758191413,0.7494647758191413,0.2505352241808587,0.5182348178004598,0.9999999999999996,0.9999999999999996,0.19433560619419332,0.04306569063128783,0.10853684798348695,16,"[1, 2, 4, 8, 16, 16, 16, 16, 16, 8, 4, 2, 1]",2728,2.54330192933897e-06,7.24988569708431e-05,1e-12
1b1e2fbb72ffbf4686c70af6e7417a2775d0bab6c2b97ca03af37e4c03f2ca9f,C,hybrid_tdvp,11,rzz,0.05,2,8,6,16,4,32,32,mixed,0.7499573334897627,0.7499573334897627,0.2500426665102373,0.5176856770031126,0.9999999999999996,1.0000000000000004,0.19430569349671692,0.04304383594856719,0.4362047099857591,16,"[1, 2, 4, 8, 16, 16, 16, 16, 16, 8, 4, 2, 1]",2728,1.266154225667124e-06,3.7610530731092965e-05,1e-12
9e0026b7c031992b390ec8f68e5573f367a26e41096d914c9e2632089e55527f,C,hybrid_tdvp,11,rzz,0.05,2,8,6,16,8,32,32,mixed,0.7501620861274187,0.7501620861274187,0.24983791387258125,0.5174566826601691,0.9999999999999996,0.9999996884130337,0.19428540821258405,0.043029231896822964,0.20034555601887405,16,"[1, 2, 4, 8, 16, 16, 16, 16, 16, 8, 4, 2, 1]",2728,6.357370413342329e-07,1.9193476120606138e-05,1e-12
1fbcca7f201d2ed0b0227c943aba6f0d0b10fa6a43c6b2582d2d97f0fde94793,C,hybrid_tdvp,11,rzz,0.05,2,8,6,64,1,32,32,mixed,0.7486305106316461,0.7486305106316461,0.2513694893683539,0.5191640059543305,0.9999999999999996,0.999999999997967,0.194258171670031,0.043289396990745875,0.3470915920333937,55,"[1, 2, 4, 8, 16, 32, 55, 32, 16, 8, 4, 2, 1]",9768,1.6710344372580099e-13,4.215196539279256e-12,1e-12
352141150ce2ca47dea953a04c888f4a7adcbf8716337d4b48a00b99e0d11720,C,hybrid_tdvp,11,rzz,0.05,2,8,6,64,2,32,32,mixed,0.748630521233422,0.748630521233422,0.251369478766578,0.5191639941515054,0.9999999999999996,0.9999999999968994,0.19425817723424324,0.043289407249138254,0.6377934960182756,54,"[1, 2, 4, 8, 16, 32, 54, 32, 16, 8, 4, 2, 1]",9640,2.239934677821925e-13,6.383728459437628e-12,1e-12
bc93ca437197996d5d4137b3b590e1cfd7f389ce03005b94a15e40b0faf4120c,C,hybrid_tdvp,11,rzz,0.05,2,8,6,64,4,32,32,mixed,0.7486305150732981,0.7486305150732981,0.25136948492670186,0.5191640010057531,0.9999999999999996,0.9999999999955775,0.19425818010439086,0.043289413784344345,1.0941685470170341,55,"[1, 2, 4, 8, 16, 32, 55, 32, 16, 8, 4, 2, 1]",9768,1.7345072895324763e-13,9.350808295116806e-12,1e-12
31490373136b7b88504b0624d52bede878ab6e49902986d290c5a1b258b78746,C,hybrid_tdvp,11,rzz,0.05,2,8,6,64,8,32,32,mixed,0.7486305126569801,0.7486305126569801,0.2513694873430199,0.5191640036931667,0.9999999999999996,0.9999999999944477,0.19425818484253696,0.043289418086971336,2.0405684600118548,56,"[1, 2, 4, 8, 16, 32, 56, 32, 16, 8, 4, 2, 1]",9896,1.7658823649221197e-13,1.1935327499929181e-11,1e-12
18c949ee36516de62145cf04de55d3dd5c0d579b2b9c8f413fe06abae6915358,C,hybrid_tdvp,11,rzz,0.05,3,9,6,8,1,33,33,commuting,0.9497551526205762,0.9497551526205762,0.05024484737942381,0.22559334063170342,0.9999999999999996,1.0,0.03639915773253133,0.01018632017694964,0.028615203977096826,8,"[1, 2, 4, 8, 8, 8, 8, 8, 8, 8, 4, 2, 1]",936,2.9245881948310006e-05,0.0013623526875318822,1e-12
d64f4e39470223b37aa6bbedcb60f11f22e54e5a589809d1934ea67c9dc848ff,C,hybrid_tdvp,11,rzz,0.05,3,9,6,8,2,33,33,commuting,0.9492407937210355,0.9492407937210355,0.050759206278964464,0.2267602609156904,0.9999999999999996,1.0,0.03720733205453075,0.010277867012590437,0.0369060939992778,8,"[1, 2, 4, 8, 8, 8, 8, 8, 8, 8, 4, 2, 1]",936,1.472504452264617e-05,0.0006870189432393774,1e-12
0085e79cb0dbe9cc102666bf12e35415a9d942ba1ab76de3cff601f40de17f15,C,hybrid_tdvp,11,rzz,0.05,3,9,6,8,4,33,33,commuting,0.9489789204367634,0.9489789204367634,0.05102107956323665,0.2273521898162072,0.9999999999999996,0.9999999999999988,0.03760788863699149,0.010323745531486721,0.1050446389708668,8,"[1, 2, 4, 8, 8, 8, 8, 8, 8, 8, 4, 2, 1]",936,7.3882498198197265e-06,0.00034494699595023553,1e-12
c292cf4125744e18c4d569b28fdbeea9699beb5fa4894eb7687835f10e7b224a,C,hybrid_tdvp,11,rzz,0.05,3,9,6,8,8,33,33,commuting,0.9488467668530287,0.9488467668530287,0.05115323314697129,0.22765035158780741,0.9999999999999996,1.0000000000000007,0.03780736672710572,0.010346742931528543,0.1349450339912437,8,"[1, 2, 4, 8, 8, 8, 8, 8, 8, 8, 4, 2, 1]",936,3.7005647725429734e-06,0.00017283016743838654,1e-12
b00c0f564041528e6e635eaa64c2def4448ee66e15977a0bbbb0b805b0ab9d0c,C,hybrid_tdvp,11,rzz,0.05,3,9,6,16,1,33,33,commuting,0.9986909352614213,0.9986909352614213,0.0013090647385787246,0.036186923492370966,0.9999999999999996,1.0000000000000004,0.0010138796256229377,0.0003126693472778031,0.021214923996012658,16,"[1, 2, 4, 8, 16, 16, 16, 16, 16, 8, 4, 2, 1]",2728,2.799921522255238e-06,5.3413663869381266e-05,1e-12
6578ca24b5af67917e711fed06cb3ce41938681464d6d050e2d085abae2f43d0,C,hybrid_tdvp,11,rzz,0.05,3,9,6,16,2,33,33,commuting,0.9986073578228409,0.9986073578228409,0.0013926421771590647,0.03732462160738507,0.9999999999999996,1.0000000000000002,0.0012642757536316107,0.00038085644249339886,0.06047089397907257,16,"[1, 2, 4, 8, 16, 16, 16, 16, 16, 8, 4, 2, 1]",2728,1.4829854789505983e-06,3.0001520025647103e-05,1e-12
9e20aaa526df06429a8194e06edc113dc564e7b11e77c992d4dcef1305268a5f,C,hybrid_tdvp,11,rzz,0.05,3,9,6,16,4,33,33,commuting,0.9986114186001931,0.9986114186001931,0.0013885813998069096,0.037270145885824064,0.9999999999999996,0.9999999999999997,0.001303863156629892,0.000373444557570511,0.13213075598469004,16,"[1, 2, 4, 8, 16, 16, 16, 16, 16, 8, 4, 2, 1]",2728,7.370752944938603e-07,1.553960587081199e-05,1e-12
281592b601ac01bfc4081c8b7247c9a31acd78031689374470473c6a8a9a948c,C,hybrid_tdvp,11,rzz,0.05,3,9,6,16,8,33,33,commuting,0.998678484878465,0.998678484878465,0.0013215151215349996,0.036354031979873386,0.9999999999999996,0.999999831815174,0.0010085651986974087,0.0003228501655364856,0.14754960598656908,16,"[1, 2, 4, 8, 16, 16, 16, 16, 16, 8, 4, 2, 1]",2728,3.5236701062895217e-07,7.42610523785502e-06,1e-12
c80a6a322d46f797ddf22853aa61deff58bb36139bb3166b3853e3e1fc5da208,C,hybrid_tdvp,11,rzz,0.05,3,9,6,64,1,33,33,commuting,0.9999999999842175,0.9999999999842175,1.5782486428861375e-11,3.853014820948536e-06,0.9999999999999996,0.9999999999995307,5.772210016907753e-08,1.157482107992802e-08,0.223053299007006,32,"[1, 2, 4, 8, 16, 32, 32, 32, 16, 8, 4, 2, 1]",6824,6.376030385921709e-22,9.785158102327682e-13,1e-12
3269bafc538eaf26d9b4fecffd1f1eaa219372f5f7f62d10f5bf39cc651b6e48,C,hybrid_tdvp,11,rzz,0.05,3,9,6,64,2,33,33,commuting,0.9999999998477054,0.9999999998477054,1.5229462135835092e-10,1.2191083396688126e-05,0.9999999999999996,0.9999999999981632,4.7166879277305007e-07,6.408816371988656e-08,0.4302579690120183,32,"[1, 2, 4, 8, 16, 32, 32, 32, 16, 8, 4, 2, 1]",6824,9.046469847031151e-20,3.8513562177835755e-12,1e-12
60354a9049ad701b17b98a455d74bbf0a1e0fa7e4e9e9215e3024d015bdc0339,C,hybrid_tdvp,11,rzz,0.05,3,9,6,64,4,33,33,commuting,0.9999999987093733,0.9999999987093733,1.290626716610177e-09,3.571936760787512e-05,0.9999999999999996,0.9999999999926226,3.1504285911282404e-07,4.904763264104456e-08,0.24829701200360432,32,"[1, 2, 4, 8, 16, 31, 32, 32, 16, 8, 4, 2, 1]",6728,5.89083933904893e-13,1.5093150049930892e-11,1e-12
cb8ffef224b83f4ee57bce7d36e09881fa8019d5ed090e2006c6efc2d0395400,C,hybrid_tdvp,11,rzz,0.05,3,9,6,64,8,33,33,commuting,0.9999999941726792,0.9999999941726792,5.827320848084128e-09,7.611753595525445e-05,0.9999999999999996,0.9999999999832777,6.082305669119492e-07,8.598682199225507e-08,0.41305614600423723,32,"[1, 2, 4, 8, 16, 31, 32, 31, 16, 8, 4, 2, 1]",6632,9.202538577469538e-13,3.4305107063138375e-11,1e-12
5a7fee301a4276ce4309fd36b595ade42721f2dfbba5bbc38d6e5f6c10c3f7c9,C,hybrid_tdvp,11,ryy,0.05,3,9,6,8,1,33,33,mixed,0.7531371133236577,0.7531371133236577,0.24686288667634226,0.5141308647350199,0.9999999999999996,0.9999999999999997,0.18696279858414588,0.04293169034221349,0.3076812839717604,8,"[1, 2, 4, 8, 8, 8, 8, 8, 8, 8, 4, 2, 1]",936,3.4463625653289334e-05,0.0014465915321082085,1e-12
45815802f6f2d25541da2cba16e1d104b980ae6f3f46c9a7e823b5282619a3b8,C,hybrid_tdvp,11,ryy,0.05,3,9,6,8,2,33,33,mixed,0.7534854904826361,0.7534854904826361,0.24651450951736387,0.5137403623188619,0.9999999999999996,1.0000000000000013,0.1864445678894267,0.04284940117736246,0.0530795410159044,8,"[1, 2, 4, 8, 8, 8, 8, 8, 8, 8, 4, 2, 1]",936,1.7341453977994024e-05,0.0007261654120051094,1e-12
4c58c906a887044360f00f618af017f434c7d1af4c41e0a1d79ea67908240897,C,hybrid_tdvp,11,ryy,0.05,3,9,6,8,4,33,33,mixed,0.7536494332567275,0.7536494332567275,0.2463505667432725,0.5135565243388827,0.9999999999999996,0.9999999999999999,0.18619532287335444,0.04281032091629523,0.38733460201183334,8,"[1, 2, 4, 8, 8, 8, 8, 8, 8, 8, 4, 2, 1]",936,8.697418916698434e-06,0.0003638066708929338,1e-12
41e7db8a73cc669a92ad87057d99c489fbf3ea619a557d9c5bc8ab981d2dd6f9,C,hybrid_tdvp,11,ryy,0.05,3,9,6,8,8,33,33,mixed,0.7537288940451378,0.7537288940451378,0.24627110595486223,0.5134674041348484,0.9999999999999996,1.0,0.18607310210544092,0.042791284583977185,0.17421822797041386,8,"[1, 2, 4, 8, 8, 8, 8, 8, 8, 8, 4, 2, 1]",936,4.355288676703786e-06,0.0001820855041357372,1e-12
8a1f8ccd6788ec0c7cee4322a23ce3acaf3a5ca593fb206c5e725042fda08ee7,C,hybrid_tdvp,11,ryy,0.05,3,9,6,16,1,33,33,mixed,0.728999100059996,0.728999100059996,0.271000899940004,0.5407135263073117,0.9999999999999996,1.0000000000000002,0.19446092734265805,0.04531115989087621,0.06831846799468622,16,"[1, 2, 4, 8, 16, 16, 16, 16, 16, 8, 4, 2, 1]",2728,7.212854092030617e-06,0.00015095840984225155,1e-12
b775880dbf854153804e60aa2c061d2c41a748e0687842ba823c36468ec4b56c,C,hybrid_tdvp,11,ryy,0.05,3,9,6,16,2,33,33,mixed,0.7294573811572638,0.7294573811572638,0.2705426188427362,0.5402170455622998,0.9999999999999996,0.9999999999999994,0.19434411129078194,0.045203352406409984,0.038974977971520275,16,"[1, 2, 4, 8, 16, 16, 16, 16, 16, 8, 4, 2, 1]",2728,3.1051553542340335e-06,7.560401232507713e-05,1e-12
9ddb76395590d97dd07a0ba98f8620d082dd43476e9baef96818838087771170,C,hybrid_tdvp,11,ryy,0.05,3,9,6,16,4,33,33,mixed,0.7299759273408493,0.7299759273408493,0.27002407265915074,0.5396549138896126,0.9999999999999996,0.9999999999999997,0.19431753272442043,0.04517314692652551,0.09185180097119883,16,"[1, 2, 4, 8, 16, 16, 16, 16, 16, 8, 4, 2, 1]",2728,1.5324469661794404e-06,3.914297769727242e-05,1e-12
74d1888a0ea2aceec894e4ae16cb34a2bad4658e9da39213254c4e9a211ecf26,C,hybrid_tdvp,11,ryy,0.05,3,9,6,16,8,33,33,mixed,0.7301885034171123,0.7301885034171123,0.2698114965828877,0.5394243585670981,0.9999999999999996,1.0,0.19429902978735947,0.04515537036653505,0.19312062195967883,16,"[1, 2, 4, 8, 16, 16, 16, 16, 16, 8, 4, 2, 1]",2728,7.696713847621458e-07,1.9963147505368287e-05,1e-12
007bdc74ef805bc793178602f798df5eaf6f342286be6b54d34d890d23dc6728,C,hybrid_tdvp,11,ryy,0.05,3,9,6,64,1,33,33,mixed,0.7285706161574672,0.7285706161574672,0.2714293838425328,0.5411774551149995,0.9999999999999996,0.9999999999978891,0.19425817167003895,0.045452447499732714,0.30784793803468347,58,"[1, 2, 4, 8, 16, 32, 58, 32, 16, 8, 4, 2, 1]",10152,1.5013240958277376e-13,4.365328948862029e-12,1e-12
b2637a573b6c00215100ff23bae2722ee492fa2a54396eaad536fb8429746d59,C,hybrid_tdvp,11,ryy,0.05,3,9,6,64,2,33,33,mixed,0.7285706274456137,0.7285706274456137,0.27142937255438626,0.5411774428944846,0.9999999999999996,0.9999999999967868,0.19425817723428568,0.04545245731049056,0.610458368959371,57,"[1, 2, 4, 8, 16, 32, 57, 32, 16, 8, 4, 2, 1]",10024,2.3356177577734887e-13,6.617290235214976e-12,1e-12
85a1a167b3c83a3255257a4b11be35cd2260b74b425b930632ad94a1e79f0d94,C,hybrid_tdvp,11,ryy,0.05,3,9,6,64,4,33,33,mixed,0.7285706213457045,0.7285706213457045,0.2714293786542955,0.5411774494946444,0.9999999999999996,0.999999999995442,0.19425818010438373,0.04545246382309452,1.1926018099766225,57,"[1, 2, 4, 8, 16, 32, 57, 32, 16, 8, 4, 2, 1]",10024,2.683488636375458e-13,9.619157158754352e-12,1e-12
f6922fb71bd7cec0a2bd96429a2d328b21a1363c793a2356e09d8a247f89bf0a,C,hybrid_tdvp,11,ryy,0.05,3,9,6,64,8,33,33,mixed,0.7285706198729286,0.7285706198729286,0.2714293801270714,0.5411774510868451,0.9999999999999996,0.9999999999943839,0.19425818484239898,0.04545246774453989,2.2970764550263993,57,"[1, 2, 4, 8, 16, 32, 57, 32, 16, 8, 4, 2, 1]",10024,1.7016298022440964e-13,1.2105490480153588e-11,1e-12
788cda157db81fcf0b0697556f1bfd1c58edf3fb7bd5c46355d1b9dfbb452128,C,hybrid_tdvp,11,rzz,0.05,2,9,7,8,1,34,34,commuting,0.9483599790467795,0.9483599790467795,0.05164002095322051,0.22874545647054764,0.9999999999999996,0.9999999999999994,0.0387539744484815,0.010401811188249434,0.047932056011632085,8,"[1, 2, 4, 8, 8, 8, 8, 8, 8, 8, 4, 2, 1]",936,2.6050006300106686e-05,0.0013884026938319892,1e-12
85c29ba5c4038b89ac0c7e6b858175219dbc2c4f2351ebf50431ca86ac2cb185,C,hybrid_tdvp,11,rzz,0.05,2,9,7,8,2,34,34,commuting,0.9478315441798109,0.9478315441798109,0.05216845582018914,0.2299286645583364,0.9999999999999996,0.9999999999999999,0.039649045583342035,0.01050035617660101,0.04195483203511685,8,"[1, 2, 4, 8, 8, 8, 8, 8, 8, 8, 4, 2, 1]",936,1.3242449486783053e-05,0.0007002613927261607,1e-12
e916fe6e2af294f110e9d79bc03c93de273281f2c332213695585b77b0b62bfe,C,hybrid_tdvp,11,rzz,0.05,2,9,7,8,4,34,34,commuting,0.9475625477036811,0.9475625477036811,0.05243745229631891,0.2305287627882058,0.9999999999999996,1.0000000000000007,0.04009315583784678,0.010549817896769462,0.10717076901346445,8,"[1, 2, 4, 8, 8, 8, 8, 8, 8, 8, 4, 2, 1]",936,6.676800113432164e-06,0.00035162379606366764,1e-12
80727757b1a86a2de898ed59b4a683443c3c29b852a03b0df002e2f256f05d91,C,hybrid_tdvp,11,rzz,0.05,2,9,7,8,8,34,34,commuting,0.9474268015918791,0.9474268015918791,0.052573198408120914,0.23083103572224886,0.9999999999999996,1.0000000000000007,0.040314449410178144,0.01057462841131465,0.14371842000400648,8,"[1, 2, 4, 8, 8, 8, 8, 8, 8, 8, 4, 2, 1]",936,3.352446000074776e-06,0.00017618261343846153,1e-12
fabdf52845850c638104e4e9ba32b4ce6b58efa8c9e0b9e872838b394489e1e8,C,hybrid_tdvp,11,rzz,0.05,2,9,7,16,1,34,34,commuting,0.9986997198886766,0.9986997198886766,0.0013002801113234375,0.036065261241883584,0.9999999999999996,1.0000000000000007,0.0009709418500447042,0.0003149219093566346,0.05034546402748674,16,"[1, 2, 4, 8, 16, 16, 16, 16, 16, 8, 4, 2, 1]",2728,8.982693180098387e-07,5.4311933187391106e-05,1e-12
40e5c4a46e50a8bc03dde46af39ee7e555b4fb820ef63f95746c4184b56c2bbf,C,hybrid_tdvp,11,rzz,0.05,2,9,7,16,2,34,34,commuting,0.9986196991486508,0.9986196991486508,0.0013803008513492143,0.03715274332984809,0.9999999999999996,0.9999997744244569,0.0012714515458611408,0.00038204608058824087,0.03985206800280139,16,"[1, 2, 4, 8, 16, 16, 16, 16, 16, 8, 4, 2, 1]",2728,4.578593069669872e-07,3.045937933261408e-05,1e-12
2c9c033231d260fabc170732a6033d57b3514d74bc094c6078b9a535d123155c,C,hybrid_tdvp,11,rzz,0.05,2,9,7,16,4,34,34,commuting,0.9986247586348379,0.9986247586348379,0.0013752413651620943,0.037087550068100064,0.9999999999999996,0.9999998859286352,0.001303117622916794,0.0003739146443282758,0.09315524599514902,16,"[1, 2, 4, 8, 16, 16, 16, 16, 16, 8, 4, 2, 1]",2728,2.3208998028216167e-07,1.5771695851094148e-05,1e-12
274cc41594744b48a20ad456c94ec1ac39311c1c82176b4a4ac2600143941012,C,hybrid_tdvp,11,rzz,0.05,2,9,7,16,8,34,34,commuting,0.9986896918321894,0.9986896918321894,0.0013103081678106365,0.03619790954866849,0.9999999999999996,0.9999997754897593,0.0010085764628260385,0.0003230716940562561,0.178280571999494,16,"[1, 2, 4, 8, 16, 16, 16, 16, 16, 8, 4, 2, 1]",2728,1.1474098248989413e-07,7.540846220344914e-06,1e-12
20cc30f2d563f85783a1294c48014333a629cdf27ceb9a9a98ef77a447163e8f,C,hybrid_tdvp,11,rzz,0.05,2,9,7,64,1,34,34,commuting,0.9999999999842248,0.9999999999842248,1.577515895689885e-11,3.853014821696834e-06,0.9999999999999996,0.9999999999995342,5.7722094881640373e-08,1.158691694078516e-08,0.26929683901835233,32,"[1, 2, 4, 8, 16, 32, 32, 32, 16, 8, 4, 2, 1]",6824,2.713144260122009e-22,9.785158105040826e-13,1e-12
eb439f1ae08ca46a47b5bdd136c1040cdcadcc1c9fdfa1e043c9dccfe885ccc3,C,hybrid_tdvp,11,rzz,0.05,2,9,7,64,2,34,34,commuting,0.9999999998477136,0.9999999998477136,1.522864057079687e-10,1.2191083467993482e-05,0.9999999999999996,0.9999999999981672,5.169950178240956e-07,6.88638399302397e-08,0.5640463080490008,32,"[1, 2, 4, 8, 16, 32, 32, 32, 16, 8, 4, 2, 1]",6824,3.477235532281542e-20,3.851356252555932e-12,1e-12
1179f64016345adfef99e37e9529dafa06aa0970e893dae74238fda9980e94c6,C,hybrid_tdvp,11,rzz,0.05,2,9,7,64,4,34,34,commuting,0.9999999987090091,0.9999999987090091,1.290990869762254e-09,3.572448796911476e-05,0.9999999999999996,0.9999999999926229,3.4531596179027124e-07,5.167377086423573e-08,0.3374878470203839,32,"[1, 2, 4, 8, 16, 31, 32, 32, 16, 8, 4, 2, 1]",6728,1.5054352162040662e-17,1.509316510428306e-11,1e-12
3156e7c74c94b1f2a53daf13630555e18e2b546a10182ce59ecb255542b76c7d,C,hybrid_tdvp,11,rzz,0.05,2,9,7,64,8,34,34,commuting,0.9999999941763482,0.9999999941763482,5.8236517830323464e-09,7.609376879897467e-05,0.9999999999999996,0.9999999999833038,6.080506887232162e-07,8.612769232467721e-08,0.49083485797746107,32,"[1, 2, 4, 8, 16, 31, 32, 31, 16, 8, 4, 2, 1]",6632,7.23128568850052e-16,3.430583019170722e-11,1e-12
6ce08a2221ce47e3669cb383912f2960473595ac79067c715fc8cbe4e74925fc,C,hybrid_tdvp,11,rxx,0.05,2,9,7,8,1,34,34,mixed,0.7500421767924542,0.7500421767924542,0.24995782320754578,0.5175910466293284,0.9999999999999996,1.0000000000000004,0.18757241796663518,0.042880343345642336,0.020673851016908884,8,"[1, 2, 4, 8, 8, 8, 8, 8, 8, 8, 4, 2, 1]",936,4.240341766738675e-05,0.0014889949497755956,1e-12
e60a970971d1e0bdd4832c0f26559022d3d6b8b8809cc2bc5d9e556026756efb,C,hybrid_tdvp,11,rxx,0.05,2,9,7,8,2,34,34,mixed,0.7503487530073916,0.7503487530073916,0.24965124699260843,0.5172490057503641,0.9999999999999996,0.9999999999999996,0.18701054473942536,0.04279554919928426,0.035605306969955564,8,"[1, 2, 4, 8, 8, 8, 8, 8, 8, 8, 4, 2, 1]",936,2.1280860868084557e-05,0.0007474462728731938,1e-12
4e0eadc5d078804c311288eb7ee987ce76d69d3d62251336d1ce5cb3aee0ea53,C,hybrid_tdvp,11,rxx,0.05,2,9,7,8,4,34,34,mixed,0.7504918719587811,0.7504918719587811,0.2495081280412189,0.5170892773080606,0.9999999999999996,1.0000000000000009,0.1867399364188781,0.042755282136421595,0.11052039300557226,8,"[1, 2, 4, 8, 8, 8, 8, 8, 8, 8, 4, 2, 1]",936,1.0658142335492708e-05,0.00037446481322842663,1e-12
4b3ed6aab20e275409c9d72b4633e9c516610d9e3a90c8552e6d583112f78246,C,hybrid_tdvp,11,rxx,0.05,2,9,7,8,8,34,34,mixed,0.7505609381187056,0.7505609381187056,0.2494390618812944,0.5170121835582165,0.9999999999999996,1.0000000000000002,0.18660714911792342,0.04273566896897796,0.19578521099174395,8,"[1, 2, 4, 8, 8, 8, 8, 8, 8, 8, 4, 2, 1]",936,5.333242515973134e-06,0.00018741874665171034,1e-12
973739be709a58efc733edc9d1f07986074dc4afe045584f103972877b187fae,C,hybrid_tdvp,11,rxx,0.05,2,9,7,16,1,34,34,mixed,0.7288946245417118,0.7288946245417118,0.27110537545828817,0.5408266683290233,0.9999999999999996,1.0000000000000002,0.19471924093201687,0.045198459801918715,0.0684698789846152,16,"[1, 2, 4, 8, 16, 16, 16, 16, 16, 8, 4, 2, 1]",2728,6.035262950669661e-06,0.00015699367279292125,1e-12
38e3bca7e6ad9a1208ed9de241e90a307f42b879292a00dc86aed77b6e2518ed,C,hybrid_tdvp,11,rxx,0.05,2,9,7,16,2,34,34,mixed,0.7293466829522575,0.7293466829522575,0.27065331704774254,0.5403369984207591,0.9999999999999996,1.0000000000000007,0.19457619770128684,0.045081494573022525,0.034329242014791816,16,"[1, 2, 4, 8, 16, 16, 16, 16, 16, 8, 4, 2, 1]",2728,3.0191228478229366e-06,7.862313517290006e-05,1e-12
c578d801bff30b254a10576e791197926bbe0e09a5aa3a9e7c42c6287d649b3f,C,hybrid_tdvp,11,rxx,0.05,2,9,7,16,4,34,34,mixed,0.7298707671887464,0.7298707671887464,0.27012923281125356,0.5397689442679819,0.9999999999999996,0.9999999999999982,0.19453840269491696,0.04505012668506915,0.10638428898528218,16,"[1, 2, 4, 8, 16, 16, 16, 16, 16, 8, 4, 2, 1]",2728,1.465198367722861e-06,4.060817606499529e-05,1e-12
fe7ca9ec06d760f2fcf9d9240afb14fcc2d4e87960edb15bf926f3266147e8e2,C,hybrid_tdvp,11,rxx,0.05,2,9,7,16,8,34,34,mixed,0.7300872620230232,0.7300872620230232,0.2699127379769768,0.5395341708507937,0.9999999999999996,1.0000000000000013,0.1945206383472651,0.04503242118248169,0.18233734200475737,16,"[1, 2, 4, 8, 16, 16, 16, 16, 16, 8, 4, 2, 1]",2728,7.236889813758447e-07,2.0686836486744134e-05,1e-12
355a72fada455f53140b23660bb514c1a51353447716e2efb9ef16b2894124a6,C,hybrid_tdvp,11,rxx,0.05,2,9,7,64,1,34,34,mixed,0.7285706161246375,0.7285706161246375,0.27142938387536253,0.5411774551503852,0.9999999999999996,0.9999999999978068,0.1944529061748331,0.04533707280807585,0.32564154197461903,53,"[1, 2, 4, 8, 16, 32, 53, 32, 16, 8, 4, 2, 1]",9512,1.7039038756690067e-13,4.53571933642893e-12,1e-12
2b99ef7cec27fef061a540573ecb6b015fab1f15a868fb02e6ec463cfcb51e87,C,hybrid_tdvp,11,rxx,0.05,2,9,7,64,2,34,34,mixed,0.7285706274355591,0.7285706274355591,0.2714293725644409,0.541177442905102,0.9999999999999996,0.999999999996643,0.1944529130707027,0.04533708386173293,0.6372741259983741,54,"[1, 2, 4, 8, 16, 32, 54, 32, 16, 8, 4, 2, 1]",9640,3.005344469359929e-13,6.91782468215097e-12,1e-12
ea51706b8e5156f9696663402df620b91ef540193c17f3083e9266a350156e2a,C,hybrid_tdvp,11,rxx,0.05,2,9,7,64,4,34,34,mixed,0.7285706213099483,0.7285706213099483,0.2714293786900517,0.5411774495330587,0.9999999999999996,0.9999999999952854,0.19445291661619576,0.04533709106331259,1.0692390199983492,54,"[1, 2, 4, 8, 16, 32, 54, 32, 16, 8, 4, 2, 1]",9640,3.1013193993309797e-13,9.929289098687453e-12,1e-12
aeb6d678c6074f0b971cc72f736f39b93e697de006e63030c7ca5c26c8be5a6d,C,hybrid_tdvp,11,rxx,0.05,2,9,7,64,8,34,34,mixed,0.7285706199225249,0.7285706199225249,0.2714293800774751,0.5411774510329244,0.9999999999999996,0.9999999999942536,0.19445292220864518,0.045337095421931775,2.0686404459993355,56,"[1, 2, 4, 8, 16, 32, 56, 32, 16, 8, 4, 2, 1]",9896,2.7903646728949996e-13,1.2384526947443089e-11,1e-12
37fe14dc1bc99516fbcfc76998c0bd2ac297d7043bdc8ba6e836acb0dec9f5a2,C,hybrid_tdvp,11,rzz,0.05,2,8,6,8,1,35,35,commuting,0.945195651493261,0.945195651493261,0.05480434850673899,0.23574676319102644,0.9999999999999996,1.0,0.0535729830778271,0.011297630893605222,0.04189036198658869,8,"[1, 2, 4, 8, 8, 8, 8, 8, 8, 8, 4, 2, 1]",936,3.0261409096496842e-05,0.0014186641029284863,1e-12
d3af7a759d7fe648124731a8b4fb06b50e4876eba154c6ccd524d27d0e03d9ec,C,hybrid_tdvp,11,rzz,0.05,2,8,6,8,2,35,35,commuting,0.9446614256237797,0.9446614256237797,0.05533857437622025,0.23690949625492044,0.9999999999999996,1.0000000000000004,0.054459684895655336,0.011395538133022038,0.041532269038725644,8,"[1, 2, 4, 8, 8, 8, 8, 8, 8, 8, 4, 2, 1]",936,1.532007703121325e-05,0.0007155814697573739,1e-12
4f1cba4535268e8816f5e44ee507548282c3261162ae7f383a7b936b20df27d7,C,hybrid_tdvp,11,rzz,0.05,2,8,6,8,4,35,35,commuting,0.9443887488179302,0.9443887488179302,0.055611251182069776,0.23750090432822657,0.9999999999999996,1.0000000000000002,0.05489949749577283,0.01144490917144486,0.12744901899714023,8,"[1, 2, 4, 8, 8, 8, 8, 8, 8, 8, 4, 2, 1]",936,7.707903682191412e-06,0.00035933169974585886,1e-12
66f4e972ab47487aecf23a2b071c7957b3fbd99bbd855a04ff8ff811c4aef0c8,C,hybrid_tdvp,11,rzz,0.05,2,8,6,8,8,35,35,commuting,0.9442509829453554,0.9442509829453554,0.055749017054644634,0.23779917750205148,0.9999999999999996,0.9999999999999991,0.05511861678496777,0.011469724580699735,0.18094106001080945,8,"[1, 2, 4, 8, 8, 8, 8, 8, 8, 8, 4, 2, 1]",936,3.865986212643578e-06,0.00018004859965110506,1e-12
3be791aded60c37b2a2bf57f0ee8ec7c78fff11e3b3e48137d495e399a670f28,C,hybrid_tdvp,11,rzz,0.05,2,8,6,16,1,35,35,commuting,0.9972622420248308,0.9972622420248308,0.002737757975169175,0.05234151673668267,0.9999999999999996,1.0,0.014429439326184568,0.0035171043733969024,0.03700152999954298,16,"[1, 2, 4, 8, 16, 16, 16, 16, 16, 8, 4, 2, 1]",2728,2.271092711015096e-06,5.65830258984062e-05,1e-12
c123bf70fc4105809784afdede3dbd9b03a332ca692571c2fcae21809cd1bc8f,C,hybrid_tdvp,11,rzz,0.05,2,8,6,16,2,35,35,commuting,0.997155424317581,0.997155424317581,0.002844575682419026,0.05335355159124552,0.9999999999999996,1.0000000000000007,0.014409924157989584,0.003543078268413628,0.1530851240386255,16,"[1, 2, 4, 8, 16, 16, 16, 16, 16, 8, 4, 2, 1]",2728,1.1847763067940416e-06,3.164415563940813e-05,1e-12
54d0498df9275ddb48e15d1269f1de9cccd8041df083a6fed34e45afb104a888,C,hybrid_tdvp,11,rzz,0.05,2,8,6,16,4,35,35,commuting,0.9971562356635267,0.9971562356635267,0.0028437643364732645,0.05334593672607213,0.9999999999999996,0.9999999999999989,0.014390715424847489,0.003537214436508397,0.18437892996007577,16,"[1, 2, 4, 8, 16, 16, 16, 16, 16, 8, 4, 2, 1]",2728,5.85175114574176e-07,1.635687096566833e-05,1e-12
93c25bbe0c1a637ff05b2226c2abb55b38ab41a7e87edf21ef540f6975efdace,C,hybrid_tdvp,11,rzz,0.05,2,8,6,16,8,35,35,commuting,0.9972306552952048,0.9972306552952048,0.0027693447047951736,0.05264280275384825,0.9999999999999996,0.9999999999999997,0.014436466404559978,0.0035230239937553923,0.1615926389931701,16,"[1, 2, 4, 8, 16, 16, 16, 16, 16, 8, 4, 2, 1]",2728,2.7876588768401146e-07,7.819612108028925e-06,1e-12
2e3e757f3c89a9ab874e43ccbbf0a727e36cc52924e934453e603e624dc6d9f5,C,hybrid_tdvp,11,rzz,0.05,2,8,6,64,1,35,35,commuting,0.998715862719676,0.998715862719676,0.0012841372803239492,0.0358406165745857,0.9999999999999996,0.9999999999995376,0.014717963019708957,0.003520904509198899,0.24987426900770515,32,"[1, 2, 4, 8, 16, 32, 32, 32, 16, 8, 4, 2, 1]",6824,6.353256081180096e-22,9.785158111394082e-13,1e-12
bfd6aa37e882daac5fdd3b8c5f2c978029954f43f505ad49508d49770da08da5,C,hybrid_tdvp,11,rzz,0.05,2,8,6,64,2,35,35,commuting,0.9987158670920617,0.9987158670920617,0.0012841329079382735,0.035840555499417004,0.9999999999999996,0.9999999999981654,0.014717919417021275,0.003520899044765916,0.38167002296540886,32,"[1, 2, 4, 8, 16, 32, 32, 32, 16, 8, 4, 2, 1]",6824,8.307202088519993e-20,3.851356335627952e-12,1e-12
bf830dde5ec0cf4803b32a6590ca43c1a732bd2d2f6fbecabc9ecde48fd65acd,C,hybrid_tdvp,11,rzz,0.05,2,8,6,64,4,35,35,commuting,0.9987158631606206,0.9987158631606206,0.0012841368393794461,0.0358406102183553,0.9999999999999996,0.99999999999234,0.014717943170201142,0.0035209050530589617,0.19801699003437534,32,"[1, 2, 4, 8, 16, 31, 32, 32, 16, 8, 4, 2, 1]",6728,5.821295398213147e-13,1.5675294644104377e-11,1e-12
37b80a8f56c80f5805d3648ad7ad9831d0c1959d9fcced5d157d2d432ef2e3f9,C,hybrid_tdvp,11,rzz,0.05,2,8,6,64,8,35,35,commuting,0.9987158576527424,0.9987158576527424,0.0012841423472575997,0.03584068684184878,0.9999999999999996,0.9999999999828666,0.014717950996060214,0.003520901471744498,0.48064980702474713,32,"[1, 2, 4, 8, 16, 31, 32, 31, 16, 8, 4, 2, 1]",6632,9.112616887314529e-13,3.521709188043869e-11,1e-12
fd13f747a4c5dce445f69d61c3ea8ff137f6b80d85eb52247bad5d8e93d20682,C,hybrid_tdvp,11,rzz,0.05,2,8,6,8,1,35,35,mixed,0.7319993787729552,0.7319993787729552,0.2680006212270448,0.5374576775903817,0.9999999999999996,0.9999999999999996,0.2030727021603193,0.04502206579904451,0.05772250599693507,8,"[1, 2, 4, 8, 8, 8, 8, 8, 8, 8, 4, 2, 1]",936,3.5817356567702386e-05,0.0015248123063432977,1e-12
c67bbd7263a0e58170035e0a879e33e919a2f0cc7ef79026e79c468a407b4737,C,hybrid_tdvp,11,rzz,0.05,2,8,6,8,2,35,35,mixed,0.7323775983267472,0.7323775983267472,0.2676224016732528,0.5370463152789792,0.9999999999999996,1.0000000000000007,0.20248885560650906,0.044924195442664835,0.05376750003779307,8,"[1, 2, 4, 8, 8, 8, 8, 8, 8, 8, 4, 2, 1]",936,1.81297950949728e-05,0.0007655760679681665,1e-12
95acd31174f78d6adba00cdc827b9fc205bb4d8ab873fec3b1437347478614db,C,hybrid_tdvp,11,rzz,0.05,2,8,6,8,4,35,35,mixed,0.7325558173485378,0.7325558173485378,0.2674441826514622,0.536852406806202,0.9999999999999996,0.9999999999999998,0.2022070749702366,0.04487753102949985,0.1148241389892064,8,"[1, 2, 4, 8, 8, 8, 8, 8, 8, 8, 4, 2, 1]",936,9.120556900673174e-06,0.0003835853701290997,1e-12
9c6a33fec47b599bdc496d9a9e55c9f06a325de95a8f03512fb40dcda9d1aa61,C,hybrid_tdvp,11,rzz,0.05,2,8,6,8,8,35,35,mixed,0.7326422582908667,0.7326422582908667,0.2673577417091333,0.5367583393345863,0.9999999999999996,0.9999999999999996,0.20206865698546395,0.04485475406343193,0.17209601297508925,8,"[1, 2, 4, 8, 8, 8, 8, 8, 8, 8, 4, 2, 1]",936,4.574247115031568e-06,0.000191992993766742,1e-12
b1071b8627de7186333225745aad8f56dbc4a63437d424e71e931574b347462e,C,hybrid_tdvp,11,rzz,0.05,2,8,6,16,1,35,35,mixed,0.707657479578764,0.707657479578764,0.292342520421236,0.5635178812650836,0.9999999999999996,0.9999999999999999,0.21015385155816485,0.047697651411727125,0.03051666298415512,16,"[1, 2, 4, 8, 16, 16, 16, 16, 16, 8, 4, 2, 1]",2728,5.795056844388698e-06,0.00016278872963730996,1e-12
bd7aa53d891f6742904c1ca0453ddb9256976a6ad89fe3585a791a03908c7812,C,hybrid_tdvp,11,rzz,0.05,2,8,6,16,2,35,35,mixed,0.7081199922261486,0.7081199922261486,0.29188000777385137,0.5630299130925648,0.9999999999999996,1.0000000000000002,0.21002577463973424,0.04758469196618576,0.060231994022615254,16,"[1, 2, 4, 8, 16, 16, 16, 16, 16, 8, 4, 2, 1]",2728,2.741552198392618e-06,8.136468737129269e-05,1e-12
382397993d48ed8f02d4d6c86c299bac03d7d313f1c0a45747e42eae51e655a1,C,hybrid_tdvp,11,rzz,0.05,2,8,6,16,4,35,35,mixed,0.7086499978104377,0.7086499978104377,0.2913500021895623,0.5624704130148379,0.9999999999999996,1.0,0.20999271172670575,0.04756192393138564,0.2733136299648322,16,"[1, 2, 4, 8, 16, 16, 16, 16, 16, 8, 4, 2, 1]",2728,1.3652158706326492e-06,4.197339193562794e-05,1e-12
4628e432d7f23940d7492b073e0927a89e5c9f8962f61546cecfa878cc02f470,C,hybrid_tdvp,11,rzz,0.05,2,8,6,16,8,35,35,mixed,0.7088685675278581,0.7088685675278581,0.2911314324721419,0.5622395788652648,0.9999999999999996,1.0,0.20997511969518837,0.0475462308270528,0.16975314199225977,16,"[1, 2, 4, 8, 16, 16, 16, 16, 16, 8, 4, 2, 1]",2728,6.848531992783035e-07,2.1371689686022444e-05,1e-12
1c22b67dc1c4caa34f7fe71f79cd525f352fa15c0dd764a2a9b4e8e255583f8b,C,hybrid_tdvp,11,rzz,0.05,2,8,6,64,1,35,35,mixed,0.7073066073198496,0.7073066073198496,0.2926933926801504,0.5638878892252313,0.9999999999999996,0.9999999999977357,0.20991832544204822,0.04784021656380394,0.33395330799976364,56,"[1, 2, 4, 8, 16, 32, 56, 32, 16, 8, 4, 2, 1]",9896,1.4558578968419303e-13,4.681305126113123e-12,1e-12
90f1c32f6cee98c672fdd077d06d990ed4c6d06378b14e6e5a4c93ec60d19c7b,C,hybrid_tdvp,11,rzz,0.05,2,8,6,64,2,35,35,mixed,0.7073066198215585,0.7073066198215585,0.2926933801784415,0.5638878760422228,0.9999999999999996,0.9999999999965076,0.20991833233789584,0.047840227774217904,0.5499154839781113,54,"[1, 2, 4, 8, 16, 32, 54, 32, 16, 8, 4, 2, 1]",9640,2.7623292813383443e-13,7.194057610284804e-12,1e-12
8fd7db2c640cc7f0f59c7eb740304731be649a20b741db503d0a599c4db7b692,C,hybrid_tdvp,11,rzz,0.05,2,8,6,64,4,35,35,mixed,0.7073066141955583,0.7073066141955583,0.2926933858044417,0.563887881971513,0.9999999999999996,0.9999999999951947,0.20991833588331107,0.047840234940012966,1.0553032900206745,55,"[1, 2, 4, 8, 16, 32, 55, 32, 16, 8, 4, 2, 1]",9768,1.958723807524755e-13,1.0125161479439928e-11,1e-12
efb17b1a8337bf9ec06d09565be187473094c4b675c5585c874a97e5b4896acd,C,hybrid_tdvp,11,rzz,0.05,2,8,6,64,8,35,35,mixed,0.7073066118860389,0.7073066118860389,0.29269338811396106,0.5638878844046653,0.9999999999999996,0.9999999999941653,0.2099183414756849,0.047840239466579684,2.0482909670099616,56,"[1, 2, 4, 8, 16, 32, 56, 32, 16, 8, 4, 2, 1]",9896,2.1890114288033703e-13,1.2603428090323425e-11,1e-12
5cbf1794b03e308c7fca31347b91fb5cd2d83087bbe009122a9bde83998223a4,C,hybrid_tdvp,11,rzz,0.05,3,9,6,8,1,36,36,commuting,0.9430441319674203,0.9430441319674203,0.05695586803257968,0.24039719743785218,0.9999999999999996,0.9999999999999996,0.03967041476945532,0.011283160540552895,0.04500394797651097,8,"[1, 2, 4, 8, 8, 8, 8, 8, 8, 8, 4, 2, 1]",936,2.85668347422157e-05,0.0014472309376707022,1e-12
a43e4a9870943773751294b29105afc805d681950f068bdbefc663ba9b3bf554,C,hybrid_tdvp,11,rzz,0.05,3,9,6,8,2,36,36,commuting,0.9424783072592741,0.9424783072592741,0.05752169274072594,0.24160621037874327,0.9999999999999996,1.0000000000000007,0.04056315962646817,0.0113929220006312,0.04873461299575865,8,"[1, 2, 4, 8, 8, 8, 8, 8, 8, 8, 4, 2, 1]",936,1.4383123857681809e-05,0.0007299645936150557,1e-12
52cc56436af87f3105d3e02c8efc613f211cd91bcf899bb0d51775a7c40bf33b,C,hybrid_tdvp,11,rzz,0.05,3,9,6,8,4,36,36,commuting,0.9421900027373041,0.9421900027373041,0.05780999726269587,0.2422200565434881,0.9999999999999996,0.9999999999999997,0.04100653681351796,0.011447908797316986,0.09001498500583693,8,"[1, 2, 4, 8, 8, 8, 8, 8, 8, 8, 4, 2, 1]",936,7.216710752911471e-06,0.0003665484104987704,1e-12
7405a0569c982c5d3225e44d7816cced20210bc1099170b416f78eb203d8c91d,C,hybrid_tdvp,11,rzz,0.05,3,9,6,8,8,36,36,commuting,0.942044456324343,0.942044456324343,0.05795554367565703,0.24252939342911917,0.9999999999999996,1.0000000000000004,0.04122756139232231,0.011475461181444773,0.1354396949755028,8,"[1, 2, 4, 8, 8, 8, 8, 8, 8, 8, 4, 2, 1]",936,3.61465149457282e-06,0.00018366325114567786,1e-12
dd13d8d9d508520d5ae136415422c7d727968086c9c3adf2148e0bd379fc280d,C,hybrid_tdvp,11,rzz,0.05,3,9,6,16,1,36,36,commuting,0.9984092126860054,0.9984092126860054,0.001590787313994646,0.0398926117066005,0.9999999999999996,0.9999999999999998,0.0014158387741911652,0.0003794759875694566,0.04145114799030125,16,"[1, 2, 4, 8, 16, 16, 16, 16, 16, 8, 4, 2, 1]",2728,2.869485582429826e-06,5.945251148083603e-05,1e-12
2dd78953c4513d1991436d57fb7d6b75f001689f24cd83a9de90ba96f3d905c3,C,hybrid_tdvp,11,rzz,0.05,3,9,6,16,2,36,36,commuting,0.9983182031816882,0.9983182031816882,0.0016817968183118204,0.041018343746187555,0.9999999999999996,0.9999999999999998,0.0015585083187359405,0.0004517164927910376,0.035472967952955514,16,"[1, 2, 4, 8, 16, 16, 16, 16, 16, 8, 4, 2, 1]",2728,1.4999331038641726e-06,3.3144088743272306e-05,1e-12
a06440709a3e6b7a373d2776884b1f2b7c3f58b14beedfa0102c0baaa95b4165,C,hybrid_tdvp,11,rzz,0.05,3,9,6,16,4,36,36,commuting,0.9983275781258105,0.9983275781258105,0.001672421874189478,0.040903810436872835,0.9999999999999996,1.0000000000000004,0.0014989028897179346,0.00044110285710261075,0.093561657005921,16,"[1, 2, 4, 8, 16, 16, 16, 16, 16, 8, 4, 2, 1]",2728,7.455811407376301e-07,1.7102452106405966e-05,1e-12
66dc9a169e47b8125a3a61ec9039253f1587191990933930b0e32c47dcfeff72,C,hybrid_tdvp,11,rzz,0.05,3,9,6,16,8,36,36,commuting,0.9984057934304851,0.9984057934304851,0.0015942065695149221,0.03993118194908199,0.9999999999999996,0.9999998284208477,0.0011804702144342927,0.0003842379224738336,0.17742888099746779,16,"[1, 2, 4, 8, 16, 16, 16, 16, 16, 8, 4, 2, 1]",2728,3.5896846918653444e-07,8.17858057721546e-06,1e-12
c1d96e5727cdf59dc0a6e8aae27dd8a695b64a0f43d5a47720dc2edf67807ab9,C,hybrid_tdvp,11,rzz,0.05,3,9,6,64,1,36,36,commuting,0.9999999999842359,0.9999999999842359,1.5764056726652598e-11,3.853014825529608e-06,0.9999999999999996,0.9999999999995397,6.244486680517802e-08,1.2161122699725052e-08,0.20963796396972612,32,"[1, 2, 4, 8, 16, 32, 32, 32, 16, 8, 4, 2, 1]",6824,3.5289568344791393e-22,9.78515811492304e-13,1e-12
ccce6e0b97e3c8a828ed46db9e459ddc43232d2cfce8e073eb701210110a8579,C,hybrid_tdvp,11,rzz,0.05,3,9,6,64,2,36,36,commuting,0.999999999847716,0.999999999847716,1.5228396321731452e-10,1.2191083828738314e-05,0.9999999999999996,0.999999999998168,5.143342960770014e-07,6.872139307037079e-08,0.3589846300310455,32,"[1, 2, 4, 8, 16, 32, 32, 32, 16, 8, 4, 2, 1]",6824,5.0345919473532967e-20,3.851356385973871e-12,1e-12
cc5d128aec46310a02b3e1ed2bc4e61081b8cda081969d2a3d4e69cef52cbe6e,C,hybrid_tdvp,11,rzz,0.05,3,9,6,64,4,36,36,commuting,0.9999999984751469,0.9999999984751469,1.5248531326506054e-09,3.884407198941705e-05,0.9999999999999996,0.9999999999920031,3.5319234133190935e-07,5.3342688438112105e-08,0.2382689660298638,32,"[1, 2, 4, 8, 16, 31, 32, 32, 16, 8, 4, 2, 1]",6728,6.708940389664429e-13,1.6346188683070822e-11,1e-12
63e9f7261c5c23905a4f6b7923b67dcf5cf92275d42fcccc64671deb078f7cc1,C,hybrid_tdvp,11,rzz,0.05,3,9,6,64,8,36,36,commuting,0.9999999934652251,0.9999999934652251,6.534774943389721e-09,8.06193931632044e-05,0.9999999999999996,0.9999999999823543,6.222499877341081e-07,8.898227177693987e-08,0.42072754102991894,32,"[1, 2, 4, 8, 16, 31, 32, 31, 16, 8, 4, 2, 1]",6632,1.0580588294069775e-12,3.627515070984567e-11,1e-12
4da02261119a15c1d4dd13a13b5a0f505c6c0faee8482d42c039680f4273bf6a,C,hybrid_tdvp,11,ryy,0.05,3,9,6,8,1,36,36,mixed,0.7133620078422793,0.7133620078422793,0.2866379921577207,0.5574807515247426,0.9999999999999996,1.000000000000001,0.20313184189121736,0.047308588586498376,0.061161803023424,8,"[1, 2, 4, 8, 8, 8, 8, 8, 8, 8, 4, 2, 1]",936,3.341224171345087e-05,0.0015582245480567486,1e-12
9e17387a3abfd43e78d1fa3a9644038ea290eeef6d3719ad7f25086139c64a6c,C,hybrid_tdvp,11,ryy,0.05,3,9,6,8,2,36,36,mixed,0.7137522832783488,0.7137522832783488,0.28624771672165117,0.5570662191387419,0.9999999999999996,1.0,0.20254256197552872,0.047213773719660124,0.03674538200721145,8,"[1, 2, 4, 8, 8, 8, 8, 8, 8, 8, 4, 2, 1]",936,1.680707532397811e-05,0.0007823831432921443,1e-12
e23a61629ecf9f935f61eade9c416b14ca33d15cab809cbaf71696475da27a2a,C,hybrid_tdvp,11,ryy,0.05,3,9,6,8,4,36,36,mixed,0.713936541363186,0.713936541363186,0.28606345863681404,0.5568704409643013,0.9999999999999996,0.9999999999999992,0.20225800749219192,0.047168539931868876,0.10918113403022289,8,"[1, 2, 4, 8, 8, 8, 8, 8, 8, 8, 4, 2, 1]",936,8.428169382054496e-06,0.00039201353951115415,1e-12
e4e7ada58c8e50cd46a53775b82a63a79d4a5b7fcaf6d40036cfc2de5c2cb0d1,C,hybrid_tdvp,11,ryy,0.05,3,9,6,8,8,36,36,mixed,0.7140259976307266,0.7140259976307266,0.2859740023692734,0.5567753760470523,0.9999999999999996,1.0000000000000002,0.20211818657355834,0.04714645497022878,0.2206041690078564,8,"[1, 2, 4, 8, 8, 8, 8, 8, 8, 8, 4, 2, 1]",936,4.220162737867229e-06,0.00019621315650460917,1e-12
10840674f8ff8f8d6c3caf18901f6ec4126b5e20f0215d5c96cb2f9198601d7f,C,hybrid_tdvp,11,ryy,0.05,3,9,6,16,1,36,36,mixed,0.687095724167299,0.687095724167299,0.312904275832701,0.5849574783871732,0.9999999999999996,0.9999999999999984,0.2101427210993704,0.04992907197690027,0.0426343780127354,16,"[1, 2, 4, 8, 16, 16, 16, 16, 16, 8, 4, 2, 1]",2728,7.622060734613601e-06,0.00017041079037192358,1e-12
772b03ae6c9f672e02dc12c9240b778292602e92c1397daca70e040b0ce7de2e,C,hybrid_tdvp,11,ryy,0.05,3,9,6,16,2,36,36,mixed,0.6875526131146872,0.6875526131146872,0.3124473868853128,0.5844862292924011,0.9999999999999996,1.0000000000000002,0.21003203077568416,0.049812225143281125,0.06720316701103002,16,"[1, 2, 4, 8, 16, 16, 16, 16, 16, 8, 4, 2, 1]",2728,3.266219492766703e-06,8.463090686405937e-05,1e-12
412328baa2838ca7340cb7ce097df53bf4f3bcc74d5bf96e7db2403730a92aac,C,hybrid_tdvp,11,ryy,0.05,3,9,6,16,4,36,36,mixed,0.6881053073675499,0.6881053073675499,0.31189469263245007,0.5839158649037549,0.9999999999999996,1.0,0.21000248900067867,0.0497812598997485,0.09849869000026956,16,"[1, 2, 4, 8, 16, 16, 16, 16, 16, 8, 4, 2, 1]",2728,1.612616442417893e-06,4.358600837804584e-05,1e-12
1ddf9ac188f557aa8d268fee6145e67a154ea1edad07dfd908284e1712348c3d,C,hybrid_tdvp,11,ryy,0.05,3,9,6,16,8,36,36,mixed,0.6883299306110287,0.6883299306110287,0.31167006938897135,0.5836839664897258,0.9999999999999996,1.0000000000000004,0.20998666571066163,0.0497623823968926,0.1873754960251972,16,"[1, 2, 4, 8, 16, 16, 16, 16, 16, 8, 4, 2, 1]",2728,8.098667691013546e-07,2.21815564551238e-05,1e-12
9f2283b84e40f1dba24fa8f5ac95375598455d5591c4fa41d695c5eae3dfa3a6,C,hybrid_tdvp,11,ryy,0.05,3,9,6,64,1,36,36,mixed,0.686707484035008,0.686707484035008,0.31329251596499197,0.5853577458665407,0.9999999999999996,0.9999999999976431,0.20991832544207384,0.05009410072408206,0.4123718740302138,58,"[1, 2, 4, 8, 16, 32, 58, 32, 16, 8, 4, 2, 1]",10152,1.8711272731112721e-13,4.868417853424251e-12,1e-12
460cb6c09001d67ad9c363b4a2522a8ad7a0522fe122f7ee8b974f501d60c2d6,C,hybrid_tdvp,11,ryy,0.05,3,9,6,64,2,36,36,mixed,0.6867074972333732,0.6867074972333732,0.3132925027666268,0.5853577322599846,0.9999999999999996,0.9999999999964445,0.20991833233788382,0.050094111480719204,0.6535332019557245,58,"[1, 2, 4, 8, 16, 32, 58, 32, 16, 8, 4, 2, 1]",10152,1.3171485800599327e-13,7.325772468290797e-12,1e-12
ca60bb9a5b4f8857f0f2778680df9735d7504026c739a1193f3b1d0cc83addc2,C,hybrid_tdvp,11,ryy,0.05,3,9,6,64,4,36,36,mixed,0.6867074917400503,0.6867074917400503,0.3132925082599497,0.5853577379199861,0.9999999999999996,0.9999999999950617,0.20991833588332773,0.0500941186335792,1.0623265290050767,57,"[1, 2, 4, 8, 16, 32, 57, 32, 16, 8, 4, 2, 1]",10024,2.6304247369402057e-13,1.038820395313395e-11,1e-12
cdb4b810bf571e0d532b7cad463c24ceea07782621aad0fad3cc28fd97b7191c,C,hybrid_tdvp,11,ryy,0.05,3,9,6,64,8,36,36,mixed,0.6867074903295436,0.6867074903295436,0.3132925096704564,0.5853577393722732,0.9999999999999996,0.9999999999941114,0.20991834147555213,0.05009412276255337,2.21902873396175,57,"[1, 2, 4, 8, 16, 32, 57, 32, 16, 8, 4, 2, 1]",10024,1.6476995408230077e-13,1.2768198044405728e-11,1e-12
b1c86873a53a4722bbd4700650ae39c1e0f76b7234c1cab734e39f4aed43fd8d,C,mpo_zipup,11,rzz,0.05,2,9,7,8,,1,1,commuting,0.8948679673619377,0.8948679673619377,0.10513203263806226,0.23243361970696072,0.9999999999999996,0.9726122621219213,0.10023753371293731,0.02544654632200685,0.004124619998037815,8,"[1, 2, 4, 8, 8, 8, 8, 8, 8, 8, 4, 2, 1]",936,0.055182998904216046,0.055182998904216046,1e-12
d52f900d92975780a662470b138904a92bb71451f6e056bf689ab523a247add5,C,mpo_zipup,11,rzz,0.05,2,9,7,16,,1,1,commuting,1.0000000000000027,1.0000000000000027,0.0,5.410102403101358e-15,0.9999999999999996,1.0000000000000018,9.769962616701378e-15,2.3630198967443966e-15,0.0031567159458063543,16,"[1, 2, 4, 8, 16, 16, 16, 16, 16, 8, 4, 2, 1]",2728,1.1888390059055768e-31,1.1888390059055768e-31,1e-12
6ce04e5d89c70eb0fadef90af16a3d3638239f7248710ee65730a9f537472e76,C,mpo_zipup,11,rzz,0.05,2,9,7,64,,1,1,commuting,1.0000000000000027,1.0000000000000027,0.0,5.410102403101358e-15,0.9999999999999996,1.0000000000000018,9.769962616701378e-15,2.3630198967443966e-15,0.003125887014903128,16,"[1, 2, 4, 8, 16, 16, 16, 16, 16, 8, 4, 2, 1]",2728,1.1888390059055768e-31,1.1888390059055768e-31,1e-12
8d3d85e6110c2dd4b91a76df5dc99165de75cf11ec39a5684d968b1600626d50,C,mpo_zipup,11,rxx,0.05,2,9,7,8,,1,1,mixed,0.8951305801939592,0.8951305801939592,0.10486941980604081,0.23213485804353276,0.9999999999999996,0.9726836112946023,0.09984166032975583,0.025209526677580762,0.0028887420194223523,8,"[1, 2, 4, 8, 8, 8, 8, 8, 8, 8, 4, 2, 1]",936,0.055034124750721454,0.055034124750721454,1e-12
de9b42cc0bdd0ae41aa5b6eb2a419db4cfcf4dab67517c184ac45911c16f4367,C,mpo_zipup,11,rxx,0.05,2,9,7,16,,1,1,mixed,0.9999999999999967,0.9999999999999967,3.3306690738754696e-15,3.871773141672103e-15,0.9999999999999996,0.999999999999999,3.1086244689504383e-15,1.0696839774070591e-15,0.003096769971307367,16,"[1, 2, 4, 8, 16, 16, 16, 16, 16, 8, 4, 2, 1]",2728,1.2170976694495743e-31,1.2170976694495743e-31,1e-12
155e11f37d22f95187250366828829001b6e3d99dfdaa64e9e98e0dbe9d70ee9,C,mpo_zipup,11,rxx,0.05,2,9,7,64,,1,1,mixed,0.9999999999999967,0.9999999999999967,3.3306690738754696e-15,3.871773141672103e-15,0.9999999999999996,0.999999999999999,3.1086244689504383e-15,1.0696839774070591e-15,0.0031298170215450227,16,"[1, 2, 4, 8, 16, 16, 16, 16, 16, 8, 4, 2, 1]",2728,1.2170976694495743e-31,1.2170976694495743e-31,1e-12
442093c45e18d0f3631167cbd3d8e1c1411e6d8103c4dac5757202e4c880af02,C,mpo_zipup,11,rzz,0.05,2,8,6,8,,2,2,commuting,0.8936037616407628,0.8936037616407628,0.10639623835923717,0.23529187288838463,0.9999999999999996,0.9726122621219228,0.10023753371293243,0.02549046292775886,0.0029415630269795656,8,"[1, 2, 4, 8, 8, 8, 8, 8, 8, 8, 4, 2, 1]",936,2.234873560655069e-30,0.055182998904216046,1e-12
9c93ff98bfd6815a02d11aa253ef39059a8fa2fcb7cda729046f5dccb50ce6c7,C,mpo_zipup,11,rzz,0.05,2,8,6,16,,2,2,commuting,0.9987158627549633,0.9987158627549633,0.0012841372450367317,0.03584061609489941,0.9999999999999996,1.0000000000000018,0.017653999640701332,0.0029256268894761526,0.003833205031696707,16,"[1, 2, 4, 8, 16, 16, 16, 16, 16, 8, 4, 2, 1]",2728,2.294863845424003e-30,2.4137477460145607e-30,1e-12
c86256ff5cdb110cf2376b1481f0230292fab13b11a249570098bbd51941b881,C,mpo_zipup,11,rzz,0.05,2,8,6,64,,2,2,commuting,0.9987158627549633,0.9987158627549633,0.0012841372450367317,0.03584061609489941,0.9999999999999996,1.0000000000000018,0.017653999640701332,0.0029256268894761526,0.006649634975474328,16,"[1, 2, 4, 8, 16, 16, 16, 16, 16, 8, 4, 2, 1]",2728,2.294863845424003e-30,2.4137477460145607e-30,1e-12
a0f2089b4d446518d4aade62ce31d3ba14d84f7fe3059be6ca4d2545da854134,C,mpo_zipup,11,rzz,0.05,2,8,6,8,,2,2,mixed,0.5919876445697805,0.5919876445697805,0.4080123554302195,0.4821546542222041,0.9999999999999996,0.8782299113741665,0.4366930969428917,0.11615704837190804,0.002954332041554153,8,"[1, 2, 4, 8, 8, 8, 8, 8, 8, 8, 4, 2, 1]",936,0.3279836389363185,0.38301776368703994,1e-12
642462daa7c47ee14b38eac73096b255d6b7df2c0a21ff88e668d003bd9a3332,C,mpo_zipup,11,rzz,0.05,2,8,6,16,,2,2,mixed,0.828449238304011,0.828449238304011,0.17155076169598904,0.3002376076624678,0.9999999999999996,0.954215048590374,0.17267955341815888,0.052914941948789464,0.005608442996162921,16,"[1, 2, 4, 8, 16, 16, 16, 16, 16, 8, 4, 2, 1]",2728,0.1940762395996274,0.1940762395996274,1e-12
18c830335ad41ec80bfa8b7971944219fa80182fecfeb40fb51b4d35845c7ac6,C,mpo_zipup,11,rzz,0.05,2,8,6,64,,2,2,mixed,0.9987153832476204,0.9987153832476204,0.0012846167523795637,0.03584730921042914,0.9999999999999996,0.9999999999999978,0.017613567442098365,0.0029476969846784565,0.021829776000231504,32,"[1, 2, 4, 8, 16, 32, 32, 32, 16, 8, 4, 2, 1]",6824,1.0310736325914956e-31,2.24817130204107e-31,1e-12
690f5b91968ef6fc1eb7e34b07da73782edec574698f1ed6d396588f308476eb,C,mpo_zipup,11,rzz,0.05,3,9,6,8,,3,3,commuting,0.554934974551985,0.554934974551985,0.44506502544801496,0.5055158776353389,0.9999999999999996,0.8633802511717702,0.48792374044914366,0.12437538609235536,0.0030064869788475335,8,"[1, 2, 4, 8, 8, 8, 8, 8, 8, 8, 4, 2, 1]",936,0.34140327875950827,0.3965862776637243,1e-12
0b57646f278f8adf85b7c2f182c2831d8f74c127a50f82853b6f1a29a0445ad3,C,mpo_zipup,11,rzz,0.05,3,9,6,16,,3,3,commuting,0.8045578645875922,0.8045578645875922,0.19544213541240785,0.32098053527784204,0.9999999999999996,0.9470857912421397,0.19907677532540635,0.061085645664509025,0.004396159027237445,16,"[1, 2, 4, 8, 16, 16, 16, 16, 16, 8, 4, 2, 1]",2728,0.17964763197481154,0.17964763197481154,1e-12
f904f29cf98a928dfc08b1813847ded107756b548bc57bcb997929427c107c16,C,mpo_zipup,11,rzz,0.05,3,9,6,64,,3,3,commuting,1.0000000000000107,1.0000000000000107,0.0,9.864110981103219e-15,0.9999999999999996,1.000000000000006,2.398081733190338e-14,6.3062036960831304e-15,0.041421999980229884,32,"[1, 2, 4, 8, 16, 32, 32, 32, 32, 8, 4, 2, 1]",8104,9.850988168233044e-32,2.512257627696891e-30,1e-12
a8662d60b75564028b6ed946b1a4f7745cd9178a15ab47f9a5fa8a1a8b0c2b8c,C,mpo_zipup,11,ryy,0.05,3,9,6,8,,3,3,mixed,0.3391121715388387,0.3391121715388387,0.6608878284611612,0.6430094023127502,0.9999999999999996,0.7603471982571787,0.8107055668203964,0.21986773770196608,0.003049399994779378,8,"[1, 2, 4, 8, 8, 8, 8, 8, 8, 8, 4, 2, 1]",936,0.3741607846154327,0.7571785483024726,1e-12
f6d42605275e981d10a8c8aa60fd645853a91461f812f9284204e209d112d13c,C,mpo_zipup,11,ryy,0.05,3,9,6,16,,3,3,mixed,0.7031633632877349,0.7031633632877349,0.2968366367122651,0.4024430930054684,0.9999999999999996,0.9160006421934767,0.31036513057907134,0.08503272920500327,0.00634495000122115,16,"[1, 2, 4, 8, 16, 16, 16, 16, 16, 8, 4, 2, 1]",2728,0.18002399349395418,0.3741002330935816,1e-12
0a33ff1daaeb28b34f8c960f3707627db853570e9edc800feb090b555e5b05ff,C,mpo_zipup,11,ryy,0.05,3,9,6,64,,3,3,mixed,0.9973577821271916,0.9973577821271916,0.0026422178728083834,0.05141950516304439,0.9999999999999996,0.999999999999999,0.01761356744209733,0.003651927907728004,0.17978455702541396,64,"[1, 2, 4, 8, 16, 32, 64, 64, 32, 8, 4, 2, 1]",18344,6.168994353115365e-33,2.3098612455722235e-31,1e-12
b4aae7bec4f43f5ebf2ed408ab3459c474a9fcfea58d2597575759110847aed4,C,mpo_zipup,11,rzz,0.05,2,9,7,8,,4,4,commuting,0.5523356950648123,0.5523356950648123,0.4476643049351877,0.5063095408972504,0.9999999999999996,0.8618208413466049,0.49317649559818055,0.12559271162635688,0.002981718978844583,8,"[1, 2, 4, 8, 8, 8, 8, 8, 8, 8, 4, 2, 1]",936,0.011527044577659816,0.4081133222413841,1e-12
6f7246d764bbd43ae21fda192a117e6920c16c8c5581d0c570ca53a6e9002e3e,C,mpo_zipup,11,rzz,0.05,2,9,7,16,,4,4,commuting,0.8013796092777372,0.8013796092777372,0.19862039072226279,0.323267424743689,0.9999999999999996,0.945990483854608,0.2030580675255389,0.061521495439865986,0.004023093963041902,16,"[1, 2, 4, 8, 16, 16, 16, 16, 16, 8, 4, 2, 1]",2728,0.0033773523351444848,0.18302498430995603,1e-12
0d67b8acb486d8105b4b0a2279a6812664183046a701182c95d96f6a02530f17,C,mpo_zipup,11,rzz,0.05,2,9,7,64,,4,4,commuting,1.0000000000000124,1.0000000000000124,0.0,1.0460482756592331e-14,0.9999999999999996,1.0000000000000064,2.4424906541753444e-14,6.822995434279024e-15,0.18862347799586132,32,"[1, 2, 4, 8, 16, 32, 32, 32, 32, 8, 4, 2, 1]",8104,1.5813002531590562e-29,1.8325260159287453e-29,1e-12
fdca2e081e56ca179fcd55878d6c5ba8bbc2622549531e4ef7ea5b596072c93b,C,mpo_zipup,11,rxx,0.05,2,9,7,8,,4,4,mixed,0.3372716527044356,0.3372716527044356,0.6627283472955644,0.6430504743621279,0.9999999999999996,0.7582979558268645,0.8167451953149445,0.22063164127638396,0.003088200988713652,8,"[1, 2, 4, 8, 8, 8, 8, 8, 8, 8, 4, 2, 1]",936,0.025778981213242128,0.7829575295157147,1e-12
c6ed0af7dc502f0fafe471707e1ebde856676e5695ad17cbbe7adcc8de4f73b6,C,mpo_zipup,11,rxx,0.05,2,9,7,16,,4,4,mixed,0.6924467041589192,0.6924467041589192,0.3075532958410808,0.4128758142903661,0.9999999999999996,0.9136378329339189,0.3186952876094864,0.08737481656689665,0.004401082987897098,16,"[1, 2, 4, 8, 16, 16, 16, 16, 16, 8, 4, 2, 1]",2728,0.012343315062994586,0.38644354815657617,1e-12
d0d1c5392886671e0ba53d52d4a6fdd11aeb6a5ea3420ceaf483186c5f8846e6,C,mpo_zipup,11,rxx,0.05,2,9,7,64,,4,4,mixed,0.9973577821271921,0.9973577821271921,0.0026422178728079393,0.051419505163044665,0.9999999999999996,0.9999999999999996,0.01787965833917057,0.0036680459869020275,0.3415053929784335,64,"[1, 2, 4, 8, 16, 32, 64, 64, 32, 8, 4, 2, 1]",18344,1.1804009186843425e-30,1.4113870432415648e-30,1e-12
7198e0f0a4871308d2686a9c6f66591a5cb1d0b4aea501607bbf5405a24fa00b,C,mpo_zipup,11,rzz,0.05,2,8,6,8,,5,5,commuting,0.5515938572914534,0.5515938572914534,0.4484061427085466,0.5072946512602066,0.9999999999999996,0.8618208413466054,0.49317649559817833,0.12555231951578366,0.0028786190086975694,8,"[1, 2, 4, 8, 8, 8, 8, 8, 8, 8, 4, 2, 1]",936,1.0301687734760986e-29,0.4081133222413841,1e-12
1772f98754b1f25e1c0922ceec25307a182279dca3450be202e582bf767935d9,C,mpo_zipup,11,rzz,0.05,2,8,6,16,,5,5,commuting,0.8008008459196602,0.8008008459196602,0.19919915408033984,0.32426603977838486,0.9999999999999996,0.9459904838546096,0.20305806752553224,0.061648998266613804,0.004349957045633346,16,"[1, 2, 4, 8, 16, 16, 16, 16, 16, 8, 4, 2, 1]",2728,3.1010174441863207e-30,0.18302498430995603,1e-12
69070f7c0293ff4fe191894f7e72952f07ffbc2a06e40435c92102bdd65afdb6,C,mpo_zipup,11,rzz,0.05,2,8,6,64,,5,5,commuting,0.998715862754973,0.998715862754973,0.0012841372450269617,0.03584061609489958,0.9999999999999996,1.0000000000000069,0.017650561085155184,0.002936009109592176,0.2044573250459507,32,"[1, 2, 4, 8, 16, 32, 32, 32, 16, 8, 4, 2, 1]",6824,1.7849556041282363e-30,2.011021576341569e-29,1e-12
da574d4dd2e6889e67f0811871109c045f652bca8ce5966794ee281b183541c2,C,mpo_zipup,11,rzz,0.05,2,8,6,8,,5,5,mixed,0.3339749895780416,0.3339749895780416,0.6660250104219584,0.6436404558724507,0.9999999999999996,0.7550393510953012,0.8262756415062791,0.22230333531839752,0.0030517990235239267,8,"[1, 2, 4, 8, 8, 8, 8, 8, 8, 8, 4, 2, 1]",936,0.027869688018416456,0.8108272175341312,1e-12
7df251b4285dc63cd2addda9b5f7bd6c67daf39b40539e37285909a8fd50a725,C,mpo_zipup,11,rzz,0.05,2,8,6,16,,5,5,mixed,0.6773778892560078,0.6773778892560078,0.32262211074399216,0.42372545102449244,0.9999999999999996,0.908626799344632,0.3362468497946107,0.09275937256390816,0.004226817982271314,16,"[1, 2, 4, 8, 16, 16, 16, 16, 16, 8, 4, 2, 1]",2728,0.051235059214337186,0.43767860737091335,1e-12
2dbb8e8cb3425e7f436181ef4669a83b6afc25a4ba2bae1461db705813a6f5c0,C,mpo_zipup,11,rzz,0.05,2,8,6,64,,5,5,mixed,0.9934454087034028,0.9934454087034028,0.00655459129659719,0.08102695421013313,0.9999999999999996,1.0000000000000002,0.03551102018487004,0.006280623189956535,0.9217799459584057,64,"[1, 2, 4, 8, 16, 32, 64, 64, 16, 8, 4, 2, 1]",16040,1.4783713348935128e-30,2.8897583781350774e-30,1e-12
27bf90daf6caacbc59edacaab400427ab6c4ce83d7dc33275dfee6acf1d238fc,C,mpo_zipup,11,rzz,0.05,3,9,6,8,,6,6,commuting,0.5471887421527787,0.5471887421527787,0.4528112578472213,0.5113283341925674,0.9999999999999996,0.8607559509616901,0.4967497133500376,0.1264115351249791,0.0029283810290507972,8,"[1, 2, 4, 8, 8, 8, 8, 8, 8, 8, 4, 2, 1]",936,0.013680829178524105,0.42179415141990817,1e-12
f77e9ec48c030c3c1c01b34893e3dcd81f139adb41f4ee217798b5caf18e8caf,C,mpo_zipup,11,rzz,0.05,3,9,6,16,,6,6,commuting,0.7959304459908295,0.7959304459908295,0.20406955400917048,0.32962509317941113,0.9999999999999996,0.9449610485720245,0.20680972762153704,0.06272787363193982,0.013140363967977464,16,"[1, 2, 4, 8, 16, 16, 16, 16, 16, 8, 4, 2, 1]",2728,0.0029504270283067465,0.18597541133826279,1e-12
a186ca7fae8dff7d902e21525e7d62f53bd60805f2afdbc290b1836e971a9947,C,mpo_zipup,11,rzz,0.05,3,9,6,64,,6,6,commuting,1.0000000000000169,1.0000000000000169,0.0,1.3676971674513115e-14,0.9999999999999996,1.0000000000000084,3.26405569239796e-14,9.06685026502408e-15,0.10989724000683054,32,"[1, 2, 4, 8, 16, 32, 32, 32, 32, 8, 4, 2, 1]",8104,2.8658498661247644e-30,2.2976065629540454e-29,1e-12
6d59b9d08edbf8496812e66d97ca02e23316fd2fa297ae5f0b0137d0ac49f853,C,mpo_zipup,11,ryy,0.05,3,9,6,8,,6,6,mixed,0.3189171669997479,0.3189171669997479,0.6810828330002521,0.6589718500247927,0.9999999999999996,0.7507988615765696,0.8386960403650021,0.22730867866385296,0.0029259489965625107,8,"[1, 2, 4, 8, 8, 8, 8, 8, 8, 8, 4, 2, 1]",936,0.055801433086557856,0.8666286506206891,1e-12
2ee8e5f89750575633c375e45089d1dff9b7fb7c4662f66b3c20438509adc1d2,C,mpo_zipup,11,ryy,0.05,3,9,6,16,,6,6,mixed,0.6610941221171054,0.6610941221171054,0.3389058778828946,0.4398741441462447,0.9999999999999996,0.9053414588699106,0.3477226936060962,0.09453185617337011,0.009751849982421845,16,"[1, 2, 4, 8, 16, 16, 16, 16, 16, 8, 4, 2, 1]",2728,0.042732550875946365,0.48041115824685976,1e-12
79ff5cc2f04f7b58eeff4ebcdf9a4ac80030bdba5fc8e38931a960372935463a,C,mpo_zipup,11,ryy,0.05,3,9,6,64,,6,6,mixed,0.9894742273692397,0.9894742273692397,0.010525772630760266,0.102730800349761,0.9999999999999996,1.0,0.03551102018487018,0.007395939622734873,0.26240488403709605,64,"[1, 2, 4, 8, 16, 32, 64, 64, 32, 8, 4, 2, 1]",18344,6.168994353115365e-33,2.8959273724881928e-30,1e-12
fb24c072288ff4381e9aa93430d3ffcfa43fe61705d18fd56fc404318c84f1a8,C,mpo_zipup,11,rzz,0.05,2,9,7,8,,7,7,commuting,0.5413403422542719,0.5413403422542719,0.45865965774572814,0.5162795097079892,0.9999999999999996,0.8591048959048068,0.5022925246087977,0.12774140942361076,0.0029570580227300525,8,"[1, 2, 4, 8, 8, 8, 8, 8, 8, 8, 4, 2, 1]",936,0.010216207365337198,0.43201035878524535,1e-12
ee8ff13efe7b15df6cb67925417c72edd7d44eb8259068dede4285db6dfc835f,C,mpo_zipup,11,rzz,0.05,2,9,7,16,,7,7,commuting,0.7927418913916451,0.7927418913916451,0.20725810860835492,0.3331024310228215,0.9999999999999996,0.9442871966625463,0.20925295463693705,0.06305060574621305,0.01102832896867767,16,"[1, 2, 4, 8, 16, 16, 16, 16, 16, 8, 4, 2, 1]",2728,0.0023457789757482146,0.188321190314011,1e-12
d87dd6505f1d5b7bda16eadf0f010e09d16a2a4f75e9a23c56bb392e35816661,C,mpo_zipup,11,rzz,0.05,2,9,7,64,,7,7,commuting,1.0000000000000204,1.0000000000000204,0.0,1.623296896521194e-14,0.9999999999999996,1.0000000000000107,4.04121180963557e-14,1.1485355470623331e-14,0.20398937596473843,32,"[1, 2, 4, 8, 16, 32, 32, 32, 32, 8, 4, 2, 1]",8104,7.25290801787661e-30,3.0228973647417066e-29,1e-12
c4cdfc70b8c455cc202b709becede4924dbb073d8c19b639209857b0a6a9880d,C,mpo_zipup,11,rxx,0.05,2,9,7,8,,7,7,mixed,0.3151902336184038,0.3151902336184038,0.6848097663815962,0.6620879988599427,0.9999999999999996,0.7491305829173731,0.8435424120908355,0.2280748630065089,0.0030484849703498185,8,"[1, 2, 4, 8, 8, 8, 8, 8, 8, 8, 4, 2, 1]",936,0.02241432928653824,0.8890429799072274,1e-12
6cb004ca0488830dc813655dcf8778ced25434633e51060e19e85f43f27b3e30,C,mpo_zipup,11,rxx,0.05,2,9,7,16,,7,7,mixed,0.6568081528782589,0.6568081528782589,0.3431918471217411,0.4440417074286149,0.9999999999999996,0.904459543025559,0.35079100957129206,0.09540900431346942,0.013962019002065063,16,"[1, 2, 4, 8, 16, 16, 16, 16, 16, 8, 4, 2, 1]",2728,0.005217756695738818,0.4856289149425986,1e-12
15478a0744f0448113e527e4facd89f80daac5ecdf7fd8ff2f886ac5cc8aabca,C,mpo_zipup,11,rxx,0.05,2,9,7,64,,7,7,mixed,0.9894742273692404,0.9894742273692404,0.0105257726307596,0.10273080034976101,0.9999999999999996,1.0000000000000002,0.035999091099386676,0.007422048393367117,0.2813208570005372,64,"[1, 2, 4, 8, 16, 32, 64, 64, 32, 8, 4, 2, 1]",18344,3.461375056394654e-30,6.357302428882847e-30,1e-12
d7a71b5f601ec2459e4257c810ab6419947e25ec793c4ef38d491d103072a4f5,C,mpo_zipup,11,rzz,0.05,2,8,6,8,,8,8,commuting,0.5405234600292032,0.5405234600292032,0.45947653997079685,0.5173540472158756,0.9999999999999996,0.8591048959048078,0.5022925246087946,0.12764546476721744,0.0029625800088979304,8,"[1, 2, 4, 8, 8, 8, 8, 8, 8, 8, 4, 2, 1]",936,6.38751439871813e-30,0.43201035878524535,1e-12
a7aa5f35d181b85ceb70e7d8cb6e219c39f59c76b73b27e68a3d9db79047b6f9,C,mpo_zipup,11,rzz,0.05,2,8,6,16,,8,8,commuting,0.7926314525140887,0.7926314525140887,0.20736854748591127,0.333288572039307,0.9999999999999996,0.9442871966625437,0.20925295463694638,0.0631277359519386,0.015301905979868025,16,"[1, 2, 4, 8, 16, 16, 16, 16, 16, 8, 4, 2, 1]",2728,9.375997613060727e-30,0.188321190314011,1e-12
596749ac3f888b0359b458e4ec1ce125250c21f4259a871af2e109cd1049bcc8,C,mpo_zipup,11,rzz,0.05,2,8,6,64,,8,8,commuting,0.9987158627549781,0.9987158627549781,0.0012841372450218547,0.03584061609489989,0.9999999999999996,1.0000000000000089,0.01754211571477368,0.002959387292106646,0.17015555902617052,32,"[1, 2, 4, 8, 16, 32, 32, 32, 16, 8, 4, 2, 1]",6824,1.3660868506908467e-30,3.1595060498107914e-29,1e-12
eac955ef431f43d4ead1454bef660b7a534637c139e70d3417ef029377fdd8be,C,mpo_zipup,11,rzz,0.05,2,8,6,8,,8,8,mixed,0.31279958871556157,0.31279958871556157,0.6872004112844384,0.6632881104410866,0.9999999999999996,0.7473425576039116,0.8487258225903911,0.2287598571230239,0.0029752359841950238,8,"[1, 2, 4, 8, 8, 8, 8, 8, 8, 8, 4, 2, 1]",936,0.01062013356197685,0.8996631134692041,1e-12
891a094b81f1fdca82d6be30996636ae1e64f066f19045aacceb26ea2fce536d,C,mpo_zipup,11,rzz,0.05,2,8,6,16,,8,8,mixed,0.6451471208507046,0.6451471208507046,0.3548528791492954,0.45658610926839427,0.9999999999999996,0.9027136268134907,0.35685376174421,0.09803273880232481,0.012711488001514226,16,"[1, 2, 4, 8, 16, 16, 16, 16, 16, 8, 4, 2, 1]",2728,0.02584132749601891,0.5114702424386175,1e-12
cb4b79f9bafd665e0ed59a2d74e3899c350c5795db0733130626e6f607afd6e0,C,mpo_zipup,11,rzz,0.05,2,8,6,64,,8,8,mixed,0.9829915458524988,0.9829915458524988,0.017008454147501184,0.1306958212193881,0.9999999999999996,0.9999999999999989,0.05360457546811275,0.009945615519100184,0.3581774329650216,64,"[1, 2, 4, 8, 16, 32, 64, 64, 16, 8, 4, 2, 1]",16040,3.1887526285610995e-30,9.546055057443947e-30,1e-12
8414ee87790ce6490a480ec9d71661be36ea4b11be30e811545e3db921919bfe,C,mpo_zipup,11,rzz,0.05,3,9,6,8,,9,9,commuting,0.5356491108878674,0.5356491108878674,0.4643508891121326,0.5222473395179068,0.9999999999999996,0.8581977304694116,0.5053266097635598,0.12852432461871222,0.0029338340391404927,8,"[1, 2, 4, 8, 8, 8, 8, 8, 8, 8, 4, 2, 1]",936,0.01083782398834785,0.4428481827735932,1e-12
c8d3f3bfa9c1026f31ecd1faa6d68cb90e54d464ee4e174ad950b9856d3cc209,C,mpo_zipup,11,rzz,0.05,3,9,6,16,,9,9,commuting,0.7868803657980094,0.7868803657980094,0.21311963420199065,0.34057387834609476,0.9999999999999996,0.9434596522865322,0.21225369763362356,0.06396984197723113,0.004156998009420931,16,"[1, 2, 4, 8, 16, 16, 16, 16, 16, 8, 4, 2, 1]",2728,0.002428329354032359,0.19074951966804338,1e-12
612e9a9e712940b4378b27e514ccc939bc9d7eca278792caf6913d5ce0ffbaea,C,mpo_zipup,11,rzz,0.05,3,9,6,64,,9,9,commuting,1.0000000000000213,1.0000000000000213,0.0,1.645407934614831e-14,0.9999999999999996,1.0000000000000104,4.063416270128073e-14,1.1293312744148313e-14,0.12026727199554443,32,"[1, 2, 4, 8, 16, 32, 32, 32, 32, 8, 4, 2, 1]",8104,1.3435959462588636e-30,3.2938656444366775e-29,1e-12
cae52c10e6e75df3b3b104d3bcb0e10bbaba5019c7d597c887bcb2f393e8d9a7,C,mpo_zipup,11,ryy,0.05,3,9,6,8,,9,9,mixed,0.29870213360971476,0.29870213360971476,0.7012978663902852,0.6785439604681176,0.9999999999999996,0.7439723677154529,0.8585091701462029,0.2324447417273697,0.002953443967271596,8,"[1, 2, 4, 8, 8, 8, 8, 8, 8, 8, 4, 2, 1]",936,0.04390185753810332,0.9435649710073074,1e-12
a061a967e0bc47fcd497b4cf4dab63e767e2e7be9bc4d65627414a8557a20002,C,mpo_zipup,11,ryy,0.05,3,9,6,16,,9,9,mixed,0.6336088003216026,0.6336088003216026,0.3663911996783974,0.4680826626530574,0.9999999999999996,0.9006066478927275,0.3641869195678451,0.09842331799710986,0.011234766046982259,16,"[1, 2, 4, 8, 16, 16, 16, 16, 16, 8, 4, 2, 1]",2728,0.023065107098648722,0.5345353495372662,1e-12
17f1e7ad68a53d9546744e24acb7b567369a97ebda6762157cb31e15ebe12517,C,mpo_zipup,11,ryy,0.05,3,9,6,64,,9,9,mixed,0.976479622753202,0.976479622753202,0.023520377246798008,0.15381914721950204,0.9999999999999996,1.0000000000000013,0.05360457546811333,0.01123695512542263,0.26551601802930236,64,"[1, 2, 4, 8, 16, 32, 64, 64, 32, 8, 4, 2, 1]",18344,6.168994353115365e-33,9.552224051797062e-30,1e-12
2364ce956c49603bd88c688719c662e2d1b553ac4c5837563d535095e8d980bb,C,mpo_zipup,11,rzz,0.05,2,9,7,8,,10,10,commuting,0.528134912421805,0.528134912421805,0.471865087578195,0.5297696984024319,0.9999999999999996,0.8568043875724077,0.509986916557601,0.12982753680971856,0.0029329819954000413,8,"[1, 2, 4, 8, 8, 8, 8, 8, 8, 8, 4, 2, 1]",936,0.008191760503609157,0.45103994327720237,1e-12
bf5dd2013efd7dca7a10144a8bbf1ccd918958291efc496468b0ba5d5b7d6d2e,C,mpo_zipup,11,rzz,0.05,2,9,7,16,,10,10,commuting,0.7837271219097938,0.7837271219097938,0.21627287809020623,0.34444980029895605,0.9999999999999996,0.9429808817840666,0.21398537420086639,0.06421711268046426,0.026266883010976017,16,"[1, 2, 4, 8, 16, 16, 16, 16, 16, 8, 4, 2, 1]",2728,0.001781567635630558,0.19253108730367394,1e-12
099d96697bb4f6ecdfdb48840db95129da446a23b45213218cc36241e859e5f0,C,mpo_zipup,11,rzz,0.05,2,9,7,64,,10,10,commuting,1.000000000000019,1.000000000000019,0.0,1.6318746392853402e-14,0.9999999999999996,1.0000000000000095,3.730349362740526e-14,1.038232288768626e-14,0.18418476299848408,32,"[1, 2, 4, 8, 16, 32, 32, 32, 32, 8, 4, 2, 1]",8104,4.449854085598838e-30,3.738851052996561e-29,1e-12
c193fd40a4263c45edfe5337ea4d370453d055c120b221f2268e4ec93fdd2920,C,mpo_zipup,11,rxx,0.05,2,9,7,8,,10,10,mixed,0.2940199994910945,0.2940199994910945,0.7059800005089055,0.6833118043016959,0.9999999999999996,0.742554538620551,0.8625871197781447,0.23327710836917886,0.002483102958649397,8,"[1, 2, 4, 8, 8, 8, 8, 8, 8, 8, 4, 2, 1]",936,0.018757512131959215,0.9623224831392666,1e-12
49b0565e06d6252c85319f8cbd22619a6aca59b717a48f57a5d1c870f6944d96,C,mpo_zipup,11,rxx,0.05,2,9,7,16,,10,10,mixed,0.6306337743873786,0.6306337743873786,0.36936622561262145,0.4707288143925975,0.9999999999999996,0.8999081527008693,0.3666035781602701,0.09883446578480601,0.012394358986057341,16,"[1, 2, 4, 8, 16, 16, 16, 16, 16, 8, 4, 2, 1]",2728,0.0033454029427621964,0.5378807524800284,1e-12
e9e86ed02beeb5d99a28196be6c52c0f0a5e3117a45053c97cb2a98776451eb0,C,mpo_zipup,11,rxx,0.05,2,9,7,64,,10,10,mixed,0.9764796227532024,0.9764796227532024,0.023520377246797564,0.1538191472195019,0.9999999999999996,1.0000000000000013,0.054267872831523165,0.011267016370464275,0.6083218719577417,64,"[1, 2, 4, 8, 16, 32, 64, 64, 32, 8, 4, 2, 1]",18344,6.003068184868378e-30,1.555529223666544e-29,1e-12
cf2c844887ed96a1568705c5529ae6a05b1aa446cb36077761c46ed734b57e59,C,mpo_zipup,11,rzz,0.05,2,8,6,8,,11,11,commuting,0.5272802375536141,0.5272802375536141,0.4727197624463859,0.5308789568874106,0.9999999999999996,0.8568043875724082,0.5099869165575988,0.12968088968719801,0.0028873999835923314,8,"[1, 2, 4, 8, 8, 8, 8, 8, 8, 8, 4, 2, 1]",936,5.3499069297716414e-30,0.45103994327720237,1e-12
f28d6563764ad5ea019ec12aba1be9be845b386e798491ace3b309dc252c4ef1,C,mpo_zipup,11,rzz,0.05,2,8,6,16,,11,11,commuting,0.7839176783844569,0.7839176783844569,0.21608232161554308,0.3441372240029539,0.9999999999999996,0.9429808817840694,0.2139853742008564,0.06425697829249707,0.003927928977645934,16,"[1, 2, 4, 8, 16, 16, 16, 16, 16, 8, 4, 2, 1]",2728,1.4721382047251044e-30,0.19253108730367394,1e-12
a78b8570cd893a00e2209bba09cf0ef18163c35e60d57f3be13a6db7a3a4f6b8,C,mpo_zipup,11,rzz,0.05,2,8,6,64,,11,11,commuting,0.9987158627549848,0.9987158627549848,0.0012841372450151933,0.03584061609490023,0.9999999999999996,1.0000000000000115,0.01732974707985152,0.002994780976021631,0.28204028704203665,32,"[1, 2, 4, 8, 16, 32, 32, 32, 16, 8, 4, 2, 1]",6824,1.2714929437574939e-30,3.8660003473723105e-29,1e-12
fde01c2fc2301eb49f411ec290de1b5675b422ab29d8b1636b78c12981887616,C,mpo_zipup,11,rzz,0.05,2,8,6,8,,11,11,mixed,0.29163303649692346,0.29163303649692346,0.7083669635030765,0.6847414597183271,0.9999999999999996,0.7408994828062017,0.8673466527503122,0.2339155351267629,0.0030567669891752303,8,"[1, 2, 4, 8, 8, 8, 8, 8, 8, 8, 4, 2, 1]",936,0.008864553186990472,0.9711870363262571,1e-12
983bbba8850b4701f4cdbb89da8185a0ba86a35cd03ee64589310b1329421749,C,mpo_zipup,11,rzz,0.05,2,8,6,16,,11,11,mixed,0.6206200709089575,0.6206200709089575,0.37937992909104246,0.48235980856007327,0.9999999999999996,0.899032732308179,0.36962683378713934,0.10030048932189442,0.01046757196309045,16,"[1, 2, 4, 8, 16, 16, 16, 16, 16, 8, 4, 2, 1]",2728,0.013027853764826196,0.5509086062448546,1e-12
4fc4bbb1d3e4587cb78f2774e8722f9a246b0ebc3b262426043aeb8d4be5dce5,C,mpo_zipup,11,rzz,0.05,2,8,6,64,,11,11,mixed,0.9675267325904895,0.9675267325904895,0.03247326740951051,0.18094547526329938,0.9999999999999996,1.000000000000001,0.07180372922930925,0.013756126341259995,0.30520360998343676,64,"[1, 2, 4, 8, 16, 32, 64, 64, 16, 8, 4, 2, 1]",16040,5.2502415447001144e-30,2.0805533781365554e-29,1e-12
4e5a6012ee7567528ab124a70dc5f8da741ffff02109861af75533d769442b10,C,mpo_zipup,11,rzz,0.05,3,9,6,8,,12,12,commuting,0.5221618766506227,0.5221618766506227,0.47783812334937725,0.5362522954871131,0.9999999999999996,0.8560268153344572,0.5125789187824448,0.13057333113610678,0.0029099899693392217,8,"[1, 2, 4, 8, 8, 8, 8, 8, 8, 8, 4, 2, 1]",936,0.008748119152886896,0.4597880624300893,1e-12
1a1fc56c410015c04228dadd21405a9ce21d65684e12f16c5b92fdd987d7ee73,C,mpo_zipup,11,rzz,0.05,3,9,6,16,,12,12,commuting,0.7780556540755674,0.7780556540755674,0.22194434592443257,0.35206494972870556,0.9999999999999996,0.942390041422316,0.21612515221717166,0.06489046849354724,0.003957843990065157,16,"[1, 2, 4, 8, 16, 16, 16, 16, 16, 8, 4, 2, 1]",2728,0.0017182674972903323,0.19424935480096428,1e-12
a8db51efe53aea15ffb70a9f107146ee68eec8e185876efbfb2d38b5bdad38e1,C,mpo_zipup,11,rzz,0.05,3,9,6,64,,12,12,commuting,1.0000000000000298,1.0000000000000298,0.0,2.1348627565996314e-14,0.9999999999999996,1.000000000000015,5.773159728050814e-14,1.5817961485975823e-14,0.13019228499615565,32,"[1, 2, 4, 8, 16, 32, 32, 32, 32, 8, 4, 2, 1]",8104,2.0703518314758274e-30,4.073035530519894e-29,1e-12
4ab92712b494308bf952d70432e75b73c8d004828d561a55cdb7c22840526de0,C,mpo_zipup,11,ryy,0.05,3,9,6,8,,12,12,mixed,0.26722464778298977,0.26722464778298977,0.7327753522170102,0.7105713793170269,0.9999999999999996,0.734021256666531,0.8870506536114866,0.23976296725938454,0.003006714046932757,8,"[1, 2, 4, 8, 8, 8, 8, 8, 8, 8, 4, 2, 1]",936,0.033538580469148344,1.0047256167954055,1e-12
96be9e9fabee89d6776e0c44afb8f4b468a6fb43f7d1bf90a7920147d49209f4,C,mpo_zipup,11,ryy,0.05,3,9,6,16,,12,12,mixed,0.6092143276665156,0.6092143276665156,0.3907856723334844,0.49484238906001704,0.9999999999999996,0.8977263785408404,0.37414526068478304,0.100605778752536,0.004248096025548875,16,"[1, 2, 4, 8, 16, 16, 16, 16, 16, 8, 4, 2, 1]",2728,0.014970723434759345,0.565879329679614,1e-12
88b04a3bd412b8eab61ba1628be31305307ad6290426ed0f5402adbf81882402,C,mpo_zipup,11,ryy,0.05,3,9,6,64,,12,12,mixed,0.9585887055391673,0.9585887055391673,0.04141129446083269,0.20457060375694372,0.9999999999999996,1.000000000000001,0.07180372922930903,0.015178088089746552,0.27487166598439217,64,"[1, 2, 4, 8, 16, 32, 64, 64, 32, 8, 4, 2, 1]",18344,6.168994353115365e-33,2.081170277571867e-29,1e-12
99ea8523bc72b3d59117149bb30b701150c820717f2d52c96f5c71558a35820a,C,mpo_zipup,11,rzz,0.05,2,9,7,8,,13,13,commuting,0.5142567019251623,0.5142567019251623,0.48574329807483774,0.5446771511206089,0.9999999999999996,0.8549310345166129,0.5162318244869524,0.1318365278194615,0.002971971989609301,8,"[1, 2, 4, 8, 8, 8, 8, 8, 8, 8, 4, 2, 1]",936,0.006713860504063537,0.4665019229341528,1e-12
ab98d233b38a331537aaebfe17ec4d32d5e56273e24b48a1f86ec168cf368be1,C,mpo_zipup,11,rzz,0.05,2,9,7,16,,13,13,commuting,0.774950588002301,0.774950588002301,0.225049411997699,0.3561190050420362,0.9999999999999996,0.942043684106878,0.21737759527980405,0.06508604922454049,0.007008197018876672,16,"[1, 2, 4, 8, 16, 16, 16, 16, 16, 8, 4, 2, 1]",2728,0.0011920221527464028,0.1954413769537107,1e-12
4909fd4ba15c26bee6780fc555f7ab70f5d175a623ce5b9e54141578456ad209,C,mpo_zipup,11,rzz,0.05,2,9,7,64,,13,13,commuting,1.0000000000000346,1.0000000000000346,0.0,2.3024026193288157e-14,0.9999999999999996,1.0000000000000169,6.505906924303417e-14,1.7817750931277686e-14,0.1856729210121557,32,"[1, 2, 4, 8, 16, 32, 32, 32, 32, 8, 4, 2, 1]",8104,7.358446455400062e-30,4.8088801760599e-29,1e-12
c55591729491f4cdba331d44c1e222883525642a398b9add9b34324829d69b55,C,mpo_zipup,11,rxx,0.05,2,9,7,8,,13,13,mixed,0.26303623275827953,0.26303623275827953,0.7369637672417204,0.7149501807823534,0.9999999999999996,0.7327311395127085,0.8907120095675236,0.24069075531535042,0.002984196995384991,8,"[1, 2, 4, 8, 8, 8, 8, 8, 8, 8, 4, 2, 1]",936,0.014523720699737199,1.0192493374951428,1e-12
663b46b993dd2c8e905769ddf307a871aba12843d7a7dc249ab44bb99b9f7961,C,mpo_zipup,11,rxx,0.05,2,9,7,16,,13,13,mixed,0.6065083271346213,0.6065083271346213,0.39349167286537867,0.497254164520615,0.9999999999999996,0.897125740581638,0.37621838055804413,0.10085651607801177,0.006072097981814295,16,"[1, 2, 4, 8, 16, 16, 16, 16, 16, 8, 4, 2, 1]",2728,0.0025055976982213445,0.5683849273778353,1e-12
b3e3979791e974e31bc11688d3f06028c6912ddcaa6e82aad430f1a62af9d1da,C,mpo_zipup,11,rxx,0.05,2,9,7,64,,13,13,mixed,0.9585887055391645,0.9585887055391645,0.04141129446083547,0.204570603756944,0.9999999999999996,1.0,0.07259321382035794,0.015206263760607875,0.361514484975487,64,"[1, 2, 4, 8, 16, 32, 64, 64, 32, 8, 4, 2, 1]",18344,8.625697148269143e-30,2.9437399923987815e-29,1e-12
34c5e72ae685e72c88798385a9eb8f44a0055b865470dd2a33289bb05d30a029,C,mpo_zipup,11,rzz,0.05,2,8,6,8,,14,14,commuting,0.5133940639691102,0.5133940639691102,0.48660593603088975,0.5457807517001202,0.9999999999999996,0.8549310345166131,0.5162318244869522,0.13164529282267937,0.0029506529681384563,8,"[1, 2, 4, 8, 8, 8, 8, 8, 8, 8, 4, 2, 1]",936,1.3270234629755185e-29,0.4665019229341528,1e-12
0eca2d0f00b9286377effa0916ddfb61a28fbd8d19740496272504472bb11a08,C,mpo_zipup,11,rzz,0.05,2,8,6,16,,14,14,commuting,0.7753082877965047,0.7753082877965047,0.22469171220349526,0.35554811209426074,0.9999999999999996,0.9420436841068758,0.21737759527981493,0.06509441525408034,0.022829308989457786,16,"[1, 2, 4, 8, 16, 16, 16, 16, 16, 8, 4, 2, 1]",2728,2.4443235175168965e-30,0.1954413769537107,1e-12
ddac025fda2860113264bc439536caa328a4a278008b091a31526947527b292c,C,mpo_zipup,11,rzz,0.05,2,8,6,64,,14,14,commuting,0.9987158627549932,0.9987158627549932,0.0012841372450067556,0.03584061609490057,0.9999999999999996,1.0000000000000164,0.017015577097589746,0.0030408550572296167,0.17607697896892205,32,"[1, 2, 4, 8, 16, 32, 32, 32, 16, 8, 4, 2, 1]",6824,2.0027984217375043e-30,5.00916001823365e-29,1e-12
85f68d304f0fb0150127af48de34c4d64d6b26814461d705f33a508fab0d7cd2,C,mpo_zipup,11,rzz,0.05,2,8,6,8,,14,14,mixed,0.2597636517238938,0.2597636517238938,0.7402363482761062,0.7177839771842824,0.9999999999999996,0.7311320798122748,0.8952513065885963,0.24131594676081725,0.003237211029045284,8,"[1, 2, 4, 8, 8, 8, 8, 8, 8, 8, 4, 2, 1]",936,0.00872703159958185,1.0279763690947246,1e-12
f78e36c3ca084b8ec470d6b19277d445f6be6472ff38c7e3b6f30e6a59599f23,C,mpo_zipup,11,rzz,0.05,2,8,6,16,,14,14,mixed,0.5989227931101164,0.5989227931101164,0.4010772068898836,0.5063430979047949,0.9999999999999996,0.8967638364813076,0.377466569168341,0.10147271771239333,0.011024035047739744,16,"[1, 2, 4, 8, 16, 16, 16, 16, 16, 8, 4, 2, 1]",2728,0.0052916440978718,0.573676571475707,1e-12
8402a136f3abec70ad38dd7c17e1aa910dcaba0c5b345e925f6f3d617687bed7,C,mpo_zipup,11,rzz,0.05,2,8,6,64,,14,14,mixed,0.9473057542554957,0.9473057542554957,0.05269424574450432,0.23110026289305574,0.9999999999999996,0.9999999999999999,0.09001583114381692,0.01768205679982681,0.3162652319879271,64,"[1, 2, 4, 8, 16, 32, 64, 64, 16, 8, 4, 2, 1]",16040,7.069713759737799e-30,3.6507113683725615e-29,1e-12
84044b7adf82f8f811db15356135d47a5659711d5428c4feab9ea82b87459eb8,C,mpo_zipup,11,rzz,0.05,3,9,6,8,,15,15,commuting,0.5081681545074095,0.5081681545074095,0.4918318454925905,0.5513938141790612,0.9999999999999996,0.854256062169901,0.5184739626343391,0.13253748123746165,0.00295378704322502,8,"[1, 2, 4, 8, 8, 8, 8, 8, 8, 8, 4, 2, 1]",936,0.007344535606800792,0.47384645854095364,1e-12
3013979ebd0fe2eae463aa5ff4475aeae3f9558ab70eb1b5d88a58f4b3f7bb8b,C,mpo_zipup,11,rzz,0.05,3,9,6,16,,15,15,commuting,0.7699789246606311,0.7699789246606311,0.23002107533936889,0.36299055995647006,0.9999999999999996,0.9416639561719212,0.21875440911191713,0.06556044679889363,0.011689263046719134,16,"[1, 2, 4, 8, 16, 16, 16, 16, 16, 8, 4, 2, 1]",2728,0.0011203572760138832,0.1965617342297246,1e-12
c685272d6b47e379276894f8c7a38ae6e06aee98bdcf5092b37752867b1537a5,C,mpo_zipup,11,rzz,0.05,3,9,6,64,,15,15,commuting,1.0000000000000338,1.0000000000000338,0.0,2.3402280803539192e-14,0.9999999999999996,1.000000000000017,6.350475700855895e-14,1.7470350546724124e-14,0.1025178559939377,32,"[1, 2, 4, 8, 16, 32, 32, 32, 32, 8, 4, 2, 1]",8104,1.0702458549426904e-30,5.11618460372792e-29,1e-12
4692789785202328ecaba44f4b1773947e126425bb044176c95941de2c9eac57,C,mpo_zipup,11,ryy,0.05,3,9,6,8,,15,15,mixed,0.2472370992448723,0.2472370992448723,0.7527629007551278,0.7324246316709355,0.9999999999999996,0.7286320658438472,0.902341279121512,0.24380147606861471,0.0029629429918713868,8,"[1, 2, 4, 8, 8, 8, 8, 8, 8, 8, 4, 2, 1]",936,0.023759117853968205,1.0517354869486928,1e-12
7d7c1ab796bb7ec457fa7b35fb5ec762f00b814013e1d428a245903108374781,C,mpo_zipup,11,ryy,0.05,3,9,6,16,,15,15,mixed,0.588346943039105,0.588346943039105,0.41165305696089505,0.5184597396063368,0.9999999999999996,0.896033506496271,0.37998652649689424,0.10174467175854984,0.006595432001631707,16,"[1, 2, 4, 8, 16, 16, 16, 16, 16, 8, 4, 2, 1]",2728,0.011696696032925464,0.5853732675086326,1e-12
7fe8f8f388c159ce0da42f739f4a73551c37ee8a42a0383f26077a4c352d04b3,C,mpo_zipup,11,ryy,0.05,3,9,6,64,,15,15,mixed,0.9360949953966815,0.9360949953966815,0.0639050046033185,0.2548724259169015,0.9999999999999996,1.0000000000000009,0.09001583114381485,0.019220615685944596,0.2845462840050459,64,"[1, 2, 4, 8, 16, 32, 64, 64, 32, 8, 4, 2, 1]",18344,6.168994353115365e-33,3.651328267807873e-29,1e-12
dd584da34ce5ec8e915032baa5da957c502907f167edf9990e4beda5759c9588,C,mpo_zipup,11,rzz,0.05,2,9,7,8,,16,16,commuting,0.5003326985282511,0.5003326985282511,0.49966730147174887,0.5599579416527916,0.9999999999999996,0.8533679671287963,0.5214249254952006,0.1337800100870763,0.0030149879748933017,8,"[1, 2, 4, 8, 8, 8, 8, 8, 8, 8, 4, 2, 1]",936,0.0056982470240061365,0.47954470556495976,1e-12
2827f7fd771ac24c7db27896f273bcad66b6af7de6ca3d291b70911a3f8dd469,C,mpo_zipup,11,rzz,0.05,2,9,7,16,,16,16,commuting,0.767005227044418,0.767005227044418,0.23299477295558202,0.3669736432190268,0.9999999999999996,0.9414065789446389,0.21968545242771187,0.06572906117879297,0.004135283001232892,16,"[1, 2, 4, 8, 16, 16, 16, 16, 16, 8, 4, 2, 1]",2728,0.0007799179935761306,0.19734165222330072,1e-12
a527d3fc1b609d5a3ea1eb7991eca9addc5381baab5c7659fa191687e8d5bfb5,C,mpo_zipup,11,rzz,0.05,2,9,7,64,,16,16,commuting,1.0000000000000355,1.0000000000000355,0.0,2.4264387960529447e-14,0.9999999999999996,1.0000000000000178,6.572520305780927e-14,1.8017097692597345e-14,0.1946687499876134,32,"[1, 2, 4, 8, 16, 32, 32, 32, 32, 8, 4, 2, 1]",8104,3.4028742821440746e-30,5.456472031942327e-29,1e-12
c2465c25a28a8648ca4cdbd55b43ff7dc78b3b5e2a14bb450433ee0888db8050,C,mpo_zipup,11,rxx,0.05,2,9,7,8,,16,16,mixed,0.2422515689836864,0.2422515689836864,0.7577484310163136,0.7381106239501506,0.9999999999999996,0.7274534054739429,0.9056650395806045,0.2446539862228724,0.002973800990730524,8,"[1, 2, 4, 8, 8, 8, 8, 8, 8, 8, 4, 2, 1]",936,0.011381932279844239,1.063117419228537,1e-12
0dae44e244fa9fdc884e6f3cc903f21a78aa628bd446a82ea156a7838c939aa5,C,mpo_zipup,11,rxx,0.05,2,9,7,16,,16,16,mixed,0.5849396510679512,0.5849396510679512,0.4150603489320488,0.5218454550127264,0.9999999999999996,0.8955164031429972,0.38176800871141436,0.10205583575815927,0.005462586006615311,16,"[1, 2, 4, 8, 16, 16, 16, 16, 16, 8, 4, 2, 1]",2728,0.0021138462976467267,0.5874871138062794,1e-12
56fa9aab03151e521bf8d218616cc99b4c53cae7cc586682ae941688fcd23f2c,C,mpo_zipup,11,rxx,0.05,2,9,7,64,,16,16,mixed,0.9360949953966864,0.9360949953966864,0.06390500460331361,0.2548724259169022,0.9999999999999996,1.000000000000004,0.09088056435584287,0.01924136418687491,0.3285968979471363,64,"[1, 2, 4, 8, 16, 32, 64, 64, 32, 8, 4, 2, 1]",18344,1.1517787782548453e-29,4.8031070460627185e-29,1e-12
d2a723672a081d0dbd53d9f0a0a67b86af7ea26a1a680f034c3748d60dc26e0a,C,mpo_zipup,11,rzz,0.05,2,8,6,8,,17,17,commuting,0.4994718284603614,0.4994718284603614,0.5005281715396386,0.5610440888784743,0.9999999999999996,0.853367967128796,0.5214249254952015,0.13354963569893685,0.0029657420236617327,8,"[1, 2, 4, 8, 8, 8, 8, 8, 8, 8, 4, 2, 1]",936,3.2802090425986536e-30,0.47954470556495976,1e-12
072c6220ba31630d51914007966a439c40de9a3534954206699b66063a31cace,C,mpo_zipup,11,rzz,0.05,2,8,6,16,,17,17,commuting,0.7674464928826542,0.7674464928826542,0.2325535071173458,0.36628660554408277,0.9999999999999996,0.9414065789446411,0.21968545242770454,0.0657079509353617,0.007766729046124965,16,"[1, 2, 4, 8, 16, 16, 16, 16, 16, 8, 4, 2, 1]",2728,1.6839359899194948e-30,0.19734165222330072,1e-12
e755ae45c7122209c46d10d2cbc5cb489dd2c15516755ec6fe8840202206201c,C,mpo_zipup,11,rzz,0.05,2,8,6,64,,17,17,commuting,0.9987158627549986,0.9987158627549986,0.0012841372450014266,0.03584061609490069,0.9999999999999996,1.0000000000000184,0.01660274485059994,0.003096019524619905,0.17295407300116494,32,"[1, 2, 4, 8, 16, 32, 32, 32, 16, 8, 4, 2, 1]",6824,1.6168203134316242e-30,5.618154063285489e-29,1e-12
70da7c9a3a866867cf4f0adc1488e8275eb938e2b464c68f6ecd859d7fb693aa,C,mpo_zipup,11,rzz,0.05,2,8,6,8,,17,17,mixed,0.23947950181519526,0.23947950181519526,0.7605204981848047,0.7406754461274973,0.9999999999999996,0.7261769580903775,0.9092634652934104,0.24507578627999177,0.0030085599864833057,8,"[1, 2, 4, 8, 8, 8, 8, 8, 8, 8, 4, 2, 1]",936,0.007468622818818043,1.0705860420473552,1e-12
f3c2be659c494a297ce354f50dfc76f8c886515ba8ae9a305a6bda017b8c0a48,C,mpo_zipup,11,rzz,0.05,2,8,6,16,,17,17,mixed,0.5786043047264262,0.5786043047264262,0.4213956952735738,0.5294627797155362,0.9999999999999996,0.8953500515270193,0.3823419076519321,0.1023596054822623,0.004046718997415155,16,"[1, 2, 4, 8, 16, 16, 16, 16, 16, 8, 4, 2, 1]",2728,0.0024506033867257217,0.5899377171930051,1e-12
8fdf443e28ed848081eb294491a57a69d809ca291ef13554a294aa7a52b23591,C,mpo_zipup,11,rzz,0.05,2,8,6,64,,17,17,mixed,0.9226585395745353,0.9226585395745353,0.07734146042546475,0.28088729243192956,0.9999999999999996,1.0000000000000038,0.10814668828608912,0.021714304987528372,0.3062902980018407,64,"[1, 2, 4, 8, 16, 32, 64, 64, 16, 8, 4, 2, 1]",16040,1.0966252567361013e-29,5.89973230279882e-29,1e-12
3701e8998bb9d87dd37ca09d4cb2185f4b6423df651def2bdf7392cd43e74daf,C,mpo_zipup,11,rzz,0.05,3,9,6,8,,18,18,commuting,0.4942523485872266,0.4942523485872266,0.5057476514127734,0.566714111196854,0.9999999999999996,0.8527757880966088,0.5233849552430674,0.13442556839961675,0.003015524009242654,8,"[1, 2, 4, 8, 8, 8, 8, 8, 8, 8, 4, 2, 1]",936,0.0063481198778253915,0.48589282544278517,1e-12
9d7751ffb33a0b1ec49afbb9ca386e5d6fa66574bf9230763df78b3efef74650,C,mpo_zipup,11,rzz,0.05,3,9,6,16,,18,18,commuting,0.7627887635090597,0.7627887635090597,0.23721123649094034,0.37283059441937116,0.9999999999999996,0.9411472953253577,0.2206270819367857,0.06608159971845473,0.003957832988817245,16,"[1, 2, 4, 8, 16, 16, 16, 16, 16, 8, 4, 2, 1]",2728,0.0007646906450025743,0.19810634286830328,1e-12
dee68b7b993560c535ac6e03825fe71779030466778f233ad65f5f3836ea8802,C,mpo_zipup,11,rzz,0.05,3,9,6,64,,18,18,commuting,1.000000000000039,1.000000000000039,0.0,2.6917391811384537e-14,0.9999999999999996,1.0000000000000193,7.105427357601002e-14,1.9678118677715082e-14,0.10930584202287719,32,"[1, 2, 4, 8, 16, 32, 32, 32, 32, 8, 4, 2, 1]",8104,2.116658634966859e-30,5.829819926782174e-29,1e-12
8492bff6b3e1222486e6121c2a5bd11f44eda0b2868524773e62422deea567e4,C,mpo_zipup,11,ryy,0.05,3,9,6,8,,18,18,mixed,0.22798139319055094,0.22798139319055094,0.772018606809449,0.7547257747179162,0.9999999999999996,0.7242644112886348,0.9146419619388166,0.24692569333002087,0.0030159970046952367,8,"[1, 2, 4, 8, 8, 8, 8, 8, 8, 8, 4, 2, 1]",936,0.018273988670941436,1.0888600307182967,1e-12
72961e3313f9fdb6e3c3b848834971853585e46161d8a38cfc1b07f561ca4ada,C,mpo_zipup,11,ryy,0.05,3,9,6,16,,18,18,mixed,0.5595934390684212,0.5595934390684212,0.4404065609315788,0.549953016350753,0.9999999999999996,0.8936262565313754,0.3883042787279736,0.1039069855527682,0.00504908204311505,16,"[1, 2, 4, 8, 16, 16, 16, 16, 16, 8, 4, 2, 1]",2728,0.00953091979064323,0.5994686369836484,1e-12
f17831bee263b9b327fea813d24312f3f3f45057e1edc46f54b65338ef67c47a,C,mpo_zipup,11,ryy,0.05,3,9,6,64,,18,18,mixed,0.9093631031376267,0.9093631031376267,0.0906368968623733,0.30461346547733703,0.9999999999999996,1.0000000000000047,0.10814668828608905,0.023363984413557796,0.397538443969097,64,"[1, 2, 4, 8, 16, 32, 64, 64, 32, 8, 4, 2, 1]",18344,6.168994353115365e-33,5.900349202234131e-29,1e-12
cb5d94933466c5e65750dea8a5bdf21c58805e6b29794f1de0c8eb461113f5f4,C,mpo_zipup,11,rzz,0.05,2,9,7,8,,19,19,commuting,0.4866221271116423,0.4866221271116423,0.5133778728883577,0.5751346645575393,0.9999999999999996,0.8520246501974983,0.5258724447307577,0.13564893382263377,0.002963692997582257,8,"[1, 2, 4, 8, 8, 8, 8, 8, 8, 8, 4, 2, 1]",936,0.004953896836930832,0.490846722279716,1e-12
79513e420d5e8cb047cc196573d9dd73451b8d1481fab349cc932581420a3462,C,mpo_zipup,11,rzz,0.05,2,9,7,16,,19,19,commuting,0.7600231024561238,0.7600231024561238,0.2399768975438762,0.3765495927685061,0.9999999999999996,0.9409440330666007,0.22136218013330788,0.06624003734551662,0.010535428998991847,16,"[1, 2, 4, 8, 16, 16, 16, 16, 16, 8, 4, 2, 1]",2728,0.0005616467461053696,0.19866798961440865,1e-12
686146b54a3645f4d2cfc0237e603007c9884790d0fc2ae75feb13318be34dd7,C,mpo_zipup,11,rzz,0.05,2,9,7,64,,19,19,commuting,1.0000000000000377,1.0000000000000377,0.0,2.7568449330443415e-14,0.9999999999999996,1.0000000000000193,7.149836278586008e-14,1.9696706235263326e-14,0.21124928002245724,32,"[1, 2, 4, 8, 16, 32, 32, 32, 32, 8, 4, 2, 1]",8104,6.187006427085943e-30,6.448520569490769e-29,1e-12
02f520db7b3d9ff9af7163907f5355cb2313f9ee7e35cf7eadc257f9271650ab,C,mpo_zipup,11,rxx,0.05,2,9,7,8,,19,19,mixed,0.22416790246424548,0.22416790246424548,0.7758320975357546,0.7592677975328683,0.9999999999999996,0.7234742883597912,0.9168523814087322,0.24746348402250626,0.0029248629580251873,8,"[1, 2, 4, 8, 8, 8, 8, 8, 8, 8, 4, 2, 1]",936,0.008486649424085318,1.0973466801423821,1e-12
96e86ab6202818d6470d634909514ff995a6438d2d500dbff6189f6182d52de5,C,mpo_zipup,11,rxx,0.05,2,9,7,16,,19,19,mixed,0.557739397672014,0.557739397672014,0.44226060232798603,0.5515798587976335,0.9999999999999996,0.893240943756197,0.38962237247886167,0.1043087328268906,0.006005334027577192,16,"[1, 2, 4, 8, 16, 16, 16, 16, 16, 8, 4, 2, 1]",2728,0.001744715252659739,0.6012133522363081,1e-12
9fe01708365760cec8367fff36119ddac9da2d3788a1e7a49186fd9fed394f8a,C,mpo_zipup,11,rxx,0.05,2,9,7,64,,19,19,mixed,0.9093631031376262,0.9093631031376262,0.09063689686237375,0.3046134654773373,0.9999999999999996,1.0000000000000047,0.10903424472752682,0.023372141226992178,0.6387707989779301,64,"[1, 2, 4, 8, 16, 32, 64, 64, 32, 8, 4, 2, 1]",18344,1.4439921516696858e-29,7.344341353903817e-29,1e-12
5e93a5300d6cd09344e96b5a1b4d9478ed492ac67c0fb28cd315140a09f2c983,C,mpo_zipup,11,rzz,0.05,2,8,6,8,,20,20,commuting,0.48575879474754907,0.48575879474754907,0.514241205252451,0.5762100631684234,0.9999999999999996,0.8520246501974972,0.5258724447307606,0.13538406260099908,0.0029043019749224186,8,"[1, 2, 4, 8, 8, 8, 8, 8, 8, 8, 4, 2, 1]",936,2.3349204500342228e-30,0.490846722279716,1e-12
8c4f5943aaf0b12850b56b53430915a0f4f4b550c3d4f20af61cd6b79d5a081f,C,mpo_zipup,11,rzz,0.05,2,8,6,16,,20,20,commuting,0.7605033077759089,0.7605033077759089,0.2394966922240911,0.37581758591934716,0.9999999999999996,0.9409440330666023,0.2213621801333021,0.06619007041288143,0.004320192965678871,16,"[1, 2, 4, 8, 16, 16, 16, 16, 16, 8, 4, 2, 1]",2728,1.4878577613793226e-29,0.19866798961440865,1e-12
60c5c6058d3d14a48b588661e3ad288a9b38c3d1f32f7166b88b3d49f99f68fc,C,mpo_zipup,11,rzz,0.05,2,8,6,64,,20,20,commuting,0.9987158627550006,0.9987158627550006,0.0012841372449994282,0.03584061609490062,0.9999999999999996,1.0000000000000195,0.01609537522222909,0.003158534063067339,0.1706109960214235,32,"[1, 2, 4, 8, 16, 32, 32, 32, 16, 8, 4, 2, 1]",6824,1.5134961613783569e-30,6.599870185628605e-29,1e-12
79e226ef74326263a122d72fc858b29f4e27fc8cf3e039ca4113858eca26c69e,C,mpo_zipup,11,rzz,0.05,2,8,6,8,,20,20,mixed,0.22147741170629073,0.22147741170629073,0.7785225882937092,0.7622470066711329,0.9999999999999996,0.7226674428483739,0.9191148861755836,0.24754735935629024,0.0029421369545161724,8,"[1, 2, 4, 8, 8, 8, 8, 8, 8, 8, 4, 2, 1]",936,0.0048580647291315395,1.1022047448715138,1e-12
19356827c28b62c8d289caad228cd1cd3db51794b623461eeb915beb620f768d,C,mpo_zipup,11,rzz,0.05,2,8,6,16,,20,20,mixed,0.5524700321083437,0.5524700321083437,0.44752996789165633,0.5577607428572465,0.9999999999999996,0.8931201505323768,0.3900396724989996,0.10458744123280878,0.003946932964026928,16,"[1, 2, 4, 8, 16, 16, 16, 16, 16, 8, 4, 2, 1]",2728,0.0016181843616197681,0.6028315365979279,1e-12
4b1fc9fed4423a787b2e9712786f27582cfaa6e897474209fbb774864f55c4ec,C,mpo_zipup,11,rzz,0.05,2,8,6,64,,20,20,mixed,0.8939815578639524,0.8939815578639524,0.10601844213604761,0.33013336755331274,0.9999999999999996,1.0000000000000029,0.126101193156897,0.02584791028219801,0.522744991001673,64,"[1, 2, 4, 8, 16, 32, 64, 64, 16, 8, 4, 2, 1]",16040,1.3064248272483384e-29,8.650766181152155e-29,1e-12
e13dba187f996876e175f057fe30e80cb64b75272b9a886994ceb1a7ea88996a,C,mpo_zipup,11,rzz,0.05,3,9,6,8,,21,21,commuting,0.4806633549413889,0.4806633549413889,0.5193366450586111,0.5817686715246259,0.9999999999999996,0.8515001896843412,0.527601847276699,0.13623902934275164,0.0030051860376261175,8,"[1, 2, 4, 8, 8, 8, 8, 8, 8, 8, 4, 2, 1]",936,0.005586643736033898,0.4964333660157499,1e-12
7df2dd9d90124b8ef0387128a01c548d90f7b731c635d7dc4bd37042eba5265c,C,mpo_zipup,11,rzz,0.05,3,9,6,16,,21,21,commuting,0.7563464710205068,0.7563464710205068,0.24365352897949322,0.3816050249239018,0.9999999999999996,0.9407369656157907,0.2221148586354118,0.06652258993528878,0.00562063098186627,16,"[1, 2, 4, 8, 16, 16, 16, 16, 16, 8, 4, 2, 1]",2728,0.0005810486041024293,0.1992490382185111,1e-12
4bbf8829b057ef6c0d17638900a623b015fdd1ed377099d6bda8b370b16c4e3a,C,mpo_zipup,11,rzz,0.05,3,9,6,64,,21,21,commuting,1.00000000000004,1.00000000000004,0.0,3.0269177835822315e-14,0.9999999999999996,1.0000000000000198,7.394085344003543e-14,2.046860388478736e-14,0.11775091796880588,32,"[1, 2, 4, 8, 16, 32, 32, 32, 32, 8, 4, 2, 1]",8104,1.2290699680223865e-30,6.722777182430843e-29,1e-12
f28f99d2e2ef015dd0eaf80144d0e0b1eb7accf15e4502aff7f419fe066427bc,C,mpo_zipup,11,ryy,0.05,3,9,6,8,,21,21,mixed,0.21216203926274554,0.21216203926274554,0.7878379607372544,0.7740964551091394,0.9999999999999996,0.7214196670719549,0.9226013612919732,0.24873929677310355,0.002979289973154664,8,"[1, 2, 4, 8, 8, 8, 8, 8, 8, 8, 4, 2, 1]",936,0.013455676964147803,1.1156604218356616,1e-12
b18879e46bf836069ff0616190980b30fd14b805ee09b50304553b6864274ca7,C,mpo_zipup,11,ryy,0.05,3,9,6,16,,21,21,mixed,0.5332626167289742,0.5332626167289742,0.46673738327102576,0.578835714720778,0.9999999999999996,0.8919346587100423,0.3941346271226751,0.10582124571872477,0.0060326820239424706,16,"[1, 2, 4, 8, 16, 16, 16, 16, 16, 8, 4, 2, 1]",2728,0.005297432078083186,0.6081289686760111,1e-12
0a9e5ede3f4ede6980e659d0054787aae01cdedff3a2e415d3a6cda0fe159452,C,mpo_zipup,11,ryy,0.05,3,9,6,64,,21,21,mixed,0.8788192801320065,0.8788192801320065,0.1211807198679935,0.3536845630702766,0.9999999999999996,1.0000000000000027,0.12610119315689677,0.027605846538408703,0.2607290939777158,64,"[1, 2, 4, 8, 16, 32, 64, 64, 32, 8, 4, 2, 1]",18344,6.168994353115365e-33,8.651383080587467e-29,1e-12
87b6786337bf260ed2f865376f882a3227f4273b50354d594523343b2ff309d3,C,mpo_zipup,11,rzz,0.05,2,9,7,8,,22,22,commuting,0.47328345273283756,0.47328345273283756,0.5267165472671624,0.5899306382312614,0.9999999999999996,0.8508408490197937,0.5297777272217612,0.13743913539661612,0.0029804109944961965,8,"[1, 2, 4, 8, 8, 8, 8, 8, 8, 8, 4, 2, 1]",936,0.004379737154431514,0.5008131031701814,1e-12
b3159dfebd89e459c8aab181c26b484b8ce06dc598c8954acd278e753d6005d5,C,mpo_zipup,11,rzz,0.05,2,9,7,16,,22,22,commuting,0.7538058376282047,0.7538058376282047,0.24619416237179526,0.38499893448854616,0.9999999999999996,0.9405658025554267,0.22273372705032535,0.06667712652573772,0.005183763045351952,16,"[1, 2, 4, 8, 16, 16, 16, 16, 16, 8, 4, 2, 1]",2728,0.0004466557458861619,0.19969569396439724,1e-12
9625c63456c51cf5c9e383c9e1813b26da09e35d25324c92542257e8d5284d0d,C,mpo_zipup,11,rzz,0.05,2,9,7,64,,22,22,commuting,1.0000000000000453,1.0000000000000453,0.0,3.193446898603466e-14,0.9999999999999996,1.0000000000000222,8.348877145181177e-14,2.2760777167035864e-14,0.18664529896341264,32,"[1, 2, 4, 8, 16, 32, 32, 32, 32, 8, 4, 2, 1]",8104,4.193716044245302e-30,7.142148786855373e-29,1e-12
e5139e16c5b755ae6849b5e021cc1408ffd2ef0e6055ab6896705138eaf96847,C,mpo_zipup,11,rxx,0.05,2,9,7,8,,22,22,mixed,0.20986663490642665,0.20986663490642665,0.7901333650935733,0.7768216025752226,0.9999999999999996,0.7208854753043887,0.9240854531350713,0.24909079282395802,0.002938112011179328,8,"[1, 2, 4, 8, 8, 8, 8, 8, 8, 8, 4, 2, 1]",936,0.006911081332121743,1.1225715031677834,1e-12
609de47838632b7d1f5c8323a964f076fe29bb723751a4b8d3cadd1901c37b0e,C,mpo_zipup,11,rxx,0.05,2,9,7,16,,22,22,mixed,0.5314429985032622,0.5314429985032622,0.46855700149673785,0.580497834757202,0.9999999999999996,0.8916167773131617,0.39522171979540843,0.10625858451709512,0.009976120025385171,16,"[1, 2, 4, 8, 16, 16, 16, 16, 16, 8, 4, 2, 1]",2728,0.001215846276215222,0.6093448149522264,1e-12
8c0a6022a0e4357f2d73bdadfd6b979f3a6f565e1b8d238412de2b5d2963923a,C,mpo_zipup,11,rxx,0.05,2,9,7,64,,22,22,mixed,0.878819280132006,0.878819280132006,0.12118071986799395,0.3536845630702768,0.9999999999999996,1.000000000000002,0.12695809634379435,0.027596689019890337,0.4534209379926324,64,"[1, 2, 4, 8, 16, 32, 64, 64, 32, 8, 4, 2, 1]",18344,2.0106207671015525e-29,1.066200384768902e-28,1e-12
a59bdd5afa6229f2c8b559e6abb7ddb44994c21db09b492e09ffdb74e697afe4,C,mpo_zipup,11,rzz,0.05,2,8,6,8,,23,23,commuting,0.47240636905433564,0.47240636905433564,0.5275936309456644,0.591010711921097,0.9999999999999996,0.850840849019794,0.5297777272217592,0.13714389338573174,0.0030192810227163136,8,"[1, 2, 4, 8, 8, 8, 8, 8, 8, 8, 4, 2, 1]",936,2.431119538915906e-30,0.5008131031701814,1e-12
4238b45ab3eaa486fdee505352b35c7aa5be184bdcff9a0f7a5e1d46a0af3007,C,mpo_zipup,11,rzz,0.05,2,8,6,16,,23,23,commuting,0.754301324032659,0.754301324032659,0.24569867596734096,0.3842571808462073,0.9999999999999996,0.9405658025554258,0.22273372705032823,0.06659848181741132,0.005853297945577651,16,"[1, 2, 4, 8, 16, 16, 16, 16, 16, 8, 4, 2, 1]",2728,1.1452546695253294e-30,0.19969569396439724,1e-12
3ee56cd55f0406d926a545fc02dbd9194693f7e60ab190508fcd017e007306b2,C,mpo_zipup,11,rzz,0.05,2,8,6,64,,23,23,commuting,0.9987158627550075,0.9987158627550075,0.0012841372449925448,0.03584061609490139,0.9999999999999996,1.000000000000023,0.015498537682091834,0.003226605654142116,0.1787470779963769,32,"[1, 2, 4, 8, 16, 32, 32, 32, 16, 8, 4, 2, 1]",6824,1.8341920695795828e-30,7.325567993813331e-29,1e-12
a86dc821a4c1d71ed294df2fe05bd56c5a99189f294690b495e8fecda5fb3cd5,C,mpo_zipup,11,rzz,0.05,2,8,6,8,,23,23,mixed,0.20692354959960235,0.20692354959960235,0.7930764504003976,0.7804733056025673,0.9999999999999996,0.7203579565207683,0.9255598287918627,0.24895359973060335,0.002965375955682248,8,"[1, 2, 4, 8, 8, 8, 8, 8, 8, 8, 4, 2, 1]",936,0.0029861179616924435,1.125557621129476,1e-12
3d619f00293eec2c2ce3b7fd289e102544146b7e05f5889d51253b9917ce0434,C,mpo_zipup,11,rzz,0.05,2,8,6,16,,23,23,mixed,0.5258082992947705,0.5258082992947705,0.47419170070522954,0.5869897449088554,0.9999999999999996,0.8915210402473148,0.395553080462,0.10651692157784891,0.005585353006608784,16,"[1, 2, 4, 8, 16, 16, 16, 16, 16, 8, 4, 2, 1]",2728,0.0011269539395820493,0.6104717688918084,1e-12
5bd367b44140d591599e4c17173ac5f3df66eafadca1f657a4b0db7cb807f119,C,mpo_zipup,11,rzz,0.05,2,8,6,64,,23,23,mixed,0.8617276118402571,0.8617276118402571,0.13827238815974285,0.37870081039370246,0.9999999999999996,1.0000000000000036,0.14378397149072591,0.030078249864291546,0.4245341089554131,64,"[1, 2, 4, 8, 16, 32, 64, 64, 16, 8, 4, 2, 1]",16040,1.4598569920814905e-29,1.212186083977051e-28,1e-12
8f8f5b6ba9e878f4ac2de9e4c7b72a933dcd426d3f858c9dc08aa7dc9b4ce55f,C,mpo_zipup,11,rzz,0.05,3,9,6,8,,24,24,commuting,0.46754402720821564,0.46754402720821564,0.5324559727917844,0.5963171425393374,0.9999999999999996,0.850375186523341,0.5313073609849235,0.1379738841834708,0.002970575005747378,8,"[1, 2, 4, 8, 8, 8, 8, 8, 8, 8, 4, 2, 1]",936,0.004964725826803482,0.5057778289969849,1e-12
22d79f5670a5a2e4e086a56bff2084c65154ab502e0389b3520cd2796b33eea9,C,mpo_zipup,11,rzz,0.05,3,9,6,16,,24,24,commuting,0.7504672442457668,0.7504672442457668,0.24953275575423317,0.3895228729543412,0.9999999999999996,0.9403820071127815,0.22340227938727408,0.0669140340043824,0.006636515026912093,16,"[1, 2, 4, 8, 16, 16, 16, 16, 16, 8, 4, 2, 1]",2728,0.00047696259352911447,0.20017265655792635,1e-12
cb0ae46ca8c9a4c70e80d3b67e408e10d5908650af0a9a8e81ee5f43dabb1284,C,mpo_zipup,11,rzz,0.05,3,9,6,64,,24,24,commuting,1.0000000000000457,1.0000000000000457,0.0,3.2302779730393757e-14,0.9999999999999996,1.0000000000000222,8.282263763703668e-14,2.2590957709511314e-14,0.10188399301841855,32,"[1, 2, 4, 8, 16, 32, 32, 32, 32, 8, 4, 2, 1]",8104,1.4687381971717512e-30,7.472441813530505e-29,1e-12
f2238b62555e6895bca3eb856d8f9e1d46d1728efffdcc3cdbf09d523d17926d,C,mpo_zipup,11,ryy,0.05,3,9,6,8,,24,24,mixed,0.19948354166432283,0.19948354166432283,0.8005164583356772,0.7901978431709491,0.9999999999999996,0.7195027726915693,0.9279396634766504,0.2497315773577009,0.0029948129667900503,8,"[1, 2, 4, 8, 8, 8, 8, 8, 8, 8, 4, 2, 1]",936,0.010592567408992847,1.1361501885384688,1e-12
86e68477568e7cbf7eab9cc922fd1c9295e82eb000ba076a741d3411cf046cf9,C,mpo_zipup,11,ryy,0.05,3,9,6,16,,24,24,mixed,0.5082822490014431,0.5082822490014431,0.49171775099855686,0.6063952691125359,0.9999999999999996,0.8908386760835426,0.39790631338859206,0.10740901229270627,0.0031641650130040944,16,"[1, 2, 4, 8, 16, 16, 16, 16, 16, 8, 4, 2, 1]",2728,0.002767013931790638,0.6132387828235991,1e-12
45791f61472935ed5cf6949ebc95e7d3a0c539180c60e005c6ac84d6922e3515,C,mpo_zipup,11,ryy,0.05,3,9,6,64,,24,24,mixed,0.8449405303948048,0.8449405303948048,0.15505946960519523,0.40197893533741164,0.9999999999999996,1.0000000000000033,0.14378397149072622,0.03194212180353242,0.27077629300765693,64,"[1, 2, 4, 8, 16, 32, 64, 64, 32, 8, 4, 2, 1]",18344,6.168994353115365e-33,1.2122477739205822e-28,1e-12
9f0d78d5e3d02414cf8c624068b7bb9d31ed49a156ca11aefcb578b2fee4fadf,C,mpo_zipup,11,rzz,0.05,2,9,7,8,,25,25,commuting,0.4604159324463698,0.4604159324463698,0.5395840675536302,0.6041888786651628,0.9999999999999996,0.8497783935228277,0.5332699801218135,0.13914805499816646,0.003027253958862275,8,"[1, 2, 4, 8, 8, 8, 8, 8, 8, 8, 4, 2, 1]",936,0.0039036191828407804,0.5096814481798256,1e-12
ed613a85b9713c1562189a46b68eab371ca96f018eb7dd2abc725da8f06af449,C,mpo_zipup,11,rzz,0.05,2,9,7,16,,25,25,commuting,0.7481364862774464,0.7481364862774464,0.25186351372255356,0.39260188730587575,0.9999999999999996,0.9402307753348096,0.22394929946047704,0.06706463058318747,0.011857114033773541,16,"[1, 2, 4, 8, 16, 16, 16, 16, 16, 8, 4, 2, 1]",2728,0.0003749653642965298,0.2005476219222229,1e-12
58c2f6e877a04cbd22f960ea150da3f1f75425a888a11713fa7e391e5e652a1c,C,mpo_zipup,11,rzz,0.05,2,9,7,64,,25,25,commuting,1.000000000000044,1.000000000000044,0.0,3.194990097107672e-14,0.9999999999999996,1.0000000000000215,8.104628079763643e-14,2.2047797620564332e-14,0.19717062695417553,32,"[1, 2, 4, 8, 16, 32, 32, 32, 32, 8, 4, 2, 1]",8104,5.622803844699307e-30,8.034722198000435e-29,1e-12
a7ae3bae511d695adf3b1446786a7c5dfa640dcc55956fe9d963efadb98b32fa,C,mpo_zipup,11,rxx,0.05,2,9,7,8,,25,25,mixed,0.19816370028268193,0.19816370028268193,0.8018362997173181,0.7916882499207607,0.9999999999999996,0.7190840816848684,0.9290983732585911,0.2500247770484782,0.00294058199506253,8,"[1, 2, 4, 8, 8, 8, 8, 8, 8, 8, 4, 2, 1]",936,0.005885672692584247,1.142035861231053,1e-12
766c9d1a1767ceff233420400ca630e93b7f501b8cf561d519c569716ab69230,C,mpo_zipup,11,rxx,0.05,2,9,7,16,,25,25,mixed,0.5064161503748547,0.5064161503748547,0.49358384962514534,0.6081809967893349,0.9999999999999996,0.890585520844818,0.3987722436166947,0.1078181603890106,0.004406747000757605,16,"[1, 2, 4, 8, 16, 16, 16, 16, 16, 8, 4, 2, 1]",2728,0.0008739591831641683,0.6141127420067634,1e-12
05b28a36fa8c6a490d2dbc8c7a5ef3860efb5cd97fef65cab130fe1a7ab221bf,C,mpo_zipup,11,rxx,0.05,2,9,7,64,,25,25,mixed,0.8449405303948051,0.8449405303948051,0.1550594696051949,0.40197893533741175,0.9999999999999996,1.0000000000000036,0.14455614907444803,0.031911418574082674,0.31454633601242676,64,"[1, 2, 4, 8, 16, 32, 64, 64, 32, 8, 4, 2, 1]",18344,2.375469121823418e-29,1.449794686102924e-28,1e-12
2ffbdf4058bc7b326c5bb5bf8fde3e669fac66d883dba7d6322fe09771b5268b,C,mpo_zipup,11,rzz,0.05,2,8,6,8,,26,26,commuting,0.4595110964650063,0.4595110964650063,0.5404889035349937,0.6052919643001978,0.9999999999999996,0.8497783935228281,0.5332699801218133,0.13882625898904405,0.002922791987657547,8,"[1, 2, 4, 8, 8, 8, 8, 8, 8, 8, 4, 2, 1]",936,1.708249479453104e-30,0.5096814481798256,1e-12
15f5f69bd31d1f768a72a85e866561591835bafc49a770c7a4539542a55294bb,C,mpo_zipup,11,rzz,0.05,2,8,6,16,,26,26,commuting,0.7486334584799106,0.7486334584799106,0.2513665415200894,0.39186958159406265,0.9999999999999996,0.9402307753348103,0.2239492994604757,0.06695719039858787,0.00793398602399975,16,"[1, 2, 4, 8, 16, 16, 16, 16, 16, 8, 4, 2, 1]",2728,3.261358571503377e-30,0.2005476219222229,1e-12
b438068d945890be0fe830a1c3ec2245683681a89f1b005d8deb5ac5affb289a,C,mpo_zipup,11,rzz,0.05,2,8,6,64,,26,26,commuting,0.9987158627550035,0.9987158627550035,0.0012841372449965416,0.035840616094900864,0.9999999999999996,1.0000000000000209,0.014818195633600484,0.003298471537292934,0.27938439999707043,32,"[1, 2, 4, 8, 16, 32, 32, 32, 16, 8, 4, 2, 1]",6824,1.8885226812396283e-30,8.223574466124398e-29,1e-12
1fbde6194a7071720fecd0c2c61d2204fc88a19e3e2eda87fa22077575771687,C,mpo_zipup,11,rzz,0.05,2,8,6,8,,26,26,mixed,0.19489975931512282,0.19489975931512282,0.8051002406848772,0.7959129246432188,0.9999999999999996,0.7186281657547184,0.9303700954833631,0.24982869359746057,0.0031215579947456717,8,"[1, 2, 4, 8, 8, 8, 8, 8, 8, 8, 4, 2, 1]",936,0.0023208262334366283,1.1443566874644897,1e-12
e1203c8e6ae89e93720e43076c87c9486c01229b354d1b62358cb55eba69e535,C,mpo_zipup,11,rzz,0.05,2,8,6,16,,26,26,mixed,0.4999851552324863,0.4999851552324863,0.5000148447675137,0.6154898960389136,0.9999999999999996,0.8905169176785547,0.399009655204589,0.1080697476001195,0.008821351977530867,16,"[1, 2, 4, 8, 16, 16, 16, 16, 16, 8, 4, 2, 1]",2728,0.0007062941658197788,0.6148190361725832,1e-12
4d6e0fafffc757560bdf211ee552a68007c4b0c0841ead1f8fdb42a39206eeae,C,mpo_zipup,11,rzz,0.05,2,8,6,64,,26,26,mixed,0.8263943721262998,0.8263943721262998,0.17360562787370015,0.42646838390061714,0.9999999999999996,1.0000000000000042,0.16110004496314387,0.034399898292964914,0.3307458549970761,64,"[1, 2, 4, 8, 16, 32, 64, 64, 16, 8, 4, 2, 1]",16040,1.7950551288662438e-29,1.6293001989895484e-28,1e-12
7ae97178e4dfc08345bcf12fbde210dbc0a3db2a3f7738780e70bf76dbb00115,C,mpo_zipup,11,rzz,0.05,3,9,6,8,,27,27,commuting,0.4549710411088856,0.4549710411088856,0.5450289588911144,0.6102430785555363,0.9999999999999996,0.8493688474676451,0.5346101140530632,0.13962270526770773,0.0029891839949414134,8,"[1, 2, 4, 8, 8, 8, 8, 8, 8, 8, 4, 2, 1]",936,0.004404778605176904,0.5140862267850025,1e-12
cfb6c975086e474202039e572d30307ba63f175dc8b7d4aee818b847a2e91687,C,mpo_zipup,11,rzz,0.05,3,9,6,16,,27,27,commuting,0.7450206557037538,0.7450206557037538,0.25497934429624625,0.396765015490897,0.9999999999999996,0.9400606674947366,0.22456863430640106,0.0672702691536339,0.003957756038289517,16,"[1, 2, 4, 8, 16, 16, 16, 16, 16, 8, 4, 2, 1]",2728,0.00040754227076982615,0.20095516419299272,1e-12
5b37844d648ffed135cdf46e4c364bf68dd180ee077d1a32ba2b284f618a9d0d,C,mpo_zipup,11,rzz,0.05,3,9,6,64,,27,27,commuting,1.0000000000000435,1.0000000000000435,0.0,3.184430168660157e-14,0.9999999999999996,1.0000000000000213,7.971401316808624e-14,2.1505850038897918e-14,0.10608330700779334,32,"[1, 2, 4, 8, 16, 32, 32, 32, 32, 8, 4, 2, 1]",8104,2.3218835558443855e-30,8.455762821708837e-29,1e-12
2cc66e80369f23a60620fe6d90810f0298641045f13d9cacb6555e188d9c18ba,C,mpo_zipup,11,ryy,0.05,3,9,6,8,,27,27,mixed,0.18857852122051488,0.18857852122051488,0.8114214787794851,0.8043437184987119,0.9999999999999996,0.7179703251899462,0.9321959331482381,0.250397657304728,0.0029745650244876742,8,"[1, 2, 4, 8, 8, 8, 8, 8, 8, 8, 4, 2, 1]",936,0.008781128895031617,1.1531378163595214,1e-12
91a249c2970b79aa97d93d4bee87b365c5ff63a82aa54eb872c3ec431e0c564b,C,mpo_zipup,11,ryy,0.05,3,9,6,16,,27,27,mixed,0.4838418340759908,0.4838418340759908,0.5161581659240092,0.6333273562774399,0.9999999999999996,0.890100187942793,0.40044672979746876,0.10880868245944805,0.02039876696653664,16,"[1, 2, 4, 8, 16, 16, 16, 16, 16, 8, 4, 2, 1]",2728,0.001460726092280539,0.6162797622648637,1e-12
bb670c62bc74822d811430487c951cd5669f3b1acbe07839e243c84a34ccad20,C,mpo_zipup,11,ryy,0.05,3,9,6,64,,27,27,mixed,0.8082426524560635,0.8082426524560635,0.19175734754393647,0.44939255513439985,0.9999999999999996,1.0000000000000027,0.16110004496314445,0.036367079465025605,0.32940712897107005,64,"[1, 2, 4, 8, 16, 32, 64, 64, 32, 8, 4, 2, 1]",18344,6.168994353115365e-33,1.6293618889330795e-28,1e-12
9b9ebf3ef12b4d25cd2167ae0f0e9199271b0f369d8eaf0234e1bccb8375d760,C,mpo_zipup,11,rzz,0.05,2,9,7,8,,28,28,commuting,0.4480921421102668,0.4480921421102668,0.5519078578897332,0.6178194690844921,0.9999999999999996,0.8488195305036972,0.5364106784632796,0.14076494691562397,0.0029187999898567796,8,"[1, 2, 4, 8, 8, 8, 8, 8, 8, 8, 4, 2, 1]",936,0.003449479950003509,0.517535706735006,1e-12
83f323d27a5b21c3e051978f29872e43f8c18f3f44f5f9d12a77da72a776837e,C,mpo_zipup,11,rzz,0.05,2,9,7,16,,28,28,commuting,0.7428898800553743,0.7428898800553743,0.25711011994462574,0.3995422965793446,0.9999999999999996,0.9399229989975212,0.2250670638237644,0.06741312540245492,0.003917157999239862,16,"[1, 2, 4, 8, 16, 16, 16, 16, 16, 8, 4, 2, 1]",2728,0.0003233914350109123,0.20127855562800365,1e-12
ed0a3bc6d8949d82eae475800b34b23d72c9a14e408861f11129af5f48ed5db3,C,mpo_zipup,11,rzz,0.05,2,9,7,64,,28,28,commuting,1.0000000000000497,1.0000000000000497,0.0,3.406999337160588e-14,0.9999999999999996,1.0000000000000238,8.859579736508749e-14,2.4255495118007333e-14,0.18106682697543874,32,"[1, 2, 4, 8, 16, 32, 32, 32, 32, 8, 4, 2, 1]",8104,5.9859922348695335e-30,9.054362045195791e-29,1e-12
7c835f025a1ca67638267661c04481a39ab25e38a6016392bed5c0b2f036a83b,C,mpo_zipup,11,rxx,0.05,2,9,7,8,,28,28,mixed,0.18788101528050793,0.18788101528050793,0.8121189847194921,0.8050284422215139,0.9999999999999996,0.7176180509901472,0.9331688983583386,0.25067558324563816,0.0032292460091412067,8,"[1, 2, 4, 8, 8, 8, 8, 8, 8, 8, 4, 2, 1]",936,0.004973703987586174,1.1581115203471075,1e-12
1b3af2f7508c00123f3bd2c2af492e2e3f19e23bb972f6d60dc8f0856b3647d4,C,mpo_zipup,11,rxx,0.05,2,9,7,16,,28,28,mixed,0.48204163945170003,0.48204163945170003,0.5179583605483,0.6350836789764583,0.9999999999999996,0.8898964272173162,0.4011444464043723,0.10917339516686177,0.0050394259742461145,16,"[1, 2, 4, 8, 16, 16, 16, 16, 16, 8, 4, 2, 1]",2728,0.0006449508644983172,0.616924713129362,1e-12
89caa57aa9e3a06a81e6e04867301fe6b8df77413bc68d8abe06bdce1e50b439,C,mpo_zipup,11,rxx,0.05,2,9,7,64,,28,28,mixed,0.8082426524560641,0.8082426524560641,0.19175734754393592,0.4493925551344006,0.9999999999999996,1.0000000000000033,0.16173329965233896,0.036311125261007424,0.41799281298881397,64,"[1, 2, 4, 8, 16, 32, 64, 64, 32, 8, 4, 2, 1]",18344,3.194052601523502e-29,1.9487671490854298e-28,1e-12
5a9d0368a028b01df6905f0d13ce160ea232d902731ea584699a33d15a6a142e,C,mpo_zipup,11,rzz,0.05,2,8,6,8,,29,29,commuting,0.44714639794700656,0.44714639794700656,0.5528536020529935,0.6189624164402047,0.9999999999999996,0.8488195305036983,0.5364106784632758,0.14042024397852532,0.0029014739557169378,8,"[1, 2, 4, 8, 8, 8, 8, 8, 8, 8, 4, 2, 1]",936,6.357147252034624e-30,0.517535706735006,1e-12
626501b3c19379e03887ddc1126651ba0d599114653452edf27fd9157e885c7d,C,mpo_zipup,11,rzz,0.05,2,8,6,16,,29,29,commuting,0.7433796534300833,0.7433796534300833,0.2566203465699167,0.39883066441659926,0.9999999999999996,0.9399229989975214,0.22506706382376507,0.06727652774380599,0.0042923850123770535,16,"[1, 2, 4, 8, 16, 16, 16, 16, 16, 8, 4, 2, 1]",2728,1.1072969222991238e-30,0.20127855562800365,1e-12
8acd0657e4e666b550ff9a923658b1299eddebd40d332a00baf40327b9713d6a,C,mpo_zipup,11,rzz,0.05,2,8,6,64,,29,29,commuting,0.9987158627550088,0.9987158627550088,0.0012841372449912125,0.035840616094900496,0.9999999999999996,1.0000000000000233,0.014061146829607601,0.003372464212161282,0.168520308972802,32,"[1, 2, 4, 8, 16, 32, 32, 32, 16, 8, 4, 2, 1]",6824,1.3039711244628607e-30,9.184759157642077e-29,1e-12
9ddf6afe2a96d6328aa642ce35e30dc942dbbbba980fcd50e679f1902de5cdfa,C,mpo_zipup,11,rzz,0.05,2,8,6,8,,29,29,mixed,0.18428959921810795,0.18428959921810795,0.815710400781892,0.8097873949947688,0.9999999999999996,0.7171714682639061,0.9344123641771078,0.2504841688411753,0.0032443689997307956,8,"[1, 2, 4, 8, 8, 8, 8, 8, 8, 8, 4, 2, 1]",936,0.00208730601242661,1.1601988263595342,1e-12
b9d5bceb3c17f84681dc8863ea2b598b5d363e52b491de66ddc3f17c0a61a074,C,mpo_zipup,11,rzz,0.05,2,8,6,16,,29,29,mixed,0.4748298986624304,0.4748298986624304,0.5251701013375696,0.6431869012610671,0.9999999999999996,0.8898580977334363,0.4012769429697489,0.10941462682680664,0.006993384973611683,16,"[1, 2, 4, 8, 16, 16, 16, 16, 16, 8, 4, 2, 1]",2728,0.0003455961269857772,0.6172703092563478,1e-12
71cbe72b806b37ec89a8f8e66d60aff25e7b11daa2bb002c6e2460a5d7ec000e,C,mpo_zipup,11,rzz,0.05,2,8,6,64,,29,29,mixed,0.7885120376194061,0.7885120376194061,0.21148796238059386,0.4733244067619922,0.9999999999999996,1.0000000000000029,0.17795550366367097,0.03880625023666996,0.6611537399585359,64,"[1, 2, 4, 8, 16, 32, 64, 64, 16, 8, 4, 2, 1]",16040,2.335987331590133e-29,2.182365882244443e-28,1e-12
738fc6173b79719bb545f165097c6b41371655c92bbeca480a26b1a2e2c6c305,C,mpo_zipup,11,rzz,0.05,3,9,6,8,,30,30,commuting,0.44297645970669636,0.44297645970669636,0.5570235402933037,0.62351347495168,0.9999999999999996,0.848468377961308,0.5375555054781342,0.14117247919133563,0.002972727990709245,8,"[1, 2, 4, 8, 8, 8, 8, 8, 8, 8, 4, 2, 1]",936,0.003813905331102756,0.5213496120661087,1e-12
dab5901fa23ed23d338d1509f50914ede099caa4800773acfc0203fd14bfc7b1,C,mpo_zipup,11,rzz,0.05,3,9,6,16,,30,30,commuting,0.7399389446272127,0.7399389446272127,0.26006105537278734,0.40343751104250497,0.9999999999999996,0.9397637478810547,0.22564746817357406,0.0675993883407199,0.003970428020693362,16,"[1, 2, 4, 8, 16, 16, 16, 16, 16, 8, 4, 2, 1]",2728,0.00035620276888409687,0.20163475839688774,1e-12
668f1c2ae3340332c1334aa32dba9fcdc8f58004ef6713dc5e11b0eea3284458,C,mpo_zipup,11,rzz,0.05,3,9,6,64,,30,30,commuting,1.0000000000000515,1.0000000000000515,0.0,3.59209683424823e-14,0.9999999999999996,1.0000000000000253,9.43689570931383e-14,2.536991592520538e-14,0.14015518897213042,32,"[1, 2, 4, 8, 16, 32, 32, 32, 32, 8, 4, 2, 1]",8104,1.6157533727252595e-30,9.346334494914603e-29,1e-12
bc3c675d5faa30884c0d3c42c60fb162a4874428d0d66625901bde4bc9e4b099,C,mpo_zipup,11,ryy,0.05,3,9,6,8,,30,30,mixed,0.17878697033697843,0.17878697033697843,0.8212130296630216,0.817049724277198,0.9999999999999996,0.7164038091460754,0.9365433991578167,0.2511295805792075,0.0029744699713774025,8,"[1, 2, 4, 8, 8, 8, 8, 8, 8, 8, 4, 2, 1]",936,0.0070171829188368316,1.167216009278371,1e-12
80ccb7a9e0a31ba15f0c1690ec146cf93ba37727f7fd9b8d8599f812000eb921,C,mpo_zipup,11,ryy,0.05,3,9,6,16,,30,30,mixed,0.45961759155134985,0.45961759155134985,0.5403824084486502,0.6598698121730819,0.9999999999999996,0.8895674330342762,0.40228030635359024,0.11011330621747584,0.0057884519919753075,16,"[1, 2, 4, 8, 16, 16, 16, 16, 16, 8, 4, 2, 1]",2728,0.0008044772723243051,0.6180747865286722,1e-12
4847a8d734eb80b4028dd1ad38d6da8321670b50a40d9e9fe885d4d83404f74e,C,mpo_zipup,11,ryy,0.05,3,9,6,64,,30,30,mixed,0.7692676088252494,0.7692676088252494,0.23073239117475064,0.4958245236860959,0.9999999999999996,1.0000000000000033,0.17795550366367144,0.04087343625942823,0.26762300997506827,64,"[1, 2, 4, 8, 16, 32, 64, 64, 32, 8, 4, 2, 1]",18344,6.168994353115365e-33,2.182427572187974e-28,1e-12
d1290ec6dd6c8d493f2cc22ce9bd0d95257a122535128c7d671fe4d5ee7891e1,C,mpo_zipup,11,rzz,0.05,2,9,7,8,,31,31,commuting,0.4363894017195971,0.4363894017195971,0.5636105982804029,0.6307587530344888,0.9999999999999996,0.8479694135698899,0.5391863546244715,0.14226239188457956,0.0029686630005016923,8,"[1, 2, 4, 8, 8, 8, 8, 8, 8, 8, 4, 2, 1]",936,0.0029165981623458922,0.5242662102284547,1e-12
55ab2ec211159d6bbc6fcf0170b030f155fa4d115ba4baed430a13911d921f7f,C,mpo_zipup,11,rzz,0.05,2,9,7,16,,31,31,commuting,0.7380120356900007,0.7380120356900007,0.26198796430999927,0.4059112400753617,0.9999999999999996,0.9396363512053146,0.22610926282610344,0.06772865065490795,0.003995748003944755,16,"[1, 2, 4, 8, 16, 16, 16, 16, 16, 8, 4, 2, 1]",2728,0.0002833627999550767,0.20191812119684283,1e-12
546f2d80e3f297d674cfc8e91aca4ae0a30a8e8765b01588364c8244610dbaf8,C,mpo_zipup,11,rzz,0.05,2,9,7,64,,31,31,commuting,1.000000000000055,1.000000000000055,0.0,3.763025619704709e-14,0.9999999999999996,1.0000000000000266,1.0014211682118912e-13,2.7034138559354862e-14,0.2019847320043482,32,"[1, 2, 4, 8, 16, 32, 32, 32, 32, 8, 4, 2, 1]",8104,5.238472407818401e-30,9.870181735696444e-29,1e-12
542f5fefbf8ace6e3621d0ef1b90bd1248697206991b51e0505943ee1a280b23,C,mpo_zipup,11,rxx,0.05,2,9,7,8,,31,31,mixed,0.17859302735089688,0.17859302735089688,0.8214069726491031,0.8171228016904954,0.9999999999999996,0.7161669067100307,0.9371957645144753,0.2512730124363513,0.002996948955114931,8,"[1, 2, 4, 8, 8, 8, 8, 8, 8, 8, 4, 2, 1]",936,0.003732394130747375,1.1709484034091182,1e-12
7b9909455bea61a72735605b70b3351e2b7bc819c96e710429524aef20e6ed97,C,mpo_zipup,11,rxx,0.05,2,9,7,16,,31,31,mixed,0.4579601833672536,0.4579601833672536,0.5420398166327465,0.6614832926055808,0.9999999999999996,0.8893903844263891,0.4028876355289115,0.11044226956287771,0.01806844095699489,16,"[1, 2, 4, 8, 16, 16, 16, 16, 16, 8, 4, 2, 1]",2728,0.0005050834157825161,0.6185798699444547,1e-12
351b6fa4d64863a7f63fb7f184824284b177af9d9c0873f2e989aa27ba873c24,C,mpo_zipup,11,rxx,0.05,2,9,7,64,,31,31,mixed,0.7692676088252491,0.7692676088252491,0.23073239117475086,0.4958245236860965,0.9999999999999996,1.0000000000000029,0.17839599575115803,0.04078907338633327,0.3299579640151933,64,"[1, 2, 4, 8, 16, 32, 64, 64, 32, 8, 4, 2, 1]",18344,3.122093519344498e-29,2.494636924122424e-28,1e-12
e6c8f9d1eda1cdf2299c91cde0c85fca264d5e35489ae4c4c2195ac457d4073a,C,mpo_zipup,11,rzz,0.05,2,8,6,8,,32,32,commuting,0.4353940511426764,0.4353940511426764,0.5646059488573236,0.6319526936132697,0.9999999999999996,0.8479694135698905,0.53918635462447,0.14189831877557652,0.00290933798532933,8,"[1, 2, 4, 8, 8, 8, 8, 8, 8, 8, 4, 2, 1]",936,6.430391922190601e-30,0.5242662102284547,1e-12
2f4c6488370177c957b533f3b16e78501f6315c96501b4dcb5f8f0657b9aaf44,C,mpo_zipup,11,rzz,0.05,2,8,6,16,,32,32,commuting,0.7384892002429224,0.7384892002429224,0.2615107997570776,0.40522658534080397,0.9999999999999996,0.9396363512053162,0.2261092628260981,0.06756240455804623,0.0065974529716186225,16,"[1, 2, 4, 8, 16, 16, 16, 16, 16, 8, 4, 2, 1]",2728,1.764560914629061e-30,0.20191812119684283,1e-12
197d2ef05c92304cf173962e18a3e6bb1cf6c5e19f1805985405fc527d46a056,C,mpo_zipup,11,rzz,0.05,2,8,6,64,,32,32,commuting,0.9987158627550141,0.9987158627550141,0.0012841372449858834,0.035840616094901544,0.9999999999999996,1.000000000000026,0.014107140256345074,0.0034470584941239885,0.17177254799753428,32,"[1, 2, 4, 8, 16, 32, 32, 32, 16, 8, 4, 2, 1]",6824,2.273523968108746e-30,1.0097534132507318e-28,1e-12
53cc497b2c9be8cd98358d849562d86e382e04c88d33cdda7e7b204c7660734a,C,mpo_zipup,11,rzz,0.05,2,8,6,8,,32,32,mixed,0.17449033700158084,0.17449033700158084,0.8255096629984191,0.8226565023182892,0.9999999999999996,0.7156846591906084,0.9385357419357907,0.251178838115938,0.0029528100276365876,8,"[1, 2, 4, 8, 8, 8, 8, 8, 8, 8, 4, 2, 1]",936,0.002309197374288782,1.173257600783407,1e-12
e2b3cd92148615974c5f66592cfbca7c3c2947691a47198f1e8854b80c7da5bb,C,mpo_zipup,11,rzz,0.05,2,8,6,16,,32,32,mixed,0.4501449340287365,0.4501449340287365,0.5498550659712635,0.6701735985744262,0.9999999999999996,0.889375891412645,0.4029376691949711,0.1106803162435859,0.009476985957007855,16,"[1, 2, 4, 8, 16, 16, 16, 16, 16, 8, 4, 2, 1]",2728,0.00011620139129830307,0.618696071335753,1e-12
65db90641df627cb4c63c24b7a7881aedb8831321a54cb61741249ca48210264,C,mpo_zipup,11,rzz,0.05,2,8,6,64,,32,32,mixed,0.748630528933869,0.748630528933869,0.25136947106613095,0.51916398558617,0.9999999999999996,1.000000000000005,0.19425818298951983,0.04328941691965966,0.22861420002300292,64,"[1, 2, 4, 8, 16, 32, 64, 64, 16, 8, 4, 2, 1]",16040,2.2365892507865157e-29,2.7182958492010756e-28,1e-12
30b4db12d1ea7cd538f91a35ae26cfdb04146ac038436f54a4122a4460470216,C,mpo_zipup,11,rzz,0.05,3,9,6,8,,33,33,commuting,0.4315758472521968,0.4315758472521968,0.5684241527478032,0.6361405733258408,0.9999999999999996,0.8476812376769579,0.540122996410177,0.14260054420620913,0.002945706946775317,8,"[1, 2, 4, 8, 8, 8, 8, 8, 8, 8, 4, 2, 1]",936,0.003079044041814609,0.5273452542702692,1e-12
10988c3cd7e2f3c4d4e7f1325d466bc49bf9a198eff2f35e5cc57a09ca805351,C,mpo_zipup,11,rzz,0.05,3,9,6,16,,33,33,commuting,0.7351940878255274,0.7351940878255274,0.2648059121744726,0.4095938609354357,0.9999999999999996,0.9394872668418245,0.2266531104474685,0.0679061936074777,0.005696077016182244,16,"[1, 2, 4, 8, 16, 16, 16, 16, 16, 8, 4, 2, 1]",2728,0.0003163227323957696,0.2022344439292386,1e-12
8330b45ad0b1501d0d44992d8e9a5bf150952239093ee7112ef7257a1daa17be,C,mpo_zipup,11,rzz,0.05,3,9,6,64,,33,33,commuting,1.000000000000056,1.000000000000056,0.0,3.910108346521697e-14,0.9999999999999996,1.000000000000027,1.0014211682118912e-13,2.746088988089364e-14,0.11305052001262084,32,"[1, 2, 4, 8, 16, 32, 32, 32, 32, 8, 4, 2, 1]",8104,2.0080304176765122e-30,1.029833717427497e-28,1e-12
00a93243a783dda0f03eec4e2a3102cb35e374f493118a807eefc0ca006ec762,C,mpo_zipup,11,ryy,0.05,3,9,6,8,,33,33,mixed,0.16945654386713302,0.16945654386713302,0.830543456132867,0.8295848512425908,0.9999999999999996,0.7152013847255595,0.9398755284395564,0.25167742390186226,0.0030282019870355725,8,"[1, 2, 4, 8, 8, 8, 8, 8, 8, 8, 4, 2, 1]",936,0.004442624413413249,1.1777002251968203,1e-12
20521a77d4547f12a0ae83f2d2d4fd205dbd83203de41924e6fec33554bac2b4,C,mpo_zipup,11,ryy,0.05,3,9,6,16,,33,33,mixed,0.43562759964659714,0.43562759964659714,0.5643724003534029,0.6859554250617905,0.9999999999999996,0.8891437803615835,0.40373955047280163,0.1114023274024553,0.005052566004451364,16,"[1, 2, 4, 8, 16, 16, 16, 16, 16, 8, 4, 2, 1]",2728,0.0005164373319040298,0.6192125086676571,1e-12
da12c7b0b9cb84015360da212fc77f7aafd85206da018daf004b75ec9352b1a5,C,mpo_zipup,11,ryy,0.05,3,9,6,64,,33,33,mixed,0.7285706360600266,0.7285706360600266,0.2714293639399734,0.5411774335760506,0.9999999999999996,1.0000000000000067,0.19425818298951997,0.04545246654841956,0.6326999340089969,64,"[1, 2, 4, 8, 16, 32, 64, 64, 32, 8, 4, 2, 1]",18344,6.168994353115365e-33,2.7183575391446068e-28,1e-12
d6ae8c35f3917c3d7db69a05992afebd720bdaf0f58d15b097de6902e7d15099,C,mpo_zipup,11,rzz,0.05,2,9,7,8,,34,34,commuting,0.42542507156795556,0.42542507156795556,0.5745749284320445,0.6429264137234361,0.9999999999999996,0.8472583558579316,0.5415023008931179,0.1435916297312504,0.0029790240223519504,8,"[1, 2, 4, 8, 8, 8, 8, 8, 8, 8, 4, 2, 1]",936,0.0022045936852552505,0.5295498479555245,1e-12
cccc06402517ca062e2e964ce2ad196e4d4607b593d0c07229dfa02425ecc672,C,mpo_zipup,11,rzz,0.05,2,9,7,16,,34,34,commuting,0.7334809543972572,0.7334809543972572,0.26651904560274275,0.4117557192325394,0.9999999999999996,0.9393683117208226,0.22708484105716442,0.06801552573720793,0.004617096041329205,16,"[1, 2, 4, 8, 16, 16, 16, 16, 16, 8, 4, 2, 1]",2728,0.0002511425536286306,0.2024855864828672,1e-12
644d3ff3d0909744764f7aeda9723d9f6b2b88f5ac03b54cbb85d3bcffbfc271,C,mpo_zipup,11,rzz,0.05,2,9,7,64,,34,34,commuting,1.000000000000055,1.000000000000055,0.0,3.914361234454441e-14,0.9999999999999996,1.0000000000000264,9.769962616701378e-14,2.6619562733769483e-14,0.19496182299917564,32,"[1, 2, 4, 8, 16, 32, 32, 32, 32, 8, 4, 2, 1]",8104,4.480559262501e-30,1.074639310052507e-28,1e-12
ec506656177d819bd795cf75fe8ff1dec33c3091d2a1170f1bf686240f2625e2,C,mpo_zipup,11,rxx,0.05,2,9,7,8,,34,34,mixed,0.16959682902381676,0.16959682902381676,0.8304031709761832,0.8292388517980377,0.9999999999999996,0.7150383099970619,0.9403235306509314,0.25177936215439295,0.0029744350467808545,8,"[1, 2, 4, 8, 8, 8, 8, 8, 8, 8, 4, 2, 1]",936,0.0028085874180367536,1.180508812614857,1e-12
89b9d7cc4f360d10e3fa04dcbc2999caab6ca7ac4013dde07fc0a50f6ac04415,C,mpo_zipup,11,rxx,0.05,2,9,7,16,,34,34,mixed,0.4341167994604061,0.4341167994604061,0.565883200539594,0.6874102916677082,0.9999999999999996,0.8889790319872668,0.40430565749183733,0.11169887989186081,0.016552568995393813,16,"[1, 2, 4, 8, 16, 16, 16, 16, 16, 8, 4, 2, 1]",2728,0.0004244444354795125,0.6196369531031366,1e-12
0f7ff6a4becc17eb31e73af95ebf124e38dcdc3d7ef21c377fe7e0c59ad921d3,C,mpo_zipup,11,rxx,0.05,2,9,7,64,,34,34,mixed,0.7285706360600257,0.7285706360600257,0.2714293639399743,0.5411774335760512,0.9999999999999996,1.0000000000000062,0.1944529201851835,0.04533709425314096,0.319281272997614,64,"[1, 2, 4, 8, 16, 32, 64, 64, 32, 8, 4, 2, 1]",18344,3.493630230901558e-29,3.0677205622347623e-28,1e-12
21afd31ab110db2dee4a62355ff7bac6e0870702608bcbb0f2926446d779b807,C,mpo_zipup,11,rzz,0.05,2,8,6,8,,35,35,commuting,0.4243785756457726,0.4243785756457726,0.5756214243542275,0.6441737426156742,0.9999999999999996,0.8472583558579329,0.541502300893113,0.14321147926946773,0.0029595159576274455,8,"[1, 2, 4, 8, 8, 8, 8, 8, 8, 8, 4, 2, 1]",936,6.253311691504392e-30,0.5295498479555245,1e-12
26fe36ea45b38cfb55b90738d6cc3ffac774204d94d93271cdf319b60472d228,C,mpo_zipup,11,rzz,0.05,2,8,6,16,,35,35,commuting,0.7339425378914389,0.7339425378914389,0.26605746210856107,0.4111008367008171,0.9999999999999996,0.9393683117208224,0.2270848410571653,0.06781915809352626,0.008052680001128465,16,"[1, 2, 4, 8, 16, 16, 16, 16, 16, 8, 4, 2, 1]",2728,2.8606305408003144e-30,0.2024855864828672,1e-12
deda863935506c1b257c7baec2998d58b58245509ff1e9c4f6c9f0080774e58e,C,mpo_zipup,11,rzz,0.05,2,8,6,64,,35,35,commuting,0.9987158627550137,0.9987158627550137,0.0012841372449863275,0.035840616094901065,0.9999999999999996,1.0000000000000255,0.014717962549974928,0.003520902636185994,0.20946253999136388,32,"[1, 2, 4, 8, 16, 32, 32, 32, 16, 8, 4, 2, 1]",6824,1.398645582117758e-30,1.0886257658736844e-28,1e-12
d52a3f96860f317ac0340fefe8fbd00e7b6698486d09a6956bbdb38dedf4f014,C,mpo_zipup,11,rzz,0.05,2,8,6,8,,35,35,mixed,0.16552329500051702,0.16552329500051702,0.834476704999483,0.8349474861762708,0.9999999999999996,0.7147225955306458,0.9411992648580818,0.2516250903129229,0.002339020953513682,8,"[1, 2, 4, 8, 8, 8, 8, 8, 8, 8, 4, 2, 1]",936,0.0013022241301676458,1.1818110367450247,1e-12
c03f95ad527c6f2cbf6df2ac80c3bec978c9f424652571ce2710a9352a6e1493,C,mpo_zipup,11,rzz,0.05,2,8,6,16,,35,35,mixed,0.4258695550078731,0.4258695550078731,0.574130444992127,0.6964941192403549,0.9999999999999996,0.8889756431458219,0.40431733906004963,0.1119486457621334,0.004228367004543543,16,"[1, 2, 4, 8, 16, 16, 16, 16, 16, 8, 4, 2, 1]",2728,2.482984308330097e-05,0.6196617829462199,1e-12
fae93afd2354bd034201c22c33d87b72bd49ea9b14d5f7ad16bf18f19055bc7b,C,mpo_zipup,11,rzz,0.05,2,8,6,64,,35,35,mixed,0.7073066293928996,0.7073066293928996,0.29269337060710043,0.5638878659571482,0.9999999999999996,1.0000000000000058,0.20991833945241173,0.04784023826625769,0.21764130401425064,64,"[1, 2, 4, 8, 16, 32, 64, 64, 16, 8, 4, 2, 1]",16040,2.4357482860177592e-29,3.311295390836538e-28,1e-12
2428220b34b6edbf010b2e3aa04852ef9c170010921f3ae6b916fe597e420348,C,mpo_zipup,11,rzz,0.05,3,9,6,8,,36,36,commuting,0.4208709332401285,0.4208709332401285,0.5791290667598715,0.6480580523623771,0.9999999999999996,0.8470363404932485,0.5422226776285111,0.14386697385009706,0.0029627580079250038,8,"[1, 2, 4, 8, 8, 8, 8, 8, 8, 8, 4, 2, 1]",936,0.0021613011552610176,0.5317111491107855,1e-12
824da58da9f33588977e601ba257bf53532dcd3ccb25ea2ec07dafa10f5506d8,C,mpo_zipup,11,rzz,0.05,3,9,6,16,,36,36,commuting,0.7307728993646264,0.7307728993646264,0.2692271006353736,0.415266264099885,0.9999999999999996,0.9392290402931402,0.22759322105360158,0.0681934804909864,0.00567068305099383,16,"[1, 2, 4, 8, 16, 16, 16, 16, 16, 8, 4, 2, 1]",2728,0.00028484989454695035,0.20277043637741415,1e-12
a2e41d0b1c0743bd92de65ce60fbe7e84ad90bc670b568557c345a6be1218a74,C,mpo_zipup,11,rzz,0.05,3,9,6,64,,36,36,commuting,1.0000000000000528,1.0000000000000528,0.0,3.926115674680245e-14,0.9999999999999996,1.0000000000000255,9.259260025373806e-14,2.5745953006136903e-14,0.0954609090113081,32,"[1, 2, 4, 8, 16, 32, 32, 32, 32, 8, 4, 2, 1]",8104,1.5982432544992775e-30,1.104608198418677e-28,1e-12
081aba0c5e26463e77eeddfce43f10742a7fb06a1f1fc98cd059ca5a69ea01cf,C,mpo_zipup,11,ryy,0.05,3,9,6,8,,36,36,mixed,0.1607356896221307,0.1607356896221307,0.8392643103778693,0.8417623160734283,0.9999999999999996,0.7144234818702743,0.9420275436192824,0.25202069853232956,0.002994052949361503,8,"[1, 2, 4, 8, 8, 8, 8, 8, 8, 8, 4, 2, 1]",936,0.002860955469077819,1.1846719922141027,1e-12
504efb8ef4d743f4a8258120de4907ea69db758c7666dfed1ac70001a01959d9,C,mpo_zipup,11,ryy,0.05,3,9,6,16,,36,36,mixed,0.4117540284071458,0.4117540284071458,0.5882459715928542,0.7117191685567436,0.9999999999999996,0.8887662409089453,0.40504100779805086,0.11273983219074465,0.007942139985971153,16,"[1, 2, 4, 8, 16, 16, 16, 16, 16, 8, 4, 2, 1]",2728,0.0004133652206011166,0.620075148166821,1e-12
551385719283776696742fe07dfb4dd4f635753b462ed4fec263c19f915b3061,C,mpo_zipup,11,ryy,0.05,3,9,6,64,,36,36,mixed,0.6867075077350769,0.6867075077350769,0.31329249226492306,0.5853577214412004,0.9999999999999996,1.0000000000000049,0.20991833945241198,0.05009412154010761,0.2544527390273288,64,"[1, 2, 4, 8, 16, 32, 64, 64, 32, 8, 4, 2, 1]",18344,6.168994353115365e-33,3.3113570807800692e-28,1e-12
184313f087e191c4c0888aeda92f68487abdb99b82da8900f90b71c2e752b17c,C,tebd_swap,11,rzz,0.05,2,9,7,8,,1,1,commuting,0.44919070914271986,0.44919070914271986,0.5508092908572801,0.548981620294321,0.9999999999999996,0.8011333493487459,0.6859378413919246,0.19308124410493546,0.0029546860023401678,8,"[1, 2, 4, 8, 8, 8, 8, 8, 8, 8, 4, 2, 1]",936,0.5274107228560019,0.5274107228560019,1e-12
302b5d4afe1e1b7d9ad66fc2c144f4dc9aaf1374243db7cce6ab85389ee6cae0,C,tebd_swap,11,rzz,0.05,2,9,7,16,,1,1,commuting,0.9999999999999987,0.9999999999999987,1.3322676295501878e-15,3.5282240857017525e-15,0.9999999999999996,0.9999999999999998,2.220446049250313e-15,6.302374930171436e-16,0.003148831019643694,16,"[1, 2, 4, 8, 16, 16, 16, 16, 16, 8, 4, 2, 1]",2728,7.380029975001574e-31,7.380029975001574e-31,1e-12
31b2df74b74ac7039f49dffc61abcb9619a5de6911275b83740c1d6589ab9f55,C,tebd_swap,11,rzz,0.05,2,9,7,64,,1,1,commuting,0.9999999999999987,0.9999999999999987,1.3322676295501878e-15,3.5282240857017525e-15,0.9999999999999996,0.9999999999999998,2.220446049250313e-15,6.302374930171436e-16,0.004001004039309919,16,"[1, 2, 4, 8, 16, 16, 16, 16, 16, 8, 4, 2, 1]",2728,7.380029975001574e-31,7.380029975001574e-31,1e-12
deaaaf7c48cb0e8e6599b0ca1874631d6a8640a19815e2edc781b0dfb945d253,C,tebd_swap,11,rxx,0.05,2,9,7,8,,1,1,mixed,0.4482702349999859,0.4482702349999859,0.5517297650000141,0.5496440119493886,0.9999999999999996,0.8007298309756599,0.6872186491500112,0.19347633871156902,0.0027215839945711195,8,"[1, 2, 4, 8, 8, 8, 8, 8, 8, 8, 4, 2, 1]",936,0.5277071190690076,0.5277071190690076,1e-12
8d9aba449ad15b9c5c23c0e54581fa126d840bf753e628d0f29df1bd7018a2aa,C,tebd_swap,11,rxx,0.05,2,9,7,16,,1,1,mixed,1.0000000000000018,1.0000000000000018,0.0,3.847724063311115e-15,0.9999999999999996,1.0000000000000022,7.327471962526033e-15,2.1215819891456326e-15,0.0031723990105092525,16,"[1, 2, 4, 8, 16, 16, 16, 16, 16, 8, 4, 2, 1]",2728,1.1457102822953162e-30,1.1457102822953162e-30,1e-12
a2389f31b6bbabb23126e12639024cb15f027d87b20a0502df5c99c6296b2d1b,C,tebd_swap,11,rxx,0.05,2,9,7,64,,1,1,mixed,1.0000000000000018,1.0000000000000018,0.0,3.847724063311115e-15,0.9999999999999996,1.0000000000000022,7.327471962526033e-15,2.1215819891456326e-15,0.0033112879609689116,16,"[1, 2, 4, 8, 16, 16, 16, 16, 16, 8, 4, 2, 1]",2728,1.1457102822953162e-30,1.1457102822953162e-30,1e-12
d0fa357a06b0d49787da3c4040973dac6782eca8117b1480618cd467a91bf8e5,C,tebd_swap,11,rzz,0.05,2,8,6,8,,2,2,commuting,0.26808589223147594,0.26808589223147594,0.7319141077685241,0.6572010143976196,0.9999999999999996,0.6837056411915972,1.024049577297854,0.2728227565395089,0.0022816869895905256,8,"[1, 2, 4, 8, 8, 8, 8, 8, 8, 8, 4, 2, 1]",936,0.417656320960722,0.9450670438167241,1e-12
4dd77b364f46c5ab22faf47e910b5bba21a5e2047e24b1a93e0af565b645b287,C,tebd_swap,11,rzz,0.05,2,8,6,16,,2,2,commuting,0.8679698165811063,0.8679698165811063,0.13203018341889372,0.21070248453423146,0.9999999999999996,0.9527294953144725,0.1778465895460286,0.04968666772324589,0.005367445992305875,16,"[1, 2, 4, 8, 16, 16, 16, 16, 16, 8, 4, 2, 1]",2728,0.09985175221059397,0.09985175221059397,1e-12
694a1fe82fc58e1aa8f3fa7cde5875332a949d79832019ae501efb426d7fd999,C,tebd_swap,11,rzz,0.05,2,8,6,64,,2,2,commuting,0.9987158627549617,0.9987158627549617,0.001284137245038286,0.03584061609489915,0.9999999999999996,1.000000000000001,0.0176539996407002,0.002925626889476123,0.005840522004291415,16,"[1, 2, 4, 8, 16, 16, 16, 16, 16, 8, 4, 2, 1]",2728,7.338402356728731e-30,8.076405354228889e-30,1e-12
435005fada8aa0edbf6a296147f82873a3a13f152098872c7641fc34081d97bf,C,tebd_swap,11,rzz,0.05,2,8,6,8,,2,2,mixed,0.2698155416647226,0.2698155416647226,0.7301844583352775,0.6579502592362331,0.9999999999999996,0.6868580474067464,1.0155708573936506,0.27087374107432954,0.0025551680009812117,8,"[1, 2, 4, 8, 8, 8, 8, 8, 8, 8, 4, 2, 1]",936,0.41507016322593615,0.9427772822949436,1e-12
3f839138af7c154371c540fbe25d879151da482cdcf1deebd19f1d71d686c84b,C,tebd_swap,11,rzz,0.05,2,8,6,16,,2,2,mixed,0.9412012051415742,0.9412012051415742,0.05879879485842576,0.20219627071435006,0.9999999999999996,0.9905522842374102,0.07512212639916915,0.022484556665320517,0.0034450229723006487,16,"[1, 2, 4, 8, 16, 16, 16, 16, 16, 8, 4, 2, 1]",2728,0.09708697111313053,0.09708697111313053,1e-12
27de686c323830af9fec3bd33c85f1790a5b2de6eed50c0ef85a37b4a6f73d4b,C,tebd_swap,11,rzz,0.05,2,8,6,64,,2,2,mixed,0.9987153832476273,0.9987153832476273,0.0012846167523726804,0.035847309210429515,0.9999999999999996,1.000000000000001,0.017613567442100454,0.0029476969846787843,0.034524471033364534,32,"[1, 2, 4, 8, 16, 32, 32, 32, 16, 8, 4, 2, 1]",6824,2.9503267768964254e-31,1.4407429599849588e-30,1e-12
f692cbb999134d6c555e539abc0a08063335dcf59c13aa391f9471a95388f17a,C,tebd_swap,11,rzz,0.05,3,9,6,8,,3,3,commuting,0.25037125916212616,0.25037125916212616,0.7496287408378739,0.6604946348163753,0.9999999999999996,0.6610562801178406,1.0832444994054375,0.2874301040018114,0.0026424169773235917,8,"[1, 2, 4, 8, 8, 8, 8, 8, 8, 8, 4, 2, 1]",936,0.09461921269357242,1.0396862565102964,1e-12
3b68961395093ded8a28039562acb5f72a51c7df6f743f6713fade3382fde6cb,C,tebd_swap,11,rzz,0.05,3,9,6,16,,3,3,commuting,0.833347135641074,0.833347135641074,0.166652864358926,0.2441321667988308,0.9999999999999996,0.9409343722196737,0.22039879102169424,0.06063763010142448,0.004180958028882742,16,"[1, 2, 4, 8, 16, 16, 16, 16, 16, 8, 4, 2, 1]",2728,0.08477110738193235,0.18462285959252633,1e-12
1c3ba2b30e7cdc78a5d5f8b44ada351c7f68d62640e3290518dcab32bca629de,C,tebd_swap,11,rzz,0.05,3,9,6,64,,3,3,commuting,1.0000000000000044,1.0000000000000044,0.0,7.558408515263372e-15,0.9999999999999996,1.0000000000000024,1.3322676295501878e-14,3.3025477587138656e-15,0.024810698989313096,32,"[1, 2, 4, 8, 16, 32, 32, 32, 16, 8, 4, 2, 1]",6824,2.527002223910514e-31,8.329105576619941e-30,1e-12
cdcc0ca420b2ef67f1fa7b768dacaa934fd505ac51860bb96d6b4f50c4186e9d,C,tebd_swap,11,ryy,0.05,3,9,6,8,,3,3,mixed,0.24849124405601067,0.24849124405601067,0.7515087559439894,0.6680081143764491,0.9999999999999996,0.6657422643230442,1.0710275899199584,0.2847037652355811,0.0024408359895460308,8,"[1, 2, 4, 8, 8, 8, 8, 8, 8, 8, 4, 2, 1]",936,0.10481370043865237,1.0475909827335959,1e-12
6532d9dcad9be9573f082617bb246bb8cfff5b43cb1f15bb1a1c45e22e2319ed,C,tebd_swap,11,ryy,0.05,3,9,6,16,,3,3,mixed,0.8612527538029978,0.8612527538029978,0.13874724619700218,0.2628751114129876,0.9999999999999996,0.9618614301818647,0.14397525947172185,0.04565420478276261,0.003433136036619544,16,"[1, 2, 4, 8, 16, 16, 16, 16, 16, 8, 4, 2, 1]",2728,0.09320300586789589,0.19028997698102645,1e-12
08b38e337e4dce3f526c3da2da3433f15d20d1a5ee6bc70cb928cc9a206f8a06,C,tebd_swap,11,ryy,0.05,3,9,6,64,,3,3,mixed,0.9973577821272009,0.9973577821272009,0.0026422178727990575,0.0514195051630433,0.9999999999999996,1.0000000000000029,0.01761356744210338,0.003651927907729538,0.04238478100160137,64,"[1, 2, 4, 8, 16, 32, 64, 32, 16, 8, 4, 2, 1]",10920,1.7253629349513e-26,1.7255070092472986e-26,1e-12
48f141cff719f83d27ac0a5bbe67599a70a0e75796a1159ffca3724b67e12555,C,tebd_swap,11,rzz,0.05,2,9,7,8,,4,4,commuting,0.24419599328656624,0.24419599328656624,0.7558040067134337,0.6658995760752701,0.9999999999999996,0.6570738660154317,1.0934781018284554,0.28969490831566125,0.002913525968324393,8,"[1, 2, 4, 8, 8, 8, 8, 8, 8, 8, 4, 2, 1]",936,0.02560817912851931,1.0652944356388159,1e-12
7983ca28431765b7c27478a0bb17fe19c62ceeac8c9485bdd8936e6736eebe97,C,tebd_swap,11,rzz,0.05,2,9,7,16,,4,4,commuting,0.8222731090562605,0.8222731090562605,0.1777268909437395,0.25392864039075197,0.9999999999999996,0.9370513720302852,0.23449178325014075,0.06403100757113296,0.0038176639936864376,16,"[1, 2, 4, 8, 16, 16, 16, 16, 16, 8, 4, 2, 1]",2728,0.008321749709353858,0.1929446093018802,1e-12
efcd927f7b006e2fd63d3ea824d5c922beb74258d2d17e093d795e41d7016269,C,tebd_swap,11,rzz,0.05,2,9,7,64,,4,4,commuting,1.000000000000004,1.000000000000004,0.0,1.000917894072234e-14,0.9999999999999996,1.0000000000000027,9.992007221626409e-15,2.8571779456322034e-15,0.035518290009349585,32,"[1, 2, 4, 8, 16, 32, 32, 32, 16, 8, 4, 2, 1]",6824,9.670485247613811e-28,9.75377630338001e-28,1e-12
bd2b09763fd076c8f66c499a135c1e70074c72463fe7d7f065dc353cd983fa50,C,tebd_swap,11,rxx,0.05,2,9,7,8,,4,4,mixed,0.2381990948608067,0.2381990948608067,0.7618009051391933,0.6783669051100686,0.9999999999999996,0.6605259652159463,1.0845031082835535,0.2879502762899388,0.002908086054958403,8,"[1, 2, 4, 8, 8, 8, 8, 8, 8, 8, 4, 2, 1]",936,0.03181918417614326,1.079410166909739,1e-12
358432c8fdc9526cbd4e815f525c4f290153dd16ad28f959f639d44e051d4999,C,tebd_swap,11,rxx,0.05,2,9,7,16,,4,4,mixed,0.8463722933449063,0.8463722933449063,0.15362770665509373,0.27419393771788897,0.9999999999999996,0.9566358760287678,0.16331358574453647,0.05024809220536585,0.003869866020977497,16,"[1, 2, 4, 8, 16, 16, 16, 16, 16, 8, 4, 2, 1]",2728,0.009049332094872832,0.19933930907589928,1e-12
a8be21234237e1d4e970c03ee8efa778db44d331db306461aad543b6ef51aeb4,C,tebd_swap,11,rxx,0.05,2,9,7,64,,4,4,mixed,0.9973577821271998,0.9973577821271998,0.0026422178728001677,0.05141950516304053,0.9999999999999996,1.0000000000000029,0.017879658339175545,0.0036680459869032327,0.07348586700391024,48,"[1, 2, 4, 8, 16, 32, 48, 32, 16, 8, 4, 2, 1]",8872,4.977821823929965e-27,2.2232891916402952e-26,1e-12
d7e0178c51e57271256a1f44448b22b9d6e6de5a32436c6f9168c13139aedf75,C,tebd_swap,11,rzz,0.05,2,8,6,8,,5,5,commuting,0.23398016277123584,0.23398016277123584,0.7660198372287641,0.6744105585252919,0.9999999999999996,0.6498149905578174,1.1116478477188587,0.29449836451872263,0.0025116800097748637,8,"[1, 2, 4, 8, 8, 8, 8, 8, 8, 8, 4, 2, 1]",936,0.04635796326544402,1.1116523989042597,1e-12
cd234c82c87572fff701370db0336b167bb2fce453e7da6bd5e900abe0eaaaf7,C,tebd_swap,11,rzz,0.05,2,8,6,16,,5,5,commuting,0.7740239455557747,0.7740239455557747,0.2259760544442253,0.30725000068193925,0.9999999999999996,0.9241077731690821,0.28069905177366494,0.07611255026425219,0.004836103995330632,16,"[1, 2, 4, 8, 16, 16, 16, 16, 16, 8, 4, 2, 1]",2728,0.08415146086603491,0.2770960701679151,1e-12
f5ab6cac4457b82c1f0b12b860f824f1208133ee7a2b738f9e105ce3831f77f4,C,tebd_swap,11,rzz,0.05,2,8,6,64,,5,5,commuting,0.9987158627549768,0.9987158627549768,0.001284137245023187,0.035840616094911334,0.9999999999999996,1.0000000000000087,0.01765056108515569,0.0029360091095941244,0.02394083800027147,32,"[1, 2, 4, 8, 16, 32, 32, 32, 16, 8, 4, 2, 1]",6824,4.8061892841204e-25,4.81594306042378e-25,1e-12
c3758cf06597c766c8cd82c7b87df08f63361edc3fbbc7868810599cbaa2088c,C,tebd_swap,11,rzz,0.05,2,8,6,8,,5,5,mixed,0.22524412930402138,0.22524412930402138,0.7747558706959786,0.6923604838471086,0.9999999999999996,0.6546456047934899,1.0993862319432242,0.2918854860951002,0.002524638024624437,8,"[1, 2, 4, 8, 8, 8, 8, 8, 8, 8, 4, 2, 1]",936,0.047579231833687195,1.126989398743426,1e-12
37fc18e2b49bcd2a85ecbdff251f964f4d6b686da947fb92dc2350b516ba8c5d,C,tebd_swap,11,rzz,0.05,2,8,6,16,,5,5,mixed,0.7563710296750795,0.7563710296750795,0.24362897032492048,0.32143736766146924,0.9999999999999996,0.917994478847689,0.3032077526711292,0.08290754881232003,0.0036336369812488556,16,"[1, 2, 4, 8, 16, 16, 16, 16, 16, 8, 4, 2, 1]",2728,0.09015287607934748,0.2894921851552468,1e-12
67d2fa5034b97f19306f6b4970342da24c721a392bece58035b22b74beaa974b,C,tebd_swap,11,rzz,0.05,2,8,6,64,,5,5,mixed,0.993445410122116,0.993445410122116,0.006554589877884043,0.08102695724495738,0.9999999999999996,1.0000000009575956,0.03551101562153297,0.006280623339713382,0.08631723199505359,59,"[1, 2, 4, 8, 16, 32, 59, 32, 16, 8, 4, 2, 1]",10280,2.0624716870645376e-15,2.0624716870867705e-15,1e-12
7f178eafe4f774a7bf178a11943e8a7f53bd766f3c728cd6f0eb13c377a286f6,C,tebd_swap,11,rzz,0.05,3,9,6,8,,6,6,commuting,0.22687672983000198,0.22687672983000198,0.773123270169998,0.6784108639856163,0.9999999999999996,0.6425518471149424,1.129968090756392,0.29926596804245276,0.002540410030633211,8,"[1, 2, 4, 8, 8, 8, 8, 8, 8, 8, 4, 2, 1]",936,0.03505577557577616,1.1467081744800356,1e-12
892e3e05f002922f9f41d0199db0a32f7b91ba67bb2e6ecbea9f131935eace22,C,tebd_swap,11,rzz,0.05,3,9,6,16,,6,6,commuting,0.7480292256056302,0.7480292256056302,0.25197077439436977,0.3164359930460386,0.9999999999999996,0.9109914347065214,0.32756781108079447,0.08990506988544623,0.0036679659970104694,16,"[1, 2, 4, 8, 16, 16, 16, 16, 16, 8, 4, 2, 1]",2728,0.051160756682968545,0.3282568268508837,1e-12
446bc1d6af3774544c0cc358ae1e71857527f077c03963c877fba0a16315f9a4,C,tebd_swap,11,rzz,0.05,3,9,6,64,,6,6,commuting,1.0000000000000728,1.0000000000000728,0.0,1.974000813994019e-12,0.9999999999999996,1.0000000000000369,5.381459167175251e-13,1.483781286656243e-13,0.043290157977025956,32,"[1, 2, 4, 8, 16, 32, 32, 32, 16, 8, 4, 2, 1]",6824,7.68342274196032e-23,7.731582172564558e-23,1e-12
1acbe0cefd603e8a47285ad1241fac2c024fb953f84d99e1a4167dad5f02ec2d,C,tebd_swap,11,ryy,0.05,3,9,6,8,,6,6,mixed,0.21691085020808107,0.21691085020808107,0.7830891497919189,0.6994881359713775,0.9999999999999996,0.6486581775432582,1.1145473626187963,0.29588947777398544,0.0024719920475035906,8,"[1, 2, 4, 8, 8, 8, 8, 8, 8, 8, 4, 2, 1]",936,0.028606300599003945,1.1555956993424301,1e-12
7baf24534b65119f3c18b370aea8d8f59a2c28ddf675da91157d051d28891936,C,tebd_swap,11,ryy,0.05,3,9,6,16,,6,6,mixed,0.7352325564626173,0.7352325564626173,0.2647674435373827,0.33340626239303106,0.9999999999999996,0.9088860179715809,0.33525189003819955,0.09060878821392693,0.00430128799052909,16,"[1, 2, 4, 8, 16, 16, 16, 16, 16, 8, 4, 2, 1]",2728,0.0539800635516237,0.3434722487068705,1e-12
020145c71327665a437f085010dcd87dc0d2aeb35b2eb5877856f6299d79a9de,C,tebd_swap,11,ryy,0.05,3,9,6,64,,6,6,mixed,0.9894742307157929,0.9894742307157929,0.01052576928420712,0.10273080364472865,0.9999999999999996,1.0000000020206476,0.035511014008187944,0.007395939492203431,0.04305051499977708,64,"[1, 2, 4, 8, 16, 32, 64, 32, 16, 8, 4, 2, 1]",10920,1.2385042275685153e-15,3.3009759146552857e-15,1e-12
d3e1600f285e8dc52bec7e2324456770da83fec4935d47e0adcee278e1bbdf6a,C,tebd_swap,11,rzz,0.05,2,9,7,8,,7,7,commuting,0.2234369114010156,0.2234369114010156,0.7765630885989844,0.6813763267005141,0.9999999999999996,0.6400437277559543,1.1362258944777714,0.3008661024685119,0.0022074009757488966,8,"[1, 2, 4, 8, 8, 8, 8, 8, 8, 8, 4, 2, 1]",936,0.00918955909360383,1.1558977335736393,1e-12
eb16f1a7196bf78df4ad8ba5f9778dd95ed0cb05cf86ea4ca01ca4b78ce204b0,C,tebd_swap,11,rzz,0.05,2,9,7,16,,7,7,commuting,0.7395480679659684,0.7395480679659684,0.2604519320340316,0.32442101582105826,0.9999999999999996,0.908398925781082,0.3367367051973662,0.09278055812176182,0.004137497046031058,16,"[1, 2, 4, 8, 16, 16, 16, 16, 16, 8, 4, 2, 1]",2728,0.005744303722243022,0.3340011305731267,1e-12
e88e4791cc4f31f7ccc5fdfecd3f5a8834a146b310867831d8d69215529d6cef,C,tebd_swap,11,rzz,0.05,2,9,7,64,,7,7,commuting,1.0000000000000888,1.0000000000000888,0.0,2.1094223983627053e-12,0.9999999999999996,1.0000000000000442,5.972236594153912e-13,1.622140498084056e-13,0.03243247501086444,32,"[1, 2, 4, 8, 16, 32, 32, 32, 16, 8, 4, 2, 1]",6824,5.433750112971494e-24,8.274957183861708e-23,1e-12
603f786a47b9910d1c40d3827dbc9fa3aae365b2cbfe0fe1db98b3b3081ae340,C,tebd_swap,11,rxx,0.05,2,9,7,8,,7,7,mixed,0.21351127800732772,0.21351127800732772,0.7864887219926723,0.7020697656974239,0.9999999999999996,0.6457922017379328,1.1217723406339417,0.2978104994752245,0.002883338020183146,8,"[1, 2, 4, 8, 8, 8, 8, 8, 8, 8, 4, 2, 1]",936,0.00909521737638606,1.164690916718816,1e-12
0c1764a40c0dd5313e37a7a66368a68d031e25418f62452f6d2bdf3e60676078,C,tebd_swap,11,rxx,0.05,2,9,7,16,,7,7,mixed,0.7241038991482347,0.7241038991482347,0.2758961008517653,0.34018167145714007,0.9999999999999996,0.9042175975460435,0.35164559081616553,0.09484497976008056,0.004709844011813402,16,"[1, 2, 4, 8, 16, 16, 16, 16, 16, 8, 4, 2, 1]",2728,0.007588282118431179,0.3510605308253017,1e-12
7813d9a8389c6089a29b3e8d909547be53f2c64f122c77359e7f8743d6857510,C,tebd_swap,11,rxx,0.05,2,9,7,64,,7,7,mixed,0.9894742323826987,0.9894742323826987,0.010525767617301285,0.1027308029257199,0.9999999999999996,1.0000000027846565,0.03599908482487908,0.007422048339666248,0.0277895990293473,53,"[1, 2, 4, 8, 16, 32, 53, 32, 16, 8, 4, 2, 1]",9512,5.526759582338254e-15,8.82773549699354e-15,1e-12
78eff627a63f9118e1f6155b149b691afcb9876c21ba5a56ae73686ea58c40d9,C,tebd_swap,11,rzz,0.05,2,8,6,8,,8,8,commuting,0.21892315204520718,0.21892315204520718,0.7810768479547928,0.6871934606952795,0.9999999999999996,0.6387639161136921,1.1393279152333817,0.30189114511681375,0.0028349090134724975,8,"[1, 2, 4, 8, 8, 8, 8, 8, 8, 8, 4, 2, 1]",936,0.019334411575045347,1.175232145148685,1e-12
cd64477c732ac74cdc5dad13717621d79ab1a8dfac30412e2a409ded5cc0001e,C,tebd_swap,11,rzz,0.05,2,8,6,16,,8,8,commuting,0.7184272273604565,0.7184272273604565,0.2815727726395435,0.34339609417822725,0.9999999999999996,0.9017331138926175,0.3599845102801622,0.0980992011229995,0.003955311956815422,16,"[1, 2, 4, 8, 16, 16, 16, 16, 16, 8, 4, 2, 1]",2728,0.04568671809332668,0.3796878486664534,1e-12
b3eb43bcaf7a0906e1c602de7d90fb56dde3104bc730660ef80174a15edb5e31,C,tebd_swap,11,rzz,0.05,2,8,6,64,,8,8,commuting,0.9987158627599854,0.9987158627599854,0.0012841372400146378,0.0358406160950238,0.9999999999999996,1.0000000000025187,0.017542115715085918,0.002959387291991237,0.03623490600148216,32,"[1, 2, 4, 8, 16, 32, 32, 32, 16, 8, 4, 2, 1]",6824,2.3359542121026346e-20,2.3442291692864962e-20,1e-12
9c41c2e1b91942a797767b933bd7be46d454fc26130f73ab220171744474f2a7,C,tebd_swap,11,rzz,0.05,2,8,6,8,,8,8,mixed,0.2071073605778443,0.2071073605778443,0.7928926394221557,0.7071769149741328,0.9999999999999996,0.6405311728026378,1.1350036453082084,0.3010296392445838,0.009855435986537486,8,"[1, 2, 4, 8, 8, 8, 8, 8, 8, 8, 4, 2, 1]",936,0.01940061861721854,1.1840915353360346,1e-12
22b503866a72987a89eda4b0746f980c491e79d16eea9afa80cfca8df8a7dc1f,C,tebd_swap,11,rzz,0.05,2,8,6,16,,8,8,mixed,0.6687457368817425,0.6687457368817425,0.33125426311825745,0.37719149703571697,0.9999999999999996,0.8819359022708131,0.42844730974318534,0.11559663533836716,0.003608283994253725,16,"[1, 2, 4, 8, 16, 16, 16, 16, 16, 8, 4, 2, 1]",2728,0.061769513336180686,0.4128300441614824,1e-12
06662a949996f737618f19c479d7cb86fd243169ac7fb4a9d49e8ad9c91fd75a,C,tebd_swap,11,rzz,0.05,2,8,6,64,,8,8,mixed,0.9829915500595067,0.9829915500595067,0.01700844994049333,0.13069582220262632,0.9999999999999996,1.0000000022501274,0.05360456473227557,0.009945614190043379,0.054842760029714555,60,"[1, 2, 4, 8, 16, 32, 60, 32, 16, 8, 4, 2, 1]",10408,2.8040200785851706e-15,1.163175557557871e-14,1e-12
92dbf5cc106d8b18e3a7a0ea452b2d5b2f3e01662ad66fad74578c3a1438ae9d,C,tebd_swap,11,rzz,0.05,3,9,6,8,,9,9,commuting,0.21402525841341336,0.21402525841341336,0.7859747415865866,0.6911476914225482,0.9999999999999996,0.6347774500305298,1.149268127158706,0.3047764804547715,0.0030447019962593913,8,"[1, 2, 4, 8, 8, 8, 8, 8, 8, 8, 4, 2, 1]",936,0.016803196409665617,1.1920353415583504,1e-12
b1bb4bf8e7f64bd1c817cee4508c55e872c6ee815165e8579a9ba5172745c1ef,C,tebd_swap,11,rzz,0.05,3,9,6,16,,9,9,commuting,0.7016436571794056,0.7016436571794056,0.2983563428205944,0.351699239670021,0.9999999999999996,0.8938544638030671,0.3873915744842027,0.1064217914846105,0.003440373984631151,16,"[1, 2, 4, 8, 16, 16, 16, 16, 16, 8, 4, 2, 1]",2728,0.029193375005860493,0.40888122367231383,1e-12
9a80b5fbe7a6f052bd1372e574a8e8e28bd29374ad2b03f323113f9e5a4245d7,C,tebd_swap,11,rzz,0.05,3,9,6,64,,9,9,commuting,1.0000000000018674,1.0000000000018674,0.0,3.144307610585168e-10,0.9999999999999996,1.0000000000009333,6.36630748118705e-11,1.9316650654613524e-11,0.04452078801114112,32,"[1, 2, 4, 8, 16, 32, 32, 32, 16, 8, 4, 2, 1]",6824,2.1195972351830568e-18,2.1430395268759218e-18,1e-12
59a0c2e0feae7242c064cc9b884a0c765e2497aeb10bb9fcb21c364f1fb186cc,C,tebd_swap,11,ryy,0.05,3,9,6,8,,9,9,mixed,0.19979874907889433,0.19979874907889433,0.8002012509211056,0.7137408122480637,0.9999999999999996,0.6351401530882592,1.148379034230888,0.30440566055057583,0.0027108470094390213,8,"[1, 2, 4, 8, 8, 8, 8, 8, 8, 8, 4, 2, 1]",936,0.019326974695988954,1.203418510032024,1e-12
fe29ecc3fb86bf2f69438602d75802d824fd7d96223a43a496c37ad034fc1aac,C,tebd_swap,11,ryy,0.05,3,9,6,16,,9,9,mixed,0.6505686395943057,0.6505686395943057,0.34943136040569434,0.3840802720620232,0.9999999999999996,0.8721664757769617,0.4617433886885718,0.12353314223108862,0.006591039011254907,16,"[1, 2, 4, 8, 16, 16, 16, 16, 16, 8, 4, 2, 1]",2728,0.044035878557011424,0.4568659227184938,1e-12
118e404bcd28cebd101cf3b6acf86a275c0200e15039fc57b49d0de74c28c042,C,tebd_swap,11,ryy,0.05,3,9,6,64,,9,9,mixed,0.9764796282593668,0.9764796282593668,0.02352037174063315,0.15381915011412967,0.9999999999999996,1.0000000032312926,0.05360456695445302,0.011236953893255495,0.09243045595940202,64,"[1, 2, 4, 8, 16, 32, 64, 32, 16, 8, 4, 2, 1]",10920,3.0165892458040703e-15,1.464834482138278e-14,1e-12
24aa5aa718632d8b79d84c581f660c29ccd2905487a2a080cc90c7b778d32b7f,C,tebd_swap,11,rzz,0.05,2,9,7,8,,10,10,commuting,0.21172733300931124,0.21172733300931124,0.7882726669906888,0.693852884463091,0.9999999999999996,0.6338048552484111,1.1516689631068322,0.30532390670656234,0.0028586789849214256,8,"[1, 2, 4, 8, 8, 8, 8, 8, 8, 8, 4, 2, 1]",936,0.0056293028186210825,1.1976646443769714,1e-12
4d856640e67f1c7d5248e3462feaaca46c656e60af7793b4e0040063bc6630d9,C,tebd_swap,11,rzz,0.05,2,9,7,16,,10,10,commuting,0.694761182313858,0.694761182313858,0.305238817686142,0.3558675621231816,0.9999999999999996,0.8908919297826522,0.3976162678025408,0.10901140636983314,0.0038848689873702824,16,"[1, 2, 4, 8, 16, 16, 16, 16, 16, 8, 4, 2, 1]",2728,0.004633003937121082,0.4135142276094349,1e-12
1799ca0af120c07a936600fb43407ea9c22e07d37c05967522525971e89a9a67,C,tebd_swap,11,rzz,0.05,2,9,7,64,,10,10,commuting,1.000000000000587,1.000000000000587,0.0,3.3877193733038595e-10,0.9999999999999996,1.0000000000002938,6.714379052752406e-11,2.1081696464731074e-11,0.027331684017553926,32,"[1, 2, 4, 8, 16, 32, 32, 32, 16, 8, 4, 2, 1]",6824,1.1906190016133928e-19,2.2621014270372612e-18,1e-12
4e68588efcfcffc3cbd8f6f1d53a20fdd89553819006ab97a0f2fdaad1c53b62,C,tebd_swap,11,rxx,0.05,2,9,7,8,,10,10,mixed,0.19684857619120397,0.19684857619120397,0.803151423808796,0.7153000433260688,0.9999999999999996,0.6316696644056734,1.1569231890975267,0.3066943629146983,0.002894992008805275,8,"[1, 2, 4, 8, 8, 8, 8, 8, 8, 8, 4, 2, 1]",936,0.005457898079780086,1.208876408111804,1e-12
61eea842b58e465c30c0a4283e250b45c83c6b35b964c5dc4b16859a425e6ee6,C,tebd_swap,11,rxx,0.05,2,9,7,16,,10,10,mixed,0.6411544511510191,0.6411544511510191,0.3588455488489809,0.3886458853982089,0.9999999999999996,0.8674606838361739,0.4776308563123799,0.12706943628180764,0.005445058981422335,16,"[1, 2, 4, 8, 16, 16, 16, 16, 16, 8, 4, 2, 1]",2728,0.007100227856398935,0.4639661505748928,1e-12
0cc44480ad9c88539fc17fe5697146157e3ea823be7d82029bd437b692f0126a,C,tebd_swap,11,rxx,0.05,2,9,7,64,,10,10,mixed,0.9764796288284525,0.9764796288284525,0.023520371171547483,0.1538191498087016,0.9999999999999996,1.0000000034722605,0.054267866350830016,0.01126701531119842,0.04138570697978139,54,"[1, 2, 4, 8, 16, 32, 54, 32, 16, 8, 4, 2, 1]",9640,5.635334186383275e-16,1.5211878240021105e-14,1e-12
a609b9992488d464e1f2340d80c5108145ee94fca9260571c338c2fceb5ad11e,C,tebd_swap,11,rzz,0.05,2,8,6,8,,11,11,commuting,0.20938932391393889,0.20938932391393889,0.7906106760860612,0.6954146725483817,0.9999999999999996,0.6314927799327034,1.157362346986023,0.30641456485707674,0.0025422730250284076,8,"[1, 2, 4, 8, 8, 8, 8, 8, 8, 8, 4, 2, 1]",936,0.012458737640182018,1.2101233820171535,1e-12
59a556be3ea99db6938dd323db13d1f714173098f5c4446ad26616ef41c09a48,C,tebd_swap,11,rzz,0.05,2,8,6,16,,11,11,commuting,0.6861044347529447,0.6861044347529447,0.3138955652470553,0.365362496009681,0.9999999999999996,0.8888859199241829,0.40449333816906075,0.1104344173756706,0.005619426025077701,16,"[1, 2, 4, 8, 16, 16, 16, 16, 16, 8, 4, 2, 1]",2728,0.023980605424488825,0.4374948330339237,1e-12
541721ad854a90f01604a0af624429f761887959383ead07fa899bd58e51be62,C,tebd_swap,11,rzz,0.05,2,8,6,64,,11,11,commuting,0.9987158628381637,0.9987158628381637,0.0012841371618362851,0.03584061579565144,0.9999999999999996,1.0000000000309017,0.017329747189361686,0.002994781001951403,0.027761498000472784,32,"[1, 2, 4, 8, 16, 32, 32, 32, 16, 8, 4, 2, 1]",6824,7.867524937339052e-16,7.890145951609425e-16,1e-12
3557f0ed48c69c19515533e35935c4de2a9ff094b733300aea70b2397d6e3ad1,C,tebd_swap,11,rzz,0.05,2,8,6,8,,11,11,mixed,0.19280433913379497,0.19280433913379497,0.807195660866205,0.7192523146562623,0.9999999999999996,0.6288988075940544,1.1637876638233622,0.3082177229839518,0.002543794980738312,8,"[1, 2, 4, 8, 8, 8, 8, 8, 8, 8, 4, 2, 1]",936,0.01147688980513451,1.2203532979169387,1e-12
1dd00c9b6ed4e5dc897fde409fb6133f0a33fdf78360087c1601d54aba0aa2c0,C,tebd_swap,11,rzz,0.05,2,8,6,16,,11,11,mixed,0.6266476134205569,0.6266476134205569,0.37335238657944314,0.3951818937522605,0.9999999999999996,0.8598780564591753,0.5028833258588787,0.13240977093107562,0.0036211609840393066,16,"[1, 2, 4, 8, 16, 16, 16, 16, 16, 8, 4, 2, 1]",2728,0.04392246553255329,0.5078886161074461,1e-12
66c123dd219c68da3bdd7ac275f8e13e7e8fa807d3f96347678afe82b925710d,C,tebd_swap,11,rzz,0.05,2,8,6,64,,11,11,mixed,0.96752674069221,0.96752674069221,0.03247325930778999,0.18094547762610014,0.9999999999999996,1.0000000045458184,0.07180371616225917,0.013756124457549285,0.05185309401713312,61,"[1, 2, 4, 8, 16, 32, 61, 32, 16, 8, 4, 2, 1]",10536,2.8509451207400048e-15,1.806282336076111e-14,1e-12
c5131fb4d93f128088df330e769e7271a3c84359aab44cd8eda28f71b7a9357c,C,tebd_swap,11,rzz,0.05,3,9,6,8,,12,12,commuting,0.20677246813739483,0.20677246813739483,0.7932275318626052,0.697904154412191,0.9999999999999996,0.6296943896098602,1.1617700915737232,0.30774677353203034,0.0024850110057741404,8,"[1, 2, 4, 8, 8, 8, 8, 8, 8, 8, 4, 2, 1]",936,0.009176704816131165,1.2193000868332844,1e-12
4e3bad4091091d8ecd8173d0446df4d2689e5767116a31ef3ac58528b5e34b1f,C,tebd_swap,11,rzz,0.05,3,9,6,16,,12,12,commuting,0.6794130373403412,0.6794130373403412,0.3205869626596588,0.37461925176128996,0.9999999999999996,0.8881834740587125,0.4068852575970783,0.11146317097284841,0.0034821839653886855,16,"[1, 2, 4, 8, 16, 16, 16, 16, 16, 8, 4, 2, 1]",2728,0.015316180321897067,0.45281101335582075,1e-12
a7119b5eb1caa63eddc6ec2d9c8bf6a797d43230cea9d56eea5ca491508cb4de,C,tebd_swap,11,rzz,0.05,3,9,6,64,,12,12,commuting,0.9999999989342001,0.9999999989342001,1.065799892785435e-09,1.3184504463147212e-08,0.9999999999999996,0.9999999994671004,4.5051367103012e-09,1.1664328975727776e-09,0.029932482982985675,32,"[1, 2, 4, 8, 16, 32, 32, 32, 16, 8, 4, 2, 1]",6824,2.0351391338886767e-15,2.824153729049619e-15,1e-12
4f2a5063ed50be644302f82c39da892e2e0747585614489fab76b07051b7c150,C,tebd_swap,11,ryy,0.05,3,9,6,8,,12,12,mixed,0.18802776609806904,0.18802776609806904,0.811972233901931,0.7240705889211909,0.9999999999999996,0.6257168598124284,1.171554432215081,0.31005110177363,0.002476213965564966,8,"[1, 2, 4, 8, 8, 8, 8, 8, 8, 8, 4, 2, 1]",936,0.011592958838085927,1.2319462567550248,1e-12
b015f8b596b338cf2c4084a1bf90a037bcf13b67a5ed0922661c254f7e82842e,C,tebd_swap,11,ryy,0.05,3,9,6,16,,12,12,mixed,0.607368751663869,0.607368751663869,0.39263124833613094,0.4166710907169453,0.9999999999999996,0.8557406872770346,0.5166331004553086,0.1368973223474997,0.004318170947954059,16,"[1, 2, 4, 8, 16, 16, 16, 16, 16, 8, 4, 2, 1]",2728,0.023413607866013247,0.5313022239734593,1e-12
c23cdcf9aa7f97b3424f593989b08c52ddb36d7f032481ce99c8d2c7cecfd628,C,tebd_swap,11,ryy,0.05,3,9,6,64,,12,12,mixed,0.9585887134888456,0.9585887134888456,0.041411286511154444,0.20457060849325784,0.9999999999999996,1.0000000050287003,0.07180372121809117,0.015178086830145765,0.042468128027394414,64,"[1, 2, 4, 8, 16, 32, 64, 32, 16, 8, 4, 2, 1]",10920,1.5234192305901267e-15,1.9586242591351235e-14,1e-12
9b5a7be7e61420abebf92842021ddf236e7a0eb1844972b1529de937240b515a,C,tebd_swap,11,rzz,0.05,2,9,7,8,,13,13,commuting,0.20509270011114428,0.20509270011114428,0.7949072998888558,0.699880124314803,0.9999999999999996,0.6289478669802671,1.1636006168884891,0.3080972560173958,0.0028177329804748297,8,"[1, 2, 4, 8, 8, 8, 8, 8, 8, 8, 4, 2, 1]",936,0.0035742425131045294,1.2228743293463888,1e-12
8ff9d56eb4625ded46816217142fd30e0eebe6a266d638887d203ac33cbb5212,C,tebd_swap,11,rzz,0.05,2,9,7,16,,13,13,commuting,0.6741516780536606,0.6741516780536606,0.3258483219463394,0.3813609188597591,0.9999999999999996,0.8874519444652973,0.40935428398795226,0.11192473882371487,0.0030402420088648796,16,"[1, 2, 4, 8, 16, 16, 16, 16, 16, 8, 4, 2, 1]",2728,0.0026442203044972487,0.45545523366031804,1e-12
40720f7b4566ad7915399f509144d57137ed6136dba40334b4ca0ace0a3aa891,C,tebd_swap,11,rzz,0.05,2,9,7,64,,13,13,commuting,0.9999999990207777,0.9999999990207777,9.792222588345112e-10,1.724952359032893e-08,0.9999999999999996,0.9999999995103888,3.4830040449018718e-09,1.1807893080573573e-09,0.03946514002745971,32,"[1, 2, 4, 8, 16, 32, 32, 32, 16, 8, 4, 2, 1]",6824,2.365662907975413e-15,5.189816637025032e-15,1e-12
692ab16c47c79ff8a99fef3e703f84b3e08d001bfc62f00e9290eb20aed12614,C,tebd_swap,11,rxx,0.05,2,9,7,8,,13,13,mixed,0.1862131332513004,0.1862131332513004,0.8137868667486996,0.7256746021375556,0.9999999999999996,0.6242211336577163,1.1751809045506105,0.31103129632919013,0.0028167120181024075,8,"[1, 2, 4, 8, 8, 8, 8, 8, 8, 8, 4, 2, 1]",936,0.0039030761360319536,1.2358493328910567,1e-12
6230d7d5c85c7bdffe0e3cff6f36d958c95be1eee4d2e141c0859586f0889a29,C,tebd_swap,11,rxx,0.05,2,9,7,16,,13,13,mixed,0.6012945816665761,0.6012945816665761,0.3987054183334239,0.4242375450950751,0.9999999999999996,0.8548925256161823,0.5194199438576386,0.13784375793023568,0.003884413978084922,16,"[1, 2, 4, 8, 16, 16, 16, 16, 16, 8, 4, 2, 1]",2728,0.0042721151438469065,0.5355743391173061,1e-12
09fce97eb6f3f7a55092a7772bba9897dc277b935f46f5ef197671ac7932417c,C,tebd_swap,11,rxx,0.05,2,9,7,64,,13,13,mixed,0.9585887144541686,0.9585887144541686,0.0414112855458314,0.20457060779826852,0.9999999999999996,1.0000000053795024,0.07259320911201471,0.01520626310328837,0.04074669204419479,54,"[1, 2, 4, 8, 16, 32, 54, 32, 16, 8, 4, 2, 1]",9640,3.244639335468217e-15,2.283088192681945e-14,1e-12
1e5aaa565478a1d6463e352dae98bba2e2b2298bd3514bc52c2049546ca1475c,C,tebd_swap,11,rzz,0.05,2,8,6,8,,14,14,commuting,0.20212128302392493,0.20212128302392493,0.797878716976075,0.7017479125862373,0.9999999999999996,0.6257860222808748,1.1712654956826194,0.3095315286539815,0.0024658359470777214,8,"[1, 2, 4, 8, 8, 8, 8, 8, 8, 8, 4, 2, 1]",936,0.01009468061804141,1.2329690099644304,1e-12
4bf41298431f2d3051dbe0ff6abc7fafc1e802e2eabf8b04e52d108a52d25dcc,C,tebd_swap,11,rzz,0.05,2,8,6,16,,14,14,commuting,0.675371909772189,0.675371909772189,0.32462809022781103,0.38564578206386846,0.9999999999999996,0.8901364803006819,0.4000844076663339,0.10981483729624789,0.0037635499611496925,16,"[1, 2, 4, 8, 16, 16, 16, 16, 16, 8, 4, 2, 1]",2728,0.01494392415269957,0.4703991578130176,1e-12
7ba7cc171b330eae2fce95b617ac53fd4bfc6d8b80884575ccd99523a73da1d8,C,tebd_swap,11,rzz,0.05,2,8,6,64,,14,14,commuting,0.9987158609740296,0.9987158609740296,0.0012841390259703545,0.03584061580573928,0.9999999999999996,0.9999999990985979,0.01701557791996778,0.0030408549836849616,0.017361456993967295,32,"[1, 2, 4, 8, 16, 32, 32, 32, 16, 8, 4, 2, 1]",6824,2.4668096571614907e-15,7.656626294186522e-15,1e-12
815554111e24d1ac665a605849cd67e1ba86198e5170d300f2bf5f4359c4c508,C,tebd_swap,11,rzz,0.05,2,8,6,8,,14,14,mixed,0.18246987105370038,0.18246987105370038,0.8175301289462996,0.7301059769365481,0.9999999999999996,0.6224022675492126,1.1796100052126341,0.31212439288127575,0.0025236039655283093,8,"[1, 2, 4, 8, 8, 8, 8, 8, 8, 8, 4, 2, 1]",936,0.0096728644505499,1.2455221973416064,1e-12
5cbbf6049d3586975082adf5d6a5289caf43e671d6ef006b08c71660a0eb9381,C,tebd_swap,11,rzz,0.05,2,8,6,16,,14,14,mixed,0.5841911545416901,0.5841911545416901,0.4158088454583099,0.42889724825933806,0.9999999999999996,0.8441568694339927,0.5546550175262406,0.1465122168809189,0.0035758920130319893,16,"[1, 2, 4, 8, 16, 16, 16, 16, 16, 8, 4, 2, 1]",2728,0.02462130303189792,0.5601956421492041,1e-12
aab3173d29a4bba8b71f982807f78c6d3023a9c68f1af9251c852516cc7aa601,C,tebd_swap,11,rzz,0.05,2,8,6,64,,14,14,mixed,0.9473057626265441,0.9473057626265441,0.05269423737345591,0.2311002666895985,0.9999999999999996,1.0000000051777422,0.0900158257087053,0.017682056246106307,0.04352007003035396,62,"[1, 2, 4, 8, 16, 32, 62, 32, 16, 8, 4, 2, 1]",10664,3.2324237138168087e-16,2.3154124298201132e-14,1e-12
93dcfae557444f62177ca0a11e76a1ad3784097b76ccfbb8fb57f2c5dd30fb8c,C,tebd_swap,11,rzz,0.05,3,9,6,8,,15,15,commuting,0.1999538643782218,0.1999538643782218,0.8000461356217782,0.7034047782518436,0.9999999999999996,0.6237806543416908,1.1761255664212096,0.3107593496122635,0.002487746998667717,8,"[1, 2, 4, 8, 8, 8, 8, 8, 8, 8, 4, 2, 1]",936,0.006922598854744531,1.239891608819175,1e-12
8031254e560a670975fff9ea9daaeace32b3c14f4a279bd5f5db31d79063b840,C,tebd_swap,11,rzz,0.05,3,9,6,16,,15,15,commuting,0.6675939490754632,0.6675939490754632,0.3324060509245368,0.392023269882248,0.9999999999999996,0.8875870074088409,0.40870534820885185,0.11241446863148617,0.0035276150447316468,16,"[1, 2, 4, 8, 16, 16, 16, 16, 16, 8, 4, 2, 1]",2728,0.010761299011012235,0.4811604568240299,1e-12
ef4c6f5feb3f015e339405574abbb82fb6f520d9abbd5e5c20f2ae30c8bd6eb9,C,tebd_swap,11,rzz,0.05,3,9,6,64,,15,15,commuting,0.9999999996908309,0.9999999996908309,3.0916913473788554e-10,3.564249116619501e-08,0.9999999999999996,0.9999999998454159,8.348925717438505e-09,2.631545691857726e-09,0.03313248296035454,32,"[1, 2, 4, 8, 16, 32, 32, 32, 16, 8, 4, 2, 1]",6824,2.4403370367373426e-15,1.0096963330923865e-14,1e-12
f2b8d900bd9520e582cf830bf8dd3c4c25da1c9c93e1321f44896c5596a3ff97,C,tebd_swap,11,ryy,0.05,3,9,6,8,,15,15,mixed,0.17786021155650403,0.17786021155650403,0.822139788443496,0.7348217413253394,0.9999999999999996,0.6192192830088777,1.187272747102846,0.31385816988990956,0.0024977599969133735,8,"[1, 2, 4, 8, 8, 8, 8, 8, 8, 8, 4, 2, 1]",936,0.009632506469588038,1.2551547038111943,1e-12
654c4f36a9080bc805da43d6d23a008c2c9de2a2bdb5f1632ce0ce1e01f070fb,C,tebd_swap,11,ryy,0.05,3,9,6,16,,15,15,mixed,0.5768329134478665,0.5768329134478665,0.42316708655213353,0.4367997006198652,0.9999999999999996,0.8424869843016833,0.5601447228751524,0.14708931151471177,0.003425693023018539,16,"[1, 2, 4, 8, 16, 16, 16, 16, 16, 8, 4, 2, 1]",2728,0.01067677655831359,0.5708724187075177,1e-12
4e7c04c5cb3923fdbbfa780dcd5b646a7fc0fcd9cf9df21db6b3240b99954de9,C,tebd_swap,11,ryy,0.05,3,9,6,64,,15,15,mixed,0.9360950013827034,0.9360950013827034,0.0639049986172966,0.2548724303123643,0.9999999999999996,1.0000000042137704,0.09001582859455493,0.01922061564659408,0.044506489008199424,64,"[1, 2, 4, 8, 16, 32, 64, 32, 16, 8, 4, 2, 1]",10920,2.8266435609222568e-15,2.598076785912339e-14,1e-12
9d487d6b090baf4683e0a974a03f9354d4b2f8fd5b314f6f9c3f9bcd2c6c2fdf,C,tebd_swap,11,rzz,0.05,2,9,7,8,,16,16,commuting,0.1985461969204216,0.1985461969204216,0.8014538030795784,0.7052952167904373,0.9999999999999996,0.6233873612876272,1.1770795653579853,0.31082976786996847,0.002840077970176935,8,"[1, 2, 4, 8, 8, 8, 8, 8, 8, 8, 4, 2, 1]",936,0.0029501870921409402,1.2428417959113158,1e-12
db1c09c1d7854eeb5e1eb126817d6c48709757fc759d544290f7c3edc111212a,C,tebd_swap,11,rzz,0.05,2,9,7,16,,16,16,commuting,0.6636142037727667,0.6636142037727667,0.3363857962272333,0.39758688704971745,0.9999999999999996,0.8873137647760807,0.4095961263369008,0.11258135332231607,0.004172159999143332,16,"[1, 2, 4, 8, 16, 16, 16, 16, 16, 8, 4, 2, 1]",2728,0.0017896432623667944,0.4829501000863967,1e-12
d6d7d9d0fd2a7705e3895fb7b4409d45f0a704621e43aaf889649916f78b795f,C,tebd_swap,11,rzz,0.05,2,9,7,64,,16,16,commuting,0.9999999989820472,0.9999999989820472,1.0179528331377696e-09,3.771095318582945e-08,0.9999999999999996,0.9999999994910241,1.0794972138405967e-08,3.1356667997003352e-09,0.02498855604790151,32,"[1, 2, 4, 8, 16, 32, 32, 32, 16, 8, 4, 2, 1]",6824,1.7707114140020334e-15,1.1867674744925898e-14,1e-12
4863f5ae89289d6ceadabe388006ce9c9f60d5762c638cda96fce2c2a036f64e,C,tebd_swap,11,rxx,0.05,2,9,7,8,,16,16,mixed,0.17637118454297934,0.17637118454297934,0.8236288154570206,0.7368739521287848,0.9999999999999996,0.6188009456140362,1.1882659422784816,0.31417965690789507,0.0028189769946038723,8,"[1, 2, 4, 8, 8, 8, 8, 8, 8, 8, 4, 2, 1]",936,0.0034831548055582,1.2586378586167524,1e-12
253a112417a9c169625d053f19ce87e7bcadf3b3e1bdc9b2fe1c0d62035ae4ef,C,tebd_swap,11,rxx,0.05,2,9,7,16,,16,16,mixed,0.5728734421432351,0.5728734421432351,0.4271265578567649,0.44106101566343037,0.9999999999999996,0.8416073247951014,0.5630204345441765,0.14787578855250544,0.003837469033896923,16,"[1, 2, 4, 8, 16, 16, 16, 16, 16, 8, 4, 2, 1]",2728,0.002025165914897417,0.5728975846224151,1e-12
b0ffb87594a21f59481b6f420d3e9fceda8e5782cc1e05f6f7e7559e5ae68f9f,C,tebd_swap,11,rxx,0.05,2,9,7,64,,16,16,mixed,0.936095001631953,0.936095001631953,0.06390499836804697,0.25487243058929393,0.9999999999999996,1.0000000044131603,0.09088056410533632,0.019241364317736896,0.05819418904138729,54,"[1, 2, 4, 8, 16, 32, 54, 32, 16, 8, 4, 2, 1]",9640,6.043861256560366e-16,2.658515398477943e-14,1e-12
6a7de14e72c6a4be1aae02035dad181117949151d85a003711080db3f51c9f40,C,tebd_swap,11,rzz,0.05,2,8,6,8,,17,17,commuting,0.19522531335016227,0.19522531335016227,0.8047746866498378,0.7082713024136287,0.9999999999999996,0.6207531002068232,1.1834226268112724,0.3121541535494023,0.002464504970703274,8,"[1, 2, 4, 8, 8, 8, 8, 8, 8, 8, 4, 2, 1]",936,0.007249464835018233,1.2500912607463344,1e-12
0925c8ceae84439bc05b333b9beb5f11dc54e27b7471de9be8545056487d1087,C,tebd_swap,11,rzz,0.05,2,8,6,16,,17,17,commuting,0.6641323956761396,0.6641323956761396,0.3358676043238604,0.4039918994622079,0.9999999999999996,0.8905592770463056,0.39836074019598855,0.10973016376343447,0.004157334973569959,16,"[1, 2, 4, 8, 16, 16, 16, 16, 16, 8, 4, 2, 1]",2728,0.011376397501795593,0.4943264975881923,1e-12
2c2d87861783946c66cc0a660babaee6f73ed9acd06c597b2d07df41b907408f,C,tebd_swap,11,rzz,0.05,2,8,6,64,,17,17,commuting,0.998715858313154,0.998715858313154,0.0012841416868459854,0.03584061639190189,0.9999999999999996,0.9999999977883143,0.016602744709499656,0.003096019547772605,0.02408187900437042,32,"[1, 2, 4, 8, 16, 32, 32, 32, 16, 8, 4, 2, 1]",6824,3.2173542397262417e-15,1.5085028984652137e-14,1e-12
c3e809465664c7e1456449c00344eb3802574fd5c8a7a931030988cc1f2274c7,C,tebd_swap,11,rzz,0.05,2,8,6,8,,17,17,mixed,0.17284893676515187,0.17284893676515187,0.8271510632348481,0.7411119340067663,0.9999999999999996,0.6170486217367743,1.192523546035837,0.3151765823227809,0.002579691994469613,8,"[1, 2, 4, 8, 8, 8, 8, 8, 8, 8, 4, 2, 1]",936,0.009462668101973395,1.2681005267187258,1e-12
9458c866f20900d0a2d5d0588505586a4adb7c3b11b4a48c2c7d65a440892509,C,tebd_swap,11,rzz,0.05,2,8,6,16,,17,17,mixed,0.5562105350263928,0.5562105350263928,0.44378946497360716,0.45560617318984103,0.9999999999999996,0.8361623397229153,0.5806782901732515,0.15252925328753533,0.006467484985478222,16,"[1, 2, 4, 8, 16, 16, 16, 16, 16, 8, 4, 2, 1]",2728,0.014039063761255178,0.5869366483836703,1e-12
0b4b68d53e618b89240ccd39188d69763bba6d0935bd4a8dd20556b5fc127df9,C,tebd_swap,11,rzz,0.05,2,8,6,64,,17,17,mixed,0.9226585448733826,0.9226585448733826,0.07734145512661739,0.2808872969885316,0.9999999999999996,1.0000000040381276,0.10814668697653952,0.02171430532763351,0.10765693901339546,62,"[1, 2, 4, 8, 16, 32, 62, 32, 16, 8, 4, 2, 1]",10664,7.085020437141796e-16,2.729365602849361e-14,1e-12
7f2ca7a99977097dc52e674d534ea85c47ffd297d84520fdeaa35bca1fb46472,C,tebd_swap,11,rzz,0.05,3,9,6,8,,18,18,commuting,0.19294228783778317,0.19294228783778317,0.8070577121622169,0.7091879990959136,0.9999999999999996,0.6176176373537533,1.1909592349752596,0.3139725315864423,0.0024559629964642227,8,"[1, 2, 4, 8, 8, 8, 8, 8, 8, 8, 4, 2, 1]",936,0.006608102452630147,1.2566993631989642,1e-12
e7a6c7ddc3fde545b57dffdf9569b6fd01d9fbc4a666c011a59a02b5ead73459,C,tebd_swap,11,rzz,0.05,3,9,6,16,,18,18,commuting,0.6561982127657477,0.6561982127657477,0.34380178723425225,0.4081556151704481,0.9999999999999996,0.8869680106892502,0.4105769846417826,0.1129182636199191,0.0034591889707371593,16,"[1, 2, 4, 8, 16, 16, 16, 16, 16, 8, 4, 2, 1]",2728,0.007594970534954134,0.5019214681231464,1e-12
1a262eb2e7960764b594d99e7aa8b8f244f350f0a2cd8da3ea6c6cfca38805d3,C,tebd_swap,11,rzz,0.05,3,9,6,64,,18,18,commuting,0.9999999973102132,0.9999999973102132,2.689786837706265e-09,5.310077491831746e-08,0.9999999999999996,0.999999998655107,1.4763946808160622e-08,4.997871825628125e-09,0.024734568956773728,32,"[1, 2, 4, 8, 16, 32, 32, 32, 16, 8, 4, 2, 1]",6824,2.814590478925141e-15,1.789961946357728e-14,1e-12
87098a1bb0138a7855d4e40724c280c5fcc7f2021bf9c9530510b64ecdec2019,C,tebd_swap,11,ryy,0.05,3,9,6,8,,18,18,mixed,0.1687404708482201,0.1687404708482201,0.8312595291517799,0.7462719312373132,0.9999999999999996,0.615209260540312,1.1969021066731929,0.31620522346449925,0.0020143669680692255,8,"[1, 2, 4, 8, 8, 8, 8, 8, 8, 8, 4, 2, 1]",936,0.009310680150063939,1.2774112068687897,1e-12
7c3fb2726c5afdb7e82ab4905e9f1a1aa9297af629f80eb86b6b3a4cba105443,C,tebd_swap,11,ryy,0.05,3,9,6,16,,18,18,mixed,0.5527771954427271,0.5527771954427271,0.4472228045572729,0.46026704329314605,0.9999999999999996,0.8359578355253827,0.5813104085725664,0.15248120712254454,0.00907244102563709,16,"[1, 2, 4, 8, 16, 16, 16, 16, 16, 8, 4, 2, 1]",2728,0.010339957305637892,0.5972766056893082,1e-12
2bcf01923fe5b73da904fd957686bb80751e6b4fd10ce58fba4d301213d8d289,C,tebd_swap,11,ryy,0.05,3,9,6,64,,18,18,mixed,0.9093631055512355,0.9093631055512355,0.09063689444876455,0.3046134703215461,0.9999999999999996,1.0000000027411335,0.10814668845834784,0.023363985294013102,0.03937847103225067,64,"[1, 2, 4, 8, 16, 32, 64, 32, 16, 8, 4, 2, 1]",10920,2.326975726740982e-15,2.962063175523459e-14,1e-12
fa4215aa4dbe2378dc22c5c221ddd3eaf379721c0a0b816075bb3d42ec597b59,C,tebd_swap,11,rzz,0.05,2,9,7,8,,19,19,commuting,0.19138492715789318,0.19138492715789318,0.8086150728421069,0.7108737493862425,0.9999999999999996,0.6166788047956567,1.1932032170861895,0.31434564880934385,0.0028636250062845647,8,"[1, 2, 4, 8, 8, 8, 8, 8, 8, 8, 4, 2, 1]",936,0.002763073993002598,1.2594624371919667,1e-12
eeb74810f031a0257c529a2c6b79868672b1b473bbbeeb5b841195df6b37084a,C,tebd_swap,11,rzz,0.05,2,9,7,16,,19,19,commuting,0.6505588393927313,0.6505588393927313,0.3494411606072687,0.4142981136916455,0.9999999999999996,0.8858823187671335,0.4142674696026809,0.1137214478841252,0.004881166038103402,16,"[1, 2, 4, 8, 16, 16, 16, 16, 16, 8, 4, 2, 1]",2728,0.0013303938687230419,0.5032518619918693,1e-12
529dbf8c248e059e991e0687701f7ce100e858c59fd49efcea2c9b3bedb5cd0c,C,tebd_swap,11,rzz,0.05,2,9,7,64,,19,19,commuting,0.9999999959529702,0.9999999959529702,4.0470298223738155e-09,5.5817540299861975e-08,0.9999999999999996,0.9999999979764858,1.6041161302049467e-08,5.694789025993835e-09,0.029176255979109555,32,"[1, 2, 4, 8, 16, 32, 32, 32, 16, 8, 4, 2, 1]",6824,1.9300622551995996e-15,1.982968171877688e-14,1e-12
6074af4f508dde2327e07cdefd0c80f8d09dc9216d9542a8f6f72c7f6a45e348,C,tebd_swap,11,rxx,0.05,2,9,7,8,,19,19,mixed,0.16744890984257946,0.16744890984257946,0.8325510901574206,0.7486888283881432,0.9999999999999996,0.6155854094251261,1.195989949770875,0.3159809416584338,0.0028268559835851192,8,"[1, 2, 4, 8, 8, 8, 8, 8, 8, 8, 4, 2, 1]",936,0.0035175413085459036,1.2809287481773355,1e-12
f0365051423b2d42549b4b8b7d7e45a2d1749680248f38d35c60c989a23190a5,C,tebd_swap,11,rxx,0.05,2,9,7,16,,19,19,mixed,0.5492900152169837,0.5492900152169837,0.45070998478301627,0.46408060073520446,0.9999999999999996,0.8352561576893763,0.5835727597412612,0.15315285159556052,0.00827509700320661,16,"[1, 2, 4, 8, 16, 16, 16, 16, 16, 8, 4, 2, 1]",2728,0.0016301603604627405,0.5989067660497709,1e-12
8868599ccde4841bbdba858c7962af7e708bdf9bb70ed9d7686ff041727533e6,C,tebd_swap,11,rxx,0.05,2,9,7,64,,19,19,mixed,0.9093631057551075,0.9093631057551075,0.09063689424489252,0.3046134706338057,0.9999999999999996,1.000000002943148,0.10903424636192174,0.02337214213119974,0.07106105104321614,54,"[1, 2, 4, 8, 16, 32, 54, 32, 16, 8, 4, 2, 1]",9640,5.337024945531011e-16,3.015433424978769e-14,1e-12
2d3a690e44a5722202949095ab60406690532b7f2d3307a14c3b5713ccf25f02,C,tebd_swap,11,rzz,0.05,2,8,6,8,,20,20,commuting,0.1877901714685124,0.1877901714685124,0.8122098285314876,0.714950733546058,0.9999999999999996,0.6146948986428737,1.1979237583585811,0.3154664742551287,0.002524394018109888,8,"[1, 2, 4, 8, 8, 8, 8, 8, 8, 8, 4, 2, 1]",936,0.004887344856436822,1.2643497820484035,1e-12
6a20a7da0b14176add4cef3aa4b5e89d64663685cc87e7b7959f6e867cb663ff,C,tebd_swap,11,rzz,0.05,2,8,6,16,,20,20,commuting,0.6433226256945817,0.6433226256945817,0.35667737430541835,0.42414942925105314,0.9999999999999996,0.8854663425857374,0.41569481497211047,0.11402220919020356,0.006457226991187781,16,"[1, 2, 4, 8, 16, 16, 16, 16, 16, 8, 4, 2, 1]",2728,0.009295602611178249,0.5125474646030477,1e-12
42be9875fad4028be19c42e463e0ca427c8dfaa8d6ab9da70ab02e7d88535514,C,tebd_swap,11,rzz,0.05,2,8,6,64,,20,20,commuting,0.9987158581621755,0.9987158581621755,0.0012841418378245484,0.0358406136712414,0.9999999999999996,0.9999999976152651,0.016095376890369884,0.0031585340980101765,0.023453356989193708,32,"[1, 2, 4, 8, 16, 32, 32, 32, 16, 8, 4, 2, 1]",6824,2.952166296742013e-15,2.2781848015518892e-14,1e-12
3e9d4c43f74bc53f607d2d50ecccc934f3d6ae119b4a1564d368b7bc292325fc,C,tebd_swap,11,rzz,0.05,2,8,6,8,,20,20,mixed,0.16320844420700295,0.16320844420700295,0.836791555792997,0.7526480259507486,0.9999999999999996,0.6119316532858803,1.2047868994525113,0.31804132915140504,0.0025397249846719205,8,"[1, 2, 4, 8, 8, 8, 8, 8, 8, 8, 4, 2, 1]",936,0.010829566538943269,1.2917583147162788,1e-12
0f98e0cd3701daa938c2e46b20ad5cdb1136c4ae7ee3f3fbf482910d4777a06e,C,tebd_swap,11,rzz,0.05,2,8,6,16,,20,20,mixed,0.5379233029190835,0.5379233029190835,0.4620766970809165,0.4774348298122476,0.9999999999999996,0.8335521059513419,0.5890955777104754,0.15468840091272917,0.005665791977662593,16,"[1, 2, 4, 8, 16, 16, 16, 16, 16, 8, 4, 2, 1]",2728,0.010997205437196102,0.6099039714869671,1e-12
6bca471e7013f90914475e06ab28d0c4515a2a363e3baf7b916d44e995e20f06,C,tebd_swap,11,rzz,0.05,2,8,6,64,,20,20,mixed,0.8939815591193844,0.8939815591193844,0.10601844088061563,0.3301333727718235,0.9999999999999996,1.000000002386702,0.12610119320672894,0.025847911512658566,0.05623117700451985,62,"[1, 2, 4, 8, 16, 32, 62, 32, 16, 8, 4, 2, 1]",10664,1.38003414738737e-15,3.1534368397175065e-14,1e-12
4885530cc6e3346a2119a3cefb725c80c3a1259f3ee1719f0edc0e350b62f72a,C,tebd_swap,11,rzz,0.05,3,9,6,8,,21,21,commuting,0.17982183429264428,0.17982183429264428,0.8201781657073557,0.7181402023599825,0.9999999999999996,0.6031860766821863,1.2251395056524519,0.32265987576046967,0.0024543379549868405,8,"[1, 2, 4, 8, 8, 8, 8, 8, 8, 8, 4, 2, 1]",936,0.013332386748749743,1.2776821687971534,1e-12
e66103982d99e344c99374e95557fbbfa5e58c46dfc2e7077ce94eaf8610e33d,C,tebd_swap,11,rzz,0.05,3,9,6,16,,21,21,commuting,0.6378507358082908,0.6378507358082908,0.36214926419170923,0.4274458959883594,0.9999999999999996,0.8831880628874887,0.4234132604090284,0.11610613968645082,0.005579709017183632,16,"[1, 2, 4, 8, 16, 16, 16, 16, 16, 8, 4, 2, 1]",2728,0.004449781721513156,0.5169972463245609,1e-12
613f8017012a1114047aad3d1ad73e3b7d922dd9b2a92733ef5f6d411af9e48f,C,tebd_swap,11,rzz,0.05,3,9,6,64,,21,21,commuting,0.9999999931328367,0.9999999931328367,6.867163282464617e-09,7.03038655602875e-08,0.9999999999999996,0.9999999965664201,1.9631217776372445e-08,7.624050580224324e-09,0.039443999994546175,32,"[1, 2, 4, 8, 16, 32, 32, 32, 16, 8, 4, 2, 1]",6824,3.2212006695493173e-15,2.600304868506821e-14,1e-12
48d259ad658ad87aef1000b4f01e085be003b2cd2c103b9c2bae80b32ce6eeeb,C,tebd_swap,11,ryy,0.05,3,9,6,8,,21,21,mixed,0.16029504563814242,0.16029504563814242,0.8397049543618575,0.7568747869172734,0.9999999999999996,0.6112255863697095,1.206451558130318,0.3184088541575305,0.0024348670267499983,8,"[1, 2, 4, 8, 8, 8, 8, 8, 8, 8, 4, 2, 1]",936,0.01001492287366855,1.3017732375899476,1e-12
a7127f6be7e0044ab88b12940393530e3d6d1cc083b5a88f22869b2f2bd31e0e,C,tebd_swap,11,ryy,0.05,3,9,6,16,,21,21,mixed,0.5361311753952884,0.5361311753952884,0.46386882460471157,0.4811435776697761,0.9999999999999996,0.8342174301259926,0.5868813222878015,0.15386370568883279,0.003673624014481902,16,"[1, 2, 4, 8, 16, 16, 16, 16, 16, 8, 4, 2, 1]",2728,0.007025142887278675,0.6169291143742457,1e-12
6b594e80639b7287a7eefde3bbc87413e4839f9a49a5c319c5351ace666aabd2,C,tebd_swap,11,ryy,0.05,3,9,6,64,,21,21,mixed,0.8788192788459008,0.8788192788459008,0.12118072115409917,0.35368456891272537,0.9999999999999996,1.0000000013804293,0.1261011943359565,0.027605848378117723,0.012483954022172838,64,"[1, 2, 4, 8, 16, 32, 64, 32, 16, 8, 4, 2, 1]",10920,1.4359472831414665e-15,3.297031568031653e-14,1e-12
49e46d52ef9930730884412f64d202aa34fb2ea51b2077e85a33fe0522b236c2,C,tebd_swap,11,rzz,0.05,2,9,7,8,,22,22,commuting,0.17639610734510772,0.17639610734510772,0.8236038926548923,0.7194975117363892,0.9999999999999996,0.5980530086186246,1.2371184889421603,0.3255535770584787,0.002823474002070725,8,"[1, 2, 4, 8, 8, 8, 8, 8, 8, 8, 4, 2, 1]",936,0.004485933066611502,1.282168101863765,1e-12
bca4bba481aa9978f72624d6aac29212a404e2c43d58da7c3ae55337063814b3,C,tebd_swap,11,rzz,0.05,2,9,7,16,,22,22,commuting,0.6327887531907863,0.6327887531907863,0.3672112468092137,0.43302474680870884,0.9999999999999996,0.8823099439141785,0.42639835293074646,0.1166794934721115,0.004972000955604017,16,"[1, 2, 4, 8, 16, 16, 16, 16, 16, 8, 4, 2, 1]",2728,0.0011532494258914153,0.5181504957504522,1e-12
86acfe6f19ebac66704511765ca6c7adf28e534385f556d740946cd820a846ad,C,tebd_swap,11,rzz,0.05,2,9,7,64,,22,22,commuting,0.999999993127294,0.999999993127294,6.872705959892755e-09,7.471151539508936e-08,0.9999999999999996,0.9999999965636489,1.976356979460636e-08,7.957616707500757e-09,0.037811782967764884,32,"[1, 2, 4, 8, 16, 32, 32, 32, 16, 8, 4, 2, 1]",6824,2.0865351290090908e-15,2.80895838140773e-14,1e-12
632c67278afdf7adf7fb10b06443efcf265524ee623d9a3d4df73ab41e50d03e,C,tebd_swap,11,rxx,0.05,2,9,7,8,,22,22,mixed,0.15936340279087208,0.15936340279087208,0.8406365972091279,0.759150951081727,0.9999999999999996,0.61214139487304,1.2042648657924295,0.3178938045847177,0.0028211359749548137,8,"[1, 2, 4, 8, 8, 8, 8, 8, 8, 8, 4, 2, 1]",936,0.003962239687597714,1.3057354772775454,1e-12
0b95ca563f5db5dd2967de5aee0a0d42a839a70d9a6fa908ebfb5156de938a00,C,tebd_swap,11,rxx,0.05,2,9,7,16,,22,22,mixed,0.532137682575817,0.532137682575817,0.46786231742418305,0.48531532097900226,0.9999999999999996,0.8333584562517761,0.5896494803297327,0.15456184953744234,0.006978483987040818,16,"[1, 2, 4, 8, 16, 16, 16, 16, 16, 8, 4, 2, 1]",2728,0.001609384326313927,0.6185384987005595,1e-12
83c6a77137b550e7eaf1bf3f457c47b15803c2e326bfbfe0c3cd4c4292562b37,C,tebd_swap,11,rxx,0.05,2,9,7,64,,22,22,mixed,0.8788192792973407,0.8788192792973407,0.12118072070265928,0.35368456908866935,0.9999999999999996,1.0000000016834372,0.12695809818694714,0.027596690787871803,0.03796382300788537,54,"[1, 2, 4, 8, 16, 32, 54, 32, 16, 8, 4, 2, 1]",9640,5.331384474431055e-16,3.350345412775964e-14,1e-12
84f8b062451bb82a2493d570034127ed23d3d7b10ae703c7ee9cbd157cf6bec9,C,tebd_swap,11,rzz,0.05,2,8,6,8,,23,23,commuting,0.1732820002739612,0.1732820002739612,0.8267179997260388,0.723619762337452,0.9999999999999996,0.5967986704754522,1.240015297059764,0.3261702571117684,0.0024564529885537922,8,"[1, 2, 4, 8, 8, 8, 8, 8, 8, 8, 4, 2, 1]",936,0.0038706887353328976,1.2860387905990978,1e-12
0437cd843deb64c085413425e13032d922fc3c4b140d37ee1551486844073219,C,tebd_swap,11,rzz,0.05,2,8,6,16,,23,23,commuting,0.6262121951045531,0.6262121951045531,0.37378780489544694,0.4435735240351929,0.9999999999999996,0.8828526930106438,0.42452940229824465,0.1161179717854605,0.004191999963950366,16,"[1, 2, 4, 8, 16, 16, 16, 16, 16, 8, 4, 2, 1]",2728,0.0071965934145284405,0.5253470891649806,1e-12
aa7384b99a6e0446913640208f24adc6b0a96b1c8cc62f881d9ee9087baf7b5c,C,tebd_swap,11,rzz,0.05,2,8,6,64,,23,23,commuting,0.9987158556857582,0.9987158556857582,0.0012841443142418418,0.03584061097676887,0.9999999999999996,0.9999999962796898,0.015498540077230227,0.003226605056823225,0.032198075961787254,32,"[1, 2, 4, 8, 16, 32, 32, 32, 16, 8, 4, 2, 1]",6824,2.412511174620496e-15,3.050209498869779e-14,1e-12
c07f3d86d14889d9555c909a513f120a26b5d286debf69a3bcb2bb506dd39412,C,tebd_swap,11,rzz,0.05,2,8,6,8,,23,23,mixed,0.15482169354643394,0.15482169354643394,0.8451783064535661,0.7634520720137874,0.9999999999999996,0.6081174430105925,1.2138633425148602,0.3200809760654775,0.0025047259987331927,8,"[1, 2, 4, 8, 8, 8, 8, 8, 8, 8, 4, 2, 1]",936,0.011848881481358231,1.3175843587589038,1e-12
06b2e368ae1eb2458a46ff550665168e8aa9afef23ccabd1027f4a9c8d3c2dba,C,tebd_swap,11,rzz,0.05,2,8,6,16,,23,23,mixed,0.5239862489880601,0.5239862489880601,0.4760137510119399,0.49617830871892493,0.9999999999999996,0.8330250916311122,0.5907316895350705,0.15475374459483665,0.0035327320219948888,16,"[1, 2, 4, 8, 16, 16, 16, 16, 16, 8, 4, 2, 1]",2728,0.008261160359098041,0.6267996590596575,1e-12
f6062c9da778f3d0b97ba5617c8d87b1dcc36d938d6cac10deb47d9624aff4b3,C,tebd_swap,11,rzz,0.05,2,8,6,64,,23,23,mixed,0.861727609080705,0.861727609080705,0.138272390919295,0.3787008167544154,0.9999999999999996,1.0000000009224526,0.14378397108693636,0.030078252109387298,0.03975387802347541,62,"[1, 2, 4, 8, 16, 32, 62, 32, 16, 8, 4, 2, 1]",10664,2.449746809199706e-15,3.595320093695935e-14,1e-12
b7c50b23a831191b521e112ef9b024d9840b330e6d025e3035943286938f0caf,C,tebd_swap,11,rzz,0.05,3,9,6,8,,24,24,commuting,0.15848295750104904,0.15848295750104904,0.841517042498951,0.7308668858273543,0.9999999999999996,0.5747736648146852,1.2901525606652893,0.33993663935311697,0.0025002130423672497,8,"[1, 2, 4, 8, 8, 8, 8, 8, 8, 8, 4, 2, 1]",936,0.030143541597540527,1.3161823321966384,1e-12
54900ce801da29ff87592ed75fcad653cef414503898993812529b3de2388570,C,tebd_swap,11,rzz,0.05,3,9,6,16,,24,24,commuting,0.6239611854183089,0.6239611854183089,0.3760388145816911,0.4453227471378573,0.9999999999999996,0.8821205273012183,0.42698182279860464,0.11646930637875438,0.006694993993733078,16,"[1, 2, 4, 8, 16, 16, 16, 16, 16, 8, 4, 2, 1]",2728,0.004310161199353693,0.5296572503643343,1e-12
4072d7c2a904d0c4e80c88726e457275cd69327e1089155f5ba19dd15ade5e46,C,tebd_swap,11,rzz,0.05,3,9,6,64,,24,24,commuting,0.9999999926029877,0.9999999926029877,7.397012335985664e-09,8.73063298991803e-08,0.9999999999999996,0.999999996301497,2.564492612711078e-08,9.364972643014008e-09,0.04131870699347928,32,"[1, 2, 4, 8, 16, 32, 32, 32, 16, 8, 4, 2, 1]",6824,2.7802025070742317e-15,3.3282297495772025e-14,1e-12
35c1cccf498f59db20d75410f19f0ec9d76a361e6622dbedbda1739f71eaeafd,C,tebd_swap,11,ryy,0.05,3,9,6,8,,24,24,mixed,0.1522298896655954,0.1522298896655954,0.8477701103344046,0.7668097855687689,0.9999999999999996,0.6069021557011859,1.2167191008613871,0.32070860140541535,0.0024815479991957545,8,"[1, 2, 4, 8, 8, 8, 8, 8, 8, 8, 4, 2, 1]",936,0.009977707294850403,1.327562066053754,1e-12
90d69813c75eb80c92486c4410c526c65e9dddb3fc83ba8d9eb23bedf2160545,C,tebd_swap,11,ryy,0.05,3,9,6,16,,24,24,mixed,0.518408127981475,0.518408127981475,0.48159187201852505,0.501503660772303,0.9999999999999996,0.8315751382688946,0.5954107456503899,0.15588610849473777,0.007468002964742482,16,"[1, 2, 4, 8, 16, 16, 16, 16, 16, 8, 4, 2, 1]",2728,0.005773045165932524,0.63257270422559,1e-12
2a75d3112ce63eac75b86fc43654060800f62208ec650ed3ba9f6559deb74200,C,tebd_swap,11,ryy,0.05,3,9,6,64,,24,24,mixed,0.8449405256270635,0.8449405256270635,0.15505947437293655,0.4019789425443226,0.9999999999999996,1.0000000003036296,0.14378397199983844,0.03194212464954362,0.04593112599104643,64,"[1, 2, 4, 8, 16, 32, 64, 32, 16, 8, 4, 2, 1]",10920,7.844789024206188e-16,3.6737679839379966e-14,1e-12
1aaa26e6ef81ab5d1e0d8840fe483afe67e2b2f005afdc1a38ee7c04e7d4ebb9,C,tebd_swap,11,rzz,0.05,2,9,7,8,,25,25,commuting,0.15405901721433807,0.15405901721433807,0.8459409827856619,0.7338362595714988,0.9999999999999996,0.5687905643185733,1.3034437266165944,0.3432050268858437,0.0028156499611213803,8,"[1, 2, 4, 8, 8, 8, 8, 8, 8, 8, 4, 2, 1]",936,0.011799445454342711,1.327981777650981,1e-12
d516962344476976867fc9bcb32cfa78e191d95163b75bb61f62d7f415388a3c,C,tebd_swap,11,rzz,0.05,2,9,7,16,,25,25,commuting,0.6192320481168185,0.6192320481168185,0.38076795188318147,0.45130761557828736,0.9999999999999996,0.8817621769035979,0.42817870936995095,0.11653007605719873,0.0037888819933868945,16,"[1, 2, 4, 8, 16, 16, 16, 16, 16, 8, 4, 2, 1]",2728,0.0011223644217338384,0.5307796147860682,1e-12
c11c0d3d32a0c9f676d00c1ec55e9212ad90d0c4ee85c8da4ab8ffd253e4847c,C,tebd_swap,11,rzz,0.05,2,9,7,64,,25,25,commuting,0.999999992977362,0.999999992977362,7.022638026654704e-09,9.00685811377877e-08,0.9999999999999996,0.999999996488685,2.743247484726652e-08,9.656434225698655e-09,0.038161879987455904,32,"[1, 2, 4, 8, 16, 32, 32, 32, 16, 8, 4, 2, 1]",6824,1.839697209167873e-15,3.5121994704939894e-14,1e-12
dee776d5bf4a807440558d862bb3b46ccefff03ce8d79de12f96665d25b342c5,C,tebd_swap,11,rxx,0.05,2,9,7,8,,25,25,mixed,0.15118808978271622,0.15118808978271622,0.8488119102172837,0.7689496991439273,0.9999999999999996,0.6074058719221506,1.2155196437144395,0.32040290866391635,0.0028141079819761217,8,"[1, 2, 4, 8, 8, 8, 8, 8, 8, 8, 4, 2, 1]",936,0.00398641147379344,1.3315484775275477,1e-12
460f51889fa96e4988f8abac424b00ba6e2958c82d5a5a63a32c05e4f84f4a79,C,tebd_swap,11,rxx,0.05,2,9,7,16,,25,25,mixed,0.5138617948486908,0.5138617948486908,0.48613820515130923,0.5065250800067579,0.9999999999999996,0.8308132994841465,0.597865519024402,0.15664531329559012,0.006663218955509365,16,"[1, 2, 4, 8, 16, 16, 16, 16, 16, 8, 4, 2, 1]",2728,0.0014106540650932016,0.6339833582906832,1e-12
f56be84cebc247959e3d62e544dbcc77bebf1db879644e818776421fe4a8b872,C,tebd_swap,11,rxx,0.05,2,9,7,64,,25,25,mixed,0.8449405265146728,0.8449405265146728,0.15505947348532723,0.40197894271654033,0.9999999999999996,1.00000000085567,0.1445561496184617,0.03191142128714432,0.02907288499409333,54,"[1, 2, 4, 8, 16, 32, 54, 32, 16, 8, 4, 2, 1]",9640,6.216896033846876e-16,3.735936944276465e-14,1e-12
1d7d1485b00d391c65ec6a39927b30522039abe2bf8862609ad69dca8dfc9554,C,tebd_swap,11,rzz,0.05,2,8,6,8,,26,26,commuting,0.15102461086418334,0.15102461086418334,0.8489753891358167,0.7374892688585494,0.9999999999999996,0.5666816764505608,1.3081169325524586,0.34430826178753604,0.0024902360164560378,8,"[1, 2, 4, 8, 8, 8, 8, 8, 8, 8, 4, 2, 1]",936,0.008539994228749539,1.3365217718797304,1e-12
3b2a91346c78da0f23473a3b57972343834c347cb550ada3c3ce7fed590ebb89,C,tebd_swap,11,rzz,0.05,2,8,6,16,,26,26,commuting,0.6139938577948758,0.6139938577948758,0.3860061422051242,0.4601726129112495,0.9999999999999996,0.8825610669848124,0.4254160440268948,0.1156617767151177,0.0068857690203003585,16,"[1, 2, 4, 8, 16, 16, 16, 16, 16, 8, 4, 2, 1]",2728,0.005022253832886279,0.5358018686189544,1e-12
a6f698adaeefaf1bee80160a1eb3100a55c74fe98d55f229e5cbfc0381bfbce7,C,tebd_swap,11,rzz,0.05,2,8,6,64,,26,26,commuting,0.9987158563466078,0.9987158563466078,0.0012841436533922446,0.0358406105796886,0.9999999999999996,0.9999999965960948,0.01481819815232932,0.0032984706521187305,0.040633836993947625,32,"[1, 2, 4, 8, 16, 32, 32, 32, 16, 8, 4, 2, 1]",6824,2.166877073343871e-15,3.728887177828376e-14,1e-12
13d7ab9291f9eeefdfc14c077acc32c096f5ed0252e165661ad9f50136c96b95,C,tebd_swap,11,rzz,0.05,2,8,6,8,,26,26,mixed,0.14731807346711215,0.14731807346711215,0.8526819265328879,0.7730858819725221,0.9999999999999996,0.6044026085265907,1.2226289831510122,0.3218995700305029,0.002546649018768221,8,"[1, 2, 4, 8, 8, 8, 8, 8, 8, 8, 4, 2, 1]",936,0.011288793176949297,1.3428372707044969,1e-12
9b114c52e0fac3316c857fbe3b58964bb4c13e1741f89e5160af93a94e71c5c0,C,tebd_swap,11,rzz,0.05,2,8,6,16,,26,26,mixed,0.5033021064647096,0.5033021064647096,0.49669789353529037,0.5195389847140817,0.9999999999999996,0.8299376590361193,0.600681426076235,0.15741845602021268,0.004413590009789914,16,"[1, 2, 4, 8, 16, 16, 16, 16, 16, 8, 4, 2, 1]",2728,0.007139165790080739,0.641122524080764,1e-12
84bcee2f23495406e13d20093a55ad169c807ec5966021c0215c7b8acc093fb2,C,tebd_swap,11,rzz,0.05,2,8,6,64,,26,26,mixed,0.8263943684504729,0.8263943684504729,0.17360563154952713,0.42646839244328955,0.9999999999999996,1.0000000016214161,0.1611000412411408,0.034399901129802235,0.021455031994264573,63,"[1, 2, 4, 8, 16, 32, 63, 32, 16, 8, 4, 2, 1]",10792,1.3481737365578276e-15,3.870754317932248e-14,1e-12
2b1d4d097f7c05552779ce733c3ca93850f3b3ac349d41745c7aeb6cbecc9f89,C,tebd_swap,11,rzz,0.05,3,9,6,8,,27,27,commuting,0.14402776385329558,0.14402776385329558,0.8559722361467044,0.7453072061465893,0.9999999999999996,0.5608053411173246,1.320945044417453,0.3477631693164778,0.0025900750188156962,8,"[1, 2, 4, 8, 8, 8, 8, 8, 8, 8, 4, 2, 1]",936,0.03712540303283742,1.3736471749125678,1e-12
ee3944ec6e469e7d721cd55bee7577a4e92792c2a7ed496b0f32c0ce37088eca,C,tebd_swap,11,rzz,0.05,3,9,6,16,,27,27,commuting,0.6139751057763824,0.6139751057763824,0.38602489422361763,0.4611529807485935,0.9999999999999996,0.8830590826609034,0.42366901900814224,0.11481279310548606,0.005316091002896428,16,"[1, 2, 4, 8, 16, 16, 16, 16, 16, 8, 4, 2, 1]",2728,0.004007129991295262,0.5398089986102498,1e-12
089141309e20fd2a2fb217382c482135dfe064607e1e1a3b3165fe6494dfee7a,C,tebd_swap,11,rzz,0.05,3,9,6,64,,27,27,commuting,0.9999999936000976,0.9999999936000976,6.3999023858229975e-09,9.857518497619147e-08,0.9999999999999996,0.9999999968000529,3.095232892214028e-08,1.0442359205933534e-08,0.0048104560119099915,32,"[1, 2, 4, 8, 16, 32, 32, 32, 16, 8, 4, 2, 1]",6824,2.5615357230582897e-15,3.9850407501342055e-14,1e-12
0ff2996b0371159abaca35a00b9fbf4ee7957bbd8e16e296b0fc88cd6fc4c827,C,tebd_swap,11,ryy,0.05,3,9,6,8,,27,27,mixed,0.14498600918191204,0.14498600918191204,0.8550139908180879,0.776029347648164,0.9999999999999996,0.6031269488449155,1.2255977232527806,0.3225579384682027,0.002469798957463354,8,"[1, 2, 4, 8, 8, 8, 8, 8, 8, 8, 4, 2, 1]",936,0.008962524963908399,1.3517997956684054,1e-12
f881d0863d46926d22db14b9dfc54f81426eac97fe843c0f0fc23a607f22ed13,C,tebd_swap,11,ryy,0.05,3,9,6,16,,27,27,mixed,0.4948869491671058,0.4948869491671058,0.5051130508328943,0.5258015531040373,0.9999999999999996,0.826699043522552,0.6110745162371347,0.1599076366288291,0.0039688669494353235,16,"[1, 2, 4, 8, 16, 16, 16, 16, 16, 8, 4, 2, 1]",2728,0.005349083822834298,0.6464716079035981,1e-12
8b312677298541e4f15c8486eab71df3d90b4ad43de67668b06be98304cbcc74,C,tebd_swap,11,ryy,0.05,3,9,6,64,,27,27,mixed,0.808242647309121,0.808242647309121,0.191757352690879,0.44939256475451206,0.9999999999999996,1.0000000014606902,0.16110004166047595,0.036367082684265674,0.03581869101617485,64,"[1, 2, 4, 8, 16, 32, 64, 32, 16, 8, 4, 2, 1]",10920,2.6383275342567176e-16,3.897137593274815e-14,1e-12
52bdc8e6262289257e48398fbff43befd32d86ab70faf285f243820b97cde6f7,C,tebd_swap,11,rzz,0.05,2,9,7,8,,28,28,commuting,0.13947572697622665,0.13947572697622665,0.8605242730237733,0.7524789090759422,0.9999999999999996,0.5596011911322565,1.323561421126059,0.34817247042040966,0.0027636290178634226,8,"[1, 2, 4, 8, 8, 8, 8, 8, 8, 8, 4, 2, 1]",936,0.038775483103887516,1.4124226580164554,1e-12
48578788472dc24b3e4d5830848d845dfbf2439f60a00226f9b94b08d8b2ede3,C,tebd_swap,11,rzz,0.05,2,9,7,16,,28,28,commuting,0.608996204617308,0.608996204617308,0.39100379538269203,0.4674449624217682,0.9999999999999996,0.8827621257271804,0.4246645730260521,0.11487970250233379,0.004570726014208049,16,"[1, 2, 4, 8, 16, 16, 16, 16, 16, 8, 4, 2, 1]",2728,0.0009899055985016943,0.5407989042087515,1e-12
f7fdffabb7138d48a317fc75ba54379065b8893cee0f6ee3a4dfe3ba4f301670,C,tebd_swap,11,rzz,0.05,2,9,7,64,,28,28,commuting,0.9999999938902089,0.9999999938902089,6.1097911174812225e-09,9.977587276546666e-08,0.9999999999999996,0.9999999969451085,3.200829862270993e-08,1.0467159219014364e-08,0.04540763999102637,32,"[1, 2, 4, 8, 16, 32, 32, 32, 16, 8, 4, 2, 1]",6824,5.777168719578909e-16,4.0428124373299944e-14,1e-12
36862cc26a396da855422d94035f993c461addd75772483f09ffaa1e973fbc3f,C,tebd_swap,11,rxx,0.05,2,9,7,8,,28,28,mixed,0.14414341473144685,0.14414341473144685,0.8558565852685531,0.7779139467696043,0.9999999999999996,0.6037173046785432,1.224206178893351,0.3223138632368032,0.0028249399620108306,8,"[1, 2, 4, 8, 8, 8, 8, 8, 8, 8, 4, 2, 1]",936,0.003194405073232525,1.3549942007416376,1e-12
6b9f2c4259dd75946c7687acbaa6bb42c040c78f58961416268bf605309ab4f1,C,tebd_swap,11,rxx,0.05,2,9,7,16,,28,28,mixed,0.4901820898969694,0.4901820898969694,0.5098179101030307,0.5307903670468763,0.9999999999999996,0.8258320156132081,0.6138620744093239,0.1608136975391192,0.004523178038652986,16,"[1, 2, 4, 8, 16, 16, 16, 16, 16, 8, 4, 2, 1]",2728,0.0012035852623345114,0.6476751931659327,1e-12
e187f14da1ccb4eef31cb65606e8025521800c3bb33c9ce7f38b5f143e918537,C,tebd_swap,11,rxx,0.05,2,9,7,64,,28,28,mixed,0.8082426489903319,0.8082426489903319,0.19175735100966806,0.4493925652221352,0.9999999999999996,1.0000000026058575,0.16173329614837922,0.03631112831750764,0.021947090979665518,54,"[1, 2, 4, 8, 16, 32, 54, 32, 16, 8, 4, 2, 1]",9640,7.475723043382032e-16,3.971894823708635e-14,1e-12
7450a82ec4eedb8df515ae9646e51e5ce79efbd30df5dfe57168973753920b7d,C,tebd_swap,11,rzz,0.05,2,8,6,8,,29,29,commuting,0.13542492869301279,0.13542492869301279,0.8645750713069872,0.7560640397797466,0.9999999999999996,0.5546488581670923,1.3342952732054063,0.35102308053661274,0.0025137540069408715,8,"[1, 2, 4, 8, 8, 8, 8, 8, 8, 8, 4, 2, 1]",936,0.012670992187221695,1.4250936502036768,1e-12
87c6c9c2ecc617147b0148278efb3793817fd95acd5475505b7bdf5da151430f,C,tebd_swap,11,rzz,0.05,2,8,6,16,,29,29,commuting,0.6028751862925449,0.6028751862925449,0.3971248137074551,0.47573219873903133,0.9999999999999996,0.8827354511918399,0.424732835033369,0.1147591963147524,0.00516222498845309,16,"[1, 2, 4, 8, 16, 16, 16, 16, 16, 8, 4, 2, 1]",2728,0.004258438706996436,0.5450573429157479,1e-12
471a8fe53e8a969fd827aa6011f6e6e42b04983808ed4b3da8958649dcf662d1,C,tebd_swap,11,rzz,0.05,2,8,6,64,,29,29,commuting,0.9987158550162406,0.9987158550162406,0.0012841449837593943,0.035840610738481965,0.9999999999999996,0.9999999959361758,0.0140611515918109,0.0033724630601567537,0.043543657986447215,32,"[1, 2, 4, 8, 16, 32, 32, 32, 16, 8, 4, 2, 1]",6824,2.246430943197877e-15,4.267455531649782e-14,1e-12
5a26f04c9406f6cd81245e900ae259f97d59404c389eb1ecaae4cfbf37088f9b,C,tebd_swap,11,rzz,0.05,2,8,6,8,,29,29,mixed,0.14056590715370468,0.14056590715370468,0.8594340928462953,0.7820727588912281,0.9999999999999996,0.6012322369253864,1.2300655478004203,0.3234060437781217,0.0024936230038292706,8,"[1, 2, 4, 8, 8, 8, 8, 8, 8, 8, 4, 2, 1]",936,0.011051083361586509,1.3660452841032238,1e-12
265768697f55abe1ca209ff7e7a42ebed2fbe4770fa2ddf2f3ddfaf9ab53ffa1,C,tebd_swap,11,rzz,0.05,2,8,6,16,,29,29,mixed,0.48120842177151024,0.48120842177151024,0.5187915782284898,0.5427794327340687,0.9999999999999996,0.8258288374970892,0.6138534187490547,0.16088947710245258,0.006943325977772474,16,"[1, 2, 4, 8, 16, 16, 16, 16, 16, 8, 4, 2, 1]",2728,0.005968734060995197,0.6536439272269278,1e-12
a1646296447175ff024d8cddfb3026a97395db6dd729fdc6bcbdc8fd4c59f0c9,C,tebd_swap,11,rzz,0.05,2,8,6,64,,29,29,mixed,0.7885120342131959,0.7885120342131959,0.21148796578680407,0.4733244183499817,0.9999999999999996,1.0000000035669316,0.17795549487695284,0.038806253550654334,0.033459490980021656,63,"[1, 2, 4, 8, 16, 32, 63, 32, 16, 8, 4, 2, 1]",10792,2.1649510680969397e-15,4.188389930518329e-14,1e-12
342c1eca7da1c7a738b21bf7aae4c6986ab37f7d7b31c09d8c00ae0960f22e86,C,tebd_swap,11,rzz,0.05,3,9,6,8,,30,30,commuting,0.13237588977051218,0.13237588977051218,0.8676241102294878,0.7601597161666486,0.9999999999999996,0.5527320744347312,1.3383985181647367,0.35207318368839957,0.002470460021868348,8,"[1, 2, 4, 8, 8, 8, 8, 8, 8, 8, 4, 2, 1]",936,0.01454947835423523,1.4396431285579119,1e-12
1aec7c6f90f6814809a8ba2e11719d00065cc2aca851bfd30490ca8d8b4c9eed,C,tebd_swap,11,rzz,0.05,3,9,6,16,,30,30,commuting,0.6005165290633289,0.6005165290633289,0.39948347093667114,0.4778853142746114,0.9999999999999996,0.8821759488790464,0.42662150621619244,0.11512243329355175,0.004567595955450088,16,"[1, 2, 4, 8, 16, 16, 16, 16, 16, 8, 4, 2, 1]",2728,0.0028787527234274157,0.5479360956391752,1e-12
9d2f389138983383ba6de053a9ffbc81889d2216b2e079a11543aa0c39fc3049,C,tebd_swap,11,rzz,0.05,3,9,6,64,,30,30,commuting,0.9999999943978102,0.9999999943978102,5.602189823150638e-09,1.08165142553072e-07,0.9999999999999996,0.9999999971989091,3.127663106283762e-08,1.061612121904674e-08,0.045406651974190027,32,"[1, 2, 4, 8, 16, 32, 32, 32, 16, 8, 4, 2, 1]",6824,2.7732370003008694e-15,4.544779231679869e-14,1e-12
32b8504c309a31f30680ff532df7865e7963b8d64ff092d863191542a6511496,C,tebd_swap,11,ryy,0.05,3,9,6,8,,30,30,mixed,0.1379739015981918,0.1379739015981918,0.8620260984018082,0.7861851192850526,0.9999999999999996,0.6008192812881094,1.2309909251187243,0.32348273402056976,0.0024337400100193918,8,"[1, 2, 4, 8, 8, 8, 8, 8, 8, 8, 4, 2, 1]",936,0.0071102775030801165,1.373155561606304,1e-12
e3ef26f83c7065d44ea3e72ded61a473d72b0cf16a395a5cc2fd1c75375bba80,C,tebd_swap,11,ryy,0.05,3,9,6,16,,30,30,mixed,0.47309401338657586,0.47309401338657586,0.5269059866134241,0.5493307063611303,0.9999999999999996,0.823043634522801,0.6227257791002527,0.16303107732325733,0.00615888403262943,16,"[1, 2, 4, 8, 16, 16, 16, 16, 16, 8, 4, 2, 1]",2728,0.003573719094539298,0.657217646321467,1e-12
50733fec5073417a33086ab3c0abedfd35a751dd6879ec16c6b0ec62b90cfbd0,C,tebd_swap,11,ryy,0.05,3,9,6,64,,30,30,mixed,0.7692676039159183,0.7692676039159183,0.2307323960840817,0.4958245362780391,0.9999999999999996,1.0000000034447145,0.17795549524741822,0.0408734398952351,0.04095737502211705,64,"[1, 2, 4, 8, 16, 32, 64, 32, 16, 8, 4, 2, 1]",10920,1.9237877701858827e-16,4.207627808220188e-14,1e-12
2ed1dbff62606e6bbdd135c05e27a562a8a651cbe489b8b1726f5b2235f7e2cb,C,tebd_swap,11,rzz,0.05,2,9,7,8,,31,31,commuting,0.13159920482924092,0.13159920482924092,0.8684007951707591,0.7633636878289134,0.9999999999999996,0.5552082616658148,1.3330526246671592,0.35046464884054296,0.0028271779883652925,8,"[1, 2, 4, 8, 8, 8, 8, 8, 8, 8, 4, 2, 1]",936,0.0063750473588571445,1.4460181759167692,1e-12
caef9999b3eb7a80a459619c8aa9589e24452ec88b6251d927961a6342f5ecc8,C,tebd_swap,11,rzz,0.05,2,9,7,16,,31,31,commuting,0.5950366233076565,0.5950366233076565,0.4049633766923435,0.4843471913208035,0.9999999999999996,0.8816827897791281,0.42829838425327615,0.115403719409699,0.005706992989871651,16,"[1, 2, 4, 8, 16, 16, 16, 16, 16, 8, 4, 2, 1]",2728,0.0009041631366844547,0.5488402587758597,1e-12
6e2696f58eb02bd67a654e0c93322c34e24266313fa7008070c110d3b9cb3984,C,tebd_swap,11,rzz,0.05,2,9,7,64,,31,31,commuting,0.999999995023876,0.999999995023876,4.976123957334266e-09,1.0901157796666301e-07,0.9999999999999996,0.9999999975119422,3.0954737550992206e-08,1.0535054544689295e-08,0.04550585598917678,32,"[1, 2, 4, 8, 16, 32, 32, 32, 16, 8, 4, 2, 1]",6824,5.24686183794399e-16,4.597247850059309e-14,1e-12
249683a2a63e7353966ec783a1677d2d06736277a42e9ca19cc2b32bc409b601,C,tebd_swap,11,rxx,0.05,2,9,7,8,,31,31,mixed,0.1371614945401357,0.1371614945401357,0.8628385054598643,0.7882686348991811,0.9999999999999996,0.6017257228993619,1.2288658847647747,0.32304226347153764,0.0028191060409881175,8,"[1, 2, 4, 8, 8, 8, 8, 8, 8, 8, 4, 2, 1]",936,0.0025728759209810497,1.3757284375272854,1e-12
dff42e8e1770a7a65b3d0e8d92d736e980d9e50aca183b31038ce36936d0fdee,C,tebd_swap,11,rxx,0.05,2,9,7,16,,31,31,mixed,0.4672054926025665,0.4672054926025665,0.5327945073974335,0.554781125114648,0.9999999999999996,0.8214808164327266,0.6277377697163908,0.16436680248966473,0.003895425994414836,16,"[1, 2, 4, 8, 16, 16, 16, 16, 16, 8, 4, 2, 1]",2728,0.0009777362289267834,0.6581953825503939,1e-12
e97443fc4f95fe1e3cc864a9a40d851db798b3bd291a14c62422d292241fab03,C,tebd_swap,11,rxx,0.05,2,9,7,64,,31,31,mixed,0.7692676065246218,0.7692676065246218,0.23073239347537822,0.4958245371988845,0.9999999999999996,1.0000000053884466,0.17839598766788456,0.040789076947170995,0.03789443796267733,54,"[1, 2, 4, 8, 16, 32, 54, 32, 16, 8, 4, 2, 1]",9640,8.400602084980363e-16,4.291633829069991e-14,1e-12
26c087c9c7f8499bf8255d0a57813b0aee16fd34901ec478ec7a58e9775bbe97,C,tebd_swap,11,rzz,0.05,2,8,6,8,,32,32,commuting,0.12737861385781868,0.12737861385781868,0.8726213861421813,0.7683960017083132,0.9999999999999996,0.5515752243804253,1.340854621365508,0.3524839204400077,0.002474024018738419,8,"[1, 2, 4, 8, 8, 8, 8, 8, 8, 8, 4, 2, 1]",936,0.008881653098944179,1.4548998290157134,1e-12
9fd80d395b71c54b3584da8a6de251bbb48af9ba68ce2a70f05e72b29b795429,C,tebd_swap,11,rzz,0.05,2,8,6,16,,32,32,commuting,0.5879395513163111,0.5879395513163111,0.41206044868368885,0.49358553293421287,0.9999999999999996,0.8815730293637812,0.4286408531356145,0.1152851673939913,0.00427258899435401,16,"[1, 2, 4, 8, 16, 16, 16, 16, 16, 8, 4, 2, 1]",2728,0.0038069069618766596,0.5526471657377364,1e-12
86f7be5a02de8bbaa6097691a9979a9ba1ea838583f415ed32b9e0562c0d24f4,C,tebd_swap,11,rzz,0.05,2,8,6,64,,32,32,commuting,0.9987158564860605,0.9987158564860605,0.001284143513939462,0.035840611458724525,0.9999999999999996,0.9999999966973708,0.014107123674084843,0.0034470574289782695,0.024910598003771156,32,"[1, 2, 4, 8, 16, 32, 32, 32, 16, 8, 4, 2, 1]",6824,1.965176557844206e-15,4.7937655058437296e-14,1e-12
af54753a1b70e08a6fe12cbf47187632bf95b71468cabb46fb2957d332ee5b56,C,tebd_swap,11,rzz,0.05,2,8,6,8,,32,32,mixed,0.13375277981877612,0.13375277981877612,0.8662472201812239,0.7930201369155733,0.9999999999999996,0.6002711723966673,1.2322761538771019,0.3237059799056013,0.002544501970987767,8,"[1, 2, 4, 8, 8, 8, 8, 8, 8, 8, 4, 2, 1]",936,0.008036459034044492,1.3837648965613296,1e-12
b7daa9b0a82facea249ba7b0723270e6f4f472affef1b0ba53a8733c58daf30b,C,tebd_swap,11,rzz,0.05,2,8,6,16,,32,32,mixed,0.45953418239620236,0.45953418239620236,0.5404658176037976,0.565948116051799,0.9999999999999996,0.8222385798162377,0.6252744979576563,0.16389962444619405,0.0028249790193513036,16,"[1, 2, 4, 8, 16, 16, 16, 16, 16, 8, 4, 2, 1]",2728,0.004397019555590436,0.6625924021059844,1e-12
a1eb049313a2181bd06ac16c0e86a778e0b44327ac2e4284cde2f2a4bcaaf6fa,C,tebd_swap,11,rzz,0.05,2,8,6,64,,32,32,mixed,0.7486305264550738,0.7486305264550738,0.2513694735449262,0.5191639987243774,0.9999999999999996,1.0000000053884484,0.19425817490624708,0.043289420572577,0.03819235402625054,64,"[1, 2, 4, 8, 16, 32, 64, 32, 16, 8, 4, 2, 1]",10920,0.0,4.291633829069991e-14,1e-12
3eb5f5f32d5c08839a0dfb516fbfb2779d2c6354d7e5f78409da5b09dea4af17,C,tebd_swap,11,rzz,0.05,3,9,6,8,,33,33,commuting,0.12725113150904402,0.12725113150904402,0.872748868490956,0.7700794802628135,0.9999999999999996,0.5535954634520865,1.3364975499681113,0.3511821803088481,0.002433322020806372,8,"[1, 2, 4, 8, 8, 8, 8, 8, 8, 8, 4, 2, 1]",936,0.009457827104394242,1.4643576561201075,1e-12
b082213fa0d08ca7819b18d60444ba24f346e6fe5ecd81893965490c626702be,C,tebd_swap,11,rzz,0.05,3,9,6,16,,33,33,commuting,0.5835506330735869,0.5835506330735869,0.4164493669264131,0.49666457545802734,0.9999999999999996,0.8800485315144871,0.433826069185121,0.11675799903217629,0.005449426011182368,16,"[1, 2, 4, 8, 16, 16, 16, 16, 16, 8, 4, 2, 1]",2728,0.002722031943498926,0.5553691976812354,1e-12
5544deb8d6cbbe87d81bbe0c070372e71830fb0d871c93d70f114b31e8efc982,C,tebd_swap,11,rzz,0.05,3,9,6,64,,33,33,commuting,0.9999999965497959,0.9999999965497959,3.450204122401601e-09,1.1830924154774054e-07,0.9999999999999996,0.9999999982749044,2.996437376001637e-08,1.0438986458331239e-08,0.023512489977292717,32,"[1, 2, 4, 8, 16, 32, 32, 32, 16, 8, 4, 2, 1]",6824,2.6602329445698694e-15,5.059788800300717e-14,1e-12
26dc13a4c61ab0ceb5317eb18d866f7fc99f23c6518163d1fe950726c5660ad9,C,tebd_swap,11,ryy,0.05,3,9,6,8,,33,33,mixed,0.13102361346934877,0.13102361346934877,0.8689763865306512,0.7983733211048767,0.9999999999999996,0.6011186582352587,1.2302700333550747,0.32315018485102104,0.002487151010427624,8,"[1, 2, 4, 8, 8, 8, 8, 8, 8, 8, 4, 2, 1]",936,0.0045330046736961884,1.3882979012350258,1e-12
d5bc1f9de3f2efa74236bc047edabc8952883f8be039b96cf9917899dff80211,C,tebd_swap,11,ryy,0.05,3,9,6,16,,33,33,mixed,0.4502975112412244,0.4502975112412244,0.5497024887587756,0.5737044331620293,0.9999999999999996,0.8192807781357808,0.6346505100857343,0.16592787627891686,0.003445498994551599,16,"[1, 2, 4, 8, 16, 16, 16, 16, 16, 8, 4, 2, 1]",2728,0.0027625442627482746,0.6653549463687328,1e-12
f267cda5a02a3897a94cb094e0fa4f666b6739083f15052b43732374dd9be14b,C,tebd_swap,11,ryy,0.05,3,9,6,64,,33,33,mixed,0.7285706315672376,0.7285706315672376,0.27142936843276244,0.5411774477994995,0.9999999999999996,1.0000000050656317,0.1942581754214088,0.0454524704917225,0.047126206976827234,64,"[1, 2, 4, 8, 16, 32, 64, 32, 16, 8, 4, 2, 1]",10920,1.3855519001275288e-16,4.305489348071266e-14,1e-12
51d7f12e9da276a25135439af60ec028b30806b284e547f052055b3cf9d36c13,C,tebd_swap,11,rzz,0.05,2,9,7,8,,34,34,commuting,0.12562813632852213,0.12562813632852213,0.8743718636714779,0.7737608166511307,0.9999999999999996,0.5546052596663483,1.3343100257043106,0.35037063434107696,0.002809943980537355,8,"[1, 2, 4, 8, 8, 8, 8, 8, 8, 8, 4, 2, 1]",936,0.003956732724840873,1.4683143888449484,1e-12
cd23e2e612567fdb506558110e0c4eb77347ee09c90852e1f8f99d74753c72f3,C,tebd_swap,11,rzz,0.05,2,9,7,16,,34,34,commuting,0.5776267360030881,0.5776267360030881,0.4223732639969119,0.5031748203862665,0.9999999999999996,0.8793293344447792,0.4362719648601392,0.11726959798762332,0.003924949967768043,16,"[1, 2, 4, 8, 16, 16, 16, 16, 16, 8, 4, 2, 1]",2728,0.0009005668092002764,0.5562697644904356,1e-12
259e746739474eca00c41abc2dead02785e61659e9aef5c77be2181f6991a9a3,C,tebd_swap,11,rzz,0.05,2,9,7,64,,34,34,commuting,0.9999999970807061,0.9999999970807061,2.9192939177136168e-09,1.1913467135428626e-07,0.9999999999999996,0.9999999985403589,2.9470687223920322e-08,1.0430382250833009e-08,0.020318646042142063,32,"[1, 2, 4, 8, 16, 32, 32, 32, 16, 8, 4, 2, 1]",6824,5.194490602288599e-16,5.111733706323603e-14,1e-12
f9aac6df5102e79f5f7bd231d7cbd2a7b1ba41c8134970bb2de7f4008cb52ab5,C,tebd_swap,11,rxx,0.05,2,9,7,8,,34,34,mixed,0.1299648247402854,0.1299648247402854,0.8700351752597146,0.8006945856474785,0.9999999999999996,0.601767820143645,1.228750303348681,0.3226836442394408,0.0028605450061149895,8,"[1, 2, 4, 8, 8, 8, 8, 8, 8, 8, 4, 2, 1]",936,0.0018972012631813843,1.3901951024982073,1e-12
49c0849d170f94abe0da029844647d7f71e34af10e2c73f91dc4942bbe2013ab,C,tebd_swap,11,rxx,0.05,2,9,7,16,,34,34,mixed,0.4448027593918162,0.4448027593918162,0.5551972406081838,0.5791948078523876,0.9999999999999996,0.8181303825873194,0.6383219127823405,0.16688596020974178,0.007244887005072087,16,"[1, 2, 4, 8, 16, 16, 16, 16, 16, 8, 4, 2, 1]",2728,0.000920904011908914,0.666275850380642,1e-12
97ddb6061ed25d840942a67be6a3e71f5fe31b952771e88098a9fd2e90c0db63,C,tebd_swap,11,rxx,0.05,2,9,7,64,,34,34,mixed,0.7285706344472693,0.7285706344472693,0.2714293655527307,0.5411774488004601,0.9999999999999996,1.0000000072943935,0.19445291341878002,0.04533709818820541,0.04804376303218305,54,"[1, 2, 4, 8, 16, 32, 54, 32, 16, 8, 4, 2, 1]",9640,6.398596968392358e-16,4.36947531775519e-14,1e-12
f11a425cc48d237ce774afb8a16c363e4714c4766492900e2e068c9375785641,C,tebd_swap,11,rzz,0.05,2,8,6,8,,35,35,commuting,0.12251251319528737,0.12251251319528737,0.8774874868047127,0.7788549470206779,0.9999999999999996,0.5537605796480644,1.3361370168324955,0.3508042721987333,0.002518056018743664,8,"[1, 2, 4, 8, 8, 8, 8, 8, 8, 8, 4, 2, 1]",936,0.006962939934029407,1.475277328778978,1e-12
3d9001e6b6011b4f547d0cb14dcd70e7803dd75e84b1ced5caa8517497a108af,C,tebd_swap,11,rzz,0.05,2,8,6,16,,35,35,commuting,0.5688970562849062,0.5688970562849062,0.43110294371509383,0.5135828073733448,0.9999999999999996,0.878790415890785,0.43807634492420355,0.11754005436232753,0.004306825983803719,16,"[1, 2, 4, 8, 16, 16, 16, 16, 16, 8, 4, 2, 1]",2728,0.0036787020396361605,0.5599484665300718,1e-12
629e44745debdb807ae5b179a29ad89b22a048c080b2bc0569fbd6d714a74d15,C,tebd_swap,11,rzz,0.05,2,8,6,64,,35,35,commuting,0.9987158578766673,0.9987158578766673,0.001284142123332721,0.03584061240871378,0.9999999999999996,0.9999999974271696,0.014717949032658773,0.0035209014702523903,0.03138380899326876,32,"[1, 2, 4, 8, 16, 32, 32, 32, 16, 8, 4, 2, 1]",6824,2.0281218926763202e-15,5.3145458955912347e-14,1e-12
e03eedaa0058d9beea8f244b96606dd635102810ba5304a482da5f590fc98f15,C,tebd_swap,11,rzz,0.05,2,8,6,8,,35,35,mixed,0.12675612561934876,0.12675612561934876,0.8732438743806512,0.8056263526596911,0.9999999999999996,0.6009079384516517,1.2307667381224388,0.3230286527005552,0.0025429369998164475,8,"[1, 2, 4, 8, 8, 8, 8, 8, 8, 8, 4, 2, 1]",936,0.005497832718977641,1.3956929352171852,1e-12
a0777e4d5bc3fcbc3e1ae1808bd0f12f69f8988bb80c53679ece66f43cef8b57,C,tebd_swap,11,rzz,0.05,2,8,6,16,,35,35,mixed,0.4371832979396949,0.4371832979396949,0.5628167020603051,0.5906368015431434,0.9999999999999996,0.819297620939736,0.6345709418097729,0.1662436094571717,0.0038502499810419977,16,"[1, 2, 4, 8, 16, 16, 16, 16, 16, 8, 4, 2, 1]",2728,0.003602677485591312,0.6698785278662333,1e-12
f66e4c9a432bc785b76c7f8990745eb18d6d53c3d16165f0d5a636632e01dd85,C,tebd_swap,11,rzz,0.05,2,8,6,64,,35,35,mixed,0.7073066275656644,0.7073066275656644,0.2926933724343356,0.5638878808195249,0.9999999999999996,1.0000000072943929,0.2099183326860069,0.047840242336699965,0.0534166669822298,64,"[1, 2, 4, 8, 16, 32, 64, 32, 16, 8, 4, 2, 1]",10920,0.0,4.36947531775519e-14,1e-12
8c49e2565241b7c8cd639b7583546fedfa23e35e48ba7a052a6e676fa415f893,C,tebd_swap,11,rzz,0.05,3,9,6,8,,36,36,commuting,0.12079382971736363,0.12079382971736363,0.8792061702826364,0.7820738422407365,0.9999999999999996,0.5538480201069889,1.3359088277572484,0.35071614245041755,0.0025835310225374997,8,"[1, 2, 4, 8, 8, 8, 8, 8, 8, 8, 4, 2, 1]",936,0.017535895285745666,1.4928132240647236,1e-12
b546fada875e1d90a89e265e52c80aa761163e3144634b50d45a8cac9655154a,C,tebd_swap,11,rzz,0.05,3,9,6,16,,36,36,commuting,0.5642648241452706,0.5642648241452706,0.43573517585472943,0.5165816731393187,0.9999999999999996,0.8770449709576428,0.4440049071805905,0.11929332831393635,0.0033976270351558924,16,"[1, 2, 4, 8, 16, 16, 16, 16, 16, 8, 4, 2, 1]",2728,0.002908054175151399,0.5628565207052233,1e-12
da8cc0f2f0d6e455c1a65ea3df6c9261b4256b2b807f642b62bc566e99a44699,C,tebd_swap,11,rzz,0.05,3,9,6,64,,36,36,commuting,0.9999999977379983,0.9999999977379983,2.2620016970620327e-09,1.298309695002236e-07,0.9999999999999996,0.9999999988690066,2.8221704473363474e-08,1.0375630097147558e-08,0.02841613395139575,32,"[1, 2, 4, 8, 16, 32, 32, 32, 16, 8, 4, 2, 1]",6824,2.6195765139120643e-15,5.5765035469824416e-14,1e-12
95c362a9db3b3ced33e53704445f792ae51e544d0e9635e114782195e89134c5,C,tebd_swap,11,ryy,0.05,3,9,6,8,,36,36,mixed,0.1238993160169249,0.1238993160169249,0.8761006839830751,0.8113797647369636,0.9999999999999996,0.6019333980838303,1.2283531584837108,0.32251202752857516,0.0024825140135362744,8,"[1, 2, 4, 8, 8, 8, 8, 8, 8, 8, 4, 2, 1]",936,0.003558265187227208,1.3992512004044124,1e-12
fc401fbbfec403570d5f7e1c8cd43f82b908ad043e47a9ac3d2fb7405eee0f40,C,tebd_swap,11,ryy,0.05,3,9,6,16,,36,36,mixed,0.4279108035622315,0.4279108035622315,0.5720891964377686,0.598847778376789,0.9999999999999996,0.8166495530721294,0.6429293188622895,0.16797250826795793,0.0033994680270552635,16,"[1, 2, 4, 8, 16, 16, 16, 16, 16, 8, 4, 2, 1]",2728,0.0027950040455275884,0.6726735319117608,1e-12
e5e046b4756b7fcc6fc2e53e0a5a8b0fb06efde27c090051a326621cfefc807b,C,tebd_swap,11,ryy,0.05,3,9,6,64,,36,36,mixed,0.6867075035346123,0.6867075035346123,0.3132924964653877,0.5853577373052959,0.9999999999999996,1.0000000067517387,0.20991833307688146,0.05009412585113392,0.022778359008952975,64,"[1, 2, 4, 8, 16, 32, 64, 32, 16, 8, 4, 2, 1]",10920,1.1969755979761423e-16,4.381445073734952e-14,1e-12
9f65bc011ecc46d99eeff64eb79a45b6191c016bdf032b50799a9eac126e046a,local_vs_full,exact,11,rxx,0.1,2,9,7,,,1,1,,0.9999999999999987,0.9999999999999987,1.3322676295501878e-15,0.0,0.9999999999999996,0.9999999999999997,0.0,0.0,0.0,8,"[1, 2, 4, 8, 8, 8, 8, 8, 8, 8, 4, 2, 1]",936,0.0,0.0,1e-12
b980546f8a70d04310ff4cf547ab8cb81dfbfa38e578f563b46fc82560ae4531,local_vs_full,full_tdvp,11,rxx,0.1,2,9,7,16,1,1,1,,1.0000000000000098,1.0000000000000098,0.0,2.2313137793845224e-14,0.9999999999999996,1.0000000000000049,2.1316282072803006e-14,7.028660219279919e-15,0.0227269179886207,16,"[1, 2, 4, 8, 16, 16, 16, 16, 16, 8, 4, 2, 1]",2728,1.9190264543978879e-31,1.9190264543978879e-31,1e-12
2b21eab00b475b4551b294a174aa2b5e48d1eefc933ce9d4f8e53f8eef90f5bc,local_vs_full,full_tdvp,11,rxx,0.1,2,9,7,16,4,1,1,,0.9999999998826645,0.9999999998826645,1.1733547466974414e-10,1.0832344231442878e-05,0.9999999999999996,1.0000000000000022,1.1288856595348395e-07,1.6904609294393745e-08,0.14400415896670893,16,"[1, 2, 4, 8, 16, 16, 16, 16, 16, 8, 4, 2, 1]",2728,2.0222452413993674e-14,2.0222452413993674e-14,1e-12
19e45afb5f9fb8136499a9e538555e54ff8a13b1d0ae7ae5c23776cf8b5faa35,local_vs_full,full_tdvp,11,rxx,0.1,2,9,7,64,1,1,1,,1.0000000000000098,1.0000000000000098,0.0,2.2313137793845224e-14,0.9999999999999996,1.0000000000000049,2.1316282072803006e-14,7.028660219279919e-15,0.08138022100320086,16,"[1, 2, 4, 8, 16, 16, 16, 16, 16, 8, 4, 2, 1]",2728,1.9190264543978879e-31,1.9190264543978879e-31,1e-12
8c51e07e7a7d07fe5a7694181f72dbeff98ca2c7ff1d1c19ebd74c7f25c4e757,local_vs_full,full_tdvp,11,rxx,0.1,2,9,7,64,4,1,1,,0.9999999998826645,0.9999999998826645,1.1733547466974414e-10,1.0832344231442878e-05,0.9999999999999996,1.0000000000000022,1.1288856595348395e-07,1.6904609294393745e-08,0.09292907296912745,16,"[1, 2, 4, 8, 16, 16, 16, 16, 16, 8, 4, 2, 1]",2728,2.0222452413993674e-14,2.0222452413993674e-14,1e-12
8fcc6f389ea8dce7fee5537d71302689890616d63029599890eedb7f8c6b384f,local_vs_full,hybrid_tdvp,11,rxx,0.1,2,9,7,16,1,1,1,,1.0000000000000098,1.0000000000000098,0.0,2.2313137793845224e-14,0.9999999999999996,1.0000000000000049,2.1316282072803006e-14,7.028660219279919e-15,0.11897524003870785,16,"[1, 2, 4, 8, 16, 16, 16, 16, 16, 8, 4, 2, 1]",2728,1.9190264543978879e-31,1.9190264543978879e-31,1e-12
b965f07786d17e34a54e301455e77db58867a233db81a2374787bc1ee81195be,local_vs_full,hybrid_tdvp,11,rxx,0.1,2,9,7,16,4,1,1,,0.9999999998826645,0.9999999998826645,1.1733547466974414e-10,1.0832344231442878e-05,0.9999999999999996,1.0000000000000022,1.1288856595348395e-07,1.6904609294393745e-08,0.18241253000451252,16,"[1, 2, 4, 8, 16, 16, 16, 16, 16, 8, 4, 2, 1]",2728,2.0222452413993674e-14,2.0222452413993674e-14,1e-12
0799ae65334dd5ea82f12c8163440321a68180c17f751fae0ed968737dad014c,local_vs_full,hybrid_tdvp,11,rxx,0.1,2,9,7,64,1,1,1,,1.0000000000000098,1.0000000000000098,0.0,2.2313137793845224e-14,0.9999999999999996,1.0000000000000049,2.1316282072803006e-14,7.028660219279919e-15,0.12969070399412885,16,"[1, 2, 4, 8, 16, 16, 16, 16, 16, 8, 4, 2, 1]",2728,1.9190264543978879e-31,1.9190264543978879e-31,1e-12
2d5fa1502387759da1d9df46e9b268de5ea852a114916d9d61e95979d3396323,local_vs_full,hybrid_tdvp,11,rxx,0.1,2,9,7,64,4,1,1,,0.9999999998826645,0.9999999998826645,1.1733547466974414e-10,1.0832344231442878e-05,0.9999999999999996,1.0000000000000022,1.1288856595348395e-07,1.6904609294393745e-08,0.23676651500863954,16,"[1, 2, 4, 8, 16, 16, 16, 16, 16, 8, 4, 2, 1]",2728,2.0222452413993674e-14,2.0222452413993674e-14,1e-12
652bc32d3a38052124f07e32a43e4aca4a297bc7758d5e1fc84d40420f293e37,local_vs_full,local_vs_full_cross,11,rxx,0.1,2,9,7,16,1,1,1,,1.0000000000000209,1.0000000000000209,0.0,0.0,0.9999999999999996,1.0000000000000049,0.0,0.0,0.09292324003763497,16,"[1, 2, 4, 8, 16, 16, 16, 16, 16, 8, 4, 2, 1]",0,0.0,0.0,1e-12
8687a6af7ba7b6fac4908efabc897afe5a54c961eb04303bf20716882cf7e39d,local_vs_full,local_vs_full_cross,11,rxx,0.1,2,9,7,16,4,1,1,,1.0000000000000093,1.0000000000000093,0.0,0.0,0.9999999999999996,1.0000000000000022,0.0,0.0,0.3585221389657818,16,"[1, 2, 4, 8, 16, 16, 16, 16, 16, 8, 4, 2, 1]",0,0.0,0.0,1e-12
6c509d08c3214cac27e3792e1d7311d5d100b4cfdd6fc311285150471c68e8bf,local_vs_full,local_vs_full_cross,11,rxx,0.1,2,9,7,64,1,1,1,,1.0000000000000209,1.0000000000000209,0.0,0.0,0.9999999999999996,1.0000000000000049,0.0,0.0,0.32475212099961936,16,"[1, 2, 4, 8, 16, 16, 16, 16, 16, 8, 4, 2, 1]",0,0.0,0.0,1e-12
2964c219b79d0611036d93711613174dc4629cf73fbc7212f0d6393edb340b97,local_vs_full,local_vs_full_cross,11,rxx,0.1,2,9,7,64,4,1,1,,1.0000000000000093,1.0000000000000093,0.0,0.0,0.9999999999999996,1.0000000000000022,0.0,0.0,0.1612038349849172,16,"[1, 2, 4, 8, 16, 16, 16, 16, 16, 8, 4, 2, 1]",0,0.0,0.0,1e-12
