{
  "case_name": "trivial",
  "cut": 5,
  "cut_comparison_mode": "asymmetry_grid",
  "J": 0.0,
  "g": 0.0,
  "L": 2,
  "k": 20,
  "dt": 0.1,
  "n_pasts": 16,
  "n_futures": 32,
  "fraction_terminated_early": 0.001953125,
  "fraction_any_prob_skipped_renormalize": 0.0,
  "fraction_weight_lt_1e-12": 0.087890625,
  "fraction_weight_lt_1e-10": 0.318359375,
  "fraction_weight_lt_1e-08": 0.71875,
  "fraction_weight_lt_1e-06": 0.958984375,
  "mean_cumulative_weight": 1.256540802754672e-06,
  "median_cumulative_weight": 7.758924605567896e-10,
  "metrics_V_raw": {
    "frobenius": 22.62741696313877,
    "frobenius_sq": 511.9999984237402,
    "entropy_sv": 0.012333068280863686,
    "rank_tol": 2,
    "participation_ratio": 0.9966702766183115,
    "mean_row_norm": 5.6568542407846945,
    "std_row_norm": 7.498930365561339e-10,
    "mean_col_norm": 1.0118543426680637,
    "std_col_norm": 0.9899387987916489
  },
  "metrics_V_centered_past": {
    "frobenius": 0.9265806907364367,
    "frobenius_sq": 0.8585517764456121,
    "entropy_sv": 1.0361632918473208e-27,
    "rank_tol": 1,
    "participation_ratio": 1.0,
    "mean_row_norm": 0.11214473700436199,
    "std_row_norm": 0.20933684240814238,
    "mean_col_norm": 0.007919538734420098,
    "std_col_norm": 0.057479602125927995
  },
  "metrics_V_centered_global": {
    "frobenius": 21.554569797221127,
    "frobenius_sq": 464.5994791432772,
    "entropy_sv": 0.013391316760365387,
    "rank_tol": 2,
    "participation_ratio": 0.9963379374764942,
    "mean_row_norm": 5.3886421494680405,
    "std_row_norm": 0.0018565721162249194,
    "mean_col_norm": 1.0773491926165426,
    "std_col_norm": 0.8103861842366292
  },
  "metrics_V_centered_rowcol": {
    "frobenius": 0.9263075182032148,
    "frobenius_sq": 0.8580456182797991,
    "entropy_sv": 1.0361632918473208e-27,
    "rank_tol": 1,
    "participation_ratio": 1.0,
    "mean_row_norm": 0.11211167473336778,
    "std_row_norm": 0.20927512616895305,
    "mean_col_norm": 0.009281719854696401,
    "std_col_norm": 0.05725728433746256
  },
  "row_distance_raw": {
    "max_row_distance": 0.9569684224372224,
    "mean_row_distance": 0.11962105280465281,
    "median_row_distance": 0.0
  },
  "row_distance_centered_past": {
    "max_row_distance": 0.9569684224372224,
    "mean_row_distance": 0.11962105280465281,
    "median_row_distance": 0.0
  },
  "delta_norm_centered_past": 0.0016768589435327684,
  "corr_weight_vs_centered_block_norm": -0.01008556273034809,
  "corr_terminated_early_vs_centered_block_norm": 0.9689618326991346,
  "summarize_weights": {
    "mean_weight_by_past": [
      4.689733363215919e-06,
      1.5831426328129708e-06,
      4.20010431420887e-07,
      5.014573602627762e-07,
      1.0619220781803043e-09,
      1.2474820588983289e-06,
      9.71305844197357e-07,
      6.898865559647595e-09,
      5.677422542280855e-07,
      2.76995415476354e-07,
      1.6325558548673202e-07,
      3.201568213863685e-06,
      8.916526196258836e-08,
      1.263580454026225e-06,
      9.306003243523145e-08,
      5.028193148149784e-06
    ],
    "mean_weight_by_future": [
      1.6786957921994398e-09,
      2.8286788015270142e-11,
      9.061521195554882e-09,
      3.5243334221185296e-13,
      2.801700264454079e-09,
      2.3987210751465543e-07,
      2.740680130379775e-12,
      4.115167029613932e-10,
      3.7976352985466916e-05,
      7.836078660595234e-08,
      1.807824835510679e-10,
      2.396507918386012e-08,
      8.329908908363346e-10,
      1.2805534965188756e-06,
      6.624875899364191e-09,
      2.5355471283192875e-07,
      3.6707183398222e-12,
      5.73869518336129e-10,
      1.5218712452847986e-10,
      1.3053297930489956e-09,
      1.3657741277102215e-07,
      9.780986220465304e-09,
      5.99363596335959e-09,
      1.3425407525357799e-09,
      2.3554335925047065e-08,
      8.258263766293925e-11,
      1.0894226077553336e-08,
      9.233330741318083e-10,
      4.75505849601069e-08,
      8.255934390592987e-12,
      1.7579408035786695e-10,
      9.61043113460199e-08
    ]
  },
  "mean_centered_block_norm_by_past": [
    0.0018690789500727,
    0.0018690789500727,
    0.0018690789500727,
    0.0018690789500727,
    0.028036184251090498,
    0.0018690789500727,
    0.0018690789500727,
    0.0018690789500727,
    0.0018690789500727,
    0.0018690789500727,
    0.0018690789500727,
    0.0018690789500727,
    0.0018690789500727,
    0.0018690789500727,
    0.0018690789500727,
    0.0018690789500727
  ],
  "mean_centered_block_norm_by_future": [
    0.0,
    0.0,
    0.0,
    0.11214473700436194,
    0.0,
    0.0,
    0.0,
    0.0,
    0.0,
    0.0,
    0.0,
    0.0,
    0.0,
    0.0,
    0.0,
    0.0,
    0.0,
    0.0,
    0.0,
    0.0,
    0.0,
    0.0,
    0.0,
    0.0,
    0.0,
    0.0,
    0.0,
    0.0,
    0.0,
    0.0,
    0.0,
    0.0
  ],
  "weighted_variants": {
    "masked_lt_1e-12_thr1e-12": {
      "frobenius": 21.610182756722164,
      "frobenius_sq": 466.99999877893197,
      "entropy_sv": 0.23603842588638518,
      "rank_tol": 7,
      "participation_ratio": 0.9147504008568246,
      "mean_row_norm": 5.39208436438836,
      "std_row_norm": 0.3470656130118603,
      "mean_col_norm": 0.9635338491587626,
      "std_col_norm": 0.9483323738705829
    },
    "weighted_sqrt_thr1e-12": {
      "frobenius": 0.025364323032532103,
      "frobenius_sq": 0.0006433488828986385,
      "entropy_sv": 2.3710900936719376e-11,
      "rank_tol": 2,
      "participation_ratio": 0.9999999999983549,
      "mean_row_norm": 0.005105798608968278,
      "std_row_norm": 0.0038836581718199687,
      "mean_col_norm": 0.0003444153148179971,
      "std_col_norm": 0.001550435326817141
    },
    "weighted_linear_thr1e-12": {
      "frobenius": 0.0002438156139228366,
      "frobenius_sq": 5.944605359256971e-08,
      "entropy_sv": 3.5726930943085277e-22,
      "rank_tol": 1,
      "participation_ratio": 1.0,
      "mean_row_norm": 3.8000037182525114e-05,
      "std_row_norm": 4.922195199880981e-05,
      "mean_col_norm": 2.045454312691397e-06,
      "std_col_norm": 1.5130151620635378e-05
    },
    "masked_lt_1e-10_thr1e-10": {
      "frobenius": 18.68154169783542,
      "frobenius_sq": 349.0000002079635,
      "entropy_sv": 0.4561329885374805,
      "rank_tol": 9,
      "participation_ratio": 0.8224973533000592,
      "mean_row_norm": 4.598588223788063,
      "std_row_norm": 0.84252722118507,
      "mean_col_norm": 0.7978949517402212,
      "std_col_norm": 0.8541044928054272
    },
    "weighted_sqrt_thr1e-10": {
      "frobenius": 0.025364323032532103,
      "frobenius_sq": 0.0006433488828986385,
      "entropy_sv": 2.3710900936719376e-11,
      "rank_tol": 2,
      "participation_ratio": 0.9999999999983549,
      "mean_row_norm": 0.005105798608968278,
      "std_row_norm": 0.0038836581718199687,
      "mean_col_norm": 0.0003444153148179971,
      "std_col_norm": 0.001550435326817141
    },
    "weighted_linear_thr1e-10": {
      "frobenius": 0.0002438156139228366,
      "frobenius_sq": 5.944605359256971e-08,
      "entropy_sv": 3.5726930943085277e-22,
      "rank_tol": 1,
      "participation_ratio": 1.0,
      "mean_row_norm": 3.8000037182525114e-05,
      "std_row_norm": 4.922195199880981e-05,
      "mean_col_norm": 2.045454312691397e-06,
      "std_col_norm": 1.5130151620635378e-05
    },
    "masked_lt_1e-08_thr1e-08": {
      "frobenius": 12.0000000307786,
      "frobenius_sq": 144.0000007386864,
      "entropy_sv": 0.7190914084778467,
      "rank_tol": 10,
      "participation_ratio": 0.6965663594585002,
      "mean_row_norm": 2.862715018704954,
      "std_row_norm": 0.9265636975975228,
      "mean_col_norm": 0.3849322928239213,
      "std_col_norm": 0.644943365817812
    },
    "weighted_sqrt_thr1e-08": {
      "frobenius": 0.025364323032532103,
      "frobenius_sq": 0.0006433488828986385,
      "entropy_sv": 2.3710900936719376e-11,
      "rank_tol": 2,
      "participation_ratio": 0.9999999999983549,
      "mean_row_norm": 0.005105798608968278,