{
  "case_name": "markov_ref",
  "cut": 15,
  "cut_comparison_mode": "asymmetry_grid",
  "J": 0.0,
  "g": 1.0,
  "L": 2,
  "k": 20,
  "dt": 0.1,
  "n_pasts": 16,
  "n_futures": 64,
  "fraction_terminated_early": 0.0,
  "fraction_any_prob_skipped_renormalize": 0.0,
  "fraction_weight_lt_1e-12": 0.0390625,
  "fraction_weight_lt_1e-10": 0.2216796875,
  "fraction_weight_lt_1e-08": 0.4921875,
  "fraction_weight_lt_1e-06": 0.87890625,
  "mean_cumulative_weight": 7.926626288596391e-07,
  "median_cumulative_weight": 1.1072568419588332e-08,
  "metrics_V_raw": {
    "frobenius": 31.999999988349984,
    "frobenius_sq": 1023.999999254399,
    "entropy_sv": 1.0361632918473208e-27,
    "rank_tol": 1,
    "participation_ratio": 1.0,
    "mean_row_norm": 7.999999997087503,
    "std_row_norm": 0.0,
    "mean_col_norm": 1.0391386496430641,
    "std_col_norm": 0.9602039524312537
  },
  "metrics_V_centered_past": {
    "frobenius": 0.0,
    "frobenius_sq": 0.0,
    "entropy_sv": 0.0,
    "rank_tol": 0,
    "participation_ratio": 0.0,
    "mean_row_norm": 0.0,
    "std_row_norm": 0.0,
    "mean_col_norm": 0.0,
    "std_col_norm": 0.0
  },
  "metrics_V_centered_global": {
    "frobenius": 29.833924589085186,
    "frobenius_sq": 890.0630563872216,
    "entropy_sv": 1.0361632918473208e-27,
    "rank_tol": 1,
    "participation_ratio": 1.0,
    "mean_row_norm": 7.458481147271296,
    "std_row_norm": 0.0,
    "mean_col_norm": 1.0754107505747044,
    "std_col_norm": 0.7635671971244036
  },
  "metrics_V_centered_rowcol": {
    "frobenius": 0.0,
    "frobenius_sq": 0.0,
    "entropy_sv": 0.0,
    "rank_tol": 0,
    "participation_ratio": 0.0,
    "mean_row_norm": 0.0,
    "std_row_norm": 0.0,
    "mean_col_norm": 0.0,
    "std_col_norm": 0.0
  },
  "row_distance_raw": {
    "max_row_distance": 0.0,
    "mean_row_distance": 0.0,
    "median_row_distance": 0.0
  },
  "row_distance_centered_past": {
    "max_row_distance": 0.0,
    "mean_row_distance": 0.0,
    "median_row_distance": 0.0
  },
  "delta_norm_centered_past": 0.0,
  "corr_weight_vs_centered_block_norm": NaN,
  "corr_terminated_early_vs_centered_block_norm": NaN,
  "summarize_weights": {
    "mean_weight_by_past": [
      8.359288741295374e-07,
      1.2062059475660692e-08,
      2.5000198416512477e-07,
      1.7244094222401383e-08,
      6.848460046253837e-06,
      5.534623048083021e-07,
      2.7686344051570957e-08,
      1.2682644381078326e-07,
      1.7142958414312154e-08,
      1.0369808791595695e-06,
      3.620997126735057e-10,
      6.623385973917435e-11,
      5.6871955654630945e-09,
      2.9506637861931965e-06,
      1.7663785762928306e-11,
      9.094146291537422e-12
    ],
    "mean_weight_by_future": [
      1.242464740199944e-09,
      5.144470255993269e-07,
      1.3198859409364585e-06,
      4.52820522707658e-09,
      8.428915916857026e-07,
      1.3033833125821313e-06,
      4.336378074207614e-07,
      5.796913610397068e-07,
      2.0942040904323283e-07,
      2.0379080644229704e-09,
      1.807815208042518e-06,
      2.545107302698726e-07,
      2.478836995511607e-06,
      7.776800813420564e-07,
      9.140516817042117e-08,
      1.3282107155085185e-08,
      2.670230201321283e-07,
      4.376596599001664e-08,
      4.1786044532901934e-07,
      4.451199978104887e-08,
      2.6023750941822713e-06,
      1.7854060925070538e-08,
      4.220308356923989e-08,
      5.993444376942074e-07,
      1.82017729647429e-07,
      5.560142101037358e-07,
      5.81950163565919e-08,
      8.782277408539391e-07,
      1.7946837891836788e-06,
      1.4961959876546423e-08,
      1.2230857497983983e-07,
      1.2865029751961847e-07,
      5.854867685004649e-10,
      5.0094240910171275e-08,
      2.934523087412855e-06,
      2.6349732801657124e-07,
      4.7900806806938687e-08,
      5.296541279454548e-06,
      1.6362478077212603e-08,
      5.187879332589537e-07,
      2.89124552556027e-08,
      3.4245687142934956e-07,
      1.577076451018179e-07,
      4.727819877278195e-06,
      5.835564064213573e-07,
      9.846175766801527e-09,
      2.660927953583559e-06,
      7.24128282969186e-07,
      2.838709357221762e-07,
      1.5111737736762567e-07,
      4.571995776598442e-07,
      3.528211669913128e-06,
      1.0001947929880471e-06,
      7.7646261255045e-07,
      4.948204280496107e-07,
      5.0398703925809905e-08,
      4.8296946044551877e-08,
      1.3691573564319206e-06,
      2.1726459989074687e-07,
      8.856888252232787e-08,
      3.9195936901386825e-06,
      4.864431303682135e-07,
      8.057798962632596e-08,
      1.0098875023508671e-06
    ]
  },
  "mean_centered_block_norm_by_past": [
    0.0,
    0.0,
    0.0,
    0.0,
    0.0,
    0.0,
    0.0,
    0.0,
    0.0,
    0.0,
    0.0,
    0.0,
    0.0,
    0.0,
    0.0,
    0.0
  ],
  "mean_centered_block_norm_by_future": [
    0.0,
    0.0,
    0.0,
    0.0,
    0.0,
    0.0,
    0.0,
    0.0,
    0.0,
    0.0,
    0.0,
    0.0,
    0.0,
    0.0,
    0.0,
    0.0,
    0.0,
    0.0,
    0.0,
    0.0,
    0.0,
    0.0,
    0.0,
    0.0,
    0.0,
    0.0,
    0.0,
    0.0,
    0.0,
    0.0,
    0.0,
    0.0,
    0.0,
    0.0,
    0.0,
    0.0,
    0.0,
    0.0,
    0.0,
    0.0,
    0.0,
    0.0,
    0.0,
    0.0,
    0.0,
    0.0,
    0.0,
    0.0,
    0.0,
    0.0,
    0.0,
    0.0,
    0.0,
    0.0,
    0.0,
    0.0,
    0.0,
    0.0,
    0.0,
    0.0,
    0.0,
    0.0,
    0.0,
    0.0
  ],
  "weighted_variants": {
    "masked_lt_1e-12_thr1e-12": {
      "frobenius": 31.368774266641758,
      "frobenius_sq": 983.9999989915261,
      "entropy_sv": 0.1514657037970086,
      "rank_tol": 5,
      "participation_ratio": 0.9450393281189507,
      "mean_row_norm": 7.833814232422485,
      "std_row_norm": 0.3743146752708213,
      "mean_col_norm": 1.0184107529133595,
      "std_col_norm": 0.9415125469064661
    },
    "weighted_sqrt_thr1e-12": {
      "frobenius": 0.028490112792841117,
      "frobenius_sq": 0.0008116865269488091,
      "entropy_sv": 1.0361632918473208e-27,
      "rank_tol": 1,
      "participation_ratio": 1.0,
      "mean_row_norm": 0.004257833057049594,
      "std_row_norm": 0.0058970062997057565,
      "mean_col_norm": 0.000722119243487794,
      "std_col_norm": 0.0010324490213286706
    },
    "weighted_linear_thr1e-12": {
      "frobenius": 0.00010824830035417801,
      "frobenius_sq": 1.1717694529568335e-08,
      "entropy_sv": 1.0361632918473208e-27,
      "rank_tol": 1,
      "participation_ratio": 1.0,
      "mean_row_norm": 1.1289232333850148e-05,
      "std_row_norm": 2.5401504237040732e-05,
      "mean_col_norm": 1.9682518168189678e-06,
      "std_col_norm": 4.364551821473588e-06
    },
    "masked_lt_1e-10_thr1e-10": {
      "frobenius": 28.23118840653129,
      "frobenius_sq": 796.9999988450668,
      "entropy_sv": 0.2650152477639358,
      "rank_tol": 8,
      "participation_ratio": 0.9044566432252747,
      "mean_row_norm": 6.601308845645064,
      "std_row_norm": 2.578934447087269,
      "mean_col_norm": 0.9150209784095605,
      "std_col_norm": 0.8489905859591129
    },
    "weighted_sqrt_thr1e-10": {
      "frobenius": 0.028490112792841117,
      "frobenius_sq": 0.0008116865269488091,
      "entropy_sv": 1.0361632918473208e-27,
      "rank_tol": 1,
      "participation_ratio": 1.0,
      "mean_row_norm": 0.004257833057049594,
      "std_row_norm": 0.0058970062997057565,
      "mean_col_norm": 0.000722119243487794,
      "std_col_norm": 0.0010324490213286706
    },
    "weighted_linear_thr1e-10": {
      "frobenius": 0.00010824830035417801,
      "frobenius_sq": 1.1717694529568335e-08,
      "entropy_sv": 1.0361632918473208e-27,
      "rank_tol": 1,
      "participation_ratio": 1.0,
      "mean_row_norm": 1.1289232333850148e-05,
      "std_row_norm": 2.5401504237040732e-05,
      "mean_col_norm": 1.9682518168189678e-06,
      "std_col_norm": 4.364551821473588e-06
    },
    "masked_lt_1e-08_thr1e-08": {
      "frobenius": 22.803508471315197,
      "frobenius_sq": 519.9999986013439,
      "entropy_sv": 0.590240465949035,