{
  "case_name": "trivial",
  "cut": 5,
  "cut_comparison_mode": "asymmetry_grid",
  "J": 0.0,
  "g": 0.0,
  "L": 2,
  "k": 20,
  "dt": 0.1,
  "n_pasts": 32,
  "n_futures": 64,
  "fraction_terminated_early": 0.00146484375,
  "fraction_any_prob_skipped_renormalize": 0.0,
  "fraction_weight_lt_1e-12": 0.04052734375,
  "fraction_weight_lt_1e-10": 0.19775390625,
  "fraction_weight_lt_1e-08": 0.57470703125,
  "fraction_weight_lt_1e-06": 0.92431640625,
  "mean_cumulative_weight": 4.255494902811408e-07,
  "median_cumulative_weight": 4.448537531840492e-09,
  "metrics_V_raw": {
    "frobenius": 45.25483411309708,
    "frobenius_sq": 2048.0000106039356,
    "entropy_sv": 0.0032291739668760715,
    "rank_tol": 2,
    "participation_ratio": 0.9992765647874351,
    "mean_row_norm": 8.00000002071081,
    "std_row_norm": 4.718765295890553e-10,
    "mean_col_norm": 1.4017707317162516,
    "std_col_norm": 1.4279430310382994
  },
  "metrics_V_centered_past": {
    "frobenius": 0.861988287593498,
    "frobenius_sq": 0.743023807948371,
    "entropy_sv": 2.141404136484463e-27,
    "rank_tol": 1,
    "participation_ratio": 1.0,
    "mean_row_norm": 0.053025801279821566,
    "std_row_norm": 0.14514156256572439,
    "mean_col_norm": 0.0037111298940949475,
    "std_col_norm": 0.037950743015961075
  },
  "metrics_V_centered_global": {
    "frobenius": 42.49124646522182,
    "frobenius_sq": 1805.5060261682258,
    "entropy_sv": 0.0036150416121502305,
    "rank_tol": 2,
    "participation_ratio": 0.9991784421467047,
    "mean_row_norm": 7.511461684047886,
    "std_row_norm": 0.0026272689207167505,
    "mean_col_norm": 1.495835943976811,
    "std_col_norm": 1.1363872600598108
  },
  "metrics_V_centered_rowcol": {
    "frobenius": 0.8610619361562015,
    "frobenius_sq": 0.7414276578970664,
    "entropy_sv": 2.141404136484463e-27,
    "rank_tol": 1,
    "participation_ratio": 1.0,
    "mean_row_norm": 0.05296881613520139,
    "std_row_norm": 0.14498558353790056,
    "mean_col_norm": 0.005449180642730287,
    "std_col_norm": 0.037698581841260854
  },
  "row_distance_raw": {
    "max_row_distance": 0.8757809759764077,
    "mean_row_distance": 0.054736310998525474,
    "median_row_distance": 0.0
  },
  "row_distance_centered_past": {
    "max_row_distance": 0.8757809759764077,
    "mean_row_distance": 0.054736310998525474,
    "median_row_distance": 0.0
  },
  "delta_norm_centered_past": 0.00036280459184629614,
  "corr_weight_vs_centered_block_norm": -0.009238481432266885,
  "corr_terminated_early_vs_centered_block_norm": 0.5859070819581952,
  "summarize_weights": {
    "mean_weight_by_past": [
      6.518509597664925e-07,
      6.365954182037763e-07,
      1.8189187761937768e-07,
      2.7765983116898634e-07,
      5.687011573590741e-07,
      3.375218742188157e-07,
      1.5578320635216928e-06,
      9.356405173023102e-08,
      7.052088364115257e-09,
      1.7805627526711923e-07,
      5.183976903751012e-07,
      1.2131681789155848e-08,
      1.6112595531502984e-10,
      3.190499161308965e-07,
      2.3206556792712446e-07,
      9.19637489884628e-09,
      5.304194673559569e-07,
      1.9365024009860555e-07,
      8.099734029884095e-08,
      3.797376193570869e-07,
      2.0219771891463314e-08,
      1.2052125226478178e-06,
      3.516033455106845e-08,
      5.469760108287049e-08,
      1.3786677941908466e-06,
      2.6552393363930165e-06,
      3.176385989200877e-07,
      3.8795076777198737e-07,
      6.865173691687967e-07,
      7.142552679617955e-08,
      2.9019551544547526e-08,
      9.301892631213781e-09
    ],
    "mean_weight_by_future": [
      2.4888856994935114e-06,
      2.9310891385435685e-07,
      1.4726027598029233e-09,
      2.3107210548972483e-08,
      8.730557187916833e-08,
      1.265534867899922e-07,
      6.363628834302909e-08,
      2.968271067095577e-09,
      3.2777744792818227e-10,
      1.4670828615867353e-08,
      1.7006020084051381e-06,
      1.028090314750709e-07,
      2.9079640577486285e-08,
      2.334529273561798e-08,
      7.798921495177544e-09,
      2.8623463726973713e-06,
      1.8163096967464204e-08,
      6.5377145944348765e-12,
      1.495468768064917e-07,
      1.2562451120816776e-10,
      3.2950734815244816e-08,
      2.5685520004926633e-08,
      1.638792040427064e-08,
      3.573094984061011e-09,
      1.0086985992426791e-07,
      2.2959711310435745e-11,
      4.0133480482385185e-06,
      1.5476107624609235e-07,
      2.5048838178665293e-09,
      2.5464010837368865e-09,
      4.350887187505156e-09,
      6.57135816521535e-06,
      1.097582812192804e-08,
      2.325477795905316e-06,
      1.2175503640148866e-10,
      1.79630679552093e-09,
      3.275427585206775e-09,
      6.453796202163029e-10,
      2.7272243580789884e-09,
      1.4964299091310353e-10,
      9.808147984169437e-10,
      9.953379113371735e-09,
      2.2978873299109807e-12,
      5.4739108877375376e-14,
      9.848367833334488e-10,
      3.400940830006202e-11,
      2.1044459988479143e-07,
      8.952006812909715e-09,
      3.896455519956072e-06,
      3.4451082145885847e-07,
      1.573488731570865e-10,
      3.815290040267541e-10,
      3.170966598700461e-08,
      3.420257128667334e-09,
      3.474477306790141e-08,
      9.45368528211061e-11,
      3.566270061383104e-07,
      2.1155802538488293e-08,
      4.2867603771210085e-11,
      2.310899718217423e-07,
      7.028114226803352e-07,
      2.2719890217663366e-08,
      7.219709116010981e-08,
      1.6307907844441023e-08
    ]
  },
  "mean_centered_block_norm_by_past": [
    0.0004276274296759803,
    0.0004276274296759803,
    0.0004276274296759803,
    0.0004276274296759803,
    0.0004276274296759803,
    0.0004276274296759803,
    0.0004276274296759803,
    0.0004276274296759803,
    0.0004276274296759803,
    0.0004276274296759803,
    0.0004276274296759803,
    0.0004276274296759803,
    0.01325645031995539,
    0.0004276274296759803,
    0.0004276274296759803,
    0.0004276274296759803,
    0.0004276274296759803,
    0.0004276274296759803,
    0.0004276274296759803,
    0.0004276274296759803,
    0.0004276274296759803,
    0.0004276274296759803,
    0.0004276274296759803,
    0.0004276274296759803,
    0.0004276274296759803,
    0.0004276274296759803,
    0.0004276274296759803,
    0.0004276274296759803,
    0.0004276274296759803,
    0.0004276274296759803,
    0.0004276274296759803,
    0.0004276274296759803
  ],
  "mean_centered_block_norm_by_future": [
    0.0,
    0.0,
    0.0,
    0.0,
    0.0,
    0.0,
    0.0,
    0.0,
    0.0,
    0.0,
    0.0,
    0.0,
    0.0,
    0.0,
    0.0,
    0.0,
    0.0,
    0.0,
    0.0,
    0.0,
    0.0,
    0.0,
    0.0,
    0.0,
    0.0,
    0.0,
    0.0,
    0.0,
    0.0,
    0.0,
    0.0,
    0.0,
    0.0,
    0.0,
    0.0,
    0.0,
    0.0,
    0.0,
    0.0,
    0.0,
    0.0,
    0.0,
    0.0,
    0.0530258012798215,
    0.0,
    0.0,
    0.0,
    0.0,
    0.0,
    0.0,
    0.0,
    0.0,
    0.0,
    0.0,
    0.0,
    0.0,
    0.0,
    0.0,
    0.0,
    0.0,
    0.0,
    0.0,
    0.0,
    0.0
  ],
  "weighted_variants": {
    "masked_lt_1e-12_thr1e-12": {
      "frobenius": 44.328320635447376,
      "frobenius_sq": 1965.0000103590296,
      "entropy_sv": 0.10877792257882031,
      "rank_tol": 6,
      "participation_ratio": 0.9652447085908096,
      "mean_row_norm": 7.8326038805898595,
      "std_row_norm": 0.24164334900224094,
      "mean_col_norm": 1.3640872695893305,
      "std_col_norm": 1.4074891676700956
    },
    "weighted_sqrt_thr1e-12": {
      "frobenius": 0.02952160840119019,
      "frobenius_sq": 0.0008715253625932232,
      "entropy_sv": 1.0841799324998031e-11,
      "rank_tol": 2,
      "participation_ratio": 0.9999999999992684,
      "mean_row_norm": 0.00425558398743388,
      "std_row_norm": 0.0030691257566909987,
      "mean_col_norm": 0.0004466020193501666,
      "std_col_norm": 0.0012270637318117928
    },
    "weighted_linear_thr1e-12": {
      "frobenius": 9.278110523690486e-05,
      "frobenius_sq": 8.608333488981614e-09,