{
  "case_name": "sweep",
  "L": 2,
  "k": 20,
  "dt": 0.1,
  "cut": 10,
  "J": 0.8,
  "g": 1.0,
  "n_pasts": 32,
  "n_futures": 32,
  "n_seeds": 1,
  "delta": 1.2382315053004553,
  "delta_norm": 0.0012152433239911644,
  "entropy": 0.9997796408077784,
  "rank": 31,
  "participation_ratio": 2.001673972248946,
  "max_row_distance": 0.6752665973859419,
  "mean_row_distance": 0.2433696089363736,
  "median_row_distance": 0.21377184435251032,
  "delta_z": 0.05292662892831538,
  "delta_z_norm": 0.0001325739003152487,
  "entropy_z": 0.6496199367336936,
  "rank_z": 31,
  "participation_ratio_z": 1.5030127521159748
}