L,k,cut,J,intervention_mode,entropy_cumulative,entropy_cut,entropy_abs_diff,weight_max_abs_diff,weight_row_std_max_cut,parity_entropy,parity_weights
6,15,5,0.4,unitary_break_mp,0.0009401349895073603,0.0009401349895073603,0.0,0.0,0.0,1,1
6,15,5,1.0,unitary_break_mp,0.02721930106784085,0.02721930106784085,0.0,0.0,0.0,1,1
6,15,5,1.6,unitary_break_mp,0.11920176436884074,0.11920176436884074,0.0,0.0,0.0,1,1
6,15,10,0.4,unitary_break_mp,0.0023988060798927264,0.0023988060798927264,0.0,0.0,0.0,1,1
6,15,10,1.0,unitary_break_mp,0.05930800969171504,0.05930800969171504,0.0,0.0,0.0,1,1
6,15,10,1.6,unitary_break_mp,0.11404382100156991,0.11404382100156991,0.0,0.0,0.0,1,1
6,15,15,0.4,unitary_break_mp,0.0004280297381860786,0.0004280297381860786,0.0,0.0,0.0,1,1
6,15,15,1.0,unitary_break_mp,0.05141462852743918,0.05141462852743918,0.0,0.0,0.0,1,1
6,15,15,1.6,unitary_break_mp,0.07787953242765379,0.07787953242765379,0.0,0.0,0.0,1,1
