{
  "case_name": "sweep",
  "L": 2,
  "k": 20,
  "dt": 0.1,
  "cut": 10,
  "J": 0.4,
  "g": 1.0,
  "n_pasts": 32,
  "n_futures": 32,
  "n_seeds": 1,
  "delta": 0.3541242639875628,
  "delta_norm": 0.00034626158999267787,
  "entropy": 0.6287325203133983,
  "rank": 31,
  "max_row_distance": 0.5451873778067239,
  "mean_row_distance": 0.09708909752300031,
  "median_row_distance": 0.06140370010017908
}