{
  "case_name": "trivial",
  "cut": 15,
  "cut_comparison_mode": "asymmetry_grid",
  "J": 0.0,
  "g": 0.0,
  "L": 2,
  "k": 20,
  "dt": 0.1,
  "n_pasts": 16,
  "n_futures": 64,
  "fraction_terminated_early": 0.0,
  "fraction_any_prob_skipped_renormalize": 0.0,
  "fraction_weight_lt_1e-12": 0.03515625,
  "fraction_weight_lt_1e-10": 0.21875,
  "fraction_weight_lt_1e-08": 0.6044921875,
  "fraction_weight_lt_1e-06": 0.9072265625,
  "mean_cumulative_weight": 8.927446659302409e-06,
  "median_cumulative_weight": 3.471806649595119e-09,
  "metrics_V_raw": {
    "frobenius": 32.00000007374505,
    "frobenius_sq": 1024.0000047196831,
    "entropy_sv": 1.0361632918473208e-27,
    "rank_tol": 1,
    "participation_ratio": 1.0,
    "mean_row_norm": 8.000000018436266,
    "std_row_norm": 0.0,
    "mean_col_norm": 0.9767086695510443,
    "std_col_norm": 1.0237613146685647
  },
  "metrics_V_centered_past": {
    "frobenius": 0.0,
    "frobenius_sq": 0.0,
    "entropy_sv": 0.0,
    "rank_tol": 0,
    "participation_ratio": 0.0,
    "mean_row_norm": 0.0,
    "std_row_norm": 0.0,
    "mean_col_norm": 0.0,
    "std_col_norm": 0.0
  },
  "metrics_V_centered_global": {
    "frobenius": 29.50865923310938,
    "frobenius_sq": 870.7609697357715,
    "entropy_sv": 1.038973192313354e-27,
    "rank_tol": 1,
    "participation_ratio": 1.0,
    "mean_row_norm": 7.377164808277346,
    "std_row_norm": 0.0,
    "mean_col_norm": 1.0312351456575328,
    "std_col_norm": 0.7990658144047825
  },
  "metrics_V_centered_rowcol": {
    "frobenius": 0.0,
    "frobenius_sq": 0.0,
    "entropy_sv": 0.0,
    "rank_tol": 0,
    "participation_ratio": 0.0,
    "mean_row_norm": 0.0,
    "std_row_norm": 0.0,
    "mean_col_norm": 0.0,
    "std_col_norm": 0.0
  },
  "row_distance_raw": {
    "max_row_distance": 0.0,
    "mean_row_distance": 0.0,
    "median_row_distance": 0.0
  },
  "row_distance_centered_past": {
    "max_row_distance": 0.0,
    "mean_row_distance": 0.0,
    "median_row_distance": 0.0
  },
  "delta_norm_centered_past": 0.0,
  "corr_weight_vs_centered_block_norm": NaN,
  "corr_terminated_early_vs_centered_block_norm": NaN,
  "summarize_weights": {
    "mean_weight_by_past": [
      1.2721000869348479e-09,
      9.960049172555183e-09,
      1.611522143787726e-08,
      1.3217644332445379e-10,
      2.225903793070356e-06,
      1.3412547727137824e-11,
      2.672713570546171e-09,
      3.2775967621067943e-09,
      2.0802151706693617e-07,
      3.63699203268522e-08,
      1.28856638756881e-07,
      8.55032382899314e-08,
      0.00014006081765008396,
      4.977383005669648e-08,
      1.0353616792878956e-08,
      1.0307437296182825e-10
    ],
    "mean_weight_by_future": [
      8.566951366803005e-06,
      2.1600152027674812e-05,
      6.53607788685438e-05,
      8.398523372793473e-06,
      1.739544405633535e-07,
      5.507440629024797e-06,
      4.947591585756323e-06,
      4.538293062233013e-06,
      6.277349785196553e-06,
      6.722031711979384e-06,
      1.975494593335106e-05,
      2.57611589265319e-06,
      1.4145563022378642e-07,
      1.0328145653005153e-05,
      6.750164689669835e-06,
      1.1218009086306413e-05,
      2.1706347165681577e-07,
      1.704918410108503e-06,
      2.6200039381612303e-09,
      1.0981093001204298e-05,
      3.7654833043195666e-05,
      1.6411087715312525e-06,
      4.190180787696504e-08,
      5.938812565460661e-06,
      3.7656062219218315e-06,
      4.141445507440355e-07,
      4.96394927204608e-06,
      5.735223316297702e-06,
      4.8677707015281656e-05,
      2.4963450907128057e-05,
      8.134203887066045e-07,
      5.1142876815384214e-05,
      1.549186638522264e-05,
      6.273327183230576e-06,
      2.058144580113871e-05,
      1.0638777364265494e-07,
      1.8265188224512947e-05,
      4.659560424568882e-08,
      6.759992141622969e-08,
      5.19687819889669e-07,
      2.018275161878728e-07,
      6.623166047543497e-06,
      4.555825337784484e-06,
      1.805143988814977e-05,
      2.9745549083667434e-05,
      2.1430542250263903e-05,
      4.527704944376568e-07,
      5.185924153004339e-07,
      3.91162240184985e-07,
      1.8629434465721727e-08,
      6.084521765413981e-07,
      3.7291931667821334e-07,
      3.1928340792776924e-06,
      1.6218621518284178e-05,
      9.976580321357813e-08,
      4.362688983927517e-07,
      2.503186861908611e-07,
      9.202806530008999e-06,
      2.320426468358624e-06,
      9.635384173081818e-06,
      1.0543944263055337e-07,
      5.78144568730349e-08,
      9.403176791731076e-07,
      3.052980247104006e-06
    ]
  },
  "mean_centered_block_norm_by_past": [
    0.0,
    0.0,
    0.0,
    0.0,
    0.0,
    0.0,
    0.0,
    0.0,
    0.0,
    0.0,
    0.0,
    0.0,
    0.0,
    0.0,
    0.0,
    0.0
  ],
  "mean_centered_block_norm_by_future": [
    0.0,
    0.0,
    0.0,
    0.0,
    0.0,
    0.0,
    0.0,
    0.0,
    0.0,
    0.0,
    0.0,
    0.0,
    0.0,
    0.0,
    0.0,
    0.0,
    0.0,
    0.0,
    0.0,
    0.0,
    0.0,
    0.0,
    0.0,
    0.0,
    0.0,
    0.0,
    0.0,
    0.0,
    0.0,
    0.0,
    0.0,
    0.0,
    0.0,
    0.0,
    0.0,
    0.0,
    0.0,
    0.0,
    0.0,
    0.0,
    0.0,
    0.0,
    0.0,
    0.0,
    0.0,
    0.0,
    0.0,
    0.0,
    0.0,
    0.0,
    0.0,
    0.0,
    0.0,
    0.0,
    0.0,
    0.0,
    0.0,
    0.0,
    0.0,
    0.0,
    0.0,
    0.0,
    0.0,
    0.0
  ],
  "weighted_variants": {
    "masked_lt_1e-12_thr1e-12": {
      "frobenius": 31.43246736441631,
      "frobenius_sq": 988.0000046150965,
      "entropy_sv": 0.1360954667384156,
      "rank_tol": 5,
      "participation_ratio": 0.952408661020515,
      "mean_row_norm": 7.8493388528900745,
      "std_row_norm": 0.3834994806830428,
      "mean_col_norm": 0.9587148401010643,
      "std_col_norm": 1.0062459758541966
    },
    "weighted_sqrt_thr1e-12": {
      "frobenius": 0.09561226652955243,
      "frobenius_sq": 0.009141705510918172,
      "entropy_sv": 1.0361632918473208e-27,
      "rank_tol": 1,
      "participation_ratio": 1.0,
      "mean_row_norm": 0.007673189846795953,
      "std_row_norm": 0.023380419203710638,
      "mean_col_norm": 0.0022840490572496332,
      "std_col_norm": 0.003558475151621505
    },
    "weighted_linear_thr1e-12": {
      "frobenius": 0.0019981588515818488,
      "frobenius_sq": 3.992638796154893e-06,
      "entropy_sv": 1.0361632918473208e-27,
      "rank_tol": 1,
      "participation_ratio": 1.0,
      "mean_row_norm": 0.000127345906501877,
      "std_row_norm": 0.0004988765456977866,
      "mean_col_norm": 3.5214865071987675e-05,
      "std_col_norm": 8.106090091097915e-05
    },
    "masked_lt_1e-10_thr1e-10": {
      "frobenius": 28.284271319053012,
      "frobenius_sq": 800.0000040498048,
      "entropy_sv": 0.380077669776746,
      "rank_tol": 9,
      "participation_ratio": 0.851474999726974,
      "mean_row_norm": 6.7603054852256,
      "std_row_norm": 2.141219590057098,
      "mean_col_norm": 0.8569513329795311,
      "std_col_norm": 0.9109089065978564
    },
    "weighted_sqrt_thr1e-10": {
      "frobenius": 0.09561226652955243,
      "frobenius_sq": 0.009141705510918172,
      "entropy_sv": 1.0361632918473208e-27,
      "rank_tol": 1,
      "participation_ratio": 1.0,
      "mean_row_norm": 0.007673189846795953,
      "std_row_norm": 0.023380419203710638,
      "mean_col_norm": 0.0022840490572496332,
      "std_col_norm": 0.003558475151621505
    },
    "weighted_linear_thr1e-10": {
      "frobenius": 0.0019981588515818488,
      "frobenius_sq": 3.992638796154893e-06,
      "entropy_sv": 1.0361632918473208e-27,
      "rank_tol": 1,
      "participation_ratio": 1.0,
      "mean_row_norm": 0.000127345906501877,
      "std_row_norm": 0.0004988765456977866,
      "mean_col_norm": 3.5214865071987675e-05,
      "std_col_norm": 8.106090091097915e-05
    },
    "masked_lt_1e-08_thr1e-08": {
      "frobenius": 20.12461187671343,
      "frobenius_sq": 405.00000318835527,
      "entropy_sv": 0.7316524264967802,
      "rank_tol": 11,