{
  "case_name": "markov_ref",
  "cut": 5,
  "cut_comparison_mode": "cut_comparison_fresh_probes",
  "J": 0.0,
  "g": 1.0,
  "L": 2,
  "k": 20,
  "dt": 0.1,
  "n_pasts": 16,
  "n_futures": 64,
  "fraction_terminated_early": 0.0,
  "fraction_any_prob_skipped_renormalize": 0.0,
  "fraction_weight_lt_1e-12": 0.02734375,
  "fraction_weight_lt_1e-10": 0.1923828125,
  "fraction_weight_lt_1e-08": 0.5361328125,
  "fraction_weight_lt_1e-06": 0.916015625,
  "mean_cumulative_weight": 6.404510805973862e-07,
  "median_cumulative_weight": 6.373554859944009e-09,
  "metrics_V_raw": {
    "frobenius": 31.999999953062396,
    "frobenius_sq": 1023.9999969959933,
    "entropy_sv": 1.0361632918473208e-27,
    "rank_tol": 1,
    "participation_ratio": 1.0,
    "mean_row_norm": 7.999999988265604,
    "std_row_norm": 0.0,
    "mean_col_norm": 0.9951722598816559,
    "std_col_norm": 1.0057872359996038
  },
  "metrics_V_centered_past": {
    "frobenius": 0.0,
    "frobenius_sq": 0.0,
    "entropy_sv": 0.0,
    "rank_tol": 0,
    "participation_ratio": 0.0,
    "mean_row_norm": 0.0,
    "std_row_norm": 0.0,
    "mean_col_norm": 0.0,
    "std_col_norm": 0.0
  },
  "metrics_V_centered_global": {
    "frobenius": 30.31312391945033,
    "frobenius_sq": 918.8854817559518,
    "entropy_sv": 1.0361632918473208e-27,
    "rank_tol": 1,
    "participation_ratio": 1.0,
    "mean_row_norm": 7.578280979862583,
    "std_row_norm": 0.0,
    "mean_col_norm": 1.058278942070956,
    "std_col_norm": 0.8222313089754214
  },
  "metrics_V_centered_rowcol": {
    "frobenius": 0.0,
    "frobenius_sq": 0.0,
    "entropy_sv": 0.0,
    "rank_tol": 0,
    "participation_ratio": 0.0,
    "mean_row_norm": 0.0,
    "std_row_norm": 0.0,
    "mean_col_norm": 0.0,
    "std_col_norm": 0.0
  },
  "row_distance_raw": {
    "max_row_distance": 0.0,
    "mean_row_distance": 0.0,
    "median_row_distance": 0.0
  },
  "row_distance_centered_past": {
    "max_row_distance": 0.0,
    "mean_row_distance": 0.0,
    "median_row_distance": 0.0
  },
  "delta_norm_centered_past": 0.0,
  "corr_weight_vs_centered_block_norm": NaN,
  "corr_terminated_early_vs_centered_block_norm": NaN,
  "summarize_weights": {
    "mean_weight_by_past": [
      1.144114794958005e-06,
      4.819340986544301e-08,
      2.262044217251752e-06,
      2.2176007815055072e-09,
      1.4012917754100596e-07,
      9.836109389588144e-08,
      5.284469080205514e-07,
      1.0533827485437373e-07,
      2.767004322081233e-08,
      4.535649756817027e-07,
      1.4892810789384056e-06,
      4.5731249296769866e-07,
      2.0494617601569423e-06,
      1.9969972706021114e-07,
      8.888473387598761e-07,
      3.5253439560401226e-07
    ],
    "mean_weight_by_future": [
      4.339489696548157e-09,
      7.77410307110729e-08,
      8.165147966565782e-08,
      2.465289238854477e-10,
      1.8402575490120912e-06,
      8.02951097789013e-10,
      6.14797824719687e-10,
      1.784510998594467e-11,
      3.321615158793793e-06,
      2.4205635723285773e-08,
      9.781844157894675e-06,
      2.958591539422479e-09,
      5.470522613898801e-08,
      8.073491976693993e-07,
      2.310022808159114e-08,
      8.92325366408626e-12,
      8.128014940631133e-11,
      3.581633318107835e-07,
      4.1246294018475604e-07,
      3.032084208109596e-10,
      4.62453807609709e-07,
      7.618346865417254e-06,
      6.967004900308654e-08,
      1.4139061040779905e-07,
      1.2025797951821131e-08,
      3.4270249170679913e-07,
      1.6321109170318706e-07,
      3.87299504124799e-11,
      6.254992607914038e-07,
      2.3404903861334052e-08,
      4.14739783984781e-09,
      1.1742518781403727e-05,
      8.00506220601045e-09,
      9.457790422692174e-08,
      1.9189506659991264e-11,
      5.880032239265426e-07,
      1.6481677675787277e-07,
      3.214700139638559e-09,
      5.437260412024664e-08,
      7.871155520523909e-09,
      1.1005233536291387e-10,
      1.3030818829719544e-06,
      8.804166596461838e-09,
      1.1880718168002518e-07,
      8.066018734020211e-08,
      5.176402365105954e-10,
      2.044241260769902e-11,
      1.2830964125411888e-08,
      6.631941561534599e-13,
      2.4851619695693634e-08,
      1.515576172870593e-07,
      5.674250639112574e-09,
      7.799234195707081e-11,
      6.810011387050746e-11,
      7.032177667792315e-10,
      2.525392991978751e-07,
      3.942353091926145e-09,
      1.8049795775856384e-09,
      2.3004584690687594e-10,
      6.459601751525e-08,
      7.58351605134071e-09,
      2.4983540206408942e-08,
      1.57943818032411e-09,
      5.084034074813297e-09
    ]
  },
  "mean_centered_block_norm_by_past": [
    0.0,
    0.0,
    0.0,
    0.0,
    0.0,
    0.0,
    0.0,
    0.0,
    0.0,
    0.0,
    0.0,
    0.0,
    0.0,
    0.0,
    0.0,
    0.0
  ],
  "mean_centered_block_norm_by_future": [
    0.0,
    0.0,
    0.0,
    0.0,
    0.0,
    0.0,
    0.0,
    0.0,
    0.0,
    0.0,
    0.0,
    0.0,
    0.0,
    0.0,
    0.0,
    0.0,
    0.0,
    0.0,
    0.0,
    0.0,
    0.0,
    0.0,
    0.0,
    0.0,
    0.0,
    0.0,
    0.0,
    0.0,
    0.0,
    0.0,
    0.0,
    0.0,
    0.0,
    0.0,
    0.0,
    0.0,
    0.0,
    0.0,
    0.0,
    0.0,
    0.0,
    0.0,
    0.0,
    0.0,
    0.0,
    0.0,
    0.0,
    0.0,
    0.0,
    0.0,
    0.0,
    0.0,
    0.0,
    0.0,
    0.0,
    0.0,
    0.0,
    0.0,
    0.0,
    0.0,
    0.0,
    0.0,
    0.0,
    0.0
  ],
  "weighted_variants": {
    "masked_lt_1e-12_thr1e-12": {
      "frobenius": 31.559467621599595,
      "frobenius_sq": 995.9999965587932,
      "entropy_sv": 0.09627959884398302,
      "rank_tol": 5,
      "participation_ratio": 0.9690912242051708,
      "mean_row_norm": 7.887596334617415,
      "std_row_norm": 0.19547916391492173,
      "mean_col_norm": 0.9792767228531539,
      "std_col_norm": 0.9941125631717065
    },
    "weighted_sqrt_thr1e-12": {
      "frobenius": 0.025609020251659474,
      "frobenius_sq": 0.000655821918249905,
      "entropy_sv": 1.0361632918473208e-27,
      "rank_tol": 1,
      "participation_ratio": 1.0,
      "mean_row_norm": 0.005365580183623295,
      "std_row_norm": 0.003607313930887718,
      "mean_col_norm": 0.00039106197913486564,
      "std_col_norm": 0.0010630992877225065
    },
    "weighted_linear_thr1e-12": {
      "frobenius": 0.0001048078306634937,
      "frobenius_sq": 1.0984681368387572e-08,
      "entropy_sv": 1.0361632918473208e-27,
      "rank_tol": 1,
      "participation_ratio": 1.0,
      "mean_row_norm": 1.7605910090490343e-05,
      "std_row_norm": 2.0041943097009826e-05,
      "mean_col_norm": 9.759984586961456e-07,
      "std_col_norm": 4.532328751054675e-06
    },
    "masked_lt_1e-10_thr1e-10": {
      "frobenius": 28.757607653572588,
      "frobenius_sq": 826.9999979568167,
      "entropy_sv": 0.3005039478615486,
      "rank_tol": 10,
      "participation_ratio": 0.8909711391886149,
      "mean_row_norm": 7.1657177839530775,
      "std_row_norm": 0.6022079490583091,
      "mean_col_norm": 0.8480512872547288,
      "std_col_norm": 0.9475214481768078
    },
    "weighted_sqrt_thr1e-10": {
      "frobenius": 0.025609020251659474,
      "frobenius_sq": 0.000655821918249905,
      "entropy_sv": 1.0361632918473208e-27,
      "rank_tol": 1,
      "participation_ratio": 1.0,
      "mean_row_norm": 0.005365580183623295,
      "std_row_norm": 0.003607313930887718,
      "mean_col_norm": 0.00039106197913486564,
      "std_col_norm": 0.0010630992877225065
    },
    "weighted_linear_thr1e-10": {
      "frobenius": 0.0001048078306634937,
      "frobenius_sq": 1.0984681368387572e-08,
      "entropy_sv": 1.0361632918473208e-27,
      "rank_tol": 1,
      "participation_ratio": 1.0,
      "mean_row_norm": 1.7605910090490343e-05,
      "std_row_norm": 2.0041943097009826e-05,
      "mean_col_norm": 9.759984586961456e-07,
      "std_col_norm": 4.532328751054675e-06
    },
    "masked_lt_1e-08_thr1e-08": {
      "frobenius": 21.79449472257358,
      "frobenius_sq": 475.0000002122877,
      "entropy_sv": 0.6074867522068228,