regime,seed,epoch,train_mse,val_mse
random_discrete,0,1,0.7116309404373169,1.3399803638458252
random_discrete,0,2,0.963936448097229,0.5664554238319397
standard_discrete,0,1,1.0230357646942139,0.9160454869270325
standard_discrete,0,2,0.9328151941299438,0.38431426882743835
tetrahedral_discrete,0,1,0.3603939414024353,1.4200727939605713
tetrahedral_discrete,0,2,1.2696328163146973,0.6051309108734131
continuous,0,1,0.27259474992752075,2.0229289531707764
continuous,0,2,2.137000560760498,0.9546405076980591
