{
  "case_name": "sweep",
  "L": 2,
  "k": 20,
  "dt": 0.1,
  "cut": 15,
  "J": 1.6,
  "g": 1.0,
  "n_pasts": 32,
  "n_futures": 32,
  "n_seeds": 1,
  "branch_weight_beta": 1.0,
  "delta": 5.038549483385143e-10,
  "delta_norm": 0.8956876120769434,
  "entropy": 0.028605593055967524,
  "rank": 4,
  "max_row_distance": 1.9973762517505663e-05,
  "mean_row_distance": 2.4377784458663616e-06,
  "median_row_distance": 2.8134283439881044e-07,
  "weight_preparation": {
    "weight_data_invalid": false,
    "nan_count": 0,
    "posinf_count": 0,
    "neginf_count": 0,
    "negative_count": 0,
    "warnings": []
  }
}