{
  "case_name": "markov_ref",
  "cut": 5,
  "cut_comparison_mode": "cut_comparison_shared_probe_source",
  "J": 0.0,
  "g": 1.0,
  "L": 2,
  "k": 20,
  "dt": 0.1,
  "n_pasts": 32,
  "n_futures": 32,
  "fraction_terminated_early": 0.0,
  "fraction_any_prob_skipped_renormalize": 0.0,
  "fraction_weight_lt_1e-12": 0.1142578125,
  "fraction_weight_lt_1e-10": 0.328125,
  "fraction_weight_lt_1e-08": 0.6513671875,
  "fraction_weight_lt_1e-06": 0.921875,
  "mean_cumulative_weight": 1.0405433221950277e-06,
  "median_cumulative_weight": 1.521157752641642e-09,
  "metrics_V_raw": {
    "frobenius": 31.999999873654787,
    "frobenius_sq": 1023.9999919139063,
    "entropy_sv": 2.141404136484463e-27,
    "rank_tol": 1,
    "participation_ratio": 1.0,
    "mean_row_norm": 5.656854227157495,
    "std_row_norm": 0.0,
    "mean_col_norm": 1.4040567472903782,
    "std_col_norm": 1.4270879473473366
  },
  "metrics_V_centered_past": {
    "frobenius": 0.0,
    "frobenius_sq": 0.0,
    "entropy_sv": 0.0,
    "rank_tol": 0,
    "participation_ratio": 0.0,
    "mean_row_norm": 0.0,
    "std_row_norm": 0.0,
    "mean_col_norm": 0.0,
    "std_col_norm": 0.0
  },
  "metrics_V_centered_global": {
    "frobenius": 29.293501718751536,
    "frobenius_sq": 858.1092429464992,
    "entropy_sv": 2.141404136484463e-27,
    "rank_tol": 1,
    "participation_ratio": 1.0,
    "mean_row_norm": 5.178408427507248,
    "std_row_norm": 0.0,
    "mean_col_norm": 1.4535716124146942,
    "std_col_norm": 1.1153376561585329
  },
  "metrics_V_centered_rowcol": {
    "frobenius": 0.0,
    "frobenius_sq": 0.0,
    "entropy_sv": 0.0,
    "rank_tol": 0,
    "participation_ratio": 0.0,
    "mean_row_norm": 0.0,
    "std_row_norm": 0.0,
    "mean_col_norm": 0.0,
    "std_col_norm": 0.0
  },
  "row_distance_raw": {
    "max_row_distance": 0.0,
    "mean_row_distance": 0.0,
    "median_row_distance": 0.0
  },
  "row_distance_centered_past": {
    "max_row_distance": 0.0,
    "mean_row_distance": 0.0,
    "median_row_distance": 0.0
  },
  "delta_norm_centered_past": 0.0,
  "corr_weight_vs_centered_block_norm": NaN,
  "corr_terminated_early_vs_centered_block_norm": NaN,
  "summarize_weights": {
    "mean_weight_by_past": [
      5.371769132135912e-07,
      3.772007777802926e-08,
      1.258675343226004e-06,
      3.6377065958922342e-06,
      5.431503946444205e-07,
      8.089750130891469e-07,
      2.043153694223845e-06,
      1.3332701151746085e-07,
      1.6993929931328565e-08,
      1.3334885849034348e-08,
      2.401326108860311e-07,
      1.1956276893354861e-08,
      7.681490409418019e-06,
      1.0058967580843048e-06,
      1.4099867377239245e-08,
      7.323817223592601e-07,
      9.127989493147062e-07,
      8.171606722251559e-08,
      8.472183829942283e-07,
      2.1991030841120408e-07,
      1.0413211138656003e-06,
      1.1281720058297025e-07,
      5.806483361430357e-06,
      2.2102286800765834e-08,
      1.4413429276679619e-08,
      8.19168171664318e-09,
      1.0718498156477931e-07,
      4.552234010281756e-08,
      3.4599872337256176e-06,
      3.702927676310848e-08,
      6.953584537439462e-07,
      1.1691597383416493e-06
    ],
    "mean_weight_by_future": [
      4.82632487957936e-09,
      4.4482081137575727e-11,
      7.19214951985471e-09,
      2.7667700399742495e-13,
      4.0375470837272165e-09,
      3.137119413096297e-07,
      1.1086584354309417e-07,
      1.6274495553910022e-07,
      1.029836440879338e-05,
      3.461940770548674e-08,
      8.732847323815226e-06,
      4.256230200346629e-11,
      2.3724844260189404e-13,
      1.0680458388604201e-07,
      3.781689284919561e-09,
      3.98718660805512e-07,
      1.166637624794781e-05,
      3.081563753428928e-11,
      1.0348944197855247e-09,
      6.716201964458193e-08,
      1.5565143188241723e-09,
      1.7777960837718297e-08,
      1.3268983943129642e-07,
      4.676627940659317e-11,
      6.074676642850803e-11,
      2.222285472071443e-09,
      1.176730984001479e-06,
      4.081432317880605e-08,
      3.107963041790697e-11,
      2.635002234619957e-12,
      3.659904061586655e-10,
      1.1880812792197925e-08
    ]
  },
  "mean_centered_block_norm_by_past": [
    0.0,
    0.0,
    0.0,
    0.0,
    0.0,
    0.0,
    0.0,
    0.0,
    0.0,
    0.0,
    0.0,
    0.0,
    0.0,
    0.0,
    0.0,
    0.0,
    0.0,
    0.0,
    0.0,
    0.0,
    0.0,
    0.0,
    0.0,
    0.0,
    0.0,
    0.0,
    0.0,
    0.0,
    0.0,
    0.0,
    0.0,
    0.0
  ],
  "mean_centered_block_norm_by_future": [
    0.0,
    0.0,
    0.0,
    0.0,
    0.0,
    0.0,
    0.0,
    0.0,
    0.0,
    0.0,
    0.0,
    0.0,
    0.0,
    0.0,
    0.0,
    0.0,
    0.0,
    0.0,
    0.0,
    0.0,
    0.0,
    0.0,
    0.0,
    0.0,
    0.0,
    0.0,
    0.0,
    0.0,
    0.0,
    0.0,
    0.0,
    0.0
  ],
  "weighted_variants": {
    "masked_lt_1e-12_thr1e-12": {
      "frobenius": 30.116440584433136,
      "frobenius_sq": 906.9999934756912,
      "entropy_sv": 0.21001314671843055,
      "rank_tol": 5,
      "participation_ratio": 0.9173936872609217,
      "mean_row_norm": 5.316728681871647,
      "std_row_norm": 0.28036090929719826,
      "mean_col_norm": 1.3037490441024446,
      "std_col_norm": 1.360307104247945
    },
    "weighted_sqrt_thr1e-12": {
      "frobenius": 0.03264224750431415,
      "frobenius_sq": 0.0010655163221329035,
      "entropy_sv": 2.141404136484463e-27,
      "rank_tol": 1,
      "participation_ratio": 1.0,
      "mean_row_norm": 0.004286100640595029,
      "std_row_norm": 0.003925332300258411,
      "mean_col_norm": 0.000626335633745484,
      "std_col_norm": 0.001945420427015429
    },
    "weighted_linear_thr1e-12": {
      "frobenius": 0.00019689731225255397,
      "frobenius_sq": 3.876855157227974e-08,
      "entropy_sv": 2.141404136484463e-27,
      "rank_tol": 1,
      "participation_ratio": 1.0,
      "mean_row_norm": 1.7892486649785198e-05,
      "std_row_norm": 3.0333648440927895e-05,
      "mean_col_norm": 2.70564729001917e-06,
      "std_col_norm": 1.202847872216384e-05
    },
    "masked_lt_1e-10_thr1e-10": {
      "frobenius": 26.229753952065934,
      "frobenius_sq": 687.9999923859185,
      "entropy_sv": 0.42115538530979973,
      "rank_tol": 10,
      "participation_ratio": 0.8304700158120374,
      "mean_row_norm": 4.6144322614345175,
      "std_row_norm": 0.46226892515747564,
      "mean_col_norm": 1.0538192889257383,
      "std_col_norm": 1.2582325113157746
    },
    "weighted_sqrt_thr1e-10": {
      "frobenius": 0.03264224750431415,
      "frobenius_sq": 0.0010655163221329035,
      "entropy_sv": 2.141404136484463e-27,
      "rank_tol": 1,
      "participation_ratio": 1.0,
      "mean_row_norm": 0.004286100640595029,
      "std_row_norm": 0.003925332300258411,
      "mean_col_norm": 0.000626335633745484,
      "std_col_norm": 0.001945420427015429
    },
    "weighted_linear_thr1e-10": {
      "frobenius": 0.00019689731225255397,
      "frobenius_sq": 3.876855157227974e-08,
      "entropy_sv": 2.141404136484463e-27,
      "rank_tol": 1,
      "participation_ratio": 1.0,
      "mean_row_norm": 1.7892486649785198e-05,
      "std_row_norm": 3.0333648440927895e-05,
      "mean_col_norm": 2.70564729001917e-06,
      "std_col_norm": 1.202847872216384e-05
    },
    "masked_lt_1e-08_thr1e-08": {
      "frobenius": 18.89444348388096,
      "frobenius_sq": 356.9999945655716,
      "entropy_sv": 0.7493719077379297,
      "rank_tol": 13,
      "participation_ratio": 0.688957935693099,
      "mean_row_norm": 3.2295058506724024,
      "std_row_norm": 0.8660130614506858,
      "mean_col_norm": 0.6316594366409445,
      "std_col_norm": 0.9997207879375622
    },
    "weighted_sqrt_thr1e-08": {
      "frobenius": 0.03264224750431415,
      "frobenius_sq": 0.0010655163221329035,
      "entropy_sv": 2.141404136484463e-27,
      "rank_tol": 1,
      "participation_ratio": 1.0,
      "mean_row_norm": 0.004286100640595029,
      "std_row_norm": 0.003925332300258411,
      "mean_col_norm": 0.000626335633745484,