k_train,k_test,N_train,N_test,seed,final_frob,obs_x_mae,obs_z_mae
4,2,8,4,0,6.5431585629898334,0.6765286959707737,1.7888298761099577
4,4,8,4,0,5.005055957692562,0.7384928409010172,1.6217321162694134
4,6,8,4,0,5.911925693984661,0.38154261931777,1.8870141953229904
4,8,8,4,0,7.363252076436492,0.9730005897581577,1.8191069792956114
