k_train,k_test,N_train,N_test,seed,final_frob,obs_x_mae,obs_z_mae
4,2,8,4,0,3.6546640167650346,1.0425507314503193,0.6370606366544962
4,4,8,4,0,3.686730420039328,0.9892607517540455,0.8400235804147087
4,6,8,4,0,2.6856170240905537,0.9870479144155979,0.328430000692606
4,8,8,4,0,2.570287994216628,0.5474038906395435,0.3837596941739321
