k_train,k_test,mean_frob,std_frob,mean_dX,std_dX,mean_dZ,std_dZ,n
4,2,6.5431585629898334,0,0.6765286959707737,0,1.7888298761099577,0,1
4,4,5.005055957692562,0,0.7384928409010172,0,1.6217321162694134,0,1
4,6,5.911925693984661,0,0.38154261931777,0,1.8870141953229904,0,1
4,8,7.363252076436492,0,0.9730005897581577,0,1.8191069792956114,0,1
