k_train,k_test,mean_frob,std_frob,mean_dX,std_dX,mean_dZ,std_dZ,n
4,2,3.6546640167650346,0,1.0425507314503193,0,0.6370606366544962,0,1
4,4,3.686730420039328,0,0.9892607517540455,0,0.8400235804147087,0,1
4,6,2.6856170240905537,0,0.9870479144155979,0,0.328430000692606,0,1
4,8,2.570287994216628,0,0.5474038906395435,0,0.3837596941739321,0,1
