regime,seed,epoch,train_mse,val_mse
random_discrete,0,1,0.5344758629798889,1.1948119401931763
standard_discrete,0,1,0.5193251371383667,1.262244462966919
tetrahedral_discrete,0,1,0.26084110140800476,1.1631726026535034
continuous,0,1,0.3595955967903137,1.9646865129470825
