{
  "case_name": "nm_mid",
  "cut": 15,
  "cut_comparison_mode": "cut_comparison_shared_probe_source",
  "J": 1.0,
  "g": 1.0,
  "L": 2,
  "k": 20,
  "dt": 0.1,
  "n_pasts": 16,
  "n_futures": 64,
  "fraction_terminated_early": 0.0,
  "fraction_any_prob_skipped_renormalize": 0.0,
  "fraction_weight_lt_1e-12": 0.00390625,
  "fraction_weight_lt_1e-10": 0.119140625,
  "fraction_weight_lt_1e-08": 0.5185546875,
  "fraction_weight_lt_1e-06": 0.87109375,
  "mean_cumulative_weight": 3.0877680457331616e-06,
  "median_cumulative_weight": 8.430798225363078e-09,
  "metrics_V_raw": {
    "frobenius": 31.850817857021333,
    "frobenius_sq": 1014.4745981611491,
    "entropy_sv": 0.014429258081687235,
    "rank_tol": 16,
    "participation_ratio": 0.9962927379461394,
    "mean_row_norm": 7.962695209895818,
    "std_row_norm": 0.012538128475983994,
    "mean_col_norm": 1.0001679210131713,
    "std_col_norm": 0.9914533330211894
  },
  "metrics_V_centered_past": {
    "frobenius": 1.372915776063648,
    "frobenius_sq": 1.8848977281644486,
    "entropy_sv": 0.48343300198621947,
    "rank_tol": 15,
    "participation_ratio": 0.7464912126665495,
    "mean_row_norm": 0.3076131777305321,
    "std_row_norm": 0.1572437289367125,
    "mean_col_norm": 0.03822721187135669,
    "std_col_norm": 0.047164242892727026
  },
  "metrics_V_centered_global": {
    "frobenius": 29.99706539515933,
    "frobenius_sq": 899.8239323214652,
    "entropy_sv": 0.016000451643138184,
    "rank_tol": 16,
    "participation_ratio": 0.9958262560110765,
    "mean_row_norm": 7.499245478069089,
    "std_row_norm": 0.018272887073489032,
    "mean_col_norm": 1.0574581135168697,
    "std_col_norm": 0.8003136487134738
  },
  "metrics_V_centered_rowcol": {
    "frobenius": 1.3715872569357908,
    "frobenius_sq": 1.8812516033886468,
    "entropy_sv": 0.48366966926318855,
    "rank_tol": 15,
    "participation_ratio": 0.746356867593476,
    "mean_row_norm": 0.3073265621264599,
    "std_row_norm": 0.15706850963261113,
    "mean_col_norm": 0.038930010795355366,
    "std_col_norm": 0.04650804665430482
  },
  "row_distance_raw": {
    "max_row_distance": 1.148755634500707,
    "mean_row_distance": 0.4461522500962033,
    "median_row_distance": 0.41158957707596183
  },
  "row_distance_centered_past": {
    "max_row_distance": 1.148755634500707,
    "mean_row_distance": 0.4461522500962033,
    "median_row_distance": 0.41158957707596183
  },
  "delta_norm_centered_past": 0.0018580038687819693,
  "corr_weight_vs_centered_block_norm": -0.14442068774251035,
  "corr_terminated_early_vs_centered_block_norm": NaN,
  "summarize_weights": {
    "mean_weight_by_past": [
      3.739066723366752e-09,
      5.703891728885963e-09,
      3.109954198793527e-07,
      1.1395785152874775e-10,
      4.598479975073149e-06,
      3.71249060065242e-07,
      2.2579046717800843e-07,
      3.473696434671531e-09,
      1.0707911108515795e-06,
      1.3006888795012928e-09,
      3.1344355214077966e-09,
      5.194973807544516e-08,
      4.251184012914152e-05,
      7.278074359394368e-10,
      8.74557272151851e-09,
      2.36253714169459e-07
    ],
    "mean_weight_by_future": [
      2.1037826750372923e-06,
      3.546722175266842e-07,
      1.122607472591247e-07,
      5.861453468084343e-07,
      1.5334346772685619e-06,
      4.694576896857496e-08,
      1.3508256655133735e-05,
      6.546647378917436e-07,
      6.071957673362633e-07,
      3.0455309379218927e-07,
      2.096539479747472e-06,
      1.5142861559844947e-06,
      1.3473896912362008e-07,
      2.5052149228113007e-06,
      1.0026398615409459e-05,
      2.3305725085066375e-05,
      8.567765964299407e-07,
      1.2341746959088852e-06,
      8.456817650088295e-06,
      8.320564890988477e-08,
      1.2700063608500255e-08,
      9.644440270283856e-06,
      1.1198699456839378e-08,
      1.2282055618944238e-07,
      8.6224287313267e-07,
      2.280298577003944e-06,
      9.04395219915079e-06,
      7.743734331556665e-07,
      2.774792018776672e-07,
      2.400821576101323e-06,
      5.857409075377459e-08,
      3.4375214048893134e-08,
      1.9568384017005622e-06,
      1.249878963775351e-06,
      7.600894951254825e-07,
      2.638567109715166e-06,
      5.254450724520313e-07,
      1.0629419218796619e-08,
      4.913341264942363e-07,
      7.444911803803272e-08,
      1.0752855283349069e-05,
      1.3812676501265092e-06,
      3.4402996747006832e-06,
      9.037142541932311e-07,
      2.884826855278297e-07,
      1.6116406202735923e-05,
      4.6618307734690065e-07,
      5.010478463151944e-07,
      4.214341145812935e-07,
      2.5688712774498902e-08,
      7.764100237374899e-06,
      1.979798202893394e-06,
      2.682725510474965e-07,
      1.0893546837033066e-06,
      3.0934496461875634e-06,
      3.4228647660367324e-07,
      1.6929944556742463e-06,
      5.3336447878339895e-06,
      1.0549570608158027e-05,
      8.726953658179321e-07,
      1.7590680376067988e-05,
      9.17292427013624e-06,
      2.298745023360679e-07,
      8.383129365100163e-08
    ]
  },
  "mean_centered_block_norm_by_past": [
    0.04680923662110394,
    0.021452236398887964,
    0.024771838744872692,
    0.020545454695059126,
    0.021351593536962605,
    0.06557523328224871,
    0.028674073142002834,
    0.01433803113974999,
    0.039844519812130844,
    0.06587219191730805,
    0.04254416800204679,
    0.020198775077420517,
    0.005483352978831421,
    0.02006526271499895,
    0.062412234870107365,
    0.026815483118191225
  ],
  "mean_centered_block_norm_by_future": [
    0.041174712286270246,
    0.007738077916520536,
    0.04003954785269544,
    0.03423649660798737,
    0.046528477506707376,
    0.030899540609091267,
    0.037471748894993065,
    0.02311912152911085,
    0.02680988852974781,
    0.050741016387932145,
    0.04579171388575288,
    0.04918104983824987,
    0.007469267423724231,
    0.037672581084973136,
    0.030070333813031615,
    0.023319391519538248,
    0.03221827109636774,
    0.012722569391993928,
    0.03848521472113076,
    0.038320590139477195,
    0.036303279956773134,
    0.014001744116082798,
    0.020656548527113287,
    0.03927578422929314,
    0.026211446863923255,
    0.04377843214450882,
    0.04432842646236413,
    0.013527574214773727,
    0.024594048936063432,
    0.033511302228566735,
    0.05052740971411677,
    0.03700353815559884,
    0.035396641055278476,
    0.04006842482912212,
    0.04739897625297779,
    0.02985058872493064,
    0.0394833987943448,
    0.024224005013872982,
    0.05381765952740962,
    0.04228370446353638,
    0.005290914318876288,
    0.03535232913986672,
    0.033567863961487865,
    0.0060700954252324,
    0.04028398357716294,
    0.027332170703167943,
    0.007312882090065389,
    0.03630586237760934,
    0.04317959655374634,
    0.04199053475616715,
    0.037224052462396226,
    0.0166068797538189,
    0.04327412591497434,
    0.0042667689159537414,
    0.02767658258826369,
    0.053558095617452714,
    0.0399038035295611,
    0.020907495543692377,
    0.04657241086959511,
    0.04387375664790302,
    0.042471526170796955,
    0.04720339864830002,
    0.050106830741547745,
    0.006430238654107213
  ],
  "weighted_variants": {
    "masked_lt_1e-12_thr1e-12": {
      "frobenius": 31.788623225974202,
      "frobenius_sq": 1010.5165666029465,
      "entropy_sv": 0.037485411039911945,
      "rank_tol": 16,
      "participation_ratio": 0.9893811191284442,
      "mean_row_norm": 7.946910970090114,
      "std_row_norm": 0.06442729148965433,
      "mean_col_norm": 0.9980872319287509,
      "std_col_norm": 0.9896463697247382
    },
    "weighted_sqrt_thr1e-12": {
      "frobenius": 0.055923854329987414,
      "frobenius_sq": 0.003127477483121652,
      "entropy_sv": 0.0026183727371441147,
      "rank_tol": 16,
      "participation_ratio": 0.9994850199952259,
      "mean_row_norm": 0.0062045789436249365,
      "std_row_norm": 0.012939677186181702,
      "mean_col_norm": 0.0013309181006373764,