{
  "case_name": "trivial",
  "cut": 15,
  "cut_comparison_mode": "cut_comparison_fresh_probes",
  "J": 0.0,
  "g": 0.0,
  "L": 2,
  "k": 20,
  "dt": 0.1,
  "n_pasts": 64,
  "n_futures": 16,
  "fraction_terminated_early": 0.0,
  "fraction_any_prob_skipped_renormalize": 0.0,
  "fraction_weight_lt_1e-12": 0.0419921875,
  "fraction_weight_lt_1e-10": 0.201171875,
  "fraction_weight_lt_1e-08": 0.5634765625,
  "fraction_weight_lt_1e-06": 0.8984375,
  "mean_cumulative_weight": 8.073865521718115e-07,
  "median_cumulative_weight": 5.0261723661069644e-09,
  "metrics_V_raw": {
    "frobenius": 31.999999830338982,
    "frobenius_sq": 1023.9999891416949,
    "entropy_sv": 4.351885825758746e-27,
    "rank_tol": 1,
    "participation_ratio": 1.0,
    "mean_row_norm": 3.9999999787923772,
    "std_row_norm": 4.475998511201681e-16,
    "mean_col_norm": 2.078310497105121,
    "std_col_norm": 1.926033928854219
  },
  "metrics_V_centered_past": {
    "frobenius": 0.0,
    "frobenius_sq": 0.0,
    "entropy_sv": 0.0,
    "rank_tol": 0,
    "participation_ratio": 0.0,
    "mean_row_norm": 0.0,
    "std_row_norm": 0.0,
    "mean_col_norm": 0.0,
    "std_col_norm": 0.0
  },
  "metrics_V_centered_global": {
    "frobenius": 29.609515431130365,
    "frobenius_sq": 876.7234040663473,
    "entropy_sv": 4.351885825758746e-27,
    "rank_tol": 1,
    "participation_ratio": 1.0,
    "mean_row_norm": 3.701189428891294,
    "std_row_norm": 4.475998511201681e-16,
    "mean_col_norm": 2.077343839162495,
    "std_col_norm": 1.5981230465293579
  },
  "metrics_V_centered_rowcol": {
    "frobenius": 0.0,
    "frobenius_sq": 0.0,
    "entropy_sv": 0.0,
    "rank_tol": 0,
    "participation_ratio": 0.0,
    "mean_row_norm": 0.0,
    "std_row_norm": 0.0,
    "mean_col_norm": 0.0,
    "std_col_norm": 0.0
  },
  "row_distance_raw": {
    "max_row_distance": 0.0,
    "mean_row_distance": 0.0,
    "median_row_distance": 0.0
  },
  "row_distance_centered_past": {
    "max_row_distance": 0.0,
    "mean_row_distance": 0.0,
    "median_row_distance": 0.0
  },
  "delta_norm_centered_past": 0.0,
  "corr_weight_vs_centered_block_norm": NaN,
  "corr_terminated_early_vs_centered_block_norm": NaN,
  "summarize_weights": {
    "mean_weight_by_past": [
      2.867806389956329e-10,
      8.032137026016991e-10,
      2.876534321781986e-11,
      2.590814212686905e-08,
      1.1108242597257586e-10,
      1.4171159787563957e-07,
      6.977215006112622e-08,
      1.8893674770378285e-11,
      1.193623272272975e-12,
      9.134935055482883e-09,
      3.2733127712579666e-08,
      6.148770148861416e-08,
      4.2828114894615646e-08,
      3.0638629087899363e-06,
      2.1628556375450498e-10,
      1.7760182869571572e-09,
      3.860821898023202e-09,
      2.4426169240371916e-06,
      1.4228208069879383e-08,
      1.879859016581976e-09,
      2.188708657256881e-08,
      1.3936717959821902e-08,
      2.9676690995987434e-09,
      5.909156613629726e-09,
      9.87145629357262e-11,
      4.6150384924146234e-08,
      1.9211943373799372e-07,
      2.5702069230069773e-07,
      8.034957629712088e-06,
      1.1991335301951724e-10,
      6.549624671951942e-10,
      3.3662751920291207e-09,
      7.661181820688305e-09,
      1.937596465141698e-07,
      5.651606289462332e-06,
      6.4105943941683635e-09,
      1.0685555716075053e-07,
      1.827807874128275e-10,
      1.0032587018301261e-07,
      1.016785058623644e-07,
      5.656424991718143e-07,
      1.0137974794387086e-08,
      1.692162263598563e-08,
      1.3372218586189638e-07,
      1.8386596263950978e-06,
      8.642181507957849e-06,
      7.523641577565186e-06,
      4.037298700227277e-12,
      2.2014928192782e-10,
      4.3289727421835743e-11,
      1.4140450010955543e-09,
      5.2707683801252033e-08,
      1.0862068541916527e-08,
      8.90434880836506e-06,
      5.0672484625347474e-12,
      4.673310226887972e-13,
      2.3016156890935815e-07,
      2.488630260557804e-06,
      5.492606170909073e-07,
      2.8839697694580134e-09,
      1.22811253374047e-09,
      7.014421891883343e-09,
      2.6330136782710023e-09,
      2.9478976618731946e-08
    ],
    "mean_weight_by_future": [
      9.374874169356258e-08,
      5.513706214750983e-07,
      2.093197840461048e-06,
      1.1886902209853797e-06,
      3.935039252074764e-09,
      3.322299074955204e-07,
      9.746100087214932e-08,
      2.2608731897902964e-06,
      2.48154421529505e-07,
      1.9202970164577475e-07,
      4.392115843082939e-06,
      3.1972715012026576e-07,
      8.885680654161548e-08,
      5.532502252748482e-07,
      3.6841001486485817e-07,
      1.3413410966404688e-07
    ]
  },
  "mean_centered_block_norm_by_past": [
    0.0,
    0.0,
    0.0,
    0.0,
    0.0,
    0.0,
    0.0,
    0.0,
    0.0,
    0.0,
    0.0,
    0.0,
    0.0,
    0.0,
    0.0,
    0.0,
    0.0,
    0.0,
    0.0,
    0.0,
    0.0,
    0.0,
    0.0,
    0.0,
    0.0,
    0.0,
    0.0,
    0.0,
    0.0,
    0.0,
    0.0,
    0.0,
    0.0,
    0.0,
    0.0,
    0.0,
    0.0,
    0.0,
    0.0,
    0.0,
    0.0,
    0.0,
    0.0,
    0.0,
    0.0,
    0.0,
    0.0,
    0.0,
    0.0,
    0.0,
    0.0,
    0.0,
    0.0,
    0.0,
    0.0,
    0.0,
    0.0,
    0.0,
    0.0,
    0.0,
    0.0,
    0.0,
    0.0,
    0.0
  ],
  "mean_centered_block_norm_by_future": [
    0.0,
    0.0,
    0.0,
    0.0,
    0.0,
    0.0,
    0.0,
    0.0,
    0.0,
    0.0,
    0.0,
    0.0,
    0.0,
    0.0,
    0.0,
    0.0
  ],
  "weighted_variants": {
    "masked_lt_1e-12_thr1e-12": {
      "frobenius": 31.320919355172833,
      "frobenius_sq": 980.9999892532402,
      "entropy_sv": 0.1140062885962666,
      "rank_tol": 6,
      "participation_ratio": 0.9634253669476356,
      "mean_row_norm": 3.8956536767638252,
      "std_row_norm": 0.39296319992286777,
      "mean_col_norm": 2.0329331745327384,
      "std_col_norm": 1.8865445140894879
    },
    "weighted_sqrt_thr1e-12": {
      "frobenius": 0.02875350108317384,
      "frobenius_sq": 0.0008267638245400792,
      "entropy_sv": 4.351885825758746e-27,
      "rank_tol": 1,
      "participation_ratio": 1.0,
      "mean_row_norm": 0.0017884405336161774,
      "std_row_norm": 0.003142283503507264,
      "mean_col_norm": 0.0015188603164752196,
      "std_col_norm": 0.0020456905576772826
    },
    "weighted_linear_thr1e-12": {
      "frobenius": 0.00012642725463961525,
      "frobenius_sq": 1.5983850715710115e-08,
      "entropy_sv": 4.351885825758746e-27,
      "rank_tol": 1,
      "participation_ratio": 1.0,
      "mean_row_norm": 5.594440176457358e-06,
      "std_row_norm": 1.489689113134207e-05,
      "mean_col_norm": 4.805346248673483e-06,
      "std_col_norm": 1.0128371932658719e-05
    },
    "masked_lt_1e-10_thr1e-10": {
      "frobenius": 28.60069912726064,
      "frobenius_sq": 817.9999905680876,
      "entropy_sv": 0.2840643122572214,
      "rank_tol": 9,
      "participation_ratio": 0.8969249336162053,
      "mean_row_norm": 3.387369799732194,
      "std_row_norm": 1.1522679108615261,
      "mean_col_norm": 1.8511984328645819,
      "std_col_norm": 1.7283013118674124
    },
    "weighted_sqrt_thr1e-10": {
      "frobenius": 0.02875350108317384,
      "frobenius_sq": 0.0008267638245400792,
      "entropy_sv": 4.351885825758746e-27,
      "rank_tol": 1,
      "participation_ratio": 1.0,
      "mean_row_norm": 0.0017884405336161774,
      "std_row_norm": 0.003142283503507264,
      "mean_col_norm": 0.0015188603164752196,
      "std_col_norm": 0.0020456905576772826
    },
    "weighted_linear_thr1e-10": {
      "frobenius": 0.00012642725463961525,
      "frobenius_sq": 1.5983850715710115e-08,
      "entropy_sv": 4.351885825758746e-27,
      "rank_tol": 1,
      "participation_ratio": 1.0,
      "mean_row_norm": 5.594440176457358e-06,
      "std_row_norm": 1.489689113134207e-05,
      "mean_col_norm": 4.805346248673483e-06,
      "std_col_norm": 1.0128371932658719e-05
    },
    "masked_lt_1e-08_thr1e-08": {
      "frobenius": 21.142374385507203,