{
  "case_name": "markov_ref",
  "cut": 10,
  "cut_comparison_mode": "cut_comparison_fresh_probes",
  "J": 0.0,
  "g": 1.0,
  "L": 2,
  "k": 20,
  "dt": 0.1,
  "n_pasts": 64,
  "n_futures": 16,
  "weight_preparation": {
    "weight_data_invalid": false,
    "nan_count": 0,
    "posinf_count": 0,
    "neginf_count": 0,
    "negative_count": 0,
    "warnings": []
  },
  "variants": {
    "unweighted": {
      "metrics_raw": {
        "frobenius": 32.000000082802075,
        "frobenius_sq": 1024.0000052993328,
        "entropy_sv": 0.01778080220777428,
        "rank_tol": 4,
        "participation_ratio": 0.9952124373835647,
        "mean_row_norm": 4.000000010350261,
        "std_row_norm": 1.3703201472478573e-09,
        "mean_col_norm": 2.1346057851546485,
        "std_col_norm": 1.8629471348776945
      },
      "metrics_centered_past": {
        "frobenius": 1.576051996715816,
        "frobenius_sq": 2.4839398963519104,
        "entropy_sv": 0.3781104769338717,
        "rank_tol": 3,
        "participation_ratio": 0.7860444265998279,
        "mean_row_norm": 0.08252116781548531,
        "std_row_norm": 0.18030469517975686,
        "mean_col_norm": 0.029830214784334667,
        "std_col_norm": 0.13660795554904262
      },
      "delta_norm": 0.0024257225424777337,
      "row_distance_raw": {
        "max_row_distance": 0.9826922141568434,
        "mean_row_distance": 0.0925166439654752,
        "median_row_distance": 0.0
      },
      "row_distance_centered_past": {
        "max_row_distance": 0.9826922141568434,
        "mean_row_distance": 0.0925166439654752,
        "median_row_distance": 0.0
      },
      "control_heuristic": {
        "low_entropy_control": true,
        "very_low_entropy": true
      }
    },
    "weighted_sqrt": {
      "metrics_raw": {
        "frobenius": 0.01673284863863529,
        "frobenius_sq": 0.0002799882235634788,
        "entropy_sv": 7.589172300879841e-11,
        "rank_tol": 4,
        "participation_ratio": 0.9999999999946012,
        "mean_row_norm": 0.001358805238325427,
        "std_row_norm": 0.0016026848323124644,
        "mean_col_norm": 0.0006050104996884409,
        "std_col_norm": 0.001354884419505035
      },
      "metrics_centered_past": {
        "frobenius": 0.01272091649147558,
        "frobenius_sq": 0.00016182171638309538,
        "entropy_sv": 1.222224223038884e-10,
        "rank_tol": 4,
        "participation_ratio": 0.9999999999911546,
        "mean_row_norm": 0.0010815218394801655,
        "std_row_norm": 0.0011748798592389183,
        "mean_col_norm": 0.00045995081347094977,
        "std_col_norm": 0.0010300321387810777
      },
      "delta_norm": 0.5779590095738695,
      "row_distance_raw": {
        "max_row_distance": 0.007836873545941132,
        "mean_row_distance": 0.0015172065086277258,
        "median_row_distance": 0.0008986157480677985
      },
      "row_distance_centered_past": {
        "max_row_distance": 0.007836873545941132,
        "mean_row_distance": 0.0015172065086277258,
        "median_row_distance": 0.0008986157480677985
      },
      "control_heuristic": {
        "low_entropy_control": true,
        "very_low_entropy": true
      }
    },
    "weighted_linear": {
      "metrics_raw": {
        "frobenius": 6.193806830478138e-05,
        "frobenius_sq": 3.836324305327763e-09,
        "entropy_sv": 5.071172294147274e-21,
        "rank_tol": 1,
        "participation_ratio": 1.0,
        "mean_row_norm": 2.9599191615982596e-06,
        "std_row_norm": 7.210676093791372e-06,
        "mean_col_norm": 1.5795365805906316e-06,
        "std_col_norm": 5.262385107670204e-06
      },
      "metrics_centered_past": {
        "frobenius": 5.723296718643187e-05,
        "frobenius_sq": 3.2756125329631875e-09,
        "entropy_sv": 5.738845938888582e-21,
        "rank_tol": 1,
        "participation_ratio": 1.0,
        "mean_row_norm": 3.851968053019863e-06,
        "std_row_norm": 6.076238430889423e-06,
        "mean_col_norm": 1.4595477024216037e-06,
        "std_col_norm": 4.862630082482203e-06
      },
      "delta_norm": 0.8538414044959971,
      "row_distance_raw": {
        "max_row_distance": 4.1693546463838314e-05,
        "mean_row_distance": 4.83325346890644e-06,
        "median_row_distance": 1.1277592859898948e-06
      },
      "row_distance_centered_past": {
        "max_row_distance": 4.1693546463838314e-05,
        "mean_row_distance": 4.83325346890644e-06,
        "median_row_distance": 1.1277592859898948e-06
      },
      "control_heuristic": {
        "low_entropy_control": true,
        "very_low_entropy": true
      }
    }
  },
  "candidate_main": {
    "definition": "entropy_sv of centered_past( w_ij^0.5 * rho_flat ) \u2014 same as weighted_sqrt centered_past",
    "metrics_centered_past": {
      "frobenius": 0.01272091649147558,
      "frobenius_sq": 0.00016182171638309538,
      "entropy_sv": 1.222224223038884e-10,
      "rank_tol": 4,
      "participation_ratio": 0.9999999999911546,
      "mean_row_norm": 0.0010815218394801655,
      "std_row_norm": 0.0011748798592389183,
      "mean_col_norm": 0.00045995081347094977,
      "std_col_norm": 0.0010300321387810777
    },
    "metrics_raw": {
      "frobenius": 0.01673284863863529,
      "frobenius_sq": 0.0002799882235634788,
      "entropy_sv": 7.589172300879841e-11,
      "rank_tol": 4,
      "participation_ratio": 0.9999999999946012,
      "mean_row_norm": 0.001358805238325427,
      "std_row_norm": 0.0016026848323124644,
      "mean_col_norm": 0.0006050104996884409,
      "std_col_norm": 0.001354884419505035
    },
    "delta_norm": 0.5779590095738695
  }
}