{
  "case_name": "trivial",
  "cut": 15,
  "cut_comparison_mode": "asymmetry_grid",
  "J": 0.0,
  "g": 0.0,
  "L": 2,
  "k": 20,
  "dt": 0.1,
  "n_pasts": 64,
  "n_futures": 16,
  "fraction_terminated_early": 0.0,
  "fraction_any_prob_skipped_renormalize": 0.0,
  "fraction_weight_lt_1e-12": 0.05078125,
  "fraction_weight_lt_1e-10": 0.28515625,
  "fraction_weight_lt_1e-08": 0.755859375,
  "fraction_weight_lt_1e-06": 0.9521484375,
  "mean_cumulative_weight": 3.789319728151404e-07,
  "median_cumulative_weight": 5.951617761415923e-10,
  "metrics_V_raw": {
    "frobenius": 32.00000004300823,
    "frobenius_sq": 1024.0000027525266,
    "entropy_sv": 4.351885825758746e-27,
    "rank_tol": 1,
    "participation_ratio": 1.0,
    "mean_row_norm": 4.000000005376033,
    "std_row_norm": 0.0,
    "mean_col_norm": 2.0088405207498,
    "std_col_norm": 1.9989439186402036
  },
  "metrics_V_centered_past": {
    "frobenius": 0.0,
    "frobenius_sq": 0.0,
    "entropy_sv": 0.0,
    "rank_tol": 0,
    "participation_ratio": 0.0,
    "mean_row_norm": 0.0,
    "std_row_norm": 0.0,
    "mean_col_norm": 0.0,
    "std_col_norm": 0.0
  },
  "metrics_V_centered_global": {
    "frobenius": 29.648799182704693,
    "frobenius_sq": 879.0512929763504,
    "entropy_sv": 4.351885825758746e-27,
    "rank_tol": 1,
    "participation_ratio": 1.0,
    "mean_row_norm": 3.7060998978380866,
    "std_row_norm": 0.0,
    "mean_col_norm": 2.1075027508559288,
    "std_col_norm": 1.5636888770473187
  },
  "metrics_V_centered_rowcol": {
    "frobenius": 0.0,
    "frobenius_sq": 0.0,
    "entropy_sv": 0.0,
    "rank_tol": 0,
    "participation_ratio": 0.0,
    "mean_row_norm": 0.0,
    "std_row_norm": 0.0,
    "mean_col_norm": 0.0,
    "std_col_norm": 0.0
  },
  "row_distance_raw": {
    "max_row_distance": 0.0,
    "mean_row_distance": 0.0,
    "median_row_distance": 0.0
  },
  "row_distance_centered_past": {
    "max_row_distance": 0.0,
    "mean_row_distance": 0.0,
    "median_row_distance": 0.0
  },
  "delta_norm_centered_past": 0.0,
  "corr_weight_vs_centered_block_norm": NaN,
  "corr_terminated_early_vs_centered_block_norm": NaN,
  "summarize_weights": {
    "mean_weight_by_past": [
      1.8680704646167627e-09,
      1.4429629216081695e-10,
      7.488113613023617e-10,
      4.6346348486514055e-08,
      5.951602682962252e-08,
      2.8758075432997277e-07,
      2.940660064150806e-09,
      5.6196953645625e-07,
      9.03752157992095e-09,
      9.965032867389934e-07,
      2.557557002254669e-10,
      1.608399691916731e-06,
      1.4434032531233962e-08,
      8.897933153447895e-10,
      1.133878782787107e-11,
      9.999745233685757e-10,
      3.3604278806215666e-13,
      5.39253858780846e-10,
      8.892413854440563e-08,
      7.3029799578320806e-09,
      7.448351880834512e-10,
      1.7671538166844149e-07,
      2.2643489361966155e-07,
      4.303195227784782e-11,
      6.635542498826776e-06,
      9.228143026324974e-09,
      1.0247687091922406e-09,
      2.8777492520474586e-10,
      1.2589577632362628e-09,
      2.4513343754134163e-10,
      1.3071314904322838e-09,
      7.779980298169784e-08,
      9.520431029168714e-10,
      4.164777149140113e-10,
      3.4248173241602576e-09,
      1.327577221131172e-09,
      6.922754245676133e-11,
      4.085802207347036e-11,
      4.480010534121842e-11,
      1.7195770893272748e-10,
      7.37265862287786e-08,
      2.666275612466588e-06,
      7.821421075105144e-10,
      1.4040786314853395e-11,
      2.6075809094036515e-09,
      9.816822661096427e-11,
      2.9398013653634312e-09,
      1.0642489396605629e-09,
      2.40969672357069e-12,
      3.511063128630566e-11,
      1.3569656934293604e-08,
      1.0586256160994275e-05,
      3.7323728233880796e-13,
      2.4490769999108546e-09,
      2.0922807792197756e-10,
      1.6583128200635884e-10,
      2.2279165169818062e-09,
      4.829554380233111e-09,
      8.920998713483113e-12,
      5.911746963474156e-08,
      1.0158398565086194e-09,
      6.112258326410092e-09,
      2.037856750992666e-09,
      6.076947076323774e-10
    ],
    "mean_weight_by_future": [
      3.9850332296338574e-07,
      9.797823799124186e-08,
      1.5013408911853777e-06,
      7.664399094360563e-08,
      4.2881315788762596e-08,
      2.5638324227033896e-07,
      9.138007855788536e-07,
      6.424353280714191e-07,
      1.5357647823733093e-09,
      5.272595066896534e-08,
      1.0544373584372464e-07,
      1.5565600482847318e-06,
      2.007390358669345e-07,
      3.563323617568353e-08,
      1.0354376148258106e-07,
      7.676291714426697e-08
    ]
  },
  "mean_centered_block_norm_by_past": [
    0.0,
    0.0,
    0.0,
    0.0,
    0.0,
    0.0,
    0.0,
    0.0,
    0.0,
    0.0,
    0.0,
    0.0,
    0.0,
    0.0,
    0.0,
    0.0,
    0.0,
    0.0,
    0.0,
    0.0,
    0.0,
    0.0,
    0.0,
    0.0,
    0.0,
    0.0,
    0.0,
    0.0,
    0.0,
    0.0,
    0.0,
    0.0,
    0.0,
    0.0,
    0.0,
    0.0,
    0.0,
    0.0,
    0.0,
    0.0,
    0.0,
    0.0,
    0.0,
    0.0,
    0.0,
    0.0,
    0.0,
    0.0,
    0.0,
    0.0,
    0.0,
    0.0,
    0.0,
    0.0,
    0.0,
    0.0,
    0.0,
    0.0,
    0.0,
    0.0,
    0.0,
    0.0,
    0.0,
    0.0
  ],
  "mean_centered_block_norm_by_future": [
    0.0,
    0.0,
    0.0,
    0.0,
    0.0,
    0.0,
    0.0,
    0.0,
    0.0,
    0.0,
    0.0,
    0.0,
    0.0,
    0.0,
    0.0,
    0.0
  ],
  "weighted_variants": {
    "masked_lt_1e-12_thr1e-12": {
      "frobenius": 31.17691458430069,
      "frobenius_sq": 972.0000029967811,
      "entropy_sv": 0.11451122640719276,
      "rank_tol": 5,
      "participation_ratio": 0.9623681184123275,
      "mean_row_norm": 3.8681971830119974,
      "std_row_norm": 0.4776137512713171,
      "mean_col_norm": 1.9540735312111845,
      "std_col_norm": 1.9506598363302197
    },
    "weighted_sqrt_thr1e-12": {
      "frobenius": 0.019698384315307876,
      "frobenius_sq": 0.00038802634463356737,
      "entropy_sv": 4.351885825758746e-27,
      "rank_tol": 1,
      "participation_ratio": 1.0,
      "mean_row_norm": 0.0009457266867726234,
      "std_row_norm": 0.0022914084211370345,
      "mean_col_norm": 0.0010269554852358578,
      "std_col_norm": 0.001411518241758046
    },
    "weighted_linear_thr1e-12": {
      "frobenius": 8.525661180302732e-05,
      "frobenius_sq": 7.2686898561320975e-09,
      "entropy_sv": 4.351885825758746e-27,
      "rank_tol": 1,
      "participation_ratio": 1.0,
      "mean_row_norm": 2.497716833229725e-06,
      "std_row_norm": 1.0442146084746041e-05,
      "mean_col_norm": 3.38159301629575e-06,
      "std_col_norm": 6.760811071740117e-06
    },
    "masked_lt_1e-10_thr1e-10": {
      "frobenius": 27.055498580536906,
      "frobenius_sq": 732.0000034414345,
      "entropy_sv": 0.4289067835214191,
      "rank_tol": 12,
      "participation_ratio": 0.8375474042341121,
      "mean_row_norm": 3.1476367996936774,
      "std_row_norm": 1.246662136375401,
      "mean_col_norm": 1.682879767545987,
      "std_col_norm": 1.705694980402057
    },
    "weighted_sqrt_thr1e-10": {
      "frobenius": 0.019698384315307876,
      "frobenius_sq": 0.00038802634463356737,
      "entropy_sv": 4.351885825758746e-27,
      "rank_tol": 1,
      "participation_ratio": 1.0,
      "mean_row_norm": 0.0009457266867726234,
      "std_row_norm": 0.0022914084211370345,
      "mean_col_norm": 0.0010269554852358578,
      "std_col_norm": 0.001411518241758046
    },
    "weighted_linear_thr1e-10": {
      "frobenius": 8.525661180302732e-05,
      "frobenius_sq": 7.2686898561320975e-09,
      "entropy_sv": 4.351885825758746e-27,
      "rank_tol": 1,
      "participation_ratio": 1.0,
      "mean_row_norm": 2.497716833229725e-06,
      "std_row_norm": 1.0442146084746041e-05,
      "mean_col_norm": 3.38159301629575e-06,
      "std_col_norm": 6.760811071740117e-06
    },
    "masked_lt_1e-08_thr1e-08": {
      "frobenius": 15.811388350129928,
      "frobenius_sq": 250.0000015586244,
      "entropy_sv": 0.6535369328521545,