{
  "case_name": "sweep",
  "L": 2,
  "k": 20,
  "dt": 0.1,
  "cut": 10,
  "J": 0.2,
  "g": 1.0,
  "n_pasts": 32,
  "n_futures": 32,
  "n_seeds": 1,
  "branch_weight_beta": 1.0,
  "delta": 7.741067170920039e-07,
  "delta_norm": 0.9624053354068429,
  "entropy": 3.62482931355395e-07,
  "rank": 4,
  "max_row_distance": 0.0008959905617930274,
  "mean_row_distance": 6.034034466723428e-05,
  "median_row_distance": 1.3419927429528754e-06,
  "weight_preparation": {
    "weight_data_invalid": false,
    "nan_count": 0,
    "posinf_count": 0,
    "neginf_count": 0,
    "negative_count": 0,
    "warnings": []
  }
}