{
  "case_name": "trivial",
  "cut": 5,
  "cut_comparison_mode": "cut_comparison_fresh_probes",
  "J": 0.0,
  "g": 0.0,
  "L": 2,
  "k": 20,
  "dt": 0.1,
  "n_pasts": 16,
  "n_futures": 64,
  "fraction_terminated_early": 0.0009765625,
  "fraction_any_prob_skipped_renormalize": 0.0,
  "fraction_weight_lt_1e-12": 0.0625,
  "fraction_weight_lt_1e-10": 0.271484375,
  "fraction_weight_lt_1e-08": 0.6767578125,
  "fraction_weight_lt_1e-06": 0.9521484375,
  "mean_cumulative_weight": 1.8984938802497057e-06,
  "median_cumulative_weight": 1.6871831696512034e-09,
  "metrics_V_raw": {
    "frobenius": 31.999999975592985,
    "frobenius_sq": 1023.999998437951,
    "entropy_sv": 0.006260066303377934,
    "rank_tol": 2,
    "participation_ratio": 0.9984695008167361,
    "mean_row_norm": 7.999999993898255,
    "std_row_norm": 6.069513780462764e-10,
    "mean_col_norm": 1.0031281240333916,
    "std_col_norm": 0.9978369849744444
  },
  "metrics_V_centered_past": {
    "frobenius": 0.8866741125870803,
    "frobenius_sq": 0.7861909819320864,
    "entropy_sv": 1.0361632918473208e-27,
    "rank_tol": 1,
    "participation_ratio": 1.0,
    "mean_row_norm": 0.10731481473634383,
    "std_row_norm": 0.2003209875078418,
    "mean_col_norm": 0.004066724079228666,
    "std_col_norm": 0.03901235191589585
  },
  "metrics_V_centered_global": {
    "frobenius": 30.25056190710781,
    "frobenius_sq": 915.096495695762,
    "entropy_sv": 0.0069018310605461815,
    "rank_tol": 2,
    "participation_ratio": 0.9982894473964958,
    "mean_row_norm": 7.562640304141853,
    "std_row_norm": 0.001668901224803232,
    "mean_col_norm": 1.0472496600440602,
    "std_col_norm": 0.8318157210904679
  },
  "metrics_V_centered_rowcol": {
    "frobenius": 0.886476280769074,
    "frobenius_sq": 0.7858401963661702,
    "entropy_sv": 1.3260816528578463e-27,
    "rank_tol": 1,
    "participation_ratio": 1.0,
    "mean_row_norm": 0.1072908710070782,
    "std_row_norm": 0.20027629254654594,
    "mean_col_norm": 0.004881515509109144,
    "std_col_norm": 0.038909792035693794
  },
  "row_distance_raw": {
    "max_row_distance": 0.9157530857501339,
    "mean_row_distance": 0.11446913571876675,
    "median_row_distance": 0.0
  },
  "row_distance_centered_past": {
    "max_row_distance": 0.9157530857501339,
    "mean_row_distance": 0.11446913571876675,
    "median_row_distance": 0.0
  },
  "delta_norm_centered_past": 0.0007677646319642308,
  "corr_weight_vs_centered_block_norm": -0.0059322102100976505,
  "corr_terminated_early_vs_centered_block_norm": 0.9686021203540204,
  "summarize_weights": {
    "mean_weight_by_past": [
      8.298341380774848e-08,
      4.365969745434978e-08,
      8.0933896833419e-07,
      2.5642647582988697e-08,
      5.388814474483515e-07,
      1.1752908304854137e-09,
      5.498482292652766e-06,
      8.736637421774466e-06,
      5.936730232747474e-07,
      1.0043535852058326e-06,
      7.760628270230239e-08,
      8.721485652255195e-08,
      8.795933048239223e-06,
      2.640482987979982e-07,
      4.0643076700373695e-07,
      3.4098410423635575e-06
    ],
    "mean_weight_by_future": [
      1.5309041319839114e-10,
      2.080396779601486e-09,
      2.2342573001525576e-08,
      3.9649129412012216e-10,
      1.6716015061673648e-07,
      9.229417533015111e-09,
      9.543669895760799e-09,
      1.7187138731121144e-07,
      1.35963853768311e-07,
      1.4741555832033185e-11,
      1.1494601328444408e-07,
      3.066598704124572e-08,
      1.5187108461701584e-13,
      3.1394417171403404e-08,
      2.041718672525637e-09,
      2.6142547886468775e-09,
      2.5621801876336784e-09,
      1.998263313449416e-08,
      5.0984729851963956e-11,
      6.663784593065656e-11,
      1.4319338997576109e-09,
      5.469561516265562e-12,
      1.1876263204928767e-10,
      2.0323620978211684e-07,
      3.639235673661925e-09,
      8.183315071840438e-12,
      9.968996066379955e-08,
      1.3595945211437885e-08,
      5.484448890046439e-09,
      3.0367333574850533e-07,
      1.4503869983167846e-07,
      4.459284590700941e-08,
      3.098348085558803e-11,
      8.533925458666312e-11,
      1.2006090047195446e-08,
      1.8165977190719367e-12,
      3.3709811466782046e-09,
      2.23100110799739e-08,
      3.517840698161309e-07,
      3.8715681230770814e-05,
      1.1440731097103622e-08,
      1.0186284633129143e-07,
      1.898729345392094e-08,
      4.462442510964083e-07,
      3.464625487248728e-10,
      9.119233961772546e-08,
      1.713502649824299e-06,
      7.195504646853968e-09,
      4.44673809815616e-11,
      4.5244906001974535e-09,
      8.616931979458498e-09,
      7.461804214799905e-05,
      6.399719649961081e-08,
      9.2025496491547e-09,
      4.4020268148197124e-10,
      1.6297288990512145e-09,
      9.275362139268923e-11,
      6.005079981930569e-09,
      6.278466277739267e-08,
      1.1385823474007095e-08,
      4.467489368336345e-07,
      3.0789910010869318e-06,
      1.492672068405059e-07,
      2.1967728528890703e-09
    ]
  },
  "mean_centered_block_norm_by_past": [
    0.0008942901228028652,
    0.0008942901228028652,
    0.0008942901228028652,
    0.0008942901228028652,
    0.0008942901228028652,
    0.013414351842042978,
    0.0008942901228028652,
    0.0008942901228028652,
    0.0008942901228028652,
    0.0008942901228028652,
    0.0008942901228028652,
    0.0008942901228028652,
    0.0008942901228028652,
    0.0008942901228028652,
    0.0008942901228028652,
    0.0008942901228028652
  ],
  "mean_centered_block_norm_by_future": [
    0.0,
    0.0,
    0.0,
    0.0,
    0.0,
    0.0,
    0.0,
    0.0,
    0.0,
    0.0,
    0.0,
    0.0,
    0.10731481473634377,
    0.0,
    0.0,
    0.0,
    0.0,
    0.0,
    0.0,
    0.0,
    0.0,
    0.0,
    0.0,
    0.0,
    0.0,
    0.0,
    0.0,
    0.0,
    0.0,
    0.0,
    0.0,
    0.0,
    0.0,
    0.0,
    0.0,
    0.0,
    0.0,
    0.0,
    0.0,
    0.0,
    0.0,
    0.0,
    0.0,
    0.0,
    0.0,
    0.0,
    0.0,
    0.0,
    0.0,
    0.0,
    0.0,
    0.0,
    0.0,
    0.0,
    0.0,
    0.0,
    0.0,
    0.0,
    0.0,
    0.0,
    0.0,
    0.0,
    0.0,
    0.0
  ],
  "weighted_variants": {
    "masked_lt_1e-12_thr1e-12": {
      "frobenius": 30.98386675539175,
      "frobenius_sq": 959.9999991158702,
      "entropy_sv": 0.16147476314894965,
      "rank_tol": 7,
      "participation_ratio": 0.9454036466411705,
      "mean_row_norm": 7.741273010048129,
      "std_row_norm": 0.2784569455981885,
      "mean_col_norm": 0.9656235363127152,
      "std_col_norm": 0.9718105506716807
    },
    "weighted_sqrt_thr1e-12": {
      "frobenius": 0.044091469578187076,
      "frobenius_sq": 0.0019440576895641964,
      "entropy_sv": 1.066272708246637e-11,
      "rank_tol": 2,
      "participation_ratio": 0.9999999999992808,
      "mean_row_norm": 0.007968068748761537,
      "std_row_norm": 0.007866451026158924,
      "mean_col_norm": 0.00043172985486269506,
      "std_col_norm": 0.0019020154454994595
    },
    "weighted_linear_thr1e-12": {
      "frobenius": 0.0006238412722092941,
      "frobenius_sq": 3.8917793291171065e-07,
      "entropy_sv": 1.1380276072590083e-22,
      "rank_tol": 1,
      "participation_ratio": 1.0,
      "mean_row_norm": 8.414276059421417e-05,
      "std_row_norm": 0.0001356214993637481,
      "mean_col_norm": 3.3298689794924636e-06,
      "std_col_norm": 2.73950894392817e-05
    },
    "masked_lt_1e-10_thr1e-10": {
      "frobenius": 27.313000563270016,
      "frobenius_sq": 745.9999997691882,
      "entropy_sv": 0.416612271963328,
      "rank_tol": 11,
      "participation_ratio": 0.8422471231208397,
      "mean_row_norm": 6.752435506549622,
      "std_row_norm": 1.0479769541803428,
      "mean_col_norm": 0.8200064540869968,
      "std_col_norm": 0.8866544569269585
    },
    "weighted_sqrt_thr1e-10": {
      "frobenius": 0.044091469578187076,
      "frobenius_sq": 0.0019440576895641964,
      "entropy_sv": 1.066272708246637e-11,
      "rank_tol": 2,
      "participation_ratio": 0.9999999999992808,