{
  "case_name": "trivial",
  "cut": 5,
  "cut_comparison_mode": "asymmetry_grid",
  "J": 0.0,
  "g": 0.0,
  "L": 2,
  "k": 20,
  "dt": 0.1,
  "n_pasts": 16,
  "n_futures": 16,
  "fraction_terminated_early": 0.0,
  "fraction_any_prob_skipped_renormalize": 0.0,
  "fraction_weight_lt_1e-12": 0.0234375,
  "fraction_weight_lt_1e-10": 0.23828125,
  "fraction_weight_lt_1e-08": 0.66796875,
  "fraction_weight_lt_1e-06": 0.96875,
  "mean_cumulative_weight": 1.4540993777614467e-07,
  "median_cumulative_weight": 2.2288423465663223e-09,
  "metrics_V_raw": {
    "frobenius": 16.000000013414635,
    "frobenius_sq": 256.0000004292683,
    "entropy_sv": 1.0361632918473208e-27,
    "rank_tol": 1,
    "participation_ratio": 1.0,
    "mean_row_norm": 4.000000003353659,
    "std_row_norm": 0.0,
    "mean_col_norm": 0.9969951702514663,
    "std_col_norm": 1.0069368891258104
  },
  "metrics_V_centered_past": {
    "frobenius": 0.0,
    "frobenius_sq": 0.0,
    "entropy_sv": 0.0,
    "rank_tol": 0,
    "participation_ratio": 0.0,
    "mean_row_norm": 0.0,
    "std_row_norm": 0.0,
    "mean_col_norm": 0.0,
    "std_col_norm": 0.0
  },
  "metrics_V_centered_global": {
    "frobenius": 14.891399142303591,
    "frobenius_sq": 221.75376841540012,
    "entropy_sv": 1.0361632918473208e-27,
    "rank_tol": 1,
    "participation_ratio": 1.0,
    "mean_row_norm": 3.7228497855758977,
    "std_row_norm": 0.0,
    "mean_col_norm": 1.040053450895357,
    "std_col_norm": 0.8098543530148145
  },
  "metrics_V_centered_rowcol": {
    "frobenius": 0.0,
    "frobenius_sq": 0.0,
    "entropy_sv": 0.0,
    "rank_tol": 0,
    "participation_ratio": 0.0,
    "mean_row_norm": 0.0,
    "std_row_norm": 0.0,
    "mean_col_norm": 0.0,
    "std_col_norm": 0.0
  },
  "row_distance_raw": {
    "max_row_distance": 0.0,
    "mean_row_distance": 0.0,
    "median_row_distance": 0.0
  },
  "row_distance_centered_past": {
    "max_row_distance": 0.0,
    "mean_row_distance": 0.0,
    "median_row_distance": 0.0
  },
  "delta_norm_centered_past": 0.0,
  "corr_weight_vs_centered_block_norm": NaN,
  "corr_terminated_early_vs_centered_block_norm": NaN,
  "summarize_weights": {
    "mean_weight_by_past": [
      3.704534752660903e-07,
      4.0350875171913236e-08,
      6.394124744011942e-08,
      7.291330365869585e-08,
      3.1875672286578865e-09,
      1.4063706865420972e-06,
      5.205549260033715e-08,
      1.1883073619132117e-08,
      7.855112983445976e-09,
      6.367514099795315e-08,
      1.2475062947620468e-08,
      2.012147517605718e-07,
      7.189718753506884e-10,
      9.405892777956183e-09,
      4.179705923192526e-09,
      5.878643625180912e-09
    ],
    "mean_weight_by_future": [
      2.2822283611892282e-07,
      1.134744043113323e-08,
      1.9449028120948083e-11,
      2.250415072642683e-09,
      6.974188864952017e-07,
      5.432959846918411e-10,
      6.892743943265496e-11,
      8.004705916186403e-09,
      3.0798370674446897e-09,
      1.1699797201741189e-07,
      2.1059900741371698e-07,
      8.635609050336969e-11,
      5.5317992614694507e-08,
      1.0980890716695937e-08,
      9.276292717918395e-09,
      9.723446992935967e-07
    ]
  },
  "mean_centered_block_norm_by_past": [
    0.0,
    0.0,
    0.0,
    0.0,
    0.0,
    0.0,
    0.0,
    0.0,
    0.0,
    0.0,
    0.0,
    0.0,
    0.0,
    0.0,
    0.0,
    0.0
  ],
  "mean_centered_block_norm_by_future": [
    0.0,
    0.0,
    0.0,
    0.0,
    0.0,
    0.0,
    0.0,
    0.0,
    0.0,
    0.0,
    0.0,
    0.0,
    0.0,
    0.0,
    0.0,
    0.0
  ],
  "weighted_variants": {
    "masked_lt_1e-12_thr1e-12": {
      "frobenius": 15.811388312664388,
      "frobenius_sq": 250.00000037386,
      "entropy_sv": 0.09889821897803566,
      "rank_tol": 3,
      "participation_ratio": 0.9652479997639419,
      "mean_row_norm": 3.95153133506375,
      "std_row_norm": 0.10532555942052614,
      "mean_col_norm": 0.9825019221730229,
      "std_col_norm": 0.9977940902426001
    },
    "weighted_sqrt_thr1e-12": {
      "frobenius": 0.006101224832404059,
      "frobenius_sq": 3.722494445554393e-05,
      "entropy_sv": 1.0361632918473208e-27,
      "rank_tol": 1,
      "participation_ratio": 1.0,
      "mean_row_norm": 0.0010195737945680582,
      "std_row_norm": 0.0011716783658332571,
      "mean_col_norm": 0.00023683044979882947,
      "std_col_norm": 0.0004863943810357387
    },
    "weighted_linear_thr1e-12": {
      "frobenius": 1.2605316146484409e-05,
      "frobenius_sq": 1.5889399515282055e-10,
      "entropy_sv": 1.0361632918473208e-27,
      "rank_tol": 1,
      "participation_ratio": 1.0,
      "mean_row_norm": 1.2431604378523855e-06,
      "std_row_norm": 2.990728218622339e-06,
      "mean_col_norm": 3.5373654934322354e-07,
      "std_col_norm": 1.060669129248732e-06
    },
    "masked_lt_1e-10_thr1e-10": {
      "frobenius": 13.964240049452192,
      "frobenius_sq": 195.00000015872456,
      "entropy_sv": 0.3867074048010901,
      "rank_tol": 8,
      "participation_ratio": 0.8538330045331438,
      "mean_row_norm": 3.474342090616913,
      "std_row_norm": 0.3524346517779565,
      "mean_col_norm": 0.8188466702861456,
      "std_col_norm": 0.927169670236286
    },
    "weighted_sqrt_thr1e-10": {
      "frobenius": 0.006101224832404059,
      "frobenius_sq": 3.722494445554393e-05,
      "entropy_sv": 1.0361632918473208e-27,
      "rank_tol": 1,
      "participation_ratio": 1.0,
      "mean_row_norm": 0.0010195737945680582,
      "std_row_norm": 0.0011716783658332571,
      "mean_col_norm": 0.00023683044979882947,
      "std_col_norm": 0.0004863943810357387
    },
    "weighted_linear_thr1e-10": {
      "frobenius": 1.2605316146484409e-05,
      "frobenius_sq": 1.5889399515282055e-10,
      "entropy_sv": 1.0361632918473208e-27,
      "rank_tol": 1,
      "participation_ratio": 1.0,
      "mean_row_norm": 1.2431604378523855e-06,
      "std_row_norm": 2.990728218622339e-06,
      "mean_col_norm": 3.5373654934322354e-07,
      "std_col_norm": 1.060669129248732e-06
    },
    "masked_lt_1e-08_thr1e-08": {
      "frobenius": 9.219544488834583,
      "frobenius_sq": 85.00000058160012,
      "entropy_sv": 0.7524678142933031,
      "rank_tol": 6,
      "participation_ratio": 0.6478892756148216,
      "mean_row_norm": 2.1571759029013142,
      "std_row_norm": 0.8384698191614893,
      "mean_col_norm": 0.453617755234594,
      "std_col_norm": 0.6796337590329914
    },
    "weighted_sqrt_thr1e-08": {
      "frobenius": 0.006101224832404059,
      "frobenius_sq": 3.722494445554393e-05,
      "entropy_sv": 1.0361632918473208e-27,
      "rank_tol": 1,
      "participation_ratio": 1.0,
      "mean_row_norm": 0.0010195737945680582,
      "std_row_norm": 0.0011716783658332571,
      "mean_col_norm": 0.00023683044979882947,
      "std_col_norm": 0.0004863943810357387
    },
    "weighted_linear_thr1e-08": {
      "frobenius": 1.2605316146484409e-05,
      "frobenius_sq": 1.5889399515282055e-10,
      "entropy_sv": 1.0361632918473208e-27,
      "rank_tol": 1,
      "participation_ratio": 1.0,
      "mean_row_norm": 1.2431604378523855e-06,
      "std_row_norm": 2.990728218622339e-06,
      "mean_col_norm": 3.5373654934322354e-07,
      "std_col_norm": 1.060669129248732e-06
    }
  },
  "heuristic_control_ok": true
}