{
  "case_name": "nm_mid",
  "cut": 5,
  "cut_comparison_mode": "cut_comparison_shared_probe_source",
  "J": 1.0,
  "g": 1.0,
  "L": 2,
  "k": 20,
  "dt": 0.1,
  "n_pasts": 16,
  "n_futures": 64,
  "fraction_terminated_early": 0.001953125,
  "fraction_any_prob_skipped_renormalize": 0.0,
  "fraction_weight_lt_1e-12": 0.0361328125,
  "fraction_weight_lt_1e-10": 0.1572265625,
  "fraction_weight_lt_1e-08": 0.4931640625,
  "fraction_weight_lt_1e-06": 0.900390625,
  "mean_cumulative_weight": 7.870124915662396e-07,
  "median_cumulative_weight": 1.0506302666108607e-08,
  "metrics_V_raw": {
    "frobenius": 31.859644703208904,
    "frobenius_sq": 1015.0369606147071,
    "entropy_sv": 0.007955093058497216,
    "rank_tol": 16,
    "participation_ratio": 0.9981476170588367,
    "mean_row_norm": 7.964910569944459,
    "std_row_norm": 0.0032085230294870482,
    "mean_col_norm": 0.9994124548750752,
    "std_col_norm": 0.9927707674106905
  },
  "metrics_V_centered_past": {
    "frobenius": 0.9704329157713026,
    "frobenius_sq": 0.9417400440123922,
    "entropy_sv": 0.5987348643437105,
    "rank_tol": 15,
    "participation_ratio": 0.7169876535612771,
    "mean_row_norm": 0.1969626098538196,
    "std_row_norm": 0.14629461806586175,
    "mean_col_norm": 0.026364689538454104,
    "std_col_norm": 0.03385968671735684
  },
  "metrics_V_centered_global": {
    "frobenius": 29.97742925686407,
    "frobenius_sq": 898.64626485029,
    "entropy_sv": 0.008848047490220246,
    "rank_tol": 16,
    "participation_ratio": 0.9979106829813904,
    "mean_row_norm": 7.494354626617657,
    "std_row_norm": 0.006555090654436968,
    "mean_col_norm": 1.053680294351324,
    "std_col_norm": 0.8038584515136029
  },
  "metrics_V_centered_rowcol": {
    "frobenius": 0.9695538010495554,
    "frobenius_sq": 0.9400345731296408,
    "entropy_sv": 0.5993331425420736,
    "rank_tol": 15,
    "participation_ratio": 0.7166230607749606,
    "mean_row_norm": 0.19678758032605198,
    "std_row_norm": 0.1461572086944563,
    "mean_col_norm": 0.026841453282123652,
    "std_col_norm": 0.03343238649792905
  },
  "row_distance_raw": {
    "max_row_distance": 0.8766268832124431,
    "mean_row_distance": 0.2838011084762055,
    "median_row_distance": 0.19431246531077784
  },
  "row_distance_centered_past": {
    "max_row_distance": 0.8766268832124431,
    "mean_row_distance": 0.2838011084762055,
    "median_row_distance": 0.19431246531077784
  },
  "delta_norm_centered_past": 0.0009277889185848698,
  "corr_weight_vs_centered_block_norm": -0.06953434906537136,
  "corr_terminated_early_vs_centered_block_norm": 0.21982967989662422,
  "summarize_weights": {
    "mean_weight_by_past": [
      6.891193539236259e-08,
      1.528601527440688e-08,
      2.666589079336155e-06,
      1.7699627080262067e-09,
      1.1906836402579057e-06,
      8.580847118682251e-07,
      8.666831976383854e-07,
      4.572407264574281e-08,
      7.375981740034769e-07,
      5.3398688024636215e-09,
      5.910681887923554e-07,
      3.115301379130899e-06,
      1.0756852207432673e-06,
      1.1844421356251185e-08,
      1.218566737450554e-07,
      1.2197733233648527e-06
    ],
    "mean_weight_by_future": [
      1.837118926651837e-08,
      2.1361358314788456e-08,
      1.3301256636747089e-08,
      2.0438165364268667e-08,
      1.0183371691843625e-07,
      6.746433925830929e-09,
      3.423092458215157e-07,
      9.535951431823285e-09,
      1.148266075135745e-06,
      1.1418504844544927e-08,
      3.2430929453395932e-09,
      2.0751876480631137e-07,
      2.9417430559717113e-06,
      5.64736019051421e-12,
      1.2893563803069275e-08,
      1.0488016395487631e-06,
      1.0141682980027802e-08,
      2.76708714220593e-07,
      7.661031596291069e-07,
      2.5138254007385063e-08,
      1.3918810355073766e-10,
      1.0135835632857289e-07,
      2.426413014031459e-10,
      1.4408760044609662e-07,
      3.577538316744857e-08,
      5.67139793304643e-07,
      9.762430880783787e-06,
      9.937872397103925e-06,
      4.575924234770461e-07,
      3.098216718169027e-08,
      2.5897185375873802e-09,
      7.252911362072635e-11,
      5.900371458265123e-08,
      1.8776340604637305e-08,
      1.3669947719802771e-08,
      2.1529103862128482e-07,
      1.3909719665645532e-09,
      4.0354349592069205e-09,
      3.955474669700618e-09,
      6.188074631350724e-09,
      2.200293718205155e-06,
      2.9746018609386637e-08,
      1.2155417757113144e-09,
      4.377336055020775e-06,
      3.0033674172961135e-09,
      8.94973691558326e-07,
      9.906491492141541e-14,
      4.886744760533167e-08,
      5.4824799042137254e-06,
      6.175536946389125e-12,
      1.9199248293574577e-07,
      1.79149682438525e-08,
      5.4704043263034444e-08,
      6.516417066096029e-10,
      7.0460791842054e-08,
      4.787543705083193e-11,
      6.20633338584312e-08,
      6.692033286501578e-07,
      6.060955472779745e-08,
      7.477986061430733e-06,
      1.7585850006200331e-07,
      1.9438029999404507e-07,
      2.525606120495029e-10,
      6.278448930908623e-09
    ]
  },
  "mean_centered_block_norm_by_past": [
    0.01550971135306085,
    0.013670287879986615,
    0.009177356848522404,
    0.015656931361760308,
    0.022892060594915255,
    0.016882900872330665,
    0.023768686852496803,
    0.033372518868046694,
    0.016477366065347995,
    0.03371629627159402,
    0.009020343317028496,
    0.011750733538690576,
    0.008444225520153961,
    0.07153945833912112,
    0.009395406184348004,
    0.011765870689537768
  ],
  "mean_centered_block_norm_by_future": [
    0.010950351152631913,
    0.004401994077684642,
    0.020350525866811263,
    0.025313335080130134,
    0.029531930789897298,
    0.017055540223763037,
    0.031753813501827925,
    0.016699757537886786,
    0.03164613792956446,
    0.028643731337377767,
    0.025534186251390752,
    0.01868449887002628,
    0.0036322970477835805,
    0.0033612494562553184,
    0.009340081408049003,
    0.02256513293620322,
    0.022487870736609267,
    0.009190273938154912,
    0.02660637276306039,
    0.03991607491153028,
    0.024955352543901462,
    0.013328326344241137,
    0.013750773169725136,
    0.014347304211703127,
    0.008606299131480524,
    0.02310036065953444,
    0.028832884268407005,
    0.009886642701181446,
    0.025656179462890963,
    0.023575576912761225,
    0.02856084823242118,
    0.043732811573167524,
    0.02445765469896947,
    0.026881566958499456,
    0.03618676232044246,
    0.023706667710986333,
    0.009083897959588439,
    0.009949800699018735,
    0.03177189484223794,
    0.02593490253971155,
    0.0024832328826088637,
    0.01799575123152979,
    0.019406041976518195,
    0.004652518038711522,
    0.015575413928070426,
    0.0198027538983242,
    0.033557998452184185,
    0.013653176042086395,
    0.030125372857495482,
    0.007604340762953712,
    0.03935217660036385,
    0.011230182868461435,
    0.03262881121779484,
    0.004480246242830417,
    0.025649927515629993,
    0.008151508897005074,
    0.018462464323272886,
    0.025464294714110783,
    0.02663916280040767,
    0.03183815193384755,
    0.011611968391411327,
    0.018390769723254395,
    0.022731379272518698,
    0.0067013108988667365
  ],
  "weighted_variants": {
    "masked_lt_1e-12_thr1e-12": {
      "frobenius": 31.276725754338518,
      "frobenius_sq": 978.2335739121023,
      "entropy_sv": 0.09095519082156671,
      "rank_tol": 16,
      "participation_ratio": 0.9709336330423467,
      "mean_row_norm": 7.818221843926317,
      "std_row_norm": 0.12651458375941346,
      "mean_col_norm": 0.9762422836062143,
      "std_col_norm": 0.9795087308585337
    },
    "weighted_sqrt_thr1e-12": {
      "frobenius": 0.028296828158011416,
      "frobenius_sq": 0.0008007104838040277,
      "entropy_sv": 0.005381117329010149,
      "rank_tol": 16,
      "participation_ratio": 0.9988230969463646,
      "mean_row_norm": 0.005625890428383077,
      "std_row_norm": 0.004429448378065981,