{
  "case_name": "markov_ref",
  "cut": 15,
  "cut_comparison_mode": "cut_comparison_shared_probe_source",
  "J": 0.0,
  "g": 1.0,
  "L": 2,
  "k": 20,
  "dt": 0.1,
  "n_pasts": 64,
  "n_futures": 16,
  "fraction_terminated_early": 0.0,
  "fraction_any_prob_skipped_renormalize": 0.0,
  "fraction_weight_lt_1e-12": 0.0390625,
  "fraction_weight_lt_1e-10": 0.146484375,
  "fraction_weight_lt_1e-08": 0.58984375,
  "fraction_weight_lt_1e-06": 0.9599609375,
  "mean_cumulative_weight": 1.7091688355055714e-07,
  "median_cumulative_weight": 4.973941305486289e-09,
  "metrics_V_raw": {
    "frobenius": 31.999999892908544,
    "frobenius_sq": 1023.9999931461468,
    "entropy_sv": 4.351885825758746e-27,
    "rank_tol": 1,
    "participation_ratio": 1.0,
    "mean_row_norm": 3.9999999866135707,
    "std_row_norm": 4.475998511201681e-16,
    "mean_col_norm": 2.037947188873659,
    "std_col_norm": 1.9690253271195903
  },
  "metrics_V_centered_past": {
    "frobenius": 0.0,
    "frobenius_sq": 0.0,
    "entropy_sv": 0.0,
    "rank_tol": 0,
    "participation_ratio": 0.0,
    "mean_row_norm": 0.0,
    "std_row_norm": 0.0,
    "mean_col_norm": 0.0,
    "std_col_norm": 0.0
  },
  "metrics_V_centered_global": {
    "frobenius": 29.912318778851848,
    "frobenius_sq": 894.7468147276529,
    "entropy_sv": 4.351885825758746e-27,
    "rank_tol": 1,
    "participation_ratio": 1.0,
    "mean_row_norm": 3.73903984735648,
    "std_row_norm": 0.0,
    "mean_col_norm": 2.090035985365148,
    "std_col_norm": 1.6256089372742484
  },
  "metrics_V_centered_rowcol": {
    "frobenius": 0.0,
    "frobenius_sq": 0.0,
    "entropy_sv": 0.0,
    "rank_tol": 0,
    "participation_ratio": 0.0,
    "mean_row_norm": 0.0,
    "std_row_norm": 0.0,
    "mean_col_norm": 0.0,
    "std_col_norm": 0.0
  },
  "row_distance_raw": {
    "max_row_distance": 0.0,
    "mean_row_distance": 0.0,
    "median_row_distance": 0.0
  },
  "row_distance_centered_past": {
    "max_row_distance": 0.0,
    "mean_row_distance": 0.0,
    "median_row_distance": 0.0
  },
  "delta_norm_centered_past": 0.0,
  "corr_weight_vs_centered_block_norm": NaN,
  "corr_terminated_early_vs_centered_block_norm": NaN,
  "summarize_weights": {
    "mean_weight_by_past": [
      4.783771591640511e-08,
      2.7225266821890785e-08,
      5.286964964560234e-10,
      2.0332047986641882e-08,
      7.599949625301924e-11,
      1.848262096677045e-08,
      3.419526464472883e-08,
      1.3085691384542376e-07,
      2.4799988990142528e-09,
      2.713220804202065e-07,
      4.8828162507167466e-08,
      4.599477128895743e-12,
      2.6061043047864075e-09,
      1.0712447811783506e-06,
      6.53854828828256e-09,
      3.912456656162044e-07,
      4.9210508971298827e-08,
      6.188236511383762e-09,
      1.3926205415848826e-09,
      1.284455355714031e-07,
      2.3820109660572404e-08,
      4.821598982430404e-09,
      3.843773674803871e-12,
      4.0036152849989435e-10,
      1.172276368815053e-08,
      5.870651179619217e-09,
      3.315640118827848e-09,
      1.9557207403763444e-06,
      2.3852342286510885e-09,
      3.021895816311247e-07,
      5.694227517030578e-07,
      1.0442554221560572e-09,
      8.984913411983891e-09,
      5.318498991672968e-08,
      9.805333552410657e-08,
      6.803526791401324e-07,
      2.6227009230899375e-07,
      8.46425726452965e-11,
      6.386936926503304e-08,
      5.1932342050088407e-11,
      4.7093400586608454e-07,
      4.45401886423403e-09,
      6.717618049430258e-08,
      4.683172538554544e-12,
      4.883214883888758e-12,
      1.9791962993092523e-10,
      2.1860683453440815e-09,
      3.699215201377737e-09,
      1.9925692077563396e-08,
      2.2830607274985412e-09,
      1.5982037792308748e-08,
      2.5955110470237498e-09,
      6.523749120853815e-08,
      1.3625247407383574e-08,
      8.5843308282223e-09,
      4.082126307967306e-09,
      5.746678903389337e-07,
      2.3269778595749687e-06,
      5.4411743462714556e-08,
      9.54535029741601e-07,
      1.0554059585849286e-13,
      1.9796559676431348e-09,
      3.010057345669203e-09,
      3.551487784216153e-08
    ],
    "mean_weight_by_future": [
      2.503618022604631e-07,
      2.2505881752890068e-08,
      4.3647612479665557e-08,
      1.0181205213175798e-07,
      9.70239582307934e-09,
      7.027493921782183e-08,
      8.672397829791912e-07,
      3.098499574794755e-08,
      6.836668908022739e-07,
      5.581107201499091e-09,
      3.8281242855508265e-07,
      4.6024328640166095e-08,
      1.908916413745298e-08,
      7.58884414920681e-08,
      8.941051505956315e-08,
      3.566779852799089e-08
    ]
  },
  "mean_centered_block_norm_by_past": [
    0.0,
    0.0,
    0.0,
    0.0,
    0.0,
    0.0,
    0.0,
    0.0,
    0.0,
    0.0,
    0.0,
    0.0,
    0.0,
    0.0,
    0.0,
    0.0,
    0.0,
    0.0,
    0.0,
    0.0,
    0.0,
    0.0,
    0.0,
    0.0,
    0.0,
    0.0,
    0.0,
    0.0,
    0.0,
    0.0,
    0.0,
    0.0,
    0.0,
    0.0,
    0.0,
    0.0,
    0.0,
    0.0,
    0.0,
    0.0,
    0.0,
    0.0,
    0.0,
    0.0,
    0.0,
    0.0,
    0.0,
    0.0,
    0.0,
    0.0,
    0.0,
    0.0,
    0.0,
    0.0,
    0.0,
    0.0,
    0.0,
    0.0,
    0.0,
    0.0,
    0.0,
    0.0,
    0.0,
    0.0
  ],
  "mean_centered_block_norm_by_future": [
    0.0,
    0.0,
    0.0,
    0.0,
    0.0,
    0.0,
    0.0,
    0.0,
    0.0,
    0.0,
    0.0,
    0.0,
    0.0,
    0.0,
    0.0,
    0.0
  ],
  "weighted_variants": {
    "masked_lt_1e-12_thr1e-12": {
      "frobenius": 31.368774181885158,
      "frobenius_sq": 983.9999936741049,
      "entropy_sv": 0.08231981551730122,
      "rank_tol": 4,
      "participation_ratio": 0.9708796022219783,
      "mean_row_norm": 3.8850184268772088,
      "std_row_norm": 0.534885098696497,
      "mean_col_norm": 1.997228573233322,
      "std_col_norm": 1.9307254175760715
    },
    "weighted_sqrt_thr1e-12": {
      "frobenius": 0.01322947048659279,
      "frobenius_sq": 0.00017501888935562968,
      "entropy_sv": 4.351885825758746e-27,
      "rank_tol": 1,
      "participation_ratio": 1.0,
      "mean_row_norm": 0.0009909342916543918,
      "std_row_norm": 0.0013343688838841458,
      "mean_col_norm": 0.0006438517922556727,
      "std_col_norm": 0.0009799450115763647
    },
    "weighted_linear_thr1e-12": {
      "frobenius": 2.5630762823660674e-05,
      "frobenius_sq": 6.569360029227461e-10,
      "entropy_sv": 4.351885825758746e-27,
      "rank_tol": 1,
      "participation_ratio": 1.0,
      "mean_row_norm": 1.2103887904944727e-06,
      "std_row_norm": 2.9898595215097736e-06,
      "mean_col_norm": 8.429714005969473e-07,
      "std_col_norm": 2.111049115603043e-06
    },
    "masked_lt_1e-10_thr1e-10": {
      "frobenius": 29.56349090518897,
      "frobenius_sq": 873.9999945011909,
      "entropy_sv": 0.18589829577684658,
      "rank_tol": 8,
      "participation_ratio": 0.9371363939396756,
      "mean_row_norm": 3.5176191228082136,
      "std_row_norm": 1.1414746779123142,
      "mean_col_norm": 1.8786500220322642,
      "std_col_norm": 1.8233962398343029
    },
    "weighted_sqrt_thr1e-10": {
      "frobenius": 0.01322947048659279,
      "frobenius_sq": 0.00017501888935562968,
      "entropy_sv": 4.351885825758746e-27,
      "rank_tol": 1,
      "participation_ratio": 1.0,
      "mean_row_norm": 0.0009909342916543918,
      "std_row_norm": 0.0013343688838841458,
      "mean_col_norm": 0.0006438517922556727,
      "std_col_norm": 0.0009799450115763647
    },
    "weighted_linear_thr1e-10": {
      "frobenius": 2.5630762823660674e-05,
      "frobenius_sq": 6.569360029227461e-10,
      "entropy_sv": 4.351885825758746e-27,
      "rank_tol": 1,
      "participation_ratio": 1.0,
      "mean_row_norm": 1.2103887904944727e-06,
      "std_row_norm": 2.9898595215097736e-06,
      "mean_col_norm": 8.429714005969473e-07,
      "std_col_norm": 2.111049115603043e-06
    },
    "masked_lt_1e-08_thr1e-08": {
      "frobenius": 20.49390148973273,
      "frobenius_sq": 419.99999827086936,