{
  "case_name": "trivial",
  "cut": 15,
  "cut_comparison_mode": "cut_comparison_shared_probe_source",
  "J": 0.0,
  "g": 0.0,
  "L": 2,
  "k": 20,
  "dt": 0.1,
  "n_pasts": 16,
  "n_futures": 64,
  "fraction_terminated_early": 0.0,
  "fraction_any_prob_skipped_renormalize": 0.0,
  "fraction_weight_lt_1e-12": 0.04296875,
  "fraction_weight_lt_1e-10": 0.279296875,
  "fraction_weight_lt_1e-08": 0.6435546875,
  "fraction_weight_lt_1e-06": 0.935546875,
  "mean_cumulative_weight": 5.354592004628235e-07,
  "median_cumulative_weight": 2.215377068139383e-09,
  "metrics_V_raw": {
    "frobenius": 31.99999996435551,
    "frobenius_sq": 1023.9999977187526,
    "entropy_sv": 1.0361632918473208e-27,
    "rank_tol": 1,
    "participation_ratio": 1.0,
    "mean_row_norm": 7.999999991088883,
    "std_row_norm": 0.0,
    "mean_col_norm": 0.9907943716243608,
    "std_col_norm": 1.010108568359638
  },
  "metrics_V_centered_past": {
    "frobenius": 0.0,
    "frobenius_sq": 0.0,
    "entropy_sv": 0.0,
    "rank_tol": 0,
    "participation_ratio": 0.0,
    "mean_row_norm": 0.0,
    "std_row_norm": 0.0,
    "mean_col_norm": 0.0,
    "std_col_norm": 0.0
  },
  "metrics_V_centered_global": {
    "frobenius": 29.82521902551456,
    "frobenius_sq": 889.5436899199157,
    "entropy_sv": 1.0361632918473208e-27,
    "rank_tol": 1,
    "participation_ratio": 1.0,
    "mean_row_norm": 7.45630475637864,
    "std_row_norm": 0.0,
    "mean_col_norm": 1.0358787754144032,
    "std_col_norm": 0.8158708662770227
  },
  "metrics_V_centered_rowcol": {
    "frobenius": 0.0,
    "frobenius_sq": 0.0,
    "entropy_sv": 0.0,
    "rank_tol": 0,
    "participation_ratio": 0.0,
    "mean_row_norm": 0.0,
    "std_row_norm": 0.0,
    "mean_col_norm": 0.0,
    "std_col_norm": 0.0
  },
  "row_distance_raw": {
    "max_row_distance": 0.0,
    "mean_row_distance": 0.0,
    "median_row_distance": 0.0
  },
  "row_distance_centered_past": {
    "max_row_distance": 0.0,
    "mean_row_distance": 0.0,
    "median_row_distance": 0.0
  },
  "delta_norm_centered_past": 0.0,
  "corr_weight_vs_centered_block_norm": NaN,
  "corr_terminated_early_vs_centered_block_norm": NaN,
  "summarize_weights": {
    "mean_weight_by_past": [
      2.5613808922372296e-09,
      8.246223168168227e-08,
      5.1323956920753176e-11,
      1.4513468766139746e-06,
      4.260621646904049e-08,
      3.4268646877554277e-06,
      2.4813485976737168e-08,
      1.2549851729774115e-10,
      5.6450507260361565e-12,
      6.525355791024657e-08,
      9.737891588658812e-11,
      3.213539366076785e-08,
      2.694910914033083e-08,
      1.2888331797297796e-09,
      3.410382839758766e-06,
      4.0274792540464687e-10
    ],
    "mean_weight_by_future": [
      4.758969197934809e-07,
      1.1513942738072602e-07,
      1.022984775938303e-08,
      3.8389816117207357e-07,
      2.3790897663445324e-08,
      2.3109738865708893e-07,
      1.8391166116691782e-06,
      1.1217304583734329e-07,
      6.707130172541856e-08,
      8.83385819034698e-08,
      1.0582901193908256e-07,
      1.80378594241284e-07,
      1.4201421699642275e-06,
      1.4188241338010633e-06,
      3.384312279957722e-08,
      1.2815000882187499e-06,
      3.0265408816478465e-06,
      1.973538589338384e-06,
      1.1637489848098366e-07,
      8.593061163328794e-08,
      2.2962891831860815e-06,
      1.8878962461338846e-07,
      7.562254641105523e-08,
      2.1410133492786214e-07,
      2.468198139372739e-07,
      2.982013695167225e-08,
      5.469066547021648e-08,
      6.013214983226136e-09,
      2.096335764371532e-08,
      6.099997328181171e-06,
      8.596676037117179e-08,
      4.220088897616907e-08,
      4.280184119154555e-08,
      3.9870956696236776e-08,
      8.637006316732713e-09,
      9.972801668305681e-08,
      4.6793313171590495e-07,
      3.203959293101143e-06,
      4.4318662406255206e-08,
      1.9189480514061276e-06,
      6.332162789606888e-08,
      1.0745233971993165e-08,
      2.7401016950142337e-07,
      1.0304435485098094e-08,
      4.291391786629449e-08,
      8.44732138139681e-09,
      1.672788113654512e-08,
      1.5238787954716167e-06,
      8.695105321756846e-08,
      1.334875246196505e-07,
      4.386180104570083e-08,
      2.381185616983762e-07,
      1.4890134610519747e-07,
      2.1490584771562225e-06,
      1.8323736611004915e-08,
      1.8485116457340163e-07,
      2.7940796025672493e-08,
      3.1932179016370554e-07,
      3.0900494163476046e-08,
      1.0159248049449449e-09,
      6.44012213444493e-07,
      2.1805779108153556e-09,
      1.0590616605605263e-07,
      7.081718517886901e-09
    ]
  },
  "mean_centered_block_norm_by_past": [
    0.0,
    0.0,
    0.0,
    0.0,
    0.0,
    0.0,
    0.0,
    0.0,
    0.0,
    0.0,
    0.0,
    0.0,
    0.0,
    0.0,
    0.0,
    0.0
  ],
  "mean_centered_block_norm_by_future": [
    0.0,
    0.0,
    0.0,
    0.0,
    0.0,
    0.0,
    0.0,
    0.0,
    0.0,
    0.0,
    0.0,
    0.0,
    0.0,
    0.0,
    0.0,
    0.0,
    0.0,
    0.0,
    0.0,
    0.0,
    0.0,
    0.0,
    0.0,
    0.0,
    0.0,
    0.0,
    0.0,
    0.0,
    0.0,
    0.0,
    0.0,
    0.0,
    0.0,
    0.0,
    0.0,
    0.0,
    0.0,
    0.0,
    0.0,
    0.0,
    0.0,
    0.0,
    0.0,
    0.0,
    0.0,
    0.0,
    0.0,
    0.0,
    0.0,
    0.0,
    0.0,
    0.0,
    0.0,
    0.0,
    0.0,
    0.0,
    0.0,
    0.0,
    0.0,
    0.0,
    0.0,
    0.0,
    0.0,
    0.0
  ],
  "weighted_variants": {
    "masked_lt_1e-12_thr1e-12": {
      "frobenius": 31.30495164738446,
      "frobenius_sq": 979.999997645079,
      "entropy_sv": 0.1440997746069614,
      "rank_tol": 5,
      "participation_ratio": 0.9490774676844986,
      "mean_row_norm": 7.807071684177667,
      "std_row_norm": 0.5653379599767923,
      "mean_col_norm": 0.9687354964458685,
      "std_col_norm": 0.9886977588932148
    },
    "weighted_sqrt_thr1e-12": {
      "frobenius": 0.02341602479573118,
      "frobenius_sq": 0.0005483102172342974,
      "entropy_sv": 1.0361632918473208e-27,
      "rank_tol": 1,
      "participation_ratio": 1.0,
      "mean_row_norm": 0.0031448904305077406,
      "std_row_norm": 0.005099443395220768,
      "mean_col_norm": 0.0005255874502672186,
      "std_col_norm": 0.0008923179727771994
    },
    "weighted_linear_thr1e-12": {
      "frobenius": 8.803740761391933e-05,
      "frobenius_sq": 7.75058513937938e-09,
      "entropy_sv": 1.0361632918473208e-27,
      "rank_tol": 1,
      "participation_ratio": 1.0,
      "mean_row_norm": 9.335971260635769e-06,
      "std_row_norm": 2.0584815421905384e-05,
      "mean_col_norm": 1.3201219010547133e-06,
      "std_col_norm": 3.6635165275269067e-06
    },
    "masked_lt_1e-10_thr1e-10": {
      "frobenius": 27.16615537516289,
      "frobenius_sq": 737.9999978674916,
      "entropy_sv": 0.4094017102393624,
      "rank_tol": 8,
      "participation_ratio": 0.8328412690501886,
      "mean_row_norm": 6.37189025537093,
      "std_row_norm": 2.427402329564621,
      "mean_col_norm": 0.8382876446392746,
      "std_col_norm": 0.8603055437159185
    },
    "weighted_sqrt_thr1e-10": {
      "frobenius": 0.02341602479573118,
      "frobenius_sq": 0.0005483102172342974,
      "entropy_sv": 1.0361632918473208e-27,
      "rank_tol": 1,
      "participation_ratio": 1.0,
      "mean_row_norm": 0.0031448904305077406,
      "std_row_norm": 0.005099443395220768,
      "mean_col_norm": 0.0005255874502672186,
      "std_col_norm": 0.0008923179727771994
    },
    "weighted_linear_thr1e-10": {
      "frobenius": 8.803740761391933e-05,
      "frobenius_sq": 7.75058513937938e-09,
      "entropy_sv": 1.0361632918473208e-27,
      "rank_tol": 1,
      "participation_ratio": 1.0,
      "mean_row_norm": 9.335971260635769e-06,
      "std_row_norm": 2.0584815421905384e-05,
      "mean_col_norm": 1.3201219010547133e-06,
      "std_col_norm": 3.6635165275269067e-06
    },
    "masked_lt_1e-08_thr1e-08": {
      "frobenius": 19.104973137707134,
      "frobenius_sq": 364.9999985925112,