{
  "case_name": "markov_ref",
  "cut": 15,
  "cut_comparison_mode": "cut_comparison_fresh_probes",
  "J": 0.0,
  "g": 1.0,
  "L": 2,
  "k": 20,
  "dt": 0.1,
  "n_pasts": 64,
  "n_futures": 16,
  "fraction_terminated_early": 0.0,
  "fraction_any_prob_skipped_renormalize": 0.0,
  "fraction_weight_lt_1e-12": 0.044921875,
  "fraction_weight_lt_1e-10": 0.2333984375,
  "fraction_weight_lt_1e-08": 0.654296875,
  "fraction_weight_lt_1e-06": 0.935546875,
  "mean_cumulative_weight": 3.865886377923286e-06,
  "median_cumulative_weight": 1.9667161467594774e-09,
  "metrics_V_raw": {
    "frobenius": 32.00000008545379,
    "frobenius_sq": 1024.0000054690427,
    "entropy_sv": 4.351885825758746e-27,
    "rank_tol": 1,
    "participation_ratio": 1.0,
    "mean_row_norm": 4.000000010681725,
    "std_row_norm": 8.951997022403363e-16,
    "mean_col_norm": 2.0297265871195123,
    "std_col_norm": 1.9775648811363504
  },
  "metrics_V_centered_past": {
    "frobenius": 0.0,
    "frobenius_sq": 0.0,
    "entropy_sv": 0.0,
    "rank_tol": 0,
    "participation_ratio": 0.0,
    "mean_row_norm": 0.0,
    "std_row_norm": 0.0,
    "mean_col_norm": 0.0,
    "std_col_norm": 0.0
  },
  "metrics_V_centered_global": {
    "frobenius": 30.252423469049845,
    "frobenius_sq": 915.2091257507178,
    "entropy_sv": 4.351885825758746e-27,
    "rank_tol": 1,
    "participation_ratio": 1.0,
    "mean_row_norm": 3.7815529336312315,
    "std_row_norm": 8.951997022403363e-16,
    "mean_col_norm": 2.105174550013544,
    "std_col_norm": 1.6552085777159657
  },
  "metrics_V_centered_rowcol": {
    "frobenius": 0.0,
    "frobenius_sq": 0.0,
    "entropy_sv": 0.0,
    "rank_tol": 0,
    "participation_ratio": 0.0,
    "mean_row_norm": 0.0,
    "std_row_norm": 0.0,
    "mean_col_norm": 0.0,
    "std_col_norm": 0.0
  },
  "row_distance_raw": {
    "max_row_distance": 0.0,
    "mean_row_distance": 0.0,
    "median_row_distance": 0.0
  },
  "row_distance_centered_past": {
    "max_row_distance": 0.0,
    "mean_row_distance": 0.0,
    "median_row_distance": 0.0
  },
  "delta_norm_centered_past": 0.0,
  "corr_weight_vs_centered_block_norm": NaN,
  "corr_terminated_early_vs_centered_block_norm": NaN,
  "summarize_weights": {
    "mean_weight_by_past": [
      8.531800967176506e-09,
      1.516282164641815e-05,
      5.04029611920197e-08,
      4.5530358160954357e-07,
      8.23882675365435e-07,
      1.8336691749604427e-10,
      1.8817828478891625e-08,
      2.6991274492465044e-10,
      4.870590961418035e-08,
      1.1898216802167345e-09,
      4.786899199403419e-08,
      9.07648871551021e-12,
      1.2280714502138562e-08,
      1.9897583378480182e-08,
      7.340776641720932e-11,
      2.347113134088872e-06,
      2.0754424520336926e-10,
      7.986738896631322e-09,
      6.339888804232182e-09,
      4.4702087165558527e-10,
      4.8903310898306034e-09,
      4.007846346078087e-08,
      6.747673506634301e-07,
      1.3727599768388395e-08,
      1.9403776768017476e-06,
      4.970628215165399e-10,
      8.118121476517134e-08,
      1.2147704672441403e-08,
      2.2133719308326714e-08,
      0.00022016028051451549,
      6.209086727031644e-09,
      6.872808792833116e-09,
      6.585557752415686e-07,
      8.469272274423169e-09,
      6.491879949943318e-10,
      1.6908643906773528e-12,
      8.437906612903985e-11,
      4.031678293991734e-08,
      3.2902536451367555e-07,
      1.8672957483174818e-08,
      6.510892091916778e-09,
      8.427367211237987e-10,
      5.664289480294681e-08,
      3.601391020208037e-06,
      1.0035386009728598e-08,
      5.22361340849434e-09,
      9.084735632597517e-10,
      5.173339593065965e-08,
      3.0026984918757653e-09,
      2.771745647648777e-09,
      2.0322341006649765e-09,
      8.695260001683488e-09,
      9.514993705697204e-10,
      5.691217698031684e-08,
      3.0948808917772224e-09,
      3.894759099157886e-12,
      2.5840971836309415e-07,
      4.501867946605035e-09,
      1.207061894992668e-08,
      2.402594185022512e-07,
      1.2067985504392782e-08,
      4.6968102743675486e-08,
      3.878997071573041e-10,
      3.722260363443271e-11
    ],
    "mean_weight_by_future": [
      1.6330620278419842e-05,
      7.0493952920218425e-06,
      1.0372253531097559e-07,
      2.5892189588044743e-07,
      4.057961099411598e-07,
      9.007024188371352e-06,
      1.6433618211380034e-05,
      3.4964966908453206e-06,
      5.375636290266275e-06,
      7.095917172614618e-07,
      3.817507845598796e-09,
      2.21184943085534e-07,
      1.3320476546423086e-08,
      1.5109533468469017e-07,
      6.815922733906726e-07,
      1.6123483015209384e-06
    ]
  },
  "mean_centered_block_norm_by_past": [
    0.0,
    0.0,
    0.0,
    0.0,
    0.0,
    0.0,
    0.0,
    0.0,
    0.0,
    0.0,
    0.0,
    0.0,
    0.0,
    0.0,
    0.0,
    0.0,
    0.0,
    0.0,
    0.0,
    0.0,
    0.0,
    0.0,
    0.0,
    0.0,
    0.0,
    0.0,
    0.0,
    0.0,
    0.0,
    0.0,
    0.0,
    0.0,
    0.0,
    0.0,
    0.0,
    0.0,
    0.0,
    0.0,
    0.0,
    0.0,
    0.0,
    0.0,
    0.0,
    0.0,
    0.0,
    0.0,
    0.0,
    0.0,
    0.0,
    0.0,
    0.0,
    0.0,
    0.0,
    0.0,
    0.0,
    0.0,
    0.0,
    0.0,
    0.0,
    0.0,
    0.0,
    0.0,
    0.0,
    0.0
  ],
  "mean_centered_block_norm_by_future": [
    0.0,
    0.0,
    0.0,
    0.0,
    0.0,
    0.0,
    0.0,
    0.0,
    0.0,
    0.0,
    0.0,
    0.0,
    0.0,
    0.0,
    0.0,
    0.0
  ],
  "weighted_variants": {
    "masked_lt_1e-12_thr1e-12": {
      "frobenius": 31.272991647734088,
      "frobenius_sq": 978.000006599246,
      "entropy_sv": 0.15645197652469375,
      "rank_tol": 7,
      "participation_ratio": 0.9470707312412422,
      "mean_row_norm": 3.8987494305460744,
      "std_row_norm": 0.2868601445512307,
      "mean_col_norm": 1.9817295302924975,
      "std_col_norm": 1.9345832312803277
    },
    "weighted_sqrt_thr1e-12": {
      "frobenius": 0.06291794474878874,
      "frobenius_sq": 0.003958667771411633,
      "entropy_sv": 4.351885825758746e-27,
      "rank_tol": 1,
      "participation_ratio": 1.0,
      "mean_row_norm": 0.002076781606264184,
      "std_row_norm": 0.00764555517064439,
      "mean_col_norm": 0.0030045000375766547,
      "std_col_norm": 0.0046981393121253425
    },
    "weighted_linear_thr1e-12": {
      "frobenius": 0.001524200413474837,
      "frobenius_sq": 2.323186900436864e-06,
      "entropy_sv": 4.351885825758746e-27,
      "rank_tol": 1,
      "participation_ratio": 1.0,
      "mean_row_norm": 2.669416740777777e-05,
      "std_row_norm": 0.00019013703795424234,
      "mean_col_norm": 5.707878831741177e-05,
      "std_col_norm": 0.00012251191254102935
    },
    "masked_lt_1e-10_thr1e-10": {
      "frobenius": 28.017851607765515,
      "frobenius_sq": 785.0000087147687,
      "entropy_sv": 0.4183118558188582,
      "rank_tol": 11,
      "participation_ratio": 0.839107471176318,
      "mean_row_norm": 3.3768126126806486,
      "std_row_norm": 0.9361924724148009,
      "mean_col_norm": 1.750348476216007,
      "std_col_norm": 1.7587662905495658
    },
    "weighted_sqrt_thr1e-10": {
      "frobenius": 0.06291794474878874,
      "frobenius_sq": 0.003958667771411633,
      "entropy_sv": 4.351885825758746e-27,
      "rank_tol": 1,
      "participation_ratio": 1.0,
      "mean_row_norm": 0.002076781606264184,
      "std_row_norm": 0.00764555517064439,
      "mean_col_norm": 0.0030045000375766547,
      "std_col_norm": 0.0046981393121253425
    },
    "weighted_linear_thr1e-10": {
      "frobenius": 0.001524200413474837,
      "frobenius_sq": 2.323186900436864e-06,
      "entropy_sv": 4.351885825758746e-27,
      "rank_tol": 1,
      "participation_ratio": 1.0,
      "mean_row_norm": 2.669416740777777e-05,
      "std_row_norm": 0.00019013703795424234,
      "mean_col_norm": 5.707878831741177e-05,
      "std_col_norm": 0.00012251191254102935
    },
    "masked_lt_1e-08_thr1e-08": {
      "frobenius": 18.81488790508319,
      "frobenius_sq": 354.00000688084566,