{
  "case_name": "trivial",
  "cut": 10,
  "cut_comparison_mode": "asymmetry_grid",
  "J": 0.0,
  "g": 0.0,
  "L": 2,
  "k": 20,
  "dt": 0.1,
  "n_pasts": 32,
  "n_futures": 64,
  "fraction_terminated_early": 0.0029296875,
  "fraction_any_prob_skipped_renormalize": 0.0,
  "fraction_weight_lt_1e-12": 0.06005859375,
  "fraction_weight_lt_1e-10": 0.23876953125,
  "fraction_weight_lt_1e-08": 0.56640625,
  "fraction_weight_lt_1e-06": 0.90283203125,
  "mean_cumulative_weight": 1.2293338617418816e-06,
  "median_cumulative_weight": 4.323116521221597e-09,
  "metrics_V_raw": {
    "frobenius": 45.254833895816596,
    "frobenius_sq": 2047.9999909379508,
    "entropy_sv": 0.01789346059199239,
    "rank_tol": 2,
    "participation_ratio": 0.9948733189546661,
    "mean_row_norm": 7.999999982300684,
    "std_row_norm": 5.756618392591154e-11,
    "mean_col_norm": 1.4139793928538378,
    "std_col_norm": 1.4158310101194556
  },
  "metrics_V_centered_past": {
    "frobenius": 2.3164235709264362,
    "frobenius_sq": 5.365818159943583,
    "entropy_sv": 2.141404136484463e-27,
    "rank_tol": 1,
    "participation_ratio": 1.0,
    "mean_row_norm": 0.14249638622672905,
    "std_row_norm": 0.39003933288579656,
    "mean_col_norm": 0.01849520026634847,
    "std_col_norm": 0.10078631242202267
  },
  "metrics_V_centered_global": {
    "frobenius": 42.484159576629686,
    "frobenius_sq": 1804.9038149325359,
    "entropy_sv": 0.01985647705529581,
    "rank_tol": 2,
    "participation_ratio": 0.9942114207434241,
    "mean_row_norm": 7.510208886273523,
    "std_row_norm": 0.0026300849869498708,
    "mean_col_norm": 1.4802583261059072,
    "std_col_norm": 1.1561352401487315
  },
  "metrics_V_centered_rowcol": {
    "frobenius": 2.3160805233192656,
    "frobenius_sq": 5.364228990498844,
    "entropy_sv": 2.141404136484463e-27,
    "rank_tol": 1,
    "participation_ratio": 1.0,
    "mean_row_norm": 0.14247528341766633,
    "std_row_norm": 0.3899815705397694,
    "mean_col_norm": 0.02016062696759888,
    "std_col_norm": 0.10045031816246706
  },
  "row_distance_raw": {
    "max_row_distance": 2.3534887015511377,
    "mean_row_distance": 0.14709304384694613,
    "median_row_distance": 0.0
  },
  "row_distance_centered_past": {
    "max_row_distance": 2.3534887015511377,
    "mean_row_distance": 0.14709304384694613,
    "median_row_distance": 0.0
  },
  "delta_norm_centered_past": 0.0026200284100031295,
  "corr_weight_vs_centered_block_norm": -0.010061671344069285,
  "corr_terminated_early_vs_centered_block_norm": 0.7740476938682725,
  "summarize_weights": {
    "mean_weight_by_past": [
      7.241938323234173e-12,
      1.0862239098668428e-09,
      2.46649727010106e-07,
      3.6452862360591506e-08,
      1.0972745350794559e-08,
      3.5497866495925765e-09,
      2.0983806282927584e-07,
      4.655396849625204e-07,
      1.4352963436972322e-06,
      7.571583212620574e-09,
      2.3904474271916948e-08,
      5.809820028225028e-08,
      1.3245538514334502e-07,
      4.738908548797006e-06,
      8.264507535387474e-07,
      1.3541637586719791e-06,
      1.8696258726921416e-05,
      7.8880474721158e-09,
      7.177821976739897e-08,
      8.220225415833165e-07,
      7.204480315711361e-10,
      1.2025686231089237e-06,
      2.202269633997242e-06,
      1.0183726675083656e-06,
      1.9616573177990078e-10,
      5.280015534253894e-08,
      4.176133934985558e-07,
      1.9564386572483767e-06,
      3.77497040366186e-09,
      1.80618044465994e-06,
      3.363304669482233e-08,
      1.4952224511440144e-06
    ],
    "mean_weight_by_future": [
      1.0255109546131275e-08,
      3.685355394134195e-11,
      1.600824028138705e-08,
      5.059705162447439e-07,
      3.174491842390152e-08,
      1.1563027584488547e-10,
      1.0086754751667572e-11,
      2.3347994751844906e-07,
      2.6580448043096055e-06,
      7.500336274771629e-10,
      2.616771312124265e-10,
      2.0785089999807055e-07,
      3.1426112964831347e-09,
      1.821764177324688e-05,
      7.035553414829194e-06,
      1.5634753443660895e-07,
      2.0308400571689993e-07,
      1.0687790644565886e-08,
      6.737990171265201e-08,
      5.125529054359104e-08,
      1.206028280482209e-09,
      2.9746921527723504e-07,
      2.32610629607215e-06,
      4.625529384777267e-08,
      2.0385761211518668e-10,
      1.1406389270332278e-06,
      5.7931446267367115e-09,
      1.0193560376459596e-09,
      4.806578043561114e-07,
      5.598350901592916e-08,
      1.282279603785724e-08,
      2.7222500972873452e-06,
      2.420809250656659e-07,
      2.6630313270650163e-08,
      7.905124801563199e-07,
      1.5462735015197585e-10,
      5.853243415045651e-07,
      1.4457313497309156e-06,
      2.041953506951708e-07,
      7.320843178754349e-11,
      2.4521926231671113e-10,
      6.055222559288572e-06,
      1.4554769455803485e-08,
      4.281267461640638e-08,
      7.154979316802689e-07,
      7.139190485138026e-09,
      2.8425146639656552e-08,
      2.1426636219462073e-06,
      2.9658404773042006e-07,
      1.2107984873290883e-09,
      8.04011340009713e-06,
      5.811511743815363e-09,
      3.292980549502999e-07,
      1.804772186851236e-07,
      3.7773794159090076e-07,
      3.152822109850855e-08,
      3.6680885038523246e-08,
      3.253800738597283e-08,
      7.332066633008053e-10,
      4.326082531979635e-11,
      2.1808543199896195e-09,
      1.2609806580805248e-07,
      1.794928102013136e-05,
      2.4657595817677714e-06
    ]
  },
  "mean_centered_block_norm_by_past": [
    0.06868528149062059,
    0.002215654241632922,
    0.002215654241632922,
    0.002215654241632922,
    0.002215654241632922,
    0.002215654241632922,
    0.002215654241632922,
    0.002215654241632922,
    0.002215654241632922,
    0.002215654241632922,
    0.002215654241632922,
    0.002215654241632922,
    0.002215654241632922,
    0.002215654241632922,
    0.002215654241632922,
    0.002215654241632922,
    0.002215654241632922,
    0.002215654241632922,
    0.002215654241632922,
    0.002215654241632922,
    0.002215654241632922,
    0.002215654241632922,
    0.002215654241632922,
    0.002215654241632922,
    0.002215654241632922,
    0.002215654241632922,
    0.002215654241632922,
    0.002215654241632922,
    0.002215654241632922,
    0.002215654241632922,
    0.002215654241632922,
    0.002215654241632922
  ],
  "mean_centered_block_norm_by_future": [
    0.0,
    0.08404600560427354,
    0.0,
    0.0,
    0.0,
    0.0,
    0.08541240528806252,
    0.0,
    0.0,
    0.0,
    0.0,
    0.0,
    0.0,
    0.0,
    0.0,
    0.0,
    0.0,
    0.0,
    0.0,
    0.0,
    0.0,
    0.0,
    0.0,
    0.0,
    0.0,
    0.0,
    0.0,
    0.0,
    0.0,
    0.0,
    0.0,
    0.0,
    0.0,
    0.0,
    0.0,
    0.0,
    0.0,
    0.0,
    0.0,
    0.06685376419757214,
    0.0,
    0.0,
    0.0,
    0.0,
    0.0,
    0.0,
    0.0,
    0.0,
    0.0,
    0.0,
    0.0,
    0.0,
    0.0,
    0.0,
    0.0,
    0.0,
    0.0,
    0.0,
    0.0,
    0.038428950872574044,
    0.0,
    0.0,
    0.0,
    0.0
  ],
  "weighted_variants": {
    "masked_lt_1e-12_thr1e-12": {
      "frobenius": 43.87482184345049,
      "frobenius_sq": 1924.9999917945204,
      "entropy_sv": 0.21183316373352795,
      "rank_tol": 10,
      "participation_ratio": 0.9267195144684899,
      "mean_row_norm": 7.736471295681562,
      "std_row_norm": 0.559503590739689,
      "mean_col_norm": 1.3676584648868308,
      "std_col_norm": 1.375853606155835
    },
    "weighted_sqrt_thr1e-12": {
      "frobenius": 0.05017644594241522,
      "frobenius_sq": 0.002517675727412117,
      "entropy_sv": 2.422638696822766e-11,
      "rank_tol": 2,
      "participation_ratio": 0.9999999999983178,
      "mean_row_norm": 0.005656619952148645,
      "std_row_norm": 0.0069416009828416675,
      "mean_col_norm": 0.0009111070822391525,
      "std_col_norm": 0.002023664439077494
    },
    "weighted_linear_thr1e-12": {
      "frobenius": 0.0004686652471391396,
      "frobenius_sq": 2.196471138759908e-07,