{
  "case_name": "markov_ref",
  "cut": 15,
  "cut_comparison_mode": "asymmetry_grid",
  "J": 0.0,
  "g": 1.0,
  "L": 2,
  "k": 20,
  "dt": 0.1,
  "n_pasts": 64,
  "n_futures": 16,
  "fraction_terminated_early": 0.005859375,
  "fraction_any_prob_skipped_renormalize": 0.0,
  "fraction_weight_lt_1e-12": 0.0576171875,
  "fraction_weight_lt_1e-10": 0.27734375,
  "fraction_weight_lt_1e-08": 0.7138671875,
  "fraction_weight_lt_1e-06": 0.9619140625,
  "mean_cumulative_weight": 1.5919685087785246e-07,
  "median_cumulative_weight": 1.005279124670946e-09,
  "metrics_V_raw": {
    "frobenius": 32.0000002106013,
    "frobenius_sq": 1024.0000134784832,
    "entropy_sv": 0.023715343540170627,
    "rank_tol": 3,
    "participation_ratio": 0.992914902017796,
    "mean_row_norm": 4.000000026325164,
    "std_row_norm": 7.095508429011675e-10,
    "mean_col_norm": 1.9321942400019303,
    "std_col_norm": 2.0736974226662275
  },
  "metrics_V_centered_past": {
    "frobenius": 1.965190317655361,
    "frobenius_sq": 3.8619729846063784,
    "entropy_sv": 0.031598385067751665,
    "rank_tol": 2,
    "participation_ratio": 0.9900053497235637,
    "mean_row_norm": 0.06246740235901863,
    "std_row_norm": 0.23945154587321085,
    "mean_col_norm": 0.057971515233014956,
    "std_col_norm": 0.16438393273999857
  },
  "metrics_V_centered_global": {
    "frobenius": 30.120886328809096,
    "frobenius_sq": 907.2677932330387,
    "entropy_sv": 0.026156385091876195,
    "rank_tol": 3,
    "participation_ratio": 0.9920513891244661,
    "mean_row_norm": 3.765110643263484,
    "std_row_norm": 0.0010634476462100383,
    "mean_col_norm": 2.058218377147016,
    "std_col_norm": 1.695352943454524
  },
  "metrics_V_centered_rowcol": {
    "frobenius": 1.9650491129351706,
    "frobenius_sq": 3.861418016247301,
    "entropy_sv": 0.03160218239276197,
    "rank_tol": 2,
    "participation_ratio": 0.9900039281377329,
    "mean_row_norm": 0.06246303494368924,
    "std_row_norm": 0.23943430849251515,
    "mean_col_norm": 0.05962770264530554,
    "std_col_norm": 0.16377242617687957
  },
  "row_distance_raw": {
    "max_row_distance": 1.9905228653141969,
    "mean_row_distance": 0.06607259634347844,
    "median_row_distance": 0.0
  },
  "row_distance_centered_past": {
    "max_row_distance": 1.9905228653141969,
    "mean_row_distance": 0.06607259634347844,
    "median_row_distance": 0.0
  },
  "delta_norm_centered_past": 0.003771457943137545,
  "corr_weight_vs_centered_block_norm": -0.02288653523542403,
  "corr_terminated_early_vs_centered_block_norm": 0.7402218500357013,
  "summarize_weights": {
    "mean_weight_by_past": [
      9.812568157574778e-09,
      5.789271304395544e-10,
      2.9526876984777465e-13,
      5.196408565794717e-07,
      1.3876875197208227e-09,
      5.673168720297082e-09,
      4.6334441179083314e-08,
      1.0733248867095206e-06,
      1.5704883773116685e-10,
      1.3884004583004928e-09,
      2.0974642608073292e-10,
      2.384486966419793e-10,
      3.4965124524786515e-11,
      1.8081232953729406e-06,
      4.849443151777129e-09,
      1.7691146306176438e-12,
      3.5415776462524037e-07,
      1.4700947691210523e-08,
      3.734650495071079e-09,
      8.49057245008904e-07,
      6.872452356540734e-09,
      1.6545944909057293e-07,
      4.2673074986173274e-08,
      5.515377168533366e-10,
      1.3701190340343284e-06,
      1.0520984890766476e-10,
      1.2616504175461694e-09,
      3.1815691177198324e-07,
      2.4061250454310614e-08,
      1.6400417037808916e-08,
      3.7504200575047416e-10,
      4.628943123529003e-09,
      5.252395634825151e-10,
      1.5578976219188253e-09,
      3.315390691050201e-09,
      1.9871116415676082e-09,
      1.3604496768510673e-11,
      8.697520027631206e-09,
      6.596683155894664e-11,
      8.071872287019467e-09,
      2.7553218451309197e-11,
      6.39232434066468e-08,
      7.329752198273003e-07,
      5.17765548826368e-10,
      3.996627689968093e-10,
      1.5561464593797762e-08,
      2.344388423496239e-09,
      1.9931031875431356e-06,
      6.045818033454889e-10,
      8.844933024384278e-08,
      3.3992002312596865e-09,
      2.0717068435562206e-14,
      7.1970841399666195e-09,
      2.2682441655396118e-07,
      1.2620972599493743e-09,
      4.508194614986134e-08,
      5.675002402464213e-08,
      6.924941283019311e-09,
      2.6062732535596276e-09,
      1.1700867934721218e-08,
      1.8060217396463038e-10,
      4.082877422152728e-10,
      2.549929978266621e-07,
      5.0571672406334375e-09
    ],
    "mean_weight_by_future": [
      9.077923228697442e-07,
      4.248794254733833e-07,
      7.344721764478074e-09,
      2.3570513869691648e-09,
      7.631106027272965e-08,
      3.784856337073789e-07,
      4.724645592195036e-10,
      2.914564786928564e-09,
      1.0325786346110788e-07,
      4.334732399619921e-08,
      7.014555246870374e-09,
      3.412567446577298e-07,
      1.8894161898375125e-07,
      1.5520534413701662e-08,
      2.8331064664869166e-08,
      1.892266380057846e-08
    ]
  },
  "mean_centered_block_norm_by_past": [
    0.003394634650561091,
    0.003394634650561091,
    0.011018485651438441,
    0.003394634650561091,
    0.003394634650561091,
    0.003394634650561091,
    0.003394634650561091,
    0.003394634650561091,
    0.003394634650561091,
    0.003394634650561091,
    0.003394634650561091,
    0.003394634650561091,
    0.003394634650561091,
    0.003394634650561091,
    0.003394634650561091,
    0.003394634650561091,
    0.003394634650561091,
    0.003394634650561091,
    0.003394634650561091,
    0.003394634650561091,
    0.003394634650561091,
    0.003394634650561091,
    0.003394634650561091,
    0.003394634650561091,
    0.003394634650561091,
    0.003394634650561091,
    0.003394634650561091,
    0.003394634650561091,
    0.003394634650561091,
    0.003394634650561091,
    0.003394634650561091,
    0.003394634650561091,
    0.003394634650561091,
    0.003394634650561091,
    0.003394634650561091,
    0.003394634650561091,
    0.003394634650561091,
    0.003394634650561091,
    0.003394634650561091,
    0.003394634650561091,
    0.003394634650561091,
    0.003394634650561091,
    0.003394634650561091,
    0.003394634650561091,
    0.003394634650561091,
    0.003394634650561091,
    0.003394634650561091,
    0.003394634650561091,
    0.003394634650561091,
    0.003394634650561091,
    0.003394634650561091,
    0.21434437245149898,
    0.003394634650561091,
    0.003394634650561091,
    0.003394634650561091,
    0.003394634650561091,
    0.003394634650561091,
    0.003394634650561091,
    0.003394634650561091,
    0.003394634650561091,
    0.003394634650561091,
    0.003394634650561091,
    0.003394634650561091,
    0.003394634650561091
  ],
  "mean_centered_block_norm_by_future": [
    0.0,
    0.0,
    0.004062238735617981,
    0.03988101242572824,
    0.0,
    0.0,
    0.04183266811360143,
    0.021942311943004413,
    0.0,
    0.0,
    0.001239320391479172,
    0.0,
    0.0,
    0.0,
    0.0,
    0.0
  ],
  "weighted_variants": {
    "masked_lt_1e-12_thr1e-12": {
      "frobenius": 31.06444933735089,
      "frobenius_sq": 965.0000126328401,
      "entropy_sv": 0.11804850927515924,
      "rank_tol": 7,
      "participation_ratio": 0.9626749711255288,
      "mean_row_norm": 3.8294342624163304,
      "std_row_norm": 0.6481688411978151,
      "mean_col_norm": 1.869055405576228,
      "std_col_norm": 2.0192945183164914
    },
    "weighted_sqrt_thr1e-12": {
      "frobenius": 0.012767833654207002,
      "frobenius_sq": 0.00016301757622150094,
      "entropy_sv": 1.8599115952415287e-10,
      "rank_tol": 3,
      "participation_ratio": 0.9999999999861051,
      "mean_row_norm": 0.0008537712875005845,
      "std_row_norm": 0.001359075023300511,
      "mean_col_norm": 0.0005772592864830945,
      "std_col_norm": 0.0009735249528329907
    },
    "weighted_linear_thr1e-12": {
      "frobenius": 2.5199278505765556e-05,
      "frobenius_sq": 6.35003637211138e-10,