{
  "case_name": "nm_mid",
  "cut": 5,
  "cut_comparison_mode": "cut_comparison_fresh_probes",
  "J": 1.0,
  "g": 1.0,
  "L": 2,
  "k": 20,
  "dt": 0.1,
  "n_pasts": 32,
  "n_futures": 32,
  "fraction_terminated_early": 0.0,
  "fraction_any_prob_skipped_renormalize": 0.0,
  "fraction_weight_lt_1e-12": 0.0712890625,
  "fraction_weight_lt_1e-10": 0.2412109375,
  "fraction_weight_lt_1e-08": 0.6474609375,
  "fraction_weight_lt_1e-06": 0.9638671875,
  "mean_cumulative_weight": 2.230128132216949e-07,
  "median_cumulative_weight": 2.4134222654549065e-09,
  "metrics_V_raw": {
    "frobenius": 31.877080239276214,
    "frobenius_sq": 1016.1482445812541,
    "entropy_sv": 0.004862825190584361,
    "rank_tol": 32,
    "participation_ratio": 0.998980551455964,
    "mean_row_norm": 5.6351246425657635,
    "std_row_norm": 0.001731950175751197,
    "mean_col_norm": 1.3912163061848675,
    "std_col_norm": 1.428923419055609
  },
  "metrics_V_centered_past": {
    "frobenius": 0.7200279794548583,
    "frobenius_sq": 0.5184402911978458,
    "entropy_sv": 0.9556024425359534,
    "rank_tol": 31,
    "participation_ratio": 0.4475205319721913,
    "mean_row_norm": 0.10789375948558733,
    "std_row_norm": 0.06860975771098586,
    "mean_col_norm": 0.026034655477127636,
    "std_col_norm": 0.036778225123761284
  },
  "metrics_V_centered_global": {
    "frobenius": 29.651048471142243,
    "frobenius_sq": 879.1846754380267,
    "entropy_sv": 0.005525960259412628,
    "rank_tol": 32,
    "participation_ratio": 0.9988240007814091,
    "mean_row_norm": 5.241612198295321,
    "std_row_norm": 0.004837500822961295,
    "mean_col_norm": 1.4554718583536541,
    "std_col_norm": 1.149381253562465
  },
  "metrics_V_centered_rowcol": {
    "frobenius": 0.718687673654014,
    "frobenius_sq": 0.5165119722622185,
    "entropy_sv": 0.956286855286139,
    "rank_tol": 31,
    "participation_ratio": 0.44700130595357124,
    "mean_row_norm": 0.10772093061034321,
    "std_row_norm": 0.06843655119709958,
    "mean_col_norm": 0.026808541410188944,
    "std_col_norm": 0.036111228592731706
  },
  "row_distance_raw": {
    "max_row_distance": 0.5265957045423059,
    "mean_row_distance": 0.15678799185433528,
    "median_row_distance": 0.13907540589355694
  },
  "row_distance_centered_past": {
    "max_row_distance": 0.5265957045423059,
    "mean_row_distance": 0.15678799185433528,
    "median_row_distance": 0.13907540589355694
  },
  "delta_norm_centered_past": 0.0005102014336613755,
  "corr_weight_vs_centered_block_norm": -0.04895790229865545,
  "corr_terminated_early_vs_centered_block_norm": NaN,
  "summarize_weights": {
    "mean_weight_by_past": [
      9.100407483484956e-08,
      1.167561213443524e-08,
      1.018495350789254e-07,
      6.108531650926596e-08,
      4.6212324830000353e-08,
      2.0368660905349957e-06,
      7.027526549305906e-08,
      1.4836653901074172e-07,
      6.218374225669985e-08,
      1.714789864152763e-08,
      1.1718940218609721e-07,
      1.5405717555759153e-07,
      4.2060156054688416e-07,
      5.723939653463156e-07,
      1.0876045817246807e-06,
      2.486261199083881e-07,
      8.884865887818363e-09,
      2.2631946432899802e-07,
      7.225695137134572e-08,
      2.903725563324902e-08,
      1.1961935988863999e-07,
      5.020717174289036e-09,
      1.239671042380438e-07,
      1.6670709402575254e-07,
      2.4992068788731504e-07,
      6.470694791250137e-08,
      1.9945526439843973e-08,
      9.522841907867101e-09,
      2.0454347664973921e-07,
      3.520754251352034e-08,
      5.244355722048174e-07,
      2.9175410436038373e-08
    ],
    "mean_weight_by_future": [
      3.404843837388186e-13,
      5.1817529830282354e-08,
      6.512756920560358e-09,
      1.386911308067103e-10,
      1.2176190583672736e-07,
      1.927663105231359e-09,
      8.610358208473152e-08,
      5.965466140125579e-09,
      4.512530269287689e-06,
      1.8952239896008664e-08,
      6.517408144247235e-10,
      4.243172249357748e-10,
      5.595885237465332e-14,
      4.184076582518204e-08,
      5.98380413009771e-09,
      9.309148212425292e-08,
      2.934287707604856e-10,
      3.475660558310217e-11,
      1.259508280357436e-08,
      4.5251584382253985e-08,
      1.6603327504469668e-10,
      1.4823298817833334e-06,
      2.8254631187811833e-08,
      8.527333496011697e-09,
      1.3357244125933503e-07,
      8.624678242661428e-10,
      2.584348598912555e-07,
      1.2389927504394879e-10,
      6.744380684304202e-09,
      3.2468758948980157e-10,
      2.1118765384085216e-07,
      4.289631025439114e-12
    ]
  },
  "mean_centered_block_norm_by_past": [
    0.011094710412664986,
    0.03432011579122628,
    0.01287211251903735,
    0.01272035053224689,
    0.020297621953923806,
    0.004165939853923831,
    0.006774579653578565,
    0.009294493510876349,
    0.0031642716839655996,
    0.020630663452355508,
    0.016624345133687265,
    0.013519042763595508,
    0.010223506559893517,
    0.011136017684610386,
    0.003628978593036687,
    0.011320389866718218,
    0.052000515101900985,
    0.014858625898350877,
    0.012352109103803851,
    0.030966586480398756,
    0.022032865721863516,
    0.023318981337045238,
    0.013594862844873178,
    0.010064382092910239,
    0.008920518287927616,
    0.005361955072921263,
    0.018386163349935956,
    0.014370745006365614,
    0.01011788426365983,
    0.01064834835961636,
    0.006181203459917611,
    0.016401305473853597
  ],
  "mean_centered_block_norm_by_future": [
    0.023378969186307066,
    0.010079108910242059,
    0.004931304534283189,
    0.004298393174784857,
    0.0268040986604325,
    0.02321681913598318,
    0.007661583607564016,
    0.007439601038673928,
    0.017958605464410707,
    0.01842215226970469,
    0.001721520942350122,
    0.028666428403750714,
    0.00961822623509771,
    0.012111870152432412,
    0.025617542672546026,
    0.025325682713392587,
    0.012019564025344737,
    0.013950547494264826,
    0.019474127540018565,
    0.0215635942781914,
    0.018496498122844453,
    0.019066575648262956,
    0.007699341283175328,
    0.0049915733531046835,
    0.002638305048934045,
    0.013693504163231835,
    0.025595250068886147,
    0.016079504750724397,
    0.004016903881755138,
    0.021138713268653093,
    0.021416902058118102,
    0.002271379733219793
  ],
  "weighted_variants": {
    "masked_lt_1e-12_thr1e-12": {
      "frobenius": 30.723237131606385,
      "frobenius_sq": 943.9172998449174,
      "entropy_sv": 0.06867068123338618,
      "rank_tol": 32,
      "participation_ratio": 0.9790044774302064,
      "mean_row_norm": 5.430849164662799,
      "std_row_norm": 0.058302621731088335,
      "mean_col_norm": 1.299163389497163,
      "std_col_norm": 1.4167540484471728
    },
    "weighted_sqrt_thr1e-12": {
      "frobenius": 0.015037248522709351,
      "frobenius_sq": 0.00022611884313372457,
      "entropy_sv": 0.005357149561417064,
      "rank_tol": 23,
      "participation_ratio": 0.9988227351676016,
      "mean_row_norm": 0.0021189222356488447,
      "std_row_norm": 0.001630794750148384,
      "mean_col_norm": 0.00032704658120195456,
      "std_col_norm": 0.0008828146159559665
    },
    "weighted_linear_thr1e-12": {
      "frobenius": 5.4195256479253504e-05,
      "frobenius_sq": 2.9371258248520688e-09,
      "entropy_sv": 0.0017455077789291958,
      "rank_tol": 4,
      "participation_ratio": 0.9996551957748708,
      "mean_row_norm": 4.742838303917351e-06,
      "std_row_norm": 8.457295646429715e-06,
      "mean_col_norm": 6.816562219253444e-07,
      "std_col_norm": 3.324404173299683e-06
    },
    "masked_lt_1e-10_thr1e-10": {
      "frobenius": 27.767196119733157,
      "frobenius_sq": 771.017180351724,
      "entropy_sv": 0.3568580665961668,
      "rank_tol": 32,
      "participation_ratio": 0.8647022650496914,
      "mean_row_norm": 4.896756041765482,
      "std_row_norm": 0.34613762457732594,
      "mean_col_norm": 1.1149429888120639,
      "std_col_norm": 1.3325254308232473
    },