task_id,family,gate,control,target,theta,x,seed,chi_max,svd_threshold,mpo_infidelity,variational_infidelity,variational_minus_mpo,state_distance_to_mpo,variational_norm,mpo_norm,variational_bond_profile,mpo_bond_profile,objective_initial,objective_final,mpo_initializer_objective,input_initializer_objective,initializer_runtimes_s,best_initializer,sweeps,converged,rejected_nonimproving_updates,objective_trace,update_trace,target_max_bond,target_parameter_count,variational_runtime_s,fidelity_to_target,core_source_sha256,control_source_sha256,git_commit,git_dirty,git_diff_hash
f2127e87e2b5ce426bdb5e22,pauli,rxx,,,0.0,0.0,11,8,1e-13,0.0,0.0,0.0,7.619137940085578e-16,1.0,0.9999999999999999,"[1, 2, 4, 8, 8, 8, 8, 8, 8, 8, 4, 2, 1]","[1, 2, 4, 8, 8, 8, 8, 8, 8, 8, 4, 2, 1]",0.0,0.0,0.0,8.881784197001252e-16,"{""input"": 0.005274435039609671, ""mpo_contract_compress"": 0.005385706899687648}",mpo_contract_compress,0,True,0,[0.0],[0.0],8,936,0.015283385990187526,0.9999999999999993,2d33f4b11b74317e4c5fe921b98a6d7186a9cb308641f0bcbca58636d6042e1c,ff78982f7c0a0703787f4d4d317b00cfb3e5a39a29e46d5077ad927ba8f6791d,2df89739fab8b33530f176547eb23ed65b259bc7,true,3fd2b466a80460124036f52434e2df874153d4eb99bb1ac9746d92116e040e93
df60720f5608564458e14286,pauli,rxx,,,0.0006283185307179586,0.0001,11,8,1e-13,6.090968163174892e-08,6.090895721122536e-08,-7.244205235679146e-13,8.650706460032054e-07,1.0000000000000009,0.9999999695451617,"[1, 2, 4, 8, 8, 8, 8, 8, 8, 8, 4, 2, 1]","[1, 2, 4, 8, 8, 8, 8, 8, 8, 8, 4, 2, 1]",9.852675608712502e-08,6.09089592096268e-08,6.090968596161872e-08,9.852675608712502e-08,"{""input"": 0.0400713870767504, ""mpo_contract_compress"": 0.04099958389997482}",input,2,True,36,"[9.852675608712502e-08, 6.090896009780522e-08, 6.09089592096268e-08]","[9.852675608712502e-08, 6.609122560341518e-08, 6.589189527339556e-08, 6.572677180294306e-08, 6.54988421278091e-08, 6.532475960163708e-08, 6.410532948919467e-08, 6.15410631343849e-08, 6.090895987576062e-08, 6.090895987576062e-08, 6.090895987576062e-08, 6.090895987576062e-08, 6.090895809940378e-08, 6.090895809940378e-08, 6.090895809940378e-08, 6.090895809940378e-08, 6.090895809940378e-08, 6.090895809940378e-08, 6.090895809940378e-08, 6.090895809940378e-08, 6.090895809940378e-08, 6.090895809940378e-08, 6.090895809940378e-08, 6.090896009780522e-08, 6.090896009780522e-08, 6.090896009780522e-08, 6.090896009780522e-08, 6.090896009780522e-08, 6.090896009780522e-08, 6.090896009780522e-08, 6.090896009780522e-08, 6.090896009780522e-08, 6.090896009780522e-08, 6.090896009780522e-08, 6.090896054189443e-08, 6.090896054189443e-08, 6.090896054189443e-08, 6.090896054189443e-08, 6.090896054189443e-08, 6.090896054189443e-08, 6.090896054189443e-08, 6.090896054189443e-08, 6.090896054189443e-08, 6.090896054189443e-08, 6.090896054189443e-08]",16,3656,0.08711790712550282,0.9999999390910452,2d33f4b11b74317e4c5fe921b98a6d7186a9cb308641f0bcbca58636d6042e1c,ff78982f7c0a0703787f4d4d317b00cfb3e5a39a29e46d5077ad927ba8f6791d,2df89739fab8b33530f176547eb23ed65b259bc7,true,3fd2b466a80460124036f52434e2df874153d4eb99bb1ac9746d92116e040e93
faeb8a181cb4e7b71589de3f,pauli,rxx,,,0.001986917653053424,0.000316227766,11,8,1e-13,6.091711041156245e-07,6.090985078532896e-07,-7.25962623349119e-11,8.520737219261069e-06,0.9999999999999998,0.9999996954144025,"[1, 2, 4, 8, 8, 8, 8, 8, 8, 8, 4, 2, 1]","[1, 2, 4, 8, 8, 8, 8, 8, 8, 8, 4, 2, 1]",6.091711970412916e-07,6.0909859755931e-07,6.091711970412916e-07,9.85267473829765e-07,"{""input"": 0.03952844510786235, ""mpo_contract_compress"": 0.03951893118210137}",mpo_contract_compress,2,True,39,"[6.091711970412916e-07, 6.0909859755931e-07, 6.0909859755931e-07]","[6.091711970412916e-07, 6.091707223099263e-07, 6.091581952194502e-07, 6.091006672370725e-07, 6.090992084040181e-07, 6.090986317541791e-07, 6.090985966711315e-07, 6.090985966711315e-07, 6.090985966711315e-07, 6.090985966711315e-07, 6.090985966711315e-07, 6.090985966711315e-07, 6.090985995577114e-07, 6.090985995577114e-07, 6.090985995577114e-07, 6.090985995577114e-07, 6.090985995577114e-07, 6.090985995577114e-07, 6.090985995577114e-07, 6.090985995577114e-07, 6.090985995577114e-07, 6.090985995577114e-07, 6.090985995577114e-07, 6.0909859755931e-07, 6.0909859755931e-07, 6.0909859755931e-07, 6.0909859755931e-07, 6.0909859755931e-07, 6.0909859755931e-07, 6.0909859755931e-07, 6.0909859755931e-07, 6.0909859755931e-07, 6.0909859755931e-07, 6.0909859755931e-07, 6.090985993356668e-07, 6.090985993356668e-07, 6.090985993356668e-07, 6.090985993356668e-07, 6.090985993356668e-07, 6.090985993356668e-07, 6.090985993356668e-07, 6.090985993356668e-07, 6.090985993356668e-07, 6.090985993356668e-07, 6.090985993356668e-07]",16,3656,0.08490556408651173,0.9999993909014929,2d33f4b11b74317e4c5fe921b98a6d7186a9cb308641f0bcbca58636d6042e1c,ff78982f7c0a0703787f4d4d317b00cfb3e5a39a29e46d5077ad927ba8f6791d,2df89739fab8b33530f176547eb23ed65b259bc7,true,3fd2b466a80460124036f52434e2df874153d4eb99bb1ac9746d92116e040e93
de845667f4d56e6524c39594,pauli,rxx,,,0.006283185307179587,0.001,11,8,1e-13,6.098534758858243e-06,6.091209090675065e-06,-7.325668183177925e-09,8.560610213295668e-05,1.0000000000000013,0.9999969507279726,"[1, 2, 4, 8, 8, 8, 8, 8, 8, 8, 4, 2, 1]","[1, 2, 4, 8, 8, 8, 8, 8, 8, 8, 4, 2, 1]",9.852667413934313e-06,6.091218362813677e-06,6.098544056865052e-06,9.852667413934313e-06,"{""input"": 0.039291918044909835, ""mpo_contract_compress"": 0.03965207398869097}",input,2,True,32,"[9.852667413934313e-06, 6.091218362813677e-06, 6.091218362813677e-06]","[9.852667413934313e-06, 6.609111808941748e-06, 6.589178771942983e-06, 6.5726664408849444e-06, 6.549873066141743e-06, 6.532476137355303e-06, 6.410544870494306e-06, 6.154545142411649e-06, 6.091235779770443e-06, 6.091235779770443e-06, 6.091235779770443e-06, 6.091235779770443e-06, 6.091235783767246e-06, 6.091235783767246e-06, 6.091235783767246e-06, 6.091235783767246e-06, 6.091234785898791e-06, 6.0912300394733165e-06, 6.091221313564432e-06, 6.091218362591633e-06, 6.091218362591633e-06, 6.091218362591633e-06, 6.091218362591633e-06, 6.091218362813677e-06, 6.091218362813677e-06, 6.091218362813677e-06, 6.091218362813677e-06, 6.091218362813677e-06, 6.091218362813677e-06, 6.091218362813677e-06, 6.091218362813677e-06, 6.091218362813677e-06, 6.091218362813677e-06, 6.091218362813677e-06, 6.0912183639239e-06, 6.0912183639239e-06, 6.0912183639239e-06, 6.0912183639239e-06, 6.0912183639239e-06, 6.0912183639239e-06, 6.0912183639239e-06, 6.0912183639239e-06, 6.0912183639239e-06, 6.0912183639239e-06, 6.0912183639239e-06]",16,3656,0.0849353161174804,0.999993908790912,2d33f4b11b74317e4c5fe921b98a6d7186a9cb308641f0bcbca58636d6042e1c,ff78982f7c0a0703787f4d4d317b00cfb3e5a39a29e46d5077ad927ba8f6791d,2df89739fab8b33530f176547eb23ed65b259bc7,true,3fd2b466a80460124036f52434e2df874153d4eb99bb1ac9746d92116e040e93
751243399129992021cb1673,pauli,rxx,,,0.019869176530534244,0.00316227766,11,8,1e-13,6.171869805049468e-05,6.091319765977321e-05,-8.055003907214697e-07,0.0008986871879776655,0.9999999999999998,0.9999691401748096,"[1, 2, 4, 8, 8, 8, 8, 8, 8, 8, 4, 2, 1]","[1, 2, 4, 8, 8, 8, 8, 8, 8, 8, 4, 2, 1]",9.852594107462309e-05,6.0914125291189336e-05,6.171965038181959e-05,9.852594107462309e-05,"{""input"": 0.055421345168724656, ""mpo_contract_compress"": 0.039662563940510154}",input,3,True,52,"[9.852594107462309e-05, 6.091412647757366e-05, 6.0914125291189336e-05, 6.0914125291189336e-05]","[9.852594107462309e-05, 6.609014401237623e-05, 6.589081362950999e-05, 6.572569032425868e-05, 6.549771742969668e-05, 6.532400736669608e-05, 6.41046477363183e-05, 6.155230912208154e-05, 6.091588108780854e-05, 6.091588108780854e-05, 6.091588108780854e-05, 6.091588108780854e-05, 6.091588108714241e-05, 6.091588108714241e-05, 6.091588108714241e-05, 6.091588108714241e-05, 6.091578453149005e-05, 6.091530543872459e-05, 6.091442629418964e-05, 6.091412647890593e-05, 6.091412647890593e-05, 6.091412647890593e-05, 6.091412647890593e-05, 6.091412647757366e-05, 6.091412647757366e-05, 6.091412647757366e-05, 6.091412647757366e-05, 6.091412647757366e-05, 6.091412627839965e-05, 6.0914125517230744e-05, 6.091412529474205e-05, 6.091412529474205e-05, 6.091412529474205e-05, 6.091412529474205e-05, 6.091412529318774e-05, 6.091412529318774e-05, 6.091412529318774e-05, 6.091412529318774e-05, 6.091412529318774e-05, 6.091412529318774e-05, 6.091412529318774e-05, 6.091412529318774e-05, 6.091412529318774e-05, 6.091412529318774e-05, 6.091412529318774e-05, 6.0914125291189336e-05, 6.0914125291189336e-05, 6.0914125291189336e-05, 6.0914125291189336e-05, 6.0914125291189336e-05, 6.0914125291189336e-05, 6.0914125291189336e-05, 6.0914125291189336e-05, 6.0914125291189336e-05, 6.0914125291189336e-05, 6.0914125291189336e-05, 6.091412529229956e-05, 6.091412529229956e-05, 6.091412529229956e-05, 6.091412529229956e-05, 6.091412529229956e-05, 6.091412529229956e-05, 6.091412529229956e-05, 6.091412529229956e-05, 6.091412529229956e-05, 6.091412529229956e-05, 6.091412529229956e-05]",16,3656,0.10085520194843411,0.9999390868023412,2d33f4b11b74317e4c5fe921b98a6d7186a9cb308641f0bcbca58636d6042e1c,ff78982f7c0a0703787f4d4d317b00cfb3e5a39a29e46d5077ad927ba8f6791d,2df89739fab8b33530f176547eb23ed65b259bc7,true,3fd2b466a80460124036f52434e2df874153d4eb99bb1ac9746d92116e040e93
f273bf30a5e0189a7421e579,pauli,rxx,,,0.06283185307179587,0.01,11,8,1e-13,0.0006570551738469543,0.0006085239282116461,-4.8531245635308196e-05,0.007090856951863331,1.0000000000000016,0.9996714184301493,"[1, 2, 4, 8, 8, 8, 8, 8, 8, 8, 4, 2, 1]","[1, 2, 4, 8, 8, 8, 8, 8, 8, 8, 4, 2, 1]",0.0009851861065452994,0.0006086165317311654,0.0006571631396961042,0.0009851861065452994,"{""input"": 0.07132716802880168, ""mpo_contract_compress"": 0.054908306105062366}",input,4,True,66,"[0.0009851861065452994, 0.0006086179950068882, 0.0006086165318603953, 0.0006086165317311654, 0.0006086165317311654]","[0.0009851861065452994, 0.0006608040259485914, 0.0006588107204008598, 0.0006571594872728515, 0.0006548759418862904, 0.0006531454778027079, 0.0006409199766626017, 0.0006153767644823116, 0.000608805709769511, 0.000608805709769511, 0.000608805709769511, 0.000608805709769511, 0.0006088057097717314, 0.0006088057097717314, 0.0006088057097717314, 0.0006088057097717314, 0.0006087964469856377, 0.0006087445559732618, 0.000608650824220458, 0.0006086179950086645, 0.0006086179950086645, 0.0006086179950086645, 0.0006086179950086645, 0.0006086179950068882, 0.0006086179950068882, 0.0006086179950068882, 0.0006086179950068882, 0.0006086179869622121, 0.0006086177715891594, 0.000608616828813302, 0.0006086165450163161, 0.0006086165450163161, 0.0006086165450163161, 0.0006086165450163161, 0.0006086165450165382, 0.0006086165450165382, 0.0006086165450165382, 0.0006086165450165382, 0.000608616543835705, 0.0006086165384568964, 0.0006086165332037652, 0.0006086165318592851, 0.0006086165318592851, 0.0006086165318592851, 0.0006086165318592851, 0.0006086165318603953, 0.0006086165318603953, 0.0006086165318603953, 0.0006086165318603953, 0.0006086165318603953, 0.0006086165318466286, 0.000608616531768913, 0.0006086165317331638, 0.0006086165317331638, 0.0006086165317331638, 0.0006086165317331638, 0.0006086165317329417, 0.0006086165317329417, 0.0006086165317329417, 0.0006086165317329417, 0.0006086165317329417, 0.0006086165317329417, 0.0006086165317329417, 0.0006086165317329417, 0.0006086165317329417, 0.0006086165317329417, 0.0006086165317329417, 0.0006086165317311654, 0.0006086165317311654, 0.0006086165317311654, 0.0006086165317311654, 0.0006086165317311654, 0.0006086165317311654, 0.0006086165317311654, 0.0006086165317311654, 0.0006086165317311654, 0.0006086165317311654, 0.0006086165317311654, 0.0006086165317316095, 0.0006086165317316095, 0.0006086165317316095, 0.0006086165317316095, 0.0006086165317316095, 0.0006086165317316095, 0.0006086165317316095, 0.0006086165317316095, 0.0006086165317316095, 0.0006086165317316095, 0.0006086165317316095]",16,3656,0.1321018491871655,0.9993914760717872,2d33f4b11b74317e4c5fe921b98a6d7186a9cb308641f0bcbca58636d6042e1c,ff78982f7c0a0703787f4d4d317b00cfb3e5a39a29e46d5077ad927ba8f6791d,2df89739fab8b33530f176547eb23ed65b259bc7,true,3fd2b466a80460124036f52434e2df874153d4eb99bb1ac9746d92116e040e93
bf7b8596e01b0a993a5e9f36,pauli,rxx,,,0.6283185307179586,0.1,11,8,1e-13,0.021146825694425053,0.01935370421914051,-0.0017931214752845426,0.0638232543077336,1.0,0.9893700896558242,"[1, 2, 4, 8, 8, 8, 8, 8, 8, 8, 4, 2, 1]","[1, 2, 4, 8, 8, 8, 8, 8, 8, 8, 4, 2, 1]",0.021259820688349196,0.019448262952103335,0.021259820688349196,0.09771475429430643,"{""input"": 0.24909940198995173, ""mpo_contract_compress"": 0.28218479198403656}",mpo_contract_compress,14,True,202,"[0.021259820688349196, 0.01946533803512862, 0.01945163761731261, 0.019449080427744514, 0.019448465540549575, 0.019448313314209154, 0.01944827547847261, 0.019448266067952025, 0.01944826372702102, 0.019448263144675515, 0.01944826299980762, 0.019448262963854157, 0.01944826295484603, 0.019448262952676654, 0.019448262952103335]","[0.021259820688349196, 0.021245386589518578, 0.02119118325131164, 0.020993370491710017, 0.020507266271881708, 0.019882141494959704, 0.019639714717347934, 0.019521222167377283, 0.019507888202414003, 0.019507888202414003, 0.019507888202414003, 0.019507888202414003, 0.019507888202416, 0.019507888202416, 0.019507888202416, 0.019507888202416, 0.01950750360856701, 0.019497139860974677, 0.019477243741418793, 0.0194653380351284, 0.0194653380351284, 0.0194653380351284, 0.0194653380351284, 0.01946533803512862, 0.01946533803512862, 0.01946533803512862, 0.01946533803512862, 0.019464868925011647, 0.019460103553273322, 0.019456108404509287, 0.019455421555955033, 0.019455421555955033, 0.019455421555955033, 0.019455421555955033, 0.019455421555953256, 0.019455421555953256, 0.019455421555953256, 0.019455421555953256, 0.019455400356764185, 0.019455021199211275, 0.019452070157685686, 0.019451637617314388, 0.019451637617314388, 0.019451637617314388, 0.019451637617314388, 0.01945163761731261, 0.01945163761731261, 0.01945163761731261, 0.01945163761731261, 0.019451619274115872, 0.019450345537202374, 0.019449979848869203, 0.01944991230574611, 0.01944991230574611, 0.01944991230574611, 0.01944991230574611, 0.019449912305745665, 0.019449912305745665, 0.019449912305745665, 0.019449912305745665, 0.019449910271156945, 0.01944988147131288, 0.019449168230954328, 0.01944908042774318, 0.01944908042774318, 0.01944908042774318, 0.01944908042774318, 0.019449080427744514, 0.019449080427744514, 0.019449080427744514, 0.019449080427744514, 0.019449077201042497, 0.019448751153081867, 0.019448681656266453, 0.01944866941760881, 0.01944866941760881, 0.01944866941760881, 0.01944866941760881, 0.019448669417611253, 0.019448669417611253, 0.019448669417611253, 0.019448669417611253, 0.019448669055678325, 0.019448664133619342, 0.019448486963269618, 0.019448465540551574, 0.019448465540551574, 0.019448465540551574, 0.019448465540551574, 0.019448465540549575, 0.019448465540549575, 0.019448465540549575, 0.019448465540549575, 0.01944846477076112, 0.019448383074895048, 0.019448366728688216, 0.019448363926739987, 0.019448363926739987, 0.019448363926739987, 0.019448363926739987, 0.01944836392674043, 0.01944836392674043, 0.01944836392674043, 0.01944836392674043, 0.01944836384446469, 0.019448362719033163, 0.019448318609369464, 0.019448313314212484, 0.019448313314212484, 0.019448313314212484, 0.019448313314212484, 0.019448313314209154, 0.019448313314209154, 0.019448313314209154, 0.019448313314209154, 0.01944831312576678, 0.019448292767826558, 0.01944828874955218, 0.019448288065668562, 0.019448288065668562, 0.019448288065668562, 0.019448288065668562, 0.019448288065669006, 0.019448288065669006, 0.019448288065669006, 0.019448288065669006, 0.019448288045634365, 0.019448287770960304, 0.019448276790682728, 0.01944827547847172, 0.01944827547847172, 0.01944827547847172, 0.01944827547847172, 0.01944827547847261, 0.01944827547847261, 0.01944827547847261, 0.01944827547847261, 0.01944827543204619, 0.019448270365958642, 0.01944826936880162, 0.019448269199221713, 0.019448269199221713, 0.019448269199221713, 0.019448269199221713, 0.019448269199223045, 0.019448269199223045, 0.019448269199223045, 0.019448269199223045, 0.019448269194260792, 0.019448269126225215, 0.019448266393687907, 0.01944826606795358, 0.01944826606795358, 0.01944826606795358, 0.01944826606795358, 0.019448266067952025, 0.019448266067952025, 0.019448266067952025, 0.019448266067952025, 0.019448266056465657, 0.01944826479616779, 0.019448264548196814, 0.019448264506001456, 0.019448264506001456, 0.019448264506001456, 0.019448264506001456, 0.019448264506002122, 0.019448264506002122, 0.019448264506002122, 0.019448264506002122, 0.01944826450476711, 0.019448264487855305, 0.019448263807962718, 0.01944826372702102, 0.01944826372702102, 0.01944826372702102, 0.01944826372702102, 0.01944826372702102, 0.01944826372702102, 0.01944826372702102, 0.01944826372702102, 0.01944826372417041, 0.01944826341066319, 0.01944826334897032, 0.019448263338466054, 0.019448263338466054, 0.019448263338466054, 0.019448263338466054, 0.019448263338468275, 0.019448263338468275, 0.019448263338468275, 0.019448263338468275, 0.01944826333815919, 0.019448263333950777, 0.019448263164798973, 0.019448263144674627, 0.019448263144674627, 0.019448263144674627, 0.019448263144674627, 0.019448263144675515, 0.019448263144675515, 0.019448263144675515, 0.019448263144675515, 0.019448263143967415, 0.019448263065981353, 0.019448263050632297, 0.019448263048020165, 0.019448263048020165, 0.019448263048020165, 0.019448263048020165, 0.019448263048017944, 0.019448263048017944, 0.019448263048017944, 0.019448263048017944, 0.01944826304794134, 0.019448263046893732, 0.019448263004811395, 0.01944826299980651, 0.01944826299980651, 0.01944826299980651, 0.01944826299980651, 0.01944826299980762, 0.01944826299980762, 0.01944826299980762, 0.01944826299980762, 0.019448262999630206, 0.019448262980229725, 0.01944826297641189, 0.019448262975761743, 0.019448262975761743, 0.019448262975761743, 0.019448262975761743, 0.019448262975762187, 0.019448262975762187, 0.019448262975762187, 0.019448262975762187, 0.019448262975762187, 0.01944826297549751, 0.019448262965092278, 0.019448262963852603, 0.019448262963852603, 0.019448262963852603, 0.019448262963852603, 0.019448262963854157, 0.019448262963854157, 0.019448262963854157, 0.019448262963854157, 0.019448262963809304, 0.019448262959008256, 0.01944826295798663, 0.01944826295782609, 0.01944826295782609, 0.01944826295782609, 0.01944826295782609, 0.019448262957827867, 0.019448262957827867, 0.019448262957827867, 0.019448262957827867, 0.019448262957827867, 0.019448262957755702, 0.019448262955151785, 0.01944826295484381, 0.01944826295484381, 0.01944826295484381, 0.01944826295484381, 0.01944826295484603, 0.01944826295484603, 0.01944826295484603, 0.01944826295484603, 0.01944826295484603, 0.019448262953685402, 0.019448262953436934, 0.019448262953398743, 0.019448262953398743, 0.019448262953398743, 0.019448262953398743, 0.019448262953396744, 0.019448262953396744, 0.019448262953396744, 0.019448262953396744, 0.019448262953396744, 0.019448262953396744, 0.019448262952748374, 0.019448262952681095, 0.019448262952681095, 0.019448262952681095, 0.019448262952681095, 0.019448262952676654, 0.019448262952676654, 0.019448262952676654, 0.019448262952676654, 0.019448262952676654, 0.019448262952340922, 0.01944826295228097, 0.01944826295228097, 0.01944826295228097, 0.01944826295228097, 0.01944826295228097, 0.019448262952280082, 0.019448262952280082, 0.019448262952280082, 0.019448262952280082, 0.019448262952280082, 0.019448262952280082, 0.019448262952103113, 0.019448262952103113, 0.019448262952103113, 0.019448262952103113, 0.019448262952103113]",16,3656,0.5370892819482833,0.9806462957808588,2d33f4b11b74317e4c5fe921b98a6d7186a9cb308641f0bcbca58636d6042e1c,ff78982f7c0a0703787f4d4d317b00cfb3e5a39a29e46d5077ad927ba8f6791d,2df89739fab8b33530f176547eb23ed65b259bc7,true,3fd2b466a80460124036f52434e2df874153d4eb99bb1ac9746d92116e040e93
796ad7b3739e1ebdcce38965,pauli,rxx,,,1.5707963267948966,0.25,11,8,1e-13,0.04078906060756926,0.039645557573886436,-0.0011435030336828245,0.06263678129337341,1.0000000000000002,0.9793931485325131,"[1, 2, 4, 8, 8, 8, 8, 8, 8, 8, 4, 2, 1]","[1, 2, 4, 8, 8, 8, 8, 8, 8, 8, 4, 2, 1]",0.04121370293496951,0.04004648787159826,0.04121370293496951,0.5845740922206413,"{""input"": 0.2795760480221361, ""mpo_contract_compress"": 0.2947777188383043}",mpo_contract_compress,18,True,252,"[0.04121370293496951, 0.04007978091737052, 0.04005758904005585, 0.040050532174474185, 0.04004798608802229, 0.04004704547404825, 0.04004669567972052, 0.0400465653400075, 0.04004651674935, 0.04004649863452969, 0.040046491881978064, 0.040046489365161975, 0.04004648842717451, 0.04004648807762101, 0.04004648794736099, 0.04004648789938603, 0.04004648788115084, 0.04004648787422793, 0.04004648787159826]","[0.04121370293496951, 0.04120093791751822, 0.04109634470430157, 0.04083359828546862, 0.040439537111324864, 0.040264129758684764, 0.0401455781525939, 0.04011720048793643, 0.04011581409814258, 0.04011581409814258, 0.04011581409814258, 0.04011581409814258, 0.04011581409814147, 0.04011581409814147, 0.04011581409814147, 0.04011581409814147, 0.040115797662916286, 0.040110766231530315, 0.04009265489188074, 0.040079780917371854, 0.040079780917371854, 0.040079780917371854, 0.040079780917371854, 0.04007978091737052, 0.04007978091737052, 0.04007978091737052, 0.04007978091737052, 0.04007763557796462, 0.04007351997306263, 0.040065665609602785, 0.04006527606193511, 0.04006527606193511, 0.04006527606193511, 0.04006527606193511, 0.04006527606193355, 0.04006527606193355, 0.04006527606193355, 0.04006527606193355, 0.04006526808875588, 0.04006236152257969, 0.04006045711264905, 0.040057589040053854, 0.040057589040053854, 0.040057589040053854, 0.040057589040053854, 0.04005758904005585, 0.04005758904005585, 0.04005758904005585, 0.04005758904005585, 0.04005704525282017, 0.040056381978881284, 0.040053315397233336, 0.04005316221773714, 0.04005316221773714, 0.04005316221773714, 0.04005316221773714, 0.04005316221773869, 0.04005316221773869, 0.04005316221773869, 0.04005316221773869, 0.04005315884443861, 0.04005188063783982, 0.040051341965371634, 0.040050532174470854, 0.040050532174470854, 0.040050532174470854, 0.040050532174470854, 0.040050532174474185, 0.040050532174474185, 0.040050532174474185, 0.040050532174474185, 0.04005038155096741, 0.040050207023202944, 0.04004900686852575, 0.04004894660442848, 0.04004894660442848, 0.04004894660442848, 0.04004894660442848, 0.04004894660442626, 0.04004894660442626, 0.04004894660442626, 0.04004894660442626, 0.04004894526636171, 0.04004842980827661, 0.04004823810701863, 0.040047986088021625, 0.040047986088021625, 0.040047986088021625, 0.040047986088021625, 0.04004798608802229, 0.04004798608802229, 0.04004798608802229, 0.04004798608802229, 0.04004794078322327, 0.04004788638102519, 0.04004742476826495, 0.040047401496198676, 0.040047401496198676, 0.040047401496198676, 0.040047401496198676, 0.04004740149619801, 0.04004740149619801, 0.04004740149619801, 0.04004740149619801, 0.04004740097821613, 0.040047200086029466, 0.04004712895843321, 0.04004704547404825, 0.04004704547404825, 0.04004704547404825, 0.04004704547404825, 0.04004704547404825, 0.04004704547404825, 0.04004704547404825, 0.04004704547404825, 0.040047030926753546, 0.04004701264053412, 0.040046837093545395, 0.04004682822025751, 0.04004682822025751, 0.04004682822025751, 0.04004682822025751, 0.0400468282202584, 0.0400468282202584, 0.0400468282202584, 0.0400468282202584, 0.04004682802242154, 0.040046751066117325, 0.04004672448225266, 0.04004669567971719, 0.04004669567971719, 0.04004669567971719, 0.04004669567971719, 0.04004669567972052, 0.04004669567972052, 0.04004669567972052, 0.04004669567972052, 0.04004669078085055, 0.04004668438482817, 0.040046618099892184, 0.04004661474417337, 0.04004661474417337, 0.04004661474417337, 0.04004661474417337, 0.04004661474417448, 0.04004661474417448, 0.04004661474417448, 0.04004661474417448, 0.04004661466926063, 0.04004658548574214, 0.04004657554461866, 0.04004656534000617, 0.04004656534000617, 0.04004656534000617, 0.04004656534000617, 0.0400465653400075, 0.0400465653400075, 0.0400465653400075, 0.0400465653400075, 0.040046563634450916, 0.04004656134470164, 0.04004653643129141, 0.04004653516888701, 0.04004653516888701, 0.04004653516888701, 0.04004653516888701, 0.0400465351688859, 0.0400465351688859, 0.0400465351688859, 0.0400465351688859, 0.040046535140677575, 0.04004652414323173, 0.04004652042838086, 0.04004651674935045, 0.04004651674935045, 0.04004651674935045, 0.04004651674935045, 0.04004651674935, 0.04004651674935, 0.04004651674935, 0.04004651674935, 0.04004651614186994, 0.0400465153102878, 0.04004650597474857, 0.040046505501452945, 0.040046505501452945, 0.040046505501452945, 0.040046505501452945, 0.04004650550145494, 0.04004650550145494, 0.04004650550145494, 0.04004650550145494, 0.04004650549087163, 0.040046501363281806, 0.04004649997619958, 0.04004649863452947, 0.04004649863452947, 0.04004649863452947, 0.04004649863452947, 0.04004649863452969, 0.04004649863452969, 0.04004649863452969, 0.04004649863452969, 0.040046498414805454, 0.040046498110023476, 0.04004649461873311, 0.04004649444167763, 0.04004649444167763, 0.04004649444167763, 0.04004649444167763, 0.040046494441676295, 0.040046494441676295, 0.040046494441676295, 0.040046494441676295, 0.040046494437716795, 0.04004649289254547, 0.04004649237495461, 0.04004649188197984, 0.04004649188197984, 0.04004649188197984, 0.04004649188197984, 0.040046491881978064, 0.040046491881978064, 0.040046491881978064, 0.040046491881978064, 0.04004649180168518, 0.04004649168931951, 0.040046490385335254, 0.04004649031919416, 0.04004649031919416, 0.04004649031919416, 0.04004649031919416, 0.040046490319196604, 0.040046490319196604, 0.040046490319196604, 0.040046490319196604, 0.040046490317713346, 0.04004648974023972, 0.04004648954719148, 0.040046489365160864, 0.040046489365160864, 0.040046489365160864, 0.040046489365160864, 0.040046489365161975, 0.040046489365161975, 0.040046489365161975, 0.040046489365161975, 0.04004648933561872, 0.040046489294035315, 0.040046488807410796, 0.04004648878272654, 0.04004648878272654, 0.04004648878272654, 0.04004648878272654, 0.04004648878272565, 0.04004648878272565, 0.04004648878272565, 0.04004648878272565, 0.040046488782174317, 0.04004648856658721, 0.04004648849460635, 0.04004648842717362, 0.04004648842717362, 0.04004648842717362, 0.04004648842717362, 0.04004648842717451, 0.04004648842717451, 0.04004648842717451, 0.04004648842717451, 0.04004648841625613, 0.04004648840082892, 0.040046488219327436, 0.04004648821012102, 0.04004648821012102, 0.04004648821012102, 0.04004648821012102, 0.04004648821012191, 0.04004648821012191, 0.04004648821012191, 0.04004648821012191, 0.04004648820991519, 0.04004648812948486, 0.04004648810265299, 0.04004648807762079, 0.04004648807762079, 0.04004648807762079, 0.04004648807762079, 0.04004648807762101, 0.04004648807762101, 0.04004648807762101, 0.04004648807762101, 0.04004648807357358, 0.04004648806784039, 0.0400464880001683, 0.04004648799673616, 0.04004648799673616, 0.04004648799673616, 0.04004648799673616, 0.040046487996735936, 0.040046487996735936, 0.040046487996735936, 0.040046487996735936, 0.040046487996657776, 0.040046487966664435, 0.04004648795666377, 0.040046487947358766, 0.040046487947358766, 0.040046487947358766, 0.040046487947358766, 0.04004648794736099, 0.04004648794736099, 0.04004648794736099, 0.04004648794736099, 0.04004648794585708, 0.04004648794372523, 0.04004648791849852, 0.04004648791721932, 0.04004648791721932, 0.04004648791721932, 0.04004648791721932, 0.04004648791721954, 0.04004648791721954, 0.04004648791721954, 0.04004648791721954, 0.04004648791721954, 0.04004648790641552, 0.040046487902798855, 0.04004648789938381, 0.04004648789938381, 0.04004648789938381, 0.04004648789938381, 0.04004648789938603, 0.04004648789938603, 0.04004648789938603, 0.04004648789938603, 0.04004648789883203, 0.04004648789805265, 0.04004648788839438, 0.04004648788793275, 0.04004648788793275, 0.04004648788793275, 0.04004648788793275, 0.04004648788793164, 0.04004648788793164, 0.04004648788793164, 0.04004648788793164, 0.04004648788793164, 0.04004648788379783, 0.04004648788242471, 0.040046487881150394, 0.040046487881150394, 0.040046487881150394, 0.040046487881150394, 0.04004648788115084, 0.04004648788115084, 0.04004648788115084, 0.04004648788115084, 0.04004648788094611, 0.04004648788065457, 0.04004648787697884, 0.040046487876803205, 0.040046487876803205, 0.040046487876803205, 0.040046487876803205, 0.04004648787680232, 0.04004648787680232, 0.04004648787680232, 0.04004648787680232, 0.04004648787680232, 0.040046487875228465, 0.04004648787470777, 0.04004648787422771, 0.04004648787422771, 0.04004648787422771, 0.04004648787422771, 0.04004648787422793, 0.04004648787422793, 0.04004648787422793, 0.04004648787422793, 0.040046487874151326, 0.040046487874041636, 0.040046487872644976, 0.040046487872577696, 0.040046487872577696, 0.040046487872577696, 0.040046487872577696, 0.040046487872577474, 0.040046487872577474, 0.040046487872577474, 0.040046487872577474, 0.040046487872577474, 0.04004648787197729, 0.040046487871779224, 0.0400464878715987, 0.0400464878715987, 0.0400464878715987, 0.0400464878715987]",16,3656,0.5801829849369824,0.9603544424261138,2d33f4b11b74317e4c5fe921b98a6d7186a9cb308641f0bcbca58636d6042e1c,ff78982f7c0a0703787f4d4d317b00cfb3e5a39a29e46d5077ad927ba8f6791d,2df89739fab8b33530f176547eb23ed65b259bc7,true,3fd2b466a80460124036f52434e2df874153d4eb99bb1ac9746d92116e040e93
49417e48192b3d7d168407c5,pauli,rxx,,,0.0,0.0,22,8,1e-13,0.0,0.0,0.0,9.366781106062964e-16,0.9999999999999996,1.0000000000000033,"[1, 2, 4, 8, 8, 8, 8, 8, 8, 8, 4, 2, 1]","[1, 2, 4, 8, 8, 8, 8, 8, 8, 8, 4, 2, 1]",0.0,0.0,0.0,0.0,"{""input"": 0.005275595933198929, ""mpo_contract_compress"": 0.005252982955425978}",mpo_contract_compress,0,True,0,[0.0],[0.0],8,936,0.015103451209142804,1.0,2d33f4b11b74317e4c5fe921b98a6d7186a9cb308641f0bcbca58636d6042e1c,ff78982f7c0a0703787f4d4d317b00cfb3e5a39a29e46d5077ad927ba8f6791d,2df89739fab8b33530f176547eb23ed65b259bc7,true,3fd2b466a80460124036f52434e2df874153d4eb99bb1ac9746d92116e040e93
abc6fd7a6cab8786bb6efa55,pauli,rxx,,,0.0006283185307179586,0.0001,22,8,1e-13,5.771226274653429e-08,5.7711937340165775e-08,-3.254063685176334e-13,5.737001791200024e-07,1.0000000000000002,0.9999999711438714,"[1, 2, 4, 8, 8, 8, 8, 8, 8, 8, 4, 2, 1]","[1, 2, 4, 8, 8, 8, 8, 8, 8, 8, 4, 2, 1]",9.476169338107354e-08,5.771193789527729e-08,5.771226407880192e-08,9.476169338107354e-08,"{""input"": 0.04220395884476602, ""mpo_contract_compress"": 0.04123649396933615}",input,2,True,37,"[9.476169338107354e-08, 5.771193789527729e-08, 5.771193789527729e-08]","[9.476169338107354e-08, 7.445065608457924e-08, 7.389619893771737e-08, 7.228046094986951e-08, 7.145439129274678e-08, 6.916224637443236e-08, 6.526549545249338e-08, 6.146156317221596e-08, 5.771193900550031e-08, 5.771193900550031e-08, 5.771193900550031e-08, 5.771193900550031e-08, 5.771193745118808e-08, 5.771193745118808e-08, 5.771193745118808e-08, 5.771193745118808e-08, 5.771193745118808e-08, 5.771193745118808e-08, 5.771193745118808e-08, 5.771193745118808e-08, 5.771193745118808e-08, 5.771193745118808e-08, 5.771193745118808e-08, 5.771193789527729e-08, 5.771193789527729e-08, 5.771193789527729e-08, 5.771193789527729e-08, 5.771193789527729e-08, 5.771193789527729e-08, 5.771193789527729e-08, 5.771193789527729e-08, 5.771193789527729e-08, 5.771193789527729e-08, 5.771193789527729e-08, 5.771193989367873e-08, 5.771193989367873e-08, 5.771193989367873e-08, 5.771193989367873e-08, 5.771193989367873e-08, 5.771193989367873e-08, 5.771193989367873e-08, 5.771193989367873e-08, 5.771193989367873e-08, 5.771193989367873e-08, 5.771193989367873e-08]",16,3656,0.08930464484728873,0.9999999422880627,2d33f4b11b74317e4c5fe921b98a6d7186a9cb308641f0bcbca58636d6042e1c,ff78982f7c0a0703787f4d4d317b00cfb3e5a39a29e46d5077ad927ba8f6791d,2df89739fab8b33530f176547eb23ed65b259bc7,true,3fd2b466a80460124036f52434e2df874153d4eb99bb1ac9746d92116e040e93
49b44637b453808452ec1e7a,pauli,rxx,,,0.001986917653053424,0.000316227766,22,8,1e-13,5.771308040358747e-07,5.770980893160527e-07,-3.271471982202456e-11,5.719938826696317e-06,0.9999999999999997,0.999999711434557,"[1, 2, 4, 8, 8, 8, 8, 8, 8, 8, 4, 2, 1]","[1, 2, 4, 8, 8, 8, 8, 8, 8, 8, 4, 2, 1]",9.476168416622244e-07,5.770981721386903e-07,5.771308897450922e-07,9.476168416622244e-07,"{""input"": 0.039800948929041624, ""mpo_contract_compress"": 0.0405464549548924}",input,2,True,34,"[9.476168416622244e-07, 5.770981725827795e-07, 5.770981721386903e-07]","[9.476168416622244e-07, 7.445064567068727e-07, 7.389618839059864e-07, 7.228045093565783e-07, 7.145394087526569e-07, 6.916159487335705e-07, 6.526424221053873e-07, 6.145977182736573e-07, 5.770982558495064e-07, 5.770982558495064e-07, 5.770982558495064e-07, 5.770982558495064e-07, 5.770982554054171e-07, 5.770982554054171e-07, 5.770982554054171e-07, 5.770982554054171e-07, 5.770982554054171e-07, 5.770982554054171e-07, 5.770982263175739e-07, 5.770981712505119e-07, 5.770981712505119e-07, 5.770981712505119e-07, 5.770981712505119e-07, 5.770981725827795e-07, 5.770981725827795e-07, 5.770981725827795e-07, 5.770981725827795e-07, 5.770981725827795e-07, 5.770981725827795e-07, 5.770981725827795e-07, 5.770981725827795e-07, 5.770981725827795e-07, 5.770981725827795e-07, 5.770981725827795e-07, 5.770981721386903e-07, 5.770981721386903e-07, 5.770981721386903e-07, 5.770981721386903e-07, 5.770981721386903e-07, 5.770981721386903e-07, 5.770981721386903e-07, 5.770981721386903e-07, 5.770981721386903e-07, 5.770981721386903e-07, 5.770981721386903e-07]",16,3656,0.08640961721539497,0.9999994229019116,2d33f4b11b74317e4c5fe921b98a6d7186a9cb308641f0bcbca58636d6042e1c,ff78982f7c0a0703787f4d4d317b00cfb3e5a39a29e46d5077ad927ba8f6791d,2df89739fab8b33530f176547eb23ed65b259bc7,true,3fd2b466a80460124036f52434e2df874153d4eb99bb1ac9746d92116e040e93
4e714020e33aefaffad321df,pauli,rxx,,,0.006283185307179587,0.001,22,8,1e-13,5.773564066169357e-06,5.7702759814759474e-06,-3.2880846934091323e-09,5.7341849268951475e-05,0.9999999999999997,0.9999971132138036,"[1, 2, 4, 8, 8, 8, 8, 8, 8, 8, 4, 2, 1]","[1, 2, 4, 8, 8, 8, 8, 8, 8, 8, 4, 2, 1]",9.476160554022783e-06,5.770284307038409e-06,5.773572399947469e-06,9.476160554022783e-06,"{""input"": 0.04010295611806214, ""mpo_contract_compress"": 0.039945377968251705}",input,2,True,33,"[9.476160554022783e-06, 5.770284307038409e-06, 5.770284307038409e-06]","[9.476160554022783e-06, 7.445054975629972e-06, 7.389609223862337e-06, 7.228035442174985e-06, 7.145243244854882e-06, 6.9159414315400625e-06, 6.526012777063883e-06, 6.1453922670651195e-06, 5.770292836881907e-06, 5.770292836881907e-06, 5.770292836881907e-06, 5.770292836881907e-06, 5.770292836881907e-06, 5.770292836881907e-06, 5.770292836881907e-06, 5.770292836881907e-06, 5.770292728080051e-06, 5.770292257789578e-06, 5.7702898417222315e-06, 5.770284307260454e-06, 5.770284307260454e-06, 5.770284307260454e-06, 5.770284307260454e-06, 5.770284307038409e-06, 5.770284307038409e-06, 5.770284307038409e-06, 5.770284307038409e-06, 5.770284307038409e-06, 5.770284307038409e-06, 5.770284307038409e-06, 5.770284307038409e-06, 5.770284307038409e-06, 5.770284307038409e-06, 5.770284307038409e-06, 5.770284308370677e-06, 5.770284308370677e-06, 5.770284308370677e-06, 5.770284308370677e-06, 5.770284308370677e-06, 5.770284308370677e-06, 5.770284308370677e-06, 5.770284308370677e-06, 5.770284308370677e-06, 5.770284308370677e-06, 5.770284308370677e-06]",16,3656,0.0858692538458854,0.9999942297240179,2d33f4b11b74317e4c5fe921b98a6d7186a9cb308641f0bcbca58636d6042e1c,ff78982f7c0a0703787f4d4d317b00cfb3e5a39a29e46d5077ad927ba8f6791d,2df89739fab8b33530f176547eb23ed65b259bc7,true,3fd2b466a80460124036f52434e2df874153d4eb99bb1ac9746d92116e040e93
7b8a1b24bd759372fd3e0ebb,pauli,rxx,,,0.019869176530534244,0.00316227766,22,8,1e-13,5.80174925859378e-05,5.767725886962616e-05,-3.4023371631164423e-07,0.0005836501994273482,0.9999999999999996,0.999970990832945,"[1, 2, 4, 8, 8, 8, 8, 8, 8, 8, 4, 2, 1]","[1, 2, 4, 8, 8, 8, 8, 8, 8, 8, 4, 2, 1]",5.8018334117004855e-05,5.7678090557899964e-05,5.8018334117004855e-05,9.476082019821419e-05,"{""input"": 0.05587719404138625, ""mpo_contract_compress"": 0.04011363396421075}",mpo_contract_compress,2,True,35,"[5.8018334117004855e-05, 5.767809055901019e-05, 5.7678090557899964e-05]","[5.8018334117004855e-05, 5.8016724621356985e-05, 5.797434096588283e-05, 5.768192282662454e-05, 5.7678477597855604e-05, 5.7678163476015953e-05, 5.767809832724069e-05, 5.7678092013180304e-05, 5.767809060674978e-05, 5.767809060674978e-05, 5.767809060674978e-05, 5.767809060674978e-05, 5.7678090608082044e-05, 5.7678090608082044e-05, 5.7678090608082044e-05, 5.7678090608082044e-05, 5.7678090608082044e-05, 5.7678090608082044e-05, 5.7678090608082044e-05, 5.767809055878814e-05, 5.767809055878814e-05, 5.767809055878814e-05, 5.767809055878814e-05, 5.767809055901019e-05, 5.767809055901019e-05, 5.767809055901019e-05, 5.767809055901019e-05, 5.767809055901019e-05, 5.767809055901019e-05, 5.767809055901019e-05, 5.767809055901019e-05, 5.767809055901019e-05, 5.767809055901019e-05, 5.767809055901019e-05, 5.767809055812201e-05, 5.767809055812201e-05, 5.767809055812201e-05, 5.767809055812201e-05, 5.767809055812201e-05, 5.767809055812201e-05, 5.767809055812201e-05, 5.767809055812201e-05, 5.767809055812201e-05, 5.767809055812201e-05, 5.767809055812201e-05]",16,3656,0.10184313589707017,0.9999423227411307,2d33f4b11b74317e4c5fe921b98a6d7186a9cb308641f0bcbca58636d6042e1c,ff78982f7c0a0703787f4d4d317b00cfb3e5a39a29e46d5077ad927ba8f6791d,2df89739fab8b33530f176547eb23ed65b259bc7,true,3fd2b466a80460124036f52434e2df874153d4eb99bb1ac9746d92116e040e93
acd811d3d369ad962aa3397d,pauli,rxx,,,0.06283185307179587,0.01,22,8,1e-13,0.0006106509831393936,0.0005756429168555233,-3.500806628387032e-05,0.0059646229928334476,0.9999999999999998,0.9996946278823692,"[1, 2, 4, 8, 8, 8, 8, 8, 8, 8, 4, 2, 1]","[1, 2, 4, 8, 8, 8, 8, 8, 8, 8, 4, 2, 1]",0.0009475296686514145,0.000575725781899461,0.0006107442352707437,0.0009475296686514145,"{""input"": 0.055292826844379306, ""mpo_contract_compress"": 0.055598277132958174}",input,3,True,47,"[0.0009475296686514145, 0.0005757259188194919, 0.000575725781899683, 0.000575725781899461]","[0.0009475296686514145, 0.0007444001933092359, 0.0007388553882474724, 0.0007226974268346176, 0.0007142110987619077, 0.0006911417141788334, 0.0006518465073457325, 0.0006135040550612203, 0.0005758129712467586, 0.0005758129712467586, 0.0005758129712467586, 0.0005758129712467586, 0.0005758129712452043, 0.0005758129712452043, 0.0005758129712452043, 0.0005758129712452043, 0.0005758118110941179, 0.0005758070260601933, 0.0005757801194374856, 0.0005757259188188257, 0.0005757259188188257, 0.0005757259188188257, 0.0005757259188188257, 0.0005757259188194919, 0.0005757259188194919, 0.0005757259188194919, 0.0005757259188194919, 0.0005757258849756752, 0.0005757258324696757, 0.0005757257978757924, 0.0005757257823197914, 0.0005757257823197914, 0.0005757257823197914, 0.0005757257823197914, 0.0005757257823206796, 0.0005757257823206796, 0.0005757257823206796, 0.0005757257823206796, 0.0005757257823206796, 0.0005757257822940343, 0.0005757257821701334, 0.0005757257819007933, 0.0005757257819007933, 0.0005757257819007933, 0.0005757257819007933, 0.000575725781899683, 0.000575725781899683, 0.000575725781899683, 0.000575725781899683, 0.000575725781899683, 0.000575725781899683, 0.000575725781899683, 0.000575725781899683, 0.000575725781899683, 0.000575725781899683, 0.000575725781899683, 0.0005757257819016814, 0.0005757257819016814, 0.0005757257819016814, 0.0005757257819016814, 0.0005757257819016814, 0.0005757257819016814, 0.0005757257819016814, 0.0005757257819016814, 0.0005757257819016814, 0.0005757257819016814, 0.0005757257819016814]",16,3656,0.11673817806877196,0.9994243570831438,2d33f4b11b74317e4c5fe921b98a6d7186a9cb308641f0bcbca58636d6042e1c,ff78982f7c0a0703787f4d4d317b00cfb3e5a39a29e46d5077ad927ba8f6791d,2df89739fab8b33530f176547eb23ed65b259bc7,true,3fd2b466a80460124036f52434e2df874153d4eb99bb1ac9746d92116e040e93
4285acf3f07f30da8bf01e11,pauli,rxx,,,0.6283185307179586,0.1,22,8,1e-13,0.03529606141045394,0.03433796239446851,-0.0009580990159854252,0.0474202439887951,1.0000000000000002,0.9821934323693836,"[1, 2, 4, 8, 8, 8, 8, 8, 8, 8, 4, 2, 1]","[1, 2, 4, 8, 8, 8, 8, 8, 8, 8, 4, 2, 1]",0.03561313526123522,0.0346379085720272,0.03561313526123522,0.09388866560870746,"{""input"": 0.23193105193786323, ""mpo_contract_compress"": 0.21356804482638836}",mpo_contract_compress,13,True,180,"[0.03561313526123522, 0.03465564958849132, 0.03464180014643703, 0.034638774996387234, 0.03463810018617264, 0.03463795072003184, 0.034637917814894115, 0.03463791059570909, 0.03463790901463448, 0.03463790866866168, 0.03463790859298488, 0.034637908576433896, 0.03463790857282456, 0.0346379085720272]","[0.03561313526123522, 0.035586157818405795, 0.03542513440402639, 0.035104987786803044, 0.034916017692699475, 0.03480050669621493, 0.03474334709405058, 0.03469879315984237, 0.03467925601856581, 0.03467925601856581, 0.03467925601856581, 0.03467925601856581, 0.03467925601856381, 0.03467925601856381, 0.03467925601856381, 0.03467925601856381, 0.03467590450720848, 0.03466437195546468, 0.034659805341980876, 0.03465564958848977, 0.03465564958848977, 0.03465564958848977, 0.03465564958848977, 0.03465564958849132, 0.03465564958849132, 0.03465564958849132, 0.03465564958849132, 0.03465556414707627, 0.034655210900536026, 0.03465053741054103, 0.03464616324218395, 0.03464616324218395, 0.03464616324218395, 0.03464616324218395, 0.034646163242184835, 0.034646163242184835, 0.034646163242184835, 0.034646163242184835, 0.03464536935692819, 0.03464330166966678, 0.03464252715501637, 0.03464180014643636, 0.03464180014643636, 0.03464180014643636, 0.03464180014643636, 0.03464180014643703, 0.03464180014643703, 0.03464180014643703, 0.03464180014643703, 0.0346417820415057, 0.03464169815910356, 0.03464069052593999, 0.03463974590723806, 0.03463974590723806, 0.03463974590723806, 0.03463974590723806, 0.034639745907237396, 0.034639745907237396, 0.034639745907237396, 0.034639745907237396, 0.034639577342556294, 0.034639140244978606, 0.03463895114779225, 0.034638774996387456, 0.034638774996387456, 0.034638774996387456, 0.034638774996387456, 0.034638774996387234, 0.034638774996387234, 0.034638774996387234, 0.034638774996387234, 0.03463877069410204, 0.034638747892675736, 0.03463852053562699, 0.03463831636209269, 0.03463831636209269, 0.03463831636209269, 0.03463831636209269, 0.034638316362086696, 0.034638316362086696, 0.034638316362086696, 0.034638316362086696, 0.03463828057425711, 0.03463818578612465, 0.03463814131459242, 0.034638100186175746, 0.034638100186175746, 0.034638100186175746, 0.034638100186175746, 0.03463810018617264, 0.03463810018617264, 0.03463810018617264, 0.03463810018617264, 0.034638099184400195, 0.03463809359273973, 0.03463804274293025, 0.034637998484673416, 0.034637998484673416, 0.034637998484673416, 0.034637998484673416, 0.03463799848467519, 0.03463799848467519, 0.03463799848467519, 0.03463799848467519, 0.03463799082033292, 0.034637970168702514, 0.034637960050709626, 0.03463795072003051, 0.03463795072003051, 0.03463795072003051, 0.03463795072003051, 0.03463795072003184, 0.03463795072003184, 0.03463795072003184, 0.03463795072003184, 0.0346379504923684, 0.034637949196324014, 0.034637937928654106, 0.03463792831476109, 0.03463792831476109, 0.03463792831476109, 0.03463792831476109, 0.03463792831475976, 0.03463792831475976, 0.03463792831475976, 0.03463792831475976, 0.03463792666206955, 0.034637922156729006, 0.03463791989670484, 0.03463791781489145, 0.03463791781489145, 0.03463791781489145, 0.03463791781489145, 0.034637917814894115, 0.034637917814894115, 0.034637917814894115, 0.034637917814894115, 0.034637917763984616, 0.034637917471914026, 0.03463791498923374, 0.03463791289753648, 0.03463791289753648, 0.03463791289753648, 0.03463791289753648, 0.03463791289753693, 0.03463791289753693, 0.03463791289753693, 0.03463791289753693, 0.03463791253949999, 0.034637911555956524, 0.03463791105601177, 0.0346379105957082, 0.0346379105957082, 0.0346379105957082, 0.0346379105957082, 0.03463791059570909, 0.03463791059570909, 0.03463791059570909, 0.03463791059570909, 0.03463791058443211, 0.03463791051953313, 0.034637909974237324, 0.034637909518569154, 0.034637909518569154, 0.034637909518569154, 0.034637909518569154, 0.0346379095185676, 0.0346379095185676, 0.0346379095185676, 0.0346379095185676, 0.0346379094407665, 0.03463790922595167, 0.03463790911592213, 0.03463790901463781, 0.03463790901463781, 0.03463790901463781, 0.03463790901463781, 0.03463790901463448, 0.03463790901463448, 0.03463790901463448, 0.03463790901463448, 0.03463790901215025, 0.03463790899783192, 0.03463790887827489, 0.03463790877890949, 0.03463790877890949, 0.03463790877890949, 0.03463790877890949, 0.03463790877891193, 0.03463790877891193, 0.03463790877891193, 0.03463790877891193, 0.03463790876196993, 0.03463790871503747, 0.03463790869088834, 0.03463790866866101, 0.03463790866866101, 0.03463790866866101, 0.03463790866866101, 0.03463790866866168, 0.03463790866866168, 0.03463790866866168, 0.03463790866866168, 0.034637908668115225, 0.03463790866496841, 0.03463790863878291, 0.0346379086170987, 0.0346379086170987, 0.0346379086170987, 0.0346379086170987, 0.034637908617098034, 0.034637908617098034, 0.034637908617098034, 0.034637908617098034, 0.03463790861340521, 0.03463790860314875, 0.03463790859785587, 0.03463790859298532, 0.03463790859298532, 0.03463790859298532, 0.03463790859298532, 0.03463790859298488, 0.03463790859298488, 0.03463790859298488, 0.03463790859298488, 0.034637908592864086, 0.03463790859217397, 0.034637908586442334, 0.03463790858170879, 0.03463790858170879, 0.03463790858170879, 0.03463790858170879, 0.03463790858170834, 0.03463790858170834, 0.03463790858170834, 0.03463790858170834, 0.03463790858090188, 0.03463790857865989, 0.03463790857750104, 0.034637908576433674, 0.034637908576433674, 0.034637908576433674, 0.034637908576433674, 0.034637908576433896, 0.034637908576433896, 0.034637908576433896, 0.034637908576433896, 0.034637908576433896, 0.03463790857626248, 0.034637908575018805, 0.034637908573989185, 0.034637908573989185, 0.034637908573989185, 0.034637908573989185, 0.034637908573991405, 0.034637908573991405, 0.034637908573991405, 0.034637908573991405, 0.034637908573813325, 0.03463790857332594, 0.03463790857305393, 0.03463790857282145, 0.03463790857282145, 0.03463790857282145, 0.03463790857282145, 0.03463790857282456, 0.03463790857282456, 0.03463790857282456, 0.03463790857282456, 0.03463790857282456, 0.034637908572785925, 0.03463790857251059, 0.034637908572285214, 0.034637908572285214, 0.034637908572285214, 0.034637908572285214, 0.03463790857228388, 0.03463790857228388, 0.03463790857228388, 0.03463790857228388, 0.03463790857224547, 0.03463790857214044, 0.034637908572078935, 0.0346379085720272, 0.0346379085720272, 0.0346379085720272, 0.0346379085720272]",16,3656,0.451451611937955,0.9656620376055303,2d33f4b11b74317e4c5fe921b98a6d7186a9cb308641f0bcbca58636d6042e1c,ff78982f7c0a0703787f4d4d317b00cfb3e5a39a29e46d5077ad927ba8f6791d,2df89739fab8b33530f176547eb23ed65b259bc7,true,3fd2b466a80460124036f52434e2df874153d4eb99bb1ac9746d92116e040e93
75a4098b75728b65037d0311,pauli,rxx,,,1.5707963267948966,0.25,22,8,1e-13,0.0815336142719707,0.07763949813470805,-0.0038941161372626487,0.11455619710578568,1.0000000000000002,0.9583665195153832,"[1, 2, 4, 8, 8, 8, 8, 8, 8, 8, 4, 2, 1]","[1, 2, 4, 8, 8, 8, 8, 8, 8, 8, 4, 2, 1]",0.08326696096923425,0.07920797391774825,0.08326696096923425,0.5578742688859029,"{""input"": 0.21547078993171453, ""mpo_contract_compress"": 0.18705583619885147}",mpo_contract_compress,11,True,150,"[0.08326696096923425, 0.07934211447158246, 0.07922052032698801, 0.07920930754216582, 0.07920813097410973, 0.07920799415593516, 0.07920797678975289, 0.0792079743716303, 0.07920797399740898, 0.07920797393267787, 0.07920797392029955, 0.07920797391774825]","[0.08326696096923425, 0.08321001995118626, 0.08297381333609621, 0.0823329806948021, 0.08108179932347337, 0.08035379685594113, 0.07979760939662661, 0.07967642564264787, 0.0796584762038346, 0.0796584762038346, 0.0796584762038346, 0.0796584762038346, 0.07965847620383526, 0.07965847620383526, 0.07965847620383526, 0.07965847620383526, 0.07965768827163955, 0.07965326108588844, 0.07953479169730038, 0.07934211447158313, 0.07934211447158313, 0.07934211447158313, 0.07934211447158313, 0.07934211447158246, 0.07934211447158246, 0.07934211447158246, 0.07934211447158246, 0.07931366272565121, 0.07926230511586208, 0.07925059512289145, 0.07924809340186068, 0.07924809340186068, 0.07924809340186068, 0.07924809340186068, 0.07924809340186179, 0.07924809340186179, 0.07924809340186179, 0.07924809340186179, 0.07924797886489077, 0.0792472023473223, 0.07923740915581079, 0.07922052032698845, 0.07922052032698845, 0.07922052032698845, 0.07922052032698845, 0.07922052032698801, 0.07922052032698801, 0.07922052032698801, 0.07922052032698801, 0.07921781227805758, 0.07921372021356987, 0.07921247039444301, 0.0792119987240345, 0.0792119987240345, 0.0792119987240345, 0.0792119987240345, 0.07921199872403362, 0.07921199872403362, 0.07921199872403362, 0.07921199872403362, 0.07921196173547185, 0.07921177641924593, 0.07921097080857797, 0.07920930754216693, 0.07920930754216693, 0.07920930754216693, 0.07920930754216693, 0.07920930754216582, 0.07920930754216582, 0.07920930754216582, 0.07920930754216582, 0.07920903233151999, 0.07920867660489739, 0.07920850917196942, 0.07920842615557011, 0.07920842615557011, 0.07920842615557011, 0.07920842615557011, 0.07920842615557144, 0.07920842615557144, 0.07920842615557144, 0.07920842615557144, 0.07920841775159615, 0.0792083822327534, 0.07920830703620507, 0.07920813097410839, 0.07920813097410839, 0.07920813097410839, 0.07920813097410839, 0.07920813097410973, 0.07920813097410973, 0.07920813097410973, 0.07920813097410973, 0.07920810123137012, 0.07920806704748307, 0.07920804328548403, 0.0792080296531188, 0.0792080296531188, 0.0792080296531188, 0.0792080296531188, 0.07920802965312057, 0.07920802965312057, 0.07920802965312057, 0.07920802965312057, 0.07920802805140381, 0.07920802198700794, 0.0792080142117515, 0.07920799415593405, 0.07920799415593405, 0.07920799415593405, 0.07920799415593405, 0.07920799415593516, 0.07920799415593516, 0.07920799415593516, 0.07920799415593516, 0.07920799072369222, 0.07920798715714938, 0.0792079836568762, 0.07920798144402164, 0.07920798144402164, 0.07920798144402164, 0.07920798144402164, 0.0792079814440203, 0.0792079814440203, 0.0792079814440203, 0.0792079814440203, 0.07920798115389793, 0.0792079801353558, 0.07920797924414757, 0.07920797678975111, 0.07920797678975111, 0.07920797678975111, 0.07920797678975111, 0.07920797678975289, 0.07920797678975289, 0.07920797678975289, 0.07920797678975289, 0.0792079763651996, 0.07920797596133511, 0.07920797541445856, 0.0792079750437793, 0.0792079750437793, 0.0792079750437793, 0.0792079750437793, 0.07920797504377952, 0.07920797504377952, 0.07920797504377952, 0.07920797504377952, 0.07920797499072241, 0.0792079748133554, 0.07920797469594443, 0.07920797437162852, 0.07920797437162852, 0.07920797437162852, 0.07920797437162852, 0.0792079743716303, 0.0792079743716303, 0.0792079743716303, 0.0792079743716303, 0.07920797431489546, 0.0792079742640246, 0.07920797417137093, 0.07920797410565128, 0.07920797410565128, 0.07920797410565128, 0.07920797410565128, 0.07920797410565461, 0.07920797410565461, 0.07920797410565461, 0.07920797410565461, 0.07920797409558777, 0.07920797406279734, 0.07920797404420421, 0.0792079739974072, 0.0792079739974072, 0.0792079739974072, 0.0792079739974072, 0.07920797399740898, 0.07920797399740898, 0.07920797399740898, 0.07920797399740898, 0.07920797398913759, 0.07920797398170754, 0.07920797396455459, 0.07920797395212276, 0.07920797395212276, 0.07920797395212276, 0.07920797395212276, 0.07920797395212187, 0.07920797395212187, 0.07920797395212187, 0.07920797395212187, 0.07920797395012658, 0.07920797394366885, 0.07920797394012791, 0.07920797393267631, 0.07920797393267631, 0.07920797393267631, 0.07920797393267631, 0.07920797393267787, 0.07920797393267787, 0.07920797393267787, 0.07920797393267787, 0.07920797393135337, 0.07920797393006307, 0.07920797392662848, 0.07920797392413159, 0.07920797392413159, 0.07920797392413159, 0.07920797392413159, 0.07920797392413248, 0.07920797392413248, 0.07920797392413248, 0.07920797392413248, 0.07920797392372081, 0.07920797392238033, 0.07920797392161139, 0.07920797392030066, 0.07920797392030066, 0.07920797392030066, 0.07920797392030066, 0.07920797392029955, 0.07920797392029955, 0.07920797392029955, 0.07920797392029955, 0.07920797392006929, 0.07920797391980883, 0.07920797391907874, 0.07920797391855294, 0.07920797391855294, 0.07920797391855294, 0.07920797391855294, 0.07920797391855294, 0.07920797391855294, 0.07920797391855294, 0.07920797391855294, 0.0792079739184659, 0.07920797391817547, 0.07920797391799761, 0.0792079739177467, 0.0792079739177467, 0.0792079739177467, 0.0792079739177467]",16,3656,0.40846578613854945,0.9223605018652923,2d33f4b11b74317e4c5fe921b98a6d7186a9cb308641f0bcbca58636d6042e1c,ff78982f7c0a0703787f4d4d317b00cfb3e5a39a29e46d5077ad927ba8f6791d,2df89739fab8b33530f176547eb23ed65b259bc7,true,3fd2b466a80460124036f52434e2df874153d4eb99bb1ac9746d92116e040e93
27470e590b60c0023cab04f3,pauli,rxx,,,0.0,0.0,33,8,1e-13,2.220446049250313e-16,0.0,-2.220446049250313e-16,3.3370765691034825e-15,1.0,1.0000000000000004,"[1, 2, 4, 8, 8, 8, 8, 8, 8, 8, 4, 2, 1]","[1, 2, 4, 8, 8, 8, 8, 8, 8, 8, 4, 2, 1]",0.0,0.0,2.220446049250313e-16,0.0,"{""input"": 0.0052834011148661375, ""mpo_contract_compress"": 0.005280135199427605}",input,0,True,0,[0.0],[0.0],8,936,0.015128438826650381,1.0,2d33f4b11b74317e4c5fe921b98a6d7186a9cb308641f0bcbca58636d6042e1c,ff78982f7c0a0703787f4d4d317b00cfb3e5a39a29e46d5077ad927ba8f6791d,2df89739fab8b33530f176547eb23ed65b259bc7,true,3fd2b466a80460124036f52434e2df874153d4eb99bb1ac9746d92116e040e93
33579eace0fc6bedfee69530,pauli,rxx,,,0.0006283185307179586,0.0001,33,8,1e-13,6.667117491421237e-08,6.667113183755902e-08,-4.3076653355456074e-14,2.0777846692560893e-07,0.9999999999999998,0.9999999666644106,"[1, 2, 4, 8, 8, 8, 8, 8, 8, 8, 4, 2, 1]","[1, 2, 4, 8, 8, 8, 8, 8, 8, 8, 4, 2, 1]",6.667117569136849e-08,6.667113172653671e-08,6.667117569136849e-08,9.863661620812536e-08,"{""input"": 0.03953405609354377, ""mpo_contract_compress"": 0.0403720960021019}",mpo_contract_compress,2,True,42,"[6.667117569136849e-08, 6.667113350289355e-08, 6.667113172653671e-08]","[6.667117569136849e-08, 6.667117569136849e-08, 6.667117569136849e-08, 6.66711443830792e-08, 6.66711443830792e-08, 6.667113305880434e-08, 6.667113305880434e-08, 6.667113305880434e-08, 6.667113305880434e-08, 6.667113305880434e-08, 6.667113305880434e-08, 6.667113305880434e-08, 6.667113194858132e-08, 6.667113194858132e-08, 6.667113194858132e-08, 6.667113194858132e-08, 6.667113194858132e-08, 6.667113194858132e-08, 6.667113194858132e-08, 6.667113194858132e-08, 6.667113194858132e-08, 6.667113194858132e-08, 6.667113194858132e-08, 6.667113350289355e-08, 6.667113350289355e-08, 6.667113350289355e-08, 6.667113350289355e-08, 6.667113350289355e-08, 6.667113350289355e-08, 6.667113350289355e-08, 6.667113350289355e-08, 6.667113350289355e-08, 6.667113350289355e-08, 6.667113350289355e-08, 6.667113372493816e-08, 6.667113372493816e-08, 6.667113372493816e-08, 6.667113372493816e-08, 6.667113372493816e-08, 6.667113372493816e-08, 6.667113372493816e-08, 6.667113372493816e-08, 6.667113372493816e-08, 6.667113372493816e-08, 6.667113372493816e-08]",16,3656,0.0858512450940907,0.9999999333288694,2d33f4b11b74317e4c5fe921b98a6d7186a9cb308641f0bcbca58636d6042e1c,ff78982f7c0a0703787f4d4d317b00cfb3e5a39a29e46d5077ad927ba8f6791d,2df89739fab8b33530f176547eb23ed65b259bc7,true,3fd2b466a80460124036f52434e2df874153d4eb99bb1ac9746d92116e040e93
be351bf1ae68245b9871519f,pauli,rxx,,,0.001986917653053424,0.000316227766,33,8,1e-13,6.667066952958933e-07,6.667023613182721e-07,-4.3339776212292236e-12,2.082502320681183e-06,0.999999999999999,0.9999996666465951,"[1, 2, 4, 8, 8, 8, 8, 8, 8, 8, 4, 2, 1]","[1, 2, 4, 8, 8, 8, 8, 8, 8, 8, 4, 2, 1]",9.86366103461478e-07,6.667024690099055e-07,6.667068073173965e-07,9.86366103461478e-07,"{""input"": 0.039951974991708994, ""mpo_contract_compress"": 0.040028799092397094}",input,2,True,32,"[9.86366103461478e-07, 6.667024703421731e-07, 6.667024690099055e-07]","[9.86366103461478e-07, 9.165890557660816e-07, 9.01868011604634e-07, 8.883276727544853e-07, 8.76766887536462e-07, 8.248361753615541e-07, 7.695129313756155e-07, 7.17768776858918e-07, 6.667026120066311e-07, 6.667026120066311e-07, 6.667026120066311e-07, 6.667026120066311e-07, 6.667026142270771e-07, 6.667026142270771e-07, 6.667026142270771e-07, 6.667026142270771e-07, 6.667025982398656e-07, 6.667025691520223e-07, 6.667025493900525e-07, 6.667024703421731e-07, 6.667024703421731e-07, 6.667024703421731e-07, 6.667024703421731e-07, 6.667024703421731e-07, 6.667024703421731e-07, 6.667024703421731e-07, 6.667024703421731e-07, 6.667024703421731e-07, 6.667024703421731e-07, 6.667024703421731e-07, 6.667024703421731e-07, 6.667024703421731e-07, 6.667024703421731e-07, 6.667024703421731e-07, 6.667024698980839e-07, 6.667024698980839e-07, 6.667024698980839e-07, 6.667024698980839e-07, 6.667024698980839e-07, 6.667024698980839e-07, 6.667024698980839e-07, 6.667024698980839e-07, 6.667024698980839e-07, 6.667024698980839e-07, 6.667024698980839e-07]",16,3656,0.08573662699200213,0.9999993332976397,2d33f4b11b74317e4c5fe921b98a6d7186a9cb308641f0bcbca58636d6042e1c,ff78982f7c0a0703787f4d4d317b00cfb3e5a39a29e46d5077ad927ba8f6791d,2df89739fab8b33530f176547eb23ed65b259bc7,true,3fd2b466a80460124036f52434e2df874153d4eb99bb1ac9746d92116e040e93
c06489f19d9ec7961ab74ea5,pauli,rxx,,,0.006283185307179587,0.001,33,8,1e-13,6.667123663706143e-06,6.666689627454758e-06,-4.340362513843843e-10,2.0844246668319484e-05,1.0,0.9999966664326118,"[1, 2, 4, 8, 8, 8, 8, 8, 8, 8, 4, 2, 1]","[1, 2, 4, 8, 8, 8, 8, 8, 8, 8, 4, 2, 1]",6.667134777371686e-06,6.6667007381226995e-06,6.667134777371686e-06,9.863653714470288e-06,"{""input"": 0.039234323194250464, ""mpo_contract_compress"": 0.03974889707751572}",mpo_contract_compress,2,True,38,"[6.667134777371686e-06, 6.666700739010878e-06, 6.6667007381226995e-06]","[6.667134777371686e-06, 6.667123224390892e-06, 6.667049353481502e-06, 6.666821598777517e-06, 6.666731563020889e-06, 6.666702444091399e-06, 6.666700737900655e-06, 6.666700737900655e-06, 6.666700737900655e-06, 6.666700737900655e-06, 6.666700737900655e-06, 6.666700737900655e-06, 6.666700739010878e-06, 6.666700739010878e-06, 6.666700739010878e-06, 6.666700739010878e-06, 6.666700739010878e-06, 6.666700739010878e-06, 6.666700739010878e-06, 6.666700739010878e-06, 6.666700739010878e-06, 6.666700739010878e-06, 6.666700739010878e-06, 6.666700739010878e-06, 6.666700739010878e-06, 6.666700739010878e-06, 6.666700739010878e-06, 6.666700739010878e-06, 6.666700739010878e-06, 6.666700739010878e-06, 6.666700739010878e-06, 6.666700739010878e-06, 6.666700739010878e-06, 6.666700739010878e-06, 6.666700739899056e-06, 6.666700739899056e-06, 6.666700739899056e-06, 6.666700739899056e-06, 6.666700739899056e-06, 6.666700739899056e-06, 6.666700739899056e-06, 6.666700739899056e-06, 6.666700739899056e-06, 6.666700739899056e-06, 6.666700739899056e-06]",16,3656,0.08481855900026858,0.9999933333103713,2d33f4b11b74317e4c5fe921b98a6d7186a9cb308641f0bcbca58636d6042e1c,ff78982f7c0a0703787f4d4d317b00cfb3e5a39a29e46d5077ad927ba8f6791d,2df89739fab8b33530f176547eb23ed65b259bc7,true,3fd2b466a80460124036f52434e2df874153d4eb99bb1ac9746d92116e040e93
241dc10d066b992bcbcab47e,pauli,rxx,,,0.019869176530534244,0.00316227766,33,8,1e-13,6.669497991751427e-05,6.665127187210906e-05,-4.370804540521078e-08,0.00020950396440935702,0.9999999999999994,0.9999666519539951,"[1, 2, 4, 8, 8, 8, 8, 8, 8, 8, 4, 2, 1]","[1, 2, 4, 8, 8, 8, 8, 8, 8, 8, 4, 2, 1]",9.863580569868802e-05,6.665238250702643e-05,6.669609201104265e-05,9.863580569868802e-05,"{""input"": 0.05534088797867298, ""mpo_contract_compress"": 0.040315330028533936}",input,3,True,50,"[9.863580569868802e-05, 6.665238270109342e-05, 6.665238250724848e-05, 6.665238250702643e-05]","[9.863580569868802e-05, 9.165799967814081e-05, 9.018587698728098e-05, 8.88318272487254e-05, 8.767591218949988e-05, 8.248006122690832e-05, 7.695097196558365e-05, 7.177377749179037e-05, 6.665380737680415e-05, 6.665380737680415e-05, 6.665380737680415e-05, 6.665380737680415e-05, 6.665380737880255e-05, 6.665380737880255e-05, 6.665380737880255e-05, 6.665380737880255e-05, 6.665367543989831e-05, 6.665337219891043e-05, 6.665315374920766e-05, 6.665238270131546e-05, 6.665238270131546e-05, 6.665238270131546e-05, 6.665238270131546e-05, 6.665238270109342e-05, 6.665238270109342e-05, 6.665238270109342e-05, 6.665238270109342e-05, 6.665238266756468e-05, 6.665238263892093e-05, 6.665238259917494e-05, 6.665238250569416e-05, 6.665238250569416e-05, 6.665238250569416e-05, 6.665238250569416e-05, 6.66523825083587e-05, 6.66523825083587e-05, 6.66523825083587e-05, 6.66523825083587e-05, 6.66523825083587e-05, 6.66523825083587e-05, 6.66523825083587e-05, 6.66523825083587e-05, 6.66523825083587e-05, 6.66523825083587e-05, 6.66523825083587e-05, 6.665238250724848e-05, 6.665238250724848e-05, 6.665238250724848e-05, 6.665238250724848e-05, 6.665238250724848e-05, 6.665238250724848e-05, 6.665238250724848e-05, 6.665238250724848e-05, 6.665238250724848e-05, 6.665238250724848e-05, 6.665238250724848e-05, 6.665238250791461e-05, 6.665238250791461e-05, 6.665238250791461e-05, 6.665238250791461e-05, 6.665238250791461e-05, 6.665238250791461e-05, 6.665238250791461e-05, 6.665238250791461e-05, 6.665238250791461e-05, 6.665238250791461e-05, 6.665238250791461e-05]",16,3656,0.1015334278345108,0.9999333487281274,2d33f4b11b74317e4c5fe921b98a6d7186a9cb308641f0bcbca58636d6042e1c,ff78982f7c0a0703787f4d4d317b00cfb3e5a39a29e46d5077ad927ba8f6791d,2df89739fab8b33530f176547eb23ed65b259bc7,true,3fd2b466a80460124036f52434e2df874153d4eb99bb1ac9746d92116e040e93
ed292648cc1c5457838504e9,pauli,rxx,,,0.06283185307179587,0.01,33,8,1e-13,0.0006701431481674902,0.0006655136638904491,-4.629484277041129e-06,0.0021756657575762377,1.0000000000000004,0.9996648722706175,"[1, 2, 4, 8, 8, 8, 8, 8, 8, 8, 4, 2, 1]","[1, 2, 4, 8, 8, 8, 8, 8, 8, 8, 4, 2, 1]",0.0006702554587638687,0.0006656244278611112,0.0006702554587638687,0.0009862849149582242,"{""input"": 0.05558973294682801, ""mpo_contract_compress"": 0.05540431896224618}",mpo_contract_compress,3,True,51,"[0.0006702554587638687, 0.0006656244280827117, 0.0006656244278611112, 0.0006656244278611112]","[0.0006702554587638687, 0.000670115597051657, 0.0006689748164412368, 0.0006669571481003889, 0.0006659896942269317, 0.000665646985295032, 0.0006656259293751354, 0.0006656250342147452, 0.0006656245141383188, 0.0006656245141383188, 0.0006656245141383188, 0.0006656245141383188, 0.0006656245141405392, 0.0006656245141405392, 0.0006656245141405392, 0.0006656245141405392, 0.0006656245137077743, 0.0006656245121938742, 0.0006656245079075251, 0.0006656244280804913, 0.0006656244280804913, 0.0006656244280804913, 0.0006656244280804913, 0.0006656244280827117, 0.0006656244280827117, 0.0006656244280827117, 0.0006656244280827117, 0.0006656244279370505, 0.0006656244278877566, 0.000665624427870215, 0.000665624427870215, 0.000665624427870215, 0.000665624427870215, 0.000665624427870215, 0.0006656244278722134, 0.0006656244278722134, 0.0006656244278604451, 0.0006656244278604451, 0.0006656244278604451, 0.0006656244278604451, 0.0006656244278604451, 0.0006656244278604451, 0.0006656244278604451, 0.0006656244278604451, 0.0006656244278604451, 0.0006656244278611112, 0.0006656244278611112, 0.0006656244278611112, 0.0006656244278611112, 0.0006656244278611112, 0.0006656244278611112, 0.0006656244278611112, 0.0006656244278611112, 0.0006656244278611112, 0.0006656244278611112, 0.0006656244278611112, 0.000665624427860223, 0.000665624427860223, 0.000665624427860223, 0.000665624427860223, 0.000665624427860223, 0.000665624427860223, 0.000665624427860223, 0.000665624427860223, 0.000665624427860223, 0.000665624427860223, 0.000665624427860223]",16,3656,0.11675843689590693,0.9993344863361084,2d33f4b11b74317e4c5fe921b98a6d7186a9cb308641f0bcbca58636d6042e1c,ff78982f7c0a0703787f4d4d317b00cfb3e5a39a29e46d5077ad927ba8f6791d,2df89739fab8b33530f176547eb23ed65b259bc7,true,3fd2b466a80460124036f52434e2df874153d4eb99bb1ac9746d92116e040e93
e92acecd5c153d1ed9d13e10,pauli,rxx,,,0.6283185307179586,0.1,33,8,1e-13,0.043114983247858785,0.04156431685675743,-0.0015506663911013518,0.05921659652685845,0.999999999999999,0.9782049973048315,"[1, 2, 4, 8, 8, 8, 8, 8, 8, 8, 4, 2, 1]","[1, 2, 4, 8, 8, 8, 8, 8, 8, 8, 4, 2, 1]",0.04359000539034019,0.04200543091331066,0.04359000539034019,0.09782651338297543,"{""input"": 0.16617446509189904, ""mpo_contract_compress"": 0.11795957293361425}",mpo_contract_compress,7,True,95,"[0.04359000539034019, 0.04201371080490812, 0.04200573076252989, 0.04200544327095179, 0.042005431458106646, 0.04200543093867304, 0.04200543091450304, 0.04200543091331066]","[0.04359000539034019, 0.04351727322168175, 0.04338523260762894, 0.04308751257504917, 0.042600790411480016, 0.04227977496687063, 0.04211790902390766, 0.04206897637162221, 0.042055691918404525, 0.042055691918404525, 0.042055691918404525, 0.042055691918404525, 0.0420556919184043, 0.0420556919184043, 0.0420556919184043, 0.0420556919184043, 0.042055294232483, 0.042051399434475334, 0.042039197794372596, 0.042013710804909676, 0.042013710804909676, 0.042013710804909676, 0.042013710804909676, 0.04201371080490812, 0.04201371080490812, 0.04201371080490812, 0.04201371080490812, 0.04201167672426398, 0.042009209297368066, 0.04200759454795744, 0.04200696721276631, 0.04200696721276631, 0.04200696721276631, 0.04200696721276631, 0.042006967212763646, 0.042006967212763646, 0.042006967212763646, 0.042006967212763646, 0.04200694690498108, 0.042006788865292854, 0.04200629067241435, 0.04200573076252945, 0.04200573076252945, 0.04200573076252945, 0.04200573076252945, 0.04200573076252989, 0.04200573076252989, 0.04200573076252989, 0.04200573076252989, 0.04200568429215479, 0.04200559507753643, 0.04200552010207925, 0.0420054911602179, 0.0420054911602179, 0.0420054911602179, 0.0420054911602179, 0.04200549116021968, 0.04200549116021968, 0.04200549116021968, 0.04200549116021968, 0.04200549016892996, 0.042005482438578046, 0.04200546065963384, 0.0420054432709529, 0.0420054432709529, 0.0420054432709529, 0.0420054432709529, 0.04200544327095179, 0.04200544327095179, 0.04200544327095179, 0.04200544327095179, 0.042005441879339855, 0.04200543829552328, 0.04200543481428376, 0.04200543348929453, 0.04200543348929453, 0.04200543348929453, 0.04200543348929453, 0.04200543348929653, 0.04200543348929653, 0.04200543348929653, 0.04200543348929653, 0.04200543344261165, 0.0420054330608326, 0.042005432090545636, 0.04200543145810487, 0.04200543145810487, 0.04200543145810487, 0.04200543145810487, 0.042005431458106646, 0.042005431458106646, 0.042005431458106646, 0.042005431458106646, 0.04200543140979196, 0.042005431253348435, 0.04200543109058619, 0.04200543103011367, 0.04200543103011367, 0.04200543103011367, 0.04200543103011367, 0.042005431030111895, 0.042005431030111895, 0.042005431030111895, 0.042005431030111895, 0.04200543102795984, 0.042005431009181304, 0.04200543096441489, 0.04200543093867326, 0.04200543093867326, 0.04200543093867326, 0.04200543093867326, 0.04200543093867304, 0.04200543093867304, 0.04200543093867304, 0.04200543093867304, 0.042005430936802535, 0.04200543092938602, 0.04200543092162912, 0.042005430918859776, 0.042005430918859776, 0.042005430918859776, 0.042005430918859776, 0.04200543091886133, 0.04200543091886133, 0.04200543091886133, 0.04200543091886133, 0.04200543091876141, 0.04200543091783526, 0.04200543091567077, 0.04200543091450348, 0.04200543091450348, 0.04200543091450348, 0.04200543091450348, 0.04200543091450304, 0.04200543091450304, 0.04200543091450304, 0.04200543091450304, 0.04200543091442177, 0.04200543091403808, 0.04200543091365616, 0.0420054309135276, 0.0420054309135276, 0.0420054309135276, 0.0420054309135276, 0.04200543091352915, 0.04200543091352915, 0.04200543091352915, 0.04200543091352915, 0.04200543091352915, 0.04200543091348008, 0.04200543091336972, 0.04200543091331088, 0.04200543091331088, 0.04200543091331088, 0.04200543091331088]",16,3656,0.2899928300175816,0.9584356831432415,2d33f4b11b74317e4c5fe921b98a6d7186a9cb308641f0bcbca58636d6042e1c,ff78982f7c0a0703787f4d4d317b00cfb3e5a39a29e46d5077ad927ba8f6791d,2df89739fab8b33530f176547eb23ed65b259bc7,true,3fd2b466a80460124036f52434e2df874153d4eb99bb1ac9746d92116e040e93
7331be8beb394abb5012ecdc,pauli,rxx,,,1.5707963267948966,0.25,33,8,1e-13,0.09281474156362501,0.09038584629784485,-0.002428895265780162,0.08103471459696251,0.9999999999999999,0.952462733358305,"[1, 2, 4, 8, 8, 8, 8, 8, 8, 8, 4, 2, 1]","[1, 2, 4, 8, 8, 8, 8, 8, 8, 8, 4, 2, 1]",0.5853607476972393,0.09252611687377987,0.09507453328338822,0.5853607476972393,"{""input"": 0.24630709993653, ""mpo_contract_compress"": 0.19830437004566193}",input,15,True,210,"[0.5853607476972393, 0.10292983228633701, 0.09328830552320144, 0.09264788728970497, 0.09255096134587637, 0.09253148924041388, 0.09252728972495738, 0.09252637301801103, 0.09252617280225217, 0.09252612908766755, 0.0925261195414393, 0.09252611745580586, 0.09252611699991409, 0.09252611690021983, 0.09252611687873413, 0.09252611687377987]","[0.5853607476972393, 0.5362370232653906, 0.5260823903658429, 0.5168035938901512, 0.5063548309256709, 0.4482942453460743, 0.36973826667901144, 0.28478364241450915, 0.15953274660575545, 0.15953274660575545, 0.15953274660575545, 0.15953274660575545, 0.15953274660575478, 0.15953274660575478, 0.15953274660575478, 0.15953274660575478, 0.15697167651894994, 0.14713462364685959, 0.1286685233762468, 0.1029298322863379, 0.1029298322863379, 0.1029298322863379, 0.1029298322863379, 0.10292983228633701, 0.10292983228633701, 0.10292983228633701, 0.10292983228633701, 0.10251622151822914, 0.09937060989083735, 0.09569234677915661, 0.09497481798143803, 0.09497481798143803, 0.09497481798143803, 0.09497481798143803, 0.09497481798143803, 0.09497481798143803, 0.09497481798143803, 0.09497481798143803, 0.09495216061640455, 0.09452683744827106, 0.09362467199348923, 0.09328830552320122, 0.09328830552320122, 0.09328830552320122, 0.09328830552320122, 0.09328830552320144, 0.09328830552320144, 0.09328830552320144, 0.09328830552320144, 0.09327979563876343, 0.09302554742337588, 0.0928485072783709, 0.09281363570988188, 0.09281363570988188, 0.09281363570988188, 0.09281363570988188, 0.0928136357098821, 0.0928136357098821, 0.0928136357098821, 0.0928136357098821, 0.09281176270650615, 0.0927870474661403, 0.09267360713911743, 0.09264788728970341, 0.09264788728970341, 0.09264788728970341, 0.09264788728970341, 0.09264788728970497, 0.09264788728970497, 0.09264788728970497, 0.09264788728970497, 0.09264738634980207, 0.0926053534866893, 0.09258402549240174, 0.09258024332725268, 0.09258024332725268, 0.09258024332725268, 0.09258024332725268, 0.09258024332725423, 0.09258024332725423, 0.09258024332725423, 0.09258024332725423, 0.09258001983457675, 0.09257674919802028, 0.09255492104315377, 0.09255096134587681, 0.09255096134587681, 0.09255096134587681, 0.09255096134587681, 0.09255096134587637, 0.09255096134587637, 0.09255096134587637, 0.09255096134587637, 0.09255089129725369, 0.09254226396972065, 0.09253833506470799, 0.09253762780148445, 0.09253762780148445, 0.09253762780148445, 0.09253762780148445, 0.09253762780148578, 0.09253762780148578, 0.09253762780148578, 0.09253762780148578, 0.09253757914012906, 0.09253695368173265, 0.09253229170315858, 0.09253148924041499, 0.09253148924041499, 0.09253148924041499, 0.09253148924041499, 0.09253148924041388, 0.09253148924041388, 0.09253148924041388, 0.09253148924041388, 0.09253147480448032, 0.09252961167964124, 0.09252878168149192, 0.09252862535008877, 0.09252862535008877, 0.09252862535008877, 0.09252862535008877, 0.09252862535008766, 0.09252862535008766, 0.09252862535008766, 0.09252862535008766, 0.09252861351509933, 0.09252847800984498, 0.09252746325117411, 0.0925272897249576, 0.0925272897249576, 0.0925272897249576, 0.0925272897249576, 0.09252728972495738, 0.09252728972495738, 0.09252728972495738, 0.09252728972495738, 0.092527286527476, 0.09252688189538039, 0.09252669985397688, 0.09252666489641403, 0.09252666489641403, 0.09252666489641403, 0.09252666489641403, 0.09252666489641337, 0.09252666489641337, 0.09252666489641337, 0.09252666489641337, 0.09252666219030758, 0.09252663189679522, 0.09252641087973457, 0.09252637301801347, 0.09252637301801347, 0.09252637301801347, 0.09252637301801347, 0.09252637301801103, 0.09252637301801103, 0.09252637301801103, 0.09252637301801103, 0.09252637231127614, 0.09252628451671341, 0.09252624424121403, 0.09252623655296777, 0.09252623655296777, 0.09252623655296777, 0.09252623655296777, 0.09252623655296799, 0.09252623655296799, 0.09252623655296799, 0.09252623655296799, 0.09252623596732268, 0.09252622916310593, 0.09252618105966803, 0.09252617280225284, 0.09252617280225284, 0.09252617280225284, 0.09252617280225284, 0.09252617280225217, 0.09252617280225217, 0.09252617280225217, 0.09252617280225217, 0.09252617264739094, 0.0925261536020503, 0.09252614467903841, 0.09252614300804685, 0.09252614300804685, 0.09252614300804685, 0.09252614300804685, 0.09252614300804818, 0.09252614300804818, 0.09252614300804818, 0.09252614300804818, 0.09252614288484518, 0.09252614135895043, 0.0925261308873988, 0.09252612908766533, 0.09252612908766533, 0.09252612908766533, 0.09252612908766533, 0.09252612908766755, 0.09252612908766755, 0.09252612908766755, 0.09252612908766755, 0.09252612905390523, 0.09252612491915624, 0.0925261229433354, 0.09252612258186477, 0.09252612258186477, 0.09252612258186477, 0.09252612258186477, 0.09252612258186566, 0.09252612258186566, 0.09252612258186566, 0.09252612258186566, 0.09252612255620285, 0.09252612221498491, 0.09252611993373816, 0.09252611954144241, 0.09252611954144241, 0.09252611954144241, 0.09252611954144241, 0.0925261195414393, 0.0925261195414393, 0.0925261195414393, 0.0925261195414393, 0.09252611953409584, 0.0925261186353743, 0.09252611819835543, 0.09252611812020062, 0.09252611812020062, 0.09252611812020062, 0.09252611812020062, 0.09252611812019995, 0.09252611812019995, 0.09252611812019995, 0.09252611812019995, 0.09252611811485334, 0.09252611803877553, 0.09252611754135964, 0.09252611745580586, 0.09252611745580586, 0.09252611745580586, 0.09252611745580586, 0.09252611745580586, 0.09252611745580586, 0.09252611745580586, 0.09252611745580586, 0.0925261174542078, 0.09252611725862181, 0.09252611716208614, 0.09252611714516434, 0.09252611714516434, 0.09252611714516434, 0.09252611714516434, 0.0925261171451659, 0.0925261171451659, 0.0925261171451659, 0.0925261171451659, 0.09252611714404546, 0.09252611712713166, 0.09252611701858315, 0.09252611699991342, 0.09252611699991342, 0.09252611699991342, 0.09252611699991342, 0.09252611699991409, 0.09252611699991409, 0.09252611699991409, 0.09252611699991409, 0.09252611699956614, 0.0925261169569549, 0.09252611693565793, 0.09252611693198753, 0.09252611693198753, 0.09252611693198753, 0.09252611693198753, 0.09252611693198731, 0.09252611693198731, 0.09252611693198731, 0.09252611693198731, 0.09252611693175239, 0.09252611692800095, 0.09252611690429724, 0.09252611690021983, 0.09252611690021983, 0.09252611690021983, 0.09252611690021983, 0.09252611690021983, 0.09252611690021983, 0.09252611690021983, 0.09252611690021983, 0.09252611690021983, 0.0925261168911673, 0.09252611688656698, 0.09252611688578449, 0.09252611688578449, 0.09252611688578449, 0.09252611688578449, 0.09252611688578538, 0.09252611688578538, 0.09252611688578538, 0.09252611688578538, 0.09252611688578538, 0.09252611688496737, 0.09252611687959122, 0.09252611687873546, 0.09252611687873546, 0.09252611687873546, 0.09252611687873546, 0.09252611687873413, 0.09252611687873413, 0.09252611687873413, 0.09252611687873413, 0.09252611687873413, 0.09252611687670487, 0.092526116875568, 0.09252611687540058, 0.09252611687540058, 0.09252611687540058, 0.09252611687540058, 0.09252611687539902, 0.09252611687539902, 0.09252611687539902, 0.09252611687539902, 0.09252611687539902, 0.0925261168752054, 0.09252611687397572, 0.09252611687378054, 0.09252611687378054, 0.09252611687378054, 0.09252611687378054]",16,3656,0.45056120306253433,0.9096141537021546,2d33f4b11b74317e4c5fe921b98a6d7186a9cb308641f0bcbca58636d6042e1c,ff78982f7c0a0703787f4d4d317b00cfb3e5a39a29e46d5077ad927ba8f6791d,2df89739fab8b33530f176547eb23ed65b259bc7,true,3fd2b466a80460124036f52434e2df874153d4eb99bb1ac9746d92116e040e93
78fd665da091d900855fa645,pauli,ryy,,,0.0,0.0,11,8,1e-13,0.0,0.0,0.0,7.619137940085578e-16,1.0,0.9999999999999999,"[1, 2, 4, 8, 8, 8, 8, 8, 8, 8, 4, 2, 1]","[1, 2, 4, 8, 8, 8, 8, 8, 8, 8, 4, 2, 1]",0.0,0.0,0.0,8.881784197001252e-16,"{""input"": 0.005232770927250385, ""mpo_contract_compress"": 0.00527087296359241}",mpo_contract_compress,0,True,0,[0.0],[0.0],8,936,0.015024238964542747,0.9999999999999993,2d33f4b11b74317e4c5fe921b98a6d7186a9cb308641f0bcbca58636d6042e1c,ff78982f7c0a0703787f4d4d317b00cfb3e5a39a29e46d5077ad927ba8f6791d,2df89739fab8b33530f176547eb23ed65b259bc7,true,3fd2b466a80460124036f52434e2df874153d4eb99bb1ac9746d92116e040e93
848474ce18829a35f80e5b10,pauli,ryy,,,0.0006283185307179586,0.0001,11,8,1e-13,5.8747351094901035e-08,5.874694419816251e-08,-4.0689673852511987e-13,6.377763134729068e-07,1.000000000000001,0.999999970626325,"[1, 2, 4, 8, 8, 8, 8, 8, 8, 8, 4, 2, 1]","[1, 2, 4, 8, 8, 8, 8, 8, 8, 8, 4, 2, 1]",5.874735165001255e-08,5.8746943976117905e-08,5.874735165001255e-08,9.863346006611096e-08,"{""input"": 0.03932095901109278, ""mpo_contract_compress"": 0.03999733994714916}",mpo_contract_compress,2,True,41,"[5.874735165001255e-08, 5.874694597451935e-08, 5.8746943976117905e-08]","[5.874735165001255e-08, 5.874735165001255e-08, 5.87472954727275e-08, 5.874695108154526e-08, 5.874695108154526e-08, 5.874695108154526e-08, 5.874695108154526e-08, 5.874695108154526e-08, 5.874695108154526e-08, 5.874695108154526e-08, 5.874695108154526e-08, 5.874695108154526e-08, 5.874695507834815e-08, 5.874695507834815e-08, 5.874695507834815e-08, 5.874695507834815e-08, 5.874695507834815e-08, 5.874695507834815e-08, 5.8746942643850275e-08, 5.8746942643850275e-08, 5.8746942643850275e-08, 5.8746942643850275e-08, 5.8746942643850275e-08, 5.874694597451935e-08, 5.874694597451935e-08, 5.874694597451935e-08, 5.874694597451935e-08, 5.874694597451935e-08, 5.874694597451935e-08, 5.874694597451935e-08, 5.874694597451935e-08, 5.874694597451935e-08, 5.874694597451935e-08, 5.874694597451935e-08, 5.874694641860856e-08, 5.874694641860856e-08, 5.874694641860856e-08, 5.874694641860856e-08, 5.874694641860856e-08, 5.874694641860856e-08, 5.874694641860856e-08, 5.874694641860856e-08, 5.874694641860856e-08, 5.874694641860856e-08, 5.874694641860856e-08]",16,3656,0.08511207601986825,0.9999999412530565,2d33f4b11b74317e4c5fe921b98a6d7186a9cb308641f0bcbca58636d6042e1c,ff78982f7c0a0703787f4d4d317b00cfb3e5a39a29e46d5077ad927ba8f6791d,2df89739fab8b33530f176547eb23ed65b259bc7,true,3fd2b466a80460124036f52434e2df874153d4eb99bb1ac9746d92116e040e93
8471ce333bae641e4b2f39e2,pauli,ryy,,,0.001986917653053424,0.000316227766,11,8,1e-13,5.875044766234794e-07,5.8746344377969e-07,-4.103284378942362e-11,6.405628746369027e-06,1.0000000000000016,0.9999997062477207,"[1, 2, 4, 8, 8, 8, 8, 8, 8, 8, 4, 2, 1]","[1, 2, 4, 8, 8, 8, 8, 8, 8, 8, 4, 2, 1]",5.875045614445185e-07,5.874635304881082e-07,5.875045614445185e-07,9.86334498742636e-07,"{""input"": 0.039849688997492194, ""mpo_contract_compress"": 0.03995000896975398}",mpo_contract_compress,2,True,39,"[5.875045614445185e-07, 5.87463531154242e-07, 5.874635304881082e-07]","[5.875045614445185e-07, 5.875042405900643e-07, 5.874989394971664e-07, 5.874641511027789e-07, 5.874635706781817e-07, 5.874635287117513e-07, 5.874635287117513e-07, 5.874635287117513e-07, 5.874635287117513e-07, 5.874635287117513e-07, 5.874635287117513e-07, 5.874635287117513e-07, 5.874635289337959e-07, 5.874635289337959e-07, 5.874635289337959e-07, 5.874635289337959e-07, 5.874635289337959e-07, 5.874635289337959e-07, 5.874635289337959e-07, 5.874635289337959e-07, 5.874635289337959e-07, 5.874635289337959e-07, 5.874635289337959e-07, 5.87463531154242e-07, 5.87463531154242e-07, 5.87463531154242e-07, 5.87463531154242e-07, 5.87463531154242e-07, 5.87463531154242e-07, 5.87463531154242e-07, 5.87463531154242e-07, 5.87463531154242e-07, 5.87463531154242e-07, 5.87463531154242e-07, 5.874635284897067e-07, 5.874635284897067e-07, 5.874635284897067e-07, 5.874635284897067e-07, 5.874635284897067e-07, 5.874635284897067e-07, 5.874635284897067e-07, 5.874635284897067e-07, 5.874635284897067e-07, 5.874635284897067e-07, 5.874635284897067e-07]",16,3656,0.08555915881879628,0.9999994125365553,2d33f4b11b74317e4c5fe921b98a6d7186a9cb308641f0bcbca58636d6042e1c,ff78982f7c0a0703787f4d4d317b00cfb3e5a39a29e46d5077ad927ba8f6791d,2df89739fab8b33530f176547eb23ed65b259bc7,true,3fd2b466a80460124036f52434e2df874153d4eb99bb1ac9746d92116e040e93
0cc0b09e170c9a540b5fe2a9,pauli,ryy,,,0.006283185307179587,0.001,11,8,1e-13,5.8787469984222795e-06,5.874416838191898e-06,-4.3301602303813524e-09,6.581126598646836e-05,0.9999999999999996,0.9999970606221826,"[1, 2, 4, 8, 8, 8, 8, 8, 8, 8, 4, 2, 1]","[1, 2, 4, 8, 8, 8, 8, 8, 8, 8, 4, 2, 1]",9.86333768282499e-06,5.874425463847643e-06,5.878755638732969e-06,9.86333768282499e-06,"{""input"": 0.039271202869713306, ""mpo_contract_compress"": 0.04004383599385619}",input,2,True,32,"[9.86333768282499e-06, 5.874425463847643e-06, 5.874425463847643e-06]","[9.86333768282499e-06, 6.014772633511356e-06, 5.98553432706872e-06, 5.9682237358860135e-06, 5.955801642976155e-06, 5.9459856203147865e-06, 5.930843913981576e-06, 5.894733078104508e-06, 5.874426559637769e-06, 5.874426559637769e-06, 5.874426559637769e-06, 5.874426559637769e-06, 5.874426559415724e-06, 5.874426559415724e-06, 5.874426559415724e-06, 5.874426559415724e-06, 5.874426533436505e-06, 5.874426265872756e-06, 5.8744260893472955e-06, 5.874425466290134e-06, 5.874425466290134e-06, 5.874425466290134e-06, 5.874425466290134e-06, 5.874425463847643e-06, 5.874425463847643e-06, 5.874425463847643e-06, 5.874425463847643e-06, 5.874425463847643e-06, 5.874425463847643e-06, 5.874425463847643e-06, 5.874425463847643e-06, 5.874425463847643e-06, 5.874425463847643e-06, 5.874425463847643e-06, 5.874425461849242e-06, 5.874425461849242e-06, 5.874425461849242e-06, 5.874425461849242e-06, 5.874425461849242e-06, 5.874425461849242e-06, 5.874425461849242e-06, 5.874425461849242e-06, 5.874425461849242e-06, 5.874425461849242e-06, 5.874425461849242e-06]",16,3656,0.08518932503648102,0.9999941255831594,2d33f4b11b74317e4c5fe921b98a6d7186a9cb308641f0bcbca58636d6042e1c,ff78982f7c0a0703787f4d4d317b00cfb3e5a39a29e46d5077ad927ba8f6791d,2df89739fab8b33530f176547eb23ed65b259bc7,true,3fd2b466a80460124036f52434e2df874153d4eb99bb1ac9746d92116e040e93
fb374316423c35dd17a31f48,pauli,ryy,,,0.019869176530534244,0.00316227766,11,8,1e-13,5.9444168042599443e-05,5.873449130111563e-05,-7.096767414838112e-07,0.000843583222336291,1.0000000000000009,0.9999702774742656,"[1, 2, 4, 8, 8, 8, 8, 8, 8, 8, 4, 2, 1]","[1, 2, 4, 8, 8, 8, 8, 8, 8, 8, 4, 2, 1]",9.863264532961047e-05,5.873535375977568e-05,5.944505147281731e-05,9.863264532961047e-05,"{""input"": 0.05598700977861881, ""mpo_contract_compress"": 0.04018664103932679}",input,3,True,52,"[9.863264532961047e-05, 5.8735353799743706e-05, 5.8735353769767684e-05, 5.873535375977568e-05]","[9.863264532961047e-05, 6.0146759428336694e-05, 5.98543771328508e-05, 5.968127169420079e-05, 5.955611936170335e-05, 5.945778325222584e-05, 5.930558763500571e-05, 5.8940408643293196e-05, 5.8735465529702324e-05, 5.8735465529702324e-05, 5.8735465529702324e-05, 5.8735465529702324e-05, 5.873546553036846e-05, 5.873546553036846e-05, 5.873546553036846e-05, 5.873546553036846e-05, 5.8735462609593725e-05, 5.873543546108806e-05, 5.8735417225452835e-05, 5.873535379907757e-05, 5.873535379907757e-05, 5.873535379907757e-05, 5.873535379907757e-05, 5.8735353799743706e-05, 5.8735353799743706e-05, 5.8735353799743706e-05, 5.8735353799743706e-05, 5.8735353799743706e-05, 5.8735353799743706e-05, 5.873535376998973e-05, 5.873535376998973e-05, 5.873535376998973e-05, 5.873535376998973e-05, 5.873535376998973e-05, 5.8735353769767684e-05, 5.8735353769767684e-05, 5.8735353769767684e-05, 5.8735353769767684e-05, 5.8735353769767684e-05, 5.8735353769767684e-05, 5.8735353769767684e-05, 5.8735353769767684e-05, 5.8735353769767684e-05, 5.8735353769767684e-05, 5.8735353769767684e-05, 5.8735353769767684e-05, 5.8735353769767684e-05, 5.8735353769767684e-05, 5.8735353769767684e-05, 5.8735353769767684e-05, 5.8735353769767684e-05, 5.8735353769767684e-05, 5.873535375933159e-05, 5.873535375933159e-05, 5.873535375933159e-05, 5.873535375933159e-05, 5.873535376244021e-05, 5.873535376244021e-05, 5.873535376244021e-05, 5.873535376244021e-05, 5.873535376244021e-05, 5.873535376244021e-05, 5.873535376244021e-05, 5.873535376244021e-05, 5.873535376244021e-05, 5.873535376244021e-05, 5.873535376244021e-05]",16,3656,0.1020668561104685,0.9999412655086991,2d33f4b11b74317e4c5fe921b98a6d7186a9cb308641f0bcbca58636d6042e1c,ff78982f7c0a0703787f4d4d317b00cfb3e5a39a29e46d5077ad927ba8f6791d,2df89739fab8b33530f176547eb23ed65b259bc7,true,3fd2b466a80460124036f52434e2df874153d4eb99bb1ac9746d92116e040e93
b376a4ddbd0d1ef7f0a7decb,pauli,ryy,,,0.06283185307179587,0.01,11,8,1e-13,0.0006763956147609607,0.0005867573396833858,-8.963827507757482e-05,0.009535729460800356,0.9999999999999991,0.9996617449843921,"[1, 2, 4, 8, 8, 8, 8, 8, 8, 8, 4, 2, 1]","[1, 2, 4, 8, 8, 8, 8, 8, 8, 8, 4, 2, 1]",0.000986253306583862,0.0005868434359885821,0.0006765100312158268,0.000986253306583862,"{""input"": 0.05579406605102122, ""mpo_contract_compress"": 0.055873025907203555}",input,3,True,48,"[0.000986253306583862, 0.0005868434792146715, 0.0005868434359885821, 0.0005868434359885821]","[0.000986253306583862, 0.000601370897177711, 0.0005984471505391387, 0.0005967161431381651, 0.0005954300661183964, 0.0005944382402005566, 0.000592880812748886, 0.0005890108166792807, 0.0005868555669084063, 0.0005868555669084063, 0.0005868555669084063, 0.0005868555669084063, 0.0005868555669077402, 0.0005868555669077402, 0.0005868555669077402, 0.0005868555669077402, 0.000586855249626872, 0.0005868523614722676, 0.0005868503025532323, 0.0005868434792131172, 0.0005868434792131172, 0.0005868434792131172, 0.0005868434792131172, 0.0005868434792146715, 0.0005868434792146715, 0.0005868434792146715, 0.0005868434792146715, 0.0005868434774358722, 0.0005868434733224959, 0.0005868434443181414, 0.0005868434361933073, 0.0005868434361933073, 0.0005868434361933073, 0.0005868434361933073, 0.0005868434361941954, 0.0005868434361941954, 0.0005868434361941954, 0.0005868434361941954, 0.0005868434361941954, 0.0005868434361337993, 0.0005868434360949415, 0.0005868434359905805, 0.0005868434359905805, 0.0005868434359905805, 0.0005868434359905805, 0.0005868434359885821, 0.0005868434359885821, 0.0005868434359885821, 0.0005868434359885821, 0.0005868434359885821, 0.0005868434359885821, 0.0005868434359885821, 0.0005868434359885821, 0.0005868434359885821, 0.0005868434359885821, 0.0005868434359885821, 0.0005868434359885821, 0.0005868434359885821, 0.0005868434359885821, 0.0005868434359885821, 0.0005868434359885821, 0.0005868434359885821, 0.0005868434359885821, 0.0005868434359885821, 0.0005868434359885821, 0.0005868434359885821, 0.0005868434359885821]",16,3656,0.11742003494873643,0.9994132426603173,2d33f4b11b74317e4c5fe921b98a6d7186a9cb308641f0bcbca58636d6042e1c,ff78982f7c0a0703787f4d4d317b00cfb3e5a39a29e46d5077ad927ba8f6791d,2df89739fab8b33530f176547eb23ed65b259bc7,true,3fd2b466a80460124036f52434e2df874153d4eb99bb1ac9746d92116e040e93
5cf42bc626f28c0eba5f8615,pauli,ryy,,,0.6283185307179586,0.1,11,8,1e-13,0.026424773309084104,0.023940761476173855,-0.002484011832910249,0.10423598081530791,1.0,0.9866991571349969,"[1, 2, 4, 8, 8, 8, 8, 8, 8, 8, 4, 2, 1]","[1, 2, 4, 8, 8, 8, 8, 8, 8, 8, 4, 2, 1]",0.02660168573000332,0.024085792830237596,0.02660168573000332,0.09782329842514859,"{""input"": 0.18830951303243637, ""mpo_contract_compress"": 0.1736798060592264}",mpo_contract_compress,10,True,142,"[0.02660168573000332, 0.024229395212461924, 0.02409710133108378, 0.024086692424347023, 0.024085866113338295, 0.024085798861807062, 0.0240857933284655, 0.02408579287140933, 0.024085792833622, 0.024085792830479846, 0.024085792830237596]","[0.02660168573000332, 0.026579467630409637, 0.026483121240991503, 0.026214425211724013, 0.025573597909781087, 0.024916436774024664, 0.0247024754170293, 0.024570442241695467, 0.024557824392718253, 0.024557824392718253, 0.024557824392718253, 0.024557824392718253, 0.024557824392720917, 0.024557824392720917, 0.024557824392720917, 0.024557824392720917, 0.024557671173834006, 0.024541756225791245, 0.024508902259862797, 0.024229395212461702, 0.024229395212461702, 0.024229395212461702, 0.024229395212461702, 0.024229395212461924, 0.024229395212461924, 0.024229395212461924, 0.024229395212461924, 0.02416281422219768, 0.0241483268592535, 0.024128014978785917, 0.02412628443217124, 0.02412628443217124, 0.02412628443217124, 0.02412628443217124, 0.024126284432170353, 0.024126284432170353, 0.024126284432170353, 0.024126284432170353, 0.024126263409778304, 0.024124281392434943, 0.024121528354044353, 0.024097101331087778, 0.024097101331087778, 0.024097101331087778, 0.024097101331087778, 0.02409710133108378, 0.02409710133108378, 0.02409710133108378, 0.02409710133108378, 0.02409179629601632, 0.024090629589314183, 0.024089087931806752, 0.02408897039911806, 0.02408897039911806, 0.02408897039911806, 0.02408897039911806, 0.024088970399120058, 0.024088970399120058, 0.024088970399120058, 0.024088970399120058, 0.024088968920153775, 0.024088792916727053, 0.02408851864169259, 0.024086692424348355, 0.024086692424348355, 0.024086692424348355, 0.024086692424348355, 0.024086692424347023, 0.024086692424347023, 0.024086692424347023, 0.024086692424347023, 0.024086304612692677, 0.024086192431482578, 0.024086058568425717, 0.024086049076140315, 0.024086049076140315, 0.024086049076140315, 0.024086049076140315, 0.024086049076141425, 0.024086049076141425, 0.024086049076141425, 0.024086049076141425, 0.024086048958732453, 0.024086033088856817, 0.02408600487417467, 0.024085866113339405, 0.024085866113339405, 0.024085866113339405, 0.024085866113339405, 0.024085866113338295, 0.024085866113338295, 0.024085866113338295, 0.024085866113338295, 0.024085837030849655, 0.024085826544802735, 0.024085814650020465, 0.024085813838703896, 0.024085813838703896, 0.024085813838703896, 0.024085813838703896, 0.024085813838704118, 0.024085813838704118, 0.024085813838704118, 0.024085813838704118, 0.024085813828786495, 0.02408581241156349, 0.02408580971980001, 0.024085798861808616, 0.024085798861808616, 0.024085798861808616, 0.024085798861808616, 0.024085798861807062, 0.024085798861807062, 0.024085798861807062, 0.024085798861807062, 0.0240857966043162, 0.024085795672194932, 0.024085794632710877, 0.024085794563346807, 0.024085794563346807, 0.024085794563346807, 0.024085794563346807, 0.024085794563345253, 0.024085794563345253, 0.024085794563345253, 0.024085794563345253, 0.024085794562499263, 0.024085794438383656, 0.024085794196694765, 0.024085793328466387, 0.024085793328466387, 0.024085793328466387, 0.024085793328466387, 0.0240857933284655, 0.0240857933284655, 0.0240857933284655, 0.0240857933284655, 0.024085793148754586, 0.024085793068562955, 0.024085792979362308, 0.024085792973483455, 0.024085792973483455, 0.024085792973483455, 0.024085792973483455, 0.02408579297348501, 0.02408579297348501, 0.02408579297348501, 0.02408579297348501, 0.024085792973413067, 0.024085792962736496, 0.024085792941803907, 0.02408579287140733, 0.02408579287140733, 0.02408579287140733, 0.02408579287140733, 0.02408579287140933, 0.02408579287140933, 0.02408579287140933, 0.02408579287140933, 0.024085792856870736, 0.024085792850095045, 0.024085792842542864, 0.024085792842048148, 0.024085792842048148, 0.024085792842048148, 0.024085792842048148, 0.024085792842047038, 0.024085792842047038, 0.024085792842047038, 0.024085792842047038, 0.024085792842047038, 0.024085792841147757, 0.024085792839376285, 0.02408579283362311, 0.02408579283362311, 0.02408579283362311, 0.02408579283362311, 0.024085792833622, 0.024085792833622, 0.024085792833622, 0.024085792833622, 0.024085792832436947, 0.0240857928318714, 0.024085792831219477, 0.02408579283117751, 0.02408579283117751, 0.02408579283117751, 0.02408579283117751, 0.024085792831179287, 0.024085792831179287, 0.024085792831179287, 0.024085792831179287, 0.024085792831179287, 0.024085792831100017, 0.024085792830949693, 0.024085792830476294, 0.024085792830476294, 0.024085792830476294, 0.024085792830476294, 0.024085792830479846, 0.024085792830479846, 0.024085792830479846, 0.024085792830479846, 0.024085792830378372, 0.0240857928303313, 0.024085792830276898, 0.024085792830276898, 0.024085792830276898, 0.024085792830276898, 0.024085792830276898, 0.02408579283027734, 0.02408579283027734, 0.02408579283027734, 0.02408579283027734, 0.02408579283027734, 0.02408579283027734, 0.02408579283027734, 0.02408579283023804, 0.02408579283023804, 0.02408579283023804, 0.02408579283023804]",16,3656,0.3678681969176978,0.9760592385238255,2d33f4b11b74317e4c5fe921b98a6d7186a9cb308641f0bcbca58636d6042e1c,ff78982f7c0a0703787f4d4d317b00cfb3e5a39a29e46d5077ad927ba8f6791d,2df89739fab8b33530f176547eb23ed65b259bc7,true,3fd2b466a80460124036f52434e2df874153d4eb99bb1ac9746d92116e040e93
34c0653569a86dae131fe013,pauli,ryy,,,1.5707963267948966,0.25,11,8,1e-13,0.04533996824779318,0.04462606532929003,-0.0007139029185031509,0.03874902107099909,1.0,0.9770670559138753,"[1, 2, 4, 8, 8, 8, 8, 8, 8, 8, 4, 2, 1]","[1, 2, 4, 8, 8, 8, 8, 8, 8, 8, 4, 2, 1]",0.04586588817224957,0.045135365637088976,0.04586588817224957,0.5853381126258643,"{""input"": 0.15144132310524583, ""mpo_contract_compress"": 0.10353147517889738}",mpo_contract_compress,6,True,85,"[0.04586588817224957, 0.04513626071774479, 0.04513538690485164, 0.04513536628710324, 0.045135365658717674, 0.04513536563779885, 0.045135365637088976]","[0.04586588817224957, 0.04585649709946504, 0.04578444257458569, 0.04558871278157395, 0.0453127842575225, 0.04517478326250246, 0.04514894206591058, 0.04514372510690956, 0.045143080861478335, 0.045143080861478335, 0.045143080861478335, 0.045143080861478335, 0.04514308086147878, 0.04514308086147878, 0.04514308086147878, 0.04514308086147878, 0.04514307538134199, 0.045142920997046865, 0.045141495457359904, 0.0451362607177459, 0.0451362607177459, 0.0451362607177459, 0.0451362607177459, 0.04513626071774479, 0.04513626071774479, 0.04513626071774479, 0.04513626071774479, 0.045135911699144105, 0.04513559042932691, 0.04513550490739515, 0.04513549627900071, 0.04513549627900071, 0.04513549627900071, 0.04513549627900071, 0.04513549627900226, 0.04513549627900226, 0.04513549627900226, 0.04513549627900226, 0.04513549619423851, 0.04513549289311136, 0.045135453281026194, 0.045135386904852304, 0.045135386904852304, 0.045135386904852304, 0.045135386904852304, 0.04513538690485164, 0.04513538690485164, 0.04513538690485164, 0.04513538690485164, 0.04513538105071113, 0.04513537166004733, 0.045135369448996654, 0.045135369297984784, 0.045135369297984784, 0.045135369297984784, 0.045135369297984784, 0.045135369297981454, 0.045135369297981454, 0.045135369297981454, 0.045135369297981454, 0.045135369296540384, 0.04513536920176642, 0.04513536788811101, 0.04513536628710213, 0.04513536628710213, 0.04513536628710213, 0.04513536628710213, 0.04513536628710324, 0.04513536628710324, 0.04513536628710324, 0.04513536628710324, 0.04513536613692293, 0.04513536582861799, 0.04513536575867483, 0.04513536575476795, 0.04513536575476795, 0.04513536575476795, 0.04513536575476795, 0.04513536575476529, 0.04513536575476529, 0.04513536575476529, 0.04513536575476529, 0.04513536575476529, 0.0451353657514193, 0.04513536570605248, 0.04513536565871612, 0.04513536565871612, 0.04513536565871612, 0.04513536565871612, 0.045135365658717674, 0.045135365658717674, 0.045135365658717674, 0.045135365658717674, 0.04513536565423304, 0.045135365643683034, 0.0451353656411857, 0.04513536564106424, 0.04513536564106424, 0.04513536564106424, 0.04513536564106424, 0.045135365641062464, 0.045135365641062464, 0.045135365641062464, 0.045135365641062464, 0.045135365641062464, 0.045135365640933456, 0.04513536563931697, 0.045135365637798186, 0.045135365637798186, 0.045135365637798186, 0.045135365637798186, 0.04513536563779885, 0.04513536563779885, 0.04513536563779885, 0.04513536563779885, 0.04513536563765386, 0.04513536563728193, 0.045135365637190894, 0.045135365637190894, 0.045135365637190894, 0.045135365637190894, 0.045135365637190894, 0.04513536563719023, 0.04513536563719023, 0.04513536563719023, 0.04513536563719023, 0.04513536563719023, 0.04513536563719023, 0.04513536563713694, 0.04513536563708853, 0.04513536563708853, 0.04513536563708853, 0.04513536563708853]",16,3656,0.2610158249735832,0.9553739346707097,2d33f4b11b74317e4c5fe921b98a6d7186a9cb308641f0bcbca58636d6042e1c,ff78982f7c0a0703787f4d4d317b00cfb3e5a39a29e46d5077ad927ba8f6791d,2df89739fab8b33530f176547eb23ed65b259bc7,true,3fd2b466a80460124036f52434e2df874153d4eb99bb1ac9746d92116e040e93
d624e470d320f2f1e18418b8,pauli,ryy,,,0.0,0.0,22,8,1e-13,0.0,0.0,0.0,9.366781106062964e-16,0.9999999999999996,1.0000000000000033,"[1, 2, 4, 8, 8, 8, 8, 8, 8, 8, 4, 2, 1]","[1, 2, 4, 8, 8, 8, 8, 8, 8, 8, 4, 2, 1]",0.0,0.0,0.0,0.0,"{""input"": 0.005316589027643204, ""mpo_contract_compress"": 0.005317735951393843}",mpo_contract_compress,0,True,0,[0.0],[0.0],8,936,0.015306439949199557,1.0,2d33f4b11b74317e4c5fe921b98a6d7186a9cb308641f0bcbca58636d6042e1c,ff78982f7c0a0703787f4d4d317b00cfb3e5a39a29e46d5077ad927ba8f6791d,2df89739fab8b33530f176547eb23ed65b259bc7,true,3fd2b466a80460124036f52434e2df874153d4eb99bb1ac9746d92116e040e93
6e9188524025b243d38db873,pauli,ryy,,,0.0006283185307179586,0.0001,22,8,1e-13,8.49672692204706e-08,8.496692083248547e-08,-3.483879851273741e-13,5.962427153529256e-07,0.9999999999999998,0.9999999575163657,"[1, 2, 4, 8, 8, 8, 8, 8, 8, 8, 4, 2, 1]","[1, 2, 4, 8, 8, 8, 8, 8, 8, 8, 4, 2, 1]",9.864731453923525e-08,8.49669221647531e-08,8.496727144091665e-08,9.864731453923525e-08,"{""input"": 0.040011549135670066, ""mpo_contract_compress"": 0.040689738001674414}",input,2,True,37,"[9.864731453923525e-08, 8.49669221647531e-08, 8.49669221647531e-08]","[9.864731453923525e-08, 9.793593314100235e-08, 9.707363002320335e-08, 9.583296534110275e-08, 9.459166050440615e-08, 9.370885423187758e-08, 9.170058667962167e-08, 8.961453690226051e-08, 8.496692327497612e-08, 8.496692327497612e-08, 8.496692327497612e-08, 8.496692327497612e-08, 8.49669219427085e-08, 8.49669219427085e-08, 8.49669219427085e-08, 8.49669219427085e-08, 8.49669219427085e-08, 8.49669219427085e-08, 8.49669219427085e-08, 8.49669219427085e-08, 8.49669219427085e-08, 8.49669219427085e-08, 8.49669219427085e-08, 8.49669221647531e-08, 8.49669221647531e-08, 8.49669221647531e-08, 8.49669221647531e-08, 8.49669221647531e-08, 8.49669221647531e-08, 8.49669221647531e-08, 8.49669221647531e-08, 8.49669221647531e-08, 8.49669221647531e-08, 8.49669221647531e-08, 8.496692327497612e-08, 8.496692327497612e-08, 8.496692327497612e-08, 8.496692327497612e-08, 8.496692327497612e-08, 8.496692327497612e-08, 8.496692327497612e-08, 8.496692327497612e-08, 8.496692327497612e-08, 8.496692327497612e-08, 8.496692327497612e-08]",16,3656,0.08665072498843074,0.999999915033079,2d33f4b11b74317e4c5fe921b98a6d7186a9cb308641f0bcbca58636d6042e1c,ff78982f7c0a0703787f4d4d317b00cfb3e5a39a29e46d5077ad927ba8f6791d,2df89739fab8b33530f176547eb23ed65b259bc7,true,3fd2b466a80460124036f52434e2df874153d4eb99bb1ac9746d92116e040e93
438128f470b92f3e7caa6952,pauli,ryy,,,0.001986917653053424,0.000316227766,22,8,1e-13,8.496997865314881e-07,8.496648957745379e-07,-3.489075695028987e-11,5.906877748744466e-06,0.9999999999999993,0.9999995751500209,"[1, 2, 4, 8, 8, 8, 8, 8, 8, 8, 4, 2, 1]","[1, 2, 4, 8, 8, 8, 8, 8, 8, 8, 4, 2, 1]",9.864730774467034e-07,8.496650751865786e-07,8.496999652773951e-07,9.864730774467034e-07,"{""input"": 0.0397702818736434, ""mpo_contract_compress"": 0.03989398293197155}",input,2,True,33,"[9.864730774467034e-07, 8.496650760747571e-07, 8.496650751865786e-07]","[9.864730774467034e-07, 9.793592437024046e-07, 9.70736215633039e-07, 9.583295708104345e-07, 9.45911064809124e-07, 9.370781786088855e-07, 9.169947792209143e-07, 8.961333173296282e-07, 8.496651702216695e-07, 8.496651702216695e-07, 8.496651702216695e-07, 8.496651702216695e-07, 8.496651699996249e-07, 8.496651699996249e-07, 8.496651699996249e-07, 8.496651699996249e-07, 8.496651699996249e-07, 8.496651562328594e-07, 8.496651195954996e-07, 8.496650765188463e-07, 8.496650765188463e-07, 8.496650765188463e-07, 8.496650765188463e-07, 8.496650760747571e-07, 8.496650760747571e-07, 8.496650760747571e-07, 8.496650760747571e-07, 8.496650760747571e-07, 8.496650760747571e-07, 8.496650760747571e-07, 8.496650760747571e-07, 8.496650760747571e-07, 8.496650760747571e-07, 8.496650760747571e-07, 8.496650778511139e-07, 8.496650778511139e-07, 8.496650778511139e-07, 8.496650778511139e-07, 8.496650778511139e-07, 8.496650778511139e-07, 8.496650778511139e-07, 8.496650778511139e-07, 8.496650778511139e-07, 8.496650778511139e-07, 8.496650778511139e-07]",16,3656,0.08545379107818007,0.9999991503351029,2d33f4b11b74317e4c5fe921b98a6d7186a9cb308641f0bcbca58636d6042e1c,ff78982f7c0a0703787f4d4d317b00cfb3e5a39a29e46d5077ad927ba8f6791d,2df89739fab8b33530f176547eb23ed65b259bc7,true,3fd2b466a80460124036f52434e2df874153d4eb99bb1ac9746d92116e040e93
16030f150049bdfc1ce5c3ef,pauli,ryy,,,0.006283185307179587,0.001,22,8,1e-13,8.499977570131101e-06,8.496478331121438e-06,-3.499239009663313e-09,5.916450162254053e-05,0.9999999999999998,0.9999957500021853,"[1, 2, 4, 8, 8, 8, 8, 8, 8, 8, 4, 2, 1]","[1, 2, 4, 8, 8, 8, 8, 8, 8, 8, 4, 2, 1]",8.499995632016422e-06,8.496496378684881e-06,8.499995632016422e-06,9.864723472752246e-06,"{""input"": 0.03948256000876427, ""mpo_contract_compress"": 0.05604748195037246}",mpo_contract_compress,3,True,60,"[8.499995632016422e-06, 8.496496390009156e-06, 8.496496378684881e-06, 8.496496378684881e-06]","[8.499995632016422e-06, 8.499956926311114e-06, 8.499321716204378e-06, 8.496784469791407e-06, 8.496523277390367e-06, 8.496497783561097e-06, 8.49649639067529e-06, 8.49649639067529e-06, 8.49649639067529e-06, 8.49649639067529e-06, 8.49649639067529e-06, 8.49649639067529e-06, 8.496496389565067e-06, 8.496496389565067e-06, 8.496496389565067e-06, 8.496496389565067e-06, 8.496496389565067e-06, 8.496496389565067e-06, 8.496496389565067e-06, 8.496496389565067e-06, 8.496496389565067e-06, 8.496496389565067e-06, 8.496496389565067e-06, 8.496496390009156e-06, 8.496496390009156e-06, 8.496496390009156e-06, 8.496496390009156e-06, 8.496496390009156e-06, 8.496496390009156e-06, 8.496496390009156e-06, 8.496496378684881e-06, 8.496496378684881e-06, 8.496496378684881e-06, 8.496496378684881e-06, 8.496496378018747e-06, 8.496496378018747e-06, 8.496496378018747e-06, 8.496496378018747e-06, 8.496496378018747e-06, 8.496496378018747e-06, 8.496496378018747e-06, 8.496496378018747e-06, 8.496496378018747e-06, 8.496496378018747e-06, 8.496496378018747e-06, 8.496496378684881e-06, 8.496496378684881e-06, 8.496496378684881e-06, 8.496496378684881e-06, 8.496496378684881e-06, 8.496496378684881e-06, 8.496496378684881e-06, 8.496496378684881e-06, 8.496496378684881e-06, 8.496496378684881e-06, 8.496496378684881e-06, 8.49649637957306e-06, 8.49649637957306e-06, 8.49649637957306e-06, 8.49649637957306e-06, 8.49649637957306e-06, 8.49649637957306e-06, 8.49649637957306e-06, 8.49649637957306e-06, 8.49649637957306e-06, 8.49649637957306e-06, 8.49649637957306e-06]",16,3656,0.10137585992924869,0.999991503521668,2d33f4b11b74317e4c5fe921b98a6d7186a9cb308641f0bcbca58636d6042e1c,ff78982f7c0a0703787f4d4d317b00cfb3e5a39a29e46d5077ad927ba8f6791d,2df89739fab8b33530f176547eb23ed65b259bc7,true,3fd2b466a80460124036f52434e2df874153d4eb99bb1ac9746d92116e040e93
126f5aacc521ad52cddc3dfb,pauli,ryy,,,0.019869176530534244,0.00316227766,22,8,1e-13,8.532592482879409e-05,8.49559403781619e-05,-3.699844506321881e-07,0.0006093054171155606,1.0000000000000002,0.9999573361274863,"[1, 2, 4, 8, 8, 8, 8, 8, 8, 8, 4, 2, 1]","[1, 2, 4, 8, 8, 8, 8, 8, 8, 8, 4, 2, 1]",8.532774503278162e-05,8.495774483074925e-05,8.532774503278162e-05,9.864650343160974e-05,"{""input"": 0.05581970093771815, ""mpo_contract_compress"": 0.0401072648819536}",mpo_contract_compress,2,True,35,"[8.532774503278162e-05, 8.495774483141538e-05, 8.495774483074925e-05]","[8.532774503278162e-05, 8.532391034066222e-05, 8.525627720379347e-05, 8.498981716953402e-05, 8.496067768382076e-05, 8.495790256923819e-05, 8.495775543937434e-05, 8.49577500823262e-05, 8.4957744884262e-05, 8.4957744884262e-05, 8.4957744884262e-05, 8.4957744884262e-05, 8.495774488315178e-05, 8.495774488315178e-05, 8.495774488315178e-05, 8.495774488315178e-05, 8.495774488315178e-05, 8.495774488315178e-05, 8.495774488315178e-05, 8.495774483230356e-05, 8.495774483230356e-05, 8.495774483230356e-05, 8.495774483230356e-05, 8.495774483141538e-05, 8.495774483141538e-05, 8.495774483141538e-05, 8.495774483141538e-05, 8.495774483141538e-05, 8.495774483141538e-05, 8.495774483141538e-05, 8.495774483141538e-05, 8.495774483141538e-05, 8.495774483141538e-05, 8.495774483141538e-05, 8.49577448325256e-05, 8.49577448325256e-05, 8.49577448325256e-05, 8.49577448325256e-05, 8.49577448325256e-05, 8.49577448325256e-05, 8.49577448325256e-05, 8.49577448325256e-05, 8.49577448325256e-05, 8.49577448325256e-05, 8.49577448325256e-05]",16,3656,0.10179205797612667,0.9999150440596238,2d33f4b11b74317e4c5fe921b98a6d7186a9cb308641f0bcbca58636d6042e1c,ff78982f7c0a0703787f4d4d317b00cfb3e5a39a29e46d5077ad927ba8f6791d,2df89739fab8b33530f176547eb23ed65b259bc7,true,3fd2b466a80460124036f52434e2df874153d4eb99bb1ac9746d92116e040e93
20def7b90f015cffc38283a8,pauli,ryy,,,0.06283185307179587,0.01,22,8,1e-13,0.0009308705984866217,0.0008489365713126862,-8.19340271739355e-05,0.00928858101905957,1.0000000000000007,0.999534456335307,"[1, 2, 4, 8, 8, 8, 8, 8, 8, 8, 4, 2, 1]","[1, 2, 4, 8, 8, 8, 8, 8, 8, 8, 4, 2, 1]",0.0009863919081141148,0.0008491168211561817,0.000931087329390845,0.0009863919081141148,"{""input"": 0.056675764033570886, ""mpo_contract_compress"": 0.05621274490840733}",input,3,True,47,"[0.0009863919081141148, 0.0008491170038009699, 0.0008491168211561817, 0.0008491168211561817]","[0.0009863919081141148, 0.0009792769168059934, 0.0009706525225612328, 0.000958243979122475, 0.0009455413437500226, 0.0009364465638896924, 0.0009163013056439073, 0.0008953586067941277, 0.0008492102296959736, 0.0008492102296959736, 0.0008492102296959736, 0.0008492102296959736, 0.0008492102296941972, 0.0008492102296941972, 0.0008492102296941972, 0.0008492102296941972, 0.0008492049238140176, 0.0008491966599362133, 0.0008491597182291866, 0.0008491170038018581, 0.0008491170038018581, 0.0008491170038018581, 0.0008491170038018581, 0.0008491170038009699, 0.0008491170038009699, 0.0008491170038009699, 0.0008491170038009699, 0.0008491169973554591, 0.0008491169437150337, 0.0008491168945696792, 0.0008491168217314993, 0.0008491168217314993, 0.0008491168217314993, 0.0008491168217314993, 0.0008491168217317213, 0.0008491168217317213, 0.0008491168217317213, 0.0008491168217317213, 0.0008491168217117373, 0.0008491168216726575, 0.000849116821331819, 0.0008491168211532951, 0.0008491168211532951, 0.0008491168211532951, 0.0008491168211532951, 0.0008491168211561817, 0.0008491168211561817, 0.0008491168211561817, 0.0008491168211561817, 0.0008491168211561817, 0.0008491168211561817, 0.0008491168211561817, 0.0008491168211561817, 0.0008491168211561817, 0.0008491168211561817, 0.0008491168211561817, 0.0008491168211555156, 0.0008491168211555156, 0.0008491168211555156, 0.0008491168211555156, 0.0008491168211555156, 0.0008491168211555156, 0.0008491168211555156, 0.0008491168211555156, 0.0008491168211555156, 0.0008491168211555156, 0.0008491168211555156]",16,3656,0.11867160606198013,0.9991510634286878,2d33f4b11b74317e4c5fe921b98a6d7186a9cb308641f0bcbca58636d6042e1c,ff78982f7c0a0703787f4d4d317b00cfb3e5a39a29e46d5077ad927ba8f6791d,2df89739fab8b33530f176547eb23ed65b259bc7,true,3fd2b466a80460124036f52434e2df874153d4eb99bb1ac9746d92116e040e93
6f640aa5d9f11efa2d8cfa2a,pauli,ryy,,,0.6283185307179586,0.1,22,8,1e-13,0.04724481567548422,0.044475854639941304,-0.002768961035542916,0.09173443001682231,1.0000000000000009,0.9760917909318364,"[1, 2, 4, 8, 8, 8, 8, 8, 8, 8, 4, 2, 1]","[1, 2, 4, 8, 8, 8, 8, 8, 8, 8, 4, 2, 1]",0.09783739593483665,0.04498169281199704,0.04781641813632853,0.09783739593483665,"{""input"": 0.2784073860384524, ""mpo_contract_compress"": 0.31151893083006144}",input,17,True,234,"[0.09783739593483665, 0.04748325882370796, 0.04523594997970881, 0.04503305939882862, 0.044993513276583075, 0.04498459367950436, 0.04498244734801138, 0.0449818995474256, 0.04498175183638131, 0.044981710166261735, 0.044981698014946225, 0.04498169439099442, 0.04498169329435098, 0.044981692959424, 0.04498169285654563, 0.04498169282482922, 0.04498169281502995, 0.04498169281199704]","[0.09783739593483665, 0.09711384596215966, 0.0962371644216593, 0.09497652008992108, 0.09324450298060372, 0.0913982901910626, 0.08639997027315882, 0.07800978629949151, 0.061544764878325164, 0.061544764878325164, 0.061544764878325164, 0.061544764878325164, 0.06154476487832561, 0.06154476487832561, 0.06154476487832561, 0.06154476487832561, 0.06065515332262161, 0.05828242694228569, 0.05179478531363246, 0.04748325882370619, 0.04748325882370619, 0.04748325882370619, 0.04748325882370619, 0.04748325882370796, 0.04748325882370796, 0.04748325882370796, 0.04748325882370796, 0.047401214809271286, 0.04713802813120904, 0.04673175204510982, 0.04565871268637234, 0.04565871268637234, 0.04565871268637234, 0.04565871268637234, 0.045658712686374114, 0.045658712686374114, 0.045658712686374114, 0.045658712686374114, 0.04541628007672105, 0.045377519256903254, 0.045293833826292706, 0.04523594997971192, 0.04523594997971192, 0.04523594997971192, 0.04523594997971192, 0.04523594997970881, 0.04523594997970881, 0.04523594997970881, 0.04523594997970881, 0.045231979589172466, 0.04522434722271651, 0.045216122686819515, 0.04509309893559377, 0.04509309893559377, 0.04509309893559377, 0.04509309893559377, 0.04509309893559443, 0.04509309893559443, 0.04509309893559443, 0.04509309893559443, 0.04504449018419243, 0.045041372709552885, 0.0450359692370621, 0.04503305939882907, 0.04503305939882907, 0.04503305939882907, 0.04503305939882907, 0.04503305939882862, 0.04503305939882862, 0.04503305939882862, 0.04503305939882862, 0.04503272258415669, 0.04503219885915222, 0.0450317523374788, 0.045006137026512905, 0.045006137026512905, 0.045006137026512905, 0.045006137026512905, 0.045006137026509574, 0.045006137026509574, 0.045006137026509574, 0.045006137026509574, 0.04499514964024831, 0.04499456162110427, 0.04499382036545296, 0.04499351327658263, 0.04499351327658263, 0.04499351327658263, 0.04499351327658263, 0.044993513276583075, 0.044993513276583075, 0.044993513276583075, 0.044993513276583075, 0.04499349239984651, 0.044993432366896124, 0.04499338038460321, 0.0449875076405597, 0.0449875076405597, 0.0449875076405597, 0.0449875076405597, 0.04498750764056014, 0.04498750764056014, 0.04498750764056014, 0.04498750764056014, 0.0449849675463212, 0.04498482550899374, 0.04498465118045858, 0.0449845936795048, 0.0449845936795048, 0.0449845936795048, 0.0449845936795048, 0.04498459367950436, 0.04498459367950436, 0.04498459367950436, 0.04498459367950436, 0.04498459026574464, 0.04498457237645703, 0.04498455498496945, 0.044983162208402705, 0.044983162208402705, 0.044983162208402705, 0.044983162208402705, 0.04498316220840448, 0.04498316220840448, 0.04498316220840448, 0.04498316220840448, 0.044982562785242264, 0.04498252608703801, 0.04498247317334991, 0.04498244734801071, 0.04498244734801071, 0.04498244734801071, 0.04498244734801071, 0.04498244734801138, 0.04498244734801138, 0.04498244734801138, 0.04498244734801138, 0.044982442360510966, 0.04498243348923148, 0.04498242522938023, 0.04498208547850613, 0.04498208547850613, 0.04498208547850613, 0.04498208547850613, 0.044982085478509015, 0.044982085478509015, 0.044982085478509015, 0.044982085478509015, 0.044981940530264275, 0.04498193072123402, 0.04498191317249067, 0.044981899547424486, 0.044981899547424486, 0.044981899547424486, 0.044981899547424486, 0.0449818995474256, 0.0449818995474256, 0.0449818995474256, 0.0449818995474256, 0.04498189597264113, 0.04498189180516343, 0.04498188813781545, 0.04498180279779773, 0.04498180279779773, 0.04498180279779773, 0.04498180279779773, 0.04498180279779973, 0.04498180279779973, 0.04498180279779973, 0.04498180279779973, 0.04498176678207, 0.044981764080827435, 0.04498175814712124, 0.04498175183638198, 0.04498175183638198, 0.04498175183638198, 0.04498175183638198, 0.04498175183638131, 0.04498175183638131, 0.04498175183638131, 0.04498175183638131, 0.04498175002441562, 0.04498174828340762, 0.04498174680789524, 0.04498172472219397, 0.04498172472219397, 0.04498172472219397, 0.04498172472219397, 0.04498172472219486, 0.04498172472219486, 0.04498172472219486, 0.04498172472219486, 0.04498171551705288, 0.04498171475284196, 0.04498171275872864, 0.04498171016626151, 0.04498171016626151, 0.04498171016626151, 0.04498171016626151, 0.044981710166261735, 0.044981710166261735, 0.044981710166261735, 0.044981710166261735, 0.04498170939590285, 0.044981708729827874, 0.04498170817857505, 0.04498170229614895, 0.04498170229614895, 0.04498170229614895, 0.04498170229614895, 0.044981702296150505, 0.044981702296150505, 0.044981702296150505, 0.044981702296150505, 0.04498169987739642, 0.04498169965630128, 0.044981698995024466, 0.04498169801494334, 0.04498169801494334, 0.04498169801494334, 0.04498169801494334, 0.044981698014946225, 0.044981698014946225, 0.044981698014946225, 0.044981698014946225, 0.04498169771901517, 0.04498169747906, 0.04498169728349688, 0.04498169567499177, 0.04498169567499177, 0.04498169567499177, 0.04498169567499177, 0.04498169567499288, 0.04498169567499288, 0.04498169567499288, 0.04498169567499288, 0.044981695022739965, 0.044981694957650475, 0.044981694741317524, 0.044981694390993754, 0.044981694390993754, 0.044981694390993754, 0.044981694390993754, 0.04498169439099442, 0.04498169439099442, 0.04498169439099442, 0.04498169439099442, 0.044981694284291995, 0.04498169420132658, 0.04498169413440567, 0.0449816936842895, 0.0449816936842895, 0.0449816936842895, 0.0449816936842895, 0.04498169368429039, 0.04498169368429039, 0.04498169368429039, 0.04498169368429039, 0.044981693504230424, 0.0449816934848144, 0.04498169341485858, 0.04498169329435031, 0.04498169329435031, 0.04498169329435031, 0.04498169329435031, 0.04498169329435098, 0.04498169329435098, 0.04498169329435098, 0.04498169329435098, 0.04498169325744983, 0.04498169322957413, 0.04498169320724643, 0.04498169307877986, 0.04498169307877986, 0.04498169307877986, 0.04498169307877986, 0.044981693078781415, 0.044981693078781415, 0.044981693078781415, 0.044981693078781415, 0.04498169302804067, 0.04498169302219335, 0.04498169299978061, 0.044981692959424446, 0.044981692959424446, 0.044981692959424446, 0.044981692959424446, 0.044981692959424, 0.044981692959424, 0.044981692959424, 0.044981692959424, 0.0449816929470237, 0.04498169293784482, 0.04498169293053045, 0.044981692893259595, 0.044981692893259595, 0.044981692893259595, 0.044981692893259595, 0.044981692893257375, 0.044981692893257375, 0.044981692893257375, 0.044981692893257375, 0.044981692878705015, 0.044981692876931545, 0.04498169286980258, 0.044981692856544075, 0.044981692856544075, 0.044981692856544075, 0.044981692856544075, 0.04498169285654563, 0.04498169285654563, 0.04498169285654563, 0.04498169285654563, 0.04498169285245912, 0.044981692849480615, 0.04498169284711495, 0.04498169283615394, 0.04498169283615394, 0.04498169283615394, 0.04498169283615394, 0.044981692836157716, 0.044981692836157716, 0.044981692836157716, 0.044981692836157716, 0.04498169283191755, 0.044981692831375986, 0.04498169282912201, 0.044981692824827, 0.044981692824827, 0.044981692824827, 0.044981692824827, 0.04498169282482922, 0.04498169282482922, 0.04498169282482922, 0.04498169282482922, 0.044981692823502506, 0.04498169282254705, 0.044981692821790764, 0.04498169281853159, 0.04498169281853159, 0.04498169281853159, 0.04498169281853159, 0.04498169281853137, 0.04498169281853137, 0.04498169281853137, 0.04498169281853137, 0.04498169281728259, 0.044981692817117835, 0.04498169281640685, 0.04498169281502973, 0.04498169281502973, 0.04498169281502973, 0.04498169281502973, 0.04498169281502995, 0.04498169281502995, 0.04498169281502995, 0.04498169281502995, 0.04498169281460318, 0.04498169281430009, 0.04498169281405873, 0.04498169281308151, 0.04498169281308151, 0.04498169281308151, 0.04498169281308151, 0.044981692813082175, 0.044981692813082175, 0.044981692813082175, 0.044981692813082175, 0.04498169281271003, 0.04498169281265807, 0.0449816928124358, 0.04498169281199771, 0.04498169281199771, 0.04498169281199771, 0.04498169281199771]",16,3656,0.5957716139964759,0.955524145360059,2d33f4b11b74317e4c5fe921b98a6d7186a9cb308641f0bcbca58636d6042e1c,ff78982f7c0a0703787f4d4d317b00cfb3e5a39a29e46d5077ad927ba8f6791d,2df89739fab8b33530f176547eb23ed65b259bc7,true,3fd2b466a80460124036f52434e2df874153d4eb99bb1ac9746d92116e040e93
6d500e3ec0bb0c8a94ca88b8,pauli,ryy,,,1.5707963267948966,0.25,22,8,1e-13,0.106176516643539,0.10262229053780514,-0.0035542261057338598,0.10227601335926546,1.0000000000000002,0.9454223835706788,"[1, 2, 4, 8, 8, 8, 8, 8, 8, 8, 4, 2, 1]","[1, 2, 4, 8, 8, 8, 8, 8, 8, 8, 4, 2, 1]",0.5854373692520731,0.10539955720242289,0.10915523285864559,0.5854373692520731,"{""input"": 0.24905537883751094, ""mpo_contract_compress"": 0.18337624380365014}",input,15,True,208,"[0.5854373692520731, 0.12680526631797218, 0.11036521463355964, 0.10598656853517063, 0.10546664297594921, 0.10540884198004385, 0.10540102994908329, 0.1053998118274484, 0.10539960396183856, 0.1053995661767324, 0.10539955898005338, 0.10539955756194974, 0.10539955727575046, 0.10539955721704164, 0.10539955720486627, 0.10539955720242289]","[0.5854373692520731, 0.5803510716323503, 0.5742100488383675, 0.5654205858517993, 0.5514114181218983, 0.5350412633687966, 0.4817507359750981, 0.38696761675185387, 0.1963417336233806, 0.1963417336233806, 0.1963417336233806, 0.1963417336233806, 0.19634173362337926, 0.19634173362337926, 0.19634173362337926, 0.19634173362337926, 0.18550137651561638, 0.1797236959356483, 0.14619669517748002, 0.12680526631797284, 0.12680526631797284, 0.12680526631797284, 0.12680526631797284, 0.12680526631797218, 0.12680526631797218, 0.12680526631797218, 0.12680526631797218, 0.1265440469729484, 0.1242705367686383, 0.1218821229178848, 0.11656762149997513, 0.11656762149997513, 0.11656762149997513, 0.11656762149997513, 0.11656762149997468, 0.11656762149997468, 0.11656762149997468, 0.11656762149997468, 0.11472278650784862, 0.11339873008112411, 0.11108735840213613, 0.1103652146335583, 0.1103652146335583, 0.1103652146335583, 0.1103652146335583, 0.11036521463355964, 0.11036521463355964, 0.11036521463355964, 0.11036521463355964, 0.11031165623360861, 0.10939882649955446, 0.10819314336063646, 0.107164438247773, 0.107164438247773, 0.107164438247773, 0.107164438247773, 0.10716443824777366, 0.10716443824777366, 0.10716443824777366, 0.10716443824777366, 0.10706250394612571, 0.10696635763184537, 0.1063974559823011, 0.10598656853517174, 0.10598656853517174, 0.10598656853517174, 0.10598656853517174, 0.10598656853517063, 0.10598656853517063, 0.10598656853517063, 0.10598656853517063, 0.10594568344946342, 0.1057495906755681, 0.10565862365162748, 0.10559298385060711, 0.10559298385060711, 0.10559298385060711, 0.10559298385060711, 0.10559298385061155, 0.10559298385061155, 0.10559298385061155, 0.10559298385061155, 0.10558559881440743, 0.10557790739229755, 0.10552998420754123, 0.10546664297594988, 0.10546664297594988, 0.10546664297594988, 0.10546664297594988, 0.10546664297594921, 0.10546664297594921, 0.10546664297594921, 0.10546664297594921, 0.10545785563061694, 0.10543761469844948, 0.10543168712636386, 0.10542398991813817, 0.10542398991813817, 0.10542398991813817, 0.10542398991813817, 0.10542398991813617, 0.10542398991813617, 0.10542398991813617, 0.10542398991813617, 0.1054226216606271, 0.10542187168818096, 0.10541787041978812, 0.10540884198004319, 0.10540884198004319, 0.10540884198004319, 0.10540884198004319, 0.10540884198004385, 0.10540884198004385, 0.10540884198004385, 0.10540884198004385, 0.10540725765842551, 0.10540486075355338, 0.10540428237939459, 0.1054032076072795, 0.1054032076072795, 0.1054032076072795, 0.1054032076072795, 0.10540320760727973, 0.10540320760727973, 0.10540320760727973, 0.10540320760727973, 0.1054029921209012, 0.10540290796607388, 0.10540248089741255, 0.10540102994908285, 0.10540102994908285, 0.10540102994908285, 0.10540102994908285, 0.10540102994908329, 0.10540102994908329, 0.10540102994908329, 0.10540102994908329, 0.10540074276926714, 0.1054003890321864, 0.1054003109471453, 0.10540016427359955, 0.10540016427359955, 0.10540016427359955, 0.10540016427359955, 0.10540016427360044, 0.10540016427360044, 0.10540016427360044, 0.10540016427360044, 0.10540013521104696, 0.1054001245670142, 0.10540006560351123, 0.10539981182744862, 0.10539981182744862, 0.10539981182744862, 0.10539981182744862, 0.1053998118274484, 0.1053998118274484, 0.1053998118274484, 0.1053998118274484, 0.10539975876556307, 0.10539969882239486, 0.10539968568056746, 0.10539966562525294, 0.10539966562525294, 0.10539966562525294, 0.10539966562525294, 0.10539966562525294, 0.10539966562525294, 0.10539966562525294, 0.10539966562525294, 0.10539966195382422, 0.10539966035677262, 0.1053996505849315, 0.10539960396183923, 0.10539960396183923, 0.10539960396183923, 0.10539960396183923, 0.10539960396183856, 0.10539960396183856, 0.10539960396183856, 0.10539960396183856, 0.10539959397651044, 0.10539958303714148, 0.10539958051467502, 0.10539957759228935, 0.10539957759228935, 0.10539957759228935, 0.10539957759228935, 0.1053995775922889, 0.1053995775922889, 0.1053995775922889, 0.1053995775922889, 0.10539957711818393, 0.10539957682561174, 0.10539957501939967, 0.10539956617673507, 0.10539956617673507, 0.10539956617673507, 0.10539956617673507, 0.1053995661767324, 0.1053995661767324, 0.1053995661767324, 0.1053995661767324, 0.1053995642648149, 0.10539956218243107, 0.10539956166275855, 0.10539956118361027, 0.10539956118361027, 0.10539956118361027, 0.10539956118361027, 0.1053995611836096, 0.1053995611836096, 0.1053995611836096, 0.1053995611836096, 0.10539956111424376, 0.10539956105193582, 0.10539956069680145, 0.10539955898005293, 0.10539955898005293, 0.10539955898005293, 0.10539955898005293, 0.10539955898005338, 0.10539955898005338, 0.10539955898005338, 0.10539955898005338, 0.10539955860801631, 0.10539955820076163, 0.10539955808990942, 0.10539955800030598, 0.10539955800030598, 0.10539955800030598, 0.10539955800030598, 0.10539955800030865, 0.10539955800030865, 0.10539955800030865, 0.10539955800030865, 0.10539955798794809, 0.10539955797368528, 0.10539955790138267, 0.10539955756194952, 0.10539955756194952, 0.10539955756194952, 0.10539955756194952, 0.10539955756194974, 0.10539955756194974, 0.10539955756194974, 0.10539955756194974, 0.10539955748849605, 0.10539955740731854, 0.10539955738331508, 0.10539955736479811, 0.10539955736479811, 0.10539955736479811, 0.10539955736479811, 0.10539955736479856, 0.10539955736479856, 0.10539955736479856, 0.10539955736479856, 0.10539955736218798, 0.10539955735885953, 0.1053995573438451, 0.10539955727575001, 0.10539955727575001, 0.10539955727575001, 0.10539955727575001, 0.10539955727575046, 0.10539955727575046, 0.10539955727575046, 0.10539955727575046, 0.10539955726106243, 0.10539955724465178, 0.10539955723942729, 0.10539955723538674, 0.10539955723538674, 0.10539955723538674, 0.10539955723538674, 0.10539955723538674, 0.10539955723538674, 0.10539955723538674, 0.10539955723538674, 0.10539955723478434, 0.10539955723401206, 0.10539955723085948, 0.10539955721704009, 0.10539955721704009, 0.10539955721704009, 0.10539955721704009, 0.10539955721704164, 0.10539955721704164, 0.10539955721704164, 0.10539955721704164, 0.10539955721407268, 0.10539955721072003, 0.10539955720958383, 0.10539955720868321, 0.10539955720868321, 0.10539955720868321, 0.10539955720868321, 0.1053995572086821, 0.1053995572086821, 0.1053995572086821, 0.1053995572086821, 0.10539955720854155, 0.10539955720836502, 0.10539955720769734, 0.10539955720486649, 0.10539955720486649, 0.10539955720486649, 0.10539955720486649, 0.10539955720486627, 0.10539955720486627, 0.10539955720486627, 0.10539955720486627, 0.1053995572042612, 0.10539955720357197, 0.10539955720332417, 0.10539955720312255, 0.10539955720312255, 0.10539955720312255, 0.10539955720312255, 0.105399557203123, 0.105399557203123, 0.105399557203123, 0.105399557203123, 0.105399557203123, 0.105399557203123, 0.10539955720296978, 0.10539955720242289, 0.10539955720242289, 0.10539955720242289, 0.10539955720242289]",16,3656,0.4382132140453905,0.8973777094621942,2d33f4b11b74317e4c5fe921b98a6d7186a9cb308641f0bcbca58636d6042e1c,ff78982f7c0a0703787f4d4d317b00cfb3e5a39a29e46d5077ad927ba8f6791d,2df89739fab8b33530f176547eb23ed65b259bc7,true,3fd2b466a80460124036f52434e2df874153d4eb99bb1ac9746d92116e040e93
0a1584f8f2cfd4159db52f84,pauli,ryy,,,0.0,0.0,33,8,1e-13,2.220446049250313e-16,0.0,-2.220446049250313e-16,3.3370765691034825e-15,1.0,1.0000000000000004,"[1, 2, 4, 8, 8, 8, 8, 8, 8, 8, 4, 2, 1]","[1, 2, 4, 8, 8, 8, 8, 8, 8, 8, 4, 2, 1]",0.0,0.0,2.220446049250313e-16,0.0,"{""input"": 0.005326547892764211, ""mpo_contract_compress"": 0.005294940900057554}",input,0,True,0,[0.0],[0.0],8,936,0.015218670014292002,1.0,2d33f4b11b74317e4c5fe921b98a6d7186a9cb308641f0bcbca58636d6042e1c,ff78982f7c0a0703787f4d4d317b00cfb3e5a39a29e46d5077ad927ba8f6791d,2df89739fab8b33530f176547eb23ed65b259bc7,true,3fd2b466a80460124036f52434e2df874153d4eb99bb1ac9746d92116e040e93
1c0ec0c8dc260eb30d06dff5,pauli,ryy,,,0.0006283185307179586,0.0001,33,8,1e-13,6.028845023209328e-08,6.028840782157374e-08,-4.241051954068098e-14,2.1546014524099752e-07,1.0000000000000009,0.9999999698557757,"[1, 2, 4, 8, 8, 8, 8, 8, 8, 8, 4, 2, 1]","[1, 2, 4, 8, 8, 8, 8, 8, 8, 8, 4, 2, 1]",9.76892895465653e-08,6.028840693339532e-08,6.028845067618249e-08,9.76892895465653e-08,"{""input"": 0.03963224100880325, ""mpo_contract_compress"": 0.040298715932294726}",input,2,True,37,"[9.76892895465653e-08, 6.028840693339532e-08, 6.028840693339532e-08]","[9.76892895465653e-08, 7.515328093177231e-08, 7.38524046361988e-08, 7.200792762063202e-08, 6.886618608703543e-08, 6.534690277781863e-08, 6.303572863686213e-08, 6.123973106397784e-08, 6.028840671135072e-08, 6.028840671135072e-08, 6.028840671135072e-08, 6.028840671135072e-08, 6.028840715543993e-08, 6.028840715543993e-08, 6.028840715543993e-08, 6.028840715543993e-08, 6.028840715543993e-08, 6.028840715543993e-08, 6.028840715543993e-08, 6.028840715543993e-08, 6.028840715543993e-08, 6.028840715543993e-08, 6.028840715543993e-08, 6.028840693339532e-08, 6.028840693339532e-08, 6.028840693339532e-08, 6.028840693339532e-08, 6.028840693339532e-08, 6.028840693339532e-08, 6.028840693339532e-08, 6.028840693339532e-08, 6.028840693339532e-08, 6.028840693339532e-08, 6.028840693339532e-08, 6.028841004201979e-08, 6.028841004201979e-08, 6.028841004201979e-08, 6.028841004201979e-08, 6.028841004201979e-08, 6.028841004201979e-08, 6.028841004201979e-08, 6.028841004201979e-08, 6.028841004201979e-08, 6.028841004201979e-08, 6.028841004201979e-08]",16,3656,0.08597801602445543,0.9999999397115922,2d33f4b11b74317e4c5fe921b98a6d7186a9cb308641f0bcbca58636d6042e1c,ff78982f7c0a0703787f4d4d317b00cfb3e5a39a29e46d5077ad927ba8f6791d,2df89739fab8b33530f176547eb23ed65b259bc7,true,3fd2b466a80460124036f52434e2df874153d4eb99bb1ac9746d92116e040e93
ab9b258e9450a526ef5662d1,pauli,ryy,,,0.001986917653053424,0.000316227766,33,8,1e-13,6.029013784880632e-07,6.0289703718297e-07,-4.34130509319175e-12,2.083892113355146e-06,0.9999999999999997,0.9999996985492641,"[1, 2, 4, 8, 8, 8, 8, 8, 8, 8, 4, 2, 1]","[1, 2, 4, 8, 8, 8, 8, 8, 8, 8, 4, 2, 1]",9.768928075359895e-07,6.028971297755703e-07,6.029014709696412e-07,9.768928075359895e-07,"{""input"": 0.0400588761549443, ""mpo_contract_compress"": 0.04080125200562179}",input,2,True,34,"[9.768928075359895e-07, 6.028971304417041e-07, 6.028971297755703e-07]","[9.768928075359895e-07, 7.515327196117028e-07, 7.385239522150755e-07, 7.200791842798537e-07, 6.886693899588181e-07, 6.534869729790671e-07, 6.303739843449563e-07, 6.124121216810607e-07, 6.028971724081345e-07, 6.028971724081345e-07, 6.028971724081345e-07, 6.028971724081345e-07, 6.028971739624467e-07, 6.028971739624467e-07, 6.028971739624467e-07, 6.028971739624467e-07, 6.028971739624467e-07, 6.028971739624467e-07, 6.028971544225215e-07, 6.028971284433027e-07, 6.028971284433027e-07, 6.028971284433027e-07, 6.028971284433027e-07, 6.028971304417041e-07, 6.028971304417041e-07, 6.028971304417041e-07, 6.028971304417041e-07, 6.028971304417041e-07, 6.028971304417041e-07, 6.028971304417041e-07, 6.028971304417041e-07, 6.028971304417041e-07, 6.028971304417041e-07, 6.028971304417041e-07, 6.028971293314811e-07, 6.028971293314811e-07, 6.028971293314811e-07, 6.028971293314811e-07, 6.028971293314811e-07, 6.028971293314811e-07, 6.028971293314811e-07, 6.028971293314811e-07, 6.028971293314811e-07, 6.028971293314811e-07, 6.028971293314811e-07]",16,3656,0.08664677198976278,0.9999993971029613,2d33f4b11b74317e4c5fe921b98a6d7186a9cb308641f0bcbca58636d6042e1c,ff78982f7c0a0703787f4d4d317b00cfb3e5a39a29e46d5077ad927ba8f6791d,2df89739fab8b33530f176547eb23ed65b259bc7,true,3fd2b466a80460124036f52434e2df874153d4eb99bb1ac9746d92116e040e93
6bd8367b566c547fd448aaf2,pauli,ryy,,,0.006283185307179587,0.001,33,8,1e-13,6.029772577131887e-06,6.02933834403796e-06,-4.3423309392665033e-10,2.0836476577779368e-05,0.9999999999999997,0.9999969851091651,"[1, 2, 4, 8, 8, 8, 8, 8, 8, 8, 4, 2, 1]","[1, 2, 4, 8, 8, 8, 8, 8, 8, 8, 4, 2, 1]",9.768920604447118e-06,6.029347430658305e-06,6.029781668859258e-06,9.768920604447118e-06,"{""input"": 0.039304137928411365, ""mpo_contract_compress"": 0.03982924693264067}",input,2,True,33,"[9.768920604447118e-06, 6.029347430658305e-06, 6.029347430658305e-06]","[9.768920604447118e-06, 7.515317635542473e-06, 7.385229914058655e-06, 7.200782172533948e-06, 6.886923876736617e-06, 6.535419921238628e-06, 6.3042442304261925e-06, 6.124559261522222e-06, 6.0293518440168725e-06, 6.0293518440168725e-06, 6.0293518440168725e-06, 6.0293518440168725e-06, 6.029351845571185e-06, 6.029351845571185e-06, 6.029351845571185e-06, 6.029351845571185e-06, 6.029351790282078e-06, 6.02935144367045e-06, 6.029349991720778e-06, 6.029347434211019e-06, 6.029347434211019e-06, 6.029347434211019e-06, 6.029347434211019e-06, 6.029347430658305e-06, 6.029347430658305e-06, 6.029347430658305e-06, 6.029347430658305e-06, 6.029347430658305e-06, 6.029347430658305e-06, 6.029347430658305e-06, 6.029347430658305e-06, 6.029347430658305e-06, 6.029347430658305e-06, 6.029347430658305e-06, 6.0293474326567065e-06, 6.0293474326567065e-06, 6.0293474326567065e-06, 6.0293474326567065e-06, 6.0293474326567065e-06, 6.0293474326567065e-06, 6.0293474326567065e-06, 6.0293474326567065e-06, 6.0293474326567065e-06, 6.0293474326567065e-06, 6.0293474326567065e-06]",16,3656,0.08490913920104504,0.9999939706616565,2d33f4b11b74317e4c5fe921b98a6d7186a9cb308641f0bcbca58636d6042e1c,ff78982f7c0a0703787f4d4d317b00cfb3e5a39a29e46d5077ad927ba8f6791d,2df89739fab8b33530f176547eb23ed65b259bc7,true,3fd2b466a80460124036f52434e2df874153d4eb99bb1ac9746d92116e040e93
782e0cd849b487c44e284fbb,pauli,ryy,,,0.019869176530534244,0.00316227766,33,8,1e-13,6.034442583102706e-05,6.0300802320001345e-05,-4.362351102571438e-08,0.0002088979502594497,1.0000000000000002,0.9999698273318913,"[1, 2, 4, 8, 8, 8, 8, 8, 8, 8, 4, 2, 1]","[1, 2, 4, 8, 8, 8, 8, 8, 8, 8, 4, 2, 1]",6.034533621956939e-05,6.030171139381757e-05,6.034533621956939e-05,9.768846077928828e-05,"{""input"": 0.05551237892359495, ""mpo_contract_compress"": 0.03989277617074549}",mpo_contract_compress,2,True,35,"[6.034533621956939e-05, 6.030171139514984e-05, 6.030171139381757e-05]","[6.034533621956939e-05, 6.0344423346681e-05, 6.03386121784677e-05, 6.0307472667275874e-05, 6.030236980758552e-05, 6.0301776143356633e-05, 6.0301712224930526e-05, 6.030171157611619e-05, 6.030171140736229e-05, 6.030171140736229e-05, 6.030171140736229e-05, 6.030171140736229e-05, 6.030171140780638e-05, 6.030171140780638e-05, 6.030171140780638e-05, 6.030171140780638e-05, 6.030171140780638e-05, 6.030171140780638e-05, 6.030171140780638e-05, 6.0301711393151436e-05, 6.0301711393151436e-05, 6.0301711393151436e-05, 6.0301711393151436e-05, 6.030171139514984e-05, 6.030171139514984e-05, 6.030171139514984e-05, 6.030171139514984e-05, 6.030171139514984e-05, 6.030171139514984e-05, 6.030171139514984e-05, 6.030171139514984e-05, 6.030171139514984e-05, 6.030171139514984e-05, 6.030171139514984e-05, 6.030171139292939e-05, 6.030171139292939e-05, 6.030171139292939e-05, 6.030171139292939e-05, 6.030171139292939e-05, 6.030171139292939e-05, 6.030171139292939e-05, 6.030171139292939e-05, 6.030171139292939e-05, 6.030171139292939e-05, 6.030171139292939e-05]",16,3656,0.10121303400956094,0.999939699197681,2d33f4b11b74317e4c5fe921b98a6d7186a9cb308641f0bcbca58636d6042e1c,ff78982f7c0a0703787f4d4d317b00cfb3e5a39a29e46d5077ad927ba8f6791d,2df89739fab8b33530f176547eb23ed65b259bc7,true,3fd2b466a80460124036f52434e2df874153d4eb99bb1ac9746d92116e040e93
d50adfd436a0e066015a3405,pauli,ryy,,,0.06283185307179587,0.01,33,8,1e-13,0.000607445101480808,0.000602817717917481,-4.627383563327037e-06,0.0021631183096861776,1.0000000000000002,0.9996962313115514,"[1, 2, 4, 8, 8, 8, 8, 8, 8, 8, 4, 2, 1]","[1, 2, 4, 8, 8, 8, 8, 8, 8, 8, 4, 2, 1]",0.000976810085267843,0.0006029085926122502,0.0006075373768983372,0.000976810085267843,"{""input"": 0.05554222106002271, ""mpo_contract_compress"": 0.05563211697153747}",input,3,True,47,"[0.000976810085267843, 0.0006029086492360669, 0.0006029085926124722, 0.0006029085926122502]","[0.000976810085267843, 0.0007514267727166679, 0.0007384174399052146, 0.0007199720144246413, 0.0006888799774398269, 0.0006540232197009832, 0.000630755666638283, 0.0006126106238970586, 0.0006029554843274276, 0.0006029554843274276, 0.0006029554843274276, 0.0006029554843274276, 0.0006029554843296481, 0.0006029554843296481, 0.0006029554843296481, 0.0006029554843296481, 0.0006029549095540876, 0.000602951329496948, 0.0006029360161419195, 0.0006029086492347346, 0.0006029086492347346, 0.0006029086492347346, 0.0006029086492347346, 0.0006029086492360669, 0.0006029086492360669, 0.0006029086492360669, 0.0006029086492360669, 0.0006029086338386058, 0.000602908610004782, 0.0006029085972296677, 0.0006029085927119482, 0.0006029085927119482, 0.0006029085927119482, 0.0006029085927119482, 0.0006029085927155009, 0.0006029085927155009, 0.0006029085927155009, 0.0006029085927155009, 0.0006029085927155009, 0.0006029085927021782, 0.0006029085926682054, 0.0006029085926122502, 0.0006029085926122502, 0.0006029085926122502, 0.0006029085926122502, 0.0006029085926124722, 0.0006029085926124722, 0.0006029085926124722, 0.0006029085926124722, 0.0006029085926124722, 0.0006029085926124722, 0.0006029085926124722, 0.0006029085926124722, 0.0006029085926124722, 0.0006029085926124722, 0.0006029085926124722, 0.0006029085926106958, 0.0006029085926106958, 0.0006029085926106958, 0.0006029085926106958, 0.0006029085926106958, 0.0006029085926106958, 0.0006029085926106958, 0.0006029085926106958, 0.0006029085926106958, 0.0006029085926106958, 0.0006029085926106958]",16,3656,0.11700000194832683,0.9993971822820814,2d33f4b11b74317e4c5fe921b98a6d7186a9cb308641f0bcbca58636d6042e1c,ff78982f7c0a0703787f4d4d317b00cfb3e5a39a29e46d5077ad927ba8f6791d,2df89739fab8b33530f176547eb23ed65b259bc7,true,3fd2b466a80460124036f52434e2df874153d4eb99bb1ac9746d92116e040e93
2e24c10df0fbb906009020f7,pauli,ryy,,,0.6283185307179586,0.1,33,8,1e-13,0.039606312039721536,0.03796596217465564,-0.0016403498650658932,0.07567411357308537,1.0000000000000004,0.9799967795662787,"[1, 2, 4, 8, 8, 8, 8, 8, 8, 8, 4, 2, 1]","[1, 2, 4, 8, 8, 8, 8, 8, 8, 8, 4, 2, 1]",0.09686304829267134,0.03833332308942583,0.040006440867443205,0.09686304829267134,"{""input"": 0.214499584864825, ""mpo_contract_compress"": 0.1987770600244403}",input,13,True,180,"[0.09686304829267134, 0.04113755832353938, 0.03848951790258015, 0.038346673522942964, 0.038334896081299696, 0.03833355404664118, 0.038333361687453715, 0.038333330048786474, 0.03833332440129533, 0.0383333233429457, 0.038333323138874054, 0.03833332309888027, 0.03833332309096904, 0.03833332308942583]","[0.09686304829267134, 0.07408530428118687, 0.07277869194655806, 0.07092759971505469, 0.06785691192951027, 0.06215050667879218, 0.05758471064748161, 0.052652042631956775, 0.04946222564326486, 0.04946222564326486, 0.04946222564326486, 0.04946222564326486, 0.04946222564326419, 0.04946222564326419, 0.04946222564326419, 0.04946222564326419, 0.04920081459061665, 0.04811432182099762, 0.047133837342132834, 0.04113755832354005, 0.04113755832354005, 0.04113755832354005, 0.04113755832354005, 0.04113755832353938, 0.04113755832353938, 0.04113755832353938, 0.04113755832353938, 0.04072008103979341, 0.04042930395081168, 0.03938576444900388, 0.038957148992878166, 0.038957148992878166, 0.038957148992878166, 0.038957148992878166, 0.03895714899288061, 0.03895714899288061, 0.03895714899288061, 0.03895714899288061, 0.03894072664239445, 0.03875706100291332, 0.03861334234193614, 0.038489517902580817, 0.038489517902580817, 0.038489517902580817, 0.038489517902580817, 0.03848951790258015, 0.03848951790258015, 0.03848951790258015, 0.03848951790258015, 0.038483967383879936, 0.038467834060647244, 0.03840004054417134, 0.03837720672182421, 0.03837720672182421, 0.03837720672182421, 0.03837720672182421, 0.0383772067218251, 0.0383772067218251, 0.0383772067218251, 0.0383772067218251, 0.03837634276085722, 0.038363247454308746, 0.03835422281738721, 0.03834667352294252, 0.03834667352294252, 0.03834667352294252, 0.03834667352294252, 0.038346673522942964, 0.038346673522942964, 0.038346673522942964, 0.038346673522942964, 0.03834611496272888, 0.03834480157670783, 0.0383396079932099, 0.03833775608560486, 0.03833775608560486, 0.03833775608560486, 0.03833775608560486, 0.03833775608560752, 0.03833775608560752, 0.03833775608560752, 0.03833775608560752, 0.038337681684708746, 0.03833634039029632, 0.038335574203553824, 0.038334896081298586, 0.038334896081298586, 0.038334896081298586, 0.038334896081298586, 0.038334896081299696, 0.038334896081299696, 0.038334896081299696, 0.038334896081299696, 0.03833483855526865, 0.03833470375997994, 0.038334119778117515, 0.03833391371988837, 0.03833391371988837, 0.03833391371988837, 0.03833391371988837, 0.038333913719885926, 0.038333913719885926, 0.038333913719885926, 0.038333913719885926, 0.03833390492471711, 0.03833371822852372, 0.03833362309042765, 0.03833355404664096, 0.03833355404664096, 0.03833355404664096, 0.03833355404664096, 0.03833355404664118, 0.03833355404664118, 0.03833355404664118, 0.03833355404664118, 0.03833354854626658, 0.03833352948315372, 0.0383334450247903, 0.03833341638283816, 0.03833341638283816, 0.03833341638283816, 0.03833341638283816, 0.03833341638283749, 0.03833341638283749, 0.03833341638283749, 0.03833341638283749, 0.038333415095547885, 0.03833338538316977, 0.038333369802237005, 0.03833336168745416, 0.03833336168745416, 0.03833336168745416, 0.03833336168745416, 0.038333361687453715, 0.038333361687453715, 0.038333361687453715, 0.038333361687453715, 0.03833336117305097, 0.03833335772813551, 0.03833334390182519, 0.03833333936310601, 0.03833333936310601, 0.03833333936310601, 0.03833333936310601, 0.03833333936310712, 0.03833333936310712, 0.03833333936310712, 0.03833333936310712, 0.03833333915016146, 0.038333334083592296, 0.03833333119946869, 0.03833333004878603, 0.03833333004878603, 0.03833333004878603, 0.03833333004878603, 0.038333330048786474, 0.038333330048786474, 0.038333330048786474, 0.038333330048786474, 0.038333329996239174, 0.038333329303360086, 0.03833332687986468, 0.03833332609856077, 0.03833332609856077, 0.03833332609856077, 0.03833332609856077, 0.038333326098560994, 0.038333326098560994, 0.038333326098560994, 0.038333326098560994, 0.03833332606056716, 0.03833332515597143, 0.038333324597487506, 0.038333324401297775, 0.038333324401297775, 0.038333324401297775, 0.038333324401297775, 0.03833332440129533, 0.03833332440129533, 0.03833332440129533, 0.03833332440129533, 0.03833332439414017, 0.03833332425035829, 0.03833332380689902, 0.03833332366489395, 0.03833332366489395, 0.03833332366489395, 0.03833332366489395, 0.038333323664892616, 0.038333323664892616, 0.038333323664892616, 0.038333323664892616, 0.03833332365778408, 0.038333323490886695, 0.038333323380836726, 0.03833332334294348, 0.03833332334294348, 0.03833332334294348, 0.03833332334294348, 0.0383333233429457, 0.0383333233429457, 0.0383333233429457, 0.0383333233429457, 0.03833332334155348, 0.03833332331161121, 0.038333323228120664, 0.03833332320138605, 0.03833332320138605, 0.03833332320138605, 0.03833332320138605, 0.03833332320138849, 0.03833332320138849, 0.03833332320138849, 0.03833332320138849, 0.03833332320001959, 0.03833332316849658, 0.03833332314664317, 0.03833332313887672, 0.03833332313887672, 0.03833332313887672, 0.03833332313887672, 0.038333323138874054, 0.038333323138874054, 0.038333323138874054, 0.038333323138874054, 0.0383333231385552, 0.038333323132349495, 0.03833332311632476, 0.038333323111180206, 0.038333323111180206, 0.038333323111180206, 0.038333323111180206, 0.03833332311118087, 0.03833332311118087, 0.03833332311118087, 0.03833332311118087, 0.03833332311091131, 0.03833332310485971, 0.03833332310050497, 0.038333323098881156, 0.038333323098881156, 0.038333323098881156, 0.038333323098881156, 0.03833332309888027, 0.03833332309888027, 0.03833332309888027, 0.03833332309888027, 0.03833332309880477, 0.03833332309752646, 0.038333323094410066, 0.03833332309340598, 0.03833332309340598, 0.03833332309340598, 0.03833332309340598, 0.0383333230934082, 0.0383333230934082, 0.0383333230934082, 0.0383333230934082, 0.03833332309335313, 0.03833332309217874, 0.03833332309130788, 0.03833332309096993, 0.03833332309096993, 0.03833332309096993, 0.03833332309096993, 0.03833332309096904, 0.03833332309096904, 0.03833332309096904, 0.03833332309096904, 0.03833332309096904, 0.03833332309069637, 0.038333323090086635, 0.03833332308988968, 0.03833332308988968, 0.03833332308988968, 0.03833332308988968, 0.03833332308989035, 0.03833332308989035, 0.03833332308989035, 0.03833332308989035, 0.03833332308989035, 0.03833332308966986, 0.038333323089494, 0.03833332308942605, 0.03833332308942605, 0.03833332308942605, 0.03833332308942605]",16,3656,0.41916195186786354,0.9620340378253442,2d33f4b11b74317e4c5fe921b98a6d7186a9cb308641f0bcbca58636d6042e1c,ff78982f7c0a0703787f4d4d317b00cfb3e5a39a29e46d5077ad927ba8f6791d,2df89739fab8b33530f176547eb23ed65b259bc7,true,3fd2b466a80460124036f52434e2df874153d4eb99bb1ac9746d92116e040e93
47d4e13e2af07a0e88264b5e,pauli,ryy,,,1.5707963267948966,0.25,33,8,1e-13,0.08327731396043891,0.0807995940862627,-0.0024777198741762207,0.0946611584783079,1.0000000000000002,0.9574563624727567,"[1, 2, 4, 8, 8, 8, 8, 8, 8, 8, 4, 2, 1]","[1, 2, 4, 8, 8, 8, 8, 8, 8, 8, 4, 2, 1]",0.08508727505449043,0.08250120634850377,0.08508727505449043,0.5785918513056918,"{""input"": 0.3021480981260538, ""mpo_contract_compress"": 0.27046910393983126}",mpo_contract_compress,16,True,220,"[0.08508727505449043, 0.08260140027146279, 0.08253045295903516, 0.08251009388697561, 0.08250394565737573, 0.08250206033128604, 0.08250147502260319, 0.0825012914376202, 0.08250123341559545, 0.08250121498213892, 0.08250120910602354, 0.08250120722885246, 0.08250120662837479, 0.0825012064361339, 0.08250120637455582, 0.08250120635482472, 0.08250120634850377]","[0.08508727505449043, 0.08504350786695491, 0.08480109298179217, 0.08401826561490622, 0.08339810365703904, 0.08300115189264456, 0.08281153737840818, 0.08274461519201504, 0.08270563264008168, 0.08270563264008168, 0.08270563264008168, 0.08270563264008168, 0.08270563264007968, 0.08270563264007968, 0.08270563264007968, 0.08270563264007968, 0.08269682720583771, 0.08267575397976246, 0.08263907064534015, 0.08260140027146567, 0.08260140027146567, 0.08260140027146567, 0.08260140027146567, 0.08260140027146279, 0.08260140027146279, 0.08260140027146279, 0.08260140027146279, 0.08259902575606248, 0.08258080035952364, 0.08257066343942254, 0.08255490747907168, 0.08255490747907168, 0.08255490747907168, 0.08255490747907168, 0.0825549074790719, 0.0825549074790719, 0.0825549074790719, 0.0825549074790719, 0.08255103197315217, 0.08254508743699196, 0.08253557689682722, 0.08253045295903538, 0.08253045295903538, 0.08253045295903538, 0.08253045295903538, 0.08253045295903516, 0.08253045295903516, 0.08253045295903516, 0.08253045295903516, 0.08253002950582489, 0.08252502125651806, 0.08252261768525737, 0.08251731070243284, 0.08251731070243284, 0.08251731070243284, 0.08251731070243284, 0.0825173107024324, 0.0825173107024324, 0.0825173107024324, 0.0825173107024324, 0.08251599089219663, 0.08251441872937959, 0.08251142403629497, 0.0825100938869765, 0.0825100938869765, 0.0825100938869765, 0.0825100938869765, 0.08251009388697561, 0.08251009388697561, 0.08251009388697561, 0.08251009388697561, 0.08250997803026072, 0.08250836512209414, 0.08250772656501026, 0.08250613561233933, 0.08250613561233933, 0.08250613561233933, 0.08250613561233933, 0.08250613561234021, 0.08250613561234021, 0.08250613561234021, 0.08250613561234021, 0.08250574173322045, 0.08250533357859391, 0.08250434098238468, 0.08250394565737817, 0.08250394565737817, 0.08250394565737817, 0.08250394565737817, 0.08250394565737573, 0.08250394565737573, 0.08250394565737573, 0.08250394565737573, 0.08250391082794883, 0.08250337021397014, 0.08250318652487798, 0.08250273432067878, 0.08250273432067878, 0.08250273432067878, 0.08250273432067878, 0.08250273432067834, 0.08250273432067834, 0.08250273432067834, 0.08250273432067834, 0.0825026236306976, 0.08250251597605818, 0.08250218344701765, 0.08250206033128671, 0.08250206033128671, 0.08250206033128671, 0.08250206033128671, 0.08250206033128604, 0.08250206033128604, 0.08250206033128604, 0.08250206033128604, 0.08250204946318584, 0.08250186719430364, 0.0825018114936309, 0.08250168496540633, 0.08250168496540633, 0.08250168496540633, 0.08250168496540633, 0.08250168496540566, 0.08250168496540566, 0.08250168496540566, 0.08250168496540566, 0.08250165445287294, 0.08250162524061233, 0.08250151411439877, 0.08250147502260452, 0.08250147502260452, 0.08250147502260452, 0.08250147502260452, 0.08250147502260319, 0.08250147502260319, 0.08250147502260319, 0.08250147502260319, 0.08250147157596488, 0.08250141045331771, 0.08250139303007664, 0.08250135746096876, 0.08250135746096876, 0.08250135746096876, 0.08250135746096876, 0.08250135746096965, 0.08250135746096965, 0.08250135746096965, 0.08250135746096965, 0.08250134902645145, 0.08250134084612903, 0.08250130395110489, 0.08250129143761886, 0.08250129143761886, 0.08250129143761886, 0.08250129143761886, 0.0825012914376202, 0.0825012914376202, 0.0825012914376202, 0.0825012914376202, 0.08250129033697284, 0.08250127000809782, 0.08250126446486705, 0.08250125432122002, 0.08250125432122002, 0.08250125432122002, 0.08250125432122002, 0.08250125432121891, 0.08250125432121891, 0.08250125432121891, 0.08250125432121891, 0.08250125195751412, 0.08250124959769845, 0.08250123743378368, 0.08250123341559501, 0.08250123341559501, 0.08250123341559501, 0.08250123341559501, 0.08250123341559545, 0.08250123341559545, 0.08250123341559545, 0.08250123341559545, 0.08250123306311719, 0.082501226355435, 0.08250122457651576, 0.08250122163203066, 0.08250122163203066, 0.08250122163203066, 0.08250122163203066, 0.08250122163203111, 0.08250122163203111, 0.08250122163203111, 0.08250122163203111, 0.08250122095754242, 0.08250122025920947, 0.08250121627363272, 0.08250121498213803, 0.08250121498213803, 0.08250121498213803, 0.08250121498213803, 0.08250121498213892, 0.08250121498213892, 0.08250121498213892, 0.08250121498213892, 0.08250121486913842, 0.08250121267060972, 0.08250121209743777, 0.08250121122751941, 0.08250121122751941, 0.08250121122751941, 0.08250121122751941, 0.08250121122752052, 0.08250121122752052, 0.08250121122752052, 0.08250121122752052, 0.08250121103141073, 0.0825012108204688, 0.08250120952113837, 0.0825012091060231, 0.0825012091060231, 0.0825012091060231, 0.0825012091060231, 0.08250120910602354, 0.08250120910602354, 0.08250120910602354, 0.08250120910602354, 0.08250120906978431, 0.08250120835298702, 0.08250120816803941, 0.08250120790691717, 0.08250120790691717, 0.08250120790691717, 0.08250120790691717, 0.08250120790691828, 0.08250120790691828, 0.08250120790691828, 0.08250120790691828, 0.08250120784889559, 0.08250120778416181, 0.08250120736223976, 0.0825012072288529, 0.0825012072288529, 0.0825012072288529, 0.0825012072288529, 0.08250120722885246, 0.08250120722885246, 0.08250120722885246, 0.08250120722885246, 0.08250120721723153, 0.08250120698447905, 0.08250120692479235, 0.08250120684534568, 0.08250120684534568, 0.08250120684534568, 0.08250120684534568, 0.0825012068453439, 0.0825012068453439, 0.0825012068453439, 0.0825012068453439, 0.08250120682791295, 0.08250120680781126, 0.08250120667121896, 0.08250120662837523, 0.08250120662837523, 0.08250120662837523, 0.08250120662837523, 0.08250120662837479, 0.08250120662837479, 0.08250120662837479, 0.08250120662837479, 0.08250120662464844, 0.08250120654930493, 0.08250120653005188, 0.08250120650560944, 0.08250120650560944, 0.08250120650560944, 0.08250120650560944, 0.08250120650560899, 0.08250120650560899, 0.08250120650560899, 0.08250120650560899, 0.08250120650030235, 0.08250120649400738, 0.08250120644989001, 0.0825012064361339, 0.0825012064361339, 0.0825012064361339, 0.0825012064361339, 0.0825012064361339, 0.0825012064361339, 0.0825012064361339, 0.0825012064361339, 0.08250120643493974, 0.08250120641060676, 0.0825012064044015, 0.08250120639681491, 0.08250120639681491, 0.08250120639681491, 0.08250120639681491, 0.08250120639681291, 0.08250120639681291, 0.08250120639681291, 0.08250120639681291, 0.08250120639518177, 0.08250120639319647, 0.0825012063789714, 0.0825012063745556, 0.0825012063745556, 0.0825012063745556, 0.0825012063745556, 0.08250120637455582, 0.08250120637455582, 0.08250120637455582, 0.08250120637455582, 0.08250120637417324, 0.08250120636632885, 0.08250120636433045, 0.08250120636195835, 0.08250120636195835, 0.08250120636195835, 0.08250120636195835, 0.0825012063619579, 0.0825012063619579, 0.0825012063619579, 0.0825012063619579, 0.08250120636145142, 0.08250120636082325, 0.08250120635624314, 0.08250120635482672, 0.08250120635482672, 0.08250120635482672, 0.08250120635482672, 0.08250120635482472, 0.08250120635482472, 0.08250120635482472, 0.08250120635482472, 0.0825012063547026, 0.08250120635217661, 0.08250120635153424, 0.08250120635078839, 0.08250120635078839, 0.08250120635078839, 0.08250120635078839, 0.08250120635078795, 0.08250120635078795, 0.08250120635078795, 0.08250120635078795, 0.08250120635063052, 0.08250120635043068, 0.08250120634895786, 0.08250120634850333, 0.08250120634850333, 0.08250120634850333, 0.08250120634850333]",16,3656,0.5784862749278545,0.9192004059137373,2d33f4b11b74317e4c5fe921b98a6d7186a9cb308641f0bcbca58636d6042e1c,ff78982f7c0a0703787f4d4d317b00cfb3e5a39a29e46d5077ad927ba8f6791d,2df89739fab8b33530f176547eb23ed65b259bc7,true,3fd2b466a80460124036f52434e2df874153d4eb99bb1ac9746d92116e040e93
6cd3d2d58fbc837080152663,pauli,rzz,,,0.0,0.0,11,8,1e-13,0.0,0.0,0.0,7.619137940085578e-16,1.0,0.9999999999999999,"[1, 2, 4, 8, 8, 8, 8, 8, 8, 8, 4, 2, 1]","[1, 2, 4, 8, 8, 8, 8, 8, 8, 8, 4, 2, 1]",0.0,0.0,0.0,8.881784197001252e-16,"{""input"": 0.005323417019098997, ""mpo_contract_compress"": 0.0053388329688459635}",mpo_contract_compress,0,True,0,[0.0],[0.0],8,936,0.015399276977404952,0.9999999999999993,2d33f4b11b74317e4c5fe921b98a6d7186a9cb308641f0bcbca58636d6042e1c,ff78982f7c0a0703787f4d4d317b00cfb3e5a39a29e46d5077ad927ba8f6791d,2df89739fab8b33530f176547eb23ed65b259bc7,true,3fd2b466a80460124036f52434e2df874153d4eb99bb1ac9746d92116e040e93
1518a1af186f9190b2b63e3e,pauli,rzz,,,0.0006283185307179586,0.0001,11,8,1e-13,6.998779222833207e-08,6.99862382491645e-08,-1.5539791675678316e-12,1.246754230465878e-06,1.0000000000000009,0.9999999650061067,"[1, 2, 4, 8, 8, 8, 8, 8, 8, 8, 4, 2, 1]","[1, 2, 4, 8, 8, 8, 8, 8, 8, 8, 4, 2, 1]",6.998779289446588e-08,6.998623747200838e-08,6.998779289446588e-08,9.673456102810007e-08,"{""input"": 0.039676097920164466, ""mpo_contract_compress"": 0.040717693977057934}",mpo_contract_compress,2,True,41,"[6.998779289446588e-08, 6.998623858223141e-08, 6.998623747200838e-08]","[6.998779289446588e-08, 6.998779289446588e-08, 6.998751467257591e-08, 6.998626234100414e-08, 6.998623747200838e-08, 6.998623747200838e-08, 6.998623747200838e-08, 6.998623747200838e-08, 6.998623747200838e-08, 6.998623747200838e-08, 6.998623747200838e-08, 6.998623747200838e-08, 6.998623724996378e-08, 6.998623724996378e-08, 6.998623724996378e-08, 6.998623724996378e-08, 6.998623724996378e-08, 6.998623724996378e-08, 6.998623724996378e-08, 6.998623724996378e-08, 6.998623724996378e-08, 6.998623724996378e-08, 6.998623724996378e-08, 6.998623858223141e-08, 6.998623858223141e-08, 6.998623858223141e-08, 6.998623858223141e-08, 6.998623858223141e-08, 6.998623858223141e-08, 6.998623858223141e-08, 6.998623858223141e-08, 6.998623858223141e-08, 6.998623858223141e-08, 6.998623858223141e-08, 6.998623858223141e-08, 6.998623858223141e-08, 6.998623858223141e-08, 6.998623858223141e-08, 6.998623858223141e-08, 6.998623858223141e-08, 6.998623858223141e-08, 6.998623858223141e-08, 6.998623858223141e-08, 6.998623858223141e-08, 6.998623858223141e-08]",16,3656,0.08624161803163588,0.9999999300137615,2d33f4b11b74317e4c5fe921b98a6d7186a9cb308641f0bcbca58636d6042e1c,ff78982f7c0a0703787f4d4d317b00cfb3e5a39a29e46d5077ad927ba8f6791d,2df89739fab8b33530f176547eb23ed65b259bc7,true,3fd2b466a80460124036f52434e2df874153d4eb99bb1ac9746d92116e040e93
2494bd651d36cf109ecb566a,pauli,rzz,,,0.001986917653053424,0.000316227766,11,8,1e-13,7.000238774201861e-07,6.998676996827768e-07,-1.5617773740927987e-10,1.2498005605752172e-05,1.0000000000000004,0.9999996499879978,"[1, 2, 4, 8, 8, 8, 8, 8, 8, 8, 4, 2, 1]","[1, 2, 4, 8, 8, 8, 8, 8, 8, 8, 4, 2, 1]",9.67345541003084e-07,6.998678203640196e-07,7.000239978793843e-07,9.67345541003084e-07,"{""input"": 0.0396817559376359, ""mpo_contract_compress"": 0.03998867608606815}",input,2,True,34,"[9.67345541003084e-07, 6.998678203640196e-07, 6.998678203640196e-07]","[9.67345541003084e-07, 8.565287121786724e-07, 8.555942951904427e-07, 8.538764524335107e-07, 8.527320773943359e-07, 8.49997403129521e-07, 8.380103622140922e-07, 7.498416303430844e-07, 6.998679671355035e-07, 6.998679671355035e-07, 6.998679671355035e-07, 6.998679671355035e-07, 6.998679698000387e-07, 6.998679698000387e-07, 6.998679698000387e-07, 6.998679698000387e-07, 6.998679698000387e-07, 6.998679380476602e-07, 6.99867907849594e-07, 6.99867819031752e-07, 6.99867819031752e-07, 6.99867819031752e-07, 6.99867819031752e-07, 6.998678203640196e-07, 6.998678203640196e-07, 6.998678203640196e-07, 6.998678203640196e-07, 6.998678203640196e-07, 6.998678203640196e-07, 6.998678203640196e-07, 6.998678203640196e-07, 6.998678203640196e-07, 6.998678203640196e-07, 6.998678203640196e-07, 6.99867820141975e-07, 6.99867820141975e-07, 6.99867820141975e-07, 6.99867820141975e-07, 6.99867820141975e-07, 6.99867820141975e-07, 6.99867820141975e-07, 6.99867820141975e-07, 6.99867820141975e-07, 6.99867820141975e-07, 6.99867820141975e-07]",16,3656,0.08555379905737936,0.9999993001323025,2d33f4b11b74317e4c5fe921b98a6d7186a9cb308641f0bcbca58636d6042e1c,ff78982f7c0a0703787f4d4d317b00cfb3e5a39a29e46d5077ad927ba8f6791d,2df89739fab8b33530f176547eb23ed65b259bc7,true,3fd2b466a80460124036f52434e2df874153d4eb99bb1ac9746d92116e040e93
beea65eb32edbfeef2af0a0e,pauli,rzz,,,0.006283185307179587,0.001,11,8,1e-13,7.014954234052517e-06,6.9988105282359214e-06,-1.6143705816595855e-08,0.00012709454339628274,0.9999999999999989,0.9999964925167326,"[1, 2, 4, 8, 8, 8, 8, 8, 8, 8, 4, 2, 1]","[1, 2, 4, 8, 8, 8, 8, 8, 8, 8, 4, 2, 1]",9.673447821878511e-06,6.998822773107705e-06,7.014966534546474e-06,9.673447821878511e-06,"{""input"": 0.03933713515289128, ""mpo_contract_compress"": 0.039778626058250666}",input,2,True,32,"[9.673447821878511e-06, 6.998822773107705e-06, 6.998822773107705e-06]","[9.673447821878511e-06, 8.565278268646281e-06, 8.555934091880601e-06, 8.53875565653972e-06, 8.527314026007815e-06, 8.499986078103206e-06, 8.38012766979368e-06, 7.498538807437782e-06, 6.998837603022778e-06, 6.998837603022778e-06, 6.998837603022778e-06, 6.998837603022778e-06, 6.998837603910957e-06, 6.998837603910957e-06, 6.998837603910957e-06, 6.998837603910957e-06, 6.9988373134766135e-06, 6.998834664928566e-06, 6.998831720617105e-06, 6.998822773995883e-06, 6.998822773995883e-06, 6.998822773995883e-06, 6.998822773995883e-06, 6.998822773107705e-06, 6.998822773107705e-06, 6.998822773107705e-06, 6.998822773107705e-06, 6.998822773107705e-06, 6.998822773107705e-06, 6.998822773107705e-06, 6.998822773107705e-06, 6.998822773107705e-06, 6.998822773107705e-06, 6.998822773107705e-06, 6.998822772219526e-06, 6.998822772219526e-06, 6.998822772219526e-06, 6.998822772219526e-06, 6.998822772219526e-06, 6.998822772219526e-06, 6.998822772219526e-06, 6.998822772219526e-06, 6.998822772219526e-06, 6.998822772219526e-06, 6.998822772219526e-06]",16,3656,0.08491425192914903,0.9999930011894717,2d33f4b11b74317e4c5fe921b98a6d7186a9cb308641f0bcbca58636d6042e1c,ff78982f7c0a0703787f4d4d317b00cfb3e5a39a29e46d5077ad927ba8f6791d,2df89739fab8b33530f176547eb23ed65b259bc7,true,3fd2b466a80460124036f52434e2df874153d4eb99bb1ac9746d92116e040e93
b2e6d512257c4965ca9a1e70,pauli,rzz,,,0.019869176530534244,0.00316227766,11,8,1e-13,7.21644098287122e-05,6.998884069153721e-05,-2.175569137174982e-06,0.0014774356258918265,1.0000000000000013,0.9999639171440985,"[1, 2, 4, 8, 8, 8, 8, 8, 8, 8, 4, 2, 1]","[1, 2, 4, 8, 8, 8, 8, 8, 8, 8, 4, 2, 1]",7.216571180368447e-05,6.999006534402774e-05,7.216571180368447e-05,9.673371947860332e-05,"{""input"": 0.05548830982297659, ""mpo_contract_compress"": 0.0402406130451709}",mpo_contract_compress,2,True,34,"[7.216571180368447e-05, 6.999006534402774e-05, 6.999006534402774e-05]","[7.216571180368447e-05, 7.216121216568894e-05, 7.177327659757538e-05, 7.003182465337154e-05, 6.999204660895764e-05, 6.999033881838201e-05, 6.999020435438652e-05, 6.999009008024082e-05, 6.999006578900513e-05, 6.999006578900513e-05, 6.999006578900513e-05, 6.999006578900513e-05, 6.999006579189171e-05, 6.999006579189171e-05, 6.999006579189171e-05, 6.999006579189171e-05, 6.999006579189171e-05, 6.999006577435019e-05, 6.999006574437416e-05, 6.999006534358365e-05, 6.999006534358365e-05, 6.999006534358365e-05, 6.999006534358365e-05, 6.999006534402774e-05, 6.999006534402774e-05, 6.999006534402774e-05, 6.999006534402774e-05, 6.999006534402774e-05, 6.999006534402774e-05, 6.999006534402774e-05, 6.999006534402774e-05, 6.999006534402774e-05, 6.999006534402774e-05, 6.999006534402774e-05, 6.999006534536001e-05, 6.999006534536001e-05, 6.999006534536001e-05, 6.999006534536001e-05, 6.999006534536001e-05, 6.999006534536001e-05, 6.999006534536001e-05, 6.999006534536001e-05, 6.999006534536001e-05, 6.999006534536001e-05, 6.999006534536001e-05]",16,3656,0.10159028810448945,0.9999300111593087,2d33f4b11b74317e4c5fe921b98a6d7186a9cb308641f0bcbca58636d6042e1c,ff78982f7c0a0703787f4d4d317b00cfb3e5a39a29e46d5077ad927ba8f6791d,2df89739fab8b33530f176547eb23ed65b259bc7,true,3fd2b466a80460124036f52434e2df874153d4eb99bb1ac9746d92116e040e93
57528b635fd611742fb9b675,pauli,rzz,,,0.06283185307179587,0.01,11,8,1e-13,0.0007891502013962493,0.0006995622449805783,-8.958795641567097e-05,0.009606867741291323,0.9999999999999999,0.9996053470238178,"[1, 2, 4, 8, 8, 8, 8, 8, 8, 8, 4, 2, 1]","[1, 2, 4, 8, 8, 8, 8, 8, 8, 8, 4, 2, 1]",0.000789305952369812,0.0006996846346252195,0.000789305952369812,0.0009672613218527637,"{""input"": 0.0555773691739887, ""mpo_contract_compress"": 0.055630148854106665}",mpo_contract_compress,3,True,48,"[0.000789305952369812, 0.0006996846514193411, 0.0006996846346252195, 0.0006996846346252195]","[0.000789305952369812, 0.0007883336961123089, 0.0007666995776625107, 0.0007277546806125912, 0.0007005643222592894, 0.0006998632616053158, 0.0006997663838155255, 0.0006996974421289437, 0.0006996875079525733, 0.0006996875079525733, 0.0006996875079525733, 0.0006996875079525733, 0.000699687507951019, 0.000699687507951019, 0.000699687507951019, 0.000699687507951019, 0.0006996874992857283, 0.0006996873104025969, 0.0006996870363142893, 0.0006996846514208954, 0.0006996846514208954, 0.0006996846514208954, 0.0006996846514208954, 0.0006996846514193411, 0.0006996846514193411, 0.0006996846514193411, 0.0006996846514193411, 0.0006996846465332496, 0.0006996846426747805, 0.0006996846357956166, 0.0006996846347404606, 0.0006996846347404606, 0.0006996846347404606, 0.0006996846347404606, 0.0006996846347404606, 0.0006996846347404606, 0.0006996846347404606, 0.0006996846347404606, 0.0006996846347404606, 0.0006996846347162577, 0.0006996846346960517, 0.0006996846346267738, 0.0006996846346267738, 0.0006996846346267738, 0.0006996846346267738, 0.0006996846346252195, 0.0006996846346252195, 0.0006996846346252195, 0.0006996846346252195, 0.0006996846346252195, 0.0006996846346252195, 0.0006996846346252195, 0.0006996846346252195, 0.0006996846346252195, 0.0006996846346252195, 0.0006996846346252195, 0.0006996846346274399, 0.0006996846346274399, 0.0006996846346274399, 0.0006996846346274399, 0.0006996846346274399, 0.0006996846346274399, 0.0006996846346274399, 0.0006996846346274399, 0.0006996846346274399, 0.0006996846346274399, 0.0006996846346274399]",16,3656,0.1170006119646132,0.9993004377550191,2d33f4b11b74317e4c5fe921b98a6d7186a9cb308641f0bcbca58636d6042e1c,ff78982f7c0a0703787f4d4d317b00cfb3e5a39a29e46d5077ad927ba8f6791d,2df89739fab8b33530f176547eb23ed65b259bc7,true,3fd2b466a80460124036f52434e2df874153d4eb99bb1ac9746d92116e040e93
538d27a11d8189ce4d1a1686,pauli,rzz,,,0.6283185307179586,0.1,11,8,1e-13,0.02998189210842095,0.027047971771976487,-0.002933920336444462,0.11796058395714212,0.9999999999999999,0.9848949730258422,"[1, 2, 4, 8, 8, 8, 8, 8, 8, 8, 4, 2, 1]","[1, 2, 4, 8, 8, 8, 8, 8, 8, 8, 4, 2, 1]",0.09589255373012451,0.027233386101615853,0.030210053948309668,0.09589255373012451,"{""input"": 0.3427995960228145, ""mpo_contract_compress"": 0.2949437571223825}",input,21,True,299,"[0.09589255373012451, 0.031050170139399258, 0.027835433240793073, 0.027470754080822335, 0.027315656926364618, 0.027259436039342333, 0.027241565175946114, 0.027236016652537165, 0.027234252902985645, 0.027233676321728906, 0.027233484140118502, 0.02723341937143231, 0.027233397417304905, 0.02723338995429403, 0.02723338741376069, 0.027233386548309868, 0.027233386253473935, 0.027233386152925254, 0.02723338611863113, 0.02723338610693271, 0.027233386103028057, 0.027233386101615853]","[0.09589255373012451, 0.08466382648440263, 0.08456942476959761, 0.0843958877739579, 0.08422368703918637, 0.08389480957646112, 0.08234384424793251, 0.06732010368539565, 0.05946662581159967, 0.05946662581159967, 0.05946662581159967, 0.05946662581159967, 0.059466625811603, 0.059466625811603, 0.059466625811603, 0.059466625811603, 0.059446368202319855, 0.05852072955139853, 0.04701712487522647, 0.031050170139400146, 0.031050170139400146, 0.031050170139400146, 0.031050170139400146, 0.031050170139399258, 0.031050170139399258, 0.031050170139399258, 0.031050170139399258, 0.03063518277780064, 0.029920804486898156, 0.02877489506712272, 0.028303569772749615, 0.028303569772749615, 0.028303569772749615, 0.028303569772749615, 0.028303569772748727, 0.028303569772748727, 0.028303569772748727, 0.028303569772748727, 0.028274960376838187, 0.0282394103808421, 0.02800459848299508, 0.02783543324079396, 0.02783543324079396, 0.02783543324079396, 0.02783543324079396, 0.027835433240793073, 0.027835433240793073, 0.027835433240793073, 0.027835433240793073, 0.0278150962882302, 0.02768190425692696, 0.027636189109012665, 0.02761636659106048, 0.02761636659106048, 0.02761636659106048, 0.02761636659106048, 0.027616366591057373, 0.027616366591057373, 0.027616366591057373, 0.027616366591057373, 0.027615680528983333, 0.027610098342987444, 0.02751381968005706, 0.027470754080822113, 0.027470754080822113, 0.027470754080822113, 0.027470754080822113, 0.027470754080822335, 0.027470754080822335, 0.027470754080822335, 0.027470754080822335, 0.027463223304501128, 0.02740273823258188, 0.027379202409960612, 0.027375798064908752, 0.027375798064908752, 0.027375798064908752, 0.027375798064908752, 0.027375798064906753, 0.027375798064906753, 0.027375798064906753, 0.027375798064906753, 0.02737573283582595, 0.02737219447724848, 0.027337535642299793, 0.027315656926365506, 0.027315656926365506, 0.027315656926365506, 0.027315656926365506, 0.027315656926364618, 0.027315656926364618, 0.027315656926364618, 0.027315656926364618, 0.02731038188606716, 0.027290796861931366, 0.02728092337672461, 0.027279891473960927, 0.027279891473960927, 0.027279891473960927, 0.027279891473960927, 0.027279891473962037, 0.027279891473962037, 0.027279891473962037, 0.027279891473962037, 0.02727987630089701, 0.02727826846299508, 0.027269068570624055, 0.02725943603934078, 0.02725943603934078, 0.02725943603934078, 0.02725943603934078, 0.027259436039342333, 0.027259436039342333, 0.027259436039342333, 0.027259436039342333, 0.02725644982714326, 0.027251297622215676, 0.02724821890394713, 0.02724794059390634, 0.02724794059390634, 0.02724794059390634, 0.02724794059390634, 0.027247940593903452, 0.027247940593903452, 0.027247940593903452, 0.027247940593903452, 0.027247936931175554, 0.027247425633755817, 0.02724530216225829, 0.02724156517594767, 0.02724156517594767, 0.02724156517594767, 0.02724156517594767, 0.027241565175946114, 0.027241565175946114, 0.027241565175946114, 0.027241565175946114, 0.02724020476365796, 0.027238910783567993, 0.027238076508166564, 0.027238006510926338, 0.027238006510926338, 0.027238006510926338, 0.027238006510926338, 0.027238006510923896, 0.027238006510923896, 0.027238006510923896, 0.027238006510923896, 0.02723800569923429, 0.027237870901783534, 0.02723738379028351, 0.02723601665254005, 0.02723601665254005, 0.02723601665254005, 0.02723601665254005, 0.027236016652537165, 0.027236016652537165, 0.027236016652537165, 0.027236016652537165, 0.027235469639115717, 0.027235130883088043, 0.027234909822407394, 0.027234891943767492, 0.027234891943767492, 0.027234891943767492, 0.027234891943767492, 0.02723489194376505, 0.02723489194376505, 0.02723489194376505, 0.02723489194376505, 0.027234891771727776, 0.02723485829535366, 0.027234740057287432, 0.02723425290298409, 0.02723425290298409, 0.02723425290298409, 0.02723425290298409, 0.027234252902985645, 0.027234252902985645, 0.027234252902985645, 0.027234252902985645, 0.02723404731645207, 0.027233952530655303, 0.02723389173212931, 0.027233886864799883, 0.027233886864799883, 0.027233886864799883, 0.027233886864799883, 0.02723388686479966, 0.02723388686479966, 0.02723388686479966, 0.02723388686479966, 0.027233886827200404, 0.027233878400662048, 0.027233847442094783, 0.027233676321728684, 0.027233676321728684, 0.027233676321728684, 0.027233676321728684, 0.027233676321728906, 0.027233676321728906, 0.027233676321728906, 0.027233676321728906, 0.027233601929674167, 0.027233573736570094, 0.027233556067314035, 0.027233554641235447, 0.027233554641235447, 0.027233554641235447, 0.027233554641235447, 0.027233554641236335, 0.027233554641236335, 0.027233554641236335, 0.027233554641236335, 0.027233554632142498, 0.02723355240549563, 0.02723354369062725, 0.027233484140117392, 0.027233484140117392, 0.027233484140117392, 0.027233484140117392, 0.027233484140118502, 0.027233484140118502, 0.027233484140118502, 0.027233484140118502, 0.027233457816544515, 0.027233449032152857, 0.027233443632730392, 0.02723344318958021, 0.02723344318958021, 0.02723344318958021, 0.02723344318958021, 0.027233443189580653, 0.027233443189580653, 0.027233443189580653, 0.027233443189580653, 0.027233443187075768, 0.027233442563177723, 0.02723343996025185, 0.027233419371432976, 0.027233419371432976, 0.027233419371432976, 0.027233419371432976, 0.02723341937143231, 0.02723341937143231, 0.02723341937143231, 0.02723341937143231, 0.02723341018366887, 0.027233407357164285, 0.02723340564377308, 0.027233405500634467, 0.027233405500634467, 0.027233405500634467, 0.027233405500634467, 0.02723340550063269, 0.02723340550063269, 0.02723340550063269, 0.02723340550063269, 0.02723340549986797, 0.027233405315316483, 0.02723340450292011, 0.027233397417305127, 0.027233397417305127, 0.027233397417305127, 0.027233397417305127, 0.027233397417304905, 0.027233397417304905, 0.027233397417304905, 0.027233397417304905, 0.027233394237938136, 0.027233393308972786, 0.02723339275107617, 0.02723339270377001, 0.02723339270377001, 0.02723339270377001, 0.02723339270377001, 0.027233392703769566, 0.027233392703769566, 0.027233392703769566, 0.027233392703769566, 0.027233392703519765, 0.02723339264649427, 0.027233392385030086, 0.027233389954295584, 0.027233389954295584, 0.027233389954295584, 0.027233389954295584, 0.02723338995429403, 0.02723338995429403, 0.02723338995429403, 0.02723338995429403, 0.02723338886008042, 0.027233388550577553, 0.02723338836584155, 0.027233388350001553, 0.027233388350001553, 0.027233388350001553, 0.027233388350001553, 0.02723338835000244, 0.02723338835000244, 0.02723338835000244, 0.02723338835000244, 0.027233388349917176, 0.027233388331718178, 0.02723338824581578, 0.02723338741375425, 0.02723338741375425, 0.02723338741375425, 0.02723338741375425, 0.02723338741376069, 0.02723338741376069, 0.02723338741376069, 0.02723338741376069, 0.027233387038474888, 0.027233386934466086, 0.027233386872634435, 0.027233386867291154, 0.027233386867291154, 0.027233386867291154, 0.027233386867291154, 0.02723338686729382, 0.02723338686729382, 0.02723338686729382, 0.02723338686729382, 0.027233386867264064, 0.02723338686132304, 0.027233386832718365, 0.027233386548309868, 0.027233386548309868, 0.027233386548309868, 0.027233386548309868, 0.027233386548309868, 0.027233386548309868, 0.027233386548309868, 0.027233386548309868, 0.027233386419885708, 0.02723338638474293, 0.027233386363906265, 0.02723338636209638, 0.02723338636209638, 0.02723338636209638, 0.02723338636209638, 0.027233386362096823, 0.027233386362096823, 0.027233386362096823, 0.027233386362096823, 0.027233386362096823, 0.027233386360132616, 0.027233386350536293, 0.027233386253473046, 0.027233386253473046, 0.027233386253473046, 0.027233386253473046, 0.027233386253473935, 0.027233386253473935, 0.027233386253473935, 0.027233386253473935, 0.02723338620961413, 0.02723338619770943, 0.02723338619058402, 0.027233386189970954, 0.027233386189970954, 0.027233386189970954, 0.027233386189970954, 0.027233386189970732, 0.027233386189970732, 0.027233386189970732, 0.027233386189970732, 0.027233386189970732, 0.027233386189307485, 0.0272333861860643, 0.02723338615292592, 0.02723338615292592, 0.02723338615292592, 0.02723338615292592, 0.027233386152925254, 0.027233386152925254, 0.027233386152925254, 0.027233386152925254, 0.027233386137945015, 0.027233386133898474, 0.0272333861314753, 0.027233386131267023, 0.027233386131267023, 0.027233386131267023, 0.027233386131267023, 0.0272333861312668, 0.0272333861312668, 0.0272333861312668, 0.0272333861312668, 0.0272333861312668, 0.027233386131042314, 0.02723338612994186, 0.02723338611863202, 0.02723338611863202, 0.02723338611863202, 0.02723338611863202, 0.02723338611863113, 0.02723338611863113, 0.02723338611863113, 0.02723338611863113, 0.02723338611351811, 0.02723338611214121, 0.027233386111317204, 0.02723338611124526, 0.02723338611124526, 0.02723338611124526, 0.02723338611124526, 0.027233386111244595, 0.027233386111244595, 0.027233386111244595, 0.027233386111244595, 0.027233386111244595, 0.027233386111169544, 0.0272333861107954, 0.027233386106935153, 0.027233386106935153, 0.027233386106935153, 0.027233386106935153, 0.02723338610693271, 0.02723338610693271, 0.02723338610693271, 0.02723338610693271, 0.027233386105192103, 0.027233386104720925, 0.02723338610444004, 0.02723338610444004, 0.02723338610444004, 0.02723338610444004, 0.02723338610444004, 0.027233386104439594, 0.027233386104439594, 0.027233386104439594, 0.027233386104439594, 0.027233386104439594, 0.027233386104439594, 0.027233386104306367, 0.027233386103026502, 0.027233386103026502, 0.027233386103026502, 0.027233386103026502, 0.027233386103028057, 0.027233386103028057, 0.027233386103028057, 0.027233386103028057, 0.027233386102446966, 0.027233386102267554, 0.02723338610217918, 0.027233386102119894, 0.027233386102119894, 0.027233386102119894, 0.027233386102119894, 0.027233386102119894, 0.027233386102119894, 0.027233386102119894, 0.027233386102119894, 0.027233386102119894, 0.027233386102119894, 0.027233386102066603, 0.027233386101616963, 0.027233386101616963, 0.027233386101616963, 0.027233386101616963]",16,3656,0.6435464599635452,0.9729520282280225,2d33f4b11b74317e4c5fe921b98a6d7186a9cb308641f0bcbca58636d6042e1c,ff78982f7c0a0703787f4d4d317b00cfb3e5a39a29e46d5077ad927ba8f6791d,2df89739fab8b33530f176547eb23ed65b259bc7,true,3fd2b466a80460124036f52434e2df874153d4eb99bb1ac9746d92116e040e93
6b7f7c1d1eb0a9217c295e6b,pauli,rzz,,,1.5707963267948966,0.25,11,8,1e-13,0.05281537454231433,0.0514736771306864,-0.001341697411627929,0.05958929012180795,1.0000000000000007,0.9732341061932034,"[1, 2, 4, 8, 8, 8, 8, 8, 8, 8, 4, 2, 1]","[1, 2, 4, 8, 8, 8, 8, 8, 8, 8, 4, 2, 1]",0.053531787613592785,0.05215367868066889,0.053531787613592785,0.5718025609059909,"{""input"": 0.15052062505856156, ""mpo_contract_compress"": 0.11924581415951252}",mpo_contract_compress,7,True,102,"[0.053531787613592785, 0.052156648884050805, 0.05215377189818349, 0.052153682140892776, 0.05215367882396271, 0.05215367868734755, 0.052153678680920024, 0.05215367868066889]","[0.053531787613592785, 0.053512568735635924, 0.053369283450875216, 0.053021689175885456, 0.05246572005040151, 0.05226608188577209, 0.05219662844385331, 0.0521755439177638, 0.05217400869738387, 0.05217400869738387, 0.05217400869738387, 0.05217400869738387, 0.05217400869738342, 0.05217400869738342, 0.05217400869738342, 0.05217400869738342, 0.05217399257234345, 0.05217267504955014, 0.05216796104437171, 0.052156648884048584, 0.052156648884048584, 0.052156648884048584, 0.052156648884048584, 0.052156648884050805, 0.052156648884050805, 0.052156648884050805, 0.052156648884050805, 0.05215569199364367, 0.05215499156380843, 0.052154246607857946, 0.05215418839196695, 0.05215418839196695, 0.05215418839196695, 0.05215418839196695, 0.052154188391967615, 0.052154188391967615, 0.052154188391967615, 0.052154188391967615, 0.05215418776987635, 0.05215413302301952, 0.05215402655762991, 0.05215377189818304, 0.05215377189818304, 0.05215377189818304, 0.05215377189818304, 0.05215377189818349, 0.05215377189818349, 0.05215377189818349, 0.05215377189818349, 0.05215374295462416, 0.052153725799973794, 0.05215369843936024, 0.05215369638119127, 0.05215369638119127, 0.05215369638119127, 0.05215369638119127, 0.052153696381192605, 0.052153696381192605, 0.052153696381192605, 0.052153696381192605, 0.05215369635800271, 0.052153694340067336, 0.05215369091612332, 0.052153682140892554, 0.052153682140892554, 0.052153682140892554, 0.052153682140892554, 0.052153682140892776, 0.052153682140892776, 0.052153682140892776, 0.052153682140892776, 0.05215368108981333, 0.05215368054171199, 0.052153679450156254, 0.05215367937568449, 0.05215367937568449, 0.05215367937568449, 0.05215367937568449, 0.05215367937568405, 0.05215367937568405, 0.05215367937568405, 0.05215367937568405, 0.05215367937483384, 0.052153679292096466, 0.05215367916239155, 0.05215367882396227, 0.05215367882396227, 0.05215367882396227, 0.05215367882396227, 0.05215367882396271, 0.05215367882396271, 0.05215367882396271, 0.05215367882396271, 0.05215367878262667, 0.0521536787624679, 0.05215367871381793, 0.05215367871093224, 0.05215367871093224, 0.05215367871093224, 0.05215367871093224, 0.05215367871093202, 0.05215367871093202, 0.05215367871093202, 0.05215367871093202, 0.05215367871093202, 0.05215367870703824, 0.05215367870135412, 0.05215367868734777, 0.05215367868734777, 0.05215367868734777, 0.05215367868734777, 0.05215367868734755, 0.05215367868734755, 0.05215367868734755, 0.05215367868734755, 0.052153678685621596, 0.052153678684775384, 0.052153678682197446, 0.05215367868207532, 0.05215367868207532, 0.05215367868207532, 0.05215367868207532, 0.05215367868207621, 0.05215367868207621, 0.05215367868207621, 0.05215367868207621, 0.05215367868207621, 0.05215367868185705, 0.05215367868155307, 0.052153678680919136, 0.052153678680919136, 0.052153678680919136, 0.052153678680919136, 0.052153678680920024, 0.052153678680920024, 0.052153678680920024, 0.052153678680920024, 0.052153678680841864, 0.052153678680841864, 0.05215367868066756, 0.05215367868066756, 0.05215367868066756, 0.05215367868066756, 0.05215367868066756, 0.052153678680668, 0.052153678680668, 0.052153678680668, 0.052153678680668, 0.052153678680668, 0.052153678680668, 0.052153678680668, 0.052153678680668, 0.052153678680668, 0.052153678680668, 0.052153678680668]",16,3656,0.2756148080807179,0.9485263228693136,2d33f4b11b74317e4c5fe921b98a6d7186a9cb308641f0bcbca58636d6042e1c,ff78982f7c0a0703787f4d4d317b00cfb3e5a39a29e46d5077ad927ba8f6791d,2df89739fab8b33530f176547eb23ed65b259bc7,true,3fd2b466a80460124036f52434e2df874153d4eb99bb1ac9746d92116e040e93
39e557880655f2af1de1479c,pauli,rzz,,,0.0,0.0,22,8,1e-13,0.0,0.0,0.0,9.366781106062964e-16,0.9999999999999996,1.0000000000000033,"[1, 2, 4, 8, 8, 8, 8, 8, 8, 8, 4, 2, 1]","[1, 2, 4, 8, 8, 8, 8, 8, 8, 8, 4, 2, 1]",0.0,0.0,0.0,0.0,"{""input"": 0.0052432839293032885, ""mpo_contract_compress"": 0.005265651037916541}",mpo_contract_compress,0,True,0,[0.0],[0.0],8,936,0.015084188897162676,1.0,2d33f4b11b74317e4c5fe921b98a6d7186a9cb308641f0bcbca58636d6042e1c,ff78982f7c0a0703787f4d4d317b00cfb3e5a39a29e46d5077ad927ba8f6791d,2df89739fab8b33530f176547eb23ed65b259bc7,true,3fd2b466a80460124036f52434e2df874153d4eb99bb1ac9746d92116e040e93
fad1cf88b33ab09313623d3f,pauli,rzz,,,0.0006283185307179586,0.0001,22,8,1e-13,9.265383571488428e-08,9.265360756405272e-08,-2.2815083156046967e-13,4.858146614572096e-07,0.9999999999999999,0.9999999536730835,"[1, 2, 4, 8, 8, 8, 8, 8, 8, 8, 4, 2, 1]","[1, 2, 4, 8, 8, 8, 8, 8, 8, 8, 4, 2, 1]",9.86953905268706e-08,9.265360922938726e-08,9.265383904555335e-08,9.86953905268706e-08,"{""input"": 0.039332661079242826, ""mpo_contract_compress"": 0.040173131972551346}",input,2,True,37,"[9.86953905268706e-08, 9.265360922938726e-08, 9.265360922938726e-08]","[9.86953905268706e-08, 9.855219351706523e-08, 9.803698186594545e-08, 9.693991676051894e-08, 9.61800852294914e-08, 9.544686419005188e-08, 9.456251759409895e-08, 9.366429210011518e-08, 9.265361033961028e-08, 9.265361033961028e-08, 9.265361033961028e-08, 9.265361033961028e-08, 9.265360945143186e-08, 9.265360945143186e-08, 9.265360945143186e-08, 9.265360945143186e-08, 9.265360945143186e-08, 9.265360945143186e-08, 9.265360945143186e-08, 9.265360945143186e-08, 9.265360945143186e-08, 9.265360945143186e-08, 9.265360945143186e-08, 9.265360922938726e-08, 9.265360922938726e-08, 9.265360922938726e-08, 9.265360922938726e-08, 9.265360922938726e-08, 9.265360922938726e-08, 9.265360922938726e-08, 9.265360922938726e-08, 9.265360922938726e-08, 9.265360922938726e-08, 9.265360922938726e-08, 9.265360967347647e-08, 9.265360967347647e-08, 9.265360967347647e-08, 9.265360967347647e-08, 9.265360967347647e-08, 9.265360967347647e-08, 9.265360967347647e-08, 9.265360967347647e-08, 9.265360967347647e-08, 9.265360967347647e-08, 9.265360967347647e-08]",16,3656,0.085283522028476,0.9999999073463935,2d33f4b11b74317e4c5fe921b98a6d7186a9cb308641f0bcbca58636d6042e1c,ff78982f7c0a0703787f4d4d317b00cfb3e5a39a29e46d5077ad927ba8f6791d,2df89739fab8b33530f176547eb23ed65b259bc7,true,3fd2b466a80460124036f52434e2df874153d4eb99bb1ac9746d92116e040e93
1f42155fd34c1756bb342131,pauli,rzz,,,0.001986917653053424,0.000316227766,22,8,1e-13,9.265658000856547e-07,9.265430288563081e-07,-2.2771229346574273e-11,4.771515218490393e-06,1.0000000000000002,0.999999536716992,"[1, 2, 4, 8, 8, 8, 8, 8, 8, 8, 4, 2, 1]","[1, 2, 4, 8, 8, 8, 8, 8, 8, 8, 4, 2, 1]",9.869538188933547e-07,9.265432410199281e-07,9.265660156909661e-07,9.869538188933547e-07,"{""input"": 0.03968382999300957, ""mpo_contract_compress"": 0.039767632028087974}",input,2,True,35,"[9.869538188933547e-07, 9.265432410199281e-07, 9.265432410199281e-07]","[9.869538188933547e-07, 9.855218470189442e-07, 9.803697342825046e-07, 9.693990909998007e-07, 9.618012133394416e-07, 9.54469232539168e-07, 9.456266327756424e-07, 9.366473396887898e-07, 9.265432912020088e-07, 9.265432912020088e-07, 9.265432912020088e-07, 9.265432912020088e-07, 9.265432912020088e-07, 9.265432912020088e-07, 9.265432912020088e-07, 9.265432912020088e-07, 9.265432912020088e-07, 9.265432912020088e-07, 9.265432723282174e-07, 9.265432430183296e-07, 9.265432430183296e-07, 9.265432430183296e-07, 9.265432430183296e-07, 9.265432410199281e-07, 9.265432410199281e-07, 9.265432410199281e-07, 9.265432410199281e-07, 9.265432410199281e-07, 9.265432410199281e-07, 9.265432410199281e-07, 9.265432410199281e-07, 9.265432410199281e-07, 9.265432410199281e-07, 9.265432410199281e-07, 9.265432447946864e-07, 9.265432447946864e-07, 9.265432447946864e-07, 9.265432447946864e-07, 9.265432447946864e-07, 9.265432447946864e-07, 9.265432447946864e-07, 9.265432447946864e-07, 9.265432447946864e-07, 9.265432447946864e-07, 9.265432447946864e-07]",16,3656,0.08524724980816245,0.9999990734569698,2d33f4b11b74317e4c5fe921b98a6d7186a9cb308641f0bcbca58636d6042e1c,ff78982f7c0a0703787f4d4d317b00cfb3e5a39a29e46d5077ad927ba8f6791d,2df89739fab8b33530f176547eb23ed65b259bc7,true,3fd2b466a80460124036f52434e2df874153d4eb99bb1ac9746d92116e040e93
92d7cc72f121ad1bfe4da16f,pauli,rzz,,,0.006283185307179587,0.001,22,8,1e-13,9.26788747745988e-06,9.265620201759361e-06,-2.267275700518212e-09,4.760689450211637e-05,0.9999999999999999,0.9999953660455272,"[1, 2, 4, 8, 8, 8, 8, 8, 8, 8, 4, 2, 1]","[1, 2, 4, 8, 8, 8, 8, 8, 8, 8, 4, 2, 1]",9.267908950949533e-06,9.265641663036561e-06,9.267908950949533e-06,9.869530897210765e-06,"{""input"": 0.03946813684888184, ""mpo_contract_compress"": 0.039933894062414765}",mpo_contract_compress,2,True,38,"[9.267908950949533e-06, 9.265641663036561e-06, 9.265641663036561e-06]","[9.267908950949533e-06, 9.267851764249713e-06, 9.267437999671557e-06, 9.265801608870916e-06, 9.265664389968009e-06, 9.265643881928298e-06, 9.265641675249014e-06, 9.265641675249014e-06, 9.265641664368829e-06, 9.265641664368829e-06, 9.265641664368829e-06, 9.265641664368829e-06, 9.26564166348065e-06, 9.26564166348065e-06, 9.26564166348065e-06, 9.26564166348065e-06, 9.26564166348065e-06, 9.26564166348065e-06, 9.26564166348065e-06, 9.26564166348065e-06, 9.26564166348065e-06, 9.26564166348065e-06, 9.26564166348065e-06, 9.265641663036561e-06, 9.265641663036561e-06, 9.265641663036561e-06, 9.265641663036561e-06, 9.265641663036561e-06, 9.265641663036561e-06, 9.265641663036561e-06, 9.265641663036561e-06, 9.265641663036561e-06, 9.265641663036561e-06, 9.265641663036561e-06, 9.265641663258606e-06, 9.265641663258606e-06, 9.265641663258606e-06, 9.265641663258606e-06, 9.265641663258606e-06, 9.265641663258606e-06, 9.265641663258606e-06, 9.265641663258606e-06, 9.265641663258606e-06, 9.265641663258606e-06, 9.265641663258606e-06]",16,3656,0.08520055189728737,0.9999907343797988,2d33f4b11b74317e4c5fe921b98a6d7186a9cb308641f0bcbca58636d6042e1c,ff78982f7c0a0703787f4d4d317b00cfb3e5a39a29e46d5077ad927ba8f6791d,2df89739fab8b33530f176547eb23ed65b259bc7,true,3fd2b466a80460124036f52434e2df874153d4eb99bb1ac9746d92116e040e93
c0eacf43c2b976632854828e,pauli,rzz,,,0.019869176530534244,0.00316227766,22,8,1e-13,9.288816061059357e-05,9.265919638112852e-05,-2.2896422946505623e-07,0.00047859947710645484,0.9999999999999993,0.9999535548411184,"[1, 2, 4, 8, 8, 8, 8, 8, 8, 8, 4, 2, 1]","[1, 2, 4, 8, 8, 8, 8, 8, 8, 8, 4, 2, 1]",9.289031776349432e-05,9.26613429110823e-05,9.289031776349432e-05,9.869457839140061e-05,"{""input"": 0.05512675014324486, ""mpo_contract_compress"": 0.041547605069354177}",mpo_contract_compress,2,True,36,"[9.289031776349432e-05, 9.26613429110823e-05, 9.26613429110823e-05]","[9.289031776349432e-05, 9.288456155243097e-05, 9.284444200918784e-05, 9.267794748080149e-05, 9.266380324945978e-05, 9.26615875189718e-05, 9.266135364627281e-05, 9.266134705887552e-05, 9.266134299590334e-05, 9.266134299590334e-05, 9.266134299590334e-05, 9.266134299590334e-05, 9.26613429956813e-05, 9.26613429956813e-05, 9.26613429956813e-05, 9.26613429956813e-05, 9.26613429956813e-05, 9.26613429956813e-05, 9.26613429956813e-05, 9.266134291396888e-05, 9.266134291396888e-05, 9.266134291396888e-05, 9.266134291396888e-05, 9.26613429110823e-05, 9.26613429110823e-05, 9.26613429110823e-05, 9.26613429110823e-05, 9.26613429110823e-05, 9.26613429110823e-05, 9.26613429110823e-05, 9.26613429110823e-05, 9.26613429110823e-05, 9.26613429110823e-05, 9.26613429110823e-05, 9.266134291197048e-05, 9.266134291197048e-05, 9.266134291197048e-05, 9.266134291197048e-05, 9.266134291197048e-05, 9.266134291197048e-05, 9.266134291197048e-05, 9.266134291197048e-05, 9.266134291197048e-05, 9.266134291197048e-05, 9.266134291197048e-05]",16,3656,0.10265859100036323,0.9999073408036201,2d33f4b11b74317e4c5fe921b98a6d7186a9cb308641f0bcbca58636d6042e1c,ff78982f7c0a0703787f4d4d317b00cfb3e5a39a29e46d5077ad927ba8f6791d,2df89739fab8b33530f176547eb23ed65b259bc7,true,3fd2b466a80460124036f52434e2df874153d4eb99bb1ac9746d92116e040e93
de0da40d424e11ce4907e20c,pauli,rzz,,,0.06283185307179587,0.01,22,8,1e-13,0.0009845887697119693,0.0009263875093921126,-5.820126031985673e-05,0.007736264333310064,1.0000000000000004,0.9995075843785736,"[1, 2, 4, 8, 8, 8, 8, 8, 8, 8, 4, 2, 1]","[1, 2, 4, 8, 8, 8, 8, 8, 8, 8, 4, 2, 1]",0.000984831242855977,0.0009266021572800209,0.000984831242855977,0.0009868727288693258,"{""input"": 0.05567069095559418, ""mpo_contract_compress"": 0.05577852902933955}",mpo_contract_compress,3,True,50,"[0.000984831242855977, 0.0009266021622820197, 0.0009266021572800209, 0.0009266021572800209]","[0.000984831242855977, 0.0009840274149273132, 0.0009723790031685997, 0.0009305696722956558, 0.0009272004846949677, 0.0009267009845428387, 0.0009266333683162209, 0.000926614619556565, 0.0009266032366324062, 0.0009266032366324062, 0.0009266032366324062, 0.0009266032366324062, 0.0009266032366335164, 0.0009266032366335164, 0.0009266032366335164, 0.0009266032366335164, 0.000926603231623524, 0.0009266032073000918, 0.0009266031229955285, 0.0009266021622844622, 0.0009266021622844622, 0.0009266021622844622, 0.0009266021622844622, 0.0009266021622820197, 0.0009266021622820197, 0.0009266021622820197, 0.0009266021622820197, 0.0009266021595422114, 0.0009266021585576656, 0.0009266021578946404, 0.0009266021573064442, 0.0009266021573064442, 0.0009266021573064442, 0.0009266021573064442, 0.0009266021573060002, 0.0009266021573060002, 0.0009266021573060002, 0.0009266021573060002, 0.0009266021573060002, 0.0009266021573060002, 0.0009266021573060002, 0.0009266021572811312, 0.0009266021572811312, 0.0009266021572811312, 0.0009266021572811312, 0.0009266021572800209, 0.0009266021572800209, 0.0009266021572800209, 0.0009266021572800209, 0.0009266021572800209, 0.0009266021572800209, 0.0009266021572800209, 0.0009266021572800209, 0.0009266021572800209, 0.0009266021572800209, 0.0009266021572800209, 0.0009266021572824634, 0.0009266021572824634, 0.0009266021572824634, 0.0009266021572824634, 0.0009266021572824634, 0.0009266021572824634, 0.0009266021572824634, 0.0009266021572824634, 0.0009266021572824634, 0.0009266021572824634, 0.0009266021572824634]",16,3656,0.11724604293704033,0.9990736124906083,2d33f4b11b74317e4c5fe921b98a6d7186a9cb308641f0bcbca58636d6042e1c,ff78982f7c0a0703787f4d4d317b00cfb3e5a39a29e46d5077ad927ba8f6791d,2df89739fab8b33530f176547eb23ed65b259bc7,true,3fd2b466a80460124036f52434e2df874153d4eb99bb1ac9746d92116e040e93
feaf807a267fa09990183563,pauli,rzz,,,0.6283185307179586,0.1,22,8,1e-13,0.051154668256267466,0.048490947187956324,-0.0026637210683111423,0.06748222931166202,1.000000000000001,0.9740869220679134,"[1, 2, 4, 8, 8, 8, 8, 8, 8, 8, 4, 2, 1]","[1, 2, 4, 8, 8, 8, 8, 8, 8, 8, 4, 2, 1]",0.09788630222424732,0.049093489874983076,0.05182615586418193,0.09788630222424732,"{""input"": 0.21311052003875375, ""mpo_contract_compress"": 0.14967456902377307}",input,13,True,179,"[0.09788630222424732, 0.05181513622821465, 0.04920417519661102, 0.04910722233545228, 0.04909577823806632, 0.04909390940456593, 0.049093569466564846, 0.04909350515479294, 0.049093492819535456, 0.049093490442641, 0.049093489983945915, 0.04909348989538387, 0.0490934898782831, 0.049093489874983076]","[0.09788630222424732, 0.09774063001328304, 0.0972166066386313, 0.09610125857986462, 0.09495718580799584, 0.09247073406042938, 0.08825444348385814, 0.08207782885739179, 0.06934253680142954, 0.06934253680142954, 0.06934253680142954, 0.06934253680142954, 0.06934253680143088, 0.06934253680143088, 0.06934253680143088, 0.06934253680143088, 0.06762501756669947, 0.06398807408448826, 0.06214012485771114, 0.05181513622821288, 0.05181513622821288, 0.05181513622821288, 0.05181513622821288, 0.05181513622821465, 0.05181513622821465, 0.05181513622821465, 0.05181513622821465, 0.051376484638394615, 0.05117792696394696, 0.050372782305144304, 0.049524901865818594, 0.049524901865818594, 0.049524901865818594, 0.049524901865818594, 0.04952490186581593, 0.04952490186581593, 0.04952490186581593, 0.04952490186581593, 0.04946124535494145, 0.049380226468421995, 0.04931336097955885, 0.04920417519661102, 0.04920417519661102, 0.04920417519661102, 0.04920417519661102, 0.04920417519661102, 0.04920417519661102, 0.04920417519661102, 0.04920417519661102, 0.04920050379017127, 0.049188860827196645, 0.04915545931605325, 0.04912997291523791, 0.04912997291523791, 0.04912997291523791, 0.04912997291523791, 0.0491299729152368, 0.0491299729152368, 0.0491299729152368, 0.0491299729152368, 0.04912709863453779, 0.049119137395884804, 0.049114042287942805, 0.049107222335450285, 0.049107222335450285, 0.049107222335450285, 0.049107222335450285, 0.04910722233545228, 0.04910722233545228, 0.04910722233545228, 0.04910722233545228, 0.049106898314391856, 0.04910585003581547, 0.049101735814800485, 0.049098990129654796, 0.049098990129654796, 0.049098990129654796, 0.049098990129654796, 0.049098990129653686, 0.049098990129653686, 0.049098990129653686, 0.049098990129653686, 0.04909839734614385, 0.04909717563919025, 0.04909664819237136, 0.049095778238066545, 0.049095778238066545, 0.049095778238066545, 0.049095778238066545, 0.04909577823806632, 0.04909577823806632, 0.04909577823806632, 0.04909577823806632, 0.04909573578811233, 0.049095627082196946, 0.049095032509668624, 0.04909446307017329, 0.04909446307017329, 0.04909446307017329, 0.04909446307017329, 0.0490944630701724, 0.0490944630701724, 0.0490944630701724, 0.0490944630701724, 0.04909431343917525, 0.049094103261343, 0.049094031935570825, 0.049093909404569036, 0.049093909404569036, 0.049093909404569036, 0.049093909404569036, 0.04909390940456593, 0.04909390940456593, 0.04909390940456593, 0.04909390940456593, 0.04909390360044097, 0.04909389084957394, 0.049093796775946164, 0.04909367216979543, 0.04909367216979543, 0.04909367216979543, 0.04909367216979543, 0.0490936721697961, 0.0490936721697961, 0.0490936721697961, 0.0490936721697961, 0.04909363798889377, 0.04909359994237761, 0.049093588354905515, 0.0490935694665624, 0.0490935694665624, 0.0490935694665624, 0.0490935694665624, 0.049093569466564846, 0.049093569466564846, 0.049093569466564846, 0.049093569466564846, 0.04909356860770875, 0.049093566894100604, 0.049093550953546394, 0.04909352471997708, 0.04909352471997708, 0.04909352471997708, 0.04909352471997708, 0.0490935247199793, 0.0490935247199793, 0.0490935247199793, 0.0490935247199793, 0.04909351744137913, 0.04909351037242504, 0.04909350829821335, 0.04909350515479116, 0.04909350515479116, 0.04909350515479116, 0.04909350515479116, 0.04909350515479294, 0.04909350515479294, 0.04909350515479294, 0.04909350515479294, 0.04909350501704979, 0.049093504757032, 0.049093501925715266, 0.04909349658105988, 0.04909349658105988, 0.04909349658105988, 0.04909349658105988, 0.049093496581061435, 0.049093496581061435, 0.049093496581061435, 0.049093496581061435, 0.04909349509198879, 0.049093493759462925, 0.049093493372006636, 0.04909349281953501, 0.04909349281953501, 0.04909349281953501, 0.04909349281953501, 0.049093492819535456, 0.049093492819535456, 0.049093492819535456, 0.049093492819535456, 0.04909349279599895, 0.04909349275284702, 0.049093492234328684, 0.049093491168015646, 0.049093491168015646, 0.049093491168015646, 0.049093491168015646, 0.04909349116801698, 0.04909349116801698, 0.04909349116801698, 0.04909349116801698, 0.049093490870281586, 0.04909349061691737, 0.049093490543262286, 0.049093490442638554, 0.049093490442638554, 0.049093490442638554, 0.049093490442638554, 0.049093490442641, 0.049093490442641, 0.049093490442641, 0.049093490442641, 0.04909349043843436, 0.04909349043083955, 0.04909349033401322, 0.049093490123961914, 0.049093490123961914, 0.049093490123961914, 0.049093490123961914, 0.049093490123965244, 0.049093490123965244, 0.049093490123965244, 0.049093490123965244, 0.04909349006522734, 0.04909349001679075, 0.0490934900026867, 0.04909348998394503, 0.04909348998394503, 0.04909348998394503, 0.04909348998394503, 0.049093489983945915, 0.049093489983945915, 0.049093489983945915, 0.049093489983945915, 0.04909348998317209, 0.04909348998178498, 0.049093489963479175, 0.04909348992241824, 0.04909348992241824, 0.04909348992241824, 0.04909348992241824, 0.0490934899224198, 0.0490934899224198, 0.0490934899224198, 0.0490934899224198, 0.049093489910925214, 0.04909348990163109, 0.04909348989892104, 0.04909348989538187, 0.04909348989538187, 0.04909348989538187, 0.04909348989538187, 0.04909348989538387, 0.04909348989538387, 0.04909348989538387, 0.04909348989538387, 0.04909348989523776, 0.04909348989498086, 0.04909348989149365, 0.04909348988350515, 0.04909348988350515, 0.04909348988350515, 0.04909348988350515, 0.049093489883502484, 0.049093489883502484, 0.049093489883502484, 0.049093489883502484, 0.04909348988126716, 0.049093489879479923, 0.0490934898789559, 0.04909348987828244, 0.04909348987828244, 0.04909348987828244, 0.04909348987828244, 0.0490934898782831, 0.0490934898782831, 0.0490934898782831, 0.0490934898782831, 0.0490934898782831, 0.04909348987820805, 0.04909348987754547, 0.049093489875998264, 0.049093489875998264, 0.049093489875998264, 0.049093489875998264, 0.049093489875997376, 0.049093489875997376, 0.049093489875997376, 0.049093489875997376, 0.04909348987556239, 0.04909348987521822, 0.04909348987510831, 0.049093489874980634, 0.049093489874980634, 0.049093489874980634, 0.049093489874980634]",16,3656,0.36861867108382285,0.9515090528120435,2d33f4b11b74317e4c5fe921b98a6d7186a9cb308641f0bcbca58636d6042e1c,ff78982f7c0a0703787f4d4d317b00cfb3e5a39a29e46d5077ad927ba8f6791d,2df89739fab8b33530f176547eb23ed65b259bc7,true,3fd2b466a80460124036f52434e2df874153d4eb99bb1ac9746d92116e040e93
41f90f7e2c8781d17346ac69,pauli,rzz,,,1.5707963267948966,0.25,22,8,1e-13,0.11449096639838618,0.11076353835993125,-0.0037274280384549385,0.09144513020278781,0.9999999999999996,0.9410148955258987,"[1, 2, 4, 8, 8, 8, 8, 8, 8, 8, 4, 2, 1]","[1, 2, 4, 8, 8, 8, 8, 8, 8, 8, 4, 2, 1]",0.585781753068118,0.11401329629281975,0.11797020894820798,0.585781753068118,"{""input"": 0.34027348598465323, ""mpo_contract_compress"": 0.24451338313519955}",input,21,True,294,"[0.585781753068118, 0.13765966929686635, 0.11670941877501662, 0.11475251609048676, 0.1142707459486838, 0.11410504419399081, 0.11404545663196397, 0.11402432703985177, 0.114017014929513, 0.11401453528203076, 0.11401370604277905, 0.11401343118346952, 0.11401334057567358, 0.11401331080535027, 0.11401330104330332, 0.1140132978459758, 0.11401329679949579, 0.11401329645712233, 0.11401329634513724, 0.11401329630890866, 0.1140132962967948, 0.11401329629281975]","[0.585781753068118, 0.5847561927402121, 0.5810724493210184, 0.5732601626908884, 0.5626653057903035, 0.5383642455394679, 0.48926063163480693, 0.4031499150970157, 0.22168711316960343, 0.22168711316960343, 0.22168711316960343, 0.22168711316960343, 0.22168711316960255, 0.22168711316960255, 0.22168711316960255, 0.22168711316960255, 0.2069538933207684, 0.19361538855279625, 0.1757095704417455, 0.13765966929686613, 0.13765966929686613, 0.13765966929686613, 0.13765966929686613, 0.13765966929686635, 0.13765966929686635, 0.13765966929686635, 0.13765966929686635, 0.13524225851603622, 0.1320939297976167, 0.1252193758500808, 0.12162450615843778, 0.12162450615843778, 0.12162450615843778, 0.12162450615843778, 0.1216245061584349, 0.1216245061584349, 0.1216245061584349, 0.1216245061584349, 0.12136669895114038, 0.11983952599425551, 0.11803230122196084, 0.11670941877501839, 0.11670941877501839, 0.11670941877501839, 0.11670941877501839, 0.11670941877501662, 0.11670941877501662, 0.11670941877501662, 0.11670941877501662, 0.11666269673886331, 0.1163539460084757, 0.11577159092709155, 0.11533298506281553, 0.11533298506281553, 0.11533298506281553, 0.11533298506281553, 0.11533298506281575, 0.11533298506281575, 0.11533298506281575, 0.11533298506281575, 0.11527065221729194, 0.11498593281434011, 0.11478460855783479, 0.11475251609048764, 0.11475251609048764, 0.11475251609048764, 0.11475251609048764, 0.11475251609048676, 0.11475251609048676, 0.11475251609048676, 0.11475251609048676, 0.11475182340323697, 0.11470337199694636, 0.1145604105730802, 0.11444597727425387, 0.11444597727425387, 0.11444597727425387, 0.11444597727425387, 0.11444597727425343, 0.11444597727425343, 0.11444597727425343, 0.11444597727425343, 0.11442528418105113, 0.11435485954706825, 0.11427852363376778, 0.11427074594868336, 0.11427074594868336, 0.11427074594868336, 0.11427074594868336, 0.1142707459486838, 0.1142707459486838, 0.1142707459486838, 0.1142707459486838, 0.11427056261960944, 0.11424738273554058, 0.11420667556377295, 0.11416719412367571, 0.11416719412367571, 0.11416719412367571, 0.11416719412367571, 0.11416719412367216, 0.11416719412367216, 0.11416719412367216, 0.11416719412367216, 0.11415917410559318, 0.11413966491098626, 0.11410836400223334, 0.11410504419399303, 0.11410504419399303, 0.11410504419399303, 0.11410504419399303, 0.11410504419399081, 0.11410504419399081, 0.11410504419399081, 0.11410504419399081, 0.114104932430239, 0.11409534806223043, 0.11408231151812553, 0.1140677848876841, 0.1140677848876841, 0.1140677848876841, 0.1140677848876841, 0.1140677848876841, 0.1140677848876841, 0.1140677848876841, 0.1140677848876841, 0.11406468931855396, 0.11405863373985614, 0.1140467149256632, 0.11404545663196508, 0.11404545663196508, 0.11404545663196508, 0.11404545663196508, 0.11404545663196397, 0.11404545663196397, 0.11404545663196397, 0.11404545663196397, 0.11404540909975158, 0.11404186193685129, 0.11403741394816391, 0.11403218212492328, 0.11403218212492328, 0.11403218212492328, 0.11403218212492328, 0.11403218212492172, 0.11403218212492172, 0.11403218212492172, 0.11403218212492172, 0.1140310659326711, 0.11402907933278006, 0.11402476762418323, 0.11402432703985355, 0.11402432703985355, 0.11402432703985355, 0.11402432703985355, 0.11402432703985177, 0.11402432703985177, 0.11402432703985177, 0.11402432703985177, 0.11402430988115797, 0.11402305961358272, 0.11402152473886051, 0.11401971312489922, 0.11401971312489922, 0.11401971312489922, 0.11401971312489922, 0.114019713124897, 0.114019713124897, 0.114019713124897, 0.114019713124897, 0.11401933227457284, 0.11401867096413776, 0.11401716304549048, 0.11401701492951455, 0.11401701492951455, 0.11401701492951455, 0.11401701492951455, 0.114017014929513, 0.114017014929513, 0.114017014929513, 0.114017014929513, 0.11401700917383484, 0.11401657969871315, 0.11401605474761567, 0.11401544540543052, 0.11401544540543052, 0.11401544540543052, 0.11401544540543052, 0.1140154454054274, 0.1140154454054274, 0.1140154454054274, 0.1140154454054274, 0.1140153194207445, 0.11401509949201682, 0.11401458411573451, 0.11401453528203298, 0.11401453528203298, 0.11401453528203298, 0.11401453528203298, 0.11401453528203076, 0.11401453528203076, 0.11401453528203076, 0.11401453528203076, 0.1140145334099203, 0.11401438829647992, 0.11401421093505482, 0.11401400934982964, 0.11401400934982964, 0.11401400934982964, 0.11401400934982964, 0.11401400934982808, 0.11401400934982808, 0.11401400934982808, 0.11401400934982808, 0.11401396826009136, 0.11401389544683727, 0.11401372200768822, 0.1140137060427806, 0.1140137060427806, 0.1140137060427806, 0.1140137060427806, 0.11401370604277905, 0.11401370604277905, 0.11401370604277905, 0.11401370604277905, 0.11401370544017264, 0.11401365695461863, 0.11401359764143804, 0.11401353150077842, 0.11401353150077842, 0.11401353150077842, 0.11401353150077842, 0.11401353150077687, 0.11401353150077687, 0.11401353150077687, 0.11401353150077687, 0.11401351816663507, 0.114013494159662, 0.11401343638676686, 0.11401343118347085, 0.11401343118347085, 0.11401343118347085, 0.11401343118347085, 0.11401343118346952, 0.11401343118346952, 0.11401343118346952, 0.11401343118346952, 0.11401343098975958, 0.11401341491172556, 0.11401339522374476, 0.11401337360203656, 0.11401337360203656, 0.11401337360203656, 0.11401337360203656, 0.11401337360203612, 0.11401337360203612, 0.11401337360203612, 0.11401337360203612, 0.11401336927810224, 0.11401336138680906, 0.11401334227045812, 0.11401334057567225, 0.11401334057567225, 0.11401334057567225, 0.11401334057567225, 0.11401334057567358, 0.11401334057567358, 0.11401334057567358, 0.11401334057567358, 0.11401334051326706, 0.1140133352083692, 0.1140133287067775, 0.11401332164801525, 0.11401332164801525, 0.11401332164801525, 0.11401332164801525, 0.11401332164801414, 0.11401332164801414, 0.11401332164801414, 0.11401332164801414, 0.1140133202444773, 0.11401331765578249, 0.11401331135755988, 0.11401331080535138, 0.11401331080535138, 0.11401331080535138, 0.11401331080535138, 0.11401331080535027, 0.11401331080535027, 0.11401331080535027, 0.11401331080535027, 0.11401331078518373, 0.11401330904055462, 0.11401330690089839, 0.11401330459707171, 0.11401330459707171, 0.11401330459707171, 0.11401330459707171, 0.11401330459707193, 0.11401330459707193, 0.11401330459707193, 0.11401330459707193, 0.11401330414081268, 0.11401330329269777, 0.11401330122334685, 0.1140133010433031, 0.1140133010433031, 0.1140133010433031, 0.1140133010433031, 0.11401330104330332, 0.11401330104330332, 0.11401330104330332, 0.11401330104330332, 0.11401330103676766, 0.11401330046421343, 0.11401329976165298, 0.11401329900960366, 0.11401329900960366, 0.11401329900960366, 0.11401329900960366, 0.11401329900960522, 0.11401329900960522, 0.11401329900960522, 0.11401329900960522, 0.11401329886107225, 0.11401329858343168, 0.11401329790471793, 0.11401329784597536, 0.11401329784597536, 0.11401329784597536, 0.11401329784597536, 0.1140132978459758, 0.1140132978459758, 0.1140132978459758, 0.1140132978459758, 0.1140132978438515, 0.11401329765620227, 0.11401329742585808, 0.11401329718028719, 0.11401329718028719, 0.11401329718028719, 0.11401329718028719, 0.11401329718028674, 0.11401329718028674, 0.11401329718028674, 0.11401329718028674, 0.11401329713187547, 0.1140132970410297, 0.1140132968186709, 0.11401329679949357, 0.11401329679949357, 0.11401329679949357, 0.11401329679949357, 0.11401329679949579, 0.11401329679949579, 0.11401329679949579, 0.11401329679949579, 0.11401329679880279, 0.11401329673735461, 0.11401329666190452, 0.11401329658169179, 0.11401329658169179, 0.11401329658169179, 0.11401329658169179, 0.11401329658169312, 0.11401329658169312, 0.11401329658169312, 0.11401329658169312, 0.11401329656589798, 0.11401329653618353, 0.1140132964633862, 0.11401329645712455, 0.11401329645712455, 0.11401329645712455, 0.11401329645712455, 0.11401329645712233, 0.11401329645712233, 0.11401329645712233, 0.11401329645712233, 0.11401329645689895, 0.11401329643678637, 0.11401329641208746, 0.11401329638587976, 0.11401329638587976, 0.11401329638587976, 0.11401329638587976, 0.11401329638588087, 0.11401329638588087, 0.11401329638588087, 0.11401329638588087, 0.11401329638072433, 0.11401329637100543, 0.11401329634718471, 0.11401329634513768, 0.11401329634513768, 0.11401329634513768, 0.11401329634513768, 0.11401329634513724, 0.11401329634513724, 0.11401329634513724, 0.11401329634513724, 0.11401329634513724, 0.11401329633880164, 0.11401329633094304, 0.11401329632254065, 0.11401329632254065, 0.11401329632254065, 0.11401329632254065, 0.11401329632254065, 0.11401329632254065, 0.11401329632254065, 0.11401329632254065, 0.11401329632088664, 0.11401329631777912, 0.11401329630955903, 0.1140132963089111, 0.1140132963089111, 0.1140132963089111, 0.1140132963089111, 0.11401329630890866, 0.11401329630890866, 0.11401329630890866, 0.11401329630890866, 0.11401329630890866, 0.1140132963067435, 0.11401329630412205, 0.1140132963013527, 0.1140132963013527, 0.1140132963013527, 0.1140132963013527, 0.11401329630134871, 0.11401329630134871, 0.11401329630134871, 0.11401329630134871, 0.11401329630080537, 0.11401329629977575, 0.11401329629701173, 0.11401329629679458, 0.11401329629679458, 0.11401329629679458, 0.11401329629679458, 0.1140132962967948, 0.1140132962967948, 0.1140132962967948, 0.1140132962967948, 0.1140132962967948, 0.11401329629606582, 0.11401329629518919, 0.11401329629426793, 0.11401329629426793, 0.11401329629426793, 0.11401329629426793, 0.11401329629426993, 0.11401329629426993, 0.11401329629426993, 0.11401329629426993, 0.1140132962940883, 0.11401329629374657, 0.11401329629282175, 0.11401329629282175, 0.11401329629282175, 0.11401329629282175, 0.11401329629282175]",16,3656,0.5906856569927186,0.889236461640069,2d33f4b11b74317e4c5fe921b98a6d7186a9cb308641f0bcbca58636d6042e1c,ff78982f7c0a0703787f4d4d317b00cfb3e5a39a29e46d5077ad927ba8f6791d,2df89739fab8b33530f176547eb23ed65b259bc7,true,3fd2b466a80460124036f52434e2df874153d4eb99bb1ac9746d92116e040e93
3db294fdb097669dc35289df,pauli,rzz,,,0.0,0.0,33,8,1e-13,2.220446049250313e-16,0.0,-2.220446049250313e-16,3.3370765691034825e-15,1.0,1.0000000000000004,"[1, 2, 4, 8, 8, 8, 8, 8, 8, 8, 4, 2, 1]","[1, 2, 4, 8, 8, 8, 8, 8, 8, 8, 4, 2, 1]",0.0,0.0,2.220446049250313e-16,0.0,"{""input"": 0.005234252894297242, ""mpo_contract_compress"": 0.005268421955406666}",input,0,True,0,[0.0],[0.0],8,936,0.015018756035715342,1.0,2d33f4b11b74317e4c5fe921b98a6d7186a9cb308641f0bcbca58636d6042e1c,ff78982f7c0a0703787f4d4d317b00cfb3e5a39a29e46d5077ad927ba8f6791d,2df89739fab8b33530f176547eb23ed65b259bc7,true,3fd2b466a80460124036f52434e2df874153d4eb99bb1ac9746d92116e040e93
a4b826057d5d10279ebcedac,pauli,rzz,,,0.0006283185307179586,0.0001,33,8,1e-13,7.976488758387745e-08,7.9764822080719e-08,-6.550315845288424e-14,2.726641343925568e-07,1.000000000000002,0.9999999601175533,"[1, 2, 4, 8, 8, 8, 8, 8, 8, 8, 4, 2, 1]","[1, 2, 4, 8, 8, 8, 8, 8, 8, 8, 4, 2, 1]",9.868673922497351e-08,7.9764822080719e-08,7.976489002636811e-08,9.868673922497351e-08,"{""input"": 0.0394542480353266, ""mpo_contract_compress"": 0.040023307083174586}",input,2,True,36,"[9.868673922497351e-08, 7.976482274685281e-08, 7.9764822080719e-08]","[9.868673922497351e-08, 9.038882708978235e-08, 8.987632504897647e-08, 8.867501555265278e-08, 8.758198344338552e-08, 8.559440156652443e-08, 8.301055487436315e-08, 8.111019322853963e-08, 7.976481986027295e-08, 7.976481986027295e-08, 7.976481986027295e-08, 7.976481986027295e-08, 7.976482319094202e-08, 7.976482319094202e-08, 7.976482319094202e-08, 7.976482319094202e-08, 7.976482319094202e-08, 7.976482319094202e-08, 7.976482319094202e-08, 7.976482319094202e-08, 7.976482319094202e-08, 7.976482319094202e-08, 7.976482319094202e-08, 7.976482274685281e-08, 7.976482274685281e-08, 7.976482274685281e-08, 7.976482274685281e-08, 7.976482274685281e-08, 7.976482274685281e-08, 7.976482274685281e-08, 7.976482274685281e-08, 7.976482274685281e-08, 7.976482274685281e-08, 7.976482274685281e-08, 7.976482252480821e-08, 7.976482252480821e-08, 7.976482252480821e-08, 7.976482252480821e-08, 7.976482252480821e-08, 7.976482252480821e-08, 7.976482252480821e-08, 7.976482252480821e-08, 7.976482252480821e-08, 7.976482252480821e-08, 7.976482252480821e-08]",16,3656,0.08535658894106746,0.9999999202351784,2d33f4b11b74317e4c5fe921b98a6d7186a9cb308641f0bcbca58636d6042e1c,ff78982f7c0a0703787f4d4d317b00cfb3e5a39a29e46d5077ad927ba8f6791d,2df89739fab8b33530f176547eb23ed65b259bc7,true,3fd2b466a80460124036f52434e2df874153d4eb99bb1ac9746d92116e040e93
a69c2e0e2ef15b636758ba30,pauli,rzz,,,0.001986917653053424,0.000316227766,33,8,1e-13,7.975830400575035e-07,7.975762739143022e-07,-6.766143201275554e-12,2.601565262326737e-06,1.0000000000000004,0.999999601208398,"[1, 2, 4, 8, 8, 8, 8, 8, 8, 8, 4, 2, 1]","[1, 2, 4, 8, 8, 8, 8, 8, 8, 8, 4, 2, 1]",7.97583197709173e-07,7.975764304557487e-07,7.97583197709173e-07,9.868673138679895e-07,"{""input"": 0.0397709000390023, ""mpo_contract_compress"": 0.03998103481717408}",mpo_contract_compress,2,True,38,"[7.97583197709173e-07, 7.975764328982393e-07, 7.975764304557487e-07]","[7.97583197709173e-07, 7.975830671469453e-07, 7.975822071681904e-07, 7.975780198510307e-07, 7.975766551648888e-07, 7.975764528822538e-07, 7.975764315659717e-07, 7.975764315659717e-07, 7.975764315659717e-07, 7.975764315659717e-07, 7.975764315659717e-07, 7.975764315659717e-07, 7.975764317880163e-07, 7.975764317880163e-07, 7.975764317880163e-07, 7.975764317880163e-07, 7.975764317880163e-07, 7.975764317880163e-07, 7.975764317880163e-07, 7.975764317880163e-07, 7.975764317880163e-07, 7.975764317880163e-07, 7.975764317880163e-07, 7.975764328982393e-07, 7.975764328982393e-07, 7.975764328982393e-07, 7.975764328982393e-07, 7.975764328982393e-07, 7.975764328982393e-07, 7.975764328982393e-07, 7.975764328982393e-07, 7.975764328982393e-07, 7.975764328982393e-07, 7.975764328982393e-07, 7.975764304557487e-07, 7.975764304557487e-07, 7.975764304557487e-07, 7.975764304557487e-07, 7.975764304557487e-07, 7.975764304557487e-07, 7.975764304557487e-07, 7.975764304557487e-07, 7.975764304557487e-07, 7.975764304557487e-07, 7.975764304557487e-07]",16,3656,0.08551443391479552,0.9999992024237265,2d33f4b11b74317e4c5fe921b98a6d7186a9cb308641f0bcbca58636d6042e1c,ff78982f7c0a0703787f4d4d317b00cfb3e5a39a29e46d5077ad927ba8f6791d,2df89739fab8b33530f176547eb23ed65b259bc7,true,3fd2b466a80460124036f52434e2df874153d4eb99bb1ac9746d92116e040e93
69a83236d35992a888fadaaf,pauli,rzz,,,0.006283185307179587,0.001,33,8,1e-13,7.974116643438833e-06,7.973439640096558e-06,-6.770033422753841e-10,2.603338508498105e-05,1.0000000000000004,0.9999960129337283,"[1, 2, 4, 8, 8, 8, 8, 8, 8, 8, 4, 2, 1]","[1, 2, 4, 8, 8, 8, 8, 8, 8, 8, 4, 2, 1]",9.868665831858081e-06,7.973455534493468e-06,7.9741325396121e-06,9.868665831858081e-06,"{""input"": 0.039304373087361455, ""mpo_contract_compress"": 0.039822448045015335}",input,2,True,32,"[9.868665831858081e-06, 7.973455534715512e-06, 7.973455534493468e-06]","[9.868665831858081e-06, 9.038873493238953e-06, 8.987623330680705e-06, 8.867492244934994e-06, 8.758124294017122e-06, 8.559073566116737e-06, 8.299787870313935e-06, 8.108940455553437e-06, 7.973467776034582e-06, 7.973467776034582e-06, 7.973467776034582e-06, 7.973467776034582e-06, 7.973467776478671e-06, 7.973467776478671e-06, 7.973467776478671e-06, 7.973467776478671e-06, 7.973466920940808e-06, 7.973464730026691e-06, 7.973461481736166e-06, 7.973455534715512e-06, 7.973455534715512e-06, 7.973455534715512e-06, 7.973455534715512e-06, 7.973455534715512e-06, 7.973455534715512e-06, 7.973455534715512e-06, 7.973455534715512e-06, 7.973455534715512e-06, 7.973455534715512e-06, 7.973455534715512e-06, 7.973455534715512e-06, 7.973455534715512e-06, 7.973455534715512e-06, 7.973455534715512e-06, 7.973455534715512e-06, 7.973455534715512e-06, 7.973455534715512e-06, 7.973455534715512e-06, 7.973455534715512e-06, 7.973455534715512e-06, 7.973455534715512e-06, 7.973455534715512e-06, 7.973455534715512e-06, 7.973455534715512e-06, 7.973455534715512e-06]",16,3656,0.08490203111432493,0.9999920265603595,2d33f4b11b74317e4c5fe921b98a6d7186a9cb308641f0bcbca58636d6042e1c,ff78982f7c0a0703787f4d4d317b00cfb3e5a39a29e46d5077ad927ba8f6791d,2df89739fab8b33530f176547eb23ed65b259bc7,true,3fd2b466a80460124036f52434e2df874153d4eb99bb1ac9746d92116e040e93
d6a85aec8e2ad1298c29a795,pauli,rzz,,,0.019869176530534244,0.00316227766,33,8,1e-13,7.972431480329778e-05,7.965600598702771e-05,-6.830881627006846e-08,0.0002618872338155904,0.9999999999999997,0.9999601370480714,"[1, 2, 4, 8, 8, 8, 8, 8, 8, 8, 4, 2, 1]","[1, 2, 4, 8, 8, 8, 8, 8, 8, 8, 4, 2, 1]",7.972590385918465e-05,7.965759231920444e-05,7.972590385918465e-05,9.86859275986518e-05,"{""input"": 0.055409763008356094, ""mpo_contract_compress"": 0.0397961859125644}",mpo_contract_compress,2,True,36,"[7.972590385918465e-05, 7.965759231920444e-05, 7.965759231920444e-05]","[7.972590385918465e-05, 7.972463948791031e-05, 7.971545139850988e-05, 7.967371220507502e-05, 7.965991381819748e-05, 7.965783127361625e-05, 7.96575960066992e-05, 7.965759300443409e-05, 7.965759236783221e-05, 7.965759236783221e-05, 7.965759236783221e-05, 7.965759236783221e-05, 7.965759236938652e-05, 7.965759236938652e-05, 7.965759236938652e-05, 7.965759236938652e-05, 7.965759236938652e-05, 7.965759236938652e-05, 7.965759236938652e-05, 7.965759232164693e-05, 7.965759232164693e-05, 7.965759232164693e-05, 7.965759232164693e-05, 7.965759231920444e-05, 7.965759231920444e-05, 7.965759231920444e-05, 7.965759231920444e-05, 7.965759231920444e-05, 7.965759231920444e-05, 7.965759231920444e-05, 7.965759231920444e-05, 7.965759231920444e-05, 7.965759231920444e-05, 7.965759231920444e-05, 7.965759231942648e-05, 7.965759231942648e-05, 7.965759231942648e-05, 7.965759231942648e-05, 7.965759231942648e-05, 7.965759231942648e-05, 7.965759231942648e-05, 7.965759231942648e-05, 7.965759231942648e-05, 7.965759231942648e-05, 7.965759231942648e-05]",16,3656,0.10105090797878802,0.9999203439940128,2d33f4b11b74317e4c5fe921b98a6d7186a9cb308641f0bcbca58636d6042e1c,ff78982f7c0a0703787f4d4d317b00cfb3e5a39a29e46d5077ad927ba8f6791d,2df89739fab8b33530f176547eb23ed65b259bc7,true,3fd2b466a80460124036f52434e2df874153d4eb99bb1ac9746d92116e040e93
4aeed4d9b88d4dcfc8023265,pauli,rzz,,,0.06283185307179587,0.01,33,8,1e-13,0.0008011505780251005,0.0007935648009462781,-7.585777078822353e-06,0.002783115327549003,0.9999999999999999,0.9995993444485555,"[1, 2, 4, 8, 8, 8, 8, 8, 8, 8, 4, 2, 1]","[1, 2, 4, 8, 8, 8, 8, 8, 8, 8, 4, 2, 1]",0.0008013111028979392,0.0007937222997194127,0.0008013111028979392,0.000986786208125423,"{""input"": 0.055544870905578136, ""mpo_contract_compress"": 0.05551825393922627}",mpo_contract_compress,3,True,51,"[0.0008013111028979392, 0.0007937222999241378, 0.0007937222997194127, 0.0007937222997194127]","[0.0008013111028979392, 0.000801199114152551, 0.0007995315332398611, 0.0007955334455236329, 0.0007940018483436617, 0.000793760253139375, 0.000793726865718325, 0.0007937231882211293, 0.0007937223969050056, 0.0007937223969050056, 0.0007937223969050056, 0.0007937223969050056, 0.0007937223969045615, 0.0007937223969045615, 0.0007937223969045615, 0.0007937223969045615, 0.0007937223964065154, 0.0007937223919032288, 0.0007937223714251651, 0.0007937222999228055, 0.0007937222999228055, 0.0007937222999228055, 0.0007937222999228055, 0.0007937222999241378, 0.0007937222999241378, 0.0007937222999241378, 0.0007937222999241378, 0.0007937222998735116, 0.000793722299795796, 0.0007937222997373983, 0.000793722299720967, 0.000793722299720967, 0.000793722299720967, 0.000793722299720967, 0.000793722299720967, 0.000793722299720967, 0.000793722299720967, 0.000793722299720967, 0.000793722299720967, 0.000793722299720967, 0.000793722299720967, 0.000793722299720967, 0.000793722299720967, 0.000793722299720967, 0.000793722299720967, 0.0007937222997194127, 0.0007937222997194127, 0.0007937222997194127, 0.0007937222997194127, 0.0007937222997194127, 0.0007937222997194127, 0.0007937222997194127, 0.0007937222997194127, 0.0007937222997194127, 0.0007937222997194127, 0.0007937222997194127, 0.0007937222997214111, 0.0007937222997214111, 0.0007937222997214111, 0.0007937222997214111, 0.0007937222997214111, 0.0007937222997214111, 0.0007937222997214111, 0.0007937222997214111, 0.0007937222997214111, 0.0007937222997214111, 0.0007937222997214111]",16,3656,0.11687822011299431,0.9992064351990524,2d33f4b11b74317e4c5fe921b98a6d7186a9cb308641f0bcbca58636d6042e1c,ff78982f7c0a0703787f4d4d317b00cfb3e5a39a29e46d5077ad927ba8f6791d,2df89739fab8b33530f176547eb23ed65b259bc7,true,3fd2b466a80460124036f52434e2df874153d4eb99bb1ac9746d92116e040e93
7a03263e30e693d52a139fed,pauli,rzz,,,0.6283185307179586,0.1,33,8,1e-13,0.052823108615628556,0.048565024769207654,-0.004258083846420901,0.11130116455276659,0.9999999999999992,0.973230132797157,"[1, 2, 4, 8, 8, 8, 8, 8, 8, 8, 4, 2, 1]","[1, 2, 4, 8, 8, 8, 8, 8, 8, 8, 4, 2, 1]",0.09787750174551846,0.04916943305596844,0.053539734405686046,0.09787750174551846,"{""input"": 0.18389401002787054, ""mpo_contract_compress"": 0.15895790397189558}",input,11,True,151,"[0.09787750174551846, 0.0566171596091698, 0.04967266093896194, 0.04920834684212383, 0.04917288134202269, 0.04916976077637547, 0.04916946530903199, 0.0491694362801296, 0.04916943338040247, 0.049169433088477765, 0.04916943305895227, 0.04916943305596844]","[0.09787750174551846, 0.0894545408309646, 0.08893553368918283, 0.08771952582530496, 0.08641435689117216, 0.08364606122125617, 0.07871109815094335, 0.07362859554757195, 0.06816236343632065, 0.06816236343632065, 0.06816236343632065, 0.06816236343632065, 0.06816236343632087, 0.06816236343632087, 0.06816236343632087, 0.06816236343632087, 0.06772453680014845, 0.06677567093003045, 0.06277712020726511, 0.056617159609169354, 0.056617159609169354, 0.056617159609169354, 0.056617159609169354, 0.0566171596091698, 0.0566171596091698, 0.0566171596091698, 0.0566171596091698, 0.05575471479249905, 0.05411438947223002, 0.05214119025248176, 0.05102475322665545, 0.05102475322665545, 0.05102475322665545, 0.05102475322665545, 0.051024753226658115, 0.051024753226658115, 0.051024753226658115, 0.051024753226658115, 0.05094858258320967, 0.050764831501491914, 0.050284414091724905, 0.049672660938961055, 0.049672660938961055, 0.049672660938961055, 0.049672660938961055, 0.04967266093896194, 0.04967266093896194, 0.04967266093896194, 0.04967266093896194, 0.04963850520079238, 0.04951677817309785, 0.04938900067375185, 0.049305145962843744, 0.049305145962843744, 0.049305145962843744, 0.049305145962843744, 0.049305145962845076, 0.049305145962845076, 0.049305145962845076, 0.049305145962845076, 0.04929793349795819, 0.0492815729975713, 0.04922822085978895, 0.04920834684212405, 0.04920834684212405, 0.04920834684212405, 0.04920834684212405, 0.04920834684212383, 0.04920834684212383, 0.04920834684212383, 0.04920834684212383, 0.04920756856513564, 0.049195647900786454, 0.04918747502500054, 0.049180856637782044, 0.049180856637782044, 0.049180856637782044, 0.049180856637782044, 0.049180856637782266, 0.049180856637782266, 0.049180856637782266, 0.049180856637782266, 0.04918002693712076, 0.049178888622678496, 0.049174040014785314, 0.049172881342020025, 0.049172881342020025, 0.049172881342020025, 0.049172881342020025, 0.04917288134202269, 0.04917288134202269, 0.04917288134202269, 0.04917288134202269, 0.04917284434441371, 0.04917171941868803, 0.04917111818812159, 0.04917048875824803, 0.04917048875824803, 0.04917048875824803, 0.04917048875824803, 0.04917048875824759, 0.04917048875824759, 0.04917048875824759, 0.04917048875824759, 0.04917038200669532, 0.049170292948621075, 0.04916985487535719, 0.04916976077637725, 0.04916976077637725, 0.04916976077637725, 0.04916976077637725, 0.04916976077637547, 0.04916976077637547, 0.04916976077637547, 0.04916976077637547, 0.04916975791224365, 0.04916965285113095, 0.04916960322664332, 0.049169535552519905, 0.049169535552519905, 0.049169535552519905, 0.049169535552519905, 0.04916953555251835, 0.04916953555251835, 0.04916953555251835, 0.04916953555251835, 0.0491695223578954, 0.049169514440834394, 0.049169473680216846, 0.04916946530902844, 0.04916946530902844, 0.04916946530902844, 0.04916946530902844, 0.04916946530903199, 0.04916946530903199, 0.04916946530903199, 0.04916946530903199, 0.049169465055483474, 0.049169455117215266, 0.04916945067462852, 0.04916944324004602, 0.04916944324004602, 0.04916944324004602, 0.04916944324004602, 0.049169443240047794, 0.049169443240047794, 0.049169443240047794, 0.049169443240047794, 0.04916944170284676, 0.049169440939956344, 0.04916943705412136, 0.04916943628012782, 0.04916943628012782, 0.04916943628012782, 0.04916943628012782, 0.0491694362801296, 0.0491694362801296, 0.0491694362801296, 0.0491694362801296, 0.049169436256732535, 0.04916943530432749, 0.049169434887317065, 0.04916943407827157, 0.04916943407827157, 0.04916943407827157, 0.04916943407827157, 0.04916943407826935, 0.04916943407826935, 0.04916943407826935, 0.04916943407826935, 0.04916943390619699, 0.04916943382963357, 0.04916943345350666, 0.04916943338040136, 0.04916943338040136, 0.04916943338040136, 0.04916943338040136, 0.04916943338040247, 0.04916943338040247, 0.04916943338040247, 0.04916943338040247, 0.04916943337820445, 0.049169433286158526, 0.04916943324595158, 0.04916943315887545, 0.04916943315887545, 0.04916943315887545, 0.04916943315887545, 0.04916943315887612, 0.04916943315887612, 0.04916943315887612, 0.04916943315887612, 0.04916943314004585, 0.04916943313220501, 0.049169433095468174, 0.049169433088477765, 0.049169433088477765, 0.049169433088477765, 0.049169433088477765, 0.049169433088477765, 0.049169433088477765, 0.049169433088477765, 0.049169433088477765, 0.04916943308826993, 0.04916943307933108, 0.04916943307539268, 0.04916943306608412, 0.04916943306608412, 0.04916943306608412, 0.04916943306608412, 0.04916943306608346, 0.04916943306608346, 0.04916943306608346, 0.04916943306608346, 0.04916943306404753, 0.0491694330632344, 0.04916943305962507, 0.049169433058951384, 0.049169433058951384, 0.049169433058951384, 0.049169433058951384, 0.04916943305895227, 0.04916943305895227, 0.04916943305895227, 0.04916943305895227, 0.04916943305895227, 0.04916943305809163, 0.0491694330577086, 0.04916943305672028, 0.04916943305672028, 0.04916943305672028, 0.04916943305672028, 0.04916943305672117, 0.04916943305672117, 0.04916943305672117, 0.04916943305672117, 0.049169433056501566, 0.0491694330564183, 0.04916943305603194, 0.0491694330559691, 0.0491694330559691, 0.0491694330559691, 0.0491694330559691]",16,3656,0.3487103129737079,0.9514349752307926,2d33f4b11b74317e4c5fe921b98a6d7186a9cb308641f0bcbca58636d6042e1c,ff78982f7c0a0703787f4d4d317b00cfb3e5a39a29e46d5077ad927ba8f6791d,2df89739fab8b33530f176547eb23ed65b259bc7,true,3fd2b466a80460124036f52434e2df874153d4eb99bb1ac9746d92116e040e93
600c2de8e8009bdb54501cf5,pauli,rzz,,,1.5707963267948966,0.25,33,8,1e-13,0.10420833126831774,0.10027190455212598,-0.003936426716191765,0.09823760988436278,1.0000000000000002,0.9464627138623497,"[1, 2, 4, 8, 8, 8, 8, 8, 8, 8, 4, 2, 1]","[1, 2, 4, 8, 8, 8, 8, 8, 8, 8, 4, 2, 1]",0.10707457227530237,0.10292003811344497,0.10707457227530237,0.585719777131466,"{""input"": 0.2874878100119531, ""mpo_contract_compress"": 0.22887389594689012}",mpo_contract_compress,14,True,195,"[0.10707457227530237, 0.10296574964261285, 0.10292959602483331, 0.10292242742902413, 0.10292066131931299, 0.10292020348812225, 0.10292008242394046, 0.1029200500612053, 0.10292004134849186, 0.10292003899131852, 0.10292003835141372, 0.10292003817728745, 0.10292003812982631, 0.10292003811696415, 0.10292003811344497]","[0.10707457227530237, 0.10701792803694521, 0.10679718825091444, 0.10569122701489464, 0.10430921074164079, 0.10366689140181573, 0.10328646963447996, 0.10310747214877902, 0.10305834242947909, 0.10305834242947909, 0.10305834242947909, 0.10305834242947909, 0.10305834242947909, 0.10305834242947909, 0.10305834242947909, 0.10305834242947909, 0.10304891066193744, 0.10302520606688215, 0.10298404172872289, 0.10296574964261285, 0.10296574964261285, 0.10296574964261285, 0.10296574964261285, 0.10296574964261285, 0.10296574964261285, 0.10296574964261285, 0.10296574964261285, 0.10296490641799005, 0.10295726506891323, 0.1029474625796849, 0.10294004102050947, 0.10294004102050947, 0.10294004102050947, 0.10294004102050947, 0.10294004102050924, 0.10294004102050924, 0.10294004102050924, 0.10294004102050924, 0.10293848216758028, 0.10293474083067622, 0.10293039951800909, 0.10292959602483243, 0.10292959602483243, 0.10292959602483243, 0.10292959602483243, 0.10292959602483331, 0.10292959602483331, 0.10292959602483331, 0.10292959602483331, 0.10292954802535159, 0.10292833044063077, 0.10292614709266634, 0.10292477694515623, 0.10292477694515623, 0.10292477694515623, 0.10292477694515623, 0.10292477694515689, 0.10292477694515689, 0.10292477694515689, 0.10292477694515689, 0.10292448875833182, 0.10292351336473748, 0.10292258530824339, 0.10292242742902169, 0.10292242742902169, 0.10292242742902169, 0.10292242742902169, 0.10292242742902413, 0.10292242742902413, 0.10292242742902413, 0.10292242742902413, 0.1029224192321283, 0.10292214874453465, 0.10292157498948407, 0.10292125487470738, 0.10292125487470738, 0.10292125487470738, 0.10292125487470738, 0.10292125487470671, 0.10292125487470671, 0.10292125487470671, 0.10292125487470671, 0.10292118637413328, 0.10292092225617888, 0.10292069818626493, 0.10292066131931366, 0.10292066131931366, 0.10292066131931366, 0.10292066131931366, 0.10292066131931299, 0.10292066131931299, 0.10292066131931299, 0.10292066131931299, 0.10292065958781116, 0.10292059675683252, 0.10292044309874182, 0.10292035867946137, 0.10292035867946137, 0.10292035867946137, 0.10292035867946137, 0.10292035867946114, 0.10292035867946114, 0.10292035867946114, 0.10292035867946114, 0.10292034023110608, 0.1029202682510042, 0.10292021249024841, 0.10292020348812203, 0.10292020348812203, 0.10292020348812203, 0.10292020348812203, 0.10292020348812225, 0.10292020348812225, 0.10292020348812225, 0.10292020348812225, 0.10292020309119243, 0.1029201882438393, 0.10292014678905081, 0.10292012363708913, 0.10292012363708913, 0.10292012363708913, 0.10292012363708913, 0.1029201236370898, 0.1029201236370898, 0.1029201236370898, 0.1029201236370898, 0.1029201185004458, 0.10292009882083564, 0.1029200846797278, 0.10292008242394135, 0.10292008242394135, 0.10292008242394135, 0.10292008242394135, 0.10292008242394046, 0.10292008242394046, 0.10292008242394046, 0.10292008242394046, 0.10292008232830274, 0.10292007875300646, 0.10292006751184446, 0.10292006110792884, 0.10292006110792884, 0.10292006110792884, 0.10292006110792884, 0.10292006110792928, 0.10292006110792928, 0.10292006110792928, 0.10292006110792928, 0.10292005967398388, 0.1029200542840194, 0.1029200506384913, 0.1029200500612042, 0.1029200500612042, 0.1029200500612042, 0.1029200500612042, 0.1029200500612053, 0.1029200500612053, 0.1029200500612053, 0.1029200500612053, 0.10292005003726157, 0.10292004915829422, 0.10292004609923766, 0.10292004432800073, 0.10292004432800073, 0.10292004432800073, 0.10292004432800073, 0.10292004432799917, 0.10292004432799917, 0.10292004432799917, 0.10292004432799917, 0.1029200439293172, 0.10292004245188258, 0.10292004149884826, 0.10292004134849031, 0.10292004134849031, 0.10292004134849031, 0.10292004134849031, 0.10292004134849186, 0.10292004134849186, 0.10292004134849186, 0.10292004134849186, 0.10292004134231081, 0.10292004112182984, 0.10292004028744395, 0.10292003979844888, 0.10292003979844888, 0.10292003979844888, 0.10292003979844888, 0.10292003979844955, 0.10292003979844955, 0.10292003979844955, 0.10292003979844955, 0.10292003968807406, 0.10292003928299809, 0.10292003903103097, 0.10292003899131763, 0.10292003899131763, 0.10292003899131763, 0.10292003899131763, 0.10292003899131852, 0.10292003899131852, 0.10292003899131852, 0.10292003899131852, 0.10292003898968671, 0.1029200389333853, 0.10292003870547473, 0.1029200385707254, 0.1029200385707254, 0.1029200385707254, 0.1029200385707254, 0.1029200385707254, 0.1029200385707254, 0.1029200385707254, 0.1029200385707254, 0.10292003854026599, 0.1029200384292106, 0.10292003836201502, 0.10292003835141506, 0.10292003835141506, 0.10292003835141506, 0.10292003835141506, 0.10292003835141372, 0.10292003835141372, 0.10292003835141372, 0.10292003835141372, 0.10292003835097563, 0.10292003833638286, 0.10292003827407603, 0.10292003823700191, 0.10292003823700191, 0.10292003823700191, 0.10292003823700191, 0.10292003823700147, 0.10292003823700147, 0.10292003823700147, 0.10292003823700147, 0.10292003822861462, 0.10292003819817364, 0.10292003818013806, 0.10292003817728657, 0.10292003817728657, 0.10292003817728657, 0.10292003817728657, 0.10292003817728745, 0.10292003817728745, 0.10292003817728745, 0.10292003817728745, 0.10292003817716888, 0.10292003817334061, 0.10292003815629935, 0.10292003814611017, 0.10292003814611017, 0.10292003814611017, 0.10292003814611017, 0.10292003814610906, 0.10292003814610906, 0.10292003814610906, 0.10292003814610906, 0.1029200381438049, 0.10292003813546313, 0.10292003813059902, 0.10292003812982853, 0.10292003812982853, 0.10292003812982853, 0.10292003812982853, 0.10292003812982631, 0.10292003812982631, 0.10292003812982631, 0.10292003812982631, 0.10292003812982631, 0.10292003812887152, 0.10292003812427297, 0.10292003812149564, 0.10292003812149564, 0.10292003812149564, 0.10292003812149564, 0.10292003812149675, 0.10292003812149675, 0.10292003812149675, 0.10292003812149675, 0.1029200381208677, 0.10292003811860528, 0.1029200381171651, 0.1029200381169626, 0.1029200381169626, 0.1029200381169626, 0.1029200381169626, 0.10292003811696415, 0.10292003811696415, 0.10292003811696415, 0.10292003811696415, 0.10292003811696415, 0.10292003811668149, 0.10292003811541117, 0.10292003811464778, 0.10292003811464778, 0.10292003811464778, 0.10292003811464778, 0.10292003811464623, 0.10292003811464623, 0.10292003811464623, 0.10292003811464623, 0.10292003811447481, 0.10292003811385042, 0.10292003811344408, 0.10292003811344408, 0.10292003811344408, 0.10292003811344408, 0.10292003811344408]",16,3656,0.5223376578651369,0.8997280954478725,2d33f4b11b74317e4c5fe921b98a6d7186a9cb308641f0bcbca58636d6042e1c,ff78982f7c0a0703787f4d4d317b00cfb3e5a39a29e46d5077ad927ba8f6791d,2df89739fab8b33530f176547eb23ed65b259bc7,true,3fd2b466a80460124036f52434e2df874153d4eb99bb1ac9746d92116e040e93
d468e9ad4e235997486d9410,cnot_rank,cx,1,10,,,11,8,1e-300,0.04229100233685801,0.041164925158031496,-0.0011260771788265123,0.12648288642868763,1.0000000000000004,0.9786260765293052,"[1, 2, 4, 8, 8, 8, 8, 8, 8, 8, 4, 2, 1]","[1, 2, 4, 8, 8, 8, 8, 8, 8, 8, 4, 2, 1]",0.25829813008075275,0.04159751343910889,0.04274784694139022,0.25829813008075275,"{""input"": 0.30987602612003684, ""mpo_contract_compress"": 0.2793595241382718}",input,19,True,265,"[0.25829813008075275, 0.04930449691650396, 0.04194196069049538, 0.041660685287096655, 0.041619210425705155, 0.04160516533042102, 0.0416001586823731, 0.041598413355959485, 0.04159781687043451, 0.04159761531230721, 0.04159754757737488, 0.0415975248694358, 0.041597517264201134, 0.04159751471809048, 0.04159751386582866, 0.04159751358056818, 0.04159751348509322, 0.04159751345313434, 0.041597513442794165, 0.04159751343910889]","[0.25829813008075275, 0.21441363868662755, 0.21385346988275833, 0.21331059842585987, 0.21266775213265343, 0.21197741395329084, 0.20435150437658023, 0.16510560596375123, 0.14636697677171373, 0.14636697677171373, 0.14636697677171373, 0.14636697677171373, 0.14636697677171462, 0.14636697677171462, 0.14636697677171462, 0.14636697677171462, 0.14615767551430925, 0.14462376661083032, 0.12200605311219848, 0.04930449691650374, 0.04930449691650374, 0.04930449691650374, 0.04930449691650374, 0.04930449691650396, 0.04930449691650396, 0.04930449691650396, 0.04930449691650396, 0.04634708709581692, 0.044743268024872496, 0.04361076309621703, 0.04299240924535086, 0.04299240924535086, 0.04299240924535086, 0.04299240924535086, 0.04299240924535108, 0.04299240924535108, 0.04299240924535108, 0.04299240924535108, 0.04298942993752086, 0.042950175949639124, 0.042523719601854415, 0.04194196069049516, 0.04194196069049516, 0.04194196069049516, 0.04194196069049516, 0.04194196069049538, 0.04194196069049538, 0.04194196069049538, 0.04194196069049538, 0.04192775264711579, 0.04182778057864334, 0.04172449021536795, 0.04171655704213295, 0.04171655704213295, 0.04171655704213295, 0.04171655704213295, 0.04171655704213517, 0.04171655704213517, 0.04171655704213517, 0.04171655704213517, 0.04171631801891573, 0.04169523280848875, 0.041669324902061655, 0.04166068528709577, 0.04166068528709577, 0.04166068528709577, 0.04166068528709577, 0.041660685287096655, 0.041660685287096655, 0.041660685287096655, 0.041660685287096655, 0.041660185750666434, 0.04165727055884427, 0.0416364977689212, 0.041634058909476135, 0.041634058909476135, 0.041634058909476135, 0.041634058909476135, 0.04163405890947458, 0.04163405890947458, 0.04163405890947458, 0.04163405890947458, 0.04163389692159081, 0.04162472686208729, 0.041621159919436046, 0.041619210425705155, 0.041619210425705155, 0.041619210425705155, 0.041619210425705155, 0.041619210425705155, 0.041619210425705155, 0.041619210425705155, 0.041619210425705155, 0.04161909252268403, 0.04161872806668376, 0.04161133851774568, 0.04161044139210901, 0.04161044139210901, 0.04161044139210901, 0.04161044139210901, 0.041610441392107234, 0.041610441392107234, 0.041610441392107234, 0.041610441392107234, 0.041610384085488894, 0.04160681476737094, 0.04160580438850592, 0.041605165330417915, 0.041605165330417915, 0.041605165330417915, 0.041605165330417915, 0.04160516533042102, 0.04160516533042102, 0.04160516533042102, 0.04160516533042102, 0.041605130247698296, 0.04160503619563727, 0.04160233222344556, 0.041602027715112344, 0.041602027715112344, 0.041602027715112344, 0.041602027715112344, 0.04160202771511168, 0.04160202771511168, 0.04160202771511168, 0.04160202771511168, 0.04160200953954929, 0.041600712898771874, 0.041600378923043246, 0.04160015868237221, 0.04160015868237221, 0.04160015868237221, 0.04160015868237221, 0.0416001586823731, 0.0416001586823731, 0.0416001586823731, 0.0416001586823731, 0.04160014773919407, 0.04160011743315928, 0.04159916053049417, 0.041599059490920354, 0.041599059490920354, 0.041599059490920354, 0.041599059490920354, 0.04159905949091902, 0.04159905949091902, 0.04159905949091902, 0.04159905949091902, 0.04159905374589079, 0.041598601688284775, 0.041598488879857065, 0.04159841335595904, 0.04159841335595904, 0.04159841335595904, 0.04159841335595904, 0.041598413355959485, 0.041598413355959485, 0.041598413355959485, 0.041598413355959485, 0.04159840987340324, 0.04159839960642442, 0.041598069897430534, 0.04159803654532612, 0.04159803654532612, 0.04159803654532612, 0.04159803654532612, 0.04159803654532457, 0.04159803654532457, 0.04159803654532457, 0.04159803654532457, 0.041598034705611964, 0.04159788054224589, 0.04159784251365228, 0.041597816870437176, 0.041597816870437176, 0.041597816870437176, 0.041597816870437176, 0.04159781687043451, 0.04159781687043451, 0.04159781687043451, 0.04159781687043451, 0.04159781574668697, 0.041597812243193255, 0.041597700355147316, 0.041597689343916944, 0.041597689343916944, 0.041597689343916944, 0.041597689343916944, 0.0415976893439185, 0.0415976893439185, 0.0415976893439185, 0.0415976893439185, 0.04159768874749936, 0.04159763673120209, 0.041597623960841545, 0.04159761531230677, 0.04159761531230677, 0.04159761531230677, 0.04159761531230677, 0.04159761531230721, 0.04159761531230721, 0.04159761531230721, 0.04159761531230721, 0.04159761494609637, 0.04159761375344728, 0.04159757606879699, 0.04159757242542916, 0.04159757242542916, 0.04159757242542916, 0.04159757242542916, 0.04159757242542783, 0.04159757242542783, 0.04159757242542783, 0.04159757242542783, 0.04159757223023375, 0.04159755476136051, 0.04159755048345959, 0.04159754757737599, 0.04159754757737599, 0.04159754757737599, 0.04159754757737599, 0.04159754757737488, 0.04159754757737488, 0.04159754757737488, 0.04159754757737488, 0.04159754745718258, 0.04159754705280938, 0.04159753440400338, 0.04159753319521142, 0.04159753319521142, 0.04159753319521142, 0.04159753319521142, 0.041597533195210534, 0.041597533195210534, 0.041597533195210534, 0.041597533195210534, 0.04159753313087822, 0.04159752727534349, 0.04159752584409793, 0.04159752486943624, 0.04159752486943624, 0.04159752486943624, 0.04159752486943624, 0.0415975248694358, 0.0415975248694358, 0.0415975248694358, 0.0415975248694358, 0.041597524829784405, 0.04159752469318745, 0.0415975204540584, 0.04159752005199957, 0.04159752005199957, 0.04159752005199957, 0.04159752005199957, 0.041597520051999126, 0.041597520051999126, 0.041597520051999126, 0.041597520051999126, 0.04159752003068884, 0.04159751806934664, 0.041597517590774125, 0.04159751726420047, 0.04159751726420047, 0.04159751726420047, 0.04159751726420047, 0.041597517264201134, 0.041597517264201134, 0.041597517264201134, 0.041597517264201134, 0.041597517251070304, 0.04159751720506599, 0.0415975157853139, 0.04159751565131109, 0.04159751565131109, 0.04159751565131109, 0.04159751565131109, 0.04159751565130887, 0.04159751565130887, 0.04159751565130887, 0.04159751565130887, 0.04159751564422831, 0.04159751498744568, 0.041597514827459436, 0.041597514718091144, 0.041597514718091144, 0.041597514718091144, 0.041597514718091144, 0.04159751471809048, 0.04159751471809048, 0.04159751471809048, 0.04159751471809048, 0.04159751471373219, 0.04159751469827566, 0.04159751422292235, 0.04159751417819346, 0.04159751417819346, 0.04159751417819346, 0.04159751417819346, 0.041597514178192574, 0.041597514178192574, 0.041597514178192574, 0.041597514178192574, 0.04159751417583224, 0.041597513955924814, 0.04159751390244448, 0.04159751386582866, 0.04159751386582866, 0.04159751386582866, 0.04159751386582866, 0.04159751386582866, 0.04159751386582866, 0.04159751386582866, 0.04159751386582866, 0.041597513864379154, 0.041597513859192414, 0.04159751370006437, 0.04159751368511744, 0.04159751368511744, 0.04159751368511744, 0.04159751368511744, 0.04159751368511766, 0.04159751368511766, 0.04159751368511766, 0.04159751368511766, 0.04159751368432896, 0.04159751361070163, 0.041597513592824376, 0.04159751358056707, 0.04159751358056707, 0.04159751358056707, 0.04159751358056707, 0.04159751358056818, 0.04159751358056818, 0.04159751358056818, 0.04159751358056818, 0.041597513580084344, 0.04159751357834618, 0.0415975135250799, 0.041597513520082785, 0.041597513520082785, 0.041597513520082785, 0.041597513520082785, 0.041597513520083895, 0.041597513520083895, 0.041597513520083895, 0.041597513520083895, 0.04159751351981944, 0.04159751349517071, 0.04159751348919305, 0.04159751348509122, 0.04159751348509122, 0.04159751348509122, 0.04159751348509122, 0.04159751348509322, 0.04159751348509322, 0.04159751348509322, 0.04159751348509322, 0.04159751348492979, 0.041597513484348925, 0.04159751346652052, 0.041597513464848745, 0.041597513464848745, 0.041597513464848745, 0.041597513464848745, 0.04159751346484675, 0.04159751346484675, 0.04159751346484675, 0.04159751346484675, 0.04159751346475993, 0.04159751345650764, 0.04159751345450946, 0.041597513453137, 0.041597513453137, 0.041597513453137, 0.041597513453137, 0.04159751345313434, 0.04159751345313434, 0.04159751345313434, 0.04159751345313434, 0.041597513453082824, 0.04159751345288831, 0.0415975134469202, 0.041597513446359535, 0.041597513446359535, 0.041597513446359535, 0.041597513446359535, 0.04159751344636087, 0.04159751344636087, 0.04159751344636087, 0.04159751344636087, 0.04159751344636087, 0.04159751344382934, 0.04159751344321605, 0.04159751344279439, 0.04159751344279439, 0.04159751344279439, 0.04159751344279439, 0.041597513442794165, 0.041597513442794165, 0.041597513442794165, 0.041597513442794165, 0.041597513442794165, 0.041597513442726, 0.041597513440573275, 0.04159751344040252, 0.04159751344040252, 0.04159751344040252, 0.04159751344040252, 0.0415975134404023, 0.0415975134404023, 0.0415975134404023, 0.0415975134404023, 0.0415975134404023, 0.04159751343950013, 0.04159751343925966, 0.04159751343911089, 0.04159751343911089, 0.04159751343911089, 0.04159751343911089]",16,3656,0.5952043021097779,0.9588350748419692,2d33f4b11b74317e4c5fe921b98a6d7186a9cb308641f0bcbca58636d6042e1c,ff78982f7c0a0703787f4d4d317b00cfb3e5a39a29e46d5077ad927ba8f6791d,2df89739fab8b33530f176547eb23ed65b259bc7,true,3fd2b466a80460124036f52434e2df874153d4eb99bb1ac9746d92116e040e93
695d8eeae4996f8f84ea0c26,cnot_rank,cx,1,10,,,11,10,1e-300,0.0180122953267996,0.01747009018803969,-0.0005422051387599103,0.04599901881560884,1.0000000000000002,0.9909529275768867,"[1, 2, 4, 8, 10, 10, 10, 10, 10, 8, 4, 2, 1]","[1, 2, 4, 8, 10, 10, 10, 10, 10, 8, 4, 2, 1]",0.25829813008075275,0.01754706506110404,0.018094144846227733,0.25829813008075275,"{""input"": 0.20619517005980015, ""mpo_contract_compress"": 0.16115790302865207}",input,12,True,171,"[0.25829813008075275, 0.020078460806217224, 0.01777960980890647, 0.017571575419615737, 0.017549573538592877, 0.01754732165032502, 0.0175470914630782, 0.01754706779785664, 0.017547065346747548, 0.017547065091187974, 0.01754706506424175, 0.01754706506140713, 0.01754706506110404]","[0.25829813008075275, 0.21441363868662755, 0.21385346988275833, 0.21331059842585987, 0.2123327017374803, 0.2101543349676429, 0.18870595980616844, 0.08596255387556107, 0.03975134397252811, 0.03975134397252811, 0.03975134397252811, 0.03975134397252811, 0.039751343972526776, 0.039751343972526776, 0.039751343972526776, 0.039751343972526776, 0.03866537654428637, 0.03688447927549077, 0.03053687832325025, 0.020078460806217224, 0.020078460806217224, 0.020078460806217224, 0.020078460806217224, 0.020078460806217224, 0.020078460806217224, 0.020078460806217224, 0.020078460806217224, 0.019735760040794803, 0.018653734109387754, 0.018315644892067162, 0.018289160069186128, 0.018289160069186128, 0.018289160069186128, 0.018289160069186128, 0.018289160069186794, 0.018289160069186794, 0.018289160069186794, 0.018289160069186794, 0.018289087429685935, 0.018275675380437173, 0.018078586242382677, 0.01777960980890292, 0.01777960980890292, 0.01777960980890292, 0.01777960980890292, 0.01777960980890647, 0.01777960980890647, 0.01777960980890647, 0.01777960980890647, 0.017706212942884214, 0.017648446923372196, 0.01762315718448626, 0.017621656291646692, 0.017621656291646692, 0.017621656291646692, 0.017621656291646692, 0.017621656291645582, 0.017621656291645582, 0.017621656291645582, 0.017621656291645582, 0.0176216487405203, 0.017619936483929344, 0.017611740493226558, 0.017571575419613294, 0.017571575419613294, 0.017571575419613294, 0.017571575419613294, 0.017571575419615737, 0.017571575419615737, 0.017571575419615737, 0.017571575419615737, 0.017561267975672035, 0.0175572074568644, 0.01755498541598688, 0.017554865268474718, 0.017554865268474718, 0.017554865268474718, 0.017554865268474718, 0.017554865268475828, 0.017554865268475828, 0.017554865268475828, 0.017554865268475828, 0.01755486463679712, 0.017554649619081042, 0.017554005439452958, 0.01754957353859532, 0.01754957353859532, 0.01754957353859532, 0.01754957353859532, 0.017549573538592877, 0.017549573538592877, 0.017549573538592877, 0.017549573538592877, 0.017548474557095073, 0.017548118911699273, 0.017547876142568475, 0.017547865628501302, 0.017547865628501302, 0.017547865628501302, 0.017547865628501302, 0.017547865628502413, 0.017547865628502413, 0.017547865628502413, 0.017547865628502413, 0.017547865570247678, 0.017547838053021625, 0.01754777455507761, 0.017547321650324577, 0.017547321650324577, 0.017547321650324577, 0.017547321650324577, 0.01754732165032502, 0.01754732165032502, 0.01754732165032502, 0.01754732165032502, 0.017547209608811842, 0.01754717535633632, 0.01754714829697046, 0.017547147260432272, 0.017547147260432272, 0.017547147260432272, 0.017547147260432272, 0.017547147260433826, 0.017547147260433826, 0.017547147260433826, 0.017547147260433826, 0.017547147254381112, 0.017547144025063854, 0.01754713747237857, 0.01754709146307709, 0.01754709146307709, 0.01754709146307709, 0.01754709146307709, 0.0175470914630782, 0.0175470914630782, 0.0175470914630782, 0.0175470914630782, 0.017547080007424665, 0.017547076577944853, 0.017547073658551682, 0.017547073552518277, 0.017547073552518277, 0.017547073552518277, 0.017547073552518277, 0.01754707355251961, 0.01754707355251961, 0.01754707355251961, 0.01754707355251961, 0.0175470735518799, 0.017547073195800955, 0.017547072516539863, 0.01754706779785553, 0.01754706779785553, 0.01754706779785553, 0.01754706779785553, 0.01754706779785664, 0.01754706779785664, 0.01754706779785664, 0.01754706779785664, 0.017547066613378792, 0.017547066263450706, 0.01754706595547395, 0.01754706594454647, 0.01754706594454647, 0.01754706594454647, 0.01754706594454647, 0.017547065944547136, 0.017547065944547136, 0.017547065944547136, 0.017547065944547136, 0.017547065944478746, 0.01754706590647337, 0.017547065836077458, 0.017547065346749102, 0.017547065346749102, 0.017547065346749102, 0.017547065346749102, 0.017547065346747548, 0.017547065346747548, 0.017547065346747548, 0.017547065346747548, 0.017547065222983438, 0.017547065186857003, 0.017547065154700725, 0.017547065153571628, 0.017547065153571628, 0.017547065153571628, 0.017547065153571628, 0.01754706515356874, 0.01754706515356874, 0.01754706515356874, 0.01754706515356874, 0.01754706515356874, 0.01754706514962412, 0.01754706514235682, 0.017547065091187086, 0.017547065091187086, 0.017547065091187086, 0.017547065091187086, 0.017547065091187974, 0.017547065091187974, 0.017547065091187974, 0.017547065091187974, 0.017547065078158397, 0.0175470650744054, 0.01754706507094661, 0.017547065070830703, 0.017547065070830703, 0.017547065070830703, 0.017547065070830703, 0.01754706507083137, 0.01754706507083137, 0.01754706507083137, 0.01754706507083137, 0.01754706507083137, 0.017547065070404155, 0.017547065069639434, 0.017547065064242195, 0.017547065064242195, 0.017547065064242195, 0.017547065064242195, 0.01754706506424175, 0.01754706506424175, 0.01754706506424175, 0.01754706506424175, 0.017547065062858858, 0.017547065062464284, 0.01754706506209902, 0.01754706506209902, 0.01754706506209902, 0.01754706506209902, 0.01754706506209902, 0.0175470650620988, 0.0175470650620988, 0.0175470650620988, 0.0175470650620988, 0.0175470650620988, 0.017547065062054834, 0.01754706506197512, 0.017547065061405354, 0.017547065061405354, 0.017547065061405354, 0.017547065061405354, 0.01754706506140713, 0.01754706506140713, 0.01754706506140713, 0.01754706506140713, 0.017547065061258804, 0.017547065061217726, 0.017547065061181533, 0.017547065061159328, 0.017547065061159328, 0.017547065061159328, 0.017547065061159328, 0.017547065061160882, 0.017547065061160882, 0.017547065061160882, 0.017547065061160882, 0.017547065061160882, 0.017547065061160882, 0.017547065061160882, 0.01754706506110293, 0.01754706506110293, 0.01754706506110293, 0.01754706506110293]",16,3656,0.3733937239740044,0.9825299098119589,2d33f4b11b74317e4c5fe921b98a6d7186a9cb308641f0bcbca58636d6042e1c,ff78982f7c0a0703787f4d4d317b00cfb3e5a39a29e46d5077ad927ba8f6791d,2df89739fab8b33530f176547eb23ed65b259bc7,true,3fd2b466a80460124036f52434e2df874153d4eb99bb1ac9746d92116e040e93
c117969d7d1c476ad3bdd8b2,cnot_rank,cx,1,10,,,11,12,1e-300,0.005302458834525847,0.005248453230505268,-5.400560402057941e-05,0.008837104280260771,1.0000000000000004,0.9973452467252625,"[1, 2, 4, 8, 12, 12, 12, 12, 12, 8, 4, 2, 1]","[1, 2, 4, 8, 12, 12, 12, 12, 12, 8, 4, 2, 1]",0.005309506549473486,0.005255357927240745,0.005309506549473486,0.25829813008075275,"{""input"": 0.12917619314976037, ""mpo_contract_compress"": 0.09589354204945266}",mpo_contract_compress,5,True,78,"[0.005309506549473486, 0.005255373193200352, 0.00525535804931998, 0.005255357928680704, 0.0052553579272598405, 0.005255357927240745]","[0.005309506549473486, 0.005308994732517114, 0.005306522841707739, 0.005283920427252786, 0.005265206479566409, 0.005256950769836344, 0.005255734185413141, 0.005255585600579149, 0.005255579005578159, 0.005255579005578159, 0.005255579005578159, 0.005255579005578159, 0.005255579005577493, 0.005255579005577493, 0.005255579005577493, 0.005255579005577493, 0.005255578978444753, 0.005255576606636669, 0.005255533234471255, 0.00525537319320013, 0.00525537319320013, 0.00525537319320013, 0.00525537319320013, 0.005255373193200352, 0.005255373193200352, 0.005255373193200352, 0.005255373193200352, 0.005255361734360475, 0.005255359584030339, 0.0052553592331410215, 0.005255359206176591, 0.005255359206176591, 0.005255359206176591, 0.005255359206176591, 0.005255359206178367, 0.005255359206178367, 0.005255359206178367, 0.005255359206178367, 0.005255359206088217, 0.005255359200253773, 0.005255359063709886, 0.005255358049317094, 0.005255358049317094, 0.005255358049317094, 0.005255358049317094, 0.00525535804931998, 0.00525535804931998, 0.00525535804931998, 0.00525535804931998, 0.005255357950634476, 0.005255357941429395, 0.005255357940189276, 0.0052553579400780315, 0.0052553579400780315, 0.0052553579400780315, 0.0052553579400780315, 0.005255357940080696, 0.005255357940080696, 0.005255357940080696, 0.005255357940080696, 0.005255357940080696, 0.0052553579400684836, 0.005255357939631944, 0.00525535792867915, 0.00525535792867915, 0.00525535792867915, 0.00525535792867915, 0.005255357928680704, 0.005255357928680704, 0.005255357928680704, 0.005255357928680704, 0.005255357927515192, 0.005255357927420601, 0.005255357927403725, 0.005255357927403725, 0.005255357927403725, 0.005255357927403725, 0.005255357927403725, 0.0052553579274043916, 0.0052553579274043916, 0.0052553579274043916, 0.0052553579274043916, 0.0052553579274043916, 0.0052553579274043916, 0.0052553579274043916, 0.005255357927260951, 0.005255357927260951, 0.005255357927260951, 0.005255357927260951, 0.0052553579272598405, 0.0052553579272598405, 0.0052553579272598405, 0.0052553579272598405, 0.005255357927240967, 0.005255357927240967, 0.005255357927240967, 0.005255357927240967, 0.005255357927240967, 0.005255357927240967, 0.005255357927240967, 0.0052553579272400786, 0.0052553579272400786, 0.0052553579272400786, 0.0052553579272400786, 0.0052553579272400786, 0.0052553579272400786, 0.0052553579272400786, 0.0052553579272400786, 0.0052553579272400786, 0.0052553579272400786, 0.0052553579272400786]",16,3656,0.23135587200522423,0.9947515467694944,2d33f4b11b74317e4c5fe921b98a6d7186a9cb308641f0bcbca58636d6042e1c,ff78982f7c0a0703787f4d4d317b00cfb3e5a39a29e46d5077ad927ba8f6791d,2df89739fab8b33530f176547eb23ed65b259bc7,true,3fd2b466a80460124036f52434e2df874153d4eb99bb1ac9746d92116e040e93
dd99d1d5e038ecc883a5d6de,cnot_rank,cx,1,10,,,11,14,1e-300,0.0011020844748489411,0.0010814235367143654,-2.06609381345757e-05,0.010776982721626895,1.000000000000001,0.9994488058550831,"[1, 2, 4, 8, 14, 14, 14, 14, 14, 8, 4, 2, 1]","[1, 2, 4, 8, 14, 14, 14, 14, 14, 8, 4, 2, 1]",0.0011023882898339998,0.0010817160641247714,0.0011023882898339998,0.25829813008075275,"{""input"": 0.11947849299758673, ""mpo_contract_compress"": 0.12267535086721182}",mpo_contract_compress,6,True,97,"[0.0011023882898339998, 0.0010817745332853956, 0.0010817168338972394, 0.0010817160742762066, 0.0010817160642693224, 0.0010817160641252155, 0.0010817160641247714]","[0.0011023882898339998, 0.0011023765236621852, 0.0011022738865436033, 0.0011010217406344225, 0.0010955164908221793, 0.0010859984356539343, 0.0010825474542965896, 0.0010822711604983049, 0.0010822692808185597, 0.0010822692808185597, 0.0010822692808185597, 0.0010822692808185597, 0.0010822692808181156, 0.0010822692808181156, 0.0010822692808181156, 0.0010822692808181156, 0.0010822692742016304, 0.001082255421056555, 0.001081830233722103, 0.0010817745332860618, 0.0010817745332860618, 0.0010817745332860618, 0.0010817745332860618, 0.0010817745332853956, 0.0010817745332853956, 0.0010817745332853956, 0.0010817745332853956, 0.001081774263189006, 0.0010817293207463496, 0.00108172283133956, 0.0010817227885944192, 0.0010817227885944192, 0.0010817227885944192, 0.0010817227885944192, 0.0010817227885959735, 0.0010817227885959735, 0.0010817227885959735, 0.0010817227885959735, 0.0010817227884403202, 0.0010817225031349853, 0.0010817168677172972, 0.0010817168338996819, 0.0010817168338996819, 0.0010817168338996819, 0.0010817168338996819, 0.0010817168338972394, 0.0010817168338972394, 0.0010817168338972394, 0.0010817168338972394, 0.0010817168337493577, 0.0010817162518952372, 0.001081716153035206, 0.0010817161524114827, 0.0010817161524114827, 0.0010817161524114827, 0.0010817161524114827, 0.0010817161524110386, 0.0010817161524110386, 0.0010817161524110386, 0.0010817161524110386, 0.0010817161524110386, 0.0010817161479819148, 0.0010817160745957288, 0.0010817160742764287, 0.0010817160742764287, 0.0010817160742764287, 0.0010817160742764287, 0.0010817160742762066, 0.0010817160742762066, 0.0010817160742762066, 0.0010817160742762066, 0.0010817160742762066, 0.0010817160667568881, 0.0010817160653442404, 0.0010817160653442404, 0.0010817160653442404, 0.0010817160653442404, 0.0010817160653442404, 0.0010817160653411317, 0.0010817160653411317, 0.0010817160653411317, 0.0010817160653411317, 0.0010817160653411317, 0.0010817160652782931, 0.0010817160642710988, 0.0010817160642710988, 0.0010817160642710988, 0.0010817160642710988, 0.0010817160642710988, 0.0010817160642693224, 0.0010817160642693224, 0.0010817160642693224, 0.0010817160642693224, 0.0010817160642693224, 0.0010817160641687362, 0.0010817160641505286, 0.0010817160641398704, 0.0010817160641398704, 0.0010817160641398704, 0.0010817160641398704, 0.0010817160641363177, 0.0010817160641363177, 0.0010817160641363177, 0.0010817160641363177, 0.0010817160641363177, 0.0010817160641363177, 0.0010817160641258816, 0.0010817160641258816, 0.0010817160641258816, 0.0010817160641258816, 0.0010817160641258816, 0.0010817160641252155, 0.0010817160641252155, 0.0010817160641252155, 0.0010817160641252155, 0.0010817160641252155, 0.0010817160641252155, 0.0010817160641252155, 0.0010817160641252155, 0.0010817160641252155, 0.0010817160641252155, 0.0010817160641252155, 0.001081716064122773, 0.001081716064122773, 0.001081716064122773, 0.001081716064122773, 0.001081716064122773, 0.001081716064122773, 0.001081716064122773, 0.001081716064122773, 0.001081716064122773, 0.001081716064122773, 0.001081716064122773]",16,3656,0.24882658291608095,0.9989185764632865,2d33f4b11b74317e4c5fe921b98a6d7186a9cb308641f0bcbca58636d6042e1c,ff78982f7c0a0703787f4d4d317b00cfb3e5a39a29e46d5077ad927ba8f6791d,2df89739fab8b33530f176547eb23ed65b259bc7,true,3fd2b466a80460124036f52434e2df874153d4eb99bb1ac9746d92116e040e93
10f83493244c4f730f692415,cnot_rank,cx,1,10,,,11,16,1e-300,0.0,1.1102230246251565e-16,1.1102230246251565e-16,9.658134806586558e-16,1.0000000000000002,1.000000000000001,"[1, 2, 4, 8, 16, 16, 16, 16, 16, 8, 4, 2, 1]","[1, 2, 4, 8, 16, 16, 16, 16, 16, 8, 4, 2, 1]",1.5543122344752192e-15,1.5543122344752192e-15,1.5543122344752192e-15,0.25829813008075275,"{""input"": 0.02739324513822794, ""mpo_contract_compress"": 0.009795058984309435}",mpo_contract_compress,0,True,0,[1.5543122344752192e-15],[1.5543122344752192e-15],16,3656,0.044384001987054944,0.9999999999999993,2d33f4b11b74317e4c5fe921b98a6d7186a9cb308641f0bcbca58636d6042e1c,ff78982f7c0a0703787f4d4d317b00cfb3e5a39a29e46d5077ad927ba8f6791d,2df89739fab8b33530f176547eb23ed65b259bc7,true,3fd2b466a80460124036f52434e2df874153d4eb99bb1ac9746d92116e040e93
8cf7a914c13d84771d984e0a,cnot_rank,cx,1,10,,,22,8,1e-300,0.08238683379681688,0.07959123026261716,-0.00279560353419972,0.08340599890515459,1.0000000000000002,0.9579212734892084,"[1, 2, 4, 8, 8, 8, 8, 8, 8, 8, 4, 2, 1]","[1, 2, 4, 8, 8, 8, 8, 8, 8, 8, 4, 2, 1]",0.08415745302158673,0.0812412660916606,0.08415745302158673,0.4732757664715881,"{""input"": 0.1831009411253035, ""mpo_contract_compress"": 0.15461322921328247}",mpo_contract_compress,9,True,128,"[0.08415745302158673, 0.0812602055726721, 0.08124226558714298, 0.08124133697531466, 0.08124127252498292, 0.08124126680686561, 0.08124126618208694, 0.08124126610358462, 0.08124126609299753, 0.0812412660916606]","[0.08415745302158673, 0.0841114255990143, 0.08390390372119949, 0.08325679059185709, 0.08239853943548514, 0.08166102849162304, 0.08141624409843584, 0.08136139860515823, 0.08134612942421149, 0.08134612942421149, 0.08134612942421149, 0.08134612942421149, 0.08134612942421193, 0.08134612942421193, 0.08134612942421193, 0.08134612942421193, 0.08134539127508456, 0.0813415880640227, 0.08131111114729084, 0.08126020557267166, 0.08126020557267166, 0.08126020557267166, 0.08126020557267166, 0.0812602055726721, 0.0812602055726721, 0.0812602055726721, 0.0812602055726721, 0.08125602563308676, 0.08124938777382695, 0.08124643381327346, 0.08124542862442663, 0.08124542862442663, 0.08124542862442663, 0.08124542862442663, 0.08124542862442885, 0.08124542862442885, 0.08124542862442885, 0.08124542862442885, 0.0812453743416015, 0.08124513417556445, 0.08124356827250567, 0.08124226558714254, 0.08124226558714254, 0.08124226558714254, 0.08124226558714254, 0.08124226558714298, 0.08124226558714298, 0.08124226558714298, 0.08124226558714298, 0.08124214149468911, 0.08124175219346363, 0.08124157814269672, 0.0812415238443609, 0.0812415238443609, 0.0812415238443609, 0.0812415238443609, 0.08124152384436067, 0.08124152384436067, 0.08124152384436067, 0.08124152384436067, 0.08124152076568913, 0.08124150459349178, 0.08124140048706385, 0.08124133697531732, 0.08124133697531732, 0.08124133697531732, 0.08124133697531732, 0.08124133697531466, 0.08124133697531466, 0.08124133697531466, 0.08124133697531466, 0.08124133099241315, 0.08124130281775255, 0.08124128992301283, 0.08124128683420717, 0.08124128683420717, 0.08124128683420717, 0.08124128683420717, 0.08124128683420673, 0.08124128683420673, 0.08124128683420673, 0.08124128683420673, 0.0812412866673704, 0.0812412854456861, 0.08124127677873494, 0.08124127252498381, 0.08124127252498381, 0.08124127252498381, 0.08124127252498381, 0.08124127252498292, 0.08124127252498292, 0.08124127252498292, 0.08124127252498292, 0.08124127212286525, 0.08124126963259459, 0.08124126839499213, 0.08124126819195943, 0.08124126819195943, 0.08124126819195943, 0.08124126819195943, 0.08124126819196098, 0.08124126819196098, 0.08124126819196098, 0.08124126819196098, 0.08124126818268884, 0.08124126806956089, 0.08124126716743962, 0.08124126680686361, 0.08124126680686361, 0.08124126680686361, 0.08124126680686361, 0.08124126680686561, 0.08124126680686561, 0.08124126680686561, 0.08124126680686561, 0.08124126677246957, 0.08124126650673813, 0.08124126636067475, 0.08124126634316142, 0.08124126634316142, 0.08124126634316142, 0.08124126634316142, 0.08124126634316076, 0.08124126634316076, 0.08124126634316076, 0.08124126634316076, 0.08124126634248774, 0.08124126632943063, 0.08124126621871763, 0.08124126618208716, 0.08124126618208716, 0.08124126618208716, 0.08124126618208716, 0.08124126618208694, 0.08124126618208694, 0.08124126618208694, 0.08124126618208694, 0.08124126617859528, 0.08124126614608573, 0.08124126612663862, 0.08124126612455362, 0.08124126612455362, 0.08124126612455362, 0.08124126612455362, 0.08124126612455473, 0.08124126612455473, 0.08124126612455473, 0.08124126612455473, 0.0812412661244688, 0.08124126612271354, 0.08124126610781013, 0.08124126610358395, 0.08124126610358395, 0.08124126610358395, 0.08124126610358395, 0.08124126610358462, 0.08124126610358462, 0.08124126610358462, 0.08124126610358462, 0.0812412661031845, 0.08124126609887394, 0.08124126609613525, 0.0812412660958306, 0.0812412660958306, 0.0812412660958306, 0.0812412660958306, 0.08124126609583193, 0.08124126609583193, 0.08124126609583193, 0.08124126609583193, 0.08124126609583193, 0.08124126609558058, 0.08124126609352111, 0.08124126609299442, 0.08124126609299442, 0.08124126609299442, 0.08124126609299442, 0.08124126609299753, 0.08124126609299753, 0.08124126609299753, 0.08124126609299753, 0.08124126609299753, 0.08124126609245486, 0.0812412660920554, 0.0812412660920554, 0.0812412660920554, 0.0812412660920554, 0.0812412660920554, 0.08124126609205518, 0.08124126609205518, 0.08124126609205518, 0.08124126609205518, 0.08124126609205518, 0.08124126609205518, 0.08124126609166193, 0.08124126609166193, 0.08124126609166193, 0.08124126609166193, 0.08124126609166193]",16,3656,0.3436895140912384,0.9204087697373825,2d33f4b11b74317e4c5fe921b98a6d7186a9cb308641f0bcbca58636d6042e1c,ff78982f7c0a0703787f4d4d317b00cfb3e5a39a29e46d5077ad927ba8f6791d,2df89739fab8b33530f176547eb23ed65b259bc7,true,3fd2b466a80460124036f52434e2df874153d4eb99bb1ac9746d92116e040e93
1643c5302c8b559cc6205a6e,cnot_rank,cx,1,10,,,22,10,1e-300,0.03276207952932897,0.0319322505623576,-0.0008298289669713688,0.05599003046770632,0.9999999999999998,0.9834825471103591,"[1, 2, 4, 8, 10, 10, 10, 10, 10, 8, 4, 2, 1]","[1, 2, 4, 8, 10, 10, 10, 10, 10, 8, 4, 2, 1]",0.4732757664715881,0.032191320846823634,0.033034905779290025,0.4732757664715881,"{""input"": 0.4239431719761342, ""mpo_contract_compress"": 0.3237211599480361}",input,25,True,355,"[0.4732757664715881, 0.034047896204316475, 0.03243651010048376, 0.03231275655106569, 0.03225743720819807, 0.032226253929042104, 0.03220881546021093, 0.032199662065721224, 0.032195148359502435, 0.03219302908321553, 0.03219206865878488, 0.032191643952864446, 0.03219145923351929, 0.032191379775280415, 0.03219134584409056, 0.032191331423540026, 0.03219132531401936, 0.032191322730880545, 0.03219132164016547, 0.032191321180012444, 0.0321913209859912, 0.03219132090421306, 0.032191320869808804, 0.03219132085527909, 0.03219132084942555, 0.032191320846823634]","[0.4732757664715881, 0.39340678823937036, 0.38961901392611265, 0.3798878595957642, 0.3701517043930562, 0.3305275489022872, 0.24610830294287966, 0.15681882300559136, 0.06719842078954175, 0.06719842078954175, 0.06719842078954175, 0.06719842078954175, 0.06719842078954175, 0.06719842078954175, 0.06719842078954175, 0.06719842078954175, 0.06540139844447102, 0.057888101956095506, 0.04833527332053533, 0.03404789620431714, 0.03404789620431714, 0.03404789620431714, 0.03404789620431714, 0.034047896204316475, 0.034047896204316475, 0.034047896204316475, 0.034047896204316475, 0.033779361352513915, 0.033152710973416655, 0.03283431549618809, 0.03261911153984043, 0.03261911153984043, 0.03261911153984043, 0.03261911153984043, 0.03261911153984176, 0.03261911153984176, 0.03261911153984176, 0.03261911153984176, 0.03261061651303354, 0.032599436169986395, 0.03246793351596233, 0.032436510100483096, 0.032436510100483096, 0.032436510100483096, 0.032436510100483096, 0.03243651010048376, 0.03243651010048376, 0.03243651010048376, 0.03243651010048376, 0.03243547014520187, 0.03236943041643059, 0.03236280939961089, 0.032358528203451975, 0.032358528203451975, 0.032358528203451975, 0.032358528203451975, 0.03235852820345109, 0.03235852820345109, 0.03235852820345109, 0.03235852820345109, 0.03235821483406376, 0.032357606365698066, 0.03231944810173171, 0.03231275655106547, 0.03231275655106547, 0.03231275655106547, 0.03231275655106547, 0.03231275655106569, 0.03231275655106569, 0.03231275655106569, 0.03231275655106569, 0.03231248282983312, 0.032284674452341955, 0.03228170249675033, 0.03228081436858088, 0.03228081436858088, 0.03228081436858088, 0.03228081436858088, 0.0322808143685811, 0.0322808143685811, 0.0322808143685811, 0.0322808143685811, 0.03228075690965415, 0.03228051289459977, 0.03226065108588716, 0.03225743720819718, 0.03225743720819718, 0.03225743720819718, 0.03225743720819718, 0.03225743720819807, 0.03225743720819807, 0.03225743720819807, 0.03225743720819807, 0.032257307674345315, 0.032241504375963626, 0.03224004580771411, 0.03223966889131957, 0.03223966889131957, 0.03223966889131957, 0.03223966889131957, 0.03223966889131846, 0.03223966889131846, 0.03223966889131846, 0.03223966889131846, 0.0322396477060769, 0.032239537446174804, 0.032228061187776325, 0.03222625392904388, 0.03222625392904388, 0.03222625392904388, 0.03222625392904388, 0.032226253929042104, 0.032226253929042104, 0.032226253929042104, 0.032226253929042104, 0.03222618288622203, 0.03221713574643181, 0.03221639621826711, 0.03221620953686499, 0.03221620953686499, 0.03221620953686499, 0.03221620953686499, 0.032216209536864104, 0.032216209536864104, 0.032216209536864104, 0.032216209536864104, 0.03221620000650338, 0.03221614790739946, 0.032209781304259666, 0.03220881546021226, 0.03220881546021226, 0.03220881546021226, 0.03220881546021226, 0.03220881546021093, 0.03220881546021093, 0.03220881546021093, 0.03220881546021093, 0.032208778865971954, 0.03220393093211227, 0.03220356237248345, 0.03220346940623031, 0.03220346940623031, 0.03220346940623031, 0.03220346940623031, 0.03220346940622898, 0.03220346940622898, 0.03220346940622898, 0.03220346940622898, 0.03220346495073367, 0.032203440271362016, 0.032200142898265005, 0.032199662065720336, 0.032199662065720336, 0.032199662065720336, 0.032199662065720336, 0.032199662065721224, 0.032199662065721224, 0.032199662065721224, 0.032199662065721224, 0.03219964449068535, 0.0321972170745084, 0.0321970400385867, 0.03219699524077657, 0.03219699524077657, 0.03219699524077657, 0.03219699524077657, 0.03219699524077635, 0.03219699524077635, 0.03219699524077635, 0.03219699524077635, 0.032196993180712674, 0.03219698171927288, 0.03219537505483472, 0.032195148359502435, 0.032195148359502435, 0.032195148359502435, 0.032195148359502435, 0.032195148359502435, 0.032195148359502435, 0.032195148359502435, 0.032195148359502435, 0.032195140316849225, 0.032193988387874795, 0.032193906396408956, 0.03219388558319025, 0.03219388558319025, 0.03219388558319025, 0.03219388558319025, 0.03219388558318648, 0.03219388558318648, 0.03219388558318648, 0.03219388558318648, 0.032193884651880555, 0.03219387945789953, 0.032193132018079273, 0.032193029083215974, 0.032193029083215974, 0.032193029083215974, 0.032193029083215974, 0.03219302908321553, 0.03219302908321553, 0.03219302908321553, 0.03219302908321553, 0.03219302551351255, 0.03219249969324678, 0.032192462813605216, 0.03219245342925969, 0.03219245342925969, 0.03219245342925969, 0.03219245342925969, 0.03219245342925903, 0.03219245342925903, 0.03219245342925903, 0.03219245342925903, 0.03219245301692353, 0.03219245071282528, 0.03219211423059454, 0.03219206865878377, 0.03219206865878377, 0.03219206865878377, 0.03219206865878377, 0.03219206865878488, 0.03219206865878488, 0.03219206865878488, 0.03219206865878488, 0.03219206710428768, 0.032191833460999186, 0.032191817222485763, 0.0321918130834391, 0.0321918130834391, 0.0321918130834391, 0.0321918130834391, 0.032191813083438436, 0.032191813083438436, 0.032191813083438436, 0.032191813083438436, 0.03219181290376438, 0.032191811898087286, 0.032191663790686276, 0.032191643952865334, 0.032191643952865334, 0.032191643952865334, 0.032191643952865334, 0.032191643952864446, 0.032191643952864446, 0.032191643952864446, 0.032191643952864446, 0.03219164328398416, 0.03219154134101121, 0.03219153429629151, 0.03219153249853468, 0.03219153249853468, 0.03219153249853468, 0.03219153249853468, 0.032191532498534015, 0.032191532498534015, 0.032191532498534015, 0.032191532498534015, 0.03219153242111883, 0.03219153198721458, 0.03219146777260029, 0.03219145923352218, 0.03219145923352218, 0.03219145923352218, 0.03219145923352218, 0.03219145923351929, 0.03219145923351929, 0.03219145923351929, 0.03219145923351929, 0.03219145894789244, 0.032191415004992674, 0.032191411979367146, 0.03219141120660196, 0.03219141120660196, 0.03219141120660196, 0.03219141120660196, 0.032191411206601295, 0.032191411206601295, 0.032191411206601295, 0.032191411206601295, 0.03219141117349933, 0.032191410987775004, 0.03219138342359762, 0.03219137977528108, 0.03219137977528108, 0.03219137977528108, 0.03219137977528108, 0.032191379775280415, 0.032191379775280415, 0.032191379775280415, 0.032191379775280415, 0.032191379653905505, 0.03219136086333951, 0.03219135957255781, 0.032191359242676354, 0.032191359242676354, 0.032191359242676354, 0.032191359242676354, 0.032191359242677464, 0.032191359242677464, 0.032191359242677464, 0.032191359242677464, 0.0321913592285934, 0.03219135914952442, 0.03219134739517915, 0.03219134584408878, 0.03219134584408878, 0.03219134584408878, 0.03219134584408878, 0.03219134584409056, 0.03219134584409056, 0.03219134584409056, 0.03219134584409056, 0.03219134579267369, 0.03219133779971117, 0.0321913372514806, 0.03219133711130473, 0.03219133711130473, 0.03219133711130473, 0.03219133711130473, 0.03219133711130451, 0.03219133711130451, 0.03219133711130451, 0.03219133711130451, 0.03219133710533417, 0.032191337071793225, 0.032191332080857116, 0.03219133142353958, 0.03219133142353958, 0.03219133142353958, 0.03219133142353958, 0.032191331423540026, 0.032191331423540026, 0.032191331423540026, 0.032191331423540026, 0.032191331401803414, 0.03219132801348756, 0.03219132778131595, 0.03219132772192812, 0.03219132772192812, 0.03219132772192812, 0.03219132772192812, 0.03219132772192945, 0.03219132772192945, 0.03219132772192945, 0.03219132772192945, 0.03219132771940347, 0.032191327705208383, 0.03219132559198368, 0.03219132531401869, 0.03219132531401869, 0.03219132531401869, 0.03219132531401869, 0.03219132531401936, 0.03219132531401936, 0.03219132531401936, 0.03219132531401936, 0.03219132530484203, 0.03219132387170576, 0.03219132377356937, 0.03219132374846034, 0.03219132374846034, 0.03219132374846034, 0.03219132374846034, 0.03219132374846034, 0.03219132374846034, 0.03219132374846034, 0.03219132374846034, 0.03219132374739253, 0.03219132374139577, 0.03219132284826398, 0.03219132273088254, 0.03219132273088254, 0.03219132273088254, 0.03219132273088254, 0.032191322730880545, 0.032191322730880545, 0.032191322730880545, 0.032191322730880545, 0.032191322727010085, 0.03219132212172604, 0.03219132208029807, 0.032191322069695216, 0.032191322069695216, 0.032191322069695216, 0.032191322069695216, 0.032191322069695216, 0.032191322069695216, 0.032191322069695216, 0.032191322069695216, 0.032191322069244466, 0.03219132206671316, 0.0321913216896903, 0.032191321640164805, 0.032191321640164805, 0.032191321640164805, 0.032191321640164805, 0.03219132164016547, 0.03219132164016547, 0.03219132164016547, 0.03219132164016547, 0.03219132163853278, 0.03219132138313441, 0.03219132136565883, 0.032191321361187075, 0.032191321361187075, 0.032191321361187075, 0.032191321361187075, 0.0321913213611853, 0.0321913213611853, 0.0321913213611853, 0.0321913213611853, 0.03219132136099634, 0.03219132135992875, 0.032191321200895295, 0.03219132118001289, 0.03219132118001289, 0.03219132118001289, 0.03219132118001289, 0.032191321180012444, 0.032191321180012444, 0.032191321180012444, 0.032191321180012444, 0.03219132117932344, 0.032191321071626255, 0.032191321064257705, 0.032191321062371214, 0.032191321062371214, 0.032191321062371214, 0.032191321062371214, 0.032191321062372324, 0.032191321062372324, 0.032191321062372324, 0.032191321062372324, 0.03219132106229128, 0.032191321061840306, 0.03219132099479194, 0.03219132098598898, 0.03219132098598898, 0.03219132098598898, 0.03219132098598898, 0.0321913209859912, 0.0321913209859912, 0.0321913209859912, 0.0321913209859912, 0.032191320985700544, 0.03219132094030441, 0.032191320937199785, 0.032191320936404866, 0.032191320936404866, 0.032191320936404866, 0.032191320936404866, 0.03219132093640442, 0.03219132093640442, 0.03219132093640442, 0.03219132093640442, 0.03219132093637178, 0.03219132093618238, 0.03219132090792298, 0.03219132090421373, 0.03219132090421373, 0.03219132090421373, 0.03219132090421373, 0.03219132090421306, 0.03219132090421306, 0.03219132090421306, 0.03219132090421306, 0.0321913209040916, 0.03219132088496002, 0.032191320883651287, 0.032191320883315555, 0.032191320883315555, 0.032191320883315555, 0.032191320883315555, 0.032191320883316665, 0.032191320883316665, 0.032191320883316665, 0.032191320883316665, 0.032191320883316665, 0.03219132088323162, 0.03219132087136756, 0.03219132086980858, 0.03219132086980858, 0.03219132086980858, 0.03219132086980858, 0.032191320869808804, 0.032191320869808804, 0.032191320869808804, 0.032191320869808804, 0.03219132086975662, 0.03219132086172194, 0.032191320861119976, 0.03219132086098053, 0.03219132086098053, 0.03219132086098053, 0.03219132086098053, 0.03219132086098231, 0.03219132086098231, 0.03219132086098231, 0.03219132086098231, 0.03219132086098231, 0.03219132086094234, 0.032191320855934125, 0.03219132085527776, 0.03219132085527776, 0.03219132085527776, 0.03219132085527776, 0.03219132085527909, 0.03219132085527909, 0.03219132085527909, 0.03219132085527909, 0.03219132085527909, 0.03219132085199994, 0.03219132085175325, 0.03219132085169596, 0.03219132085169596, 0.03219132085169596, 0.03219132085169596, 0.03219132085169485, 0.03219132085169485, 0.03219132085169485, 0.03219132085169485, 0.03219132085169485, 0.03219132085169485, 0.032191320849673355, 0.03219132084942511, 0.03219132084942511, 0.03219132084942511, 0.03219132084942511, 0.03219132084942555, 0.03219132084942555, 0.03219132084942555, 0.03219132084942555, 0.03219132084942555, 0.0321913208479323, 0.03219132084783549, 0.03219132084783549, 0.03219132084783549, 0.03219132084783549, 0.03219132084783549, 0.032191320847834604, 0.032191320847834604, 0.032191320847834604, 0.032191320847834604, 0.032191320847834604, 0.032191320847834604, 0.0321913208469331, 0.032191320846823857, 0.032191320846823857, 0.032191320846823857, 0.032191320846823857]",16,3656,0.753730027936399,0.9680677494376426,2d33f4b11b74317e4c5fe921b98a6d7186a9cb308641f0bcbca58636d6042e1c,ff78982f7c0a0703787f4d4d317b00cfb3e5a39a29e46d5077ad927ba8f6791d,2df89739fab8b33530f176547eb23ed65b259bc7,true,3fd2b466a80460124036f52434e2df874153d4eb99bb1ac9746d92116e040e93
7b830c5da5a596f5a5933022,cnot_rank,cx,1,10,,,22,12,1e-300,0.008117350327644712,0.00805754349316734,-5.980683447737167e-05,0.01116575193761279,1.0,0.9959330548146088,"[1, 2, 4, 8, 12, 12, 12, 12, 12, 8, 4, 2, 1]","[1, 2, 4, 8, 12, 12, 12, 12, 12, 8, 4, 2, 1]",0.4732757664715881,0.008073840217131423,0.008133890370785934,0.4732757664715881,"{""input"": 0.11184187605977058, ""mpo_contract_compress"": 0.07812178786844015}",input,6,True,88,"[0.4732757664715881, 0.008260340705903202, 0.008074057581067828, 0.008073841031235762, 0.008073840220513828, 0.008073840217148964, 0.008073840217131423]","[0.4732757664715881, 0.39340678823937036, 0.38961901392611265, 0.3798878595957642, 0.3698582737868532, 0.3269172396907236, 0.23267511025673415, 0.12917475667349643, 0.023060092448766722, 0.023060092448766722, 0.023060092448766722, 0.023060092448766722, 0.02306009244876739, 0.02306009244876739, 0.02306009244876739, 0.02306009244876739, 0.021860160516584903, 0.017669304990143297, 0.012972343508382611, 0.008260340705901426, 0.008260340705901426, 0.008260340705901426, 0.008260340705901426, 0.008260340705903202, 0.008260340705903202, 0.008260340705903202, 0.008260340705903202, 0.00822878358016288, 0.008123507133663166, 0.008096693690302859, 0.008078137254848627, 0.008078137254848627, 0.008078137254848627, 0.008078137254848627, 0.00807813725485107, 0.00807813725485107, 0.00807813725485107, 0.00807813725485107, 0.008077780234108767, 0.008077565710729262, 0.008074892226573427, 0.008074057581067384, 0.008074057581067384, 0.008074057581067384, 0.008074057581067384, 0.008074057581067828, 0.008074057581067828, 0.008074057581067828, 0.008074057581067828, 0.008074033457045937, 0.008073881577032704, 0.008073870891306179, 0.008073853127187558, 0.008073853127187558, 0.008073853127187558, 0.008073853127187558, 0.008073853127188668, 0.008073853127188668, 0.008073853127188668, 0.008073853127188668, 0.00807385226461843, 0.008073852080250576, 0.008073843476791298, 0.008073841031234652, 0.008073841031234652, 0.008073841031234652, 0.008073841031234652, 0.008073841031235762, 0.008073841031235762, 0.008073841031235762, 0.008073841031235762, 0.008073840952732336, 0.008073840360297346, 0.008073840327114334, 0.008073840269407606, 0.008073840269407606, 0.008073840269407606, 0.008073840269407606, 0.008073840269408716, 0.008073840269408716, 0.008073840269408716, 0.008073840269408716, 0.00807384026637048, 0.008073840265670817, 0.008073840229791296, 0.008073840220513384, 0.008073840220513384, 0.008073840220513384, 0.008073840220513384, 0.008073840220513828, 0.008073840220513828, 0.008073840220513828, 0.008073840220513828, 0.008073840220215622, 0.008073840217723838, 0.008073840217577732, 0.008073840217348138, 0.008073840217348138, 0.008073840217348138, 0.008073840217348138, 0.008073840217347028, 0.008073840217347028, 0.008073840217347028, 0.008073840217347028, 0.008073840217334372, 0.008073840217334372, 0.008073840217184491, 0.00807384021714741, 0.00807384021714741, 0.00807384021714741, 0.00807384021714741, 0.008073840217148964, 0.008073840217148964, 0.008073840217148964, 0.008073840217148964, 0.008073840217148964, 0.00807384021712898, 0.00807384021712898, 0.00807384021712898, 0.00807384021712898, 0.00807384021712898, 0.00807384021712898, 0.008073840217129202, 0.008073840217129202, 0.008073840217129202, 0.008073840217129202, 0.008073840217129202, 0.008073840217129202, 0.008073840217129202, 0.008073840217129202, 0.008073840217129202, 0.008073840217129202, 0.008073840217129202]",16,3656,0.19625359890051186,0.9919424565068315,2d33f4b11b74317e4c5fe921b98a6d7186a9cb308641f0bcbca58636d6042e1c,ff78982f7c0a0703787f4d4d317b00cfb3e5a39a29e46d5077ad927ba8f6791d,2df89739fab8b33530f176547eb23ed65b259bc7,true,3fd2b466a80460124036f52434e2df874153d4eb99bb1ac9746d92116e040e93
a76430800bc59b3eff566c80,cnot_rank,cx,1,10,,,22,14,1e-300,0.0016186730557682383,0.0016133495837543643,-5.323472013873953e-06,0.005080414363615331,1.0000000000000004,0.9991903356939728,"[1, 2, 4, 8, 14, 14, 14, 14, 14, 8, 4, 2, 1]","[1, 2, 4, 8, 14, 14, 14, 14, 14, 8, 4, 2, 1]",0.0016193286120573802,0.0016140008334255551,0.0016193286120573802,0.4732757664715881,"{""input"": 0.11981263011693954, ""mpo_contract_compress"": 0.10249351407401264}",mpo_contract_compress,5,True,82,"[0.0016193286120573802, 0.0016140024355479898, 0.0016140008501821512, 0.0016140008336098521, 0.0016140008334255551, 0.0016140008334255551]","[0.0016193286120573802, 0.0016193213271715745, 0.0016192828134808934, 0.0016181806429362844, 0.0016159935898665267, 0.0016145500299593607, 0.0016140761338199194, 0.0016140205677861452, 0.0016140186155375602, 0.0016140186155375602, 0.0016140186155375602, 0.0016140186155375602, 0.0016140186155386704, 0.0016140186155386704, 0.0016140186155386704, 0.0016140186155386704, 0.0016140185821731379, 0.0016140162807234404, 0.0016140149844161567, 0.0016140024355477678, 0.0016140024355477678, 0.0016140024355477678, 0.0016140024355477678, 0.0016140024355479898, 0.0016140024355479898, 0.0016140024355479898, 0.0016140024355479898, 0.0016140012488443656, 0.0016140012333654141, 0.0016140009983962589, 0.0016140009962022361, 0.0016140009962022361, 0.0016140009962022361, 0.0016140009962022361, 0.001614000996201348, 0.001614000996201348, 0.001614000996201348, 0.001614000996201348, 0.0016140009961784774, 0.001614000975055374, 0.0016140009747234174, 0.001614000850181263, 0.001614000850181263, 0.001614000850181263, 0.001614000850181263, 0.0016140008501821512, 0.0016140008501821512, 0.0016140008501821512, 0.0016140008501821512, 0.0016140008373206616, 0.0016140008372220738, 0.0016140008351652746, 0.00161400083515284, 0.00161400083515284, 0.00161400083515284, 0.00161400083515284, 0.00161400083515284, 0.00161400083515284, 0.00161400083515284, 0.00161400083515284, 0.00161400083515284, 0.0016140008349694313, 0.0016140008349694313, 0.0016140008336085199, 0.0016140008336085199, 0.0016140008336085199, 0.0016140008336085199, 0.0016140008336098521, 0.0016140008336098521, 0.0016140008336098521, 0.0016140008336098521, 0.0016140008334610823, 0.0016140008334610823, 0.0016140008334406541, 0.0016140008334406541, 0.0016140008334406541, 0.0016140008334406541, 0.0016140008334406541, 0.0016140008334413203, 0.0016140008334413203, 0.0016140008334413203, 0.0016140008334413203, 0.0016140008334413203, 0.0016140008334413203, 0.0016140008334413203, 0.001614000833424667, 0.001614000833424667, 0.001614000833424667, 0.001614000833424667, 0.0016140008334255551, 0.0016140008334255551, 0.0016140008334255551, 0.0016140008334255551, 0.0016140008334255551, 0.0016140008334255551, 0.0016140008334255551, 0.0016140008334255551, 0.0016140008334255551, 0.0016140008334255551, 0.0016140008334255551, 0.0016140008334257772, 0.0016140008334257772, 0.0016140008334257772, 0.0016140008334257772, 0.0016140008334257772, 0.0016140008334257772, 0.0016140008334257772, 0.0016140008334257772, 0.0016140008334257772, 0.0016140008334257772, 0.0016140008334257772]",16,3656,0.22892344207502902,0.9983866504162454,2d33f4b11b74317e4c5fe921b98a6d7186a9cb308641f0bcbca58636d6042e1c,ff78982f7c0a0703787f4d4d317b00cfb3e5a39a29e46d5077ad927ba8f6791d,2df89739fab8b33530f176547eb23ed65b259bc7,true,3fd2b466a80460124036f52434e2df874153d4eb99bb1ac9746d92116e040e93
d36a7f1a0fd97036093082cd,cnot_rank,cx,1,10,,,22,16,1e-300,0.0,2.220446049250313e-16,2.220446049250313e-16,1.0276694574824333e-15,1.0000000000000004,1.000000000000002,"[1, 2, 4, 8, 16, 16, 16, 16, 16, 8, 4, 2, 1]","[1, 2, 4, 8, 16, 16, 16, 16, 16, 8, 4, 2, 1]",2.220446049250313e-16,2.220446049250313e-16,2.220446049250313e-16,0.4732757664715881,"{""input"": 0.027014019899070263, ""mpo_contract_compress"": 0.009782419074326754}",mpo_contract_compress,0,True,0,[2.220446049250313e-16],[2.220446049250313e-16],16,3656,0.043859309051185846,1.0,2d33f4b11b74317e4c5fe921b98a6d7186a9cb308641f0bcbca58636d6042e1c,ff78982f7c0a0703787f4d4d317b00cfb3e5a39a29e46d5077ad927ba8f6791d,2df89739fab8b33530f176547eb23ed65b259bc7,true,3fd2b466a80460124036f52434e2df874153d4eb99bb1ac9746d92116e040e93
3ff3fd143330f915769ff9c0,cnot_rank,cx,1,10,,,33,8,1e-300,0.10299783161262921,0.09914196599936076,-0.00385586561326845,0.10899568930991815,0.9999999999999998,0.947101984153433,"[1, 2, 4, 8, 8, 8, 8, 8, 8, 8, 4, 2, 1]","[1, 2, 4, 8, 8, 8, 8, 8, 8, 8, 4, 2, 1]",0.1057960316931319,0.10172917211411692,0.1057960316931319,1.256655689194998,"{""input"": 0.2446264869067818, ""mpo_contract_compress"": 0.213802307844162}",mpo_contract_compress,13,True,180,"[0.1057960316931319, 0.10182970908900679, 0.10174892988291928, 0.10173331298954014, 0.10173005839056737, 0.10172936347518391, 0.10172921360332565, 0.10172918112878304, 0.10172917407483761, 0.10172917254033997, 0.10172917220617972, 0.10172917213334731, 0.10172917211746046, 0.10172917211411692]","[0.1057960316931319, 0.10572776418863783, 0.10543894424678513, 0.10438886703625871, 0.10308989587796247, 0.1024626778166029, 0.1021717015921011, 0.1020092298679216, 0.10198166811505338, 0.10198166811505338, 0.10198166811505338, 0.10198166811505338, 0.10198166811505427, 0.10198166811505427, 0.10198166811505427, 0.10198166811505427, 0.10197894367611005, 0.10195015264854601, 0.10187921984564174, 0.10182970908900835, 0.10182970908900835, 0.10182970908900835, 0.10182970908900835, 0.10182970908900679, 0.10182970908900679, 0.10182970908900679, 0.10182970908900679, 0.10182631541279963, 0.10179779110434417, 0.10178011458091007, 0.10177323358852353, 0.10177323358852353, 0.10177323358852353, 0.10177323358852353, 0.10177323358852375, 0.10177323358852375, 0.10177323358852375, 0.10177323358852375, 0.1017725113560215, 0.10176836088952301, 0.10175447799945014, 0.10174892988292039, 0.10174892988292039, 0.10174892988292039, 0.10174892988292039, 0.10174892988291928, 0.10174892988291928, 0.10174892988291928, 0.10174892988291928, 0.10174854079810225, 0.10174257597227032, 0.10173967030467401, 0.10173818907811771, 0.10173818907811771, 0.10173818907811771, 0.10173818907811771, 0.1017381890781206, 0.1017381890781206, 0.1017381890781206, 0.1017381890781206, 0.10173803479516641, 0.10173731578759426, 0.10173429243198284, 0.10173331298954036, 0.10173331298954036, 0.10173331298954036, 0.10173331298954036, 0.10173331298954014, 0.10173331298954014, 0.10173331298954014, 0.10173331298954014, 0.10173325010868317, 0.10173194259354768, 0.10173139176135626, 0.10173108551854892, 0.10173108551854892, 0.10173108551854892, 0.10173108551854892, 0.10173108551854937, 0.10173108551854937, 0.10173108551854937, 0.10173108551854937, 0.10173105389599524, 0.10173091896072495, 0.1017302542822287, 0.10173005839056692, 0.10173005839056692, 0.10173005839056692, 0.10173005839056692, 0.10173005839056737, 0.10173005839056737, 0.10173005839056737, 0.10173005839056737, 0.10173004651591788, 0.10172975772680015, 0.10172964705915488, 0.10172958371138896, 0.10172958371138896, 0.10172958371138896, 0.10172958371138896, 0.10172958371138963, 0.10172958371138963, 0.10172958371138963, 0.10172958371138963, 0.1017295772127853, 0.10172955068717293, 0.10172940466506408, 0.10172936347518502, 0.10172936347518502, 0.10172936347518502, 0.10172936347518502, 0.10172936347518391, 0.10172936347518391, 0.10172936347518391, 0.10172936347518391, 0.10172936106057695, 0.10172929732304414, 0.1017292744306455, 0.1017292611922167, 0.1017292611922167, 0.1017292611922167, 0.1017292611922167, 0.10172926119221715, 0.10172926119221715, 0.10172926119221715, 0.10172926119221715, 0.10172925984048287, 0.10172925446510583, 0.101729222447839, 0.10172921360332454, 0.10172921360332454, 0.10172921360332454, 0.10172921360332454, 0.10172921360332565, 0.10172921360332565, 0.10172921360332565, 0.10172921360332565, 0.10172921309516036, 0.10172919906341771, 0.10172919424661009, 0.10172919145041792, 0.10172919145041792, 0.10172919145041792, 0.10172919145041792, 0.10172919145041903, 0.10172919145041903, 0.10172919145041903, 0.10172919145041903, 0.1017291911658813, 0.10172919005379089, 0.10172918304493028, 0.10172918112878238, 0.10172918112878238, 0.10172918112878238, 0.10172918112878238, 0.10172918112878304, 0.10172918112878304, 0.10172918112878304, 0.10172918112878304, 0.10172918102011863, 0.10172917793832048, 0.10172917691385552, 0.10172917631811029, 0.10172917631811029, 0.10172917631811029, 0.10172917631811029, 0.10172917631811029, 0.10172917631811029, 0.10172917631811029, 0.10172917631811029, 0.10172917625764222, 0.10172917602428089, 0.10172917449158492, 0.1017291740748405, 0.1017291740748405, 0.1017291740748405, 0.1017291740748405, 0.10172917407483761, 0.10172917407483761, 0.10172917407483761, 0.10172917407483761, 0.10172917405142812, 0.10172917337572063, 0.10172917315627816, 0.10172917302852458, 0.10172917302852458, 0.10172917302852458, 0.10172917302852458, 0.10172917302852458, 0.10172917302852458, 0.10172917302852458, 0.10172917302852458, 0.10172917301558049, 0.10172917296613337, 0.10172917263114245, 0.10172917254033864, 0.10172917254033864, 0.10172917254033864, 0.10172917254033864, 0.10172917254033997, 0.10172917254033997, 0.10172917254033997, 0.10172917254033997, 0.1017291725352778, 0.10172917238727952, 0.10172917234004553, 0.10172917231251932, 0.10172917231251932, 0.10172917231251932, 0.10172917231251932, 0.10172917231252243, 0.10172917231252243, 0.10172917231252243, 0.10172917231252243, 0.10172917230973555, 0.10172917229918799, 0.10172917222598232, 0.1017291722061795, 0.1017291722061795, 0.1017291722061795, 0.1017291722061795, 0.10172917220617972, 0.10172917220617972, 0.10172917220617972, 0.10172917220617972, 0.10172917220508104, 0.10172917217268318, 0.10172917216248134, 0.10172917215653121, 0.10172917215653121, 0.10172917215653121, 0.10172917215653121, 0.10172917215653143, 0.10172917215653143, 0.10172917215653143, 0.10172917215653143, 0.1017291721559288, 0.10172917215366795, 0.10172917213766786, 0.10172917213334487, 0.10172917213334487, 0.10172917213334487, 0.10172917213334487, 0.10172917213334731, 0.10172917213334731, 0.10172917213334731, 0.10172917213334731, 0.10172917213310839, 0.10172917212601829, 0.1017291721238105, 0.10172917212252175, 0.10172917212252175, 0.10172917212252175, 0.10172917212252175, 0.1017291721225193, 0.1017291721225193, 0.1017291721225193, 0.1017291721225193, 0.10172917212239141, 0.10172917212190447, 0.10172917211840571, 0.10172917211746246, 0.10172917211746246, 0.10172917211746246, 0.10172917211746246, 0.10172917211746046, 0.10172917211746046, 0.10172917211746046, 0.10172917211746046, 0.10172917211746046, 0.1017291721159912, 0.10172917211553534, 0.10172917211526622, 0.10172917211526622, 0.10172917211526622, 0.10172917211526622, 0.10172917211526622, 0.10172917211526622, 0.10172917211526622, 0.10172917211526622, 0.10172917211526622, 0.1017291721151603, 0.10172917211430499, 0.10172917211411647, 0.10172917211411647, 0.10172917211411647, 0.10172917211411647]",16,3656,0.46422227611765265,0.9008580340006378,2d33f4b11b74317e4c5fe921b98a6d7186a9cb308641f0bcbca58636d6042e1c,ff78982f7c0a0703787f4d4d317b00cfb3e5a39a29e46d5077ad927ba8f6791d,2df89739fab8b33530f176547eb23ed65b259bc7,true,3fd2b466a80460124036f52434e2df874153d4eb99bb1ac9746d92116e040e93
38e404c9c15d671aa899e6fb,cnot_rank,cx,1,10,,,33,10,1e-300,0.04292175268039322,0.04191795285399369,-0.0010037998263995318,0.16411868959359185,1.0000000000000004,0.9783037602501619,"[1, 2, 4, 8, 10, 10, 10, 10, 10, 8, 4, 2, 1]","[1, 2, 4, 8, 10, 10, 10, 10, 10, 8, 4, 2, 1]",0.043392479499675174,0.04236668689357814,0.043392479499675174,1.256655689194998,"{""input"": 0.27284141699783504, ""mpo_contract_compress"": 0.5063204509206116}",mpo_contract_compress,30,True,419,"[0.043392479499675174, 0.04270457928960014, 0.04268388965079306, 0.042671073453316444, 0.042661522160298615, 0.04265349554009057, 0.04264600811846231, 0.04263829674821773, 0.042629532036393636, 0.04261853054877185, 0.042603329834649095, 0.042580607707600526, 0.04254572477915253, 0.042496640834029265, 0.042442941627658604, 0.04240230428853198, 0.04238064668547237, 0.04237160038731358, 0.04236831644736627, 0.042367210293676516, 0.04236685212309754, 0.042366738565809525, 0.04236670296993217, 0.04236669188069331, 0.04236668843760305, 0.04236668737049287, 0.042366687040084505, 0.042366686937832965, 0.04236668690619605, 0.042366686896685435, 0.04236668689357814]","[0.043392479499675174, 0.04338577333190585, 0.043357985643327934, 0.04319056362780782, 0.043003542183410515, 0.04284373137185571, 0.04275520833646573, 0.04273610582940868, 0.04272659101042442, 0.04272659101042442, 0.04272659101042442, 0.04272659101042442, 0.04272659101042242, 0.04272659101042242, 0.04272659101042242, 0.04272659101042242, 0.042724481996328834, 0.042717661780227845, 0.04270803520660782, 0.042704579289601474, 0.042704579289601474, 0.042704579289601474, 0.042704579289601474, 0.04270457928960014, 0.04270457928960014, 0.04270457928960014, 0.04270457928960014, 0.04270445047820881, 0.04270215513257902, 0.042696268348976885, 0.04269263928737077, 0.04269263928737077, 0.04269263928737077, 0.04269263928737077, 0.04269263928737144, 0.04269263928737144, 0.04269263928737144, 0.04269263928737144, 0.0426918288353495, 0.04268712149792475, 0.04268426157774963, 0.04268388965079373, 0.04268388965079373, 0.04268388965079373, 0.04268388965079373, 0.04268388965079306, 0.04268388965079306, 0.04268388965079306, 0.04268388965079306, 0.042683873525034555, 0.042683090651955746, 0.04267887259565595, 0.04267690110025191, 0.04267690110025191, 0.04267690110025191, 0.04267690110025191, 0.042676901100252795, 0.042676901100252795, 0.042676901100252795, 0.042676901100252795, 0.04267646442707318, 0.04267308115588042, 0.04267129476467346, 0.042671073453315334, 0.042671073453315334, 0.042671073453315334, 0.042671073453315334, 0.042671073453316444, 0.042671073453316444, 0.042671073453316444, 0.042671073453316444, 0.04267106378310337, 0.04267056399899305, 0.042667331244829354, 0.04266602255903096, 0.04266602255903096, 0.04266602255903096, 0.04266602255903096, 0.04266602255903251, 0.04266602255903251, 0.04266602255903251, 0.04266602255903251, 0.04266573021015563, 0.04266311954019941, 0.042661698058259256, 0.04266152216029817, 0.04266152216029817, 0.04266152216029817, 0.04266152216029817, 0.042661522160298615, 0.042661522160298615, 0.042661522160298615, 0.042661522160298615, 0.04266151408586061, 0.042661102097585335, 0.042658385578042024, 0.04265738685012166, 0.04265738685012166, 0.04265738685012166, 0.04265738685012166, 0.042657386850121215, 0.042657386850121215, 0.042657386850121215, 0.042657386850121215, 0.04265716165358868, 0.04265494857090979, 0.04265365643056196, 0.04265349554009035, 0.04265349554009035, 0.04265349554009035, 0.04265349554009035, 0.04265349554009057, 0.04265349554009057, 0.04265349554009057, 0.04265349554009057, 0.04265348765005994, 0.04265309739915302, 0.04265058589747128, 0.04264973170185282, 0.04264973170185282, 0.04264973170185282, 0.04264973170185282, 0.042649731701854376, 0.042649731701854376, 0.042649731701854376, 0.042649731701854376, 0.042649536851436576, 0.042647473832717164, 0.042646171884683115, 0.04264600811846231, 0.04264600811846231, 0.04264600811846231, 0.04264600811846231, 0.04264600811846231, 0.04264600811846231, 0.04264600811846231, 0.04264600811846231, 0.042645999505943166, 0.042645589231340875, 0.04264304088716009, 0.04264222606701895, 0.04264222606701895, 0.04264222606701895, 0.04264222606701895, 0.042642226067019395, 0.042642226067019395, 0.042642226067019395, 0.042642226067019395, 0.04264203686935941, 0.04263992268066996, 0.0426384805181419, 0.04263829674821773, 0.04263829674821773, 0.04263829674821773, 0.04263829674821773, 0.04263829674821773, 0.04263829674821773, 0.04263829674821773, 0.04263829674821773, 0.04263828638093514, 0.0426378123307003, 0.042634975751930426, 0.042634106198449206, 0.042634106198449206, 0.042634106198449206, 0.042634106198449206, 0.04263410619844876, 0.04263410619844876, 0.04263410619844876, 0.04263410619844876, 0.04263389883180313, 0.04263151295475165, 0.042629759063381956, 0.042629532036392304, 0.042629532036392304, 0.042629532036392304, 0.042629532036392304, 0.042629532036393636, 0.042629532036393636, 0.042629532036393636, 0.042629532036393636, 0.042629518289866386, 0.04262891756862275, 0.04262545062447587, 0.04262440781789012, 0.04262440781789012, 0.04262440781789012, 0.04262440781789012, 0.042624407817891674, 0.042624407817891674, 0.042624407817891674, 0.042624407817891674, 0.04262414987978436, 0.04262117994169423, 0.04261883935329469, 0.04261853054876963, 0.04261853054876963, 0.04261853054876963, 0.04261853054876963, 0.04261853054877185, 0.04261853054877185, 0.04261853054877185, 0.04261853054877185, 0.042618510439711876, 0.042617677016851374, 0.0426130301936134, 0.042611624994099095, 0.042611624994099095, 0.042611624994099095, 0.042611624994099095, 0.04261162499409976, 0.04261162499409976, 0.04261162499409976, 0.04261162499409976, 0.04261126181845176, 0.042607196401571956, 0.042603790054279944, 0.04260332983464865, 0.04260332983464865, 0.04260332983464865, 0.04260332983464865, 0.042603329834649095, 0.042603329834649095, 0.042603329834649095, 0.042603329834649095, 0.042603297498596815, 0.04260204311958393, 0.04259528612564978, 0.04259319171227993, 0.04259319171227993, 0.04259319171227993, 0.04259319171227993, 0.042593191712278156, 0.042593191712278156, 0.042593191712278156, 0.042593191712278156, 0.042592627804443506, 0.04258661849842982, 0.04258134239565514, 0.04258060770759964, 0.04258060770759964, 0.04258060770759964, 0.04258060770759964, 0.042580607707600526, 0.042580607707600526, 0.042580607707600526, 0.042580607707600526, 0.04258055186960208, 0.04257856759695855, 0.04256827881570957, 0.04256500925849083, 0.04256500925849083, 0.04256500925849083, 0.04256500925849083, 0.04256500925849149, 0.04256500925849149, 0.04256500925849149, 0.04256500925849149, 0.0425641191872157, 0.042555036005083924, 0.04254690138164796, 0.04254572477915319, 0.04254572477915319, 0.04254572477915319, 0.04254572477915319, 0.04254572477915253, 0.04254572477915253, 0.04254572477915253, 0.04254572477915253, 0.04254562839879639, 0.04254259025706353, 0.042527531769166016, 0.0425228358170191, 0.0425228358170191, 0.0425228358170191, 0.0425228358170191, 0.04252283581701999, 0.04252283581701999, 0.04252283581701999, 0.04252283581701999, 0.04252164091376831, 0.042509170337518, 0.04249828751437423, 0.042496640834028376, 0.042496640834028376, 0.042496640834028376, 0.042496640834028376, 0.042496640834029265, 0.042496640834029265, 0.042496640834029265, 0.042496640834029265, 0.04249649793074517, 0.04249265598143381, 0.04247441128284146, 0.04246938734613459, 0.04246938734613459, 0.04246938734613459, 0.04246938734613459, 0.04246938734613437, 0.04246938734613437, 0.04246938734613437, 0.04246938734613437, 0.042468324947803726, 0.04245518042741847, 0.04244461868381588, 0.04244294162765749, 0.04244294162765749, 0.04244294162765749, 0.04244294162765749, 0.042442941627658604, 0.042442941627658604, 0.042442941627658604, 0.042442941627658604, 0.04244279197061296, 0.04243944852770243, 0.04242368615803005, 0.042420319154768515, 0.042420319154768515, 0.042420319154768515, 0.042420319154768515, 0.04242031915476785, 0.04242031915476785, 0.04242031915476785, 0.04242031915476785, 0.04241977257538365, 0.04241022743421441, 0.042403431089593546, 0.042402304288532644, 0.042402304288532644, 0.042402304288532644, 0.042402304288532644, 0.04240230428853198, 0.04240230428853198, 0.04240230428853198, 0.04240230428853198, 0.042402203919726045, 0.04240030637175973, 0.04239089742359092, 0.042389425066757136, 0.042389425066757136, 0.042389425066757136, 0.042389425066757136, 0.042389425066758024, 0.042389425066758024, 0.042389425066758024, 0.042389425066758024, 0.04238923969150865, 0.04238429762643903, 0.04238117778354633, 0.04238064668547281, 0.04238064668547281, 0.04238064668547281, 0.04238064668547281, 0.04238064668547237, 0.04238064668547237, 0.04238064668547237, 0.04238064668547237, 0.04238060048347503, 0.04237981421214032, 0.042375577124175834, 0.04237506329146168, 0.04237506329146168, 0.04237506329146168, 0.04237506329146168, 0.04237506329145879, 0.04237506329145879, 0.04237506329145879, 0.04237506329145879, 0.042375009957016374, 0.04237297357108516, 0.04237180101761506, 0.04237160038731402, 0.04237160038731402, 0.04237160038731402, 0.04237160038731402, 0.04237160038731358, 0.04237160038731358, 0.04237160038731358, 0.04237160038731358, 0.04237158354791193, 0.04237130801291955, 0.04236970101812387, 0.04236953417013023, 0.04236953417013023, 0.04236953417013023, 0.04236953417013023, 0.042369534170129786, 0.042369534170129786, 0.042369534170129786, 0.042369534170129786, 0.042369518878372814, 0.04236878342311545, 0.04236838417281219, 0.04236831644736738, 0.04236831644736738, 0.04236831644736738, 0.04236831644736738, 0.04236831644736627, 0.04236831644736627, 0.04236831644736627, 0.04236831644736627, 0.04236831097282434, 0.042368221245395965, 0.04236766667963843, 0.04236761355051866, 0.04236761355051866, 0.04236761355051866, 0.04236761355051866, 0.04236761355051866, 0.04236761355051866, 0.04236761355051866, 0.04236761355051866, 0.04236760901337777, 0.042367361800794257, 0.042367232032938684, 0.04236721029367496, 0.04236721029367496, 0.04236721029367496, 0.04236721029367496, 0.042367210293676516, 0.042367210293676516, 0.042367210293676516, 0.042367210293676516, 0.042367208591302274, 0.0423671802077672, 0.04236699826582302, 0.04236698151315066, 0.04236698151315066, 0.04236698151315066, 0.04236698151315066, 0.042366981513151325, 0.042366981513151325, 0.042366981513151325, 0.042366981513151325, 0.042366980135591925, 0.04236690019738987, 0.04236685895695502, 0.042366852123095544, 0.042366852123095544, 0.042366852123095544, 0.042366852123095544, 0.04236685212309754, 0.04236685212309754, 0.04236685212309754, 0.04236685212309754, 0.04236685160011988, 0.04236684271917457, 0.042366784629984444, 0.04236677938713851, 0.04236677938713851, 0.04236677938713851, 0.04236677938713851, 0.04236677938713873, 0.04236677938713873, 0.04236677938713873, 0.04236677938713873, 0.042366778964699536, 0.04236675365455045, 0.04236674069623936, 0.042366738565809525, 0.042366738565809525, 0.042366738565809525, 0.042366738565809525, 0.042366738565809525, 0.042366738565809525, 0.042366738565809525, 0.042366738565809525, 0.04236673840519578, 0.042366735637489494, 0.042366717363500284, 0.0423667157316181, 0.0423667157316181, 0.0423667157316181, 0.0423667157316181, 0.042366715731616544, 0.042366715731616544, 0.042366715731616544, 0.042366715731616544, 0.04236671560161831, 0.04236670767945849, 0.04236670363190531, 0.0423667029699335, 0.0423667029699335, 0.0423667029699335, 0.0423667029699335, 0.04236670296993217, 0.04236670296993217, 0.04236670296993217, 0.04236670296993217, 0.042366702920469956, 0.04236670205917603, 0.04236669635672885, 0.0423666958505613, 0.0423666958505613, 0.0423666958505613, 0.0423666958505613, 0.04236669585056263, 0.04236669585056263, 0.04236669585056263, 0.04236669585056263, 0.042366695810512, 0.04236669334630627, 0.042366692086107216, 0.04236669188069353, 0.04236669188069353, 0.04236669188069353, 0.04236669188069353, 0.04236669188069331, 0.04236669188069331, 0.04236669188069331, 0.04236669188069331, 0.04236669186541997, 0.04236669159755424, 0.04236668982591074, 0.04236668966923096, 0.04236668966923096, 0.04236668966923096, 0.04236668966923096, 0.04236668966922963, 0.04236668966922963, 0.04236668966922963, 0.04236668966922963, 0.04236668965688617, 0.042366688892954585, 0.042366688501304095, 0.04236668843760105, 0.04236668843760105, 0.04236668843760105, 0.04236668843760105, 0.04236668843760305, 0.04236668843760305, 0.04236668843760305, 0.04236668843760305, 0.04236668843287661, 0.04236668834960189, 0.042366687800492464, 0.042366687752047216, 0.042366687752047216, 0.042366687752047216, 0.042366687752047216, 0.04236668775204655, 0.04236668775204655, 0.04236668775204655, 0.04236668775204655, 0.04236668774823982, 0.04236668751182737, 0.0423666873902413, 0.042366687370492206, 0.042366687370492206, 0.042366687370492206, 0.042366687370492206, 0.04236668737049287, 0.04236668737049287, 0.04236668737049287, 0.04236668737049287, 0.04236668736902893, 0.042366687343149634, 0.042366687173169826, 0.042366687158196914, 0.042366687158196914, 0.042366687158196914, 0.042366687158196914, 0.0423666871581978, 0.0423666871581978, 0.0423666871581978, 0.0423666871581978, 0.042366687157024296, 0.04236668708392477, 0.04236668704620383, 0.04236668704008273, 0.04236668704008273, 0.04236668704008273, 0.04236668704008273, 0.042366687040084505, 0.042366687040084505, 0.042366687040084505, 0.042366687040084505, 0.042366687039629536, 0.04236668703159219, 0.04236668697900714, 0.04236668697438084, 0.04236668697438084, 0.04236668697438084, 0.04236668697438084, 0.042366686974380174, 0.042366686974380174, 0.042366686974380174, 0.042366686974380174, 0.04236668697401824, 0.04236668695142565, 0.04236668693972834, 0.04236668693783119, 0.04236668693783119, 0.04236668693783119, 0.04236668693783119, 0.042366686937832965, 0.042366686937832965, 0.042366686937832965, 0.042366686937832965, 0.04236668693769108, 0.042366686935196185, 0.04236668691893253, 0.04236668691750278, 0.04236668691750278, 0.04236668691750278, 0.04236668691750278, 0.04236668691750278, 0.04236668691750278, 0.04236668691750278, 0.04236668691750278, 0.04236668691739198, 0.04236668691040957, 0.04236668690678336, 0.042366686906195605, 0.042366686906195605, 0.042366686906195605, 0.042366686906195605, 0.04236668690619605, 0.04236668690619605, 0.04236668690619605, 0.04236668690619605, 0.04236668690615253, 0.0423666869053787, 0.04236668690034984, 0.04236668689990908, 0.04236668689990908, 0.04236668689990908, 0.04236668689990908, 0.042366686899907524, 0.042366686899907524, 0.042366686899907524, 0.042366686899907524, 0.042366686899907524, 0.04236668689791845, 0.042366686896859074, 0.0423666868966861, 0.0423666868966861, 0.0423666868966861, 0.0423666868966861, 0.042366686896685435, 0.042366686896685435, 0.042366686896685435, 0.042366686896685435, 0.042366686896685435, 0.0423666868964685, 0.04236668689479228, 0.04236668689466727, 0.04236668689466727, 0.04236668689466727, 0.04236668689466727, 0.042366686894667716, 0.042366686894667716, 0.042366686894667716, 0.042366686894667716, 0.042366686894667716, 0.04236668689401091, 0.04236668689363077, 0.04236668689357659, 0.04236668689357659, 0.04236668689357659, 0.04236668689357659]",16,3656,0.7851783249061555,0.9580820471460051,2d33f4b11b74317e4c5fe921b98a6d7186a9cb308641f0bcbca58636d6042e1c,ff78982f7c0a0703787f4d4d317b00cfb3e5a39a29e46d5077ad927ba8f6791d,2df89739fab8b33530f176547eb23ed65b259bc7,true,3fd2b466a80460124036f52434e2df874153d4eb99bb1ac9746d92116e040e93
c925df1955d3fafab2883a5a,cnot_rank,cx,1,10,,,33,12,1e-300,0.013753349070033005,0.013668670184649567,-8.467888538343793e-05,0.015993002654220774,1.0000000000000002,0.9930995171330865,"[1, 2, 4, 8, 12, 12, 12, 12, 12, 8, 4, 2, 1]","[1, 2, 4, 8, 12, 12, 12, 12, 12, 8, 4, 2, 1]",1.256655689194998,0.013715700293282396,0.013800965733829385,1.256655689194998,"{""input"": 0.128598865121603, ""mpo_contract_compress"": 0.09462055703625083}",input,7,True,101,"[1.256655689194998, 0.014811485511218248, 0.013721118871948823, 0.0137157711360687, 0.01371570141407985, 0.013715700312309398, 0.013715700293644773, 0.013715700293282396]","[1.256655689194998, 0.5456777945526927, 0.5353780531336145, 0.5266970019421373, 0.5141816701013184, 0.44126383919892453, 0.3388098520687939, 0.20661712904626484, 0.03688456852005584, 0.03688456852005584, 0.03688456852005584, 0.03688456852005584, 0.03688456852005584, 0.03688456852005584, 0.03688456852005584, 0.03688456852005584, 0.03484103967334651, 0.02791957578650539, 0.020344982943031553, 0.014811485511216915, 0.014811485511216915, 0.014811485511216915, 0.014811485511216915, 0.014811485511218248, 0.014811485511218248, 0.014811485511218248, 0.014811485511218248, 0.014792056731685044, 0.01445984778626297, 0.01382226220931404, 0.013783384440060997, 0.013783384440060997, 0.013783384440060997, 0.013783384440060997, 0.013783384440062774, 0.013783384440062774, 0.013783384440062774, 0.013783384440062774, 0.013782576742886521, 0.013749337000011908, 0.013723005224759666, 0.013721118871949267, 0.013721118871949267, 0.013721118871949267, 0.013721118871949267, 0.013721118871948823, 0.013721118871948823, 0.013721118871948823, 0.013721118871948823, 0.013721108164794549, 0.01372009824251652, 0.013716500720719171, 0.013716290564906641, 0.013716290564906641, 0.013716290564906641, 0.013716290564906641, 0.013716290564903977, 0.013716290564903977, 0.013716290564903977, 0.013716290564903977, 0.013716285665081429, 0.013715920685516414, 0.013715778766350883, 0.013715771136067367, 0.013715771136067367, 0.013715771136067367, 0.013715771136067367, 0.0137157711360687, 0.0137157711360687, 0.0137157711360687, 0.0137157711360687, 0.013715771085254902, 0.013715762365254403, 0.013715711308001977, 0.013715709099580753, 0.013715709099580753, 0.013715709099580753, 0.013715709099580753, 0.013715709099579865, 0.013715709099579865, 0.013715709099579865, 0.013715709099579865, 0.013715709052203096, 0.013715703156772951, 0.013715701495670363, 0.013715701414078962, 0.013715701414078962, 0.013715701414078962, 0.013715701414078962, 0.01371570141407985, 0.01371570141407985, 0.01371570141407985, 0.01371570141407985, 0.013715701413380632, 0.013715701308865347, 0.013715700468241998, 0.013715700438321932, 0.013715700438321932, 0.013715700438321932, 0.013715700438321932, 0.013715700438320155, 0.013715700438320155, 0.013715700438320155, 0.013715700438320155, 0.013715700437725298, 0.013715700335943604, 0.0137157003134456, 0.013715700312310286, 0.013715700312310286, 0.013715700312310286, 0.013715700312310286, 0.013715700312309398, 0.013715700312309398, 0.013715700312309398, 0.013715700312309398, 0.013715700312309398, 0.013715700310928503, 0.013715700296294875, 0.013715700295831468, 0.013715700295831468, 0.013715700295831468, 0.013715700295831468, 0.013715700295830358, 0.013715700295830358, 0.013715700295830358, 0.013715700295830358, 0.013715700295830358, 0.013715700294021582, 0.013715700293661426, 0.013715700293642996, 0.013715700293642996, 0.013715700293642996, 0.013715700293642996, 0.013715700293644773, 0.013715700293644773, 0.013715700293644773, 0.013715700293644773, 0.013715700293644773, 0.013715700293621902, 0.013715700293319033, 0.013715700293319033, 0.013715700293319033, 0.013715700293319033, 0.013715700293319033, 0.013715700293320365, 0.013715700293320365, 0.013715700293320365, 0.013715700293320365, 0.013715700293320365, 0.013715700293281952, 0.013715700293281952, 0.013715700293281952, 0.013715700293281952, 0.013715700293281952, 0.013715700293281952]",16,3656,0.22949367598630488,0.9863313298153492,2d33f4b11b74317e4c5fe921b98a6d7186a9cb308641f0bcbca58636d6042e1c,ff78982f7c0a0703787f4d4d317b00cfb3e5a39a29e46d5077ad927ba8f6791d,2df89739fab8b33530f176547eb23ed65b259bc7,true,3fd2b466a80460124036f52434e2df874153d4eb99bb1ac9746d92116e040e93
f52a562d99896fc5280f84bd,cnot_rank,cx,1,10,,,33,14,1e-300,0.002895607472463757,0.0028904574644589287,-5.150008004828344e-06,0.0030648042073696353,0.9999999999999994,0.9985511466757916,"[1, 2, 4, 8, 14, 14, 14, 14, 14, 8, 4, 2, 1]","[1, 2, 4, 8, 14, 14, 14, 14, 14, 8, 4, 2, 1]",1.256655689194998,0.00289254917463988,0.0028977066484172642,1.256655689194998,"{""input"": 0.09981215395964682, ""mpo_contract_compress"": 0.0645880289375782}",input,5,True,78,"[1.256655689194998, 0.0030042478980121246, 0.002892563955715355, 0.0028925491806306436, 0.0028925491746403242, 0.00289254917463988]","[1.256655689194998, 0.5456777945526927, 0.5353780531336145, 0.5266970019421373, 0.5141204838613989, 0.440522163379089, 0.33346778205119554, 0.19260501348897496, 0.01284032120117673, 0.01284032120117673, 0.01284032120117673, 0.01284032120117673, 0.012840321201176952, 0.012840321201176952, 0.012840321201176952, 0.012840321201176952, 0.011463522703473394, 0.008086235927065477, 0.00394247929891578, 0.003004247898013679, 0.003004247898013679, 0.003004247898013679, 0.003004247898013679, 0.0030042478980121246, 0.0030042478980121246, 0.0030042478980121246, 0.0030042478980121246, 0.0030038268217769115, 0.002938210782669426, 0.0028964354658187474, 0.0028934486562690598, 0.0028934486562690598, 0.0028934486562690598, 0.0028934486562690598, 0.0028934486562712802, 0.0028934486562712802, 0.0028934486562712802, 0.0028934486562712802, 0.0028934395605551, 0.0028932638396770294, 0.0028925737786889005, 0.002892563955715799, 0.002892563955715799, 0.002892563955715799, 0.002892563955715799, 0.002892563955715355, 0.002892563955715355, 0.002892563955715355, 0.002892563955715355, 0.0028925639463455166, 0.002892551335551108, 0.002892549600868266, 0.002892549461299909, 0.002892549461299909, 0.002892549461299909, 0.002892549461299909, 0.0028925494613010194, 0.0028925494613010194, 0.0028925494613010194, 0.0028925494613010194, 0.002892549460612237, 0.0028925494425191545, 0.0028925491827256344, 0.0028925491806290893, 0.0028925491806290893, 0.0028925491806290893, 0.0028925491806290893, 0.0028925491806306436, 0.0028925491806306436, 0.0028925491806306436, 0.0028925491806306436, 0.0028925491806306436, 0.002892549175200765, 0.002892549174798642, 0.0028925491747751053, 0.0028925491747751053, 0.0028925491747751053, 0.0028925491747751053, 0.0028925491747751053, 0.0028925491747751053, 0.0028925491747751053, 0.0028925491747751053, 0.0028925491747751053, 0.0028925491747751053, 0.0028925491746409904, 0.0028925491746409904, 0.0028925491746409904, 0.0028925491746409904, 0.0028925491746409904, 0.0028925491746403242, 0.0028925491746403242, 0.0028925491746403242, 0.0028925491746403242, 0.0028925491746403242, 0.0028925491746403242, 0.0028925491746403242, 0.0028925491746403242, 0.0028925491746403242, 0.0028925491746403242, 0.0028925491746403242, 0.0028925491746403242, 0.0028925491746403242, 0.0028925491746403242, 0.0028925491746403242, 0.0028925491746403242, 0.0028925491746403242, 0.0028925491746403242, 0.0028925491746403242, 0.0028925491746403242, 0.0028925491746403242, 0.0028925491746403242]",16,3656,0.17115543503314257,0.9971095425355407,2d33f4b11b74317e4c5fe921b98a6d7186a9cb308641f0bcbca58636d6042e1c,ff78982f7c0a0703787f4d4d317b00cfb3e5a39a29e46d5077ad927ba8f6791d,2df89739fab8b33530f176547eb23ed65b259bc7,true,3fd2b466a80460124036f52434e2df874153d4eb99bb1ac9746d92116e040e93
2001257885ec382bcaff6ab5,cnot_rank,cx,1,10,,,33,16,1e-300,0.0,3.3306690738754696e-16,3.3306690738754696e-16,1.192986932958978e-15,1.0,0.9999999999999996,"[1, 2, 4, 8, 16, 16, 16, 16, 16, 8, 4, 2, 1]","[1, 2, 4, 8, 16, 16, 16, 16, 16, 8, 4, 2, 1]",0.0,0.0,0.0,1.256655689194998,"{""input"": 0.026818744838237762, ""mpo_contract_compress"": 0.00977156893350184}",mpo_contract_compress,0,True,0,[0.0],[0.0],16,3656,0.04365456500090659,1.0,2d33f4b11b74317e4c5fe921b98a6d7186a9cb308641f0bcbca58636d6042e1c,ff78982f7c0a0703787f4d4d317b00cfb3e5a39a29e46d5077ad927ba8f6791d,2df89739fab8b33530f176547eb23ed65b259bc7,true,3fd2b466a80460124036f52434e2df874153d4eb99bb1ac9746d92116e040e93
