{
  "case_name": "markov_ref",
  "cut": 5,
  "cut_comparison_mode": "asymmetry_grid",
  "J": 0.0,
  "g": 1.0,
  "L": 2,
  "k": 20,
  "dt": 0.1,
  "n_pasts": 16,
  "n_futures": 32,
  "fraction_terminated_early": 0.0,
  "fraction_any_prob_skipped_renormalize": 0.0,
  "fraction_weight_lt_1e-12": 0.01171875,
  "fraction_weight_lt_1e-10": 0.126953125,
  "fraction_weight_lt_1e-08": 0.435546875,
  "fraction_weight_lt_1e-06": 0.8828125,
  "mean_cumulative_weight": 1.0351519675783767e-06,
  "median_cumulative_weight": 1.8381225575662815e-08,
  "metrics_V_raw": {
    "frobenius": 22.62741698776171,
    "frobenius_sq": 511.9999995380472,
    "entropy_sv": 1.0361632918473208e-27,
    "rank_tol": 1,
    "participation_ratio": 1.0,
    "mean_row_norm": 5.656854246940431,
    "std_row_norm": 0.0,
    "mean_col_norm": 0.9622653019760037,
    "std_col_norm": 1.0383917516496617
  },
  "metrics_V_centered_past": {
    "frobenius": 0.0,
    "frobenius_sq": 0.0,
    "entropy_sv": 0.0,
    "rank_tol": 0,
    "participation_ratio": 0.0,
    "mean_row_norm": 0.0,
    "std_row_norm": 0.0,
    "mean_col_norm": 0.0,
    "std_col_norm": 0.0
  },
  "metrics_V_centered_global": {
    "frobenius": 21.424007362235006,
    "frobenius_sq": 458.98809145709976,
    "entropy_sv": 1.0361632918473208e-27,
    "rank_tol": 1,
    "participation_ratio": 1.0,
    "mean_row_norm": 5.3560018405587515,
    "std_row_norm": 0.0,
    "mean_col_norm": 1.0305058930308633,
    "std_col_norm": 0.856648366763046
  },
  "metrics_V_centered_rowcol": {
    "frobenius": 0.0,
    "frobenius_sq": 0.0,
    "entropy_sv": 0.0,
    "rank_tol": 0,
    "participation_ratio": 0.0,
    "mean_row_norm": 0.0,
    "std_row_norm": 0.0,
    "mean_col_norm": 0.0,
    "std_col_norm": 0.0
  },
  "row_distance_raw": {
    "max_row_distance": 0.0,
    "mean_row_distance": 0.0,
    "median_row_distance": 0.0
  },
  "row_distance_centered_past": {
    "max_row_distance": 0.0,
    "mean_row_distance": 0.0,
    "median_row_distance": 0.0
  },
  "delta_norm_centered_past": 0.0,
  "corr_weight_vs_centered_block_norm": NaN,
  "corr_terminated_early_vs_centered_block_norm": NaN,
  "summarize_weights": {
    "mean_weight_by_past": [
      3.0436852776391177e-07,
      6.567880519192397e-07,
      6.831229260261402e-09,
      7.695073921323118e-07,
      1.3701981053867125e-06,
      2.373840121095622e-06,
      1.8790492899761747e-08,
      1.2868442330766103e-06,
      2.212871864185843e-06,
      6.555732914056175e-07,
      8.226060423093378e-08,
      3.1059492123838275e-06,
      2.5829183043459797e-06,
      7.655112454843176e-07,
      2.592912344135114e-07,
      1.1088757126956925e-07
    ],
    "mean_weight_by_future": [
      3.593358147097708e-10,
      1.9656586207829014e-06,
      8.008319909294373e-08,
      6.001604878707721e-11,
      6.303931326545832e-10,
      5.811320325130102e-08,
      9.995052760434599e-12,
      5.1014780719181955e-06,
      1.2174866983095484e-08,
      3.394036595998614e-08,
      2.219589532642579e-08,
      3.3142017527558353e-07,
      2.5135404590156053e-07,
      2.8905941456820438e-08,
      1.2325874334685645e-10,
      8.411379414783416e-10,
      2.6263726957693227e-08,
      3.14767984931289e-06,
      9.800927976269297e-08,
      1.457458413143968e-10,
      1.1222073173278042e-08,
      1.8103514615011987e-05,
      6.26531488129867e-08,
      1.4340007649029926e-07,
      2.649971045407966e-08,
      5.743817160808201e-07,
      1.2747186951308093e-08,
      2.8494239419427406e-06,
      1.1539121587995999e-08,
      1.1082522937821825e-07,
      5.4454968265235136e-08,
      4.7540498019733776e-09
    ]
  },
  "mean_centered_block_norm_by_past": [
    0.0,
    0.0,
    0.0,
    0.0,
    0.0,
    0.0,
    0.0,
    0.0,
    0.0,
    0.0,
    0.0,
    0.0,
    0.0,
    0.0,
    0.0,
    0.0
  ],
  "mean_centered_block_norm_by_future": [
    0.0,
    0.0,
    0.0,
    0.0,
    0.0,
    0.0,
    0.0,
    0.0,
    0.0,
    0.0,
    0.0,
    0.0,
    0.0,
    0.0,
    0.0,
    0.0,
    0.0,
    0.0,
    0.0,
    0.0,
    0.0,
    0.0,
    0.0,
    0.0,
    0.0,
    0.0,
    0.0,
    0.0,
    0.0,
    0.0,
    0.0,
    0.0
  ],
  "weighted_variants": {
    "masked_lt_1e-12_thr1e-12": {
      "frobenius": 22.494443748117238,
      "frobenius_sq": 505.99999953721067,
      "entropy_sv": 0.059342399442892754,
      "rank_tol": 3,
      "participation_ratio": 0.981018294284221,
      "mean_row_norm": 5.622883534382499,
      "std_row_norm": 0.09341365979127442,
      "mean_col_norm": 0.9569798623173305,
      "std_col_norm": 1.031945663898078
    },
    "weighted_sqrt_thr1e-12": {
      "frobenius": 0.02302168134602088,
      "frobenius_sq": 0.0005299978119977258,
      "entropy_sv": 1.0361632918473208e-27,
      "rank_tol": 1,
      "participation_ratio": 1.0,
      "mean_row_norm": 0.004941068958890731,
      "std_row_norm": 0.0030481821106304154,
      "mean_col_norm": 0.0004738076803277214,
      "std_col_norm": 0.0013612673163964104
    },
    "weighted_linear_thr1e-12": {
      "frobenius": 0.00010698949453529163,
      "frobenius_sq": 1.1446751940917197e-08,
      "entropy_sv": 1.0361632918473208e-27,
      "rank_tol": 1,
      "participation_ratio": 1.0,
      "mean_row_norm": 1.9396385570646647e-05,
      "std_row_norm": 1.902145379938868e-05,
      "mean_col_norm": 1.1858578706635525e-06,
      "std_col_norm": 6.593743221233066e-06
    },
    "masked_lt_1e-10_thr1e-10": {
      "frobenius": 21.142374501428524,
      "frobenius_sq": 446.999999558655,
      "entropy_sv": 0.27085056328250007,
      "rank_tol": 8,
      "participation_ratio": 0.9007752405632323,
      "mean_row_norm": 5.27735086898383,
      "std_row_norm": 0.3047495637213442,
      "mean_col_norm": 0.8809955289330214,
      "std_col_norm": 0.9867848372398706
    },
    "weighted_sqrt_thr1e-10": {
      "frobenius": 0.02302168134602088,
      "frobenius_sq": 0.0005299978119977258,
      "entropy_sv": 1.0361632918473208e-27,
      "rank_tol": 1,
      "participation_ratio": 1.0,
      "mean_row_norm": 0.004941068958890731,
      "std_row_norm": 0.0030481821106304154,
      "mean_col_norm": 0.0004738076803277214,
      "std_col_norm": 0.0013612673163964104
    },
    "weighted_linear_thr1e-10": {
      "frobenius": 0.00010698949453529163,
      "frobenius_sq": 1.1446751940917197e-08,
      "entropy_sv": 1.0361632918473208e-27,
      "rank_tol": 1,
      "participation_ratio": 1.0,
      "mean_row_norm": 1.9396385570646647e-05,
      "std_row_norm": 1.902145379938868e-05,
      "mean_col_norm": 1.1858578706635525e-06,
      "std_col_norm": 6.593743221233066e-06
    },
    "masked_lt_1e-08_thr1e-08": {
      "frobenius": 16.999999994406704,
      "frobenius_sq": 288.9999998098279,
      "entropy_sv": 0.5522364661963045,
      "rank_tol": 8,
      "participation_ratio": 0.766884974915927,
      "mean_row_norm": 4.152165749216209,
      "std_row_norm": 0.936387144522349,
      "mean_col_norm": 0.63162501164777,
      "std_col_norm": 0.8560482853410906
    },
    "weighted_sqrt_thr1e-08": {
      "frobenius": 0.02302168134602088,
      "frobenius_sq": 0.0005299978119977258,
      "entropy_sv": 1.0361632918473208e-27,
      "rank_tol": 1,
      "participation_ratio": 1.0,
      "mean_row_norm": 0.004941068958890731,
      "std_row_norm": 0.0030481821106304154,
      "mean_col_norm": 0.0004738076803277214,
      "std_col_norm": 0.0013612673163964104
    },
    "weighted_linear_thr1e-08": {
      "frobenius": 0.00010698949453529163,
      "frobenius_sq": 1.1446751940917197e-08,
      "entropy_sv": 1.0361632918473208e-27,
      "rank_tol": 1,
      "participation_ratio": 1.0,
      "mean_row_norm": 1.9396385570646647e-05,
      "std_row_norm": 1.902145379938868e-05,
      "mean_col_norm": 1.1858578706635525e-06,
      "std_col_norm": 6.593743221233066e-06
    }
  },
  "heuristic_control_ok": true
}