{
  "case_name": "sweep",
  "L": 2,
  "k": 20,
  "dt": 0.1,
  "cut": 10,
  "J": 0.4,
  "g": 1.0,
  "n_pasts": 32,
  "n_futures": 32,
  "n_seeds": 1,
  "branch_weight_beta": 1.0,
  "delta": 8.722316017598306e-07,
  "delta_norm": 0.9626728584509903,
  "entropy": 4.358822631133033e-06,
  "rank": 4,
  "max_row_distance": 0.0009510412570198784,
  "mean_row_distance": 6.384255046901452e-05,
  "median_row_distance": 1.350292759997057e-06,
  "weight_preparation": {
    "weight_data_invalid": false,
    "nan_count": 0,
    "posinf_count": 0,
    "neginf_count": 0,
    "negative_count": 0,
    "warnings": []
  }
}