{
  "case_name": "markov_ref",
  "cut": 15,
  "cut_comparison_mode": "asymmetry_grid",
  "J": 0.0,
  "g": 1.0,
  "L": 2,
  "k": 20,
  "dt": 0.1,
  "n_pasts": 16,
  "n_futures": 16,
  "fraction_terminated_early": 0.0,
  "fraction_any_prob_skipped_renormalize": 0.0,
  "fraction_weight_lt_1e-12": 0.01171875,
  "fraction_weight_lt_1e-10": 0.19921875,
  "fraction_weight_lt_1e-08": 0.58203125,
  "fraction_weight_lt_1e-06": 0.875,
  "mean_cumulative_weight": 7.532378673365107e-07,
  "median_cumulative_weight": 5.059395424507279e-09,
  "metrics_V_raw": {
    "frobenius": 15.999999963760212,
    "frobenius_sq": 255.99999884032678,
    "entropy_sv": 1.0361632918473208e-27,
    "rank_tol": 1,
    "participation_ratio": 1.0,
    "mean_row_norm": 3.999999990940054,
    "std_row_norm": 0.0,
    "mean_col_norm": 0.9865047875791788,
    "std_col_norm": 1.0172971049347566
  },
  "metrics_V_centered_past": {
    "frobenius": 0.0,
    "frobenius_sq": 0.0,
    "entropy_sv": 0.0,
    "rank_tol": 0,
    "participation_ratio": 0.0,
    "mean_row_norm": 0.0,
    "std_row_norm": 0.0,
    "mean_col_norm": 0.0,
    "std_col_norm": 0.0
  },
  "metrics_V_centered_global": {
    "frobenius": 15.17847267371349,
    "frobenius_sq": 230.38603270666712,
    "entropy_sv": 1.0361632918473208e-27,
    "rank_tol": 1,
    "participation_ratio": 1.0,
    "mean_row_norm": 3.7946181684283724,
    "std_row_norm": 0.0,
    "mean_col_norm": 1.0388246605980385,
    "std_col_norm": 0.852296472792742
  },
  "metrics_V_centered_rowcol": {
    "frobenius": 0.0,
    "frobenius_sq": 0.0,
    "entropy_sv": 0.0,
    "rank_tol": 0,
    "participation_ratio": 0.0,
    "mean_row_norm": 0.0,
    "std_row_norm": 0.0,
    "mean_col_norm": 0.0,
    "std_col_norm": 0.0
  },
  "row_distance_raw": {
    "max_row_distance": 0.0,
    "mean_row_distance": 0.0,
    "median_row_distance": 0.0
  },
  "row_distance_centered_past": {
    "max_row_distance": 0.0,
    "mean_row_distance": 0.0,
    "median_row_distance": 0.0
  },
  "delta_norm_centered_past": 0.0,
  "corr_weight_vs_centered_block_norm": NaN,
  "corr_terminated_early_vs_centered_block_norm": NaN,
  "summarize_weights": {
    "mean_weight_by_past": [
      4.338929712539464e-06,
      1.6936148892605557e-09,
      4.155521462064173e-07,
      2.12135013693488e-07,
      2.251993453349342e-09,
      2.9346498688128707e-06,
      2.114805428702202e-09,
      2.712495223018506e-06,
      1.0693579224310234e-06,
      6.992838387897261e-10,
      1.126005604572142e-08,
      1.911571974450101e-09,
      2.284527021711398e-10,
      5.358442672355875e-11,
      3.446750071239798e-07,
      3.797620799256211e-09
    ],
    "mean_weight_by_future": [
      1.0011724212405351e-07,
      2.2729650001332236e-06,
      4.275766180259576e-08,
      2.8883567402341163e-08,
      1.5060941260972245e-06,
      3.2870025220897874e-07,
      1.0211586850498991e-07,
      1.1294193695765397e-07,
      1.7837712259217867e-06,
      6.043964004453279e-08,
      2.0559572716666147e-09,
      3.745772044334521e-09,
      1.949431608399584e-08,
      2.1981489273439978e-06,
      4.942816178396324e-07,
      2.995292765603165e-06
    ]
  },
  "mean_centered_block_norm_by_past": [
    0.0,
    0.0,
    0.0,
    0.0,
    0.0,
    0.0,
    0.0,
    0.0,
    0.0,
    0.0,
    0.0,
    0.0,
    0.0,
    0.0,
    0.0,
    0.0
  ],
  "mean_centered_block_norm_by_future": [
    0.0,
    0.0,
    0.0,
    0.0,
    0.0,
    0.0,
    0.0,
    0.0,
    0.0,
    0.0,
    0.0,
    0.0,
    0.0,
    0.0,
    0.0,
    0.0
  ],
  "weighted_variants": {
    "masked_lt_1e-12_thr1e-12": {
      "frobenius": 15.90597368778749,
      "frobenius_sq": 252.99999895658797,
      "entropy_sv": 0.058800873932859,
      "rank_tol": 3,
      "participation_ratio": 0.9807527072480489,
      "mean_row_norm": 3.975915037653044,
      "std_row_norm": 0.07004416245883789,
      "mean_col_norm": 0.980623611711203,
      "std_col_norm": 1.0114007495351793
    },
    "weighted_sqrt_thr1e-12": {
      "frobenius": 0.01388628434381229,
      "frobenius_sq": 0.0001928288928772063,
      "entropy_sv": 1.0361632918473208e-27,
      "rank_tol": 1,
      "participation_ratio": 1.0,
      "mean_row_norm": 0.002141098476488525,
      "std_row_norm": 0.002822292801971034,
      "mean_col_norm": 0.0006637942371763844,
      "std_col_norm": 0.0010364581415088917
    },
    "weighted_linear_thr1e-12": {
      "frobenius": 3.983034038788247e-05,
      "frobenius_sq": 1.5864560154145813e-09,
      "entropy_sv": 1.0361632918473208e-27,
      "rank_tol": 1,
      "participation_ratio": 1.0,
      "mean_row_norm": 4.981209222126923e-06,
      "std_row_norm": 8.90489337529632e-06,
      "mean_col_norm": 1.5534007887088793e-06,
      "std_col_norm": 3.1717069873009878e-06
    },
    "masked_lt_1e-10_thr1e-10": {
      "frobenius": 14.317821040814152,
      "frobenius_sq": 204.99999935678045,
      "entropy_sv": 0.4568613835633489,
      "rank_tol": 8,
      "participation_ratio": 0.8090660330714795,
      "mean_row_norm": 3.535632691063342,
      "std_row_norm": 0.5767046002317876,
      "mean_col_norm": 0.8792470958956107,
      "std_col_norm": 0.9137891219142077
    },
    "weighted_sqrt_thr1e-10": {
      "frobenius": 0.01388628434381229,
      "frobenius_sq": 0.0001928288928772063,
      "entropy_sv": 1.0361632918473208e-27,
      "rank_tol": 1,
      "participation_ratio": 1.0,
      "mean_row_norm": 0.002141098476488525,
      "std_row_norm": 0.002822292801971034,
      "mean_col_norm": 0.0006637942371763844,
      "std_col_norm": 0.0010364581415088917
    },
    "weighted_linear_thr1e-10": {
      "frobenius": 3.983034038788247e-05,
      "frobenius_sq": 1.5864560154145813e-09,
      "entropy_sv": 1.0361632918473208e-27,
      "rank_tol": 1,
      "participation_ratio": 1.0,
      "mean_row_norm": 4.981209222126923e-06,
      "std_row_norm": 8.90489337529632e-06,
      "mean_col_norm": 1.5534007887088793e-06,
      "std_col_norm": 3.1717069873009878e-06
    },
    "masked_lt_1e-08_thr1e-08": {
      "frobenius": 10.34408042308067,
      "frobenius_sq": 106.99999979916079,
      "entropy_sv": 0.43945792605535916,
      "rank_tol": 7,
      "participation_ratio": 0.8254869428288066,
      "mean_row_norm": 1.8916908196298967,
      "std_row_norm": 1.8210636687754462,
      "mean_col_norm": 0.6281783751815733,
      "std_col_norm": 0.6669366253599235
    },
    "weighted_sqrt_thr1e-08": {
      "frobenius": 0.01388628434381229,
      "frobenius_sq": 0.0001928288928772063,
      "entropy_sv": 1.0361632918473208e-27,
      "rank_tol": 1,
      "participation_ratio": 1.0,
      "mean_row_norm": 0.002141098476488525,
      "std_row_norm": 0.002822292801971034,
      "mean_col_norm": 0.0006637942371763844,
      "std_col_norm": 0.0010364581415088917
    },
    "weighted_linear_thr1e-08": {
      "frobenius": 3.983034038788247e-05,
      "frobenius_sq": 1.5864560154145813e-09,
      "entropy_sv": 1.0361632918473208e-27,
      "rank_tol": 1,
      "participation_ratio": 1.0,
      "mean_row_norm": 4.981209222126923e-06,
      "std_row_norm": 8.90489337529632e-06,
      "mean_col_norm": 1.5534007887088793e-06,
      "std_col_norm": 3.1717069873009878e-06
    }
  },
  "heuristic_control_ok": true
}