{
  "case_name": "nm_mid",
  "cut": 15,
  "cut_comparison_mode": "cut_comparison_shared_probe_source",
  "J": 1.0,
  "g": 1.0,
  "L": 2,
  "k": 20,
  "dt": 0.1,
  "n_pasts": 64,
  "n_futures": 16,
  "fraction_terminated_early": 0.0,
  "fraction_any_prob_skipped_renormalize": 0.0,
  "fraction_weight_lt_1e-12": 0.044921875,
  "fraction_weight_lt_1e-10": 0.2578125,
  "fraction_weight_lt_1e-08": 0.6552734375,
  "fraction_weight_lt_1e-06": 0.9326171875,
  "mean_cumulative_weight": 3.1654814433733693e-06,
  "median_cumulative_weight": 1.639702308103567e-09,
  "metrics_V_raw": {
    "frobenius": 31.88431917193975,
    "frobenius_sq": 1016.6098090581247,
    "entropy_sv": 0.013470379367385292,
    "rank_tol": 62,
    "participation_ratio": 0.9966563467056346,
    "mean_row_norm": 3.985537292643383,
    "std_row_norm": 0.004591833421351764,
    "mean_col_norm": 1.9542405159897611,
    "std_col_norm": 2.038547116146456
  },
  "metrics_V_centered_past": {
    "frobenius": 1.3055777651926783,
    "frobenius_sq": 1.7045333009655084,
    "entropy_sv": 0.6538044690549019,
    "rank_tol": 63,
    "participation_ratio": 0.6863756512937468,
    "mean_row_norm": 0.14273005480486375,
    "std_row_norm": 0.0797549534821431,
    "mean_col_norm": 0.07031390153123124,
    "std_col_norm": 0.09186156878746318
  },
  "metrics_V_centered_global": {
    "frobenius": 29.541647736317092,
    "frobenius_sq": 872.7089509766488,
    "entropy_sv": 0.015385331827432677,
    "rank_tol": 63,
    "participation_ratio": 0.9961084193139901,
    "mean_row_norm": 3.692701514265589,
    "std_row_norm": 0.005779925919561186,
    "mean_col_norm": 2.040854737605592,
    "std_col_norm": 1.6351880608830767
  },
  "metrics_V_centered_rowcol": {
    "frobenius": 1.305147127145891,
    "frobenius_sq": 1.7034090234971726,
    "entropy_sv": 0.6527279993735103,
    "rank_tol": 63,
    "participation_ratio": 0.6869913464380693,
    "mean_row_norm": 0.14266985567092966,
    "std_row_norm": 0.07975249506956109,
    "mean_col_norm": 0.07114635423728818,
    "std_col_norm": 0.09116473568701533
  },
  "row_distance_raw": {
    "max_row_distance": 0.591524834833565,
    "mean_row_distance": 0.1998041488896387,
    "median_row_distance": 0.1670340570560042
  },
  "row_distance_centered_past": {
    "max_row_distance": 0.591524834833565,
    "mean_row_distance": 0.1998041488896387,
    "median_row_distance": 0.1670340570560042
  },
  "delta_norm_centered_past": 0.001676683901510586,
  "corr_weight_vs_centered_block_norm": 0.009513437367674116,
  "corr_terminated_early_vs_centered_block_norm": NaN,
  "summarize_weights": {
    "mean_weight_by_past": [
      1.0255840629299211e-07,
      7.612857921908345e-08,
      2.2995919972154795e-08,
      2.0909483069806955e-11,
      1.195517836472795e-09,
      6.6796183817373865e-09,
      1.787841923237157e-09,
      7.47311691811318e-10,
      0.00016658388988842032,
      9.816949077192546e-09,
      1.5540988808011433e-08,
      2.9865039836177802e-09,
      1.2953835647825466e-09,
      2.388684919452008e-07,
      7.030888122752868e-10,
      1.4240324694448057e-07,
      3.570442655340352e-08,
      1.1312188947883128e-06,
      9.439857589716896e-13,
      3.426148493703369e-06,
      2.5620784873241832e-06,
      4.3348366497833813e-10,
      1.3468623546535582e-08,
      1.586415139963647e-06,
      6.289650782120937e-08,
      4.698525429039804e-10,
      1.8827886430025225e-08,
      3.4184188666136785e-09,
      7.640300580587442e-10,
      1.2980196209066925e-07,
      6.091770638664171e-09,
      8.344589493356907e-08,
      2.0858186957704942e-05,
      4.618634822989149e-08,
      1.356531575279662e-07,
      9.075662371386677e-08,
      2.391437812475443e-07,
      2.59012915190328e-10,
      4.141571016491399e-08,
      2.17409235355219e-10,
      1.4567357277698417e-09,
      4.656992755751749e-10,
      4.18450066947086e-08,
      1.6165777228361183e-07,
      1.4924294172266763e-07,
      7.652367909942349e-08,
      3.2406127101339636e-07,
      4.410217248570939e-10,
      1.5029882762690156e-06,
      1.024271323831386e-08,
      5.790177961886226e-11,
      9.65501385976497e-10,
      2.4579861470178854e-11,
      8.219657212263901e-10,
      7.816500301731628e-07,
      9.42641969821302e-10,
      1.5108909946208366e-06,
      6.284751696923964e-11,
      3.270844138644254e-11,
      3.4751086876673883e-12,
      2.982649686622378e-09,
      1.1704402022927015e-09,
      1.4791138435926362e-08,
      3.268679199342785e-07
    ],
    "mean_weight_by_future": [
      1.1678668894062937e-07,
      3.152690033668165e-06,
      1.5782791477248913e-06,
      5.835642383272093e-08,
      6.59386235462091e-08,
      2.5676462170476707e-05,
      7.839833146493613e-07,
      1.1126458180002102e-06,
      3.470861532455024e-06,
      1.5867605424766774e-07,
      3.133845587595534e-08,
      9.152802607353508e-06,
      4.42765078328297e-08,
      9.946562971958724e-09,
      4.721574781187983e-06,
      5.13084371210093e-07
    ]
  },
  "mean_centered_block_norm_by_past": [
    0.02257893707201598,
    0.038721911094239364,
    0.011082341978685756,
    0.025207475220595132,
    0.019325915216123403,
    0.06195731989326167,
    0.06504526367462207,
    0.015507373109171375,
    0.036385601314552235,
    0.003766942210363682,
    0.0193084154234095,
    0.025617462210042727,
    0.018680674619922795,
    0.01699477360625474,
    0.024458487236965913,
    0.015663810187438006,
    0.027445854821293754,
    0.033172516384195175,
    0.05933496087630494,
    0.00954520692451901,
    0.011353245452887586,
    0.006400226618564247,
    0.027483953479864057,
    0.015945611801654113,
    0.014843823024472468,
    0.03839283893955873,
    0.026446451424514843,
    0.034290551387090557,
    0.01369992256785187,
    0.02351749585963041,
    0.017368340035089788,
    0.02088279780741962,
    0.03428178227357358,
    0.016688475208788495,
    0.02029575247607561,
    0.011527108304161588,
    0.020071974514500802,
    0.03570639976619739,
    0.0392878730687924,
    0.018589218343656934,
    0.03715414917630121,
    0.02821786610837646,
    0.03914715869637707,
    0.035199607752580395,
    0.014192437437979415,
    0.006299658661292411,
    0.01932934197091065,
    0.04948540502121604,
    0.032462805579099877,
    0.0753710210992153,
    0.03485520219532436,
    0.0064500765094960034,
    0.04011785941352287,
    0.02166808742094269,
    0.015614744511827077,
    0.0381257203817443,
    0.018921153431670987,
    0.09399257899519396,
    0.09516283255953482,
    0.044566757592594694,
    0.03759267216220635,
    0.04181249771750218,
    0.0356027049275485,
    0.0410339976584465
  ],
  "mean_centered_block_norm_by_future": [
    0.008365871601961955,
    0.02956943442134331,
    0.04325716009141305,
    0.01971492363744959,
    0.024429076026614198,
    0.034730153406309514,
    0.03529195801112279,
    0.04214998796572971,
    0.03842233256932058,
    0.03210856420913519,
    0.05927876061479137,
    0.021492155914990787,
    0.009483094959649855,
    0.0284113322659637,
    0.03615794146594522,
    0.011950108440565823
  ],
  "weighted_variants": {
    "masked_lt_1e-12_thr1e-12": {
      "frobenius": 31.160174145534214,
      "frobenius_sq": 970.9564527800188,
      "entropy_sv": 0.1520081321377056,
      "rank_tol": 62,
      "participation_ratio": 0.9506223781265254,
      "mean_row_norm": 3.8790257178419156,
      "std_row_norm": 0.35542640433408607,
      "mean_col_norm": 1.9091584112111202,
      "std_col_norm": 1.9929226458263931
    },
    "weighted_sqrt_thr1e-12": {
      "frobenius": 0.05676956339413289,
      "frobenius_sq": 0.003222783327960473,
      "entropy_sv": 0.006767681386184058,
      "rank_tol": 27,
      "participation_ratio": 0.9983694370346706,
      "mean_row_norm": 0.0021676271931129415,
      "std_row_norm": 0.0068104406757493975,
      "mean_col_norm": 0.0023856378708215983,
      "std_col_norm": 0.004431722632554799
    },