k_train,k_test,mean_frob,std_frob,mean_dX,std_dX,mean_dZ,std_dZ,n
2,2,1.6416661203094687,0,0.6741289012134075,0,0.7743543456308544,0,1
