{
  "case_name": "trivial",
  "cut": 5,
  "cut_comparison_mode": "asymmetry_grid",
  "J": 0.0,
  "g": 0.0,
  "L": 2,
  "k": 20,
  "dt": 0.1,
  "n_pasts": 64,
  "n_futures": 16,
  "fraction_terminated_early": 0.0,
  "fraction_any_prob_skipped_renormalize": 0.0,
  "fraction_weight_lt_1e-12": 0.0244140625,
  "fraction_weight_lt_1e-10": 0.220703125,
  "fraction_weight_lt_1e-08": 0.611328125,
  "fraction_weight_lt_1e-06": 0.962890625,
  "mean_cumulative_weight": 2.1208225022482005e-07,
  "median_cumulative_weight": 3.346650257407348e-09,
  "metrics_V_raw": {
    "frobenius": 32.00000024065277,
    "frobenius_sq": 1024.000015401777,
    "entropy_sv": 4.351885825758746e-27,
    "rank_tol": 1,
    "participation_ratio": 1.0,
    "mean_row_norm": 4.000000030081598,
    "std_row_norm": 0.0,
    "mean_col_norm": 1.8865686383796851,
    "std_col_norm": 2.1156148718202337
  },
  "metrics_V_centered_past": {
    "frobenius": 0.0,
    "frobenius_sq": 0.0,
    "entropy_sv": 0.0,
    "rank_tol": 0,
    "participation_ratio": 0.0,
    "mean_row_norm": 0.0,
    "std_row_norm": 0.0,
    "mean_col_norm": 0.0,
    "std_col_norm": 0.0
  },
  "metrics_V_centered_global": {
    "frobenius": 30.019816920518014,
    "frobenius_sq": 901.1894079414196,
    "entropy_sv": 4.351885825758746e-27,
    "rank_tol": 1,
    "participation_ratio": 1.0,
    "mean_row_norm": 3.7524771150647522,
    "std_row_norm": 4.475998511201681e-16,
    "mean_col_norm": 2.0411818787179072,
    "std_col_norm": 1.701984031690881
  },
  "metrics_V_centered_rowcol": {
    "frobenius": 0.0,
    "frobenius_sq": 0.0,
    "entropy_sv": 0.0,
    "rank_tol": 0,
    "participation_ratio": 0.0,
    "mean_row_norm": 0.0,
    "std_row_norm": 0.0,
    "mean_col_norm": 0.0,
    "std_col_norm": 0.0
  },
  "row_distance_raw": {
    "max_row_distance": 0.0,
    "mean_row_distance": 0.0,
    "median_row_distance": 0.0
  },
  "row_distance_centered_past": {
    "max_row_distance": 0.0,
    "mean_row_distance": 0.0,
    "median_row_distance": 0.0
  },
  "delta_norm_centered_past": 0.0,
  "corr_weight_vs_centered_block_norm": NaN,
  "corr_terminated_early_vs_centered_block_norm": NaN,
  "summarize_weights": {
    "mean_weight_by_past": [
      4.515626242152538e-08,
      1.6061283257200276e-08,
      1.240802809996976e-07,
      1.477589126477891e-08,
      4.6051764167927745e-07,
      6.594263779306139e-07,
      7.078740770622163e-09,
      5.829949668750715e-10,
      2.840359674994515e-07,
      1.9624807013636623e-07,
      5.4176457266945965e-08,
      2.628433786237692e-08,
      2.675611167563e-07,
      6.949058436830992e-08,
      1.9252721649279538e-10,
      4.9083226142533625e-08,
      1.3309844008752833e-07,
      3.8303155912785665e-09,
      3.1027017847274655e-07,
      5.766582653712944e-09,
      4.523168479464781e-07,
      1.4937243532351284e-07,
      1.0536516197707284e-08,
      8.358397797713737e-07,
      3.305956706301561e-09,
      1.0418640490026305e-07,
      1.5768377883189985e-08,
      3.8423337846135864e-09,
      2.372512151420026e-08,
      5.269886701086098e-07,
      1.215945555568142e-07,
      4.930268403787455e-10,
      6.475434384272539e-08,
      1.2718505093983483e-08,
      2.987729437315968e-07,
      7.468556634052817e-08,
      1.8901512519962988e-06,
      3.392043668281248e-07,
      9.516627305587137e-08,
      6.007370425281959e-07,
      1.727976578534793e-08,
      7.280678779519063e-07,
      2.7612036485812734e-07,
      6.243633695039841e-08,
      5.025315101507978e-08,
      1.6238813749452074e-07,
      1.3854409425301557e-08,
      2.3787615506059673e-08,
      2.717173308748791e-08,
      3.3650145047200773e-07,
      5.3824074179137525e-08,
      1.8598125902740108e-07,
      8.235787016869333e-10,
      2.4470624366714948e-08,
      4.290160602456472e-08,
      5.283471722100554e-08,
      8.883254614748401e-09,
      5.569808858310222e-08,
      2.0913059923745686e-08,
      2.67909869518427e-07,
      2.7874085320595738e-06,
      1.3494582114928818e-09,
      1.266401467974687e-10,
      2.040081196844578e-08
    ],
    "mean_weight_by_future": [
      2.2425126208467955e-08,
      1.0353018263140785e-07,
      3.033531396619704e-11,
      8.109518432450701e-08,
      1.9949271099196437e-07,
      6.256605220437344e-08,
      4.12156729738916e-09,
      1.0195823310482308e-10,
      4.760916237216438e-10,
      2.365934242458897e-06,
      2.5064238080464736e-10,
      4.6208720830094923e-07,
      8.64707489988182e-09,
      9.602690702342452e-10,
      6.474744985702528e-08,
      1.6849907800425213e-08
    ]
  },
  "mean_centered_block_norm_by_past": [
    0.0,
    0.0,
    0.0,
    0.0,
    0.0,
    0.0,
    0.0,
    0.0,
    0.0,
    0.0,
    0.0,
    0.0,
    0.0,
    0.0,
    0.0,
    0.0,
    0.0,
    0.0,
    0.0,
    0.0,
    0.0,
    0.0,
    0.0,
    0.0,
    0.0,
    0.0,
    0.0,
    0.0,
    0.0,
    0.0,
    0.0,
    0.0,
    0.0,
    0.0,
    0.0,
    0.0,
    0.0,
    0.0,
    0.0,
    0.0,
    0.0,
    0.0,
    0.0,
    0.0,
    0.0,
    0.0,
    0.0,
    0.0,
    0.0,
    0.0,
    0.0,
    0.0,
    0.0,
    0.0,
    0.0,
    0.0,
    0.0,
    0.0,
    0.0,
    0.0,
    0.0,
    0.0,
    0.0,
    0.0
  ],
  "mean_centered_block_norm_by_future": [
    0.0,
    0.0,
    0.0,
    0.0,
    0.0,
    0.0,
    0.0,
    0.0,
    0.0,
    0.0,
    0.0,
    0.0,
    0.0,
    0.0,
    0.0,
    0.0
  ],
  "weighted_variants": {
    "masked_lt_1e-12_thr1e-12": {
      "frobenius": 31.606961495250392,
      "frobenius_sq": 999.0000149622409,
      "entropy_sv": 0.10663512108252762,
      "rank_tol": 5,
      "participation_ratio": 0.9639940239311849,
      "mean_row_norm": 3.9481796261243733,
      "std_row_norm": 0.14693611142970664,
      "mean_col_norm": 1.8606980332662246,
      "std_col_norm": 2.092052409488906
    },
    "weighted_sqrt_thr1e-12": {
      "frobenius": 0.014736764785737917,
      "frobenius_sq": 0.00021717223635016512,
      "entropy_sv": 4.351885825758746e-27,
      "rank_tol": 1,
      "participation_ratio": 1.0,
      "mean_row_norm": 0.001345227884703829,
      "std_row_norm": 0.0012683910592954624,
      "mean_col_norm": 0.0004920577133996299,
      "std_col_norm": 0.0012107808855448823
    },
    "weighted_linear_thr1e-12": {
      "frobenius": 4.4286061178527856e-05,
      "frobenius_sq": 1.961255214708312e-09,
      "entropy_sv": 4.351885825758746e-27,
      "rank_tol": 1,
      "participation_ratio": 1.0,
      "mean_row_norm": 2.424303741041251e-06,
      "std_row_norm": 5.0160240095616126e-06,
      "mean_col_norm": 8.806139094875092e-07,
      "std_col_norm": 3.829016510862074e-06
    },
    "masked_lt_1e-10_thr1e-10": {
      "frobenius": 28.24889400353945,
      "frobenius_sq": 798.0000124232072,
      "entropy_sv": 0.42700417352450915,
      "rank_tol": 10,
      "participation_ratio": 0.8375230065651943,
      "mean_row_norm": 3.5024540860194,
      "std_row_norm": 0.4525096937323868,
      "mean_col_norm": 1.59786601781299,
      "std_col_norm": 1.926184079294019
    },
    "weighted_sqrt_thr1e-10": {
      "frobenius": 0.014736764785737917,
      "frobenius_sq": 0.00021717223635016512,
      "entropy_sv": 4.351885825758746e-27,
      "rank_tol": 1,
      "participation_ratio": 1.0,
      "mean_row_norm": 0.001345227884703829,
      "std_row_norm": 0.0012683910592954624,
      "mean_col_norm": 0.0004920577133996299,
      "std_col_norm": 0.0012107808855448823
    },
    "weighted_linear_thr1e-10": {
      "frobenius": 4.4286061178527856e-05,
      "frobenius_sq": 1.961255214708312e-09,
      "entropy_sv": 4.351885825758746e-27,
      "rank_tol": 1,
      "participation_ratio": 1.0,
      "mean_row_norm": 2.424303741041251e-06,
      "std_row_norm": 5.0160240095616126e-06,
      "mean_col_norm": 8.806139094875092e-07,
      "std_col_norm": 3.829016510862074e-06
    },
    "masked_lt_1e-08_thr1e-08": {
      "frobenius": 19.949937552926524,
      "frobenius_sq": 398.00000836566795,