{
  "case_name": "trivial",
  "cut": 10,
  "cut_comparison_mode": "asymmetry_grid",
  "J": 0.0,
  "g": 0.0,
  "L": 2,
  "k": 20,
  "dt": 0.1,
  "n_pasts": 16,
  "n_futures": 64,
  "fraction_terminated_early": 0.00390625,
  "fraction_any_prob_skipped_renormalize": 0.0,
  "fraction_weight_lt_1e-12": 0.119140625,
  "fraction_weight_lt_1e-10": 0.361328125,
  "fraction_weight_lt_1e-08": 0.7119140625,
  "fraction_weight_lt_1e-06": 0.9482421875,
  "mean_cumulative_weight": 2.950148315588724e-07,
  "median_cumulative_weight": 5.994041722568676e-10,
  "metrics_V_raw": {
    "frobenius": 32.0000000242361,
    "frobenius_sq": 1024.0000015511105,
    "entropy_sv": 0.007034348652293549,
    "rank_tol": 2,
    "participation_ratio": 0.9982519266243697,
    "mean_row_norm": 8.000000006059029,
    "std_row_norm": 3.09172243366522e-10,
    "mean_col_norm": 0.9761630692085064,
    "std_col_norm": 1.0242825761495205
  },
  "metrics_V_centered_past": {
    "frobenius": 0.9478272014492835,
    "frobenius_sq": 0.8983764038071805,
    "entropy_sv": 1.0361632918473208e-27,
    "rank_tol": 1,
    "participation_ratio": 1.0,
    "mean_row_norm": 0.11471621769673303,
    "std_row_norm": 0.2141369397005683,
    "mean_col_norm": 0.003847220275331773,
    "std_col_norm": 0.04175218659419396
  },
  "metrics_V_centered_global": {
    "frobenius": 30.11070464859547,
    "frobenius_sq": 906.6545344349488,
    "entropy_sv": 0.007820251417325043,
    "rank_tol": 2,
    "participation_ratio": 0.9980271207213991,
    "mean_row_norm": 7.527676145738376,
    "std_row_norm": 0.0005133583213015047,
    "mean_col_norm": 1.0382047925306925,
    "std_col_norm": 0.8332445584429258
  },
  "metrics_V_centered_rowcol": {
    "frobenius": 0.9478110932018011,
    "frobenius_sq": 0.8983458683963933,
    "entropy_sv": 1.1224333834916152e-27,
    "rank_tol": 1,
    "participation_ratio": 1.0,
    "mean_row_norm": 0.11471426810378818,
    "std_row_norm": 0.21413330046040463,
    "mean_col_norm": 0.004087616408919923,
    "std_col_norm": 0.04172857644668331
  },
  "row_distance_raw": {
    "max_row_distance": 0.9789117243454553,
    "mean_row_distance": 0.12236396554318191,
    "median_row_distance": 0.0
  },
  "row_distance_centered_past": {
    "max_row_distance": 0.9789117243454553,
    "mean_row_distance": 0.12236396554318191,
    "median_row_distance": 0.0
  },
  "delta_norm_centered_past": 0.0008773207055140226,
  "corr_weight_vs_centered_block_norm": -0.01223264401525795,
  "corr_terminated_early_vs_centered_block_norm": 0.5469602302977002,
  "summarize_weights": {
    "mean_weight_by_past": [
      2.6316185235679775e-10,
      7.877534785074184e-09,
      1.2088660594153027e-08,
      4.6131230533088396e-08,
      9.507082518355563e-07,
      1.3937899009190367e-08,
      2.356909197541667e-07,
      2.5627455456568413e-07,
      1.3017359923248925e-06,
      7.948676301400863e-09,
      8.275058722758096e-07,
      1.0464963898173364e-06,
      7.915245324930401e-11,
      1.4342004450303976e-10,
      1.3350252598555878e-08,
      5.3361969414210785e-12
    ],
    "mean_weight_by_future": [
      2.5056383824166246e-07,
      8.886794632128445e-10,
      2.134760385912133e-06,
      1.196319654626341e-08,
      1.9192587344661308e-10,
      1.1170569270910726e-10,
      4.947346027298656e-08,
      7.709880733417236e-09,
      7.768132733793941e-07,
      3.220028163606259e-10,
      3.1508987138606916e-10,
      9.826717897515456e-11,
      5.43789515371487e-08,
      2.1970069753297934e-10,
      6.974544848855999e-07,
      1.6827741844587782e-08,
      2.3889850045803228e-11,
      2.56412211404332e-07,
      1.2868622601461644e-08,
      2.1247256637769068e-10,
      1.7277810324707925e-09,
      4.188116012872415e-06,
      3.1650907495319606e-09,
      1.1889281159660484e-07,
      1.1632354270888272e-08,
      1.4617847487361992e-10,
      4.805707119738126e-08,
      1.6953527296381926e-08,
      3.23991241093317e-06,
      2.993081777860944e-10,
      2.959481537227686e-09,
      3.8395018112993195e-10,
      1.7887376131748338e-07,
      3.470690930581146e-08,
      7.972243386542347e-10,
      1.3511462135579852e-12,
      4.513001683525542e-08,
      6.591139692612726e-08,
      1.532856425050666e-06,
      2.413279678964066e-10,
      2.836696740250457e-08,
      6.7275598578293235e-09,
      1.2759738417919161e-08,
      1.3702947039274423e-09,
      3.675413800924492e-08,
      8.814140526814643e-09,
      8.009027187710777e-09,
      6.215181520458642e-11,
      3.26768668823201e-07,
      9.229119559566164e-10,
      4.367957201072789e-10,
      1.954843305910859e-09,
      1.145905507113522e-07,
      1.8071077995694493e-06,
      6.45486756494629e-08,
      3.6278059343862033e-09,
      1.862827943775559e-09,
      1.0497831369348927e-08,
      1.9985786711585163e-06,
      3.7880961845468374e-09,
      6.547167499213042e-07,
      3.3435168464531404e-09,
      1.4391404671499376e-08,
      8.573879504405934e-09
    ]
  },
  "mean_centered_block_norm_by_past": [
    0.0009559684808061087,
    0.0009559684808061087,
    0.0009559684808061087,
    0.0009559684808061087,
    0.0009559684808061087,
    0.0009559684808061087,
    0.0009559684808061087,
    0.0009559684808061087,
    0.0009559684808061087,
    0.0009559684808061087,
    0.0009559684808061087,
    0.0009559684808061087,
    0.0009559684808061087,
    0.0009559684808061087,
    0.0009559684808061087,
    0.014339527212091628
  ],
  "mean_centered_block_norm_by_future": [
    0.0,
    0.0,
    0.0,
    0.0,
    0.0,
    0.0,
    0.0,
    0.0,
    0.0,
    0.0,
    0.0,
    0.0,
    0.0,
    0.0,
    0.0,
    0.0,
    0.0,
    0.0,
    0.0,
    0.0,
    0.0,
    0.0,
    0.0,
    0.0,
    0.0,
    0.0,
    0.0,
    0.0,
    0.0,
    0.0,
    0.0,
    0.0,
    0.0,
    0.0,
    0.0,
    0.11471621769673301,
    0.0,
    0.0,
    0.0,
    0.0,
    0.0,
    0.0,
    0.0,
    0.0,
    0.0,
    0.0,
    0.0,
    0.0,
    0.0,
    0.0,
    0.0,
    0.0,
    0.0,
    0.0,
    0.0,
    0.0,
    0.0,
    0.0,
    0.0,
    0.0,
    0.0,
    0.0,
    0.0,
    0.0
  ],
  "weighted_variants": {
    "masked_lt_1e-12_thr1e-12": {
      "frobenius": 30.03331485597214,
      "frobenius_sq": 902.0000012379569,
      "entropy_sv": 0.2946716493948104,
      "rank_tol": 7,
      "participation_ratio": 0.8844548451650225,
      "mean_row_norm": 7.436523488394193,
      "std_row_norm": 1.0698877119567782,
      "mean_col_norm": 0.9130318931083905,
      "std_col_norm": 0.9643172406634316
    },
    "weighted_sqrt_thr1e-12": {
      "frobenius": 0.017380885886402797,
      "frobenius_sq": 0.00030209519419615596,
      "entropy_sv": 2.7390795710615453e-11,
      "rank_tol": 2,
      "participation_ratio": 0.9999999999980895,
      "mean_row_norm": 0.0029080003301684624,
      "std_row_norm": 0.0033345838268265477,
      "mean_col_norm": 0.00028189908044648287,
      "std_col_norm": 0.0007152354357894916
    },
    "weighted_linear_thr1e-12": {
      "frobenius": 4.773093758760484e-05,
      "frobenius_sq": 2.278242402991829e-09,
      "entropy_sv": 2.7571183280684696e-21,
      "rank_tol": 1,
      "participation_ratio": 1.0,
      "mean_row_norm": 6.636322029212255e-06,
      "std_row_norm": 1.0242363274769822e-05,
      "mean_col_norm": 5.093909673301579e-07,
      "std_col_norm": 2.0490029432033836e-06
    },
    "masked_lt_1e-10_thr1e-10": {
      "frobenius": 25.57342372411148,
      "frobenius_sq": 654.0000009729478,
      "entropy_sv": 0.5484438356971304,
      "rank_tol": 9,
      "participation_ratio": 0.7664525054579088,
      "mean_row_norm": 6.001856513238712,
      "std_row_norm": 2.2751336266228877,
      "mean_col_norm": 0.7606216276264434,
      "std_col_norm": 0.8367592265474064
    },
    "weighted_sqrt_thr1e-10": {
      "frobenius": 0.017380885886402797,
      "frobenius_sq": 0.00030209519419615596,
      "entropy_sv": 2.7390795710615453e-11,
      "rank_tol": 2,
      "participation_ratio": 0.9999999999980895,