{
  "case_name": "trivial",
  "cut": 10,
  "cut_comparison_mode": "cut_comparison_shared_probe_source",
  "J": 0.0,
  "g": 0.0,
  "L": 2,
  "k": 20,
  "dt": 0.1,
  "n_pasts": 32,
  "n_futures": 32,
  "fraction_terminated_early": 0.0166015625,
  "fraction_any_prob_skipped_renormalize": 0.0,
  "fraction_weight_lt_1e-12": 0.1298828125,
  "fraction_weight_lt_1e-10": 0.357421875,
  "fraction_weight_lt_1e-08": 0.7509765625,
  "fraction_weight_lt_1e-06": 0.974609375,
  "mean_cumulative_weight": 1.4617889556021877e-07,
  "median_cumulative_weight": 6.732187563077973e-10,
  "metrics_V_raw": {
    "frobenius": 31.999999893009594,
    "frobenius_sq": 1023.999993152614,
    "entropy_sv": 0.05080678900113809,
    "rank_tol": 2,
    "participation_ratio": 0.9823903654467845,
    "mean_row_norm": 5.6568542305789755,
    "std_row_norm": 2.4887866962224563e-10,
    "mean_col_norm": 1.4439138305220207,
    "std_col_norm": 1.386586841725189
  },
  "metrics_V_centered_past": {
    "frobenius": 3.0340201469494095,
    "frobenius_sq": 9.205278252094915,
    "entropy_sv": 2.141404136484463e-27,
    "rank_tol": 1,
    "participation_ratio": 1.0,
    "mean_row_norm": 0.35475824670169437,
    "std_row_norm": 0.40869457863612657,
    "mean_col_norm": 0.03709734322210015,
    "std_col_norm": 0.1863263819565067
  },
  "metrics_V_centered_global": {
    "frobenius": 29.76068420664628,
    "frobenius_sq": 885.6983244477252,
    "entropy_sv": 0.057442484525363324,
    "rank_tol": 2,
    "participation_ratio": 0.9795834647685029,
    "mean_row_norm": 5.2609716953029855,
    "std_row_norm": 0.016047034488562338,
    "mean_col_norm": 1.4896918129515084,
    "std_col_norm": 1.1159939030485455
  },
  "metrics_V_centered_rowcol": {
    "frobenius": 3.0255260455298005,
    "frobenius_sq": 9.153807852179193,
    "entropy_sv": 2.141404136484463e-27,
    "rank_tol": 1,
    "participation_ratio": 1.0,
    "mean_row_norm": 0.3537650586604236,
    "std_row_norm": 0.4075503893979412,
    "mean_col_norm": 0.05039055932795963,
    "std_col_norm": 0.182614675054235
  },
  "row_distance_raw": {
    "max_row_distance": 1.6217519849220312,
    "mean_row_distance": 0.3662020611114264,
    "median_row_distance": 0.0
  },
  "row_distance_centered_past": {
    "max_row_distance": 1.6217519849220312,
    "mean_row_distance": 0.3662020611114264,
    "median_row_distance": 0.0
  },
  "delta_norm_centered_past": 0.00898952960317353,
  "corr_weight_vs_centered_block_norm": -0.023692572407953538,
  "corr_terminated_early_vs_centered_block_norm": 0.704350683809729,
  "summarize_weights": {
    "mean_weight_by_past": [
      1.1403031654499569e-06,
      1.4779439749212828e-08,
      5.721841813649216e-11,
      2.779548165841861e-10,
      8.891296542199254e-10,
      1.2850418971358208e-07,
      1.639531585626144e-08,
      8.108570529195865e-09,
      6.52096496237068e-09,
      3.919779604552451e-09,
      1.092446836530989e-10,
      3.8202861893841706e-07,
      1.8108133927497142e-07,
      1.3347199115987104e-08,
      2.0385348320774354e-08,
      2.7199892155183115e-09,
      2.5904016367049433e-09,
      7.490553536700423e-07,
      1.536255130145295e-09,
      1.028908619215426e-07,
      1.0317968272356046e-06,
      1.414161803525733e-07,
      2.821385627643955e-08,
      1.9382621384985802e-08,
      1.1315937492288925e-08,
      3.129755301542322e-07,
      5.338278721596105e-09,
      3.2812469240801986e-09,
      8.88800483173636e-08,
      2.979042067445867e-09,
      2.5160846374512996e-07,
      5.036284593430786e-09
    ],
    "mean_weight_by_future": [
      4.426761690970875e-11,
      1.9256884666724489e-10,
      2.732181531160518e-11,
      4.037219969537933e-09,
      1.9294540548797795e-10,
      2.0017150223111454e-08,
      2.0420473169330713e-08,
      1.123296734855984e-09,
      8.916094560783933e-08,
      2.1890440161278737e-06,
      2.130239223836209e-11,
      3.715741669684245e-09,
      4.103138523715211e-09,
      8.741716771816515e-10,
      9.276038843867246e-09,
      2.7764376494134194e-09,
      1.0257679917733686e-13,
      1.484035400596738e-07,
      4.057839663942594e-08,
      5.764569158792137e-08,
      1.4449990057860337e-06,
      2.529530473200243e-07,
      4.453804889727616e-10,
      1.0662745055479991e-07,
      2.6406729387327297e-14,
      9.887711567602388e-08,
      2.690072135741022e-08,
      1.4104546631080285e-09,
      7.574897472816967e-08,
      4.854949641790855e-08,
      1.7461140455727224e-12,
      2.9556471276928996e-08
    ]
  },
  "mean_centered_block_norm_by_past": [
    0.008849756809014632,
    0.008849756809014632,
    0.06194829766310242,
    0.06194829766310242,
    0.06194829766310242,
    0.008849756809014632,
    0.008849756809014632,
    0.008849756809014632,
    0.008849756809014632,
    0.008849756809014632,
    0.06194829766310242,
    0.008849756809014632,
    0.008849756809014632,
    0.008849756809014632,
    0.008849756809014632,
    0.008849756809014632,
    0.008849756809014632,
    0.008849756809014632,
    0.008849756809014632,
    0.008849756809014632,
    0.008849756809014632,
    0.008849756809014632,
    0.008849756809014632,
    0.008849756809014632,
    0.008849756809014632,
    0.008849756809014632,
    0.008849756809014632,
    0.008849756809014632,
    0.008849756809014632,
    0.008849756809014632,
    0.008849756809014632,
    0.008849756809014632
  ],
  "mean_centered_block_norm_by_future": [
    0.0,
    0.0,
    0.0,
    0.0,
    0.0,
    0.0,
    0.0,
    0.0,
    0.0,
    0.0,
    0.0,
    0.0,
    0.0,
    0.0,
    0.0,
    0.0,
    0.286847530587027,
    0.0,
    0.0,
    0.0,
    0.0,
    0.0,
    0.0,
    0.0,
    0.20873885071779189,
    0.0,
    0.0,
    0.0,
    0.0,
    0.0,
    0.0,
    0.0
  ],
  "weighted_variants": {
    "masked_lt_1e-12_thr1e-12": {
      "frobenius": 29.8496229861059,
      "frobenius_sq": 890.9999924126616,
      "entropy_sv": 0.22425623618963222,
      "rank_tol": 8,
      "participation_ratio": 0.9190054935229903,
      "mean_row_norm": 5.27048185033237,
      "std_row_norm": 0.2605618311122456,
      "mean_col_norm": 1.2951058673079119,
      "std_col_norm": 1.3454518816435108
    },
    "weighted_sqrt_thr1e-12": {
      "frobenius": 0.012234671543519607,
      "frobenius_sq": 0.00014968718777780843,
      "entropy_sv": 5.221466120836824e-10,
      "rank_tol": 2,
      "participation_ratio": 0.9999999999592333,
      "mean_row_norm": 0.0014185865035071224,
      "std_row_norm": 0.0016587090044423928,
      "mean_col_norm": 0.00030671181593650617,
      "std_col_norm": 0.0007018315546771267
    },
    "weighted_linear_thr1e-12": {
      "frobenius": 3.3021541427231344e-05,
      "frobenius_sq": 1.090422198230356e-09,
      "entropy_sv": 9.113226001263458e-20,
      "rank_tol": 1,
      "participation_ratio": 1.0,
      "mean_row_norm": 2.6477660146337188e-06,
      "std_row_norm": 5.285649843913594e-06,
      "mean_col_norm": 4.917340376453717e-07,
      "std_col_norm": 2.0083363450660947e-06
    },
    "masked_lt_1e-10_thr1e-10": {
      "frobenius": 25.651510572412406,
      "frobenius_sq": 657.9999946465854,
      "entropy_sv": 0.5318760061673046,
      "rank_tol": 14,
      "participation_ratio": 0.7924076828097498,
      "mean_row_norm": 4.445757129995444,
      "std_row_norm": 0.9074563521293304,
      "mean_col_norm": 1.0780179902342124,
      "std_col_norm": 1.1889962171245785
    },
    "weighted_sqrt_thr1e-10": {
      "frobenius": 0.012234671543519607,
      "frobenius_sq": 0.00014968718777780843,
      "entropy_sv": 5.221466120836824e-10,
      "rank_tol": 2,
      "participation_ratio": 0.9999999999592333,
      "mean_row_norm": 0.0014185865035071224,
      "std_row_norm": 0.0016587090044423928,
      "mean_col_norm": 0.00030671181593650617,
      "std_col_norm": 0.0007018315546771267
    },
    "weighted_linear_thr1e-10": {
      "frobenius": 3.3021541427231344e-05,
      "frobenius_sq": 1.090422198230356e-09,