{
  "case_name": "trivial",
  "cut": 5,
  "cut_comparison_mode": "asymmetry_grid",
  "J": 0.0,
  "g": 0.0,
  "L": 2,
  "k": 20,
  "dt": 0.1,
  "n_pasts": 32,
  "n_futures": 32,
  "fraction_terminated_early": 0.0,
  "fraction_any_prob_skipped_renormalize": 0.0,
  "fraction_weight_lt_1e-12": 0.03125,
  "fraction_weight_lt_1e-10": 0.22265625,
  "fraction_weight_lt_1e-08": 0.5703125,
  "fraction_weight_lt_1e-06": 0.904296875,
  "mean_cumulative_weight": 1.3645445514997574e-06,
  "median_cumulative_weight": 4.273068388693758e-09,
  "metrics_V_raw": {
    "frobenius": 32.00000004714547,
    "frobenius_sq": 1024.00000301731,
    "entropy_sv": 2.141404136484463e-27,
    "rank_tol": 1,
    "participation_ratio": 1.0,
    "mean_row_norm": 5.656854257826605,
    "std_row_norm": 0.0,
    "mean_col_norm": 1.3752123571745993,
    "std_col_norm": 1.4550122862117587
  },
  "metrics_V_centered_past": {
    "frobenius": 0.0,
    "frobenius_sq": 0.0,
    "entropy_sv": 0.0,
    "rank_tol": 0,
    "participation_ratio": 0.0,
    "mean_row_norm": 0.0,
    "std_row_norm": 0.0,
    "mean_col_norm": 0.0,
    "std_col_norm": 0.0
  },
  "metrics_V_centered_global": {
    "frobenius": 29.884232861158356,
    "frobenius_sq": 893.067373699937,
    "entropy_sv": 2.141404136484463e-27,
    "rank_tol": 1,
    "participation_ratio": 1.0,
    "mean_row_norm": 5.282835926670733,
    "std_row_norm": 0.0,
    "mean_col_norm": 1.4728602771394534,
    "std_col_norm": 1.1508259954847069
  },
  "metrics_V_centered_rowcol": {
    "frobenius": 0.0,
    "frobenius_sq": 0.0,
    "entropy_sv": 0.0,
    "rank_tol": 0,
    "participation_ratio": 0.0,
    "mean_row_norm": 0.0,
    "std_row_norm": 0.0,
    "mean_col_norm": 0.0,
    "std_col_norm": 0.0
  },
  "row_distance_raw": {
    "max_row_distance": 0.0,
    "mean_row_distance": 0.0,
    "median_row_distance": 0.0
  },
  "row_distance_centered_past": {
    "max_row_distance": 0.0,
    "mean_row_distance": 0.0,
    "median_row_distance": 0.0
  },
  "delta_norm_centered_past": 0.0,
  "corr_weight_vs_centered_block_norm": NaN,
  "corr_terminated_early_vs_centered_block_norm": NaN,
  "summarize_weights": {
    "mean_weight_by_past": [
      3.649810307149203e-07,
      3.7601359604452698e-06,
      2.5223901454613046e-06,
      4.506390376969826e-06,
      3.048988677383593e-07,
      2.369200561501389e-08,
      5.708933605327212e-07,
      2.062938346577194e-07,
      8.114130768898532e-07,
      6.708491741190005e-08,
      3.1881505644166204e-07,
      6.720721807025997e-07,
      9.418824997822983e-08,
      1.014890117565784e-07,
      3.399174571201852e-07,
      5.365909987450948e-07,
      8.003186149067888e-09,
      2.010078364296277e-06,
      3.7876541551575934e-06,
      5.149659685249766e-07,
      3.137924433267646e-07,
      1.8059567092355763e-06,
      1.6567357909680315e-07,
      5.937859911555373e-07,
      1.1447004304511963e-06,
      2.9938023771712003e-06,
      1.8368449484801569e-06,
      1.8020882414127044e-06,
      5.139716097067324e-06,
      1.1689989954774242e-06,
      5.1243017534803745e-06,
      5.3815876328025285e-08
    ],
    "mean_weight_by_future": [
      1.05014263062942e-09,
      3.42936090613149e-09,
      4.926962026503747e-12,
      7.933690607338969e-10,
      5.921075751619575e-08,
      4.3865983022991214e-10,
      2.1221479898624205e-07,
      1.4529011438620703e-08,
      2.1373013542173937e-09,
      6.630412067409028e-11,
      1.5063378933755367e-06,
      1.5320430953770497e-07,
      1.1414139219320304e-09,
      1.973539377498688e-08,
      5.890815928423926e-07,
      1.1911059723683721e-07,
      6.5574076760764704e-12,
      1.1361617395602599e-09,
      2.3085021589170334e-07,
      5.0692380071930455e-09,
      5.889080182232726e-06,
      1.0329152736429614e-10,
      4.068380330624302e-08,
      4.523893753875532e-06,
      2.8500503844082205e-10,
      1.4283496560736501e-08,
      2.81178021837438e-11,
      5.871603018817798e-08,
      9.744880169148206e-08,
      3.000869088110017e-05,
      1.126604587417541e-07,
      3.819386206243508e-12
    ]
  },
  "mean_centered_block_norm_by_past": [
    0.0,
    0.0,
    0.0,
    0.0,
    0.0,
    0.0,
    0.0,
    0.0,
    0.0,
    0.0,
    0.0,
    0.0,
    0.0,
    0.0,
    0.0,
    0.0,
    0.0,
    0.0,
    0.0,
    0.0,
    0.0,
    0.0,
    0.0,
    0.0,
    0.0,
    0.0,
    0.0,
    0.0,
    0.0,
    0.0,
    0.0,
    0.0
  ],
  "mean_centered_block_norm_by_future": [
    0.0,
    0.0,
    0.0,
    0.0,
    0.0,
    0.0,
    0.0,
    0.0,
    0.0,
    0.0,
    0.0,
    0.0,
    0.0,
    0.0,
    0.0,
    0.0,
    0.0,
    0.0,
    0.0,
    0.0,
    0.0,
    0.0,
    0.0,
    0.0,
    0.0,
    0.0,
    0.0,
    0.0,
    0.0,
    0.0,
    0.0,
    0.0
  ],
  "weighted_variants": {
    "masked_lt_1e-12_thr1e-12": {
      "frobenius": 31.496031546221435,
      "frobenius_sq": 992.0000031605758,
      "entropy_sv": 0.1228413094137605,
      "rank_tol": 5,
      "participation_ratio": 0.9568808535177037,
      "mean_row_norm": 5.565926678245555,
      "std_row_norm": 0.14532832208465798,
      "mean_col_norm": 1.3482236079623218,
      "std_col_norm": 1.437136364934593
    },
    "weighted_sqrt_thr1e-12": {
      "frobenius": 0.0373803914382937,
      "frobenius_sq": 0.0013972936640800609,
      "entropy_sv": 2.141404136484463e-27,
      "rank_tol": 1,
      "participation_ratio": 1.0,
      "mean_row_norm": 0.005524258425808235,
      "std_row_norm": 0.0036840364745332646,
      "mean_col_norm": 0.0007351287150325339,
      "std_col_norm": 0.0022219472309769127
    },
    "weighted_linear_thr1e-12": {
      "frobenius": 0.0002649495994622331,
      "frobenius_sq": 7.019829025519775e-08,
      "entropy_sv": 2.141404136484463e-27,
      "rank_tol": 1,
      "participation_ratio": 1.0,
      "mean_row_norm": 3.09588783189054e-05,
      "std_row_norm": 3.570841662722345e-05,
      "mean_col_norm": 3.2287070491807193e-06,
      "std_col_norm": 1.6273351927950095e-05
    },
    "masked_lt_1e-10_thr1e-10": {
      "frobenius": 28.21347201472134,
      "frobenius_sq": 796.0000031254642,
      "entropy_sv": 0.32116527145417,
      "rank_tol": 11,
      "participation_ratio": 0.8834215055079132,
      "mean_row_norm": 4.974056097661078,
      "std_row_norm": 0.3715926107691645,
      "mean_col_norm": 1.1092630693135068,
      "std_col_norm": 1.373418629392068
    },
    "weighted_sqrt_thr1e-10": {
      "frobenius": 0.0373803914382937,
      "frobenius_sq": 0.0013972936640800609,
      "entropy_sv": 2.141404136484463e-27,
      "rank_tol": 1,
      "participation_ratio": 1.0,
      "mean_row_norm": 0.005524258425808235,
      "std_row_norm": 0.0036840364745332646,
      "mean_col_norm": 0.0007351287150325339,
      "std_col_norm": 0.0022219472309769127
    },
    "weighted_linear_thr1e-10": {
      "frobenius": 0.0002649495994622331,
      "frobenius_sq": 7.019829025519775e-08,
      "entropy_sv": 2.141404136484463e-27,
      "rank_tol": 1,
      "participation_ratio": 1.0,
      "mean_row_norm": 3.09588783189054e-05,
      "std_row_norm": 3.570841662722345e-05,
      "mean_col_norm": 3.2287070491807193e-06,
      "std_col_norm": 1.6273351927950095e-05
    },
    "masked_lt_1e-08_thr1e-08": {
      "frobenius": 20.976177105604787,
      "frobenius_sq": 440.0000059656984,
      "entropy_sv": 0.5341830700936699,
      "rank_tol": 11,
      "participation_ratio": 0.7888223167878685,
      "mean_row_norm": 3.646488746209636,
      "std_row_norm": 0.6839128487731135,
      "mean_col_norm": 0.6799104937951597,
      "std_col_norm": 1.1231202446319917
    },
    "weighted_sqrt_thr1e-08": {
      "frobenius": 0.0373803914382937,
      "frobenius_sq": 0.0013972936640800609,
      "entropy_sv": 2.141404136484463e-27,
      "rank_tol": 1,
      "participation_ratio": 1.0,
      "mean_row_norm": 0.005524258425808235,
      "std_row_norm": 0.0036840364745332646,
      "mean_col_norm": 0.0007351287150325339,