{
  "case_name": "trivial",
  "L": 2,
  "k": 20,
  "dt": 0.1,
  "cut": 5,
  "J": 0.0,
  "g": 0.0,
  "n_pasts": 32,
  "n_futures": 32,
  "n_seeds": 1,
  "branch_weight_beta": 1.0,
  "delta": 3.857584474249945e-10,
  "delta_norm": 0.7369569662760072,
  "entropy": 1.1484556817205306e-19,
  "rank": 1,
  "max_row_distance": 1.4519607959213775e-05,
  "mean_row_distance": 3.0963923247982826e-06,
  "median_row_distance": 1.5333424642607202e-06,
  "weight_preparation": {
    "weight_data_invalid": false,
    "nan_count": 0,
    "posinf_count": 0,
    "neginf_count": 0,
    "negative_count": 0,
    "warnings": []
  }
}