{
  "case_name": "trivial",
  "cut": 10,
  "cut_comparison_mode": "asymmetry_grid",
  "J": 0.0,
  "g": 0.0,
  "L": 2,
  "k": 20,
  "dt": 0.1,
  "n_pasts": 16,
  "n_futures": 32,
  "fraction_terminated_early": 0.0,
  "fraction_any_prob_skipped_renormalize": 0.0,
  "fraction_weight_lt_1e-12": 0.037109375,
  "fraction_weight_lt_1e-10": 0.185546875,
  "fraction_weight_lt_1e-08": 0.572265625,
  "fraction_weight_lt_1e-06": 0.93359375,
  "mean_cumulative_weight": 4.673807558156039e-07,
  "median_cumulative_weight": 4.9937036076800806e-09,
  "metrics_V_raw": {
    "frobenius": 22.6274169858494,
    "frobenius_sq": 511.99999945150597,
    "entropy_sv": 1.0361632918473208e-27,
    "rank_tol": 1,
    "participation_ratio": 1.0,
    "mean_row_norm": 5.656854246462352,
    "std_row_norm": 0.0,
    "mean_col_norm": 0.9418511432595551,
    "std_col_norm": 1.0570150424297726
  },
  "metrics_V_centered_past": {
    "frobenius": 0.0,
    "frobenius_sq": 0.0,
    "entropy_sv": 0.0,
    "rank_tol": 0,
    "participation_ratio": 0.0,
    "mean_row_norm": 0.0,
    "std_row_norm": 0.0,
    "mean_col_norm": 0.0,
    "std_col_norm": 0.0
  },
  "metrics_V_centered_global": {
    "frobenius": 21.436351849648148,
    "frobenius_sq": 459.51718062191355,
    "entropy_sv": 1.0361632918473208e-27,
    "rank_tol": 1,
    "participation_ratio": 1.0,
    "mean_row_norm": 5.359087962412038,
    "std_row_norm": 0.0,
    "mean_col_norm": 1.0199536011637065,
    "std_col_norm": 0.8704270112749585
  },
  "metrics_V_centered_rowcol": {
    "frobenius": 0.0,
    "frobenius_sq": 0.0,
    "entropy_sv": 0.0,
    "rank_tol": 0,
    "participation_ratio": 0.0,
    "mean_row_norm": 0.0,
    "std_row_norm": 0.0,
    "mean_col_norm": 0.0,
    "std_col_norm": 0.0
  },
  "row_distance_raw": {
    "max_row_distance": 0.0,
    "mean_row_distance": 0.0,
    "median_row_distance": 0.0
  },
  "row_distance_centered_past": {
    "max_row_distance": 0.0,
    "mean_row_distance": 0.0,
    "median_row_distance": 0.0
  },
  "delta_norm_centered_past": 0.0,
  "corr_weight_vs_centered_block_norm": NaN,
  "corr_terminated_early_vs_centered_block_norm": NaN,
  "summarize_weights": {
    "mean_weight_by_past": [
      8.414676320427858e-07,
      2.497444940716353e-07,
      3.5655058101867325e-07,
      3.28860068966551e-07,
      3.2413463839981165e-09,
      4.316929407447611e-08,
      2.4413833209919555e-07,
      8.036002106878006e-08,
      8.995074642682941e-09,
      1.9980231357009137e-09,
      4.3653630711614e-10,
      8.170278032491577e-10,
      2.537211228868558e-07,
      5.039459700180369e-06,
      2.4468559281266787e-08,
      6.642790863259836e-10
    ],
    "mean_weight_by_future": [
      2.939432461002013e-06,
      7.0069892024465754e-09,
      5.224838000920727e-09,
      8.138230209039611e-11,
      1.1373509067628293e-07,
      1.1822395543013282e-12,
      6.535549513402821e-07,
      3.433545528353941e-08,
      1.0613737837992944e-07,
      4.147528871857612e-09,
      2.626656892489176e-07,
      5.159671938662171e-08,
      2.960159220476091e-08,
      1.1321311642321383e-08,
      1.008849481066509e-08,
      2.0285574110293002e-09,
      2.8885765950693856e-07,
      5.280716436431874e-06,
      9.264894573831926e-07,
      2.3543845998037906e-07,
      1.876906852415487e-08,
      6.049924835722233e-08,
      2.089495393938517e-09,
      1.593378641453548e-07,
      4.93793808820118e-08,
      1.546627614889609e-06,
      4.54671419829919e-07,
      6.160812611400501e-07,
      8.372544850407281e-07,
      2.1372003158226624e-07,
      2.362452177501453e-08,
      1.1668159233437948e-08
    ]
  },
  "mean_centered_block_norm_by_past": [
    0.0,
    0.0,
    0.0,
    0.0,
    0.0,
    0.0,
    0.0,
    0.0,
    0.0,
    0.0,
    0.0,
    0.0,
    0.0,
    0.0,
    0.0,
    0.0
  ],
  "mean_centered_block_norm_by_future": [
    0.0,
    0.0,
    0.0,
    0.0,
    0.0,
    0.0,
    0.0,
    0.0,
    0.0,
    0.0,
    0.0,
    0.0,
    0.0,
    0.0,
    0.0,
    0.0,
    0.0,
    0.0,
    0.0,
    0.0,
    0.0,
    0.0,
    0.0,
    0.0,
    0.0,
    0.0,
    0.0,
    0.0,
    0.0,
    0.0,
    0.0,
    0.0
  ],
  "weighted_variants": {
    "masked_lt_1e-12_thr1e-12": {
      "frobenius": 22.20360329218748,
      "frobenius_sq": 492.9999991568387,
      "entropy_sv": 0.06421486609880298,
      "rank_tol": 3,
      "participation_ratio": 0.9793621859114564,
      "mean_row_norm": 5.550607222726409,
      "std_row_norm": 0.058963548693361824,
      "mean_col_norm": 0.91608003993482,
      "std_col_norm": 1.044432716701482
    },
    "weighted_sqrt_thr1e-12": {
      "frobenius": 0.01546929043005164,
      "frobenius_sq": 0.00023929894640928727,
      "entropy_sv": 1.0361632918473208e-27,
      "rank_tol": 1,
      "participation_ratio": 1.0,
      "mean_row_norm": 0.002386388809996528,
      "std_row_norm": 0.0031430486428483304,
      "mean_col_norm": 0.0004066315731071404,
      "std_col_norm": 0.0008788797279467228
    },
    "weighted_linear_thr1e-12": {
      "frobenius": 7.126216732314156e-05,
      "frobenius_sq": 5.078296491591425e-09,
      "entropy_sv": 1.0361632918473208e-27,
      "rank_tol": 1,
      "participation_ratio": 1.0,
      "mean_row_norm": 6.465787137755541e-06,
      "std_row_norm": 1.71452501461662e-05,
      "mean_col_norm": 1.141138771752319e-06,
      "std_col_norm": 4.313650872322655e-06
    },
    "masked_lt_1e-10_thr1e-10": {
      "frobenius": 20.42057784710558,
      "frobenius_sq": 416.99999960969916,
      "entropy_sv": 0.3669897121806828,
      "rank_tol": 8,
      "participation_ratio": 0.8466492997547386,
      "mean_row_norm": 5.064819869349804,
      "std_row_norm": 0.6613922016640538,
      "mean_col_norm": 0.8236812639443742,
      "std_col_norm": 0.9768227577583112
    },
    "weighted_sqrt_thr1e-10": {
      "frobenius": 0.01546929043005164,
      "frobenius_sq": 0.00023929894640928727,
      "entropy_sv": 1.0361632918473208e-27,
      "rank_tol": 1,
      "participation_ratio": 1.0,
      "mean_row_norm": 0.002386388809996528,
      "std_row_norm": 0.0031430486428483304,
      "mean_col_norm": 0.0004066315731071404,
      "std_col_norm": 0.0008788797279467228
    },
    "weighted_linear_thr1e-10": {
      "frobenius": 7.126216732314156e-05,
      "frobenius_sq": 5.078296491591425e-09,
      "entropy_sv": 1.0361632918473208e-27,
      "rank_tol": 1,
      "participation_ratio": 1.0,
      "mean_row_norm": 6.465787137755541e-06,
      "std_row_norm": 1.71452501461662e-05,
      "mean_col_norm": 1.141138771752319e-06,
      "std_col_norm": 4.313650872322655e-06
    },
    "masked_lt_1e-08_thr1e-08": {
      "frobenius": 14.79864859396604,
      "frobenius_sq": 219.00000020769306,
      "entropy_sv": 0.6471308814065088,
      "rank_tol": 10,
      "participation_ratio": 0.7379537555287058,
      "mean_row_norm": 3.182391158366375,
      "std_row_norm": 1.9486437069599192,
      "mean_col_norm": 0.5589401057671333,
      "std_col_norm": 0.7383659900659281
    },
    "weighted_sqrt_thr1e-08": {
      "frobenius": 0.01546929043005164,
      "frobenius_sq": 0.00023929894640928727,
      "entropy_sv": 1.0361632918473208e-27,
      "rank_tol": 1,
      "participation_ratio": 1.0,
      "mean_row_norm": 0.002386388809996528,
      "std_row_norm": 0.0031430486428483304,
      "mean_col_norm": 0.0004066315731071404,
      "std_col_norm": 0.0008788797279467228
    },
    "weighted_linear_thr1e-08": {
      "frobenius": 7.126216732314156e-05,
      "frobenius_sq": 5.078296491591425e-09,
      "entropy_sv": 1.0361632918473208e-27,
      "rank_tol": 1,
      "participation_ratio": 1.0,
      "mean_row_norm": 6.465787137755541e-06,
      "std_row_norm": 1.71452501461662e-05,
      "mean_col_norm": 1.141138771752319e-06,
      "std_col_norm": 4.313650872322655e-06
    }
  },
  "heuristic_control_ok": true
}