L,env_sites,k,cut,J,g,dt,n_pasts,n_futures,n_seeds,branch_weight_beta,entropy,entropy_std,delta_norm,rank
2,1,2,1,1.0,1.0,0.1,4,4,1,1.0,8.019137716388378e-07,0.0,0.04348161231291325,3
2,1,4,2,1.0,1.0,0.1,4,4,1,1.0,6.702441434475691e-05,0.0,0.27080702589425604,3
3,2,2,1,1.0,1.0,0.1,4,4,1,1.0,1.0340549802314436e-06,0.0,0.04348233652443292,3
3,2,4,2,1.0,1.0,0.1,4,4,1,1.0,0.00010343443503350251,0.0,0.27080593111883605,3
