{
  "case_name": "sweep",
  "L": 2,
  "k": 20,
  "dt": 0.1,
  "cut": 15,
  "J": 2.0,
  "g": 1.0,
  "n_pasts": 32,
  "n_futures": 32,
  "n_seeds": 1,
  "branch_weight_beta": 1.0,
  "delta": 9.072446948710079e-10,
  "delta_norm": 0.9167736705165708,
  "entropy": 0.03253398501397703,
  "rank": 4,
  "max_row_distance": 2.9150415207300708e-05,
  "mean_row_distance": 2.941490299678735e-06,
  "median_row_distance": 3.200381246308837e-07,
  "weight_preparation": {
    "weight_data_invalid": false,
    "nan_count": 0,
    "posinf_count": 0,
    "neginf_count": 0,
    "negative_count": 0,
    "warnings": []
  }
}