{
  "case_name": "markov_ref",
  "cut": 5,
  "cut_comparison_mode": "cut_comparison_fresh_probes",
  "J": 0.0,
  "g": 1.0,
  "L": 2,
  "k": 20,
  "dt": 0.1,
  "n_pasts": 32,
  "n_futures": 32,
  "fraction_terminated_early": 0.0,
  "fraction_any_prob_skipped_renormalize": 0.0,
  "fraction_weight_lt_1e-12": 0.03125,
  "fraction_weight_lt_1e-10": 0.12890625,
  "fraction_weight_lt_1e-08": 0.5849609375,
  "fraction_weight_lt_1e-06": 0.9365234375,
  "mean_cumulative_weight": 2.65718171132707e-07,
  "median_cumulative_weight": 4.725718113708669e-09,
  "metrics_V_raw": {
    "frobenius": 32.00000005436223,
    "frobenius_sq": 1024.0000034791829,
    "entropy_sv": 2.141404136484463e-27,
    "rank_tol": 1,
    "participation_ratio": 1.0,
    "mean_row_norm": 5.65685425910236,
    "std_row_norm": 0.0,
    "mean_col_norm": 1.4470703155250246,
    "std_col_norm": 1.3832794281568834
  },
  "metrics_V_centered_past": {
    "frobenius": 0.0,
    "frobenius_sq": 0.0,
    "entropy_sv": 0.0,
    "rank_tol": 0,
    "participation_ratio": 0.0,
    "mean_row_norm": 0.0,
    "std_row_norm": 0.0,
    "mean_col_norm": 0.0,
    "std_col_norm": 0.0
  },
  "metrics_V_centered_global": {
    "frobenius": 30.08440026237352,
    "frobenius_sq": 905.0711391466999,
    "entropy_sv": 2.141404136484463e-27,
    "rank_tol": 1,
    "participation_ratio": 1.0,
    "mean_row_norm": 5.3182208583636665,
    "std_row_norm": 0.0,
    "mean_col_norm": 1.50855045983494,
    "std_col_norm": 1.124566443237847
  },
  "metrics_V_centered_rowcol": {
    "frobenius": 0.0,
    "frobenius_sq": 0.0,
    "entropy_sv": 0.0,
    "rank_tol": 0,
    "participation_ratio": 0.0,
    "mean_row_norm": 0.0,
    "std_row_norm": 0.0,
    "mean_col_norm": 0.0,
    "std_col_norm": 0.0
  },
  "row_distance_raw": {
    "max_row_distance": 0.0,
    "mean_row_distance": 0.0,
    "median_row_distance": 0.0
  },
  "row_distance_centered_past": {
    "max_row_distance": 0.0,
    "mean_row_distance": 0.0,
    "median_row_distance": 0.0
  },
  "delta_norm_centered_past": 0.0,
  "corr_weight_vs_centered_block_norm": NaN,
  "corr_terminated_early_vs_centered_block_norm": NaN,
  "summarize_weights": {
    "mean_weight_by_past": [
      5.979473152432233e-08,
      7.552595261539713e-08,
      5.614924358871108e-07,
      1.220297877997808e-08,
      2.1026678245181692e-07,
      1.4827137740857164e-08,
      5.93115515279047e-08,
      1.9287017151036312e-07,
      2.7972559646468062e-08,
      9.790878353248254e-08,
      4.730708153703744e-08,
      2.2902216897998296e-08,
      5.497416750236122e-09,
      1.4833723873466297e-07,
      3.451920068294667e-08,
      1.4267341512048682e-06,
      1.9264976317010215e-06,
      1.8101551056562352e-07,
      1.5553525250712737e-07,
      1.3290222133400234e-07,
      5.994462892796559e-07,
      1.5315255512235552e-07,
      2.6466763679867753e-07,
      2.7041807866789816e-07,
      4.140232818223981e-07,
      4.978070367281042e-07,
      5.416160693504302e-07,
      1.5200664793815472e-08,
      3.966457691360253e-09,
      2.5540022216853593e-07,
      5.060654171777252e-08,
      4.325563497339511e-08
    ],
    "mean_weight_by_future": [
      1.6336961050122892e-09,
      4.990541713819342e-09,
      3.479044168664742e-10,
      1.1866299583311132e-09,
      1.147634867201561e-08,
      2.530840545691931e-10,
      2.0329575488522776e-07,
      1.3847626512260449e-08,
      4.680058296076633e-07,
      6.393056804563477e-08,
      2.583440385461909e-06,
      8.784242504257661e-09,
      2.1817691666279797e-08,
      6.043703972937603e-07,
      2.7428504893340613e-11,
      1.2950512094138864e-06,
      1.7234968292778422e-09,
      1.3428498141560818e-08,
      9.062580544608466e-09,
      3.349157611205401e-08,
      1.6387476347361251e-09,
      2.269746252425035e-13,
      6.898075208461914e-09,
      2.2972950219707633e-09,
      5.7179661064707005e-08,
      4.978460704693483e-07,
      2.1065435982002303e-09,
      3.7177584731011577e-10,
      1.4615102058406334e-06,
      1.0161721817373275e-06,
      1.1321282556666202e-07,
      3.5823768387533364e-09
    ]
  },
  "mean_centered_block_norm_by_past": [
    0.0,
    0.0,
    0.0,
    0.0,
    0.0,
    0.0,
    0.0,
    0.0,
    0.0,
    0.0,
    0.0,
    0.0,
    0.0,
    0.0,
    0.0,
    0.0,
    0.0,
    0.0,
    0.0,
    0.0,
    0.0,
    0.0,
    0.0,
    0.0,
    0.0,
    0.0,
    0.0,
    0.0,
    0.0,
    0.0,
    0.0,
    0.0
  ],
  "mean_centered_block_norm_by_future": [
    0.0,
    0.0,
    0.0,
    0.0,
    0.0,
    0.0,
    0.0,
    0.0,
    0.0,
    0.0,
    0.0,
    0.0,
    0.0,
    0.0,
    0.0,
    0.0,
    0.0,
    0.0,
    0.0,
    0.0,
    0.0,
    0.0,
    0.0,
    0.0,
    0.0,
    0.0,
    0.0,
    0.0,
    0.0,
    0.0,
    0.0,
    0.0
  ],
  "weighted_variants": {
    "masked_lt_1e-12_thr1e-12": {
      "frobenius": 31.496031566893407,
      "frobenius_sq": 992.000004462746,
      "entropy_sv": 0.027128555629973943,
      "rank_tol": 3,
      "participation_ratio": 0.9925695890810612,
      "mean_row_norm": 5.5676738190365676,
      "std_row_norm": 0.03226318026236154,
      "mean_col_norm": 1.4065228382169743,
      "std_col_norm": 1.379902727304496
    },
    "weighted_sqrt_thr1e-12": {
      "frobenius": 0.01649531460672078,
      "frobenius_sq": 0.00027209540397469585,
      "entropy_sv": 2.141404136484463e-27,
      "rank_tol": 1,
      "participation_ratio": 1.0,
      "mean_row_norm": 0.0023533702814578237,
      "std_row_norm": 0.0017493607142180288,
      "mean_col_norm": 0.0004612835135579689,
      "std_col_norm": 0.0009238094386413321
    },
    "weighted_linear_thr1e-12": {
      "frobenius": 3.650023592564631e-05,
      "frobenius_sq": 1.3322672226278414e-09,
      "entropy_sv": 2.141404136484463e-27,
      "rank_tol": 1,
      "participation_ratio": 1.0,
      "mean_row_norm": 3.5236276902371903e-06,
      "std_row_norm": 5.491802558085539e-06,
      "mean_col_norm": 7.600013361653369e-07,
      "std_col_norm": 2.1551589748001613e-06
    },
    "masked_lt_1e-10_thr1e-10": {
      "frobenius": 29.866369085970074,
      "frobenius_sq": 892.0000023793889,
      "entropy_sv": 0.2485538631765961,
      "rank_tol": 9,
      "participation_ratio": 0.907425745964938,
      "mean_row_norm": 5.270403533832017,
      "std_row_norm": 0.3178097055737005,
      "mean_col_norm": 1.3057070130201653,
      "std_col_norm": 1.3365936754709482
    },
    "weighted_sqrt_thr1e-10": {
      "frobenius": 0.01649531460672078,
      "frobenius_sq": 0.00027209540397469585,
      "entropy_sv": 2.141404136484463e-27,
      "rank_tol": 1,
      "participation_ratio": 1.0,
      "mean_row_norm": 0.0023533702814578237,
      "std_row_norm": 0.0017493607142180288,
      "mean_col_norm": 0.0004612835135579689,
      "std_col_norm": 0.0009238094386413321
    },
    "weighted_linear_thr1e-10": {
      "frobenius": 3.650023592564631e-05,
      "frobenius_sq": 1.3322672226278414e-09,
      "entropy_sv": 2.141404136484463e-27,
      "rank_tol": 1,
      "participation_ratio": 1.0,
      "mean_row_norm": 3.5236276902371903e-06,
      "std_row_norm": 5.491802558085539e-06,
      "mean_col_norm": 7.600013361653369e-07,
      "std_col_norm": 2.1551589748001613e-06
    },
    "masked_lt_1e-08_thr1e-08": {
      "frobenius": 20.615528105288828,
      "frobenius_sq": 424.99999905995355,
      "entropy_sv": 0.7476867794624971,
      "rank_tol": 16,
      "participation_ratio": 0.6943723180835737,
      "mean_row_norm": 3.5769212319734427,
      "std_row_norm": 0.7089361195162331,
      "mean_col_norm": 0.759987988856751,
      "std_col_norm": 1.0425065435428862
    },
    "weighted_sqrt_thr1e-08": {
      "frobenius": 0.01649531460672078,
      "frobenius_sq": 0.00027209540397469585,
      "entropy_sv": 2.141404136484463e-27,
      "rank_tol": 1,
      "participation_ratio": 1.0,
      "mean_row_norm": 0.0023533702814578237,
      "std_row_norm": 0.0017493607142180288,
      "mean_col_norm": 0.0004612835135579689,