{
  "case_name": "trivial",
  "cut": 5,
  "cut_comparison_mode": "asymmetry_grid",
  "J": 0.0,
  "g": 0.0,
  "L": 2,
  "k": 20,
  "dt": 0.1,
  "n_pasts": 64,
  "n_futures": 32,
  "fraction_terminated_early": 0.0322265625,
  "fraction_any_prob_skipped_renormalize": 0.0,
  "fraction_weight_lt_1e-12": 0.06591796875,
  "fraction_weight_lt_1e-10": 0.22216796875,
  "fraction_weight_lt_1e-08": 0.544921875,
  "fraction_weight_lt_1e-06": 0.89892578125,
  "mean_cumulative_weight": 5.751467369158197e-07,
  "median_cumulative_weight": 5.528479618915454e-09,
  "metrics_V_raw": {
    "frobenius": 45.25483391332104,
    "frobenius_sq": 2047.9999925222724,
    "entropy_sv": 0.03028960963641167,
    "rank_tol": 6,
    "participation_ratio": 0.9915381519787678,
    "mean_row_norm": 5.656854239165131,
    "std_row_norm": 1.2822072042041053e-09,
    "mean_col_norm": 1.9756077356582127,
    "std_col_norm": 2.0280632658973556
  },
  "metrics_V_centered_past": {
    "frobenius": 2.9608898551718057,
    "frobenius_sq": 8.766868734459317,
    "entropy_sv": 0.6742017524617843,
    "rank_tol": 5,
    "participation_ratio": 0.5725250168308951,
    "mean_row_norm": 0.21629090902901943,
    "std_row_norm": 0.3027083112064737,
    "mean_col_norm": 0.0381161420421773,
    "std_col_norm": 0.1814423867043695
  },
  "metrics_V_centered_global": {
    "frobenius": 42.191033360888945,
    "frobenius_sq": 1780.0832960596438,
    "entropy_sv": 0.034078218587355456,
    "rank_tol": 6,
    "participation_ratio": 0.9902996609733137,
    "mean_row_norm": 5.273874859086963,
    "std_row_norm": 0.006796572238113816,
    "mean_col_norm": 2.072718234724512,
    "std_col_norm": 1.6333126576959638
  },
  "metrics_V_centered_rowcol": {
    "frobenius": 2.957630778039533,
    "frobenius_sq": 8.747579819206733,
    "entropy_sv": 0.6740304270544282,
    "rank_tol": 5,
    "participation_ratio": 0.5727373482955258,
    "mean_row_norm": 0.21607611184584402,
    "std_row_norm": 0.30235822095653353,
    "mean_col_norm": 0.046311408108628195,
    "std_col_norm": 0.1793072148393642
  },
  "row_distance_raw": {
    "max_row_distance": 1.5883789604897307,
    "mean_row_distance": 0.2451725313806558,
    "median_row_distance": 0.0
  },
  "row_distance_centered_past": {
    "max_row_distance": 1.5883789604897307,
    "mean_row_distance": 0.2451725313806558,
    "median_row_distance": 0.0
  },
  "delta_norm_centered_past": 0.004280697639877543,
  "corr_weight_vs_centered_block_norm": -0.029148645889232896,
  "corr_terminated_early_vs_centered_block_norm": 0.5872790752748535,
  "summarize_weights": {
    "mean_weight_by_past": [
      1.0242836025202521e-07,
      7.517663750003366e-08,
      1.321484471344631e-07,
      1.2099672442815782e-08,
      3.731937282650263e-08,
      1.04043469366251e-06,
      1.0171984112499664e-06,
      8.16279069256961e-09,
      9.827975631603357e-08,
      1.3410932227419622e-07,
      8.287696432991541e-08,
      2.4765798255424502e-08,
      3.8090930972613606e-07,
      1.5110051797371667e-06,
      1.7830875920168634e-07,
      4.841669843633048e-10,
      3.365496925504953e-07,
      9.255305152254129e-11,
      5.37210139529017e-07,
      1.3024356891540179e-06,
      2.6715424124965225e-07,
      3.931148331810682e-09,
      4.628017406170113e-07,
      7.843839182218601e-07,
      2.3202592580609048e-07,
      1.7279999759979143e-06,
      1.7754976343371437e-07,
      2.613095161969984e-06,
      4.6203693320049354e-08,
      9.940452677115297e-08,
      2.2939221054073126e-07,
      6.15366565022533e-08,
      2.775324015962727e-08,
      5.087216220458691e-06,
      1.2436923714967747e-06,
      1.1537373209663868e-07,
      1.579548278303299e-08,
      3.345304632240772e-08,
      4.302861328201634e-07,
      2.3986028825513555e-07,
      7.913828586536761e-07,
      1.2192570800361802e-06,
      8.785972936308207e-08,
      2.4526898025132097e-09,
      1.2947108591639768e-08,
      1.973018022584876e-08,
      6.206001512001237e-07,
      4.281609349593329e-08,
      5.125096352672484e-06,
      8.95606756343473e-08,
      1.078503461244155e-08,
      1.4887593952384464e-06,
      6.599923975829554e-07,
      8.206209426289389e-07,
      1.3220687725981605e-06,
      9.095904761689109e-08,
      2.582449605386251e-11,
      8.717078902467393e-08,
      5.527727148937507e-07,
      5.0129168538926326e-08,
      3.038964192565476e-08,
      1.3323363481456501e-08,
      2.1135195713944982e-07,
      2.548433999133274e-06
    ],
    "mean_weight_by_future": [
      5.129220095280525e-10,
      8.843607747385877e-08,
      3.604871697193104e-06,
      5.712310257458371e-07,
      4.513585865309607e-06,
      7.778749349324515e-07,
      2.5728454935038206e-06,
      1.6046332479220325e-08,
      4.421178485604835e-09,
      2.515062582360495e-16,
      1.1805606970125924e-06,
      5.9041654468824614e-09,
      2.4675674799215238e-06,
      8.710957099227314e-08,
      1.0860751024755954e-06,
      4.154741355178757e-08,
      5.489794380676987e-11,
      1.5430307151917645e-07,
      1.8821606231877485e-07,
      4.33878757639345e-11,
      8.686643793991902e-07,
      8.594539453437425e-11,
      5.060216392105773e-08,
      3.640034179738617e-10,
      1.5708026101052524e-09,
      7.5122994989191e-08,
      1.3179274042448136e-08,
      3.1337017902447743e-09,
      1.9354760481141854e-09,
      4.563739839568367e-12,
      2.0798790558646164e-09,
      2.674502045494983e-08
    ]
  },
  "mean_centered_block_norm_by_past": [
    0.004365079242464438,
    0.004365079242464438,
    0.004365079242464438,
    0.004365079242464438,
    0.004365079242464438,
    0.004365079242464438,
    0.004365079242464438,
    0.004365079242464438,
    0.004365079242464438,
    0.004365079242464438,
    0.004365079242464438,
    0.004365079242464438,
    0.004365079242464438,
    0.004365079242464438,
    0.004365079242464438,
    0.02998855691197518,
    0.004365079242464438,
    0.06444483053249025,
    0.004365079242464438,
    0.004365079242464438,
    0.004365079242464438,
    0.004365079242464438,
    0.004365079242464438,
    0.004365079242464438,
    0.004365079242464438,
    0.01287090791841274,
    0.004365079242464438,
    0.030668605026833388,
    0.004365079242464438,
    0.004365079242464438,
    0.004365079242464438,
    0.004365079242464438,
    0.004365079242464438,
    0.030668605026833388,
    0.004365079242464438,
    0.004365079242464438,
    0.004365079242464438,
    0.004365079242464438,
    0.004365079242464438,
    0.004365079242464438,
    0.004365079242464438,
    0.004365079242464438,
    0.004365079242464438,
    0.004365079242464438,
    0.004365079242464438,
    0.004365079242464438,
    0.004365079242464438,
    0.004365079242464438,
    0.030668605026833388,
    0.004365079242464438,
    0.004365079242464438,
    0.004365079242464438,
    0.004365079242464438,
    0.004365079242464438,
    0.004365079242464438,
    0.004365079242464438,
    0.04444658689440481,
    0.004365079242464438,
    0.004365079242464438,
    0.004365079242464438,
    0.004365079242464438,
    0.004365079242464438,
    0.004365079242464438,
    0.030668605026833388
  ],
  "mean_centered_block_norm_by_future": [
    0.0,
    0.0,
    0.0,
    0.0,
    0.0,
    0.0,
    0.0,
    0.0,
    0.0,
    0.18822523782224784,
    0.0,
    0.0,
    0.0,
    0.0,
    0.0,
    0.0,
    0.0,
    0.0,
    0.0,
    0.0,
    0.0,
    0.0,
    0.0,
    0.0,
    0.0,
    0.0,
    0.0,
    0.0,
    0.0,
    0.07120963214906452,
    0.0,
    0.0
  ],
  "weighted_variants": {
    "masked_lt_1e-12_thr1e-12": {
      "frobenius": 43.73785533720221,
      "frobenius_sq": 1912.999989498028,
      "entropy_sv": 0.13595299837606367,
      "rank_tol": 8,
      "participation_ratio": 0.9562380157008318,
      "mean_row_norm": 5.461820189326121,
      "std_row_norm": 0.24512010480388727,
      "mean_col_norm": 1.8870111785899786,
      "std_col_norm": 1.9817127918955257
    },