{
  "case_name": "trivial",
  "cut": 15,
  "cut_comparison_mode": "cut_comparison_shared_probe_source",
  "J": 0.0,
  "g": 0.0,
  "L": 2,
  "k": 20,
  "dt": 0.1,
  "n_pasts": 16,
  "n_futures": 64,
  "weight_preparation": {
    "weight_data_invalid": false,
    "nan_count": 0,
    "posinf_count": 0,
    "neginf_count": 0,
    "negative_count": 0,
    "warnings": []
  },
  "variants": {
    "unweighted": {
      "metrics_raw": {
        "frobenius": 31.999999992459543,
        "frobenius_sq": 1023.9999995174107,
        "entropy_sv": 1.0361632918473208e-27,
        "rank_tol": 1,
        "participation_ratio": 1.0,
        "mean_row_norm": 7.999999998114891,
        "std_row_norm": 0.0,
        "mean_col_norm": 1.0176653551352501,
        "std_col_norm": 0.9829773243305219
      },
      "metrics_centered_past": {
        "frobenius": 0.0,
        "frobenius_sq": 0.0,
        "entropy_sv": 0.0,
        "rank_tol": 0,
        "participation_ratio": 0.0,
        "mean_row_norm": 0.0,
        "std_row_norm": 0.0,
        "mean_col_norm": 0.0,
        "std_col_norm": 0.0
      },
      "delta_norm": 0.0,
      "row_distance_raw": {
        "max_row_distance": 0.0,
        "mean_row_distance": 0.0,
        "median_row_distance": 0.0
      },
      "row_distance_centered_past": {
        "max_row_distance": 0.0,
        "mean_row_distance": 0.0,
        "median_row_distance": 0.0
      },
      "control_heuristic": {
        "low_entropy_control": true,
        "very_low_entropy": true
      }
    },
    "weighted_sqrt": {
      "metrics_raw": {
        "frobenius": 0.015891184799295837,
        "frobenius_sq": 0.0002525297543253711,
        "entropy_sv": 1.0361632918473208e-27,
        "rank_tol": 1,
        "participation_ratio": 1.0,
        "mean_row_norm": 0.002592008532818773,
        "std_row_norm": 0.00310948680200968,
        "mean_col_norm": 0.0003566796197786385,
        "std_col_norm": 0.000605572515463404
      },
      "metrics_centered_past": {
        "frobenius": 0.01204299059943525,
        "frobenius_sq": 0.0001450336225780858,
        "entropy_sv": 1.0429909469668891e-27,
        "rank_tol": 1,
        "participation_ratio": 1.0,
        "mean_row_norm": 0.002636286792325965,
        "std_row_norm": 0.00150185427068915,
        "mean_col_norm": 0.0002703064222243909,
        "std_col_norm": 0.0004589276509656657
      },
      "delta_norm": 0.5743229068809759,
      "row_distance_raw": {
        "max_row_distance": 0.00884191969727222,
        "mean_row_distance": 0.0032792574927124995,
        "median_row_distance": 0.003035116664768813
      },
      "row_distance_centered_past": {
        "max_row_distance": 0.00884191969727222,
        "mean_row_distance": 0.0032792574927124995,
        "median_row_distance": 0.003035116664768813
      },
      "control_heuristic": {
        "low_entropy_control": true,
        "very_low_entropy": true
      }
    },
    "weighted_linear": {
      "metrics_raw": {
        "frobenius": 3.330923371037225e-05,
        "frobenius_sq": 1.1095050503721991e-09,
        "entropy_sv": 1.0361632918473208e-27,
        "rank_tol": 1,
        "participation_ratio": 1.0,
        "mean_row_norm": 4.354953258214221e-06,
        "std_row_norm": 7.330553250028307e-06,
        "mean_col_norm": 4.810355044842388e-07,
        "std_col_norm": 1.3926215477847563e-06
      },
      "metrics_centered_past": {
        "frobenius": 2.8391110655846292e-05,
        "frobenius_sq": 8.060551642725089e-10,
        "entropy_sv": 1.0361632918473208e-27,
        "rank_tol": 1,
        "participation_ratio": 1.0,
        "mean_row_norm": 5.469104074730437e-06,
        "std_row_norm": 4.672455273114124e-06,
        "mean_col_norm": 4.100103999975879e-07,
        "std_col_norm": 1.1870003617813963e-06
      },
      "delta_norm": 0.7264997703274143,
      "row_distance_raw": {
        "max_row_distance": 2.205781598056407e-05,
        "mean_row_distance": 6.925634161461372e-06,
        "median_row_distance": 4.664473072016578e-06
      },
      "row_distance_centered_past": {
        "max_row_distance": 2.205781598056407e-05,
        "mean_row_distance": 6.925634161461372e-06,
        "median_row_distance": 4.664473072016578e-06
      },
      "control_heuristic": {
        "low_entropy_control": true,
        "very_low_entropy": true
      }
    }
  },
  "candidate_main": {
    "definition": "entropy_sv of centered_past( w_ij^0.5 * rho_flat ) \u2014 same as weighted_sqrt centered_past",
    "metrics_centered_past": {
      "frobenius": 0.01204299059943525,
      "frobenius_sq": 0.0001450336225780858,
      "entropy_sv": 1.0429909469668891e-27,
      "rank_tol": 1,
      "participation_ratio": 1.0,
      "mean_row_norm": 0.002636286792325965,
      "std_row_norm": 0.00150185427068915,
      "mean_col_norm": 0.0002703064222243909,
      "std_col_norm": 0.0004589276509656657
    },
    "metrics_raw": {
      "frobenius": 0.015891184799295837,
      "frobenius_sq": 0.0002525297543253711,
      "entropy_sv": 1.0361632918473208e-27,
      "rank_tol": 1,
      "participation_ratio": 1.0,
      "mean_row_norm": 0.002592008532818773,
      "std_row_norm": 0.00310948680200968,
      "mean_col_norm": 0.0003566796197786385,
      "std_col_norm": 0.000605572515463404
    },
    "delta_norm": 0.5743229068809759
  }
}