{
  "case_name": "trivial",
  "cut": 5,
  "cut_comparison_mode": "cut_comparison_fresh_probes",
  "J": 0.0,
  "g": 0.0,
  "L": 2,
  "k": 20,
  "dt": 0.1,
  "n_pasts": 32,
  "n_futures": 32,
  "fraction_terminated_early": 0.0,
  "fraction_any_prob_skipped_renormalize": 0.0,
  "fraction_weight_lt_1e-12": 0.0908203125,
  "fraction_weight_lt_1e-10": 0.3818359375,
  "fraction_weight_lt_1e-08": 0.740234375,
  "fraction_weight_lt_1e-06": 0.9833984375,
  "mean_cumulative_weight": 6.084559010587132e-08,
  "median_cumulative_weight": 4.321613077235573e-10,
  "metrics_V_raw": {
    "frobenius": 32.00000005885613,
    "frobenius_sq": 1024.0000037667924,
    "entropy_sv": 2.141404136484463e-27,
    "rank_tol": 1,
    "participation_ratio": 1.0,
    "mean_row_norm": 5.656854259896776,
    "std_row_norm": 0.0,
    "mean_col_norm": 1.4114756659220768,
    "std_col_norm": 1.419721781031252
  },
  "metrics_V_centered_past": {
    "frobenius": 0.0,
    "frobenius_sq": 0.0,
    "entropy_sv": 0.0,
    "rank_tol": 0,
    "participation_ratio": 0.0,
    "mean_row_norm": 0.0,
    "std_row_norm": 0.0,
    "mean_col_norm": 0.0,
    "std_col_norm": 0.0
  },
  "metrics_V_centered_global": {
    "frobenius": 30.06217814117995,
    "frobenius_sq": 903.7345545920375,
    "entropy_sv": 2.141404136484463e-27,
    "rank_tol": 1,
    "participation_ratio": 1.0,
    "mean_row_norm": 5.314292505216586,
    "std_row_norm": 0.0,
    "mean_col_norm": 1.5078850558321817,
    "std_col_norm": 1.1231309792873583
  },
  "metrics_V_centered_rowcol": {
    "frobenius": 0.0,
    "frobenius_sq": 0.0,
    "entropy_sv": 0.0,
    "rank_tol": 0,
    "participation_ratio": 0.0,
    "mean_row_norm": 0.0,
    "std_row_norm": 0.0,
    "mean_col_norm": 0.0,
    "std_col_norm": 0.0
  },
  "row_distance_raw": {
    "max_row_distance": 0.0,
    "mean_row_distance": 0.0,
    "median_row_distance": 0.0
  },
  "row_distance_centered_past": {
    "max_row_distance": 0.0,
    "mean_row_distance": 0.0,
    "median_row_distance": 0.0
  },
  "delta_norm_centered_past": 0.0,
  "corr_weight_vs_centered_block_norm": NaN,
  "corr_terminated_early_vs_centered_block_norm": NaN,
  "summarize_weights": {
    "mean_weight_by_past": [
      5.1396293277706585e-11,
      1.3069169022020323e-09,
      7.22600860355703e-09,
      3.885683983656049e-09,
      1.6473146588829419e-07,
      7.523401329592664e-09,
      2.3332954624623775e-07,
      1.9914558326875287e-08,
      5.756781985997219e-11,
      2.652639923110079e-09,
      2.393088206545232e-08,
      1.4844788505855728e-10,
      2.793008731203853e-09,
      1.2216267225083757e-07,
      2.3640304138243522e-09,
      1.017409512453726e-07,
      9.873972506396104e-08,
      1.6150416065761932e-07,
      4.451453305787689e-08,
      5.9050711556056034e-08,
      2.3970560294556272e-08,
      2.7705402230178465e-08,
      5.05520303202193e-08,
      2.3352245931779044e-09,
      3.0681861672521697e-09,
      1.7613671834054562e-09,
      4.589223595040244e-08,
      3.578759998825886e-09,
      3.3550336494149584e-09,
      3.2862213731106857e-07,
      2.260072935847859e-07,
      1.725823438606696e-07
    ],
    "mean_weight_by_future": [
      2.3868705529678086e-08,
      3.459992860534388e-11,
      3.2275672166066214e-11,
      3.8463231024330814e-10,
      2.3536215105158418e-07,
      5.4836377176069046e-08,
      2.0270104768902187e-08,
      2.963980829635959e-12,
      1.6509188982837903e-07,
      4.4306411565019265e-08,
      1.4424022856383087e-11,
      3.560801852488279e-07,
      6.405043854269541e-09,
      4.53358788127261e-07,
      2.4983338530001295e-09,
      1.3753321786188968e-10,
      3.2285108251652545e-09,
      3.170218260596785e-11,
      4.208481527750132e-09,
      4.770610580279817e-07,
      1.7593819582517528e-09,
      4.7894205129725605e-08,
      8.638143916606383e-12,
      1.0882698511021307e-11,
      2.959996409234552e-10,
      3.893989906292669e-09,
      2.1996732039106436e-11,
      2.059177181946943e-09,
      5.147740218020883e-09,
      2.461854264333176e-11,
      9.029769527579752e-09,
      2.9698311008975008e-08
    ]
  },
  "mean_centered_block_norm_by_past": [
    0.0,
    0.0,
    0.0,
    0.0,
    0.0,
    0.0,
    0.0,
    0.0,
    0.0,
    0.0,
    0.0,
    0.0,
    0.0,
    0.0,
    0.0,
    0.0,
    0.0,
    0.0,
    0.0,
    0.0,
    0.0,
    0.0,
    0.0,
    0.0,
    0.0,
    0.0,
    0.0,
    0.0,
    0.0,
    0.0,
    0.0,
    0.0
  ],
  "mean_centered_block_norm_by_future": [
    0.0,
    0.0,
    0.0,
    0.0,
    0.0,
    0.0,
    0.0,
    0.0,
    0.0,
    0.0,
    0.0,
    0.0,
    0.0,
    0.0,
    0.0,
    0.0,
    0.0,
    0.0,
    0.0,
    0.0,
    0.0,
    0.0,
    0.0,
    0.0,
    0.0,
    0.0,
    0.0,
    0.0,
    0.0,
    0.0,
    0.0,
    0.0
  ],
  "weighted_variants": {
    "masked_lt_1e-12_thr1e-12": {
      "frobenius": 30.512292688245033,
      "frobenius_sq": 931.0000050931313,
      "entropy_sv": 0.27848507223263824,
      "rank_tol": 8,
      "participation_ratio": 0.8914418177031188,
      "mean_row_norm": 5.380496406270853,
      "std_row_norm": 0.38555676543434364,
      "mean_col_norm": 1.343090529882625,
      "std_col_norm": 1.356471213746402
    },
    "weighted_sqrt_thr1e-12": {
      "frobenius": 0.007893407712661922,
      "frobenius_sq": 6.230588531831072e-05,
      "entropy_sv": 2.141404136484463e-27,
      "rank_tol": 1,
      "participation_ratio": 1.0,
      "mean_row_norm": 0.0010538199327337666,
      "std_row_norm": 0.0009292508064208309,
      "mean_col_norm": 0.00019849333313954703,
      "std_col_norm": 0.00045252921852711363
    },
    "weighted_linear_thr1e-12": {
      "frobenius": 7.784833552899204e-06,
      "frobenius_sq": 6.060363344634524e-11,
      "entropy_sv": 2.141404136484463e-27,
      "rank_tol": 1,
      "participation_ratio": 1.0,
      "mean_row_norm": 8.074019725977499e-07,
      "std_row_norm": 1.1322671973920806e-06,
      "mean_col_norm": 1.3846828485675743e-07,
      "std_col_norm": 4.673463936516014e-07
    },
    "masked_lt_1e-10_thr1e-10": {
      "frobenius": 25.159491397274245,
      "frobenius_sq": 633.0000073695168,
      "entropy_sv": 0.4559683123649135,
      "rank_tol": 13,
      "participation_ratio": 0.8319394860787769,
      "mean_row_norm": 4.390054234379711,
      "std_row_norm": 0.7246260344541248,
      "mean_col_norm": 0.9935442537798129,
      "std_col_norm": 1.2212091086689496
    },
    "weighted_sqrt_thr1e-10": {
      "frobenius": 0.007893407712661922,
      "frobenius_sq": 6.230588531831072e-05,
      "entropy_sv": 2.141404136484463e-27,
      "rank_tol": 1,
      "participation_ratio": 1.0,
      "mean_row_norm": 0.0010538199327337666,
      "std_row_norm": 0.0009292508064208309,
      "mean_col_norm": 0.00019849333313954703,
      "std_col_norm": 0.00045252921852711363
    },
    "weighted_linear_thr1e-10": {
      "frobenius": 7.784833552899204e-06,
      "frobenius_sq": 6.060363344634524e-11,
      "entropy_sv": 2.141404136484463e-27,
      "rank_tol": 1,
      "participation_ratio": 1.0,
      "mean_row_norm": 8.074019725977499e-07,
      "std_row_norm": 1.1322671973920806e-06,
      "mean_col_norm": 1.3846828485675743e-07,
      "std_col_norm": 4.673463936516014e-07
    },
    "masked_lt_1e-08_thr1e-08": {
      "frobenius": 16.30950655555348,
      "frobenius_sq": 266.00000408564193,
      "entropy_sv": 0.8287591480896048,
      "rank_tol": 13,
      "participation_ratio": 0.6462208154780957,
      "mean_row_norm": 2.616232221209959,
      "std_row_norm": 1.2309258377090513,
      "mean_col_norm": 0.5118864996157615,
      "std_col_norm": 0.8832224648865941
    },
    "weighted_sqrt_thr1e-08": {
      "frobenius": 0.007893407712661922,
      "frobenius_sq": 6.230588531831072e-05,
      "entropy_sv": 2.141404136484463e-27,
      "rank_tol": 1,
      "participation_ratio": 1.0,
      "mean_row_norm": 0.0010538199327337666,
      "std_row_norm": 0.0009292508064208309,