run_family,case,method,chi_max,n_sub,step,time,infidelity_normalized,peak_parameter_count,peak_bond_dim,failed,task_id,task_status,fidelity_normalized,norm_exact,norm_approx,norm_drift,current_parameter_count,current_peak_bond_dim,step_peak_parameter_count,step_peak_bond_dim,step_runtime_instrumented_s,trace_resources
frontier,ising_2d,gate_local_2tdvp,4,2,0,0.0,0.0,32,1,False,3759fe5f20b3a4069948,success,1.0,1.0,1.0,0.0,32,1,32,1,0.0,True
frontier,ising_2d,gate_local_2tdvp,4,2,1,0.1,3.4938057327682515e-05,120,2,False,3759fe5f20b3a4069948,success,0.9999650619426723,1.000000000000033,1.0000000000000058,-2.731148640577885e-14,120,2,120,2,0.30484091816470027,True
frontier,ising_2d,gate_local_2tdvp,4,2,2,0.2,0.00042775723688326384,412,4,False,3759fe5f20b3a4069948,success,0.9995722427631167,1.000000000000006,0.9999999999999984,-7.549516567451064e-15,412,4,412,4,0.39340789802372456,True
frontier,ising_2d,gate_local_2tdvp,4,2,3,0.30000000000000004,0.002942873197333551,424,4,False,3759fe5f20b3a4069948,success,0.9970571268026664,1.0000000000000098,1.0000000000000002,-9.547918011776346e-15,424,4,424,4,0.4641286220867187,True
frontier,ising_2d,gate_local_2tdvp,4,2,4,0.4,0.01172487374418163,424,4,False,3759fe5f20b3a4069948,success,0.9882751262558184,1.0000000000000122,1.0,-1.2212453270876722e-14,424,4,424,4,0.44512401800602674,True
frontier,ising_2d,gate_local_2tdvp,4,2,5,0.5,0.031227071201830436,424,4,False,3759fe5f20b3a4069948,success,0.9687729287981696,1.0000000000000107,1.0000000000000004,-1.021405182655144e-14,424,4,424,4,0.4355348600074649,True
frontier,ising_2d,gate_local_2tdvp,4,2,6,0.6000000000000001,0.06240621649338374,424,4,False,3759fe5f20b3a4069948,success,0.9375937835066163,1.0000000000000142,0.9999999999999986,-1.5654144647214707e-14,424,4,424,4,0.446868330007419,True
frontier,ising_2d,gate_local_2tdvp,4,2,7,0.7000000000000001,0.09981292554796006,424,4,False,3759fe5f20b3a4069948,success,0.9001870744520399,1.0000000000000182,1.0000000000000007,-1.7541523789077473e-14,424,4,424,4,0.4745635830331594,True
frontier,ising_2d,gate_local_2tdvp,4,2,8,0.8,0.13395649414135113,424,4,False,3759fe5f20b3a4069948,success,0.8660435058586489,1.000000000000021,1.0000000000000002,-2.0872192862952943e-14,424,4,424,4,0.48841876396909356,True
frontier,ising_2d,gate_local_2tdvp,4,2,9,0.9,0.15961114272548693,424,4,False,3759fe5f20b3a4069948,success,0.8403888572745131,1.0000000000000226,0.9999999999999996,-2.3092638912203256e-14,424,4,424,4,0.47817287500947714,True
frontier,ising_2d,gate_local_2tdvp,4,2,10,1.0,0.1787941179770034,424,4,False,3759fe5f20b3a4069948,success,0.8212058820229966,1.0000000000000255,1.0000000000000018,-2.375877272697835e-14,424,4,424,4,0.505016558105126,True
frontier,ising_2d,gate_local_2tdvp,4,2,11,1.1,0.19532117376130098,424,4,False,3759fe5f20b3a4069948,success,0.804678826238699,1.0000000000000286,1.0000000000000009,-2.7755575615628914e-14,424,4,424,4,0.4777734521776438,True
frontier,ising_2d,gate_local_2tdvp,4,2,12,1.2000000000000002,0.2114501601583323,424,4,False,3759fe5f20b3a4069948,success,0.7885498398416677,1.0000000000000313,1.0,-3.1308289294429414e-14,424,4,424,4,0.5046616811305285,True
frontier,ising_2d,gate_local_2tdvp,4,2,13,1.3,0.22730400522095384,424,4,False,3759fe5f20b3a4069948,success,0.7726959947790462,1.0000000000000342,0.9999999999999984,-3.574918139293004e-14,424,4,424,4,0.4953936180099845,True
frontier,ising_2d,gate_local_2tdvp,4,2,14,1.4000000000000001,0.2415526714832542,424,4,False,3759fe5f20b3a4069948,success,0.7584473285167458,1.0000000000000377,1.0000000000000009,-3.68594044175552e-14,424,4,424,4,0.48232884984463453,True
frontier,ising_2d,gate_local_2tdvp,4,2,15,1.5,0.2536694825049439,424,4,False,3759fe5f20b3a4069948,success,0.7463305174950561,1.0000000000000389,0.9999999999999974,-4.141131881851834e-14,424,4,424,4,0.49568977393209934,True
frontier,ising_2d,gate_local_2tdvp,8,2,0,0.0,0.0,32,1,False,24bbf8534863fd7d1fa3,success,1.0,1.0,1.0,0.0,32,1,32,1,0.0,True
frontier,ising_2d,gate_local_2tdvp,8,2,1,0.1,3.4938057327682515e-05,120,2,False,24bbf8534863fd7d1fa3,success,0.9999650619426723,1.000000000000033,1.0000000000000058,-2.731148640577885e-14,120,2,120,2,0.3147949648555368,True
frontier,ising_2d,gate_local_2tdvp,8,2,2,0.2,0.00027373696690824456,1170,8,False,24bbf8534863fd7d1fa3,success,0.9997262630330918,1.000000000000006,0.9999999999999974,-8.548717289613705e-15,1140,8,1170,8,0.3805063390173018,True
frontier,ising_2d,gate_local_2tdvp,8,2,3,0.30000000000000004,0.0005994257879127218,1448,8,False,24bbf8534863fd7d1fa3,success,0.9994005742120873,1.0000000000000098,1.000000000000001,-8.659739592076221e-15,1448,8,1448,8,0.4892787241842598,True
frontier,ising_2d,gate_local_2tdvp,8,2,4,0.4,0.000737367275656986,1448,8,False,24bbf8534863fd7d1fa3,success,0.999262632724343,1.0000000000000122,0.9999999999999996,-1.2656542480726785e-14,1448,8,1448,8,0.5089555471204221,True
frontier,ising_2d,gate_local_2tdvp,8,2,5,0.5,0.0016121734344848315,1448,8,False,24bbf8534863fd7d1fa3,success,0.9983878265655152,1.0000000000000107,0.9999999999999998,-1.0880185641326534e-14,1448,8,1448,8,0.5378539578523487,True
frontier,ising_2d,gate_local_2tdvp,8,2,6,0.6000000000000001,0.004410895029834494,1448,8,False,24bbf8534863fd7d1fa3,success,0.9955891049701655,1.0000000000000142,1.000000000000001,-1.3100631690576847e-14,1448,8,1448,8,0.5399734799284488,True
frontier,ising_2d,gate_local_2tdvp,8,2,7,0.7000000000000001,0.009755144531439774,1448,8,False,24bbf8534863fd7d1fa3,success,0.9902448554685602,1.0000000000000182,0.9999999999999981,-2.0095036745715333e-14,1448,8,1448,8,0.5475078530143946,True
frontier,ising_2d,gate_local_2tdvp,8,2,8,0.8,0.016903759264335183,1448,8,False,24bbf8534863fd7d1fa3,success,0.9830962407356648,1.000000000000021,1.0000000000000009,-2.020605904817785e-14,1448,8,1448,8,0.541883094003424,True
frontier,ising_2d,gate_local_2tdvp,8,2,9,0.9,0.025494427522819607,1448,8,False,24bbf8534863fd7d1fa3,success,0.9745055724771804,1.0000000000000226,0.999999999999999,-2.3647750424515834e-14,1448,8,1448,8,0.5480307890102267,True
frontier,ising_2d,gate_local_2tdvp,8,2,10,1.0,0.03648686448583116,1448,8,False,24bbf8534863fd7d1fa3,success,0.9635131355141688,1.0000000000000255,1.0000000000000013,-2.4202861936828413e-14,1448,8,1448,8,0.5442746630869806,True
frontier,ising_2d,gate_local_2tdvp,8,2,11,1.1,0.04979828377053663,1448,8,False,24bbf8534863fd7d1fa3,success,0.9502017162294634,1.0000000000000286,0.9999999999999999,-2.8754776337791554e-14,1448,8,1448,8,0.5529290579725057,True
frontier,ising_2d,gate_local_2tdvp,8,2,12,1.2000000000000002,0.06348897513492857,1448,8,False,24bbf8534863fd7d1fa3,success,0.9365110248650714,1.0000000000000313,1.0000000000000013,-2.9976021664879227e-14,1448,8,1448,8,0.5612280988134444,True
frontier,ising_2d,gate_local_2tdvp,8,2,13,1.3,0.07656584439186742,1448,8,False,24bbf8534863fd7d1fa3,success,0.9234341556081326,1.0000000000000342,0.9999999999999999,-3.430589146091734e-14,1448,8,1448,8,0.566386594902724,True
frontier,ising_2d,gate_local_2tdvp,8,2,14,1.4000000000000001,0.08943588811669789,1448,8,False,24bbf8534863fd7d1fa3,success,0.9105641118833021,1.0000000000000377,1.000000000000001,-3.6637359812630166e-14,1448,8,1448,8,0.5298295568209141,True
frontier,ising_2d,gate_local_2tdvp,8,2,15,1.5,0.10255657759120007,1448,8,False,24bbf8534863fd7d1fa3,success,0.8974434224087999,1.0000000000000389,1.0000000000000013,-3.752553823233029e-14,1448,8,1448,8,0.5298369599040598,True
frontier,ising_2d,gate_local_2tdvp,16,2,0,0.0,0.0,32,1,False,e83c2fd2fe5afdd5738f,success,1.0,1.0,1.0,0.0,32,1,32,1,0.0,True
frontier,ising_2d,gate_local_2tdvp,16,2,1,0.1,3.4938057327682515e-05,120,2,False,e83c2fd2fe5afdd5738f,success,0.9999650619426723,1.000000000000033,1.0000000000000058,-2.731148640577885e-14,120,2,120,2,0.3044153000228107,True
frontier,ising_2d,gate_local_2tdvp,16,2,2,0.2,0.00027371527790320815,1252,10,False,e83c2fd2fe5afdd5738f,success,0.9997262847220968,1.000000000000006,0.999999999999998,-7.993605777301127e-15,1218,10,1252,10,0.40384961292147636,True
frontier,ising_2d,gate_local_2tdvp,16,2,3,0.30000000000000004,0.0005835937950183778,4680,16,False,e83c2fd2fe5afdd5738f,success,0.9994164062049816,1.0000000000000098,0.9999999999999994,-1.0325074129013956e-14,4680,16,4680,16,0.526089868042618,True
frontier,ising_2d,gate_local_2tdvp,16,2,4,0.4,0.0005836343022099788,4776,16,False,e83c2fd2fe5afdd5738f,success,0.99941636569779,1.0000000000000122,1.0000000000000013,-1.0880185641326534e-14,4776,16,4776,16,0.6433807839639485,True
frontier,ising_2d,gate_local_2tdvp,16,2,5,0.5,0.0005842651011763733,4776,16,False,e83c2fd2fe5afdd5738f,success,0.9994157348988236,1.0000000000000107,0.9999999999999977,-1.2989609388114332e-14,4776,16,4776,16,0.6448494892101735,True
frontier,ising_2d,gate_local_2tdvp,16,2,6,0.6000000000000001,0.0005921374187944917,4776,16,False,e83c2fd2fe5afdd5738f,success,0.9994078625812055,1.0000000000000142,1.0000000000000002,-1.3988810110276972e-14,4776,16,4776,16,0.6355266110040247,True
frontier,ising_2d,gate_local_2tdvp,16,2,7,0.7000000000000001,0.0006499063404574734,4776,16,False,e83c2fd2fe5afdd5738f,success,0.9993500936595425,1.0000000000000182,0.9999999999999986,-1.965094753586527e-14,4776,16,4776,16,0.6414166230242699,True
frontier,ising_2d,gate_local_2tdvp,16,2,8,0.8,0.0009204578143721109,4776,16,False,e83c2fd2fe5afdd5738f,success,0.9990795421856279,1.000000000000021,1.0000000000000007,-2.042810365310288e-14,4776,16,4776,16,0.6486277589574456,True
frontier,ising_2d,gate_local_2tdvp,16,2,9,0.9,0.0018005437604420305,4776,16,False,e83c2fd2fe5afdd5738f,success,0.998199456239558,1.0000000000000226,1.0000000000000004,-2.220446049250313e-14,4776,16,4776,16,0.6642751388717443,True
frontier,ising_2d,gate_local_2tdvp,16,2,10,1.0,0.0038128757315295525,4776,16,False,e83c2fd2fe5afdd5738f,success,0.9961871242684704,1.0000000000000255,1.000000000000001,-2.4424906541753444e-14,4776,16,4776,16,0.7090538712218404,True
frontier,ising_2d,gate_local_2tdvp,16,2,11,1.1,0.00697053043096596,4776,16,False,e83c2fd2fe5afdd5738f,success,0.993029469569034,1.0000000000000286,0.9999999999999994,-2.919886554764162e-14,4776,16,4776,16,0.6940081040374935,True
frontier,ising_2d,gate_local_2tdvp,16,2,12,1.2000000000000002,0.011397734636308776,4776,16,False,e83c2fd2fe5afdd5738f,success,0.9886022653636912,1.0000000000000313,1.0000000000000009,-3.042011087472929e-14,4776,16,4776,16,0.6819976170081645,True
frontier,ising_2d,gate_local_2tdvp,16,2,13,1.3,0.01690210396396885,4776,16,False,e83c2fd2fe5afdd5738f,success,0.9830978960360311,1.0000000000000342,1.0000000000000004,-3.375077994860476e-14,4776,16,4776,16,0.682247350923717,True
frontier,ising_2d,gate_local_2tdvp,16,2,14,1.4000000000000001,0.023227741869139007,4776,16,False,e83c2fd2fe5afdd5738f,success,0.976772258130861,1.0000000000000377,1.000000000000002,-3.574918139293004e-14,4776,16,4776,16,0.6858260610606521,True
frontier,ising_2d,gate_local_2tdvp,16,2,15,1.5,0.030114624948519797,4776,16,False,e83c2fd2fe5afdd5738f,success,0.9698853750514802,1.0000000000000389,1.0000000000000022,-3.6637359812630166e-14,4776,16,4776,16,0.6861408518161625,True
frontier,ising_2d,gate_local_2tdvp,24,2,0,0.0,0.0,32,1,False,cb8c702f9550f538679c,success,1.0,1.0,1.0,0.0,32,1,32,1,0.0,True
frontier,ising_2d,gate_local_2tdvp,24,2,1,0.1,3.4938057327682515e-05,120,2,False,cb8c702f9550f538679c,success,0.9999650619426723,1.000000000000033,1.0000000000000058,-2.731148640577885e-14,120,2,120,2,0.3031274960376322,True
frontier,ising_2d,gate_local_2tdvp,24,2,2,0.2,0.00027371527790320815,1252,10,False,cb8c702f9550f538679c,success,0.9997262847220968,1.000000000000006,0.999999999999998,-7.993605777301127e-15,1218,10,1252,10,0.3978444109670818,True
frontier,ising_2d,gate_local_2tdvp,24,2,3,0.30000000000000004,0.0005835934198231696,5136,18,False,cb8c702f9550f538679c,success,0.9994164065801768,1.0000000000000098,1.000000000000002,-7.771561172376096e-15,5136,18,5136,18,0.5695449400227517,True
frontier,ising_2d,gate_local_2tdvp,24,2,4,0.4,0.0005835951740694734,9128,24,False,cb8c702f9550f538679c,success,0.9994164048259305,1.0000000000000122,0.9999999999999991,-1.3100631690576847e-14,9128,24,9128,24,0.8655665579717606,True
frontier,ising_2d,gate_local_2tdvp,24,2,5,0.5,0.0005836122970752644,9128,24,False,cb8c702f9550f538679c,success,0.9994163877029247,1.0000000000000107,1.0000000000000007,-9.992007221626409e-15,9128,24,9128,24,1.1759687550365925,True
frontier,ising_2d,gate_local_2tdvp,24,2,6,0.6000000000000001,0.0005839534372621413,9128,24,False,cb8c702f9550f538679c,success,0.9994160465627379,1.0000000000000142,1.0000000000000004,-1.3766765505351941e-14,9128,24,9128,24,1.2973742140457034,True
frontier,ising_2d,gate_local_2tdvp,24,2,7,0.7000000000000001,0.0005877177907605002,9128,24,False,cb8c702f9550f538679c,success,0.9994122822092395,1.0000000000000182,0.9999999999999992,-1.8984813721090177e-14,9128,24,9128,24,1.3819780240301043,True
frontier,ising_2d,gate_local_2tdvp,24,2,8,0.8,0.0006137075551034821,9128,24,False,cb8c702f9550f538679c,success,0.9993862924448965,1.000000000000021,1.0000000000000018,-1.9317880628477724e-14,9128,24,9128,24,1.3008859970141202,True
frontier,ising_2d,gate_local_2tdvp,24,2,9,0.9,0.0007314438798113887,9128,24,False,cb8c702f9550f538679c,success,0.9992685561201886,1.0000000000000226,1.0000000000000013,-2.1316282072803006e-14,9128,24,9128,24,1.293063553981483,True
frontier,ising_2d,gate_local_2tdvp,24,2,10,1.0,0.001100534817564891,9128,24,False,cb8c702f9550f538679c,success,0.9988994651824351,1.0000000000000255,0.9999999999999999,-2.5646151868841116e-14,9128,24,9128,24,1.3582362281158566,True
frontier,ising_2d,gate_local_2tdvp,24,2,11,1.1,0.001951370098317473,9128,24,False,cb8c702f9550f538679c,success,0.9980486299016825,1.0000000000000286,1.0000000000000004,-2.8199664825478976e-14,9128,24,9128,24,1.3377259999979287,True
frontier,ising_2d,gate_local_2tdvp,24,2,12,1.2000000000000002,0.0034958647369888185,9128,24,False,cb8c702f9550f538679c,success,0.9965041352630112,1.0000000000000313,1.0000000000000009,-3.042011087472929e-14,9128,24,9128,24,1.314331287983805,True
frontier,ising_2d,gate_local_2tdvp,24,2,13,1.3,0.005870790658354164,9128,24,False,cb8c702f9550f538679c,success,0.9941292093416458,1.0000000000000342,0.9999999999999999,-3.430589146091734e-14,9128,24,9128,24,1.3890663599595428,True
frontier,ising_2d,gate_local_2tdvp,24,2,14,1.4000000000000001,0.009004195559673911,9128,24,False,cb8c702f9550f538679c,success,0.9909958044403261,1.0000000000000377,1.0000000000000007,-3.708144902248023e-14,9128,24,9128,24,1.4246297569479793,True
frontier,ising_2d,gate_local_2tdvp,24,2,15,1.5,0.012494018983083555,9128,24,False,cb8c702f9550f538679c,success,0.9875059810169164,1.0000000000000389,1.0000000000000007,-3.8191672047105385e-14,9128,24,9128,24,1.2366617480292916,True
frontier,ising_2d,gate_local_2tdvp,64,2,0,0.0,0.0,32,1,False,45e8b6d18c34e88993b5,success,1.0,1.0,1.0,0.0,32,1,32,1,0.0,True
frontier,ising_2d,gate_local_2tdvp,64,2,1,0.1,3.4938057327682515e-05,120,2,False,45e8b6d18c34e88993b5,success,0.9999650619426723,1.000000000000033,1.0000000000000058,-2.731148640577885e-14,120,2,120,2,0.2961069061420858,True
frontier,ising_2d,gate_local_2tdvp,64,2,2,0.2,0.00027371527790320815,1252,10,False,45e8b6d18c34e88993b5,success,0.9997262847220968,1.000000000000006,0.999999999999998,-7.993605777301127e-15,1218,10,1252,10,0.39276262908242643,True
frontier,ising_2d,gate_local_2tdvp,64,2,3,0.30000000000000004,0.0005835934198231696,5136,18,False,45e8b6d18c34e88993b5,success,0.9994164065801768,1.0000000000000098,1.000000000000002,-7.771561172376096e-15,5136,18,5136,18,0.5349059228319675,True
frontier,ising_2d,gate_local_2tdvp,64,2,4,0.4,0.0005835948832969562,11192,30,False,45e8b6d18c34e88993b5,success,0.999416405116703,1.0000000000000122,0.9999999999999973,-1.4876988529977098e-14,11192,30,11192,30,1.2462299689650536,True
frontier,ising_2d,gate_local_2tdvp,64,2,5,0.5,0.0005835970627956488,19964,48,False,45e8b6d18c34e88993b5,success,0.9994164029372044,1.0000000000000107,0.9999999999999998,-1.0880185641326534e-14,19964,48,19964,48,7.37015101313591,True
frontier,ising_2d,gate_local_2tdvp,64,2,6,0.6000000000000001,0.0005836011810087527,36984,64,False,45e8b6d18c34e88993b5,success,0.9994163988189912,1.0000000000000142,1.0000000000000002,-1.3988810110276972e-14,36984,64,36984,64,33.93740445515141,True
frontier,ising_2d,gate_local_2tdvp,64,2,7,0.7000000000000001,0.0005836057390437022,42536,64,False,45e8b6d18c34e88993b5,success,0.9994163942609563,1.0000000000000182,0.9999999999999993,-1.887379141862766e-14,42536,64,42536,64,69.52078959811479,True
frontier,ising_2d,gate_local_2tdvp,64,2,8,0.8,0.0005836805879343432,43688,64,False,45e8b6d18c34e88993b5,success,0.9994163194120657,1.000000000000021,0.9999999999999989,-2.220446049250313e-14,43688,64,43688,64,76.04567077499814,True
frontier,ising_2d,gate_local_2tdvp,64,2,9,0.9,0.0005844051102110726,43688,64,False,45e8b6d18c34e88993b5,success,0.9994155948897889,1.0000000000000226,1.0000000000000007,-2.19824158875781e-14,43688,64,43688,64,70.21713822800666,True
frontier,ising_2d,gate_local_2tdvp,64,2,10,1.0,0.0005888361883004123,43688,64,False,45e8b6d18c34e88993b5,success,0.9994111638116996,1.0000000000000255,1.0,-2.55351295663786e-14,43688,64,43688,64,70.56330859498121,True
frontier,ising_2d,gate_local_2tdvp,64,2,11,1.1,0.0006067527769196834,43688,64,False,45e8b6d18c34e88993b5,success,0.9993932472230803,1.0000000000000286,1.0000000000000009,-2.7755575615628914e-14,43688,64,43688,64,72.16839764290489,True
frontier,ising_2d,gate_local_2tdvp,64,2,12,1.2000000000000002,0.0006592789643088404,43688,64,False,45e8b6d18c34e88993b5,success,0.9993407210356912,1.0000000000000313,1.0000000000000022,-2.90878432451791e-14,43688,64,43688,64,73.78108637896366,True
frontier,ising_2d,gate_local_2tdvp,64,2,13,1.3,0.0007817410872816843,43688,64,False,45e8b6d18c34e88993b5,success,0.9992182589127183,1.0000000000000342,1.0,-3.419486915845482e-14,43688,64,43688,64,70.47652993910015,True
frontier,ising_2d,gate_local_2tdvp,64,2,14,1.4000000000000001,0.0010113640066069518,43688,64,False,45e8b6d18c34e88993b5,success,0.998988635993393,1.0000000000000377,0.9999999999999999,-3.785860513971784e-14,43688,64,43688,64,69.22835753904656,True
frontier,ising_2d,gate_local_2tdvp,64,2,15,1.5,0.0013514880412056618,43688,64,False,45e8b6d18c34e88993b5,success,0.9986485119587943,1.0000000000000389,0.9999999999999988,-4.007905118896815e-14,43688,64,43688,64,70.07190979202278,True
frontier,ising_2d,mpo_contract_compress,4,1,0,0.0,0.0,32,1,False,ac09058cd32f65e5d2ce,success,1.0,1.0,1.0,0.0,32,1,32,1,0.0,True
frontier,ising_2d,mpo_contract_compress,4,1,1,0.1,1.5405567917015084e-05,764,8,False,ac09058cd32f65e5d2ce,success,0.999984594432083,1.000000000000033,0.9999999999999887,-4.440892098500626e-14,424,4,764,8,0.09713980695232749,True
frontier,ising_2d,mpo_contract_compress,4,1,2,0.2,0.0004750923014466002,1064,8,False,ac09058cd32f65e5d2ce,success,0.9995249076985534,1.000000000000006,1.0000000000000016,-4.440892098500626e-15,424,4,1064,8,0.10241702804341912,True
frontier,ising_2d,mpo_contract_compress,4,1,3,0.30000000000000004,0.0028089447988079996,1064,8,False,ac09058cd32f65e5d2ce,success,0.997191055201192,1.0000000000000098,1.0000000000000009,-8.881784197001252e-15,424,4,1064,8,0.10309066693298519,True
frontier,ising_2d,mpo_contract_compress,4,1,4,0.4,0.00978292234731315,1064,8,False,ac09058cd32f65e5d2ce,success,0.9902170776526869,1.0000000000000122,0.9999999999999982,-1.3988810110276972e-14,424,4,1064,8,0.10204420704394579,True
frontier,ising_2d,mpo_contract_compress,4,1,5,0.5,0.023098269908763847,1064,8,False,ac09058cd32f65e5d2ce,success,0.9769017300912362,1.0000000000000107,1.0000000000000016,-9.103828801926284e-15,424,4,1064,8,0.10280824406072497,True
frontier,ising_2d,mpo_contract_compress,4,1,6,0.6000000000000001,0.04068261839649767,1064,8,False,ac09058cd32f65e5d2ce,success,0.9593173816035023,1.0000000000000142,1.0000000000000009,-1.3322676295501878e-14,424,4,1064,8,0.10446539800614119,True
frontier,ising_2d,mpo_contract_compress,4,1,7,0.7000000000000001,0.057650069204644216,1064,8,False,ac09058cd32f65e5d2ce,success,0.9423499307953558,1.0000000000000182,0.9999999999999996,-1.865174681370263e-14,424,4,1064,8,0.10397955891676247,True
frontier,ising_2d,mpo_contract_compress,4,1,8,0.8,0.07182199250928378,1064,8,False,ac09058cd32f65e5d2ce,success,0.9281780074907162,1.000000000000021,0.9999999999999997,-2.142730437526552e-14,424,4,1064,8,0.10277324891649187,True
frontier,ising_2d,mpo_contract_compress,4,1,9,0.9,0.08480558424676543,1064,8,False,ac09058cd32f65e5d2ce,success,0.9151944157532346,1.0000000000000226,0.999999999999999,-2.3647750424515834e-14,424,4,1064,8,0.10294672893360257,True
frontier,ising_2d,mpo_contract_compress,4,1,10,1.0,0.0980063318136497,1064,8,False,ac09058cd32f65e5d2ce,success,0.9019936681863503,1.0000000000000255,0.9999999999999991,-2.6423307986078726e-14,424,4,1064,8,0.10386762605048716,True
frontier,ising_2d,mpo_contract_compress,4,1,11,1.1,0.11190112780635952,1064,8,False,ac09058cd32f65e5d2ce,success,0.8880988721936405,1.0000000000000286,1.0,-2.864375403532904e-14,424,4,1064,8,0.10251270490698516,True
frontier,ising_2d,mpo_contract_compress,4,1,12,1.2000000000000002,0.12616071739898482,1064,8,False,ac09058cd32f65e5d2ce,success,0.8738392826010152,1.0000000000000313,1.0000000000000009,-3.042011087472929e-14,424,4,1064,8,0.10423018410801888,True
frontier,ising_2d,mpo_contract_compress,4,1,13,1.3,0.13993486340589945,1064,8,False,ac09058cd32f65e5d2ce,success,0.8600651365941006,1.0000000000000342,0.9999999999999988,-3.5416114485542494e-14,424,4,1064,8,0.10321933683007956,True
frontier,ising_2d,mpo_contract_compress,4,1,14,1.4000000000000001,0.15264062719250482,1064,8,False,ac09058cd32f65e5d2ce,success,0.8473593728074952,1.0000000000000377,0.9999999999999989,-3.885780586188048e-14,424,4,1064,8,0.1029275821056217,True
frontier,ising_2d,mpo_contract_compress,4,1,15,1.5,0.1645995216077587,1064,8,False,ac09058cd32f65e5d2ce,success,0.8354004783922413,1.0000000000000389,1.0000000000000013,-3.752553823233029e-14,424,4,1064,8,0.10279999999329448,True
frontier,ising_2d,mpo_contract_compress,8,1,0,0.0,0.0,32,1,False,dc1ecfdfc7e80029b273,success,1.0,1.0,1.0,0.0,32,1,32,1,0.0,True
frontier,ising_2d,mpo_contract_compress,8,1,1,0.1,2.6789304108376655e-10,2320,14,False,dc1ecfdfc7e80029b273,success,0.999999999732107,1.000000000000033,0.999999999999999,-3.4083846855992306e-14,1344,8,2320,14,0.09973217686638236,True
frontier,ising_2d,mpo_contract_compress,8,1,2,0.2,2.3349096334168706e-07,3960,16,False,dc1ecfdfc7e80029b273,success,0.9999997665090367,1.000000000000006,0.9999999999999998,-6.217248937900877e-15,1400,8,3960,16,0.11456543602980673,True
frontier,ising_2d,mpo_contract_compress,8,1,3,0.30000000000000004,1.2189491375713679e-05,4008,16,False,dc1ecfdfc7e80029b273,success,0.9999878105086243,1.0000000000000098,0.9999999999999994,-1.0325074129013956e-14,1448,8,4008,16,0.113898386945948,True
frontier,ising_2d,mpo_contract_compress,8,1,4,0.4,0.00016356251660309962,4008,16,False,dc1ecfdfc7e80029b273,success,0.9998364374833969,1.0000000000000122,0.9999999999999973,-1.4876988529977098e-14,1448,8,4008,16,0.1134732449427247,True
frontier,ising_2d,mpo_contract_compress,8,1,5,0.5,0.0010474514966530846,4008,16,False,dc1ecfdfc7e80029b273,success,0.9989525485033469,1.0000000000000107,0.9999999999999997,-1.099120794378905e-14,1448,8,4008,16,0.11535732098855078,True
frontier,ising_2d,mpo_contract_compress,8,1,6,0.6000000000000001,0.003759768158029364,4008,16,False,dc1ecfdfc7e80029b273,success,0.9962402318419706,1.0000000000000142,1.0,-1.4210854715202004e-14,1448,8,4008,16,0.11468857689760625,True
frontier,ising_2d,mpo_contract_compress,8,1,7,0.7000000000000001,0.008844782078424207,4008,16,False,dc1ecfdfc7e80029b273,success,0.9911552179215758,1.0000000000000182,1.0000000000000004,-1.7763568394002505e-14,1448,8,4008,16,0.11333858594298363,True
frontier,ising_2d,mpo_contract_compress,8,1,8,0.8,0.015692136441769478,4008,16,False,dc1ecfdfc7e80029b273,success,0.9843078635582305,1.000000000000021,0.9999999999999992,-2.1871393585115584e-14,1448,8,4008,16,0.11295852391049266,True
frontier,ising_2d,mpo_contract_compress,8,1,9,0.9,0.0239947813732444,4008,16,False,dc1ecfdfc7e80029b273,success,0.9760052186267556,1.0000000000000226,0.9999999999999994,-2.3203661214665772e-14,1448,8,4008,16,0.11468334402889013,True
frontier,ising_2d,mpo_contract_compress,8,1,10,1.0,0.03440529964550598,4008,16,False,dc1ecfdfc7e80029b273,success,0.965594700354494,1.0000000000000255,0.9999999999999982,-2.731148640577885e-14,1448,8,4008,16,0.1146137269679457,True
frontier,ising_2d,mpo_contract_compress,8,1,11,1.1,0.046375773814174126,4008,16,False,dc1ecfdfc7e80029b273,success,0.9536242261858259,1.0000000000000286,1.0000000000000013,-2.731148640577885e-14,1448,8,4008,16,0.11382124992087483,True
frontier,ising_2d,mpo_contract_compress,8,1,12,1.2000000000000002,0.057991412778023554,4008,16,False,dc1ecfdfc7e80029b273,success,0.9420085872219764,1.0000000000000313,0.9999999999999983,-3.297362383136715e-14,1448,8,4008,16,0.1148310040589422,True
frontier,ising_2d,mpo_contract_compress,8,1,13,1.3,0.06855344328429824,4008,16,False,dc1ecfdfc7e80029b273,success,0.9314465567157018,1.0000000000000342,0.9999999999999999,-3.430589146091734e-14,1448,8,4008,16,0.11239291611127555,True
frontier,ising_2d,mpo_contract_compress,8,1,14,1.4000000000000001,0.07863303003889988,4008,16,False,dc1ecfdfc7e80029b273,success,0.9213669699611001,1.0000000000000377,0.9999999999999981,-3.963496197911809e-14,1448,8,4008,16,0.1142564220353961,True
frontier,ising_2d,mpo_contract_compress,8,1,15,1.5,0.0888013726349085,4008,16,False,dc1ecfdfc7e80029b273,success,0.9111986273650915,1.0000000000000389,0.9999999999999992,-3.963496197911809e-14,1448,8,4008,16,0.11426003300584853,True
frontier,ising_2d,mpo_contract_compress,16,1,0,0.0,0.0,32,1,False,7f962a78b37c999383d7,success,1.0,1.0,1.0,0.0,32,1,32,1,0.0,True
frontier,ising_2d,mpo_contract_compress,16,1,1,0.1,1.1102230246251565e-14,2990,14,False,7f962a78b37c999383d7,success,0.9999999999999889,1.000000000000033,1.000000000000019,-1.3988810110276972e-14,2396,11,2990,14,0.1006449640262872,True
frontier,ising_2d,mpo_contract_compress,16,1,2,0.2,2.1739943178999965e-11,9396,30,False,7f962a78b37c999383d7,success,0.9999999999782601,1.000000000000006,0.9999999999999967,-9.325873406851315e-15,4680,16,9396,30,0.1305949790403247,True
frontier,ising_2d,mpo_contract_compress,16,1,3,0.30000000000000004,4.362536332180866e-09,14856,32,False,7f962a78b37c999383d7,success,0.9999999956374637,1.0000000000000098,0.9999999999999961,-1.3655743202889425e-14,4776,16,14856,32,0.1414190921932459,True
frontier,ising_2d,mpo_contract_compress,16,1,4,0.4,7.057193929238537e-08,15016,32,False,7f962a78b37c999383d7,success,0.9999999294280607,1.0000000000000122,1.000000000000001,-1.1102230246251565e-14,4776,16,15016,32,0.14026164403185248,True
frontier,ising_2d,mpo_contract_compress,16,1,5,0.5,1.0352528737600508e-06,15016,32,False,7f962a78b37c999383d7,success,0.9999989647471262,1.0000000000000107,0.9999999999999999,-1.0769163338864018e-14,4776,16,15016,32,0.14175085700117052,True
frontier,ising_2d,mpo_contract_compress,16,1,6,0.6000000000000001,1.1326891572460696e-05,15016,32,False,7f962a78b37c999383d7,success,0.9999886731084275,1.0000000000000142,1.000000000000001,-1.3100631690576847e-14,4776,16,15016,32,0.14021945581771433,True
frontier,ising_2d,mpo_contract_compress,16,1,7,0.7000000000000001,7.49128374515351e-05,15016,32,False,7f962a78b37c999383d7,success,0.9999250871625485,1.0000000000000182,1.000000000000002,-1.6209256159527285e-14,4776,16,15016,32,0.14376852405257523,True
frontier,ising_2d,mpo_contract_compress,16,1,8,0.8,0.0003533860139365297,15016,32,False,7f962a78b37c999383d7,success,0.9996466139860635,1.000000000000021,0.999999999999999,-2.2093438190040615e-14,4776,16,15016,32,0.14244896499440074,True
frontier,ising_2d,mpo_contract_compress,16,1,9,0.9,0.0011938312768403625,15016,32,False,7f962a78b37c999383d7,success,0.9988061687231596,1.0000000000000226,1.0000000000000009,-2.1760371282653068e-14,4776,16,15016,32,0.14199251495301723,True
frontier,ising_2d,mpo_contract_compress,16,1,10,1.0,0.0030087778385748942,15016,32,False,7f962a78b37c999383d7,success,0.9969912221614251,1.0000000000000255,0.9999999999999993,-2.6201263381153694e-14,4776,16,15016,32,0.14103506109677255,True
frontier,ising_2d,mpo_contract_compress,16,1,11,1.1,0.006033080765970089,15016,32,False,7f962a78b37c999383d7,success,0.9939669192340299,1.0000000000000286,1.0000000000000007,-2.7977620220553945e-14,4776,16,15016,32,0.14138562185689807,True
frontier,ising_2d,mpo_contract_compress,16,1,12,1.2000000000000002,0.010203036780588648,15016,32,False,7f962a78b37c999383d7,success,0.9897969632194114,1.0000000000000313,1.0,-3.1308289294429414e-14,4776,16,15016,32,0.14160744496621192,True
frontier,ising_2d,mpo_contract_compress,16,1,13,1.3,0.015310337889054781,15016,32,False,7f962a78b37c999383d7,success,0.9846896621109452,1.0000000000000342,1.000000000000002,-3.219646771412954e-14,4776,16,15016,32,0.14223129814490676,True
frontier,ising_2d,mpo_contract_compress,16,1,14,1.4000000000000001,0.021114975860106466,15016,32,False,7f962a78b37c999383d7,success,0.9788850241398935,1.0000000000000377,1.0000000000000022,-3.552713678800501e-14,4776,16,15016,32,0.14215672807767987,True
frontier,ising_2d,mpo_contract_compress,16,1,15,1.5,0.02734621401845516,15016,32,False,7f962a78b37c999383d7,success,0.9726537859815448,1.0000000000000389,1.0000000000000002,-3.863576125695545e-14,4776,16,15016,32,0.14175550709478557,True
frontier,ising_2d,mpo_contract_compress,24,1,0,0.0,0.0,32,1,False,1fc034bca93bd7e6dfc2,success,1.0,1.0,1.0,0.0,32,1,32,1,0.0,True
frontier,ising_2d,mpo_contract_compress,24,1,1,0.1,1.1102230246251565e-14,2990,14,False,1fc034bca93bd7e6dfc2,success,0.9999999999999889,1.000000000000033,1.000000000000019,-1.3988810110276972e-14,2396,11,2990,14,0.10129745095036924,True
frontier,ising_2d,mpo_contract_compress,24,1,2,0.2,4.6065373737746995e-12,10088,30,False,1fc034bca93bd7e6dfc2,success,0.9999999999953935,1.000000000000006,0.9999999999999982,-7.771561172376096e-15,5704,19,10088,30,0.12703652982600033,True
frontier,ising_2d,mpo_contract_compress,24,1,3,0.30000000000000004,1.631450530226175e-11,18934,48,False,1fc034bca93bd7e6dfc2,success,0.9999999999836855,1.0000000000000098,0.9999999999999993,-1.0436096431476471e-14,8276,24,18934,48,0.15577652398496866,True
frontier,ising_2d,mpo_contract_compress,24,1,4,0.4,9.122700372898862e-10,30376,48,False,1fc034bca93bd7e6dfc2,success,0.99999999908773,1.0000000000000122,1.0000000000000033,-8.881784197001252e-15,9128,24,30376,48,0.17326951096765697,True
frontier,ising_2d,mpo_contract_compress,24,1,5,0.5,2.999693360372646e-08,31400,48,False,1fc034bca93bd7e6dfc2,success,0.9999999700030664,1.0000000000000107,0.9999999999999987,-1.199040866595169e-14,9128,24,31400,48,0.17504093190655112,True
frontier,ising_2d,mpo_contract_compress,24,1,6,0.6000000000000001,5.415532795538525e-07,31400,48,False,1fc034bca93bd7e6dfc2,success,0.9999994584467204,1.0000000000000142,0.9999999999999996,-1.4654943925052066e-14,9128,24,31400,48,0.17624289100058377,True
frontier,ising_2d,mpo_contract_compress,24,1,7,0.7000000000000001,5.3848656377253334e-06,31400,48,False,1fc034bca93bd7e6dfc2,success,0.9999946151343623,1.0000000000000182,1.0000000000000004,-1.7763568394002505e-14,9128,24,31400,48,0.17605660506524146,True
frontier,ising_2d,mpo_contract_compress,24,1,8,0.8,3.625933771700396e-05,31400,48,False,1fc034bca93bd7e6dfc2,success,0.999963740662283,1.000000000000021,1.0000000000000009,-2.020605904817785e-14,9128,24,31400,48,0.17668143310584128,True
frontier,ising_2d,mpo_contract_compress,24,1,9,0.9,0.00016945011703051183,31400,48,False,1fc034bca93bd7e6dfc2,success,0.9998305498829695,1.0000000000000226,0.9999999999999988,-2.3869795029440866e-14,9128,24,31400,48,0.17780413199216127,True
frontier,ising_2d,mpo_contract_compress,24,1,10,1.0,0.0005611642568454922,31400,48,False,1fc034bca93bd7e6dfc2,success,0.9994388357431545,1.0000000000000255,1.0000000000000016,-2.398081733190338e-14,9128,24,31400,48,0.17777211498469114,True
frontier,ising_2d,mpo_contract_compress,24,1,11,1.1,0.0013986826158831622,31400,48,False,1fc034bca93bd7e6dfc2,success,0.9986013173841168,1.0000000000000286,0.999999999999999,-2.964295475749168e-14,9128,24,31400,48,0.17691773502156138,True
frontier,ising_2d,mpo_contract_compress,24,1,12,1.2000000000000002,0.0028165972679773388,31400,48,False,1fc034bca93bd7e6dfc2,success,0.9971834027320227,1.0000000000000313,0.9999999999999991,-3.219646771412954e-14,9128,24,31400,48,0.17734808707609773,True
frontier,ising_2d,mpo_contract_compress,24,1,13,1.3,0.004874259790868973,31400,48,False,1fc034bca93bd7e6dfc2,success,0.995125740209131,1.0000000000000342,1.0000000000000018,-3.241851231905457e-14,9128,24,31400,48,0.17905519902706146,True
frontier,ising_2d,mpo_contract_compress,24,1,14,1.4000000000000001,0.007475122789531885,31400,48,False,1fc034bca93bd7e6dfc2,success,0.9925248772104681,1.0000000000000377,0.9999999999999998,-3.7969627442180354e-14,9128,24,31400,48,0.17898500291630626,True
frontier,ising_2d,mpo_contract_compress,24,1,15,1.5,0.0103963676635358,31400,48,False,1fc034bca93bd7e6dfc2,success,0.9896036323364642,1.0000000000000389,1.0000000000000009,-3.7969627442180354e-14,9128,24,31400,48,0.1774836010299623,True
frontier,ising_2d,mpo_contract_compress,64,1,0,0.0,0.0,32,1,False,6f3c21eda059b801e2a3,success,1.0,1.0,1.0,0.0,32,1,32,1,0.0,True
frontier,ising_2d,mpo_contract_compress,64,1,1,0.1,1.1102230246251565e-14,2990,14,False,6f3c21eda059b801e2a3,success,0.9999999999999889,1.000000000000033,1.000000000000019,-1.3988810110276972e-14,2396,11,2990,14,0.10067945788614452,True
frontier,ising_2d,mpo_contract_compress,64,1,2,0.2,4.6065373737746995e-12,10088,30,False,6f3c21eda059b801e2a3,success,0.9999999999953935,1.000000000000006,0.9999999999999982,-7.771561172376096e-15,5704,19,10088,30,0.12977917306125164,True
frontier,ising_2d,mpo_contract_compress,64,1,3,0.30000000000000004,1.2213341449296422e-11,21202,54,False,6f3c21eda059b801e2a3,success,0.9999999999877867,1.0000000000000098,1.0000000000000004,-9.325873406851315e-15,10852,33,21202,54,0.1628014030866325,True
frontier,ising_2d,mpo_contract_compress,64,1,4,0.4,3.0754065960536536e-11,45336,80,False,6f3c21eda059b801e2a3,success,0.9999999999692459,1.0000000000000122,0.9999999999999996,-1.2656542480726785e-14,17516,41,45336,80,0.22171137598343194,True
frontier,ising_2d,mpo_contract_compress,64,1,5,0.5,5.483613563228573e-11,95096,128,False,6f3c21eda059b801e2a3,success,0.9999999999451639,1.0000000000000107,1.0000000000000002,-1.0436096431476471e-14,32552,64,95096,128,0.34678391902707517,True
frontier,ising_2d,mpo_contract_compress,64,1,6,0.6000000000000001,2.755127237463739e-10,140456,128,False,6f3c21eda059b801e2a3,success,0.9999999997244873,1.0000000000000142,1.0000000000000013,-1.2878587085651816e-14,40808,64,140456,128,0.5035526980645955,True
frontier,ising_2d,mpo_contract_compress,64,1,7,0.7000000000000001,6.565776367040144e-09,160168,128,False,6f3c21eda059b801e2a3,success,0.9999999934342236,1.0000000000000182,0.9999999999999996,-1.865174681370263e-14,43688,64,160168,128,0.5887875279877335,True
frontier,ising_2d,mpo_contract_compress,64,1,8,0.8,1.0045943865666374e-07,168616,128,False,6f3c21eda059b801e2a3,success,0.9999998995405613,1.000000000000021,1.0000000000000009,-2.020605904817785e-14,43688,64,168616,128,0.6146733949426562,True
frontier,ising_2d,mpo_contract_compress,64,1,9,0.9,9.500171709309058e-07,168616,128,False,6f3c21eda059b801e2a3,success,0.9999990499828291,1.0000000000000226,1.0000000000000022,-2.042810365310288e-14,43688,64,168616,128,0.6142588150687516,True
frontier,ising_2d,mpo_contract_compress,64,1,10,1.0,5.8526484647547505e-06,168616,128,False,6f3c21eda059b801e2a3,success,0.9999941473515352,1.0000000000000255,1.0000000000000009,-2.4646951146678475e-14,43688,64,168616,128,0.6190312260296196,True
frontier,ising_2d,mpo_contract_compress,64,1,11,1.1,2.475495695941632e-05,168616,128,False,6f3c21eda059b801e2a3,success,0.9999752450430406,1.0000000000000286,0.9999999999999992,-2.942091015256665e-14,43688,64,168616,128,0.6171852359548211,True
frontier,ising_2d,mpo_contract_compress,64,1,12,1.2000000000000002,7.906294295900729e-05,168616,128,False,6f3c21eda059b801e2a3,success,0.999920937057041,1.0000000000000313,0.9999999999999993,-3.197442310920451e-14,43688,64,168616,128,0.6181451079901308,True
frontier,ising_2d,mpo_contract_compress,64,1,13,1.3,0.00020351781581695594,168616,128,False,6f3c21eda059b801e2a3,success,0.999796482184183,1.0000000000000342,1.0000000000000004,-3.375077994860476e-14,43688,64,168616,128,0.618424201849848,True
frontier,ising_2d,mpo_contract_compress,64,1,14,1.4000000000000001,0.00043180738508730165,168616,128,False,6f3c21eda059b801e2a3,success,0.9995681926149127,1.0000000000000377,0.999999999999999,-3.8746783559417963e-14,43688,64,168616,128,0.6297156841028482,True
frontier,ising_2d,mpo_contract_compress,64,1,15,1.5,0.0007618229651988884,168616,128,False,6f3c21eda059b801e2a3,success,0.9992381770348011,1.0000000000000389,1.0000000000000007,-3.8191672047105385e-14,43688,64,168616,128,0.6367036839947104,True
frontier,ising_2d,tebd_swap,4,1,0,0.0,0.0,32,1,False,e4269c892a5a202302cb,success,1.0,1.0,1.0,0.0,32,1,32,1,0.0,True
frontier,ising_2d,tebd_swap,4,1,1,0.1,1.1723087137038846e-05,424,4,False,e4269c892a5a202302cb,success,0.999988276912863,1.000000000000033,0.99999999999999,-4.3076653355456074e-14,424,4,424,4,0.07874261494725943,True
frontier,ising_2d,tebd_swap,4,1,2,0.2,0.0005740820636261912,424,4,False,e4269c892a5a202302cb,success,0.9994259179363738,1.000000000000006,1.000000000000001,-4.884981308350689e-15,424,4,424,4,0.08250770019367337,True
frontier,ising_2d,tebd_swap,4,1,3,0.30000000000000004,0.003792651290769,424,4,False,e4269c892a5a202302cb,success,0.996207348709231,1.0000000000000098,1.0,-9.769962616701378e-15,424,4,424,4,0.08267663698643446,True
frontier,ising_2d,tebd_swap,4,1,4,0.4,0.012838913540666463,424,4,False,e4269c892a5a202302cb,success,0.9871610864593335,1.0000000000000122,1.0,-1.2212453270876722e-14,424,4,424,4,0.08077662903815508,True
frontier,ising_2d,tebd_swap,4,1,5,0.5,0.03237356046214879,424,4,False,e4269c892a5a202302cb,success,0.9676264395378512,1.0000000000000107,0.9999999999999998,-1.0880185641326534e-14,424,4,424,4,0.08267611311748624,True
frontier,ising_2d,tebd_swap,4,1,6,0.6000000000000001,0.05928734347296938,424,4,False,e4269c892a5a202302cb,success,0.9407126565270306,1.0000000000000142,0.9999999999999983,-1.587618925213974e-14,424,4,424,4,0.08320293202996254,True
frontier,ising_2d,tebd_swap,4,1,7,0.7000000000000001,0.08665905774187566,424,4,False,e4269c892a5a202302cb,success,0.9133409422581243,1.0000000000000182,1.0000000000000022,-1.5987211554602254e-14,424,4,424,4,0.0824294351041317,True
frontier,ising_2d,tebd_swap,4,1,8,0.8,0.11107289586306235,424,4,False,e4269c892a5a202302cb,success,0.8889271041369377,1.000000000000021,1.0000000000000018,-1.9317880628477724e-14,424,4,424,4,0.0815750767942518,True
frontier,ising_2d,tebd_swap,4,1,9,0.9,0.1302696025323511,424,4,False,e4269c892a5a202302cb,success,0.8697303974676489,1.0000000000000226,0.9999999999999989,-2.375877272697835e-14,424,4,424,4,0.08187397010624409,True
frontier,ising_2d,tebd_swap,4,1,10,1.0,0.1464143578530821,424,4,False,e4269c892a5a202302cb,success,0.8535856421469179,1.0000000000000255,0.9999999999999982,-2.731148640577885e-14,424,4,424,4,0.08086018613539636,True
frontier,ising_2d,tebd_swap,4,1,11,1.1,0.1596695204136801,424,4,False,e4269c892a5a202302cb,success,0.8403304795863199,1.0000000000000286,1.0000000000000007,-2.7977620220553945e-14,424,4,424,4,0.08040209696628153,True
frontier,ising_2d,tebd_swap,4,1,12,1.2000000000000002,0.17096006935181252,424,4,False,e4269c892a5a202302cb,success,0.8290399306481875,1.0000000000000313,1.000000000000001,-3.019806626980426e-14,424,4,424,4,0.08081959909759462,True
frontier,ising_2d,tebd_swap,4,1,13,1.3,0.18059370220082416,424,4,False,e4269c892a5a202302cb,success,0.8194062977991758,1.0000000000000342,1.0,-3.419486915845482e-14,424,4,424,4,0.08163075195625424,True
frontier,ising_2d,tebd_swap,4,1,14,1.4000000000000001,0.19032775473565589,424,4,False,e4269c892a5a202302cb,success,0.8096722452643441,1.0000000000000377,0.9999999999999997,-3.808064974464287e-14,424,4,424,4,0.08274782006628811,True
frontier,ising_2d,tebd_swap,4,1,15,1.5,0.20118361622364445,424,4,False,e4269c892a5a202302cb,success,0.7988163837763556,1.0000000000000389,1.0000000000000022,-3.6637359812630166e-14,424,4,424,4,0.08352993684820831,True
frontier,ising_2d,tebd_swap,8,1,0,0.0,0.0,32,1,False,b33b74ee5dc021e4eb02,success,1.0,1.0,1.0,0.0,32,1,32,1,0.0,True
frontier,ising_2d,tebd_swap,8,1,1,0.1,3.2825964169092003e-10,1400,8,False,b33b74ee5dc021e4eb02,success,0.9999999996717404,1.000000000000033,0.9999999999999948,-3.83026943495679e-14,1400,8,1400,8,0.07742178696207702,True
frontier,ising_2d,tebd_swap,8,1,2,0.2,2.6290693044828117e-07,1448,8,False,b33b74ee5dc021e4eb02,success,0.9999997370930696,1.000000000000006,1.0000000000000002,-5.773159728050814e-15,1448,8,1448,8,0.08675670600496233,True
frontier,ising_2d,tebd_swap,8,1,3,0.30000000000000004,1.7464053138516178e-05,1448,8,False,b33b74ee5dc021e4eb02,success,0.9999825359468615,1.0000000000000098,0.9999999999999973,-1.2434497875801753e-14,1448,8,1448,8,0.08670182200148702,True
frontier,ising_2d,tebd_swap,8,1,4,0.4,0.00031425299411880214,1448,8,False,b33b74ee5dc021e4eb02,success,0.9996857470058812,1.0000000000000122,1.0000000000000004,-1.176836406102666e-14,1448,8,1448,8,0.0892404590267688,True
frontier,ising_2d,tebd_swap,8,1,5,0.5,0.0020778825667763234,1448,8,False,b33b74ee5dc021e4eb02,success,0.9979221174332237,1.0000000000000107,1.0,-1.0658141036401503e-14,1448,8,1448,8,0.0882572322152555,True
frontier,ising_2d,tebd_swap,8,1,6,0.6000000000000001,0.007399491003820091,1448,8,False,b33b74ee5dc021e4eb02,success,0.9926005089961799,1.0000000000000142,1.0000000000000007,-1.354472090042691e-14,1448,8,1448,8,0.08899516798555851,True
frontier,ising_2d,tebd_swap,8,1,7,0.7000000000000001,0.01731772101446616,1448,8,False,b33b74ee5dc021e4eb02,success,0.9826822789855338,1.0000000000000182,1.0000000000000002,-1.7985612998927536e-14,1448,8,1448,8,0.08693949994631112,True
frontier,ising_2d,tebd_swap,8,1,8,0.8,0.029942784638665176,1448,8,False,b33b74ee5dc021e4eb02,success,0.9700572153613348,1.000000000000021,0.9999999999999997,-2.142730437526552e-14,1448,8,1448,8,0.08708230196498334,True
frontier,ising_2d,tebd_swap,8,1,9,0.9,0.04269163375085172,1448,8,False,b33b74ee5dc021e4eb02,success,0.9573083662491483,1.0000000000000226,0.9999999999999984,-2.4202861936828413e-14,1448,8,1448,8,0.08716898900456727,True
frontier,ising_2d,tebd_swap,8,1,10,1.0,0.05538136913423719,1448,8,False,b33b74ee5dc021e4eb02,success,0.9446186308657628,1.0000000000000255,1.0000000000000013,-2.4202861936828413e-14,1448,8,1448,8,0.08694209903478622,True
frontier,ising_2d,tebd_swap,8,1,11,1.1,0.06693880463444546,1448,8,False,b33b74ee5dc021e4eb02,success,0.9330611953655545,1.0000000000000286,1.0000000000000002,-2.842170943040401e-14,1448,8,1448,8,0.08782156999222934,True
frontier,ising_2d,tebd_swap,8,1,12,1.2000000000000002,0.07655413352309937,1448,8,False,b33b74ee5dc021e4eb02,success,0.9234458664769006,1.0000000000000313,0.999999999999998,-3.3306690738754696e-14,1448,8,1448,8,0.08813002821989357,True
frontier,ising_2d,tebd_swap,8,1,13,1.3,0.08532723475514359,1448,8,False,b33b74ee5dc021e4eb02,success,0.9146727652448564,1.0000000000000342,1.0,-3.419486915845482e-14,1448,8,1448,8,0.08741539507173002,True
frontier,ising_2d,tebd_swap,8,1,14,1.4000000000000001,0.09391657135910414,1448,8,False,b33b74ee5dc021e4eb02,success,0.9060834286408959,1.0000000000000377,0.9999999999999997,-3.808064974464287e-14,1448,8,1448,8,0.08705520583316684,True
frontier,ising_2d,tebd_swap,8,1,15,1.5,0.10272222060861946,1448,8,False,b33b74ee5dc021e4eb02,success,0.8972777793913805,1.0000000000000389,0.9999999999999991,-3.9745984281580604e-14,1448,8,1448,8,0.08808794501237571,True
frontier,ising_2d,tebd_swap,16,1,0,0.0,0.0,32,1,False,dcf0ce3f4b5ba40ec18f,success,1.0,1.0,1.0,0.0,32,1,32,1,0.0,True
frontier,ising_2d,tebd_swap,16,1,1,0.1,1.2656542480726785e-14,2396,11,False,dcf0ce3f4b5ba40ec18f,success,0.9999999999999873,1.000000000000033,1.000000000000019,-1.3988810110276972e-14,2396,11,2396,11,0.0785414061974734,True
frontier,ising_2d,tebd_swap,16,1,2,0.2,1.5004442133204066e-11,4680,16,False,dcf0ce3f4b5ba40ec18f,success,0.9999999999849956,1.000000000000006,0.9999999999999991,-6.8833827526759706e-15,4680,16,4680,16,0.09690278279595077,True
frontier,ising_2d,tebd_swap,16,1,3,0.30000000000000004,3.2957254703092076e-09,4776,16,False,dcf0ce3f4b5ba40ec18f,success,0.9999999967042745,1.0000000000000098,1.0000000000000013,-8.43769498715119e-15,4776,16,4776,16,0.10561210289597511,True
frontier,ising_2d,tebd_swap,16,1,4,0.4,1.008148596826075e-07,4776,16,False,dcf0ce3f4b5ba40ec18f,success,0.9999998991851403,1.0000000000000122,1.0000000000000013,-1.0880185641326534e-14,4776,16,4776,16,0.10524057690054178,True
frontier,ising_2d,tebd_swap,16,1,5,0.5,2.161730073058088e-06,4776,16,False,dcf0ce3f4b5ba40ec18f,success,0.9999978382699269,1.0000000000000107,0.9999999999999998,-1.0880185641326534e-14,4776,16,4776,16,0.10766837885603309,True
frontier,ising_2d,tebd_swap,16,1,6,0.6000000000000001,2.632352966536189e-05,4776,16,False,dcf0ce3f4b5ba40ec18f,success,0.9999736764703346,1.0000000000000142,1.0000000000000004,-1.3766765505351941e-14,4776,16,4776,16,0.10905673983506858,True
frontier,ising_2d,tebd_swap,16,1,7,0.7000000000000001,0.0002014342332891106,4776,16,False,dcf0ce3f4b5ba40ec18f,success,0.9997985657667109,1.0000000000000182,0.9999999999999983,-1.9872992140790302e-14,4776,16,4776,16,0.10958447586745024,True
frontier,ising_2d,tebd_swap,16,1,8,0.8,0.0009850239711538533,4776,16,False,dcf0ce3f4b5ba40ec18f,success,0.9990149760288461,1.000000000000021,0.9999999999999977,-2.3425705819590803e-14,4776,16,4776,16,0.10609243880026042,True
frontier,ising_2d,tebd_swap,16,1,9,0.9,0.0031313508781549704,4776,16,False,dcf0ce3f4b5ba40ec18f,success,0.996868649121845,1.0000000000000226,1.0000000000000002,-2.2426505097428162e-14,4776,16,4776,16,0.1064822031185031,True
frontier,ising_2d,tebd_swap,16,1,10,1.0,0.006706174667997056,4776,16,False,dcf0ce3f4b5ba40ec18f,success,0.9932938253320029,1.0000000000000255,1.0000000000000002,-2.531308496145357e-14,4776,16,4776,16,0.10675224079750478,True
frontier,ising_2d,tebd_swap,16,1,11,1.1,0.01169463358116929,4776,16,False,dcf0ce3f4b5ba40ec18f,success,0.9883053664188307,1.0000000000000286,1.0,-2.864375403532904e-14,4776,16,4776,16,0.10801340802572668,True
frontier,ising_2d,tebd_swap,16,1,12,1.2000000000000002,0.018348033650355533,4776,16,False,dcf0ce3f4b5ba40ec18f,success,0.9816519663496445,1.0000000000000313,1.0000000000000018,-2.9531932455029164e-14,4776,16,4776,16,0.10920082405209541,True
frontier,ising_2d,tebd_swap,16,1,13,1.3,0.025488264954263817,4776,16,False,dcf0ce3f4b5ba40ec18f,success,0.9745117350457362,1.0000000000000342,1.000000000000001,-3.3084646133829665e-14,4776,16,4776,16,0.10861616511829197,True
frontier,ising_2d,tebd_swap,16,1,14,1.4000000000000001,0.031942704489482776,4776,16,False,dcf0ce3f4b5ba40ec18f,success,0.9680572955105172,1.0000000000000377,0.9999999999999986,-3.9190872769268026e-14,4776,16,4776,16,0.1072863438166678,True
frontier,ising_2d,tebd_swap,16,1,15,1.5,0.037460593035834155,4776,16,False,dcf0ce3f4b5ba40ec18f,success,0.9625394069641658,1.0000000000000389,1.0,-3.885780586188048e-14,4776,16,4776,16,0.10879821190610528,True
frontier,ising_2d,tebd_swap,24,1,0,0.0,0.0,32,1,False,80e5f49bdf89809bdbdb,success,1.0,1.0,1.0,0.0,32,1,32,1,0.0,True
frontier,ising_2d,tebd_swap,24,1,1,0.1,1.2656542480726785e-14,2396,11,False,80e5f49bdf89809bdbdb,success,0.9999999999999873,1.000000000000033,1.000000000000019,-1.3988810110276972e-14,2396,11,2396,11,0.08050594199448824,True
frontier,ising_2d,tebd_swap,24,1,2,0.2,1.4785950241957835e-12,5926,20,False,80e5f49bdf89809bdbdb,success,0.9999999999985214,1.000000000000006,0.9999999999999979,-8.104628079763643e-15,5704,19,5926,20,0.10004502884112298,True
frontier,ising_2d,tebd_swap,24,1,3,0.30000000000000004,1.1039835712267632e-11,9048,24,False,80e5f49bdf89809bdbdb,success,0.9999999999889602,1.0000000000000098,0.9999999999999994,-1.0325074129013956e-14,8728,24,9048,24,0.11700821807608008,True
frontier,ising_2d,tebd_swap,24,1,4,0.4,1.3515446539713594e-09,9128,24,False,80e5f49bdf89809bdbdb,success,0.9999999986484553,1.0000000000000122,1.000000000000003,-9.103828801926284e-15,9128,24,9128,24,0.12902026809751987,True
frontier,ising_2d,tebd_swap,24,1,5,0.5,5.8124666191261554e-08,9128,24,False,80e5f49bdf89809bdbdb,success,0.9999999418753338,1.0000000000000107,0.9999999999999999,-1.0769163338864018e-14,9128,24,9128,24,0.12967523490078747,True
frontier,ising_2d,tebd_swap,24,1,6,0.6000000000000001,1.1416859929669343e-06,9128,24,False,80e5f49bdf89809bdbdb,success,0.999998858314007,1.0000000000000142,1.0000000000000004,-1.3766765505351941e-14,9128,24,9128,24,0.12953944690525532,True
frontier,ising_2d,tebd_swap,24,1,7,0.7000000000000001,1.2389192403983174e-05,9128,24,False,80e5f49bdf89809bdbdb,success,0.999987610807596,1.0000000000000182,0.9999999999999979,-2.0317081350640365e-14,9128,24,9128,24,0.1293952118139714,True
frontier,ising_2d,tebd_swap,24,1,8,0.8,8.69432591099617e-05,9128,24,False,80e5f49bdf89809bdbdb,success,0.99991305674089,1.000000000000021,1.0000000000000007,-2.042810365310288e-14,9128,24,9128,24,0.13058229396119714,True
frontier,ising_2d,tebd_swap,24,1,9,0.9,0.0004052085069148337,9128,24,False,80e5f49bdf89809bdbdb,success,0.9995947914930852,1.0000000000000226,1.0000000000000002,-2.2426505097428162e-14,9128,24,9128,24,0.12978289322927594,True
frontier,ising_2d,tebd_swap,24,1,10,1.0,0.0013274225160262443,9128,24,False,80e5f49bdf89809bdbdb,success,0.9986725774839738,1.0000000000000255,0.9999999999999986,-2.6978419498391304e-14,9128,24,9128,24,0.13064803509041667,True
frontier,ising_2d,tebd_swap,24,1,11,1.1,0.0032097673388739034,9128,24,False,80e5f49bdf89809bdbdb,success,0.9967902326611261,1.0000000000000286,1.0000000000000009,-2.7755575615628914e-14,9128,24,9128,24,0.1306245420128107,True
frontier,ising_2d,tebd_swap,24,1,12,1.2000000000000002,0.005917367688658692,9128,24,False,80e5f49bdf89809bdbdb,success,0.9940826323113413,1.0000000000000313,0.9999999999999999,-3.141931159689193e-14,9128,24,9128,24,0.13175425212830305,True
frontier,ising_2d,tebd_swap,24,1,13,1.3,0.00948216922382572,9128,24,False,80e5f49bdf89809bdbdb,success,0.9905178307761743,1.0000000000000342,1.0000000000000002,-3.397282455352979e-14,9128,24,9128,24,0.1317149398382753,True
frontier,ising_2d,tebd_swap,24,1,14,1.4000000000000001,0.013465328049103609,9128,24,False,80e5f49bdf89809bdbdb,success,0.9865346719508964,1.0000000000000377,1.0000000000000016,-3.6193270602780103e-14,9128,24,9128,24,0.1322208270430565,True
frontier,ising_2d,tebd_swap,24,1,15,1.5,0.01717842652843815,9128,24,False,80e5f49bdf89809bdbdb,success,0.9828215734715618,1.0000000000000389,1.0000000000000007,-3.8191672047105385e-14,9128,24,9128,24,0.13712659291923046,True
frontier,ising_2d,tebd_swap,64,1,0,0.0,0.0,32,1,False,2fe3b3ea06cd01de4827,success,1.0,1.0,1.0,0.0,32,1,32,1,0.0,True
frontier,ising_2d,tebd_swap,64,1,1,0.1,1.2656542480726785e-14,2396,11,False,2fe3b3ea06cd01de4827,success,0.9999999999999873,1.000000000000033,1.000000000000019,-1.3988810110276972e-14,2396,11,2396,11,0.0800744709558785,True
frontier,ising_2d,tebd_swap,64,1,2,0.2,1.4785950241957835e-12,5926,20,False,2fe3b3ea06cd01de4827,success,0.9999999999985214,1.000000000000006,0.9999999999999979,-8.104628079763643e-15,5704,19,5926,20,0.09990613698028028,True
frontier,ising_2d,tebd_swap,64,1,3,0.30000000000000004,4.6627146588207324e-12,12834,33,False,2fe3b3ea06cd01de4827,success,0.9999999999953373,1.0000000000000098,0.9999999999999976,-1.2212453270876722e-14,11422,33,12834,33,0.12522302102297544,True
frontier,ising_2d,tebd_swap,64,1,4,0.4,1.612554534347055e-11,24698,52,False,2fe3b3ea06cd01de4827,success,0.9999999999838745,1.0000000000000122,1.0000000000000007,-1.1546319456101628e-14,21012,51,24698,52,0.172747045988217,True
frontier,ising_2d,tebd_swap,64,1,5,0.5,2.979083646437175e-11,38090,64,False,2fe3b3ea06cd01de4827,success,0.9999999999702092,1.0000000000000107,0.9999999999999998,-1.0880185641326534e-14,35926,64,38090,64,0.27129116212017834,True
frontier,ising_2d,tebd_swap,64,1,6,0.6000000000000001,3.4739833232322326e-10,42344,64,False,2fe3b3ea06cd01de4827,success,0.9999999996526017,1.0000000000000142,1.0000000000000004,-1.3766765505351941e-14,41192,64,42344,64,0.3486735699698329,True
frontier,ising_2d,tebd_swap,64,1,7,0.7000000000000001,1.0982886378130274e-08,43688,64,False,2fe3b3ea06cd01de4827,success,0.9999999890171136,1.0000000000000182,1.0000000000000009,-1.7319479184152442e-14,43688,64,43688,64,0.3793882338795811,True
frontier,ising_2d,tebd_swap,64,1,8,0.8,1.9770394343865405e-07,43688,64,False,2fe3b3ea06cd01de4827,success,0.9999998022960566,1.000000000000021,1.0000000000000004,-2.0650148258027912e-14,43688,64,43688,64,0.39617576100863516,True
frontier,ising_2d,tebd_swap,64,1,9,0.9,1.96092495963196e-06,43688,64,False,2fe3b3ea06cd01de4827,success,0.9999980390750404,1.0000000000000226,1.000000000000002,-2.0650148258027912e-14,43688,64,43688,64,0.4020787391345948,True
frontier,ising_2d,tebd_swap,64,1,10,1.0,1.2173379234536874e-05,43688,64,False,2fe3b3ea06cd01de4827,success,0.9999878266207655,1.0000000000000255,1.0000000000000007,-2.4868995751603507e-14,43688,64,43688,64,0.3937081671319902,True
frontier,ising_2d,tebd_swap,64,1,11,1.1,5.307227164119688e-05,43688,64,False,2fe3b3ea06cd01de4827,success,0.9999469277283588,1.0000000000000286,0.9999999999999992,-2.942091015256665e-14,43688,64,43688,64,0.3955180279444903,True
frontier,ising_2d,tebd_swap,64,1,12,1.2000000000000002,0.00017134772149740574,43688,64,False,2fe3b3ea06cd01de4827,success,0.9998286522785026,1.0000000000000313,0.9999999999999994,-3.186340080674199e-14,43688,64,43688,64,0.39481878094375134,True
frontier,ising_2d,tebd_swap,64,1,13,1.3,0.00043095570656748183,43688,64,False,2fe3b3ea06cd01de4827,success,0.9995690442934325,1.0000000000000342,1.0000000000000018,-3.241851231905457e-14,43688,64,43688,64,0.3956143541727215,True
frontier,ising_2d,tebd_swap,64,1,14,1.4000000000000001,0.0008735955490524194,43688,64,False,2fe3b3ea06cd01de4827,success,0.9991264044509476,1.0000000000000377,1.0000000000000018,-3.597122599785507e-14,43688,64,43688,64,0.39515558793209493,True
frontier,ising_2d,tebd_swap,64,1,15,1.5,0.0014784872087384437,43688,64,False,2fe3b3ea06cd01de4827,success,0.9985215127912616,1.0000000000000389,0.9999999999999991,-3.9745984281580604e-14,43688,64,43688,64,0.39337901188991964,True
resolution,heisenberg_2d,gate_local_2tdvp,32,1,0,0.0,0.0,32,1,False,15a1b8366fefcc116baa,success,1.0,1.0,1.0,0.0,32,1,32,1,0.0,False
resolution,heisenberg_2d,gate_local_2tdvp,32,1,1,0.1,0.02097541322862717,15016,32,False,15a1b8366fefcc116baa,success,0.9790245867713728,1.0000000000000056,0.9999999999999988,-6.772360450213455e-15,15016,32,15016,32,5.722891420824453,False
resolution,heisenberg_2d,gate_local_2tdvp,32,2,0,0.0,0.0,32,1,False,efe055af6dac1d56d446,success,1.0,1.0,1.0,0.0,32,1,32,1,0.0,False
resolution,heisenberg_2d,gate_local_2tdvp,32,2,1,0.1,0.01767572860183908,15016,32,False,efe055af6dac1d56d446,success,0.9823242713981609,1.0000000000000056,0.999999999999998,-7.549516567451064e-15,15016,32,15016,32,6.362605840200558,False
resolution,heisenberg_2d,gate_local_2tdvp,32,4,0,0.0,0.0,32,1,False,d75bc99c20f76e6ac8d6,success,1.0,1.0,1.0,0.0,32,1,32,1,0.0,False
resolution,heisenberg_2d,gate_local_2tdvp,32,4,1,0.1,0.01623227637321878,15016,32,False,d75bc99c20f76e6ac8d6,success,0.9837677236267812,1.0000000000000056,0.9999999999999974,-8.104628079763643e-15,15016,32,15016,32,7.552608730969951,False
resolution,ising_2d,gate_local_2tdvp,32,1,0,0.0,0.0,32,1,False,e0a8ed825f2febcb09d2,success,1.0,1.0,1.0,0.0,32,1,32,1,0.0,False
resolution,ising_2d,gate_local_2tdvp,32,1,1,0.1,3.4938057327682515e-05,120,2,False,e0a8ed825f2febcb09d2,success,0.9999650619426723,1.000000000000033,1.0000000000000056,-2.7533531010703882e-14,120,2,120,2,0.20118343993090093,False
resolution,ising_2d,gate_local_2tdvp,32,1,2,0.2,0.0003203895128015555,1186,10,False,e0a8ed825f2febcb09d2,success,0.9996796104871984,1.000000000000006,0.9999999999999999,-6.106226635438361e-15,1186,10,1186,10,0.23117405199445784,False
resolution,ising_2d,gate_local_2tdvp,32,1,3,0.30000000000000004,0.0005177801915895452,6218,21,False,e0a8ed825f2febcb09d2,success,0.9994822198084105,1.0000000000000098,1.0000000000000024,-7.327471962526033e-15,6218,21,6218,21,0.38471986004151404,False
resolution,ising_2d,gate_local_2tdvp,32,1,4,0.4,0.0005177854342107713,11624,30,False,e0a8ed825f2febcb09d2,success,0.9994822145657892,1.0000000000000122,0.9999999999999989,-1.3322676295501878e-14,11624,30,11624,30,1.1254795449785888,False
resolution,ising_2d,gate_local_2tdvp,32,1,5,0.5,0.0005177915660636856,14824,32,False,e0a8ed825f2febcb09d2,success,0.9994822084339363,1.0000000000000107,0.9999999999999976,-1.3100631690576847e-14,14824,32,14824,32,2.7555746741127223,False
resolution,ising_2d,gate_local_2tdvp,32,1,6,0.6000000000000001,0.0005178711813010883,15016,32,False,e0a8ed825f2febcb09d2,success,0.9994821288186989,1.0000000000000142,0.999999999999999,-1.5210055437364645e-14,15016,32,15016,32,3.058728161966428,False
resolution,ising_2d,gate_local_2tdvp,32,1,7,0.7000000000000001,0.0005188127658904973,15016,32,False,e0a8ed825f2febcb09d2,success,0.9994811872341095,1.0000000000000182,1.0000000000000002,-1.7985612998927536e-14,15016,32,15016,32,3.3737601100001484,False
resolution,ising_2d,gate_local_2tdvp,32,1,8,0.8,0.000525794097781862,15016,32,False,e0a8ed825f2febcb09d2,success,0.9994742059022181,1.000000000000021,0.9999999999999991,-2.19824158875781e-14,15016,32,15016,32,3.234437848906964,False
resolution,ising_2d,gate_local_2tdvp,32,1,9,0.9,0.0005614275898128129,15016,32,False,e0a8ed825f2febcb09d2,success,0.9994385724101872,1.0000000000000226,0.9999999999999981,-2.453592884421596e-14,15016,32,15016,32,3.3294516110327095,False
resolution,ising_2d,gate_local_2tdvp,32,1,10,1.0,0.0006949907898305963,15016,32,False,e0a8ed825f2febcb09d2,success,0.9993050092101694,1.0000000000000255,0.9999999999999993,-2.6201263381153694e-14,15016,32,15016,32,2.9914903710596263,False
resolution,ising_2d,gate_local_2tdvp,32,1,11,1.1,0.0010685686430660368,15016,32,False,e0a8ed825f2febcb09d2,success,0.998931431356934,1.0000000000000286,1.0000000000000002,-2.842170943040401e-14,15016,32,15016,32,3.3022194940131158,False
resolution,ising_2d,gate_local_2tdvp,32,1,12,1.2000000000000002,0.001871710960845152,15016,32,False,e0a8ed825f2febcb09d2,success,0.9981282890391548,1.0000000000000313,1.0000000000000002,-3.108624468950438e-14,15016,32,15016,32,3.3714173559565097,False
resolution,ising_2d,gate_local_2tdvp,32,1,13,1.3,0.003248357765974763,15016,32,False,e0a8ed825f2febcb09d2,success,0.9967516422340252,1.0000000000000342,1.0000000000000007,-3.352873534367973e-14,15016,32,15016,32,2.9725107979029417,False
resolution,ising_2d,gate_local_2tdvp,32,1,14,1.4000000000000001,0.005120240783730523,15016,32,False,e0a8ed825f2febcb09d2,success,0.9948797592162695,1.0000000000000377,1.0,-3.774758283725532e-14,15016,32,15016,32,3.166483083041385,False
resolution,ising_2d,gate_local_2tdvp,32,1,15,1.5,0.007203959175365093,15016,32,False,e0a8ed825f2febcb09d2,success,0.9927960408246349,1.0000000000000389,1.0000000000000016,-3.730349362740526e-14,15016,32,15016,32,3.006166262086481,False
resolution,ising_2d,gate_local_2tdvp,32,2,0,0.0,0.0,32,1,False,caf995a0357f46358f5b,success,1.0,1.0,1.0,0.0,32,1,32,1,0.0,False
resolution,ising_2d,gate_local_2tdvp,32,2,1,0.1,3.4938057327682515e-05,120,2,False,caf995a0357f46358f5b,success,0.9999650619426723,1.000000000000033,1.0000000000000058,-2.731148640577885e-14,120,2,120,2,0.29124506493099034,False
resolution,ising_2d,gate_local_2tdvp,32,2,2,0.2,0.00027371527790320815,1218,10,False,caf995a0357f46358f5b,success,0.9997262847220968,1.000000000000006,0.999999999999998,-7.993605777301127e-15,1218,10,1218,10,0.36034452193416655,False
resolution,ising_2d,gate_local_2tdvp,32,2,3,0.30000000000000004,0.0005835934198231696,5136,18,False,caf995a0357f46358f5b,success,0.9994164065801768,1.0000000000000098,1.000000000000002,-7.771561172376096e-15,5136,18,5136,18,0.5025506210513413,False
resolution,ising_2d,gate_local_2tdvp,32,2,4,0.4,0.0005835948832969562,11192,30,False,caf995a0357f46358f5b,success,0.999416405116703,1.0000000000000122,0.9999999999999973,-1.4876988529977098e-14,11192,30,11192,30,1.066477820975706,False
resolution,ising_2d,gate_local_2tdvp,32,2,5,0.5,0.0005835981685685665,14632,32,False,caf995a0357f46358f5b,success,0.9994164018314314,1.0000000000000107,0.9999999999999996,-1.1102230246251565e-14,14632,32,14632,32,2.256147890118882,False
resolution,ising_2d,gate_local_2tdvp,32,2,6,0.6000000000000001,0.0005836711247989568,15016,32,False,caf995a0357f46358f5b,success,0.999416328875201,1.0000000000000142,1.0000000000000004,-1.3766765505351941e-14,15016,32,15016,32,3.2504508611746132,False
resolution,ising_2d,gate_local_2tdvp,32,2,7,0.7000000000000001,0.0005845745375424594,15016,32,False,caf995a0357f46358f5b,success,0.9994154254624575,1.0000000000000182,1.000000000000002,-1.6209256159527285e-14,15016,32,15016,32,3.5186715968884528,False
resolution,ising_2d,gate_local_2tdvp,32,2,8,0.8,0.0005914090343891454,15016,32,False,caf995a0357f46358f5b,success,0.9994085909656109,1.000000000000021,0.9999999999999981,-2.298161660974074e-14,15016,32,15016,32,3.4241330039221793,False
resolution,ising_2d,gate_local_2tdvp,32,2,9,0.9,0.0006270996128969752,15016,32,False,caf995a0357f46358f5b,success,0.999372900387103,1.0000000000000226,1.0000000000000004,-2.220446049250313e-14,15016,32,15016,32,3.6124332228209823,False
resolution,ising_2d,gate_local_2tdvp,32,2,10,1.0,0.0007622698667805183,15016,32,False,caf995a0357f46358f5b,success,0.9992377301332195,1.0000000000000255,0.9999999999999979,-2.7644553313166398e-14,15016,32,15016,32,3.8079886639025062,False
resolution,ising_2d,gate_local_2tdvp,32,2,11,1.1,0.001140263168171729,15016,32,False,caf995a0357f46358f5b,success,0.9988597368318283,1.0000000000000286,0.9999999999999993,-2.930988785010413e-14,15016,32,15016,32,3.526784186018631,False
resolution,ising_2d,gate_local_2tdvp,32,2,12,1.2000000000000002,0.0019522702696134209,15016,32,False,caf995a0357f46358f5b,success,0.9980477297303866,1.0000000000000313,0.9999999999999974,-3.3861802251067274e-14,15016,32,15016,32,3.659526386996731,False
resolution,ising_2d,gate_local_2tdvp,32,2,13,1.3,0.003347444612261663,15016,32,False,caf995a0357f46358f5b,success,0.9966525553877383,1.0000000000000342,1.0000000000000004,-3.375077994860476e-14,15016,32,15016,32,3.513126047095284,False
resolution,ising_2d,gate_local_2tdvp,32,2,14,1.4000000000000001,0.005247613852556787,15016,32,False,caf995a0357f46358f5b,success,0.9947523861474432,1.0000000000000377,1.0000000000000016,-3.6193270602780103e-14,15016,32,15016,32,3.897978447144851,False
resolution,ising_2d,gate_local_2tdvp,32,2,15,1.5,0.007357027989485121,15016,32,False,caf995a0357f46358f5b,success,0.9926429720105149,1.0000000000000389,1.0,-3.885780586188048e-14,15016,32,15016,32,3.8333632599096745,False
resolution,ising_2d,gate_local_2tdvp,32,4,0,0.0,0.0,32,1,False,3f900d2e5372f80c745f,success,1.0,1.0,1.0,0.0,32,1,32,1,0.0,False
resolution,ising_2d,gate_local_2tdvp,32,4,1,0.1,3.493805732790456e-05,120,2,False,3f900d2e5372f80c745f,success,0.9999650619426721,1.000000000000033,1.0000000000000047,-2.842170943040401e-14,120,2,120,2,0.46355027821846306,False
resolution,ising_2d,gate_local_2tdvp,32,4,2,0.2,0.00028667398966908397,1186,10,False,3f900d2e5372f80c745f,success,0.9997133260103309,1.000000000000006,0.9999999999999988,-7.216449660063518e-15,1186,10,1186,10,0.6020017168484628,False
resolution,ising_2d,gate_local_2tdvp,32,4,3,0.30000000000000004,0.000598686897763101,4868,17,False,3f900d2e5372f80c745f,success,0.9994013131022369,1.0000000000000098,1.000000000000001,-8.659739592076221e-15,4868,17,4868,17,0.837537539890036,False
resolution,ising_2d,gate_local_2tdvp,32,4,4,0.4,0.0005986930908877808,9584,27,False,3f900d2e5372f80c745f,success,0.9994013069091122,1.0000000000000122,0.9999999999999983,-1.3877787807814457e-14,9584,27,9584,27,1.2907477670814842,False
resolution,ising_2d,gate_local_2tdvp,32,4,5,0.5,0.0005987007048600113,14034,32,False,3f900d2e5372f80c745f,success,0.99940129929514,1.0000000000000107,1.0000000000000009,-9.769962616701378e-15,14034,32,14034,32,3.4429547381587327,False
resolution,ising_2d,gate_local_2tdvp,32,4,6,0.6000000000000001,0.0005987758595722426,15016,32,False,3f900d2e5372f80c745f,success,0.9994012241404278,1.0000000000000142,0.9999999999999997,-1.454392162258955e-14,15016,32,15016,32,5.890928856097162,False
resolution,ising_2d,gate_local_2tdvp,32,4,7,0.7000000000000001,0.0005997038981028213,15016,32,False,3f900d2e5372f80c745f,success,0.9994002961018972,1.0000000000000182,1.000000000000002,-1.6209256159527285e-14,15016,32,15016,32,6.275343063054606,False
resolution,ising_2d,gate_local_2tdvp,32,4,8,0.8,0.0006066213815710819,15016,32,False,3f900d2e5372f80c745f,success,0.9993933786184289,1.000000000000021,1.0000000000000004,-2.0650148258027912e-14,15016,32,15016,32,6.608619028935209,False
resolution,ising_2d,gate_local_2tdvp,32,4,9,0.9,0.0006422684983722338,15016,32,False,3f900d2e5372f80c745f,success,0.9993577315016278,1.0000000000000226,0.9999999999999996,-2.3092638912203256e-14,15016,32,15016,32,6.119919286807999,False
resolution,ising_2d,gate_local_2tdvp,32,4,10,1.0,0.0007767653847510214,15016,32,False,3f900d2e5372f80c745f,success,0.999223234615249,1.0000000000000255,0.9999999999999992,-2.631228568361621e-14,15016,32,15016,32,6.089781135786325,False
resolution,ising_2d,gate_local_2tdvp,32,4,11,1.1,0.0011525687412841101,15016,32,False,3f900d2e5372f80c745f,success,0.9988474312587159,1.0000000000000286,1.0000000000000002,-2.842170943040401e-14,15016,32,15016,32,6.3162829438224435,False
resolution,ising_2d,gate_local_2tdvp,32,4,12,1.2000000000000002,0.0019627466552583073,15016,32,False,3f900d2e5372f80c745f,success,0.9980372533447417,1.0000000000000313,0.9999999999999988,-3.2529534621517087e-14,15016,32,15016,32,6.215058519039303,False
resolution,ising_2d,gate_local_2tdvp,32,4,13,1.3,0.003365240112453538,15016,32,False,3f900d2e5372f80c745f,success,0.9966347598875465,1.0000000000000342,1.0000000000000007,-3.352873534367973e-14,15016,32,15016,32,6.329181372886524,False
resolution,ising_2d,gate_local_2tdvp,32,4,14,1.4000000000000001,0.005289535312114846,15016,32,False,3f900d2e5372f80c745f,success,0.9947104646878852,1.0000000000000377,0.9999999999999982,-3.952393967665557e-14,15016,32,15016,32,6.400643920060247,False
resolution,ising_2d,gate_local_2tdvp,32,4,15,1.5,0.0074436127656017925,15016,32,False,3f900d2e5372f80c745f,success,0.9925563872343982,1.0000000000000389,0.9999999999999976,-4.1300296516055823e-14,15016,32,15016,32,6.500038239173591,False
trajectories,heisenberg_1d,gate_local_2tdvp,32,2,0,0.0,0.0,32,1,False,eb28209ba771175b8ce7,success,1.0,1.0,1.0,0.0,32,1,32,1,0.0,True
trajectories,heisenberg_1d,gate_local_2tdvp,32,2,1,0.1,1.414757200279837e-12,856,6,False,eb28209ba771175b8ce7,success,0.9999999999985852,1.0000000000000018,0.9999999999999973,-4.440892098500626e-15,856,6,856,6,0.43427621107548475,True
trajectories,heisenberg_1d,gate_local_2tdvp,32,2,2,0.2,1.1426193324837186e-11,2088,10,False,eb28209ba771175b8ce7,success,0.9999999999885738,1.0000000000000064,0.9999999999999998,-6.661338147750939e-15,2088,10,2088,10,0.5165349300950766,True
trajectories,heisenberg_1d,gate_local_2tdvp,32,2,3,0.30000000000000004,4.1004311057690757e-11,5236,17,False,eb28209ba771175b8ce7,success,0.9999999999589957,1.00000000000001,0.9999999999999996,-1.0436096431476471e-14,5236,17,5236,17,0.6273311600089073,True
trajectories,heisenberg_1d,gate_local_2tdvp,32,2,4,0.4,5.285305526570028e-11,7168,21,False,eb28209ba771175b8ce7,success,0.999999999947147,1.0000000000000133,0.9999999999999993,-1.3988810110276972e-14,7168,21,7168,21,0.8928592188749462,True
trajectories,heisenberg_1d,gate_local_2tdvp,32,2,5,0.5,8.610356871940894e-11,13444,31,False,eb28209ba771175b8ce7,success,0.9999999999138964,1.0000000000000158,0.9999999999999998,-1.5987211554602254e-14,13444,31,13444,31,2.470948626054451,True
trajectories,heisenberg_1d,gate_local_2tdvp,32,2,6,0.6000000000000001,5.073956810264235e-10,15016,32,False,eb28209ba771175b8ce7,success,0.9999999994926043,1.0000000000000193,1.0000000000000002,-1.9095836023552692e-14,15016,32,15016,32,7.172453418141231,True
trajectories,heisenberg_1d,gate_local_2tdvp,32,2,7,0.7000000000000001,1.7899577042790327e-08,15016,32,False,eb28209ba771175b8ce7,success,0.999999982100423,1.0000000000000222,1.0000000000000009,-2.1316282072803006e-14,15016,32,15016,32,8.140597691992298,True
trajectories,heisenberg_1d,gate_local_2tdvp,32,2,8,0.8,4.124314535447482e-07,15016,32,False,eb28209ba771175b8ce7,success,0.9999995875685465,1.0000000000000255,1.000000000000001,-2.4424906541753444e-14,15016,32,15016,32,8.334145596018061,True
trajectories,heisenberg_1d,gate_local_2tdvp,32,2,9,0.9,6.000126985927778e-06,15016,32,False,eb28209ba771175b8ce7,success,0.9999939998730141,1.0000000000000289,1.0000000000000009,-2.7977620220553945e-14,15016,32,15016,32,8.25114400102757,True
trajectories,heisenberg_1d,gate_local_2tdvp,32,2,10,1.0,5.9980635513823266e-05,15016,32,False,eb28209ba771175b8ce7,success,0.9999400193644862,1.0000000000000313,1.0000000000000002,-3.108624468950438e-14,15016,32,15016,32,9.086637425003573,True
trajectories,heisenberg_1d,gate_local_2tdvp,32,2,11,1.1,0.00043083638100205324,15016,32,False,eb28209ba771175b8ce7,success,0.999569163618998,1.0000000000000342,1.000000000000001,-3.3084646133829665e-14,15016,32,15016,32,8.250946858897805,True
trajectories,heisenberg_1d,gate_local_2tdvp,32,2,12,1.2000000000000002,0.0022684410817166434,15016,32,False,eb28209ba771175b8ce7,success,0.9977315589182834,1.0000000000000375,1.0000000000000002,-3.730349362740526e-14,15016,32,15016,32,7.746346371946856,True
trajectories,heisenberg_1d,gate_local_2tdvp,32,2,13,1.3,0.008871001581438609,15016,32,False,eb28209ba771175b8ce7,success,0.9911289984185614,1.0000000000000406,1.0000000000000004,-4.0190073491430667e-14,15016,32,15016,32,8.214908824069425,True
trajectories,heisenberg_1d,gate_local_2tdvp,32,2,14,1.4000000000000001,0.026240812473543706,15016,32,False,eb28209ba771175b8ce7,success,0.9737591875264563,1.0000000000000444,0.9999999999999999,-4.451994328746878e-14,15016,32,15016,32,8.03930986719206,True
trajectories,heisenberg_1d,gate_local_2tdvp,32,2,15,1.5,0.060374308879510674,15016,32,False,eb28209ba771175b8ce7,success,0.9396256911204893,1.0000000000000473,1.0000000000000002,-4.707345624410664e-14,15016,32,15016,32,7.894420936936513,True
trajectories,heisenberg_1d,gate_local_2tdvp,32,2,16,1.6,0.11160248288402252,15016,32,False,eb28209ba771175b8ce7,success,0.8883975171159775,1.0000000000000502,0.9999999999999994,-5.0737192225369654e-14,15016,32,15016,32,7.835263125831261,True
trajectories,heisenberg_1d,gate_local_2tdvp,32,2,17,1.7000000000000002,0.17279260083587156,15016,32,False,eb28209ba771175b8ce7,success,0.8272073991641284,1.0000000000000535,1.0000000000000002,-5.3290705182007514e-14,15016,32,15016,32,7.810781974112615,True
trajectories,heisenberg_1d,gate_local_2tdvp,32,2,18,1.8,0.23611112434227433,15016,32,False,eb28209ba771175b8ce7,success,0.7638888756577257,1.0000000000000568,1.0000000000000009,-5.595524044110789e-14,15016,32,15016,32,8.071295958012342,True
trajectories,heisenberg_1d,gate_local_2tdvp,32,2,19,1.9000000000000001,0.29471911216796354,15016,32,False,eb28209ba771175b8ce7,success,0.7052808878320365,1.0000000000000597,1.0000000000000004,-5.928590951498336e-14,15016,32,15016,32,8.007809107890353,True
trajectories,heisenberg_1d,gate_local_2tdvp,32,2,20,2.0,0.34419866098267804,15016,32,False,eb28209ba771175b8ce7,success,0.655801339017322,1.0000000000000628,0.9999999999999999,-6.294964549624638e-14,15016,32,15016,32,7.826057038968429,True
trajectories,heisenberg_1d,gate_local_2tdvp,32,2,21,2.1,0.3852054011217748,15016,32,False,eb28209ba771175b8ce7,success,0.6147945988782252,1.000000000000066,0.9999999999999997,-6.628031457012185e-14,15016,32,15016,32,7.897395973093808,True
trajectories,heisenberg_1d,gate_local_2tdvp,32,2,22,2.2,0.42071702486601903,15016,32,False,eb28209ba771175b8ce7,success,0.579282975133981,1.000000000000069,1.0000000000000004,-6.861178292183467e-14,15016,32,15016,32,8.092419093940407,True
trajectories,heisenberg_1d,gate_local_2tdvp,32,2,23,2.3000000000000003,0.45077517984311766,15016,32,False,eb28209ba771175b8ce7,success,0.5492248201568823,1.0000000000000722,0.9999999999999999,-7.227551890309769e-14,15016,32,15016,32,7.931336470879614,True
trajectories,heisenberg_1d,gate_local_2tdvp,32,2,24,2.4000000000000004,0.4753970578224803,15016,32,False,eb28209ba771175b8ce7,success,0.5246029421775197,1.000000000000075,1.0000000000000009,-7.416289804496046e-14,15016,32,15016,32,8.001800458179787,True
trajectories,heisenberg_1d,gate_local_2tdvp,32,2,25,2.5,0.4960014510289037,15016,32,False,eb28209ba771175b8ce7,success,0.5039985489710963,1.0000000000000786,1.0000000000000009,-7.771561172376096e-14,15016,32,15016,32,8.002240152098238,True
trajectories,heisenberg_1d,gate_local_2tdvp,32,2,26,2.6,0.5142277804442248,15016,32,False,eb28209ba771175b8ce7,success,0.4857722195557752,1.0000000000000817,1.0000000000000007,-8.104628079763643e-14,15016,32,15016,32,7.772232905961573,True
trajectories,heisenberg_1d,gate_local_2tdvp,32,2,27,2.7,0.5293354692020791,15016,32,False,eb28209ba771175b8ce7,success,0.4706645307979209,1.000000000000085,1.0000000000000007,-8.43769498715119e-14,15016,32,15016,32,7.831528635928407,True
trajectories,heisenberg_1d,gate_local_2tdvp,32,2,28,2.8000000000000003,0.5410918310583775,15016,32,False,eb28209ba771175b8ce7,success,0.45890816894162245,1.0000000000000884,1.0000000000000007,-8.770761894538737e-14,15016,32,15016,32,7.751360042952001,True
trajectories,heisenberg_1d,gate_local_2tdvp,32,2,29,2.9000000000000004,0.5505053877460557,15016,32,False,eb28209ba771175b8ce7,success,0.4494946122539443,1.000000000000091,1.0000000000000004,-9.059419880941277e-14,15016,32,15016,32,7.875040748855099,True
trajectories,heisenberg_1d,gate_local_2tdvp,32,2,30,3.0,0.5579341113733509,15016,32,False,eb28209ba771175b8ce7,success,0.4420658886266491,1.0000000000000944,1.0000000000000002,-9.414691248821327e-14,15016,32,15016,32,7.638439943082631,True
trajectories,heisenberg_1d,mpo_contract_compress,32,1,0,0.0,0.0,32,1,False,a6e73d78a1776f7c6844,success,1.0,1.0,1.0,0.0,32,1,32,1,0.0,True
trajectories,heisenberg_1d,mpo_contract_compress,32,1,1,0.1,2.255973186038318e-13,856,6,False,a6e73d78a1776f7c6844,success,0.9999999999997744,1.0000000000000018,0.9999999999999984,-3.3306690738754696e-15,856,6,856,6,0.08755974308587611,True
trajectories,heisenberg_1d,mpo_contract_compress,32,1,2,0.2,1.7967849430533533e-12,2856,12,False,a6e73d78a1776f7c6844,success,0.9999999999982032,1.0000000000000064,0.9999999999999997,-6.772360450213455e-15,2856,12,2856,12,0.0963298559654504,True
trajectories,heisenberg_1d,mpo_contract_compress,32,1,3,0.30000000000000004,4.696243394164412e-12,6228,19,False,a6e73d78a1776f7c6844,success,0.9999999999953038,1.00000000000001,1.0000000000000002,-9.769962616701378e-15,6228,19,6228,19,0.10686711105518043,True
trajectories,heisenberg_1d,mpo_contract_compress,32,1,4,0.4,7.988054662178001e-12,8344,23,False,a6e73d78a1776f7c6844,success,0.999999999992012,1.0000000000000133,1.0,-1.3322676295501878e-14,8344,23,8344,23,0.1195808039046824,True
trajectories,heisenberg_1d,mpo_contract_compress,32,1,5,0.5,1.614597344712365e-11,14440,32,False,a6e73d78a1776f7c6844,success,0.999999999983854,1.0000000000000158,1.0000000000000007,-1.509903313490213e-14,14440,32,14440,32,0.1406622191425413,True
trajectories,heisenberg_1d,mpo_contract_compress,32,1,6,0.6000000000000001,4.3065950805498687e-10,15016,32,False,a6e73d78a1776f7c6844,success,0.9999999995693405,1.0000000000000193,1.0,-1.9317880628477724e-14,15016,32,15016,32,0.15861401380971074,True
trajectories,heisenberg_1d,mpo_contract_compress,32,1,7,0.7000000000000001,1.7848877154058584e-08,15016,32,False,a6e73d78a1776f7c6844,success,0.9999999821511228,1.0000000000000222,1.0000000000000004,-2.1760371282653068e-14,15016,32,15016,32,0.15584398503415287,True
trajectories,heisenberg_1d,mpo_contract_compress,32,1,8,0.8,4.119428016480242e-07,15016,32,False,a6e73d78a1776f7c6844,success,0.9999995880571984,1.0000000000000255,0.9999999999999998,-2.5757174171303632e-14,15016,32,15016,32,0.1584686920978129,True
trajectories,heisenberg_1d,mpo_contract_compress,32,1,9,0.9,5.964380508927114e-06,15016,32,False,a6e73d78a1776f7c6844,success,0.9999940356194911,1.0000000000000289,1.0000000000000009,-2.7977620220553945e-14,15016,32,15016,32,0.15950743900611997,True
trajectories,heisenberg_1d,mpo_contract_compress,32,1,10,1.0,5.931752707666327e-05,15016,32,False,a6e73d78a1776f7c6844,success,0.9999406824729233,1.0000000000000313,1.0,-3.1308289294429414e-14,15016,32,15016,32,0.15717023913748562,True
trajectories,heisenberg_1d,mpo_contract_compress,32,1,11,1.1,0.00042403766376697405,15016,32,False,a6e73d78a1776f7c6844,success,0.999575962336233,1.0000000000000342,0.9999999999999999,-3.430589146091734e-14,15016,32,15016,32,0.16130806598812342,True
trajectories,heisenberg_1d,mpo_contract_compress,32,1,12,1.2000000000000002,0.0022219806242586015,15016,32,False,a6e73d78a1776f7c6844,success,0.9977780193757414,1.0000000000000375,1.0000000000000002,-3.730349362740526e-14,15016,32,15016,32,0.17164303897880018,True
trajectories,heisenberg_1d,mpo_contract_compress,32,1,13,1.3,0.008645064384273815,15016,32,False,a6e73d78a1776f7c6844,success,0.9913549356157262,1.0000000000000406,1.0000000000000004,-4.0190073491430667e-14,15016,32,15016,32,0.16465529706329107,True
trajectories,heisenberg_1d,mpo_contract_compress,32,1,14,1.4000000000000001,0.025444861947440223,15016,32,False,a6e73d78a1776f7c6844,success,0.9745551380525598,1.0000000000000444,0.9999999999999996,-4.4853010194856324e-14,15016,32,15016,32,0.1595237439032644,True
trajectories,heisenberg_1d,mpo_contract_compress,32,1,15,1.5,0.05826279187791028,15016,32,False,a6e73d78a1776f7c6844,success,0.9417372081220897,1.0000000000000473,1.0000000000000002,-4.707345624410664e-14,15016,32,15016,32,0.15983661590144038,True
trajectories,heisenberg_1d,mpo_contract_compress,32,1,16,1.6,0.10712316112538434,15016,32,False,a6e73d78a1776f7c6844,success,0.8928768388746157,1.0000000000000502,1.0,-5.0182080713057076e-14,15016,32,15016,32,0.15917762112803757,True
trajectories,heisenberg_1d,mpo_contract_compress,32,1,17,1.7000000000000002,0.16505992337968733,15016,32,False,a6e73d78a1776f7c6844,success,0.8349400766203127,1.0000000000000535,1.0,-5.3512749786932545e-14,15016,32,15016,32,0.15996026596985757,True
trajectories,heisenberg_1d,mpo_contract_compress,32,1,18,1.8,0.22494780450357976,15016,32,False,a6e73d78a1776f7c6844,success,0.7750521954964202,1.0000000000000568,1.0000000000000004,-5.639932965095795e-14,15016,32,15016,32,0.15941623109392822,True
trajectories,heisenberg_1d,mpo_contract_compress,32,1,19,1.9000000000000001,0.28039232181218143,15016,32,False,a6e73d78a1776f7c6844,success,0.7196076781878186,1.0000000000000597,1.0000000000000004,-5.928590951498336e-14,15016,32,15016,32,0.159082124941051,True
trajectories,heisenberg_1d,mpo_contract_compress,32,1,20,2.0,0.32687390394269755,15016,32,False,a6e73d78a1776f7c6844,success,0.6731260960573024,1.0000000000000628,1.0000000000000002,-6.261657858885883e-14,15016,32,15016,32,0.15834760502912104,True
trajectories,heisenberg_1d,mpo_contract_compress,32,1,21,2.1,0.3652374731320742,15016,32,False,a6e73d78a1776f7c6844,success,0.6347625268679258,1.000000000000066,1.0000000000000009,-6.505906924303417e-14,15016,32,15016,32,0.16030445788055658,True
trajectories,heisenberg_1d,mpo_contract_compress,32,1,22,2.2,0.3980781694216192,15016,32,False,a6e73d78a1776f7c6844,success,0.6019218305783808,1.000000000000069,1.0000000000000009,-6.816769371198461e-14,15016,32,15016,32,0.16228471603244543,True
trajectories,heisenberg_1d,mpo_contract_compress,32,1,23,2.3000000000000003,0.4252013123438273,15016,32,False,a6e73d78a1776f7c6844,success,0.5747986876561727,1.0000000000000722,1.0,-7.216449660063518e-14,15016,32,15016,32,0.159968800842762,True
trajectories,heisenberg_1d,mpo_contract_compress,32,1,24,2.4000000000000004,0.4476854684492706,15016,32,False,a6e73d78a1776f7c6844,success,0.5523145315507294,1.000000000000075,1.0000000000000002,-7.482903185973555e-14,15016,32,15016,32,0.16133473790250719,True
trajectories,heisenberg_1d,mpo_contract_compress,32,1,25,2.5,0.4671622840600229,15016,32,False,a6e73d78a1776f7c6844,success,0.5328377159399771,1.0000000000000786,1.0000000000000002,-7.838174553853605e-14,15016,32,15016,32,0.15757023799233139,True
trajectories,heisenberg_1d,mpo_contract_compress,32,1,26,2.6,0.48492064636225807,15016,32,False,a6e73d78a1776f7c6844,success,0.5150793536377419,1.0000000000000817,1.0000000000000002,-8.149037000748649e-14,15016,32,15016,32,0.15900930296629667,True
trajectories,heisenberg_1d,mpo_contract_compress,32,1,27,2.7,0.4995512105338872,15016,32,False,a6e73d78a1776f7c6844,success,0.5004487894661128,1.000000000000085,1.0000000000000004,-8.459899447643693e-14,15016,32,15016,32,0.15986024495214224,True
trajectories,heisenberg_1d,mpo_contract_compress,32,1,28,2.8000000000000003,0.5105711189583646,15016,32,False,a6e73d78a1776f7c6844,success,0.48942888104163546,1.0000000000000884,1.0000000000000004,-8.79296635503124e-14,15016,32,15016,32,0.15893603605218232,True
trajectories,heisenberg_1d,mpo_contract_compress,32,1,29,2.9000000000000004,0.5192411542994811,15016,32,False,a6e73d78a1776f7c6844,success,0.48075884570051886,1.000000000000091,1.0000000000000009,-9.015010959956271e-14,15016,32,15016,32,0.16141197201795876,True
trajectories,heisenberg_1d,mpo_contract_compress,32,1,30,3.0,0.525953742046508,15016,32,False,a6e73d78a1776f7c6844,success,0.474046257953492,1.0000000000000944,1.0000000000000009,-9.348077867343818e-14,15016,32,15016,32,0.16449620900675654,True
trajectories,heisenberg_1d,tebd_swap,32,1,0,0.0,0.0,32,1,False,db0fa5433b033fd534b6,success,1.0,1.0,1.0,0.0,32,1,32,1,0.0,True
trajectories,heisenberg_1d,tebd_swap,32,1,1,0.1,2.255973186038318e-13,856,6,False,db0fa5433b033fd534b6,success,0.9999999999997744,1.0000000000000018,0.9999999999999984,-3.3306690738754696e-15,856,6,856,6,0.08432271401397884,True
trajectories,heisenberg_1d,tebd_swap,32,1,2,0.2,1.7967849430533533e-12,2856,12,False,db0fa5433b033fd534b6,success,0.9999999999982032,1.0000000000000064,0.9999999999999997,-6.772360450213455e-15,2856,12,2856,12,0.09262716514058411,True
trajectories,heisenberg_1d,tebd_swap,32,1,3,0.30000000000000004,4.696243394164412e-12,6228,19,False,db0fa5433b033fd534b6,success,0.9999999999953038,1.00000000000001,1.0000000000000002,-9.769962616701378e-15,6228,19,6228,19,0.10945205297321081,True
trajectories,heisenberg_1d,tebd_swap,32,1,4,0.4,7.988054662178001e-12,8344,23,False,db0fa5433b033fd534b6,success,0.999999999992012,1.0000000000000133,1.0,-1.3322676295501878e-14,8344,23,8344,23,0.11980520910583436,True
trajectories,heisenberg_1d,tebd_swap,32,1,5,0.5,1.614597344712365e-11,14440,32,False,db0fa5433b033fd534b6,success,0.999999999983854,1.0000000000000158,1.0000000000000007,-1.509903313490213e-14,14440,32,14440,32,0.15166079811751842,True
trajectories,heisenberg_1d,tebd_swap,32,1,6,0.6000000000000001,4.3065950805498687e-10,15016,32,False,db0fa5433b033fd534b6,success,0.9999999995693405,1.0000000000000193,1.0,-1.9317880628477724e-14,15016,32,15016,32,0.16119974083267152,True
trajectories,heisenberg_1d,tebd_swap,32,1,7,0.7000000000000001,1.7848877154058584e-08,15016,32,False,db0fa5433b033fd534b6,success,0.9999999821511228,1.0000000000000222,1.0000000000000004,-2.1760371282653068e-14,15016,32,15016,32,0.15753398998640478,True
trajectories,heisenberg_1d,tebd_swap,32,1,8,0.8,4.119428016480242e-07,15016,32,False,db0fa5433b033fd534b6,success,0.9999995880571984,1.0000000000000255,0.9999999999999998,-2.5757174171303632e-14,15016,32,15016,32,0.1568349648732692,True
trajectories,heisenberg_1d,tebd_swap,32,1,9,0.9,5.964380508927114e-06,15016,32,False,db0fa5433b033fd534b6,success,0.9999940356194911,1.0000000000000289,1.0000000000000009,-2.7977620220553945e-14,15016,32,15016,32,0.15783224604092538,True
trajectories,heisenberg_1d,tebd_swap,32,1,10,1.0,5.931752707666327e-05,15016,32,False,db0fa5433b033fd534b6,success,0.9999406824729233,1.0000000000000313,1.0,-3.1308289294429414e-14,15016,32,15016,32,0.15812503290362656,True
trajectories,heisenberg_1d,tebd_swap,32,1,11,1.1,0.00042403766376697405,15016,32,False,db0fa5433b033fd534b6,success,0.999575962336233,1.0000000000000342,0.9999999999999999,-3.430589146091734e-14,15016,32,15016,32,0.15826075803488493,True
trajectories,heisenberg_1d,tebd_swap,32,1,12,1.2000000000000002,0.0022219806242586015,15016,32,False,db0fa5433b033fd534b6,success,0.9977780193757414,1.0000000000000375,1.0000000000000002,-3.730349362740526e-14,15016,32,15016,32,0.1582139958627522,True
trajectories,heisenberg_1d,tebd_swap,32,1,13,1.3,0.008645064384273815,15016,32,False,db0fa5433b033fd534b6,success,0.9913549356157262,1.0000000000000406,1.0000000000000004,-4.0190073491430667e-14,15016,32,15016,32,0.15816642600111663,True
trajectories,heisenberg_1d,tebd_swap,32,1,14,1.4000000000000001,0.025444861947440223,15016,32,False,db0fa5433b033fd534b6,success,0.9745551380525598,1.0000000000000444,0.9999999999999996,-4.4853010194856324e-14,15016,32,15016,32,0.1574919691774994,True
trajectories,heisenberg_1d,tebd_swap,32,1,15,1.5,0.05826279187791028,15016,32,False,db0fa5433b033fd534b6,success,0.9417372081220897,1.0000000000000473,1.0000000000000002,-4.707345624410664e-14,15016,32,15016,32,0.1569547459948808,True
trajectories,heisenberg_1d,tebd_swap,32,1,16,1.6,0.10712316112538434,15016,32,False,db0fa5433b033fd534b6,success,0.8928768388746157,1.0000000000000502,1.0,-5.0182080713057076e-14,15016,32,15016,32,0.15893138595856726,True
trajectories,heisenberg_1d,tebd_swap,32,1,17,1.7000000000000002,0.16505992337968733,15016,32,False,db0fa5433b033fd534b6,success,0.8349400766203127,1.0000000000000535,1.0,-5.3512749786932545e-14,15016,32,15016,32,0.15753145492635667,True
trajectories,heisenberg_1d,tebd_swap,32,1,18,1.8,0.22494780450357976,15016,32,False,db0fa5433b033fd534b6,success,0.7750521954964202,1.0000000000000568,1.0000000000000004,-5.639932965095795e-14,15016,32,15016,32,0.15920732612721622,True
trajectories,heisenberg_1d,tebd_swap,32,1,19,1.9000000000000001,0.28039232181218143,15016,32,False,db0fa5433b033fd534b6,success,0.7196076781878186,1.0000000000000597,1.0000000000000004,-5.928590951498336e-14,15016,32,15016,32,0.16038874397054315,True
trajectories,heisenberg_1d,tebd_swap,32,1,20,2.0,0.32687390394269755,15016,32,False,db0fa5433b033fd534b6,success,0.6731260960573024,1.0000000000000628,1.0000000000000002,-6.261657858885883e-14,15016,32,15016,32,0.1584071039687842,True
trajectories,heisenberg_1d,tebd_swap,32,1,21,2.1,0.3652374731320742,15016,32,False,db0fa5433b033fd534b6,success,0.6347625268679258,1.000000000000066,1.0000000000000009,-6.505906924303417e-14,15016,32,15016,32,0.15973527100868523,True
trajectories,heisenberg_1d,tebd_swap,32,1,22,2.2,0.3980781694216192,15016,32,False,db0fa5433b033fd534b6,success,0.6019218305783808,1.000000000000069,1.0000000000000009,-6.816769371198461e-14,15016,32,15016,32,0.15903062699362636,True
trajectories,heisenberg_1d,tebd_swap,32,1,23,2.3000000000000003,0.4252013123438273,15016,32,False,db0fa5433b033fd534b6,success,0.5747986876561727,1.0000000000000722,1.0,-7.216449660063518e-14,15016,32,15016,32,0.15880271210335195,True
trajectories,heisenberg_1d,tebd_swap,32,1,24,2.4000000000000004,0.4476854684492706,15016,32,False,db0fa5433b033fd534b6,success,0.5523145315507294,1.000000000000075,1.0000000000000002,-7.482903185973555e-14,15016,32,15016,32,0.15846390603110194,True
trajectories,heisenberg_1d,tebd_swap,32,1,25,2.5,0.4671622840600229,15016,32,False,db0fa5433b033fd534b6,success,0.5328377159399771,1.0000000000000786,1.0000000000000002,-7.838174553853605e-14,15016,32,15016,32,0.15973251685500145,True
trajectories,heisenberg_1d,tebd_swap,32,1,26,2.6,0.48492064636225807,15016,32,False,db0fa5433b033fd534b6,success,0.5150793536377419,1.0000000000000817,1.0000000000000002,-8.149037000748649e-14,15016,32,15016,32,0.15826002997346222,True
trajectories,heisenberg_1d,tebd_swap,32,1,27,2.7,0.4995512105338872,15016,32,False,db0fa5433b033fd534b6,success,0.5004487894661128,1.000000000000085,1.0000000000000004,-8.459899447643693e-14,15016,32,15016,32,0.1571882739663124,True
trajectories,heisenberg_1d,tebd_swap,32,1,28,2.8000000000000003,0.5105711189583646,15016,32,False,db0fa5433b033fd534b6,success,0.48942888104163546,1.0000000000000884,1.0000000000000004,-8.79296635503124e-14,15016,32,15016,32,0.15997306304052472,True
trajectories,heisenberg_1d,tebd_swap,32,1,29,2.9000000000000004,0.5192411542994811,15016,32,False,db0fa5433b033fd534b6,success,0.48075884570051886,1.000000000000091,1.0000000000000009,-9.015010959956271e-14,15016,32,15016,32,0.16181031498126686,True
trajectories,heisenberg_1d,tebd_swap,32,1,30,3.0,0.525953742046508,15016,32,False,db0fa5433b033fd534b6,success,0.474046257953492,1.0000000000000944,1.0000000000000009,-9.348077867343818e-14,15016,32,15016,32,0.15749670495279133,True
trajectories,heisenberg_2d,gate_local_2tdvp,32,2,0,0.0,0.0,32,1,False,df86a416cba642eef52a,success,1.0,1.0,1.0,0.0,32,1,32,1,0.0,True
trajectories,heisenberg_2d,gate_local_2tdvp,32,2,1,0.1,0.01767572860183908,15016,32,False,df86a416cba642eef52a,success,0.9823242713981609,1.0000000000000056,0.999999999999998,-7.549516567451064e-15,15016,32,15016,32,5.702629329869524,True
trajectories,heisenberg_2d,gate_local_2tdvp,32,2,2,0.2,0.019535367681499327,15016,32,False,df86a416cba642eef52a,success,0.9804646323185007,1.0000000000000098,1.0000000000000007,-9.103828801926284e-15,15016,32,15016,32,13.513103883946314,True
trajectories,heisenberg_2d,gate_local_2tdvp,32,2,3,0.30000000000000004,0.03910460778169789,15016,32,False,df86a416cba642eef52a,success,0.9608953922183021,1.0000000000000158,1.0000000000000013,-1.4432899320127035e-14,15016,32,15016,32,13.854006275068969,True
trajectories,heisenberg_2d,gate_local_2tdvp,32,2,4,0.4,0.09693572570843345,15016,32,False,df86a416cba642eef52a,success,0.9030642742915665,1.0000000000000202,0.9999999999999994,-2.0761170560490427e-14,15016,32,15016,32,13.782638489967212,True
trajectories,heisenberg_2d,gate_local_2tdvp,32,2,5,0.5,0.17367481600690426,15016,32,False,df86a416cba642eef52a,success,0.8263251839930957,1.0000000000000253,1.0,-2.531308496145357e-14,15016,32,15016,32,13.652786917053163,True
trajectories,heisenberg_2d,gate_local_2tdvp,32,2,6,0.6000000000000001,0.24715501068528112,15016,32,False,df86a416cba642eef52a,success,0.7528449893147189,1.0000000000000302,1.0000000000000002,-2.9976021664879227e-14,15016,32,15016,32,13.838059236994013,True
trajectories,heisenberg_2d,gate_local_2tdvp,32,2,7,0.7000000000000001,0.3082741022979638,15016,32,False,df86a416cba642eef52a,success,0.6917258977020362,1.0000000000000355,1.0000000000000002,-3.530509218307998e-14,15016,32,15016,32,14.133162026992068,True
trajectories,heisenberg_2d,gate_local_2tdvp,32,2,8,0.8,0.35274892861068496,15016,32,False,df86a416cba642eef52a,success,0.647251071389315,1.0000000000000413,1.0000000000000029,-3.8413716652030416e-14,15016,32,15016,32,14.659766225144267,True
trajectories,heisenberg_2d,gate_local_2tdvp,32,2,9,0.9,0.38417955130350345,15016,32,False,df86a416cba642eef52a,success,0.6158204486964965,1.000000000000046,1.0000000000000004,-4.551914400963142e-14,15016,32,15016,32,13.929489394184202,True
trajectories,heisenberg_2d,gate_local_2tdvp,32,2,10,1.0,0.4150843933096582,15016,32,False,df86a416cba642eef52a,success,0.5849156066903418,1.0000000000000513,1.0,-5.129230373768223e-14,15016,32,15016,32,13.900278605986387,True
trajectories,heisenberg_2d,gate_local_2tdvp,32,2,11,1.1,0.44214725313167824,15016,32,False,df86a416cba642eef52a,success,0.5578527468683218,1.0000000000000562,0.9999999999999994,-5.67323965583455e-14,15016,32,15016,32,13.48257383191958,True
trajectories,heisenberg_2d,gate_local_2tdvp,32,2,12,1.2000000000000002,0.46593961723709987,15016,32,False,df86a416cba642eef52a,success,0.5340603827629001,1.000000000000062,1.0000000000000002,-6.17284001691587e-14,15016,32,15016,32,13.787557169096544,True
trajectories,heisenberg_2d,gate_local_2tdvp,32,2,13,1.3,0.48602694289863313,15016,32,False,df86a416cba642eef52a,success,0.5139730571013669,1.0000000000000668,1.0000000000000004,-6.639133687258436e-14,15016,32,15016,32,13.48868638719432,True
trajectories,heisenberg_2d,gate_local_2tdvp,32,2,14,1.4000000000000001,0.4999120294643731,15016,32,False,df86a416cba642eef52a,success,0.5000879705356269,1.000000000000071,0.9999999999999994,-7.16093850883226e-14,15016,32,15016,32,13.511549821821973,True
trajectories,heisenberg_2d,gate_local_2tdvp,32,2,15,1.5,0.511667526789987,15016,32,False,df86a416cba642eef52a,success,0.48833247321001305,1.0000000000000757,1.0000000000000009,-7.482903185973555e-14,15016,32,15016,32,13.772665651980788,True
trajectories,heisenberg_2d,gate_local_2tdvp,32,2,16,1.6,0.5262543869412961,15016,32,False,df86a416cba642eef52a,success,0.47374561305870394,1.0000000000000817,0.9999999999999999,-8.182343691487404e-14,15016,32,15016,32,13.660971728153527,True
trajectories,heisenberg_2d,gate_local_2tdvp,32,2,17,1.7000000000000002,0.5425803118985812,15016,32,False,df86a416cba642eef52a,success,0.4574196881014188,1.0000000000000864,1.0000000000000007,-8.570921750106208e-14,15016,32,15016,32,13.672331792069599,True
trajectories,heisenberg_2d,gate_local_2tdvp,32,2,18,1.8,0.5574733502023743,15016,32,False,df86a416cba642eef52a,success,0.4425266497976257,1.0000000000000921,1.0000000000000004,-9.170442183403793e-14,15016,32,15016,32,13.811857336899266,True
trajectories,heisenberg_2d,gate_local_2tdvp,32,2,19,1.9000000000000001,0.5705847313444806,15016,32,False,df86a416cba642eef52a,success,0.4294152686555194,1.0000000000000973,1.0000000000000009,-9.636735853746359e-14,15016,32,15016,32,14.631157270865515,True
trajectories,heisenberg_2d,gate_local_2tdvp,32,2,20,2.0,0.5767498162160385,15016,32,False,df86a416cba642eef52a,success,0.42325018378396156,1.0000000000001021,1.0000000000000007,-1.0147438445073931e-13,15016,32,15016,32,13.603904007934034,True
trajectories,heisenberg_2d,gate_local_2tdvp,32,2,21,2.1,0.5770710990716079,15016,32,False,df86a416cba642eef52a,success,0.422928900928392,1.0000000000001072,1.000000000000001,-1.0613732115416497e-13,15016,32,15016,32,13.813156984979287,True
trajectories,heisenberg_2d,gate_local_2tdvp,32,2,22,2.2,0.582770890133741,15016,32,False,df86a416cba642eef52a,success,0.4172291098662591,1.0000000000001126,1.0000000000000018,-1.1080025785759062e-13,15016,32,15016,32,13.694101224886253,True
trajectories,heisenberg_2d,gate_local_2tdvp,32,2,23,2.3000000000000003,0.5914024784854792,15016,32,False,df86a416cba642eef52a,success,0.4085975215145207,1.0000000000001172,1.0000000000000002,-1.170175067954915e-13,15016,32,15016,32,14.284541787113994,True
trajectories,heisenberg_2d,gate_local_2tdvp,32,2,24,2.4000000000000004,0.6067938367398964,15016,32,False,df86a416cba642eef52a,success,0.3932061632601036,1.0000000000001232,0.9999999999999998,-1.234568003383174e-13,15016,32,15016,32,14.06147095002234,True
trajectories,heisenberg_2d,gate_local_2tdvp,32,2,25,2.5,0.627578905304869,15016,32,False,df86a416cba642eef52a,success,0.3724210946951309,1.0000000000001277,1.0000000000000004,-1.2723155862204294e-13,15016,32,15016,32,13.595505553064868,True
trajectories,heisenberg_2d,gate_local_2tdvp,32,2,26,2.6,0.642367479050026,15016,32,False,df86a416cba642eef52a,success,0.35763252094997394,1.0000000000001326,1.0000000000000002,-1.3233858453531866e-13,15016,32,15016,32,13.20975155918859,True
trajectories,heisenberg_2d,gate_local_2tdvp,32,2,27,2.7,0.6455542749766496,15016,32,False,df86a416cba642eef52a,success,0.3544457250233504,1.0000000000001388,1.0000000000000007,-1.3811174426336947e-13,15016,32,15016,32,13.651249127928168,True
trajectories,heisenberg_2d,gate_local_2tdvp,32,2,28,2.8000000000000003,0.6449472021851362,15016,32,False,df86a416cba642eef52a,success,0.35505279781486376,1.0000000000001434,1.0000000000000004,-1.4299672557172016e-13,15016,32,15016,32,13.496194588951766,True
trajectories,heisenberg_2d,gate_local_2tdvp,32,2,29,2.9000000000000004,0.6487230875029286,15016,32,False,df86a416cba642eef52a,success,0.35127691249707144,1.0000000000001485,1.0000000000000007,-1.4788170688007085e-13,15016,32,15016,32,13.888071964960545,True
trajectories,heisenberg_2d,gate_local_2tdvp,32,2,30,3.0,0.6557791622588645,15016,32,False,df86a416cba642eef52a,success,0.3442208377411356,1.0000000000001534,1.000000000000001,-1.5232259897857148e-13,15016,32,15016,32,13.414761716034263,True
trajectories,heisenberg_2d,mpo_contract_compress,32,1,0,0.0,0.0,32,1,False,500c5926124203d262ec,success,1.0,1.0,1.0,0.0,32,1,32,1,0.0,True
trajectories,heisenberg_2d,mpo_contract_compress,32,1,1,0.1,2.132544865840469e-05,53928,64,False,500c5926124203d262ec,success,0.9999786745513416,1.0000000000000056,1.0000000000000009,-4.6629367034256575e-15,15016,32,53928,64,0.5434585299808532,True
trajectories,heisenberg_2d,mpo_contract_compress,32,1,2,0.2,0.0021085820329871385,53928,64,False,500c5926124203d262ec,success,0.9978914179670129,1.0000000000000098,1.000000000000001,-8.659739592076221e-15,15016,32,53928,64,0.7299089559819549,True
trajectories,heisenberg_2d,mpo_contract_compress,32,1,3,0.30000000000000004,0.02318220866826859,53928,64,False,500c5926124203d262ec,success,0.9768177913317314,1.0000000000000158,1.0,-1.5765166949677223e-14,15016,32,53928,64,0.7054175739176571,True
trajectories,heisenberg_2d,mpo_contract_compress,32,1,4,0.4,0.08293475637972925,53928,64,False,500c5926124203d262ec,success,0.9170652436202708,1.0000000000000202,1.0000000000000002,-1.9984014443252818e-14,15016,32,53928,64,0.7073118041735142,True
trajectories,heisenberg_2d,mpo_contract_compress,32,1,5,0.5,0.16031107573637804,53928,64,False,500c5926124203d262ec,success,0.839688924263622,1.0000000000000253,1.0000000000000007,-2.4646951146678475e-14,15016,32,53928,64,0.7107853810302913,True
trajectories,heisenberg_2d,mpo_contract_compress,32,1,6,0.6000000000000001,0.23269215689140554,53928,64,False,500c5926124203d262ec,success,0.7673078431085945,1.0000000000000302,1.000000000000001,-2.90878432451791e-14,15016,32,53928,64,0.7233740421943367,True
trajectories,heisenberg_2d,mpo_contract_compress,32,1,7,0.7000000000000001,0.2906072972837418,53928,64,False,500c5926124203d262ec,success,0.7093927027162582,1.0000000000000355,1.0000000000000004,-3.5083047578154947e-14,15016,32,53928,64,0.7065202731173486,True
trajectories,heisenberg_2d,mpo_contract_compress,32,1,8,0.8,0.3289758989673133,53928,64,False,500c5926124203d262ec,success,0.6710241010326867,1.0000000000000413,0.9999999999999994,-4.18554080283684e-14,15016,32,53928,64,0.7077011461369693,True
trajectories,heisenberg_2d,mpo_contract_compress,32,1,9,0.9,0.35227155118054154,53928,64,False,500c5926124203d262ec,success,0.6477284488194585,1.000000000000046,1.0000000000000009,-4.5075054799781356e-14,15016,32,53928,64,0.7173244981095195,True
trajectories,heisenberg_2d,mpo_contract_compress,32,1,10,1.0,0.37429047114794745,53928,64,False,500c5926124203d262ec,success,0.6257095288520526,1.0000000000000513,0.9999999999999999,-5.140332604014475e-14,15016,32,53928,64,0.7075155708007514,True
trajectories,heisenberg_2d,mpo_contract_compress,32,1,11,1.1,0.3921605443490478,53928,64,False,500c5926124203d262ec,success,0.6078394556509522,1.0000000000000562,0.9999999999999996,-5.6621374255882984e-14,15016,32,53928,64,0.7275294698774815,True
trajectories,heisenberg_2d,mpo_contract_compress,32,1,12,1.2000000000000002,0.4088662023352483,53928,64,False,500c5926124203d262ec,success,0.5911337976647517,1.000000000000062,1.0000000000000007,-6.128431095930864e-14,15016,32,53928,64,0.726507404120639,True
trajectories,heisenberg_2d,mpo_contract_compress,32,1,13,1.3,0.42728918403864,53928,64,False,500c5926124203d262ec,success,0.57271081596136,1.0000000000000668,0.9999999999999992,-6.761258219967203e-14,15016,32,53928,64,0.7294572039972991,True
trajectories,heisenberg_2d,mpo_contract_compress,32,1,14,1.4000000000000001,0.43919232167017996,53928,64,False,500c5926124203d262ec,success,0.56080767832982,1.000000000000071,1.0000000000000007,-7.038813976123492e-14,15016,32,53928,64,0.7473311899229884,True
trajectories,heisenberg_2d,mpo_contract_compress,32,1,15,1.5,0.44478740763793434,53928,64,False,500c5926124203d262ec,success,0.5552125923620657,1.0000000000000757,0.9999999999999998,-7.593925488436071e-14,15016,32,53928,64,0.7739979499019682,True
trajectories,heisenberg_2d,mpo_contract_compress,32,1,16,1.6,0.450292176898375,53928,64,False,500c5926124203d262ec,success,0.549707823101625,1.0000000000000817,1.0000000000000004,-8.126832540256146e-14,15016,32,53928,64,0.6813585921190679,True
trajectories,heisenberg_2d,mpo_contract_compress,32,1,17,1.7000000000000002,0.4643358285744943,53928,64,False,500c5926124203d262ec,success,0.5356641714255057,1.0000000000000864,0.9999999999999997,-8.670841822322473e-14,15016,32,53928,64,0.7041679290123284,True
trajectories,heisenberg_2d,mpo_contract_compress,32,1,18,1.8,0.47793668346730145,53928,64,False,500c5926124203d262ec,success,0.5220633165326986,1.0000000000000921,1.0000000000000009,-9.126033262418787e-14,15016,32,53928,64,0.7093048489186913,True
trajectories,heisenberg_2d,mpo_contract_compress,32,1,19,1.9000000000000001,0.4872979591923712,53928,64,False,500c5926124203d262ec,success,0.5127020408076288,1.0000000000000973,1.0000000000000009,-9.636735853746359e-14,15016,32,53928,64,0.707183025078848,True
trajectories,heisenberg_2d,mpo_contract_compress,32,1,20,2.0,0.49115463147976557,53928,64,False,500c5926124203d262ec,success,0.5088453685202344,1.0000000000001021,1.0000000000000009,-1.0125233984581428e-13,15016,32,53928,64,0.716048832051456,True
trajectories,heisenberg_2d,mpo_contract_compress,32,1,21,2.1,0.494767822361304,53928,64,False,500c5926124203d262ec,success,0.505232177638696,1.0000000000001072,0.9999999999999991,-1.0813572259849025e-13,15016,32,53928,64,0.7618677311111242,True
trajectories,heisenberg_2d,mpo_contract_compress,32,1,22,2.2,0.49609356923686776,53928,64,False,500c5926124203d262ec,success,0.5039064307631322,1.0000000000001126,0.9999999999999998,-1.127986593019159e-13,15016,32,53928,64,0.7220386259723455,True
trajectories,heisenberg_2d,mpo_contract_compress,32,1,23,2.3000000000000003,0.5028155897719769,53928,64,False,500c5926124203d262ec,success,0.49718441022802307,1.0000000000001172,1.0000000000000016,-1.156852391659413e-13,15016,32,53928,64,0.7117768658790737,True
trajectories,heisenberg_2d,mpo_contract_compress,32,1,24,2.4000000000000004,0.5147941951629225,53928,64,False,500c5926124203d262ec,success,0.4852058048370775,1.0000000000001232,1.0000000000000007,-1.2256862191861728e-13,15016,32,53928,64,0.7106892261654139,True
trajectories,heisenberg_2d,mpo_contract_compress,32,1,25,2.5,0.5294958352838177,53928,64,False,500c5926124203d262ec,success,0.4705041647161823,1.0000000000001277,1.0000000000000007,-1.270095140171179e-13,15016,32,53928,64,0.7066488610580564,True
trajectories,heisenberg_2d,mpo_contract_compress,32,1,26,2.6,0.5358732431009963,53928,64,False,500c5926124203d262ec,success,0.4641267568990038,1.0000000000001326,1.0000000000000004,-1.3211653993039363e-13,15016,32,53928,64,0.712886034976691,True
trajectories,heisenberg_2d,mpo_contract_compress,32,1,27,2.7,0.5358200531508605,53928,64,False,500c5926124203d262ec,success,0.46417994684913955,1.0000000000001388,0.9999999999999998,-1.389999226830696e-13,15016,32,53928,64,0.705573946936056,True
trajectories,heisenberg_2d,mpo_contract_compress,32,1,28,2.8000000000000003,0.5359578151071271,53928,64,False,500c5926124203d262ec,success,0.4640421848928728,1.0000000000001434,1.0000000000000002,-1.432187701766452e-13,15016,32,53928,64,0.7086207349784672,True
trajectories,heisenberg_2d,mpo_contract_compress,32,1,29,2.9000000000000004,0.5402118030275666,53928,64,False,500c5926124203d262ec,success,0.45978819697243345,1.0000000000001485,0.9999999999999999,-1.4865886299730846e-13,15016,32,53928,64,0.7068947500083596,True
trajectories,heisenberg_2d,mpo_contract_compress,32,1,30,3.0,0.5478827981833018,53928,64,False,500c5926124203d262ec,success,0.45211720181669823,1.0000000000001534,0.9999999999999996,-1.538769112130467e-13,15016,32,53928,64,0.7100693930406123,True
trajectories,heisenberg_2d,tebd_swap,32,1,0,0.0,0.0,32,1,False,8d6f5e8c405e33e20330,success,1.0,1.0,1.0,0.0,32,1,32,1,0.0,True
trajectories,heisenberg_2d,tebd_swap,32,1,1,0.1,3.628623065698999e-05,15016,32,False,8d6f5e8c405e33e20330,success,0.999963713769343,1.0000000000000056,1.0000000000000009,-4.6629367034256575e-15,15016,32,15016,32,0.3922464360948652,True
trajectories,heisenberg_2d,tebd_swap,32,1,2,0.2,0.00614363390913597,15016,32,False,8d6f5e8c405e33e20330,success,0.993856366090864,1.0000000000000098,0.9999999999999996,-1.021405182655144e-14,15016,32,15016,32,0.460658015916124,True
trajectories,heisenberg_2d,tebd_swap,32,1,3,0.30000000000000004,0.06074543414115663,15016,32,False,8d6f5e8c405e33e20330,success,0.9392545658588434,1.0000000000000158,1.0000000000000013,-1.4432899320127035e-14,15016,32,15016,32,0.4617673840839416,True
trajectories,heisenberg_2d,tebd_swap,32,1,4,0.4,0.17475443096106347,15016,32,False,8d6f5e8c405e33e20330,success,0.8252455690389365,1.0000000000000202,1.0000000000000009,-1.9317880628477724e-14,15016,32,15016,32,0.48379249311983585,True
trajectories,heisenberg_2d,tebd_swap,32,1,5,0.5,0.29207003215393035,15016,32,False,8d6f5e8c405e33e20330,success,0.7079299678460697,1.0000000000000253,0.9999999999999993,-2.5979218776228663e-14,15016,32,15016,32,0.4971239441074431,True
trajectories,heisenberg_2d,tebd_swap,32,1,6,0.6000000000000001,0.37795596661967557,15016,32,False,8d6f5e8c405e33e20330,success,0.6220440333803244,1.0000000000000302,0.9999999999999992,-3.097522238704187e-14,15016,32,15016,32,0.4891988269519061,True
trajectories,heisenberg_2d,tebd_swap,32,1,7,0.7000000000000001,0.44173403958388024,15016,32,False,8d6f5e8c405e33e20330,success,0.5582659604161198,1.0000000000000355,0.999999999999999,-3.652633751016765e-14,15016,32,15016,32,0.4865588278044015,True
trajectories,heisenberg_2d,tebd_swap,32,1,8,0.8,0.47926083930277175,15016,32,False,8d6f5e8c405e33e20330,success,0.5207391606972283,1.0000000000000413,0.9999999999999999,-4.141131881851834e-14,15016,32,15016,32,0.5103246860671788,True
trajectories,heisenberg_2d,tebd_swap,32,1,9,0.9,0.4946038555590493,15016,32,False,8d6f5e8c405e33e20330,success,0.5053961444409507,1.000000000000046,0.9999999999999993,-4.6629367034256575e-14,15016,32,15016,32,0.4921009880490601,True
trajectories,heisenberg_2d,tebd_swap,32,1,10,1.0,0.5106955312109581,15016,32,False,8d6f5e8c405e33e20330,success,0.4893044687890419,1.0000000000000513,1.0000000000000016,-4.973799150320701e-14,15016,32,15016,32,0.4910690870601684,True
trajectories,heisenberg_2d,tebd_swap,32,1,11,1.1,0.5320353771737418,15016,32,False,8d6f5e8c405e33e20330,success,0.46796462282625817,1.0000000000000562,1.0,-5.617728504603292e-14,15016,32,15016,32,0.4870305289514363,True
trajectories,heisenberg_2d,tebd_swap,32,1,12,1.2000000000000002,0.5520458543096094,15016,32,False,8d6f5e8c405e33e20330,success,0.4479541456903906,1.000000000000062,0.9999999999999998,-6.217248937900877e-14,15016,32,15016,32,0.49203784205019474,True
trajectories,heisenberg_2d,tebd_swap,32,1,13,1.3,0.5713218462162185,15016,32,False,8d6f5e8c405e33e20330,success,0.4286781537837815,1.0000000000000668,1.0000000000000016,-6.52811138479592e-14,15016,32,15016,32,0.4873314071446657,True
trajectories,heisenberg_2d,tebd_swap,32,1,14,1.4000000000000001,0.5844476797816567,15016,32,False,8d6f5e8c405e33e20330,success,0.41555232021834326,1.000000000000071,1.0000000000000002,-7.083222897108499e-14,15016,32,15016,32,0.4885405539534986,True
trajectories,heisenberg_2d,tebd_swap,32,1,15,1.5,0.5894740664696984,15016,32,False,8d6f5e8c405e33e20330,success,0.41052593353030165,1.0000000000000757,0.9999999999999999,-7.582823258189819e-14,15016,32,15016,32,0.4886875420343131,True
trajectories,heisenberg_2d,tebd_swap,32,1,16,1.6,0.5926253344040093,15016,32,False,8d6f5e8c405e33e20330,success,0.40737466559599067,1.0000000000000817,1.0,-8.171241461241152e-14,15016,32,15016,32,0.4888034400064498,True
trajectories,heisenberg_2d,tebd_swap,32,1,17,1.7000000000000002,0.6060773555875221,15016,32,False,8d6f5e8c405e33e20330,success,0.393922644412478,1.0000000000000864,1.0000000000000007,-8.570921750106208e-14,15016,32,15016,32,0.49311356293037534,True
trajectories,heisenberg_2d,tebd_swap,32,1,18,1.8,0.623363402464608,15016,32,False,8d6f5e8c405e33e20330,success,0.3766365975353921,1.0000000000000921,1.0000000000000009,-9.126033262418787e-14,15016,32,15016,32,0.48622465995140374,True
trajectories,heisenberg_2d,tebd_swap,32,1,19,1.9000000000000001,0.630854770899443,15016,32,False,8d6f5e8c405e33e20330,success,0.369145229100557,1.0000000000000973,1.0000000000000004,-9.681144774731365e-14,15016,32,15016,32,0.488949143094942,True
trajectories,heisenberg_2d,tebd_swap,32,1,20,2.0,0.6279884784297332,15016,32,False,8d6f5e8c405e33e20330,success,0.37201152157026685,1.0000000000001021,0.9999999999999992,-1.0291767438275201e-13,15016,32,15016,32,0.49174895603209734,True
trajectories,heisenberg_2d,tebd_swap,32,1,21,2.1,0.6203017689699593,15016,32,False,8d6f5e8c405e33e20330,success,0.3796982310300408,1.0000000000001072,1.0000000000000009,-1.0635936575909e-13,15016,32,15016,32,0.4909509140998125,True
trajectories,heisenberg_2d,tebd_swap,32,1,22,2.2,0.6153267077283259,15016,32,False,8d6f5e8c405e33e20330,success,0.3846732922716741,1.0000000000001126,1.0,-1.1257661469699087e-13,15016,32,15016,32,0.4886540400329977,True
trajectories,heisenberg_2d,tebd_swap,32,1,23,2.3000000000000003,0.619030055333982,15016,32,False,8d6f5e8c405e33e20330,success,0.3809699446660179,1.0000000000001172,0.9999999999999988,-1.184607967275042e-13,15016,32,15016,32,0.4867617799900472,True
trajectories,heisenberg_2d,tebd_swap,32,1,24,2.4000000000000004,0.630882939330984,15016,32,False,8d6f5e8c405e33e20330,success,0.369117060669016,1.0000000000001232,0.9999999999999986,-1.2467804566540508e-13,15016,32,15016,32,0.49186144093982875,True
trajectories,heisenberg_2d,tebd_swap,32,1,25,2.5,0.6460539259766732,15016,32,False,8d6f5e8c405e33e20330,success,0.3539460740233268,1.0000000000001277,0.9999999999999997,-1.2800871473928055e-13,15016,32,15016,32,0.4810120998881757,True
trajectories,heisenberg_2d,tebd_swap,32,1,26,2.6,0.6568000856300847,15016,32,False,8d6f5e8c405e33e20330,success,0.34319991436991526,1.0000000000001326,1.0000000000000002,-1.3233858453531866e-13,15016,32,15016,32,0.4606339931488037,True
trajectories,heisenberg_2d,tebd_swap,32,1,27,2.7,0.6603286443895299,15016,32,False,8d6f5e8c405e33e20330,success,0.3396713556104701,1.0000000000001388,0.9999999999999999,-1.3888890038060708e-13,15016,32,15016,32,0.4607756710611284,True
trajectories,heisenberg_2d,tebd_swap,32,1,28,2.8000000000000003,0.6569269645850868,15016,32,False,8d6f5e8c405e33e20330,success,0.34307303541491324,1.0000000000001434,1.0000000000000016,-1.41886502547095e-13,15016,32,15016,32,0.4897884090896696,True
trajectories,heisenberg_2d,tebd_swap,32,1,29,2.9000000000000004,0.6512630201085305,15016,32,False,8d6f5e8c405e33e20330,success,0.3487369798914694,1.0000000000001485,1.0000000000000002,-1.4832579608992091e-13,15016,32,15016,32,0.48788261506706476,True
trajectories,heisenberg_2d,tebd_swap,32,1,30,3.0,0.6503685113640083,15016,32,False,8d6f5e8c405e33e20330,success,0.34963148863599175,1.0000000000001534,1.0000000000000004,-1.5298873279334657e-13,15016,32,15016,32,0.48822324397042394,True
trajectories,ising_1d,gate_local_2tdvp,32,2,0,0.0,0.0,32,1,False,66bb3fc753126e2926c1,success,1.0,1.0,1.0,0.0,32,1,32,1,0.0,True
trajectories,ising_1d,gate_local_2tdvp,32,2,1,0.1,0.0,120,2,False,66bb3fc753126e2926c1,success,1.0,0.9999999999999989,0.9999999999999963,-2.55351295663786e-15,120,2,120,2,0.1428427081555128,True
trajectories,ising_1d,gate_local_2tdvp,32,2,2,0.2,0.0,248,3,False,66bb3fc753126e2926c1,success,1.0,1.0000000000000049,0.9999999999999954,-9.43689570931383e-15,248,3,248,3,0.16001395182684064,True
trajectories,ising_1d,gate_local_2tdvp,32,2,3,0.30000000000000004,2.8410607200157756e-12,248,3,False,66bb3fc753126e2926c1,success,0.9999999999971589,1.0000000000000067,1.0000000000000002,-6.439293542825908e-15,248,3,248,3,0.17360746394842863,True
trajectories,ising_1d,gate_local_2tdvp,32,2,4,0.4,1.0718093079731261e-11,424,4,False,66bb3fc753126e2926c1,success,0.9999999999892819,1.000000000000008,1.0000000000000002,-7.771561172376096e-15,424,4,424,4,0.1736496400553733,True
trajectories,ising_1d,gate_local_2tdvp,32,2,5,0.5,1.0792255977776222e-11,424,4,False,66bb3fc753126e2926c1,success,0.9999999999892077,1.0000000000000104,1.0000000000000004,-9.992007221626409e-15,424,4,424,4,0.17358889593742788,True
trajectories,ising_1d,gate_local_2tdvp,32,2,6,0.6000000000000001,1.407873817527161e-11,424,4,False,66bb3fc753126e2926c1,success,0.9999999999859213,1.000000000000011,0.9999999999999996,-1.1546319456101628e-14,424,4,424,4,0.17547590495087206,True
trajectories,ising_1d,gate_local_2tdvp,32,2,7,0.7000000000000001,1.953437411827963e-11,620,5,False,66bb3fc753126e2926c1,success,0.9999999999804656,1.0000000000000129,0.9999999999999998,-1.3100631690576847e-14,620,5,620,5,0.18040678091347218,True
trajectories,ising_1d,gate_local_2tdvp,32,2,8,0.8,2.3401502957653975e-11,856,6,False,66bb3fc753126e2926c1,success,0.9999999999765985,1.0000000000000158,1.0000000000000007,-1.509903313490213e-14,856,6,856,6,0.18985220789909363,True
trajectories,ising_1d,gate_local_2tdvp,32,2,9,0.9,2.7176927375194282e-11,856,6,False,66bb3fc753126e2926c1,success,0.9999999999728231,1.0000000000000178,0.9999999999999998,-1.7985612998927536e-14,856,6,856,6,0.18163407500833273,True
trajectories,ising_1d,gate_local_2tdvp,32,2,10,1.0,4.94788654492595e-11,1132,7,False,66bb3fc753126e2926c1,success,0.9999999999505211,1.0000000000000198,1.000000000000001,-1.865174681370263e-14,1132,7,1132,7,0.18066812795586884,True
trajectories,ising_1d,gate_local_2tdvp,32,2,11,1.1,8.357714520457193e-11,1448,8,False,66bb3fc753126e2926c1,success,0.9999999999164229,1.000000000000021,0.9999999999999988,-2.2315482794965646e-14,1448,8,1448,8,0.21520245797000825,True
trajectories,ising_1d,gate_local_2tdvp,32,2,12,1.2000000000000002,8.590017586129761e-11,1752,9,False,66bb3fc753126e2926c1,success,0.9999999999140998,1.000000000000023,1.000000000000001,-2.19824158875781e-14,1752,9,1752,9,0.19173626112751663,True
trajectories,ising_1d,gate_local_2tdvp,32,2,13,1.3,8.811085194793122e-11,2088,10,False,66bb3fc753126e2926c1,success,0.9999999999118891,1.000000000000026,0.9999999999999998,-2.6201263381153694e-14,2088,10,2088,10,0.1895342890638858,True
trajectories,ising_1d,gate_local_2tdvp,32,2,14,1.4000000000000001,9.350986651668336e-11,2456,11,False,66bb3fc753126e2926c1,success,0.9999999999064901,1.0000000000000273,1.0000000000000002,-2.708944180085382e-14,2456,11,2456,11,0.19785566302016377,True
trajectories,ising_1d,gate_local_2tdvp,32,2,15,1.5,9.839129511135525e-11,2856,12,False,66bb3fc753126e2926c1,success,0.9999999999016087,1.000000000000029,1.0,-2.90878432451791e-14,2856,12,2856,12,0.20072173094376922,True
trajectories,ising_1d,gate_local_2tdvp,32,2,16,1.6,1.0468914624084391e-10,2856,12,False,66bb3fc753126e2926c1,success,0.9999999998953109,1.0000000000000306,0.9999999999999998,-3.086420008457935e-14,2856,12,2856,12,0.20512172393500805,True
trajectories,ising_1d,gate_local_2tdvp,32,2,17,1.7000000000000002,1.2092105095007355e-10,3752,14,False,66bb3fc753126e2926c1,success,0.999999999879079,1.0000000000000335,1.0000000000000007,-3.2862601528904634e-14,3752,14,3752,14,0.21642606589011848,True
trajectories,ising_1d,gate_local_2tdvp,32,2,18,1.8,1.387860937285268e-10,4776,16,False,66bb3fc753126e2926c1,success,0.9999999998612139,1.0000000000000353,1.0000000000000007,-3.4638958368304884e-14,4776,16,4776,16,0.24439781508408487,True
trajectories,ising_1d,gate_local_2tdvp,32,2,19,1.9000000000000001,1.445707997760337e-10,5720,18,False,66bb3fc753126e2926c1,success,0.9999999998554292,1.000000000000037,1.0000000000000022,-3.4861002973229915e-14,5720,18,5720,18,0.2666400868911296,True
trajectories,ising_1d,gate_local_2tdvp,32,2,20,2.0,1.5681100862252606e-10,6228,19,False,66bb3fc753126e2926c1,success,0.999999999843189,1.0000000000000386,0.9999999999999999,-3.8746783559417963e-14,6228,19,6228,19,0.29418890294618905,True
trajectories,ising_1d,gate_local_2tdvp,32,2,21,2.1,1.7759593795574347e-10,6760,20,False,66bb3fc753126e2926c1,success,0.9999999998224041,1.0000000000000409,0.9999999999999999,-4.0967229608668276e-14,6760,20,6760,20,0.3050913140177727,True
trajectories,ising_1d,gate_local_2tdvp,32,2,22,2.2,2.036335544630674e-10,8228,23,False,66bb3fc753126e2926c1,success,0.9999999997963664,1.0000000000000433,1.0000000000000007,-4.263256414560601e-14,8228,23,8228,23,0.3580521789845079,True
trajectories,ising_1d,gate_local_2tdvp,32,2,23,2.3000000000000003,2.1972201835751548e-10,9128,24,False,66bb3fc753126e2926c1,success,0.999999999780278,1.0000000000000449,0.9999999999999996,-4.529709940470639e-14,9128,24,9128,24,0.46127112698741257,True
trajectories,ising_1d,gate_local_2tdvp,32,2,24,2.4000000000000004,2.422928524481449e-10,9780,25,False,66bb3fc753126e2926c1,success,0.9999999997577071,1.0000000000000466,1.0,-4.6629367034256575e-14,9780,25,9780,25,0.5175397160928696,True
trajectories,ising_1d,gate_local_2tdvp,32,2,25,2.5,2.847115876392081e-10,13032,30,False,66bb3fc753126e2926c1,success,0.9999999997152884,1.0000000000000484,0.9999999999999997,-4.873879078104437e-14,13032,30,13032,30,0.7121627349406481,True
trajectories,ising_1d,gate_local_2tdvp,32,2,26,2.6,3.582536489687982e-10,14824,32,False,66bb3fc753126e2926c1,success,0.9999999996417464,1.0000000000000513,0.9999999999999998,-5.1514348342607263e-14,14824,32,14824,32,1.5891141120810062,True
trajectories,ising_1d,gate_local_2tdvp,32,2,27,2.7,8.074816371106408e-10,15016,32,False,66bb3fc753126e2926c1,success,0.9999999991925184,1.0000000000000526,1.0000000000000002,-5.240252676230739e-14,15016,32,15016,32,2.642339014913887,True
trajectories,ising_1d,gate_local_2tdvp,32,2,28,2.8000000000000003,3.1781528520014035e-09,15016,32,False,66bb3fc753126e2926c1,success,0.9999999968218471,1.0000000000000546,1.0000000000000002,-5.440092820663267e-14,15016,32,15016,32,3.366220770869404,True
trajectories,ising_1d,gate_local_2tdvp,32,2,29,2.9000000000000004,1.3403350651586265e-08,15016,32,False,66bb3fc753126e2926c1,success,0.9999999865966493,1.0000000000000564,1.0000000000000004,-5.595524044110789e-14,15016,32,15016,32,3.0077995499596,True
trajectories,ising_1d,gate_local_2tdvp,32,2,30,3.0,6.323216938941556e-08,15016,32,False,66bb3fc753126e2926c1,success,0.9999999367678306,1.0000000000000588,1.0000000000000002,-5.861977570020827e-14,15016,32,15016,32,2.8277922850102186,True
trajectories,ising_1d,mpo_contract_compress,32,1,0,0.0,0.0,32,1,False,54c2de8c58949183c975,success,1.0,1.0,1.0,0.0,32,1,32,1,0.0,True
trajectories,ising_1d,mpo_contract_compress,32,1,1,0.1,0.0,120,2,False,54c2de8c58949183c975,success,1.0,0.9999999999999989,0.9999999999999967,-2.220446049250313e-15,120,2,120,2,0.031132454983890057,True
trajectories,ising_1d,mpo_contract_compress,32,1,2,0.2,8.881784197001252e-16,248,3,False,54c2de8c58949183c975,success,0.9999999999999991,1.0000000000000049,0.9999999999999994,-5.440092820663267e-15,248,3,248,3,0.03155323211103678,True
trajectories,ising_1d,mpo_contract_compress,32,1,3,0.30000000000000004,9.103828801926284e-15,424,4,False,54c2de8c58949183c975,success,0.9999999999999909,1.0000000000000067,1.0000000000000013,-5.329070518200751e-15,424,4,424,4,0.032180376118049026,True
trajectories,ising_1d,mpo_contract_compress,32,1,4,0.4,3.3306690738754696e-15,424,4,False,54c2de8c58949183c975,success,0.9999999999999967,1.000000000000008,0.9999999999999992,-8.770761894538737e-15,424,4,424,4,0.032298043137416244,True
trajectories,ising_1d,mpo_contract_compress,32,1,5,0.5,8.282263763703668e-14,424,4,False,54c2de8c58949183c975,success,0.9999999999999172,1.0000000000000104,0.9999999999999991,-1.1324274851176597e-14,424,4,424,4,0.03259082813747227,True
trajectories,ising_1d,mpo_contract_compress,32,1,6,0.6000000000000001,1.8984813721090177e-13,620,5,False,54c2de8c58949183c975,success,0.9999999999998102,1.000000000000011,0.9999999999999998,-1.1324274851176597e-14,620,5,620,5,0.03239006013609469,True
trajectories,ising_1d,mpo_contract_compress,32,1,7,0.7000000000000001,2.757793993168889e-13,856,6,False,54c2de8c58949183c975,success,0.9999999999997242,1.0000000000000129,0.9999999999999996,-1.3322676295501878e-14,856,6,856,6,0.03361450205557048,True
trajectories,ising_1d,mpo_contract_compress,32,1,8,0.8,3.554934124849751e-13,856,6,False,54c2de8c58949183c975,success,0.9999999999996445,1.0000000000000158,0.9999999999999999,-1.587618925213974e-14,856,6,856,6,0.034017077181488276,True
trajectories,ising_1d,mpo_contract_compress,32,1,9,0.9,9.183764859699295e-13,1132,7,False,54c2de8c58949183c975,success,0.9999999999990816,1.0000000000000178,1.0000000000000004,-1.7319479184152442e-14,1132,7,1132,7,0.033836764050647616,True
trajectories,ising_1d,mpo_contract_compress,32,1,10,1.0,1.9180212973424204e-12,1448,8,False,54c2de8c58949183c975,success,0.999999999998082,1.0000000000000198,0.9999999999999992,-2.0539125955565396e-14,1448,8,1448,8,0.03419328900054097,True
trajectories,ising_1d,mpo_contract_compress,32,1,11,1.1,2.7973179328455444e-12,1448,8,False,54c2de8c58949183c975,success,0.9999999999972027,1.000000000000021,0.9999999999999998,-2.1316282072803006e-14,1448,8,1448,8,0.03528791107237339,True
trajectories,ising_1d,mpo_contract_compress,32,1,12,1.2000000000000002,3.156586103614245e-12,2088,10,False,54c2de8c58949183c975,success,0.9999999999968434,1.000000000000023,1.0000000000000002,-2.2870594307278225e-14,2088,10,2088,10,0.035952341044321656,True
trajectories,ising_1d,mpo_contract_compress,32,1,13,1.3,4.4650949604374546e-12,2088,10,False,54c2de8c58949183c975,success,0.9999999999955349,1.000000000000026,1.0000000000000007,-2.531308496145357e-14,2088,10,2088,10,0.03647722792811692,True
trajectories,ising_1d,mpo_contract_compress,32,1,14,1.4000000000000001,5.739408948102209e-12,2856,12,False,54c2de8c58949183c975,success,0.9999999999942606,1.0000000000000273,0.9999999999999994,-2.786659791809143e-14,2856,12,2856,12,0.03722573607228696,True
trajectories,ising_1d,mpo_contract_compress,32,1,15,1.5,6.049383216577553e-12,2856,12,False,54c2de8c58949183c975,success,0.9999999999939506,1.000000000000029,0.9999999999999992,-2.986499936241671e-14,2856,12,2856,12,0.037872171960771084,True
trajectories,ising_1d,mpo_contract_compress,32,1,16,1.6,7.971623361413549e-12,3372,14,False,54c2de8c58949183c975,success,0.9999999999920284,1.0000000000000306,1.0000000000000004,-3.019806626980426e-14,3372,14,3372,14,0.03883350593969226,True
trajectories,ising_1d,mpo_contract_compress,32,1,17,1.7000000000000002,1.1015854894935728e-11,4776,16,False,54c2de8c58949183c975,success,0.9999999999889841,1.0000000000000335,0.9999999999999997,-3.3861802251067274e-14,4776,16,4776,16,0.04046412301249802,True
trajectories,ising_1d,mpo_contract_compress,32,1,18,1.8,1.1685763467994548e-11,5720,18,False,54c2de8c58949183c975,success,0.9999999999883142,1.0000000000000353,1.000000000000001,-3.419486915845482e-14,5720,18,5720,18,0.0413839069660753,True
trajectories,ising_1d,mpo_contract_compress,32,1,19,1.9000000000000001,1.3240297747074692e-11,6228,19,False,54c2de8c58949183c975,success,0.9999999999867597,1.000000000000037,0.9999999999999997,-3.7414515929867775e-14,6228,19,6228,19,0.04238432692363858,True
trajectories,ising_1d,mpo_contract_compress,32,1,20,2.0,1.5406120823513447e-11,6760,20,False,54c2de8c58949183c975,success,0.9999999999845939,1.0000000000000386,1.0000000000000004,-3.8191672047105385e-14,6760,20,6760,20,0.04410118912346661,True
trajectories,ising_1d,mpo_contract_compress,32,1,21,2.1,1.7434942378713458e-11,8500,23,False,54c2de8c58949183c975,success,0.9999999999825651,1.0000000000000409,1.0000000000000004,-4.04121180963557e-14,8500,23,8500,23,0.04400801891461015,True
trajectories,ising_1d,mpo_contract_compress,32,1,22,2.2,1.8422818826024923e-11,9128,24,False,54c2de8c58949183c975,success,0.9999999999815772,1.0000000000000433,1.0000000000000004,-4.285460875053104e-14,9128,24,9128,24,0.04761941102333367,True
trajectories,ising_1d,mpo_contract_compress,32,1,23,2.3000000000000003,2.0300872094480837e-11,9780,25,False,54c2de8c58949183c975,success,0.9999999999796991,1.0000000000000449,1.0,-4.4853010194856324e-14,9780,25,9780,25,0.0477253501303494,True
trajectories,ising_1d,mpo_contract_compress,32,1,24,2.4000000000000004,2.3948176774979402e-11,13032,30,False,54c2de8c58949183c975,success,0.9999999999760518,1.0000000000000466,1.0,-4.6629367034256575e-14,13032,30,13032,30,0.04919134103693068,True
trajectories,ising_1d,mpo_contract_compress,32,1,25,2.5,3.11981551703866e-11,14824,32,False,54c2de8c58949183c975,success,0.9999999999688018,1.0000000000000484,1.0000000000000007,-4.773959005888173e-14,14824,32,14824,32,0.056032567052170634,True
trajectories,ising_1d,mpo_contract_compress,32,1,26,2.6,6.915712447153055e-11,15016,32,False,54c2de8c58949183c975,success,0.9999999999308429,1.0000000000000513,1.0000000000000004,-5.084821452783217e-14,15016,32,15016,32,0.05874437093734741,True
trajectories,ising_1d,mpo_contract_compress,32,1,27,2.7,3.282292215800453e-10,15016,32,False,54c2de8c58949183c975,success,0.9999999996717708,1.0000000000000526,1.0000000000000007,-5.1958437552457326e-14,15016,32,15016,32,0.05901363515295088,True
trajectories,ising_1d,mpo_contract_compress,32,1,28,2.8000000000000003,2.0080779261633097e-09,15016,32,False,54c2de8c58949183c975,success,0.9999999979919221,1.0000000000000546,0.9999999999999998,-5.484501741648273e-14,15016,32,15016,32,0.05941617605276406,True
trajectories,ising_1d,mpo_contract_compress,32,1,29,2.9000000000000004,1.1736978944298926e-08,15016,32,False,54c2de8c58949183c975,success,0.9999999882630211,1.0000000000000564,1.0000000000000004,-5.595524044110789e-14,15016,32,15016,32,0.05831782007589936,True
trajectories,ising_1d,mpo_contract_compress,32,1,30,3.0,5.619495502262595e-08,15016,32,False,54c2de8c58949183c975,success,0.999999943805045,1.0000000000000588,1.0000000000000004,-5.839773109528323e-14,15016,32,15016,32,0.058795101940631866,True
trajectories,ising_1d,tebd_swap,32,1,0,0.0,0.0,32,1,False,b446a4bb69c17ff6df8d,success,1.0,1.0,1.0,0.0,32,1,32,1,0.0,True
trajectories,ising_1d,tebd_swap,32,1,1,0.1,0.0,120,2,False,b446a4bb69c17ff6df8d,success,1.0,0.9999999999999989,0.9999999999999967,-2.220446049250313e-15,120,2,120,2,0.030451662838459015,True
trajectories,ising_1d,tebd_swap,32,1,2,0.2,8.881784197001252e-16,248,3,False,b446a4bb69c17ff6df8d,success,0.9999999999999991,1.0000000000000049,0.9999999999999994,-5.440092820663267e-15,248,3,248,3,0.031808606116101146,True
trajectories,ising_1d,tebd_swap,32,1,3,0.30000000000000004,9.103828801926284e-15,424,4,False,b446a4bb69c17ff6df8d,success,0.9999999999999909,1.0000000000000067,1.0000000000000013,-5.329070518200751e-15,424,4,424,4,0.032085463870316744,True
trajectories,ising_1d,tebd_swap,32,1,4,0.4,3.3306690738754696e-15,424,4,False,b446a4bb69c17ff6df8d,success,0.9999999999999967,1.000000000000008,0.9999999999999992,-8.770761894538737e-15,424,4,424,4,0.032456731889396906,True
trajectories,ising_1d,tebd_swap,32,1,5,0.5,8.282263763703668e-14,424,4,False,b446a4bb69c17ff6df8d,success,0.9999999999999172,1.0000000000000104,0.9999999999999991,-1.1324274851176597e-14,424,4,424,4,0.03268428682349622,True
trajectories,ising_1d,tebd_swap,32,1,6,0.6000000000000001,1.8984813721090177e-13,620,5,False,b446a4bb69c17ff6df8d,success,0.9999999999998102,1.000000000000011,0.9999999999999998,-1.1324274851176597e-14,620,5,620,5,0.03267957083880901,True
trajectories,ising_1d,tebd_swap,32,1,7,0.7000000000000001,2.757793993168889e-13,856,6,False,b446a4bb69c17ff6df8d,success,0.9999999999997242,1.0000000000000129,0.9999999999999996,-1.3322676295501878e-14,856,6,856,6,0.03320499905385077,True
trajectories,ising_1d,tebd_swap,32,1,8,0.8,3.554934124849751e-13,856,6,False,b446a4bb69c17ff6df8d,success,0.9999999999996445,1.0000000000000158,0.9999999999999999,-1.587618925213974e-14,856,6,856,6,0.03415300510823727,True
trajectories,ising_1d,tebd_swap,32,1,9,0.9,9.183764859699295e-13,1132,7,False,b446a4bb69c17ff6df8d,success,0.9999999999990816,1.0000000000000178,1.0000000000000004,-1.7319479184152442e-14,1132,7,1132,7,0.035484885796904564,True
trajectories,ising_1d,tebd_swap,32,1,10,1.0,1.9180212973424204e-12,1448,8,False,b446a4bb69c17ff6df8d,success,0.999999999998082,1.0000000000000198,0.9999999999999992,-2.0539125955565396e-14,1448,8,1448,8,0.035311415093019605,True
trajectories,ising_1d,tebd_swap,32,1,11,1.1,2.7973179328455444e-12,1448,8,False,b446a4bb69c17ff6df8d,success,0.9999999999972027,1.000000000000021,0.9999999999999998,-2.1316282072803006e-14,1448,8,1448,8,0.035155839985236526,True
trajectories,ising_1d,tebd_swap,32,1,12,1.2000000000000002,3.156586103614245e-12,2088,10,False,b446a4bb69c17ff6df8d,success,0.9999999999968434,1.000000000000023,1.0000000000000002,-2.2870594307278225e-14,2088,10,2088,10,0.034789195051416755,True
trajectories,ising_1d,tebd_swap,32,1,13,1.3,4.4650949604374546e-12,2088,10,False,b446a4bb69c17ff6df8d,success,0.9999999999955349,1.000000000000026,1.0000000000000007,-2.531308496145357e-14,2088,10,2088,10,0.03629147494211793,True
trajectories,ising_1d,tebd_swap,32,1,14,1.4000000000000001,5.739408948102209e-12,2856,12,False,b446a4bb69c17ff6df8d,success,0.9999999999942606,1.0000000000000273,0.9999999999999994,-2.786659791809143e-14,2856,12,2856,12,0.03577789384871721,True
trajectories,ising_1d,tebd_swap,32,1,15,1.5,6.049383216577553e-12,2856,12,False,b446a4bb69c17ff6df8d,success,0.9999999999939506,1.000000000000029,0.9999999999999992,-2.986499936241671e-14,2856,12,2856,12,0.03772555687464774,True
trajectories,ising_1d,tebd_swap,32,1,16,1.6,7.971623361413549e-12,3372,14,False,b446a4bb69c17ff6df8d,success,0.9999999999920284,1.0000000000000306,1.0000000000000004,-3.019806626980426e-14,3372,14,3372,14,0.03750542993657291,True
trajectories,ising_1d,tebd_swap,32,1,17,1.7000000000000002,1.1015854894935728e-11,4776,16,False,b446a4bb69c17ff6df8d,success,0.9999999999889841,1.0000000000000335,0.9999999999999997,-3.3861802251067274e-14,4776,16,4776,16,0.038958066841587424,True
trajectories,ising_1d,tebd_swap,32,1,18,1.8,1.1685763467994548e-11,5720,18,False,b446a4bb69c17ff6df8d,success,0.9999999999883142,1.0000000000000353,1.000000000000001,-3.419486915845482e-14,5720,18,5720,18,0.040741227101534605,True
trajectories,ising_1d,tebd_swap,32,1,19,1.9000000000000001,1.3240297747074692e-11,6228,19,False,b446a4bb69c17ff6df8d,success,0.9999999999867597,1.000000000000037,0.9999999999999997,-3.7414515929867775e-14,6228,19,6228,19,0.04192977515049279,True
trajectories,ising_1d,tebd_swap,32,1,20,2.0,1.5406120823513447e-11,6760,20,False,b446a4bb69c17ff6df8d,success,0.9999999999845939,1.0000000000000386,1.0000000000000004,-3.8191672047105385e-14,6760,20,6760,20,0.04254797217436135,True
trajectories,ising_1d,tebd_swap,32,1,21,2.1,1.7434942378713458e-11,8500,23,False,b446a4bb69c17ff6df8d,success,0.9999999999825651,1.0000000000000409,1.0000000000000004,-4.04121180963557e-14,8500,23,8500,23,0.04440786596387625,True
trajectories,ising_1d,tebd_swap,32,1,22,2.2,1.8422818826024923e-11,9128,24,False,b446a4bb69c17ff6df8d,success,0.9999999999815772,1.0000000000000433,1.0000000000000004,-4.285460875053104e-14,9128,24,9128,24,0.0464042651001364,True
trajectories,ising_1d,tebd_swap,32,1,23,2.3000000000000003,2.0300872094480837e-11,9780,25,False,b446a4bb69c17ff6df8d,success,0.9999999999796991,1.0000000000000449,1.0,-4.4853010194856324e-14,9780,25,9780,25,0.04675460513681173,True
trajectories,ising_1d,tebd_swap,32,1,24,2.4000000000000004,2.3948176774979402e-11,13032,30,False,b446a4bb69c17ff6df8d,success,0.9999999999760518,1.0000000000000466,1.0,-4.6629367034256575e-14,13032,30,13032,30,0.049561750842258334,True
trajectories,ising_1d,tebd_swap,32,1,25,2.5,3.11981551703866e-11,14824,32,False,b446a4bb69c17ff6df8d,success,0.9999999999688018,1.0000000000000484,1.0000000000000007,-4.773959005888173e-14,14824,32,14824,32,0.05517529300414026,True
trajectories,ising_1d,tebd_swap,32,1,26,2.6,6.915712447153055e-11,15016,32,False,b446a4bb69c17ff6df8d,success,0.9999999999308429,1.0000000000000513,1.0000000000000004,-5.084821452783217e-14,15016,32,15016,32,0.05746062705293298,True
trajectories,ising_1d,tebd_swap,32,1,27,2.7,3.282292215800453e-10,15016,32,False,b446a4bb69c17ff6df8d,success,0.9999999996717708,1.0000000000000526,1.0000000000000007,-5.1958437552457326e-14,15016,32,15016,32,0.05848008394241333,True
trajectories,ising_1d,tebd_swap,32,1,28,2.8000000000000003,2.0080779261633097e-09,15016,32,False,b446a4bb69c17ff6df8d,success,0.9999999979919221,1.0000000000000546,0.9999999999999998,-5.484501741648273e-14,15016,32,15016,32,0.05815574084408581,True
trajectories,ising_1d,tebd_swap,32,1,29,2.9000000000000004,1.1736978944298926e-08,15016,32,False,b446a4bb69c17ff6df8d,success,0.9999999882630211,1.0000000000000564,1.0000000000000004,-5.595524044110789e-14,15016,32,15016,32,0.058331034146249294,True
trajectories,ising_1d,tebd_swap,32,1,30,3.0,5.619495502262595e-08,15016,32,False,b446a4bb69c17ff6df8d,success,0.999999943805045,1.0000000000000588,1.0000000000000004,-5.839773109528323e-14,15016,32,15016,32,0.05849626683630049,True
trajectories,ising_2d,gate_local_2tdvp,32,2,0,0.0,0.0,32,1,False,5464b40b5f3257b9a2c8,success,1.0,1.0,1.0,0.0,32,1,32,1,0.0,True
trajectories,ising_2d,gate_local_2tdvp,32,2,1,0.1,3.4938057327682515e-05,120,2,False,5464b40b5f3257b9a2c8,success,0.9999650619426723,1.000000000000033,1.0000000000000058,-2.731148640577885e-14,120,2,120,2,0.29944569896906614,True
trajectories,ising_2d,gate_local_2tdvp,32,2,2,0.2,0.00027371527790320815,1252,10,False,5464b40b5f3257b9a2c8,success,0.9997262847220968,1.000000000000006,0.999999999999998,-7.993605777301127e-15,1218,10,1252,10,0.3771553370170295,True
trajectories,ising_2d,gate_local_2tdvp,32,2,3,0.30000000000000004,0.0005835934198231696,5136,18,False,5464b40b5f3257b9a2c8,success,0.9994164065801768,1.0000000000000098,1.000000000000002,-7.771561172376096e-15,5136,18,5136,18,0.5160772209055722,True
trajectories,ising_2d,gate_local_2tdvp,32,2,4,0.4,0.0005835948832969562,11192,30,False,5464b40b5f3257b9a2c8,success,0.999416405116703,1.0000000000000122,0.9999999999999973,-1.4876988529977098e-14,11192,30,11192,30,1.2685746878851205,True
trajectories,ising_2d,gate_local_2tdvp,32,2,5,0.5,0.0005835981685685665,14632,32,False,5464b40b5f3257b9a2c8,success,0.9994164018314314,1.0000000000000107,0.9999999999999996,-1.1102230246251565e-14,14632,32,14632,32,3.328016808954999,True
trajectories,ising_2d,gate_local_2tdvp,32,2,6,0.6000000000000001,0.0005836711247989568,15016,32,False,5464b40b5f3257b9a2c8,success,0.999416328875201,1.0000000000000142,1.0000000000000004,-1.3766765505351941e-14,15016,32,15016,32,4.577913518995047,True
trajectories,ising_2d,gate_local_2tdvp,32,2,7,0.7000000000000001,0.0005845745375424594,15016,32,False,5464b40b5f3257b9a2c8,success,0.9994154254624575,1.0000000000000182,1.000000000000002,-1.6209256159527285e-14,15016,32,15016,32,5.199271725956351,True
trajectories,ising_2d,gate_local_2tdvp,32,2,8,0.8,0.0005914090343891454,15016,32,False,5464b40b5f3257b9a2c8,success,0.9994085909656109,1.000000000000021,0.9999999999999981,-2.298161660974074e-14,15016,32,15016,32,4.784536745864898,True
trajectories,ising_2d,gate_local_2tdvp,32,2,9,0.9,0.0006270996128969752,15016,32,False,5464b40b5f3257b9a2c8,success,0.999372900387103,1.0000000000000226,1.0000000000000004,-2.220446049250313e-14,15016,32,15016,32,4.937660645926371,True
trajectories,ising_2d,gate_local_2tdvp,32,2,10,1.0,0.0007622698667805183,15016,32,False,5464b40b5f3257b9a2c8,success,0.9992377301332195,1.0000000000000255,0.9999999999999979,-2.7644553313166398e-14,15016,32,15016,32,4.729963595978916,True
trajectories,ising_2d,gate_local_2tdvp,32,2,11,1.1,0.001140263168171729,15016,32,False,5464b40b5f3257b9a2c8,success,0.9988597368318283,1.0000000000000286,0.9999999999999993,-2.930988785010413e-14,15016,32,15016,32,5.160700339125469,True
trajectories,ising_2d,gate_local_2tdvp,32,2,12,1.2000000000000002,0.0019522702696134209,15016,32,False,5464b40b5f3257b9a2c8,success,0.9980477297303866,1.0000000000000313,0.9999999999999974,-3.3861802251067274e-14,15016,32,15016,32,4.746052766917273,True
trajectories,ising_2d,gate_local_2tdvp,32,2,13,1.3,0.003347444612261663,15016,32,False,5464b40b5f3257b9a2c8,success,0.9966525553877383,1.0000000000000342,1.0000000000000004,-3.375077994860476e-14,15016,32,15016,32,4.9393249079585075,True
trajectories,ising_2d,gate_local_2tdvp,32,2,14,1.4000000000000001,0.005247613852556787,15016,32,False,5464b40b5f3257b9a2c8,success,0.9947523861474432,1.0000000000000377,1.0000000000000016,-3.6193270602780103e-14,15016,32,15016,32,4.661159416893497,True
trajectories,ising_2d,gate_local_2tdvp,32,2,15,1.5,0.007357027989485121,15016,32,False,5464b40b5f3257b9a2c8,success,0.9926429720105149,1.0000000000000389,1.0,-3.885780586188048e-14,15016,32,15016,32,5.090972394915298,True
trajectories,ising_2d,gate_local_2tdvp,32,2,16,1.6,0.009510613005999202,15016,32,False,5464b40b5f3257b9a2c8,success,0.9904893869940008,1.0000000000000404,1.0000000000000024,-3.7969627442180354e-14,15016,32,15016,32,5.413120151963085,True
trajectories,ising_2d,gate_local_2tdvp,32,2,17,1.7000000000000002,0.011716418037174159,15016,32,False,5464b40b5f3257b9a2c8,success,0.9882835819628258,1.0000000000000397,0.9999999999999997,-4.007905118896815e-14,15016,32,15016,32,4.882545083994046,True
trajectories,ising_2d,gate_local_2tdvp,32,2,18,1.8,0.013984507251430744,15016,32,False,5464b40b5f3257b9a2c8,success,0.9860154927485693,1.0000000000000435,1.0000000000000036,-3.9968028886505635e-14,15016,32,15016,32,3.438486642902717,True
trajectories,ising_2d,gate_local_2tdvp,32,2,19,1.9000000000000001,0.01628354357336048,15016,32,False,5464b40b5f3257b9a2c8,success,0.9837164564266395,1.0000000000000504,0.999999999999998,-5.240252676230739e-14,15016,32,15016,32,4.52682732604444,True
trajectories,ising_2d,gate_local_2tdvp,32,2,20,2.0,0.018518378635185018,15016,32,False,5464b40b5f3257b9a2c8,success,0.981481621364815,1.0000000000000522,0.9999999999999993,-5.284661597215745e-14,15016,32,15016,32,4.841698928968981,True
trajectories,ising_2d,gate_local_2tdvp,32,2,21,2.1,0.02061875804512503,15016,32,False,5464b40b5f3257b9a2c8,success,0.979381241954875,1.0000000000000522,0.9999999999999993,-5.284661597215745e-14,15016,32,15016,32,4.644225331954658,True
trajectories,ising_2d,gate_local_2tdvp,32,2,22,2.2,0.022605373173032794,15016,32,False,5464b40b5f3257b9a2c8,success,0.9773946268269672,1.0000000000000542,1.000000000000001,-5.306866057708248e-14,15016,32,15016,32,4.663315179059282,True
trajectories,ising_2d,gate_local_2tdvp,32,2,23,2.3000000000000003,0.024545607944417625,15016,32,False,5464b40b5f3257b9a2c8,success,0.9754543920555824,1.0000000000000597,1.0000000000000038,-5.595524044110789e-14,15016,32,15016,32,4.736945499898866,True
trajectories,ising_2d,gate_local_2tdvp,32,2,24,2.4000000000000004,0.02650658968322106,15016,32,False,5464b40b5f3257b9a2c8,success,0.9734934103167789,1.0000000000000633,0.9999999999999998,-6.350475700855895e-14,15016,32,15016,32,4.8161559659056365,True
trajectories,ising_2d,gate_local_2tdvp,32,2,25,2.5,0.028511432529778835,15016,32,False,5464b40b5f3257b9a2c8,success,0.9714885674702212,1.000000000000065,1.0000000000000002,-6.483702463810914e-14,15016,32,15016,32,5.011927508981898,True
trajectories,ising_2d,gate_local_2tdvp,32,2,26,2.6,0.030501995368428347,15016,32,False,5464b40b5f3257b9a2c8,success,0.9694980046315717,1.000000000000068,0.9999999999999991,-6.88338275267597e-14,15016,32,15016,32,4.967853490961716,True
trajectories,ising_2d,gate_local_2tdvp,32,2,27,2.7,0.03242401756047919,15016,32,False,5464b40b5f3257b9a2c8,success,0.9675759824395208,1.0000000000000713,0.9999999999999989,-7.238654120556021e-14,15016,32,15016,32,5.051603167783469,True
trajectories,ising_2d,gate_local_2tdvp,32,2,28,2.8000000000000003,0.03423922159292736,15016,32,False,5464b40b5f3257b9a2c8,success,0.9657607784070726,1.0000000000000742,0.9999999999999999,-7.427392034742297e-14,15016,32,15016,32,5.020249445922673,True
trajectories,ising_2d,gate_local_2tdvp,32,2,29,2.9000000000000004,0.03589539931964736,15016,32,False,5464b40b5f3257b9a2c8,success,0.9641046006803526,1.0000000000000724,0.9999999999999991,-7.327471962526033e-14,15016,32,15016,32,5.085133998887613,True
trajectories,ising_2d,gate_local_2tdvp,32,2,30,3.0,0.03741533359740823,15016,32,False,5464b40b5f3257b9a2c8,success,0.9625846664025918,1.0000000000000757,0.9999999999999997,-7.605027718682322e-14,15016,32,15016,32,4.741746048908681,True
trajectories,ising_2d,mpo_contract_compress,32,1,0,0.0,0.0,32,1,False,d34c9001e6dffd5ba8d3,success,1.0,1.0,1.0,0.0,32,1,32,1,0.0,True
trajectories,ising_2d,mpo_contract_compress,32,1,1,0.1,1.1102230246251565e-14,2990,14,False,d34c9001e6dffd5ba8d3,success,0.9999999999999889,1.000000000000033,1.000000000000019,-1.3988810110276972e-14,2396,11,2990,14,0.10623146709986031,True
trajectories,ising_2d,mpo_contract_compress,32,1,2,0.2,4.6065373737746995e-12,10088,30,False,d34c9001e6dffd5ba8d3,success,0.9999999999953935,1.000000000000006,0.9999999999999982,-7.771561172376096e-15,5704,19,10088,30,0.13559672492556274,True
trajectories,ising_2d,mpo_contract_compress,32,1,3,0.30000000000000004,1.2353007505794267e-11,21042,54,False,d34c9001e6dffd5ba8d3,success,0.999999999987647,1.0000000000000098,0.9999999999999998,-9.992007221626409e-15,10736,32,21042,54,0.18575157318264246,True
trajectories,ising_2d,mpo_contract_compress,32,1,4,0.4,1.2801582016663815e-10,40632,64,False,d34c9001e6dffd5ba8d3,success,0.9999999998719842,1.0000000000000122,1.0000000000000004,-1.176836406102666e-14,14056,32,40632,64,0.209309299942106,True
trajectories,ising_2d,mpo_contract_compress,32,1,5,0.5,5.000118541431675e-09,51688,64,False,d34c9001e6dffd5ba8d3,success,0.9999999949998815,1.0000000000000107,1.0000000000000009,-9.769962616701378e-15,15016,32,51688,64,0.23104077600874007,True
trajectories,ising_2d,mpo_contract_compress,32,1,6,0.6000000000000001,9.147044244262048e-08,53928,64,False,d34c9001e6dffd5ba8d3,success,0.9999999085295576,1.0000000000000142,1.0000000000000018,-1.2434497875801753e-14,15016,32,53928,64,0.25243517896160483,True
trajectories,ising_2d,mpo_contract_compress,32,1,7,0.7000000000000001,1.083354418063287e-06,53928,64,False,d34c9001e6dffd5ba8d3,success,0.9999989166455819,1.0000000000000182,1.0000000000000007,-1.7541523789077473e-14,15016,32,53928,64,0.253291510976851,True
trajectories,ising_2d,mpo_contract_compress,32,1,8,0.8,8.037882718969769e-06,53928,64,False,d34c9001e6dffd5ba8d3,success,0.999991962117281,1.000000000000021,0.9999999999999987,-2.2426505097428162e-14,15016,32,53928,64,0.2520926701836288,True
trajectories,ising_2d,mpo_contract_compress,32,1,9,0.9,4.093967339735549e-05,53928,64,False,d34c9001e6dffd5ba8d3,success,0.9999590603266026,1.0000000000000226,0.9999999999999999,-2.275957200481571e-14,15016,32,53928,64,0.2588803698308766,True
trajectories,ising_2d,mpo_contract_compress,32,1,10,1.0,0.00015625102311356276,53928,64,False,d34c9001e6dffd5ba8d3,success,0.9998437489768864,1.0000000000000255,1.0000000000000022,-2.3314683517128287e-14,15016,32,53928,64,0.2548642579931766,True
trajectories,ising_2d,mpo_contract_compress,32,1,11,1.1,0.00046782487024010777,53928,64,False,d34c9001e6dffd5ba8d3,success,0.9995321751297599,1.0000000000000286,0.9999999999999992,-2.942091015256665e-14,15016,32,53928,64,0.2732078288681805,True
trajectories,ising_2d,mpo_contract_compress,32,1,12,1.2000000000000002,0.0011273725679028512,53928,64,False,d34c9001e6dffd5ba8d3,success,0.9988726274320971,1.0000000000000313,1.0000000000000002,-3.108624468950438e-14,15016,32,53928,64,0.24982835818082094,True
trajectories,ising_2d,mpo_contract_compress,32,1,13,1.3,0.002235274290172673,53928,64,False,d34c9001e6dffd5ba8d3,success,0.9977647257098273,1.0000000000000342,0.9999999999999998,-3.441691376337985e-14,15016,32,53928,64,0.25138457608409226,True
trajectories,ising_2d,mpo_contract_compress,32,1,14,1.4000000000000001,0.003738888637502158,53928,64,False,d34c9001e6dffd5ba8d3,success,0.9962611113624978,1.0000000000000377,1.0000000000000018,-3.597122599785507e-14,15016,32,53928,64,0.25433526490814984,True
trajectories,ising_2d,mpo_contract_compress,32,1,15,1.5,0.005471034714760181,53928,64,False,d34c9001e6dffd5ba8d3,success,0.9945289652852398,1.0000000000000389,1.0,-3.885780586188048e-14,15016,32,53928,64,0.254503512987867,True
trajectories,ising_2d,mpo_contract_compress,32,1,16,1.6,0.007313121131849232,53928,64,False,d34c9001e6dffd5ba8d3,success,0.9926868788681508,1.0000000000000404,0.9999999999999981,-4.2299497238218464e-14,15016,32,53928,64,0.2523791140411049,True
trajectories,ising_2d,mpo_contract_compress,32,1,17,1.7000000000000002,0.009241755688478626,53928,64,False,d34c9001e6dffd5ba8d3,success,0.9907582443115214,1.0000000000000397,0.9999999999999994,-4.030109579389318e-14,15016,32,53928,64,0.25793613214045763,True
trajectories,ising_2d,mpo_contract_compress,32,1,18,1.8,0.011244043121604097,53928,64,False,d34c9001e6dffd5ba8d3,success,0.9887559568783959,1.0000000000000435,1.0000000000000002,-4.3298697960381105e-14,15016,32,53928,64,0.2590609819162637,True
trajectories,ising_2d,mpo_contract_compress,32,1,19,1.9000000000000001,0.013250560708529924,53928,64,False,d34c9001e6dffd5ba8d3,success,0.9867494392914701,1.0000000000000504,0.9999999999999991,-5.129230373768223e-14,15016,32,53928,64,0.25672880513593554,True
trajectories,ising_2d,mpo_contract_compress,32,1,20,2.0,0.015131167386363997,53928,64,False,d34c9001e6dffd5ba8d3,success,0.984868832613636,1.0000000000000522,0.9999999999999987,-5.3512749786932545e-14,15016,32,53928,64,0.24516200320795178,True
trajectories,ising_2d,mpo_contract_compress,32,1,21,2.1,0.016842587785074414,53928,64,False,d34c9001e6dffd5ba8d3,success,0.9831574122149256,1.0000000000000522,0.9999999999999984,-5.3734794391857577e-14,15016,32,53928,64,0.23677783692255616,True
trajectories,ising_2d,mpo_contract_compress,32,1,22,2.2,0.018432714855270316,53928,64,False,d34c9001e6dffd5ba8d3,success,0.9815672851447297,1.0000000000000542,1.0000000000000024,-5.1736392947532295e-14,15016,32,53928,64,0.25336948595941067,True
trajectories,ising_2d,mpo_contract_compress,32,1,23,2.3000000000000003,0.020025847287862386,53928,64,False,d34c9001e6dffd5ba8d3,success,0.9799741527121376,1.0000000000000597,1.0000000000000018,-5.795364188543317e-14,15016,32,53928,64,0.25784513517282903,True
trajectories,ising_2d,mpo_contract_compress,32,1,24,2.4000000000000004,0.021659894977086314,53928,64,False,d34c9001e6dffd5ba8d3,success,0.9783401050229137,1.0000000000000633,0.9999999999999983,-6.494804694057166e-14,15016,32,53928,64,0.25545781711116433,True
trajectories,ising_2d,mpo_contract_compress,32,1,25,2.5,0.023313316218005475,53928,64,False,d34c9001e6dffd5ba8d3,success,0.9766866837819945,1.000000000000065,0.9999999999999991,-6.59472476627343e-14,15016,32,53928,64,0.2544512210879475,True
trajectories,ising_2d,mpo_contract_compress,32,1,26,2.6,0.024973075526444233,53928,64,False,d34c9001e6dffd5ba8d3,success,0.9750269244735558,1.000000000000068,0.9999999999999998,-6.816769371198461e-14,15016,32,53928,64,0.2540917319711298,True
trajectories,ising_2d,mpo_contract_compress,32,1,27,2.7,0.02660702524531089,53928,64,False,d34c9001e6dffd5ba8d3,success,0.9733929747546891,1.0000000000000713,0.9999999999999993,-7.194245199571014e-14,15016,32,53928,64,0.2569866180419922,True
trajectories,ising_2d,mpo_contract_compress,32,1,28,2.8000000000000003,0.028164647080205274,53928,64,False,d34c9001e6dffd5ba8d3,success,0.9718353529197947,1.0000000000000742,0.9999999999999994,-7.471800955727304e-14,15016,32,53928,64,0.24920524610206485,True
trajectories,ising_2d,mpo_contract_compress,32,1,29,2.9000000000000004,0.029571218288119483,53928,64,False,d34c9001e6dffd5ba8d3,success,0.9704287817118805,1.0000000000000724,0.9999999999999993,-7.30526750203353e-14,15016,32,53928,64,0.2553067139815539,True
trajectories,ising_2d,mpo_contract_compress,32,1,30,3.0,0.03082045505704445,53928,64,False,d34c9001e6dffd5ba8d3,success,0.9691795449429556,1.0000000000000757,0.999999999999999,-7.671641100159832e-14,15016,32,53928,64,0.25429256493225694,True
trajectories,ising_2d,tebd_swap,32,1,0,0.0,0.0,32,1,False,175b241308cff632cdf0,success,1.0,1.0,1.0,0.0,32,1,32,1,0.0,True
trajectories,ising_2d,tebd_swap,32,1,1,0.1,1.2656542480726785e-14,2396,11,False,175b241308cff632cdf0,success,0.9999999999999873,1.000000000000033,1.000000000000019,-1.3988810110276972e-14,2396,11,2396,11,0.08228938095271587,True
trajectories,ising_2d,tebd_swap,32,1,2,0.2,1.4785950241957835e-12,5926,20,False,175b241308cff632cdf0,success,0.9999999999985214,1.000000000000006,0.9999999999999979,-8.104628079763643e-15,5704,19,5926,20,0.10290821501985192,True
trajectories,ising_2d,tebd_swap,32,1,3,0.30000000000000004,5.015099446836757e-12,12470,32,False,175b241308cff632cdf0,success,0.9999999999949849,1.0000000000000098,0.9999999999999972,-1.2545520178264269e-14,11220,32,12470,32,0.12855515209957957,True
trajectories,ising_2d,tebd_swap,32,1,4,0.4,1.3994538861084038e-10,14536,32,False,175b241308cff632cdf0,success,0.9999999998600546,1.0000000000000122,1.0000000000000009,-1.1324274851176597e-14,14152,32,14536,32,0.15812617586925626,True
trajectories,ising_2d,tebd_swap,32,1,5,0.5,7.690941661309125e-09,15016,32,False,175b241308cff632cdf0,success,0.9999999923090583,1.0000000000000107,1.0000000000000009,-9.769962616701378e-15,14920,32,15016,32,0.17120539513416588,True
trajectories,ising_2d,tebd_swap,32,1,6,0.6000000000000001,1.8895717412981128e-07,15016,32,False,175b241308cff632cdf0,success,0.9999998110428259,1.0000000000000142,1.0,-1.4210854715202004e-14,15016,32,15016,32,0.17346867499873042,True
trajectories,ising_2d,tebd_swap,32,1,7,0.7000000000000001,2.7066278514009667e-06,15016,32,False,175b241308cff632cdf0,success,0.9999972933721486,1.0000000000000182,0.9999999999999998,-1.84297022087776e-14,15016,32,15016,32,0.17575220111757517,True
trajectories,ising_2d,tebd_swap,32,1,8,0.8,2.1876653694352655e-05,15016,32,False,175b241308cff632cdf0,success,0.9999781233463056,1.000000000000021,1.0000000000000002,-2.0872192862952943e-14,15016,32,15016,32,0.1700312620960176,True
trajectories,ising_2d,tebd_swap,32,1,9,0.9,0.00011575420728027197,15016,32,False,175b241308cff632cdf0,success,0.9998842457927197,1.0000000000000226,0.9999999999999998,-2.2870594307278225e-14,15016,32,15016,32,0.16323804296553135,True
trajectories,ising_2d,tebd_swap,32,1,10,1.0,0.00042677272465485583,15016,32,False,175b241308cff632cdf0,success,0.9995732272753451,1.0000000000000255,0.9999999999999986,-2.6978419498391304e-14,15016,32,15016,32,0.16305148089304566,True
trajectories,ising_2d,tebd_swap,32,1,11,1.1,0.0011637949215155263,15016,32,False,175b241308cff632cdf0,success,0.9988362050784845,1.0000000000000286,1.0000000000000018,-2.6867397195928788e-14,15016,32,15016,32,0.17068195017054677,True
trajectories,ising_2d,tebd_swap,32,1,12,1.2000000000000002,0.0024907558508098226,15016,32,False,175b241308cff632cdf0,success,0.9975092441491902,1.0000000000000313,1.0000000000000009,-3.042011087472929e-14,15016,32,15016,32,0.17408600402995944,True
trajectories,ising_2d,tebd_swap,32,1,13,1.3,0.004395869254468443,15016,32,False,175b241308cff632cdf0,success,0.9956041307455316,1.0000000000000342,0.9999999999999996,-3.4638958368304884e-14,15016,32,15016,32,0.1767860499676317,True
trajectories,ising_2d,tebd_swap,32,1,14,1.4000000000000001,0.006756752573902958,15016,32,False,175b241308cff632cdf0,success,0.993243247426097,1.0000000000000377,1.000000000000003,-3.4638958368304884e-14,15016,32,15016,32,0.1734242590609938,True
trajectories,ising_2d,tebd_swap,32,1,15,1.5,0.009353909872396815,15016,32,False,175b241308cff632cdf0,success,0.9906460901276032,1.0000000000000389,1.0,-3.885780586188048e-14,15016,32,15016,32,0.1722844431642443,True
trajectories,ising_2d,tebd_swap,32,1,16,1.6,0.011980176907070095,15016,32,False,175b241308cff632cdf0,success,0.9880198230929299,1.0000000000000404,0.9999999999999984,-4.196643033083092e-14,15016,32,15016,32,0.17225665599107742,True
trajectories,ising_2d,tebd_swap,32,1,17,1.7000000000000002,0.014603645786036568,15016,32,False,175b241308cff632cdf0,success,0.9853963542139634,1.0000000000000397,0.9999999999999997,-4.007905118896815e-14,15016,32,15016,32,0.17182100797072053,True
trajectories,ising_2d,tebd_swap,32,1,18,1.8,0.017108508271231226,15016,32,False,175b241308cff632cdf0,success,0.9828914917287688,1.0000000000000435,0.9999999999999986,-4.496403249731884e-14,15016,32,15016,32,0.1726746780332178,True
trajectories,ising_2d,tebd_swap,32,1,19,1.9000000000000001,0.01928464822230025,15016,32,False,175b241308cff632cdf0,success,0.9807153517776998,1.0000000000000504,1.0000000000000013,-4.907185768843192e-14,15016,32,15016,32,0.17603117204271257,True
trajectories,ising_2d,tebd_swap,32,1,20,2.0,0.02126067271272103,15016,32,False,175b241308cff632cdf0,success,0.978739327287279,1.0000000000000522,1.0000000000000013,-5.084821452783217e-14,15016,32,15016,32,0.17385440203361213,True
trajectories,ising_2d,tebd_swap,32,1,21,2.1,0.023142531600789606,15016,32,False,175b241308cff632cdf0,success,0.9768574683992104,1.0000000000000522,0.9999999999999989,-5.3290705182007514e-14,15016,32,15016,32,0.1727978300768882,True
trajectories,ising_2d,tebd_swap,32,1,22,2.2,0.02497200018147505,15016,32,False,175b241308cff632cdf0,success,0.975027999818525,1.0000000000000542,1.0000000000000004,-5.3734794391857577e-14,15016,32,15016,32,0.21354177501052618,True
trajectories,ising_2d,tebd_swap,32,1,23,2.3000000000000003,0.026795499030432657,15016,32,False,175b241308cff632cdf0,success,0.9732045009695673,1.0000000000000597,1.0,-5.972999872483342e-14,15016,32,15016,32,0.174213606165722,True
trajectories,ising_2d,tebd_swap,32,1,24,2.4000000000000004,0.028565523372513724,15016,32,False,175b241308cff632cdf0,success,0.9714344766274863,1.0000000000000633,1.0000000000000013,-6.195044477408373e-14,15016,32,15016,32,0.1789501488674432,True
trajectories,ising_2d,tebd_swap,32,1,25,2.5,0.030217049947243835,15016,32,False,175b241308cff632cdf0,success,0.9697829500527562,1.000000000000065,1.0,-6.505906924303417e-14,15016,32,15016,32,0.17903378489427269,True
trajectories,ising_2d,tebd_swap,32,1,26,2.6,0.0316916527116593,15016,32,False,175b241308cff632cdf0,success,0.9683083472883407,1.000000000000068,0.9999999999999996,-6.838973831690964e-14,15016,32,15016,32,0.17748574982397258,True
trajectories,ising_2d,tebd_swap,32,1,27,2.7,0.03299187424663852,15016,32,False,175b241308cff632cdf0,success,0.9670081257533615,1.0000000000000713,1.0,-7.127631818093505e-14,15016,32,15016,32,0.18059511203318834,True
trajectories,ising_2d,tebd_swap,32,1,28,2.8000000000000003,0.03418811529890242,15016,32,False,175b241308cff632cdf0,success,0.9658118847010976,1.0000000000000742,1.0000000000000013,-7.283063041541027e-14,15016,32,15016,32,0.18411956820636988,True
trajectories,ising_2d,tebd_swap,32,1,29,2.9000000000000004,0.035413797332755736,15016,32,False,175b241308cff632cdf0,success,0.9645862026672443,1.0000000000000724,0.9999999999999998,-7.260858581048524e-14,15016,32,15016,32,0.1882943648379296,True
trajectories,ising_2d,tebd_swap,32,1,30,3.0,0.03663189884766449,15016,32,False,175b241308cff632cdf0,success,0.9633681011523355,1.0000000000000757,1.0000000000000002,-7.549516567451064e-14,15016,32,15016,32,0.1808934030123055,True
