{
  "case_name": "markov_ref",
  "cut": 5,
  "cut_comparison_mode": "asymmetry_grid",
  "J": 0.0,
  "g": 1.0,
  "L": 2,
  "k": 20,
  "dt": 0.1,
  "n_pasts": 64,
  "n_futures": 16,
  "fraction_terminated_early": 0.0,
  "fraction_any_prob_skipped_renormalize": 0.0,
  "fraction_weight_lt_1e-12": 0.0341796875,
  "fraction_weight_lt_1e-10": 0.2265625,
  "fraction_weight_lt_1e-08": 0.5791015625,
  "fraction_weight_lt_1e-06": 0.87109375,
  "mean_cumulative_weight": 1.3661706090699797e-06,
  "median_cumulative_weight": 3.668158139587098e-09,
  "metrics_V_raw": {
    "frobenius": 31.99999996656115,
    "frobenius_sq": 1023.9999978599135,
    "entropy_sv": 4.351885825758746e-27,
    "rank_tol": 1,
    "participation_ratio": 1.0,
    "mean_row_norm": 3.9999999958201466,
    "std_row_norm": 4.475998511201681e-16,
    "mean_col_norm": 2.0343125700019296,
    "std_col_norm": 1.9728097810775342
  },
  "metrics_V_centered_past": {
    "frobenius": 0.0,
    "frobenius_sq": 0.0,
    "entropy_sv": 0.0,
    "rank_tol": 0,
    "participation_ratio": 0.0,
    "mean_row_norm": 0.0,
    "std_row_norm": 0.0,
    "mean_col_norm": 0.0,
    "std_col_norm": 0.0
  },
  "metrics_V_centered_global": {
    "frobenius": 29.022598396021703,
    "frobenius_sq": 842.3112176567615,
    "entropy_sv": 4.351885825758746e-27,
    "rank_tol": 1,
    "participation_ratio": 1.0,
    "mean_row_norm": 3.6278247995027124,
    "std_row_norm": 4.475998511201681e-16,
    "mean_col_norm": 2.045785100082867,
    "std_col_norm": 1.5537633337667593
  },
  "metrics_V_centered_rowcol": {
    "frobenius": 0.0,
    "frobenius_sq": 0.0,
    "entropy_sv": 0.0,
    "rank_tol": 0,
    "participation_ratio": 0.0,
    "mean_row_norm": 0.0,
    "std_row_norm": 0.0,
    "mean_col_norm": 0.0,
    "std_col_norm": 0.0
  },
  "row_distance_raw": {
    "max_row_distance": 0.0,
    "mean_row_distance": 0.0,
    "median_row_distance": 0.0
  },
  "row_distance_centered_past": {
    "max_row_distance": 0.0,
    "mean_row_distance": 0.0,
    "median_row_distance": 0.0
  },
  "delta_norm_centered_past": 0.0,
  "corr_weight_vs_centered_block_norm": NaN,
  "corr_terminated_early_vs_centered_block_norm": NaN,
  "summarize_weights": {
    "mean_weight_by_past": [
      1.0281653143730377e-07,
      5.545758569304353e-09,
      9.339601055730262e-08,
      4.8602069786128e-07,
      1.4011731772221433e-07,
      6.49620027304609e-07,
      5.850359678656745e-06,
      4.164547935258261e-06,
      1.9481942091669132e-06,
      1.1600834106277008e-06,
      2.98697134769148e-07,
      5.66357421468293e-07,
      4.616225337599632e-07,
      9.657259588857519e-08,
      2.35460658446271e-06,
      4.077946475436871e-09,
      1.2365151770510367e-06,
      5.805557285023551e-08,
      7.886269416546752e-06,
      5.350792486458568e-07,
      2.488626836203516e-06,
      3.501863506573507e-06,
      6.933476100313362e-08,
      1.4592403878587212e-07,
      1.5149013878939928e-07,
      8.400590568009038e-09,
      6.129216124071621e-06,
      9.291964599627334e-09,
      9.564373757017821e-08,
      3.154328183740423e-06,
      4.758827828766457e-07,
      2.8426287592154644e-06,
      1.4875328280647751e-05,
      1.4838609281294049e-07,
      5.379012437188413e-07,
      1.049861576872552e-09,
      3.4554153223190914e-10,
      2.431651590499371e-06,
      3.988622278954794e-07,
      1.3949379398216833e-07,
      1.2018293176716658e-07,
      1.2600002143102423e-06,
      2.876818859309693e-06,
      1.2356087358676204e-06,
      1.0098392858197834e-07,
      2.6653311809193063e-07,
      9.527277403392e-08,
      2.0647033385596074e-07,
      3.0465648390985104e-08,
      2.6328981527190445e-07,
      3.1422112937802533e-07,
      7.605496135656485e-06,
      3.536475780577295e-08,
      3.238026257160499e-07,
      1.6177463771061473e-07,
      1.6176810333450697e-06,
      6.660664317295913e-07,
      2.1776177077712277e-07,
      8.961983500833052e-07,
      1.821627815011522e-07,
      3.9482783086003163e-07,
      1.4421240224982996e-08,
      2.611671970420044e-06,
      2.3363666004636283e-07
    ],
    "mean_weight_by_future": [
      1.225823245233715e-09,
      1.1176837305979784e-08,
      2.0093845616425954e-09,
      7.737242172488414e-08,
      3.988708846135343e-06,
      3.2114078992653094e-07,
      6.241345497125077e-07,
      4.190330077472754e-09,
      2.2298400488411045e-09,
      1.446540588563139e-07,
      1.2475281223257445e-11,
      4.054270753611374e-09,
      4.817387280655068e-06,
      6.12772678769874e-11,
      1.1860324509282037e-05,
      4.70502851125239e-11
    ]
  },
  "mean_centered_block_norm_by_past": [
    0.0,
    0.0,
    0.0,
    0.0,
    0.0,
    0.0,
    0.0,
    0.0,
    0.0,
    0.0,
    0.0,
    0.0,
    0.0,
    0.0,
    0.0,
    0.0,
    0.0,
    0.0,
    0.0,
    0.0,
    0.0,
    0.0,
    0.0,
    0.0,
    0.0,
    0.0,
    0.0,
    0.0,
    0.0,
    0.0,
    0.0,
    0.0,
    0.0,
    0.0,
    0.0,
    0.0,
    0.0,
    0.0,
    0.0,
    0.0,
    0.0,
    0.0,
    0.0,
    0.0,
    0.0,
    0.0,
    0.0,
    0.0,
    0.0,
    0.0,
    0.0,
    0.0,
    0.0,
    0.0,
    0.0,
    0.0,
    0.0,
    0.0,
    0.0,
    0.0,
    0.0,
    0.0,
    0.0,
    0.0
  ],
  "mean_centered_block_norm_by_future": [
    0.0,
    0.0,
    0.0,
    0.0,
    0.0,
    0.0,
    0.0,
    0.0,
    0.0,
    0.0,
    0.0,
    0.0,
    0.0,
    0.0,
    0.0,
    0.0
  ],
  "weighted_variants": {
    "masked_lt_1e-12_thr1e-12": {
      "frobenius": 31.44837035092943,
      "frobenius_sq": 988.9999977292173,
      "entropy_sv": 0.13758940082312174,
      "rank_tol": 5,
      "participation_ratio": 0.9515785876419292,
      "mean_row_norm": 3.927874512904233,
      "std_row_norm": 0.15913025638736175,
      "mean_col_norm": 1.998791692913233,
      "std_col_norm": 1.9392718498683759
    },
    "weighted_sqrt_thr1e-12": {
      "frobenius": 0.03740265623258195,
      "frobenius_sq": 0.0013989586932527016,
      "entropy_sv": 4.351885825758746e-27,
      "rank_tol": 1,
      "participation_ratio": 1.0,
      "mean_row_norm": 0.0034565837492262566,
      "std_row_norm": 0.003173022532464275,
      "mean_col_norm": 0.0014386467175154017,
      "std_col_norm": 0.0029882137672587587
    },
    "weighted_linear_thr1e-12": {
      "frobenius": 0.0002220234859785024,
      "frobenius_sq": 4.929442832604626e-08,
      "entropy_sv": 4.351885825758746e-27,
      "rank_tol": 1,
      "participation_ratio": 1.0,
      "mean_row_norm": 1.3427735124117963e-05,
      "std_row_norm": 2.4480302353792135e-05,
      "mean_col_norm": 6.6390561818432855e-06,
      "std_col_norm": 1.8539713439647722e-05
    },
    "masked_lt_1e-10_thr1e-10": {
      "frobenius": 28.14249451379683,
      "frobenius_sq": 791.9999974590846,
      "entropy_sv": 0.3402648369820456,
      "rank_tol": 10,
      "participation_ratio": 0.8751530456642456,
      "mean_row_norm": 3.496978677208024,
      "std_row_norm": 0.38530478253183953,
      "mean_col_norm": 1.7196720303331525,
      "std_col_norm": 1.8043455752919075
    },
    "weighted_sqrt_thr1e-10": {
      "frobenius": 0.03740265623258195,
      "frobenius_sq": 0.0013989586932527016,
      "entropy_sv": 4.351885825758746e-27,
      "rank_tol": 1,
      "participation_ratio": 1.0,
      "mean_row_norm": 0.0034565837492262566,
      "std_row_norm": 0.003173022532464275,
      "mean_col_norm": 0.0014386467175154017,
      "std_col_norm": 0.0029882137672587587
    },
    "weighted_linear_thr1e-10": {
      "frobenius": 0.0002220234859785024,
      "frobenius_sq": 4.929442832604626e-08,
      "entropy_sv": 4.351885825758746e-27,
      "rank_tol": 1,
      "participation_ratio": 1.0,
      "mean_row_norm": 1.3427735124117963e-05,
      "std_row_norm": 2.4480302353792135e-05,
      "mean_col_norm": 6.6390561818432855e-06,
      "std_col_norm": 1.8539713439647722e-05
    },
    "masked_lt_1e-08_thr1e-08": {
      "frobenius": 20.760539465847682,
      "frobenius_sq": 430.99999891301917,