{
  "case_name": "nm_mid",
  "cut": 15,
  "cut_comparison_mode": "cut_comparison_shared_probe_source",
  "J": 1.0,
  "g": 1.0,
  "L": 2,
  "k": 20,
  "dt": 0.1,
  "n_pasts": 32,
  "n_futures": 32,
  "fraction_terminated_early": 0.0,
  "fraction_any_prob_skipped_renormalize": 0.0,
  "fraction_weight_lt_1e-12": 0.06640625,
  "fraction_weight_lt_1e-10": 0.380859375,
  "fraction_weight_lt_1e-08": 0.7890625,
  "fraction_weight_lt_1e-06": 0.98046875,
  "mean_cumulative_weight": 7.740602928927168e-08,
  "median_cumulative_weight": 4.172145286259318e-10,
  "metrics_V_raw": {
    "frobenius": 31.87032467895374,
    "frobenius_sq": 1015.7175951419277,
    "entropy_sv": 0.01810031180968925,
    "rank_tol": 32,
    "participation_ratio": 0.9953832008411463,
    "mean_row_norm": 5.633929074698472,
    "std_row_norm": 0.004314052358842329,
    "mean_col_norm": 1.3542604539962468,
    "std_col_norm": 1.463554794842098
  },
  "metrics_V_centered_past": {
    "frobenius": 1.5327135332913386,
    "frobenius_sq": 2.3492107751344196,
    "entropy_sv": 0.7586533372246054,
    "rank_tol": 31,
    "participation_ratio": 0.5620154266762408,
    "mean_row_norm": 0.2503859802335454,
    "std_row_norm": 0.10519265337005232,
    "mean_col_norm": 0.05766353843679857,
    "std_col_norm": 0.0766450785517262
  },
  "metrics_V_centered_global": {
    "frobenius": 30.033357553517597,
    "frobenius_sq": 902.0025659374325,
    "entropy_sv": 0.020066981505471506,
    "rank_tol": 32,
    "participation_ratio": 0.9948040472764759,
    "mean_row_norm": 5.309194784651475,
    "std_row_norm": 0.0056499317128690975,
    "mean_col_norm": 1.4477212719398027,
    "std_col_norm": 1.1971419630844655
  },
  "metrics_V_centered_rowcol": {
    "frobenius": 1.5318285093221804,
    "frobenius_sq": 2.3464985819722135,
    "entropy_sv": 0.7583490017250759,
    "rank_tol": 31,
    "participation_ratio": 0.5621699437904649,
    "mean_row_norm": 0.25022389095978503,
    "std_row_norm": 0.10517492687629772,
    "mean_col_norm": 0.058754837239316834,
    "std_col_norm": 0.07573827669131628
  },
  "row_distance_raw": {
    "max_row_distance": 0.8619357007223954,
    "mean_row_distance": 0.3516375120526042,
    "median_row_distance": 0.3298766285735142
  },
  "row_distance_centered_past": {
    "max_row_distance": 0.8619357007223954,
    "mean_row_distance": 0.3516375120526042,
    "median_row_distance": 0.3298766285735142
  },
  "delta_norm_centered_past": 0.002312858206228239,
  "corr_weight_vs_centered_block_norm": 0.009895268644605208,
  "corr_terminated_early_vs_centered_block_norm": NaN,
  "summarize_weights": {
    "mean_weight_by_past": [
      5.554365441872822e-07,
      2.6307609974445755e-11,
      1.0638474664199371e-11,
      2.535163175798435e-10,
      1.043584872125398e-08,
      7.278577584120048e-11,
      2.4896060474057445e-09,
      3.978377747897293e-11,
      1.0491641364057143e-08,
      4.3935508181999614e-09,
      7.040557172496947e-08,
      1.3985716390343853e-11,
      5.256326071051936e-08,
      8.270778066068871e-09,
      1.2975079889272682e-11,
      2.300476613431889e-08,
      9.696178178024692e-10,
      1.164573857980774e-08,
      3.012388931526583e-11,
      4.3376985695312897e-07,
      2.9320904880199486e-10,
      1.2622627793513585e-06,
      2.122084632223897e-11,
      3.0580258998982712e-09,
      5.6577559074730574e-09,
      1.5379955072341003e-09,
      1.7578763249068783e-10,
      5.252701293786913e-11,
      5.765980103340409e-09,
      4.1126518803590094e-10,
      1.5679119431094157e-09,
      1.1851581049742888e-08
    ],
    "mean_weight_by_future": [
      2.6635552155948672e-08,
      8.699444170997125e-09,
      1.8794930639344805e-10,
      7.973346063597215e-08,
      2.7418715434854076e-08,
      7.785314260542315e-08,
      3.0072957506765354e-07,
      2.395455103621278e-08,
      2.7404116981074868e-08,
      3.629520521779562e-08,
      7.606302099706003e-09,
      6.117867766467927e-08,
      2.550707669254532e-09,
      3.1465919545899935e-07,
      8.368253357526998e-08,
      6.500156219438346e-08,
      1.8359099765116222e-07,
      5.0793654951957645e-08,
      3.952642620586006e-08,
      1.6513018573659029e-07,
      1.3079504521447087e-08,
      4.67139516943295e-11,
      4.568116198358154e-09,
      5.60802170752592e-08,
      1.1359266087589448e-09,
      6.868195237697621e-08,
      2.271896585080825e-08,
      7.07792205947642e-09,
      3.3768098643862937e-11,
      1.3203416827266306e-07,
      4.6482545733625374e-09,
      5.842554718490575e-07
    ]
  },
  "mean_centered_block_norm_by_past": [
    0.012621594289189627,
    0.022890988847118612,
    0.014268041879410762,
    0.026790741528116238,
    0.061079287557133655,
    0.022669860111501905,
    0.019857664029383895,
    0.049772079325525104,
    0.019618401096567227,
    0.0484660901160699,
    0.01640864299763889,
    0.052444966318558245,
    0.03269227627907951,
    0.027364494007355723,
    0.025462994266502614,
    0.022891032942744756,
    0.014164217934141153,
    0.06904214504773952,
    0.07649811415675127,
    0.014206438100980072,
    0.06071811060739267,
    0.05106542091387297,
    0.036431924568649354,
    0.03876973324100333,
    0.032518166939006485,
    0.037094402092547454,
    0.0375361059893807,
    0.02225718801741637,
    0.03143513193051772,
    0.07198556576873749,
    0.027066458049950677,
    0.04759826791884346
  ],
  "mean_centered_block_norm_by_future": [
    0.048404964695781955,
    0.0450540742711059,
    0.027721935841756695,
    0.04693920829644262,
    0.036650820248564635,
    0.03693084933676655,
    0.042827869893893096,
    0.04448960197700273,
    0.05033324763913938,
    0.036559290587017367,
    0.0020671323597458648,
    0.047869075537886135,
    0.007989842646826489,
    0.056106724811593435,
    0.029617320588609115,
    0.04218581361990456,
    0.037642228704583905,
    0.042101269868818035,
    0.009106853932348403,
    0.04544124407107326,
    0.02189624970806743,
    0.010831923669086457,
    0.03291753873376927,
    0.01725960478578342,
    0.06402220566118283,
    0.038161296629262,
    0.017655360722142927,
    0.049251843190822646,
    0.08116589717838153,
    0.01355385336259136,
    0.024708633599592744,
    0.03622277069928461
  ],
  "weighted_variants": {
    "masked_lt_1e-12_thr1e-12": {
      "frobenius": 30.79081448729068,
      "frobenius_sq": 948.0742567907497,
      "entropy_sv": 0.2293298000734672,
      "rank_tol": 32,
      "participation_ratio": 0.9159171403089317,
      "mean_row_norm": 5.437892486918143,
      "std_row_norm": 0.2418121380772267,
      "mean_col_norm": 1.3071173429474594,
      "std_col_norm": 1.4151615791385665
    },
    "weighted_sqrt_thr1e-12": {
      "frobenius": 0.00886513518037389,
      "frobenius_sq": 7.859062176630282e-05,
      "entropy_sv": 0.014071407190944586,
      "rank_tol": 27,
      "participation_ratio": 0.9964645122970629,
      "mean_row_norm": 0.0007448840872686915,
      "std_row_norm": 0.0014008677962005717,
      "mean_col_norm": 0.0003058114201063625,
      "std_col_norm": 0.0004629375168588236
    },
    "weighted_linear_thr1e-12": {
      "frobenius": 1.5165207847695594e-05,
      "frobenius_sq": 2.2998352906380802e-10,
      "entropy_sv": 0.008852340792796476,
      "rank_tol": 4,
      "participation_ratio": 0.9978271679475409,
      "mean_row_norm": 8.054054572170968e-07,
      "std_row_norm": 2.5979261868833707e-06,
      "mean_col_norm": 3.7093693272392227e-07,
      "std_col_norm": 8.739350085783365e-07
    },
    "masked_lt_1e-10_thr1e-10": {
      "frobenius": 25.073777596981248,
      "frobenius_sq": 628.6943229828787,
      "entropy_sv": 0.5109415873760708,
      "rank_tol": 30,
      "participation_ratio": 0.8135058610349254,
      "mean_row_norm": 4.038139323814718,
      "std_row_norm": 1.8568453010210115,
      "mean_col_norm": 1.0513452801536731,
      "std_col_norm": 1.164391008157533
    },