{
  "case_name": "markov_ref",
  "cut": 15,
  "cut_comparison_mode": "cut_comparison_shared_probe_source",
  "J": 0.0,
  "g": 1.0,
  "L": 2,
  "k": 20,
  "dt": 0.1,
  "n_pasts": 64,
  "n_futures": 16,
  "weight_preparation": {
    "weight_data_invalid": false,
    "nan_count": 0,
    "posinf_count": 0,
    "neginf_count": 0,
    "negative_count": 0,
    "warnings": []
  },
  "variants": {
    "unweighted": {
      "metrics_raw": {
        "frobenius": 32.00000021757982,
        "frobenius_sq": 1024.0000139251083,
        "entropy_sv": 4.351885825758746e-27,
        "rank_tol": 1,
        "participation_ratio": 1.0,
        "mean_row_norm": 4.000000027197481,
        "std_row_norm": 8.951997022403363e-16,
        "mean_col_norm": 1.9971124516450796,
        "std_col_norm": 2.0107533187526228
      },
      "metrics_centered_past": {
        "frobenius": 0.0,
        "frobenius_sq": 0.0,
        "entropy_sv": 0.0,
        "rank_tol": 0,
        "participation_ratio": 0.0,
        "mean_row_norm": 0.0,
        "std_row_norm": 0.0,
        "mean_col_norm": 0.0,
        "std_col_norm": 0.0
      },
      "delta_norm": 0.0,
      "row_distance_raw": {
        "max_row_distance": 0.0,
        "mean_row_distance": 0.0,
        "median_row_distance": 0.0
      },
      "row_distance_centered_past": {
        "max_row_distance": 0.0,
        "mean_row_distance": 0.0,
        "median_row_distance": 0.0
      },
      "control_heuristic": {
        "low_entropy_control": true,
        "very_low_entropy": true
      }
    },
    "weighted_sqrt": {
      "metrics_raw": {
        "frobenius": 0.0350414640742203,
        "frobenius_sq": 0.0012279042044648718,
        "entropy_sv": 4.351885825758746e-27,
        "rank_tol": 1,
        "participation_ratio": 1.0,
        "mean_row_norm": 0.0023144226215109512,
        "std_row_norm": 0.003748195061760421,
        "mean_col_norm": 0.0015812909528194552,
        "std_col_norm": 0.002673643046141384
      },
      "metrics_centered_past": {
        "frobenius": 0.029750375996335374,
        "frobenius_sq": 0.000885084871923328,
        "entropy_sv": 4.351885825758746e-27,
        "rank_tol": 1,
        "participation_ratio": 1.0,
        "mean_row_norm": 0.0023953287612179784,
        "std_row_norm": 0.002867105392692966,
        "mean_col_norm": 0.0013425238256694896,
        "std_col_norm": 0.0022699361457677197
      },
      "delta_norm": 0.7208093829347652,
      "row_distance_raw": {
        "max_row_distance": 0.019660380904446738,
        "mean_row_distance": 0.003156081741441049,
        "median_row_distance": 0.0016292838029948252
      },
      "row_distance_centered_past": {
        "max_row_distance": 0.019660380904446738,
        "mean_row_distance": 0.003156081741441049,
        "median_row_distance": 0.0016292838029948252
      },
      "control_heuristic": {
        "low_entropy_control": true,
        "very_low_entropy": true
      }
    },
    "weighted_linear": {
      "metrics_raw": {
        "frobenius": 0.00033226078812840246,
        "frobenius_sq": 1.1039723132770714e-07,
        "entropy_sv": 4.351885825758746e-27,
        "rank_tol": 1,
        "participation_ratio": 1.0,
        "mean_row_norm": 1.2249125957614348e-05,
        "std_row_norm": 3.9998928909722083e-05,
        "mean_col_norm": 8.650588017359705e-06,
        "std_col_norm": 2.817530179645505e-05
      },
      "metrics_centered_past": {
        "frobenius": 0.00031748165581222976,
        "frobenius_sq": 1.0079460177727513e-07,
        "entropy_sv": 4.351885825758746e-27,
        "rank_tol": 1,
        "participation_ratio": 1.0,
        "mean_row_norm": 1.7960514016004434e-05,
        "std_row_norm": 3.5668108048145454e-05,
        "mean_col_norm": 8.265805372253081e-06,
        "std_col_norm": 2.6922049748136336e-05
      },
      "delta_norm": 0.9130174784734663,
      "row_distance_raw": {
        "max_row_distance": 0.00024697408644121455,
        "mean_row_distance": 2.189547766226107e-05,
        "median_row_distance": 3.459409869995403e-06
      },
      "row_distance_centered_past": {
        "max_row_distance": 0.0002469740864412146,
        "mean_row_distance": 2.1895477662261066e-05,
        "median_row_distance": 3.459409869995403e-06
      },
      "control_heuristic": {
        "low_entropy_control": true,
        "very_low_entropy": true
      }
    }
  },
  "candidate_main": {
    "definition": "entropy_sv of centered_past( w_ij^0.5 * rho_flat ) \u2014 same as weighted_sqrt centered_past",
    "metrics_centered_past": {
      "frobenius": 0.029750375996335374,
      "frobenius_sq": 0.000885084871923328,
      "entropy_sv": 4.351885825758746e-27,
      "rank_tol": 1,
      "participation_ratio": 1.0,
      "mean_row_norm": 0.0023953287612179784,
      "std_row_norm": 0.002867105392692966,
      "mean_col_norm": 0.0013425238256694896,
      "std_col_norm": 0.0022699361457677197
    },
    "metrics_raw": {
      "frobenius": 0.0350414640742203,
      "frobenius_sq": 0.0012279042044648718,
      "entropy_sv": 4.351885825758746e-27,
      "rank_tol": 1,
      "participation_ratio": 1.0,
      "mean_row_norm": 0.0023144226215109512,
      "std_row_norm": 0.003748195061760421,
      "mean_col_norm": 0.0015812909528194552,
      "std_col_norm": 0.002673643046141384
    },
    "delta_norm": 0.7208093829347652
  }
}