{
  "case_name": "trivial",
  "cut": 10,
  "cut_comparison_mode": "cut_comparison_shared_probe_source",
  "J": 0.0,
  "g": 0.0,
  "L": 2,
  "k": 20,
  "dt": 0.1,
  "n_pasts": 16,
  "n_futures": 64,
  "fraction_terminated_early": 0.00390625,
  "fraction_any_prob_skipped_renormalize": 0.0,
  "fraction_weight_lt_1e-12": 0.0556640625,
  "fraction_weight_lt_1e-10": 0.259765625,
  "fraction_weight_lt_1e-08": 0.591796875,
  "fraction_weight_lt_1e-06": 0.9267578125,
  "mean_cumulative_weight": 5.662075660828518e-07,
  "median_cumulative_weight": 3.3403645344275553e-09,
  "metrics_V_raw": {
    "frobenius": 31.999999965224248,
    "frobenius_sq": 1023.9999977743519,
    "entropy_sv": 0.005898275876612736,
    "rank_tol": 2,
    "participation_ratio": 0.998569747425863,
    "mean_row_norm": 7.999999991306067,
    "std_row_norm": 5.934616208559492e-10,
    "mean_col_norm": 0.9925450930531938,
    "std_col_norm": 1.008384971140678
  },
  "metrics_V_centered_past": {
    "frobenius": 0.8564404397091402,
    "frobenius_sq": 0.7334902267691854,
    "entropy_sv": 1.0361632918473208e-27,
    "rank_tol": 1,
    "participation_ratio": 1.0,
    "mean_row_norm": 0.14162052601307448,
    "std_row_norm": 0.16584897800060283,
    "mean_col_norm": 0.004082905140230478,
    "std_col_norm": 0.037665619350097636
  },
  "metrics_V_centered_global": {
    "frobenius": 29.830183877315747,
    "frobenius_sq": 889.8398701544684,
    "entropy_sv": 0.006675516834693723,
    "rank_tol": 2,
    "participation_ratio": 0.9983532589017701,
    "mean_row_norm": 7.457545247921804,
    "std_row_norm": 0.0033877982149626267,
    "mean_col_norm": 1.0368692229677903,
    "std_col_norm": 0.8149649770476556
  },
  "metrics_V_centered_rowcol": {
    "frobenius": 0.8557728806318339,
    "frobenius_sq": 0.732347223224907,
    "entropy_sv": 1.1097209019509493e-27,
    "rank_tol": 1,
    "participation_ratio": 1.0,
    "mean_row_norm": 0.1415101388065746,
    "std_row_norm": 0.1657197057411518,
    "mean_col_norm": 0.005553690788808945,
    "std_col_norm": 0.03744677529454206
  },
  "row_distance_raw": {
    "max_row_distance": 0.647408118916912,
    "mean_row_distance": 0.15106189441394616,
    "median_row_distance": 0.0
  },
  "row_distance_centered_past": {
    "max_row_distance": 0.647408118916912,
    "mean_row_distance": 0.15106189441394616,
    "median_row_distance": 0.0
  },
  "delta_norm_centered_past": 0.0007162990511361475,
  "corr_weight_vs_centered_block_norm": -0.01241823237052208,
  "corr_terminated_early_vs_centered_block_norm": 0.7548164672022537,
  "summarize_weights": {
    "mean_weight_by_past": [
      6.515673162018258e-08,
      1.921426716604205e-07,
      8.250497688618266e-11,
      2.131006645857563e-06,
      2.2713247497910672e-07,
      3.176374375215867e-06,
      1.0060460470994189e-08,
      3.918334822055248e-11,
      6.185855197819937e-10,
      4.6259076158344987e-07,
      1.7345461478527757e-06,
      6.737315545275951e-07,
      1.8383188674393114e-08,
      1.8384618268301715e-09,
      3.649718020700412e-07,
      6.455071415205659e-10
    ],
    "mean_weight_by_future": [
      1.3341177176013005e-06,
      5.20663898041562e-07,
      3.480381107045611e-08,
      8.819613308009222e-09,
      8.701026045763953e-10,
      1.6929566275571585e-08,
      5.445486496364691e-07,
      6.499562858019811e-10,
      1.125444715439221e-08,
      1.7469538363473963e-08,
      5.0962105625111625e-11,
      1.6194509847997492e-08,
      1.537092783767317e-07,
      9.383267238884844e-07,
      6.946957057423222e-09,
      1.7534176761484368e-06,
      2.2126744060897514e-08,
      2.1127791160752847e-07,
      2.9517697889468917e-08,
      1.3902280908609728e-07,
      5.89465831223912e-09,
      8.439257554982717e-08,
      1.3906230786082054e-08,
      6.06175939725237e-06,
      3.3444357972232447e-08,
      4.2395490091941404e-08,
      3.9963120109970366e-10,
      7.21737997606935e-08,
      2.127726304143539e-08,
      1.4358978724226522e-05,
      8.727464239085069e-07,
      6.534319813398312e-08,
      7.224157295776687e-09,
      2.8203261734494133e-08,
      1.5890460838210462e-07,
      1.0557476502443906e-06,
      1.33697490597993e-07,
      8.494011011930793e-07,
      6.463800193781797e-08,
      1.2314559169198695e-06,
      8.657252843584794e-13,
      8.825282154344231e-08,
      8.704813965846477e-07,
      1.5891318911123538e-09,
      7.373538680376803e-08,
      1.0284760015515773e-06,
      3.679889517598269e-09,
      1.310017161047993e-06,
      6.041424900106413e-09,
      9.00949514102532e-09,
      5.4576133596672836e-08,
      9.951981985180926e-10,
      1.2220111726464681e-08,
      1.4210827615958043e-06,
      1.9184997758183233e-08,
      1.3605261468725464e-07,
      6.267098299607389e-09,
      3.35605231936568e-08,
      1.8713716562587376e-09,
      1.3681846136716407e-09,
      2.1140417933391904e-07,
      1.0167471508937942e-09,
      2.089018335332825e-08,
      2.808040478963631e-09
    ]
  },
  "mean_centered_block_norm_by_past": [
    0.001264468982259594,
    0.001264468982259594,
    0.008851282875817155,
    0.001264468982259594,
    0.001264468982259594,
    0.001264468982259594,
    0.001264468982259594,
    0.008851282875817155,
    0.001264468982259594,
    0.001264468982259594,
    0.001264468982259594,
    0.001264468982259594,
    0.001264468982259594,
    0.001264468982259594,
    0.001264468982259594,
    0.001264468982259594
  ],
  "mean_centered_block_norm_by_future": [
    0.0,
    0.0,
    0.0,
    0.0,
    0.0,
    0.0,
    0.0,
    0.0,
    0.0,
    0.0,
    0.0,
    0.0,
    0.0,
    0.0,
    0.0,
    0.0,
    0.0,
    0.0,
    0.0,
    0.0,
    0.0,
    0.0,
    0.0,
    0.0,
    0.0,
    0.0,
    0.0,
    0.0,
    0.0,
    0.0,
    0.0,
    0.0,
    0.0,
    0.0,
    0.0,
    0.0,
    0.0,
    0.0,
    0.0,
    0.0,
    0.14162052601307445,
    0.0,
    0.0,
    0.0,
    0.0,
    0.0,
    0.0,
    0.0,
    0.0,
    0.0,
    0.0,
    0.0,
    0.0,
    0.0,
    0.0,
    0.0,
    0.0,
    0.0,
    0.0,
    0.0,
    0.0,
    0.0,
    0.0,
    0.0
  ],
  "weighted_variants": {
    "masked_lt_1e-12_thr1e-12": {
      "frobenius": 31.09662356769131,
      "frobenius_sq": 966.9999973106947,
      "entropy_sv": 0.1854673570910816,
      "rank_tol": 6,
      "participation_ratio": 0.9340212530707318,
      "mean_row_norm": 7.763410710411021,
      "std_row_norm": 0.4220002823303183,
      "mean_col_norm": 0.9619107808151832,
      "std_col_norm": 0.9824891050057217
    },
    "weighted_sqrt_thr1e-12": {
      "frobenius": 0.024078964814641047,
      "frobenius_sq": 0.0005797965465447215,
      "entropy_sv": 1.5788844175186245e-11,
      "rank_tol": 2,
      "participation_ratio": 0.9999999999989202,
      "mean_row_norm": 0.004089352899300694,
      "std_row_norm": 0.004562394344964184,
      "mean_col_norm": 0.00044300406327877224,
      "std_col_norm": 0.0009685011876580702
    },
    "weighted_linear_thr1e-12": {
      "frobenius": 0.00012239551239084926,
      "frobenius_sq": 1.4980661453418535e-08,
      "entropy_sv": 6.233807310419324e-22,
      "rank_tol": 1,
      "participation_ratio": 1.0,
      "mean_row_norm": 1.6097648838889692e-05,
      "std_row_norm": 2.6875655257965613e-05,
      "mean_col_norm": 1.17001581635765e-06,
      "std_col_norm": 5.286279123789794e-06
    },
    "masked_lt_1e-10_thr1e-10": {
      "frobenius": 27.53179974215845,
      "frobenius_sq": 757.9999970423162,
      "entropy_sv": 0.4327061031671496,
      "rank_tol": 10,
      "participation_ratio": 0.8267416683511503,
      "mean_row_norm": 6.62421200452893,
      "std_row_norm": 1.9307518768119725,
      "mean_col_norm": 0.8444623843285693,
      "std_col_norm": 0.8768430264571961
    },
    "weighted_sqrt_thr1e-10": {
      "frobenius": 0.024078964814641047,
      "frobenius_sq": 0.0005797965465447215,
      "entropy_sv": 1.5788844175186245e-11,
      "rank_tol": 2,
      "participation_ratio": 0.9999999999989202,