{
  "case_name": "nm_mid",
  "cut": 5,
  "cut_comparison_mode": "cut_comparison_fresh_probes",
  "J": 1.0,
  "g": 1.0,
  "L": 2,
  "k": 20,
  "dt": 0.1,
  "n_pasts": 64,
  "n_futures": 16,
  "fraction_terminated_early": 0.0009765625,
  "fraction_any_prob_skipped_renormalize": 0.0,
  "fraction_weight_lt_1e-12": 0.046875,
  "fraction_weight_lt_1e-10": 0.263671875,
  "fraction_weight_lt_1e-08": 0.705078125,
  "fraction_weight_lt_1e-06": 0.95703125,
  "mean_cumulative_weight": 7.550688698433156e-07,
  "median_cumulative_weight": 1.4344941682170373e-09,
  "metrics_V_raw": {
    "frobenius": 31.877897187057975,
    "frobenius_sq": 1016.2003290686388,
    "entropy_sv": 0.008491739870418548,
    "rank_tol": 62,
    "participation_ratio": 0.9981168699524227,
    "mean_row_norm": 3.984737024846215,
    "std_row_norm": 0.0010000722473505598,
    "mean_col_norm": 2.0600066417649554,
    "std_col_norm": 1.929905604280091
  },
  "metrics_V_centered_past": {
    "frobenius": 0.9791168569080272,
    "frobenius_sq": 0.9586698194814542,
    "entropy_sv": 1.045518245202971,
    "rank_tol": 63,
    "participation_ratio": 0.43493119335647945,
    "mean_row_norm": 0.09517773972655702,
    "std_row_norm": 0.07755248939914215,
    "mean_col_norm": 0.055880523596474885,
    "std_col_norm": 0.06634275150742722
  },
  "metrics_V_centered_global": {
    "frobenius": 29.74888121094799,
    "frobenius_sq": 884.9959333030943,
    "entropy_sv": 0.009604512298023041,
    "rank_tol": 62,
    "participation_ratio": 0.9978369636049707,
    "mean_row_norm": 3.718609651983763,
    "std_row_norm": 0.0019424178150269904,
    "mean_col_norm": 2.1161576348322964,
    "std_col_norm": 1.5668720331358104
  },
  "metrics_V_centered_rowcol": {
    "frobenius": 0.9785802125295974,
    "frobenius_sq": 0.957619232354472,
    "entropy_sv": 1.0441900175483956,
    "rank_tol": 63,
    "participation_ratio": 0.43522850193960444,
    "mean_row_norm": 0.09511179769622669,
    "std_row_norm": 0.07752715575950235,
    "mean_col_norm": 0.05661391623884225,
    "std_col_norm": 0.06565010370732884
  },
  "row_distance_raw": {
    "max_row_distance": 0.5909437124678333,
    "mean_row_distance": 0.13782353926750643,
    "median_row_distance": 0.11166406085566043
  },
  "row_distance_centered_past": {
    "max_row_distance": 0.5909437124678333,
    "mean_row_distance": 0.13782353926750643,
    "median_row_distance": 0.11166406085566043
  },
  "delta_norm_centered_past": 0.000943386645387222,
  "corr_weight_vs_centered_block_norm": -0.06166036832036158,
  "corr_terminated_early_vs_centered_block_norm": 0.22286395600569975,
  "summarize_weights": {
    "mean_weight_by_past": [
      3.2193479422126914e-07,
      1.0499483621640455e-06,
      1.4694282808337425e-07,
      2.8452660987558112e-09,
      1.7265834524616059e-06,
      1.4605081747430273e-07,
      2.5616950698696444e-07,
      2.3685550178646845e-08,
      2.7696069858334046e-06,
      1.0673267054935165e-07,
      1.1671023284376447e-07,
      6.383483647786962e-07,
      1.955164512070136e-07,
      4.719133950909236e-07,
      3.048375627315999e-11,
      9.189831231445862e-07,
      4.412445987507007e-07,
      4.712660234431451e-08,
      1.3573904879788982e-06,
      6.885188281053945e-07,
      2.2860854027900177e-06,
      2.6429893185474517e-07,
      8.107969417997631e-09,
      3.049348274096605e-06,
      1.6710515773689865e-07,
      1.2082695750241974e-06,
      5.587982538523464e-06,
      2.40424371353936e-07,
      3.33678779757927e-07,
      3.912624112533985e-06,
      4.81938785708246e-08,
      1.2194300951359447e-06,
      1.9160369238361034e-06,
      7.20283872856277e-07,
      1.4973669801962364e-09,
      5.808663535340535e-08,
      1.2144023796616041e-08,
      1.485962064595838e-06,
      3.213276173218461e-07,
      1.1686439506951152e-08,
      1.3734213874373653e-06,
      5.184536436086059e-08,
      1.4004259658046469e-07,
      3.231908031624208e-08,
      5.720165629106436e-08,
      1.3467672321159168e-08,
      3.452711409550731e-08,
      3.253674336034754e-10,
      8.3666482505831e-09,
      1.3973287498014488e-07,
      1.8899059990119687e-06,
      1.3993859262816158e-08,
      1.445397517033054e-06,
      2.434809622383643e-06,
      1.9690881501019193e-08,
      2.3539593954048644e-06,
      6.777006524146383e-08,
      1.0156528485633008e-07,
      7.479577949496844e-08,
      6.154636485752406e-07,
      2.249854782463309e-06,
      1.3599372947617174e-08,
      5.526029940372551e-07,
      3.6089187259559525e-07
    ],
    "mean_weight_by_future": [
      1.5061071098114256e-09,
      2.8200613071916653e-09,
      3.2535813400011043e-09,
      1.9984551365144282e-08,
      8.195303554203357e-10,
      7.994789841420559e-08,
      8.124860830048121e-10,
      2.980276533098604e-08,
      1.170542903661139e-05,
      2.916315827180267e-11,
      2.3470996067539387e-08,
      3.4146519145528857e-10,
      4.002285314421122e-09,
      1.3977593095099608e-07,
      8.25148431733259e-12,
      6.909780740889685e-08
    ]
  },
  "mean_centered_block_norm_by_past": [
    0.015998846916263847,
    0.009393320402400871,
    0.01724161134670048,
    0.039517589600366776,
    0.012122130887907189,
    0.011767310249980888,
    0.01475324884479819,
    0.0158366382599672,
    0.006224006644780965,
    0.02386122006319318,
    0.01638883124015008,
    0.0061376122186456925,
    0.019881974729587942,
    0.007745168286135074,
    0.08768973376774666,
    0.01935956517930203,
    0.007733397039248912,
    0.02109621995938963,
    0.005684762947992377,
    0.013721288907628823,
    0.00920912989655149,
    0.013619816629818877,
    0.014658902226623494,
    0.01470719362407609,
    0.005392593429552089,
    0.012880552085967653,
    0.011856731898334534,
    0.012309832639778737,
    0.009415418750735113,
    0.005947028020951751,
    0.03213544329996135,
    0.008448334635200564,
    0.013602619985526788,
    0.006422945590351916,
    0.02215079226477434,
    0.026022288201723462,
    0.021018520429041294,
    0.006229895819444378,
    0.016369861461372114,
    0.023161242796202474,
    0.017408101622000446,
    0.019225907429545136,
    0.018089322164080185,
    0.02565034947814889,
    0.015648191387189755,
    0.021019410659172396,
    0.01596427054445554,
    0.1000313212989373,
    0.03063033036111677,
    0.007830122764488369,
    0.0054423721775817,
    0.025826787725997107,
    0.014454390462485195,
    0.006984449067335942,
    0.021658609465753903,
    0.006342815098685932,
    0.03792792842399532,
    0.019704419589383907,
    0.021716445902557217,
    0.02037746018062134,
    0.01909891603274548,
    0.038596573369087846,
    0.014003577741550557,
    0.017342360230268215
  ],
  "mean_centered_block_norm_by_future": [
    0.04078642278569645,
    0.014906645067431508,
    0.012553174612862959,
    0.017376183162243486,
    0.03362514147931406,
    0.010026618429571778,
    0.019649089293637758,
    0.007778828855706305,
    0.018532393993993083,
    0.014891619116602023,
    0.027928610228413028,
    0.01990262961546704,
    0.010489645125138818,
    0.023850931872366744,
    0.00836599553562264,
    0.019008084414772287
  ],
  "weighted_variants": {
    "masked_lt_1e-12_thr1e-12": {
      "frobenius": 31.12008889463287,
      "frobenius_sq": 968.4599328098521,
      "entropy_sv": 0.17488575049018004,
      "rank_tol": 62,
      "participation_ratio": 0.9394365228995335,
      "mean_row_norm": 3.883679946071126,
      "std_row_norm": 0.22360174719239273,
      "mean_col_norm": 2.004916545990664,
      "std_col_norm": 1.8905891411744573
    },
    "weighted_sqrt_thr1e-12": {
      "frobenius": 0.02766465095253461,
      "frobenius_sq": 0.0007653329123255741,
      "entropy_sv": 0.0015337216811445635,
      "rank_tol": 26,
      "participation_ratio": 0.9997005693540535,
      "mean_row_norm": 0.002649782257867525,
      "std_row_norm": 0.002239496710121246,
      "mean_col_norm": 0.0006179046355062387,