{
  "case_name": "markov_ref",
  "cut": 15,
  "cut_comparison_mode": "asymmetry_grid",
  "J": 0.0,
  "g": 1.0,
  "L": 2,
  "k": 20,
  "dt": 0.1,
  "n_pasts": 16,
  "n_futures": 32,
  "fraction_terminated_early": 0.0,
  "fraction_any_prob_skipped_renormalize": 0.0,
  "fraction_weight_lt_1e-12": 0.0078125,
  "fraction_weight_lt_1e-10": 0.158203125,
  "fraction_weight_lt_1e-08": 0.728515625,
  "fraction_weight_lt_1e-06": 0.9921875,
  "mean_cumulative_weight": 4.4571358669457265e-08,
  "median_cumulative_weight": 2.402235646514067e-09,
  "metrics_V_raw": {
    "frobenius": 22.627416897042796,
    "frobenius_sq": 511.9999954325778,
    "entropy_sv": 1.0361632918473208e-27,
    "rank_tol": 1,
    "participation_ratio": 1.0,
    "mean_row_norm": 5.656854224260702,
    "std_row_norm": 0.0,
    "mean_col_norm": 1.0085624132771045,
    "std_col_norm": 0.9933055751120077
  },
  "metrics_V_centered_past": {
    "frobenius": 0.0,
    "frobenius_sq": 0.0,
    "entropy_sv": 0.0,
    "rank_tol": 0,
    "participation_ratio": 0.0,
    "mean_row_norm": 0.0,
    "std_row_norm": 0.0,
    "mean_col_norm": 0.0,
    "std_col_norm": 0.0
  },
  "metrics_V_centered_global": {
    "frobenius": 20.39487037466664,
    "frobenius_sq": 415.95073759945507,
    "entropy_sv": 1.0361632918473208e-27,
    "rank_tol": 1,
    "participation_ratio": 1.0,
    "mean_row_norm": 5.09871759366666,
    "std_row_norm": 0.0,
    "mean_col_norm": 1.038272432282156,
    "std_col_norm": 0.7409063575779578
  },
  "metrics_V_centered_rowcol": {
    "frobenius": 0.0,
    "frobenius_sq": 0.0,
    "entropy_sv": 0.0,
    "rank_tol": 0,
    "participation_ratio": 0.0,
    "mean_row_norm": 0.0,
    "std_row_norm": 0.0,
    "mean_col_norm": 0.0,
    "std_col_norm": 0.0
  },
  "row_distance_raw": {
    "max_row_distance": 0.0,
    "mean_row_distance": 0.0,
    "median_row_distance": 0.0
  },
  "row_distance_centered_past": {
    "max_row_distance": 0.0,
    "mean_row_distance": 0.0,
    "median_row_distance": 0.0
  },
  "delta_norm_centered_past": 0.0,
  "corr_weight_vs_centered_block_norm": NaN,
  "corr_terminated_early_vs_centered_block_norm": NaN,
  "summarize_weights": {
    "mean_weight_by_past": [
      9.93112311657144e-10,
      4.831291312756281e-08,
      4.271135942934683e-09,
      6.480739013477205e-09,
      2.4244387676055324e-07,
      1.5489595630119852e-09,
      3.886851779785369e-09,
      5.4605582698175574e-08,
      2.525470418677739e-07,
      4.475031459710498e-09,
      8.827486876408224e-10,
      5.138414564279433e-09,
      5.161126081558537e-09,
      6.833099178102287e-11,
      7.726648397448282e-08,
      5.0593898869313415e-09
    ],
    "mean_weight_by_future": [
      1.4311218462641311e-08,
      8.511402985252036e-08,
      1.2549549886901528e-10,
      2.3452875845932987e-08,
      6.419714574270886e-10,
      1.2260914487189043e-08,
      3.533244021337049e-09,
      1.3282487903597e-08,
      2.851973675958243e-09,
      4.3868683299273035e-08,
      1.963632531997508e-09,
      7.448124096075644e-08,
      8.9559490400037e-09,
      3.883495126728418e-08,
      7.692079668506851e-08,
      4.486659723144947e-09,
      5.0473058250978215e-09,
      3.656350580790243e-08,
      3.7289193038497395e-07,
      2.300430022602039e-07,
      9.030578614375849e-08,
      2.1132294010394624e-08,
      1.9942433709051364e-09,
      1.49998554679715e-10,
      3.526215814532674e-09,
      5.721312422799346e-08,
      2.7834323155197483e-08,
      8.508260064747453e-08,
      7.329809895007622e-09,
      4.382237060603668e-08,
      3.802819976663801e-08,
      2.3264223883590804e-10
    ]
  },
  "mean_centered_block_norm_by_past": [
    0.0,
    0.0,
    0.0,
    0.0,
    0.0,
    0.0,
    0.0,
    0.0,
    0.0,
    0.0,
    0.0,
    0.0,
    0.0,
    0.0,
    0.0,
    0.0
  ],
  "mean_centered_block_norm_by_future": [
    0.0,
    0.0,
    0.0,
    0.0,
    0.0,
    0.0,
    0.0,
    0.0,
    0.0,
    0.0,
    0.0,
    0.0,
    0.0,
    0.0,
    0.0,
    0.0,
    0.0,
    0.0,
    0.0,
    0.0,
    0.0,
    0.0,
    0.0,
    0.0,
    0.0,
    0.0,
    0.0,
    0.0,
    0.0,
    0.0,
    0.0,
    0.0
  ],
  "weighted_variants": {
    "masked_lt_1e-12_thr1e-12": {
      "frobenius": 22.538855238265967,
      "frobenius_sq": 507.9999954515092,
      "entropy_sv": 0.03947863752124206,
      "rank_tol": 2,
      "participation_ratio": 0.9869799739123519,
      "mean_row_norm": 5.634019747553422,
      "std_row_norm": 0.09133790682911958,
      "mean_col_norm": 1.0048590091777654,
      "std_col_norm": 0.9891690682035538
    },
    "weighted_sqrt_thr1e-12": {
      "frobenius": 0.00477708439419468,
      "frobenius_sq": 2.2820535309258358e-05,
      "entropy_sv": 1.0361632918473208e-27,
      "rank_tol": 1,
      "participation_ratio": 1.0,
      "mean_row_norm": 0.0008220022793225388,
      "std_row_norm": 0.0008947823330797709,
      "mean_col_norm": 0.00016874669339949087,
      "std_col_norm": 0.0002467897493401735
    },
    "weighted_linear_thr1e-12": {
      "frobenius": 4.023867430216287e-06,
      "frobenius_sq": 1.6191509095955423e-11,
      "entropy_sv": 1.0361632918473208e-27,
      "rank_tol": 1,
      "participation_ratio": 1.0,
      "mean_row_norm": 4.899022987600889e-07,
      "std_row_norm": 9.074301037791181e-07,
      "mean_col_norm": 9.79281677615763e-08,
      "std_col_norm": 2.3209605879364696e-07
    },
    "masked_lt_1e-10_thr1e-10": {
      "frobenius": 20.760539396547674,
      "frobenius_sq": 430.9999960356081,
      "entropy_sv": 0.32650023666269085,
      "rank_tol": 6,
      "participation_ratio": 0.871533852314198,
      "mean_row_norm": 5.140220749617544,
      "std_row_norm": 0.7416237302400833,
      "mean_col_norm": 0.9186113889632079,
      "std_col_norm": 0.9181720838085966
    },
    "weighted_sqrt_thr1e-10": {
      "frobenius": 0.00477708439419468,
      "frobenius_sq": 2.2820535309258358e-05,
      "entropy_sv": 1.0361632918473208e-27,
      "rank_tol": 1,
      "participation_ratio": 1.0,
      "mean_row_norm": 0.0008220022793225388,
      "std_row_norm": 0.0008947823330797709,
      "mean_col_norm": 0.00016874669339949087,
      "std_col_norm": 0.0002467897493401735
    },
    "weighted_linear_thr1e-10": {
      "frobenius": 4.023867430216287e-06,
      "frobenius_sq": 1.6191509095955423e-11,
      "entropy_sv": 1.0361632918473208e-27,
      "rank_tol": 1,
      "participation_ratio": 1.0,
      "mean_row_norm": 4.899022987600889e-07,
      "std_row_norm": 9.074301037791181e-07,
      "mean_col_norm": 9.79281677615763e-08,
      "std_col_norm": 2.3209605879364696e-07
    },
    "masked_lt_1e-08_thr1e-08": {
      "frobenius": 11.789826056586453,
      "frobenius_sq": 138.99999844456485,
      "entropy_sv": 0.7638850511512124,
      "rank_tol": 8,
      "participation_ratio": 0.6527094886046151,
      "mean_row_norm": 2.317572499716886,
      "std_row_norm": 1.8808104951759714,
      "mean_col_norm": 0.4826329284197759,
      "std_col_norm": 0.5578978586824656
    },
    "weighted_sqrt_thr1e-08": {
      "frobenius": 0.00477708439419468,
      "frobenius_sq": 2.2820535309258358e-05,
      "entropy_sv": 1.0361632918473208e-27,
      "rank_tol": 1,
      "participation_ratio": 1.0,
      "mean_row_norm": 0.0008220022793225388,
      "std_row_norm": 0.0008947823330797709,
      "mean_col_norm": 0.00016874669339949087,
      "std_col_norm": 0.0002467897493401735
    },
    "weighted_linear_thr1e-08": {
      "frobenius": 4.023867430216287e-06,
      "frobenius_sq": 1.6191509095955423e-11,
      "entropy_sv": 1.0361632918473208e-27,
      "rank_tol": 1,
      "participation_ratio": 1.0,
      "mean_row_norm": 4.899022987600889e-07,
      "std_row_norm": 9.074301037791181e-07,
      "mean_col_norm": 9.79281677615763e-08,
      "std_col_norm": 2.3209605879364696e-07
    }
  },
  "heuristic_control_ok": true
}