{
  "case_name": "markov_ref",
  "cut": 10,
  "cut_comparison_mode": "cut_comparison_shared_probe_source",
  "J": 0.0,
  "g": 1.0,
  "L": 2,
  "k": 20,
  "dt": 0.1,
  "n_pasts": 64,
  "n_futures": 16,
  "fraction_terminated_early": 0.0,
  "fraction_any_prob_skipped_renormalize": 0.0,
  "fraction_weight_lt_1e-12": 0.04296875,
  "fraction_weight_lt_1e-10": 0.2041015625,
  "fraction_weight_lt_1e-08": 0.5927734375,
  "fraction_weight_lt_1e-06": 0.958984375,
  "mean_cumulative_weight": 1.6252521525836786e-07,
  "median_cumulative_weight": 4.286348325142377e-09,
  "metrics_V_raw": {
    "frobenius": 31.999999892908544,
    "frobenius_sq": 1023.9999931461468,
    "entropy_sv": 4.351885825758746e-27,
    "rank_tol": 1,
    "participation_ratio": 1.0,
    "mean_row_norm": 3.9999999866135707,
    "std_row_norm": 4.475998511201681e-16,
    "mean_col_norm": 2.037947188873659,
    "std_col_norm": 1.9690253271195903
  },
  "metrics_V_centered_past": {
    "frobenius": 0.0,
    "frobenius_sq": 0.0,
    "entropy_sv": 0.0,
    "rank_tol": 0,
    "participation_ratio": 0.0,
    "mean_row_norm": 0.0,
    "std_row_norm": 0.0,
    "mean_col_norm": 0.0,
    "std_col_norm": 0.0
  },
  "metrics_V_centered_global": {
    "frobenius": 29.912318778851848,
    "frobenius_sq": 894.7468147276529,
    "entropy_sv": 4.351885825758746e-27,
    "rank_tol": 1,
    "participation_ratio": 1.0,
    "mean_row_norm": 3.73903984735648,
    "std_row_norm": 0.0,
    "mean_col_norm": 2.090035985365148,
    "std_col_norm": 1.6256089372742484
  },
  "metrics_V_centered_rowcol": {
    "frobenius": 0.0,
    "frobenius_sq": 0.0,
    "entropy_sv": 0.0,
    "rank_tol": 0,
    "participation_ratio": 0.0,
    "mean_row_norm": 0.0,
    "std_row_norm": 0.0,
    "mean_col_norm": 0.0,
    "std_col_norm": 0.0
  },
  "row_distance_raw": {
    "max_row_distance": 0.0,
    "mean_row_distance": 0.0,
    "median_row_distance": 0.0
  },
  "row_distance_centered_past": {
    "max_row_distance": 0.0,
    "mean_row_distance": 0.0,
    "median_row_distance": 0.0
  },
  "delta_norm_centered_past": 0.0,
  "corr_weight_vs_centered_block_norm": NaN,
  "corr_terminated_early_vs_centered_block_norm": NaN,
  "summarize_weights": {
    "mean_weight_by_past": [
      5.295525889613504e-07,
      1.2780034957754122e-07,
      3.446153763042749e-09,
      1.528407389390934e-08,
      1.5273144782336956e-11,
      2.9923119294188486e-09,
      4.3163511619333965e-07,
      5.622699616044033e-08,
      1.4848410265379135e-07,
      8.925911644320721e-08,
      3.5300749407211965e-08,
      2.7484682731609128e-09,
      2.7292894070879597e-09,
      6.708272844881699e-07,
      1.2751443749584143e-08,
      3.3464273555761625e-07,
      8.718253508463054e-08,
      8.076219878246908e-09,
      2.492754197658091e-10,
      5.166713257287536e-07,
      6.433282847034136e-08,
      1.6274205444620457e-07,
      9.425228154372911e-11,
      6.527686199276491e-10,
      3.1724971740844665e-09,
      2.6097420857629126e-09,
      3.37286709732107e-09,
      5.926583916024092e-07,
      1.6418056903970285e-07,
      2.7386935021700585e-07,
      1.1861959485573046e-07,
      7.365559371919019e-09,
      7.245017882875845e-09,
      1.7293735064341868e-08,
      6.889875783113732e-08,
      8.924004877455704e-08,
      1.3398593909340054e-06,
      1.124950795679547e-08,
      1.5707143927735257e-07,
      4.763898177168547e-11,
      6.125835274665164e-08,
      2.677149628440383e-09,
      1.103295996175568e-06,
      5.57567866295888e-12,
      3.556550638591911e-11,
      9.374041074326099e-11,
      4.80098658226118e-09,
      2.5653823512412606e-09,
      3.5152212200165773e-07,
      4.0328727253139494e-08,
      7.34663387781186e-08,
      3.3122644377615143e-07,
      2.0110576086324598e-07,
      1.2768607753757379e-08,
      1.1504774681995585e-07,
      1.151908881077777e-07,
      1.2191079341718366e-07,
      8.468473491081671e-07,
      3.801881831410216e-07,
      3.9669245459921625e-07,
      9.648187801392497e-13,
      9.225698178659316e-10,
      6.518824479551466e-10,
      7.855877307175238e-08
    ],
    "mean_weight_by_future": [
      5.194318679420193e-07,
      1.4095317146430764e-08,
      3.488887439722597e-09,
      3.5721357418946925e-07,
      1.0488046237788999e-07,
      7.854699936304108e-08,
      4.16753436392341e-08,
      9.527366838735808e-07,
      9.546477544732331e-08,
      3.6848090811773813e-10,
      3.5994920080396545e-07,
      1.3722661831090735e-09,
      9.770329023541477e-09,
      5.722677034736347e-08,
      1.6997217443086715e-10,
      4.012513274646549e-09
    ]
  },
  "mean_centered_block_norm_by_past": [
    0.0,
    0.0,
    0.0,
    0.0,
    0.0,
    0.0,
    0.0,
    0.0,
    0.0,
    0.0,
    0.0,
    0.0,
    0.0,
    0.0,
    0.0,
    0.0,
    0.0,
    0.0,
    0.0,
    0.0,
    0.0,
    0.0,
    0.0,
    0.0,
    0.0,
    0.0,
    0.0,
    0.0,
    0.0,
    0.0,
    0.0,
    0.0,
    0.0,
    0.0,
    0.0,
    0.0,
    0.0,
    0.0,
    0.0,
    0.0,
    0.0,
    0.0,
    0.0,
    0.0,
    0.0,
    0.0,
    0.0,
    0.0,
    0.0,
    0.0,
    0.0,
    0.0,
    0.0,
    0.0,
    0.0,
    0.0,
    0.0,
    0.0,
    0.0,
    0.0,
    0.0,
    0.0,
    0.0,
    0.0
  ],
  "mean_centered_block_norm_by_future": [
    0.0,
    0.0,
    0.0,
    0.0,
    0.0,
    0.0,
    0.0,
    0.0,
    0.0,
    0.0,
    0.0,
    0.0,
    0.0,
    0.0,
    0.0,
    0.0
  ],
  "weighted_variants": {
    "masked_lt_1e-12_thr1e-12": {
      "frobenius": 31.304951585269738,
      "frobenius_sq": 979.9999937560823,
      "entropy_sv": 0.14715567941254942,
      "rank_tol": 8,
      "participation_ratio": 0.9508996255384128,
      "mean_row_norm": 3.9008775454603253,
      "std_row_norm": 0.3117251989035778,
      "mean_col_norm": 1.992474736116889,
      "std_col_norm": 1.9275166191586872
    },
    "weighted_sqrt_thr1e-12": {
      "frobenius": 0.012900613103518968,
      "frobenius_sq": 0.00016642581844668528,
      "entropy_sv": 4.351885825758746e-27,
      "rank_tol": 1,
      "participation_ratio": 1.0,
      "mean_row_norm": 0.0011549373573078755,
      "std_row_norm": 0.0011342956649018007,
      "mean_col_norm": 0.0005820202672420223,
      "std_col_norm": 0.000984390481454301
    },
    "weighted_linear_thr1e-12": {
      "frobenius": 1.8632672002446213e-05,
      "frobenius_sq": 3.4717646595074294e-10,
      "entropy_sv": 4.351885825758746e-27,
      "rank_tol": 1,
      "participation_ratio": 1.0,
      "mean_row_norm": 1.2109091027739424e-06,
      "std_row_norm": 2.005283541757625e-06,
      "mean_col_norm": 6.176941018593682e-07,
      "std_col_norm": 1.5326847874009464e-06
    },
    "masked_lt_1e-10_thr1e-10": {
      "frobenius": 28.548204772845867,
      "frobenius_sq": 814.9999957523396,
      "entropy_sv": 0.3985846855147801,
      "rank_tol": 9,
      "participation_ratio": 0.8452632779672142,
      "mean_row_norm": 3.441314659752293,
      "std_row_norm": 0.9517787371012257,
      "mean_col_norm": 1.8042674003897041,
      "std_col_norm": 1.7709627407134136
    },
    "weighted_sqrt_thr1e-10": {
      "frobenius": 0.012900613103518968,
      "frobenius_sq": 0.00016642581844668528,
      "entropy_sv": 4.351885825758746e-27,
      "rank_tol": 1,
      "participation_ratio": 1.0,
      "mean_row_norm": 0.0011549373573078755,
      "std_row_norm": 0.0011342956649018007,
      "mean_col_norm": 0.0005820202672420223,
      "std_col_norm": 0.000984390481454301
    },
    "weighted_linear_thr1e-10": {
      "frobenius": 1.8632672002446213e-05,
      "frobenius_sq": 3.4717646595074294e-10,
      "entropy_sv": 4.351885825758746e-27,
      "rank_tol": 1,
      "participation_ratio": 1.0,
      "mean_row_norm": 1.2109091027739424e-06,
      "std_row_norm": 2.005283541757625e-06,
      "mean_col_norm": 6.176941018593682e-07,
      "std_col_norm": 1.5326847874009464e-06
    },
    "masked_lt_1e-08_thr1e-08": {
      "frobenius": 20.42057781311583,
      "frobenius_sq": 416.9999982215185,