{
  "case_name": "trivial",
  "cut": 5,
  "cut_comparison_mode": "cut_comparison_fresh_probes",
  "J": 0.0,
  "g": 0.0,
  "L": 2,
  "k": 20,
  "dt": 0.1,
  "n_pasts": 64,
  "n_futures": 16,
  "fraction_terminated_early": 0.0,
  "fraction_any_prob_skipped_renormalize": 0.0,
  "fraction_weight_lt_1e-12": 0.0400390625,
  "fraction_weight_lt_1e-10": 0.28125,
  "fraction_weight_lt_1e-08": 0.6982421875,
  "fraction_weight_lt_1e-06": 0.94140625,
  "mean_cumulative_weight": 4.778030784012766e-07,
  "median_cumulative_weight": 1.036138726653051e-09,
  "metrics_V_raw": {
    "frobenius": 32.000000171984915,
    "frobenius_sq": 1024.0000110070346,
    "entropy_sv": 4.351885825758746e-27,
    "rank_tol": 1,
    "participation_ratio": 1.0,
    "mean_row_norm": 4.000000021498117,
    "std_row_norm": 0.0,
    "mean_col_norm": 1.9710327095817775,
    "std_col_norm": 2.0365244795746267
  },
  "metrics_V_centered_past": {
    "frobenius": 0.0,
    "frobenius_sq": 0.0,
    "entropy_sv": 0.0,
    "rank_tol": 0,
    "participation_ratio": 0.0,
    "mean_row_norm": 0.0,
    "std_row_norm": 0.0,
    "mean_col_norm": 0.0,
    "std_col_norm": 0.0
  },
  "metrics_V_centered_global": {
    "frobenius": 30.949852533939165,
    "frobenius_sq": 957.8933718725806,
    "entropy_sv": 4.351885825758746e-27,
    "rank_tol": 1,
    "participation_ratio": 1.0,
    "mean_row_norm": 3.868731566742397,
    "std_row_norm": 4.475998511201681e-16,
    "mean_col_norm": 2.0990746858878992,
    "std_col_norm": 1.7611527880547022
  },
  "metrics_V_centered_rowcol": {
    "frobenius": 0.0,
    "frobenius_sq": 0.0,
    "entropy_sv": 0.0,
    "rank_tol": 0,
    "participation_ratio": 0.0,
    "mean_row_norm": 0.0,
    "std_row_norm": 0.0,
    "mean_col_norm": 0.0,
    "std_col_norm": 0.0
  },
  "row_distance_raw": {
    "max_row_distance": 0.0,
    "mean_row_distance": 0.0,
    "median_row_distance": 0.0
  },
  "row_distance_centered_past": {
    "max_row_distance": 0.0,
    "mean_row_distance": 0.0,
    "median_row_distance": 0.0
  },
  "delta_norm_centered_past": 0.0,
  "corr_weight_vs_centered_block_norm": NaN,
  "corr_terminated_early_vs_centered_block_norm": NaN,
  "summarize_weights": {
    "mean_weight_by_past": [
      1.0839967023302527e-06,
      1.1997635568244087e-09,
      1.6179017269999e-07,
      1.5287411671083047e-07,
      3.475614577248738e-07,
      4.1961218619691295e-07,
      5.42761249526344e-07,
      4.877655872420359e-07,
      1.1991996268546645e-08,
      4.1186852465906785e-07,
      2.199409896614669e-10,
      1.550061690789618e-08,
      7.634278033430329e-09,
      1.7286394349425753e-06,
      2.641846883288708e-07,
      1.41898385229989e-10,
      3.6766345311010044e-07,
      1.5921527154362028e-07,
      1.9572746064217583e-06,
      1.9692710208593406e-07,
      5.67823537817376e-08,
      4.363116172979316e-08,
      5.45385377405357e-07,
      3.3818631099398453e-07,
      5.852769560977982e-07,
      3.0906093297177505e-10,
      4.869127056295162e-06,
      2.8471820966377254e-07,
      3.701993588353678e-07,
      5.422237928387231e-07,
      4.4784485487704404e-08,
      3.295463745572431e-06,
      8.191044395890529e-07,
      3.683692331240926e-08,
      5.256357726150269e-07,
      1.1778741065190077e-08,
      3.312147281767366e-07,
      4.921840569812886e-08,
      8.648428441550528e-08,
      1.7096452289005068e-06,
      2.166841094669944e-06,
      6.799471021230764e-08,
      4.6085273576045286e-08,
      8.950283134925593e-08,
      1.3669847316238684e-08,
      6.340541025826329e-07,
      7.486988653028045e-10,
      3.6270514989999736e-07,
      1.633349661178042e-09,
      4.958704682474935e-09,
      2.8266001888963757e-07,
      3.383045479914864e-07,
      1.309391913549563e-06,
      3.2976061768230694e-09,
      5.9086109131632065e-09,
      1.116712286176792e-06,
      5.845129857232778e-07,
      1.2698076302758623e-07,
      1.5994269922881033e-09,
      6.376996201578175e-08,
      3.539527073526872e-08,
      1.0022661083932256e-08,
      4.43388341079747e-07,
      4.42941943886936e-09
    ],
    "mean_weight_by_future": [
      5.3552109679438e-07,
      3.5070830200784875e-09,
      1.1968766604401084e-07,
      6.022044263062551e-10,
      6.295325047775487e-06,
      3.5277158281036925e-07,
      5.744550611771321e-11,
      2.3446252354982137e-09,
      3.40554090811653e-10,
      4.1094003261259983e-10,
      6.579025398794484e-11,
      3.0420444511876e-07,
      2.8085528215706997e-09,
      6.116215306273603e-09,
      2.03363377205054e-08,
      7.496674636593444e-10
    ]
  },
  "mean_centered_block_norm_by_past": [
    0.0,
    0.0,
    0.0,
    0.0,
    0.0,
    0.0,
    0.0,
    0.0,
    0.0,
    0.0,
    0.0,
    0.0,
    0.0,
    0.0,
    0.0,
    0.0,
    0.0,
    0.0,
    0.0,
    0.0,
    0.0,
    0.0,
    0.0,
    0.0,
    0.0,
    0.0,
    0.0,
    0.0,
    0.0,
    0.0,
    0.0,
    0.0,
    0.0,
    0.0,
    0.0,
    0.0,
    0.0,
    0.0,
    0.0,
    0.0,
    0.0,
    0.0,
    0.0,
    0.0,
    0.0,
    0.0,
    0.0,
    0.0,
    0.0,
    0.0,
    0.0,
    0.0,
    0.0,
    0.0,
    0.0,
    0.0,
    0.0,
    0.0,
    0.0,
    0.0,
    0.0,
    0.0,
    0.0,
    0.0
  ],
  "mean_centered_block_norm_by_future": [
    0.0,
    0.0,
    0.0,
    0.0,
    0.0,
    0.0,
    0.0,
    0.0,
    0.0,
    0.0,
    0.0,
    0.0,
    0.0,
    0.0,
    0.0,
    0.0
  ],
  "weighted_variants": {
    "masked_lt_1e-12_thr1e-12": {
      "frobenius": 31.35283098005558,
      "frobenius_sq": 983.0000104639329,
      "entropy_sv": 0.15076983646103512,
      "rank_tol": 7,
      "participation_ratio": 0.9471710844421639,
      "mean_row_norm": 3.912470117255405,
      "std_row_norm": 0.22973330587832685,
      "mean_col_norm": 1.9276543016936918,
      "std_col_norm": 1.9987615630027908
    },
    "weighted_sqrt_thr1e-12": {
      "frobenius": 0.022119456438815067,
      "frobenius_sq": 0.0004892703531486373,
      "entropy_sv": 4.351885825758746e-27,
      "rank_tol": 1,
      "participation_ratio": 1.0,
      "mean_row_norm": 0.0020614074013845882,
      "std_row_norm": 0.0018572411814460092,
      "mean_col_norm": 0.0006830159718633586,
      "std_col_norm": 0.0018391134642513794
    },
    "weighted_linear_thr1e-12": {
      "frobenius": 0.00010108792118524185,
      "frobenius_sq": 1.0218767809553667e-08,
      "entropy_sv": 4.351885825758746e-27,
      "rank_tol": 1,
      "participation_ratio": 1.0,
      "mean_row_norm": 6.336378427866091e-06,
      "std_row_norm": 1.1018878135764015e-05,
      "mean_col_norm": 2.1519326166390773e-06,
      "std_col_norm": 8.706058899932357e-06
    },
    "masked_lt_1e-10_thr1e-10": {
      "frobenius": 27.129320056055594,
      "frobenius_sq": 736.0000067039003,
      "entropy_sv": 0.5413128029909254,
      "rank_tol": 13,
      "participation_ratio": 0.7795220931317264,
      "mean_row_norm": 3.3318007223074835,
      "std_row_norm": 0.6367409493078732,
      "mean_col_norm": 1.6139967805409419,
      "std_col_norm": 1.78038713150923
    },
    "weighted_sqrt_thr1e-10": {
      "frobenius": 0.022119456438815067,
      "frobenius_sq": 0.0004892703531486373,
      "entropy_sv": 4.351885825758746e-27,
      "rank_tol": 1,
      "participation_ratio": 1.0,
      "mean_row_norm": 0.0020614074013845882,
      "std_row_norm": 0.0018572411814460092,
      "mean_col_norm": 0.0006830159718633586,
      "std_col_norm": 0.0018391134642513794
    },
    "weighted_linear_thr1e-10": {
      "frobenius": 0.00010108792118524185,
      "frobenius_sq": 1.0218767809553667e-08,
      "entropy_sv": 4.351885825758746e-27,
      "rank_tol": 1,
      "participation_ratio": 1.0,
      "mean_row_norm": 6.336378427866091e-06,
      "std_row_norm": 1.1018878135764015e-05,
      "mean_col_norm": 2.1519326166390773e-06,
      "std_col_norm": 8.706058899932357e-06
    },
    "masked_lt_1e-08_thr1e-08": {
      "frobenius": 17.578395841391586,
      "frobenius_sq": 309.000000356653,