L,k,cut,J,intervention_mode,entropy_cumulative,entropy_cut,entropy_abs_diff,weight_max_abs_diff,weight_row_std_max_cut,parity_entropy,parity_weights
2,6,2,0.5,measure_prepare,6.93271224525344e-05,4.230264601332976e-05,2.7024476439204635e-05,0.6763820434972047,1.1102230246251565e-16,0,0
2,6,2,1.5,measure_prepare,0.0040905231546951035,0.0038060742384556246,0.0002844489162394789,0.668752963231563,1.1102230246251565e-16,0,0
2,6,4,0.5,measure_prepare,4.327100994866942e-05,5.3494467310419175e-05,1.0223457361749757e-05,0.5308920934221724,5.551115123125783e-17,0,0
2,6,4,1.5,measure_prepare,0.002372909749314424,0.0029704795790792375,0.0005975698297648133,0.5208586857188274,2.7755575615628914e-17,0,0
