{
  "case_name": "sweep",
  "L": 2,
  "k": 20,
  "dt": 0.1,
  "cut": 5,
  "J": 1.4,
  "g": 1.0,
  "n_pasts": 32,
  "n_futures": 32,
  "n_seeds": 1,
  "branch_weight_beta": 1.0,
  "delta": 8.078035458950131e-10,
  "delta_norm": 0.7639771157193681,
  "entropy": 0.0074844534811679,
  "rank": 4,
  "max_row_distance": 2.392654702147116e-05,
  "mean_row_distance": 4.252826985755955e-06,
  "median_row_distance": 1.7812539246324498e-06,
  "weight_preparation": {
    "weight_data_invalid": false,
    "nan_count": 0,
    "posinf_count": 0,
    "neginf_count": 0,
    "negative_count": 0,
    "warnings": []
  }
}