{
  "case_name": "trivial",
  "cut": 5,
  "cut_comparison_mode": "asymmetry_grid",
  "J": 0.0,
  "g": 0.0,
  "L": 2,
  "k": 20,
  "dt": 0.1,
  "n_pasts": 32,
  "n_futures": 16,
  "fraction_terminated_early": 0.0,
  "fraction_any_prob_skipped_renormalize": 0.0,
  "fraction_weight_lt_1e-12": 0.029296875,
  "fraction_weight_lt_1e-10": 0.25390625,
  "fraction_weight_lt_1e-08": 0.662109375,
  "fraction_weight_lt_1e-06": 0.955078125,
  "mean_cumulative_weight": 4.3951238973037357e-07,
  "median_cumulative_weight": 2.424511122018201e-09,
  "metrics_V_raw": {
    "frobenius": 22.62741683115897,
    "frobenius_sq": 511.9999924510163,
    "entropy_sv": 2.141404136484463e-27,
    "rank_tol": 1,
    "participation_ratio": 1.0,
    "mean_row_norm": 3.9999999705117832,
    "std_row_norm": 0.0,
    "mean_col_norm": 1.502804759798687,
    "std_col_norm": 1.3248739585084444
  },
  "metrics_V_centered_past": {
    "frobenius": 0.0,
    "frobenius_sq": 0.0,
    "entropy_sv": 0.0,
    "rank_tol": 0,
    "participation_ratio": 0.0,
    "mean_row_norm": 0.0,
    "std_row_norm": 0.0,
    "mean_col_norm": 0.0,
    "std_col_norm": 0.0
  },
  "metrics_V_centered_global": {
    "frobenius": 20.939309647443046,
    "frobenius_sq": 438.45468851150144,
    "entropy_sv": 2.141404136484463e-27,
    "rank_tol": 1,
    "participation_ratio": 1.0,
    "mean_row_norm": 3.701581961267969,
    "std_row_norm": 0.0,
    "mean_col_norm": 1.5341468322204679,
    "std_col_norm": 1.0393557065114418
  },
  "metrics_V_centered_rowcol": {
    "frobenius": 0.0,
    "frobenius_sq": 0.0,
    "entropy_sv": 0.0,
    "rank_tol": 0,
    "participation_ratio": 0.0,
    "mean_row_norm": 0.0,
    "std_row_norm": 0.0,
    "mean_col_norm": 0.0,
    "std_col_norm": 0.0
  },
  "row_distance_raw": {
    "max_row_distance": 0.0,
    "mean_row_distance": 0.0,
    "median_row_distance": 0.0
  },
  "row_distance_centered_past": {
    "max_row_distance": 0.0,
    "mean_row_distance": 0.0,
    "median_row_distance": 0.0
  },
  "delta_norm_centered_past": 0.0,
  "corr_weight_vs_centered_block_norm": NaN,
  "corr_terminated_early_vs_centered_block_norm": NaN,
  "summarize_weights": {
    "mean_weight_by_past": [
      1.7674454940597592e-07,
      3.160402263470884e-10,
      5.125559571920398e-09,
      1.3670025907430116e-07,
      2.509283620635577e-07,
      4.944729061278157e-07,
      1.1418300428233506e-07,
      5.292645926154028e-07,
      2.2184164920373298e-07,
      7.014606284745884e-08,
      4.208591542592159e-08,
      1.4665972303321864e-07,
      5.921842149090256e-08,
      3.9785050945637755e-09,
      7.202345647186047e-07,
      4.1348781340608037e-08,
      7.892606325069137e-07,
      1.7984791475805493e-08,
      4.440264320768834e-08,
      3.1175880465007486e-06,
      5.613933384423529e-07,
      3.519713523656636e-07,
      7.50091421565253e-08,
      4.3099095216187724e-07,
      4.101002432510671e-08,
      2.71054738730947e-07,
      6.855245579218611e-09,
      2.5497779076081584e-06,
      7.177770812607413e-07,
      1.7346834347625483e-06,
      3.0368366868034115e-07,
      3.7704575084650434e-08
    ],
    "mean_weight_by_future": [
      3.4216631768701117e-10,
      4.404172382674256e-08,
      1.902076539605328e-09,
      2.477538852652057e-07,
      1.2193733171815138e-11,
      6.022656630564141e-09,
      4.8383272840041264e-08,
      3.0382705732997777e-11,
      2.1479374449419948e-11,
      3.2538796924059925e-08,
      6.508649502999222e-06,
      9.762009283494904e-09,
      2.056023600736883e-09,
      4.508936629395173e-09,
      1.5713075732264265e-08,
      1.1046005328360366e-07
    ]
  },
  "mean_centered_block_norm_by_past": [
    0.0,
    0.0,
    0.0,
    0.0,
    0.0,
    0.0,
    0.0,
    0.0,
    0.0,
    0.0,
    0.0,
    0.0,
    0.0,
    0.0,
    0.0,
    0.0,
    0.0,
    0.0,
    0.0,
    0.0,
    0.0,
    0.0,
    0.0,
    0.0,
    0.0,
    0.0,
    0.0,
    0.0,
    0.0,
    0.0,
    0.0,
    0.0
  ],
  "mean_centered_block_norm_by_future": [
    0.0,
    0.0,
    0.0,
    0.0,
    0.0,
    0.0,
    0.0,
    0.0,
    0.0,
    0.0,
    0.0,
    0.0,
    0.0,
    0.0,
    0.0,
    0.0
  ],
  "weighted_variants": {
    "masked_lt_1e-12_thr1e-12": {
      "frobenius": 22.293496656306175,
      "frobenius_sq": 496.9999931647346,
      "entropy_sv": 0.11532104476559707,
      "rank_tol": 4,
      "participation_ratio": 0.9570056163335833,
      "mean_row_norm": 3.9382003739951474,
      "std_row_norm": 0.15010568547808273,
      "mean_col_norm": 1.480147800576478,
      "std_col_norm": 1.3058704270837707
    },
    "weighted_sqrt_thr1e-12": {
      "frobenius": 0.015001011363399298,
      "frobenius_sq": 0.0002250303419248349,
      "entropy_sv": 2.141404136484463e-27,
      "rank_tol": 1,
      "participation_ratio": 1.0,
      "mean_row_norm": 0.002051940908862725,
      "std_row_norm": 0.0017066811230967145,
      "mean_col_norm": 0.0004139066820100433,
      "std_col_norm": 0.0012646045817648625
    },
    "weighted_linear_thr1e-12": {
      "frobenius": 7.018729385235862e-05,
      "frobenius_sq": 4.9262562183173385e-09,
      "entropy_sv": 2.141404136484463e-27,
      "rank_tol": 1,
      "participation_ratio": 1.0,
      "mean_row_norm": 6.514740792338105e-06,
      "std_row_norm": 1.0728492506607011e-05,
      "mean_col_norm": 1.237263197919748e-06,
      "std_col_norm": 6.102994766376195e-06
    },
    "masked_lt_1e-10_thr1e-10": {
      "frobenius": 19.544820220509962,
      "frobenius_sq": 381.9999974520551,
      "entropy_sv": 0.30719523068636706,
      "rank_tol": 8,
      "participation_ratio": 0.8881335505154673,
      "mean_row_norm": 3.425840755532721,
      "std_row_norm": 0.4556343050980271,
      "mean_col_norm": 1.2147015531141923,
      "std_col_norm": 1.2331893704491927
    },
    "weighted_sqrt_thr1e-10": {
      "frobenius": 0.015001011363399298,
      "frobenius_sq": 0.0002250303419248349,
      "entropy_sv": 2.141404136484463e-27,
      "rank_tol": 1,
      "participation_ratio": 1.0,
      "mean_row_norm": 0.002051940908862725,
      "std_row_norm": 0.0017066811230967145,
      "mean_col_norm": 0.0004139066820100433,
      "std_col_norm": 0.0012646045817648625
    },
    "weighted_linear_thr1e-10": {
      "frobenius": 7.018729385235862e-05,
      "frobenius_sq": 4.9262562183173385e-09,
      "entropy_sv": 2.141404136484463e-27,
      "rank_tol": 1,
      "participation_ratio": 1.0,
      "mean_row_norm": 6.514740792338105e-06,
      "std_row_norm": 1.0728492506607011e-05,
      "mean_col_norm": 1.237263197919748e-06,
      "std_col_norm": 6.102994766376195e-06
    },
    "masked_lt_1e-08_thr1e-08": {
      "frobenius": 13.152946399225794,
      "frobenius_sq": 172.99999898090678,
      "entropy_sv": 0.7965420759307358,
      "rank_tol": 10,
      "participation_ratio": 0.6595275481245386,
      "mean_row_norm": 2.1892393574128746,
      "std_row_norm": 0.7957830822012546,
      "mean_col_norm": 0.685226515389822,
      "std_col_norm": 0.9428532282576977
    },
    "weighted_sqrt_thr1e-08": {
      "frobenius": 0.015001011363399298,
      "frobenius_sq": 0.0002250303419248349,
      "entropy_sv": 2.141404136484463e-27,
      "rank_tol": 1,
      "participation_ratio": 1.0,
      "mean_row_norm": 0.002051940908862725,
      "std_row_norm": 0.0017066811230967145,
      "mean_col_norm": 0.0004139066820100433,
      "std_col_norm": 0.0012646045817648625
    },
    "weighted_linear_thr1e-08": {
      "frobenius": 7.018729385235862e-05,
      "frobenius_sq": 4.9262562183173385e-09,
      "entropy_sv": 2.141404136484463e-27,
      "rank_tol": 1,
      "participation_ratio": 1.0,
      "mean_row_norm": 6.514740792338105e-06,
      "std_row_norm": 1.0728492506607011e-05,
      "mean_col_norm": 1.237263197919748e-06,
      "std_col_norm": 6.102994766376195e-06
    }
  },
  "heuristic_control_ok": true
}