{
  "case_name": "markov_ref",
  "L": 5,
  "k": 50,
  "dt": 0.1,
  "cut": 25,
  "J": 0.0,
  "g": 1.0,
  "n_pasts": 32,
  "n_futures": 32,
  "n_seeds": 1,
  "delta": 451.32932689967595,
  "delta_norm": 0.44075129523057205,
  "entropy": 2.74422542499325,
  "rank": 29,
  "participation_ratio": 11.608946754190908,
  "max_row_distance": 6.412660241149826,
  "mean_row_distance": 5.330969068389859,
  "median_row_distance": 5.555823285929945,
  "delta_z": 288.77403682779794,
  "delta_z_norm": 0.8912631650104142,
  "entropy_z": 2.527764875436516,
  "rank_z": 29,
  "participation_ratio_z": 9.058862529349522
}