{
  "case_name": "nm_mid",
  "cut": 5,
  "cut_comparison_mode": "cut_comparison_fresh_probes",
  "J": 1.0,
  "g": 1.0,
  "L": 2,
  "k": 20,
  "dt": 0.1,
  "n_pasts": 16,
  "n_futures": 64,
  "fraction_terminated_early": 0.0,
  "fraction_any_prob_skipped_renormalize": 0.0,
  "fraction_weight_lt_1e-12": 0.0078125,
  "fraction_weight_lt_1e-10": 0.1103515625,
  "fraction_weight_lt_1e-08": 0.4873046875,
  "fraction_weight_lt_1e-06": 0.888671875,
  "mean_cumulative_weight": 2.658330887798671e-06,
  "median_cumulative_weight": 1.0927241700115374e-08,
  "metrics_V_raw": {
    "frobenius": 31.85873866323872,
    "frobenius_sq": 1014.9792292125418,
    "entropy_sv": 0.0012135934177326258,
    "rank_tol": 16,
    "participation_ratio": 0.999775770681872,
    "mean_row_norm": 7.964684432632397,
    "std_row_norm": 0.001990475212200483,
    "mean_col_norm": 1.0228820184471463,
    "std_col_norm": 0.9684655746440975
  },
  "metrics_V_centered_past": {
    "frobenius": 0.33744660097101326,
    "frobenius_sq": 0.11387020850689024,
    "entropy_sv": 0.7278028755769672,
    "rank_tol": 15,
    "participation_ratio": 0.5040243117879372,
    "mean_row_norm": 0.0773183925197429,
    "std_row_norm": 0.03485213274918075,
    "mean_col_norm": 0.008909610968141916,
    "std_col_norm": 0.011970859161654154
  },
  "metrics_V_centered_global": {
    "frobenius": 29.905989029536702,
    "frobenius_sq": 894.3681798347695,
    "entropy_sv": 0.0013610795566670933,
    "rank_tol": 16,
    "participation_ratio": 0.9997455511379888,
    "mean_row_norm": 7.476496988535445,
    "std_row_norm": 0.002070772739417496,
    "mean_col_norm": 1.0663264349868646,
    "std_col_norm": 0.7816355000423897
  },
  "metrics_V_centered_rowcol": {
    "frobenius": 0.33742212786803066,
    "frobenius_sq": 0.11385369237498963,
    "entropy_sv": 0.7277821059856885,
    "rank_tol": 15,
    "participation_ratio": 0.5040432972404153,
    "mean_row_norm": 0.07731336738387035,
    "std_row_norm": 0.0348482270761433,
    "mean_col_norm": 0.008957469575385919,
    "std_col_norm": 0.011933665862064222
  },
  "row_distance_raw": {
    "max_row_distance": 0.26108244319702284,
    "mean_row_distance": 0.1113864056970057,
    "median_row_distance": 0.10662552990575683
  },
  "row_distance_centered_past": {
    "max_row_distance": 0.26108244319702284,
    "mean_row_distance": 0.1113864056970057,
    "median_row_distance": 0.10662552990575683
  },
  "delta_norm_centered_past": 0.0001121896933745481,
  "corr_weight_vs_centered_block_norm": 0.03530398973781075,
  "corr_terminated_early_vs_centered_block_norm": NaN,
  "summarize_weights": {
    "mean_weight_by_past": [
      1.1015646219590137e-06,
      6.931110021235141e-06,
      2.6613365392662914e-06,
      3.22987877914418e-08,
      1.5021921490265746e-06,
      1.495316967133293e-07,
      7.242804439592402e-06,
      5.074391550676457e-06,
      3.029728990285761e-07,
      4.58756102800309e-07,
      6.613587268787341e-08,
      2.3514034036096933e-07,
      5.737848319027906e-06,
      9.39789697124193e-06,
      7.184345226122581e-07,
      9.208793707582584e-07
    ],
    "mean_weight_by_future": [
      1.1693950148944086e-08,
      4.958183677488839e-07,
      2.794328025447891e-09,
      3.26024108529912e-08,
      2.097047522628197e-05,
      6.652974476854113e-08,
      6.517357855914734e-09,
      9.415641112506414e-08,
      4.156973805489789e-08,
      7.973624426806051e-10,
      8.089306526276718e-08,
      1.2039226297774642e-05,
      1.7584885750062377e-07,
      5.42832159154513e-10,
      7.102487436887762e-07,
      1.4545113929103466e-06,
      1.8649261442143116e-08,
      7.021714489092141e-08,
      3.4569616457266006e-08,
      7.467650640717677e-07,
      3.3087588227779446e-07,
      7.203892131765745e-09,
      8.538597449123614e-10,
      6.226867534434718e-11,
      1.034573044173039e-08,
      5.123414070885193e-11,
      2.829324079787003e-08,
      1.335728089557464e-06,
      6.77257298628821e-07,
      7.0464009048401844e-12,
      2.552770004508313e-07,
      9.488981387159225e-10,
      3.082106976488469e-08,
      1.794162104416415e-07,
      4.93941374311956e-09,
      7.413644518321403e-11,
      2.9750915023958865e-08,
      2.2089514119138806e-09,
      8.572235327550175e-09,
      1.5965222341357066e-07,
      4.0895682956115484e-07,
      2.567033217542168e-09,
      1.706761338354754e-08,
      1.65991378281994e-08,
      0.00011002015921512086,
      2.3066664491997442e-10,
      1.779200493755636e-08,
      5.633202539010851e-07,
      3.863010774962852e-08,
      3.920273041708425e-09,
      1.9886250736938547e-07,
      1.1005340687126802e-07,
      7.009867251243783e-06,
      6.740808561145407e-08,
      9.593466531961132e-10,
      1.1846307494442388e-08,
      3.5495999498493542e-06,
      7.236611946058986e-09,
      1.409286186670565e-09,
      7.90447739264664e-06,
      3.148243776422129e-08,
      2.5318705445707147e-08,
      2.4750890473090796e-11,
      8.620873333657401e-09
    ]
  },
  "mean_centered_block_norm_by_past": [
    0.004181597321809624,
    0.004051533710471289,
    0.005432179465083358,
    0.01511128794074661,
    0.010803373389898384,
    0.013788284518504498,
    0.0058538888447717975,
    0.003487447615581416,
    0.00910979069624522,
    0.006684899065415672,
    0.009008247988371586,
    0.01126866699982159,
    0.0074139059546361645,
    0.00895818566500627,
    0.004522270627542907,
    0.0051791386339656775
  ],
  "mean_centered_block_norm_by_future": [
    0.000959948865358358,
    0.009560038179709355,
    0.0029150276165985072,
    0.008216694001464585,
    0.0007939353840796017,
    0.006418467169143282,
    0.006129359200474846,
    0.00687635539730727,
    0.010813566499862886,
    0.0022817186301702327,
    0.0033513301286369483,
    0.00789365501138282,
    0.014636628076731339,
    0.010813001816985603,
    0.008941111304940736,
    0.016273036044041803,
    0.008085795618524978,
    0.0062329891769478726,
    0.004098697008312408,
    0.00735415438110448,
    0.003083236327089443,
    0.0028058969072301872,
    0.00394338394749094,
    0.00391758590792483,
    0.004109688317056154,
    0.013465379821686677,
    0.007418620375608396,
    0.008497303251315771,
    0.009663138262913448,
    0.015908047797413196,
    0.0070921149322879995,
    0.007768013684295227,
    0.009723315523534472,
    0.011950952125872834,
    0.010830768746001982,
    0.008345972773896542,
    0.0030102163864264312,
    0.01780010763966263,
    0.006629814705169406,
    0.009604030810197697,
    0.008970850583086937,
    0.005091806368620445,
    0.0046575763923833455,
    0.006083791009113964,
    0.012860900245154575,
    0.007204415400507598,
    0.01042141041898317,
    0.00180222563689322,
    0.004490154835802119,
    0.00809565390631806,
    0.005848800740199618,
    0.007387001520760231,
    0.010222642536628737,
    0.01266539278055095,
    0.005205526081379965,
    0.010450609716584805,
    0.006271772206822216,
    0.004012679147516278,
    0.0013666280346764602,
    0.0158746894897815,
    0.006419634466775961,
    0.007583164881640765,
    0.015026894084201967,
    0.01319147551225319
  ],
  "weighted_variants": {
    "masked_lt_1e-12_thr1e-12": {
      "frobenius": 31.734430840197252,
      "frobenius_sq": 1007.0741007512624,
      "entropy_sv": 0.04129594761413259,
      "rank_tol": 16,
      "participation_ratio": 0.9880887729334834,
      "mean_row_norm": 7.933420218320587,
      "std_row_norm": 0.05633174589756002,
      "mean_col_norm": 1.0183650692691066,
      "std_col_norm": 0.9652429245414721
    },
    "weighted_sqrt_thr1e-12": {
      "frobenius": 0.05192039853854208,
      "frobenius_sq": 0.0026957277844010426,
      "entropy_sv": 0.0030849079455684838,
      "rank_tol": 16,
      "participation_ratio": 0.9993301128362313,
      "mean_row_norm": 0.010591398703531586,
      "std_row_norm": 0.007749770579169048,
      "mean_col_norm": 0.0006420782786743295,