{
  "case_name": "markov_ref",
  "cut": 10,
  "cut_comparison_mode": "cut_comparison_fresh_probes",
  "J": 0.0,
  "g": 1.0,
  "L": 2,
  "k": 20,
  "dt": 0.1,
  "n_pasts": 16,
  "n_futures": 64,
  "fraction_terminated_early": 0.0,
  "fraction_any_prob_skipped_renormalize": 0.0,
  "fraction_weight_lt_1e-12": 0.02734375,
  "fraction_weight_lt_1e-10": 0.24609375,
  "fraction_weight_lt_1e-08": 0.701171875,
  "fraction_weight_lt_1e-06": 0.9736328125,
  "mean_cumulative_weight": 1.4627851786882735e-07,
  "median_cumulative_weight": 1.5641033648132594e-09,
  "metrics_V_raw": {
    "frobenius": 31.999999926067783,
    "frobenius_sq": 1023.9999952683381,
    "entropy_sv": 1.0361632918473208e-27,
    "rank_tol": 1,
    "participation_ratio": 1.0,
    "mean_row_norm": 7.999999981516952,
    "std_row_norm": 0.0,
    "mean_col_norm": 0.9892808204458561,
    "std_col_norm": 1.011593853817826
  },
  "metrics_V_centered_past": {
    "frobenius": 0.0,
    "frobenius_sq": 0.0,
    "entropy_sv": 0.0,
    "rank_tol": 0,
    "participation_ratio": 0.0,
    "mean_row_norm": 0.0,
    "std_row_norm": 0.0,
    "mean_col_norm": 0.0,
    "std_col_norm": 0.0
  },
  "metrics_V_centered_global": {
    "frobenius": 29.879530934271006,
    "frobenius_sq": 892.786368852058,
    "entropy_sv": 1.0982199025633842e-27,
    "rank_tol": 1,
    "participation_ratio": 1.0,
    "mean_row_norm": 7.469882733567751,
    "std_row_norm": 0.0,
    "mean_col_norm": 1.0300589703965386,
    "std_col_norm": 0.8270658412148195
  },
  "metrics_V_centered_rowcol": {
    "frobenius": 0.0,
    "frobenius_sq": 0.0,
    "entropy_sv": 0.0,
    "rank_tol": 0,
    "participation_ratio": 0.0,
    "mean_row_norm": 0.0,
    "std_row_norm": 0.0,
    "mean_col_norm": 0.0,
    "std_col_norm": 0.0
  },
  "row_distance_raw": {
    "max_row_distance": 0.0,
    "mean_row_distance": 0.0,
    "median_row_distance": 0.0
  },
  "row_distance_centered_past": {
    "max_row_distance": 0.0,
    "mean_row_distance": 0.0,
    "median_row_distance": 0.0
  },
  "delta_norm_centered_past": 0.0,
  "corr_weight_vs_centered_block_norm": NaN,
  "corr_terminated_early_vs_centered_block_norm": NaN,
  "summarize_weights": {
    "mean_weight_by_past": [
      1.794738236966558e-06,
      3.041585138777732e-09,
      6.6552366637162635e-09,
      3.228315411987539e-11,
      9.385236673584869e-08,
      5.101436638491628e-10,
      7.914367873440145e-08,
      1.832957840465681e-08,
      1.7481724495877855e-08,
      7.078652173760391e-10,
      9.852418513841506e-08,
      1.920276606708327e-07,
      2.3925615549508163e-08,
      4.198123460538558e-09,
      5.4099917431495995e-09,
      1.8780101636116808e-09
    ],
    "mean_weight_by_future": [
      9.79854750399877e-10,
      5.203697374321652e-08,
      1.7147808727294093e-07,
      1.8659648631444313e-10,
      6.642941030321563e-09,
      4.980012946630032e-10,
      3.8208298386276707e-07,
      1.5020223847369408e-08,
      2.4658578188689735e-08,
      1.9068461032800062e-07,
      1.4523564761531018e-07,
      1.815172490938679e-08,
      8.966906814325374e-07,
      1.600263450287429e-09,
      7.978080060858849e-10,
      4.460680071675481e-09,
      1.6597408361876397e-09,
      4.7178578866872736e-07,
      6.464659859168453e-09,
      6.127287243656816e-10,
      6.039746742956905e-08,
      6.543007085501394e-09,
      5.378319236386904e-08,
      7.156561858380643e-10,
      1.8088114169127067e-06,
      7.090708710958191e-11,
      7.849144825708933e-08,
      1.401267276510239e-09,
      2.301350643525563e-08,
      1.03909230061085e-06,
      4.406071925252739e-07,
      2.910686138324564e-08,
      1.7769164817977428e-09,
      1.2448787250113485e-07,
      1.6672958970851118e-10,
      4.644497021059952e-08,
      4.7988652665115485e-08,
      5.631859030468781e-09,
      1.179671697801183e-08,
      9.95430993515443e-08,
      5.2618713352115475e-08,
      1.5072334545364587e-08,
      1.1352343812279036e-09,
      2.9175136739063122e-08,
      6.180770086711318e-08,
      2.0188027423396283e-07,
      4.957125784726887e-10,
      2.6638745036812587e-07,
      4.340034075793214e-10,
      4.3878465487128213e-07,
      5.859453124129823e-07,
      2.813778412381698e-07,
      1.227780657187683e-07,
      5.53731241164609e-09,
      1.7651712077167576e-07,
      7.54182472189169e-09,
      3.3587531958686797e-07,
      1.7355283129716313e-07,
      1.2087846653186088e-07,
      1.3797181641211532e-10,
      2.17462174928814e-09,
      2.566526179522106e-09,
      1.8331384564442186e-07,
      2.423725344035802e-08
    ]
  },
  "mean_centered_block_norm_by_past": [
    0.0,
    0.0,
    0.0,
    0.0,
    0.0,
    0.0,
    0.0,
    0.0,
    0.0,
    0.0,
    0.0,
    0.0,
    0.0,
    0.0,
    0.0,
    0.0
  ],
  "mean_centered_block_norm_by_future": [
    0.0,
    0.0,
    0.0,
    0.0,
    0.0,
    0.0,
    0.0,
    0.0,
    0.0,
    0.0,
    0.0,
    0.0,
    0.0,
    0.0,
    0.0,
    0.0,
    0.0,
    0.0,
    0.0,
    0.0,
    0.0,
    0.0,
    0.0,
    0.0,
    0.0,
    0.0,
    0.0,
    0.0,
    0.0,
    0.0,
    0.0,
    0.0,
    0.0,
    0.0,
    0.0,
    0.0,
    0.0,
    0.0,
    0.0,
    0.0,
    0.0,
    0.0,
    0.0,
    0.0,
    0.0,
    0.0,
    0.0,
    0.0,
    0.0,
    0.0,
    0.0,
    0.0,
    0.0,
    0.0,
    0.0,
    0.0,
    0.0,
    0.0,
    0.0,
    0.0,
    0.0,
    0.0,
    0.0,
    0.0
  ],
  "weighted_variants": {
    "masked_lt_1e-12_thr1e-12": {
      "frobenius": 31.559467601315298,
      "frobenius_sq": 995.9999952784699,
      "entropy_sv": 0.11129468477242822,
      "rank_tol": 4,
      "participation_ratio": 0.9610974015146894,
      "mean_row_norm": 7.883586934431667,
      "std_row_norm": 0.3250546656183793,
      "mean_col_norm": 0.9755114114418225,
      "std_col_norm": 0.9978149005229993
    },
    "weighted_sqrt_thr1e-12": {
      "frobenius": 0.012238839889812142,
      "frobenius_sq": 0.0001497892018484569,
      "entropy_sv": 1.0361632918473208e-27,
      "rank_tol": 1,
      "participation_ratio": 1.0,
      "mean_row_norm": 0.001737510933551194,
      "std_row_norm": 0.0026011035342856288,
      "mean_col_norm": 0.0002500451699388341,
      "std_col_norm": 0.0004800881305661581
    },
    "weighted_linear_thr1e-12": {
      "frobenius": 3.2366862838901525e-05,
      "frobenius_sq": 1.0476138100322645e-09,
      "entropy_sv": 1.0361632918473208e-27,
      "rank_tol": 1,
      "participation_ratio": 1.0,
      "mean_row_norm": 2.6126171214210054e-06,
      "std_row_norm": 7.90949437263845e-06,
      "mean_col_norm": 4.0859951385335216e-07,
      "std_col_norm": 1.3721678435379376e-06
    },
    "masked_lt_1e-10_thr1e-10": {
      "frobenius": 27.784887906559046,
      "frobenius_sq": 771.9999959800512,
      "entropy_sv": 0.4768021745264569,
      "rank_tol": 13,
      "participation_ratio": 0.8110049929653778,
      "mean_row_norm": 6.807800655052672,
      "std_row_norm": 1.4250520420223884,
      "mean_col_norm": 0.8393738895396063,
      "std_col_norm": 0.8971264742755409
    },
    "weighted_sqrt_thr1e-10": {
      "frobenius": 0.012238839889812142,
      "frobenius_sq": 0.0001497892018484569,
      "entropy_sv": 1.0361632918473208e-27,
      "rank_tol": 1,
      "participation_ratio": 1.0,
      "mean_row_norm": 0.001737510933551194,
      "std_row_norm": 0.0026011035342856288,
      "mean_col_norm": 0.0002500451699388341,
      "std_col_norm": 0.0004800881305661581
    },
    "weighted_linear_thr1e-10": {
      "frobenius": 3.2366862838901525e-05,
      "frobenius_sq": 1.0476138100322645e-09,
      "entropy_sv": 1.0361632918473208e-27,
      "rank_tol": 1,
      "participation_ratio": 1.0,
      "mean_row_norm": 2.6126171214210054e-06,
      "std_row_norm": 7.90949437263845e-06,
      "mean_col_norm": 4.0859951385335216e-07,
      "std_col_norm": 1.3721678435379376e-06
    },
    "masked_lt_1e-08_thr1e-08": {
      "frobenius": 17.49285564641517,
      "frobenius_sq": 305.9999986663191,