{
  "case_name": "markov_ref",
  "cut": 15,
  "cut_comparison_mode": "cut_comparison_shared_probe_source",
  "J": 0.0,
  "g": 1.0,
  "L": 2,
  "k": 20,
  "dt": 0.1,
  "n_pasts": 32,
  "n_futures": 32,
  "fraction_terminated_early": 0.0,
  "fraction_any_prob_skipped_renormalize": 0.0,
  "fraction_weight_lt_1e-12": 0.041015625,
  "fraction_weight_lt_1e-10": 0.2705078125,
  "fraction_weight_lt_1e-08": 0.6220703125,
  "fraction_weight_lt_1e-06": 0.9423828125,
  "mean_cumulative_weight": 8.021254008617817e-07,
  "median_cumulative_weight": 2.5544565049497305e-09,
  "metrics_V_raw": {
    "frobenius": 31.999999873654787,
    "frobenius_sq": 1023.9999919139063,
    "entropy_sv": 2.141404136484463e-27,
    "rank_tol": 1,
    "participation_ratio": 1.0,
    "mean_row_norm": 5.656854227157495,
    "std_row_norm": 0.0,
    "mean_col_norm": 1.4040567472903782,
    "std_col_norm": 1.4270879473473366
  },
  "metrics_V_centered_past": {
    "frobenius": 0.0,
    "frobenius_sq": 0.0,
    "entropy_sv": 0.0,
    "rank_tol": 0,
    "participation_ratio": 0.0,
    "mean_row_norm": 0.0,
    "std_row_norm": 0.0,
    "mean_col_norm": 0.0,
    "std_col_norm": 0.0
  },
  "metrics_V_centered_global": {
    "frobenius": 29.293501718751536,
    "frobenius_sq": 858.1092429464992,
    "entropy_sv": 2.141404136484463e-27,
    "rank_tol": 1,
    "participation_ratio": 1.0,
    "mean_row_norm": 5.178408427507248,
    "std_row_norm": 0.0,
    "mean_col_norm": 1.4535716124146942,
    "std_col_norm": 1.1153376561585329
  },
  "metrics_V_centered_rowcol": {
    "frobenius": 0.0,
    "frobenius_sq": 0.0,
    "entropy_sv": 0.0,
    "rank_tol": 0,
    "participation_ratio": 0.0,
    "mean_row_norm": 0.0,
    "std_row_norm": 0.0,
    "mean_col_norm": 0.0,
    "std_col_norm": 0.0
  },
  "row_distance_raw": {
    "max_row_distance": 0.0,
    "mean_row_distance": 0.0,
    "median_row_distance": 0.0
  },
  "row_distance_centered_past": {
    "max_row_distance": 0.0,
    "mean_row_distance": 0.0,
    "median_row_distance": 0.0
  },
  "delta_norm_centered_past": 0.0,
  "corr_weight_vs_centered_block_norm": NaN,
  "corr_terminated_early_vs_centered_block_norm": NaN,
  "summarize_weights": {
    "mean_weight_by_past": [
      3.2525487782510643e-07,
      1.2037616193911183e-11,
      1.819188693398812e-08,
      7.530420527773567e-12,
      5.3705347186018844e-09,
      2.470953604248546e-07,
      9.291735621435943e-08,
      8.602468467004128e-08,
      5.095391590517784e-09,
      1.0410699839580303e-10,
      6.238993534529239e-07,
      1.9631424676707064e-10,
      1.8120177407849262e-08,
      9.73970979121932e-08,
      4.466328878768969e-11,
      2.15381412520535e-08,
      5.916728422719887e-08,
      6.187103795439728e-11,
      1.8335419170907451e-09,
      7.131942029226178e-08,
      7.792540390700578e-08,
      4.5091395640358156e-09,
      2.1193755872755865e-05,
      2.5317007994809103e-11,
      5.843330100627598e-09,
      4.7125356459311885e-09,
      8.13931954663406e-09,
      3.593538688850606e-10,
      1.3213942141595744e-06,
      6.166603942378063e-11,
      1.090049209266424e-09,
      1.3765449933241056e-06
    ],
    "mean_weight_by_future": [
      6.799678808805913e-09,
      1.727361158091827e-07,
      1.0687666089873394e-07,
      2.8803803481525744e-08,
      1.3508887350574923e-07,
      1.1633268888368318e-07,
      1.7864604380966217e-06,
      7.649857565202625e-08,
      3.8141509240990365e-06,
      4.7222006582796025e-07,
      4.1857275345186037e-07,
      4.724887879913707e-06,
      4.5636744749515815e-10,
      1.1549874621703906e-06,
      8.500472382415234e-08,
      3.6267395857424214e-07,
      2.6895882864735788e-06,
      5.334140640433321e-07,
      4.104874613152391e-07,
      6.953731195200285e-07,
      2.4726504262455316e-07,
      6.383794146349135e-07,
      4.2107020508550056e-07,
      3.920630754729767e-07,
      1.3447094137294174e-08,
      1.1529549011430544e-08,
      1.8620410928507484e-06,
      7.621029452322486e-07,
      2.0983359600318013e-08,
      7.854901399379935e-07,
      2.7164425519988156e-06,
      5.784455192870993e-09
    ]
  },
  "mean_centered_block_norm_by_past": [
    0.0,
    0.0,
    0.0,
    0.0,
    0.0,
    0.0,
    0.0,
    0.0,
    0.0,
    0.0,
    0.0,
    0.0,
    0.0,
    0.0,
    0.0,
    0.0,
    0.0,
    0.0,
    0.0,
    0.0,
    0.0,
    0.0,
    0.0,
    0.0,
    0.0,
    0.0,
    0.0,
    0.0,
    0.0,
    0.0,
    0.0,
    0.0
  ],
  "mean_centered_block_norm_by_future": [
    0.0,
    0.0,
    0.0,
    0.0,
    0.0,
    0.0,
    0.0,
    0.0,
    0.0,
    0.0,
    0.0,
    0.0,
    0.0,
    0.0,
    0.0,
    0.0,
    0.0,
    0.0,
    0.0,
    0.0,
    0.0,
    0.0,
    0.0,
    0.0,
    0.0,
    0.0,
    0.0,
    0.0,
    0.0,
    0.0,
    0.0,
    0.0
  ],
  "weighted_variants": {
    "masked_lt_1e-12_thr1e-12": {
      "frobenius": 31.336879114674055,
      "frobenius_sq": 981.999992647695,
      "entropy_sv": 0.16187135386582172,
      "rank_tol": 7,
      "participation_ratio": 0.9421729630780264,
      "mean_row_norm": 5.534819997278642,
      "std_row_norm": 0.23449023467380245,
      "mean_col_norm": 1.3749660992418193,
      "std_col_norm": 1.3975101928664653
    },
    "weighted_sqrt_thr1e-12": {
      "frobenius": 0.028659665217293726,
      "frobenius_sq": 0.0008213764103673558,
      "entropy_sv": 2.141404136484463e-27,
      "rank_tol": 1,
      "participation_ratio": 1.0,
      "mean_row_norm": 0.00203282682000968,
      "std_row_norm": 0.004714904624638402,
      "mean_col_norm": 0.0009966006759468422,
      "std_col_norm": 0.0014913001382517146
    },
    "weighted_linear_thr1e-12": {
      "frobenius": 0.00021075452143221916,
      "frobenius_sq": 4.441746830412373e-08,
      "entropy_sv": 2.141404136484463e-27,
      "rank_tol": 1,
      "participation_ratio": 1.0,
      "mean_row_norm": 7.939109266502282e-06,
      "std_row_norm": 3.698322449429974e-05,
      "mean_col_norm": 5.3442668414773676e-06,
      "std_col_norm": 1.2062875174693053e-05
    },
    "masked_lt_1e-10_thr1e-10": {
      "frobenius": 27.331300646198667,
      "frobenius_sq": 746.9999950128996,
      "entropy_sv": 0.4082153744293854,
      "rank_tol": 11,
      "participation_ratio": 0.8472139340430686,
      "mean_row_norm": 4.536047447199367,
      "std_row_norm": 1.6903592749347491,
      "mean_col_norm": 1.191465821671566,
      "std_col_norm": 1.226480296692742
    },
    "weighted_sqrt_thr1e-10": {
      "frobenius": 0.028659665217293726,
      "frobenius_sq": 0.0008213764103673558,
      "entropy_sv": 2.141404136484463e-27,
      "rank_tol": 1,
      "participation_ratio": 1.0,
      "mean_row_norm": 0.00203282682000968,
      "std_row_norm": 0.004714904624638402,
      "mean_col_norm": 0.0009966006759468422,
      "std_col_norm": 0.0014913001382517146
    },
    "weighted_linear_thr1e-10": {
      "frobenius": 0.00021075452143221916,
      "frobenius_sq": 4.441746830412373e-08,
      "entropy_sv": 2.141404136484463e-27,
      "rank_tol": 1,
      "participation_ratio": 1.0,
      "mean_row_norm": 7.939109266502282e-06,
      "std_row_norm": 3.698322449429974e-05,
      "mean_col_norm": 5.3442668414773676e-06,
      "std_col_norm": 1.2062875174693053e-05
    },
    "masked_lt_1e-08_thr1e-08": {
      "frobenius": 19.67231551044912,
      "frobenius_sq": 386.999997542657,
      "entropy_sv": 0.7147362240858969,
      "rank_tol": 14,
      "participation_ratio": 0.7038372429799422,
      "mean_row_norm": 2.73994566429002,
      "std_row_norm": 2.1758670927025676,
      "mean_col_norm": 0.8328435861469743,
      "std_col_norm": 0.9062552061507303
    },
    "weighted_sqrt_thr1e-08": {
      "frobenius": 0.028659665217293726,
      "frobenius_sq": 0.0008213764103673558,
      "entropy_sv": 2.141404136484463e-27,
      "rank_tol": 1,
      "participation_ratio": 1.0,
      "mean_row_norm": 0.00203282682000968,
      "std_row_norm": 0.004714904624638402,
      "mean_col_norm": 0.0009966006759468422,