{
  "case_name": "nm_mid",
  "cut": 15,
  "cut_comparison_mode": "cut_comparison_fresh_probes",
  "J": 1.0,
  "g": 1.0,
  "L": 2,
  "k": 20,
  "dt": 0.1,
  "n_pasts": 32,
  "n_futures": 32,
  "fraction_terminated_early": 0.001953125,
  "fraction_any_prob_skipped_renormalize": 0.0,
  "fraction_weight_lt_1e-12": 0.080078125,
  "fraction_weight_lt_1e-10": 0.26953125,
  "fraction_weight_lt_1e-08": 0.615234375,
  "fraction_weight_lt_1e-06": 0.90234375,
  "mean_cumulative_weight": 7.058846731985243e-07,
  "median_cumulative_weight": 2.7953086045788694e-09,
  "metrics_V_raw": {
    "frobenius": 31.86163390576639,
    "frobenius_sq": 1015.1637151450824,
    "entropy_sv": 0.027737208796486616,
    "rank_tol": 32,
    "participation_ratio": 0.9926824225119674,
    "mean_row_norm": 5.632388336049289,
    "std_row_norm": 0.008361522923552996,
    "mean_col_norm": 1.3936877215577066,
    "std_col_norm": 1.4251496736649727
  },
  "metrics_V_centered_past": {
    "frobenius": 1.9315281640277835,
    "frobenius_sq": 3.7308010484325402,
    "entropy_sv": 0.9546948175105022,
    "rank_tol": 31,
    "participation_ratio": 0.45825352832027283,
    "mean_row_norm": 0.27437220857034994,
    "std_row_norm": 0.2064943618450673,
    "mean_col_norm": 0.07111541381441192,
    "std_col_norm": 0.09774127743925831
  },
  "metrics_V_centered_global": {
    "frobenius": 29.67648492964005,
    "frobenius_sq": 880.6937577791531,
    "entropy_sv": 0.031383726864523995,
    "rank_tol": 32,
    "participation_ratio": 0.9915642579793275,
    "mean_row_norm": 5.246103949592982,
    "std_row_norm": 0.008697387873290201,
    "mean_col_norm": 1.4603087589056376,
    "std_col_norm": 1.1457908133292987
  },
  "metrics_V_centered_rowcol": {
    "frobenius": 1.9307479419129376,
    "frobenius_sq": 3.7277876152010445,
    "entropy_sv": 0.9542400323651659,
    "rank_tol": 31,
    "participation_ratio": 0.4584620599074394,
    "mean_row_norm": 0.2742828662400058,
    "std_row_norm": 0.2063814751931865,
    "mean_col_norm": 0.07218148757398574,
    "std_col_norm": 0.09689259922794079
  },
  "row_distance_raw": {
    "max_row_distance": 1.3404972072301302,
    "mean_row_distance": 0.4058139149076388,
    "median_row_distance": 0.31977735887098957
  },
  "row_distance_centered_past": {
    "max_row_distance": 1.3404972072301302,
    "mean_row_distance": 0.4058139149076388,
    "median_row_distance": 0.31977735887098957
  },
  "delta_norm_centered_past": 0.003675073284016413,
  "corr_weight_vs_centered_block_norm": -0.10167823489270669,
  "corr_terminated_early_vs_centered_block_norm": 0.6926513244809304,
  "summarize_weights": {
    "mean_weight_by_past": [
      1.1693845849657328e-09,
      2.1386819407167643e-09,
      1.214272928238843e-11,
      1.6756806279005933e-08,
      2.2252047150087166e-08,
      5.42498551974848e-06,
      3.5216941230615268e-09,
      4.193240825267438e-13,
      1.3428442223718036e-06,
      4.961819711090801e-10,
      2.719540396325571e-06,
      3.236728190611328e-09,
      4.975213376957799e-09,
      2.4328000066518177e-08,
      2.4404152349216795e-08,
      7.968505863851171e-08,
      4.7582578787270124e-11,
      2.619270533762639e-06,
      2.076509813363576e-08,
      2.6222909742977385e-08,
      3.272945017543603e-08,
      2.469538160631188e-07,
      1.4924952995177416e-07,
      1.1667993119765393e-10,
      2.5612451719078455e-06,
      7.425012193158649e-13,
      3.1786096100466885e-11,
      2.374854559669114e-10,
      7.233023085295225e-06,
      2.482600855086784e-09,
      2.5567881858430314e-08,
      1.8538873355548797e-11
    ],
    "mean_weight_by_future": [
      9.69269938510894e-07,
      9.697228882834394e-08,
      2.3117619778675904e-07,
      1.1343475894394427e-10,
      5.725199403617766e-07,
      2.58424727518139e-06,
      3.0666046475024526e-09,
      2.2847646648769252e-07,
      5.3818310381296744e-08,
      3.9622784970413894e-07,
      1.3631282270208272e-06,
      9.003172062967078e-08,
      1.0925223420549338e-06,
      8.468736030717739e-09,
      1.711235758026447e-08,
      4.837077178256547e-07,
      5.014244397393072e-07,
      6.190729089713331e-08,
      8.088989931747218e-07,
      9.356621176232509e-07,
      1.7901603941973545e-07,
      4.465252848875698e-08,
      3.672673077394637e-07,
      1.1077738059190578e-06,
      1.549489095863806e-06,
      9.194535833376873e-07,
      2.374121385259284e-07,
      7.193748899339824e-08,
      7.164603784165387e-06,
      1.781102922859365e-07,
      4.118407135655506e-08,
      2.2865715703184298e-07
    ]
  },
  "mean_centered_block_norm_by_past": [
    0.06814779157911756,
    0.017465397879602062,
    0.007913427645672672,
    0.03218026596640391,
    0.0630077332852036,
    0.02076636029647129,
    0.03990010167662319,
    0.07133948586729066,
    0.00859747309085513,
    0.06686980500408753,
    0.02318620567680818,
    0.11800559888026371,
    0.04871673848188951,
    0.03879761642447164,
    0.032593368417411415,
    0.02020003936380812,
    0.029418380969318588,
    0.024809601224451163,
    0.03291660350998117,
    0.01503016879875454,
    0.029570030228562576,
    0.04674792492112561,
    0.021848460969507343,
    0.036602215015638914,
    0.01801779013102019,
    0.09389356678800134,
    0.08131279673268027,
    0.05976360930844437,
    0.01052210280986111,
    0.04496843963897672,
    0.007763955656786762,
    0.018554546696676173
  ],
  "mean_centered_block_norm_by_future": [
    0.04730020700535064,
    0.038127238974601095,
    0.01559084368098871,
    0.10913409110371519,
    0.04757679637017243,
    0.03348318503487155,
    0.040236709555103334,
    0.03857020471741672,
    0.012830548548776084,
    0.05027123976052905,
    0.03775832785895554,
    0.04954413987013392,
    0.04811037496434588,
    0.0212130627682604,
    0.05331995034702378,
    0.04592598637401542,
    0.041066839474354966,
    0.05363342555349236,
    0.04600861037770271,
    0.016120081869580073,
    0.05547819195516986,
    0.05054006565865648,
    0.030379648003205573,
    0.0050965669889278765,
    0.02494627405122325,
    0.01649278697272714,
    0.04429901716559952,
    0.03288626655057392,
    0.04261140669591905,
    0.03903882976763504,
    0.03749529737755883,
    0.024341387539180654
  ],
  "weighted_variants": {
    "masked_lt_1e-12_thr1e-12": {
      "frobenius": 30.557816908028496,
      "frobenius_sq": 933.7801741845922,
      "entropy_sv": 0.1806100136434519,
      "rank_tol": 32,
      "participation_ratio": 0.9427047663656763,
      "mean_row_norm": 5.329972203347019,
      "std_row_norm": 0.8927098317380285,
      "mean_col_norm": 1.3336365945410407,
      "std_col_norm": 1.3697888963046043
    },
    "weighted_sqrt_thr1e-12": {
      "frobenius": 0.026750606216312964,
      "frobenius_sq": 0.0007155949329402418,
      "entropy_sv": 0.0034280715481107647,
      "rank_tol": 27,
      "participation_ratio": 0.9992843775619835,
      "mean_row_norm": 0.0024338829335178213,
      "std_row_norm": 0.004119324156319757,
      "mean_col_norm": 0.0009111075995377042,
      "std_col_norm": 0.0014045932578630983
    },
    "weighted_linear_thr1e-12": {
      "frobenius": 0.0001197983153394878,
      "frobenius_sq": 1.435163635817936e-08,
      "entropy_sv": 0.002637920894074555,
      "rank_tol": 4,
      "participation_ratio": 0.9994567166930081,
      "mean_row_norm": 8.287323493353152e-06,
      "std_row_norm": 1.9800525389174695e-05,
      "mean_col_norm": 2.59128059651641e-06,
      "std_col_norm": 7.038455758922661e-06
    },
    "masked_lt_1e-10_thr1e-10": {
      "frobenius": 27.233103906430237,
      "frobenius_sq": 741.6419483784258,
      "entropy_sv": 0.34476835198460587,
      "rank_tol": 30,
      "participation_ratio": 0.8813421103447994,
      "mean_row_norm": 4.442163938327786,
      "std_row_norm": 1.8853569339404042,
      "mean_col_norm": 1.1831313341814627,
      "std_col_norm": 1.2260141242419498
    },